timestamp_jst,timestamp_utc,deviceId,diff_pressure_Pa,unit_status1,1101,1102,1103,1104,1105,1106,1107,1108,1109,1110,1111,1112,1113,1114,1115,1116,1117,1118,1119,1150,1151,1152,1153,1154,1155,1156,1157,serial_number,1202,circulation_pressure_bar,gas_pressure_before_filter_Pa,gas_pressure_before_engine_Pa,1210,1212,1214,1216,1218,1220,1222,gasifier_top_temp_C,gas_temp_after_gasifier_C,gas_temp_before_filter_primary_C,gas_temp_before_filter_secondary_C,gasifier_throat_temp_C,1234,1236,1238,cooling_circ_temp_in_engine_C,engine,oil_pressure_bar,1246,1248,1250,1252,power_kW_IEM3255,produced_energy_EM1_Wh,1258,1260,1262,1264,throat_temp_high_limit_C,gasifier_top_temp_high_limit_C,gas_temp_after_gasifier_high_limit_C,gas_temp_before_filter_high_limit_C,filter_dp_high_limit_Pa,gas_pressure_before_filter_high_limit_Pa,gas_pressure_before_engine_high_limit_Pa,cooling_circ_temp_high_limit_C,oil_pressure_low_limit_bar,1284,1286,1288,1290,1292,1294,1296,1298,1300,1302,1304,1306,1308
2026-08-02T09:00:29.803000+09:00,2026-08-02T00:00:29.803000+00:00,094623,1041.3,1,0,0,0,0,13354,499,13354,0,0,0,0,4655,-28608,18518,518,4992,528,129,0,0,0,0,0,0,0,0,0,31082107,2018,0.42,200.51,1241.8,0,54,97.3,68.1,39.5,62,526.9,58,605.9,148.9,152.1,1043.7,360874,982,12.7,90.6,1490,2.69,0.99,23,36.5,60,10.68,12163247,71607,69.97,3404.49,0,1200,400,720,240,4200,7500,8500,102,1.5,6000,0,0,0,0,0,65.16,30,61.56,60.29,53.8,0,0
2026-08-02T09:01:29.904000+09:00,2026-08-02T00:01:29.904000+00:00,094623,1389.5,1,0,0,0,0,13354,499,13354,0,0,0,0,4651,-28608,10326,6,4992,0,129,0,0,0,0,0,0,0,0,0,31082107,2018,0.48,569.17,1958.68,0,53.7,97.1,68.8,39.6,61.6,524.1,55.3,603.3,141.3,143.9,1079.8,360874,982,12.63,91.6,1510,2.69,1.14,23.2,37.3,60,11.3,12163249,71607,59.63,3404.49,0,1200,400,720,240,4200,7500,8500,102,1.5,6000,0,0,0,0,0,68.26,30,59.01,64.17,53.8,0,0
2026-08-02T09:02:29.986000+09:00,2026-08-02T00:02:29.986000+00:00,094623,2228.5,1,0,0,0,0,13354,498,13354,0,0,0,0,4655,-28608,10326,6,4480,0,129,0,0,0,0,0,0,0,0,0,31082107,2018,0.51,1030.61,3259.07,0,53.7,99,68.6,39.7,61.2,517.7,55.6,609.4,145.9,148.8,1042,360874,982,12.64,90.4,1500,2.62,1.16,29.9,40.5,60,23.3,12163252,71607,73.25,3404.49,0,1200,400,720,240,4200,7500,8500,102,1.5,6000,0,0,0,0,0,76.47,30,72.9,70.62,53.8,0,0
2026-08-02T09:03:30.093000+09:00,2026-08-02T00:03:30.093000+00:00,094623,2208.9,1,0,0,0,0,13354,497,13354,0,0,0,0,4655,-28608,12374,6,4512,72,129,0,0,0,0,0,0,0,0,0,31082107,2018,0.43,834.07,3043,0,53.9,98.3,68.2,39.7,61.6,526.2,55.2,612.9,150.7,154.5,1049.8,360875,983,12.81,88.6,1500,2.62,1.15,29.4,41.7,60,24.22,12163256,71607,78.08,3404.49,0,1200,400,720,240,4200,7500,8500,102,1.5,6000,0,0,0,0,0,76.03,30,72.6,64.38,53.7,0,0
2026-08-02T09:04:30.194000+09:00,2026-08-02T00:04:30.194000+00:00,094623,2304.2,1,0,0,0,0,13354,497,13354,0,0,0,0,4655,-28608,10326,6,4480,0,129,0,0,0,0,0,0,0,0,0,31082107,2018,0.39,940.27,3244.42,0,53.9,96.9,67.5,39.8,61.7,527.7,58.1,612.7,150.9,154.4,1051,360875,983,12.61,89.3,1500,2.62,1.16,29.8,41.2,60,24.58,12163260,71607,71.89,3404.49,0,1200,400,720,240,4200,7500,8500,102,1.5,6000,0,0,0,0,0,73.74,30,67.44,64.66,53.8,0,0
2026-08-02T09:05:30.299000+09:00,2026-08-02T00:05:30.299000+00:00,094623,2301.7,1,0,0,0,0,13354,501,13354,0,0,0,0,4651,-28608,18518,6,4992,16,129,0,0,0,0,0,0,0,0,0,31082107,2018,0.47,952.48,3254.19,0,54,98.3,67.1,39.8,61.8,525.2,56.2,614.6,153.9,157.3,1049.9,360875,983,12.71,90.2,1510,2.65,1.11,27.5,36.5,60,21.22,12163264,71607,73.32,3404.49,0,1200,400,720,240,4200,7500,8500,102,1.5,6000,0,0,0,0,0,69.03,30,68.61,64.53,53.8,0,0
2026-08-02T09:06:30.393000+09:00,2026-08-02T00:06:30.393000+00:00,094623,1849.7,1,0,0,0,0,13354,518,13354,0,0,0,0,4655,-26560,10390,6,21376,0,129,0,0,0,0,0,0,0,0,0,31082107,2018,0.46,837.73,2687.46,0,53.9,97.1,68.2,39.8,61.8,524.8,56.7,605.2,142.9,145.6,1043.8,360875,983,12.73,91,1570,2.73,1.13,26.1,36.5,60,11.15,12163267,71607,66.25,3404.49,0,1200,400,720,240,4200,7500,8500,102,1.5,6000,0,0,0,0,0,68.91,30,62.23,65.17,53.8,0,0
2026-08-02T09:07:30.498000+09:00,2026-08-02T00:07:30.498000+00:00,094623,1428.6,1,0,0,0,0,13354,492,13354,0,0,0,0,4655,-28608,10326,6,4480,0,129,0,0,0,0,0,0,0,0,0,31082107,2018,0.44,594.81,2023.38,0,53.8,98,68.6,39.9,61.4,523.2,55.4,602.3,139.8,142.2,1077,360875,983,12.64,91,1480,2.65,1.16,23.7,38.2,60,11.43,12163269,71607,63.19,3404.49,0,1200,400,720,240,4200,7500,8500,102,1.5,6000,0,0,0,0,0,68.52,30,61.41,64.52,53.8,0,0
2026-08-02T09:08:30.617000+09:00,2026-08-02T00:08:30.617000+00:00,094623,2246.8,1,0,0,0,0,13354,497,13354,0,0,0,0,4655,-28608,12390,6,12708,72,129,0,0,0,0,0,0,0,0,0,31082107,2018,0.49,901.21,3147.98,0,53.8,99.2,68.2,39.9,61.3,522.6,55.1,611.8,149,152.4,1056.1,360875,983,12.61,89.6,1500,2.62,1.14,29.7,40.8,60,24,12163272,71607,72.43,3404.5,0,1200,400,720,240,4200,7500,8500,102,1.5,6000,0,0,0,0,0,75.49,30,73.5,68.23,53.8,0,0
2026-08-02T09:09:30.715000+09:00,2026-08-02T00:09:30.715000+00:00,094623,2306.6,1,0,0,0,0,13354,498,13354,0,0,0,0,4655,-28608,10326,6,4480,0,129,0,0,0,0,0,0,0,0,0,31082107,2018,0.46,952.48,3259.07,0,53.8,98.5,68,40,61.5,525.5,57.7,613,151.5,155.1,1042.7,360876,984,12.76,89.1,1500,2.62,1.15,29.9,41,60,24.62,12163276,71607,75.24,3404.5,0,1200,400,720,240,4200,7500,8500,102,1.5,6000,0,0,0,0,0,75.15,30,72.95,65.76,53.9,0,0
2026-08-02T09:10:30.812000+09:00,2026-08-02T00:10:30.812000+00:00,094623,2453.1,1,0,0,0,0,13354,496,13354,0,0,0,0,4655,-26560,18518,6,4481,0,129,0,0,0,0,0,0,0,0,0,31082107,2018,0.46,1046.48,3499.56,0,53.9,98,67.8,40,61.8,525.4,56.6,615,154,157.7,1055,360876,984,12.69,89.3,1500,2.61,1.16,30.1,39.8,60,24.46,12163280,71607,75.72,3404.5,0,1200,400,720,240,4200,7500,8500,102,1.5,6000,0,0,0,0,0,74.28,30,71.75,64.97,53.9,0,0
2026-08-02T09:11:30.920000+09:00,2026-08-02T00:11:30.920000+00:00,094623,2575.2,1,0,0,0,0,13354,497,13354,0,0,0,0,4651,-28608,10326,6,4992,0,129,0,0,0,0,0,0,0,0,0,31082107,2018,0.44,1125.83,3700.98,0,54.1,97.5,67.7,40,62.1,524.1,54.4,615.4,156.6,160.3,1051,360876,984,12.87,89.5,1510,2.61,1.16,30.5,39.4,60,24.4,12163284,71607,74.92,3404.5,0,1200,400,720,240,4200,7500,8500,102,1.5,6000,0,0,0,0,0,73.44,30,69.77,64.58,53.9,0,0
2026-08-02T09:12:31.030000+09:00,2026-08-02T00:12:31.030000+00:00,094623,1351.7,1,0,0,0,0,13354,491,13354,0,0,0,0,4651,-28608,10326,6,4992,0,129,0,0,0,0,0,0,0,0,0,31082107,2018,0.47,545.98,1897.64,0,54,97.2,68.1,40,62,526.9,54.4,606.3,146.2,149.1,1048.1,360876,984,12.82,90,1470,2.64,1.09,22.3,35.7,60,11.48,12163287,71607,62.72,3404.5,0,1200,400,720,240,4200,7500,8500,102,1.5,6000,0,0,0,0,0,66.38,30,60.19,57.62,53.9,0,0
2026-08-02T09:13:31.181000+09:00,2026-08-02T00:13:31.181000+00:00,094623,1328.5,1,0,0,0,0,13354,493,13354,0,0,0,0,4651,-28608,12374,6,5024,72,129,0,0,0,0,0,0,0,0,0,31082107,2018,0.46,613.12,1941.59,0,53.7,97.3,68.4,40.1,61.5,523.3,56.7,601.3,140,142.2,1022,360876,984,12.75,92.8,1480,2.67,1.06,21.9,34.6,60,11.41,12163289,71607,61.51,3404.5,0,1200,400,720,240,4200,7500,8500,102,1.5,6000,0,0,0,0,0,67.68,30,58.85,68.36,53.9,0,0
2026-08-02T09:14:31.218000+09:00,2026-08-02T00:14:31.218000+00:00,094623,2497.0,1,0,0,0,0,13354,497,13354,0,0,0,0,4651,-28608,10326,6,4480,0,129,0,0,0,0,0,0,0,0,0,31082107,2018,0.47,1337.02,3834.04,0,53.8,99.6,68.2,40.1,61.3,517.5,56.8,609,148.3,151.3,1032.2,360876,984,12.76,89,1500,2.63,1.16,30.6,38.2,60,24.37,12163292,71607,72.1,3404.5,0,1200,400,720,240,4200,7500,8500,102,1.5,6000,0,0,0,0,0,75.74,30,74.51,66.16,53.9,0,0
2026-08-02T09:15:31.330000+09:00,2026-08-02T00:15:31.330000+00:00,094623,2366.4,1,0,0,0,0,13354,496,13354,0,0,0,0,4651,-28608,10326,6,4480,0,129,0,0,0,0,0,0,0,0,0,31082107,2018,0.42,973.23,3339.64,0,53.9,97.8,68,40.1,61.8,525.2,55.5,611.6,152.8,156.4,1057.4,360877,985,12.77,88.6,1500,2.61,1.15,29.9,40.4,60,24.47,12163296,71607,74.49,3404.5,0,1200,400,720,240,4200,7500,8500,102,1.5,6000,0,0,0,0,0,75.37,30,70.58,62.8,53.9,0,0
2026-08-02T09:16:31.440000+09:00,2026-08-02T00:16:31.440000+00:00,094623,2305.4,1,0,0,0,0,13354,496,13354,0,0,0,0,4651,-28608,10326,6,4480,0,129,0,0,0,0,0,0,0,0,0,31082107,2018,0.45,945.16,3250.53,0,53.9,97.6,67.8,40.1,62,528.3,54.4,610.1,153.5,157.2,1048.3,360877,985,12.84,89.9,1500,2.6,1.14,29.4,40.3,60,24.49,12163300,71607,70.77,3404.5,0,1200,400,720,240,4200,7500,8500,102,1.5,6000,0,0,0,0,0,74.6,30,68.88,65.71,53.9,0,0
2026-08-02T09:17:31.589000+09:00,2026-08-02T00:17:31.589000+00:00,094623,2434.8,1,0,0,0,0,13354,497,13354,0,0,0,0,4651,-28608,10326,6,4480,0,129,0,0,0,0,0,0,0,0,0,31082107,2018,0.48,965.91,3400.68,0,54,98.5,67.7,40.1,62,528.7,54.3,604.7,152.9,156.4,1040,360877,985,12.8,91,1500,2.61,1.16,30,40.6,60,24.47,12163304,71607,75.14,3404.5,0,1200,400,720,240,4200,7500,8500,102,1.5,6000,0,0,0,0,0,73.91,30,71.83,69.85,53.9,0,0
2026-08-02T09:18:31.678000+09:00,2026-08-02T00:18:31.678000+00:00,094623,2461.6,1,0,0,0,0,13354,498,13354,0,0,0,0,4651,-28608,12374,6,4512,8,129,0,0,0,0,0,0,0,0,0,31082107,2018,0.47,995.21,3456.83,0,54.1,99,67.7,40.1,62.1,529.2,54.7,614.4,153.9,157.5,1051.6,360877,985,12.38,90.1,1500,2.62,1.15,29.7,40,60,24.29,12163308,71607,78.09,3404.51,0,1200,400,720,240,4200,7500,8500,102,1.5,6000,0,0,0,0,0,73.46,30,74.37,68.27,53.9,0,0
2026-08-02T09:19:31.767000+09:00,2026-08-02T00:19:31.767000+00:00,094623,1771.6,1,0,0,0,0,13354,500,13354,0,0,0,0,4655,-28608,10326,6,4992,0,129,0,0,0,0,0,0,0,0,0,31082107,2018,0.4,611.9,2383.5,0,54.3,98.1,67.9,40.1,62.3,529.4,53.9,615.2,152.6,156.3,1072.6,360877,985,12.56,89.4,1510,2.68,1.11,23.8,35.5,60,13.14,12163312,71607,75.68,3404.51,0,1200,400,720,240,4200,7500,8500,102,1.5,6000,0,0,0,0,0,66.74,30,65.73,58.4,53.9,0,0
2026-08-02T09:20:31.871000+09:00,2026-08-02T00:20:31.871000+00:00,094623,1290.6,1,0,0,0,0,13354,497,13354,0,0,0,0,4651,-28608,10326,6,4992,0,129,0,0,0,0,0,0,0,0,0,31082107,2018,0.48,569.17,1859.8,0,54.1,96.4,68.5,40.2,61.9,523.7,54,607.7,142.7,145.2,1063.3,360877,985,12.15,90.9,1480,2.67,1.06,21.8,34.6,60,11.45,12163314,71607,59.76,3404.51,0,1200,400,720,240,4200,7500,8500,102,1.5,6000,0,0,0,0,0,67.85,30,57.88,61.71,53.9,0,0
2026-08-02T09:21:31.958000+09:00,2026-08-02T00:21:31.958000+00:00,094623,1824.1,1,0,0,0,0,13354,495,13354,0,0,0,0,4655,-28608,10326,590,4480,8192,129,0,0,0,0,0,0,0,0,0,31082107,2018,0.47,824.3,2648.4,0,54,98.2,68.6,40.3,61.5,520.3,54.6,606.8,140.4,142.8,1022.4,360878,986,12.61,90.8,1490,2.6,1.18,28.3,42.6,60,20.67,12163316,71607,71.32,3404.51,0,1200,400,720,240,4200,7500,8500,102,1.5,6000,0,0,0,0,0,75.08,30,68.32,70.36,53.9,0,0
2026-08-02T09:22:32.049000+09:00,2026-08-02T00:22:32.049000+00:00,094623,2179.6,1,0,0,0,0,13354,497,13354,0,0,0,0,4651,-28608,10326,6,4480,0,129,0,0,0,0,0,0,0,0,0,31082107,2018,0.45,881.68,3061.31,0,54.1,99.1,68,40.3,61.5,525.5,54.2,612.1,149.4,152.7,1024.8,360878,986,12.69,88.6,1500,2.62,1.15,29.7,41.9,60,24.46,12163320,71607,75.16,3404.51,0,1200,400,720,240,4200,7500,8500,102,1.5,6000,0,0,0,0,0,75.69,30,74.31,64.7,53.9,0,0
2026-08-02T09:23:32.179000+09:00,2026-08-02T00:23:32.179000+00:00,094623,2291.9,1,0,0,0,0,13354,496,13354,0,0,0,0,4655,-28608,12374,6,4480,0,129,0,0,0,0,0,0,0,0,0,31082107,2018,0.44,970.79,3262.73,0,54.2,97.5,67.7,40.3,61.8,527.4,54.1,611.5,152,155.4,1043.4,360878,986,12.64,88.8,1500,2.61,1.15,29.7,40.9,60,24.3,12163324,71607,73.21,3404.51,0,1200,400,720,240,4200,7500,8500,102,1.5,6000,0,0,0,0,0,74.55,30,69.88,62.96,54,0,0
2026-08-02T09:24:32.266000+09:00,2026-08-02T00:24:32.266000+00:00,094623,2519.0,1,0,0,0,0,13354,503,13354,0,0,0,0,4651,-28608,10326,6,4992,0,129,0,0,0,0,0,0,0,0,0,31082107,2018,0.43,1105.08,3624.07,0,54.2,97.3,67.4,40.3,62.1,523.6,52.7,611.8,156,159.6,1041,360878,986,12.81,89.9,1520,2.65,1.13,29.3,37.7,60,24.02,12163328,71607,73.79,3404.51,0,1200,400,720,240,4200,7500,8500,102,1.5,6000,0,0,0,0,0,72.21,30,67.42,64.66,54,0,0
2026-08-02T09:25:32.379000+09:00,2026-08-02T00:25:32.379000+00:00,094623,1417.6,1,0,0,0,0,13354,496,13354,0,0,0,0,4655,-28608,10390,6,21376,0,129,0,0,0,0,0,0,0,0,0,31082107,2018,0.45,593.58,2011.17,0,54.1,97.4,68,40.4,62.1,527.2,54.3,604.9,145.1,148,1029,360878,986,12.67,91.1,1500,2.65,1.13,23,36.9,60,11.26,12163331,71607,65.97,3404.51,0,1200,400,720,240,4200,7500,8500,102,1.5,6000,0,0,0,0,0,66.18,30,59.91,61.42,54,0,0
2026-08-02T09:26:32.480000+09:00,2026-08-02T00:26:32.480000+00:00,094623,1402.9,1,0,0,0,0,13354,494,13354,0,0,0,0,4651,-28608,10326,6,4992,0,129,0,0,0,0,0,0,0,0,0,31082107,2018,0.45,571.61,1974.55,0,53.9,97.4,68.4,40.5,61.6,524.1,55.1,600.7,140.4,142.9,1036.8,360878,986,12.64,91.3,1490,2.65,1.13,23.1,36.8,60,11.19,12163333,71607,66.07,3404.52,0,1200,400,720,240,4200,7500,8500,102,1.5,6000,0,0,0,0,0,67.81,30,58.52,64.08,54,0,0
2026-08-02T09:27:32.570000+09:00,2026-08-02T00:27:32.570000+00:00,094623,2333.4,1,0,0,0,0,13354,496,13354,0,0,0,0,4655,-28608,10342,6,12676,0,129,0,0,0,0,0,0,0,0,0,31082107,2018,0.5,963.47,3296.91,0,53.8,99.3,68.2,40.5,61.5,519.5,55,607.3,149.6,153,1034.5,360879,987,12.3,89.7,1500,2.61,1.14,29.9,39.8,60,24.28,12163336,71607,70.33,3404.52,0,1200,400,720,240,4200,7500,8500,102,1.5,6000,0,0,0,0,0,75.67,30,73.18,67.83,54,0,0
2026-08-02T09:28:32.678000+09:00,2026-08-02T00:28:32.678000+00:00,094623,2179.6,1,0,0,0,0,13354,496,13354,0,0,0,0,4651,-28608,10326,6,4480,528,129,0,0,0,0,0,0,0,0,0,31082107,2018,0.45,820.64,3000.27,0,53.9,98.3,68,40.5,61.8,528.4,53.6,612.3,151.7,155.4,1042.7,360879,987,12.69,89.5,1500,2.6,1.15,29.4,42.2,60,24.35,12163340,71607,75.44,3404.52,0,1200,400,720,240,4200,7500,8500,102,1.5,6000,0,0,0,0,0,75.17,30,71.64,66.63,53.9,0,0
2026-08-02T09:29:32.782000+09:00,2026-08-02T00:29:32.782000+00:00,094623,2418.9,1,0,0,0,0,13354,496,13354,0,0,0,0,4651,-28608,10326,6,4480,0,129,0,0,0,0,0,0,0,0,0,31082107,2018,0.45,956.14,3375.04,0,53.9,97.4,67.7,40.6,61.9,527.1,54.5,616.6,153.8,157.5,1048.1,360879,987,12.63,89.6,1500,2.6,1.15,30.1,40.8,60,24.47,12163344,71607,74.89,3404.52,0,1200,400,720,240,4200,7500,8500,102,1.5,6000,0,0,0,0,0,74.07,30,68.59,66.32,54.5,0,0
2026-08-02T09:30:32.890000+09:00,2026-08-02T00:30:32.890000+00:00,094623,2091.7,1,0,0,0,0,13354,502,13354,0,0,0,0,4651,-28608,10326,6,4992,0,129,0,0,0,0,0,0,0,0,0,31082107,2018,0.45,803.55,2895.29,0,54,97.9,67.5,40.5,62.1,527.1,53.5,616.1,155.8,159.7,1044,360879,987,12.77,89.8,1510,2.66,1.1,25.9,35.5,60,17.72,12163348,71607,74.24,3404.52,0,1200,400,720,240,4200,7500,8500,102,1.5,6000,0,0,0,0,0,68.37,30,64.98,62.14,54.5,0,0
2026-08-02T09:31:32.976000+09:00,2026-08-02T00:31:32.976000+00:00,094623,1340.7,1,0,0,0,0,13354,491,13354,0,0,0,0,4651,-28608,10326,6,4992,0,129,0,0,0,0,0,0,0,0,0,31082107,2018,0.46,554.52,1895.2,0,53.9,97.4,68.2,40.6,61.9,525.9,55.2,602.2,144.1,146.7,1059,360879,987,12.76,90.3,1480,2.63,1.1,22.6,36.6,60,11.17,12163350,71607,62.65,3404.52,0,1200,400,720,240,4200,7500,8500,102,1.5,6000,0,0,0,0,0,66.47,30,59.67,60,54.5,0,0
2026-08-02T09:32:33.083000+09:00,2026-08-02T00:32:33.083000+00:00,094623,1576.3,1,0,0,0,0,13354,494,13354,0,0,0,0,4655,-28608,10326,6,4480,0,129,0,0,0,0,0,0,0,0,0,31082107,2018,0.49,602.13,2178.41,0,53.7,97.8,68.5,40.6,61.5,523.2,56.1,605.3,139.6,142,1056.2,360879,987,12.75,91.7,1490,2.62,1.18,25.5,40.8,60,15.31,12163352,71607,62.96,3404.52,0,1200,400,720,240,4200,7500,8500,102,1.5,6000,0,0,0,0,0,70.55,30,62.51,68.31,54.5,0,0
2026-08-02T09:33:33.186000+09:00,2026-08-02T00:33:33.186000+00:00,094623,2383.5,1,0,0,0,0,13354,496,13354,0,0,0,0,4651,-28608,18518,6,4480,528,129,0,0,0,0,0,0,0,0,0,31082107,2018,0.48,1036.71,3420.21,0,53.8,99.8,68.1,40.6,61.3,522.4,54.4,611,149.5,152.8,1068.1,360880,988,12.92,88.7,1500,2.61,1.15,30.2,40,60,24.33,12163356,71607,78.47,3404.52,0,1200,400,720,240,4200,7500,8500,102,1.5,6000,0,0,0,0,0,75.27,30,75,65.37,54.6,0,0
2026-08-02T09:34:33.268000+09:00,2026-08-02T00:34:33.268000+00:00,094623,2390.8,1,0,0,0,0,13354,499,13354,0,0,0,0,4651,-28608,10326,6,4480,0,129,0,0,0,0,0,0,0,0,0,31082107,2018,0.43,972.01,3362.83,0,53.8,97.5,68,40.6,61.7,525.2,52.8,613.3,153.9,157.5,1037.9,360880,988,12.55,89,1510,2.62,1.14,29.9,40.2,60,24.58,12163360,71607,75.28,3404.52,0,1200,400,720,240,4200,7500,8500,102,1.5,6000,0,0,0,0,0,75.25,30,69.62,64.47,54.6,0,0
2026-08-02T09:35:33.402000+09:00,2026-08-02T00:35:33.402000+00:00,094623,2508.0,1,0,0,0,0,13354,496,13354,0,0,0,0,4655,-28608,10326,6,4480,0,129,0,0,0,0,0,0,0,0,0,31082107,2018,0.45,1178.32,3686.33,0,54,97.6,67.8,40.6,62,525.1,53.5,610.8,156.3,160.2,1043.5,360880,988,12.64,89.8,1490,2.6,1.17,30.3,39.3,60,24.4,12163364,71607,72.83,3404.53,0,1200,400,720,240,4200,7500,8500,102,1.5,6000,0,0,0,0,0,74.26,30,68.57,65.91,54.6,0,0
2026-08-02T09:36:33.441000+09:00,2026-08-02T00:36:33.441000+00:00,094623,1479.8,1,0,0,0,0,13354,511,13354,0,0,0,0,4655,-26560,8278,6,4992,8,129,0,0,0,0,0,0,0,0,0,31082107,2018,0.43,598.47,2078.31,0,54.2,98.2,67.9,40.6,62.3,524.2,55,608.7,151,154.5,1060.6,360880,988,12.73,90.4,1520,2.74,1.02,21.6,32.5,60,12.05,12163367,71607,73.35,3404.53,0,1200,400,720,240,4200,7500,8500,102,1.5,6000,0,0,0,0,0,66.41,30,62.99,60.28,54.6,0,0
2026-08-02T09:37:33.529000+09:00,2026-08-02T00:37:33.529000+00:00,094623,1335.8,1,0,0,0,0,13354,514,13354,0,0,0,0,4655,-28608,10326,6,4992,0,129,0,0,0,0,0,0,0,0,0,31082107,2018,0.46,578.94,1914.73,0,53.9,97.1,68.3,40.7,61.8,522.4,53.3,602.5,141.8,144.4,1024,360880,988,12.55,91.1,1540,2.79,1.04,21.8,34.2,60,12.96,12163369,71607,62.38,3404.53,0,1200,400,720,240,4200,7500,8500,102,1.5,6000,0,0,0,0,0,67.87,30,58.64,63.6,54.6,0,0
2026-08-02T09:38:33.610000+09:00,2026-08-02T00:38:33.610000+00:00,094623,2193.1,1,0,0,0,0,13354,495,13354,0,0,0,0,4651,-28608,18518,6,4480,528,129,0,0,0,0,0,0,0,0,0,31082107,2018,0.52,1011.08,3204.14,0,53.8,98.6,68.2,40.8,61.4,518.3,52.3,603.1,143.7,146.5,1037.2,360880,988,12.75,90.5,1500,2.62,1.18,30,41.3,60,23.46,12163372,71607,64.74,3404.53,0,1200,400,720,240,4200,7500,8500,102,1.5,6000,0,0,0,0,0,75.27,30,70.08,70.26,54.6,0,0
2026-08-02T09:39:33.719000+09:00,2026-08-02T00:39:33.719000+00:00,094623,2245.6,1,0,0,0,0,13354,499,13354,0,0,0,0,4655,-28608,10326,6,4480,0,129,0,0,0,0,0,0,0,0,0,31082107,2018,0.47,993.99,3239.54,0,54,99,67.9,40.7,61.6,526.3,53.9,610,152,155.8,1032.9,360881,989,12.63,89.2,1510,2.61,1.15,29.7,40.9,60,24.63,12163376,71607,76.44,3404.53,0,1200,400,720,240,4200,7500,8500,102,1.5,6000,0,0,0,0,0,75.02,30,73.65,66.42,54.6,0,0
2026-08-02T09:40:33.811000+09:00,2026-08-02T00:40:33.811000+00:00,094623,2389.6,1,0,0,0,0,13354,498,13354,0,0,0,0,4651,-28608,10326,6,4480,0,129,0,0,0,0,0,0,0,0,0,31082107,2018,0.46,940.27,3329.87,0,54.1,98,67.6,40.8,61.9,526.7,53.2,609.6,154.1,157.9,1016.3,360881,989,12.82,89,1500,2.62,1.15,30.1,40.9,60,24.46,12163380,71607,75.99,3404.53,0,1200,400,720,240,4200,7500,8500,102,1.5,6000,0,0,0,0,0,73.76,30,71.32,64.39,54.7,0,0
2026-08-02T09:41:33.907000+09:00,2026-08-02T00:41:33.907000+00:00,094623,2373.7,1,0,0,0,0,13354,496,13354,0,0,0,0,4655,-26560,12374,6,4512,72,129,0,0,0,0,0,0,0,0,0,31082107,2018,0.46,1003.75,3377.48,0,54.2,97.6,67.4,40.7,62.1,527.9,52.5,609.7,155.7,159.4,1032.1,360881,989,12.63,89.5,1490,2.61,1.16,29.8,40.3,60,24.6,12163384,71607,73.77,3404.53,0,1200,400,720,240,4200,7500,8500,102,1.5,6000,0,0,0,0,0,72.28,30,69.68,64.9,54.7,0,0
2026-08-02T09:42:34.001000+09:00,2026-08-02T00:42:34.001000+00:00,094623,2338.3,1,0,0,0,0,13354,500,13354,0,0,0,0,4655,-28608,10390,6,21376,0,129,0,0,0,0,0,0,0,0,0,31082107,2018,0.47,937.83,3276.16,0,54.3,97.6,67.5,40.8,62.4,527.3,52.1,613.6,157.5,161.6,1046.4,360881,989,12.73,90,1510,2.64,1.11,27.6,36.6,60,21.52,12163388,71607,73.72,3404.53,0,1200,400,720,240,4200,7500,8500,102,1.5,6000,0,0,0,0,0,69.5,30,66.7,63.59,54.6,0,0
2026-08-02T09:43:34.109000+09:00,2026-08-02T00:43:34.109000+00:00,094623,1802.1,1,0,0,0,0,13354,487,13354,0,0,0,0,4651,-28608,18518,6,4992,528,129,0,0,0,0,0,0,0,0,0,31082107,2018,0.46,847.5,2649.62,0,54.2,97.5,68.4,40.8,62.3,526,52.3,600.4,146.1,149.3,1033.2,360881,989,12.77,91.7,1550,2.6,1.16,26.2,37,60,10.12,12163390,71607,64.79,3404.54,0,1200,400,720,240,4200,7500,8500,102,1.5,6000,0,0,0,0,0,66.29,30,60.26,64.22,54.7,0,0
2026-08-02T09:44:34.208000+09:00,2026-08-02T00:44:34.208000+00:00,094623,1466.4,1,0,0,0,0,13354,494,13354,0,0,0,0,4651,-26560,10390,6,20864,0,129,0,0,0,0,0,0,0,0,0,31082107,2018,0.45,591.14,2057.56,0,54.1,98,68.8,40.9,61.9,522.5,53.5,599.1,143.3,146,1031.9,360881,989,12.67,90.6,1490,2.65,1.14,23.7,37.5,60,11.56,12163392,71607,64.85,3404.54,0,1200,400,720,240,4200,7500,8500,102,1.5,6000,0,0,0,0,0,68.96,30,61.31,63.62,54.7,0,0
2026-08-02T09:45:34.385000+09:00,2026-08-02T00:45:34.385000+00:00,094623,2232.1,1,0,0,0,0,13354,497,13354,0,0,0,0,4655,-26560,10326,6,4480,0,129,0,0,0,0,0,0,0,0,0,31082107,2018,0.47,995.21,3227.33,0,54.1,98.9,68.3,41,61.8,522.9,53.3,607.4,150.7,154.1,1027.4,360882,990,12.75,89.3,1500,2.61,1.15,29.8,41,60,24.44,12163396,71607,70.33,3404.54,0,1200,400,720,240,4200,7500,8500,102,1.5,6000,0,0,0,0,0,75.99,30,72.82,66.77,54.7,0,0
2026-08-02T09:46:34.479000+09:00,2026-08-02T00:46:34.479000+00:00,094623,2484.8,1,0,0,0,0,13354,496,13354,0,0,0,0,4655,-28608,12390,6,12708,72,129,0,0,0,0,0,0,0,0,0,31082107,2018,0.47,1028.17,3512.99,0,54.2,98.5,67.8,40.9,62.1,523.8,53.5,610.8,155,158.8,1077.5,360882,990,12.71,89.7,1500,2.62,1.15,30.2,39.4,60,24.36,12163400,71607,73.57,3404.54,0,1200,400,720,240,4200,7500,8500,102,1.5,6000,0,0,0,0,0,74.6,30,72.67,67.22,54.7,0,0
2026-08-02T09:47:34.572000+09:00,2026-08-02T00:47:34.572000+00:00,094623,2278.5,1,0,0,0,0,13354,496,13354,0,0,0,0,4655,-28608,10326,6,4480,0,129,0,0,0,0,0,0,0,0,0,31082107,2018,0.49,870.69,3149.2,0,54.2,98.5,67.7,40.9,62.3,529.2,54.4,614.1,156.1,160,1045.5,360882,990,12.47,90.2,1500,2.6,1.14,29.4,41.1,60,24.54,12163404,71607,75.03,3404.54,0,1200,400,720,240,4200,7500,8500,102,1.5,6000,0,0,0,0,0,73.82,30,73.39,68.61,54.7,0,0
2026-08-02T09:48:34.676000+09:00,2026-08-02T00:48:34.676000+00:00,094623,2385.9,1,0,0,0,0,13354,497,13354,0,0,0,0,4651,-28608,18518,6,4480,528,129,0,0,0,0,0,0,0,0,0,31082107,2018,0.47,961.03,3346.96,0,54.3,98.1,67.6,40.9,62.4,529.2,52.7,615.9,155.7,159.5,1034.6,360882,990,12.65,90.3,1500,2.6,1.16,29.8,40.8,60,24.41,12163408,71607,75.64,3404.54,0,1200,400,720,240,4200,7500,8500,102,1.5,6000,0,0,0,0,0,73.12,30,72.81,69.47,54.7,0,0
2026-08-02T09:49:34.771000+09:00,2026-08-02T00:49:34.771000+00:00,094623,2411.6,1,0,0,0,0,13354,504,13354,0,0,0,0,4651,-28608,10326,6,4992,0,129,0,0,0,0,0,0,0,0,0,31082107,2018,0.47,970.79,3382.37,0,54.4,98,67.7,40.9,62.6,527.2,54.7,612.2,157.5,161.2,1052.4,360882,990,12.93,90.1,1520,2.64,1.12,28.3,37.4,60,22.87,12163412,71607,75.55,3404.54,0,1200,400,720,240,4200,7500,8500,102,1.5,6000,0,0,0,0,0,71.49,30,71.2,67.88,54.7,0,0
2026-08-02T09:50:34.859000+09:00,2026-08-02T00:50:34.859000+00:00,094623,1216.2,1,0,0,0,0,13354,498,13354,0,0,0,0,4651,-28608,10326,6,4992,0,129,0,0,0,0,0,0,0,0,0,31082107,2018,0.42,244.45,1460.62,0,54.2,96.6,68.4,41,62.4,530,54.4,604.5,145.5,148.3,1020.7,360882,990,12.2,90,1480,2.66,0.83,23,38.8,60,11.38,12163415,71607,66.79,3404.54,0,1200,400,720,240,4200,7500,8500,102,1.5,6000,0,0,0,0,0,66.82,30,59.61,60.9,54.8,0,0
2026-08-02T09:51:34.952000+09:00,2026-08-02T00:51:34.952000+00:00,094623,1335.8,1,0,0,0,0,13354,498,13354,0,0,0,0,4651,-28608,12374,6,5024,72,129,0,0,0,0,0,0,0,0,0,31082107,2018,0.48,517.9,1853.69,0,53.9,97.4,68.6,41.1,61.8,527.4,56.4,600.5,140,142.4,1010.7,360883,991,12.69,91.2,1500,2.65,1.14,22.9,38.1,60,11.26,12163417,71607,60.93,3404.55,0,1200,400,720,240,4200,7500,8500,102,1.5,6000,0,0,0,0,0,68.33,30,60.16,64.85,54.8,0,0
2026-08-02T09:52:35.050000+09:00,2026-08-02T00:52:35.050000+00:00,094623,2385.9,1,0,0,0,0,13354,496,13354,0,0,0,0,4651,-28608,10326,6,4480,0,129,0,0,0,0,0,0,0,0,0,31082107,2018,0.5,1063.57,3449.51,0,53.9,99.1,68.2,41.1,61.6,520.9,55.6,610.6,150.1,153.6,1022.6,360883,991,12.61,89.5,1500,2.61,1.15,30,39.6,60,24.42,12163420,71607,75.58,3404.55,0,1200,400,720,240,4200,7500,8500,102,1.5,6000,0,0,0,0,0,75.77,30,73.66,68.74,54.8,0,0
2026-08-02T09:53:35.148000+09:00,2026-08-02T00:53:35.148000+00:00,094623,2410.3,1,0,0,0,0,13354,496,13354,0,0,0,0,4651,-28608,18518,6,4480,528,129,0,0,0,0,0,0,0,0,0,31082107,2018,0.45,978.12,3388.47,0,54.1,98.1,68.2,41.1,62,525.7,53.8,610.9,153.6,157.2,1043.7,360883,991,12.87,88.7,1500,2.61,1.16,30.1,40.4,60,24.49,12163424,71607,74.71,3404.55,0,1200,400,720,240,4200,7500,8500,102,1.5,6000,0,0,0,0,0,76.07,30,72.08,64.49,54.8,0,0
2026-08-02T09:54:35.243000+09:00,2026-08-02T00:54:35.243000+00:00,094623,1959.6,1,0,0,0,0,13354,501,13354,0,0,0,0,4651,-28608,10326,6,4992,0,129,0,0,0,0,0,0,0,0,0,31082107,2018,0.41,729.09,2688.68,0,54.2,97.5,67.7,41.1,62.4,524.7,53.8,611.9,156.1,160.1,1067.9,360883,991,12.52,89.5,1510,2.67,1.11,24.7,34.1,60,14.25,12163428,71607,72.48,3404.55,0,1200,400,720,240,4200,7500,8500,102,1.5,6000,0,0,0,0,0,68.19,30,63.09,59.3,54.8,0,0
2026-08-02T09:55:35.355000+09:00,2026-08-02T00:55:35.355000+00:00,094623,1671.5,1,0,0,0,0,13354,521,13354,0,0,0,0,4651,-28608,10326,6,4992,0,129,0,0,0,0,0,0,0,0,0,31082107,2018,0.47,737.63,2409.13,0,54,96.9,68,41.1,62.2,521.1,58.3,604.7,144.8,147.7,1029.2,360883,991,12.75,90.9,1570,2.8,1.07,24.2,35.2,60,14.94,12163430,71607,62.17,3404.55,0,1200,400,720,240,4200,7500,8500,102,1.5,6000,0,0,0,0,0,69.76,30,61.56,64.68,54.8,0,0
2026-08-02T09:56:35.461000+09:00,2026-08-02T00:56:35.461000+00:00,094623,1930.3,1,0,0,0,0,13354,494,13354,0,0,0,0,4651,-28608,12374,6,4512,72,129,0,0,0,0,0,0,0,0,0,31082107,2018,0.49,798.67,2728.96,0,53.9,97.8,68.2,41.2,61.7,518.1,55.7,604.3,142.4,145.1,1012.1,360883,991,12.7,90.8,1490,2.6,1.19,27.9,41,60,18.51,12163432,71607,65.36,3404.55,0,1200,400,720,240,4200,7500,8500,102,1.5,6000,0,0,0,0,0,72.92,30,65,68.95,54.8,0,0
2026-08-02T09:57:35.553000+09:00,2026-08-02T00:57:35.553000+00:00,094623,2259.0,1,0,0,0,0,13354,496,13354,0,0,0,0,4655,-28608,10326,6,4480,0,129,0,0,0,0,0,0,0,0,0,31082107,2018,0.46,847.5,3106.48,0,54.1,99.2,67.9,41.2,61.9,523.9,56.3,609.7,152.3,155.9,1043.2,360884,992,12.57,89.2,1500,2.61,1.14,29.5,41.4,60,24.46,12163436,71607,75.13,3404.55,0,1200,400,720,240,4200,7500,8500,102,1.5,6000,0,0,0,0,0,75.13,30,73.76,66.69,54.8,0,0
2026-08-02T09:58:35.658000+09:00,2026-08-02T00:58:35.658000+00:00,094623,2381.1,1,0,0,0,0,13354,497,13354,0,0,0,0,4651,-28608,18518,6,4480,528,129,0,0,0,0,0,0,0,0,0,31082107,2018,0.42,978.12,3359.17,0,54.3,97.4,67.8,41.2,62.1,525.8,54.6,614.3,153.5,157.3,1059.7,360884,992,12.73,88.9,1500,2.62,1.15,30,40.5,60,24.46,12163440,71607,73.45,3404.55,0,1200,400,720,240,4200,7500,8500,102,1.5,6000,0,0,0,0,0,74.67,30,68.75,64.27,54.8,0,0
2026-08-02T09:59:35.764000+09:00,2026-08-02T00:59:35.764000+00:00,094623,2526.3,1,0,0,0,0,13354,496,13354,0,0,0,0,4651,-28608,10326,518,4480,0,129,0,0,0,0,0,0,0,0,0,31082107,2018,0.46,996.43,3522.75,0,54.4,97.5,67.6,41.2,62.4,526.4,60.7,616,155.3,159.1,1050.5,360884,992,12.64,89.4,1500,2.59,1.15,30.2,39.9,60,23.74,12163444,71607,73.78,3404.55,0,1200,400,720,240,4200,7500,8500,102,1.5,6000,0,0,0,0,0,73.47,30,67.99,64.38,54.9,0,0
2026-08-02T10:00:35.877000+09:00,2026-08-02T01:00:35.877000+00:00,094623,2581.3,1,0,0,0,0,13354,502,13354,0,0,0,0,4651,-28608,10326,6,4992,0,129,0,0,0,0,0,0,0,0,0,31082107,2018,0.5,1101.41,3682.67,0,54.5,98.7,67.8,41.2,62.6,526.3,56,614.3,156.7,160.8,1059.5,360884,992,12.39,89.8,1520,2.63,1.16,29.9,38.6,60,24.41,12163448,71607,74.78,3404.56,0,1200,400,720,240,4200,7500,8500,102,1.5,6000,0,0,0,0,0,73.13,30,71.26,64.57,54.9,0,0
2026-08-02T10:01:35.979000+09:00,2026-08-02T01:01:35.979000+00:00,094623,1482.3,1,0,0,0,0,13354,493,13354,0,0,0,0,4655,-26560,12438,6,21408,72,129,0,0,0,0,0,0,0,0,0,31082107,2018,0.45,556.96,2039.25,0,54.5,97.3,68.3,41.3,62.6,526,57.7,607.3,148.5,151.6,1021.8,360884,992,12.61,91.2,1490,2.63,1.12,23,35.9,60,10.94,12163451,71607,67.33,3404.56,0,1200,400,720,240,4200,7500,8500,102,1.5,6000,0,0,0,0,0,67,30,60.14,61.57,54.9,0,0
2026-08-02T10:02:36.076000+09:00,2026-08-02T01:02:36.076000+00:00,094623,1306.5,1,0,0,0,0,13354,491,13354,0,0,0,0,4651,-28608,10326,6,4992,0,129,0,0,0,0,0,0,0,0,0,31082107,2018,0.45,521.56,1828.06,0,54.3,97.6,68.6,41.4,62.2,525.7,57,602.1,141.2,143.8,1007.7,360884,992,12.68,92.2,1480,2.64,1.11,22.5,37.3,60,11.21,12163453,71607,63.02,3404.56,0,1200,400,720,240,4200,7500,8500,102,1.5,6000,0,0,0,0,0,68.6,30,59.45,66.79,54.9,0,0
2026-08-02T10:03:36.182000+09:00,2026-08-02T01:03:36.182000+00:00,094623,2415.2,1,0,0,0,0,13354,496,13354,0,0,0,0,4651,-28608,18582,6,20864,528,129,0,0,0,0,0,0,0,0,0,31082107,2018,0.49,998.87,3414.11,0,54.4,99.3,68.2,41.4,61.9,519.1,57.8,609.1,149.8,152.9,1033.6,360885,993,12.69,89.4,1500,2.59,1.14,30.1,39.5,60,24.15,12163456,71607,72.1,3404.56,0,1200,400,720,240,4200,7500,8500,102,1.5,6000,0,0,0,0,0,76.03,30,73.4,67.27,55,0,0
2026-08-02T10:04:36.275000+09:00,2026-08-02T01:04:36.275000+00:00,094623,2217.5,1,0,0,0,0,13354,497,13354,0,0,0,0,4651,-28608,10326,6,4480,0,129,0,0,0,0,0,0,0,0,0,31082107,2018,0.44,874.35,3091.83,0,54.5,98.3,67.9,41.4,62.3,528.3,55.9,611.9,153,156.6,1033.7,360885,993,12.55,89.1,1500,2.61,1.15,29.4,41.7,60,24.49,12163460,71607,74.93,3404.56,0,1200,400,720,240,4200,7500,8500,102,1.5,6000,0,0,0,0,0,75.31,30,71.98,65.38,54.9,0,0
2026-08-02T10:05:36.372000+09:00,2026-08-02T01:05:36.372000+00:00,094623,2453.1,1,0,0,0,0,13354,497,13354,0,0,0,0,4651,-28608,10342,6,12676,0,129,0,0,0,0,0,0,0,0,0,31082107,2018,0.42,1019.62,3472.7,0,54.6,97.3,67.6,41.4,62.5,527,56.7,610.2,154.6,158.3,1032.7,360885,993,12.45,89.4,1500,2.59,1.16,30,40,60,24.5,12163464,71607,74.12,3404.56,0,1200,400,720,240,4200,7500,8500,102,1.5,6000,0,0,0,0,0,74.12,30,68.52,64.86,55,0,0
2026-08-02T10:06:36.476000+09:00,2026-08-02T01:06:36.476000+00:00,094623,2183.3,1,0,0,0,0,13354,502,13354,0,0,0,0,4651,-28608,12374,6,5024,72,129,0,0,0,0,0,0,0,0,0,31082107,2018,0.42,902.43,3085.73,0,54.8,97.7,67.7,41.4,62.7,527.7,55.7,611.2,156.5,160.3,1063.8,360885,993,12.69,90,1510,2.65,1.12,26.3,35.6,60,18.21,12163468,71607,74.57,3404.56,0,1200,400,720,240,4200,7500,8500,102,1.5,6000,0,0,0,0,0,69.69,30,64.76,62.23,55,0,0
2026-08-02T10:07:36.581000+09:00,2026-08-02T01:07:36.581000+00:00,094623,1453.0,1,0,0,0,0,13354,490,13354,0,0,0,0,4651,-28608,10326,6,4992,0,129,0,0,0,0,0,0,0,0,0,31082107,2018,0.46,572.83,2025.82,0,54.5,97.6,68.3,41.4,62.6,523.7,62.9,605.9,147.2,150.2,1019.2,360885,993,12.71,91.2,1470,2.61,1.09,22.7,34.9,60,11.52,12163470,71607,62.25,3404.56,0,1200,400,720,240,4200,7500,8500,102,1.5,6000,0,0,0,0,0,67.39,30,60.45,62.51,55,0,0
2026-08-02T10:08:36.684000+09:00,2026-08-02T01:08:36.684000+00:00,094623,1577.5,1,0,0,0,0,13354,494,13354,0,0,0,0,4651,-28608,18518,6,4480,16,129,0,0,0,0,0,0,0,0,0,31082107,2018,0.46,603.35,2180.85,0,54.4,97.5,68.5,41.6,62.2,522.6,58.3,599.3,141.6,144.2,1043.4,360885,993,12.92,91,1490,2.61,1.18,25.4,40.9,60,14.72,12163472,71607,65.51,3404.57,0,1200,400,720,240,4200,7500,8500,102,1.5,6000,0,0,0,0,0,71.07,30,61.35,66.21,55,0,0
2026-08-02T10:09:36.786000+09:00,2026-08-02T01:09:36.786000+00:00,094623,2316.4,1,0,0,0,0,13354,496,13354,0,0,0,0,4651,-28608,10326,6,4480,0,129,0,0,0,0,0,0,0,0,0,31082107,2018,0.49,963.47,3279.82,0,54.5,99.4,68,41.5,62,523.9,57.3,605.8,150.1,153.4,1059.1,360886,994,12.65,89.5,1490,2.59,1.17,30,41.2,60,24.47,12163476,71607,72.93,3404.57,0,1200,400,720,240,4200,7500,8500,102,1.5,6000,0,0,0,0,0,75.61,30,73.6,67.42,55,0,0
2026-08-02T10:10:36.879000+09:00,2026-08-02T01:10:36.879000+00:00,094623,1951.0,1,0,0,0,0,13354,501,13354,0,0,0,0,4651,-28608,10326,6,4992,0,129,0,0,0,0,0,0,0,0,0,31082107,2018,0.41,788.9,2739.95,0,54.7,98.4,67.6,41.5,62.5,523.9,55.4,608.7,154.9,158.8,1067.8,360886,994,12.53,89,1510,2.67,1.11,24.7,34.4,60,14.79,12163480,71607,76.01,3404.57,0,1200,400,720,240,4200,7500,8500,102,1.5,6000,0,0,0,0,0,67.87,30,65.97,58.53,55,0,0
2026-08-02T10:11:36.984000+09:00,2026-08-02T01:11:36.984000+00:00,094623,1835.1,1,0,0,0,0,13354,509,13354,0,0,0,0,4655,-28608,12374,6,5024,8,129,0,0,0,0,0,0,0,0,0,31082107,2018,0.45,913.42,2748.5,0,54.4,96.7,67.9,41.6,62.4,521.7,60.1,600.4,144.3,147.3,1037,360886,994,12.84,90.3,1570,2.72,1.14,26.1,36.3,60,10.97,12163482,71607,59.09,3404.57,0,1200,400,720,240,4200,7500,8500,102,1.5,6000,0,0,0,0,0,66.88,30,58.27,60.63,55,0,0
2026-08-02T10:12:37.089000+09:00,2026-08-02T01:12:37.089000+00:00,094623,1793.6,1,0,0,0,0,13354,494,13354,0,0,0,0,4651,-28608,10326,6,4480,0,129,0,0,0,0,0,0,0,0,0,31082107,2018,0.5,771.81,2565.39,0,54.2,98.3,68.2,41.5,62,519.1,58.7,602.3,141.7,144.5,1031.1,360886,994,12.62,91.9,1490,2.6,1.18,27.4,41.4,60,18.65,12163484,71607,63.18,3404.57,0,1200,400,720,240,4200,7500,8500,102,1.5,6000,0,0,0,0,0,72.19,30,66.42,71.34,55.1,0,0
2026-08-02T10:13:37.195000+09:00,2026-08-02T01:13:37.195000+00:00,094623,2339.6,1,0,0,0,0,13354,495,13354,0,0,0,0,4655,-26560,10326,6,4480,0,129,0,0,0,0,0,0,0,0,0,31082107,2018,0.46,1108.74,3448.29,0,54.3,99.2,68,41.5,62,522,60.9,607.7,151.8,155.7,1051.3,360886,994,12.82,88.6,1490,2.59,1.16,30.1,40.2,60,24.38,12163487,71607,77.37,3404.57,0,1200,400,720,240,4200,7500,8500,102,1.5,6000,0,0,0,0,0,75.31,30,73.8,64.86,55.1,0,0
2026-08-02T10:14:37.302000+09:00,2026-08-02T01:14:37.302000+00:00,094623,2367.6,1,0,0,0,0,13354,497,13354,0,0,0,0,4651,-28608,10326,6,4480,0,129,0,0,0,0,0,0,0,0,0,31082107,2018,0.42,929.29,3296.91,0,54.4,97.5,67.8,41.5,62.4,526.1,59.7,610,154.4,158.4,1040.2,360886,994,12.67,88.9,1500,2.6,1.15,29.9,40.9,60,24.51,12163492,71607,73.28,3404.57,0,1200,400,720,240,4200,7500,8500,102,1.5,6000,0,0,0,0,0,74.69,30,69.39,63.76,55.1,0,0
2026-08-02T10:15:37.387000+09:00,2026-08-02T01:15:37.387000+00:00,094623,2589.8,1,0,0,0,0,13354,498,13354,0,0,0,0,4655,-28608,10326,6,4480,0,129,0,0,0,0,0,0,0,0,0,31082107,2018,0.45,1089.21,3679.01,0,54.6,97.6,67.6,41.6,62.6,525.1,58.6,615.4,156.8,160.9,1022.3,360887,995,12.84,89.8,1500,2.59,1.16,30.5,39.5,60,24.44,12163496,71607,71.83,3404.57,0,1200,400,720,240,4200,7500,8500,102,1.5,6000,0,0,0,0,0,73.61,30,68.58,65.54,55.1,0,0
2026-08-02T10:16:37.485000+09:00,2026-08-02T01:16:37.485000+00:00,094623,1484.7,1,0,0,0,0,13354,498,13354,0,0,0,0,4651,-28608,12374,6,5024,8,129,0,0,0,0,0,0,0,0,0,31082107,2018,0.44,549.64,2034.36,0,54.7,97.9,68,41.6,62.8,528,58.8,607.5,149.9,153.4,1020.8,360887,995,12.88,90.8,1500,2.67,1.13,22.9,36.9,60,11,12163499,71607,71.04,3404.57,0,1200,400,720,240,4200,7500,8500,102,1.5,6000,0,0,0,0,0,66.31,30,61.77,61.04,55.1,0,0
2026-08-02T10:17:37.572000+09:00,2026-08-02T01:17:37.572000+00:00,094623,1394.4,1,0,0,0,0,13354,498,13354,0,0,0,0,4651,-28608,10326,6,4992,0,129,0,0,0,0,0,0,0,0,0,31082107,2018,0.46,591.14,1985.53,0,54.5,97.2,68.4,41.7,62.4,524.9,58.2,601,142.8,145.7,1036.2,360887,995,12.71,91.7,1500,2.66,1.14,23.1,37.1,60,11.33,12163501,71607,61.24,3404.58,0,1200,400,720,240,4200,7500,8500,102,1.5,6000,0,0,0,0,0,67.92,30,58.36,65.27,55.1,0,0
2026-08-02T10:18:37.664000+09:00,2026-08-02T01:18:37.664000+00:00,094623,2357.9,1,0,0,0,0,13354,495,13354,0,0,0,0,4655,-28608,10326,6,4480,0,129,0,0,0,0,0,0,0,0,0,31082107,2018,0.5,934.17,3292.03,0,54.5,99,68.3,41.8,62.1,518.4,61.1,605.5,148.1,151.5,1037.9,360887,995,12.41,89.9,1490,2.6,1.16,30.2,40.5,60,23.95,12163503,71607,68.97,3404.58,0,1200,400,720,240,4200,7500,8500,102,1.5,6000,0,0,0,0,0,75.89,30,71.92,68.95,55.1,0,0
2026-08-02T10:19:37.760000+09:00,2026-08-02T01:19:37.760000+00:00,094623,2270.0,1,0,0,0,0,13354,496,13354,0,0,0,0,4651,-28608,10326,6,4480,0,129,0,0,0,0,0,0,0,0,0,31082107,2018,0.45,918.3,3188.27,0,54.8,98.8,68.1,41.8,62.5,526.2,59.4,608.1,154.1,158.1,1033.8,360887,995,12.7,89.2,1500,2.6,1.15,29.6,41.2,60,24.53,12163507,71607,74.31,3404.58,0,1200,400,720,240,4200,7500,8500,102,1.5,6000,0,0,0,0,0,75.79,30,73.24,66.29,55.1,0,0
2026-08-02T10:20:37.853000+09:00,2026-08-02T01:20:37.853000+00:00,094623,2324.9,1,0,0,0,0,13354,497,13354,0,0,0,0,4655,-26560,10390,590,20864,8192,129,0,0,0,0,0,0,0,0,0,31082107,2018,0.43,893.89,3218.79,0,54.9,97.8,67.9,41.8,62.7,528.6,60.7,610.4,155.3,159.2,1032.6,360887,995,12.69,89.1,1500,2.59,1.15,29.8,41.3,60,24.49,12163512,71607,75.12,3404.58,0,1200,400,720,240,4200,7500,8500,102,1.5,6000,0,0,0,0,0,75.24,30,70.7,64.6,55.2,0,0
2026-08-02T10:21:37.978000+09:00,2026-08-02T01:21:37.978000+00:00,094623,2456.7,1,0,0,0,0,13354,496,13354,0,0,0,0,4651,-28608,8278,6,4480,0,129,0,0,0,0,0,0,0,0,0,31082107,2018,0.4,975.68,3432.42,0,54.9,97.5,67.9,41.8,62.9,526.9,58.8,613.4,156.7,160.6,1060.4,360888,996,12.4,89.7,1500,2.59,1.15,29.9,40.1,60,24.16,12163516,71607,75.08,3404.58,0,1200,400,720,240,4200,7500,8500,102,1.5,6000,0,0,0,0,0,74.96,30,69.18,65.43,55.2,0,0
2026-08-02T10:22:38.064000+09:00,2026-08-02T01:22:38.064000+00:00,094623,2058.8,1,0,0,0,0,13354,501,13354,0,0,0,0,4655,-28608,10342,6,13188,0,129,0,0,0,0,0,0,0,0,0,31082107,2018,0.43,801.11,2859.89,0,54.9,97.6,68,41.8,63.1,528.8,58.7,612.9,157.9,161.9,1067.3,360888,996,12.74,89.8,1510,2.65,1.1,25.3,35,60,16.34,12163519,71607,76.42,3404.58,0,1200,400,720,240,4200,7500,8500,102,1.5,6000,0,0,0,0,0,70.16,30,63.67,60.2,55.2,0,0
2026-08-02T10:23:38.184000+09:00,2026-08-02T01:23:38.184000+00:00,094623,1411.5,1,0,0,0,0,13354,497,13354,0,0,0,0,4655,-28608,10326,6,4992,0,129,0,0,0,0,0,0,0,0,0,31082107,2018,0.47,586.26,1997.74,0,54.5,97.2,68.3,41.9,62.8,526.7,59.8,601.1,146.3,149.2,1027.8,360888,996,12.51,91.1,1500,2.64,1.14,23,36.8,60,11.31,12163522,71607,62.88,3404.58,0,1200,400,720,240,4200,7500,8500,102,1.5,6000,0,0,0,0,0,68.31,30,59.16,61.54,55.2,0,0
2026-08-02T10:24:38.275000+09:00,2026-08-02T01:24:38.275000+00:00,094623,1682.5,1,0,0,0,0,13354,494,13354,0,0,0,0,4651,-28608,10326,6,4480,0,129,0,0,0,0,0,0,0,0,0,31082107,2018,0.48,687.58,2370.07,0,54.5,98,68.2,41.9,62.3,521.9,59,597.6,142.6,145.3,1010.2,360888,996,12.69,91.3,1490,2.61,1.2,26.4,40.9,60,16.45,12163524,71607,65.04,3404.58,0,1200,400,720,240,4200,7500,8500,102,1.5,6000,0,0,0,0,0,71.65,30,63.77,68.31,55.2,0,0
2026-08-02T10:25:38.379000+09:00,2026-08-02T01:25:38.379000+00:00,094623,2355.4,1,0,0,0,0,13354,498,13354,0,0,0,0,4651,-28608,10326,6,4480,0,129,0,0,0,0,0,0,0,0,0,31082107,2018,0.47,1006.2,3361.61,0,54.7,99.4,67.9,41.8,62.3,523.5,58.6,606.8,151.6,155,1033.7,360888,996,12.56,89.4,1500,2.61,1.15,30.1,40.7,60,24.51,12163527,71607,72.46,3404.59,0,1200,400,720,240,4200,7500,8500,102,1.5,6000,0,0,0,0,0,75.64,30,74.2,67.35,55.3,0,0
2026-08-02T10:26:38.479000+09:00,2026-08-02T01:26:38.479000+00:00,094623,2343.2,1,0,0,0,0,13354,495,13354,0,0,0,0,4655,-28608,18518,590,4480,8720,129,0,0,0,0,0,0,0,0,0,31082107,2018,0.44,983,3326.21,0,54.8,98.3,67.7,41.9,62.6,528.1,58.5,604.8,154.7,158.3,1033,360889,997,12.67,88.9,1500,2.58,1.16,29.9,40.8,60,24.19,12163531,71607,73.98,3404.59,0,1200,400,720,240,4200,7500,8500,102,1.5,6000,0,0,0,0,0,74.68,30,72.07,64.36,55.2,0,0
2026-08-02T10:27:38.577000+09:00,2026-08-02T01:27:38.577000+00:00,094623,2300.5,1,0,0,0,0,13354,501,13354,0,0,0,0,4651,-28608,10326,6,4992,0,129,0,0,0,0,0,0,0,0,0,31082107,2018,0.41,895.11,3195.59,0,54.7,97.6,67.6,41.9,62.8,526.8,57.3,611.1,157.2,161,1069.4,360889,997,12.45,89.6,1510,2.63,1.11,27.2,36.6,60,21.13,12163535,71607,73.61,3404.59,0,1200,400,720,240,4200,7500,8500,102,1.5,6000,0,0,0,0,0,71.17,30,67.11,62.59,55.3,0,0
2026-08-02T10:28:38.674000+09:00,2026-08-02T01:28:38.674000+00:00,094623,1681.3,1,0,0,0,0,13354,521,13354,0,0,0,0,4651,-28608,10326,6,4992,0,129,0,0,0,0,0,0,0,0,0,31082107,2018,0.46,747.4,2428.66,0,54.5,97.3,68.3,41.9,62.7,523.9,59.5,603.3,145.1,148,1037,360889,997,12.86,91.3,1570,2.77,1.08,24.3,35.3,60,15.84,12163538,71607,64.62,3404.59,0,1200,400,720,240,4200,7500,8500,102,1.5,6000,0,0,0,0,0,70.17,30,62.58,65.02,55.3,0,0
2026-08-02T10:29:38.802000+09:00,2026-08-02T01:29:38.802000+00:00,094623,1538.4,1,0,0,0,0,13354,492,13354,0,0,0,0,4651,-28608,10326,6,4480,0,129,0,0,0,0,0,0,0,0,0,31082107,2018,0.46,611.9,2150.33,0,54.1,97.9,68.5,41.9,62.2,522.6,58.4,603.7,142.3,145,1030.9,360889,997,12.81,91.5,1480,2.61,1.16,24.3,38.1,60,12.16,12163540,71607,65.7,3404.59,0,1200,400,720,240,4200,7500,8500,102,1.5,6000,0,0,0,0,0,69.88,30,61.66,66.23,55.4,0,0
2026-08-02T10:30:38.892000+09:00,2026-08-02T01:30:38.892000+00:00,094623,2429.9,1,0,0,0,0,13354,495,13354,0,0,0,0,4651,-28608,10326,6,4480,0,129,0,0,0,0,0,0,0,0,0,31082107,2018,0.5,1039.16,3469.04,0,54,99.3,68.2,42,62.1,520.9,57.2,613.6,147.1,149.6,1030.4,360889,997,12.68,89.7,1490,2.59,1.16,30.2,39.9,60,24.49,12163543,71607,73.57,3404.59,0,1200,400,720,240,4200,7500,8500,102,1.5,6000,0,0,0,0,0,76.66,30,73.96,68.46,55.3,0,0
2026-08-02T10:31:38.997000+09:00,2026-08-02T01:31:38.997000+00:00,094623,1778.9,1,0,0,0,0,13354,498,13354,0,0,0,0,4651,-28608,18518,518,4992,528,129,0,0,0,0,0,0,0,0,0,31082107,2018,0.4,581.38,2360.3,0,54.1,98.1,68.1,41.9,62.5,525.5,58.6,609.9,142.3,142.1,1029.7,360889,997,12.4,89.2,1500,2.65,1.12,24.1,35.8,60,13.06,12163547,71607,77.47,3404.59,0,1200,400,720,240,4200,7500,8500,102,1.5,6000,0,0,0,0,0,69.67,30,64.67,59.03,55.3,0,0
2026-08-02T10:32:39.079000+09:00,2026-08-02T01:32:39.079000+00:00,094623,1335.8,1,0,0,0,0,13354,496,13354,0,0,0,0,4651,-28608,10326,6,4992,0,129,0,0,0,0,0,0,0,0,0,31082107,2018,0.44,580.16,1915.95,0,54,96.9,67.8,42,62.1,522.8,57.7,602.1,132.7,131.6,1031.3,360890,998,12.74,90.6,1480,2.65,1.07,21.9,34.7,60,11.82,12163549,71607,60,3404.59,0,1200,400,720,240,4200,7500,8500,102,1.5,6000,0,0,0,0,0,67.75,30,58.95,62.25,55.4,0,0
2026-08-02T10:33:39.164000+09:00,2026-08-02T01:33:39.164000+00:00,094623,1948.6,1,0,0,0,0,13354,493,13354,0,0,0,0,4651,-28608,10326,6,4480,0,129,0,0,0,0,0,0,0,0,0,31082107,2018,0.49,854.82,2803.43,0,54,97.9,67.6,42,61.7,518.5,58.4,602.7,131,130,1049.6,360890,998,12.86,91.1,1490,2.58,1.2,28.6,41.8,60,20.85,12163551,71607,62.7,3404.59,0,1200,400,720,240,4200,7500,8500,102,1.5,6000,0,0,0,0,0,72.65,30,66.83,71.23,55.4,0,0
2026-08-02T10:34:39.259000+09:00,2026-08-02T01:34:39.259000+00:00,094623,2291.9,1,0,0,0,0,13354,497,13354,0,0,0,0,4651,-28608,8278,6,4480,8,129,0,0,0,0,0,0,0,0,0,31082107,2018,0.46,871.91,3163.85,0,54.2,99.4,67.8,42,61.9,524.4,58.8,613,140.4,140.4,1058.4,360890,998,12.58,88.7,1500,2.61,1.14,29.6,40.9,60,24.57,12163555,71607,76.61,3404.6,0,1200,400,720,240,4200,7500,8500,102,1.5,6000,0,0,0,0,0,74.87,30,74.73,65.72,55.4,0,0
2026-08-02T10:35:39.358000+09:00,2026-08-02T01:35:39.358000+00:00,094623,2478.7,1,0,0,0,0,13354,498,13354,0,0,0,0,4655,-28608,10326,590,4480,8192,129,0,0,0,0,0,0,0,0,0,31082107,2018,0.42,993.99,3472.7,0,54.2,97.1,68,42,62.3,524.6,67.4,616.1,143,142.7,1041.6,360890,998,12.64,88.9,1500,2.6,1.15,30.3,40.2,60,23.95,12163559,71607,72.78,3404.6,0,1200,400,720,240,4200,7500,8500,102,1.5,6000,0,0,0,0,0,75.39,30,68.14,64.17,55.4,0,0
2026-08-02T10:36:39.457000+09:00,2026-08-02T01:36:39.457000+00:00,094623,1808.2,1,0,0,0,0,13354,502,13354,0,0,0,0,4651,-28608,18518,6,4992,528,129,0,0,0,0,0,0,0,0,0,31082107,2018,0.43,625.32,2433.55,0,54.4,98.1,68,42,62.5,529.6,62.4,613.7,144.4,144,1027.5,360890,998,12.64,89.8,1510,2.66,1.1,24.4,36.3,60,15.24,12163563,71607,72.06,3404.6,0,1200,400,720,240,4200,7500,8500,102,1.5,6000,0,0,0,0,0,69.31,30,64.22,59.98,55.4,0,0
2026-08-02T10:37:39.553000+09:00,2026-08-02T01:37:39.553000+00:00,094623,1738.6,1,0,0,0,0,13354,439,13354,0,0,0,0,4651,-28608,10326,518,4992,0,129,0,0,0,0,0,0,0,0,0,31082107,2018,0.48,664.39,2403.03,0,54.4,97.1,68.1,42.1,62.2,527.1,61.1,600.1,133.7,132.7,1030.1,360890,998,12.82,91.6,1350,2.36,1.53,27.3,39.8,60,10.67,12163565,71607,61,3404.6,0,1200,400,720,240,4200,7500,8500,102,1.5,6000,0,0,0,0,0,66.73,30,57.9,63.26,55.5,0,0
2026-08-02T10:38:39.655000+09:00,2026-08-02T01:38:39.655000+00:00,094623,1732.5,1,0,0,0,0,13354,494,13354,0,0,0,0,4651,-28608,10326,6,4480,0,129,0,0,0,0,0,0,0,0,0,31082107,2018,0.47,649.74,2382.27,0,54.4,98.4,68.3,42.2,61.8,521.7,59.6,599.3,130.4,129.5,1019.3,360891,999,12.73,90.5,1490,2.61,1.2,27,42.4,60,17.23,12163567,71607,69.21,3404.6,0,1200,400,720,240,4200,7500,8500,102,1.5,6000,0,0,0,0,0,72.96,30,66.41,67.89,55.5,0,0
2026-08-02T10:39:39.777000+09:00,2026-08-02T01:39:39.777000+00:00,094623,2393.3,1,0,0,0,0,13354,496,13354,0,0,0,0,4655,-28608,12438,6,20864,8,129,0,0,0,0,0,0,0,0,0,31082107,2018,0.46,878.02,3271.28,0,54.6,99.1,67.8,42.1,61.8,522.5,61,610.6,140.4,140,1020.3,360891,999,12.73,88.5,1490,2.61,1.15,29.8,40.3,60,24.43,12163571,71607,73,3404.6,0,1200,400,720,240,4200,7500,8500,102,1.5,6000,0,0,0,0,0,75.22,30,73.67,64.35,55.5,0,0
2026-08-02T10:40:39.851000+09:00,2026-08-02T01:40:39.851000+00:00,094623,2483.6,1,0,0,0,0,13354,495,13354,0,0,0,0,4655,-28608,10326,6,4480,0,129,0,0,0,0,0,0,0,0,0,31082107,2018,0.45,1064.79,3548.39,0,54.5,97.9,67.9,42.2,62.2,524.9,59.8,608.9,144.6,144.3,1045.1,360891,999,12.7,88.8,1500,2.6,1.16,30.5,40,60,24.44,12163575,71607,72.88,3404.6,0,1200,400,720,240,4200,7500,8500,102,1.5,6000,0,0,0,0,0,75.32,30,70.86,63.09,55.5,0,0
2026-08-02T10:41:39.968000+09:00,2026-08-02T01:41:39.968000+00:00,094623,2577.6,1,0,0,0,0,13354,496,13354,0,0,0,0,4655,-28608,18534,6,12676,528,129,0,0,0,0,0,0,0,0,0,31082107,2018,0.42,1047.7,3625.29,0,54.5,97.3,68,42.1,62.5,525.2,58.6,613.5,148.1,147.9,1048.3,360891,999,12.62,89.8,1490,2.59,1.15,30.3,39,60,24.28,12163579,71607,72.9,3404.6,0,1200,400,720,240,4200,7500,8500,102,1.5,6000,0,0,0,0,0,75.49,30,68.33,65.16,55.5,0,0
2026-08-02T10:42:40.057000+09:00,2026-08-02T01:42:40.057000+00:00,094623,1406.6,1,0,0,0,0,13354,511,13354,0,0,0,0,4651,-28608,10326,6,4992,0,129,0,0,0,0,0,0,0,0,0,31082107,2018,0.47,571.61,1978.21,0,54.5,98,68.2,42.1,62.5,523.4,59.8,605.3,139.5,138.7,1040.4,360891,999,12.74,91.2,1520,2.74,1.04,21.8,33.5,60,13.81,12163582,71607,67,3404.6,0,1200,400,720,240,4200,7500,8500,102,1.5,6000,0,0,0,0,0,68.41,30,62.16,61.84,55.5,0,0
2026-08-02T10:43:40.152000+09:00,2026-08-02T01:43:40.152000+00:00,094623,1421.2,1,0,0,0,0,13354,517,13354,0,0,0,0,4655,-28608,10326,590,4992,8192,129,0,0,0,0,0,0,0,0,0,31082107,2018,0.49,669.27,2090.52,0,54.3,97.2,68.3,42.1,62,520,73.6,600.2,134,132.9,1035,360891,999,12.76,92.1,1550,2.77,1.05,22.3,33.7,60,15.27,12163584,71607,66.13,3404.61,0,1200,400,720,240,4200,7500,8500,102,1.5,6000,0,0,0,0,0,69.19,30,59.02,67.08,55.6,0,0
2026-08-02T10:44:40.243000+09:00,2026-08-02T01:44:40.243000+00:00,094623,2256.5,1,0,0,0,0,13354,496,13354,0,0,0,0,4651,-28608,12374,6,4512,72,129,0,0,0,0,0,0,0,0,0,31082107,2018,0.49,945.16,3201.7,0,54.2,99.5,68,42.2,61.8,519.5,65,605.6,140.5,140,1029.1,360892,1000,12.67,89.7,1500,2.59,1.15,29.8,40.7,60,24.24,12163587,71607,69.74,3404.61,0,1200,400,720,240,4200,7500,8500,102,1.5,6000,0,0,0,0,0,76.16,30,73.96,68.84,55.6,0,0
2026-08-02T10:45:40.336000+09:00,2026-08-02T01:45:40.336000+00:00,094623,2338.3,1,0,0,0,0,13354,496,13354,0,0,0,0,4655,-26560,10326,6,4480,0,129,0,0,0,0,0,0,0,0,0,31082107,2018,0.44,1006.2,3344.52,0,54.4,98.1,67.8,42.2,62.1,525.2,62.8,607.8,145.5,145.2,1044.7,360892,1000,12.87,89,1500,2.6,1.16,30,40.9,60,24.43,12163591,71607,76.02,3404.61,0,1200,400,720,240,4200,7500,8500,102,1.5,6000,0,0,0,0,0,75.49,30,71.47,65.89,55.6,0,0
2026-08-02T10:46:40.439000+09:00,2026-08-02T01:46:40.439000+00:00,094623,2510.4,1,0,0,0,0,13354,495,13354,0,0,0,0,4651,-28608,18518,6,4480,528,129,0,0,0,0,0,0,0,0,0,31082107,2018,0.43,1094.09,3604.54,0,54.6,97.4,67.6,42.2,62.4,524,59.8,610.1,147.9,147.6,1045.1,360892,1000,12.5,89.3,1500,2.58,1.16,30.4,39.5,60,24.4,12163595,71607,74.57,3404.61,0,1200,400,720,240,4200,7500,8500,102,1.5,6000,0,0,0,0,0,74.37,30,68.71,65.46,55.6,0,0
2026-08-02T10:47:40.544000+09:00,2026-08-02T01:47:40.544000+00:00,094623,1493.3,1,0,0,0,0,13354,495,13354,0,0,0,0,4651,-28608,10326,6,4992,0,129,0,0,0,0,0,0,0,0,0,31082107,2018,0.43,566.73,2060,0,54.7,98.1,67.8,42.1,62.6,525.1,59.1,604.8,143.1,142.5,1024.2,360892,1000,12.61,90,1480,2.64,1.05,22.1,33.5,60,11.71,12163598,71607,68.42,3404.61,0,1200,400,720,240,4200,7500,8500,102,1.5,6000,0,0,0,0,0,66.31,30,62.5,58.68,55.6,0,0
2026-08-02T10:48:40.635000+09:00,2026-08-02T01:48:40.635000+00:00,094623,1310.2,1,0,0,0,0,13354,499,13354,0,0,0,0,4655,-26560,10326,6,4992,0,129,0,0,0,0,0,0,0,0,0,31082107,2018,0.48,566.73,1876.89,0,54.6,96.9,68.3,42.2,62.2,522.9,59.9,599,135.1,134,1037.2,360892,1000,12.79,91.6,1490,2.67,1.06,21.7,34.5,60,11.53,12163600,71607,60.7,3404.61,0,1200,400,720,240,4200,7500,8500,102,1.5,6000,0,0,0,0,0,68,30,57.84,64.65,55.7,0,0
2026-08-02T10:49:40.744000+09:00,2026-08-02T01:49:40.744000+00:00,094623,2228.5,1,0,0,0,0,13354,496,13354,0,0,0,0,4655,-28608,12374,6,4512,72,129,0,0,0,0,0,0,0,0,0,31082107,2018,0.51,1074.56,3303.02,0,54.5,98.9,68.3,42.3,61.9,518.1,58.3,604.2,138.3,137.5,1053.7,360892,1000,12.59,90.2,1500,2.6,1.17,29.9,40.5,60,23.51,12163603,71607,67.06,3404.61,0,1200,400,720,240,4200,7500,8500,102,1.5,6000,0,0,0,0,0,76.08,30,71.07,69.96,55.7,0,0
2026-08-02T10:50:40.832000+09:00,2026-08-02T01:50:40.832000+00:00,094623,2340.8,1,0,0,0,0,13354,498,13354,0,0,0,0,4655,-28608,10326,6,4480,0,129,0,0,0,0,0,0,0,0,0,31082107,2018,0.47,973.23,3314,0,54.7,99.1,67.9,42.3,62.1,524.7,60.7,609.8,145.8,145.4,1039.9,360893,1001,12.84,89.2,1500,2.61,1.15,29.9,40.5,60,24.55,12163607,71607,75.59,3404.61,0,1200,400,720,240,4200,7500,8500,102,1.5,6000,0,0,0,0,0,75.56,30,74.16,66.84,55.7,0,0
2026-08-02T10:51:40.937000+09:00,2026-08-02T01:51:40.937000+00:00,094623,2342.0,1,0,0,0,0,13354,498,13354,0,0,0,0,4651,-28608,18518,6,4480,528,129,0,0,0,0,0,0,0,0,0,31082107,2018,0.47,957.37,3299.36,0,54.8,98.4,67.7,42.2,62.5,527.6,58.2,614.1,147.7,147.3,1040,360893,1001,12.47,89.4,1500,2.6,1.16,29.9,40.9,60,24.48,12163611,71607,73.73,3404.62,0,1200,400,720,240,4200,7500,8500,102,1.5,6000,0,0,0,0,0,74.75,30,73.11,66.41,55.7,0,0
2026-08-02T10:52:41.044000+09:00,2026-08-02T01:52:41.044000+00:00,094623,2467.7,1,0,0,0,0,13354,498,13354,0,0,0,0,4651,-28608,10326,590,4480,8192,129,0,0,0,0,0,0,0,0,0,31082107,2018,0.46,1022.06,3489.79,0,55,98.2,67.7,42.2,62.7,527.3,58.2,613.2,149,148.7,1065.9,360893,1001,12.77,89.5,1510,2.59,1.15,29.9,39.7,60,23.51,12163615,71607,73.97,3404.62,0,1200,400,720,240,4200,7500,8500,102,1.5,6000,0,0,0,0,0,74.26,30,72.93,65.87,55.7,0,0
2026-08-02T10:53:41.140000+09:00,2026-08-02T01:53:41.140000+00:00,094623,2600.8,1,0,0,0,0,13354,501,13354,0,0,0,0,4655,-28608,10326,6,4992,0,129,0,0,0,0,0,0,0,0,0,31082107,2018,0.47,1064.79,3665.58,0,55.1,98.3,67.9,42.2,62.9,526.5,57.2,612.4,151.1,150.8,1047.6,360893,1001,12.9,89.7,1510,2.62,1.15,29.8,38.6,60,23.96,12163619,71607,74.4,3404.62,0,1200,400,720,240,4200,7500,8500,102,1.5,6000,0,0,0,0,0,73.82,30,72.94,65.2,55.7,0,0
2026-08-02T10:54:41.251000+09:00,2026-08-02T01:54:41.251000+00:00,094623,1442.0,1,0,0,0,0,13354,494,13354,0,0,0,0,4651,-28608,12374,6,5024,72,129,0,0,0,0,0,0,0,0,0,31082107,2018,0.45,550.86,1992.86,0,54.9,96.6,68.3,42.2,62.8,526.8,57.1,603.1,142.1,141.3,1031.2,360893,1001,12.79,90.2,1490,2.63,1.12,23,36.6,60,10.88,12163621,71607,67.02,3404.62,0,1200,400,720,240,4200,7500,8500,102,1.5,6000,0,0,0,0,0,67.63,30,60.09,59.24,55.7,0,0
2026-08-02T10:55:41.360000+09:00,2026-08-02T01:55:41.360000+00:00,094623,1374.9,1,0,0,0,0,13354,491,13354,0,0,0,0,4655,-26560,10326,590,4992,8192,129,0,0,0,0,0,0,0,0,0,31082107,2018,0.45,548.42,1923.28,0,54.6,97.4,68.7,42.3,62.3,523.9,59.3,601,136.8,135.9,1021.1,360893,1001,12.71,92.6,1480,2.61,1.11,22.8,36.5,60,11.24,12163623,71607,63.96,3404.62,0,1200,400,720,240,4200,7500,8500,102,1.5,6000,0,0,0,0,0,69.65,30,60.28,68.68,55.8,0,0
2026-08-02T10:56:41.450000+09:00,2026-08-02T01:56:41.450000+00:00,094623,2462.9,1,0,0,0,0,13354,496,13354,0,0,0,0,4655,-28608,18582,6,20864,528,129,0,0,0,0,0,0,0,0,0,31082107,2018,0.48,1037.93,3500.78,0,54.6,99.1,68.3,42.3,62.1,519.6,58.3,607.1,143.9,143.3,1028.4,360894,1002,12.84,88.8,1500,2.59,1.15,30.3,39.7,60,24.26,12163627,71607,74.47,3404.62,0,1200,400,720,240,4200,7500,8500,102,1.5,6000,0,0,0,0,0,77.39,30,74.11,66.14,55.8,0,0
2026-08-02T10:57:41.548000+09:00,2026-08-02T01:57:41.548000+00:00,094623,2333.4,1,0,0,0,0,13354,496,13354,0,0,0,0,4651,-28608,10326,6,4480,0,129,0,0,0,0,0,0,0,0,0,31082107,2018,0.43,953.7,3287.15,0,54.8,98,67.8,42.3,62.5,526.4,58.2,608.5,148.1,147.8,1047.7,360894,1002,12.87,88.7,1500,2.59,1.15,29.7,40.7,60,24.51,12163631,71607,72.99,3404.62,0,1200,400,720,240,4200,7500,8500,102,1.5,6000,0,0,0,0,0,76.03,30,72.06,63.8,55.8,0,0
2026-08-02T10:58:41.628000+09:00,2026-08-02T01:58:41.628000+00:00,094623,2362.8,1,0,0,0,0,13354,495,13354,0,0,0,0,4651,-28608,10390,6,20864,0,129,0,0,0,0,0,0,0,0,0,31082107,2018,0.42,907.31,3270.06,0,55,97.1,67.2,42.3,62.6,529.2,56.8,611.6,148.7,148.2,1028.7,360894,1002,12.45,89.8,1500,2.58,1.15,29.7,40.8,60,24.37,12163635,71607,72.88,3404.62,0,1200,400,720,240,4200,7500,8500,102,1.5,6000,0,0,0,0,0,73.46,30,68.39,66.14,55.8,0,0
2026-08-02T10:59:41.727000+09:00,2026-08-02T01:59:41.727000+00:00,094623,2509.2,1,0,0,0,0,13354,497,13354,0,0,0,0,4651,-28608,12374,6,4512,72,129,0,0,0,0,0,0,0,0,0,31082107,2018,0.47,1074.56,3583.79,0,55.2,97.8,67.3,42.3,62.8,528,57.7,613.9,149,148.4,1034.4,360894,1002,12.85,90.7,1500,2.58,1.16,30,39.6,60,24.15,12163639,71607,72.58,3404.63,0,1200,400,720,240,4200,7500,8500,102,1.5,6000,0,0,0,0,0,72.56,30,69.71,69.33,55.8,0,0
2026-08-02T11:00:41.821000+09:00,2026-08-02T02:00:41.821000+00:00,094623,1699.6,1,0,0,0,0,13354,519,13354,0,0,0,0,4655,-28608,10342,6,13188,0,129,0,0,0,0,0,0,0,0,0,31082107,2018,0.43,724.2,2423.78,0,55.3,98.1,67.9,42.3,63,524,57.1,609.6,144.7,143.9,1040.4,360894,1002,12.76,90.5,1560,2.76,1.03,22.9,32.6,60,16.41,12163642,71607,74.26,3404.63,0,1200,400,720,240,4200,7500,8500,102,1.5,6000,0,0,0,0,0,67.03,30,64.36,63.47,55.8,0,0
2026-08-02T11:01:41.922000+09:00,2026-08-02T02:01:41.922000+00:00,094623,1506.7,1,0,0,0,0,13354,518,13354,0,0,0,0,4651,-28608,18518,6,4992,16,129,0,0,0,0,0,0,0,0,0,31082107,2018,0.45,719.32,2226.02,0,55.1,97.1,68.9,42.4,62.6,521.3,57,603.9,137.3,136.2,1028.6,360894,1002,12.85,91.4,1560,2.77,1.06,23.1,34.1,60,15.05,12163644,71607,63.75,3404.63,0,1200,400,720,240,4200,7500,8500,102,1.5,6000,0,0,0,0,0,70.31,30,59.88,67.15,55.8,0,0
2026-08-02T11:02:42.002000+09:00,2026-08-02T02:02:42.002000+00:00,094623,2241.9,1,0,0,0,0,13354,496,13354,0,0,0,0,4651,-28608,10326,6,4480,0,129,0,0,0,0,0,0,0,0,0,31082107,2018,0.49,1040.38,3282.27,0,55.1,99,68.8,42.4,62.3,517.7,55.5,605.7,139.8,138.9,1020.8,360895,1003,12.7,89.9,1500,2.58,1.17,29.9,40.9,60,23.45,12163647,71607,66.46,3404.63,0,1200,400,720,240,4200,7500,8500,102,1.5,6000,0,0,0,0,0,77.73,30,72.08,69.87,55.8,0,0
2026-08-02T11:03:42.104000+09:00,2026-08-02T02:03:42.104000+00:00,094623,2243.1,1,0,0,0,0,13354,497,13354,0,0,0,0,4651,-28608,10326,6,4480,0,129,0,0,0,0,0,0,0,0,0,31082107,2018,0.48,834.07,3077.18,0,55.2,99,68.2,42.4,62.6,526.7,55.2,614.2,146.2,145.8,1094.3,360895,1003,12.67,89.6,1500,2.59,1.14,29.3,41.2,60,24.52,12163651,71607,73.42,3404.63,0,1200,400,720,240,4200,7500,8500,102,1.5,6000,0,0,0,0,0,77.2,30,74.46,69.04,55.9,0,0
2026-08-02T11:04:42.201000+09:00,2026-08-02T02:04:42.201000+00:00,094623,2432.3,1,0,0,0,0,13354,495,13354,0,0,0,0,4651,-28608,12374,6,4512,72,129,0,0,0,0,0,0,0,0,0,31082107,2018,0.42,1042.82,3475.14,0,55.4,97.7,67.8,42.5,62.8,527.4,54.7,614.9,147,146.9,1049.6,360895,1003,12.69,90,1500,2.57,1.17,30.2,40.6,60,24.16,12163655,71607,75.79,3404.63,0,1200,400,720,240,4200,7500,8500,102,1.5,6000,0,0,0,0,0,75.99,30,70.9,69.78,55.9,0,0
2026-08-02T11:05:42.311000+09:00,2026-08-02T02:05:42.311000+00:00,094623,1774.0,1,0,0,0,0,13354,499,13354,0,0,0,0,4651,-28608,10326,6,4992,0,129,0,0,0,0,0,0,0,0,0,31082107,2018,0.42,652.18,2426.22,0,55.4,97.8,67.8,42.4,63.1,528,55.7,616.5,147.2,147,1032.3,360895,1003,12.36,89.8,1510,2.64,1.13,24,35.7,60,13.49,12163658,71607,74.49,3404.63,0,1200,400,720,240,4200,7500,8500,102,1.5,6000,0,0,0,0,0,68.78,30,63.75,62.15,55.9,0,0
2026-08-02T11:06:42.429000+09:00,2026-08-02T02:06:42.429000+00:00,094623,1381.0,1,0,0,0,0,13354,505,13354,0,0,0,0,4651,-28608,10326,6,4992,0,129,0,0,0,0,0,0,0,0,0,31082107,2018,0.46,576.49,1957.46,0,55.3,97.2,68.4,42.5,62.8,522.6,57,603.1,138,137.1,1021.1,360895,1003,12.86,90.4,1510,2.67,1.04,21.8,33.6,60,12.15,12163660,71607,63.2,3404.63,0,1200,400,720,240,4200,7500,8500,102,1.5,6000,0,0,0,0,0,69.63,30,60.32,62.81,55.9,0,0
2026-08-02T11:07:42.518000+09:00,2026-08-02T02:07:42.518000+00:00,094623,1923.0,1,0,0,0,0,13354,494,13354,0,0,0,0,4651,-28608,10326,6,4480,0,129,0,0,0,0,0,0,0,0,0,31082107,2018,0.49,801.11,2724.08,0,55.1,98.2,68.4,42.5,62.4,520.1,58,598.5,135.6,134.8,1021,360895,1003,12.69,90.6,1490,2.58,1.18,28.3,42.3,60,20.27,12163662,71607,64.32,3404.64,0,1200,400,720,240,4200,7500,8500,102,1.5,6000,0,0,0,0,0,76.1,30,68.17,70.7,55.9,0,0
2026-08-02T11:08:42.621000+09:00,2026-08-02T02:08:42.621000+00:00,094623,2337.1,1,0,0,0,0,13354,497,13354,0,0,0,0,4651,-28608,10326,6,4480,0,129,0,0,0,0,0,0,0,0,0,31082107,2018,0.48,981.78,3318.89,0,55.3,99.3,67.9,42.5,62.5,524.8,56.4,610.1,144.8,144.8,1046.5,360896,1004,12.51,88.9,1500,2.59,1.15,29.9,40.6,60,24.47,12163666,71607,74.13,3404.64,0,1200,400,720,240,4200,7500,8500,102,1.5,6000,0,0,0,0,0,77.1,30,75.21,67.2,55.9,0,0
2026-08-02T11:09:42.721000+09:00,2026-08-02T02:09:42.721000+00:00,094623,2550.7,1,0,0,0,0,13354,496,13354,0,0,0,0,4651,-28608,12374,6,4512,8,129,0,0,0,0,0,0,0,0,0,31082107,2018,0.45,1070.89,3621.63,0,55.4,98.1,67.6,42.5,62.8,524.2,57.6,610.2,148.8,148.7,1053.1,360896,1004,12.52,88.8,1500,2.58,1.16,30.4,39.5,60,24.18,12163670,71607,73.32,3404.64,0,1200,400,720,240,4200,7500,8500,102,1.5,6000,0,0,0,0,0,75.78,30,72.57,65.16,56,0,0
2026-08-02T11:10:42.824000+09:00,2026-08-02T02:10:42.824000+00:00,094623,1820.4,1,0,0,0,0,13354,512,13354,0,0,0,0,4655,-28608,10326,6,4992,0,129,0,0,0,0,0,0,0,0,0,31082107,2018,0.43,784.02,2604.45,0,55.4,97.1,67.8,42.6,62.9,526,55.6,604.2,141.6,140.9,1058.5,360896,1004,12.8,90,1570,2.72,1.11,25.7,36.8,60,10.76,12163673,71607,65.1,3404.64,0,1200,400,720,240,4200,7500,8500,102,1.5,6000,0,0,0,0,0,68.14,30,61.53,59.97,56,0,0
2026-08-02T11:11:42.937000+09:00,2026-08-02T02:11:42.937000+00:00,094623,1754.5,1,0,0,0,0,13354,517,13354,0,0,0,0,4651,-28608,10326,6,4992,0,129,0,0,0,0,0,0,0,0,0,31082107,2018,0.48,776.7,2531.2,0,55.2,97.3,68.3,42.6,62.4,525.4,55.7,597.1,134.3,133.4,1059.8,360896,1004,12.77,92.1,1570,2.68,1.14,25.8,37.6,60,9.97,12163675,71607,60.15,3404.64,0,1200,400,720,240,4200,7500,8500,102,1.5,6000,0,0,0,0,0,71.82,30,62.34,69.74,56.1,0,0
2026-08-02T11:12:43.028000+09:00,2026-08-02T02:12:43.028000+00:00,094623,2451.9,1,0,0,0,0,13354,496,13354,0,0,0,0,4651,-28608,10326,6,4480,0,129,0,0,0,0,0,0,0,0,0,31082107,2018,0.5,1128.27,3580.13,0,55.1,99,68.1,42.6,62.2,518.1,55.4,606.8,142.3,142,1090.1,360896,1004,12.71,89.5,1500,2.59,1.15,30.3,39.2,60,24.14,12163678,71607,71.95,3404.64,0,1200,400,720,240,4200,7500,8500,102,1.5,6000,0,0,0,0,0,77.14,30,73.35,68.91,56.1,0,0
2026-08-02T11:13:43.116000+09:00,2026-08-02T02:13:43.116000+00:00,094623,2287.1,1,0,0,0,0,13354,497,13354,0,0,0,0,4651,-28608,10326,6,4480,0,129,0,0,0,0,0,0,0,0,0,31082107,2018,0.45,935.39,3222.45,0,55.3,98.6,67.9,42.5,62.6,528.4,56.7,607.2,146.7,146.6,1075.3,360896,1004,12.67,89,1500,2.58,1.16,29.9,41.4,60,24.44,12163682,71607,76,3404.64,0,1200,400,720,240,4200,7500,8500,102,1.5,6000,0,0,0,0,0,76.68,30,73.94,66.36,56,0,0
2026-08-02T11:14:43.221000+09:00,2026-08-02T02:14:43.221000+00:00,094623,2560.5,1,0,0,0,0,13354,497,13354,0,0,0,0,4655,-28608,10326,6,4480,528,129,0,0,0,0,0,0,0,0,0,31082107,2018,0.45,1189.31,3749.81,0,55.4,97.8,67.6,42.5,62.8,525.8,57,606.6,151.1,151,1060.4,360897,1005,12.69,89.3,1500,2.57,1.15,30.6,39,60,24.26,12163686,71607,73.24,3404.64,0,1200,400,720,240,4200,7500,8500,102,1.5,6000,0,0,0,0,0,75.28,30,71.63,65.75,56,0,0
2026-08-02T11:15:43.317000+09:00,2026-08-02T02:15:43.317000+00:00,094623,1678.8,1,0,0,0,0,13354,519,13354,0,0,0,0,4655,-28608,10390,590,21376,8192,129,0,0,0,0,0,0,0,0,0,31082107,2018,0.43,716.88,2395.7,0,55.6,97.6,67.7,42.5,63.1,524.6,57.7,605.6,146.1,145.4,1040.1,360897,1005,12.94,89.9,1560,2.77,1.03,23,33,60,14.42,12163690,71607,68.73,3404.64,0,1200,400,720,240,4200,7500,8500,102,1.5,6000,0,0,0,0,0,68.49,30,64.19,60.72,56.1,0,0
2026-08-02T11:16:43.415000+09:00,2026-08-02T02:16:43.415000+00:00,094623,1555.5,1,0,0,0,0,13354,520,13354,0,0,0,0,4655,-28608,10326,6,4992,0,129,0,0,0,0,0,0,0,0,0,31082107,2018,0.47,712,2267.52,0,55.4,97,68.3,42.6,62.8,521.5,57.5,599.5,138.3,137.3,1041.2,360897,1005,12.59,91.5,1560,2.76,1.07,23.8,35.2,60,16.21,12163692,71607,61.39,3404.65,0,1200,400,720,240,4200,7500,8500,102,1.5,6000,0,0,0,0,0,70.54,30,61.24,67.01,56.1,0,0
2026-08-02T11:17:43.522000+09:00,2026-08-02T02:17:43.522000+00:00,094623,2230.9,1,0,0,0,0,13354,497,13354,0,0,0,0,4655,-28608,10390,6,20864,0,129,0,0,0,0,0,0,0,0,0,31082107,2018,0.51,924.41,3155.31,0,55.4,98.7,68.3,42.6,62.4,517.4,57.2,604,140.8,140.1,1042.3,360897,1005,12.68,90.2,1500,2.59,1.16,29.7,40.8,60,23.28,12163694,71607,67.1,3404.65,0,1200,400,720,240,4200,7500,8500,102,1.5,6000,0,0,0,0,0,76.78,30,71.54,70.42,56.1,0,0
2026-08-02T11:18:43.606000+09:00,2026-08-02T02:18:43.606000+00:00,094623,2263.9,1,0,0,0,0,13354,496,13354,0,0,0,0,4651,-28608,10326,6,4480,0,129,0,0,0,0,0,0,0,0,0,31082107,2018,0.47,945.16,3209.02,0,55.6,99.1,68.1,42.6,62.7,526.4,56.3,607.8,147.5,147.2,1042,360897,1005,12.47,89.3,1500,2.57,1.15,29.7,41.2,60,24.47,12163698,71607,75.95,3404.65,0,1200,400,720,240,4200,7500,8500,102,1.5,6000,0,0,0,0,0,77.13,30,75.19,67.75,56.1,0,0
2026-08-02T11:19:43.705000+09:00,2026-08-02T02:19:43.705000+00:00,094623,2404.2,1,0,0,0,0,13354,496,13354,0,0,0,0,4655,-28608,18534,6,12676,528,129,0,0,0,0,0,0,0,0,0,31082107,2018,0.46,975.68,3379.92,0,55.7,98.3,67.8,42.6,62.9,527.6,57.8,608.6,150.1,149.7,1042.7,360897,1005,12.77,89.1,1500,2.58,1.16,30.1,40.8,60,24.17,12163702,71607,74.34,3404.65,0,1200,400,720,240,4200,7500,8500,102,1.5,6000,0,0,0,0,0,76.19,30,73.86,65.95,56.1,0,0
2026-08-02T11:20:43.793000+09:00,2026-08-02T02:20:43.793000+00:00,094623,1998.7,1,0,0,0,0,13354,502,13354,0,0,0,0,4655,-28608,10326,6,4992,0,129,0,0,0,0,0,0,0,0,0,31082107,2018,0.41,749.84,2748.5,0,55.8,98.2,67.8,42.6,63.3,527.7,58.2,609.9,152.1,151.7,1052.6,360898,1006,12.77,89.9,1510,2.63,1.1,25.2,35.4,60,16.51,12163706,71607,73.58,3404.65,0,1200,400,720,240,4200,7500,8500,102,1.5,6000,0,0,0,0,0,70.43,30,68.55,62.19,56.1,0,0
2026-08-02T11:21:43.900000+09:00,2026-08-02T02:21:43.900000+00:00,094623,1433.5,1,0,0,0,0,13354,499,13354,0,0,0,0,4651,-28608,10326,6,4992,0,129,0,0,0,0,0,0,0,0,0,31082107,2018,0.45,536.21,1969.66,0,55.6,96.2,68.4,42.6,63,526.4,58.8,600.8,141.4,140.3,1042.2,360898,1006,12.68,90.7,1500,2.63,1.13,23,37.3,60,11.15,12163708,71607,63.54,3404.65,0,1200,400,720,240,4200,7500,8500,102,1.5,6000,0,0,0,0,0,69.6,30,58.59,62.23,56.2,0,0
2026-08-02T11:22:43.994000+09:00,2026-08-02T02:22:43.994000+00:00,094623,1752.1,1,0,0,0,0,13354,495,13354,0,0,0,0,4651,-28608,10326,6,4480,8,129,0,0,0,0,0,0,0,0,0,31082107,2018,0.47,680.26,2432.32,0,55.4,98.4,68.5,42.7,62.6,520.6,58.2,599.9,137.6,136.4,1038.9,360898,1006,12.76,91.2,1490,2.6,1.19,26.7,41,60,16.82,12163710,71607,65.29,3404.65,0,1200,400,720,240,4200,7500,8500,102,1.5,6000,0,0,0,0,0,74.26,30,67.55,69.73,56.1,0,0
2026-08-02T11:23:44.088000+09:00,2026-08-02T02:23:44.088000+00:00,094623,2290.7,1,0,0,0,0,13354,496,13354,0,0,0,0,4651,-28608,10326,6,4480,0,129,0,0,0,0,0,0,0,0,0,31082107,2018,0.48,918.3,3209.02,0,55.7,99.1,68.1,42.7,62.6,524.2,57.3,607.1,146.8,146.4,1024,360898,1006,12.59,89.4,1500,2.57,1.14,29.7,40.9,60,24.54,12163714,71607,72.2,3404.65,0,1200,400,720,240,4200,7500,8500,102,1.5,6000,0,0,0,0,0,77.74,30,75.11,68.65,56.2,0,0
2026-08-02T11:24:44.181000+09:00,2026-08-02T02:24:44.181000+00:00,094623,2454.3,1,0,0,0,0,13354,497,13354,0,0,0,0,4651,-28608,18518,6,4480,528,129,0,0,0,0,0,0,0,0,0,31082107,2018,0.42,1003.75,3458.05,0,55.8,97.8,67.8,42.7,62.9,526.2,56.2,613.9,148.6,148,1035.6,360898,1006,12.71,89,1500,2.58,1.17,30.3,40.6,60,24.4,12163718,71607,74.46,3404.66,0,1200,400,720,240,4200,7500,8500,102,1.5,6000,0,0,0,0,0,76.82,30,72.08,66.31,56.2,0,0
2026-08-02T11:25:44.291000+09:00,2026-08-02T02:25:44.291000+00:00,094623,2154.0,1,0,0,0,0,13354,512,13354,0,0,0,0,4655,-28608,10326,6,4992,0,129,0,0,0,0,0,0,0,0,0,31082107,2018,0.41,1001.31,3155.31,0,55.8,97.6,67.8,42.7,63.2,521.5,57.2,609.4,148.5,148.1,1031.1,360898,1006,12.51,89.3,1580,2.71,1.1,26.5,34.5,60,11.56,12163721,71607,72.45,3404.66,0,1200,400,720,240,4200,7500,8500,102,1.5,6000,0,0,0,0,0,68.75,30,63.18,58.23,56.3,0,0
2026-08-02T11:26:44.390000+09:00,2026-08-02T02:26:44.390000+00:00,094623,1893.7,1,0,0,0,0,13354,471,13354,0,0,0,0,4651,-28608,10326,518,4992,0,129,0,0,0,0,0,0,0,0,0,31082107,2018,0.47,857.26,2750.94,0,55.6,96.8,68.2,42.7,63,522.5,56.6,602.8,140.4,139.5,1029.9,360899,1007,12.79,91.2,1490,2.45,1.22,26.9,37,60,11.13,12163723,71607,61.89,3404.66,0,1200,400,720,240,4200,7500,8500,102,1.5,6000,0,0,0,0,0,69.18,30,58.72,63.66,56.3,0,0
2026-08-02T11:27:44.501000+09:00,2026-08-02T02:27:44.501000+00:00,094623,2201.6,1,0,0,0,0,13354,496,13354,0,0,0,0,4655,-28608,12374,6,4512,72,129,0,0,0,0,0,0,0,0,0,31082107,2018,0.5,992.77,3194.37,0,55.5,98.5,68.4,42.8,62.7,516.1,55.4,604.8,141.6,140.8,1037.3,360899,1007,12.71,90.1,1500,2.57,1.17,29.6,40.7,60,23.17,12163726,71607,69.37,3404.66,0,1200,400,720,240,4200,7500,8500,102,1.5,6000,0,0,0,0,0,77.95,30,70.81,69.98,56.3,0,0
2026-08-02T11:28:44.616000+09:00,2026-08-02T02:28:44.616000+00:00,094623,2311.5,1,0,0,0,0,13354,498,13354,0,0,0,0,4651,-28608,10326,6,4480,0,129,0,0,0,0,0,0,0,0,0,31082107,2018,0.47,975.68,3287.15,0,55.5,99.2,68,42.8,62.9,525.1,55.8,608.9,148.2,147.8,1087.6,360899,1007,12.45,89.1,1500,2.59,1.16,30,41.1,60,24.54,12163730,71607,74.46,3404.66,0,1200,400,720,240,4200,7500,8500,102,1.5,6000,0,0,0,0,0,77.85,30,75.54,66.96,56.3,0,0
2026-08-02T11:29:44.715000+09:00,2026-08-02T02:29:44.715000+00:00,094623,2405.5,1,0,0,0,0,13354,495,13354,0,0,0,0,4651,-28608,18518,6,4480,528,129,0,0,0,0,0,0,0,0,0,31082107,2018,0.46,1003.75,3409.22,0,55.6,98.5,68,42.8,63.2,526.3,54.7,609.6,151.5,151.1,1038.9,360899,1007,12.71,89.1,1490,2.57,1.16,29.9,40,60,24.32,12163734,71607,75.06,3404.66,0,1200,400,720,240,4200,7500,8500,102,1.5,6000,0,0,0,0,0,77.82,30,74.54,65.64,56.3,0,0
2026-08-02T11:30:44.825000+09:00,2026-08-02T02:30:44.825000+00:00,094623,2028.0,1,0,0,0,0,13354,501,13354,0,0,0,0,4651,-28608,10326,6,4992,0,129,0,0,0,0,0,0,0,0,0,31082107,2018,0.42,733.97,2761.92,0,55.8,98.2,68,42.7,63.4,528.1,55.8,611.8,152.2,151.8,1057.5,360899,1007,12.21,89.9,1510,2.63,1.11,25.4,35.6,60,16.77,12163738,71607,73.48,3404.66,0,1200,400,720,240,4200,7500,8500,102,1.5,6000,0,0,0,0,0,72.7,30,69.01,62.19,56.3,0,0
2026-08-02T11:31:44.939000+09:00,2026-08-02T02:31:44.939000+00:00,094623,1433.5,1,0,0,0,0,13354,498,13354,0,0,0,0,4655,-28608,10326,6,4992,0,129,0,0,0,0,0,0,0,0,0,31082107,2018,0.46,559.4,1992.86,0,55.7,96.4,68.1,42.7,63.2,526.2,59.2,604,141.4,140.2,1026.1,360899,1007,12.59,90.9,1500,2.63,1.14,23,37.2,60,11.29,12163740,71607,62.48,3404.66,0,1200,400,720,240,4200,7500,8500,102,1.5,6000,0,0,0,0,0,70.16,30,59.55,62.74,56.3,0,0
2026-08-02T11:32:45.021000+09:00,2026-08-02T02:32:45.021000+00:00,094623,1722.8,1,0,0,0,0,13354,494,13354,0,0,0,0,4651,-28608,12374,6,4512,72,129,0,0,0,0,0,0,0,0,0,31082107,2018,0.46,710.78,2433.55,0,55.6,98.1,68.2,42.8,62.7,521.4,57.2,599.7,137,135.9,1018.2,360900,1008,12.61,91.1,1490,2.59,1.2,26.5,40.9,60,16.1,12163742,71607,65.18,3404.66,0,1200,400,720,240,4200,7500,8500,102,1.5,6000,0,0,0,0,0,74.03,30,66.69,69.16,56.4,0,0
2026-08-02T11:33:45.129000+09:00,2026-08-02T02:33:45.129000+00:00,094623,2390.8,1,0,0,0,0,13354,498,13354,0,0,0,0,4655,-28608,10326,6,4480,0,129,0,0,0,0,0,0,0,0,0,31082107,2018,0.47,951.26,3342.08,0,55.7,99.3,68,42.8,62.8,522.8,57.2,611.4,147.3,146.8,1018.3,360900,1008,12.68,89.2,1510,2.59,1.13,29.7,39.9,60,24.49,12163746,71607,72.69,3404.67,0,1200,400,720,240,4200,7500,8500,102,1.5,6000,0,0,0,0,0,78.21,30,76.14,67.61,56.4,0,0
2026-08-02T11:34:45.221000+09:00,2026-08-02T02:34:45.221000+00:00,094623,2276.1,1,0,0,0,0,13354,497,13354,0,0,0,0,4655,-26560,18582,6,20864,528,129,0,0,0,0,0,0,0,0,0,31082107,2018,0.42,886.56,3162.63,0,55.7,97.8,67.9,42.8,63,530.8,57.4,607,147.7,147.1,1037.8,360900,1008,12.58,89.1,1500,2.57,1.16,29.6,41.8,60,24.49,12163750,71607,74.04,3404.67,0,1200,400,720,240,4200,7500,8500,102,1.5,6000,0,0,0,0,0,77.89,30,72.46,65.7,56.4,0,0
2026-08-02T11:35:45.324000+09:00,2026-08-02T02:35:45.324000+00:00,094623,2521.4,1,0,0,0,0,13354,496,13354,0,0,0,0,4651,-28608,10326,6,4480,0,129,0,0,0,0,0,0,0,0,0,31082107,2018,0.43,1074.56,3596,0,55.8,97.3,68,42.8,63.2,527.3,58.2,606.9,151.2,150.8,1058.5,360900,1008,12.88,90,1490,2.57,1.16,30.1,39.5,60,24.53,12163754,71607,72.79,3404.67,0,1200,400,720,240,4200,7500,8500,102,1.5,6000,0,0,0,0,0,77.96,30,70.01,67.66,56.4,0,0
2026-08-02T11:36:45.428000+09:00,2026-08-02T02:36:45.428000+00:00,094623,1538.4,1,0,0,0,0,13354,493,13354,0,0,0,0,4655,-28608,10342,6,13188,0,129,0,0,0,0,0,0,0,0,0,31082107,2018,0.45,528.89,2067.32,0,55.9,98,68,42.8,63.4,528.3,57.4,603.6,146.6,146,1022.8,360900,1008,12.84,91.1,1490,2.6,1.11,22.8,35.5,60,11.06,12163757,71607,72.07,3404.67,0,1200,400,720,240,4200,7500,8500,102,1.5,6000,0,0,0,0,0,69.86,30,63.61,63.73,56.4,0,0
2026-08-02T11:37:45.529000+09:00,2026-08-02T02:37:45.529000+00:00,094623,1409.0,1,0,0,0,0,13354,492,13354,0,0,0,0,4651,-28608,12374,6,5024,72,129,0,0,0,0,0,0,0,0,0,31082107,2018,0.42,638.75,2047.79,0,55.8,97.2,68.1,42.8,63,523.4,57.2,601.2,139.9,138.8,1059.2,360900,1008,12.69,91.1,1490,2.6,1.12,23.1,35.9,60,11.34,12163759,71607,64.47,3404.67,0,1200,400,720,240,4200,7500,8500,102,1.5,6000,0,0,0,0,0,70.32,30,60.31,66.04,56.4,0,0
2026-08-02T11:38:45.635000+09:00,2026-08-02T02:38:45.635000+00:00,094623,2289.5,1,0,0,0,0,13354,497,13354,0,0,0,0,4651,-28608,10342,6,12676,0,129,0,0,0,0,0,0,0,0,0,31082107,2018,0.5,979.34,3268.84,0,55.8,98.8,68.2,42.8,62.8,518.3,57.7,606.9,144.1,143.5,1032.9,360901,1009,12.79,89.7,1500,2.57,1.16,29.8,40.3,60,23.77,12163762,71607,63.47,3404.67,0,1200,400,720,240,4200,7500,8500,102,1.5,6000,0,0,0,0,0,78.68,30,72.94,69.5,56.4,0,0
2026-08-02T11:39:45.745000+09:00,2026-08-02T02:39:45.745000+00:00,094623,2404.2,1,0,0,0,0,13354,496,13354,0,0,0,0,4655,-26560,18518,14,4480,8720,129,0,0,0,0,0,0,0,0,0,31082107,2018,0.48,1019.62,3423.87,0,55.9,98.9,67.8,42.9,63.1,525.5,58.3,608.7,148.8,148.4,1036.9,360901,1009,12.56,89.8,1500,2.57,1.16,30.1,40.5,60,24.08,12163766,71607,74.27,3404.67,0,1200,400,720,240,4200,7500,8500,102,1.5,6000,0,0,0,0,0,77.61,30,75.08,69.68,56.4,0,0
2026-08-02T11:40:45.845000+09:00,2026-08-02T02:40:45.845000+00:00,094623,1772.8,1,0,0,0,0,13354,502,13354,0,0,0,0,4651,-28608,10326,6,4992,0,129,0,0,0,0,0,0,0,0,0,31082107,2018,0.4,603.35,2376.17,0,55.9,97.9,67.6,42.9,63.3,530.3,59.2,612.6,150.1,149.6,1021.7,360901,1009,12.94,90.2,1510,2.65,1.1,24.1,36.6,60,14.76,12163769,71607,75.16,3404.67,0,1200,400,720,240,4200,7500,8500,102,1.5,6000,0,0,0,0,0,70.42,30,66.44,64.66,56.4,0,0
2026-08-02T11:41:45.950000+09:00,2026-08-02T02:41:45.950000+00:00,094623,1838.7,1,0,0,0,0,13354,478,13354,0,0,0,0,4651,-28608,10326,6,4992,0,129,0,0,0,0,0,0,0,0,0,31082107,2018,0.43,775.47,2614.22,0,55.7,96.7,68.2,43,62.9,526.8,57.8,600.2,138.6,137.5,1048.8,360901,1009,12.13,90.5,1510,2.48,1.22,26.9,38.9,60,9.9,12163771,71607,63.12,3404.68,0,1200,400,720,240,4200,7500,8500,102,1.5,6000,0,0,0,0,0,69.96,30,59.56,63.58,56.4,0,0
2026-08-02T11:42:46.047000+09:00,2026-08-02T02:42:46.047000+00:00,094623,1941.3,1,0,0,0,0,13354,492,13354,0,0,0,0,4651,-28608,12374,6,4512,72,129,0,0,0,0,0,0,0,0,0,31082107,2018,0.48,801.11,2742.39,0,55.7,98.3,68.1,43,62.6,518.2,60.6,602.7,138.3,137.4,1049.7,360901,1009,11.57,90.5,1490,2.57,1.21,27.9,40.7,60,17.63,12163774,71607,63.2,3404.68,0,1200,400,720,240,4200,7500,8500,102,1.5,6000,0,0,0,0,0,74.63,30,68.23,69.34,56.5,0,0
2026-08-02T11:43:46.156000+09:00,2026-08-02T02:43:46.156000+00:00,094623,2362.7,1,0,0,0,0,13354,496,13354,0,0,0,0,4651,-28608,10326,6,4480,0,129,0,0,0,0,0,0,0,0,0,31082107,2018,0.5,981.78,3344.52,0,55.8,99.3,67.9,43,62.8,522.3,60.4,610.5,149,148.7,1069.7,360901,1009,12.64,89.3,1500,2.58,1.14,29.9,40.5,60,24.45,12163777,71607,72.66,3404.68,0,1200,400,720,240,4200,7500,8500,102,1.5,6000,0,0,0,0,0,77.59,30,75.9,68.96,56.5,0,0
2026-08-02T11:44:46.251000+09:00,2026-08-02T02:44:46.251000+00:00,094623,2680.1,1,0,0,0,0,13354,496,13354,0,0,0,0,4655,-28608,18518,6,4480,528,129,0,0,0,0,0,0,0,0,0,31082107,2018,0.47,1245.46,3925.6,0,55.9,98.5,67.9,43,63.2,522.7,64.6,613.3,151.8,151.4,1055.6,360902,1010,12.5,89,1500,2.57,1.17,31.1,38.7,60,24.37,12163781,71607,74.78,3404.68,0,1200,400,720,240,4200,7500,8500,102,1.5,6000,0,0,0,0,0,77.54,30,74.96,66.67,56.5,0,0
2026-08-02T11:45:46.364000+09:00,2026-08-02T02:45:46.364000+00:00,094623,1705.7,1,0,0,0,0,13354,521,13354,0,0,0,0,4651,-28608,10326,518,4992,0,129,0,0,0,0,0,0,0,0,0,31082107,2018,0.45,759.61,2465.28,0,55.9,97.1,68.2,43,63.4,521.4,62.6,604.4,144.4,143.7,1033.3,360902,1010,12.82,89.3,1570,2.76,1.07,24.5,35.1,60,14.7,12163784,71607,65.83,3404.68,0,1200,400,720,240,4200,7500,8500,102,1.5,6000,0,0,0,0,0,72.82,30,65.27,61.04,56.5,0,0
2026-08-02T11:46:46.466000+09:00,2026-08-02T02:46:46.466000+00:00,094623,1693.5,1,0,0,0,0,13354,522,13354,0,0,0,0,4651,-28608,10326,6,4992,0,129,0,0,0,0,0,0,0,0,0,31082107,2018,0.48,755.94,2449.42,0,55.5,97.2,68.3,43,63,523.1,59.5,597.7,137,136,1006.7,360902,1010,12.77,92.4,1570,2.75,1.11,25.4,37.4,60,11.67,12163786,71607,60.18,3404.68,0,1200,400,720,240,4200,7500,8500,102,1.5,6000,0,0,0,0,0,74.32,30,64.41,72.24,56.6,0,0
2026-08-02T11:47:46.567000+09:00,2026-08-02T02:47:46.567000+00:00,094623,2252.9,1,0,0,0,0,13354,498,13354,0,0,0,0,4651,-28608,12374,6,4512,72,129,0,0,0,0,0,0,0,0,0,31082107,2018,0.48,878.02,3130.89,0,55.5,99,68.1,43,62.6,520.9,60.3,604.1,141.3,140.7,1021.6,360902,1010,12.64,89.4,1510,2.6,1.15,29.6,41.5,60,23.98,12163789,71607,70.52,3404.68,0,1200,400,720,240,4200,7500,8500,102,1.5,6000,0,0,0,0,0,78.73,30,74.66,69.56,56.6,0,0
2026-08-02T11:48:46.653000+09:00,2026-08-02T02:48:46.653000+00:00,094623,2305.4,1,0,0,0,0,13354,497,13354,0,0,0,0,4655,-28608,10326,590,4480,8192,129,0,0,0,0,0,0,0,0,0,31082107,2018,0.45,940.27,3245.64,0,55.8,98.6,67.7,43,62.9,526.3,58.4,606.2,147.2,147,1030.3,360902,1010,12.47,88.8,1500,2.58,1.15,29.9,41.2,60,24.47,12163793,71607,73.84,3404.68,0,1200,400,720,240,4200,7500,8500,102,1.5,6000,0,0,0,0,0,77.46,30,75.14,66.48,56.6,0,0
2026-08-02T11:49:46.755000+09:00,2026-08-02T02:49:46.755000+00:00,094623,2606.9,1,0,0,0,0,13354,503,13354,0,0,0,0,4651,-28608,18518,6,4992,16,129,0,0,0,0,0,0,0,0,0,31082107,2018,0.41,1128.27,3735.16,0,55.9,97.7,67.4,43,63.2,522.1,58.5,612.2,151.4,151.3,1053.1,360902,1010,12.74,89.2,1520,2.62,1.15,29.6,37.4,60,23.38,12163797,71607,72.73,3404.68,0,1200,400,720,240,4200,7500,8500,102,1.5,6000,0,0,0,0,0,74.57,30,71.26,64.68,56.6,0,0
2026-08-02T11:50:46.856000+09:00,2026-08-02T02:50:46.856000+00:00,094623,1454.2,1,0,0,0,0,13354,499,13354,0,0,0,0,4651,-28608,10326,6,4992,0,129,0,0,0,0,0,0,0,0,0,31082107,2018,0.45,605.79,2060,0,55.8,97,68.1,43,63.3,524.9,57.8,602.6,142.9,142,1034,360903,1011,12.68,90.7,1500,2.64,1.13,23.2,36.6,60,11.26,12163800,71607,61.21,3404.69,0,1200,400,720,240,4200,7500,8500,102,1.5,6000,0,0,0,0,0,69.35,30,61.59,61.96,56.6,0,0
2026-08-02T11:51:46.959000+09:00,2026-08-02T02:51:46.959000+00:00,094623,1344.3,1,0,0,0,0,13354,498,13354,0,0,0,0,4651,-28608,10326,590,4992,8192,129,0,0,0,0,0,0,0,0,0,31082107,2018,0.45,537.43,1881.77,0,55.7,97.4,68.5,43,62.9,524.3,58.9,596.1,137.7,136.8,1030.7,360903,1011,12.63,91.8,1500,2.63,1.13,22.9,37.5,60,11.1,12163802,71607,64.08,3404.69,0,1200,400,720,240,4200,7500,8500,102,1.5,6000,0,0,0,0,0,71.12,30,61.18,67.52,56.6,0,0
2026-08-02T11:52:47.048000+09:00,2026-08-02T02:52:47.048000+00:00,094623,2160.1,1,0,0,0,0,13354,495,13354,0,0,0,0,4655,-28608,12374,6,4512,72,129,0,0,0,0,0,0,0,0,0,31082107,2018,0.5,899.99,3060.09,0,55.8,99.3,68.2,43.1,62.7,524.5,56.8,604.8,143.1,142.6,1037.2,360903,1011,12.81,89.7,1500,2.57,1.16,29.7,42.3,60,24.05,12163805,71607,72.2,3404.69,0,1200,400,720,240,4200,7500,8500,102,1.5,6000,0,0,0,0,0,78.81,30,75.42,70.03,56.6,0,0
2026-08-02T11:53:47.144000+09:00,2026-08-02T02:53:47.144000+00:00,094623,2250.4,1,0,0,0,0,13354,496,13354,0,0,0,0,4655,-28608,10390,590,20864,8192,129,0,0,0,0,0,0,0,0,0,31082107,2018,0.46,868.25,3118.69,0,56.1,98.5,67.9,43.1,63.1,528.5,58.4,610.3,147.3,147,1028.2,360903,1011,12.71,89.3,1500,2.58,1.15,29.6,41.6,60,24.33,12163809,71607,75.02,3404.69,0,1200,400,720,240,4200,7500,8500,102,1.5,6000,0,0,0,0,0,77.92,30,74.64,68.04,56.7,0,0
2026-08-02T11:54:47.256000+09:00,2026-08-02T02:54:47.256000+00:00,094623,2501.9,1,0,0,0,0,13354,496,13354,0,0,0,0,4655,-28608,10326,6,4480,0,129,0,0,0,0,0,0,0,0,0,31082107,2018,0.44,1051.36,3553.27,0,56.3,97.9,67.6,43.1,63.4,526.1,57.8,613.1,149.6,149.3,1052.3,360903,1011,12.67,89.3,1500,2.57,1.16,30.3,39.8,60,24.48,12163813,71607,74.22,3404.69,0,1200,400,720,240,4200,7500,8500,102,1.5,6000,0,0,0,0,0,76.56,30,73.04,66.87,56.7,0,0
2026-08-02T11:55:47.355000+09:00,2026-08-02T02:55:47.355000+00:00,094623,1864.4,1,0,0,0,0,13354,486,13354,0,0,0,0,4655,-26560,10342,6,13188,0,129,0,0,0,0,0,0,0,0,0,31082107,2018,0.41,630.21,2494.58,0,56.5,97.8,67.8,43.1,63.7,526.3,58.1,607.1,148.8,148.5,1025.3,360903,1011,12.82,89.8,1340,2.52,1.94,26.5,38,60,12.24,12163817,71607,70.62,3404.69,0,1200,400,720,240,4200,7500,8500,102,1.5,6000,0,0,0,0,0,69.01,30,64.74,59.74,56.7,0,0
2026-08-02T11:56:47.439000+09:00,2026-08-02T02:56:47.439000+00:00,094623,1374.9,1,0,0,0,0,13354,497,13354,0,0,0,0,4651,-28608,10326,6,4992,0,129,0,0,0,0,0,0,0,0,0,31082107,2018,0.47,437.33,1812.19,0,56.2,96.7,68.4,43.2,63.4,524,60.6,598.6,141,140.2,1025.4,360904,1012,12.92,91.7,1500,2.63,1.11,23.2,37.3,60,11.31,12163819,71607,62.19,3404.69,0,1200,400,720,240,4200,7500,8500,102,1.5,6000,0,0,0,0,0,70.82,30,59.86,66.12,56.7,0,0
2026-08-02T11:57:47.601000+09:00,2026-08-02T02:57:47.601000+00:00,094623,2154.0,1,0,0,0,0,13354,496,13354,0,0,0,0,4655,-26560,12374,6,4512,8,129,0,0,0,0,0,0,0,0,0,31082107,2018,0.49,1006.2,3160.19,0,56.1,98.8,68.5,43.2,63.1,516.9,69.8,600.1,141.7,141.1,1030.3,360904,1012,12.7,89.8,1490,2.57,1.18,29.6,40.8,60,21.88,12163821,71607,67.67,3404.69,0,1200,400,720,240,4200,7500,8500,102,1.5,6000,0,0,0,0,0,78.92,30,72.66,69.5,56.7,0,0
2026-08-02T11:58:47.693000+09:00,2026-08-02T02:58:47.693000+00:00,094623,2199.2,1,0,0,0,0,13354,497,13354,0,0,0,0,4655,-28608,10326,6,4480,0,129,0,0,0,0,0,0,0,0,0,31082107,2018,0.46,884.12,3083.28,0,56.2,99.1,68.1,43.2,63.3,526.7,63.6,605,148.7,148.6,1042.4,360904,1012,12.46,89.1,1500,2.58,1.14,29.4,41.6,60,24.55,12163825,71607,73.57,3404.69,0,1200,400,720,240,4200,7500,8500,102,1.5,6000,0,0,0,0,0,79.23,30,76.34,67.4,56.8,0,0
2026-08-02T11:59:47.796000+09:00,2026-08-02T02:59:47.796000+00:00,094623,2431.1,1,0,0,0,0,13354,497,13354,0,0,0,0,4655,-28608,10326,6,4480,0,129,0,0,0,0,0,0,0,0,0,31082107,2018,0.39,1053.8,3484.91,0,56.3,97.5,67.6,43.2,63.5,526.9,59.4,609.3,150.6,150.4,1047.2,360904,1012,12.69,89.3,1500,2.58,1.16,30.2,40.2,60,24.53,12163829,71607,73.64,3404.7,0,1200,400,720,240,4200,7500,8500,102,1.5,6000,0,0,0,0,0,77.52,30,71.92,66.76,56.8,0,0
2026-08-02T12:00:47.925000+09:00,2026-08-02T03:00:47.925000+00:00,094623,1717.9,1,0,0,0,0,13354,500,13354,0,0,0,0,4651,-28608,10326,6,4992,0,129,0,0,0,0,0,0,0,0,0,31082107,2018,0.41,627.77,2345.65,0,56.4,97.7,67.6,43.2,63.8,526,59.5,604.8,149.9,149.6,1027.4,360904,1012,12.86,89.7,1500,2.64,1.13,23.6,35.5,60,12.59,12163833,71607,72.61,3404.7,0,1200,400,720,240,4200,7500,8500,102,1.5,6000,0,0,0,0,0,69.47,30,64.34,59.95,56.7,0,0
2026-08-02T12:01:47.985000+09:00,2026-08-02T03:01:47.985000+00:00,094623,1423.7,1,0,0,0,0,13354,497,13354,0,0,0,0,4651,-28608,10326,6,4992,0,129,0,0,0,0,0,0,0,0,0,31082107,2018,0.46,548.42,1972.11,0,56.1,96.7,68.3,43.3,63.5,525.3,60.2,597.2,141.1,140.2,1043.3,360904,1012,12.73,91.3,1500,2.62,1.13,23,36.9,60,11.18,12163834,71607,61.55,3404.7,0,1200,400,720,240,4200,7500,8500,102,1.5,6000,0,0,0,0,0,70.7,30,59.42,64.83,56.8,0,0
2026-08-02T12:02:48.081000+09:00,2026-08-02T03:02:48.081000+00:00,094623,2056.3,1,0,0,0,0,13354,496,13354,0,0,0,0,4651,-28608,10326,6,4480,528,129,0,0,0,0,0,0,0,0,0,31082107,2018,0.51,867.03,2923.37,0,55.9,98.5,68.2,43.4,63,518.6,60.1,600.8,140.1,139.2,1019.8,360905,1013,12.67,90.9,1490,2.57,1.18,29.1,42,60,22.19,12163837,71607,65.89,3404.7,0,1200,400,720,240,4200,7500,8500,102,1.5,6000,0,0,0,0,0,77.64,30,70.74,72.56,56.8,0,0
2026-08-02T12:03:48.179000+09:00,2026-08-02T03:03:48.179000+00:00,094623,2317.6,1,0,0,0,0,13354,497,13354,0,0,0,0,4651,-28608,10326,6,4480,0,129,0,0,0,0,0,0,0,0,0,31082107,2018,0.47,954.92,3272.5,0,56,99.4,68.1,43.4,63.1,525.9,58.5,603.6,147.9,147.5,1034,360905,1013,12.86,89.2,1510,2.57,1.15,29.9,40.9,60,24.52,12163841,71607,74.85,3404.7,0,1200,400,720,240,4200,7500,8500,102,1.5,6000,0,0,0,0,0,78.87,30,76.59,68.31,56.9,0,0
2026-08-02T12:04:48.278000+09:00,2026-08-02T03:04:48.278000+00:00,094623,2257.8,1,0,0,0,0,13354,502,13354,0,0,0,0,4651,-28608,10326,6,4992,0,129,0,0,0,0,0,0,0,0,0,31082107,2018,0.44,963.47,3221.23,0,56.1,98.5,67.8,43.3,63.5,522.6,59.3,606.3,152.5,152.2,1078.4,360905,1013,12.91,89.1,1510,2.63,1.1,26.6,34.9,60,18.86,12163845,71607,72.39,3404.7,0,1200,400,720,240,4200,7500,8500,102,1.5,6000,0,0,0,0,0,73.92,30,71.24,62.57,56.9,0,0
2026-08-02T12:05:48.366000+09:00,2026-08-02T03:05:48.366000+00:00,094623,1349.2,1,0,0,0,0,13354,495,13354,0,0,0,0,4651,-28608,10326,6,4992,0,129,0,0,0,0,0,0,0,0,0,31082107,2018,0.45,571.61,1920.83,0,56,96.4,67.9,43.4,63.5,523.3,58.7,598.4,142.2,141.1,1037.8,360905,1013,12.8,90.5,1480,2.6,1.07,22,34.8,60,11.65,12163847,71607,59.86,3404.7,0,1200,400,720,240,4200,7500,8500,102,1.5,6000,0,0,0,0,0,69.87,30,59.99,62.12,56.9,0,0
2026-08-02T12:06:48.470000+09:00,2026-08-02T03:06:48.470000+00:00,094623,1473.7,1,0,0,0,0,13354,493,13354,0,0,0,0,4651,-28608,10326,590,4480,8192,129,0,0,0,0,0,0,0,0,0,31082107,2018,0.43,575.27,2049.01,0,56,97.5,68.1,43.5,63.1,524.1,61.5,594,136.6,135.5,1048.7,360905,1013,12.58,91.2,1490,2.6,1.18,25.1,41.4,60,13.83,12163849,71607,66.22,3404.7,0,1200,400,720,240,4200,7500,8500,102,1.5,6000,0,0,0,0,0,72.5,30,63.3,68.62,56.9,0,0
2026-08-02T12:07:48.574000+09:00,2026-08-02T03:07:48.574000+00:00,094623,2383.5,1,0,0,0,0,13354,499,13354,0,0,0,0,4655,-28608,18518,6,4480,528,129,0,0,0,0,0,0,0,0,0,31082107,2018,0.48,1018.4,3401.9,0,56,99.2,67.8,43.5,63,520.9,59.6,605.3,146,145.4,1049.9,360905,1013,12.9,89.3,1510,2.59,1.15,30.3,40.3,60,24.18,12163853,71607,70.63,3404.7,0,1200,400,720,240,4200,7500,8500,102,1.5,6000,0,0,0,0,0,77.51,30,75.31,68.75,56.9,0,0
2026-08-02T12:08:48.683000+09:00,2026-08-02T03:08:48.683000+00:00,094623,2484.8,1,0,0,0,0,13354,496,13354,0,0,0,0,4651,-28608,10326,6,4480,0,129,0,0,0,0,0,0,0,0,0,31082107,2018,0.45,1052.58,3537.4,0,56.2,98.4,67.9,43.4,63.4,523.8,58.7,610.7,150.2,149.6,1051.5,360906,1014,12.84,88.9,1500,2.57,1.15,30.3,39.8,60,24.51,12163857,71607,74.5,3404.71,0,1200,400,720,240,4200,7500,8500,102,1.5,6000,0,0,0,0,0,77.37,30,74.07,66.03,56.9,0,0
2026-08-02T12:09:48.785000+09:00,2026-08-02T03:09:48.785000+00:00,094623,2265.1,1,0,0,0,0,13354,500,13354,0,0,0,0,4651,-28608,10326,6,4992,0,129,0,0,0,0,0,0,0,0,0,31082107,2018,0.42,920.74,3185.83,0,56.3,98.2,68,43.4,63.8,525.8,58.1,612.6,153,152.4,1028.3,360906,1014,12.93,89.2,1510,2.6,1.11,27.3,36.3,60,20.57,12163861,71607,74.23,3404.71,0,1200,400,720,240,4200,7500,8500,102,1.5,6000,0,0,0,0,0,74.76,30,71.09,62.73,56.9,0,0
2026-08-02T12:10:48.888000+09:00,2026-08-02T03:10:48.888000+00:00,094623,1625.1,1,0,0,0,0,13354,521,13354,0,0,0,0,4651,-28608,10390,6,21376,8,129,0,0,0,0,0,0,0,0,0,31082107,2018,0.46,738.85,2363.96,0,56.1,96.6,68.3,43.5,63.7,523,59.8,598.1,142,140.9,1011.2,360906,1014,12.76,90.6,1570,2.75,1.07,24.1,35.3,60,14.83,12163863,71607,61.54,3404.71,0,1200,400,720,240,4200,7500,8500,102,1.5,6000,0,0,0,0,0,73.21,30,62.76,64.12,57,0,0
2026-08-02T12:11:48.985000+09:00,2026-08-02T03:11:48.985000+00:00,094623,1468.8,1,0,0,0,0,13354,492,13354,0,0,0,0,4655,-28608,10326,6,4480,0,129,0,0,0,0,0,0,0,0,0,31082107,2018,0.45,615.56,2084.41,0,56,97.8,68.3,43.5,63.2,523.1,60.7,599.1,138.6,137.5,1021.1,360906,1014,12.47,91.9,1480,2.58,1.16,24.3,38.8,60,12.28,12163865,71607,64.44,3404.71,0,1200,400,720,240,4200,7500,8500,102,1.5,6000,0,0,0,0,0,71.93,30,63.11,68.83,57,0,0
2026-08-02T12:12:49.072000+09:00,2026-08-02T03:12:49.072000+00:00,094623,2373.7,1,0,0,0,0,13354,497,13354,0,0,0,0,4655,-26560,18582,6,20864,528,129,0,0,0,0,0,0,0,0,0,31082107,2018,0.49,1035.49,3409.22,0,56.1,99.3,67.9,43.4,63.2,520.8,60,605.3,147.4,147,1041.2,360906,1014,12.87,89.3,1500,2.58,1.15,30.3,40,60,24.3,12163868,71607,71.51,3404.71,0,1200,400,720,240,4200,7500,8500,102,1.5,6000,0,0,0,0,0,78.07,30,75.74,68.48,57,0,0
2026-08-02T12:13:49.169000+09:00,2026-08-02T03:13:49.169000+00:00,094623,2414.0,1,0,0,0,0,13354,496,13354,0,0,0,0,4651,-28608,10326,6,4480,0,129,0,0,0,0,0,0,0,0,0,31082107,2018,0.44,998.87,3412.88,0,56.2,98.5,67.9,43.4,63.7,523.7,59.1,609.9,152,151.6,1045,360906,1014,12.67,89,1500,2.56,1.14,30,39.8,60,24.44,12163873,71607,74.82,3404.71,0,1200,400,720,240,4200,7500,8500,102,1.5,6000,0,0,0,0,0,77.93,30,74.72,66.21,57,0,0
2026-08-02T12:14:49.313000+09:00,2026-08-02T03:14:49.313000+00:00,094623,2427.4,1,0,0,0,0,13354,496,13354,0,0,0,0,4655,-28608,10342,6,12676,0,129,0,0,0,0,0,0,0,0,0,31082107,2018,0.42,996.43,3423.87,0,56.3,97.6,67.8,43.4,63.9,526.4,58,607.9,153.2,152.6,1051.2,360907,1015,12.34,89.5,1500,2.57,1.16,30.1,40.2,60,24.22,12163877,71607,73.23,3404.71,0,1200,400,720,240,4200,7500,8500,102,1.5,6000,0,0,0,0,0,77.42,30,72.13,66.46,57,0,0
2026-08-02T12:15:49.388000+09:00,2026-08-02T03:15:49.388000+00:00,094623,1716.7,1,0,0,0,0,13354,499,13354,0,0,0,0,4651,-28608,12374,6,5024,72,129,0,0,0,0,0,0,0,0,0,31082107,2018,0.42,587.48,2304.15,0,56.4,97.6,67.9,43.4,64.1,529.2,57.6,608.9,151.4,150.6,1062.3,360907,1015,12.77,90.3,1500,2.62,1.11,23.7,36.2,60,13.59,12163880,71607,73.64,3404.71,0,1200,400,720,240,4200,7500,8500,102,1.5,6000,0,0,0,0,0,70.74,30,64.5,61.93,57,0,0
2026-08-02T12:16:49.485000+09:00,2026-08-02T03:16:49.485000+00:00,094623,1473.7,1,0,0,0,0,13354,517,13354,0,0,0,0,4651,-28608,10326,6,4992,0,129,0,0,0,0,0,0,0,0,0,31082107,2018,0.45,685.14,2158.88,0,56.3,97.2,68.3,43.5,63.7,522.1,59.3,599.7,140.8,139.5,1089.3,360907,1015,12.77,91.4,1550,2.74,1.04,22.3,33.3,60,13.38,12163882,71607,65.3,3404.72,0,1200,400,720,240,4200,7500,8500,102,1.5,6000,0,0,0,0,0,71.37,30,61.66,65.95,57.1,0,0
2026-08-02T12:17:49.582000+09:00,2026-08-02T03:17:49.582000+00:00,094623,2022.2,1,0,0,0,0,13354,493,13354,0,0,0,0,4651,-28608,18518,6,4480,528,129,0,0,0,0,0,0,0,0,0,31082107,2018,0.49,880.46,2902.62,0,56.2,98,68.2,43.5,63.3,518.3,58.8,598.8,140,138.5,1041.7,360907,1015,12.7,90.9,1490,2.56,1.2,28.5,40.8,60,19.9,12163884,71607,64.74,3404.72,0,1200,400,720,240,4200,7500,8500,102,1.5,6000,0,0,0,0,0,76.64,30,68.42,71.78,57.1,0,0
2026-08-02T12:18:49.705000+09:00,2026-08-02T03:18:49.705000+00:00,094623,2447.0,1,0,0,0,0,13354,495,13354,0,0,0,0,4655,-28608,10326,6,4480,0,129,0,0,0,0,0,0,0,0,0,31082107,2018,0.48,1037.93,3484.91,0,56.3,99.5,68,43.5,63.5,522.8,59.1,609.1,150.7,150.2,1053,360907,1015,12.67,89.4,1490,2.55,1.15,30.1,39.4,60,24.51,12163888,71607,72.15,3404.72,0,1200,400,720,240,4200,7500,8500,102,1.5,6000,0,0,0,0,0,78.46,30,76.69,69.24,57.1,0,0
2026-08-02T12:19:49.810000+09:00,2026-08-02T03:19:49.810000+00:00,094623,2378.6,1,0,0,0,0,13354,496,13354,0,0,0,0,4651,-28608,10326,6,4480,0,129,0,0,0,0,0,0,0,0,0,31082107,2018,0.4,969.57,3348.19,0,56.5,97.8,68.1,43.5,63.9,526.6,59,611.3,152.6,151.8,1053.3,360907,1015,12.67,89.2,1500,2.56,1.15,29.9,40.2,60,24.55,12163892,71607,74.04,3404.72,0,1200,400,720,240,4200,7500,8500,102,1.5,6000,0,0,0,0,0,78.75,30,72.56,67.55,57.1,0,0
2026-08-02T12:20:49.905000+09:00,2026-08-02T03:20:49.905000+00:00,094623,2449.4,1,0,0,0,0,13354,498,13354,0,0,0,0,4651,-28608,12374,518,4512,72,129,0,0,0,0,0,0,0,0,0,31082107,2018,0.4,957.37,3406.78,0,56.5,97.4,68.2,43.6,64.1,527.3,59.3,612.8,154.1,153.4,1058.9,360908,1016,12.77,89.3,1500,2.56,1.14,29.7,39.7,60,24.42,12163896,71607,74.29,3404.72,0,1200,400,720,240,4200,7500,8500,102,1.5,6000,0,0,0,0,0,79.14,30,70.56,66.79,57.1,0,0
2026-08-02T12:21:49.997000+09:00,2026-08-02T03:21:49.997000+00:00,094623,2351.8,1,0,0,0,0,13354,496,13354,0,0,0,0,4655,-28608,10326,6,4480,0,129,0,0,0,0,0,0,0,0,0,31082107,2018,0.46,893.89,3245.64,0,56.7,97.7,68.3,43.6,64.2,530.8,59.4,612.5,153.3,152.5,1069.1,360908,1016,12.8,90,1500,2.56,1.15,29.6,41,60,24.48,12163901,71607,73.6,3404.72,0,1200,400,720,240,4200,7500,8500,102,1.5,6000,0,0,0,0,0,79.67,30,70.6,68.21,57.1,0,0
2026-08-02T12:22:50.088000+09:00,2026-08-02T03:22:50.088000+00:00,094623,2508.0,1,0,0,0,0,13354,496,13354,0,0,0,0,4655,-28608,18518,6,4480,528,129,0,0,0,0,0,0,0,0,0,31082107,2018,0.5,957.37,3465.38,0,56.8,98.3,68,43.6,64.4,529.4,60,611.7,154.9,154.2,1062.4,360908,1016,12.65,91.2,1500,2.55,1.16,30,40.2,60,24.44,12163905,71607,74.03,3404.72,0,1200,400,720,240,4200,7500,8500,102,1.5,6000,0,0,0,0,0,79,30,72.4,72.8,57.2,0,0
2026-08-02T12:23:50.181000+09:00,2026-08-02T03:23:50.181000+00:00,094623,1709.3,1,0,0,0,0,13354,520,13354,0,0,0,0,4651,-28608,10326,6,4992,0,129,0,0,0,0,0,0,0,0,0,31082107,2018,0.42,675.37,2384.72,0,56.9,98.5,68.1,43.6,64.4,524.9,59.9,604.7,150.2,149.3,1072.4,360908,1016,12.76,90.6,1560,2.74,1.03,23.2,33.4,60,16.99,12163908,71607,74.23,3404.72,0,1200,400,720,240,4200,7500,8500,102,1.5,6000,0,0,0,0,0,73.1,30,67.79,66.19,57.2,0,0
2026-08-02T12:24:50.283000+09:00,2026-08-02T03:24:50.283000+00:00,094623,1650.7,1,0,0,0,0,13354,521,13354,0,0,0,0,4651,-28608,10326,6,4992,0,129,0,0,0,0,0,0,0,0,0,31082107,2018,0.47,746.18,2396.92,0,56.7,97.1,68.3,43.6,64.1,521.5,60.1,597.8,142.4,141.3,1029.5,360908,1016,12.76,90.8,1570,2.75,1.08,24.2,34.9,60,14.69,12163910,71607,63.9,3404.73,0,1200,400,720,240,4200,7500,8500,102,1.5,6000,0,0,0,0,0,74.52,30,63.16,68.11,57.2,0,0
2026-08-02T12:25:50.387000+09:00,2026-08-02T03:25:50.387000+00:00,094623,2218.7,1,0,0,0,0,13354,497,13354,0,0,0,0,4651,-28608,12374,6,4512,72,129,0,0,0,0,0,0,0,0,0,31082107,2018,0.51,865.81,3084.51,0,56.5,98.6,68.3,43.7,63.6,517.8,61.3,605.2,144.6,143.6,1045.6,360908,1016,12.9,89.9,1500,2.57,1.15,29.4,40.9,60,23.03,12163912,71607,64.37,3404.73,0,1200,400,720,240,4200,7500,8500,102,1.5,6000,0,0,0,0,0,80.04,30,72.56,71.52,57.2,0,0
2026-08-02T12:26:50.490000+09:00,2026-08-02T03:26:50.490000+00:00,094623,2298.0,1,0,0,0,0,13354,497,13354,0,0,0,0,4651,-28608,10326,6,4480,0,129,0,0,0,0,0,0,0,0,0,31082107,2018,0.48,896.33,3194.37,0,56.6,99,67.9,43.7,63.9,527,59.6,609.3,150.5,149.9,1060.7,360909,1017,12.36,89.3,1500,2.55,1.16,30,41.9,60,24.54,12163916,71607,73.63,3404.73,0,1200,400,720,240,4200,7500,8500,102,1.5,6000,0,0,0,0,0,79.59,30,76.06,69.53,57.2,0,0
2026-08-02T12:27:50.612000+09:00,2026-08-02T03:27:50.612000+00:00,094623,2582.5,1,0,0,0,0,13354,497,13354,0,0,0,0,4655,-26560,18518,6,4480,528,129,0,0,0,0,0,0,0,0,0,31082107,2018,0.49,1058.69,3641.16,0,56.7,98.7,67.6,43.7,64.1,525.1,59.5,608.9,155.3,154.9,1051.2,360909,1017,12.91,89.3,1500,2.57,1.16,30.6,39.5,60,24.08,12163920,71607,74.74,3404.73,0,1200,400,720,240,4200,7500,8500,102,1.5,6000,0,0,0,0,0,78.29,30,76.36,68.42,57.3,0,0
2026-08-02T12:28:50.727000+09:00,2026-08-02T03:28:50.727000+00:00,094623,1456.7,1,0,0,0,0,13354,516,13354,0,0,0,0,4651,-28608,10326,6,4992,0,129,0,0,0,0,0,0,0,0,0,31082107,2018,0.43,591.14,2047.79,0,56.7,96.7,67.9,43.7,64.2,523.6,58.7,601.7,147.6,146.6,1023.8,360909,1017,12.51,89.8,1540,2.72,1.02,21.8,33.3,60,13.05,12163923,71607,67.66,3404.73,0,1200,400,720,240,4200,7500,8500,102,1.5,6000,0,0,0,0,0,70.96,30,62.86,61.47,57.2,0,0
2026-08-02T12:29:50.828000+09:00,2026-08-02T03:29:50.828000+00:00,094623,1565.3,1,0,0,0,0,13354,518,13354,0,0,0,0,4655,-28608,10390,6,21376,0,129,0,0,0,0,0,0,0,0,0,31082107,2018,0.49,748.62,2313.91,0,56.4,97.2,68,43.8,63.8,519.5,64.8,597.1,142.3,141.2,1039.8,360909,1017,12.71,91.3,1550,2.74,1.06,22.9,33,60,14.47,12163925,71607,60.63,3404.73,0,1200,400,720,240,4200,7500,8500,102,1.5,6000,0,0,0,0,0,71.78,30,62.4,66.96,57.3,0,0
2026-08-02T12:30:50.932000+09:00,2026-08-02T03:30:50.932000+00:00,094623,2338.3,1,0,0,0,0,13354,496,13354,0,0,0,0,4651,-28608,12374,6,4512,72,129,0,0,0,0,0,0,0,0,0,31082107,2018,0.5,990.33,3328.65,0,56.3,98.9,68.1,43.8,63.7,519.4,62.3,607.6,149.4,148.6,1036.4,360909,1017,12.75,89.6,1500,2.57,1.14,29.8,39.7,60,24.02,12163928,71607,75.05,3404.73,0,1200,400,720,240,4200,7500,8500,102,1.5,6000,0,0,0,0,0,79.23,30,74.95,70.51,57.3,0,0
2026-08-02T12:31:51.020000+09:00,2026-08-02T03:31:51.020000+00:00,094623,2329.8,1,0,0,0,0,13354,498,13354,0,0,0,0,4655,-26560,10390,6,20864,0,129,0,0,0,0,0,0,0,0,0,31082107,2018,0.44,904.87,3234.66,0,56.5,98.4,68.1,43.7,64,526.6,61.7,612.8,151.8,151.1,1032.8,360909,1017,12.48,88.9,1500,2.56,1.16,29.9,41.3,60,23.89,12163932,71607,75.53,3404.73,0,1200,400,720,240,4200,7500,8500,102,1.5,6000,0,0,0,0,0,79.54,30,75.08,67.07,57.3,0,0
2026-08-02T12:32:51.114000+09:00,2026-08-02T03:32:51.114000+00:00,094623,2271.2,1,0,0,0,0,13354,494,13354,0,0,0,0,4651,-28608,18518,6,4480,16,129,0,0,0,0,0,0,0,0,0,31082107,2018,0.41,838.95,3110.14,0,56.6,97.2,67.9,43.7,64.2,529.8,61.2,611.8,152.3,151.5,1022.8,360910,1018,12.73,89.5,1490,2.55,1.14,29.4,41.2,60,24.46,12163936,71607,73.81,3404.73,0,1200,400,720,240,4200,7500,8500,102,1.5,6000,0,0,0,0,0,78.78,30,70.89,67.26,57.3,0,0
2026-08-02T12:33:51.200000+09:00,2026-08-02T03:33:51.200000+00:00,094623,2626.4,1,0,0,0,0,13354,500,13354,0,0,0,0,4651,-28608,10342,6,13188,0,129,0,0,0,0,0,0,0,0,0,31082107,2018,0.46,1074.56,3700.98,0,56.7,97.6,67.8,43.7,64.3,525.5,65.9,615.4,154.5,153.9,1050.5,360910,1018,12.74,90.1,1510,2.57,1.15,30.2,38.8,60,24.51,12163940,71607,73.6,3404.74,0,1200,400,720,240,4200,7500,8500,102,1.5,6000,0,0,0,0,0,77.94,30,70.62,68.47,57.3,0,0
2026-08-02T12:34:51.313000+09:00,2026-08-02T03:34:51.313000+00:00,094623,1390.7,1,0,0,0,0,13354,491,13354,0,0,0,0,4651,-28608,10326,6,4992,0,129,0,0,0,0,0,0,0,0,0,31082107,2018,0.45,506.91,1897.64,0,56.7,97.4,68.1,43.8,64.3,528.2,62.1,601.9,145.1,143.8,1033.4,360910,1018,12.69,91,1490,2.59,1.11,22.6,37.1,60,11.17,12163943,71607,65.82,3404.74,0,1200,400,720,240,4200,7500,8500,102,1.5,6000,0,0,0,0,0,70.97,30,62.18,63.82,57.4,0,0
2026-08-02T12:35:51.387000+09:00,2026-08-02T03:35:51.387000+00:00,094623,1382.2,1,0,0,0,0,13354,490,13354,0,0,0,0,4651,-28608,12374,6,5024,72,129,0,0,0,0,0,0,0,0,0,31082107,2018,0.45,572.83,1955.02,0,56.5,97.5,68.3,43.9,63.8,524.1,61.7,599.6,140,138.8,1027.9,360910,1018,12.65,91.5,1470,2.58,1.1,22.6,35.8,60,10.89,12163945,71607,66.4,3404.74,0,1200,400,720,240,4200,7500,8500,102,1.5,6000,0,0,0,0,0,71.93,30,61.05,67.73,57.4,0,0
2026-08-02T12:36:51.482000+09:00,2026-08-02T03:36:51.482000+00:00,094623,2412.8,1,0,0,0,0,13354,498,13354,0,0,0,0,4651,-28608,10326,518,4480,0,129,0,0,0,0,0,0,0,0,0,31082107,2018,0.5,1023.29,3436.08,0,56.5,99.3,67.9,43.9,63.7,519.6,60.6,606,148.2,147.6,1048.8,360910,1018,12.84,89.3,1500,2.57,1.14,30.1,39.7,60,23.74,12163948,71607,68.81,3404.74,0,1200,400,720,240,4200,7500,8500,102,1.5,6000,0,0,0,0,0,79.1,30,75.48,69.26,57.3,0,0
2026-08-02T12:37:51.572000+09:00,2026-08-02T03:37:51.572000+00:00,094623,2293.2,1,0,0,0,0,13354,496,13354,0,0,0,0,4651,-28608,10326,6,4480,0,129,0,0,0,0,0,0,0,0,0,31082107,2018,0.47,940.27,3233.44,0,56.6,98.7,67.9,43.9,64.1,527.9,58.6,605.8,151.7,151.1,1052.3,360910,1018,12.68,89.5,1500,2.57,1.15,29.7,41,60,24.38,12163952,71607,72.45,3404.74,0,1200,400,720,240,4200,7500,8500,102,1.5,6000,0,0,0,0,0,79.04,30,75.39,68.98,57.4,0,0
2026-08-02T12:38:51.660000+09:00,2026-08-02T03:38:51.660000+00:00,094623,2459.2,1,0,0,0,0,13354,497,13354,0,0,0,0,4651,-28608,10326,6,4480,0,129,0,0,0,0,0,0,0,0,0,31082107,2018,0.44,923.18,3382.37,0,56.8,98.3,67.6,44,64.3,527.4,60.2,607.7,154.1,153.5,1040.9,360911,1019,12.51,89.9,1500,2.57,1.15,30,40.3,60,24.55,12163956,71607,74.39,3404.74,0,1200,400,720,240,4200,7500,8500,102,1.5,6000,0,0,0,0,0,77.71,30,74.82,69.64,57.4,0,0
2026-08-02T12:39:51.771000+09:00,2026-08-02T03:39:51.771000+00:00,094623,2375.0,1,0,0,0,0,13354,501,13354,0,0,0,0,4655,-28608,10326,6,4992,0,129,0,0,0,0,0,0,0,0,0,31082107,2018,0.42,978.12,3353.07,0,56.9,98.3,67.8,43.9,64.5,526.8,59.7,609.5,156.4,155.7,1032.7,360911,1019,12.93,90.3,1510,2.6,1.11,27.6,36.2,60,20.88,12163960,71607,74.46,3404.74,0,1200,400,720,240,4200,7500,8500,102,1.5,6000,0,0,0,0,0,75.23,30,72.6,68.36,57.4,0,0
2026-08-02T12:40:51.875000+09:00,2026-08-02T03:40:51.875000+00:00,094623,1776.5,1,0,0,0,0,13354,521,13354,0,0,0,0,4651,-28608,12374,6,5024,8,129,0,0,0,0,0,0,0,0,0,31082107,2018,0.41,788.9,2565.39,0,56.9,96.6,68.3,43.9,64.4,524,58,599.7,145.5,144.3,1013.3,360911,1019,12.94,90.3,1570,2.73,1.1,25.2,36,60,9.74,12163962,71607,65.13,3404.74,0,1200,400,720,240,4200,7500,8500,102,1.5,6000,0,0,0,0,0,74.37,30,64.47,66.53,57.5,0,0
2026-08-02T12:41:51.977000+09:00,2026-08-02T03:41:51.977000+00:00,094623,1456.6,1,0,0,0,0,13354,494,13354,0,0,0,0,4651,-28608,10326,6,4480,0,129,0,0,0,0,0,0,0,0,0,31082107,2018,0.46,588.7,2045.35,0,56.7,97.7,68.6,44,64,523.5,59.1,597.4,141.7,140.5,1001.7,360911,1019,12.61,90.6,1490,2.58,1.15,23.8,38.4,60,11.64,12163964,71607,61.57,3404.75,0,1200,400,720,240,4200,7500,8500,102,1.5,6000,0,0,0,0,0,73.53,30,63.7,65.83,57.5,0,0
2026-08-02T12:42:52.075000+09:00,2026-08-02T03:42:52.075000+00:00,094623,2202.8,1,0,0,0,0,13354,498,13354,0,0,0,0,4651,-28608,10326,518,4480,0,129,0,0,0,0,0,0,0,0,0,31082107,2018,0.51,835.29,3038.12,0,56.7,99.2,68.2,44,63.9,525.2,59.1,608,148.6,147.9,1040.4,360911,1019,12.75,89.5,1510,2.58,1.13,29.3,41.5,60,24.05,12163968,71607,73.22,3404.75,0,1200,400,720,240,4200,7500,8500,102,1.5,6000,0,0,0,0,0,80.29,30,76.33,70.57,57.5,0,0
2026-08-02T12:43:52.180000+09:00,2026-08-02T03:43:52.180000+00:00,094623,2445.8,1,0,0,0,0,13354,498,13354,0,0,0,0,4651,-28608,10326,6,4480,0,129,0,0,0,0,0,0,0,0,0,31082107,2018,0.46,998.87,3444.62,0,56.8,98.5,67.9,44,64.1,526.3,59.5,607.5,151.8,151,1030.1,360911,1019,12.8,89,1510,2.57,1.16,30.3,40.7,60,24.5,12163972,71607,75.61,3404.75,0,1200,400,720,240,4200,7500,8500,102,1.5,6000,0,0,0,0,0,79.45,30,75.8,67.85,57.5,0,0
2026-08-02T12:44:52.288000+09:00,2026-08-02T03:44:52.288000+00:00,094623,2631.3,1,0,0,0,0,13354,496,13354,0,0,0,0,4651,-28608,10326,6,4992,0,129,0,0,0,0,0,0,0,0,0,31082107,2018,0.43,1096.53,3727.84,0,56.8,97.6,67.6,44.1,64.4,525.7,58.5,609.1,155.1,154.2,1052.3,360912,1020,12.62,89.5,1500,2.55,1.16,30.7,39.4,60,24.41,12163976,71607,73.12,3404.75,0,1200,400,720,240,4200,7500,8500,102,1.5,6000,0,0,0,0,0,78.06,30,73.11,68.15,57.5,0,0
2026-08-02T12:45:52.421000+09:00,2026-08-02T03:45:52.421000+00:00,094623,1433.5,1,0,0,0,0,13354,495,13354,0,0,0,0,4655,-28608,12374,6,4992,0,129,0,0,0,0,0,0,0,0,0,31082107,2018,0.44,609.45,2042.91,0,56.9,96.9,68,44.3,64.4,524.5,59.9,604.4,147.6,146.3,1039,360912,1020,12.38,90.2,1480,2.61,1.07,22.1,34.2,60,11.39,12163979,71607,63.01,3404.75,0,1200,400,720,240,4200,7500,8500,102,1.5,6000,0,0,0,0,0,70.87,30,62,62.09,57.6,0,0
2026-08-02T12:46:52.554000+09:00,2026-08-02T03:46:52.554000+00:00,094623,1362.6,1,0,0,0,0,13354,499,13354,0,0,0,0,4651,-28608,10326,6,4992,0,129,0,0,0,0,0,0,0,0,0,31082107,2018,0.45,515.46,1878.11,0,56.6,97.4,68.3,44.4,64,522.5,59.5,600.5,142,140.7,1047.9,360912,1020,12.71,91.4,1490,2.64,1.05,21.8,34.5,60,11.88,12163981,71607,62.83,3404.75,0,1200,400,720,240,4200,7500,8500,102,1.5,6000,0,0,0,0,0,72.13,30,61.89,67.34,57.6,0,0
2026-08-02T12:47:52.648000+09:00,2026-08-02T03:47:52.648000+00:00,094623,2318.8,1,0,0,0,0,13354,495,13354,0,0,0,0,4655,-26560,10326,6,4481,0,129,0,0,0,0,0,0,0,0,0,31082107,2018,0.51,992.77,3311.56,0,56.6,99,68,44.6,63.8,522,57.8,605.9,146.8,145.9,1040.4,360912,1020,12.4,89.6,1500,2.55,1.17,30.2,41.2,60,24.19,12163984,71607,70.51,3404.75,0,1200,400,720,240,4200,7500,8500,102,1.5,6000,0,0,0,0,0,79.52,30,74.83,70.42,57.6,0,0
2026-08-02T12:48:52.773000+09:00,2026-08-02T03:48:52.773000+00:00,094623,2132.0,1,0,0,0,0,13354,501,13354,0,0,0,0,4655,-28608,10390,6,21376,0,129,0,0,0,0,0,0,0,0,0,31082107,2018,0.43,803.55,2935.58,0,56.7,98.8,67.8,44.7,64.2,526.5,57.7,610.1,152.6,151.9,1037.6,360912,1020,12.46,89.6,1510,2.61,1.11,26.5,36.4,60,18.82,12163988,71607,75.04,3404.75,0,1200,400,720,240,4200,7500,8500,102,1.5,6000,0,0,0,0,0,75.11,30,72.31,66.08,57.6,0,0
2026-08-02T12:49:52.890000+09:00,2026-08-02T03:49:52.890000+00:00,094623,1287.0,1,0,0,0,0,13354,497,13354,0,0,0,0,4651,-28608,10326,6,4992,0,129,0,0,0,0,0,0,0,0,0,31082107,2018,0.42,514.24,1801.2,0,56.6,96.5,68,44.8,64.1,525.1,57.6,599.2,142,140.6,1039.2,360912,1020,12.65,89.9,1480,2.61,1.07,21.6,35.3,60,11.61,12163990,71607,64.24,3404.75,0,1200,400,720,240,4200,7500,8500,102,1.5,6000,0,0,0,0,0,71.26,30,60.38,62.25,57.6,0,0
2026-08-02T12:50:52.938000+09:00,2026-08-02T03:50:52.938000+00:00,094623,1570.2,1,0,0,0,0,13354,493,13354,0,0,0,0,4655,-28608,18582,6,20864,528,129,0,0,0,0,0,0,0,0,0,31082107,2018,0.48,683.92,2254.1,0,56.4,97.9,67.9,44.9,63.7,522.1,66.3,596.2,139.2,138.1,1020.2,360913,1021,12.71,90.7,1490,2.58,1.19,25.5,39.9,60,13.74,12163992,71607,62.87,3404.75,0,1200,400,720,240,4200,7500,8500,102,1.5,6000,0,0,0,0,0,72.96,30,65.05,67.56,57.7,0,0
2026-08-02T12:51:53.020000+09:00,2026-08-02T03:51:53.020000+00:00,094623,2147.9,1,0,0,0,0,13354,497,13354,0,0,0,0,4651,-28608,10326,6,4480,0,129,0,0,0,0,0,0,0,0,0,31082107,2018,0.51,829.19,2977.08,0,56.5,99.3,67.9,45,63.8,524.5,61.4,608.1,148.7,148.1,1037,360913,1021,12.77,89.2,1500,2.57,1.14,29.4,41.7,60,24.48,12163996,71607,74.36,3404.76,0,1200,400,720,240,4200,7500,8500,102,1.5,6000,0,0,0,0,0,78.8,30,76.11,69.23,57.7,0,0
2026-08-02T12:52:53.135000+09:00,2026-08-02T03:52:53.135000+00:00,094623,2208.9,1,0,0,0,0,13354,498,13354,0,0,0,0,4651,-28608,10342,6,12676,0,129,0,0,0,0,0,0,0,0,0,31082107,2018,0.43,848.72,3057.65,0,56.5,98.1,67.9,45,64,529.2,61.8,610.4,150,149.3,1025.9,360913,1021,12.84,89.1,1500,2.57,1.16,29.7,42.4,60,24.54,12164000,71607,73.9,3404.76,0,1200,400,720,240,4200,7500,8500,102,1.5,6000,0,0,0,0,0,78.71,30,73.88,67.55,57.6,0,0
2026-08-02T12:53:53.231000+09:00,2026-08-02T03:53:53.231000+00:00,094623,2577.6,1,0,0,0,0,13354,496,13354,0,0,0,0,4651,-28608,10326,6,4480,8,129,0,0,0,0,0,0,0,0,0,31082107,2018,0.43,1127.05,3704.64,0,56.5,97.2,67.8,45.1,64.3,524.2,61,610.4,154.2,153.6,1068.7,360913,1021,12.75,89.5,1500,2.55,1.16,30.7,39.3,60,24.47,12164004,71607,73.7,3404.76,0,1200,400,720,240,4200,7500,8500,102,1.5,6000,0,0,0,0,0,78.13,30,70.52,67.76,57.7,0,0
2026-08-02T12:54:53.323000+09:00,2026-08-02T03:54:53.323000+00:00,094623,1384.6,1,0,0,0,0,13354,500,13354,0,0,0,0,4651,-28608,10326,6,4992,0,129,0,0,0,0,0,0,0,0,0,31082107,2018,0.47,581.38,1966,0,56.6,97.6,68.1,45.2,64.4,523.3,60.1,607,146.8,145.8,1021.5,360913,1021,12.67,90.8,1490,2.63,1.04,21.8,33.8,60,11.61,12164006,71607,63.82,3404.76,0,1200,400,720,240,4200,7500,8500,102,1.5,6000,0,0,0,0,0,70.86,30,63.1,63.59,57.7,0,0
2026-08-02T12:55:53.465000+09:00,2026-08-02T03:55:53.465000+00:00,094623,667.8,0,0,0,0,0,13354,0,13354,0,0,0,0,4651,-28608,18518,6,4480,528,129,0,0,0,0,0,0,0,0,0,31082107,2018,0.39,194.4,862.15,0,56.5,97.3,68.4,45.3,64,503.9,61.4,590.9,136.4,135.2,1017.4,360913,1021,12.32,90.8,1500,2.76,1.15,15.7,33.9,60,-1.42,12164008,71607,65.5,3404.76,0,1200,400,720,240,4200,7500,8500,102,1.5,6000,0,0,0,0,0,63.89,30,52.52,57.28,57.7,0,0
2026-08-02T12:56:53.549000+09:00,2026-08-02T03:56:53.549000+00:00,094623,661.6,0,0,0,0,0,13354,0,13354,0,0,0,0,4651,-28608,10326,6,4480,0,129,0,0,0,0,0,0,0,0,0,31082107,2018,0.38,187.08,848.72,0,56.1,96,68.2,45.4,63.1,469.5,79.9,574.4,124.4,122.8,999.4,360914,1022,12.56,91.1,1500,2.77,1.15,15.5,33.8,60,-1.29,12164008,71607,51.09,3404.76,0,1200,400,720,240,4200,7500,8500,102,1.5,6000,0,0,0,0,0,63.89,30,47.41,59.91,57.7,0,0
2026-08-02T12:57:53.637000+09:00,2026-08-02T03:57:53.637000+00:00,094623,705.6,0,0,0,0,0,13354,0,13354,0,0,0,0,4651,-28608,10326,6,4480,0,129,0,0,0,0,0,0,0,0,0,31082107,2018,0.37,201.73,907.31,0,55.6,96,67.6,45.5,62.3,456.5,78.2,567.9,118.6,117.1,1008.4,360914,1022,12.71,91.6,1500,2.76,1.15,15.7,33.5,60,-1.28,12164008,71608,46.37,3404.76,0,1200,400,720,240,4200,7500,8500,102,1.5,6000,0,0,0,0,0,61.95,30,43.66,63.21,57.7,0,0
2026-08-02T12:58:53.741000+09:00,2026-08-02T03:58:53.741000+00:00,094623,692.2,0,0,0,0,0,13354,0,13354,0,0,0,0,4651,-28608,12374,6,4512,72,129,0,0,0,0,0,0,0,0,0,31082107,2018,0.31,188.3,880.46,0,55.1,97.3,67.2,45.6,61.6,448.3,70.9,562.7,114.4,113.2,991,360914,1022,12.52,90.2,1500,2.77,1.15,15.5,33.6,60,-1.3,12164008,71608,48.32,3404.76,0,1200,400,720,240,4200,7500,8500,102,1.5,6000,0,0,0,0,0,59.86,30,45.61,60.45,57.7,0,0
2026-08-02T12:59:53.835000+09:00,2026-08-02T03:59:53.835000+00:00,094623,705.6,0,0,0,0,0,13354,0,13354,0,0,0,0,4651,-28608,10326,6,4480,0,129,0,0,0,0,0,0,0,0,0,31082107,2018,0.3,204.17,909.76,0,54.7,98.2,67.2,45.7,61,442.7,83.8,557.8,111.1,110,994.6,360914,1022,12.71,88.8,1500,2.79,1.15,15.7,33.8,60,-1.32,12164008,71608,45.21,3404.76,0,1200,400,720,240,4200,7500,8500,102,1.5,6000,0,0,0,0,0,58.69,30,48.05,55.36,57.8,0,0
2026-08-02T13:00:53.921000+09:00,2026-08-02T04:00:53.921000+00:00,094623,726.3,0,0,0,0,0,13354,0,13354,0,0,0,0,4655,-26560,18518,6,4480,528,129,0,0,0,0,0,0,0,0,0,31082107,2018,0.33,194.4,920.74,0,54.2,98.1,66.9,45.7,60.5,439,89.4,555.8,109,108,1002.5,360914,1022,12.57,89,1500,2.79,1.15,15.6,33.3,60,-2.19,12164008,71608,40.98,3404.76,0,1200,400,720,240,4200,7500,8500,102,1.5,6000,0,0,0,0,0,56.37,30,48.12,53.85,57.8,0,0
2026-08-02T13:01:54.009000+09:00,2026-08-02T04:01:54.009000+00:00,094623,706.8,0,0,0,0,0,13354,0,13354,0,0,0,0,4651,-28608,10326,6,4480,0,129,0,0,0,0,0,0,0,0,0,31082107,2018,0.35,190.74,897.55,0,53.9,97.4,67,45.6,60,436.9,81.1,552,106.5,105.7,982.6,360914,1022,12.84,89.8,1510,2.82,1.15,15.6,34,60,-1.29,12164008,71608,41.58,3404.76,0,1200,400,720,240,4200,7500,8500,102,1.5,6000,0,0,0,0,0,55.04,30,45.68,55.21,57.8,0,0
2026-08-02T13:02:54.113000+09:00,2026-08-02T04:02:54.113000+00:00,094623,709.2,0,0,0,0,0,13354,0,13354,0,0,0,0,4655,-26560,10326,6,4480,0,129,0,0,0,0,0,0,0,0,0,31082107,2018,0.37,196.84,906.09,0,53.5,96.4,67,45.6,59.6,435,106.1,548.1,104.2,103.6,976,360915,1023,12.41,91,1500,2.81,1.16,15.6,34,60,-2.04,12164008,71609,43.03,3404.77,0,1200,400,720,240,4200,7500,8500,102,1.5,6000,0,0,0,0,0,53.52,30,41.02,59.39,57.8,0,0
2026-08-02T13:03:54.217000+09:00,2026-08-02T04:03:54.217000+00:00,094623,731.2,0,0,0,0,0,13354,0,13354,0,0,0,0,4651,-28608,12374,6,4512,72,129,0,0,0,0,0,0,0,0,0,31082107,2018,0.31,205.39,936.61,0,53.3,97.6,67.2,45.6,59.2,433.4,87.9,546.7,102.7,102.3,964.3,360915,1023,12.74,90.4,1500,2.83,1.15,15.7,33.6,60,-1.31,12164008,71609,44.79,3404.77,0,1200,400,720,240,4200,7500,8500,102,1.5,6000,0,0,0,0,0,52.72,30,42.5,59.13,57.8,0,0
2026-08-02T13:04:54.309000+09:00,2026-08-02T04:04:54.309000+00:00,094623,800.8,0,0,0,0,0,13354,0,13354,0,0,0,0,4651,-28608,10326,6,4480,0,129,0,0,0,0,2,0,0,0,0,31082107,2018,0.27,227.36,1028.17,0,53.2,98.1,67.4,45.7,58.9,431.8,106.4,545.8,102,101.8,960.3,360915,1023,12.64,89.7,1510,2.85,1.16,16,33,60,-1.29,12164008,71609,44.82,3404.77,0,1200,400,720,240,4200,7500,8500,102,1.5,6000,0,0,0,0,0,52.24,30,43.92,57.18,57.9,0,0
2026-08-02T13:05:54.409000+09:00,2026-08-02T04:05:54.409000+00:00,094623,872.8,0,0,0,0,0,13354,0,13354,0,0,0,0,4651,-28608,18518,6,4480,528,129,0,0,0,0,2,0,0,0,0,31082107,2018,0.25,239.57,1112.4,0,53.1,98.6,67.4,45.7,58.6,430.9,99.1,546.2,102,101.9,963.1,360915,1023,12.81,89,1500,2.85,1.15,16.2,31.9,60,-1.38,12164008,71609,42.28,3404.77,0,1200,400,720,240,4200,7500,8500,102,1.5,6000,0,0,0,0,0,51.34,30,45.82,54.16,57.9,0,0
2026-08-02T13:06:54.515000+09:00,2026-08-02T04:06:54.515000+00:00,094623,824.0,0,0,0,0,0,13354,0,13354,0,0,0,0,4651,-28608,10326,6,4480,0,129,0,0,0,0,2,0,0,0,0,31082107,2018,0.27,238.35,1062.35,0,53,98.6,67.8,45.7,58.4,430.2,86.9,546.9,101.2,101.3,959,360915,1023,12.68,89.1,1500,2.87,1.15,16,32.1,60,-1.25,12164008,71610,39.85,3404.77,0,1200,400,720,240,4200,7500,8500,102,1.5,6000,0,0,0,0,0,51.9,30,46.85,53.02,57.9,0,0
2026-08-02T13:07:54.601000+09:00,2026-08-02T04:07:54.601000+00:00,094623,817.9,0,0,0,0,0,13354,0,13354,0,0,0,0,4651,-26560,10326,6,4480,0,129,0,0,0,0,2,0,0,0,0,31082107,2018,0.29,242.01,1059.91,0,52.9,98.1,67.8,45.6,58.2,429.4,92,545.6,100.2,100.4,965.4,360915,1023,12.44,89.9,1500,2.89,1.15,16,32.2,60,-1.56,12164008,71610,40.16,3404.77,0,1200,400,720,240,4200,7500,8500,102,1.5,6000,0,0,0,0,0,51.59,30,45.89,54.73,58,0,0
2026-08-02T13:08:54.706000+09:00,2026-08-02T04:08:54.706000+00:00,094623,821.6,0,0,0,0,0,13354,0,13354,0,0,0,0,4651,-28608,12374,6,4512,72,129,0,0,0,0,2,0,0,0,0,31082107,2018,0.31,217.6,1039.16,0,52.7,97.4,67.8,45.5,58,428.6,82.3,544.8,99.3,99.6,996.2,360916,1024,12.81,90.4,1500,2.89,1.15,15.9,32,60,-1.64,12164008,71610,41.44,3404.77,0,1200,400,720,240,4200,7500,8500,102,1.5,6000,0,0,0,0,0,51.3,30,43.42,56.36,58,0,0
2026-08-02T13:09:54.813000+09:00,2026-08-02T04:09:54.813000+00:00,094623,766.6,0,0,0,0,0,13354,0,13354,0,0,0,0,4651,-28608,10326,6,4480,0,129,0,0,0,0,2,0,0,0,0,31082107,2018,0.33,205.39,972.01,0,52.6,96.6,67.7,45.4,57.7,428.4,87.3,542.1,97.8,98.2,983.1,360916,1024,12.81,90.4,1490,2.89,1.15,15.6,32.7,60,-1.29,12164008,71610,42.19,3404.77,0,1200,400,720,240,4200,7500,8500,102,1.5,6000,0,0,0,0,0,50.66,30,39.62,56.77,58,0,0
2026-08-02T13:10:54.892000+09:00,2026-08-02T04:10:54.892000+00:00,094623,777.6,0,0,0,0,0,13354,0,13354,0,0,0,0,4651,-28608,18518,6,4480,528,129,0,0,0,0,2,0,0,0,0,31082107,2018,0.32,212.71,990.33,0,52.5,96.8,67.5,45.4,57.5,428.2,108.7,540.5,96.8,97.2,976.2,360916,1024,12.9,91,1490,2.9,1.15,15.7,32.5,60,-1.53,12164008,71610,41.91,3404.77,0,1200,400,720,240,4200,7500,8500,102,1.5,6000,0,0,0,0,0,49.51,30,38,59.71,58.1,0,0
2026-08-02T13:11:54.987000+09:00,2026-08-02T04:11:54.987000+00:00,094623,769.1,0,0,0,0,0,13354,0,13354,0,0,0,0,4651,-28608,10326,6,4480,0,129,0,0,0,0,2,0,0,0,0,31082107,2018,0.25,218.82,987.88,0,52.5,97.3,67.7,45.3,57.3,428.3,93.6,538.7,95.9,96.3,966.9,360916,1024,12.76,89.5,1490,2.91,1.15,15.6,32.7,60,-1.29,12164008,71611,44.89,3404.77,0,1200,400,720,240,4200,7500,8500,102,1.5,6000,0,0,0,0,0,49.51,30,38.01,55.95,58.1,0,0
2026-08-02T13:12:55.094000+09:00,2026-08-02T04:12:55.094000+00:00,094623,842.3,0,0,0,0,0,13354,0,13354,0,0,0,0,4651,-28608,10326,6,4480,0,129,0,0,0,0,2,0,0,0,0,31082107,2018,0.26,228.58,1070.89,0,52.5,98.5,67.8,45.2,57.1,427.8,92.2,537.4,95.7,96.3,968.3,360916,1024,12.74,88.2,1490,2.91,1.15,15.9,31.9,60,-1.3,12164008,71611,37.44,3404.77,0,1200,400,720,240,4200,7500,8500,102,1.5,6000,0,0,0,0,0,49.49,30,41.54,50.08,58.1,0,0
2026-08-02T13:13:55.186000+09:00,2026-08-02T04:13:55.186000+00:00,094623,864.3,0,0,0,0,0,13354,0,13354,0,0,0,0,4655,-28608,12374,6,4512,72,129,0,0,0,0,2,0,0,0,0,31082107,2018,0.32,237.13,1101.41,0,52.5,99.3,67.8,45.2,57,427.8,114.7,536.8,95.5,96.2,957.4,360916,1024,12.79,89.7,1500,2.92,1.15,16.1,32.1,60,-1.56,12164008,71611,36.88,3404.77,0,1200,400,720,240,4200,7500,8500,102,1.5,6000,0,0,0,0,0,49.19,30,45.39,53,58.1,0,0
2026-08-02T13:14:55.278000+09:00,2026-08-02T04:14:55.278000+00:00,094623,886.3,0,0,0,0,0,13354,0,13354,0,0,0,0,4651,-26560,10326,6,4480,0,129,0,0,0,0,2,0,0,0,0,31082107,2018,0.35,254.22,1140.48,0,52.4,98.2,67.9,45.2,56.9,428.2,112.4,536.5,95.6,96.4,999.9,360917,1025,12.81,91.5,1500,2.92,1.15,16.2,31.5,60,-1.93,12164008,71611,41.56,3404.77,0,1200,400,720,240,4200,7500,8500,102,1.5,6000,0,0,0,0,0,49.31,30,43.36,59.47,58.2,0,0
2026-08-02T13:15:55.375000+09:00,2026-08-02T04:15:55.375000+00:00,094623,810.6,0,0,0,0,0,13354,0,13354,0,0,0,0,4655,-28608,18518,6,4480,16,129,0,0,0,0,2,0,0,0,0,31082107,2018,0.31,222.48,1033.05,0,52.2,97.6,68.1,45.2,56.7,427.9,102.9,534.4,94.6,95.5,964.7,360917,1025,12.73,90.2,1500,2.95,1.15,15.8,32.4,60,-1.4,12164008,71612,44.15,3404.77,0,1200,400,720,240,4200,7500,8500,102,1.5,6000,0,0,0,0,0,49.94,30,41.3,56.84,58.2,0,0
2026-08-02T13:16:55.465000+09:00,2026-08-02T04:16:55.465000+00:00,094623,803.2,0,0,0,0,0,13354,0,13354,0,0,0,0,4651,-28608,10326,6,4480,0,129,0,0,0,0,2,0,0,0,0,31082107,2018,0.28,205.39,1008.64,0,52.1,97,68.2,45.2,56.6,427.8,106.4,531.9,93.5,94.3,952,360917,1025,12.68,89.5,1500,2.94,1.15,15.8,33.1,60,-1.2,12164008,71612,42.71,3404.78,0,1200,400,720,240,4200,7500,8500,102,1.5,6000,0,0,0,0,0,50.5,30,38.45,54.62,58.2,0,0
2026-08-02T13:17:55.565000+09:00,2026-08-02T04:17:55.565000+00:00,094623,806.9,0,0,0,0,0,13354,0,13354,0,0,0,0,4655,-28608,10326,6,4480,0,129,0,0,0,0,2,0,0,0,0,31082107,2018,0.28,210.27,1017.18,0,52.1,97.3,68,45.1,56.4,427.5,129.9,529.9,92.6,93.4,954.6,360917,1025,12.79,89.4,1510,2.96,1.15,15.9,33,60,-1.27,12164008,71612,38.86,3404.78,0,1200,400,720,240,4200,7500,8500,102,1.5,6000,0,0,0,0,0,50.07,30,37.98,53.34,58.2,0,0
2026-08-02T13:18:55.675000+09:00,2026-08-02T04:18:55.675000+00:00,094623,843.5,0,0,0,0,0,13354,0,13354,0,0,0,0,4651,-28608,12374,6,4512,72,129,0,0,0,0,2,0,0,0,0,31082107,2018,0.31,229.8,1073.34,0,52.1,97.6,67.8,45.1,56.3,427.6,113.9,529.4,92.6,93.5,954.5,360917,1025,12.39,89.6,1500,2.96,1.15,15.9,32,60,-1.53,12164008,71612,39.57,3404.78,0,1200,400,720,240,4200,7500,8500,102,1.5,6000,0,0,0,0,0,49.41,30,38.07,53.15,58.3,0,0
2026-08-02T13:19:55.765000+09:00,2026-08-02T04:19:55.765000+00:00,094623,875.3,0,0,0,0,0,13354,0,13354,0,0,0,0,4651,-28608,10326,6,4480,0,129,0,0,0,0,2,0,0,0,0,31082107,2018,0.33,244.45,1119.72,0,52,97.8,67.8,45.1,56.1,428,112.4,530,92.8,93.7,964.6,360917,1025,12.71,89.9,1510,2.96,1.15,16.2,32.1,60,-1.24,12164008,71613,39.77,3404.78,0,1200,400,720,240,4200,7500,8500,102,1.5,6000,0,0,0,0,0,49.12,30,38.2,53.47,58.3,0,0
2026-08-02T13:20:55.882000+09:00,2026-08-02T04:20:55.882000+00:00,094623,892.4,0,0,0,0,0,13354,0,13354,0,0,0,0,4651,-28608,10326,6,4480,0,129,0,0,0,0,2,0,0,0,0,31082107,2018,0.35,246.89,1139.26,0,51.9,98.1,67.8,45,56,428.3,125.9,529.1,92.9,93.9,973.4,360918,1026,12.63,91,1500,2.96,1.15,16.1,31.4,60,-1.39,12164008,71613,40.01,3404.78,0,1200,400,720,240,4200,7500,8500,102,1.5,6000,0,0,0,0,0,48.75,30,39.1,57.25,58.3,0,0
2026-08-02T13:21:55.981000+09:00,2026-08-02T04:21:55.981000+00:00,094623,861.8,0,0,0,0,0,13354,0,13354,0,0,0,0,4655,-28608,10326,6,4480,0,129,0,0,0,0,2,0,0,0,0,31082107,2018,0.33,232.25,1094.09,0,51.8,98.5,67.9,45,55.9,428.2,104.4,528.4,92.6,93.6,987,360918,1026,12.52,91.1,1490,2.97,1.15,16,31.8,60,-1.29,12164008,71613,42.07,3404.78,0,1200,400,720,240,4200,7500,8500,102,1.5,6000,0,0,0,0,0,48.69,30,40.72,59.27,58.4,0,0
2026-08-02T13:22:56.090000+09:00,2026-08-02T04:22:56.090000+00:00,094623,854.5,0,0,0,0,0,13354,0,13354,0,0,0,0,4651,-28608,10326,6,4480,0,129,0,0,0,0,2,0,0,0,0,31082107,2018,0.28,222.48,1077,0,51.8,98.9,68.1,45,55.8,427.7,96.1,527.2,92.2,93.2,970.8,360918,1026,12.53,89.7,1490,2.98,1.15,15.9,31.8,60,-1.3,12164008,71613,42.88,3404.78,0,1200,400,720,240,4200,7500,8500,102,1.5,6000,0,0,0,0,0,49.32,30,42.96,55.89,58.4,0,0
2026-08-02T13:23:56.195000+09:00,2026-08-02T04:23:56.195000+00:00,094623,861.8,0,0,0,0,0,13354,0,13354,0,0,0,0,4651,-28608,12374,6,4512,8,129,0,0,0,0,2,0,0,0,0,31082107,2018,0.27,231.02,1092.87,0,51.7,99,68.3,45,55.7,427.3,93.6,525.9,91.8,92.8,948.9,360918,1026,12.71,88.6,1490,2.97,1.15,16,31.9,60,-1.57,12164008,71613,39.55,3404.78,0,1200,400,720,240,4200,7500,8500,102,1.5,6000,0,0,0,0,0,50.26,30,44.73,51.31,58.5,0,0
2026-08-02T13:24:56.280000+09:00,2026-08-02T04:24:56.280000+00:00,094623,877.7,0,0,0,0,0,13354,0,13354,0,0,0,0,4651,-28608,10326,6,4480,0,129,0,0,0,0,2,0,0,0,0,31082107,2018,0.3,244.45,1122.17,0,51.6,98.5,68.2,45,55.6,426.9,113.8,525.5,91.7,92.7,957.1,360918,1026,12.67,89.2,1500,2.98,1.15,16.1,31.8,60,-1.28,12164008,71614,37.79,3404.78,0,1200,400,720,240,4200,7500,8500,102,1.5,6000,0,0,0,0,0,50.32,30,44.29,51.23,58.5,0,0
2026-08-02T13:25:56.377000+09:00,2026-08-02T04:25:56.377000+00:00,094623,880.2,0,0,0,0,0,13354,0,13354,0,0,0,0,4651,-28608,10326,6,4480,0,129,0,0,0,0,2,0,0,0,0,31082107,2018,0.33,232.25,1112.4,0,51.4,98,68.1,45,55.4,427.7,109.3,524.6,91.8,92.9,961.4,360918,1026,12.91,90.7,1510,3.01,1.15,15.9,31.4,60,-1.32,12164008,71614,38.28,3404.78,0,1200,400,720,240,4200,7500,8500,102,1.5,6000,0,0,0,0,0,50.23,30,43.07,55.58,58.5,0,0
2026-08-02T13:26:56.463000+09:00,2026-08-02T04:26:56.463000+00:00,094623,850.9,0,0,0,0,0,13354,0,13354,0,0,0,0,4651,-28608,10326,6,4480,0,129,0,0,0,0,2,0,0,0,0,31082107,2018,0.31,244.45,1095.31,0,51.2,97.5,68.1,45,55.3,427.6,103.1,523.5,91.1,92.1,966,360919,1027,12.9,90.9,1500,3.01,1.15,16,32,60,-1.26,12164008,71614,44.28,3404.78,0,1200,400,720,240,4200,7500,8500,102,1.5,6000,0,0,0,0,0,50.38,30,41.18,57.75,58.5,0,0
2026-08-02T13:27:56.559000+09:00,2026-08-02T04:27:56.559000+00:00,094623,887.5,0,0,0,0,0,13354,0,13354,0,0,0,0,4655,-28608,10326,590,4480,8192,129,0,0,0,0,2,0,0,0,0,31082107,2018,0.28,246.89,1134.37,0,51.2,97.3,68.1,44.9,55.2,427.5,109.5,522,90.9,91.9,963.1,360919,1027,12.68,89.8,1500,3.01,1.16,16.1,31.9,60,-1.56,12164008,71614,42.36,3404.78,0,1200,400,720,240,4200,7500,8500,102,1.5,6000,0,0,0,0,0,50.59,30,39.72,54.83,58.6,0,0
2026-08-02T13:28:56.663000+09:00,2026-08-02T04:28:56.663000+00:00,094623,855.7,0,0,0,0,0,13354,0,13354,0,0,0,0,4651,-28608,10326,6,4480,528,129,0,0,0,0,2,0,0,0,0,31082107,2018,0.27,227.36,1083.1,0,51.2,97.3,68,44.9,55,427.3,94.7,521.1,90.6,91.6,956.6,360919,1027,12.74,89.3,1500,3.02,1.15,15.9,31.9,60,-1.54,12164008,71615,40.57,3404.78,0,1200,400,720,240,4200,7500,8500,102,1.5,6000,0,0,0,0,0,50.42,30,38.76,52.58,58.6,0,0
2026-08-02T13:29:56.768000+09:00,2026-08-02T04:29:56.768000+00:00,094623,865.5,0,0,0,0,0,13354,0,13354,0,0,0,0,4651,-28608,10326,6,4480,0,129,0,0,0,0,2,0,0,0,0,31082107,2018,0.29,248.12,1113.62,0,51.3,97.2,67.9,44.9,54.9,427.3,110.2,519.5,90.3,91.3,953.6,360919,1027,12.59,89.5,1500,3.02,1.15,16,31.9,60,-1.27,12164008,71615,38.31,3404.78,0,1200,400,720,240,4200,7500,8500,102,1.5,6000,0,0,0,0,0,50.1,30,37.38,52.14,58.6,0,0
2026-08-02T13:30:56.902000+09:00,2026-08-02T04:30:56.902000+00:00,094623,960.7,0,0,0,0,0,13354,0,13354,0,0,0,0,4651,-28608,10326,6,4480,0,129,0,0,0,0,2,0,0,0,0,31082107,2018,0.31,260.32,1221.04,0,51.3,97.7,67.8,45,54.9,427.8,182.8,518.2,91,92,965.5,360919,1027,12.86,90.1,1500,3.02,1.15,16.5,31.1,60,-1.25,12164008,71615,38.34,3404.78,0,1200,400,720,240,4200,7500,8500,102,1.5,6000,0,0,0,0,0,49.59,30,37.78,53.65,58.7,0,0
2026-08-02T13:31:56.991000+09:00,2026-08-02T04:31:56.991000+00:00,094623,946.1,0,0,0,0,0,13354,0,13354,0,0,0,0,4651,-28608,10326,518,4480,0,129,0,0,0,0,2,0,0,0,0,31082107,2018,0.35,257.88,1203.96,0,51.3,99.1,67.7,45,54.9,428.4,146,519,91.7,92.7,961,360919,1027,12.88,89.8,1500,3.02,1.14,16.2,31,60,-1.75,12164008,71615,38.95,3404.79,0,1200,400,720,240,4200,7500,8500,102,1.5,6000,0,0,0,0,0,48.87,30,42.47,52.75,58.7,0,0
2026-08-02T13:32:57.099000+09:00,2026-08-02T04:32:57.099000+00:00,094623,905.8,0,0,0,0,0,13354,0,13354,0,0,0,0,4655,-26560,10326,6,4480,0,129,0,0,0,0,2,0,0,0,0,31082107,2018,0.35,244.45,1150.24,0,51.2,99,67.8,45,54.8,428.6,119.7,517.9,91.2,92.2,949.6,360920,1028,12.74,90.5,1510,3.05,1.15,16.2,31.7,60,-1.3,12164008,71615,39.86,3404.79,0,1200,400,720,240,4200,7500,8500,102,1.5,6000,0,0,0,0,0,48.8,30,44.07,54.98,58.8,0,0
2026-08-02T13:33:57.284000+09:00,2026-08-02T04:33:57.284000+00:00,094623,885.0,0,0,0,0,0,13354,0,13354,0,0,0,0,4651,-28608,18518,518,4480,528,129,0,0,0,0,2,0,0,0,0,31082107,2018,0.34,235.91,1120.94,0,51.1,98.1,67.7,45,54.7,428.2,114,516.9,90.6,91.5,957.2,360920,1028,12.84,91.5,1500,3.04,1.16,16.1,32.1,60,-1.59,12164008,71616,41.51,3404.79,0,1200,400,720,240,4200,7500,8500,102,1.5,6000,0,0,0,0,0,48.13,30,42.21,59.6,58.8,0,0
2026-08-02T13:34:57.324000+09:00,2026-08-02T04:34:57.324000+00:00,094623,889.9,0,0,0,0,0,13354,0,13354,0,0,0,0,4651,-28608,10326,6,4480,0,129,0,0,0,0,2,0,0,0,0,31082107,2018,0.26,250.56,1140.48,0,51.2,97.7,67.7,45,54.6,427.8,104.9,517,90.5,91.4,958.6,360920,1028,12.86,89.7,1490,3.04,1.15,16,31.3,60,-1.32,12164008,71616,43.73,3404.79,0,1200,400,720,240,4200,7500,8500,102,1.5,6000,0,0,0,0,0,47.63,30,40.76,55.18,58.8,0,0
2026-08-02T13:35:57.410000+09:00,2026-08-02T04:35:57.410000+00:00,094623,872.8,0,0,0,0,0,13354,0,13354,0,0,0,0,4651,-28608,10326,6,4480,0,129,0,0,0,0,2,0,0,0,0,31082107,2018,0.26,233.47,1106.3,0,51.2,97.5,67.6,45,54.5,427.3,112.1,516.1,90.2,91.1,943,360920,1028,12.77,88.5,1490,3.03,1.15,15.9,31.6,60,-1.3,12164008,71616,37.84,3404.79,0,1200,400,720,240,4200,7500,8500,102,1.5,6000,0,0,0,0,0,46.74,30,39.57,49.86,58.9,0,0
2026-08-02T13:36:57.521000+09:00,2026-08-02T04:36:57.521000+00:00,094623,875.3,0,0,0,0,0,13354,0,13354,0,0,0,0,4655,-28608,8278,6,4480,8,129,0,0,0,0,2,0,0,0,0,31082107,2018,0.3,242.01,1117.28,0,51.1,97,67.6,44.9,54.5,427.5,111.2,516.4,89.8,90.8,945.5,360920,1028,12.7,89.5,1500,3.02,1.15,16,32,60,-1.25,12164008,71616,35.32,3404.79,0,1200,400,720,240,4200,7500,8500,102,1.5,6000,0,0,0,0,0,46.14,30,36.86,51.04,58.9,0,0
2026-08-02T13:37:57.616000+09:00,2026-08-02T04:37:57.616000+00:00,094623,867.9,0,0,0,0,0,13354,0,13354,0,0,0,0,4651,-28608,10326,6,4480,0,129,0,0,0,0,2,0,0,0,0,31082107,2018,0.35,233.47,1101.41,0,51.1,98.1,67.9,44.9,54.4,427.7,101.6,516.8,89.6,90.5,944.4,360920,1028,12.77,91.7,1500,3.05,1.15,15.8,31.6,60,-1.25,12164008,71617,38.11,3404.79,0,1200,400,720,240,4200,7500,8500,102,1.5,6000,0,0,0,0,0,46.61,30,39.27,58.47,58.9,0,0
2026-08-02T13:38:57.717000+09:00,2026-08-02T04:38:57.717000+00:00,094623,929.0,0,0,0,0,0,13354,0,13354,0,0,0,0,4651,-28608,18518,6,4480,528,129,0,0,0,0,2,0,0,0,0,31082107,2018,0.3,260.32,1189.31,0,51,98.9,68.2,45,54.3,427.5,108.3,516.1,89.6,90.6,940.1,360921,1029,12.7,90.4,1490,3.04,1.16,16.3,31.4,60,-1.33,12164008,71617,43.88,3404.79,0,1200,400,720,240,4200,7500,8500,102,1.5,6000,0,0,0,0,0,47.54,30,42.51,56.38,59,0,0
2026-08-02T13:39:57.805000+09:00,2026-08-02T04:39:57.805000+00:00,094623,954.6,0,0,0,0,0,13354,0,13354,0,0,0,0,4655,-28608,10326,6,4480,0,129,0,0,0,0,2,0,0,0,0,31082107,2018,0.29,309.15,1263.77,0,50.8,99.2,68.3,44.9,54.3,427.4,126.8,515.6,90.3,91.2,958.1,360921,1029,12.73,89.4,1500,3.04,1.16,16.3,30.8,60,-1.26,12164008,71617,42.06,3404.79,0,1200,400,720,240,4200,7500,8500,102,1.5,6000,0,0,0,0,0,48.22,30,45.07,53.15,59,0,0
2026-08-02T13:40:57.902000+09:00,2026-08-02T04:40:57.902000+00:00,094623,931.4,0,0,0,0,0,13354,0,13354,0,0,0,0,4651,-28608,10326,6,4480,0,129,0,0,0,0,2,0,0,0,0,31082107,2018,0.3,257.88,1189.31,0,50.8,98.4,68.5,45,54.2,427.6,113,516.7,90.7,91.6,964.3,360921,1029,12.74,89.5,1510,3.07,1.15,16.1,31.1,60,-1.26,12164008,71617,39.52,3404.79,0,1200,400,720,240,4200,7500,8500,102,1.5,6000,0,0,0,0,0,49.44,30,43.86,52.59,59,0,0
2026-08-02T13:41:58.041000+09:00,2026-08-02T04:41:58.041000+00:00,094623,908.2,0,0,0,0,0,13354,0,13354,0,0,0,0,4651,-28608,12374,6,4512,72,129,0,0,0,0,2,0,0,0,0,31082107,2018,0.3,240.79,1149.02,0,50.7,97.5,68.7,44.9,54.1,427.3,113.2,513.9,90.1,91,951.4,360921,1029,12.63,89.8,1500,3.04,1.15,16,31.6,60,-1.29,12164008,71618,40.01,3404.79,0,1200,400,720,240,4200,7500,8500,102,1.5,6000,0,0,0,0,0,50.98,30,41.08,53.01,59.1,0,0
2026-08-02T13:42:58.089000+09:00,2026-08-02T04:42:58.089000+00:00,094623,893.6,0,0,0,0,0,13354,0,13354,0,0,0,0,4651,-28608,10326,6,4480,0,129,0,0,0,0,2,0,0,0,0,31082107,2018,0.3,245.67,1139.26,0,50.6,96.8,68.6,44.8,54.1,426.9,104.8,512.5,89.8,90.7,948.9,360921,1029,12.81,90.1,1510,3.07,1.16,15.9,31.4,60,-1.33,12164008,71618,40.12,3404.79,0,1200,400,720,240,4200,7500,8500,102,1.5,6000,0,0,0,0,0,51.71,30,37.51,53.86,59.1,0,0
2026-08-02T13:43:58.190000+09:00,2026-08-02T04:43:58.190000+00:00,094623,933.9,0,0,0,0,0,13354,0,13354,0,0,0,0,4651,-26560,18518,6,4480,528,129,0,0,0,0,2,0,0,0,0,31082107,2018,0.31,238.35,1172.22,0,50.5,97.6,68.4,44.8,53.9,426.9,121,512.6,89.9,90.8,952.9,360921,1029,12.47,90.7,1500,3.07,1.15,16.2,31.6,60,-1.74,12164008,71618,38.67,3404.79,0,1200,400,720,240,4200,7500,8500,102,1.5,6000,0,0,0,0,0,51.87,30,38.53,56.16,59.1,0,0
2026-08-02T13:44:58.303000+09:00,2026-08-02T04:44:58.303000+00:00,094623,904.6,0,0,0,0,0,13354,0,13354,0,0,0,0,4655,-28608,10326,6,4480,0,129,0,0,0,0,2,0,0,0,0,31082107,2018,0.3,239.57,1144.14,0,50.6,98.4,68.2,44.9,53.8,427.3,112.8,512.1,89.9,90.7,985.4,360922,1030,12.57,90.8,1500,3.06,1.15,16,31.7,60,-1.33,12164008,71618,41.62,3404.79,0,1200,400,720,240,4200,7500,8500,102,1.5,6000,0,0,0,0,0,51.75,30,41.03,57.88,59.2,0,0
2026-08-02T13:45:58.403000+09:00,2026-08-02T04:45:58.403000+00:00,094623,893.6,0,0,0,0,0,13354,0,13354,0,0,0,0,4651,-28608,10326,6,4480,0,129,0,0,0,0,2,0,0,0,0,31082107,2018,0.26,218.82,1112.4,0,50.6,99,68.2,44.9,53.8,427.1,102.9,510.2,89.5,90.4,962.3,360922,1030,12.73,90,1500,3.07,1.15,16,31.9,60,-1.28,12164008,71618,41.68,3404.79,0,1200,400,720,240,4200,7500,8500,102,1.5,6000,0,0,0,0,0,52.04,30,43.91,56.34,59.2,0,0
2026-08-02T13:46:58.499000+09:00,2026-08-02T04:46:58.499000+00:00,094623,833.8,0,0,0,0,0,13354,0,13354,0,0,0,0,4651,-28608,12374,6,4512,72,129,0,0,0,0,2,0,0,0,0,31082107,2018,0.24,210.27,1044.04,0,50.7,98.6,68,44.9,53.7,427.1,104.7,508.9,88.7,89.5,946.1,360922,1030,12.84,89,1510,3.08,1.15,15.7,32.8,60,-1.57,12164008,71619,40.95,3404.8,0,1200,400,720,240,4200,7500,8500,102,1.5,6000,0,0,0,0,0,51.57,30,44.07,52.56,59.2,0,0
2026-08-02T13:47:58.600000+09:00,2026-08-02T04:47:58.600000+00:00,094623,881.4,0,0,0,0,0,13354,0,13354,0,0,0,0,4655,-28608,10326,6,4480,0,129,0,0,0,0,2,0,0,0,0,31082107,2018,0.26,226.14,1107.52,0,50.7,97.4,67.8,44.9,53.6,427.5,138.5,506.6,88.3,89.1,944.4,360922,1030,12.91,89,1500,3.07,1.16,16.1,32.4,60,-1.27,12164008,71619,36.61,3404.8,0,1200,400,720,240,4200,7500,8500,102,1.5,6000,0,0,0,0,0,50.85,30,40.3,50.8,59.2,0,0
2026-08-02T13:48:58.710000+09:00,2026-08-02T04:48:58.710000+00:00,094623,957.1,0,0,0,0,0,13354,0,13354,0,0,0,0,4651,-28608,18518,6,4480,528,129,0,0,0,0,2,0,0,0,0,31082107,2018,0.3,259.1,1216.16,0,50.7,97,67.6,44.8,53.6,428.3,126.3,508,89.3,90,956.8,360922,1030,12.76,90.1,1500,3.08,1.15,16.3,30.9,60,-1.36,12164008,71619,37.86,3404.8,0,1200,400,720,240,4200,7500,8500,102,1.5,6000,0,0,0,0,0,49.8,30,37.81,53.46,59.3,0,0
2026-08-02T13:49:58.805000+09:00,2026-08-02T04:49:58.805000+00:00,094623,993.7,0,0,0,0,0,13354,0,13354,0,0,0,0,4651,-28608,10326,6,4480,0,129,0,0,0,0,2,0,0,0,0,31082107,2018,0.31,288.4,1282.08,0,50.6,97.7,67.6,44.8,53.5,428.1,114.4,508.9,90,90.7,963.1,360922,1030,12.69,90.9,1500,3.06,1.16,16.5,30.8,60,-1.26,12164008,71619,38.9,3404.8,0,1200,400,720,240,4200,7500,8500,102,1.5,6000,0,0,0,0,0,49.19,30,38.77,56.73,59.3,0,0
2026-08-02T13:50:58.888000+09:00,2026-08-02T04:50:58.888000+00:00,094623,996.1,0,0,0,0,0,13354,0,13354,0,0,0,0,4655,-28608,10326,6,4480,0,129,0,0,0,0,2,0,0,0,0,31082107,2018,0.3,294.5,1290.63,0,50.5,98.5,67.6,44.8,53.5,427.7,122.7,510.1,90.6,91.4,959.4,360923,1031,12.94,90.6,1490,3.06,1.15,16.4,30.6,60,-1.27,12164008,71620,40.42,3404.8,0,1200,400,720,240,4200,7500,8500,102,1.5,6000,0,0,0,0,0,48.54,30,41.37,57.05,59.3,0,0
2026-08-02T13:51:58.983000+09:00,2026-08-02T04:51:58.983000+00:00,094623,997.3,0,0,0,0,0,13354,0,13354,0,0,0,0,4651,-28608,12374,6,4512,72,129,0,0,0,0,2,0,0,0,0,31082107,2018,0.28,281.08,1278.42,0,50.5,99.2,67.5,44.8,53.5,427.8,118.6,510.7,91.3,92.1,964.8,360923,1031,12.84,89.9,1500,3.06,1.15,16.3,30.3,60,-1.52,12164008,71620,41.24,3404.8,0,1200,400,720,240,4200,7500,8500,102,1.5,6000,0,0,0,0,0,47.52,30,44.82,55.21,59.4,0,0
2026-08-02T13:52:59.074000+09:00,2026-08-02T04:52:59.074000+00:00,094623,976.6,0,0,0,0,0,13354,0,13354,0,0,0,0,4651,-28608,10326,6,4480,0,129,0,0,0,0,2,0,0,0,0,31082107,2018,0.27,263.98,1240.58,0,50.5,98.3,67.5,44.8,53.4,427.3,184.8,510,91.2,92,965.3,360923,1031,12.73,89.4,1490,3.05,1.14,16.3,30.8,60,-1.29,12164008,71620,41.65,3404.8,0,1200,400,720,240,4200,7500,8500,102,1.5,6000,0,0,0,0,0,46.86,30,43.51,53.21,59.4,0,0
2026-08-02T13:53:59.174000+09:00,2026-08-02T04:53:59.174000+00:00,094623,983.9,0,0,0,0,0,13354,0,13354,0,0,0,0,4651,-28608,18518,6,4480,528,129,0,0,0,0,2,0,0,0,0,31082107,2018,0.27,256.66,1240.58,0,50.6,97.1,67.5,44.7,53.4,427.5,154.4,509,91.3,92,975,360923,1031,12.68,88.8,1490,3.06,1.15,16.4,30.7,60,-1.39,12164008,71620,39.54,3404.8,0,1200,400,720,240,4200,7500,8500,102,1.5,6000,0,0,0,0,0,46.11,30,39.39,50.32,59.4,0,0
2026-08-02T13:54:59.259000+09:00,2026-08-02T04:54:59.259000+00:00,094623,1032.8,0,0,0,0,0,13354,0,13354,0,0,0,0,4651,-28608,10326,6,4480,0,129,0,0,0,0,2,0,0,0,0,31082107,2018,0.31,292.06,1324.81,0,50.5,97.1,67.7,44.7,53.4,428.2,177.4,509.2,91.8,92.4,977.6,360923,1031,12.87,89.9,1500,3.09,1.16,16.5,30.2,60,-1.29,12164008,71621,36.75,3404.8,0,1200,400,720,240,4200,7500,8500,102,1.5,6000,0,0,0,0,0,46.11,30,37.93,52.55,59.4,0,0
2026-08-02T13:55:59.356000+09:00,2026-08-02T04:55:59.356000+00:00,094623,972.9,0,0,0,0,0,13354,0,13354,0,0,0,0,4655,-28608,10326,6,4480,0,129,0,0,0,0,2,0,0,0,0,31082107,2018,0.35,287.18,1260.11,0,50.4,97.8,68,44.7,53.3,428,152.3,509,91.8,92.4,965.4,360923,1031,12.91,90.3,1490,3.08,1.15,16.1,30.1,60,-1.32,12164008,71621,38.67,3404.8,0,1200,400,720,240,4200,7500,8500,102,1.5,6000,0,0,0,0,0,46.74,30,39.13,54.2,59.5,0,0
2026-08-02T13:56:59.461000+09:00,2026-08-02T04:56:59.461000+00:00,094623,976.6,0,0,0,0,0,13354,0,13354,0,0,0,0,4651,-28608,12374,518,4512,72,129,0,0,0,0,2,0,0,0,0,31082107,2018,0.33,256.66,1233.25,0,50.4,98,68.1,44.7,53.3,427.6,138.9,507.8,91.6,92.2,956.1,360924,1032,12.74,91.5,1510,3.08,1.15,16.2,30.8,60,-1.77,12164008,71621,41.94,3404.8,0,1200,400,720,240,4200,7500,8500,102,1.5,6000,0,0,0,0,0,47.12,30,39.62,59.25,59.5,0,0
2026-08-02T13:57:59.539000+09:00,2026-08-02T04:57:59.539000+00:00,094623,931.4,0,0,0,0,0,13354,0,13354,0,0,0,0,4651,-28608,10326,6,4480,0,129,0,0,0,0,2,0,0,0,0,31082107,2018,0.24,263.98,1195.41,0,50.3,98,68.4,44.7,53.2,426.9,120.5,506.6,90.8,91.5,954.1,360924,1032,12.69,90.4,1500,3.08,1.14,16,31,60,-1.25,12164008,71621,44.36,3404.8,0,1200,400,720,240,4200,7500,8500,102,1.5,6000,0,0,0,0,0,48.47,30,39.7,57.91,59.5,0,0
2026-08-02T13:58:59.646000+09:00,2026-08-02T04:58:59.646000+00:00,094623,930.2,0,0,0,0,0,13354,0,13354,0,0,0,0,4651,-28608,2134,6,4480,0,129,0,0,0,0,2,0,0,0,0,31082107,2018,0.23,246.89,1177.1,0,50.4,97.7,68.4,44.7,53.1,426.5,142.7,505.2,90.6,91.2,947.4,360924,1032,12.64,88.2,1500,3.08,1.15,16,31,60,-1.33,12164008,71621,38.29,3404.8,0,1200,400,720,240,4200,7500,8500,102,1.5,6000,0,0,0,0,0,49.11,30,38.7,49.96,59.6,0,0
2026-08-02T13:59:59.770000+09:00,2026-08-02T04:59:59.770000+00:00,094623,911.9,0,0,0,0,0,13354,0,13354,0,0,0,0,4651,-28608,10326,518,4480,0,129,0,0,0,0,2,0,0,0,0,31082107,2018,0.27,238.35,1150.24,0,50.5,97.4,68.3,44.7,53.1,426.3,129.8,505.1,90.3,90.9,941,360924,1032,12.82,89.2,1500,3.08,1.14,15.9,31.2,60,-1.46,12164008,71622,36.23,3404.8,0,1200,400,720,240,4200,7500,8500,102,1.5,6000,0,0,0,0,0,49.35,30,37.19,50.89,59.6,0,0
2026-08-02T14:00:59.910000+09:00,2026-08-02T05:00:59.910000+00:00,094623,875.3,0,0,0,0,0,13354,0,13354,0,0,0,0,4651,-28608,10326,6,4480,0,129,0,0,0,0,2,0,0,0,0,31082107,2018,0.31,224.92,1100.19,0,50.6,97.5,68.2,44.7,53.1,426.5,118.1,504.1,89.6,90.2,930.4,360924,1032,12.77,90.7,1500,3.08,1.14,15.8,31.6,60,-1.26,12164008,71622,36.51,3404.8,0,1200,400,720,240,4200,7500,8500,102,1.5,6000,0,0,0,0,0,49.4,30,36.52,55.22,59.6,0,0
2026-08-02T14:01:59.978000+09:00,2026-08-02T05:01:59.978000+00:00,094623,896.0,0,0,0,0,0,13354,0,13354,0,0,0,0,4651,-28608,12374,6,4512,8,129,0,0,0,0,2,0,0,0,0,31082107,2018,0.29,237.13,1133.15,0,50.5,98.3,68.2,44.7,53,426.5,130.5,501.9,89.1,89.8,934.1,360924,1032,12.74,91,1500,3.1,1.14,15.9,31.5,60,-1.51,12164008,71622,42.96,3404.81,0,1200,400,720,240,4200,7500,8500,102,1.5,6000,0,0,0,0,0,49.7,30,38.82,57.77,59.7,0,0
2026-08-02T14:03:00.088000+09:00,2026-08-02T05:03:00.088000+00:00,094623,918.0,0,0,0,0,0,13354,0,13354,0,0,0,0,4651,-28608,10326,6,4480,0,129,0,0,0,0,2,0,0,0,0,31082107,2018,0.26,246.89,1164.89,0,50.4,99,68.1,44.7,52.9,426.9,127.1,501.3,89.1,89.7,932.7,360925,1033,12.59,89.5,1500,3.08,1.14,16,31.2,60,-1.26,12164008,71622,42.1,3404.81,0,1200,400,720,240,4200,7500,8500,102,1.5,6000,0,0,0,0,0,49.56,30,41.86,53.43,59.7,0,0
2026-08-02T14:04:00.165000+09:00,2026-08-02T05:04:00.165000+00:00,094623,910.7,0,0,0,0,0,13354,0,13354,0,0,0,0,4651,-28608,10326,6,4480,0,129,0,0,0,0,2,0,0,0,0,31082107,2018,0.27,237.13,1147.8,0,50.5,99.4,68,44.7,52.9,426.9,118,499.6,89.1,89.7,926.5,360925,1033,12.48,89.2,1500,3.09,1.15,16,31.4,60,-1.34,12164008,71623,37.92,3404.81,0,1200,400,720,240,4200,7500,8500,102,1.5,6000,0,0,0,0,0,49.38,30,45.18,51.27,59.7,0,0
2026-08-02T14:05:00.281000+09:00,2026-08-02T05:05:00.281000+00:00,094623,910.7,0,0,0,0,0,13354,0,13354,0,0,0,0,4651,-28608,10326,6,4480,0,129,0,0,0,0,2,0,0,0,0,31082107,2018,0.29,239.57,1150.24,0,50.5,98.1,67.9,44.7,52.9,427,120.8,498.9,88.9,89.5,930.1,360925,1033,12.67,89.9,1500,3.07,1.15,15.9,31.4,60,-1.3,12164008,71623,37.82,3404.81,0,1200,400,720,240,4200,7500,8500,102,1.5,6000,0,0,0,0,0,49.02,30,42.34,52.68,59.7,0,0
2026-08-02T14:06:00.363000+09:00,2026-08-02T05:06:00.363000+00:00,094623,944.8,0,0,0,0,0,13354,0,13354,0,0,0,0,4651,-28608,10326,6,4480,0,129,0,0,0,0,2,0,0,0,0,31082107,2018,0.3,253,1197.85,0,50.5,97,67.8,44.7,52.8,427,111.5,499.6,89.3,89.9,937.3,360925,1033,12.09,91.1,1500,3.07,1.15,16.1,31.1,60,-1.31,12164008,71623,39.3,3404.81,0,1200,400,720,240,4200,7500,8500,102,1.5,6000,0,0,0,0,0,48.48,30,38.39,57.06,59.8,0,0
2026-08-02T14:07:00.469000+09:00,2026-08-02T05:07:00.469000+00:00,094623,986.4,0,0,0,0,0,13354,0,13354,0,0,0,0,4655,-28608,10326,6,4480,528,129,0,0,0,0,2,0,0,0,0,31082107,2018,0.28,287.18,1273.54,0,50.5,97,67.7,44.7,52.8,427.2,135.8,500.8,89.8,90.4,955.7,360925,1033,12.73,90.6,1500,3.07,1.16,16.3,30.6,60,-1.55,12164008,71623,40.48,3404.81,0,1200,400,720,240,4200,7500,8500,102,1.5,6000,0,0,0,0,0,47.72,30,36.6,56.84,59.8,0,0
2026-08-02T14:08:00.577000+09:00,2026-08-02T05:08:00.577000+00:00,094623,1036.4,0,0,0,0,0,13354,0,13354,0,0,0,0,4655,-28608,10326,6,4480,0,129,0,0,0,0,2,0,0,0,0,31082107,2018,0.28,303.05,1339.46,0,50.5,98.5,67.6,44.7,52.8,427.8,136,501.9,90.8,91.4,960.9,360925,1033,12.7,90.1,1500,3.09,1.15,16.4,29.9,60,-1.28,12164008,71623,39.67,3404.81,0,1200,400,720,240,4200,7500,8500,102,1.5,6000,0,0,0,0,0,46.81,30,40.7,55.92,59.8,0,0
2026-08-02T14:09:00.684000+09:00,2026-08-02T05:09:00.684000+00:00,094623,999.8,0,0,0,0,0,13354,0,13354,0,0,0,0,4651,-28608,10326,6,4480,0,129,0,0,0,0,2,0,0,0,0,31082107,2018,0.28,255.44,1255.23,0,50.5,99.4,67.6,44.6,52.8,427.3,121.4,500.6,91,91.6,963.7,360926,1034,12.81,89.7,1500,3.08,1.15,16.2,30.6,60,-1.25,12164008,71624,40.08,3404.81,0,1200,400,720,240,4200,7500,8500,102,1.5,6000,0,0,0,0,0,46.2,30,45.03,54.63,59.8,0,0
2026-08-02T14:10:00.792000+09:00,2026-08-02T05:10:00.792000+00:00,094623,924.1,0,0,0,0,0,13354,0,13354,0,0,0,0,4655,-28608,10326,6,4480,0,129,0,0,0,0,2,0,0,0,0,31082107,2018,0.27,246.89,1171,0,50.6,98.2,67.6,44.7,52.8,427.2,115,497.6,90.4,90.9,959.7,360926,1034,12.3,89.4,1500,3.08,1.15,15.9,31.1,60,-1.26,12164008,71624,41.1,3404.81,0,1200,400,720,240,4200,7500,8500,102,1.5,6000,0,0,0,0,0,45.59,30,42.72,53.01,59.9,0,0
2026-08-02T14:11:00.894000+09:00,2026-08-02T05:11:00.894000+00:00,094623,957.1,0,0,0,0,0,13354,0,13354,0,0,0,0,4651,-28608,10326,6,4480,0,129,0,0,0,0,2,0,0,0,0,31082107,2018,0.28,256.66,1213.72,0,50.6,96.9,67.7,44.7,52.7,426.9,120.6,495.5,90,90.5,963.4,360926,1034,12.38,89.5,1500,3.09,1.16,16.2,31.1,60,-1.25,12164008,71624,39.8,3404.81,0,1200,400,720,240,4200,7500,8500,102,1.5,6000,0,0,0,0,0,45.29,30,38.05,52.37,59.9,0,0
2026-08-02T14:12:01.003000+09:00,2026-08-02T05:12:01.003000+00:00,094623,1027.9,0,0,0,0,0,13354,0,13354,0,0,0,0,4651,-28608,18518,6,4480,528,129,0,0,0,0,2,0,0,0,0,31082107,2018,0.3,281.08,1308.94,0,50.5,97,67.8,44.7,52.7,427.1,123.8,495.6,90.6,91.1,939.2,360926,1034,12.94,89.4,1500,3.1,1.15,16.4,30.2,60,-1.31,12164008,71624,38.03,3404.81,0,1200,400,720,240,4200,7500,8500,102,1.5,6000,0,0,0,0,0,45.2,30,36.59,51.31,59.9,0,0
2026-08-02T14:13:01.099000+09:00,2026-08-02T05:13:01.099000+00:00,094623,1010.8,0,0,0,0,0,13354,0,13354,0,0,0,0,4655,-28608,10326,6,4480,0,129,0,0,0,0,2,0,0,0,0,31082107,2018,0.33,276.19,1286.96,0,50.5,98.6,68,44.7,52.6,427.4,147.5,495.9,90.9,91.4,947.6,360926,1034,12.86,89.3,1500,3.09,1.15,16.4,30.4,60,-1.23,12164008,71625,35.6,3404.81,0,1200,400,720,240,4200,7500,8500,102,1.5,6000,0,0,0,0,0,45.62,30,41.09,49.85,60,0,0
2026-08-02T14:14:01.190000+09:00,2026-08-02T05:14:01.190000+00:00,094623,1013.2,0,0,0,0,0,13354,0,13354,0,0,0,0,4655,-28608,10326,6,4480,0,129,0,0,0,0,2,0,0,0,0,31082107,2018,0.35,276.19,1289.41,0,50.4,99.1,68.2,44.6,52.6,427.4,146.9,495.7,91.1,91.7,962.3,360926,1034,12.74,91.1,1500,3.08,1.15,16.5,30.3,60,-1.25,12164008,71625,37.89,3404.81,0,1200,400,720,240,4200,7500,8500,102,1.5,6000,0,0,0,0,0,46.32,30,44.06,55.58,60,0,0
2026-08-02T14:15:01.287000+09:00,2026-08-02T05:15:01.287000+00:00,094623,992.5,0,0,0,0,0,13354,0,13354,0,0,0,0,4651,-28608,12374,6,4512,8,129,0,0,0,0,2,0,0,0,0,31082107,2018,0.28,267.65,1260.11,0,50.3,98.3,68.3,44.6,52.5,427.2,131,495.1,91.1,91.6,969.3,360927,1035,12.64,91.8,1500,3.1,1.15,16.2,30.5,60,-1.29,12164008,71625,45.11,3404.81,0,1200,400,720,240,4200,7500,8500,102,1.5,6000,0,0,0,0,0,47,30,42.81,60.25,60,0,0
2026-08-02T14:16:01.383000+09:00,2026-08-02T05:16:01.383000+00:00,094623,1014.4,0,0,0,0,0,13354,0,13354,0,0,0,0,4651,-28608,10326,6,4480,0,129,0,0,0,0,2,0,0,0,0,31082107,2018,0.23,284.74,1299.17,0,50.3,97.9,68.5,44.6,52.5,426.8,121.6,494.8,91.3,91.8,962.9,360927,1035,12.58,88.8,1500,3.1,1.15,16.2,30.2,60,-1.3,12164008,71625,42.17,3404.81,0,1200,400,720,240,4200,7500,8500,102,1.5,6000,0,0,0,0,0,48.26,30,41.63,51.69,60,0,0
2026-08-02T14:17:01.464000+09:00,2026-08-02T05:17:01.464000+00:00,094623,1034.0,0,0,0,0,0,13354,0,13354,0,0,0,0,4651,-28608,18518,6,4480,528,129,0,0,0,0,2,0,0,0,0,31082107,2018,0.26,259.1,1293.07,0,50.4,97.8,68.7,44.6,52.5,426.8,126.2,494.4,91.6,92.1,971.3,360927,1035,12.81,88.8,1500,3.09,1.15,16.4,30.3,60,-1.41,12164008,71626,35.52,3404.82,0,1200,400,720,240,4200,7500,8500,102,1.5,6000,0,0,0,0,0,49.8,30,41.05,49.58,60.1,0,0
2026-08-02T14:18:01.568000+09:00,2026-08-02T05:18:01.568000+00:00,094623,1003.5,0,0,0,0,0,13354,0,13354,0,0,0,0,4651,-28608,10326,6,4480,0,129,0,0,0,0,2,0,0,0,0,31082107,2018,0.29,255.44,1258.89,0,50.4,97.4,68.7,44.7,52.5,427.3,111.1,494.7,91.8,92.2,972.3,360927,1035,12.7,89.5,1500,3.08,1.15,16.1,30.3,60,-1.28,12164008,71626,37.44,3404.82,0,1200,400,720,240,4200,7500,8500,102,1.5,6000,0,0,0,0,0,50.85,30,39.24,50.57,60.1,0,0
2026-08-02T14:19:01.673000+09:00,2026-08-02T05:19:01.673000+00:00,094623,963.2,0,0,0,0,0,13354,0,13354,0,0,0,0,4651,-28608,10326,6,4480,0,129,0,0,0,0,2,0,0,0,0,31082107,2018,0.32,246.89,1210.06,0,50.4,97.1,68.6,44.7,52.4,427.2,126,493.8,91.2,91.7,958,360927,1035,12.77,90.5,1500,3.09,1.16,16.1,31,60,-1.29,12164008,71626,37.9,3404.82,0,1200,400,720,240,4200,7500,8500,102,1.5,6000,0,0,0,0,0,51.57,30,37.24,53.75,60.1,0,0
2026-08-02T14:20:01.750000+09:00,2026-08-02T05:20:01.750000+00:00,094623,999.8,0,0,0,0,0,13354,0,13354,0,0,0,0,4651,-28608,12374,6,4512,72,129,0,0,0,0,2,0,0,0,0,31082107,2018,0.31,251.78,1251.56,0,50.2,97.6,68.3,44.6,52.4,427.3,147,493.1,91.1,91.5,945.2,360927,1035,12.84,91.8,1500,3.09,1.15,16.2,30.7,60,-1.27,12164008,71626,42.89,3404.82,0,1200,400,720,240,4200,7500,8500,102,1.5,6000,0,0,0,0,0,51.35,30,37.58,59.81,60.1,0,0
2026-08-02T14:21:01.863000+09:00,2026-08-02T05:21:01.863000+00:00,094623,1009.5,0,0,0,0,0,13354,0,13354,0,0,0,0,4651,-28608,10326,590,4480,8192,129,0,0,0,0,2,0,0,0,0,31082107,2018,0.27,272.53,1282.08,0,50.1,98.9,68,44.6,52.3,427.2,125.8,494.2,91.3,91.8,958.1,360928,1036,12.76,89.9,1500,3.08,1.16,16.4,30.7,60,-1.77,12164008,71626,44.03,3404.82,0,1200,400,720,240,4200,7500,8500,102,1.5,6000,0,0,0,0,0,50.62,30,41.88,55.46,60.2,0,0
2026-08-02T14:22:01.975000+09:00,2026-08-02T05:22:01.975000+00:00,094623,1023.0,0,0,0,0,0,13354,0,13354,0,0,0,0,4651,-28608,18518,6,4480,528,129,0,0,0,0,2,0,0,0,0,31082107,2018,0.26,261.54,1284.52,0,50.1,99.4,67.8,44.6,52.2,427.1,121.1,494.3,91.6,92.1,950.8,360928,1036,12.79,89,1500,3.11,1.15,16.2,30.3,60,-1.34,12164008,71627,39.21,3404.82,0,1200,400,720,240,4200,7500,8500,102,1.5,6000,0,0,0,0,0,49.84,30,45.53,51.8,60.2,0,0
2026-08-02T14:23:02.064000+09:00,2026-08-02T05:23:02.064000+00:00,094623,982.7,0,0,0,0,0,13354,0,13354,0,0,0,0,4651,-28608,10326,6,4480,0,129,0,0,0,0,2,0,0,0,0,31082107,2018,0.26,235.91,1218.6,0,50.3,97.9,67.6,44.6,52.2,427.1,117.7,494.4,91.4,91.8,954.2,360928,1036,12.68,89.3,1500,3.08,1.15,16.2,31.1,60,-1.27,12164008,71627,39.87,3404.82,0,1200,400,720,240,4200,7500,8500,102,1.5,6000,0,0,0,0,0,48.73,30,42.02,51.6,60.2,0,0
2026-08-02T14:24:02.151000+09:00,2026-08-02T05:24:02.151000+00:00,094623,970.5,0,0,0,0,0,13354,0,13354,0,0,0,0,4651,-28608,10326,6,4480,0,129,0,0,0,0,2,0,0,0,0,31082107,2018,0.29,235.91,1206.4,0,50.3,96.7,67.4,44.6,52.1,426.9,119.7,492.4,90.9,91.3,962,360928,1036,12.75,89.9,1500,3.1,1.15,16,31,60,-1.26,12164008,71627,38.64,3404.82,0,1200,400,720,240,4200,7500,8500,102,1.5,6000,0,0,0,0,0,47.33,30,37.31,52.97,60.3,0,0
2026-08-02T14:25:02.265000+09:00,2026-08-02T05:25:02.265000+00:00,094623,979.0,0,0,0,0,0,13354,0,13354,0,0,0,0,4651,-28608,12374,6,4512,72,129,0,0,0,0,2,0,0,0,0,31082107,2018,0.31,245.67,1224.71,0,50.3,97.2,67.2,44.6,52.1,427.3,112.8,492.6,90.8,91.2,961.1,360928,1036,12.71,90.3,1510,3.09,1.15,16.2,31.1,60,-1.56,12164008,71627,38.17,3404.82,0,1200,400,720,240,4200,7500,8500,102,1.5,6000,0,0,0,0,0,45.59,30,36.97,53.87,60.3,0,0
2026-08-02T14:26:02.368000+09:00,2026-08-02T05:26:02.368000+00:00,094623,1026.7,0,0,0,0,0,13354,0,13354,0,0,0,0,4651,-28608,10326,518,4480,0,129,0,0,0,0,2,0,0,0,0,31082107,2018,0.32,279.85,1306.5,0,50.2,97.9,67.3,44.6,52.1,427.1,143.1,490.8,91,91.4,975.5,360928,1036,12.75,91,1500,3.09,1.15,16.3,30.5,60,-1.88,12164008,71628,37.86,3404.82,0,1200,400,720,240,4200,7500,8500,102,1.5,6000,0,0,0,0,0,44.71,30,38.39,56.69,60.3,0,0
2026-08-02T14:27:02.472000+09:00,2026-08-02T05:27:02.472000+00:00,094623,1099.9,0,0,0,0,0,13354,0,13354,0,0,0,0,4651,-28608,18518,6,4480,528,129,0,0,0,0,2,0,0,0,0,31082107,2018,0.29,320.14,1420.03,0,50.2,98.6,67.5,44.5,52.1,427.4,125.3,490.7,92.1,92.4,960.3,360929,1037,12.69,91.2,1500,3.09,1.15,16.6,29.6,60,-1.41,12164008,71628,42.59,3404.82,0,1200,400,720,240,4200,7500,8500,102,1.5,6000,0,0,0,0,0,44.35,30,40.84,59.3,60.4,0,0
2026-08-02T14:28:02.632000+09:00,2026-08-02T05:28:02.632000+00:00,094623,1145.4,0,0,0,0,0,13354,0,13354,0,0,0,0,4651,-28608,10326,6,4480,0,129,0,0,0,0,2,0,0,0,0,31082107,2018,0.25,337.23,1482.59,0,50.2,99.7,67.9,44.5,52.1,427.4,171.6,490.5,93.3,93.6,967.8,360929,1037,12.76,88.5,1500,3.11,1.15,16.7,28.8,60,-1.31,12164008,71628,39.65,3404.82,0,1200,400,720,240,4200,7500,8500,102,1.5,6000,0,0,0,0,0,45.05,30,45.99,50.68,60.4,0,0
2026-08-02T14:29:02.720000+09:00,2026-08-02T05:29:02.720000+00:00,094623,1200.3,0,0,0,0,0,13354,0,13354,0,0,0,0,4651,-28608,10326,6,4480,0,129,0,0,0,0,2,0,0,0,0,31082107,2018,0.29,333.57,1533.86,0,50.2,98.8,68.4,44.5,52.2,428.5,235.3,491.5,94.7,95,961.8,360929,1037,12.86,89.2,1510,3.1,1.15,16.9,28.7,60,-1.29,12164008,71628,34.84,3404.82,0,1200,400,720,240,4200,7500,8500,102,1.5,6000,0,0,0,0,0,46.76,30,45.28,50.51,60.4,0,0
2026-08-02T14:30:02.819000+09:00,2026-08-02T05:30:02.819000+00:00,094623,1115.8,0,0,0,0,0,13354,0,13354,0,0,0,0,4651,-28608,12374,6,4512,72,129,0,0,0,0,2,0,0,0,0,31082107,2018,0.33,298.17,1413.92,0,50.2,97.8,68.9,44.5,52.2,429,185.8,493.7,95.1,95.5,952.7,360929,1037,12.74,91.3,1500,3.1,1.14,16.4,29,60,-1.58,12164008,71629,36.18,3404.82,0,1200,400,720,240,4200,7500,8500,102,1.5,6000,0,0,0,0,0,49.21,30,42.76,57.11,60.4,0,0
2026-08-02T14:31:02.906000+09:00,2026-08-02T05:31:02.906000+00:00,094623,1041.3,0,0,0,0,0,13354,0,13354,0,0,0,0,4655,-28608,10326,6,4480,0,129,0,0,0,0,2,0,0,0,0,31082107,2018,0.28,278.63,1319.92,0,50.2,96.9,69.1,44.5,52.2,427.7,186.7,493.1,94.2,94.6,955.3,360929,1037,12.61,90.5,1510,3.09,1.15,16.4,30.3,60,-1.26,12164008,71629,44.75,3404.82,0,1200,400,720,240,4200,7500,8500,102,1.5,6000,0,0,0,0,0,51.4,30,39.08,56.48,60.4,0,0
2026-08-02T14:32:02.994000+09:00,2026-08-02T05:32:02.994000+00:00,094623,1027.9,0,0,0,0,0,13354,0,13354,0,0,0,0,4651,-28608,18518,6,4480,16,129,0,0,0,0,2,0,0,0,0,31082107,2018,0.24,273.75,1301.61,0,50.2,97,68.8,44.5,52.1,426.5,163,491.5,93.6,94,959.9,360929,1037,12.46,89.1,1500,3.1,1.15,16.2,30,60,-1.33,12164008,71629,41.94,3404.83,0,1200,400,720,240,4200,7500,8500,102,1.5,6000,0,0,0,0,0,51.99,30,37.64,51.99,60.5,0,0
2026-08-02T14:33:03.078000+09:00,2026-08-02T05:33:03.078000+00:00,094623,1046.2,0,0,0,0,0,13354,0,13354,0,0,0,0,4651,-28608,10326,6,4480,0,129,0,0,0,0,2,0,0,0,0,31082107,2018,0.26,279.85,1326.03,0,50.2,97.8,68.3,44.5,52.1,426.3,151.5,490.4,93.3,93.7,968.9,360930,1038,12.82,89.3,1500,3.08,1.15,16.3,30.1,60,-1.25,12164008,71629,37.27,3404.83,0,1200,400,720,240,4200,7500,8500,102,1.5,6000,0,0,0,0,0,51.31,30,39.09,51.08,60.5,0,0
2026-08-02T14:34:03.173000+09:00,2026-08-02T05:34:03.173000+00:00,094623,991.2,0,0,0,0,0,13354,0,13354,0,0,0,0,4651,-28608,10326,6,4480,0,129,0,0,0,0,2,0,0,0,0,31082107,2018,0.31,253,1244.24,0,50.3,98.4,68,44.5,52,426.5,142.8,489.7,92.7,93,961.8,360930,1038,12.8,91.1,1500,3.1,1.15,16.1,30.7,60,-1.27,12164008,71629,37.75,3404.83,0,1200,400,720,240,4200,7500,8500,102,1.5,6000,0,0,0,0,0,50.66,30,41.08,56.73,60.6,0,0
2026-08-02T14:35:03.298000+09:00,2026-08-02T05:35:03.298000+00:00,094623,1005.9,0,0,0,0,0,13354,0,13354,0,0,0,0,4651,-28608,12374,6,4512,8,129,0,0,0,0,2,0,0,0,0,31082107,2018,0.31,239.57,1245.46,0,50.2,98.7,67.7,44.5,52,426.7,189.3,487.3,92.3,92.7,950.6,360930,1038,12.62,90.6,1500,3.09,1.15,16.1,30.6,60,-1.53,12164008,71630,41.54,3404.83,0,1200,400,720,240,4200,7500,8500,102,1.5,6000,0,0,0,0,0,49.54,30,42.88,56.16,60.6,0,0
2026-08-02T14:36:03.401000+09:00,2026-08-02T05:36:03.401000+00:00,094623,990.0,0,0,0,0,0,13354,0,13354,0,0,0,0,4655,-28608,10326,518,4480,0,129,0,0,0,0,2,0,0,0,0,31082107,2018,0.3,251.78,1241.8,0,50.1,98.4,67.3,44.5,51.9,427,183.5,486.6,92.3,92.7,941.2,360930,1038,12.76,90.7,1500,3.09,1.15,16,30.6,60,-1.81,12164008,71630,41.19,3404.83,0,1200,400,720,240,4200,7500,8500,102,1.5,6000,0,0,0,0,0,47.54,30,42.65,57.45,60.6,0,0
2026-08-02T14:37:03.502000+09:00,2026-08-02T05:37:03.502000+00:00,094623,1038.8,0,0,0,0,0,13354,0,13354,0,0,0,0,4651,-28608,10326,6,4480,0,129,0,0,0,0,2,0,0,0,0,31082107,2018,0.28,281.08,1319.92,0,50.1,98.6,67.1,44.5,51.8,426.9,145.7,485.7,92.2,92.6,942.1,360930,1038,12.67,90.4,1490,3.09,1.15,16.3,30.3,60,-1.4,12164008,71630,41.61,3404.83,0,1200,400,720,240,4200,7500,8500,102,1.5,6000,0,0,0,0,0,45.69,30,44.01,57.73,60.7,0,0
2026-08-02T14:38:03.597000+09:00,2026-08-02T05:38:03.597000+00:00,094623,1092.6,0,0,0,0,0,13354,0,13354,0,0,0,0,4651,-28608,10326,6,4480,0,129,0,0,0,0,2,0,0,0,0,31082107,2018,0.25,290.84,1383.4,0,50.2,98.3,67.2,44.5,51.8,426.9,152.9,484.6,92.9,93.2,942.4,360930,1038,12.73,89.2,1500,3.11,1.16,16.5,29.7,60,-1.74,12164008,71630,41.35,3404.83,0,1200,400,720,240,4200,7500,8500,102,1.5,6000,0,0,0,0,0,44.71,30,43.91,53.74,60.7,0,0
2026-08-02T14:39:03.720000+09:00,2026-08-02T05:39:03.720000+00:00,094623,1057.2,0,0,0,0,0,13354,0,13354,0,0,0,0,4651,-28608,10326,6,4480,0,129,0,0,0,0,2,0,0,0,0,31082107,2018,0.25,265.21,1322.37,0,50.2,98.2,67.5,44.5,51.8,427.3,129.5,484.5,93.5,93.9,954.8,360931,1039,12.62,88.6,1500,3.11,1.15,16.2,29.8,60,-1.31,12164008,71631,37.17,3404.83,0,1200,400,720,240,4200,7500,8500,102,1.5,6000,0,0,0,0,0,44.56,30,44.05,50.04,60.7,0,0
2026-08-02T14:40:03.817000+09:00,2026-08-02T05:40:03.817000+00:00,094623,1004.7,0,0,0,0,0,13354,0,13354,0,0,0,0,4651,-28608,12374,6,4480,0,129,0,0,0,0,2,0,0,0,0,31082107,2018,0.29,255.44,1260.11,0,50.2,97.7,67.8,44.5,51.8,427,135,483.8,93,93.4,944.4,360931,1039,12.57,89.5,1500,3.1,1.15,16,30.3,60,-1.45,12164008,71631,36.59,3404.83,0,1200,400,720,240,4200,7500,8500,102,1.5,6000,0,0,0,0,0,44.9,30,42.54,51.31,60.7,0,0
2026-08-02T14:41:03.911000+09:00,2026-08-02T05:41:03.911000+00:00,094623,1049.8,0,0,0,0,0,13354,0,13354,0,0,0,0,4655,-28608,10326,6,4480,0,129,0,0,0,0,2,0,0,0,0,31082107,2018,0.3,287.18,1337.02,0,50.1,97.3,68,44.4,51.8,426.8,181.1,483.5,92.9,93.4,968.3,360931,1039,12.77,91.1,1510,3.11,1.16,16.2,29.8,60,-1.32,12164008,71631,38.17,3404.83,0,1200,400,720,240,4200,7500,8500,102,1.5,6000,0,0,0,0,0,45.36,30,40.56,56.43,60.7,0,0
2026-08-02T14:42:04.003000+09:00,2026-08-02T05:42:04.003000+00:00,094623,1091.4,0,0,0,0,0,13354,0,13354,0,0,0,0,4651,-28608,10326,6,4480,0,129,0,0,0,0,2,0,0,0,0,31082107,2018,0.27,311.59,1402.94,0,50,96.6,68.1,44.4,51.8,427.1,157.7,483.8,93.6,94,964.3,360931,1039,12.79,90.5,1500,3.09,1.15,16.4,29.4,60,-1.23,12164008,71631,42.45,3404.83,0,1200,400,720,240,4200,7500,8500,102,1.5,6000,0,0,0,0,0,45.73,30,36.78,56.11,60.8,0,0
2026-08-02T14:43:04.086000+09:00,2026-08-02T05:43:04.086000+00:00,094623,1046.2,0,0,0,0,0,13354,0,13354,0,0,0,0,4651,-28608,10326,6,4480,0,129,0,0,0,0,2,0,0,0,0,31082107,2018,0.25,295.72,1341.9,0,50,97.6,68.3,44.4,51.7,426.7,167.9,482.2,93.4,93.9,1000.5,360931,1039,12.51,89.4,1500,3.09,1.15,16.2,29.8,60,-1.27,12164008,71631,40.43,3404.83,0,1200,400,720,240,4200,7500,8500,102,1.5,6000,0,0,0,0,0,46.65,30,38.34,52.57,60.8,0,0
2026-08-02T14:44:04.189000+09:00,2026-08-02T05:44:04.189000+00:00,094623,1075.5,0,0,0,0,0,13354,0,13354,0,0,0,0,4655,-28608,10326,6,4480,0,129,0,0,0,0,2,0,0,0,0,31082107,2018,0.27,248.12,1323.59,0,50,98.5,68.3,44.4,51.7,427,165.5,481.6,93.7,94.2,983.6,360931,1039,12.73,89.1,1490,3.09,1.15,16.2,29.5,60,-1.24,12164008,71632,37.06,3404.83,0,1200,400,720,240,4200,7500,8500,102,1.5,6000,0,0,0,0,0,47.11,30,41.21,50.34,60.8,0,0
2026-08-02T14:45:04.285000+09:00,2026-08-02T05:45:04.285000+00:00,094623,993.7,0,0,0,0,0,13354,0,13354,0,0,0,0,4651,-28608,18518,6,4480,528,129,0,0,0,0,2,0,0,0,0,31082107,2018,0.3,233.47,1227.15,0,50,98.9,68.4,44.4,51.6,426.8,145.5,480.7,93.1,93.6,959.7,360932,1040,12.76,90.3,1500,3.11,1.15,15.9,30.5,60,-1.34,12164008,71632,37.51,3404.83,0,1200,400,720,240,4200,7500,8500,102,1.5,6000,0,0,0,0,0,47.94,30,43.57,53.4,60.8,0,0
2026-08-02T14:46:04.380000+09:00,2026-08-02T05:46:04.380000+00:00,094623,1032.8,0,0,0,0,0,13354,0,13354,0,0,0,0,4651,-28608,10326,6,4480,0,129,0,0,0,0,2,0,0,0,0,31082107,2018,0.33,256.66,1289.41,0,50,98.3,68.5,44.5,51.6,426.7,165.8,480,92.7,93.2,954.1,360932,1040,12.71,90.1,1510,3.11,1.16,16.3,30.7,60,-1.28,12164008,71632,41.15,3404.83,0,1200,400,720,240,4200,7500,8500,102,1.5,6000,0,0,0,0,0,48.96,30,42.68,53.69,60.8,0,0
2026-08-02T14:47:04.477000+09:00,2026-08-02T05:47:04.477000+00:00,094623,1019.3,0,0,0,0,0,13354,0,13354,0,0,0,0,4651,-28608,10326,6,4480,0,129,0,0,0,0,2,0,0,0,0,31082107,2018,0.33,281.08,1300.39,0,49.9,98,68.5,44.4,51.5,426.8,155.1,479.5,92.8,93.3,967.7,360932,1040,12.76,90.2,1500,3.11,1.15,16.1,30,60,-1.25,12164008,71632,39.83,3404.84,0,1200,400,720,240,4200,7500,8500,102,1.5,6000,0,0,0,0,0,49.71,30,42.02,54.18,60.9,0,0
2026-08-02T14:48:04.569000+09:00,2026-08-02T05:48:04.569000+00:00,094623,1058.4,0,0,0,0,0,13354,0,13354,0,0,0,0,4651,-28608,10326,6,4480,0,129,0,0,0,0,2,0,0,0,0,31082107,2018,0.32,285.96,1344.34,0,49.9,97.9,68.4,44.4,51.5,427,141.7,478.3,93,93.6,975.9,360932,1040,12.46,90.9,1500,3.1,1.15,16.3,30,60,-1.3,12164008,71633,40.06,3404.84,0,1200,400,720,240,4200,7500,8500,102,1.5,6000,0,0,0,0,0,50.12,30,41.67,57.03,60.9,0,0
2026-08-02T14:49:04.682000+09:00,2026-08-02T05:49:04.682000+00:00,094623,1026.6,0,0,0,0,0,13354,0,13354,0,0,0,0,4651,-28608,10326,6,4480,0,129,0,0,0,0,2,0,0,0,0,31082107,2018,0.3,289.62,1316.26,0,49.9,97.9,68.3,44.4,51.5,427,130.1,477.2,93,93.7,975,360932,1040,12.76,90.6,1500,3.12,1.15,16.1,29.9,60,-1.29,12164008,71633,41.21,3404.84,0,1200,400,720,240,4200,7500,8500,102,1.5,6000,0,0,0,0,0,50.38,30,41.53,57.37,60.9,0,0
2026-08-02T14:50:04.821000+09:00,2026-08-02T05:50:04.821000+00:00,094623,1060.8,0,0,0,0,0,13354,0,13354,0,0,0,0,4651,-28608,18518,6,4480,528,129,0,0,0,0,2,0,0,0,0,31082107,2018,0.25,266.43,1327.25,0,50,97.9,67.9,44.3,51.5,427.1,127.3,477,93.3,93.9,980.2,360932,1040,12.32,89.2,1500,3.11,1.15,16.2,29.9,60,-1.45,12164008,71633,41.98,3404.84,0,1200,400,720,240,4200,7500,8500,102,1.5,6000,0,0,0,0,0,49.35,30,41.38,53.23,61,0,0
2026-08-02T14:51:04.871000+09:00,2026-08-02T05:51:04.871000+00:00,094623,1088.9,0,0,0,0,0,13354,0,13354,0,0,0,0,4651,-28608,10326,6,4480,0,129,0,0,0,0,2,0,0,0,0,31082107,2018,0.25,274.97,1363.87,0,50,98.2,67.7,44.4,51.5,426.9,127.4,478.6,93.8,94.5,985.1,360933,1041,12.94,88.6,1500,3.12,1.15,16.3,29.6,60,-1.31,12164008,71633,36.62,3404.84,0,1200,400,720,240,4200,7500,8500,102,1.5,6000,0,0,0,0,0,48.47,30,42.45,49.41,61,0,0
2026-08-02T14:52:04.976000+09:00,2026-08-02T05:52:04.976000+00:00,094623,1066.9,0,0,0,0,0,13354,0,13354,0,0,0,0,4651,-28608,10326,6,4480,0,129,0,0,0,0,2,0,0,0,0,31082107,2018,0.29,277.41,1344.34,0,50.1,98.2,67.5,44.3,51.5,427.1,138.6,479.5,93.9,94.6,981.4,360933,1041,12.73,89.7,1500,3.1,1.16,16.4,30.2,60,-1.3,12164008,71634,35.98,3404.84,0,1200,400,720,240,4200,7500,8500,102,1.5,6000,0,0,0,0,0,47.29,30,42.75,51.3,61,0,0
2026-08-02T14:53:05.080000+09:00,2026-08-02T05:53:05.080000+00:00,094623,1177.1,0,0,0,0,0,13354,0,13354,0,0,0,0,4651,-28608,12374,6,4512,8,129,0,0,0,0,2,0,0,0,0,31082107,2018,0.32,327.46,1504.56,0,50,98.2,67.5,44.3,51.5,427.7,235.4,478.8,94.7,95.5,990.3,360933,1041,12.38,91.1,1500,3.09,1.16,16.7,29.1,60,-1.26,12164008,71634,39.08,3404.84,0,1200,400,720,240,4200,7500,8500,102,1.5,6000,0,0,0,0,0,46.54,30,42.94,56.33,61,0,0
2026-08-02T14:54:05.174000+09:00,2026-08-02T05:54:05.174000+00:00,094623,1365.1,0,0,0,0,0,13354,0,13354,0,0,0,0,4655,-28608,10326,590,4480,8192,129,0,0,0,0,258,0,0,0,0,31082107,2018,0.32,383.62,1748.71,0,49.9,98.4,67.3,44.3,51.5,430,322.6,481.1,97.6,98.4,988.8,360933,1041,12.71,91,1500,3.11,1.15,17.3,27.3,60,-1.66,12164008,71634,41.88,3404.84,0,1200,400,720,240,4200,7500,8500,102,1.5,6000,0,0,0,0,0,45.04,30,43.78,57.46,61.1,0,0
2026-08-02T14:55:05.285000+09:00,2026-08-02T05:55:05.285000+00:00,094623,1197.9,0,0,0,0,0,13354,0,13354,0,0,0,0,4651,-28608,18518,6,4480,528,129,0,0,0,0,2,0,0,0,0,31082107,2018,0.3,296.94,1494.8,0,49.9,98.8,67.5,44.3,51.6,430,217.4,485.1,98.8,99.8,979.9,360933,1041,12.71,90.3,1500,3.13,1.14,16.7,28.7,60,-1.59,12164008,71634,41.54,3404.84,0,1200,400,720,240,4200,7500,8500,102,1.5,6000,0,0,0,0,0,44.72,30,46.18,56.28,61.1,0,0
2026-08-02T14:56:05.378000+09:00,2026-08-02T05:56:05.378000+00:00,094623,1080.4,0,0,0,0,0,13354,0,13354,0,0,0,0,4655,-28608,10326,590,4480,8192,129,0,0,0,0,2,0,0,0,0,31082107,2018,0.29,271.31,1351.66,0,49.9,97.1,67.8,44.4,51.6,427.7,203.5,486.5,97.7,98.6,969.8,360933,1041,12.81,89.8,1500,3.11,1.15,16.3,29.7,60,-1.87,12164008,71634,41,3404.84,0,1200,400,720,240,4200,7500,8500,102,1.5,6000,0,0,0,0,0,45.09,30,41.06,54.82,61.1,0,0
2026-08-02T14:57:05.475000+09:00,2026-08-02T05:57:05.475000+00:00,094623,1059.6,0,0,0,0,0,13354,0,13354,0,0,0,0,4651,-28608,10326,6,4480,0,129,0,0,0,0,2,0,0,0,0,31082107,2018,0.28,274.97,1334.57,0,50,96.3,68,44.4,51.6,426.5,166.1,484.5,96.6,97.5,962.3,360934,1042,12.29,89.5,1500,3.11,1.15,16.2,29.9,60,-1.25,12164008,71635,40.12,3404.84,0,1200,400,720,240,4200,7500,8500,102,1.5,6000,0,0,0,0,0,45.51,30,36.29,53.35,61.1,0,0
2026-08-02T14:58:05.592000+09:00,2026-08-02T05:58:05.592000+00:00,094623,1041.3,0,0,0,0,0,13354,0,13354,0,0,0,0,4651,-28608,12374,6,4512,72,129,0,0,0,0,2,0,0,0,0,31082107,2018,0.29,254.22,1295.51,0,50,97.2,68,44.3,51.5,426.3,149.1,484.3,95.8,96.7,983.3,360934,1042,12.76,89.4,1500,3.11,1.14,16.1,30.3,60,-1.27,12164008,71635,37.67,3404.84,0,1200,400,720,240,4200,7500,8500,102,1.5,6000,0,0,0,0,0,45.51,30,37.14,52,61.1,0,0
2026-08-02T14:59:05.676000+09:00,2026-08-02T05:59:05.676000+00:00,094623,1026.6,0,0,0,0,0,13354,0,13354,0,0,0,0,4655,-28608,10326,582,4480,0,129,0,0,0,0,2,0,0,0,0,31082107,2018,0.3,265.21,1291.85,0,50,97.6,68.1,44.4,51.4,426.4,173.8,482.5,95,95.9,959.2,360934,1042,12.65,89.5,1500,3.13,1.15,16.1,30.3,60,-1.26,12164008,71635,37.33,3404.84,0,1200,400,720,240,4200,7500,8500,102,1.5,6000,0,0,0,0,0,45.82,30,37.5,51.4,61.2,0,0
2026-08-02T15:00:05.797000+09:00,2026-08-02T06:00:05.797000+00:00,094623,1047.4,0,0,0,0,0,13354,0,13354,0,0,0,0,4651,-28608,18518,6,4480,528,129,0,0,0,0,2,0,0,0,0,31082107,2018,0.32,249.34,1296.73,0,50,98.1,68,44.3,51.4,426.7,158.4,482,94.9,95.7,942.5,360934,1042,12.79,90.4,1500,3.13,1.15,16.2,30.5,60,-1.37,12164008,71635,38.82,3404.84,0,1200,400,720,240,4200,7500,8500,102,1.5,6000,0,0,0,0,0,45.53,30,38.75,54.14,61.2,0,0
2026-08-02T15:01:05.998000+09:00,2026-08-02T06:01:05.998000+00:00,094623,1015.7,0,0,0,0,0,13354,0,13354,0,0,0,0,4651,-28608,10326,6,4480,0,129,0,0,0,0,2,0,0,0,0,31082107,2018,0.31,232.25,1247.9,0,49.8,98.4,67.9,44.4,51.4,427.2,153.2,481.8,94.5,95.4,937.6,360934,1042,12.57,91.2,1500,3.13,1.16,16.1,30.6,60,-1.03,12164008,71636,40.4,3404.84,0,1200,400,720,240,4200,7500,8500,102,1.5,6000,0,0,0,0,0,45.2,30,40.1,57.78,61.2,0,0
2026-08-02T15:02:06.037000+09:00,2026-08-02T06:02:06.037000+00:00,094623,961.9,0,0,0,0,0,13354,0,13354,0,0,0,0,4651,-28608,10326,6,4480,0,129,0,0,0,0,2,0,0,0,0,31082107,2018,0.28,221.26,1183.2,0,49.8,98.5,67.9,44.4,51.3,427,131.8,480.7,93.5,94.3,929.1,360934,1042,12.74,90.4,1500,3.13,1.15,15.9,31.4,60,-1.04,12164008,71636,42.49,3404.85,0,1200,400,720,240,4200,7500,8500,102,1.5,6000,0,0,0,0,0,45.09,30,41.12,56.84,61.3,0,0
2026-08-02T15:03:06.136000+09:00,2026-08-02T06:03:06.136000+00:00,094623,963.2,0,0,0,0,0,13354,0,13354,0,0,0,0,4651,-28608,12374,590,4512,8264,129,0,0,0,0,2,0,0,0,0,31082107,2018,0.23,235.91,1199.07,0,49.9,98.8,67.8,44.4,51.2,426.9,145.6,478.1,92.6,93.4,926.5,360935,1043,12.85,88.4,1500,3.12,1.15,16,31.3,60,-1.62,12164008,71636,39.93,3404.85,0,1200,400,720,240,4200,7500,8500,102,1.5,6000,0,0,0,0,0,44.62,30,42.93,49.93,61.3,0,0
2026-08-02T15:04:06.221000+09:00,2026-08-02T06:04:06.221000+00:00,094623,983.9,0,0,0,0,0,13354,0,13354,0,0,0,0,4651,-28608,10326,6,4480,0,129,0,0,0,0,2,0,0,0,0,31082107,2018,0.26,235.91,1219.82,0,49.9,98.6,67.8,44.3,51.2,427.3,122.5,478.2,92.3,93.1,921.4,360935,1043,12.84,89.3,1510,3.12,1.15,16,31.2,60,-1.04,12164008,71636,35.87,3404.85,0,1200,400,720,240,4200,7500,8500,102,1.5,6000,0,0,0,0,0,44.31,30,43.5,50.48,61.3,0,0
2026-08-02T15:05:06.318000+09:00,2026-08-02T06:05:06.318000+00:00,094623,996.1,0,0,0,0,0,13354,0,13354,0,0,0,0,4651,-28608,18518,6,4480,528,129,0,0,0,0,2,0,0,0,0,31082107,2018,0.29,245.67,1241.8,0,49.9,97.7,67.9,44.3,51.2,427.5,145.3,478.8,92.2,93.1,926.1,360935,1043,12.44,91.4,1510,3.13,1.16,16,30.9,60,-1.13,12164008,71636,35.9,3404.85,0,1200,400,720,240,4200,7500,8500,102,1.5,6000,0,0,0,0,0,44.31,30,40.94,57.14,61.3,0,0
2026-08-02T15:06:06.415000+09:00,2026-08-02T06:06:06.415000+00:00,094623,1073.0,0,0,0,0,0,13354,0,13354,0,0,0,0,4655,-26560,10326,6,4480,0,129,0,0,0,0,258,0,0,0,0,31082107,2018,0.27,303.05,1376.08,0,49.8,97,67.9,44.3,51.1,427.5,307.3,478.4,93,93.9,926.4,360935,1043,12.75,90.2,1500,3.13,1.16,16.4,30.1,60,-1.04,12164008,71636,43.67,3404.85,0,1200,400,720,240,4200,7500,8500,102,1.5,6000,0,0,0,0,0,44.14,30,37.89,55.2,61.3,0,0
2026-08-02T15:07:06.491000+09:00,2026-08-02T06:07:06.491000+00:00,094623,1085.2,0,0,0,0,0,13354,0,13354,0,0,0,0,4651,-28608,10326,6,4480,0,129,0,0,0,0,2,0,0,0,0,31082107,2018,0.28,303.05,1388.29,0,49.8,97.3,67.9,44.3,51.1,427.9,204.6,479.8,94,95.1,940.8,360935,1043,12.65,89.4,1500,3.13,1.16,16.2,29.5,60,-1.04,12164008,71637,39.39,3404.85,0,1200,400,720,240,4200,7500,8500,102,1.5,6000,0,0,0,0,0,44,30,37.48,52.3,61.4,0,0
2026-08-02T15:08:06.585000+09:00,2026-08-02T06:08:06.585000+00:00,094623,1123.4,0,0,0,0,0,13354,0,13354,0,0,0,0,4655,-28608,12374,6,4512,72,129,0,0,0,0,2,0,0,0,0,31082107,2018,0.3,327.46,1450.85,0,49.8,97.9,68,44.3,51.1,428.1,248.2,478.9,94.8,96,938.9,360935,1043,12.87,89.5,1500,3.11,1.15,16.5,29.2,60,-1.44,12164008,71637,37.24,3404.85,0,1200,400,720,240,4200,7500,8500,102,1.5,6000,0,0,0,0,0,44.28,30,38.78,51.64,61.4,0,0
2026-08-02T15:09:06.683000+09:00,2026-08-02T06:09:06.683000+00:00,094623,1092.6,0,0,0,0,0,13354,0,13354,0,0,0,0,4651,-28608,10326,6,4480,0,129,0,0,0,0,2,0,0,0,0,31082107,2018,0.32,293.28,1385.84,0,49.9,98.2,68.2,44.3,51.2,428.8,189.8,479.5,95.4,96.5,929.4,360936,1044,12.42,90.1,1500,3.12,1.15,16.3,29.6,60,-1.03,12164008,71637,37.6,3404.85,0,1200,400,720,240,4200,7500,8500,102,1.5,6000,0,0,0,0,0,45.06,30,39.72,53.02,61.4,0,0
2026-08-02T15:10:06.782000+09:00,2026-08-02T06:10:06.782000+00:00,094623,1051.1,0,0,0,0,0,13354,0,13354,0,0,0,0,4651,-28608,18518,6,4480,16,129,0,0,0,0,2,0,0,0,0,31082107,2018,0.31,301.83,1352.88,0,49.8,98.4,68.3,44.3,51.1,428.6,174,478.7,94.9,95.9,931.2,360936,1044,12.68,91.1,1500,3.14,1.15,16.1,29.7,60,-1.13,12164008,71637,40,3404.85,0,1200,400,720,240,4200,7500,8500,102,1.5,6000,0,0,0,0,0,45.74,30,40.81,57.1,61.4,0,0
2026-08-02T15:11:06.880000+09:00,2026-08-02T06:11:06.880000+00:00,094623,1162.4,0,0,0,0,0,13354,0,13354,0,0,0,0,4651,-28608,10326,6,4480,0,129,0,0,0,0,2,0,0,0,0,31082107,2018,0.29,309.15,1471.6,0,49.8,98.4,68.3,44.3,51.1,428.8,171.1,476.3,95.3,96.4,926.1,360936,1044,12.73,90.7,1510,3.14,1.16,16.7,29.6,60,-1.03,12164008,71637,41.71,3404.85,0,1200,400,720,240,4200,7500,8500,102,1.5,6000,0,0,0,0,0,46.2,30,41.42,57.4,61.4,0,0
2026-08-02T15:12:06.970000+09:00,2026-08-02T06:12:06.970000+00:00,094623,1106.0,0,0,0,0,0,13354,0,13354,0,0,0,0,4651,-26560,10326,6,4480,0,129,0,0,0,0,2,0,0,0,0,31082107,2018,0.24,289.62,1395.61,0,49.8,98.8,68.3,44.3,51.1,428.6,161.3,478.3,95.8,96.9,937.6,360936,1044,12.84,89.1,1500,3.13,1.14,16.2,29.3,60,-1.38,12164008,71638,41.11,3404.85,0,1200,400,720,240,4200,7500,8500,102,1.5,6000,0,0,0,0,0,46.65,30,43.51,52.49,61.5,0,0
2026-08-02T15:13:07.072000+09:00,2026-08-02T06:13:07.072000+00:00,094623,1074.2,0,0,0,0,0,13354,0,13354,0,0,0,0,4651,-28608,12374,6,4512,72,129,0,0,0,0,2,0,0,0,0,31082107,2018,0.25,277.41,1351.66,0,49.8,98.5,68.4,44.3,51.1,427.5,138.1,479.4,95.6,96.8,969.7,360936,1044,12.79,88.7,1500,3.14,1.15,16.1,29.6,60,-1.29,12164008,71638,35.75,3404.85,0,1200,400,720,240,4200,7500,8500,102,1.5,6000,0,0,0,0,0,47.55,30,43.84,49.22,61.5,0,0
2026-08-02T15:14:07.173000+09:00,2026-08-02T06:14:07.173000+00:00,094623,1087.7,0,0,0,0,0,13354,0,13354,0,0,0,0,4651,-28608,10326,6,4480,0,129,0,0,0,0,2,0,0,0,0,31082107,2018,0.28,287.18,1374.86,0,49.9,97.4,68.6,44.2,51.1,426.9,164.7,479.7,95.4,96.6,939.8,360936,1044,12.75,90,1500,3.12,1.15,16.2,29.8,60,-1.03,12164008,71638,37.21,3404.85,0,1200,400,720,240,4200,7500,8500,102,1.5,6000,0,0,0,0,0,48.88,30,40.44,52.21,61.5,0,0
2026-08-02T15:15:07.284000+09:00,2026-08-02T06:15:07.284000+00:00,094623,1118.2,0,0,0,0,0,13354,0,13354,0,0,0,0,4651,-26560,10326,518,4480,0,129,0,0,0,0,258,0,0,0,0,31082107,2018,0.3,301.83,1420.03,0,49.8,96.5,68.5,44.2,51.1,427.1,271.3,480.6,95.6,96.8,959.7,360937,1045,12.69,91.5,1500,3.12,1.15,16.3,29.3,60,-1.13,12164008,71638,40.58,3404.85,0,1200,400,720,240,4200,7500,8500,102,1.5,6000,0,0,0,0,0,49.34,30,36.03,57.81,61.5,0,0
2026-08-02T15:16:07.455000+09:00,2026-08-02T06:16:07.455000+00:00,094623,1088.9,0,0,0,0,0,13354,0,13354,0,0,0,0,4651,-28608,10326,6,4480,0,129,0,0,0,0,2,0,0,0,0,31082107,2018,0.27,274.97,1363.87,0,49.8,97.6,68.4,44.2,51,427.5,196.3,481.3,95.9,97.2,969.3,360937,1045,12.92,90,1490,3.12,1.15,16.2,29.6,60,-1.03,12164008,71638,43.7,3404.85,0,1200,400,720,240,4200,7500,8500,102,1.5,6000,0,0,0,0,0,49.76,30,37.66,54.49,61.6,0,0
2026-08-02T15:17:07.493000+09:00,2026-08-02T06:17:07.493000+00:00,094623,1113.3,0,0,0,0,0,13354,0,13354,0,0,0,0,4651,-28608,10326,6,4480,0,129,0,0,0,0,2,0,0,0,0,31082107,2018,0.27,287.18,1400.49,0,49.8,99,68.2,44.2,51,427.1,199.7,479.5,95.9,97.2,958.2,360937,1045,12.76,89.5,1500,3.13,1.15,16.3,29.4,60,-1.02,12164008,71639,40.23,3404.85,0,1200,400,720,240,4200,7500,8500,102,1.5,6000,0,0,0,0,0,49.59,30,42.32,52.48,61.6,0,0
2026-08-02T15:18:07.600000+09:00,2026-08-02T06:18:07.600000+00:00,094623,1163.7,0,0,0,0,0,13354,0,13354,0,0,0,0,4651,-28608,12374,6,4512,8,129,0,0,0,0,258,0,0,0,0,31082107,2018,0.29,298.17,1461.84,0,49.8,99.1,68,44.2,51,427.9,266.2,478.6,96.6,98,952.4,360937,1045,12.73,89.3,1490,3.12,1.15,16.5,29,60,-1.29,12164008,71639,38.18,3404.86,0,1200,400,720,240,4200,7500,8500,102,1.5,6000,0,0,0,0,0,49.12,30,44.51,50.74,61.6,0,0
2026-08-02T15:19:07.670000+09:00,2026-08-02T06:19:07.670000+00:00,094623,1109.7,0,0,0,0,0,13354,0,13354,0,0,0,0,4651,-28608,10326,6,4480,0,129,0,0,0,0,2,0,0,0,0,31082107,2018,0.31,272.53,1382.18,0,49.8,98.1,67.8,44.2,51,428.2,187.4,479.6,96.7,98.1,954.8,360937,1045,12.42,90.3,1500,3.13,1.15,16.2,29.6,60,-1.03,12164008,71639,37.27,3404.86,0,1200,400,720,240,4200,7500,8500,102,1.5,6000,0,0,0,0,0,48.37,30,42.3,53.52,61.6,0,0
2026-08-02T15:20:07.765000+09:00,2026-08-02T06:20:07.765000+00:00,094623,1139.2,0,0,0,0,0,13354,0,13354,0,0,0,0,4651,-28608,10326,6,4480,0,129,0,0,0,0,2,0,0,0,0,31082107,2018,0.3,298.17,1437.42,0,49.8,97.1,67.8,44.2,51,428.2,169.7,479,96.6,97.8,964.9,360937,1045,12.76,91.5,1500,3.14,1.15,16.5,29.6,60,-1.1,12164008,71639,40.94,3404.86,0,1200,400,720,240,4200,7500,8500,102,1.5,6000,0,0,0,0,0,48.08,30,38.71,58.58,61.6,0,0
2026-08-02T15:21:07.868000+09:00,2026-08-02T06:21:07.868000+00:00,094623,1201.5,0,0,0,0,0,13354,0,13354,0,0,0,0,4651,-28608,10326,6,4480,0,129,0,0,0,0,2,0,0,0,0,31082107,2018,0.24,317.7,1519.21,0,49.7,97.1,67.5,44.1,51,428.4,182.7,480.5,97.6,98.9,957.4,360938,1046,12.75,90.2,1500,3.14,1.15,16.6,28.6,60,-1.03,12164008,71639,44.25,3404.86,0,1200,400,720,240,4200,7500,8500,102,1.5,6000,0,0,0,0,0,46.66,30,37.13,56.27,61.7,0,0
2026-08-02T15:22:07.971000+09:00,2026-08-02T06:22:07.971000+00:00,094623,1180.8,0,0,0,0,0,13354,0,13354,0,0,0,0,4651,-28608,10326,6,4480,0,129,0,0,0,0,2,0,0,0,0,31082107,2018,0.21,287.18,1467.94,0,49.8,98,67.5,44.1,51,428.1,151.8,482.1,98.3,99.7,945.7,360938,1046,12.68,88.1,1500,3.14,1.15,16.5,29,60,-1.03,12164008,71639,37.5,3404.86,0,1200,400,720,240,4200,7500,8500,102,1.5,6000,0,0,0,0,0,45.92,30,39.1,48.64,61.7,0,0
2026-08-02T15:23:08.104000+09:00,2026-08-02T06:23:08.104000+00:00,094623,1097.5,0,0,0,0,0,13354,0,13354,0,0,0,0,4655,-28608,18518,6,4480,528,129,0,0,0,0,2,0,0,0,0,31082107,2018,0.25,273.75,1371.2,0,49.8,98.5,67.5,44.1,51,427.7,170,482.4,97.5,98.8,945,360938,1046,12.73,89.4,1500,3.14,1.15,16.3,29.9,60,-1.19,12164008,71640,33.63,3404.86,0,1200,400,720,240,4200,7500,8500,102,1.5,6000,0,0,0,0,0,45.15,30,41.06,50.37,61.7,0,0
2026-08-02T15:24:08.188000+09:00,2026-08-02T06:24:08.188000+00:00,094623,1082.8,0,0,0,0,0,13354,0,13354,0,0,0,0,4651,-28608,10326,6,4480,0,129,0,0,0,0,2,0,0,0,0,31082107,2018,0.28,274.97,1357.77,0,49.8,98.3,67.6,44.1,51,427.9,150.5,481.7,96.9,98,932.5,360938,1046,12.77,91.5,1500,3.13,1.15,16.2,29.9,60,-1.03,12164008,71640,38.52,3404.86,0,1200,400,720,240,4200,7500,8500,102,1.5,6000,0,0,0,0,0,44.75,30,41.14,57.59,61.7,0,0
2026-08-02T15:25:08.284000+09:00,2026-08-02T06:25:08.284000+00:00,094623,1084.0,0,0,0,0,0,13354,0,13354,0,0,0,0,4655,-28608,10326,6,4480,0,129,0,0,0,0,2,0,0,0,0,31082107,2018,0.24,281.08,1365.09,0,49.7,98.2,67.5,44.1,50.9,427.3,157.4,480.6,96.4,97.4,963,360938,1046,12.85,90.1,1500,3.13,1.16,16.3,30.1,60,-1.04,12164008,71640,43.61,3404.86,0,1200,400,720,240,4200,7500,8500,102,1.5,6000,0,0,0,0,0,43.83,30,41.05,55.06,61.7,0,0
2026-08-02T15:26:08.393000+09:00,2026-08-02T06:26:08.393000+00:00,094623,1088.9,0,0,0,0,0,13354,0,13354,0,0,0,0,4651,-28608,8278,6,4480,8,129,0,0,0,0,2,0,0,0,0,31082107,2018,0.22,262.76,1351.66,0,49.6,98.5,67.7,44,50.9,426.9,140.9,480.9,96.3,97.3,962.5,360938,1046,12.44,88.7,1500,3.14,1.15,16.2,29.8,60,-1.03,12164008,71640,37.34,3404.86,0,1200,400,720,240,4200,7500,8500,102,1.5,6000,0,0,0,0,0,43.92,30,42.52,49.71,61.7,0,0
2026-08-02T15:27:08.488000+09:00,2026-08-02T06:27:08.488000+00:00,094623,1098.7,0,0,0,0,0,13354,0,13354,0,0,0,0,4651,-28608,10326,6,4480,0,129,0,0,0,0,2,0,0,0,0,31082107,2018,0.25,271.31,1369.98,0,49.7,98.4,67.9,44,50.8,426.8,164,481.2,96.2,97.2,954.1,360939,1047,12.36,89.5,1500,3.14,1.16,16.2,29.6,60,-1.03,12164008,71640,36.12,3404.86,0,1200,400,720,240,4200,7500,8500,102,1.5,6000,0,0,0,0,0,44.26,30,42.93,50.63,61.8,0,0
2026-08-02T15:28:08.583000+09:00,2026-08-02T06:28:08.583000+00:00,094623,1098.7,0,0,0,0,0,13354,0,13354,0,0,0,0,4651,-28608,18518,6,4480,528,129,0,0,0,0,2,0,0,0,0,31082107,2018,0.28,271.31,1369.98,0,49.7,98,68,44,50.8,427.5,143.5,481.9,96.5,97.4,950.8,360939,1047,12.68,91,1500,3.13,1.15,16.2,29.7,60,-1.14,12164008,71641,37.37,3404.86,0,1200,400,720,240,4200,7500,8500,102,1.5,6000,0,0,0,0,0,44.47,30,42.05,55.38,61.8,0,0
2026-08-02T15:29:08.684000+09:00,2026-08-02T06:29:08.684000+00:00,094623,1121.9,0,0,0,0,0,13354,0,13354,0,0,0,0,4651,-28608,10326,518,4480,0,129,0,0,0,0,2,0,0,0,0,31082107,2018,0.3,298.17,1420.03,0,49.7,97.8,68.2,44,50.8,427.7,177.4,481.6,96.5,97.5,955,360939,1047,12.9,90.1,1500,3.13,1.15,16.3,29.4,60,-1.79,12164008,71641,40.41,3404.86,0,1200,400,720,240,4200,7500,8500,102,1.5,6000,0,0,0,0,0,45.25,30,41.34,53.38,61.8,0,0
2026-08-02T15:30:08.768000+09:00,2026-08-02T06:30:08.768000+00:00,094623,1106.0,0,0,0,0,0,13354,0,13354,0,0,0,0,4651,-28608,10326,6,4480,0,129,0,0,0,0,2,0,0,0,0,31082107,2018,0.29,279.85,1385.84,0,49.6,97.7,68.2,44,50.8,428,144.1,482,96.9,97.9,953.9,360939,1047,12.8,90.6,1500,3.14,1.15,16.2,29.5,60,-1.03,12164008,71641,39.57,3404.86,0,1200,400,720,240,4200,7500,8500,102,1.5,6000,0,0,0,0,0,45.56,30,40.62,55.36,61.8,0,0
2026-08-02T15:31:08.862000+09:00,2026-08-02T06:31:08.862000+00:00,094623,1070.6,0,0,0,0,0,13354,0,13354,0,0,0,0,4651,-28608,12374,6,4512,72,129,0,0,0,0,2,0,0,0,0,31082107,2018,0.28,266.43,1337.02,0,49.6,97.7,68.3,44,50.8,427.8,145.5,481.2,96.4,97.3,972.9,360939,1047,12.77,91,1500,3.14,1.15,16.1,30.2,60,-1.03,12164008,71641,40.48,3404.86,0,1200,400,720,240,4200,7500,8500,102,1.5,6000,0,0,0,0,0,46.25,30,40.3,57.79,61.8,0,0
2026-08-02T15:32:08.959000+09:00,2026-08-02T06:32:08.959000+00:00,094623,1093.8,0,0,0,0,0,13354,0,13354,0,0,0,0,4651,-28608,10326,6,4480,0,129,0,0,0,0,2,0,0,0,0,31082107,2018,0.25,254.22,1348,0,49.6,97.6,68.3,44,50.7,427.7,145.6,479.6,96,96.8,983.4,360939,1047,12.68,89.9,1510,3.15,1.15,16.2,30.1,60,-1.04,12164008,71641,42.57,3404.86,0,1200,400,720,240,4200,7500,8500,102,1.5,6000,0,0,0,0,0,46.7,30,39.46,55.25,61.9,0,0
2026-08-02T15:33:09.068000+09:00,2026-08-02T06:33:09.068000+00:00,094623,1076.7,0,0,0,0,0,13354,0,13354,0,0,0,0,4651,-28608,18518,6,4480,528,129,0,0,0,0,2,0,0,0,0,31082107,2018,0.22,281.08,1357.77,0,49.6,97.7,68.3,44,50.7,427.6,143.3,478.9,96,96.8,969,360940,1048,12.84,88.3,1490,3.12,1.15,16.1,29.6,60,-1.12,12164008,71642,37.44,3404.87,0,1200,400,720,240,4200,7500,8500,102,1.5,6000,0,0,0,0,0,47.15,30,39.2,48.98,61.9,0,0
2026-08-02T15:34:09.154000+09:00,2026-08-02T06:34:09.154000+00:00,094623,1203.9,0,0,0,0,0,13354,0,13354,0,0,0,0,4651,-28608,10326,6,4480,0,129,0,0,0,0,2,0,0,0,0,31082107,2018,0.26,320.14,1524.09,0,49.6,97.7,68.3,44,50.7,428.3,158.6,479.1,96.9,97.8,968.4,360940,1048,12.24,89.5,1500,3.13,1.15,16.6,28.9,60,-1.03,12164008,71642,35.21,3404.87,0,1200,400,720,240,4200,7500,8500,102,1.5,6000,0,0,0,0,0,47.59,30,38.75,50.75,61.9,0,0
2026-08-02T15:35:09.251000+09:00,2026-08-02T06:35:09.251000+00:00,094623,1175.9,0,0,0,0,0,13354,0,13354,0,0,0,0,4651,-28608,10326,6,4480,0,129,0,0,0,0,2,0,0,0,0,31082107,2018,0.29,327.46,1503.34,0,49.6,97.8,68.4,44,50.7,428.4,150.8,481.6,97.9,98.8,975.3,360940,1048,12.71,91.3,1500,3.14,1.14,16.3,28.4,60,-1.03,12164008,71642,37.51,3404.87,0,1200,400,720,240,4200,7500,8500,102,1.5,6000,0,0,0,0,0,48.37,30,38.67,56.71,61.9,0,0
2026-08-02T15:36:09.352000+09:00,2026-08-02T06:36:09.352000+00:00,094623,1124.3,0,0,0,0,0,13354,0,13354,0,0,0,0,4651,-28608,12374,518,4512,72,129,0,0,0,0,2,0,0,0,0,31082107,2018,0.29,279.85,1404.16,0,49.5,97.9,68.4,43.9,50.8,428.1,172.9,483.8,98,98.9,989,360940,1048,12.77,90.3,1500,3.14,1.14,16.2,29,60,-1.78,12164008,71642,41.72,3404.87,0,1200,400,720,240,4200,7500,8500,102,1.5,6000,0,0,0,0,0,48.97,30,38.76,55.15,61.9,0,0
2026-08-02T15:37:09.504000+09:00,2026-08-02T06:37:09.504000+00:00,094623,1048.6,0,0,0,0,0,13354,0,13354,0,0,0,0,4651,-28608,10326,6,4480,0,129,0,0,0,0,2,0,0,0,0,31082107,2018,0.27,249.34,1297.95,0,49.5,97.9,68.4,43.9,50.7,427.4,145.7,484.8,97.1,97.9,990.7,360940,1048,12.82,89.9,1500,3.13,1.15,16,30.1,60,-1.04,12164008,71642,40.75,3404.87,0,1200,400,720,240,4200,7500,8500,102,1.5,6000,0,0,0,0,0,49.57,30,38.68,53.91,61.9,0,0
2026-08-02T15:38:09.559000+09:00,2026-08-02T06:38:09.559000+00:00,094623,1049.8,0,0,0,0,0,13354,0,13354,0,0,0,0,4651,-28608,18518,6,4480,528,129,0,0,0,0,2,0,0,0,0,31082107,2018,0.26,281.08,1330.91,0,49.6,97.6,68.2,43.9,50.7,427,159.7,485.7,96.3,97,976.8,360940,1048,12.75,89.7,1500,3.15,1.15,16,30,60,-1.14,12164008,71642,40.04,3404.87,0,1200,400,720,240,4200,7500,8500,102,1.5,6000,0,0,0,0,0,49.4,30,37.47,52.96,62,0,0
2026-08-02T15:39:09.651000+09:00,2026-08-02T06:39:09.651000+00:00,094623,1146.6,0,0,0,0,0,13354,0,13354,0,0,0,0,4651,-28608,10326,6,4480,0,129,0,0,0,0,2,0,0,0,0,31082107,2018,0.27,296.94,1443.53,0,49.6,97.6,68.1,43.9,50.6,427.2,185.6,485.9,96.6,97.3,969.1,360941,1049,12.74,89.6,1500,3.15,1.15,16.3,29,60,-1.04,12164008,71643,38.65,3404.87,0,1200,400,720,240,4200,7500,8500,102,1.5,6000,0,0,0,0,0,49.34,30,36.87,51.92,62,0,0
2026-08-02T15:40:09.760000+09:00,2026-08-02T06:40:09.760000+00:00,094623,1191.7,0,0,0,0,0,13354,0,13354,0,0,0,0,4655,-28608,10326,6,4480,0,129,0,0,0,0,2,0,0,0,0,31082107,2018,0.29,315.26,1507,0,49.7,98,68,43.9,50.7,427.3,165.8,487.4,97.7,98.4,977,360941,1049,12.74,89.8,1500,3.14,1.15,16.4,28.7,60,-1.04,12164008,71643,37.99,3404.87,0,1200,400,720,240,4200,7500,8500,102,1.5,6000,0,0,0,0,0,49.05,30,37.83,51.9,62,0,0
2026-08-02T15:41:09.863000+09:00,2026-08-02T06:41:09.863000+00:00,094623,1182.0,0,0,0,0,0,13354,0,13354,0,0,0,0,4655,-28608,12374,590,4512,8264,129,0,0,0,0,2,0,0,0,0,31082107,2018,0.29,307.93,1489.91,0,49.6,98.5,67.9,43.9,50.7,427.5,158.4,488.4,98.4,99.2,979.4,360941,1049,12.8,90.3,1500,3.14,1.15,16.4,28.6,60,-1.38,12164008,71643,37.37,3404.87,0,1200,400,720,240,4200,7500,8500,102,1.5,6000,0,0,0,0,0,48.66,30,39.7,53.45,62,0,0
2026-08-02T15:42:09.982000+09:00,2026-08-02T06:42:09.982000+00:00,094623,1119.4,0,0,0,0,0,13354,0,13354,0,0,0,0,4651,-28608,10326,6,4480,0,129,0,0,0,0,2,0,0,0,0,31082107,2018,0.29,279.85,1399.27,0,49.5,98.7,68,43.8,50.7,427.4,134.8,488.9,98.3,99.1,957.5,360941,1049,12.75,91.1,1500,3.14,1.15,16.1,29.2,60,-1.04,12164008,71643,39.54,3404.87,0,1200,400,720,240,4200,7500,8500,102,1.5,6000,0,0,0,0,0,48.85,30,41.13,56.94,62,0,0
2026-08-02T15:43:10.078000+09:00,2026-08-02T06:43:10.078000+00:00,094623,1113.3,0,0,0,0,0,13354,0,13354,0,0,0,0,4651,-28608,18518,6,4480,528,129,0,0,0,0,2,0,0,0,0,31082107,2018,0.28,276.19,1389.51,0,49.5,98.9,68,43.8,50.7,427.4,128.9,488,97.7,98.5,948.8,360941,1049,12.75,90.6,1500,3.15,1.15,16.2,29.7,60,-1.14,12164008,71643,40.52,3404.87,0,1200,400,720,240,4200,7500,8500,102,1.5,6000,0,0,0,0,0,48.81,30,42.85,56.47,62.1,0,0
2026-08-02T15:44:10.175000+09:00,2026-08-02T06:44:10.175000+00:00,094623,1086.5,0,0,0,0,0,13354,0,13354,0,0,0,0,4651,-28608,10326,6,4480,0,129,0,0,0,0,2,0,0,0,0,31082107,2018,0.26,284.74,1371.2,0,49.5,98.7,68,43.8,50.6,427.8,128.1,486.6,97.1,97.8,962.7,360941,1049,12.32,90.5,1500,3.13,1.15,16.2,30.1,60,-1.04,12164008,71644,40.28,3404.87,0,1200,400,720,240,4200,7500,8500,102,1.5,6000,0,0,0,0,0,48.77,30,43.61,56.87,62.1,0,0
2026-08-02T15:45:10.281000+09:00,2026-08-02T06:45:10.281000+00:00,094623,1147.8,0,0,0,0,0,13354,0,13354,0,0,0,0,4651,-28608,10326,6,4480,0,129,0,0,0,0,2,0,0,0,0,31082107,2018,0.24,290.84,1438.64,0,49.5,98.2,67.8,43.8,50.6,427.8,145.9,485.8,97.2,98,971.7,360942,1050,12.9,89.3,1500,3.15,1.15,16.2,29.1,60,-1.04,12164008,71644,40.37,3404.87,0,1200,400,720,240,4200,7500,8500,102,1.5,6000,0,0,0,0,0,47.97,30,42.73,53.14,62.1,0,0
2026-08-02T15:46:10.381000+09:00,2026-08-02T06:46:10.381000+00:00,094623,1174.6,0,0,0,0,0,13354,0,13354,0,0,0,0,4651,-28608,12374,6,4512,72,129,0,0,0,0,2,0,0,0,0,31082107,2018,0.23,317.7,1492.35,0,49.5,97.9,67.7,43.8,50.6,428,150,486.9,97.9,98.7,972.6,360942,1050,12.74,88.3,1500,3.14,1.15,16.3,28.6,60,-1.33,12164008,71644,37,3404.87,0,1200,400,720,240,4200,7500,8500,102,1.5,6000,0,0,0,0,0,47.23,30,41.86,48.3,62.1,0,0
2026-08-02T15:47:10.479000+09:00,2026-08-02T06:47:10.479000+00:00,094623,1149.0,0,0,0,0,0,13354,0,13354,0,0,0,0,4655,-28608,10326,6,4480,0,129,0,0,0,0,2,0,0,0,0,31082107,2018,0.27,304.27,1453.29,0,49.5,97.7,67.7,43.8,50.6,428.2,136.7,487.8,98.4,99.1,991.6,360942,1050,12.68,89.9,1500,3.14,1.15,16.3,28.9,60,-1.03,12164008,71644,35.02,3404.88,0,1200,400,720,240,4200,7500,8500,102,1.5,6000,0,0,0,0,0,46.66,30,41,51.56,62.1,0,0
2026-08-02T15:48:10.566000+09:00,2026-08-02T06:48:10.566000+00:00,094623,1131.6,0,0,0,0,0,13354,0,13354,0,0,0,0,4651,-28608,18518,6,4480,0,129,0,0,0,0,2,0,0,0,0,31082107,2018,0.3,288.4,1420.03,0,49.5,97.3,67.7,43.8,50.6,428,128.7,487.4,98.1,98.8,970.2,360942,1050,12.85,90.9,1510,3.16,1.15,16.3,29.5,60,-1.13,12164008,71644,40.04,3404.88,0,1200,400,720,240,4200,7500,8500,102,1.5,6000,0,0,0,0,0,46.2,30,39.02,55.64,62.1,0,0
2026-08-02T15:49:10.665000+09:00,2026-08-02T06:49:10.665000+00:00,094623,1130.4,0,0,0,0,0,13354,0,13354,0,0,0,0,4651,-28608,10326,6,4480,0,129,0,0,0,0,2,0,0,0,0,31082107,2018,0.28,282.3,1412.7,0,49.4,96.9,67.6,43.8,50.6,427.6,139.2,486.6,97.7,98.3,954.9,360942,1050,12.77,91.4,1500,3.15,1.16,16.2,29.5,60,-1.04,12164008,71645,41.85,3404.88,0,1200,400,720,240,4200,7500,8500,102,1.5,6000,0,0,0,0,0,45.46,30,36.32,58.68,62.1,0,0
2026-08-02T15:50:10.762000+09:00,2026-08-02T06:50:10.762000+00:00,094623,1239.4,0,0,0,0,0,13354,0,13354,0,0,0,0,4651,-28608,10326,6,4480,0,129,0,0,0,0,2,0,0,0,0,31082107,2018,0.23,303.05,1542.41,0,49.4,97.8,67.6,43.8,50.6,427.6,168.3,486.9,98.6,99.2,951.3,360942,1050,12.79,90,1500,3.15,1.15,16.6,28.6,60,-1.04,12164008,71645,41.99,3404.88,0,1200,400,720,240,4200,7500,8500,102,1.5,6000,0,0,0,0,0,44.93,30,37.92,55.76,62.1,0,0
2026-08-02T15:51:10.865000+09:00,2026-08-02T06:51:10.865000+00:00,094623,1178.3,0,0,0,0,0,13354,0,13354,0,0,0,0,4651,-28608,12374,6,4512,72,129,0,0,0,0,2,0,0,0,0,31082107,2018,0.22,285.96,1464.28,0,49.5,99,67.5,43.8,50.6,427.2,143.3,489.1,99.1,99.8,941.7,360943,1051,12.53,88.2,1510,3.16,1.15,16.5,29.2,60,-1.32,12164008,71645,37.85,3404.88,0,1200,400,720,240,4200,7500,8500,102,1.5,6000,0,0,0,0,0,43.9,30,42.14,48.81,62.1,0,0
2026-08-02T15:52:10.971000+09:00,2026-08-02T06:52:10.971000+00:00,094623,1210.1,0,0,0,0,0,13354,0,13354,0,0,0,0,4651,-28608,10326,6,4480,0,129,0,0,0,0,2,0,0,0,0,31082107,2018,0.25,293.28,1503.34,0,49.6,99.1,67.7,43.8,50.6,427.5,147.8,488.9,99.3,99.9,935.8,360943,1051,12.86,89.2,1500,3.14,1.15,16.5,28.8,60,-1.04,12164008,71645,35.67,3404.88,0,1200,400,720,240,4200,7500,8500,102,1.5,6000,0,0,0,0,0,43.88,30,44.27,49.79,62.1,0,0
2026-08-02T15:53:11.067000+09:00,2026-08-02T06:53:11.067000+00:00,094623,1169.8,0,0,0,0,0,13354,0,13354,0,0,0,0,4651,-26560,10326,6,4480,0,129,0,0,0,0,2,0,0,0,0,31082107,2018,0.27,295.72,1465.5,0,49.6,98.1,67.8,43.8,50.6,427.7,157.7,488.4,99.2,99.8,941.4,360943,1051,12.84,91,1500,3.15,1.16,16.2,28.8,60,-1.12,12164008,71645,36.94,3404.88,0,1200,400,720,240,4200,7500,8500,102,1.5,6000,0,0,0,0,0,43.79,30,42.11,55.28,62.1,0,0
2026-08-02T15:54:11.158000+09:00,2026-08-02T06:54:11.158000+00:00,094623,1136.8,0,0,0,0,0,13354,0,13354,0,0,0,0,4651,-28608,10326,6,4480,0,129,0,0,0,0,2,0,0,0,0,31082107,2018,0.26,294.5,1431.32,0,49.6,97.5,67.9,43.7,50.6,427.7,136.4,487.5,98.9,99.5,939.7,360943,1051,12.68,90.8,1500,3.14,1.15,16.2,29.4,60,-1.04,12164008,71646,40.98,3404.88,0,1200,400,720,240,4200,7500,8500,102,1.5,6000,0,0,0,0,0,43.88,30,39.93,56.34,62.2,0,0
2026-08-02T15:55:11.248000+09:00,2026-08-02T06:55:11.248000+00:00,094623,1112.1,0,0,0,0,0,13354,0,13354,0,0,0,0,4651,-28608,10326,6,4480,0,129,0,0,0,0,2,0,0,0,0,31082107,2018,0.24,306.71,1418.8,0,49.7,97,67.9,43.7,50.6,427.3,131.4,485.3,98.3,98.8,942.8,360943,1051,12.8,89.7,1500,3.14,1.15,16.1,29.4,60,-1.04,12164008,71646,40.04,3404.88,0,1200,400,720,240,4200,7500,8500,102,1.5,6000,0,0,0,0,0,43.75,30,37.3,53.42,62.2,0,0
2026-08-02T15:56:11.344000+09:00,2026-08-02T06:56:11.344000+00:00,094623,1163.7,0,0,0,0,0,13354,0,13354,0,0,0,0,4651,-28608,12374,6,4480,8,129,0,0,0,0,2,0,0,0,0,31082107,2018,0.23,299.39,1463.06,0,49.8,97.6,67.9,43.7,50.6,427.2,160.8,484.9,98.4,98.9,953.8,360943,1051,12.75,89.1,1500,3.14,1.15,16.3,28.9,60,-1.24,12164008,71646,38.04,3404.88,0,1200,400,720,240,4200,7500,8500,102,1.5,6000,0,0,0,0,0,43.68,30,37.79,50.68,62.2,0,0
2026-08-02T15:57:11.449000+09:00,2026-08-02T06:57:11.449000+00:00,094623,1130.4,0,0,0,0,0,13354,0,13354,0,0,0,0,4651,-28608,10326,6,4480,0,129,0,0,0,0,2,0,0,0,0,31082107,2018,0.25,288.4,1418.8,0,49.9,98.7,67.9,43.7,50.6,427.6,140.1,488.3,98.6,99.1,945.8,360944,1052,12.91,89.6,1500,3.14,1.16,16.2,29.4,60,-1.04,12164008,71646,36.08,3404.88,0,1200,400,720,240,4200,7500,8500,102,1.5,6000,0,0,0,0,0,43.53,30,41.38,51.05,62.2,0,0
2026-08-02T15:58:11.610000+09:00,2026-08-02T06:58:11.610000+00:00,094623,1150.2,0,0,0,0,0,13354,0,13354,0,0,0,0,4655,-26560,10326,6,4481,0,129,0,0,0,0,2,0,0,0,0,31082107,2018,0.28,306.71,1456.95,0,49.9,99.1,68,43.7,50.7,427.6,139.7,488.1,98.5,99,950.4,360944,1052,12.75,90.9,1510,3.15,1.16,16.2,29.1,60,-1.03,12164008,71646,37.33,3404.88,0,1200,400,720,240,4200,7500,8500,102,1.5,6000,0,0,0,0,0,43.8,30,44.1,55.14,62.2,0,0
2026-08-02T15:59:11.708000+09:00,2026-08-02T06:59:11.708000+00:00,094623,1143.8,0,0,0,0,0,13354,0,13354,0,0,0,0,4651,-28608,10326,6,4480,0,129,0,0,0,0,2,0,0,0,0,31082107,2018,0.28,277.41,1421.25,0,50,98.2,68.1,43.7,50.7,427.9,133,488.1,98.6,99.1,933.4,360944,1052,12.4,90.1,1490,3.12,1.14,16.2,29.3,60,-1.04,12164008,71646,42.25,3404.88,0,1200,400,720,240,4200,7500,8500,102,1.5,6000,0,0,0,0,0,44.11,30,42.31,54.2,62.2,0,0
2026-08-02T16:00:11.806000+09:00,2026-08-02T07:00:11.806000+00:00,094623,1166.1,0,0,0,0,0,13354,0,13354,0,0,0,0,4651,-28608,10326,6,4480,0,129,0,0,0,0,2,0,0,0,0,31082107,2018,0.27,288.4,1454.51,0,50,97.8,68.1,43.7,50.7,428,147,489.2,98.6,99.1,942.3,360944,1052,12.68,89.8,1500,3.13,1.16,16.4,29.3,60,-1.03,12164008,71647,40.19,3404.88,0,1200,400,720,240,4200,7500,8500,102,1.5,6000,0,0,0,0,0,44.2,30,41.07,53.09,62.2,0,0
2026-08-02T16:01:11.910000+09:00,2026-08-02T07:01:11.910000+00:00,094623,1211.3,0,0,0,0,0,13354,0,13354,0,0,0,0,4651,-28608,18518,6,4480,528,129,0,0,0,0,2,0,0,0,0,31082107,2018,0.27,309.15,1520.43,0,50.1,97.6,68,43.7,50.8,427.8,141.9,490,99.1,99.7,948.7,360944,1052,12.41,89.6,1500,3.13,1.16,16.4,28.5,60,-1.16,12164008,71647,38.87,3404.88,0,1200,400,720,240,4200,7500,8500,102,1.5,6000,0,0,0,0,0,43.99,30,40.02,52.04,62.3,0,0
2026-08-02T16:02:12.011000+09:00,2026-08-02T07:02:12.011000+00:00,094623,1246.7,0,0,0,0,0,13354,0,13354,0,0,0,0,4651,-28608,10326,518,4480,0,129,0,0,0,0,2,0,0,0,0,31082107,2018,0.28,300.61,1547.29,0,50.3,97.5,68.1,43.6,50.8,428.2,202.1,489.1,99.9,100.6,983.4,360944,1052,12.34,89.8,1490,3.14,1.15,16.5,28.2,60,-1.23,12164008,71647,37.93,3404.89,0,1200,400,720,240,4200,7500,8500,102,1.5,6000,0,0,0,0,0,44.36,30,39.02,52.1,62.3,0,0
2026-08-02T16:03:12.114000+09:00,2026-08-02T07:03:12.114000+00:00,094623,1236.9,0,0,0,0,0,13354,0,13354,0,0,0,0,4651,-28608,10326,6,4480,0,129,0,0,0,0,2,0,0,0,0,31082107,2018,0.28,304.27,1541.18,0,50.4,97.7,68.1,43.7,50.9,428.3,170.2,491.5,100.6,101.5,971.9,360945,1053,12.74,89.9,1500,3.15,1.15,16.5,28.5,60,-1.08,12164008,71647,37.55,3404.89,0,1200,400,720,240,4200,7500,8500,102,1.5,6000,0,0,0,0,0,44.51,30,38.92,52.29,62.3,0,0
2026-08-02T16:04:12.219000+09:00,2026-08-02T07:04:12.219000+00:00,094623,1202.7,0,0,0,0,0,13354,0,13354,0,0,0,0,4655,-28608,8278,6,4480,8,129,0,0,0,0,2,0,0,0,0,31082107,2018,0.29,311.59,1514.33,0,50.4,97.8,68.3,43.7,51,427.7,166,491.3,100.7,101.6,995.1,360945,1053,12.4,90.3,1500,3.14,1.16,16.4,28.8,60,-1.04,12164008,71647,38.94,3404.89,0,1200,400,720,240,4200,7500,8500,102,1.5,6000,0,0,0,0,0,45.45,30,38.97,53.56,62.3,0,0
2026-08-02T16:05:12.355000+09:00,2026-08-02T07:05:12.355000+00:00,094623,1189.3,0,0,0,0,0,13354,0,13354,0,0,0,0,4651,-28608,10326,6,4480,0,129,0,0,0,0,2,0,0,0,0,31082107,2018,0.29,285.96,1475.26,0,50.5,97.6,68.3,43.6,51,427.7,148.7,491.5,100.8,101.7,984.7,360945,1053,12.64,90.3,1500,3.15,1.15,16.3,28.8,60,-1.04,12164008,71648,39,3404.89,0,1200,400,720,240,4200,7500,8500,102,1.5,6000,0,0,0,0,0,45.94,30,37.98,53.9,62.3,0,0
2026-08-02T16:06:12.487000+09:00,2026-08-02T07:06:12.487000+00:00,094623,1142.6,0,0,0,0,0,13354,0,13354,0,0,0,0,4651,-28608,18518,6,4480,528,129,0,0,0,0,2,0,0,0,0,31082107,2018,0.29,262.76,1405.38,0,50.4,97.7,68.4,43.6,51,427.3,135.4,490.6,100.2,101,975.4,360945,1053,12.68,90.4,1500,3.14,1.15,16.1,29.5,60,-1.16,12164008,71648,38.47,3404.89,0,1200,400,720,240,4200,7500,8500,102,1.5,6000,0,0,0,0,0,46.84,30,37.81,54.8,62.3,0,0
2026-08-02T16:07:12.587000+09:00,2026-08-02T07:07:12.587000+00:00,094623,1172.2,0,0,0,0,0,13354,0,13354,0,0,0,0,4655,-28608,10326,6,4480,0,129,0,0,0,0,2,0,0,0,0,31082107,2018,0.29,290.84,1463.06,0,50.4,97.6,68.5,43.6,51,427.3,157.8,489.6,99.7,100.5,965.2,360945,1053,12.74,90.4,1500,3.14,1.16,16.4,29.4,60,-1.04,12164008,71648,38.23,3404.89,0,1200,400,720,240,4200,7500,8500,102,1.5,6000,0,0,0,0,0,47.85,30,36.9,55.52,62.3,0,0
2026-08-02T16:08:12.688000+09:00,2026-08-02T07:08:12.688000+00:00,094623,1142.6,0,0,0,0,0,13354,0,13354,0,0,0,0,4651,-28608,10326,6,4480,0,129,0,0,0,0,2,0,0,0,0,31082107,2018,0.28,271.31,1413.92,0,50.4,98,68.5,43.6,51,427.9,139.1,490.8,100,100.8,961.9,360945,1053,12.73,90.7,1510,3.16,1.15,16.1,29,60,-1.04,12164008,71648,39.44,3404.89,0,1200,400,720,240,4200,7500,8500,102,1.5,6000,0,0,0,0,0,48.59,30,37.82,57.34,62.4,0,0
2026-08-02T16:09:12.783000+09:00,2026-08-02T07:09:12.783000+00:00,094623,1121.9,0,0,0,0,0,13354,0,13354,0,0,0,0,4651,-28608,12374,6,4512,72,129,0,0,0,0,2,0,0,0,0,31082107,2018,0.26,262.76,1384.62,0,50.5,98.4,68.4,43.6,51,427.7,143.4,491.9,99.6,100.4,959,360946,1054,12.81,90.1,1490,3.13,1.15,16,29.4,60,-1.24,12164008,71648,40.05,3404.89,0,1200,400,720,240,4200,7500,8500,102,1.5,6000,0,0,0,0,0,49.02,30,39.34,56.16,62.4,0,0
2026-08-02T16:10:12.882000+09:00,2026-08-02T07:10:12.882000+00:00,094623,1171.0,0,0,0,0,0,13354,0,13354,0,0,0,0,4651,-28608,10326,6,4480,0,129,0,0,0,0,2,0,0,0,0,31082107,2018,0.24,292.06,1463.06,0,50.5,98.8,68.4,43.6,51,427.3,147.7,491.8,99.6,100.3,976.7,360946,1054,12.82,89,1500,3.15,1.15,16.2,28.9,60,-1.04,12164008,71649,39.95,3404.89,0,1200,400,720,240,4200,7500,8500,102,1.5,6000,0,0,0,0,0,49.67,30,41.37,52.24,62.4,0,0
2026-08-02T16:11:12.980000+09:00,2026-08-02T07:11:12.980000+00:00,094623,1177.1,0,0,0,0,0,13354,0,13354,0,0,0,0,4655,-28608,18518,6,4480,528,129,0,0,0,0,2,0,0,0,0,31082107,2018,0.25,299.39,1476.49,0,50.5,99.1,68.1,43.5,51,427,143.3,491.3,99.6,100.3,965.5,360946,1054,12.53,88.9,1500,3.15,1.15,16.3,29.1,60,-1.14,12164008,71649,35.53,3404.89,0,1200,400,720,240,4200,7500,8500,102,1.5,6000,0,0,0,0,0,49.12,30,43.71,50,62.4,0,0
2026-08-02T16:12:13.063000+09:00,2026-08-02T07:12:13.063000+00:00,094623,1152.7,0,0,0,0,0,13354,0,13354,0,0,0,0,4655,-28608,10326,6,4480,0,129,0,0,0,0,2,0,0,0,0,31082107,2018,0.27,288.4,1441.08,0,50.6,98.6,68,43.5,51,427.6,136.1,490.5,99.3,100,973.3,360946,1054,12.56,90.2,1500,3.13,1.14,16.2,29.3,60,-1.04,12164008,71649,36.81,3404.89,0,1200,400,720,240,4200,7500,8500,102,1.5,6000,0,0,0,0,0,48.89,30,43.66,53.16,62.4,0,0
2026-08-02T16:13:13.173000+09:00,2026-08-02T07:13:13.173000+00:00,094623,1137.7,0,0,0,0,0,13354,0,13354,0,0,0,0,4651,-28608,10326,6,4480,0,129,0,0,0,0,2,0,0,0,0,31082107,2018,0.27,274.97,1412.7,0,50.6,98,67.9,43.5,51,427.5,126.8,490.1,99,99.6,980.4,360946,1054,12.81,91.5,1490,3.12,1.15,16.1,29.5,60,-1.04,12164008,71649,40.48,3404.89,0,1200,400,720,240,4200,7500,8500,102,1.5,6000,0,0,0,0,0,48.56,30,42.22,58.69,62.4,0,0
2026-08-02T16:14:13.273000+09:00,2026-08-02T07:14:13.273000+00:00,094623,1146.6,0,0,0,0,0,13354,0,13354,0,0,0,0,4651,-28608,12374,6,4512,72,129,0,0,0,0,2,0,0,0,0,31082107,2018,0.23,293.28,1439.86,0,50.5,97.8,67.8,43.5,51,427,129.4,489.4,98.9,99.6,964.6,360946,1054,12.92,90.2,1500,3.14,1.15,16.2,29.2,60,-1.42,12164008,71649,41.36,3404.89,0,1200,400,720,240,4200,7500,8500,102,1.5,6000,0,0,0,0,0,48.08,30,41.39,56.15,62.4,0,0
2026-08-02T16:15:13.359000+09:00,2026-08-02T07:15:13.359000+00:00,094623,1164.9,0,0,0,0,0,13354,0,13354,0,0,0,0,4651,-28608,10326,6,4480,0,129,0,0,0,0,2,0,0,0,0,31082107,2018,0.21,283.52,1448.41,0,50.6,97.7,67.7,43.5,51,427.1,132.2,489.6,99.2,99.8,959.3,360947,1055,12.42,89.2,1490,3.13,1.15,16.1,29,60,-1.05,12164008,71649,39.87,3404.89,0,1200,400,720,240,4200,7500,8500,102,1.5,6000,0,0,0,0,0,47.42,30,40.74,52.65,62.4,0,0
2026-08-02T16:16:13.473000+09:00,2026-08-02T07:16:13.473000+00:00,094623,1171.0,0,0,0,0,0,13354,0,13354,0,0,0,0,4651,-28608,18518,6,4480,528,129,0,0,0,0,2,0,0,0,0,31082107,2018,0.23,292.06,1463.06,0,50.7,97.7,67.7,43.5,51,427,137.8,489.3,99.4,100.1,959.3,360947,1055,12.62,89.2,1500,3.13,1.15,16.2,29,60,-1.14,12164008,71650,36.64,3404.89,0,1200,400,720,240,4200,7500,8500,102,1.5,6000,0,0,0,0,0,46.97,30,40.39,51.19,62.4,0,0
2026-08-02T16:17:13.572000+09:00,2026-08-02T07:17:13.572000+00:00,094623,1216.2,0,0,0,0,0,13354,0,13354,0,0,0,0,4651,-28608,10326,6,4480,0,129,0,0,0,0,2,0,0,0,0,31082107,2018,0.24,296.94,1513.11,0,50.7,97.2,67.6,43.5,51,427.3,156.4,488.7,99.8,100.5,964,360947,1055,12.88,89.9,1500,3.14,1.15,16.3,28.5,60,-1.05,12164008,71650,37.82,3404.89,0,1200,400,720,240,4200,7500,8500,102,1.5,6000,0,0,0,0,0,46.13,30,38.04,52.59,62.5,0,0
2026-08-02T16:18:13.679000+09:00,2026-08-02T07:18:13.679000+00:00,094623,1167.3,0,0,0,0,0,13354,0,13354,0,0,0,0,4651,-28608,10326,6,4480,0,129,0,0,0,0,2,0,0,0,0,31082107,2018,0.27,295.72,1463.06,0,50.7,97.4,67.5,43.4,51.1,427.4,146.1,488.5,100.2,100.9,976.9,360947,1055,12.77,90.1,1490,3.13,1.15,16.1,28.7,60,-1.04,12164008,71650,38.22,3404.9,0,1200,400,720,240,4200,7500,8500,102,1.5,6000,0,0,0,0,0,45.17,30,37.52,53.52,62.5,0,0
2026-08-02T16:19:13.770000+09:00,2026-08-02T07:19:13.770000+00:00,094623,1163.7,0,0,0,0,0,13354,0,13354,0,0,0,0,4651,-28608,12374,6,4512,72,129,0,0,0,0,2,0,0,0,0,31082107,2018,0.29,294.5,1458.17,0,50.7,97.9,67.6,43.4,51.1,427.3,153.3,487.9,100,100.6,964,360947,1055,12.69,89.9,1490,3.13,1.15,16.1,29,60,-1.33,12164008,71650,37.78,3404.9,0,1200,400,720,240,4200,7500,8500,102,1.5,6000,0,0,0,0,0,44.83,30,38.58,52.67,62.5,0,0
2026-08-02T16:20:13.919000+09:00,2026-08-02T07:20:13.919000+00:00,094623,1203.9,0,0,0,0,0,13354,0,13354,0,0,0,0,4651,-28608,10326,518,4480,0,129,0,0,0,0,2,0,0,0,0,31082107,2018,0.28,299.39,1503.34,0,50.7,98.3,67.7,43.4,51.1,427.5,154.5,487,100,100.7,954.2,360947,1055,12.69,91.2,1500,3.13,1.15,16.2,28.5,60,-1.75,12164008,71650,38.19,3404.9,0,1200,400,720,240,4200,7500,8500,102,1.5,6000,0,0,0,0,0,44.57,30,39.88,57.49,62.5,0,0
2026-08-02T16:21:13.958000+09:00,2026-08-02T07:21:13.958000+00:00,094623,1200.3,0,0,0,0,0,13354,0,13354,0,0,0,0,4651,-28608,18518,6,4480,16,129,0,0,0,0,2,0,0,0,0,31082107,2018,0.24,287.18,1487.47,0,50.7,98.8,67.7,43.4,51.1,427.6,136.6,487.5,100.5,101.2,959.9,360948,1056,12.85,90.9,1500,3.13,1.15,16.2,28.6,60,-1.14,12164008,71651,42.1,3404.9,0,1200,400,720,240,4200,7500,8500,102,1.5,6000,0,0,0,0,0,44.05,30,42.06,58.58,62.5,0,0
2026-08-02T16:22:14.037000+09:00,2026-08-02T07:22:14.037000+00:00,094623,1240.6,0,0,0,0,0,13354,0,13354,0,0,0,0,4651,-28608,10326,6,4480,0,129,0,0,0,0,2,0,0,0,0,31082107,2018,0.21,307.93,1548.51,0,50.8,99.2,67.8,43.4,51.1,427.1,177.1,487.1,100.8,101.5,958.6,360948,1056,12.67,88.4,1500,3.13,1.15,16.4,28.5,60,-1.05,12164008,71651,39.06,3404.9,0,1200,400,720,240,4200,7500,8500,102,1.5,6000,0,0,0,0,0,43.96,30,44.92,50.45,62.5,0,0
2026-08-02T16:23:14.140000+09:00,2026-08-02T07:23:14.140000+00:00,094623,1283.3,0,0,0,0,0,13354,0,13354,0,0,0,0,4655,-28608,10326,6,4480,0,129,0,0,0,0,2,0,0,0,0,31082107,2018,0.25,320.14,1603.44,0,50.9,98.4,67.9,43.3,51.1,427.5,190.9,488.3,101.7,102.5,950.3,360948,1056,12.73,89,1500,3.12,1.14,16.5,27.9,60,-1.05,12164008,71651,34.18,3404.9,0,1200,400,720,240,4200,7500,8500,102,1.5,6000,0,0,0,0,0,44.04,30,43.78,49.89,62.5,0,0
2026-08-02T16:24:14.224000+09:00,2026-08-02T07:24:14.224000+00:00,094623,1207.6,0,0,0,0,0,13354,0,13354,0,0,0,0,4651,-28608,12374,6,4512,72,129,0,0,0,0,2,0,0,0,0,31082107,2018,0.27,305.49,1513.11,0,50.9,97.9,68.2,43.3,51.2,427.9,155.9,488.7,102.1,102.9,946.8,360948,1056,12.74,90.8,1510,3.14,1.15,16.2,28.5,60,-1.33,12164008,71651,36.29,3404.9,0,1200,400,720,240,4200,7500,8500,102,1.5,6000,0,0,0,0,0,45.04,30,42.48,55.1,62.5,0,0
2026-08-02T16:25:14.325000+09:00,2026-08-02T07:25:14.325000+00:00,094623,1186.9,0,0,0,0,0,13354,0,13354,0,0,0,0,4651,-28608,10326,6,4480,0,129,0,0,0,0,2,0,0,0,0,31082107,2018,0.26,283.52,1470.38,0,50.8,97.4,68.5,43.3,51.3,427.6,139.6,487.4,101.6,102.2,944.8,360948,1056,12.34,90.9,1510,3.14,1.14,16.2,28.9,60,-1.05,12164008,71651,42.64,3404.9,0,1200,400,720,240,4200,7500,8500,102,1.5,6000,0,0,0,0,0,46.46,30,40.43,57.26,62.5,0,0
2026-08-02T16:26:14.416000+09:00,2026-08-02T07:26:14.416000+00:00,094623,1153.9,0,0,0,0,0,13354,0,13354,0,0,0,0,4651,-28608,2134,6,4480,0,129,0,0,0,0,2,0,0,0,0,31082107,2018,0.23,289.62,1443.53,0,50.7,97.2,68.6,43.3,51.2,427,136,484.9,101,101.6,936.1,360948,1056,12.84,89.3,1500,3.14,1.15,16,28.9,60,-1.14,12164008,71652,40.28,3404.9,0,1200,400,720,240,4200,7500,8500,102,1.5,6000,0,0,0,0,0,47.57,30,38.77,52.59,62.5,0,0
2026-08-02T16:27:14.519000+09:00,2026-08-02T07:27:14.519000+00:00,094623,1194.2,0,0,0,0,0,13354,0,13354,0,0,0,0,4651,-28608,10326,6,4480,0,129,0,0,0,0,2,0,0,0,0,31082107,2018,0.24,307.93,1502.12,0,50.7,97.3,68.7,43.2,51.2,427.3,170.4,484.2,101,101.5,940.9,360949,1057,12.73,89.3,1510,3.14,1.15,16.3,28.9,60,-1.04,12164008,71652,36.81,3404.9,0,1200,400,720,240,4200,7500,8500,102,1.5,6000,0,0,0,0,0,48.82,30,37.9,51.33,62.6,0,0
2026-08-02T16:28:14.632000+09:00,2026-08-02T07:28:14.632000+00:00,094623,1239.3,0,0,0,0,0,13354,0,13354,0,0,0,0,4651,-28608,10326,6,4480,0,129,0,0,0,0,2,0,0,0,0,31082107,2018,0.26,318.92,1558.27,0,50.8,97.5,68.7,43.3,51.2,427.4,223.1,483.6,101.2,101.8,940.6,360949,1057,12.06,90.1,1500,3.13,1.15,16.4,28.4,60,-1.03,12164008,71652,37.16,3404.9,0,1200,400,720,240,4200,7500,8500,102,1.5,6000,0,0,0,0,0,49.86,30,37.54,53.19,62.6,0,0
2026-08-02T16:29:14.729000+09:00,2026-08-02T07:29:14.729000+00:00,094623,1274.8,0,0,0,0,0,13354,0,13354,0,0,0,0,4651,-28608,12374,6,4512,8,129,0,0,0,0,2,0,0,0,0,31082107,2018,0.26,303.05,1577.81,0,50.8,98.1,68.5,43.3,51.2,427.9,185.1,487.3,102.1,102.8,948.9,360949,1057,12.81,90.7,1500,3.12,1.15,16.5,28.1,60,-1.3,12164008,71652,38.46,3404.9,0,1200,400,720,240,4200,7500,8500,102,1.5,6000,0,0,0,0,0,50.2,30,39.05,55.43,62.6,0,0
2026-08-02T16:30:14.836000+09:00,2026-08-02T07:30:14.836000+00:00,094623,1230.8,0,0,0,0,0,13354,0,13354,0,0,0,0,4651,-28608,10326,6,4480,0,129,0,0,0,0,2,0,0,0,0,31082107,2018,0.26,293.28,1524.09,0,50.8,98.7,68.4,43.3,51.2,427.5,167.1,490.4,102,102.8,945.5,360949,1057,12.92,90.8,1500,3.13,1.15,16.4,28.8,60,-1.04,12164008,71652,41.03,3404.9,0,1200,400,720,240,4200,7500,8500,102,1.5,6000,0,0,0,0,0,50.57,30,41.46,56.99,62.6,0,0
2026-08-02T16:31:14.946000+09:00,2026-08-02T07:31:14.946000+00:00,094623,1285.8,0,0,0,0,0,13354,0,13354,0,0,0,0,4651,-28608,10326,6,4480,0,129,0,0,0,0,2,0,0,0,0,31082107,2018,0.24,311.59,1597.34,0,50.8,99,68.2,43.3,51.2,427.4,171.9,491.3,102.4,103.1,951.7,360949,1057,12.53,90.1,1500,3.13,1.15,16.5,28.3,60,-1.08,12164008,71652,40.28,3404.9,0,1200,400,720,240,4200,7500,8500,102,1.5,6000,0,0,0,0,0,50.41,30,43.58,55.52,62.6,0,0
2026-08-02T16:32:15.043000+09:00,2026-08-02T07:32:15.043000+00:00,094623,1183.2,0,0,0,0,0,13354,0,13354,0,0,0,0,4651,-28608,10326,6,4480,0,129,0,0,0,0,2,0,0,0,0,31082107,2018,0.23,287.18,1470.38,0,50.8,98.9,67.9,43.3,51.2,427.3,167.6,491.1,102.3,103.1,944.9,360949,1057,12.74,89.5,1500,3.13,1.15,16.1,28.7,60,-1.03,12164008,71653,40.44,3404.9,0,1200,400,720,240,4200,7500,8500,102,1.5,6000,0,0,0,0,0,49.57,30,44.87,53.35,62.6,0,0
2026-08-02T16:33:15.154000+09:00,2026-08-02T07:33:15.154000+00:00,094623,1174.7,0,0,0,0,0,13354,0,13354,0,0,0,0,4651,-28608,10326,6,4480,0,129,0,0,0,0,2,0,0,0,0,31082107,2018,0.23,273.75,1448.41,0,50.9,98.1,67.9,43.3,51.2,427.5,151.2,490,101.9,102.6,971.3,360950,1058,12.85,89.3,1500,3.13,1.15,16.2,29.2,60,-1.03,12164008,71653,37.57,3404.91,0,1200,400,720,240,4200,7500,8500,102,1.5,6000,0,0,0,0,0,49.37,30,43.19,51.64,62.6,0,0
2026-08-02T16:34:15.245000+09:00,2026-08-02T07:34:15.245000+00:00,094623,1145.1,0,0,0,0,0,13354,0,13354,0,0,0,0,4651,-28608,10326,6,4480,528,129,0,0,0,0,2,0,0,0,0,31082107,2018,0.24,274.97,1420.03,0,50.9,97.5,67.7,43.3,51.2,427.5,143.6,486.7,101.1,101.8,986.5,360950,1058,12.7,89.3,1500,3.14,1.15,16,29.4,60,-1.2,12164008,71653,38.29,3404.91,0,1200,400,720,240,4200,7500,8500,102,1.5,6000,0,0,0,0,0,48.35,30,41.07,50.67,62.6,0,0
2026-08-02T16:35:15.366000+09:00,2026-08-02T07:35:15.366000+00:00,094623,1223.5,0,0,0,0,0,13354,0,13354,0,0,0,0,4651,-28608,10326,6,4480,0,129,0,0,0,0,2,0,0,0,0,31082107,2018,0.28,312.81,1536.3,0,50.8,96.9,67.4,43.3,51.2,427.7,171.3,484.1,101.1,101.8,972,360950,1058,12.88,89.5,1500,3.12,1.16,16.4,28.8,60,-1.01,12164008,71653,38.19,3404.91,0,1200,400,720,240,4200,7500,8500,102,1.5,6000,0,0,0,0,0,46.75,30,38.01,50.38,62.6,0,0
2026-08-02T16:36:15.451000+09:00,2026-08-02T07:36:15.451000+00:00,094623,1313.8,0,0,0,0,0,13354,0,13354,0,0,0,0,4651,-28608,10326,6,4480,0,129,0,0,0,0,2,0,0,0,0,31082107,2018,0.29,344.55,1658.38,0,50.8,97.3,67.2,43.2,51.2,428.3,173.5,485.4,102.1,103,949.5,360950,1058,12.7,91.1,1500,3.12,1.16,16.6,27.9,60,-1.02,12164008,71653,36.92,3404.91,0,1200,400,720,240,4200,7500,8500,102,1.5,6000,0,0,0,0,0,45.15,30,37.57,55.37,62.6,0,0
2026-08-02T16:37:15.544000+09:00,2026-08-02T07:37:15.544000+00:00,094623,1304.1,0,0,0,0,0,13354,0,13354,0,0,0,0,4655,-28608,10326,6,4480,8,129,0,0,0,0,2,0,0,0,0,31082107,2018,0.24,339.67,1643.73,0,50.8,98.4,67.3,43.3,51.2,428.6,172,488.2,103.2,104.1,949.3,360950,1058,12.85,92,1500,3.12,1.15,16.6,28,60,-1.03,12164008,71654,42.63,3404.91,0,1200,400,720,240,4200,7500,8500,102,1.5,6000,0,0,0,0,0,44.27,30,40.63,60.73,62.6,0,0
2026-08-02T16:38:15.639000+09:00,2026-08-02T07:38:15.639000+00:00,094623,1222.3,0,0,0,0,0,13354,0,13354,0,0,0,0,4651,-28608,10326,6,4480,0,129,0,0,0,0,2,0,0,0,0,31082107,2018,0.18,287.18,1509.45,0,50.8,99.4,67.4,43.4,51.3,427.6,156.5,488.8,103.1,104,981.9,360950,1058,12.91,88.3,1500,3.12,1.15,16.3,28.8,60,-1.02,12164008,71654,42.61,3404.91,0,1200,400,720,240,4200,7500,8500,102,1.5,6000,0,0,0,0,0,43.55,30,45.12,49.86,62.6,0,0
2026-08-02T16:39:15.741000+09:00,2026-08-02T07:39:15.741000+00:00,094623,1167.3,0,0,0,0,0,13354,0,13354,0,0,0,0,4651,-28608,18518,6,4480,528,129,0,0,0,0,2,0,0,0,0,31082107,2018,0.22,271.31,1438.64,0,50.7,98.3,67.6,43.5,51.3,427.4,159.7,487.5,102.4,103.2,944.5,360951,1059,12.3,88.9,1500,3.12,1.15,16.1,29.1,60,-1.15,12164008,71654,32.66,3404.91,0,1200,400,720,240,4200,7500,8500,102,1.5,6000,0,0,0,0,0,43.4,30,43.25,49.06,62.6,0,0
2026-08-02T16:40:15.829000+09:00,2026-08-02T07:40:15.829000+00:00,094623,1199.1,0,0,0,0,0,13354,0,13354,0,0,0,0,4651,-28608,10326,6,4480,0,129,0,0,0,0,2,0,0,0,0,31082107,2018,0.26,284.74,1483.81,0,50.8,96.9,67.9,43.6,51.3,428.1,182.9,484.4,102.1,102.9,963.2,360951,1059,12.44,91.4,1500,3.11,1.15,16.2,28.9,60,-1.03,12164008,71654,37.47,3404.91,0,1200,400,720,240,4200,7500,8500,102,1.5,6000,0,0,0,0,0,43.96,30,38.39,56.89,62.7,0,0
2026-08-02T16:41:15.920000+09:00,2026-08-02T07:41:15.920000+00:00,094623,1240.6,0,0,0,0,0,13354,0,13354,0,0,0,0,4655,-28608,10326,590,4480,8192,129,0,0,0,0,2,0,0,0,0,31082107,2018,0.21,288.4,1528.98,0,50.6,97.1,68,43.7,51.3,428.5,159.7,483.9,102.4,103.2,947.8,360951,1059,12.61,90.5,1500,3.12,1.16,16.4,28.9,60,-1.22,12164008,71654,44.4,3404.91,0,1200,400,720,240,4200,7500,8500,102,1.5,6000,0,0,0,0,0,44.19,30,37.02,56.31,62.7,0,0
2026-08-02T16:42:16.027000+09:00,2026-08-02T07:42:16.027000+00:00,094623,1195.4,0,0,0,0,0,13354,0,13354,0,0,0,0,4651,-28608,12374,518,4512,72,129,0,0,0,0,2,0,0,0,0,31082107,2018,0.21,281.08,1476.49,0,50.5,99,68.1,43.8,51.3,428.1,137.3,485.6,102.4,103.3,949.6,360951,1059,12.92,88.7,1500,3.11,1.15,16.3,29.1,60,-1.68,12164008,71655,37.47,3404.91,0,1200,400,720,240,4200,7500,8500,102,1.5,6000,0,0,0,0,0,44.5,30,42.94,49.87,62.7,0,0
2026-08-02T16:43:16.112000+09:00,2026-08-02T07:43:16.112000+00:00,094623,1178.3,0,0,0,0,0,13354,0,13354,0,0,0,0,4651,-28608,10326,6,4480,0,129,0,0,0,0,2,0,0,0,0,31082107,2018,0.24,299.39,1477.71,0,50.6,98.8,68.3,43.8,51.3,427.8,123.5,484.5,102,102.9,944.1,360951,1059,12.75,89.6,1500,3.11,1.15,16.2,29,60,-1.03,12164008,71655,36.31,3404.91,0,1200,400,720,240,4200,7500,8500,102,1.5,6000,0,0,0,0,0,45.33,30,44.05,51.21,62.7,0,0
2026-08-02T16:44:16.211000+09:00,2026-08-02T07:44:16.211000+00:00,094623,1221.1,0,0,0,0,0,13354,0,13354,0,0,0,0,4651,-28608,18518,6,4480,528,129,0,0,0,0,2,0,0,0,0,31082107,2018,0.27,290.84,1511.89,0,50.7,97.5,68.4,43.9,51.3,428.1,147.8,482.3,102,102.8,942.1,360951,1059,12.71,91.2,1500,3.12,1.15,16.3,28.8,60,-1.12,12164008,71655,38.19,3404.91,0,1200,400,720,240,4200,7500,8500,102,1.5,6000,0,0,0,0,0,46.09,30,40.2,56.56,62.7,0,0
2026-08-02T16:45:16.316000+09:00,2026-08-02T07:45:16.316000+00:00,094623,1229.6,0,0,0,0,0,13354,0,13354,0,0,0,0,4651,-28608,10326,6,4480,0,129,0,0,0,0,2,0,0,0,0,31082107,2018,0.25,295.72,1525.31,0,50.7,96.9,68.5,44,51.4,427.9,124.2,483,102.3,103.1,944,360952,1060,12.62,90.1,1490,3.11,1.15,16.3,29,60,-1.03,12164008,71655,42.44,3404.91,0,1200,400,720,240,4200,7500,8500,102,1.5,6000,0,0,0,0,0,47.05,30,37,54.52,62.7,0,0
2026-08-02T16:46:16.403000+09:00,2026-08-02T07:46:16.403000+00:00,094623,1233.3,0,0,0,0,0,13354,0,13354,0,0,0,0,4651,-28608,10326,6,4480,0,129,0,0,0,0,2,0,0,0,0,31082107,2018,0.24,295.72,1528.98,0,50.7,97.7,68.5,44,51.4,427.6,163,482.8,102.5,103.3,935.8,360952,1060,12.8,89.8,1500,3.12,1.14,16.2,28.5,60,-1.03,12164008,71655,39.54,3404.91,0,1200,400,720,240,4200,7500,8500,102,1.5,6000,0,0,0,0,0,47.87,30,38.31,53.46,62.7,0,0
2026-08-02T16:47:16.486000+09:00,2026-08-02T07:47:16.486000+00:00,094623,1296.7,0,0,0,0,0,13354,0,13354,0,0,0,0,4651,-28608,12374,6,4512,72,129,0,0,0,0,258,0,0,0,0,31082107,2018,0.25,334.79,1631.52,0,50.7,98.3,68.6,44.1,51.5,428.3,378.5,482.4,103.2,104,938.9,360952,1060,12.68,89.6,1510,3.12,1.15,16.6,28.4,60,-1.29,12164008,71655,38.73,3404.91,0,1200,400,720,240,4200,7500,8500,102,1.5,6000,0,0,0,0,0,49.09,30,40.14,52.38,62.7,0,0
2026-08-02T16:48:16.596000+09:00,2026-08-02T07:48:16.596000+00:00,094623,1339.5,0,0,0,0,0,13354,0,13354,0,0,0,0,4655,-28608,10326,6,4480,0,129,0,0,0,0,258,0,0,0,0,31082107,2018,0.25,349.44,1688.89,0,50.8,99,68.6,44.2,51.5,429.5,320.9,481.9,104.6,105,942.6,360952,1060,12.68,89.9,1500,3.11,1.15,16.7,27.9,60,-1.49,12164008,71656,39.52,3404.92,0,1200,400,720,240,4200,7500,8500,102,1.5,6000,0,0,0,0,0,50,30,43.19,52.83,62.7,0,0
2026-08-02T16:49:16.680000+09:00,2026-08-02T07:49:16.680000+00:00,094623,1256.4,0,0,0,0,0,13354,0,13354,0,0,0,0,4655,-28608,18518,6,4480,528,129,0,0,0,0,2,0,0,0,0,31082107,2018,0.27,309.15,1565.6,0,50.8,99.1,68.4,44.2,51.6,429.3,226.6,485.3,105.1,105.5,957.6,360952,1060,12.71,90.3,1500,3.12,1.15,16.3,28.3,60,-1.13,12164008,71656,39.39,3404.92,0,1200,400,720,240,4200,7500,8500,102,1.5,6000,0,0,0,0,0,50.08,30,45.36,54.08,62.7,0,0
2026-08-02T16:50:16.790000+09:00,2026-08-02T07:50:16.790000+00:00,094623,1266.2,0,0,0,0,0,13354,0,13354,0,0,0,0,4655,-28608,10326,6,4480,0,129,0,0,0,0,2,0,0,0,0,31082107,2018,0.27,306.71,1572.92,0,50.7,97.7,68.4,44.3,51.7,428.3,184.3,488.1,105.1,105.3,965.7,360952,1060,12.77,90.9,1490,3.12,1.15,16.4,28.3,60,-1.03,12164008,71656,40.18,3404.92,0,1200,400,720,240,4200,7500,8500,102,1.5,6000,0,0,0,0,0,50.67,30,41.72,56.84,62.7,0,0
2026-08-02T16:51:16.892000+09:00,2026-08-02T07:51:16.892000+00:00,094623,1243.0,0,0,0,0,0,13354,0,13354,0,0,0,0,4651,-28608,10326,6,4480,0,129,0,0,0,0,2,0,0,0,0,31082107,2018,0.22,293.28,1536.3,0,50.6,96.9,68.2,44.4,51.7,427.7,160.1,489.6,105.1,105.2,971.6,360953,1061,12.9,91,1500,3.13,1.15,16.2,28.5,60,-1.03,12164008,71656,42.68,3404.92,0,1200,400,720,240,4200,7500,8500,102,1.5,6000,0,0,0,0,0,50.45,30,38.19,58.95,62.7,0,0
2026-08-02T16:52:16.981000+09:00,2026-08-02T07:52:16.981000+00:00,094623,1254.0,0,0,0,0,0,13354,0,13354,0,0,0,0,4651,-28608,12374,6,4512,72,129,0,0,0,0,2,0,0,0,0,31082107,2018,0.19,283.52,1537.52,0,50.6,97.4,67.9,44.4,51.6,427.2,184,489.7,104.9,105,959.4,360953,1061,12.47,88.5,1500,3.13,1.15,16.4,28.8,60,-1.44,12164008,71656,40.25,3404.92,0,1200,400,720,240,4200,7500,8500,102,1.5,6000,0,0,0,0,0,49.56,30,38.35,51.11,62.7,0,0
2026-08-02T16:53:17.064000+09:00,2026-08-02T07:53:17.064000+00:00,094623,1222.3,0,0,0,0,0,13354,0,13354,0,0,0,0,4655,-28608,10326,6,4480,0,129,0,0,0,0,258,0,0,0,0,31082107,2018,0.22,292.06,1514.33,0,50.6,97.8,67.8,44.4,51.6,427.5,280.6,489,104.8,104.9,949.8,360953,1061,12.8,89.1,1500,3.12,1.15,16.2,28.7,60,-1.03,12164008,71657,34.28,3404.92,0,1200,400,720,240,4200,7500,8500,102,1.5,6000,0,0,0,0,0,49.04,30,39.01,50.76,62.8,0,0
2026-08-02T16:54:17.161000+09:00,2026-08-02T07:54:17.161000+00:00,094623,1167.3,0,0,0,0,0,13354,0,13354,0,0,0,0,4651,-28608,18518,6,4480,528,129,0,0,0,0,2,0,0,0,0,31082107,2018,0.24,266.43,1433.76,0,50.6,97.9,67.7,44.4,51.6,428.2,211.1,487.2,104.3,104.4,958.5,360953,1061,12.79,90.9,1490,3.12,1.15,16,29.1,60,-1.13,12164008,71657,38.08,3404.92,0,1200,400,720,240,4200,7500,8500,102,1.5,6000,0,0,0,0,0,48.33,30,39.16,56.14,62.8,0,0
2026-08-02T16:55:17.257000+09:00,2026-08-02T07:55:17.257000+00:00,094623,1173.4,0,0,0,0,0,13354,0,13354,0,0,0,0,4651,-28608,10326,6,4480,0,129,0,0,0,0,2,0,0,0,0,31082107,2018,0.22,281.08,1454.51,0,50.6,97.7,67.5,44.5,51.6,428.5,188.1,484.3,103.6,103.7,950.7,360953,1061,12.71,90.7,1500,3.12,1.15,16.2,29.3,60,-1.03,12164008,71657,41.86,3404.92,0,1200,400,720,240,4200,7500,8500,102,1.5,6000,0,0,0,0,0,47.13,30,38.11,57.05,62.8,0,0
2026-08-02T16:56:17.344000+09:00,2026-08-02T07:56:17.344000+00:00,094623,1203.9,0,0,0,0,0,13354,0,13354,0,0,0,0,4651,-28608,10326,6,4480,0,129,0,0,0,0,2,0,0,0,0,31082107,2018,0.19,320.14,1524.09,0,50.6,97.8,67.3,44.4,51.6,428.3,184.7,482.8,103.3,103.4,944.8,360953,1061,12.76,89.4,1500,3.13,1.15,16.3,29,60,-1.02,12164008,71657,40.38,3404.92,0,1200,400,720,240,4200,7500,8500,102,1.5,6000,0,0,0,0,0,45.65,30,38.05,53.17,62.8,0,0
2026-08-02T16:57:17.460000+09:00,2026-08-02T07:57:17.460000+00:00,094623,1263.8,0,0,0,0,0,13354,0,13354,0,0,0,0,4651,-28608,12374,6,4512,72,129,0,0,0,0,2,0,0,0,0,31082107,2018,0.2,309.15,1572.92,0,50.7,98.1,67.3,44.2,51.6,428.3,187.8,482.3,103.8,104,956.4,360954,1062,12.64,89,1500,3.12,1.16,16.5,28.9,60,-1.35,12164008,71657,37.01,3404.92,0,1200,400,720,240,4200,7500,8500,102,1.5,6000,0,0,0,0,0,44.58,30,38.84,50.76,62.8,0,0
2026-08-02T16:58:17.574000+09:00,2026-08-02T07:58:17.574000+00:00,094623,1345.6,0,0,0,0,0,13354,0,13354,0,0,0,0,4651,-28608,10326,6,4480,0,129,0,0,0,0,2,0,0,0,0,31082107,2018,0.23,329.9,1675.47,0,50.6,98.4,67.5,44,51.6,428.6,215.7,482.7,104.9,105.2,971.8,360954,1062,12.87,89.6,1500,3.12,1.15,16.5,27.6,60,-1.03,12164008,71658,37.06,3404.92,0,1200,400,720,240,4200,7500,8500,102,1.5,6000,0,0,0,0,0,44.26,30,40.06,51.44,62.8,0,0
2026-08-02T16:59:17.680000+09:00,2026-08-02T07:59:17.680000+00:00,094623,2385.9,1,0,0,0,0,13354,494,13354,0,0,0,0,4655,-28608,18518,6,4480,16,129,0,0,0,0,2,0,0,0,0,31082107,2018,0.26,720.54,3106.48,0,50.5,98.9,67.6,43.9,51.6,451.8,183.6,487.9,108.3,108.8,970.4,360954,1062,12.82,90.8,1490,2.97,1.19,24.2,33.3,60,10.14,12164008,71658,38.91,3404.92,0,1200,400,720,240,4200,7500,8500,102,1.5,6000,0,0,0,0,0,51.67,30,50.26,63.1,62.8,0,0
2026-08-02T17:00:17.759000+09:00,2026-08-02T08:00:17.759000+00:00,094623,1825.6,1,0,0,0,0,13354,489,13354,0,0,0,0,4651,-28608,10326,590,4992,8192,129,0,0,0,0,2,0,0,0,0,31082107,2018,0.17,1075.78,2901.39,0,50.5,102.6,67.8,43.7,52.3,483.3,150.9,528,133.7,133.7,1013,360954,1062,12.81,88.2,1550,2.92,1.12,26.7,34.7,60,10.07,12164010,71658,57.58,3404.92,0,1200,400,720,240,4200,7500,8500,102,1.5,6000,0,0,0,0,0,52.16,30,65.12,55.02,62.8,0,0
2026-08-02T17:01:17.859000+09:00,2026-08-02T08:01:17.859000+00:00,094623,1150.2,1,0,0,0,0,13354,450,13354,0,0,0,0,4651,-28608,10326,6,4992,0,129,0,0,0,0,2,0,0,0,0,31082107,2018,0.23,829.19,1979.43,0,50.5,95.9,68.2,43.5,52.9,492.1,132.9,535.1,137.3,136.5,998.8,360954,1062,12.73,89,1370,2.63,1.43,27.3,42.2,60,11.32,12164012,71658,51.87,3404.92,0,1200,400,720,240,4200,7500,8500,102,1.5,6000,0,0,0,0,0,52.52,30,47.47,54.73,62.8,0,0
2026-08-02T17:02:17.950000+09:00,2026-08-02T08:02:17.950000+00:00,094623,1960.8,1,0,0,0,0,13354,497,13354,0,0,0,0,4651,-28608,12374,518,4512,72,129,0,0,0,0,2,0,0,0,0,31082107,2018,0.24,1436.2,3397.02,0,50.9,100.7,68.6,43.4,53.5,486,125.9,549.2,151.7,150.7,1032.3,360954,1062,12.61,90.6,1500,2.89,1.16,31.8,40.5,60,23.8,12164015,71658,49.4,3404.92,0,1200,400,720,240,4200,7500,8500,102,1.5,6000,0,0,0,0,0,63.09,30,69.28,67.78,62.8,0,0
2026-08-02T17:03:18.030000+09:00,2026-08-02T08:03:18.030000+00:00,094623,1824.1,0,0,0,0,0,13354,502,13354,0,0,0,0,4651,-28608,10326,6,4480,0,129,0,0,0,0,2,0,0,0,0,31082107,2018,0.14,951.26,2775.35,0,51.7,97,69.1,43.2,54.5,501.8,112.5,553.2,156.9,156.1,1024.3,360955,1063,12.69,89.1,1520,2.94,1.12,28.3,40,60,22.08,12164019,71658,75.88,3404.93,0,1200,400,720,240,4200,7500,8500,102,1.5,6000,0,0,0,0,0,63.98,30,60.34,61.2,62.8,0,0
2026-08-02T17:04:18.107000+09:00,2026-08-02T08:04:18.107000+00:00,094623,588.4,1,0,0,0,0,13354,0,13354,0,0,0,0,4651,-28608,10326,6,4480,0,129,0,0,0,0,2,0,0,0,0,31082107,2018,0.25,199.29,787.68,0,51.9,98.6,69.4,43.1,54.8,479.7,108.5,532.3,136.8,136.1,979,360955,1063,12.71,88.8,1500,3.07,1.15,15.8,35.4,60,-1.38,12164021,71658,41.66,3404.93,0,1200,400,720,240,4200,7500,8500,102,1.5,6000,0,0,0,0,0,52.48,30,49.18,44.05,62.8,0,0
2026-08-02T17:05:18.207000+09:00,2026-08-02T08:05:18.207000+00:00,094623,634.8,0,0,0,0,0,13354,0,13354,0,0,0,0,4651,-28608,10326,6,4480,0,129,0,0,0,0,2,0,0,0,0,31082107,2018,0.37,220.04,854.82,0,52.1,96.7,69.3,43.1,54.3,465,104.4,521.5,124.7,124,975.6,360955,1063,12.74,91.3,1500,3.07,1.16,16,34.9,60,-1.3,12164021,71658,38.78,3404.93,0,1200,400,720,240,4200,7500,8500,102,1.5,6000,0,0,0,0,0,54.35,30,43.46,51.19,62.8,0,0
2026-08-02T17:06:18.305000+09:00,2026-08-02T08:06:18.305000+00:00,094623,1290.6,1,0,0,0,0,13354,494,13354,0,0,0,0,4651,-28608,10326,6,4480,0,129,0,0,0,0,2,0,0,0,0,31082107,2018,0.29,528.89,1819.51,0,52.1,96,68.3,43.1,54,469.1,127.5,521.5,121,120.3,980,360955,1063,12.58,93.7,1490,2.91,1.19,23.2,39.7,60,8.89,12164021,71658,50.08,3404.93,0,1200,400,720,240,4200,7500,8500,102,1.5,6000,0,0,0,0,0,59.7,30,45.93,69.9,62.8,0,0
2026-08-02T17:07:18.422000+09:00,2026-08-02T08:07:18.422000+00:00,094623,752.0,0,0,0,0,0,13354,0,13354,0,0,0,0,4651,-28608,12374,6,4512,8,129,0,0,0,0,2,0,0,0,0,31082107,2018,0.12,254.22,1006.2,0,52.2,102,67.7,42.7,54,462.1,150.8,529.1,124.8,124.4,975.3,360955,1063,12.79,88.4,1500,3.1,1.15,16.2,32.9,60,-1.59,12164022,71658,54.65,3404.93,0,1200,400,720,240,4200,7500,8500,102,1.5,6000,0,0,0,0,0,50.74,30,57.6,49.61,62.7,0,0
2026-08-02T17:08:18.531000+09:00,2026-08-02T08:08:18.531000+00:00,094623,969.3,1,0,0,0,0,13354,494,13354,0,0,0,0,4651,-28608,10326,6,4480,0,129,0,0,0,0,2,0,0,0,0,31082107,2018,0.16,362.86,1332.13,0,52,95.4,67.6,42.7,53.7,449.3,144.5,521.7,117,116.1,965.6,360955,1063,12.59,88.7,1490,2.99,1.17,19.1,36,60,2.39,12164022,71658,38.6,3404.93,0,1200,400,720,240,4200,7500,8500,102,1.5,6000,0,0,0,0,0,53.26,30,44.79,50.93,62.8,0,0
2026-08-02T17:09:18.619000+09:00,2026-08-02T08:09:18.619000+00:00,094623,826.4,0,0,0,0,0,13354,0,13354,0,0,0,0,4651,-28608,10326,6,4480,0,129,0,0,0,0,2,0,0,0,0,31082107,2018,0.26,274.97,1101.41,0,52,96.6,67.8,42.7,53.4,454,134.4,528.5,120.2,119.7,966.7,360956,1064,12.36,89.8,1500,3.09,1.15,16.5,31.9,60,-1.33,12164023,71658,41.19,3404.93,0,1200,400,720,240,4200,7500,8500,102,1.5,6000,0,0,0,0,0,50.06,30,39.63,50.79,62.7,0,0
2026-08-02T17:10:18.710000+09:00,2026-08-02T08:10:18.710000+00:00,094623,776.4,0,0,0,0,0,13354,0,13354,0,0,0,0,4651,-28608,10326,6,4480,0,129,0,0,0,0,2,0,0,0,0,31082107,2018,0.29,259.1,1035.49,0,51.7,99.4,68.1,42.8,53.1,441.2,130.5,521.3,115.4,114.7,965.9,360956,1064,12.63,91,1500,3.08,1.15,16.1,32.5,60,-1.33,12164023,71659,43.41,3404.93,0,1200,400,720,240,4200,7500,8500,102,1.5,6000,0,0,0,0,0,50.9,30,50.29,55.02,62.7,0,0
2026-08-02T17:11:18.818000+09:00,2026-08-02T08:11:18.818000+00:00,094623,770.3,0,0,0,0,0,13354,0,13354,0,0,0,0,4651,-28608,10326,6,4480,0,129,0,0,0,0,2,0,0,0,0,31082107,2018,0.28,268.87,1039.16,0,51.4,95.9,68.1,42.9,52.7,436.4,143.4,523.2,112.8,111.9,967.4,360956,1064,12.76,91.7,1500,3.1,1.15,16.2,32.7,60,-1.41,12164023,71659,44.24,3404.93,0,1200,400,720,240,4200,7500,8500,102,1.5,6000,0,0,0,0,0,51.06,30,38.51,59.3,62.7,0,0
2026-08-02T17:12:18.925000+09:00,2026-08-02T08:12:18.925000+00:00,094623,775.2,0,0,0,0,0,13354,0,13354,0,0,0,0,4651,-28608,8278,6,4480,0,129,0,0,0,0,2,0,0,0,0,31082107,2018,0.22,267.65,1042.82,0,51.3,97.6,68.1,42.9,52.3,433.2,137.4,522,111,110.2,956,360956,1064,12.82,91.6,1500,3.1,1.15,16,32.5,60,-1.58,12164023,71659,43.95,3404.93,0,1200,400,720,240,4200,7500,8500,102,1.5,6000,0,0,0,0,0,51.22,30,41.55,61.54,62.7,0,0
2026-08-02T17:13:19.019000+09:00,2026-08-02T08:13:19.019000+00:00,094623,804.5,0,0,0,0,0,13354,0,13354,0,0,0,0,4655,-28608,10326,6,4480,0,129,0,0,0,0,2,0,0,0,0,31082107,2018,0.13,284.74,1089.21,0,51.2,99.3,68.1,43,52,430.6,155.3,520.9,110.5,109.8,966.4,360956,1064,12.9,89.3,1500,3.13,1.15,16.1,31.9,60,-1.31,12164023,71659,42.9,3404.93,0,1200,400,720,240,4200,7500,8500,102,1.5,6000,0,0,0,0,0,51.42,30,47.38,55.67,62.7,0,0
2026-08-02T17:14:19.118000+09:00,2026-08-02T08:14:19.118000+00:00,094623,2134.5,1,0,0,0,0,13354,494,13354,0,0,0,0,4655,-26560,10326,6,4480,0,129,0,0,0,0,2,0,0,0,0,31082107,2018,0.14,993.99,3128.45,0,51.2,98.6,68.1,43.1,51.9,458.9,140.9,531.8,119.7,119.3,981.3,360956,1064,12.62,88.3,1490,2.93,1.2,27.4,37.3,60,14.69,12164024,71660,42.12,3404.93,0,1200,400,720,240,4200,7500,8500,102,1.5,6000,0,0,0,0,0,62.46,30,58.16,61.45,62.7,0,0
2026-08-02T17:15:19.220000+09:00,2026-08-02T08:15:19.220000+00:00,094623,825.2,0,0,0,0,0,13354,0,13354,0,0,0,0,4651,-28608,10326,6,4480,0,129,0,0,0,0,2,0,0,0,0,31082107,2018,0.15,259.1,1084.32,0,51.2,101.7,67.5,43.1,52.8,485.6,124.2,551.1,137.6,137.5,1007.1,360957,1065,12.71,87.7,1500,3.18,1.07,14.9,28.1,60,-1.29,12164026,71660,59.12,3404.94,0,1200,400,720,240,4200,7500,8500,102,1.5,6000,0,0,0,0,0,49.29,30,59.49,45.77,62.7,0,0
2026-08-02T17:16:19.316000+09:00,2026-08-02T08:16:19.316000+00:00,094623,0.0,1,0,0,0,0,13354,0,13354,0,0,0,0,4619,24640,10330,4,0,0,129,0,0,0,0,2,0,0,0,0,31082107,2018,0.13,0,0,0,51.1,89.8,67.8,43.4,52.2,430.4,147.6,480,120.3,117,928.6,360957,1065,0,0,0,0,0,0,0,60,-1.26,12164026,71660,32.63,3404.94,0,1200,400,720,240,4200,7500,8500,102,1.5,6000,0,0,0,0,0,49.91,0,30,48,62.8,0,0
2026-08-02T17:17:19.413000+09:00,2026-08-02T08:17:19.413000+00:00,094623,0.0,1,0,0,0,0,13354,0,13354,0,0,0,0,4619,24640,10330,4,0,0,129,0,0,0,0,2,0,0,0,0,31082107,2018,0.11,0,0,0,51,83.3,66.5,43.7,50.7,404.6,185.5,441.2,111.1,106.6,908,360957,1065,0,0,0,0,0,0,0,60,-1.25,12164026,71660,24.42,3404.94,0,1200,400,720,240,4200,7500,8500,102,1.5,6000,0,0,0,0,0,44.75,0,30,46.49,62.8,0,0
2026-08-02T17:18:19.493000+09:00,2026-08-02T08:18:19.493000+00:00,094623,0.0,1,0,0,0,0,13354,0,13354,0,0,0,0,4619,24640,10330,4,0,0,129,0,0,0,0,2,0,0,0,0,31082107,2018,0.12,0,0,0,51,76.2,65.4,43.9,49.3,386.3,194.9,416.8,104.9,100,894,360957,1065,0,0,0,0,0,0,0,60,-1.22,12164026,71660,20.39,3404.94,0,1200,400,720,240,4200,7500,8500,102,1.5,6000,0,0,0,0,0,38.35,0,30,44.99,62.8,0,0
2026-08-02T17:19:19.586000+09:00,2026-08-02T08:19:19.586000+00:00,094623,0.0,1,0,0,0,0,13354,0,13354,0,0,0,0,4619,24640,10330,4,0,0,129,0,0,0,0,2,0,0,0,0,31082107,2018,0.11,0,0,0,50.6,70.7,64.6,44.9,48,371.8,207.9,397.2,100.3,94.9,881.6,360957,1065,0,0,0,0,0,0,0,60,-1.24,12164026,71660,16.39,3404.94,0,1200,400,720,240,4200,7500,8500,102,1.5,6000,0,0,0,0,0,31.39,0,30,43.48,62.8,0,0
2026-08-02T17:20:19.682000+09:00,2026-08-02T08:20:19.682000+00:00,094623,0.0,1,0,0,0,0,13354,0,13354,0,0,0,0,4619,24640,10330,4,0,0,129,0,0,0,0,2,0,0,0,0,31082107,2018,0.1,0,0,0,50.1,67,64,45.4,46.9,359.5,215,382.8,96.3,90.8,870.2,360957,1065,0,0,0,0,0,0,0,60,-1.21,12164026,71661,13.5,3404.94,0,1200,400,720,240,4200,7500,8500,102,1.5,6000,0,0,0,0,0,30,0,30,41.98,62.9,0,0
2026-08-02T17:21:19.769000+09:00,2026-08-02T08:21:19.769000+00:00,094623,0.0,1,0,0,0,0,13354,0,13354,0,0,0,0,4619,24640,10330,4,0,0,129,0,0,0,0,2,0,0,0,0,31082107,2018,0.09,0,0,0,49.7,64.5,63.5,45.4,45.9,348.4,217.1,377.6,92.9,87.4,859.8,360957,1065,0,0,0,0,0,0,0,60,-1.21,12164026,71661,11.75,3404.94,0,1200,400,720,240,4200,7500,8500,102,1.5,6000,0,0,0,0,0,30,0,30,40.48,62.9,0,0
2026-08-02T17:22:19.869000+09:00,2026-08-02T08:22:19.869000+00:00,094623,0.0,1,0,0,0,0,13354,0,13354,0,0,0,0,4619,24640,10330,4,0,0,129,0,0,0,0,2,0,0,0,0,31082107,2018,0.08,0,0,0,49.3,62.7,63,45.3,45,338.2,222.1,372.3,89.8,84.3,850.1,360957,1065,0,0,0,0,0,0,0,60,-1.21,12164026,71661,9.94,3404.94,0,1200,400,720,240,4200,7500,8500,102,1.5,6000,0,0,0,0,0,30,0,30,38.98,63,0,0
2026-08-02T17:23:19.959000+09:00,2026-08-02T08:23:19.959000+00:00,094623,0.0,1,0,0,0,0,13354,0,13354,0,0,0,0,4619,24640,10330,4,0,0,129,0,0,0,0,2,0,0,0,0,31082107,2018,0.07,0,0,0,48.9,61.1,62.5,45.2,44.2,328.7,224.3,364,86.9,81.6,841.3,360957,1065,0,0,0,0,0,0,0,60,-1.21,12164026,71661,8.64,3404.94,0,1200,400,720,240,4200,7500,8500,102,1.5,6000,0,0,0,0,0,30,0,30,37.47,63,0,0
2026-08-02T17:24:20.070000+09:00,2026-08-02T08:24:20.070000+00:00,094623,0.0,1,0,0,0,0,13354,0,13354,0,0,0,0,4619,24640,10330,4,0,0,129,0,0,0,0,2,0,0,0,0,31082107,2018,0.07,0,0,0,48.6,59.6,62,45.1,43.5,319.7,220.3,355.8,84.3,79.1,832.7,360957,1065,0,0,0,0,0,0,0,60,-1.22,12164026,71661,7.69,3404.94,0,1200,400,720,240,4200,7500,8500,102,1.5,6000,0,0,0,0,0,30,0,30,35.96,63,0,0
2026-08-02T17:25:20.175000+09:00,2026-08-02T08:25:20.175000+00:00,094623,-74.8,1,0,0,0,0,13354,0,13354,0,0,0,0,4619,20544,10330,4,128,0,137,0,0,0,0,2,0,0,0,0,31082107,2018,0.06,74.77,0,0,48.2,58.2,61.5,44.9,42.8,311.5,207.8,380.7,81.9,77,848.5,360957,1065,0,0,0,0,0,0,0,60,-1.77,12164026,71662,6.75,3404.94,0,1200,400,720,240,4200,7500,8500,102,1.5,6000,0,0,0,0,25.27,30,100,30,35,63.1,0,0
2026-08-02T17:26:20.261000+09:00,2026-08-02T08:26:20.261000+00:00,094623,-22.3,1,0,0,0,0,13354,0,13354,0,0,0,0,4619,20544,10330,4,128,0,137,0,0,0,0,2,0,0,0,0,31082107,2018,0.06,22.28,0,0,47.9,57,61.1,44.7,42.2,304.1,185,394,79.4,74.9,853.7,360957,1065,0,0,0,0,0,0,0,60,-1.41,12164026,71662,6.27,3404.94,0,1200,400,720,240,4200,7500,8500,102,1.5,6000,0,0,0,0,14.8,30,100,30,35,63.1,0,0
2026-08-02T17:27:20.369000+09:00,2026-08-02T08:27:20.369000+00:00,094623,-22.3,1,0,0,0,0,13354,0,13354,0,0,0,0,4623,20544,10394,4,16512,0,137,0,0,0,0,2,0,0,0,0,31082107,2018,0.06,22.28,0,0,47.6,55.9,60.7,44.5,41.7,296.7,169.8,394.5,77.2,73.1,864.3,360957,1065,0,0,0,0,0,0,0,60,-1.42,12164026,71662,6.24,3404.94,0,1200,400,720,240,4200,7500,8500,102,1.5,6000,0,0,0,0,14.4,30,100,30,35,63.1,0,0
2026-08-02T17:28:20.463000+09:00,2026-08-02T08:28:20.463000+00:00,094623,-22.3,1,0,0,0,0,13354,0,13354,0,0,0,0,4623,20544,10330,4,128,0,137,0,0,0,0,2,0,0,0,0,31082107,2018,0.06,22.28,0,0,47.4,54.9,60.3,44.4,41.2,289.6,159.1,394.4,75.1,71.3,878.7,360957,1065,0,0,0,0,0,0,0,60,-1.41,12164026,71662,5.84,3404.94,0,1200,400,720,240,4200,7500,8500,102,1.5,6000,0,0,0,0,14.53,30,100,30,35,63.1,0,0
2026-08-02T17:29:20.553000+09:00,2026-08-02T08:29:20.553000+00:00,094623,-23.5,1,0,0,0,0,13354,0,13354,0,0,0,0,4623,20544,18586,4,16512,528,137,0,0,0,0,2,0,0,0,0,31082107,2018,0.06,23.5,0,0,47.2,53.8,59.9,44.3,40.7,283,153.1,393.7,73.1,69.6,878.5,360957,1065,0,0,0,0,0,0,0,60,-1.57,12164026,71663,5.7,3404.94,0,1200,400,720,240,4200,7500,8500,102,1.5,6000,0,0,0,0,15,30,100,30,35,63.2,0,0
2026-08-02T17:30:20.654000+09:00,2026-08-02T08:30:20.654000+00:00,094623,-21.1,1,0,0,0,0,13354,0,13354,0,0,0,0,4623,20544,10330,4,128,0,137,0,0,0,0,2,0,0,0,0,31082107,2018,0.06,21.06,0,0,47,52.9,59.5,44.1,40.3,276.7,148.7,393.7,71.2,68.2,877.5,360957,1065,0,0,0,0,0,0,0,60,-1.41,12164026,71663,5.27,3404.94,0,1200,400,720,240,4200,7500,8500,102,1.5,6000,0,0,0,0,15,30,100,30,35,63.2,0,0
2026-08-02T17:31:20.754000+09:00,2026-08-02T08:31:20.754000+00:00,094623,-21.1,1,0,0,0,0,13354,0,13354,0,0,0,0,4623,20544,10346,4,8324,0,137,0,0,0,0,2,0,0,0,0,31082107,2018,0.05,21.06,0,0,46.9,52.1,59.2,44,40,271.4,146.5,393.7,69.3,66.7,876.6,360957,1065,0,0,0,0,0,0,0,60,-1.57,12164026,71663,5.29,3404.94,0,1200,400,720,240,4200,7500,8500,102,1.5,6000,0,0,0,0,15,30,100,30,35,63.2,0,0
2026-08-02T17:32:20.856000+09:00,2026-08-02T08:32:20.856000+00:00,094623,-22.3,1,0,0,0,0,13354,0,13354,0,0,0,0,4623,20544,10330,4,128,8,137,0,0,0,0,2,0,0,0,0,31082107,2018,0.05,22.28,0,0,46.8,51.7,58.8,43.9,39.7,266.3,144.6,393,67.6,65.4,876.2,360957,1065,0,0,0,0,0,0,0,60,-1.42,12164026,71663,4.93,3404.94,0,1200,400,720,240,4200,7500,8500,102,1.5,6000,0,0,0,0,15.62,30,100,30,35,63.2,0,0
2026-08-02T17:33:20.933000+09:00,2026-08-02T08:33:20.933000+00:00,094623,-22.3,1,0,0,0,0,13354,0,13354,0,0,0,0,4623,20544,10330,4,128,0,137,0,0,0,0,2,0,0,0,0,31082107,2018,0.05,22.28,0,0,46.7,51.2,58.5,43.9,39.3,260.6,143.7,392.8,66,64.2,877.2,360957,1065,0,0,0,0,0,0,0,60,-1.41,12164026,71664,4.66,3404.94,0,1200,400,720,240,4200,7500,8500,102,1.5,6000,0,0,0,0,15.8,30,100,30,35,63.2,0,0
2026-08-02T17:34:21.035000+09:00,2026-08-02T08:34:21.035000+00:00,094623,-25.9,1,0,0,0,0,13354,0,13354,0,0,0,0,4623,20544,18522,4,128,528,137,0,0,0,0,2,0,0,0,0,31082107,2018,0.05,25.94,0,0,46.6,50.7,58.1,43.8,39.1,255.2,143.2,392.6,64.4,63.1,878.6,360957,1065,0,0,0,0,0,0,0,60,-1.51,12164026,71664,4.52,3404.94,0,1200,400,720,240,4200,7500,8500,102,1.5,6000,0,0,0,0,15.9,30,100,30,35,63.2,0,0
2026-08-02T17:35:21.122000+09:00,2026-08-02T08:35:21.122000+00:00,094623,-24.7,1,0,0,0,0,13354,0,13354,0,0,0,0,4623,20544,10330,4,128,0,137,0,0,0,0,2,0,0,0,0,31082107,2018,0.05,24.72,0,0,46.5,50.3,57.8,43.6,38.8,250.3,144.2,392.8,63,62,867.4,360957,1065,0,0,0,0,0,0,0,60,-1.41,12164026,71664,4.33,3404.94,0,1200,400,720,240,4200,7500,8500,102,1.5,6000,0,0,0,0,15.8,30,100,30,35,63.2,0,0
2026-08-02T17:36:21.220000+09:00,2026-08-02T08:36:21.220000+00:00,094623,-24.7,1,0,0,0,0,13354,0,13354,0,0,0,0,4623,20544,10330,4,128,0,137,0,0,0,0,2,0,0,0,0,31082107,2018,0.05,24.72,0,0,46.5,49.9,57.5,43.6,38.6,245.3,145.4,392.8,61.6,61,854.8,360957,1065,0,0,0,0,0,0,0,60,-1.39,12164026,71664,4.15,3404.94,0,1200,400,720,240,4200,7500,8500,102,1.5,6000,0,0,0,0,15.8,30,100,30,35,63.2,0,0
2026-08-02T17:37:21.317000+09:00,2026-08-02T08:37:21.317000+00:00,094623,-25.9,1,0,0,0,0,13354,0,13354,0,0,0,0,4623,20544,12378,4,160,8,137,0,0,0,0,2,0,0,0,0,31082107,2018,0.05,25.94,0,0,46.4,49.6,57.2,43.5,38.4,241.1,146.4,392.6,60.3,60.1,850.8,360957,1065,0,0,0,0,0,0,0,60,-1.41,12164026,71665,4.09,3404.94,0,1200,400,720,240,4200,7500,8500,102,1.5,6000,0,0,0,0,15.9,30,100,30,35,63.2,0,0
2026-08-02T17:38:21.404000+09:00,2026-08-02T08:38:21.404000+00:00,094623,-23.5,1,0,0,0,0,13354,0,13354,0,0,0,0,4623,20544,10330,4,128,0,137,0,0,0,0,2,0,0,0,0,31082107,2018,0.05,23.5,0,0,46.2,49.3,56.9,43.4,38.2,236.6,147.9,392.2,59.1,59.2,856.8,360957,1065,0,0,0,0,0,0,0,60,-1.43,12164026,71665,3.82,3404.94,0,1200,400,720,240,4200,7500,8500,102,1.5,6000,0,0,0,0,16.2,30,100,30,35,63.2,0,0
2026-08-02T17:39:21.495000+09:00,2026-08-02T08:39:21.495000+00:00,094623,-24.7,1,0,0,0,0,13354,0,13354,0,0,0,0,4623,20544,18522,4,128,528,137,0,0,0,0,2,0,0,0,0,31082107,2018,0.05,24.72,0,0,46.1,49.1,56.6,43.3,38,232.2,150.9,392.6,57.9,58.4,853.7,360957,1065,0,0,0,0,0,0,0,60,-1.55,12164026,71665,3.68,3404.94,0,1200,400,720,240,4200,7500,8500,102,1.5,6000,0,0,0,0,15.9,30,100,30,35,63.2,0,0
2026-08-02T17:40:21.599000+09:00,2026-08-02T08:40:21.599000+00:00,094623,-24.7,1,0,0,0,0,13354,0,13354,0,0,0,0,4623,20544,10330,4,128,0,137,0,0,0,0,2,0,0,0,0,31082107,2018,0.05,24.72,0,0,46,48.9,56.3,43.2,37.9,228.1,153.5,392,56.9,57.6,866.8,360957,1065,0,0,0,0,0,0,0,60,-1.45,12164026,71665,3.65,3404.94,0,1200,400,720,240,4200,7500,8500,102,1.5,6000,0,0,0,0,16.4,30,100,30,35,63.2,0,0
2026-08-02T17:41:21.701000+09:00,2026-08-02T08:41:21.701000+00:00,094623,-23.5,1,0,0,0,0,13354,0,13354,0,0,0,0,4623,20544,10330,4,128,0,137,0,0,0,0,2,0,0,0,0,31082107,2018,0.05,23.5,0,0,45.9,48.7,56,43.1,37.7,223.7,156.5,392.2,55.8,56.8,865.9,360957,1065,0,0,0,0,0,0,0,60,-1.47,12164026,71666,3.62,3404.94,0,1200,400,720,240,4200,7500,8500,102,1.5,6000,0,0,0,0,16.3,30,100,30,35,63.2,0,0
2026-08-02T17:42:21.804000+09:00,2026-08-02T08:42:21.804000+00:00,094623,-24.7,1,0,0,0,0,13354,0,13354,0,0,0,0,4623,20544,12378,4,160,72,137,0,0,0,0,2,0,0,0,0,31082107,2018,0.05,24.72,0,0,45.7,48.5,55.7,43.1,37.6,219.4,158.7,391.9,54.9,56.1,857.8,360957,1065,0,0,0,0,0,0,0,60,-1.49,12164026,71666,3.42,3404.94,0,1200,400,720,240,4200,7500,8500,102,1.5,6000,0,0,0,0,16.5,30,100,30,35,63.2,0,0
2026-08-02T17:43:21.901000+09:00,2026-08-02T08:43:21.901000+00:00,094623,-27.2,1,0,0,0,0,13354,0,13354,0,0,0,0,4623,20544,10330,4,128,0,137,0,0,0,0,2,0,0,0,0,31082107,2018,0.05,27.16,0,0,45.5,48.3,55.4,43,37.5,215.4,162.6,391.7,54,55.4,847.5,360957,1065,0,0,0,0,0,0,0,60,-1.46,12164026,71666,3.28,3404.94,0,1200,400,720,240,4200,7500,8500,102,1.5,6000,0,0,0,0,16.6,30,100,30,35,63.2,0,0
2026-08-02T17:44:21.995000+09:00,2026-08-02T08:44:21.995000+00:00,094623,-24.7,1,0,0,0,0,13354,0,13354,0,0,0,0,4623,20544,18522,4,128,528,137,0,0,0,0,2,0,0,0,0,31082107,2018,0.05,24.72,0,0,45.4,48.2,55.1,43,37.4,211.7,164.8,391.7,53.2,54.8,852.6,360957,1065,0,0,0,0,0,0,0,60,-1.54,12164026,71666,3.21,3404.94,0,1200,400,720,240,4200,7500,8500,102,1.5,6000,0,0,0,0,16.6,30,100,30,35,63.2,0,0
2026-08-02T17:45:22.092000+09:00,2026-08-02T08:45:22.092000+00:00,094623,-25.9,1,0,0,0,0,13354,0,13354,0,0,0,0,4623,20544,10330,4,128,0,137,0,0,0,0,2,0,0,0,0,31082107,2018,0.05,25.94,0,0,45.3,48,54.8,42.9,37.3,207.8,166.7,391.2,52.4,54.2,850,360957,1065,0,0,0,0,0,0,0,60,-1.45,12164026,71667,2.99,3404.94,0,1200,400,720,240,4200,7500,8500,102,1.5,6000,0,0,0,0,17,30,100,30,35,63.2,0,0
2026-08-02T17:46:22.174000+09:00,2026-08-02T08:46:22.174000+00:00,094623,-28.4,1,0,0,0,0,13354,0,13354,0,0,0,0,4623,20544,10394,4,16512,0,137,0,0,0,0,2,0,0,0,0,31082107,2018,0.05,28.38,0,0,45.2,47.8,54.5,42.8,37.2,204.5,169.8,390.9,51.7,53.6,850,360957,1065,0,0,0,0,0,0,0,60,-1.44,12164026,71667,2.76,3404.94,0,1200,400,720,240,4200,7500,8500,102,1.5,6000,0,0,0,0,17.3,30,100,30,35,63.2,0,0
2026-08-02T17:47:22.265000+09:00,2026-08-02T08:47:22.265000+00:00,094623,-23.5,1,0,0,0,0,13354,0,13354,0,0,0,0,4623,20544,12378,4,160,72,137,0,0,0,0,2,0,0,0,0,31082107,2018,0.05,23.5,0,0,45.1,47.6,54.2,42.7,37.1,201.1,171,391.2,51,53.1,842.9,360957,1065,0,0,0,0,0,0,0,60,-1.71,12164026,71667,2.88,3404.94,0,1200,400,720,240,4200,7500,8500,102,1.5,6000,0,0,0,0,17,30,100,30,35,63.2,0,0
2026-08-02T17:48:22.354000+09:00,2026-08-02T08:48:22.354000+00:00,094623,-33.3,1,0,0,0,0,13354,0,13354,0,0,0,0,4623,20544,10394,4,16512,0,137,0,0,0,0,2,0,0,0,0,31082107,2018,0.05,33.26,0,0,45,47.4,53.9,42.7,37,197.6,172.6,390.9,50.3,52.5,838.3,360957,1065,0,0,0,0,0,0,0,60,-1.62,12164026,71667,2.67,3404.94,0,1200,400,720,240,4200,7500,8500,102,1.5,6000,0,0,0,0,17.33,30,100,30,35,63.2,0,0
2026-08-02T17:49:22.452000+09:00,2026-08-02T08:49:22.452000+00:00,094623,-25.9,1,0,0,0,0,13354,0,13354,0,0,0,0,4623,20544,18522,4,128,528,137,0,0,0,0,2,0,0,0,0,31082107,2018,0.05,25.94,0,0,44.9,47.2,53.6,42.6,36.9,194.6,174,390.7,49.6,52,843.5,360957,1065,0,0,0,0,0,0,0,60,-1.53,12164026,71668,2.54,3404.94,0,1200,400,720,240,4200,7500,8500,102,1.5,6000,0,0,0,0,17.4,30,100,30,35,63.2,0,0
2026-08-02T17:50:22.545000+09:00,2026-08-02T08:50:22.545000+00:00,094623,-28.4,1,0,0,0,0,13354,0,13354,0,0,0,0,4623,20544,10346,4,8324,0,137,0,0,0,0,2,0,0,0,0,31082107,2018,0.05,28.38,0,0,44.9,47,53.3,42.6,36.8,190.8,175.5,390,49,51.5,840.2,360957,1065,0,0,0,0,0,0,0,60,-1.44,12164026,71668,2.54,3404.94,0,1200,400,720,240,4200,7500,8500,102,1.5,6000,0,0,0,0,18,30,100,30,35,63.2,0,0
2026-08-02T17:51:22.632000+09:00,2026-08-02T08:51:22.632000+00:00,094623,-27.2,1,0,0,0,0,13354,0,13354,0,0,0,0,4623,20544,10330,4,128,0,137,0,0,0,0,2,0,0,0,0,31082107,2018,0.05,27.16,0,0,44.8,46.8,52.9,42.5,36.8,187.5,179.7,390.1,48.4,51.1,838.2,360957,1065,0,0,0,0,0,0,0,60,-1.41,12164026,71668,2.52,3404.94,0,1200,400,720,240,4200,7500,8500,102,1.5,6000,0,0,0,0,17.88,30,100,30,35,63.2,0,0
2026-08-02T17:52:22.726000+09:00,2026-08-02T08:52:22.726000+00:00,094623,-28.4,1,0,0,0,0,13354,0,13354,0,0,0,0,4623,20544,12378,4,160,72,137,0,0,0,0,2,0,0,0,0,31082107,2018,0.05,28.38,0,0,44.6,46.7,52.6,42.4,36.7,184.2,182.1,389.7,47.9,50.6,838.3,360957,1065,0,0,0,0,0,0,0,60,-1.74,12164026,71668,2.4,3404.94,0,1200,400,720,240,4200,7500,8500,102,1.5,6000,0,0,0,0,18.2,30,100,30,35,63.2,0,0
2026-08-02T17:53:22.847000+09:00,2026-08-02T08:53:22.847000+00:00,094623,-27.2,1,0,0,0,0,13354,0,13354,0,0,0,0,4623,20544,10330,4,128,0,137,0,0,0,0,2,0,0,0,0,31082107,2018,0.05,27.16,0,0,44.5,46.5,52.3,42.4,36.6,180.9,184.1,389.3,47.5,50.1,834.8,360957,1065,0,0,0,0,0,0,0,60,-1.45,12164026,71669,2.34,3404.94,0,1200,400,720,240,4200,7500,8500,102,1.5,6000,0,0,0,0,18.6,30,100,30,35,63.2,0,0
2026-08-02T17:54:22.937000+09:00,2026-08-02T08:54:22.937000+00:00,094623,-28.4,1,0,0,0,0,13354,0,13354,0,0,0,0,4623,20544,18522,4,128,528,137,0,0,0,0,2,0,0,0,0,31082107,2018,0.04,28.38,0,0,44.4,46.4,52,42.3,36.6,177.7,185.9,389.3,47,49.8,837.6,360957,1065,0,0,0,0,0,0,0,60,-1.6,12164026,71669,2.03,3404.94,0,1200,400,720,240,4200,7500,8500,102,1.5,6000,0,0,0,0,18.6,30,100,30,35,63.2,0,0
2026-08-02T17:55:23.042000+09:00,2026-08-02T08:55:23.042000+00:00,094623,-30.8,1,0,0,0,0,13354,0,13354,0,0,0,0,4623,20544,10330,4,128,0,137,0,0,0,0,2,0,0,0,0,31082107,2018,0.05,30.82,0,0,44.4,46.3,51.7,42.3,36.5,174.9,189.1,388.9,46.5,49.3,842.9,360957,1065,0,0,0,0,0,0,0,60,-1.51,12164026,71669,2.13,3404.94,0,1200,400,720,240,4200,7500,8500,102,1.5,6000,0,0,0,0,18.9,30,100,30,35,63.2,0,0
2026-08-02T17:56:23.135000+09:00,2026-08-02T08:56:23.135000+00:00,094623,-34.5,1,0,0,0,0,13354,0,13354,0,0,0,0,4623,20544,10330,4,128,0,137,0,0,0,0,2,0,0,0,0,31082107,2018,0.05,34.49,0,0,44.3,46.1,51.4,42.2,36.5,172,190.7,388.8,46,49,841.6,360957,1065,0,0,0,0,0,0,0,60,-1.5,12164026,71669,2.34,3404.94,0,1200,400,720,240,4200,7500,8500,102,1.5,6000,0,0,0,0,19,30,100,30,35,63.2,0,0
2026-08-02T17:57:23.241000+09:00,2026-08-02T08:57:23.241000+00:00,094623,-33.3,1,0,0,0,0,13354,0,13354,0,0,0,0,4623,20544,12378,4,160,72,137,0,0,0,0,2,0,0,0,0,31082107,2018,0.05,33.26,0,0,44.1,46,51.1,42.2,36.4,169.2,192.6,388.5,45.5,48.6,846.6,360957,1065,0,0,0,0,0,0,0,60,-1.84,12164026,71670,1.8,3404.94,0,1200,400,720,240,4200,7500,8500,102,1.5,6000,0,0,0,0,19.2,30,100,30,35,63.2,0,0
2026-08-02T17:58:23.319000+09:00,2026-08-02T08:58:23.319000+00:00,094623,-35.7,1,0,0,0,0,13354,0,13354,0,0,0,0,4623,20544,10330,4,128,0,137,0,0,0,0,2,0,0,0,0,31082107,2018,0.05,35.71,0,0,44,45.9,50.8,42.1,36.4,166.6,195.4,388.5,45.1,48.2,843.5,360957,1065,0,0,0,0,0,0,0,60,-1.49,12164026,71670,1.8,3404.94,0,1200,400,720,240,4200,7500,8500,102,1.5,6000,0,0,0,0,19.2,30,100,30,35,63.2,0,0
2026-08-02T17:59:23.413000+09:00,2026-08-02T08:59:23.413000+00:00,094623,-34.5,1,0,0,0,0,13354,0,13354,0,0,0,0,4623,20544,18522,4,128,16,137,0,0,0,0,2,0,0,0,0,31082107,2018,0.04,34.49,0,0,44,45.8,50.5,42.1,36.3,163.9,197.3,388.1,44.8,47.9,847,360957,1065,0,0,0,0,0,0,0,60,-1.57,12164026,71670,1.76,3404.94,0,1200,400,720,240,4200,7500,8500,102,1.5,6000,0,0,0,0,19.5,30,100,30,35,63.2,0,0
2026-08-02T18:00:23.521000+09:00,2026-08-02T09:00:23.521000+00:00,094623,-34.5,1,0,0,0,0,13354,0,13354,0,0,0,0,4623,20544,10330,4,128,0,137,0,0,0,0,2,0,0,0,0,31082107,2018,0.05,34.49,0,0,44,45.7,50.3,42,36.3,161.1,199.8,387.8,44.4,47.5,849.3,360957,1065,0,0,0,0,0,0,0,60,-1.49,12164026,71670,1.66,3404.94,0,1200,400,720,240,4200,7500,8500,102,1.5,6000,0,0,0,0,19.8,30,100,30,35,63.2,0,0
2026-08-02T18:01:23.614000+09:00,2026-08-02T09:01:23.614000+00:00,094623,-39.4,1,0,0,0,0,13354,0,13354,0,0,0,0,4623,20544,10330,4,128,0,137,0,0,0,0,2,0,0,0,0,31082107,2018,0.05,39.37,0,0,43.9,45.6,50,42,36.2,158.6,201.5,387.7,44.1,47.2,856.8,360957,1065,0,0,0,0,0,0,0,60,-1.49,12164026,71671,1.59,3404.94,0,1200,400,720,240,4200,7500,8500,102,1.5,6000,0,0,0,0,19.8,30,100,30,35,63.2,0,0
2026-08-02T18:02:23.705000+09:00,2026-08-02T09:02:23.705000+00:00,094623,-34.5,1,0,0,0,0,13354,0,13354,0,0,0,0,4623,20544,12378,4,160,72,137,0,0,0,0,2,0,0,0,0,31082107,2018,0.05,34.49,0,0,43.9,45.5,49.8,41.9,36.1,155.8,204.5,387.5,43.8,46.9,863,360957,1065,0,0,0,0,0,0,0,60,-1.76,12164026,71671,1.63,3404.94,0,1200,400,720,240,4200,7500,8500,102,1.5,6000,0,0,0,0,20,30,100,30,35,63.2,0,0
2026-08-02T18:03:23.800000+09:00,2026-08-02T09:03:23.800000+00:00,094623,-36.9,1,0,0,0,0,13354,0,13354,0,0,0,0,4623,20544,10330,4,128,0,137,0,0,0,0,2,0,0,0,0,31082107,2018,0.05,36.93,0,0,43.8,45.4,49.6,41.9,36.1,153.3,206.7,387.4,43.5,46.6,857.1,360957,1065,0,0,0,0,0,0,0,60,-1.51,12164026,71671,1.47,3404.94,0,1200,400,720,240,4200,7500,8500,102,1.5,6000,0,0,0,0,20.1,30,100,30,35,63.2,0,0
2026-08-02T18:04:23.905000+09:00,2026-08-02T09:04:23.905000+00:00,094623,-39.4,1,0,0,0,0,13354,0,13354,0,0,0,0,4623,20544,10330,4,128,0,137,0,0,0,0,2,0,0,0,0,31082107,2018,0.04,39.37,0,0,43.7,45.3,49.4,41.8,36,150.9,206.2,386.8,43.2,46.3,859.7,360957,1065,0,0,0,0,0,0,0,60,-1.53,12164026,71671,1.43,3404.94,0,1200,400,720,240,4200,7500,8500,102,1.5,6000,0,0,0,0,20.6,30,100,30,35,63.2,0,0
2026-08-02T18:05:24.006000+09:00,2026-08-02T09:05:24.006000+00:00,094623,-38.1,1,0,0,0,0,13354,0,13354,0,0,0,0,4623,20544,10394,4,16512,0,137,0,0,0,0,2,0,0,0,0,31082107,2018,0.05,38.15,0,0,43.7,45.2,49.2,41.7,36,148.6,211,386.8,42.9,46,865,360957,1065,0,0,0,0,0,0,0,60,-1.51,12164026,71672,1.59,3404.94,0,1200,400,720,240,4200,7500,8500,102,1.5,6000,0,0,0,0,20.6,30,100,30,35,63.2,0,0
2026-08-02T18:06:24.098000+09:00,2026-08-02T09:06:24.098000+00:00,094623,-119.9,2,0,0,0,0,13354,0,13354,0,0,0,0,4623,24640,10330,4,0,0,169,0,0,0,0,2,0,0,0,8,31082107,2018,0.05,119.94,0,0,43.6,45.1,49,41.7,36,146.4,221.2,391,42.7,45.7,833.1,360957,1065,0,0,0,0,0,0,0,60,-1.79,12164026,71672,1.45,3404.94,0,1200,400,720,240,4200,7500,8500,102,1.5,6000,0,0,0,0,29.1,30,0,30,35,63.2,0,0
2026-08-02T18:07:24.203000+09:00,2026-08-02T09:07:24.203000+00:00,094623,-105.3,2,0,0,0,0,13354,0,13354,0,0,0,0,4623,24640,12394,4,8228,8,169,0,0,0,0,2,0,0,0,8,31082107,2018,0.04,105.29,0,0,43.6,45,48.8,41.7,35.9,143.9,232.8,387.9,42.4,45.4,804,360957,1065,0,0,0,0,0,0,0,60,-2.16,12164026,71672,1.49,3404.94,0,1200,400,720,240,4200,7500,8500,102,1.5,6000,0,0,0,0,27.8,30,0,30,35,63.2,0,0
2026-08-02T18:08:24.301000+09:00,2026-08-02T09:08:24.301000+00:00,094623,-93.1,2,0,0,0,0,13354,0,13354,0,0,0,0,4623,24640,10330,4,0,0,169,0,0,0,0,2,0,0,0,8,31082107,2018,0.05,93.08,0,0,43.5,44.9,48.7,41.7,35.8,141.8,237.3,383.3,42.2,45.1,790.8,360957,1065,0,0,0,0,0,0,0,60,-1.68,12164026,71673,1.33,3404.94,0,1200,400,720,240,4200,7500,8500,102,1.5,6000,0,0,0,0,26.45,30,0,30,35,63.2,0,0
2026-08-02T18:09:24.395000+09:00,2026-08-02T09:09:24.395000+00:00,094623,-90.6,2,0,0,0,0,13354,0,13354,0,0,0,0,4623,24640,10330,4,0,0,169,0,0,0,0,2,0,0,0,8,31082107,2018,0.05,90.64,0,0,43.5,44.9,48.5,41.7,35.8,139.6,240.6,378.6,42,44.8,780.6,360957,1065,0,0,0,0,0,0,0,60,-1.66,12164026,71673,1.32,3404.94,0,1200,400,720,240,4200,7500,8500,102,1.5,6000,0,0,0,0,25.1,30,0,30,35,63.2,0,0
2026-08-02T18:10:24.482000+09:00,2026-08-02T09:10:24.482000+00:00,094623,-69.9,2,0,0,0,0,13354,0,13354,0,0,0,0,4623,24640,10330,4,0,0,169,0,0,0,0,2,0,0,0,8,31082107,2018,0.05,69.89,0,0,43.4,44.8,48.4,41.7,35.8,137.3,244,373.5,41.8,44.6,770.5,360957,1065,0,0,0,0,0,0,0,60,-1.65,12164026,71673,0,3404.94,0,1200,400,720,240,4200,7500,8500,102,1.5,6000,0,0,0,0,23.8,30,0,30,35,63.2,0,0
2026-08-02T18:11:24.575000+09:00,2026-08-02T09:11:24.575000+00:00,094623,-60.1,2,0,0,0,0,13354,0,13354,0,0,0,0,4623,24640,10330,4,0,0,169,0,0,0,0,2,0,0,0,8,31082107,2018,0.05,60.12,0,0,43.3,44.7,48.2,41.7,35.7,135,247.3,368.9,41.7,44.3,762.2,360957,1065,0,0,0,0,0,0,0,60,-1.58,12164026,71673,0,3404.94,0,1200,400,720,240,4200,7500,8500,102,1.5,6000,0,0,0,0,22.47,30,0,30,35,63.2,0,0
2026-08-02T18:12:24.672000+09:00,2026-08-02T09:12:24.672000+00:00,094623,-49.1,2,0,0,0,0,13354,0,13354,0,0,0,0,4623,24640,10330,4,0,528,169,0,0,0,0,2,0,0,0,8,31082107,2018,0.05,49.13,0,0,43.3,44.7,48.1,41.7,35.7,132.9,249.5,362.5,41.5,44.1,755.9,360957,1065,0,0,0,0,0,0,0,60,-1.82,12164026,71674,0,3404.94,0,1200,400,720,240,4200,7500,8500,102,1.5,6000,0,0,0,0,21.1,30,0,30,35,63.2,0,0
2026-08-02T18:13:24.756000+09:00,2026-08-02T09:13:24.756000+00:00,094623,-47.9,2,0,0,0,0,13354,0,13354,0,0,0,0,4623,24640,10330,4,0,0,169,0,0,0,0,258,0,0,0,8,31082107,2018,0.05,47.91,0,0,43.2,44.6,47.9,41.7,35.6,131,251.2,356.3,41.3,43.9,749.5,360957,1065,0,0,0,0,0,0,0,60,-1.52,12164026,71674,0,3404.94,0,1200,400,720,240,4200,7500,8500,102,1.5,6000,0,0,0,0,19.8,30,0,30,35,63.2,0,0
2026-08-02T18:14:24.859000+09:00,2026-08-02T09:14:24.859000+00:00,094623,-38.1,2,0,0,0,0,13354,0,13354,0,0,0,0,4623,24640,10330,4,0,0,169,0,0,0,0,258,0,0,0,8,31082107,2018,0.05,38.15,0,0,43.1,44.5,47.8,41.7,35.6,129.2,252.6,348.7,41.1,43.6,742.9,360957,1065,0,0,0,0,0,0,0,60,-1.45,12164026,71674,0,3404.94,0,1200,400,720,240,4200,7500,8500,102,1.5,6000,0,0,0,0,18.4,30,0,30,35,63.2,0,0
2026-08-02T18:15:24.955000+09:00,2026-08-02T09:15:24.955000+00:00,094623,-24.7,2,0,0,0,0,13354,0,13354,0,0,0,0,4623,24640,10330,4,0,0,169,0,0,0,0,258,0,0,0,8,31082107,2018,0.05,24.72,0,0,43.1,44.5,47.6,41.7,35.6,127.3,253.9,340.8,41,43.4,736.9,360957,1065,0,0,0,0,0,0,0,60,-1.42,12164026,71675,0,3404.94,0,1200,400,720,240,4200,7500,8500,102,1.5,6000,0,0,0,0,17.1,30,0,30,35,63.2,0,0
2026-08-02T18:16:25.048000+09:00,2026-08-02T09:16:25.048000+00:00,094623,-16.2,2,0,0,0,0,13354,0,13354,0,0,0,0,4623,24640,10330,0,0,0,169,0,0,0,0,258,0,0,0,8,31082107,2018,0.09,16.17,0,0,43,44.6,47.6,41.6,35.5,125.2,250.6,332.8,40.8,43.2,732.8,360957,1065,0,0,0,0,0,0,0,60,-1.24,12164026,71675,0,3404.94,0,1200,400,720,240,4200,7500,8500,102,1.5,6000,0,0,0,0,15.8,30,0,30,35,63.2,0,0
2026-08-02T18:17:25.162000+09:00,2026-08-02T09:17:25.162000+00:00,094623,-7.6,2,0,0,0,0,13354,0,13354,0,0,0,0,4623,24640,18522,0,0,528,169,0,0,0,0,2,0,0,0,8,31082107,2018,0.13,7.63,0,0,43,45.1,47.6,41.6,35.5,123.5,247.6,323.2,40.7,43,728,360957,1065,0,0,0,0,0,0,0,60,-1.34,12164026,71675,0,3404.94,0,1200,400,720,240,4200,7500,8500,102,1.5,6000,0,0,0,0,14.4,30,0,30,35,63.2,0,0
2026-08-02T18:18:25.269000+09:00,2026-08-02T09:18:25.269000+00:00,094623,-5.2,2,0,0,0,0,13354,0,13354,0,0,0,0,4623,24640,10330,0,0,0,169,0,0,0,0,2,0,0,0,8,31082107,2018,0.13,5.19,0,0,42.9,45.5,47.6,41.6,35.5,121.6,241.7,312.6,40.6,42.9,722.1,360957,1065,0,0,0,0,0,0,0,60,-1.21,12164026,71675,0,3404.94,0,1200,400,720,240,4200,7500,8500,102,1.5,6000,0,0,0,0,13.1,30,0,30,35,63.2,0,0
2026-08-02T18:19:25.357000+09:00,2026-08-02T09:19:25.357000+00:00,094623,-2.8,2,0,0,0,0,13354,0,13354,0,0,0,0,4623,24640,10330,0,0,0,169,0,0,0,0,2,0,0,0,8,31082107,2018,0.13,2.75,0,0,42.8,45.7,47.6,41.5,35.4,119.6,239.3,299.9,40.4,42.6,715.7,360957,1065,0,0,0,0,0,0,0,60,-1.21,12164026,71675,0,3404.94,0,1200,400,720,240,4200,7500,8500,102,1.5,6000,0,0,0,0,11.7,30,0,30,35,63.2,0,0
2026-08-02T18:20:25.448000+09:00,2026-08-02T09:20:25.448000+00:00,094623,0.0,2,0,0,0,0,13354,0,13354,0,0,0,0,4623,24640,10330,0,0,0,169,0,0,0,0,2,0,0,0,8,31082107,2018,0.13,0,0,0,42.8,45.8,47.6,41.5,35.4,117.9,239,286.2,40.3,42.4,711.8,360957,1065,0,0,0,0,0,0,0,60,-1.19,12164026,71676,0,3404.94,0,1200,400,720,240,4200,7500,8500,102,1.5,6000,0,0,0,0,10.4,30,0,30,35,63.2,0,0
2026-08-02T18:21:25.540000+09:00,2026-08-02T09:21:25.540000+00:00,094623,0.0,2,0,0,0,0,13354,0,13354,0,0,0,0,4623,24640,10330,0,0,0,161,0,0,0,0,2,0,0,0,8,31082107,2018,0.13,0,0,0,42.8,45.9,47.6,41.5,35.4,116.3,240,267.8,40.2,42.3,707.5,360957,1065,0,0,0,0,0,0,0,60,-1.04,12164026,71676,0,3404.94,0,1200,400,720,240,4200,7500,8500,102,1.5,6000,0,0,0,0,0,30,0,30,35,63.2,0,0
2026-08-02T18:22:25.640000+09:00,2026-08-02T09:22:25.640000+00:00,094623,0.0,2,0,0,0,0,13354,0,13354,0,0,0,0,4623,24640,10330,0,0,0,161,0,0,0,0,2,0,0,0,8,31082107,2018,0.13,0,0,0,42.7,46,47.6,41.5,35.3,114.7,240,254.3,40.1,42.1,702.2,360957,1065,0,0,0,0,0,0,0,60,-1.04,12164026,71676,0,3404.94,0,1200,400,720,240,4200,7500,8500,102,1.5,6000,0,0,0,0,0,30,0,30,35,63.2,0,0
2026-08-02T18:23:25.721000+09:00,2026-08-02T09:23:25.721000+00:00,094623,0.0,2,0,0,0,0,13354,0,13354,0,0,0,0,4623,24640,10330,0,0,0,161,0,0,0,0,2,0,0,0,8,31082107,2018,0.13,0,0,0,42.7,46,47.6,41.5,35.3,113.1,240.3,245.3,40,42,697.4,360957,1065,0,0,0,0,0,0,0,60,-1.03,12164026,71676,0,3404.94,0,1200,400,720,240,4200,7500,8500,102,1.5,6000,0,0,0,0,0,30,0,30,35,63.2,0,0
2026-08-02T18:24:25.816000+09:00,2026-08-02T09:24:25.816000+00:00,094623,0.0,2,0,0,0,0,13354,0,13354,0,0,0,0,4623,24640,10330,0,0,0,161,0,0,0,0,2,0,0,0,8,31082107,2018,0.13,0,0,0,42.7,46,47.6,41.4,35.2,111.5,237.3,239.2,39.9,41.8,692.9,360957,1065,0,0,0,0,0,0,0,60,-1.08,12164026,71676,0,3404.94,0,1200,400,720,240,4200,7500,8500,102,1.5,6000,0,0,0,0,0,30,0,30,35,63.2,0,0
2026-08-02T18:25:25.913000+09:00,2026-08-02T09:25:25.913000+00:00,094623,0.0,2,0,0,0,0,13354,0,13354,0,0,0,0,4623,24640,10330,0,0,0,161,0,0,0,0,2,0,0,0,8,31082107,2018,0.13,0,0,0,42.7,46,47.6,41.4,35.2,110,237.3,233.8,39.8,41.6,688.6,360957,1065,0,0,0,0,0,0,0,60,-1.08,12164026,71676,0,3404.94,0,1200,400,720,240,4200,7500,8500,102,1.5,6000,0,0,0,0,0,30,0,30,35,63.2,0,0
2026-08-02T18:26:26.016000+09:00,2026-08-02T09:26:26.016000+00:00,094623,0.0,2,0,0,0,0,13354,0,13354,0,0,0,0,4623,24640,10330,0,0,0,161,0,0,0,0,2,0,0,0,8,31082107,2018,0.13,0,0,0,42.7,46,47.6,41.4,35.1,108.5,236.4,229.3,39.7,41.5,684.5,360957,1065,0,0,0,0,0,0,0,60,-1.07,12164026,71677,0,3404.94,0,1200,400,720,240,4200,7500,8500,102,1.5,6000,0,0,0,0,0,30,0,30,35,63.2,0,0
2026-08-02T18:27:26.107000+09:00,2026-08-02T09:27:26.107000+00:00,094623,0.0,2,0,0,0,0,13354,0,13354,0,0,0,0,4623,24640,10330,0,0,0,161,0,0,0,0,2,0,0,0,8,31082107,2018,0.13,0,0,0,42.7,46,47.6,41.3,35.1,107.1,235.2,224.7,39.6,41.3,680.4,360957,1065,0,0,0,0,0,0,0,60,-1.07,12164026,71677,0,3404.94,0,1200,400,720,240,4200,7500,8500,102,1.5,6000,0,0,0,0,0,30,0,30,35,63.2,0,0
2026-08-02T18:28:26.211000+09:00,2026-08-02T09:28:26.211000+00:00,094623,0.0,2,0,0,0,0,13354,0,13354,0,0,0,0,4623,24640,10330,0,0,0,161,0,0,0,0,2,0,0,0,8,31082107,2018,0.13,0,0,0,42.6,46,47.5,41.3,35.1,105.6,234.9,220.1,39.5,41.2,676.5,360957,1065,0,0,0,0,0,0,0,60,-1.1,12164026,71677,0,3404.94,0,1200,400,720,240,4200,7500,8500,102,1.5,6000,0,0,0,0,0,30,0,30,35,63.2,0,0
2026-08-02T18:29:26.314000+09:00,2026-08-02T09:29:26.314000+00:00,094623,0.0,2,0,0,0,0,13354,0,13354,0,0,0,0,4623,24640,10330,0,0,0,161,0,0,0,0,2,0,0,0,8,31082107,2018,0.13,0,0,0,42.6,45.9,47.5,41.3,35,104.2,235.1,215.5,39.4,41.1,672.4,360957,1065,0,0,0,0,0,0,0,60,-1.05,12164026,71677,0,3404.94,0,1200,400,720,240,4200,7500,8500,102,1.5,6000,0,0,0,0,0,30,0,30,35,63.2,0,0
2026-08-02T18:30:26.411000+09:00,2026-08-02T09:30:26.411000+00:00,094623,0.0,2,0,0,0,0,13354,0,13354,0,0,0,0,4623,24640,10330,0,0,0,161,0,0,0,0,2,0,0,0,8,31082107,2018,0.13,0,0,0,42.5,45.9,47.5,41.2,35,102.7,233.5,211.2,39.3,40.9,668.7,360957,1065,0,0,0,0,0,0,0,60,-1.03,12164026,71677,0,3404.94,0,1200,400,720,240,4200,7500,8500,102,1.5,6000,0,0,0,0,0,30,0,30,35,63.2,0,0
2026-08-02T18:31:26.506000+09:00,2026-08-02T09:31:26.506000+00:00,094623,0.0,2,0,0,0,0,13354,0,13354,0,0,0,0,4623,24640,10330,0,0,0,161,0,0,0,0,2,0,0,0,8,31082107,2018,0.13,0,0,0,42.5,45.8,47.5,41.2,35,101.2,233.8,206.8,39.3,40.8,665.2,360957,1065,0,0,0,0,0,0,0,60,-1.04,12164026,71678,0,3404.94,0,1200,400,720,240,4200,7500,8500,102,1.5,6000,0,0,0,0,0,30,0,30,35,63.2,0,0
2026-08-02T18:32:26.601000+09:00,2026-08-02T09:32:26.601000+00:00,094623,0.0,2,0,0,0,0,13354,0,13354,0,0,0,0,4623,24640,10330,0,0,0,161,0,0,0,0,2,0,0,0,8,31082107,2018,0.13,0,0,0,42.4,45.8,47.4,41.2,34.9,100,233.2,202.5,39.2,40.7,661.5,360957,1065,0,0,0,0,0,0,0,60,-1.04,12164026,71678,0,3404.94,0,1200,400,720,240,4200,7500,8500,102,1.5,6000,0,0,0,0,0,30,0,30,35,63.2,0,0
2026-08-02T18:33:26.696000+09:00,2026-08-02T09:33:26.696000+00:00,094623,0.0,2,0,0,0,0,13354,0,13354,0,0,0,0,4623,24640,10330,0,0,0,161,0,0,0,0,2,0,0,0,8,31082107,2018,0.13,0,0,0,42.4,45.7,47.4,41.1,34.9,98.6,231.1,198.3,39.1,40.5,657.9,360957,1065,0,0,0,0,0,0,0,60,-1.04,12164026,71678,0,3404.94,0,1200,400,720,240,4200,7500,8500,102,1.5,6000,0,0,0,0,0,30,0,30,35,63.2,0,0
2026-08-02T18:34:26.802000+09:00,2026-08-02T09:34:26.802000+00:00,094623,0.0,2,0,0,0,0,13354,0,13354,0,0,0,0,4623,24640,10330,0,0,0,161,0,0,0,0,2,0,0,0,8,31082107,2018,0.13,0,0,0,42.3,45.7,47.4,41.1,34.9,97.1,231.7,194.4,39.1,40.4,654.6,360957,1065,0,0,0,0,0,0,0,60,-1.04,12164026,71678,0,3404.94,0,1200,400,720,240,4200,7500,8500,102,1.5,6000,0,0,0,0,0,30,0,30,35,63.2,0,0
2026-08-02T18:35:26.910000+09:00,2026-08-02T09:35:26.910000+00:00,094623,0.0,2,0,0,0,0,13354,0,13354,0,0,0,0,4623,24640,10330,0,0,0,161,0,0,0,0,2,0,0,0,8,31082107,2018,0.13,0,0,0,42.3,45.6,47.3,41.1,34.8,96,231,190.7,39,40.3,651.2,360957,1065,0,0,0,0,0,0,0,60,-1.04,12164026,71678,0,3404.94,0,1200,400,720,240,4200,7500,8500,102,1.5,6000,0,0,0,0,0,30,0,30,35,63.2,0,0
2026-08-02T18:36:27.010000+09:00,2026-08-02T09:36:27.010000+00:00,094623,0.0,2,0,0,0,0,13354,0,13354,0,0,0,0,4623,24640,10330,0,0,0,161,0,0,0,0,2,0,0,0,2056,31082107,2018,0.13,0,0,0,42.2,45.5,47.3,41,34.8,94.7,230.2,187.1,38.9,40.2,648,360957,1065,0,0,0,0,0,0,0,60,-1.05,12164026,71678,0,3404.94,0,1200,400,720,240,4200,7500,8500,102,1.5,6000,0,0,0,0,0,30,0,30,35,63.2,0,0
2026-08-02T18:37:27.093000+09:00,2026-08-02T09:37:27.093000+00:00,094623,0.0,2,0,0,0,0,13354,0,13354,0,0,0,0,4623,24640,10330,0,0,0,161,0,0,0,0,2,0,0,0,2056,31082107,2018,0.13,0,0,0,42.2,45.4,47.3,41,34.8,93.4,229.6,183.7,38.9,40.1,644.9,360957,1065,0,0,0,0,0,0,0,60,-1.05,12164026,71679,0,3404.94,0,1200,400,720,240,4200,7500,8500,102,1.5,6000,0,0,0,0,0,30,0,30,35,63.2,0,0
2026-08-02T18:38:27.183000+09:00,2026-08-02T09:38:27.183000+00:00,094623,0.0,2,0,0,0,0,13354,0,13354,0,0,0,0,4623,24640,10330,0,0,0,161,0,0,0,0,2,0,0,0,2056,31082107,2018,0.13,0,0,0,42.2,45.4,47.2,40.9,34.7,92.3,229.1,180.3,38.8,40,641.7,360957,1065,0,0,0,0,0,0,0,60,-1.04,12164026,71679,0,3404.94,0,1200,400,720,240,4200,7500,8500,102,1.5,6000,0,0,0,0,0,30,0,30,35,63.2,0,0
2026-08-02T18:39:27.266000+09:00,2026-08-02T09:39:27.266000+00:00,094623,0.0,2,0,0,0,0,13354,0,13354,0,0,0,0,4623,24640,10330,0,0,0,161,0,0,0,0,2,0,0,0,2056,31082107,2018,0.13,0,0,0,42.1,45.3,47.2,40.9,34.7,90.9,228.1,177.2,38.8,39.9,638.5,360957,1065,0,0,0,0,0,0,0,60,-1.06,12164026,71679,0,3404.94,0,1200,400,720,240,4200,7500,8500,102,1.5,6000,0,0,0,0,0,30,0,30,35,63.2,0,0
2026-08-02T18:40:27.351000+09:00,2026-08-02T09:40:27.351000+00:00,094623,0.0,2,0,0,0,0,13354,0,13354,0,0,0,0,4623,24640,10330,0,0,0,161,0,0,0,0,2,0,0,0,2056,31082107,2018,0.13,0,0,0,42,45.3,47.2,40.9,34.7,89.8,227.6,174.1,38.7,39.8,635.6,360957,1065,0,0,0,0,0,0,0,60,-1.11,12164026,71679,0,3404.94,0,1200,400,720,240,4200,7500,8500,102,1.5,6000,0,0,0,0,0,30,0,30,35,63.2,0,0
2026-08-02T18:41:27.435000+09:00,2026-08-02T09:41:27.435000+00:00,094623,0.0,2,0,0,0,0,13354,0,13354,0,0,0,0,4623,24640,10330,0,0,0,161,0,0,0,0,2,0,0,0,2056,31082107,2018,0.13,0,0,0,41.9,45.2,47.1,40.8,34.6,88.7,227.5,171.4,38.6,39.7,632.7,360957,1065,0,0,0,0,0,0,0,60,-1.09,12164026,71679,0,3404.94,0,1200,400,720,240,4200,7500,8500,102,1.5,6000,0,0,0,0,0,30,0,30,35,63.2,0,0
2026-08-02T18:42:27.540000+09:00,2026-08-02T09:42:27.540000+00:00,094623,0.0,2,0,0,0,0,13354,0,13354,0,0,0,0,4623,24640,10330,0,0,0,161,0,0,0,0,2,0,0,0,2056,31082107,2018,0.13,0,0,0,41.9,45.1,47.1,40.8,34.6,87.7,226.8,168.6,38.5,39.6,629.7,360957,1065,0,0,0,0,0,0,0,60,-1.1,12164026,71679,0,3404.94,0,1200,400,720,240,4200,7500,8500,102,1.5,6000,0,0,0,0,0,30,0,30,35,63.2,0,0
2026-08-02T18:43:27.633000+09:00,2026-08-02T09:43:27.633000+00:00,094623,0.0,2,0,0,0,0,13354,0,13354,0,0,0,0,4623,24640,10330,0,0,0,161,0,0,0,0,2,0,0,0,2056,31082107,2018,0.13,0,0,0,41.8,45,47,40.8,34.6,86.6,226.9,166.1,38.5,39.5,627,360957,1065,0,0,0,0,0,0,0,60,-1.09,12164026,71680,0,3404.94,0,1200,400,720,240,4200,7500,8500,102,1.5,6000,0,0,0,0,0,30,0,30,35,63.2,0,0
2026-08-02T18:44:27.717000+09:00,2026-08-02T09:44:27.717000+00:00,094623,0.0,2,0,0,0,0,13354,0,13354,0,0,0,0,4623,24640,10330,0,0,0,161,0,0,0,0,2,0,0,0,2056,31082107,2018,0.13,0,0,0,41.7,45,47,40.7,34.5,85.7,226.4,163.5,38.4,39.4,624.2,360957,1065,0,0,0,0,0,0,0,60,-1.08,12164026,71680,0,3404.94,0,1200,400,720,240,4200,7500,8500,102,1.5,6000,0,0,0,0,0,30,0,30,35,63.2,0,0
2026-08-02T18:45:27.818000+09:00,2026-08-02T09:45:27.818000+00:00,094623,0.0,2,0,0,0,0,13354,0,13354,0,0,0,0,4623,24640,10330,0,0,0,161,0,0,0,0,2,0,0,0,2056,31082107,2018,0.13,0,0,0,41.7,44.9,47,40.7,34.5,84.6,225.5,161.2,38.4,39.3,621.6,360957,1065,0,0,0,0,0,0,0,60,-1.07,12164026,71680,0,3404.94,0,1200,400,720,240,4200,7500,8500,102,1.5,6000,0,0,0,0,0,30,0,30,35,63.2,0,0
2026-08-02T18:46:27.922000+09:00,2026-08-02T09:46:27.922000+00:00,094623,0.0,2,0,0,0,0,13354,0,13354,0,0,0,0,4623,24640,10330,0,0,0,161,0,0,0,0,2,0,0,0,2056,31082107,2018,0.13,0,0,0,41.6,44.9,46.9,40.6,34.4,83.4,224.7,158.9,38.3,39.2,618.9,360957,1065,0,0,0,0,0,0,0,60,-1.06,12164026,71680,0,3404.94,0,1200,400,720,240,4200,7500,8500,102,1.5,6000,0,0,0,0,0,30,0,30,35,63.2,0,0
2026-08-02T18:47:28.016000+09:00,2026-08-02T09:47:28.016000+00:00,094623,0.0,2,0,0,0,0,13354,0,13354,0,0,0,0,4623,24640,10330,0,0,0,161,0,0,0,0,2,0,0,0,2056,31082107,2018,0.13,0,0,0,41.6,44.8,46.9,40.6,34.4,82.3,223.8,156.7,38.2,39.1,616.4,360957,1065,0,0,0,0,0,0,0,60,-1.04,12164026,71680,0,3404.94,0,1200,400,720,240,4200,7500,8500,102,1.5,6000,0,0,0,0,0,30,0,30,35,63.2,0,0
2026-08-02T18:48:28.111000+09:00,2026-08-02T09:48:28.111000+00:00,094623,0.0,2,0,0,0,0,13354,0,13354,0,0,0,0,4623,24640,10330,0,0,0,161,0,0,0,0,2,0,0,0,2056,31082107,2018,0.13,0,0,0,41.5,44.7,46.8,40.5,34.4,81.4,223,154.6,38.2,39,613.8,360957,1065,0,0,0,0,0,0,0,60,-1.03,12164026,71681,0,3404.94,0,1200,400,720,240,4200,7500,8500,102,1.5,6000,0,0,0,0,0,30,0,30,35,63.2,0,0
2026-08-02T18:49:28.240000+09:00,2026-08-02T09:49:28.240000+00:00,094623,0.0,2,0,0,0,0,13354,0,13354,0,0,0,0,4623,24640,10330,0,0,0,161,0,0,0,0,2,0,0,0,2056,31082107,2018,0.13,0,0,0,41.4,44.7,46.8,40.5,34.4,80.4,222.6,152.6,38.1,39,611.2,360957,1065,0,0,0,0,0,0,0,60,-1.06,12164026,71681,0,3404.94,0,1200,400,720,240,4200,7500,8500,102,1.5,6000,0,0,0,0,0,30,0,30,35,63.2,0,0
2026-08-02T18:50:28.311000+09:00,2026-08-02T09:50:28.311000+00:00,094623,0.0,2,0,0,0,0,13354,0,13354,0,0,0,0,4623,24640,10330,0,0,0,161,0,0,0,0,2,0,0,0,2056,31082107,2018,0.13,0,0,0,41.4,44.6,46.7,40.4,34.3,79.6,222,150.7,38,38.9,608.7,360957,1065,0,0,0,0,0,0,0,60,-1.05,12164026,71681,0,3404.94,0,1200,400,720,240,4200,7500,8500,102,1.5,6000,0,0,0,0,0,30,0,30,35,63.2,0,0
2026-08-02T18:51:28.405000+09:00,2026-08-02T09:51:28.405000+00:00,094623,0.0,2,0,0,0,0,13354,0,13354,0,0,0,0,4623,24640,10330,0,0,0,161,0,0,0,0,2,0,0,0,2056,31082107,2018,0.13,0,0,0,41.3,44.5,46.7,40.4,34.3,78.6,222.1,148.9,38,38.8,606.3,360957,1065,0,0,0,0,0,0,0,60,-1.04,12164026,71681,0,3404.94,0,1200,400,720,240,4200,7500,8500,102,1.5,6000,0,0,0,0,0,30,0,30,35,63.2,0,0
2026-08-02T18:52:28.508000+09:00,2026-08-02T09:52:28.508000+00:00,094623,0.0,2,0,0,0,0,13354,0,13354,0,0,0,0,4623,24640,10330,0,0,0,161,0,0,0,0,2,0,0,0,2056,31082107,2018,0.13,0,0,0,41.3,44.5,46.6,40.4,34.2,77.8,222.2,147.1,37.9,38.7,604,360957,1065,0,0,0,0,0,0,0,60,-1.03,12164026,71681,0,3404.94,0,1200,400,720,240,4200,7500,8500,102,1.5,6000,0,0,0,0,0,30,0,30,35,63.1,0,0
2026-08-02T18:53:28.605000+09:00,2026-08-02T09:53:28.605000+00:00,094623,0.0,2,0,0,0,0,13354,0,13354,0,0,0,0,4623,24640,10330,0,0,0,161,0,0,0,0,2,0,0,0,2056,31082107,2018,0.13,0,0,0,41.2,44.4,46.6,40.4,34.2,76.9,220.9,145.5,37.9,38.6,601.9,360957,1065,0,0,0,0,0,0,0,60,-1.06,12164026,71681,0,3404.94,0,1200,400,720,240,4200,7500,8500,102,1.5,6000,0,0,0,0,0,30,0,30,35,63.2,0,0
2026-08-02T18:54:28.707000+09:00,2026-08-02T09:54:28.707000+00:00,094623,0.0,2,0,0,0,0,13354,0,13354,0,0,0,0,4623,24640,10330,0,0,0,161,0,0,0,0,2,0,0,0,2056,31082107,2018,0.13,0,0,0,41.1,44.3,46.5,40.3,34.2,75.9,220.2,143.8,37.8,38.5,599.5,360957,1065,0,0,0,0,0,0,0,60,-1.04,12164026,71682,0,3404.94,0,1200,400,720,240,4200,7500,8500,102,1.5,6000,0,0,0,0,0,30,0,30,35,63.1,0,0
2026-08-02T18:55:28.800000+09:00,2026-08-02T09:55:28.800000+00:00,094623,0.0,2,0,0,0,0,13354,0,13354,0,0,0,0,4623,24640,10330,0,0,0,161,0,0,0,0,2,0,0,0,2056,31082107,2018,0.13,0,0,0,41.1,44.2,46.5,40.3,34.2,75.1,220.5,142.3,37.7,38.4,597.3,360957,1065,0,0,0,0,0,0,0,60,-1.06,12164026,71682,0,3404.94,0,1200,400,720,240,4200,7500,8500,102,1.5,6000,0,0,0,0,0,30,0,30,35,63.1,0,0
2026-08-02T18:56:28.905000+09:00,2026-08-02T09:56:28.905000+00:00,094623,0.0,2,0,0,0,0,13354,0,13354,0,0,0,0,4623,24640,10330,0,0,0,161,0,0,0,0,2,0,0,0,2056,31082107,2018,0.13,0,0,0,41,44.1,46.5,40.2,34.1,74.3,221,140.9,37.7,38.4,595.3,360957,1065,0,0,0,0,0,0,0,60,-1.11,12164026,71682,0,3404.94,0,1200,400,720,240,4200,7500,8500,102,1.5,6000,0,0,0,0,0,30,0,30,35,63.1,0,0
2026-08-02T18:57:29.002000+09:00,2026-08-02T09:57:29.002000+00:00,094623,0.0,2,0,0,0,0,13354,0,13354,0,0,0,0,4623,24640,10330,0,0,0,161,0,0,0,0,2,0,0,0,2056,31082107,2018,0.13,0,0,0,41,44.1,46.4,40.1,34.1,73.4,219.2,139.4,37.6,38.3,593.3,360957,1065,0,0,0,0,0,0,0,60,-1.07,12164026,71682,0,3404.94,0,1200,400,720,240,4200,7500,8500,102,1.5,6000,0,0,0,0,0,30,0,30,35,63.1,0,0
2026-08-02T18:58:29.091000+09:00,2026-08-02T09:58:29.091000+00:00,094623,0.0,2,0,0,0,0,13354,0,13354,0,0,0,0,4623,24640,10330,0,0,0,161,0,0,0,0,2,0,0,0,2056,31082107,2018,0.13,0,0,0,40.9,44,46.4,40.1,34.1,72.5,218.7,138,37.6,38.2,591.3,360957,1065,0,0,0,0,0,0,0,60,-1.1,12164026,71682,0,3404.94,0,1200,400,720,240,4200,7500,8500,102,1.5,6000,0,0,0,0,0,30,0,30,35,63.1,0,0
2026-08-02T18:59:29.193000+09:00,2026-08-02T09:59:29.193000+00:00,094623,0.0,2,0,0,0,0,13354,0,13354,0,0,0,0,4623,24640,10330,0,0,0,161,0,0,0,0,2,0,0,0,2056,31082107,2018,0.13,0,0,0,40.8,43.9,46.3,40.1,34,71.8,218.4,136.7,37.5,38.1,589.3,360957,1065,0,0,0,0,0,0,0,60,-1.1,12164026,71682,0,3404.94,0,1200,400,720,240,4200,7500,8500,102,1.5,6000,0,0,0,0,0,30,0,30,35,63.1,0,0
2026-08-02T19:00:29.291000+09:00,2026-08-02T10:00:29.291000+00:00,094623,0.0,2,0,0,0,0,13354,0,13354,0,0,0,0,4623,24640,10330,0,0,0,161,0,0,0,0,2,0,0,0,2056,31082107,2018,0.13,0,0,0,40.8,43.8,46.3,40,34,70.9,219.2,135.4,37.4,38,587.5,360957,1065,0,0,0,0,0,0,0,60,-1.07,12164026,71683,0,3404.94,0,1200,400,720,240,4200,7500,8500,102,1.5,6000,0,0,0,0,0,30,0,30,35,63.1,0,0
2026-08-02T19:01:29.391000+09:00,2026-08-02T10:01:29.391000+00:00,094623,0.0,2,0,0,0,0,13354,0,13354,0,0,0,0,4623,24640,10330,0,0,0,161,0,0,0,0,2,0,0,0,2056,31082107,2018,0.13,0,0,0,40.7,43.7,46.2,40,34,70,218,134.1,37.4,38,585.5,360957,1065,0,0,0,0,0,0,0,60,-1.05,12164026,71683,0,3404.94,0,1200,400,720,240,4200,7500,8500,102,1.5,6000,0,0,0,0,0,30,0,30,35,63.1,0,0
2026-08-02T19:02:29.514000+09:00,2026-08-02T10:02:29.514000+00:00,094623,0.0,2,0,0,0,0,13354,0,13354,0,0,0,0,4623,24640,10330,0,0,0,161,0,0,0,0,2,0,0,0,2056,31082107,2018,0.13,0,0,0,40.7,43.7,46.2,39.9,33.9,69.4,218.7,132.9,37.4,37.9,584,360957,1065,0,0,0,0,0,0,0,60,-1.04,12164026,71683,0,3404.94,0,1200,400,720,240,4200,7500,8500,102,1.5,6000,0,0,0,0,0,30,0,30,35,63.1,0,0
2026-08-02T19:03:29.617000+09:00,2026-08-02T10:03:29.617000+00:00,094623,0.0,2,0,0,0,0,13354,0,13354,0,0,0,0,4623,24640,10330,0,0,0,161,0,0,0,0,2,0,0,0,2056,31082107,2018,0.13,0,0,0,40.6,43.6,46.2,39.9,33.9,68.8,218.5,131.7,37.3,37.8,581.8,360957,1065,0,0,0,0,0,0,0,60,-1.05,12164026,71683,0,3404.94,0,1200,400,720,240,4200,7500,8500,102,1.5,6000,0,0,0,0,0,30,0,30,35,63.1,0,0
2026-08-02T19:04:29.706000+09:00,2026-08-02T10:04:29.706000+00:00,094623,0.0,2,0,0,0,0,13354,0,13354,0,0,0,0,4623,24640,10330,0,0,0,161,0,0,0,0,2,0,0,0,2056,31082107,2018,0.13,0,0,0,40.5,43.5,46.1,39.9,33.9,68.1,218.2,130.6,37.2,37.8,580.3,360957,1065,0,0,0,0,0,0,0,60,-1.05,12164026,71683,0,3404.94,0,1200,400,720,240,4200,7500,8500,102,1.5,6000,0,0,0,0,0,30,0,30,35,63.1,0,0
2026-08-02T19:05:29.799000+09:00,2026-08-02T10:05:29.799000+00:00,094623,0.0,2,0,0,0,0,13354,0,13354,0,0,0,0,4623,24640,10330,0,0,0,161,0,0,0,0,2,0,0,0,2056,31082107,2018,0.13,0,0,0,40.5,43.4,46.1,39.9,33.9,67.2,218.2,129.5,37.1,37.7,578.4,360957,1065,0,0,0,0,0,0,0,60,-1.03,12164026,71684,0,3404.94,0,1200,400,720,240,4200,7500,8500,102,1.5,6000,0,0,0,0,0,30,0,30,35,63,0,0
2026-08-02T19:06:29.892000+09:00,2026-08-02T10:06:29.892000+00:00,094623,0.0,2,0,0,0,0,13354,0,13354,0,0,0,0,4623,24640,10330,0,0,0,161,0,0,0,0,2,0,0,0,2056,31082107,2018,0.13,0,0,0,40.4,43.4,46,39.8,33.8,66.6,216.2,128.5,37.1,37.6,576.8,360957,1065,0,0,0,0,0,0,0,60,-1.05,12164026,71684,0,3404.94,0,1200,400,720,240,4200,7500,8500,102,1.5,6000,0,0,0,0,0,30,0,30,35,63,0,0
2026-08-02T19:07:30.003000+09:00,2026-08-02T10:07:30.003000+00:00,094623,0.0,2,0,0,0,0,13354,0,13354,0,0,0,0,4623,24640,10330,0,0,0,161,0,0,0,0,2,0,0,0,2056,31082107,2018,0.13,0,0,0,40.4,43.3,46,39.8,33.8,65.9,215.6,127.4,37.1,37.5,575.1,360957,1065,0,0,0,0,0,0,0,60,-1.04,12164026,71684,0,3404.94,0,1200,400,720,240,4200,7500,8500,102,1.5,6000,0,0,0,0,0,30,0,30,35,63,0,0
2026-08-02T19:08:30.088000+09:00,2026-08-02T10:08:30.088000+00:00,094623,0.0,2,0,0,0,0,13354,0,13354,0,0,0,0,4623,24640,10330,0,0,0,161,0,0,0,0,2,0,0,0,2056,31082107,2018,0.13,0,0,0,40.3,43.3,45.9,39.8,33.8,65.3,215.8,126.5,37,37.5,573.8,360957,1065,0,0,0,0,0,0,0,60,-1.05,12164026,71684,0,3404.94,0,1200,400,720,240,4200,7500,8500,102,1.5,6000,0,0,0,0,0,30,0,30,35,63,0,0
2026-08-02T19:09:30.184000+09:00,2026-08-02T10:09:30.184000+00:00,094623,0.0,2,0,0,0,0,13354,0,13354,0,0,0,0,4623,24640,10330,0,0,0,161,0,0,0,0,2,0,0,0,2056,31082107,2018,0.13,0,0,0,40.3,43.3,45.8,39.7,33.7,64.6,215.4,125.5,37,37.5,572.1,360957,1065,0,0,0,0,0,0,0,60,-1.07,12164026,71684,0,3404.94,0,1200,400,720,240,4200,7500,8500,102,1.5,6000,0,0,0,0,0,30,0,30,35,63,0,0
2026-08-02T19:10:30.274000+09:00,2026-08-02T10:10:30.274000+00:00,094623,0.0,2,0,0,0,0,13354,0,13354,0,0,0,0,4623,24640,10330,0,0,0,161,0,0,0,0,2,0,0,0,2056,31082107,2018,0.13,0,0,0,40.2,43.2,45.8,39.7,33.7,64,216.3,124.7,37,37.4,570.6,360957,1065,0,0,0,0,0,0,0,60,-1.06,12164026,71684,0,3404.94,0,1200,400,720,240,4200,7500,8500,102,1.5,6000,0,0,0,0,0,30,0,30,35,63,0,0
2026-08-02T19:11:30.383000+09:00,2026-08-02T10:11:30.383000+00:00,094623,0.0,2,0,0,0,0,13354,0,13354,0,0,0,0,4623,24640,10330,0,0,0,161,0,0,0,0,2,0,0,0,2056,31082107,2018,0.13,0,0,0,40.1,43.1,45.8,39.7,33.7,63.4,215.5,123.8,36.9,37.3,569.2,360957,1065,0,0,0,0,0,0,0,60,-1.06,12164026,71685,0,3404.94,0,1200,400,720,240,4200,7500,8500,102,1.5,6000,0,0,0,0,0,30,0,30,35,63,0,0
2026-08-02T19:12:30.491000+09:00,2026-08-02T10:12:30.491000+00:00,094623,0.0,2,0,0,0,0,13354,0,13354,0,0,0,0,4623,24640,10330,0,0,0,161,0,0,0,0,2,0,0,0,2056,31082107,2018,0.13,0,0,0,40.1,43,45.7,39.6,33.7,62.8,214.2,122.9,36.9,37.3,567.6,360957,1065,0,0,0,0,0,0,0,60,-1.04,12164026,71685,0,3404.94,0,1200,400,720,240,4200,7500,8500,102,1.5,6000,0,0,0,0,0,30,0,30,35,63,0,0
2026-08-02T19:13:30.584000+09:00,2026-08-02T10:13:30.584000+00:00,094623,0.0,2,0,0,0,0,13354,0,13354,0,0,0,0,4623,24640,10330,0,0,0,161,0,0,0,0,2,0,0,0,2056,31082107,2018,0.13,0,0,0,40,42.9,45.7,39.6,33.6,62.1,215.4,122,36.8,37.2,566.3,360957,1065,0,0,0,0,0,0,0,60,-1.1,12164026,71685,0,3404.94,0,1200,400,720,240,4200,7500,8500,102,1.5,6000,0,0,0,0,0,30,0,30,35,63,0,0
2026-08-02T19:14:30.685000+09:00,2026-08-02T10:14:30.685000+00:00,094623,0.0,2,0,0,0,0,13354,0,13354,0,0,0,0,4623,24640,10330,0,0,0,161,0,0,0,0,2,0,0,0,2056,31082107,2018,0.13,0,0,0,40,42.9,45.6,39.6,33.6,61.6,214.4,121.2,36.8,37.2,564.6,360957,1065,0,0,0,0,0,0,0,60,-1.11,12164026,71685,0,3404.94,0,1200,400,720,240,4200,7500,8500,102,1.5,6000,0,0,0,0,0,30,0,30,35,63,0,0
2026-08-02T19:15:30.804000+09:00,2026-08-02T10:15:30.804000+00:00,094623,0.0,2,0,0,0,0,13354,0,13354,0,0,0,0,4623,24640,10330,0,0,0,161,0,0,0,0,2,0,0,0,2056,31082107,2018,0.13,0,0,0,39.9,42.8,45.6,39.5,33.6,61,214,120.4,36.7,37.1,563.8,360957,1065,0,0,0,0,0,0,0,60,-1.09,12164026,71685,0,3404.94,0,1200,400,720,240,4200,7500,8500,102,1.5,6000,0,0,0,0,0,30,0,30,35,63,0,0
2026-08-02T19:16:30.893000+09:00,2026-08-02T10:16:30.893000+00:00,094623,0.0,2,0,0,0,0,13354,0,13354,0,0,0,0,4623,24640,10330,0,0,0,161,0,0,0,0,2,0,0,0,2056,31082107,2018,0.13,0,0,0,39.9,42.7,45.5,39.5,33.5,60.5,212.7,119.6,36.7,37.1,562.5,360957,1065,0,0,0,0,0,0,0,60,-1.07,12164026,71685,0,3404.94,0,1200,400,720,240,4200,7500,8500,102,1.5,6000,0,0,0,0,0,30,0,30,35,62.9,0,0
2026-08-02T19:17:30.983000+09:00,2026-08-02T10:17:30.983000+00:00,094623,0.0,2,0,0,0,0,13354,0,13354,0,0,0,0,4623,24640,10330,0,0,0,161,0,0,0,0,2,0,0,0,2056,31082107,2018,0.13,0,0,0,39.8,42.6,45.5,39.4,33.5,59.9,212.8,118.9,36.6,37,561.4,360957,1065,0,0,0,0,0,0,0,60,-1.09,12164026,71686,0,3404.94,0,1200,400,720,240,4200,7500,8500,102,1.5,6000,0,0,0,0,0,30,0,30,35,62.9,0,0
2026-08-02T19:18:31.079000+09:00,2026-08-02T10:18:31.079000+00:00,094623,0.0,2,0,0,0,0,13354,0,13354,0,0,0,0,4623,24640,10330,0,0,0,161,0,0,0,0,2,0,0,0,2056,31082107,2018,0.13,0,0,0,39.8,42.6,45.4,39.4,33.5,59.4,211.5,118,36.6,36.9,560.2,360957,1065,0,0,0,0,0,0,0,60,-1.04,12164026,71686,0,3404.94,0,1200,400,720,240,4200,7500,8500,102,1.5,6000,0,0,0,0,0,30,0,30,35,62.9,0,0
2026-08-02T19:19:31.173000+09:00,2026-08-02T10:19:31.173000+00:00,094623,0.0,2,0,0,0,0,13354,0,13354,0,0,0,0,4623,24640,10330,0,0,0,161,0,0,0,0,2,0,0,0,2056,31082107,2018,0.13,0,0,0,39.7,42.5,45.4,39.4,33.5,58.9,211.8,117.4,36.6,36.9,559,360957,1065,0,0,0,0,0,0,0,60,-1.06,12164026,71686,0,3404.94,0,1200,400,720,240,4200,7500,8500,102,1.5,6000,0,0,0,0,0,30,0,30,35,62.9,0,0
2026-08-02T19:20:31.271000+09:00,2026-08-02T10:20:31.271000+00:00,094623,0.0,2,0,0,0,0,13354,0,13354,0,0,0,0,4623,24640,10330,0,0,0,161,0,0,0,0,2,0,0,0,2056,31082107,2018,0.13,0,0,0,39.7,42.5,45.3,39.3,33.4,58.5,211.9,116.7,36.6,36.9,557.9,360957,1065,0,0,0,0,0,0,0,60,-0.8,12164026,71686,0,3404.94,0,1200,400,720,240,4200,7500,8500,102,1.5,6000,0,0,0,0,0,30,0,30,35,62.9,0,0
2026-08-02T19:21:31.365000+09:00,2026-08-02T10:21:31.365000+00:00,094623,0.0,2,0,0,0,0,13354,0,13354,0,0,0,0,4623,24640,10330,0,0,0,161,0,0,0,0,2,0,0,0,2056,31082107,2018,0.13,0,0,0,39.6,42.3,45.3,39.3,33.4,57.8,212,116,36.5,36.8,556.8,360957,1065,0,0,0,0,0,0,0,60,-0.81,12164026,71686,0,3404.94,0,1200,400,720,240,4200,7500,8500,102,1.5,6000,0,0,0,0,0,30,0,30,35,62.9,0,0
2026-08-02T19:22:31.453000+09:00,2026-08-02T10:22:31.453000+00:00,094623,0.0,2,0,0,0,0,13354,0,13354,0,0,0,0,4623,24640,10330,0,0,0,161,0,0,0,0,2,0,0,0,2056,31082107,2018,0.13,0,0,0,39.6,42.3,45.2,39.3,33.4,57.3,210.9,115.3,36.4,36.8,555.8,360957,1065,0,0,0,0,0,0,0,60,-0.79,12164026,71686,0,3404.94,0,1200,400,720,240,4200,7500,8500,102,1.5,6000,0,0,0,0,0,30,0,30,35,62.9,0,0
2026-08-02T19:23:31.558000+09:00,2026-08-02T10:23:31.558000+00:00,094623,0.0,2,0,0,0,0,13354,0,13354,0,0,0,0,4623,24640,10330,0,0,0,161,0,0,0,0,2,0,0,0,2056,31082107,2018,0.13,0,0,0,39.5,42.3,45.2,39.2,33.4,56.8,210.1,114.6,36.4,36.7,555,360957,1065,0,0,0,0,0,0,0,60,-0.81,12164026,71687,0,3404.94,0,1200,400,720,240,4200,7500,8500,102,1.5,6000,0,0,0,0,0,30,0,30,35,62.9,0,0
2026-08-02T19:24:31.654000+09:00,2026-08-02T10:24:31.654000+00:00,094623,0.0,2,0,0,0,0,13354,0,13354,0,0,0,0,4623,24640,10330,0,0,0,161,0,0,0,0,2,0,0,0,2056,31082107,2018,0.13,0,0,0,39.5,42.3,45.2,39.2,33.3,56.3,209.5,114,36.3,36.6,554.2,360957,1065,0,0,0,0,0,0,0,60,-0.8,12164026,71687,0,3404.94,0,1200,400,720,240,4200,7500,8500,102,1.5,6000,0,0,0,0,0,30,0,30,35,62.9,0,0
2026-08-02T19:25:31.756000+09:00,2026-08-02T10:25:31.756000+00:00,094623,0.0,2,0,0,0,0,13354,0,13354,0,0,0,0,4623,24640,10330,0,0,0,161,0,0,0,0,2,0,0,0,2056,31082107,2018,0.13,0,0,0,39.4,42.3,45.1,39.1,33.3,55.9,208.6,113.4,36.3,36.6,553.8,360957,1065,0,0,0,0,0,0,0,60,-0.83,12164026,71687,0,3404.94,0,1200,400,720,240,4200,7500,8500,102,1.5,6000,0,0,0,0,0,30,0,30,35,62.9,0,0
2026-08-02T19:26:31.855000+09:00,2026-08-02T10:26:31.855000+00:00,094623,0.0,2,0,0,0,0,13354,0,13354,0,0,0,0,4623,24640,10330,0,0,0,161,0,0,0,0,2,0,0,0,2056,31082107,2018,0.13,0,0,0,39.4,42.1,45.1,39.1,33.3,55.4,209.1,112.7,36.3,36.6,553.6,360957,1065,0,0,0,0,0,0,0,60,-0.81,12164026,71687,0,3404.94,0,1200,400,720,240,4200,7500,8500,102,1.5,6000,0,0,0,0,0,30,0,30,35,62.9,0,0
2026-08-02T19:27:31.993000+09:00,2026-08-02T10:27:31.993000+00:00,094623,0.0,2,0,0,0,0,13354,0,13354,0,0,0,0,4623,24640,10330,0,0,0,161,0,0,0,0,2,0,0,0,2056,31082107,2018,0.13,0,0,0,39.3,42.1,45,39.1,33.2,55,208.5,112.1,36.2,36.5,553.1,360957,1065,0,0,0,0,0,0,0,60,-0.83,12164026,71687,0,3404.94,0,1200,400,720,240,4200,7500,8500,102,1.5,6000,0,0,0,0,0,30,0,30,35,62.9,0,0
2026-08-02T19:28:32.105000+09:00,2026-08-02T10:28:32.105000+00:00,094623,0.0,2,0,0,0,0,13354,0,13354,0,0,0,0,4623,24640,10330,0,0,0,161,0,0,0,0,2,0,0,0,2056,31082107,2018,0.13,0,0,0,39.3,42,45,39,33.2,54.6,208.5,111.6,36.2,36.5,553.2,360957,1065,0,0,0,0,0,0,0,60,-0.83,12164026,71687,0,3404.94,0,1200,400,720,240,4200,7500,8500,102,1.5,6000,0,0,0,0,0,30,0,30,35,62.9,0,0
2026-08-02T19:29:32.192000+09:00,2026-08-02T10:29:32.192000+00:00,094623,0.0,2,0,0,0,0,13354,0,13354,0,0,0,0,4623,24640,10330,0,0,0,161,0,0,0,0,2,0,0,0,2056,31082107,2018,0.13,0,0,0,39.2,42,44.9,38.9,33.2,54.2,208.4,110.9,36.2,36.4,553.4,360957,1065,0,0,0,0,0,0,0,60,-0.82,12164026,71687,0,3404.94,0,1200,400,720,240,4200,7500,8500,102,1.5,6000,0,0,0,0,0,30,0,30,35,62.8,0,0
2026-08-02T19:30:32.297000+09:00,2026-08-02T10:30:32.297000+00:00,094623,0.0,2,0,0,0,0,13354,0,13354,0,0,0,0,4623,24640,10330,0,0,0,161,0,0,0,0,2,0,0,0,2056,31082107,2018,0.13,0,0,0,39.2,42,44.9,38.9,33.2,53.8,207.3,110.4,36.1,36.4,554.1,360957,1065,0,0,0,0,0,0,0,60,-0.79,12164026,71688,0,3404.94,0,1200,400,720,240,4200,7500,8500,102,1.5,6000,0,0,0,0,0,30,0,30,35,62.8,0,0
2026-08-02T19:31:32.396000+09:00,2026-08-02T10:31:32.396000+00:00,094623,0.0,2,0,0,0,0,13354,0,13354,0,0,0,0,4623,24640,10330,0,0,0,161,0,0,0,0,2,0,0,0,2056,31082107,2018,0.13,0,0,0,39.2,41.9,44.9,38.9,33.1,53.3,205.9,109.8,36.1,36.3,554.5,360957,1065,0,0,0,0,0,0,0,60,-0.82,12164026,71688,0,3404.94,0,1200,400,720,240,4200,7500,8500,102,1.5,6000,0,0,0,0,0,30,0,30,35,62.8,0,0
2026-08-02T19:32:32.494000+09:00,2026-08-02T10:32:32.494000+00:00,094623,0.0,2,0,0,0,0,13354,0,13354,0,0,0,0,4623,24640,10330,0,0,0,161,0,0,0,0,2,0,0,0,2056,31082107,2018,0.13,0,0,0,39.1,41.9,44.8,38.8,33.1,52.9,206.6,109.3,36.1,36.3,554.7,360957,1065,0,0,0,0,0,0,0,60,-0.82,12164026,71688,0,3404.94,0,1200,400,720,240,4200,7500,8500,102,1.5,6000,0,0,0,0,0,30,0,30,35,62.8,0,0
2026-08-02T19:33:32.598000+09:00,2026-08-02T10:33:32.598000+00:00,094623,0.0,2,0,0,0,0,13354,0,13354,0,0,0,0,4623,24640,10330,0,0,0,161,0,0,0,0,2,0,0,0,2056,31082107,2018,0.12,0,0,0,39.1,41.8,44.8,38.8,33.1,52.5,205.9,108.8,36,36.3,555,360957,1065,0,0,0,0,0,0,0,60,-0.83,12164026,71688,0,3404.94,0,1200,400,720,240,4200,7500,8500,102,1.5,6000,0,0,0,0,0,30,0,30,35,62.8,0,0
2026-08-02T19:34:32.686000+09:00,2026-08-02T10:34:32.686000+00:00,094623,0.0,2,0,0,0,0,13354,0,13354,0,0,0,0,4623,24640,10330,0,0,0,161,0,0,0,0,2,0,0,0,2056,31082107,2018,0.13,0,0,0,39,41.7,44.7,38.8,33.1,52.2,207.4,108.3,36,36.2,555.6,360957,1065,0,0,0,0,0,0,0,60,-0.83,12164026,71688,0,3404.94,0,1200,400,720,240,4200,7500,8500,102,1.5,6000,0,0,0,0,0,30,0,30,35,62.8,0,0
2026-08-02T19:35:32.788000+09:00,2026-08-02T10:35:32.788000+00:00,094623,0.0,2,0,0,0,0,13354,0,13354,0,0,0,0,4623,24640,10330,0,0,0,161,0,0,0,0,2,0,0,0,2056,31082107,2018,0.13,0,0,0,39,41.7,44.7,38.8,33.1,51.8,205.6,107.8,36,36.1,556,360957,1065,0,0,0,0,0,0,0,60,-0.8,12164026,71688,0,3404.94,0,1200,400,720,240,4200,7500,8500,102,1.5,6000,0,0,0,0,0,30,0,30,35,62.8,0,0
2026-08-02T19:36:32.889000+09:00,2026-08-02T10:36:32.889000+00:00,094623,0.0,2,0,0,0,0,13354,0,13354,0,0,0,0,4623,24640,10330,0,0,0,161,0,0,0,0,2,0,0,0,2056,31082107,2018,0.13,0,0,0,39,41.5,44.7,38.7,33,51.5,205.5,107.3,35.9,36.1,556.1,360957,1065,0,0,0,0,0,0,0,60,-0.81,12164026,71688,0,3404.94,0,1200,400,720,240,4200,7500,8500,102,1.5,6000,0,0,0,0,0,30,0,30,35,62.8,0,0
2026-08-02T19:37:32.996000+09:00,2026-08-02T10:37:32.996000+00:00,094623,0.0,2,0,0,0,0,13354,0,13354,0,0,0,0,4623,24640,10330,0,0,0,161,0,0,0,0,2,0,0,0,2056,31082107,2018,0.13,0,0,0,38.9,41.5,44.6,38.7,33,51.1,204.7,106.9,35.9,36.1,557.6,360957,1065,0,0,0,0,0,0,0,60,-0.81,12164026,71688,0,3404.94,0,1200,400,720,240,4200,7500,8500,102,1.5,6000,0,0,0,0,0,30,0,30,35,62.8,0,0
2026-08-02T19:38:33.090000+09:00,2026-08-02T10:38:33.090000+00:00,094623,0.0,2,0,0,0,0,13354,0,13354,0,0,0,0,4623,24640,10330,0,0,0,161,0,0,0,0,2,0,0,0,2056,31082107,2018,0.13,0,0,0,38.9,41.6,44.6,38.7,33,50.8,204.6,106.4,35.8,36,559.5,360957,1065,0,0,0,0,0,0,0,60,-0.83,12164026,71689,0,3404.94,0,1200,400,720,240,4200,7500,8500,102,1.5,6000,0,0,0,0,0,30,0,30,35,62.7,0,0
2026-08-02T19:39:33.183000+09:00,2026-08-02T10:39:33.183000+00:00,094623,0.0,2,0,0,0,0,13354,0,13354,0,0,0,0,4623,24640,10330,0,0,0,161,0,0,0,0,2,0,0,0,2056,31082107,2018,0.13,0,0,0,38.8,41.5,44.5,38.7,33,50.4,203.6,106,35.8,36,559.3,360957,1065,0,0,0,0,0,0,0,60,-0.82,12164026,71689,0,3404.94,0,1200,400,720,240,4200,7500,8500,102,1.5,6000,0,0,0,0,0,30,0,30,35,62.7,0,0
2026-08-02T19:40:33.267000+09:00,2026-08-02T10:40:33.267000+00:00,094623,0.0,2,0,0,0,0,13354,0,13354,0,0,0,0,4623,24640,10330,0,0,0,161,0,0,0,0,2,0,0,0,2056,31082107,2018,0.13,0,0,0,38.8,41.4,44.5,38.6,32.9,50.1,203.2,105.5,35.7,36,560,360957,1065,0,0,0,0,0,0,0,60,-0.81,12164026,71689,0,3404.94,0,1200,400,720,240,4200,7500,8500,102,1.5,6000,0,0,0,0,0,30,0,30,35,62.7,0,0
2026-08-02T19:41:33.376000+09:00,2026-08-02T10:41:33.376000+00:00,094623,0.0,2,0,0,0,0,13354,0,13354,0,0,0,0,4623,24640,10330,0,0,0,161,0,0,0,0,2,0,0,0,2056,31082107,2018,0.13,0,0,0,38.7,41.5,44.4,38.6,32.9,49.7,202.5,105,35.7,35.9,561.4,360957,1065,0,0,0,0,0,0,0,60,-0.82,12164026,71689,0,3404.94,0,1200,400,720,240,4200,7500,8500,102,1.5,6000,0,0,0,0,0,30,0,30,35,62.7,0,0
2026-08-02T19:42:33.524000+09:00,2026-08-02T10:42:33.524000+00:00,094623,0.0,2,0,0,0,0,13354,0,13354,0,0,0,0,4623,24640,10330,0,0,0,161,0,0,0,0,2,0,0,0,2056,31082107,2018,0.13,0,0,0,38.7,41.4,44.4,38.5,32.9,49.5,202.9,104.6,35.7,35.9,561.9,360957,1065,0,0,0,0,0,0,0,60,-0.79,12164026,71689,0,3404.94,0,1200,400,720,240,4200,7500,8500,102,1.5,6000,0,0,0,0,0,30,0,30,35,62.7,0,0
2026-08-02T19:43:33.612000+09:00,2026-08-02T10:43:33.612000+00:00,094623,0.0,2,0,0,0,0,13354,0,13354,0,0,0,0,4623,24640,10330,0,0,0,161,0,0,0,0,2,0,0,0,2056,31082107,2018,0.12,0,0,0,38.7,41.3,44.4,38.5,32.9,49.1,202.9,104.2,35.6,35.8,563,360957,1065,0,0,0,0,0,0,0,60,-0.82,12164026,71689,0,3404.94,0,1200,400,720,240,4200,7500,8500,102,1.5,6000,0,0,0,0,0,30,0,30,35,62.6,0,0
2026-08-02T19:44:33.712000+09:00,2026-08-02T10:44:33.712000+00:00,094623,0.0,2,0,0,0,0,13354,0,13354,0,0,0,0,4623,24640,10330,0,0,0,161,0,0,0,0,2,0,0,0,2056,31082107,2018,0.13,0,0,0,38.6,41.2,44.3,38.5,32.8,48.8,202.4,103.7,35.6,35.8,564.3,360957,1065,0,0,0,0,0,0,0,60,-0.79,12164026,71689,0,3404.94,0,1200,400,720,240,4200,7500,8500,102,1.5,6000,0,0,0,0,0,30,0,30,35,62.6,0,0
2026-08-02T19:45:33.818000+09:00,2026-08-02T10:45:33.818000+00:00,094623,0.0,2,0,0,0,0,13354,0,13354,0,0,0,0,4623,24640,10330,0,0,0,161,0,0,0,0,2,0,0,0,2056,31082107,2018,0.13,0,0,0,38.6,41.2,44.3,38.4,32.8,48.5,201.7,103.3,35.6,35.7,566.9,360957,1065,0,0,0,0,0,0,0,60,-0.8,12164026,71690,0,3404.94,0,1200,400,720,240,4200,7500,8500,102,1.5,6000,0,0,0,0,0,30,0,30,35,62.6,0,0
2026-08-02T19:46:33.925000+09:00,2026-08-02T10:46:33.925000+00:00,094623,0.0,2,0,0,0,0,13354,0,13354,0,0,0,0,4623,24640,10330,0,0,0,161,0,0,0,0,2,0,0,0,2056,31082107,2018,0.13,0,0,0,38.5,41.1,44.3,38.4,32.8,48.2,201.1,102.9,35.6,35.7,572.6,360957,1065,0,0,0,0,0,0,0,60,-0.83,12164026,71690,0,3404.94,0,1200,400,720,240,4200,7500,8500,102,1.5,6000,0,0,0,0,0,30,0,30,35,62.6,0,0
2026-08-02T19:47:34.014000+09:00,2026-08-02T10:47:34.014000+00:00,094623,0.0,2,0,0,0,0,13354,0,13354,0,0,0,0,4623,24640,10330,0,0,0,161,0,0,0,0,2,0,0,0,2056,31082107,2018,0.13,0,0,0,38.5,41.1,44.2,38.4,32.8,47.9,200.8,102.5,35.5,35.7,584.1,360957,1065,0,0,0,0,0,0,0,60,-0.8,12164026,71690,0,3404.94,0,1200,400,720,240,4200,7500,8500,102,1.5,6000,0,0,0,0,0,30,0,30,35,62.6,0,0
2026-08-02T19:48:34.121000+09:00,2026-08-02T10:48:34.121000+00:00,094623,0.0,2,0,0,0,0,13354,0,13354,0,0,0,0,4623,24640,10330,0,0,0,161,0,0,0,0,2,0,0,0,2056,31082107,2018,0.13,0,0,0,38.5,41.1,44.2,38.3,32.8,47.6,201.2,102,35.5,35.6,579,360957,1065,0,0,0,0,0,0,0,60,-0.8,12164026,71690,0,3404.94,0,1200,400,720,240,4200,7500,8500,102,1.5,6000,0,0,0,0,0,30.07,0,30,35,62.6,0,0
2026-08-02T19:49:34.217000+09:00,2026-08-02T10:49:34.217000+00:00,094623,0.0,2,0,0,0,0,13354,0,13354,0,0,0,0,4623,24640,10330,0,0,0,161,0,0,0,0,2,0,0,0,2056,31082107,2018,0.13,0,0,0,38.4,41.1,44.1,38.3,32.7,47.3,200,101.7,35.4,35.6,580,360957,1065,0,0,0,0,0,0,0,60,-0.8,12164026,71690,0,3404.94,0,1200,400,720,240,4200,7500,8500,102,1.5,6000,0,0,0,0,0,30,0,30,35,62.6,0,0
2026-08-02T19:50:34.364000+09:00,2026-08-02T10:50:34.364000+00:00,094623,0.0,2,0,0,0,0,13354,0,13354,0,0,0,0,4623,24640,10330,0,0,0,161,0,0,0,0,2,0,0,0,2056,31082107,2018,0.13,0,0,0,38.4,41.1,44.1,38.3,32.7,47.1,201,101.3,35.4,35.5,586.8,360957,1065,0,0,0,0,0,0,0,60,-0.81,12164026,71690,0,3404.94,0,1200,400,720,240,4200,7500,8500,102,1.5,6000,0,0,0,0,0,30,0,30,35,62.5,0,0
2026-08-02T19:51:34.389000+09:00,2026-08-02T10:51:34.389000+00:00,094623,0.0,2,0,0,0,0,13354,0,13354,0,0,0,0,4623,24640,10330,0,0,0,161,0,0,0,0,2,0,0,0,2056,31082107,2018,0.13,0,0,0,38.4,41,44.1,38.2,32.7,46.8,199.5,100.9,35.4,35.5,594.7,360957,1065,0,0,0,0,0,0,0,60,-0.8,12164026,71690,0,3404.94,0,1200,400,720,240,4200,7500,8500,102,1.5,6000,0,0,0,0,0,30,0,30,35,62.5,0,0
2026-08-02T19:52:34.477000+09:00,2026-08-02T10:52:34.477000+00:00,094623,0.0,2,0,0,0,0,13354,0,13354,0,0,0,0,4623,24640,10330,0,0,0,161,0,0,0,0,2,0,0,0,2056,31082107,2018,0.13,0,0,0,38.3,40.9,44,38.2,32.7,46.5,198.9,100.6,35.3,35.5,605.1,360957,1065,0,0,0,0,0,0,0,60,-0.81,12164026,71691,0,3404.94,0,1200,400,720,240,4200,7500,8500,102,1.5,6000,0,0,0,0,0,30,0,30,35,62.5,0,0
2026-08-02T19:53:34.576000+09:00,2026-08-02T10:53:34.576000+00:00,094623,0.0,2,0,0,0,0,13354,0,13354,0,0,0,0,4623,24640,10330,0,0,0,161,0,0,0,0,2,0,0,0,2056,31082107,2018,0.13,0,0,0,38.3,40.8,44,38.2,32.7,46.2,198.4,100.2,35.3,35.5,615.4,360957,1065,0,0,0,0,0,0,0,60,-0.8,12164026,71691,0,3404.94,0,1200,400,720,240,4200,7500,8500,102,1.5,6000,0,0,0,0,0,30,0,30,35,62.5,0,0
2026-08-02T19:54:34.676000+09:00,2026-08-02T10:54:34.676000+00:00,094623,0.0,2,0,0,0,0,13354,0,13354,0,0,0,0,4623,24640,10330,0,0,0,161,0,0,0,0,2,0,0,0,2056,31082107,2018,0.13,0,0,0,38.3,40.7,43.9,38.1,32.6,45.9,199.1,99.8,35.3,35.4,627,360957,1065,0,0,0,0,0,0,0,60,-0.81,12164026,71691,0,3404.94,0,1200,400,720,240,4200,7500,8500,102,1.5,6000,0,0,0,0,0,30,0,30,35,62.5,0,0
2026-08-02T19:55:34.767000+09:00,2026-08-02T10:55:34.767000+00:00,094623,0.0,2,0,0,0,0,13354,0,13354,0,0,0,0,4623,24640,10330,0,0,0,161,0,0,0,0,2,0,0,0,2056,31082107,2018,0.13,0,0,0,38.2,40.7,43.9,38.1,32.6,45.7,197.9,99.5,35.2,35.4,637.8,360957,1065,0,0,0,0,0,0,0,60,-0.82,12164026,71691,0,3404.94,0,1200,400,720,240,4200,7500,8500,102,1.5,6000,0,0,0,0,0,30,0,30,35,62.4,0,0
2026-08-02T19:56:34.856000+09:00,2026-08-02T10:56:34.856000+00:00,094623,0.0,2,0,0,0,0,13354,0,13354,0,0,0,0,4623,24640,10330,0,0,0,161,0,0,0,0,2,0,0,0,2056,31082107,2018,0.13,0,0,0,38.2,40.7,43.9,38.1,32.6,45.5,197.9,99.1,35.2,35.3,640.5,360957,1065,0,0,0,0,0,0,0,60,-0.82,12164026,71691,0,3404.94,0,1200,400,720,240,4200,7500,8500,102,1.5,6000,0,0,0,0,0,30,0,30,35,62.4,0,0
2026-08-02T19:57:34.985000+09:00,2026-08-02T10:57:34.985000+00:00,094623,0.0,2,0,0,0,0,13354,0,13354,0,0,0,0,4623,24640,10330,0,0,0,161,0,0,0,0,2,0,0,0,2056,31082107,2018,0.13,0,0,0,38.1,40.7,43.8,38,32.6,45.2,197,98.7,35.2,35.3,640.2,360957,1065,0,0,0,0,0,0,0,60,-0.82,12164026,71691,0,3404.94,0,1200,400,720,240,4200,7500,8500,102,1.5,6000,0,0,0,0,0,30,0,30,35,62.4,0,0
2026-08-02T19:58:35.086000+09:00,2026-08-02T10:58:35.086000+00:00,094623,0.0,2,0,0,0,0,13354,0,13354,0,0,0,0,4623,24640,10330,0,0,0,161,0,0,0,0,2,0,0,0,2056,31082107,2018,0.13,0,0,0,38.1,40.6,43.8,38,32.6,45,197.6,98.3,35.1,35.3,639.9,360957,1065,0,0,0,0,0,0,0,60,-0.83,12164026,71691,0,3404.94,0,1200,400,720,240,4200,7500,8500,102,1.5,6000,0,0,0,0,0,30,0,30,35,62.4,0,0
2026-08-02T19:59:35.186000+09:00,2026-08-02T10:59:35.186000+00:00,094623,0.0,2,0,0,0,0,13354,0,13354,0,0,0,0,4623,24640,10330,0,0,0,161,0,0,0,0,2,0,0,0,2056,31082107,2018,0.13,0,0,0,38.1,40.6,43.8,38,32.5,44.8,197.7,98,35.1,35.2,638.8,360957,1065,0,0,0,0,0,0,0,60,-0.81,12164026,71691,0,3404.94,0,1200,400,720,240,4200,7500,8500,102,1.5,6000,0,0,0,0,0,30,0,30,35,62.4,0,0
2026-08-02T20:00:35.329000+09:00,2026-08-02T11:00:35.329000+00:00,094623,0.0,2,0,0,0,0,13354,0,13354,0,0,0,0,4623,24640,10330,0,0,0,161,0,0,0,0,2,0,0,0,2056,31082107,2018,0.13,0,0,0,38,40.5,43.7,38,32.5,44.5,197.5,97.7,35.1,35.2,638.2,360957,1065,0,0,0,0,0,0,0,60,-0.83,12164026,71692,0,3404.94,0,1200,400,720,240,4200,7500,8500,102,1.5,6000,0,0,0,0,0,30,0,30,35,62.3,0,0
2026-08-02T20:01:35.450000+09:00,2026-08-02T11:01:35.450000+00:00,094623,0.0,2,0,0,0,0,13354,0,13354,0,0,0,0,4623,24640,10330,0,0,0,161,0,0,0,0,2,0,0,0,2056,31082107,2018,0.13,0,0,0,38,40.5,43.7,38,32.5,44.3,196.5,97.4,35,35.2,631.9,360957,1065,0,0,0,0,0,0,0,60,-0.81,12164026,71692,0,3404.94,0,1200,400,720,240,4200,7500,8500,102,1.5,6000,0,0,0,0,0,30,0,30,35,62.3,0,0
2026-08-02T20:02:35.496000+09:00,2026-08-02T11:02:35.496000+00:00,094623,0.0,2,0,0,0,0,13354,0,13354,0,0,0,0,4623,24640,10330,0,0,0,161,0,0,0,0,2,0,0,0,2056,31082107,2018,0.13,0,0,0,38,40.5,43.6,37.9,32.5,44.1,196.3,97,35,35.1,616.1,360957,1065,0,0,0,0,0,0,0,60,-0.81,12164026,71692,0,3404.94,0,1200,400,720,240,4200,7500,8500,102,1.5,6000,0,0,0,0,0,30,0,30,35,62.3,0,0
2026-08-02T20:03:35.592000+09:00,2026-08-02T11:03:35.592000+00:00,094623,0.0,2,0,0,0,0,13354,0,13354,0,0,0,0,4623,24640,10330,0,0,0,161,0,0,0,0,2,0,0,0,2056,31082107,2018,0.13,0,0,0,38,40.4,43.6,37.9,32.5,43.9,194.9,96.7,35,35.1,610.9,360957,1065,0,0,0,0,0,0,0,60,-0.83,12164026,71692,0,3404.94,0,1200,400,720,240,4200,7500,8500,102,1.5,6000,0,0,0,0,0,30,0,30,35,62.3,0,0
2026-08-02T20:04:35.682000+09:00,2026-08-02T11:04:35.682000+00:00,094623,0.0,2,0,0,0,0,13354,0,13354,0,0,0,0,4623,24640,10330,0,0,0,161,0,0,0,0,2,0,0,0,2056,31082107,2018,0.12,0,0,0,37.9,40.4,43.6,37.9,32.4,43.7,195.6,96.5,35,35.1,609.6,360957,1065,0,0,0,0,0,0,0,60,-0.84,12164026,71692,0,3404.94,0,1200,400,720,240,4200,7500,8500,102,1.5,6000,0,0,0,0,0,30,0,30,35,62.3,0,0
2026-08-02T20:05:35.781000+09:00,2026-08-02T11:05:35.781000+00:00,094623,0.0,2,0,0,0,0,13354,0,13354,0,0,0,0,4623,24640,10330,0,0,0,161,0,0,0,0,2,0,0,0,2056,31082107,2018,0.13,0,0,0,37.9,40.4,43.5,37.9,32.4,43.5,194.3,96.1,34.9,35,608.8,360957,1065,0,0,0,0,0,0,0,60,-0.81,12164026,71692,0,3404.94,0,1200,400,720,240,4200,7500,8500,102,1.5,6000,0,0,0,0,0,30,0,30,35,62.2,0,0
2026-08-02T20:06:35.881000+09:00,2026-08-02T11:06:35.881000+00:00,094623,0.0,2,0,0,0,0,13354,0,13354,0,0,0,0,4623,-24512,10330,0,256,0,161,0,0,0,0,2,0,0,0,2056,31082107,2018,0.13,0,0,0,37.9,40.4,43.5,37.9,32.4,43.2,191.4,103.2,34.9,35,588.9,360957,1065,0,0,0,0,0,0,0,60,-0.81,12164026,71692,0,3404.94,0,1200,400,720,240,4200,7500,8500,102,1.5,6000,0,0,0,0,0,30,0,30,35,62.2,0,0
2026-08-02T20:07:35.969000+09:00,2026-08-02T11:07:35.969000+00:00,094623,0.0,2,0,0,0,0,13354,0,13354,0,0,0,0,4623,-24512,10330,0,256,0,161,0,0,0,0,2,0,0,0,2056,31082107,2018,0.13,0,0,0,37.8,40.4,43.4,37.8,32.4,42.6,188.6,108.6,34.4,34.5,573,360957,1065,0,0,0,0,0,0,0,60,-0.82,12164026,71693,0,3404.94,0,1200,400,720,240,4200,7500,8500,102,1.5,6000,0,0,0,0,0,30,0,30,35,61.7,0,0
2026-08-02T20:08:36.073000+09:00,2026-08-02T11:08:36.073000+00:00,094623,0.0,2,0,0,0,0,13354,0,13354,0,0,0,0,4623,-24512,10330,0,256,0,161,0,0,0,0,2,0,0,0,2056,31082107,2018,0.13,0,0,0,37.8,40.3,43.4,37.8,32.4,42.4,187.2,112.4,34.3,34.5,563.8,360957,1065,0,0,0,0,0,0,0,60,-0.82,12164026,71693,0,3404.94,0,1200,400,720,240,4200,7500,8500,102,1.5,6000,0,0,0,0,0,30,0,30,35,61.7,0,0
2026-08-02T20:09:36.168000+09:00,2026-08-02T11:09:36.168000+00:00,094623,0.0,2,0,0,0,0,13354,0,13354,0,0,0,0,4623,-24512,10330,0,256,0,161,0,0,0,0,2,0,0,0,2056,31082107,2018,0.13,0,0,0,37.8,40.2,43.3,37.7,32.4,42.2,186.9,115.1,34.3,34.4,557.3,360957,1065,0,0,0,0,0,0,0,60,-0.83,12164026,71693,0,3404.94,0,1200,400,720,240,4200,7500,8500,102,1.5,6000,0,0,0,0,0,30,0,30,35,61.7,0,0
2026-08-02T20:10:36.270000+09:00,2026-08-02T11:10:36.270000+00:00,094623,0.0,2,0,0,0,0,13354,0,13354,0,0,0,0,4623,-24512,10330,0,256,0,161,0,0,0,0,2,0,0,0,2056,31082107,2018,0.13,0,0,0,37.7,40.2,43.3,37.7,32.4,42,186.5,117.3,34.3,34.4,552.1,360957,1065,0,0,0,0,0,0,0,60,-0.81,12164026,71693,0,3404.94,0,1200,400,720,240,4200,7500,8500,102,1.5,6000,0,0,0,0,0,30,0,30,35,61.6,0,0
2026-08-02T20:11:36.360000+09:00,2026-08-02T11:11:36.360000+00:00,094623,0.0,2,0,0,0,0,13354,0,13354,0,0,0,0,4623,-24512,10330,0,256,0,161,0,0,0,0,2,0,0,0,2056,31082107,2018,0.13,0,0,0,37.7,40.2,43.3,37.7,32.3,41.8,186.1,118.9,34.3,34.4,547.6,360957,1065,0,0,0,0,0,0,0,60,-0.82,12164026,71693,0,3404.94,0,1200,400,720,240,4200,7500,8500,102,1.5,6000,0,0,0,0,0,30,0,30,35,61.6,0,0
2026-08-02T20:12:36.466000+09:00,2026-08-02T11:12:36.466000+00:00,094623,0.0,2,0,0,0,0,13354,0,13354,0,0,0,0,4623,-24512,10330,0,256,0,161,0,0,0,0,2,0,0,0,2056,31082107,2018,0.12,0,0,0,37.7,40.1,43.3,37.6,32.3,41.7,185.7,120.4,34.2,34.3,543.5,360957,1065,0,0,0,0,0,0,0,60,-0.81,12164026,71693,0,3404.94,0,1200,400,720,240,4200,7500,8500,102,1.5,6000,0,0,0,0,0,30,0,30,35,61.6,0,0
2026-08-02T20:13:36.561000+09:00,2026-08-02T11:13:36.561000+00:00,094623,0.0,2,0,0,0,0,13354,0,13354,0,0,0,0,4623,-24512,10330,0,256,0,161,0,0,0,0,2,0,0,0,2056,31082107,2018,0.13,0,0,0,37.7,40.1,43.2,37.6,32.3,41.5,184,121.5,34.2,34.3,539.8,360957,1065,0,0,0,0,0,0,0,60,-0.81,12164026,71693,0,3404.94,0,1200,400,720,240,4200,7500,8500,102,1.5,6000,0,0,0,0,0,30,0,30,35,61.6,0,0
2026-08-02T20:14:36.652000+09:00,2026-08-02T11:14:36.652000+00:00,094623,0.0,2,0,0,0,0,13354,0,13354,0,0,0,0,4623,-24512,10330,0,256,0,161,0,0,0,0,2,0,0,0,2056,31082107,2018,0.13,0,0,0,37.6,40.1,43.2,37.6,32.3,41.3,182.7,122.6,34.2,34.3,536.3,360957,1065,0,0,0,0,0,0,0,60,-0.82,12164026,71694,0,3404.94,0,1200,400,720,240,4200,7500,8500,102,1.5,6000,0,0,0,0,0,30,0,30,35,61.6,0,0
2026-08-02T20:15:36.749000+09:00,2026-08-02T11:15:36.749000+00:00,094623,0.0,2,0,0,0,0,13354,0,13354,0,0,0,0,4623,-24512,10330,0,256,0,161,0,0,0,0,2,0,0,0,2056,31082107,2018,0.13,0,0,0,37.6,40,43.2,37.6,32.3,41.2,182.4,123.5,34.2,34.3,533.1,360957,1065,0,0,0,0,0,0,0,60,-0.82,12164026,71694,0,3404.94,0,1200,400,720,240,4200,7500,8500,102,1.5,6000,0,0,0,0,0,30,0,30,35,61.6,0,0
2026-08-02T20:16:36.933000+09:00,2026-08-02T11:16:36.933000+00:00,094623,0.0,2,0,0,0,0,13354,0,13354,0,0,0,0,4623,-24512,10330,0,256,0,161,0,0,0,0,2,0,0,0,2056,31082107,2018,0.13,0,0,0,37.6,40,43.1,37.5,32.3,41,181.7,124.4,34.1,34.2,529.8,360957,1065,0,0,0,0,0,0,0,60,-0.81,12164026,71694,0,3404.94,0,1200,400,720,240,4200,7500,8500,102,1.5,6000,0,0,0,0,0,30,0,30,35,61.5,0,0
2026-08-02T20:17:36.981000+09:00,2026-08-02T11:17:36.981000+00:00,094623,-2.8,2,0,0,0,0,13354,0,13354,0,0,0,0,4623,-24512,10330,0,256,0,161,0,0,0,0,2,0,0,0,2056,31082107,2018,0.13,2.75,0,0,37.5,40,43.1,37.5,32.2,40.9,181.2,125,34.1,34.2,526.7,360957,1065,0,0,0,0,0,0,0,60,-0.79,12164026,71694,0,3404.94,0,1200,400,720,240,4200,7500,8500,102,1.5,6000,0,0,0,0,0,30,0,30,35,61.5,0,0
2026-08-02T20:18:37.083000+09:00,2026-08-02T11:18:37.083000+00:00,094623,0.0,2,0,0,0,0,13354,0,13354,0,0,0,0,4623,-24512,10330,0,256,0,161,0,0,0,0,2,0,0,0,2056,31082107,2018,0.13,0,0,0,37.5,40,43,37.4,32.2,40.8,180.6,125.6,34.1,34.2,523.9,360957,1065,0,0,0,0,0,0,0,60,-0.81,12164026,71694,0,3404.94,0,1200,400,720,240,4200,7500,8500,102,1.5,6000,0,0,0,0,0,30,0,30,35,61.5,0,0
2026-08-02T20:19:37.196000+09:00,2026-08-02T11:19:37.196000+00:00,094623,0.0,2,0,0,0,0,13354,0,13354,0,0,0,0,4623,-24512,10330,0,256,0,161,0,0,0,0,2,0,0,0,2056,31082107,2018,0.13,0,0,0,37.5,39.9,43,37.4,32.2,40.6,180.9,126.1,34.1,34.2,521.1,360957,1065,0,0,0,0,0,0,0,60,-0.83,12164026,71694,0,3404.94,0,1200,400,720,240,4200,7500,8500,102,1.5,6000,0,0,0,0,0,30,0,30,35,61.5,0,0
2026-08-02T20:20:37.295000+09:00,2026-08-02T11:20:37.295000+00:00,094623,-2.8,2,0,0,0,0,13354,0,13354,0,0,0,0,4623,-24512,10330,0,256,0,161,0,0,0,0,2,0,0,0,2056,31082107,2018,0.13,2.75,0,0,37.5,39.8,43,37.3,32.2,40.4,179.8,126.7,34.1,34.2,518.4,360957,1065,0,0,0,0,0,0,0,60,-0.83,12164026,71694,0,3404.94,0,1200,400,720,240,4200,7500,8500,102,1.5,6000,0,0,0,0,0,30,0,30,35,61.4,0,0
2026-08-02T20:21:37.401000+09:00,2026-08-02T11:21:37.401000+00:00,094623,0.0,2,0,0,0,0,13354,0,13354,0,0,0,0,4623,-24512,10330,0,256,0,161,0,0,0,0,2,0,0,0,2056,31082107,2018,0.13,0,0,0,37.4,39.9,42.9,37.3,32.2,40.2,180.1,127.2,34.1,34.1,515.8,360957,1065,0,0,0,0,0,0,0,60,-0.81,12164026,71694,0,3404.94,0,1200,400,720,240,4200,7500,8500,102,1.5,6000,0,0,0,0,0,30,0,30,35,61.4,0,0
2026-08-02T20:22:37.508000+09:00,2026-08-02T11:22:37.508000+00:00,094623,0.0,2,0,0,0,0,13354,0,13354,0,0,0,0,4623,-24512,10330,0,256,0,161,0,0,0,0,2,0,0,0,2056,31082107,2018,0.13,0,0,0,37.4,39.8,42.9,37.3,32.2,40.1,179.1,127.6,34.1,34.1,513.3,360957,1065,0,0,0,0,0,0,0,60,-0.83,12164026,71695,0,3404.94,0,1200,400,720,240,4200,7500,8500,102,1.5,6000,0,0,0,0,0,30,0,30,35,61.4,0,0
2026-08-02T20:23:37.603000+09:00,2026-08-02T11:23:37.603000+00:00,094623,0.0,2,0,0,0,0,13354,0,13354,0,0,0,0,4623,-24512,10330,0,256,0,161,0,0,0,0,2,0,0,0,2056,31082107,2018,0.13,0,0,0,37.4,39.8,42.9,37.2,32.2,40,177.9,127.9,34.1,34.1,510.8,360957,1065,0,0,0,0,0,0,0,60,-0.81,12164026,71695,0,3404.94,0,1200,400,720,240,4200,7500,8500,102,1.5,6000,0,0,0,0,0,30,0,30,35,61.4,0,0
2026-08-02T20:24:37.686000+09:00,2026-08-02T11:24:37.686000+00:00,094623,0.0,2,0,0,0,0,13354,0,13354,0,0,0,0,4623,-24512,10330,0,256,0,161,0,0,0,0,2,0,0,0,2056,31082107,2018,0.13,0,0,0,37.3,39.6,42.8,37.2,32.1,39.8,177.3,128.2,34.1,34.1,508.4,360957,1065,0,0,0,0,0,0,0,60,-0.84,12164026,71695,0,3404.94,0,1200,400,720,240,4200,7500,8500,102,1.5,6000,0,0,0,0,0,30,0,30,35,61.4,0,0
2026-08-02T20:25:37.785000+09:00,2026-08-02T11:25:37.785000+00:00,094623,0.0,2,0,0,0,0,13354,0,13354,0,0,0,0,4623,-24512,10330,0,256,0,161,0,0,0,0,2,0,0,0,2056,31082107,2018,0.13,0,0,0,37.3,39.6,42.8,37.2,32.1,39.7,176.8,128.5,34.1,34.1,506,360957,1065,0,0,0,0,0,0,0,60,-0.81,12164026,71695,0,3404.94,0,1200,400,720,240,4200,7500,8500,102,1.5,6000,0,0,0,0,0,30,0,30,35,61.3,0,0
2026-08-02T20:26:37.879000+09:00,2026-08-02T11:26:37.879000+00:00,094623,0.0,2,0,0,0,0,13354,0,13354,0,0,0,0,4623,-24512,10330,0,256,0,161,0,0,0,0,2,0,0,0,2056,31082107,2018,0.13,0,0,0,37.3,39.6,42.8,37.1,32.1,39.6,176.9,128.9,34.1,34.1,503.8,360957,1065,0,0,0,0,0,0,0,60,-0.82,12164026,71695,0,3404.94,0,1200,400,720,240,4200,7500,8500,102,1.5,6000,0,0,0,0,0,30,0,30,35,61.3,0,0
2026-08-02T20:27:37.991000+09:00,2026-08-02T11:27:37.991000+00:00,094623,-1.5,2,0,0,0,0,13354,0,13354,0,0,0,0,4623,-24512,10330,0,256,0,161,0,0,0,0,2,0,0,0,2056,31082107,2018,0.13,1.53,0,0,37.3,39.5,42.7,37.1,32.1,39.4,176.2,129.1,34.1,34.1,501.6,360957,1065,0,0,0,0,0,0,0,60,-0.83,12164026,71695,0,3404.94,0,1200,400,720,240,4200,7500,8500,102,1.5,6000,0,0,0,0,0,30,0,30,35,61.3,0,0
2026-08-02T20:28:38.077000+09:00,2026-08-02T11:28:38.077000+00:00,094623,0.0,2,0,0,0,0,13354,0,13354,0,0,0,0,4623,-24512,10330,0,256,0,161,0,0,0,0,2,0,0,0,2056,31082107,2018,0.13,0,0,0,37.2,39.5,42.7,37,32.1,39.3,176.8,129.3,34.1,34.1,499.3,360957,1065,0,0,0,0,0,0,0,60,-0.82,12164026,71695,0,3404.94,0,1200,400,720,240,4200,7500,8500,102,1.5,6000,0,0,0,0,0,30,0,30,35,61.3,0,0
2026-08-02T20:29:38.173000+09:00,2026-08-02T11:29:38.173000+00:00,094623,0.0,2,0,0,0,0,13354,0,13354,0,0,0,0,4623,-24512,10330,0,256,0,161,0,0,0,0,2,0,0,0,2056,31082107,2018,0.13,0,0,0,37.2,39.4,42.7,37,32.1,39.2,176.3,129.4,34,34,497.2,360957,1065,0,0,0,0,0,0,0,60,-0.83,12164026,71696,0,3404.94,0,1200,400,720,240,4200,7500,8500,102,1.5,6000,0,0,0,0,0,30,0,30,35,61.2,0,0
2026-08-02T20:30:38.286000+09:00,2026-08-02T11:30:38.286000+00:00,094623,0.0,2,0,0,0,0,13354,0,13354,0,0,0,0,4623,-24512,10330,0,256,0,161,0,0,0,0,2,0,0,0,2056,31082107,2018,0.13,0,0,0,37.2,39.4,42.6,37,32,39.1,175,129.5,34,34,495.1,360957,1065,0,0,0,0,0,0,0,60,-0.81,12164026,71696,0,3404.94,0,1200,400,720,240,4200,7500,8500,102,1.5,6000,0,0,0,0,0,30,0,30,35,61.2,0,0
2026-08-02T20:31:38.392000+09:00,2026-08-02T11:31:38.392000+00:00,094623,0.0,2,0,0,0,0,13354,0,13354,0,0,0,0,4623,-24512,10330,0,256,0,161,0,0,0,0,2,0,0,0,2056,31082107,2018,0.13,0,0,0,37.2,39.4,42.6,36.9,32,39,175.4,129.7,34,34,493,360957,1065,0,0,0,0,0,0,0,60,-0.82,12164026,71696,0,3404.94,0,1200,400,720,240,4200,7500,8500,102,1.5,6000,0,0,0,0,0,30,0,30,35,61.2,0,0
2026-08-02T20:32:38.495000+09:00,2026-08-02T11:32:38.495000+00:00,094623,0.0,2,0,0,0,0,13354,0,13354,0,0,0,0,4623,-24512,10330,0,256,0,161,0,0,0,0,2,0,0,0,2056,31082107,2018,0.13,0,0,0,37.1,39.4,42.6,36.9,32,38.8,173.4,129.9,34,34,490.9,360957,1065,0,0,0,0,0,0,0,60,-0.82,12164026,71696,0,3404.94,0,1200,400,720,240,4200,7500,8500,102,1.5,6000,0,0,0,0,0,30,0,30,35,61.2,0,0
2026-08-02T20:33:38.594000+09:00,2026-08-02T11:33:38.594000+00:00,094623,0.0,2,0,0,0,0,13354,0,13354,0,0,0,0,4623,-24512,10330,0,256,0,161,0,0,0,0,2,0,0,0,2056,31082107,2018,0.13,0,0,0,37.1,39.3,42.5,36.8,32,38.7,173.2,129.9,34,34,489,360957,1065,0,0,0,0,0,0,0,60,-0.81,12164026,71696,0,3404.94,0,1200,400,720,240,4200,7500,8500,102,1.5,6000,0,0,0,0,0,30,0,30,35,61.2,0,0
2026-08-02T20:34:38.735000+09:00,2026-08-02T11:34:38.735000+00:00,094623,0.0,2,0,0,0,0,13354,0,13354,0,0,0,0,4623,-24512,10330,0,256,0,161,0,0,0,0,2,0,0,0,2056,31082107,2018,0.13,0,0,0,37.1,39.3,42.5,36.8,31.9,38.6,173,130,34,33.9,487,360957,1065,0,0,0,0,0,0,0,60,-0.82,12164026,71696,0,3404.94,0,1200,400,720,240,4200,7500,8500,102,1.5,6000,0,0,0,0,0,30,0,30,35,61.1,0,0
2026-08-02T20:35:38.823000+09:00,2026-08-02T11:35:38.823000+00:00,094623,0.0,2,0,0,0,0,13354,0,13354,0,0,0,0,4623,-24512,10330,0,256,0,161,0,0,0,0,2,0,0,0,2056,31082107,2018,0.13,0,0,0,37,39.2,42.5,36.7,31.9,38.4,173,130.1,33.9,33.9,485.1,360957,1065,0,0,0,0,0,0,0,60,-0.82,12164026,71696,0,3404.94,0,1200,400,720,240,4200,7500,8500,102,1.5,6000,0,0,0,0,0,30,0,30,35,61.1,0,0
2026-08-02T20:36:38.919000+09:00,2026-08-02T11:36:38.919000+00:00,094623,0.0,2,0,0,0,0,13354,0,13354,0,0,0,0,4623,-24512,10330,0,256,0,161,0,0,0,0,2,0,0,0,2056,31082107,2018,0.13,0,0,0,37,39.2,42.4,36.7,31.9,38.3,172.4,130.3,33.9,33.9,483.2,360957,1065,0,0,0,0,0,0,0,60,-0.81,12164026,71697,0,3404.94,0,1200,400,720,240,4200,7500,8500,102,1.5,6000,0,0,0,0,0,30,0,30,35,61.1,0,0
2026-08-02T20:37:39.012000+09:00,2026-08-02T11:37:39.012000+00:00,094623,0.0,2,0,0,0,0,13354,0,13354,0,0,0,0,4623,-24512,10330,0,256,0,161,0,0,0,0,2,0,0,0,2056,31082107,2018,0.13,0,0,0,37,39.2,42.4,36.7,31.8,38.2,172,130.2,33.9,33.9,481.4,360957,1065,0,0,0,0,0,0,0,60,-0.82,12164026,71697,0,3404.94,0,1200,400,720,240,4200,7500,8500,102,1.5,6000,0,0,0,0,0,30,0,30,35,61.1,0,0
2026-08-02T20:38:39.110000+09:00,2026-08-02T11:38:39.110000+00:00,094623,0.0,2,0,0,0,0,13354,0,13354,0,0,0,0,4623,-24512,10330,0,256,0,161,0,0,0,0,2,0,0,0,2056,31082107,2018,0.13,0,0,0,37,39.2,42.4,36.6,31.8,38,171.5,130.2,33.8,33.8,479.5,360957,1065,0,0,0,0,0,0,0,60,-0.81,12164026,71697,0,3404.94,0,1200,400,720,240,4200,7500,8500,102,1.5,6000,0,0,0,0,0,30,0,30,35,61,0,0
2026-08-02T20:39:39.197000+09:00,2026-08-02T11:39:39.197000+00:00,094623,0.0,2,0,0,0,0,13354,0,13354,0,0,0,0,4623,-24512,10330,0,256,0,161,0,0,0,0,2,0,0,0,2056,31082107,2018,0.13,0,0,0,36.9,39.3,42.4,36.6,31.8,38,170.9,130.2,33.8,33.8,477.7,360957,1065,0,0,0,0,0,0,0,60,-0.83,12164026,71697,0,3404.94,0,1200,400,720,240,4200,7500,8500,102,1.5,6000,0,0,0,0,0,30,0,30,35,61,0,0
2026-08-02T20:40:39.300000+09:00,2026-08-02T11:40:39.300000+00:00,094623,-1.5,2,0,0,0,0,13354,0,13354,0,0,0,0,4623,-24512,10330,0,256,0,161,0,0,0,0,2,0,0,0,2056,31082107,2018,0.13,1.53,0,0,36.9,39.1,42.3,36.5,31.7,37.9,169.8,130.3,33.8,33.8,475.9,360957,1065,0,0,0,0,0,0,0,60,-0.81,12164026,71697,0,3404.94,0,1200,400,720,240,4200,7500,8500,102,1.5,6000,0,0,0,0,0,30,0,30,35,61,0,0
2026-08-02T20:41:39.400000+09:00,2026-08-02T11:41:39.400000+00:00,094623,0.0,2,0,0,0,0,13354,0,13354,0,0,0,0,4623,-24512,10330,0,256,0,161,0,0,0,0,2,0,0,0,2056,31082107,2018,0.13,0,0,0,36.9,39.1,42.3,36.5,31.7,37.7,169.8,130.2,33.8,33.8,474.2,360957,1065,0,0,0,0,0,0,0,60,-0.83,12164026,71697,0,3404.94,0,1200,400,720,240,4200,7500,8500,102,1.5,6000,0,0,0,0,0,30,0,30,35,60.9,0,0
2026-08-02T20:42:39.482000+09:00,2026-08-02T11:42:39.482000+00:00,094623,0.0,2,0,0,0,0,13354,0,13354,0,0,0,0,4623,-24512,10330,0,256,0,161,0,0,0,0,2,0,0,0,2056,31082107,2018,0.13,0,0,0,36.9,39.1,42.3,36.5,31.7,37.6,168.8,130.2,33.7,33.7,472.5,360957,1065,0,0,0,0,0,0,0,60,-0.8,12164026,71697,0,3404.94,0,1200,400,720,240,4200,7500,8500,102,1.5,6000,0,0,0,0,0,30,0,30,35,60.9,0,0
2026-08-02T20:43:39.589000+09:00,2026-08-02T11:43:39.589000+00:00,094623,0.0,2,0,0,0,0,13354,0,13354,0,0,0,0,4623,-24512,10330,0,256,0,161,0,0,0,0,2,0,0,0,2056,31082107,2018,0.13,0,0,0,36.8,39,42.2,36.4,31.7,37.5,168.5,130.3,33.7,33.7,470.7,360957,1065,0,0,0,0,0,0,0,60,-0.83,12164026,71697,0,3404.94,0,1200,400,720,240,4200,7500,8500,102,1.5,6000,0,0,0,0,0,30,0,30,35,60.9,0,0
2026-08-02T20:44:39.691000+09:00,2026-08-02T11:44:39.691000+00:00,094623,0.0,2,0,0,0,0,13354,0,13354,0,0,0,0,4623,-24512,10330,0,256,0,161,0,0,0,0,2,0,0,0,2056,31082107,2018,0.13,0,0,0,36.8,39,42.2,36.4,31.7,37.4,168.2,130.3,33.7,33.7,469,360957,1065,0,0,0,0,0,0,0,60,-0.81,12164026,71698,0,3404.94,0,1200,400,720,240,4200,7500,8500,102,1.5,6000,0,0,0,0,0,30,0,30,35,60.9,0,0
2026-08-02T20:45:39.800000+09:00,2026-08-02T11:45:39.800000+00:00,094623,-1.5,2,0,0,0,0,13354,0,13354,0,0,0,0,4623,-24512,10330,0,256,0,161,0,0,0,0,2,0,0,0,2056,31082107,2018,0.13,1.53,0,0,36.8,38.8,42.2,36.4,31.6,37.4,167.3,130.3,33.7,33.7,467.4,360957,1065,0,0,0,0,0,0,0,60,-0.81,12164026,71698,0,3404.94,0,1200,400,720,240,4200,7500,8500,102,1.5,6000,0,0,0,0,0,30,0,30,35,60.9,0,0
2026-08-02T20:46:39.959000+09:00,2026-08-02T11:46:39.959000+00:00,094623,0.0,2,0,0,0,0,13354,0,13354,0,0,0,0,4623,-24512,10330,0,256,0,161,0,0,0,0,2,0,0,0,2056,31082107,2018,0.13,0,0,0,36.8,38.8,42.1,36.3,31.6,37.2,167.5,130.3,33.6,33.6,465.7,360957,1065,0,0,0,0,0,0,0,60,-0.82,12164026,71698,0,3404.94,0,1200,400,720,240,4200,7500,8500,102,1.5,6000,0,0,0,0,0,30,0,30,35,60.8,0,0
2026-08-02T20:47:40.003000+09:00,2026-08-02T11:47:40.003000+00:00,094623,0.0,2,0,0,0,0,13354,0,13354,0,0,0,0,4623,-24512,10330,0,256,0,161,0,0,0,0,2,0,0,0,2056,31082107,2018,0.13,0,0,0,36.7,38.8,42.1,36.3,31.6,37.1,167,130.3,33.6,33.6,464.2,360957,1065,0,0,0,0,0,0,0,60,-0.83,12164026,71698,0,3404.94,0,1200,400,720,240,4200,7500,8500,102,1.5,6000,0,0,0,0,0,30,0,30,35,60.8,0,0
2026-08-02T20:48:40.096000+09:00,2026-08-02T11:48:40.096000+00:00,094623,0.0,2,0,0,0,0,13354,0,13354,0,0,0,0,4623,-24512,10330,0,256,0,161,0,0,0,0,2,0,0,0,2056,31082107,2018,0.13,0,0,0,36.7,38.8,42,36.3,31.6,37,166.6,130.2,33.6,33.6,462.5,360957,1065,0,0,0,0,0,0,0,60,-0.83,12164026,71698,0,3404.94,0,1200,400,720,240,4200,7500,8500,102,1.5,6000,0,0,0,0,0,30,0,30,35,60.8,0,0
2026-08-02T20:49:40.188000+09:00,2026-08-02T11:49:40.188000+00:00,094623,0.0,2,0,0,0,0,13354,0,13354,0,0,0,0,4623,-24512,10330,0,256,0,161,0,0,0,0,2,0,0,0,2056,31082107,2018,0.13,0,0,0,36.7,38.8,42,36.2,31.6,36.9,166.2,130,33.5,33.6,460.9,360957,1065,0,0,0,0,0,0,0,60,-0.8,12164026,71698,0,3404.94,0,1200,400,720,240,4200,7500,8500,102,1.5,6000,0,0,0,0,0,30,0,30,35,60.7,0,0
2026-08-02T20:50:40.278000+09:00,2026-08-02T11:50:40.278000+00:00,094623,0.0,2,0,0,0,0,13354,0,13354,0,0,0,0,4623,-24512,10330,0,256,0,161,0,0,0,0,2,0,0,0,2056,31082107,2018,0.13,0,0,0,36.7,38.8,41.9,36.2,31.5,36.8,166.6,130,33.5,33.5,459.4,360957,1065,0,0,0,0,0,0,0,60,-0.83,12164026,71698,0,3404.94,0,1200,400,720,240,4200,7500,8500,102,1.5,6000,0,0,0,0,0,30,0,30,35,60.7,0,0
2026-08-02T20:51:40.370000+09:00,2026-08-02T11:51:40.370000+00:00,094623,0.0,2,0,0,0,0,13354,0,13354,0,0,0,0,4623,-24512,10330,0,256,0,161,0,0,0,0,2,0,0,0,2056,31082107,2018,0.13,0,0,0,36.6,38.8,41.9,36.2,31.5,36.7,164.9,129.9,33.5,33.5,457.9,360957,1065,0,0,0,0,0,0,0,60,-0.83,12164026,71699,0,3404.94,0,1200,400,720,240,4200,7500,8500,102,1.5,6000,0,0,0,0,0,30,0,30,35,60.7,0,0
2026-08-02T20:52:40.464000+09:00,2026-08-02T11:52:40.464000+00:00,094623,0.0,2,0,0,0,0,13354,0,13354,0,0,0,0,4623,-24512,10330,0,256,0,161,0,0,0,0,2,0,0,0,2056,31082107,2018,0.13,0,0,0,36.6,38.8,41.8,36.2,31.5,36.7,164.4,129.8,33.5,33.5,456.3,360957,1065,0,0,0,0,0,0,0,60,-0.82,12164026,71699,0,3404.94,0,1200,400,720,240,4200,7500,8500,102,1.5,6000,0,0,0,0,0,30,0,30,35,60.7,0,0
2026-08-02T20:53:40.574000+09:00,2026-08-02T11:53:40.574000+00:00,094623,0.0,2,0,0,0,0,13354,0,13354,0,0,0,0,4623,-24512,10330,0,256,0,161,0,0,0,0,2,0,0,0,2056,31082107,2018,0.13,0,0,0,36.6,38.7,41.8,36.1,31.5,36.6,164.3,129.7,33.5,33.5,454.8,360957,1065,0,0,0,0,0,0,0,60,-0.84,12164026,71699,0,3404.94,0,1200,400,720,240,4200,7500,8500,102,1.5,6000,0,0,0,0,0,30,0,30,35,60.6,0,0
2026-08-02T20:54:40.669000+09:00,2026-08-02T11:54:40.669000+00:00,094623,0.0,2,0,0,0,0,13354,0,13354,0,0,0,0,4623,-24512,10330,0,256,0,161,0,0,0,0,2,0,0,0,2056,31082107,2018,0.13,0,0,0,36.6,38.6,41.7,36.1,31.5,36.5,163.7,129.6,33.4,33.4,453.3,360957,1065,0,0,0,0,0,0,0,60,-0.83,12164026,71699,0,3404.94,0,1200,400,720,240,4200,7500,8500,102,1.5,6000,0,0,0,0,0,30,0,30,35,60.6,0,0
2026-08-02T20:55:40.775000+09:00,2026-08-02T11:55:40.775000+00:00,094623,0.0,2,0,0,0,0,13354,0,13354,0,0,0,0,4623,-24512,10330,0,256,0,161,0,0,0,0,2,0,0,0,2056,31082107,2018,0.13,0,0,0,36.5,38.6,41.7,36,31.5,36.5,163.7,129.5,33.4,33.4,451.8,360957,1065,0,0,0,0,0,0,0,60,-0.82,12164026,71699,0,3404.94,0,1200,400,720,240,4200,7500,8500,102,1.5,6000,0,0,0,0,0,30,0,30,35,60.6,0,0
2026-08-02T20:56:40.857000+09:00,2026-08-02T11:56:40.857000+00:00,094623,0.0,2,0,0,0,0,13354,0,13354,0,0,0,0,4623,-24512,10330,0,256,0,161,0,0,0,0,2,0,0,0,2056,31082107,2018,0.12,0,0,0,36.5,38.6,41.6,36,31.4,36.4,162.6,129.3,33.4,33.4,450.4,360957,1065,0,0,0,0,0,0,0,60,-0.83,12164026,71699,0,3404.94,0,1200,400,720,240,4200,7500,8500,102,1.5,6000,0,0,0,0,0,30,0,30,35,60.5,0,0
2026-08-02T20:57:40.962000+09:00,2026-08-02T11:57:40.962000+00:00,094623,0.0,2,0,0,0,0,13354,0,13354,0,0,0,0,4623,-24512,10330,0,256,0,161,0,0,0,0,2,0,0,0,2056,31082107,2018,0.13,0,0,0,36.5,38.5,41.6,36,31.4,36.3,162,129.3,33.4,33.4,448.9,360957,1065,0,0,0,0,0,0,0,60,-0.83,12164026,71699,0,3404.94,0,1200,400,720,240,4200,7500,8500,102,1.5,6000,0,0,0,0,0,30,0,30,35,60.5,0,0
2026-08-02T20:58:41.065000+09:00,2026-08-02T11:58:41.065000+00:00,094623,0.0,2,0,0,0,0,13354,0,13354,0,0,0,0,4623,-24512,10330,0,256,0,161,0,0,0,0,2,0,0,0,2056,31082107,2018,0.13,0,0,0,36.5,38.5,41.5,35.9,31.4,36.2,161.6,129.1,33.3,33.3,447.5,360957,1065,0,0,0,0,0,0,0,60,-0.83,12164026,71700,0,3404.94,0,1200,400,720,240,4200,7500,8500,102,1.5,6000,0,0,0,0,0,30,0,30,35,60.5,0,0
2026-08-02T20:59:41.168000+09:00,2026-08-02T11:59:41.168000+00:00,094623,0.0,2,0,0,0,0,13354,0,13354,0,0,0,0,4623,-24512,10330,0,256,0,161,0,0,0,0,2,0,0,0,2056,31082107,2018,0.13,0,0,0,36.4,38.5,41.5,35.9,31.4,36.2,161.4,128.9,33.3,33.3,446.1,360957,1065,0,0,0,0,0,0,0,60,-0.81,12164026,71700,0,3404.94,0,1200,400,720,240,4200,7500,8500,102,1.5,6000,0,0,0,0,0,30,0,30,35,60.4,0,0
2026-08-02T21:00:41.317000+09:00,2026-08-02T12:00:41.317000+00:00,094623,0.0,2,0,0,0,0,13354,0,13354,0,0,0,0,4623,-24512,10330,0,256,0,161,0,0,0,0,2,0,0,0,2056,31082107,2018,0.13,0,0,0,36.4,38.4,41.5,35.8,31.4,36.1,160.9,128.8,33.3,33.3,444.7,360957,1065,0,0,0,0,0,0,0,60,-0.82,12164026,71700,0,3404.94,0,1200,400,720,240,4200,7500,8500,102,1.5,6000,0,0,0,0,0,30,0,30,35,60.4,0,0
2026-08-02T21:01:41.441000+09:00,2026-08-02T12:01:41.441000+00:00,094623,0.0,2,0,0,0,0,13354,0,13354,0,0,0,0,4623,-24512,10330,0,256,0,161,0,0,0,0,2,0,0,0,2056,31082107,2018,0.13,0,0,0,36.4,38.4,41.4,35.8,31.4,36.1,160.8,128.9,33.3,33.3,443.3,360957,1065,0,0,0,0,0,0,0,60,-0.82,12164026,71700,0,3404.94,0,1200,400,720,240,4200,7500,8500,102,1.5,6000,0,0,0,0,0,30,0,30,35,60.4,0,0
2026-08-02T21:02:41.526000+09:00,2026-08-02T12:02:41.526000+00:00,094623,0.0,2,0,0,0,0,13354,0,13354,0,0,0,0,4623,-24512,10330,0,256,0,161,0,0,0,0,2,0,0,0,2056,31082107,2018,0.13,0,0,0,36.3,38.3,41.4,35.8,31.3,36,160.9,128.8,33.3,33.3,442,360957,1065,0,0,0,0,0,0,0,60,-0.83,12164026,71700,0,3404.94,0,1200,400,720,240,4200,7500,8500,102,1.5,6000,0,0,0,0,0,30,0,30,35,60.3,0,0
2026-08-02T21:03:41.635000+09:00,2026-08-02T12:03:41.635000+00:00,094623,0.0,2,0,0,0,0,13354,0,13354,0,0,0,0,4623,-24512,10330,0,256,0,161,0,0,0,0,2,0,0,0,2056,31082107,2018,0.13,0,0,0,36.3,38.2,41.4,35.8,31.3,35.9,161,128.6,33.2,33.2,440.6,360957,1065,0,0,0,0,0,0,0,60,-0.84,12164026,71700,0,3404.94,0,1200,400,720,240,4200,7500,8500,102,1.5,6000,0,0,0,0,0,30,0,30,35,60.3,0,0
2026-08-02T21:04:41.722000+09:00,2026-08-02T12:04:41.722000+00:00,094623,0.0,2,0,0,0,0,13354,0,13354,0,0,0,0,4623,-24512,10330,0,256,0,161,0,0,0,0,2,0,0,0,2056,31082107,2018,0.13,0,0,0,36.3,38.2,41.3,35.7,31.3,35.9,160.4,128.5,33.2,33.2,439.2,360957,1065,0,0,0,0,0,0,0,60,-0.8,12164026,71700,0,3404.94,0,1200,400,720,240,4200,7500,8500,102,1.5,6000,0,0,0,0,0,30,0,30,35,60.3,0,0
2026-08-02T21:05:41.827000+09:00,2026-08-02T12:05:41.827000+00:00,094623,0.0,2,0,0,0,0,13354,0,13354,0,0,0,0,4623,-24512,10330,0,256,0,161,0,0,0,0,2,0,0,0,2056,31082107,2018,0.12,0,0,0,36.3,38.3,41.3,35.7,31.3,35.8,158.8,128.3,33.2,33.2,437.9,360957,1065,0,0,0,0,0,0,0,60,-0.81,12164026,71701,0,3404.94,0,1200,400,720,240,4200,7500,8500,102,1.5,6000,0,0,0,0,0,30,0,30,35,60.2,0,0
2026-08-02T21:06:41.921000+09:00,2026-08-02T12:06:41.921000+00:00,094623,0.0,2,0,0,0,0,13354,0,13354,0,0,0,0,4623,-24512,10330,0,256,0,161,0,0,0,0,2,0,0,0,2056,31082107,2018,0.12,0,0,0,36.2,38.2,41.2,35.6,31.3,35.7,158.5,128.2,33.1,33.2,436.6,360957,1065,0,0,0,0,0,0,0,60,-0.83,12164026,71701,0,3404.94,0,1200,400,720,240,4200,7500,8500,102,1.5,6000,0,0,0,0,0,30,0,30,35,60.2,0,0
2026-08-02T21:07:42.034000+09:00,2026-08-02T12:07:42.034000+00:00,094623,0.0,2,0,0,0,0,13354,0,13354,0,0,0,0,4623,-24512,10330,0,256,0,161,0,0,0,0,2,0,0,0,2056,31082107,2018,0.12,0,0,0,36.2,38.2,41.2,35.6,31.2,35.7,158.5,128,33.1,33.1,435.3,360957,1065,0,0,0,0,0,0,0,60,-0.83,12164026,71701,0,3404.94,0,1200,400,720,240,4200,7500,8500,102,1.5,6000,0,0,0,0,0,30,0,30,35,60.2,0,0
2026-08-02T21:08:42.135000+09:00,2026-08-02T12:08:42.135000+00:00,094623,0.0,2,0,0,0,0,13354,0,13354,0,0,0,0,4623,-24512,10330,0,256,0,161,0,0,0,0,2,0,0,0,2056,31082107,2018,0.12,0,0,0,36.2,38.2,41.1,35.6,31.2,35.6,158.1,128,33.1,33.1,433.9,360957,1065,0,0,0,0,0,0,0,60,-0.82,12164026,71701,0,3404.94,0,1200,400,720,240,4200,7500,8500,102,1.5,6000,0,0,0,0,0,30,0,30,35,60.2,0,0
2026-08-02T21:09:42.224000+09:00,2026-08-02T12:09:42.224000+00:00,094623,0.0,2,0,0,0,0,13354,0,13354,0,0,0,0,4623,-24512,10330,0,256,0,161,0,0,0,0,2,0,0,0,2056,31082107,2018,0.12,0,0,0,36.2,38.1,41.1,35.5,31.2,35.6,157.4,127.8,33.1,33.1,432.7,360957,1065,0,0,0,0,0,0,0,60,-0.81,12164026,71701,0,3404.94,0,1200,400,720,240,4200,7500,8500,102,1.5,6000,0,0,0,0,0,30,0,30,35,60.1,0,0
2026-08-02T21:10:42.335000+09:00,2026-08-02T12:10:42.335000+00:00,094623,0.0,2,0,0,0,0,13354,0,13354,0,0,0,0,4623,-24512,10330,0,256,0,161,0,0,0,0,2,0,0,0,2056,31082107,2018,0.12,0,0,0,36.1,38,41.1,35.5,31.2,35.5,157,127.7,33,33.1,431.4,360957,1065,0,0,0,0,0,0,0,60,-0.83,12164026,71701,0,3404.94,0,1200,400,720,240,4200,7500,8500,102,1.5,6000,0,0,0,0,0,30,0,30,35,60.1,0,0
2026-08-02T21:11:42.437000+09:00,2026-08-02T12:11:42.437000+00:00,094623,0.0,2,0,0,0,0,13354,0,13354,0,0,0,0,4623,-24512,10330,0,256,0,161,0,0,0,0,2,0,0,0,2056,31082107,2018,0.12,0,0,0,36.1,38,41,35.5,31.2,35.4,155.7,127.6,33,33.1,430.1,360957,1065,0,0,0,0,0,0,0,60,-0.82,12164026,71701,0,3404.94,0,1200,400,720,240,4200,7500,8500,102,1.5,6000,0,0,0,0,0,30,0,30,35,60.1,0,0
2026-08-02T21:12:42.535000+09:00,2026-08-02T12:12:42.535000+00:00,094623,0.0,2,0,0,0,0,13354,0,13354,0,0,0,0,4623,-24512,10330,0,256,0,161,0,0,0,0,2,0,0,0,2056,31082107,2018,0.12,0,0,0,36.1,38,41,35.5,31.1,35.4,156.2,127.3,33,33,428.8,360957,1065,0,0,0,0,0,0,0,60,-0.83,12164026,71701,0,3404.94,0,1200,400,720,240,4200,7500,8500,102,1.5,6000,0,0,0,0,0,30,0,30,35,60,0,0
2026-08-02T21:13:42.610000+09:00,2026-08-02T12:13:42.610000+00:00,094623,0.0,2,0,0,0,0,13354,0,13354,0,0,0,0,4623,-24512,10330,0,256,0,161,0,0,0,0,2,0,0,0,2056,31082107,2018,0.12,0,0,0,36,38,41,35.4,31.1,35.3,155.6,127.1,33,33,427.6,360957,1065,0,0,0,0,0,0,0,60,-0.83,12164026,71702,0,3404.94,0,1200,400,720,240,4200,7500,8500,102,1.5,6000,0,0,0,0,0,30,0,30,35,60,0,0
2026-08-02T21:14:42.714000+09:00,2026-08-02T12:14:42.714000+00:00,094623,0.0,2,0,0,0,0,13354,0,13354,0,0,0,0,4623,-24512,10330,0,256,0,161,0,0,0,0,2,0,0,0,2056,31082107,2018,0.12,0,0,0,36,38,40.9,35.4,31.1,35.3,155.6,127,33,33,426.3,360957,1065,0,0,0,0,0,0,0,60,-0.84,12164026,71702,0,3404.94,0,1200,400,720,240,4200,7500,8500,102,1.5,6000,0,0,0,0,0,30,0,30,35,60,0,0
2026-08-02T21:15:42.799000+09:00,2026-08-02T12:15:42.799000+00:00,094623,0.0,2,0,0,0,0,13354,0,13354,0,0,0,0,4623,-24512,10330,0,256,0,161,0,0,0,0,2,0,0,0,2056,31082107,2018,0.12,0,0,0,36,37.9,40.9,35.3,31.1,35.2,154.8,126.9,32.9,33,425.1,360957,1065,0,0,0,0,0,0,0,60,-0.82,12164026,71702,0,3404.94,0,1200,400,720,240,4200,7500,8500,102,1.5,6000,0,0,0,0,0,30,0,30,35,59.9,0,0
2026-08-02T21:16:42.905000+09:00,2026-08-02T12:16:42.905000+00:00,094623,0.0,2,0,0,0,0,13354,0,13354,0,0,0,0,4623,-24512,10330,0,256,0,161,0,0,0,0,2,0,0,0,2056,31082107,2018,0.12,0,0,0,36,37.8,40.9,35.3,31.1,35.2,155.2,126.8,32.9,33,423.9,360957,1065,0,0,0,0,0,0,0,60,-0.83,12164026,71702,0,3404.94,0,1200,400,720,240,4200,7500,8500,102,1.5,6000,0,0,0,0,0,30,0,30,35,59.9,0,0
2026-08-02T21:17:42.996000+09:00,2026-08-02T12:17:42.996000+00:00,094623,0.0,2,0,0,0,0,13354,0,13354,0,0,0,0,4623,-24512,10330,0,256,0,161,0,0,0,0,2,0,0,0,2056,31082107,2018,0.12,0,0,0,36,37.9,40.9,35.3,31,35.1,153.7,126.7,32.9,32.9,422.7,360957,1065,0,0,0,0,0,0,0,60,-0.83,12164026,71702,0,3404.94,0,1200,400,720,240,4200,7500,8500,102,1.5,6000,0,0,0,0,0,30,0,30,35,59.9,0,0
2026-08-02T21:18:43.099000+09:00,2026-08-02T12:18:43.099000+00:00,094623,0.0,2,0,0,0,0,13354,0,13354,0,0,0,0,4623,-24512,10330,0,256,0,161,0,0,0,0,2,0,0,0,2056,31082107,2018,0.12,0,0,0,35.9,37.9,40.8,35.2,31,35,153.6,126.4,32.9,32.9,421.4,360957,1065,0,0,0,0,0,0,0,60,-0.83,12164026,71702,0,3404.94,0,1200,400,720,240,4200,7500,8500,102,1.5,6000,0,0,0,0,0,30,0,30,35,59.8,0,0
2026-08-02T21:19:43.199000+09:00,2026-08-02T12:19:43.199000+00:00,094623,0.0,2,0,0,0,0,13354,0,13354,0,0,0,0,4623,-24512,10330,0,256,0,161,0,0,0,0,2,0,0,0,2056,31082107,2018,0.12,0,0,0,35.9,37.9,40.8,35.2,31,35,153.5,126.3,32.8,32.9,420.3,360957,1065,0,0,0,0,0,0,0,60,-0.82,12164026,71702,0,3404.94,0,1200,400,720,240,4200,7500,8500,102,1.5,6000,0,0,0,0,0,30,0,30,35,59.8,0,0
2026-08-02T21:20:43.307000+09:00,2026-08-02T12:20:43.307000+00:00,094623,0.0,2,0,0,0,0,13354,0,13354,0,0,0,0,4623,-24512,10330,0,256,0,161,0,0,0,0,2,0,0,0,2056,31082107,2018,0.12,0,0,0,35.9,37.8,40.7,35.2,31,35,151.9,126.2,32.8,32.9,419.1,360957,1065,0,0,0,0,0,0,0,60,-0.83,12164026,71703,0,3404.94,0,1200,400,720,240,4200,7500,8500,102,1.5,6000,0,0,0,0,0,30,0,30,35,59.8,0,0
2026-08-02T21:21:43.399000+09:00,2026-08-02T12:21:43.399000+00:00,094623,0.0,2,0,0,0,0,13354,0,13354,0,0,0,0,4623,-24512,10330,0,256,0,161,0,0,0,0,2,0,0,0,2056,31082107,2018,0.12,0,0,0,35.8,37.7,40.7,35.1,30.9,34.9,151.9,126.1,32.8,32.9,417.9,360957,1065,0,0,0,0,0,0,0,60,-0.82,12164026,71703,0,3404.94,0,1200,400,720,240,4200,7500,8500,102,1.5,6000,0,0,0,0,0,30,0,30,35,59.7,0,0
2026-08-02T21:22:43.489000+09:00,2026-08-02T12:22:43.489000+00:00,094623,0.0,2,0,0,0,0,13354,0,13354,0,0,0,0,4623,-24512,10330,0,256,0,161,0,0,0,0,2,0,0,0,2056,31082107,2018,0.12,0,0,0,35.8,37.7,40.7,35.1,30.9,34.9,152,126,32.8,32.8,416.8,360957,1065,0,0,0,0,0,0,0,60,-0.83,12164026,71703,0,3404.94,0,1200,400,720,240,4200,7500,8500,102,1.5,6000,0,0,0,0,0,30,0,30,35,59.7,0,0
2026-08-02T21:23:43.581000+09:00,2026-08-02T12:23:43.581000+00:00,094623,0.0,2,0,0,0,0,13354,0,13354,0,0,0,0,4623,-24512,10330,0,256,0,161,0,0,0,0,2,0,0,0,2056,31082107,2018,0.12,0,0,0,35.8,37.7,40.6,35.1,30.9,34.8,151.9,125.8,32.8,32.8,415.6,360957,1065,0,0,0,0,0,0,0,60,-0.82,12164026,71703,0,3404.94,0,1200,400,720,240,4200,7500,8500,102,1.5,6000,0,0,0,0,0,30,0,30,35,59.7,0,0
2026-08-02T21:24:43.672000+09:00,2026-08-02T12:24:43.672000+00:00,094623,0.0,2,0,0,0,0,13354,0,13354,0,0,0,0,4623,-24512,10330,0,256,0,161,0,0,0,0,2,0,0,0,2056,31082107,2018,0.12,0,0,0,35.8,37.7,40.6,35,30.9,34.8,151.1,125.7,32.7,32.8,414.4,360957,1065,0,0,0,0,0,0,0,60,-0.84,12164026,71703,0,3404.94,0,1200,400,720,240,4200,7500,8500,102,1.5,6000,0,0,0,0,0,30,0,30,35,59.6,0,0
2026-08-02T21:25:43.765000+09:00,2026-08-02T12:25:43.765000+00:00,094623,0.0,2,0,0,0,0,13354,0,13354,0,0,0,0,4623,-24512,10330,0,256,0,161,0,0,0,0,2,0,0,0,2056,31082107,2018,0.12,0,0,0,35.7,37.7,40.5,35,30.8,34.8,150,125.5,32.7,32.8,413.3,360957,1065,0,0,0,0,0,0,0,60,-0.82,12164026,71703,0,3404.94,0,1200,400,720,240,4200,7500,8500,102,1.5,6000,0,0,0,0,0,30,0,30,35,59.6,0,0
2026-08-02T21:26:43.852000+09:00,2026-08-02T12:26:43.852000+00:00,094623,0.0,2,0,0,0,0,13354,0,13354,0,0,0,0,4623,-24512,10330,0,256,0,161,0,0,0,0,2,0,0,0,2056,31082107,2018,0.12,0,0,0,35.7,37.7,40.5,34.9,30.8,34.7,149.3,125.3,32.7,32.8,412.2,360957,1065,0,0,0,0,0,0,0,60,-0.83,12164026,71703,0,3404.94,0,1200,400,720,240,4200,7500,8500,102,1.5,6000,0,0,0,0,0,30,0,30,35,59.6,0,0
2026-08-02T21:27:43.951000+09:00,2026-08-02T12:27:43.951000+00:00,094623,0.0,2,0,0,0,0,13354,0,13354,0,0,0,0,4623,-24512,10330,0,256,0,161,0,0,0,0,2,0,0,0,2056,31082107,2018,0.12,0,0,0,35.7,37.6,40.5,34.9,30.8,34.7,149.3,125.1,32.7,32.7,411.1,360957,1065,0,0,0,0,0,0,0,60,-0.82,12164026,71704,0,3404.94,0,1200,400,720,240,4200,7500,8500,102,1.5,6000,0,0,0,0,0,30,0,30,35,59.5,0,0
2026-08-02T21:28:44.045000+09:00,2026-08-02T12:28:44.045000+00:00,094623,0.0,2,0,0,0,0,13354,0,13354,0,0,0,0,4623,-24512,10330,0,256,0,161,0,0,0,0,2,0,0,0,2056,31082107,2018,0.12,0,0,0,35.7,37.6,40.4,34.9,30.8,34.6,149.2,125,32.6,32.7,409.9,360957,1065,0,0,0,0,0,0,0,60,-0.82,12164026,71704,0,3404.94,0,1200,400,720,240,4200,7500,8500,102,1.5,6000,0,0,0,0,0,30,0,30,35,59.5,0,0
2026-08-02T21:29:44.149000+09:00,2026-08-02T12:29:44.149000+00:00,094623,0.0,2,0,0,0,0,13354,0,13354,0,0,0,0,4623,-24512,10330,0,256,0,161,0,0,0,0,2,0,0,0,2056,31082107,2018,0.12,0,0,0,35.6,37.6,40.4,34.9,30.8,34.6,149.5,124.7,32.6,32.7,408.8,360957,1065,0,0,0,0,0,0,0,60,-0.83,12164026,71704,0,3404.94,0,1200,400,720,240,4200,7500,8500,102,1.5,6000,0,0,0,0,0,30,0,30,35,59.4,0,0
2026-08-02T21:30:44.247000+09:00,2026-08-02T12:30:44.247000+00:00,094623,-2.8,2,0,0,0,0,13354,0,13354,0,0,0,0,4623,-24512,10330,0,256,0,161,0,0,0,0,2,0,0,0,2056,31082107,2018,0.12,2.75,0,0,35.6,37.5,40.4,34.8,30.8,34.5,148.5,124.6,32.6,32.7,407.7,360957,1065,0,0,0,0,0,0,0,60,-0.83,12164026,71704,0,3404.94,0,1200,400,720,240,4200,7500,8500,102,1.5,6000,0,0,0,0,0,30,0,30,35,59.4,0,0
2026-08-02T21:31:44.352000+09:00,2026-08-02T12:31:44.352000+00:00,094623,0.0,2,0,0,0,0,13354,0,13354,0,0,0,0,4623,-24512,10330,0,256,0,161,0,0,0,0,2,0,0,0,2056,31082107,2018,0.12,0,0,0,35.6,37.5,40.3,34.8,30.8,34.5,148.6,124.4,32.6,32.6,406.6,360957,1065,0,0,0,0,0,0,0,60,-0.84,12164026,71704,0,3404.94,0,1200,400,720,240,4200,7500,8500,102,1.5,6000,0,0,0,0,0,30,0,30,35,59.4,0,0
2026-08-02T21:32:44.454000+09:00,2026-08-02T12:32:44.454000+00:00,094623,0.0,2,0,0,0,0,13354,0,13354,0,0,0,0,4623,-24512,10330,0,256,0,161,0,0,0,0,2,0,0,0,2056,31082107,2018,0.12,0,0,0,35.5,37.4,40.3,34.8,30.7,34.4,147.4,124.3,32.5,32.6,405.5,360957,1065,0,0,0,0,0,0,0,60,-0.82,12164026,71704,0,3404.94,0,1200,400,720,240,4200,7500,8500,102,1.5,6000,0,0,0,0,0,30,0,30,35,59.4,0,0
2026-08-02T21:33:44.548000+09:00,2026-08-02T12:33:44.548000+00:00,094623,0.0,2,0,0,0,0,13354,0,13354,0,0,0,0,4623,-24512,10330,0,256,0,161,0,0,0,0,2,0,0,0,2056,31082107,2018,0.12,0,0,0,35.5,37.4,40.2,34.7,30.7,34.4,147.6,124,32.5,32.6,404.4,360957,1065,0,0,0,0,0,0,0,60,-0.84,12164026,71704,0,3404.94,0,1200,400,720,240,4200,7500,8500,102,1.5,6000,0,0,0,0,0,30,0,30,35,59.3,0,0
2026-08-02T21:34:44.683000+09:00,2026-08-02T12:34:44.683000+00:00,094623,0.0,2,0,0,0,0,13354,0,13354,0,0,0,0,4623,-24512,10330,0,256,0,161,0,0,0,0,2,0,0,0,2056,31082107,2018,0.12,0,0,0,35.5,37.3,40.2,34.7,30.7,34.3,147.8,123.8,32.5,32.6,403.3,360957,1065,0,0,0,0,0,0,0,60,-0.84,12164026,71704,0,3404.94,0,1200,400,720,240,4200,7500,8500,102,1.5,6000,0,0,0,0,0,30,0,30,35,59.3,0,0
2026-08-02T21:35:44.728000+09:00,2026-08-02T12:35:44.728000+00:00,094623,0.0,2,0,0,0,0,13354,0,13354,0,0,0,0,4623,-24512,10330,0,256,0,161,0,0,0,0,2,0,0,0,2056,31082107,2018,0.12,0,0,0,35.5,37.3,40.2,34.7,30.7,34.3,147.6,123.8,32.4,32.5,402.3,360957,1065,0,0,0,0,0,0,0,60,-0.83,12164026,71705,0,3404.94,0,1200,400,720,240,4200,7500,8500,102,1.5,6000,0,0,0,0,0,30,0,30,35,59.3,0,0
2026-08-02T21:36:44.833000+09:00,2026-08-02T12:36:44.833000+00:00,094623,0.0,2,0,0,0,0,13354,0,13354,0,0,0,0,4623,-24512,10330,0,256,0,161,0,0,0,0,2,0,0,0,2056,31082107,2018,0.12,0,0,0,35.4,37.3,40.1,34.6,30.7,34.3,146.5,123.5,32.4,32.5,401.2,360957,1065,0,0,0,0,0,0,0,60,-0.83,12164026,71705,0,3404.94,0,1200,400,720,240,4200,7500,8500,102,1.5,6000,0,0,0,0,0,30,0,30,35,59.2,0,0
2026-08-02T21:37:44.929000+09:00,2026-08-02T12:37:44.929000+00:00,094623,0.0,2,0,0,0,0,13354,0,13354,0,0,0,0,4623,-24512,10330,0,256,0,161,0,0,0,0,2,0,0,0,2056,31082107,2018,0.12,0,0,0,35.4,37.2,40.1,34.6,30.6,34.2,146.5,123.3,32.4,32.5,400.2,360957,1065,0,0,0,0,0,0,0,60,-0.82,12164026,71705,0,3404.94,0,1200,400,720,240,4200,7500,8500,102,1.5,6000,0,0,0,0,0,30,0,30,35,59.2,0,0
2026-08-02T21:38:45.026000+09:00,2026-08-02T12:38:45.026000+00:00,094623,0.0,2,0,0,0,0,13354,0,13354,0,0,0,0,4623,-24512,10330,0,256,0,161,0,0,0,0,2,0,0,0,2056,31082107,2018,0.12,0,0,0,35.4,37.2,40,34.6,30.6,34.2,146.8,123.2,32.4,32.5,399.1,360957,1065,0,0,0,0,0,0,0,60,-0.83,12164026,71705,0,3404.94,0,1200,400,720,240,4200,7500,8500,102,1.5,6000,0,0,0,0,0,30,0,30,35,59.2,0,0
2026-08-02T21:39:45.127000+09:00,2026-08-02T12:39:45.127000+00:00,094623,-1.5,2,0,0,0,0,13354,0,13354,0,0,0,0,4623,-24512,10330,0,256,0,161,0,0,0,0,2,0,0,0,2056,31082107,2018,0.12,1.53,0,0,35.4,37.2,40,34.5,30.6,34.1,145.9,123,32.4,32.4,398,360957,1065,0,0,0,0,0,0,0,60,-0.82,12164026,71705,0,3404.94,0,1200,400,720,240,4200,7500,8500,102,1.5,6000,0,0,0,0,0,30,0,30,35,59.1,0,0
2026-08-02T21:40:45.212000+09:00,2026-08-02T12:40:45.212000+00:00,094623,0.0,2,0,0,0,0,13354,0,13354,0,0,0,0,4623,-24512,10330,0,256,0,161,0,0,0,0,2,0,0,0,2056,31082107,2018,0.12,0,0,0,35.3,37.2,40,34.5,30.6,34.1,146.2,122.8,32.3,32.4,397,360957,1065,0,0,0,0,0,0,0,60,-0.83,12164026,71705,0,3404.94,0,1200,400,720,240,4200,7500,8500,102,1.5,6000,0,0,0,0,0,30,0,30,35,59.1,0,0
2026-08-02T21:41:45.305000+09:00,2026-08-02T12:41:45.305000+00:00,094623,0.0,2,0,0,0,0,13354,0,13354,0,0,0,0,4623,-24512,10330,0,256,0,161,0,0,0,0,2,0,0,0,2056,31082107,2018,0.12,0,0,0,35.3,37.1,40,34.4,30.5,34.1,145.3,122.7,32.3,32.4,395.9,360957,1065,0,0,0,0,0,0,0,60,-0.83,12164026,71705,0,3404.94,0,1200,400,720,240,4200,7500,8500,102,1.5,6000,0,0,0,0,0,30,0,30,35,59.1,0,0
2026-08-02T21:42:45.425000+09:00,2026-08-02T12:42:45.425000+00:00,094623,-1.5,2,0,0,0,0,13354,0,13354,0,0,0,0,4623,-24512,10330,0,256,0,161,0,0,0,0,2,0,0,0,2056,31082107,2018,0.12,1.53,0,0,35.3,37.1,39.9,34.4,30.5,34,144.1,122.5,32.3,32.4,394.9,360957,1065,0,0,0,0,0,0,0,60,-0.8,12164026,71706,0,3404.94,0,1200,400,720,240,4200,7500,8500,102,1.5,6000,0,0,0,0,0,30,0,30,35,59,0,0
2026-08-02T21:43:45.508000+09:00,2026-08-02T12:43:45.508000+00:00,094623,0.0,2,0,0,0,0,13354,0,13354,0,0,0,0,4623,-24512,10330,0,256,0,161,0,0,0,0,2,0,0,0,2056,31082107,2018,0.12,0,0,0,35.3,37.1,39.9,34.4,30.5,34,144.2,122.4,32.3,32.4,393.8,360957,1065,0,0,0,0,0,0,0,60,-0.83,12164026,71706,0,3404.94,0,1200,400,720,240,4200,7500,8500,102,1.5,6000,0,0,0,0,0,30,0,30,35,59,0,0
2026-08-02T21:44:45.613000+09:00,2026-08-02T12:44:45.613000+00:00,094623,0.0,2,0,0,0,0,13354,0,13354,0,0,0,0,4623,-24512,10330,0,256,0,161,0,0,0,0,2,0,0,0,2056,31082107,2018,0.12,0,0,0,35.2,37.1,39.8,34.3,30.5,34,144.1,122.2,32.2,32.3,392.9,360957,1065,0,0,0,0,0,0,0,60,-0.81,12164026,71706,0,3404.94,0,1200,400,720,240,4200,7500,8500,102,1.5,6000,0,0,0,0,0,30,0,30,35,58.9,0,0
2026-08-02T21:45:45.714000+09:00,2026-08-02T12:45:45.714000+00:00,094623,0.0,2,0,0,0,0,13354,0,13354,0,0,0,0,4623,-24512,10330,0,256,0,161,0,0,0,0,2,0,0,0,2056,31082107,2018,0.12,0,0,0,35.2,37.1,39.8,34.3,30.5,34,144.4,122,32.2,32.3,391.9,360957,1065,0,0,0,0,0,0,0,60,-0.83,12164026,71706,0,3404.94,0,1200,400,720,240,4200,7500,8500,102,1.5,6000,0,0,0,0,0,30,0,30,35,58.9,0,0
2026-08-02T21:46:45.811000+09:00,2026-08-02T12:46:45.811000+00:00,094623,0.0,2,0,0,0,0,13354,0,13354,0,0,0,0,4623,-24512,10330,0,256,0,161,0,0,0,0,2,0,0,0,2056,31082107,2018,0.12,0,0,0,35.2,37,39.7,34.2,30.4,33.9,144.2,121.8,32.2,32.3,390.9,360957,1065,0,0,0,0,0,0,0,60,-0.83,12164026,71706,0,3404.94,0,1200,400,720,240,4200,7500,8500,102,1.5,6000,0,0,0,0,0,30,0,30,35,58.9,0,0
2026-08-02T21:47:45.897000+09:00,2026-08-02T12:47:45.897000+00:00,094623,0.0,2,0,0,0,0,13354,0,13354,0,0,0,0,4623,-24512,10330,0,256,0,161,0,0,0,0,2,0,0,0,2056,31082107,2018,0.12,0,0,0,35.1,37,39.7,34.2,30.4,33.9,143.1,121.6,32.2,32.3,389.8,360957,1065,0,0,0,0,0,0,0,60,-0.82,12164026,71706,0,3404.94,0,1200,400,720,240,4200,7500,8500,102,1.5,6000,0,0,0,0,0,30,0,30,35,58.8,0,0
2026-08-02T21:48:45.984000+09:00,2026-08-02T12:48:45.984000+00:00,094623,0.0,2,0,0,0,0,13354,0,13354,0,0,0,0,4623,-24512,10330,0,256,0,161,0,0,0,0,2,0,0,0,2056,31082107,2018,0.12,0,0,0,35.1,37,39.7,34.2,30.4,33.9,142.7,121.4,32.1,32.2,388.9,360957,1065,0,0,0,0,0,0,0,60,-0.82,12164026,71706,0,3404.94,0,1200,400,720,240,4200,7500,8500,102,1.5,6000,0,0,0,0,0,30,0,30,35,58.8,0,0
2026-08-02T21:49:46.106000+09:00,2026-08-02T12:49:46.106000+00:00,094623,0.0,2,0,0,0,0,13354,0,13354,0,0,0,0,4623,-24512,10330,0,256,0,161,0,0,0,0,2,0,0,0,2056,31082107,2018,0.12,0,0,0,35.1,37,39.6,34.2,30.4,33.8,142.4,121.3,32.1,32.2,387.9,360957,1065,0,0,0,0,0,0,0,60,-0.81,12164026,71707,0,3404.94,0,1200,400,720,240,4200,7500,8500,102,1.5,6000,0,0,0,0,0,30,0,30,35,58.7,0,0
2026-08-02T21:50:46.198000+09:00,2026-08-02T12:50:46.198000+00:00,094623,0.0,2,0,0,0,0,13354,0,13354,0,0,0,0,4623,-24512,10330,0,256,0,161,0,0,0,0,2,0,0,0,2056,31082107,2018,0.12,0,0,0,35.1,36.9,39.6,34.2,30.4,33.8,141.3,121.2,32.1,32.2,386.9,360957,1065,0,0,0,0,0,0,0,60,-0.83,12164026,71707,0,3404.94,0,1200,400,720,240,4200,7500,8500,102,1.5,6000,0,0,0,0,0,30,0,30,35,58.7,0,0
2026-08-02T21:51:46.301000+09:00,2026-08-02T12:51:46.301000+00:00,094623,0.0,2,0,0,0,0,13354,0,13354,0,0,0,0,4623,-24512,10330,0,256,0,161,0,0,0,0,2,0,0,0,2056,31082107,2018,0.12,0,0,0,35,36.9,39.6,34.1,30.3,33.7,140.6,120.9,32,32.2,385.9,360957,1065,0,0,0,0,0,0,0,60,-0.83,12164026,71707,0,3404.94,0,1200,400,720,240,4200,7500,8500,102,1.5,6000,0,0,0,0,0,30,0,30,35,58.7,0,0
2026-08-02T21:52:46.391000+09:00,2026-08-02T12:52:46.391000+00:00,094623,0.0,2,0,0,0,0,13354,0,13354,0,0,0,0,4623,-24512,10330,0,256,0,161,0,0,0,0,2,0,0,0,2056,31082107,2018,0.12,0,0,0,35,36.9,39.5,34,30.3,33.7,140,120.7,32,32.1,384.9,360957,1065,0,0,0,0,0,0,0,60,-0.83,12164026,71707,0,3404.94,0,1200,400,720,240,4200,7500,8500,102,1.5,6000,0,0,0,0,0,30,0,30,35,58.6,0,0
2026-08-02T21:53:46.482000+09:00,2026-08-02T12:53:46.482000+00:00,094623,-1.5,2,0,0,0,0,13354,0,13354,0,0,0,0,4623,-24512,10330,0,256,0,161,0,0,0,0,2,0,0,0,2056,31082107,2018,0.12,1.53,0,0,35,36.9,39.5,34,30.3,33.7,140.3,120.6,32,32.1,383.9,360957,1065,0,0,0,0,0,0,0,60,-0.82,12164026,71707,0,3404.94,0,1200,400,720,240,4200,7500,8500,102,1.5,6000,0,0,0,0,0,30,0,30,35,58.6,0,0
2026-08-02T21:54:46.591000+09:00,2026-08-02T12:54:46.591000+00:00,094623,0.0,2,0,0,0,0,13354,0,13354,0,0,0,0,4623,-24512,10330,0,256,0,161,0,0,0,0,2,0,0,0,2056,31082107,2018,0.12,0,0,0,35,36.8,39.4,34,30.3,33.6,140.5,120.5,32,32.1,383,360957,1065,0,0,0,0,0,0,0,60,-0.84,12164026,71707,0,3404.94,0,1200,400,720,240,4200,7500,8500,102,1.5,6000,0,0,0,0,0,30,0,30,35,58.6,0,0
2026-08-02T21:55:46.695000+09:00,2026-08-02T12:55:46.695000+00:00,094623,0.0,2,0,0,0,0,13354,0,13354,0,0,0,0,4623,-24512,10330,0,256,0,161,0,0,0,0,2,0,0,0,2056,31082107,2018,0.12,0,0,0,34.9,36.7,39.4,33.9,30.2,33.6,140,120.3,32,32.1,382.1,360957,1065,0,0,0,0,0,0,0,60,-0.83,12164026,71707,0,3404.94,0,1200,400,720,240,4200,7500,8500,102,1.5,6000,0,0,0,0,0,30,0,30,35,58.5,0,0
2026-08-02T21:56:46.811000+09:00,2026-08-02T12:56:46.811000+00:00,094623,-1.5,2,0,0,0,0,13354,0,13354,0,0,0,0,4623,-24512,10330,0,256,0,161,0,0,0,0,2,0,0,0,2056,31082107,2018,0.12,1.53,0,0,34.9,36.8,39.4,33.9,30.2,33.6,139.5,120.1,32,32.1,381.2,360957,1065,0,0,0,0,0,0,0,60,-0.82,12164026,71708,0,3404.94,0,1200,400,720,240,4200,7500,8500,102,1.5,6000,0,0,0,0,0,30,0,30,35,58.5,0,0
2026-08-02T21:57:46.889000+09:00,2026-08-02T12:57:46.889000+00:00,094623,-1.5,2,0,0,0,0,13354,0,13354,0,0,0,0,4623,-24512,10330,0,256,0,161,0,0,0,0,2,0,0,0,2056,31082107,2018,0.12,1.53,0,0,34.9,36.8,39.3,33.9,30.2,33.5,139.3,119.9,31.9,32,380.2,360957,1065,0,0,0,0,0,0,0,60,-0.83,12164026,71708,0,3404.94,0,1200,400,720,240,4200,7500,8500,102,1.5,6000,0,0,0,0,0,30,0,30,35,58.5,0,0
2026-08-02T21:58:46.994000+09:00,2026-08-02T12:58:46.994000+00:00,094623,-1.5,2,0,0,0,0,13354,0,13354,0,0,0,0,4623,-24512,10330,0,256,0,161,0,0,0,0,2,0,0,0,2056,31082107,2018,0.12,1.53,0,0,34.8,36.8,39.3,33.8,30.2,33.5,139.7,119.7,31.9,32,379.3,360957,1065,0,0,0,0,0,0,0,60,-0.83,12164026,71708,0,3404.94,0,1200,400,720,240,4200,7500,8500,102,1.5,6000,0,0,0,0,0,30,0,30,35,58.4,0,0
2026-08-02T21:59:47.086000+09:00,2026-08-02T12:59:47.086000+00:00,094623,-2.8,2,0,0,0,0,13354,0,13354,0,0,0,0,4623,-24512,10330,0,256,0,161,0,0,0,0,2,0,0,0,2056,31082107,2018,0.12,2.75,0,0,34.8,36.7,39.2,33.8,30.2,33.5,138.5,119.6,31.9,32,378.4,360957,1065,0,0,0,0,0,0,0,60,-0.82,12164026,71708,0,3404.94,0,1200,400,720,240,4200,7500,8500,102,1.5,6000,0,0,0,0,0,30,0,30,35,58.4,0,0
2026-08-02T22:00:47.179000+09:00,2026-08-02T13:00:47.179000+00:00,094623,-4.0,2,0,0,0,0,13354,0,13354,0,0,0,0,4623,-24512,10330,0,256,0,161,0,0,0,0,2,0,0,0,2056,31082107,2018,0.12,3.97,0,0,34.8,36.7,39.2,33.8,30.2,33.4,138.9,119.4,31.9,32,377.4,360957,1065,0,0,0,0,0,0,0,60,-0.83,12164026,71708,0,3404.94,0,1200,400,720,240,4200,7500,8500,102,1.5,6000,0,0,0,0,0,30,0,30,35,58.3,0,0
2026-08-02T22:01:47.263000+09:00,2026-08-02T13:01:47.263000+00:00,094623,0.0,2,0,0,0,0,13354,0,13354,0,0,0,0,4623,-24512,10330,0,256,0,161,0,0,0,0,2,0,0,0,2056,31082107,2018,0.12,0,0,0,34.8,36.7,39.2,33.8,30.1,33.4,138,119.2,31.9,32,376.5,360957,1065,0,0,0,0,0,0,0,60,-0.83,12164026,71708,0,3404.94,0,1200,400,720,240,4200,7500,8500,102,1.5,6000,0,0,0,0,0,30,0,30,35,58.3,0,0
2026-08-02T22:02:47.365000+09:00,2026-08-02T13:02:47.365000+00:00,094623,0.0,2,0,0,0,0,13354,0,13354,0,0,0,0,4623,-24512,10330,0,256,0,161,0,0,0,0,2,0,0,0,2056,31082107,2018,0.12,0,0,0,34.7,36.6,39.1,33.7,30.1,33.4,137.5,119,31.8,32,375.6,360957,1065,0,0,0,0,0,0,0,60,-0.83,12164026,71708,0,3404.94,0,1200,400,720,240,4200,7500,8500,102,1.5,6000,0,0,0,0,0,30,0,30,35,58.3,0,0
2026-08-02T22:03:47.463000+09:00,2026-08-02T13:03:47.463000+00:00,094623,-1.5,2,0,0,0,0,13354,0,13354,0,0,0,0,4623,-24512,10330,0,256,0,161,0,0,0,0,2,0,0,0,2056,31082107,2018,0.12,1.53,0,0,34.7,36.5,39.1,33.7,30.1,33.4,137.2,118.9,31.8,32,374.6,360957,1065,0,0,0,0,0,0,0,60,-0.82,12164026,71708,0,3404.94,0,1200,400,720,240,4200,7500,8500,102,1.5,6000,0,0,0,0,0,30,0,30,35,58.2,0,0
2026-08-02T22:04:47.556000+09:00,2026-08-02T13:04:47.556000+00:00,094623,0.0,2,0,0,0,0,13354,0,13354,0,0,0,0,4623,-24512,10330,0,256,0,161,0,0,0,0,2,0,0,0,2056,31082107,2018,0.12,0,0,0,34.7,36.5,39,33.7,30.1,33.3,137.3,118.8,31.8,31.9,373.7,360957,1065,0,0,0,0,0,0,0,60,-0.83,12164026,71709,0,3404.94,0,1200,400,720,240,4200,7500,8500,102,1.5,6000,0,0,0,0,0,30,0,30,35,58.2,0,0
2026-08-02T22:05:47.640000+09:00,2026-08-02T13:05:47.640000+00:00,094623,0.0,2,0,0,0,0,13354,0,13354,0,0,0,0,4623,-24512,10330,0,256,0,161,0,0,0,0,2,0,0,0,2056,31082107,2018,0.12,0,0,0,34.7,36.5,39,33.6,30.1,33.3,135.7,118.6,31.7,31.9,372.8,360957,1065,0,0,0,0,0,0,0,60,-0.82,12164026,71709,0,3404.94,0,1200,400,720,240,4200,7500,8500,102,1.5,6000,0,0,0,0,0,30,0,30,35,58.1,0,0
2026-08-02T22:06:47.736000+09:00,2026-08-02T13:06:47.736000+00:00,094623,0.0,2,0,0,0,0,13354,0,13354,0,0,0,0,4623,-24512,10330,0,256,0,161,0,0,0,0,2,0,0,0,2056,31082107,2018,0.12,0,0,0,34.6,36.4,39,33.6,30.1,33.3,135.5,118.4,31.7,31.9,371.9,360957,1065,0,0,0,0,0,0,0,60,-0.81,12164026,71709,0,3404.94,0,1200,400,720,240,4200,7500,8500,102,1.5,6000,0,0,0,0,0,30,0,30,35,58.1,0,0
2026-08-02T22:07:47.838000+09:00,2026-08-02T13:07:47.838000+00:00,094623,-2.8,2,0,0,0,0,13354,0,13354,0,0,0,0,4623,-24512,10330,0,256,0,161,0,0,0,0,2,0,0,0,2056,31082107,2018,0.12,2.75,0,0,34.6,36.4,38.9,33.6,30,33.3,136.3,118.2,31.7,31.9,371,360957,1065,0,0,0,0,0,0,0,60,-0.82,12164026,71709,0,3404.94,0,1200,400,720,240,4200,7500,8500,102,1.5,6000,0,0,0,0,0,30,0,30,35,58.1,0,0
2026-08-02T22:08:47.945000+09:00,2026-08-02T13:08:47.945000+00:00,094623,0.0,2,0,0,0,0,13354,0,13354,0,0,0,0,4623,-24512,10330,0,256,0,161,0,0,0,0,2,0,0,0,2056,31082107,2018,0.12,0,0,0,34.6,36.4,38.9,33.6,30,33.2,135.2,118.1,31.7,31.9,370.1,360957,1065,0,0,0,0,0,0,0,60,-0.81,12164026,71709,0,3404.94,0,1200,400,720,240,4200,7500,8500,102,1.5,6000,0,0,0,0,0,30,0,30,35,58,0,0
2026-08-02T22:09:48.042000+09:00,2026-08-02T13:09:48.042000+00:00,094623,0.0,2,0,0,0,0,13354,0,13354,0,0,0,0,4623,-24512,10330,0,256,0,161,0,0,0,0,2,0,0,0,2056,31082107,2018,0.12,0,0,0,34.5,36.4,38.8,33.5,30,33.2,135.3,117.9,31.7,31.8,369.1,360957,1065,0,0,0,0,0,0,0,60,-0.82,12164026,71709,0,3404.94,0,1200,400,720,240,4200,7500,8500,102,1.5,6000,0,0,0,0,0,30,0,30,35,58,0,0
2026-08-02T22:10:48.141000+09:00,2026-08-02T13:10:48.141000+00:00,094623,0.0,2,0,0,0,0,13354,0,13354,0,0,0,0,4623,-24512,10330,0,256,0,161,0,0,0,0,2,0,0,0,2056,31082107,2018,0.12,0,0,0,34.5,36.4,38.8,33.5,30,33.1,135.2,117.7,31.6,31.8,368.2,360957,1065,0,0,0,0,0,0,0,60,-0.83,12164026,71709,0,3404.94,0,1200,400,720,240,4200,7500,8500,102,1.5,6000,0,0,0,0,0,30,0,30,35,57.9,0,0
2026-08-02T22:11:48.238000+09:00,2026-08-02T13:11:48.238000+00:00,094623,0.0,2,0,0,0,0,13354,0,13354,0,0,0,0,4623,-24512,10330,0,256,0,161,0,0,0,0,2,0,0,0,2056,31082107,2018,0.12,0,0,0,34.5,36.4,38.8,33.5,30,33.1,134.4,117.6,31.6,31.8,367.4,360957,1065,0,0,0,0,0,0,0,60,-0.82,12164026,71710,0,3404.94,0,1200,400,720,240,4200,7500,8500,102,1.5,6000,0,0,0,0,0,30,0,30,35,57.9,0,0
2026-08-02T22:12:48.332000+09:00,2026-08-02T13:12:48.332000+00:00,094623,-1.5,2,0,0,0,0,13354,0,13354,0,0,0,0,4623,-24512,10330,0,256,0,161,0,0,0,0,2,0,0,0,2056,31082107,2018,0.12,1.53,0,0,34.5,36.3,38.7,33.4,29.9,33.1,134.1,117.4,31.6,31.8,366.5,360957,1065,0,0,0,0,0,0,0,60,-0.82,12164026,71710,0,3404.94,0,1200,400,720,240,4200,7500,8500,102,1.5,6000,0,0,0,0,0,30,0,30,35,57.9,0,0
2026-08-02T22:13:48.428000+09:00,2026-08-02T13:13:48.428000+00:00,094623,-1.5,2,0,0,0,0,13354,0,13354,0,0,0,0,4623,-24512,10330,0,256,0,161,0,0,0,0,2,0,0,0,2056,31082107,2018,0.12,1.53,0,0,34.4,36.3,38.7,33.4,29.9,33.1,132.8,117.3,31.6,31.7,365.6,360957,1065,0,0,0,0,0,0,0,60,-0.83,12164026,71710,0,3404.94,0,1200,400,720,240,4200,7500,8500,102,1.5,6000,0,0,0,0,0,30,0,30,35,57.9,0,0
2026-08-02T22:14:48.534000+09:00,2026-08-02T13:14:48.534000+00:00,094623,0.0,2,0,0,0,0,13354,0,13354,0,0,0,0,4623,-24512,10330,0,256,0,161,0,0,0,0,2,0,0,0,2056,31082107,2018,0.12,0,0,0,34.4,36.2,38.7,33.4,29.9,33,133.1,117.1,31.6,31.7,364.7,360957,1065,0,0,0,0,0,0,0,60,-0.82,12164026,71710,0,3404.94,0,1200,400,720,240,4200,7500,8500,102,1.5,6000,0,0,0,0,0,30,0,30,35,57.8,0,0
2026-08-02T22:15:48.630000+09:00,2026-08-02T13:15:48.630000+00:00,094623,-1.5,2,0,0,0,0,13354,0,13354,0,0,0,0,4623,-24512,10330,0,256,0,161,0,0,0,0,2,0,0,0,2056,31082107,2018,0.12,1.53,0,0,34.4,36.2,38.6,33.3,29.9,33,133.8,117,31.5,31.7,363.8,360957,1065,0,0,0,0,0,0,0,60,-0.82,12164026,71710,0,3404.94,0,1200,400,720,240,4200,7500,8500,102,1.5,6000,0,0,0,0,0,30,0,30,35,57.8,0,0
2026-08-02T22:16:48.783000+09:00,2026-08-02T13:16:48.783000+00:00,094623,-1.5,2,0,0,0,0,13354,0,13354,0,0,0,0,4623,-24512,10330,0,256,0,161,0,0,0,0,2,0,0,0,2056,31082107,2018,0.12,1.53,0,0,34.4,36.2,38.6,33.3,29.8,33,132.7,116.8,31.5,31.7,363,360957,1065,0,0,0,0,0,0,0,60,-0.82,12164026,71710,0,3404.94,0,1200,400,720,240,4200,7500,8500,102,1.5,6000,0,0,0,0,0,30,0,30,35,57.7,0,0
2026-08-02T22:17:48.822000+09:00,2026-08-02T13:17:48.822000+00:00,094623,0.0,2,0,0,0,0,13354,0,13354,0,0,0,0,4623,-24512,10330,0,256,0,161,0,0,0,0,2,0,0,0,2056,31082107,2018,0.12,0,0,0,34.3,36.2,38.5,33.3,29.8,33,132,116.7,31.5,31.7,362.1,360957,1065,0,0,0,0,0,0,0,60,-0.83,12164026,71710,0,3404.94,0,1200,400,720,240,4200,7500,8500,102,1.5,6000,0,0,0,0,0,30,0,30,35,57.7,0,0
2026-08-02T22:18:48.912000+09:00,2026-08-02T13:18:48.912000+00:00,094623,0.0,2,0,0,0,0,13354,0,13354,0,0,0,0,4623,-24512,10330,0,256,0,161,0,0,0,0,2,0,0,0,2056,31082107,2018,0.12,0,0,0,34.3,36.1,38.5,33.2,29.8,33,131.8,116.4,31.5,31.6,361.3,360957,1065,0,0,0,0,0,0,0,60,-0.83,12164026,71711,0,3404.94,0,1200,400,720,240,4200,7500,8500,102,1.5,6000,0,0,0,0,0,30,0,30,35,57.6,0,0
2026-08-02T22:19:49.029000+09:00,2026-08-02T13:19:49.029000+00:00,094623,0.0,2,0,0,0,0,13354,0,13354,0,0,0,0,4623,-24512,10330,0,256,0,161,0,0,0,0,2,0,0,0,2056,31082107,2018,0.12,0,0,0,34.3,36.1,38.5,33.2,29.8,32.9,131.3,116.3,31.4,31.6,360.4,360957,1065,0,0,0,0,0,0,0,60,-0.81,12164026,71711,0,3404.94,0,1200,400,720,240,4200,7500,8500,102,1.5,6000,0,0,0,0,0,30,0,30,35,57.6,0,0
2026-08-02T22:20:49.131000+09:00,2026-08-02T13:20:49.131000+00:00,094623,0.0,2,0,0,0,0,13354,0,13354,0,0,0,0,4623,-24512,10330,0,256,0,161,0,0,0,0,2,0,0,0,2056,31082107,2018,0.12,0,0,0,34.3,36.1,38.4,33.2,29.8,32.9,131.6,116.2,31.4,31.6,359.6,360957,1065,0,0,0,0,0,0,0,60,-0.83,12164026,71711,0,3404.94,0,1200,400,720,240,4200,7500,8500,102,1.5,6000,0,0,0,0,0,30,0,30,35,57.5,0,0
2026-08-02T22:21:49.241000+09:00,2026-08-02T13:21:49.241000+00:00,094623,0.0,2,0,0,0,0,13354,0,13354,0,0,0,0,4623,-24512,10330,0,256,0,161,0,0,0,0,2,0,0,0,2056,31082107,2018,0.12,0,0,0,34.2,36.1,38.4,33.2,29.8,32.9,131.7,116,31.4,31.6,358.7,360957,1065,0,0,0,0,0,0,0,60,-0.82,12164026,71711,0,3404.94,0,1200,400,720,240,4200,7500,8500,102,1.5,6000,0,0,0,0,0,30,0,30,35,57.5,0,0
2026-08-02T22:22:49.338000+09:00,2026-08-02T13:22:49.338000+00:00,094623,0.0,2,0,0,0,0,13354,0,13354,0,0,0,0,4623,-24512,10330,0,256,0,161,0,0,0,0,2,0,0,0,2056,31082107,2018,0.12,0,0,0,34.2,36.1,38.3,33.1,29.8,32.9,131.1,115.8,31.4,31.6,357.8,360957,1065,0,0,0,0,0,0,0,60,-0.82,12164026,71711,0,3404.94,0,1200,400,720,240,4200,7500,8500,102,1.5,6000,0,0,0,0,0,30,0,30,35,57.5,0,0
2026-08-02T22:23:49.432000+09:00,2026-08-02T13:23:49.432000+00:00,094623,-1.5,2,0,0,0,0,13354,0,13354,0,0,0,0,4623,-24512,10330,0,256,0,161,0,0,0,0,2,0,0,0,2056,31082107,2018,0.12,1.53,0,0,34.2,36,38.3,33.1,29.7,32.8,130.6,115.6,31.3,31.5,356.9,360957,1065,0,0,0,0,0,0,0,60,-0.82,12164026,71711,0,3404.94,0,1200,400,720,240,4200,7500,8500,102,1.5,6000,0,0,0,0,0,30,0,30,35,57.4,0,0
2026-08-02T22:24:49.531000+09:00,2026-08-02T13:24:49.531000+00:00,094623,0.0,2,0,0,0,0,13354,0,13354,0,0,0,0,4623,-24512,10330,0,256,0,161,0,0,0,0,2,0,0,0,2056,31082107,2018,0.12,0,0,0,34.2,35.9,38.3,33,29.7,32.8,130.9,115.5,31.3,31.5,356.1,360957,1065,0,0,0,0,0,0,0,60,-0.84,12164026,71711,0,3404.94,0,1200,400,720,240,4200,7500,8500,102,1.5,6000,0,0,0,0,0,30,0,30,35,57.4,0,0
2026-08-02T22:25:49.620000+09:00,2026-08-02T13:25:49.620000+00:00,094623,-4.0,2,0,0,0,0,13354,0,13354,0,0,0,0,4623,-24512,10330,0,256,0,161,0,0,0,0,2,0,0,0,2056,31082107,2018,0.12,3.97,0,0,34.1,35.9,38.2,33,29.7,32.8,130.3,115.4,31.3,31.5,355.3,360957,1065,0,0,0,0,0,0,0,60,-0.82,12164026,71712,0,3404.94,0,1200,400,720,240,4200,7500,8500,102,1.5,6000,0,0,0,0,0,30,0,30,35,57.4,0,0
2026-08-02T22:26:49.716000+09:00,2026-08-02T13:26:49.716000+00:00,094623,0.0,2,0,0,0,0,13354,0,13354,0,0,0,0,4623,-24512,10330,0,256,0,161,0,0,0,0,2,0,0,0,2056,31082107,2018,0.12,0,0,0,34.1,35.8,38.2,33,29.7,32.8,130,115.2,31.3,31.4,354.5,360957,1065,0,0,0,0,0,0,0,60,-0.83,12164026,71712,0,3404.94,0,1200,400,720,240,4200,7500,8500,102,1.5,6000,0,0,0,0,0,30,0,30,35,57.3,0,0
2026-08-02T22:27:49.825000+09:00,2026-08-02T13:27:49.825000+00:00,094623,0.0,2,0,0,0,0,13354,0,13354,0,0,0,0,4623,-24512,10330,0,256,0,161,0,0,0,0,2,0,0,0,2056,31082107,2018,0.12,0,0,0,34.1,35.8,38.2,33,29.6,32.7,129.8,115.1,31.3,31.4,353.6,360957,1065,0,0,0,0,0,0,0,60,-0.82,12164026,71712,0,3404.94,0,1200,400,720,240,4200,7500,8500,102,1.5,6000,0,0,0,0,0,30,0,30,35,57.3,0,0
2026-08-02T22:28:49.911000+09:00,2026-08-02T13:28:49.911000+00:00,094623,0.0,2,0,0,0,0,13354,0,13354,0,0,0,0,4623,-24512,10330,0,256,0,161,0,0,0,0,2,0,0,0,2056,31082107,2018,0.12,0,0,0,34,35.9,38.2,33,29.6,32.7,130.1,115,31.2,31.4,352.8,360957,1065,0,0,0,0,0,0,0,60,-0.81,12164026,71712,0,3404.94,0,1200,400,720,240,4200,7500,8500,102,1.5,6000,0,0,0,0,0,30,0,30,35,57.2,0,0
2026-08-02T22:29:50+09:00,2026-08-02T13:29:50+00:00,094623,-2.8,2,0,0,0,0,13354,0,13354,0,0,0,0,4623,-24512,10330,0,256,0,161,0,0,0,0,2,0,0,0,2056,31082107,2018,0.12,2.75,0,0,34,35.9,38.1,33,29.6,32.7,130,114.8,31.2,31.4,352,360957,1065,0,0,0,0,0,0,0,60,-0.82,12164026,71712,0,3404.94,0,1200,400,720,240,4200,7500,8500,102,1.5,6000,0,0,0,0,0,30,0,30,35,57.2,0,0
2026-08-02T22:30:50.094000+09:00,2026-08-02T13:30:50.094000+00:00,094623,0.0,2,0,0,0,0,13354,0,13354,0,0,0,0,4623,-24512,10330,0,256,0,161,0,0,0,0,2,0,0,0,2056,31082107,2018,0.12,0,0,0,34,35.9,38.1,32.9,29.6,32.7,128.9,114.7,31.2,31.4,351.1,360957,1065,0,0,0,0,0,0,0,60,-0.82,12164026,71712,0,3404.94,0,1200,400,720,240,4200,7500,8500,102,1.5,6000,0,0,0,0,0,30,0,30,35,57.2,0,0
2026-08-02T22:31:50.233000+09:00,2026-08-02T13:31:50.233000+00:00,094623,-1.5,2,0,0,0,0,13354,0,13354,0,0,0,0,4623,-24512,10330,0,256,0,161,0,0,0,0,2,0,0,0,2056,31082107,2018,0.12,1.53,0,0,34,35.8,38,32.9,29.6,32.6,128.3,114.5,31.2,31.4,350.3,360957,1065,0,0,0,0,0,0,0,60,-0.82,12164026,71712,0,3404.94,0,1200,400,720,240,4200,7500,8500,102,1.5,6000,0,0,0,0,0,30,0,30,35,57.1,0,0
2026-08-02T22:32:50.336000+09:00,2026-08-02T13:32:50.336000+00:00,094623,0.0,2,0,0,0,0,13354,0,13354,0,0,0,0,4623,-24512,10330,0,256,0,161,0,0,0,0,2,0,0,0,2056,31082107,2018,0.12,0,0,0,34,35.8,38,32.9,29.6,32.6,128.4,114.2,31.1,31.3,349.5,360957,1065,0,0,0,0,0,0,0,60,-0.82,12164026,71712,0,3404.94,0,1200,400,720,240,4200,7500,8500,102,1.5,6000,0,0,0,0,0,30,0,30,35,57.1,0,0
2026-08-02T22:33:50.439000+09:00,2026-08-02T13:33:50.439000+00:00,094623,0.0,2,0,0,0,0,13354,0,13354,0,0,0,0,4623,-24512,10330,0,256,0,161,0,0,0,0,2,0,0,0,2056,31082107,2018,0.12,0,0,0,33.9,35.7,38,32.8,29.5,32.6,127.9,114.1,31.1,31.3,348.7,360957,1065,0,0,0,0,0,0,0,60,-0.81,12164026,71713,0,3404.94,0,1200,400,720,240,4200,7500,8500,102,1.5,6000,0,0,0,0,0,30,0,30,35,57.1,0,0
2026-08-02T22:34:50.538000+09:00,2026-08-02T13:34:50.538000+00:00,094623,0.0,2,0,0,0,0,13354,0,13354,0,0,0,0,4623,-24512,10330,0,256,0,161,0,0,0,0,2,0,0,0,2056,31082107,2018,0.12,0,0,0,33.9,35.8,38,32.8,29.5,32.6,126.9,113.9,31.1,31.3,347.9,360957,1065,0,0,0,0,0,0,0,60,-0.82,12164026,71713,0,3404.94,0,1200,400,720,240,4200,7500,8500,102,1.5,6000,0,0,0,0,0,30,0,30,35,57,0,0
2026-08-02T22:35:50.630000+09:00,2026-08-02T13:35:50.630000+00:00,094623,0.0,2,0,0,0,0,13354,0,13354,0,0,0,0,4623,-24512,10330,0,256,0,161,0,0,0,0,2,0,0,0,2056,31082107,2018,0.12,0,0,0,33.9,35.7,37.9,32.7,29.5,32.5,126.5,113.8,31.1,31.3,347.1,360957,1065,0,0,0,0,0,0,0,60,-0.84,12164026,71713,0,3404.94,0,1200,400,720,240,4200,7500,8500,102,1.5,6000,0,0,0,0,0,30,0,30,35,56.9,0,0
2026-08-02T22:36:50.722000+09:00,2026-08-02T13:36:50.722000+00:00,094623,-4.0,2,0,0,0,0,13354,0,13354,0,0,0,0,4623,-24512,10330,0,256,0,161,0,0,0,0,2,0,0,0,2056,31082107,2018,0.12,3.97,0,0,33.8,35.7,37.9,32.7,29.5,32.5,126.5,113.7,31.1,31.3,346.3,360957,1065,0,0,0,0,0,0,0,60,-0.81,12164026,71713,0,3404.94,0,1200,400,720,240,4200,7500,8500,102,1.5,6000,0,0,0,0,0,30,0,30,35,56.9,0,0
2026-08-02T22:37:50.821000+09:00,2026-08-02T13:37:50.821000+00:00,094623,-1.5,2,0,0,0,0,13354,0,13354,0,0,0,0,4623,-24512,10330,0,256,0,161,0,0,0,0,2,0,0,0,2056,31082107,2018,0.12,1.53,0,0,33.8,35.7,37.8,32.7,29.4,32.5,126,113.5,31,31.2,345.5,360957,1065,0,0,0,0,0,0,0,60,-0.84,12164026,71713,0,3404.94,0,1200,400,720,240,4200,7500,8500,102,1.5,6000,0,0,0,0,0,30,0,30,35,56.9,0,0
2026-08-02T22:38:50.918000+09:00,2026-08-02T13:38:50.918000+00:00,094623,-2.8,2,0,0,0,0,13354,0,13354,0,0,0,0,4623,-24512,10330,0,256,0,161,0,0,0,0,2,0,0,0,2056,31082107,2018,0.12,2.75,0,0,33.8,35.7,37.8,32.6,29.4,32.5,124.9,113.3,31,31.2,344.7,360957,1065,0,0,0,0,0,0,0,60,-0.83,12164026,71713,0,3404.94,0,1200,400,720,240,4200,7500,8500,102,1.5,6000,0,0,0,0,0,30,0,30,35,56.8,0,0
2026-08-02T22:39:51.018000+09:00,2026-08-02T13:39:51.018000+00:00,094623,-1.5,2,0,0,0,0,13354,0,13354,0,0,0,0,4623,-24512,10330,0,256,0,161,0,0,0,0,2,0,0,0,2056,31082107,2018,0.12,1.53,0,0,33.8,35.7,37.8,32.6,29.4,32.4,125.7,113.2,31,31.2,343.9,360957,1065,0,0,0,0,0,0,0,60,-0.82,12164026,71713,0,3404.94,0,1200,400,720,240,4200,7500,8500,102,1.5,6000,0,0,0,0,0,30,0,30,35,56.8,0,0
2026-08-02T22:40:51.118000+09:00,2026-08-02T13:40:51.118000+00:00,094623,-1.5,2,0,0,0,0,13354,0,13354,0,0,0,0,4623,-24512,10330,0,256,0,161,0,0,0,0,2,0,0,0,2056,31082107,2018,0.12,1.53,0,0,33.7,35.6,37.7,32.6,29.4,32.4,124.9,113,31,31.2,343.1,360957,1065,0,0,0,0,0,0,0,60,-0.83,12164026,71714,0,3404.94,0,1200,400,720,240,4200,7500,8500,102,1.5,6000,0,0,0,0,0,30,0,30,35,56.7,0,0
2026-08-02T22:41:51.218000+09:00,2026-08-02T13:41:51.218000+00:00,094623,0.0,2,0,0,0,0,13354,0,13354,0,0,0,0,4623,-24512,10330,0,256,0,161,0,0,0,0,2,0,0,0,2056,31082107,2018,0.12,0,0,0,33.7,35.6,37.7,32.5,29.4,32.4,124.6,112.8,31,31.2,342.3,360957,1065,0,0,0,0,0,0,0,60,-0.82,12164026,71714,0,3404.94,0,1200,400,720,240,4200,7500,8500,102,1.5,6000,0,0,0,0,0,30,0,30,35,56.7,0,0
2026-08-02T22:42:51.312000+09:00,2026-08-02T13:42:51.312000+00:00,094623,0.0,2,0,0,0,0,13354,0,13354,0,0,0,0,4623,-24512,10330,0,256,0,161,0,0,0,0,2,0,0,0,2056,31082107,2018,0.12,0,0,0,33.7,35.6,37.7,32.5,29.3,32.4,124.9,112.6,31,31.1,341.5,360957,1065,0,0,0,0,0,0,0,60,-0.82,12164026,71714,0,3404.94,0,1200,400,720,240,4200,7500,8500,102,1.5,6000,0,0,0,0,0,30,0,30,35,56.7,0,0
2026-08-02T22:43:51.419000+09:00,2026-08-02T13:43:51.419000+00:00,094623,0.0,2,0,0,0,0,13354,0,13354,0,0,0,0,4623,-24512,10330,0,256,0,161,0,0,0,0,2,0,0,0,2056,31082107,2018,0.12,0,0,0,33.7,35.5,37.6,32.4,29.3,32.3,124.4,112.5,30.9,31.1,340.8,360957,1065,0,0,0,0,0,0,0,60,-0.82,12164026,71714,0,3404.94,0,1200,400,720,240,4200,7500,8500,102,1.5,6000,0,0,0,0,0,30,0,30,35,56.6,0,0
2026-08-02T22:44:51.522000+09:00,2026-08-02T13:44:51.522000+00:00,094623,0.0,2,0,0,0,0,13354,0,13354,0,0,0,0,4623,-24512,10330,0,256,0,161,0,0,0,0,2,0,0,0,2056,31082107,2018,0.12,0,0,0,33.6,35.5,37.6,32.4,29.3,32.3,124,112.3,30.9,31.1,340,360957,1065,0,0,0,0,0,0,0,60,-0.82,12164026,71714,0,3404.94,0,1200,400,720,240,4200,7500,8500,102,1.5,6000,0,0,0,0,0,30,0,30,35,56.6,0,0
2026-08-02T22:45:51.615000+09:00,2026-08-02T13:45:51.615000+00:00,094623,0.0,2,0,0,0,0,13354,0,13354,0,0,0,0,4623,-24512,10330,0,256,0,161,0,0,0,0,2,0,0,0,2056,31082107,2018,0.12,0,0,0,33.6,35.5,37.5,32.4,29.3,32.3,123.9,112.1,30.9,31.1,339.2,360957,1065,0,0,0,0,0,0,0,60,-0.8,12164026,71714,0,3404.94,0,1200,400,720,240,4200,7500,8500,102,1.5,6000,0,0,0,0,0,30,0,30,35,56.5,0,0
2026-08-02T22:46:51.707000+09:00,2026-08-02T13:46:51.707000+00:00,094623,0.0,2,0,0,0,0,13354,0,13354,0,0,0,0,4623,-24512,10330,0,256,0,161,0,0,0,0,2,0,0,0,2056,31082107,2018,0.12,0,0,0,33.6,35.4,37.5,32.4,29.2,32.3,123.1,111.9,30.8,31,338.4,360957,1065,0,0,0,0,0,0,0,60,-0.81,12164026,71714,0,3404.94,0,1200,400,720,240,4200,7500,8500,102,1.5,6000,0,0,0,0,0,30,0,30,35,56.5,0,0
2026-08-02T22:47:51.795000+09:00,2026-08-02T13:47:51.795000+00:00,094623,0.0,2,0,0,0,0,13354,0,13354,0,0,0,0,4623,-24512,10330,0,256,0,161,0,0,0,0,2,0,0,0,2056,31082107,2018,0.12,0,0,0,33.6,35.4,37.5,32.4,29.2,32.2,123.7,111.8,30.8,31,337.7,360957,1065,0,0,0,0,0,0,0,60,-0.82,12164026,71715,0,3404.94,0,1200,400,720,240,4200,7500,8500,102,1.5,6000,0,0,0,0,0,30,0,30,35,56.4,0,0
2026-08-02T22:48:51.889000+09:00,2026-08-02T13:48:51.889000+00:00,094623,0.0,2,0,0,0,0,13354,0,13354,0,0,0,0,4623,-24512,10330,0,256,0,161,0,0,0,0,2,0,0,0,2056,31082107,2018,0.12,0,0,0,33.5,35.3,37.4,32.3,29.2,32.2,123.1,111.7,30.8,31,336.9,360957,1065,0,0,0,0,0,0,0,60,-0.83,12164026,71715,0,3404.94,0,1200,400,720,240,4200,7500,8500,102,1.5,6000,0,0,0,0,0,30,0,30,35,56.4,0,0
2026-08-02T22:49:51.989000+09:00,2026-08-02T13:49:51.989000+00:00,094623,0.0,2,0,0,0,0,13354,0,13354,0,0,0,0,4623,-24512,10330,0,256,0,161,0,0,0,0,2,0,0,0,2056,31082107,2018,0.12,0,0,0,33.5,35.3,37.4,32.3,29.2,32.2,123,111.4,30.8,31,336.1,360957,1065,0,0,0,0,0,0,0,60,-0.83,12164026,71715,0,3404.94,0,1200,400,720,240,4200,7500,8500,102,1.5,6000,0,0,0,0,0,30,0,30,35,56.4,0,0
2026-08-02T22:50:52.080000+09:00,2026-08-02T13:50:52.080000+00:00,094623,-2.8,2,0,0,0,0,13354,0,13354,0,0,0,0,4623,-24512,10330,0,256,0,161,0,0,0,0,2,0,0,0,2056,31082107,2018,0.12,2.75,0,0,33.5,35.4,37.3,32.2,29.2,32.2,122.7,111.3,30.8,31,335.3,360957,1065,0,0,0,0,0,0,0,60,-0.82,12164026,71715,0,3404.94,0,1200,400,720,240,4200,7500,8500,102,1.5,6000,0,0,0,0,0,30,0,30,35,56.3,0,0
2026-08-02T22:51:52.175000+09:00,2026-08-02T13:51:52.175000+00:00,094623,0.0,2,0,0,0,0,13354,0,13354,0,0,0,0,4623,-24512,10330,0,256,0,161,0,0,0,0,2,0,0,0,2056,31082107,2018,0.12,0,0,0,33.5,35.3,37.3,32.2,29.1,32.2,121.8,111.1,30.7,31,334.6,360957,1065,0,0,0,0,0,0,0,60,-0.83,12164026,71715,0,3404.94,0,1200,400,720,240,4200,7500,8500,102,1.5,6000,0,0,0,0,0,30,0,30,35,56.3,0,0
2026-08-02T22:52:52.282000+09:00,2026-08-02T13:52:52.282000+00:00,094623,0.0,2,0,0,0,0,13354,0,13354,0,0,0,0,4623,-24512,10330,0,256,0,161,0,0,0,0,2,0,0,0,2056,31082107,2018,0.12,0,0,0,33.4,35.3,37.3,32.2,29.1,32.1,121.5,111,30.7,30.9,333.8,360957,1065,0,0,0,0,0,0,0,60,-0.81,12164026,71715,0,3404.94,0,1200,400,720,240,4200,7500,8500,102,1.5,6000,0,0,0,0,0,30,0,30,35,56.2,0,0
2026-08-02T22:53:52.382000+09:00,2026-08-02T13:53:52.382000+00:00,094623,0.0,2,0,0,0,0,13354,0,13354,0,0,0,0,4623,-24512,10330,0,256,0,161,0,0,0,0,2,0,0,0,2056,31082107,2018,0.12,0,0,0,33.4,35.2,37.3,32.2,29.1,32.1,121.3,110.9,30.7,30.9,333.1,360957,1065,0,0,0,0,0,0,0,60,-0.81,12164026,71715,0,3404.94,0,1200,400,720,240,4200,7500,8500,102,1.5,6000,0,0,0,0,0,30,0,30,35,56.2,0,0
2026-08-02T22:54:52.487000+09:00,2026-08-02T13:54:52.487000+00:00,094623,-1.5,2,0,0,0,0,13354,0,13354,0,0,0,0,4623,-24512,10330,0,256,0,161,0,0,0,0,2,0,0,0,2056,31082107,2018,0.12,1.53,0,0,33.4,35.2,37.2,32.2,29.1,32.1,121.4,110.7,30.7,30.9,332.3,360957,1065,0,0,0,0,0,0,0,60,-0.83,12164026,71715,0,3404.94,0,1200,400,720,240,4200,7500,8500,102,1.5,6000,0,0,0,0,0,30,0,30,35,56.1,0,0
2026-08-02T22:55:52.584000+09:00,2026-08-02T13:55:52.584000+00:00,094623,0.0,2,0,0,0,0,13354,0,13354,0,0,0,0,4623,-24512,10330,0,256,0,161,0,0,0,0,2,0,0,0,2056,31082107,2018,0.12,0,0,0,33.4,35.1,37.2,32.1,29.1,32.1,121.5,110.6,30.7,30.9,331.6,360957,1065,0,0,0,0,0,0,0,60,-0.81,12164026,71716,0,3404.94,0,1200,400,720,240,4200,7500,8500,102,1.5,6000,0,0,0,0,0,30,0,30,35,56.1,0,0
2026-08-02T22:56:52.682000+09:00,2026-08-02T13:56:52.682000+00:00,094623,0.0,2,0,0,0,0,13354,0,13354,0,0,0,0,4623,-24512,10330,0,256,0,161,0,0,0,0,2,0,0,0,2056,31082107,2018,0.12,0,0,0,33.3,35.1,37.2,32.1,29.1,32,121.2,110.5,30.6,30.9,330.8,360957,1065,0,0,0,0,0,0,0,60,-0.82,12164026,71716,0,3404.94,0,1200,400,720,240,4200,7500,8500,102,1.5,6000,0,0,0,0,0,30,0,30,35,56,0,0
2026-08-02T22:57:52.789000+09:00,2026-08-02T13:57:52.789000+00:00,094623,0.0,2,0,0,0,0,13354,0,13354,0,0,0,0,4623,-24512,10330,0,256,0,161,0,0,0,0,2,0,0,0,2056,31082107,2018,0.12,0,0,0,33.3,35.2,37.1,32.1,29,32,121.3,110.2,30.6,30.8,330.1,360957,1065,0,0,0,0,0,0,0,60,-0.83,12164026,71716,0,3404.94,0,1200,400,720,240,4200,7500,8500,102,1.5,6000,0,0,0,0,0,30,0,30,35,56,0,0
2026-08-02T22:58:52.878000+09:00,2026-08-02T13:58:52.878000+00:00,094623,-5.2,2,0,0,0,0,13354,0,13354,0,0,0,0,4623,-24512,10330,0,256,0,161,0,0,0,0,2,0,0,0,2056,31082107,2018,0.12,5.19,0,0,33.3,35.2,37.1,32,29,32,121.1,110.1,30.6,30.8,329.3,360957,1065,0,0,0,0,0,0,0,60,-0.82,12164026,71716,0,3404.94,0,1200,400,720,240,4200,7500,8500,102,1.5,6000,0,0,0,0,0,30,0,30,35,56,0,0
2026-08-02T22:59:52.972000+09:00,2026-08-02T13:59:52.972000+00:00,094623,0.0,2,0,0,0,0,13354,0,13354,0,0,0,0,4623,-24512,10330,0,256,0,161,0,0,0,0,2,0,0,0,2056,31082107,2018,0.12,0,0,0,33.3,35.1,37,32,29,32,120.2,110,30.6,30.8,328.6,360957,1065,0,0,0,0,0,0,0,60,-0.83,12164026,71716,0,3404.94,0,1200,400,720,240,4200,7500,8500,102,1.5,6000,0,0,0,0,0,30,0,30,35,55.9,0,0
2026-08-02T23:00:53.070000+09:00,2026-08-02T14:00:53.070000+00:00,094623,-1.5,2,0,0,0,0,13354,0,13354,0,0,0,0,4623,-24512,10330,0,256,0,161,0,0,0,0,2,0,0,0,2056,31082107,2018,0.12,1.53,0,0,33.2,35.1,37,31.9,29,32,119.8,109.8,30.5,30.8,327.8,360957,1065,0,0,0,0,0,0,0,60,-0.82,12164026,71716,0,3404.94,0,1200,400,720,240,4200,7500,8500,102,1.5,6000,0,0,0,0,0,30,0,30,35,55.9,0,0
2026-08-02T23:01:53.167000+09:00,2026-08-02T14:01:53.167000+00:00,094623,0.0,2,0,0,0,0,13354,0,13354,0,0,0,0,4623,-24512,10330,0,256,0,161,0,0,0,0,2,0,0,0,2056,31082107,2018,0.12,0,0,0,33.2,35.1,37,31.9,29,32,119.5,109.7,30.5,30.8,327.1,360957,1065,0,0,0,0,0,0,0,60,-0.83,12164026,71716,0,3404.94,0,1200,400,720,240,4200,7500,8500,102,1.5,6000,0,0,0,0,0,30,0,30,35,55.9,0,0
2026-08-02T23:02:53.253000+09:00,2026-08-02T14:02:53.253000+00:00,094623,-1.5,2,0,0,0,0,13354,0,13354,0,0,0,0,4623,-24512,10330,0,256,0,161,0,0,0,0,2,0,0,0,2056,31082107,2018,0.12,1.53,0,0,33.2,35.1,36.9,31.9,28.9,31.9,118.8,109.6,30.5,30.7,326.4,360957,1065,0,0,0,0,0,0,0,60,-0.83,12164026,71717,0,3404.94,0,1200,400,720,240,4200,7500,8500,102,1.5,6000,0,0,0,0,0,30,0,30,35,55.8,0,0
2026-08-02T23:03:53.354000+09:00,2026-08-02T14:03:53.354000+00:00,094623,0.0,2,0,0,0,0,13354,0,13354,0,0,0,0,4623,-24512,10330,0,256,0,161,0,0,0,0,2,0,0,0,2056,31082107,2018,0.11,0,0,0,33.1,35,36.9,31.9,28.9,31.9,118.8,109.3,30.4,30.7,325.6,360957,1065,0,0,0,0,0,0,0,60,-0.84,12164026,71717,0,3404.94,0,1200,400,720,240,4200,7500,8500,102,1.5,6000,0,0,0,0,0,30,0,30,35,55.7,0,0
2026-08-02T23:04:53.456000+09:00,2026-08-02T14:04:53.456000+00:00,094623,0.0,2,0,0,0,0,13354,0,13354,0,0,0,0,4623,-24512,10330,0,256,0,161,0,0,0,0,2,0,0,0,2056,31082107,2018,0.11,0,0,0,33.1,34.9,36.9,31.9,28.9,31.9,119.1,109.2,30.4,30.7,324.9,360957,1065,0,0,0,0,0,0,0,60,-0.82,12164026,71717,0,3404.94,0,1200,400,720,240,4200,7500,8500,102,1.5,6000,0,0,0,0,0,30,0,30,35,55.7,0,0
2026-08-02T23:05:53.543000+09:00,2026-08-02T14:05:53.543000+00:00,094623,0.0,2,0,0,0,0,13354,0,13354,0,0,0,0,4623,-24512,10330,0,256,0,161,0,0,0,0,2,0,0,0,2056,31082107,2018,0.12,0,0,0,33.1,35,36.8,31.8,28.9,31.9,118.7,109,30.4,30.7,324.2,360957,1065,0,0,0,0,0,0,0,60,-0.83,12164026,71717,0,3404.94,0,1200,400,720,240,4200,7500,8500,102,1.5,6000,0,0,0,0,0,30,0,30,35,55.7,0,0
2026-08-02T23:06:53.732000+09:00,2026-08-02T14:06:53.732000+00:00,094623,0.0,2,0,0,0,0,13354,0,13354,0,0,0,0,4623,-24512,10330,0,256,0,161,0,0,0,0,2,0,0,0,2056,31082107,2018,0.11,0,0,0,33.1,34.9,36.8,31.8,28.9,31.9,118.4,108.9,30.4,30.6,323.5,360957,1065,0,0,0,0,0,0,0,60,-0.83,12164026,71717,0,3404.94,0,1200,400,720,240,4200,7500,8500,102,1.5,6000,0,0,0,0,0,30,0,30,35,55.6,0,0
2026-08-02T23:07:53.741000+09:00,2026-08-02T14:07:53.741000+00:00,094623,0.0,2,0,0,0,0,13354,0,13354,0,0,0,0,4623,-24512,10330,0,256,0,161,0,0,0,0,2,0,0,0,2056,31082107,2018,0.12,0,0,0,33.1,34.9,36.8,31.8,28.8,31.8,118.2,108.7,30.4,30.6,322.8,360957,1065,0,0,0,0,0,0,0,60,-0.82,12164026,71717,0,3404.94,0,1200,400,720,240,4200,7500,8500,102,1.5,6000,0,0,0,0,0,30,0,30,35,55.6,0,0
2026-08-02T23:08:53.840000+09:00,2026-08-02T14:08:53.840000+00:00,094623,-1.5,2,0,0,0,0,13354,0,13354,0,0,0,0,4623,-24512,10330,0,256,0,161,0,0,0,0,2,0,0,0,2056,31082107,2018,0.11,1.53,0,0,33,34.9,36.7,31.8,28.8,31.8,117.4,108.6,30.4,30.6,322.1,360957,1065,0,0,0,0,0,0,0,60,-0.83,12164026,71717,0,3404.94,0,1200,400,720,240,4200,7500,8500,102,1.5,6000,0,0,0,0,0,30,0,30,35,55.6,0,0
2026-08-02T23:09:53.928000+09:00,2026-08-02T14:09:53.928000+00:00,094623,0.0,2,0,0,0,0,13354,0,13354,0,0,0,0,4623,-24512,10330,0,256,0,161,0,0,0,0,2,0,0,0,2056,31082107,2018,0.12,0,0,0,33,34.9,36.7,31.8,28.8,31.8,116.5,108.5,30.3,30.6,321.4,360957,1065,0,0,0,0,0,0,0,60,-0.83,12164026,71718,0,3404.94,0,1200,400,720,240,4200,7500,8500,102,1.5,6000,0,0,0,0,0,30,0,30,35,55.5,0,0
2026-08-02T23:10:54.016000+09:00,2026-08-02T14:10:54.016000+00:00,094623,-2.8,2,0,0,0,0,13354,0,13354,0,0,0,0,4623,-24512,10330,0,256,0,161,0,0,0,0,2,0,0,0,2056,31082107,2018,0.12,2.75,0,0,33,34.8,36.7,31.7,28.8,31.8,116.9,108.3,30.3,30.5,320.7,360957,1065,0,0,0,0,0,0,0,60,-0.8,12164026,71718,0,3404.94,0,1200,400,720,240,4200,7500,8500,102,1.5,6000,0,0,0,0,0,30,0,30,35,55.4,0,0
2026-08-02T23:11:54.106000+09:00,2026-08-02T14:11:54.106000+00:00,094623,0.0,2,0,0,0,0,13354,0,13354,0,0,0,0,4623,-24512,10330,0,256,0,161,0,0,0,0,2,0,0,0,2056,31082107,2018,0.12,0,0,0,33,34.8,36.6,31.7,28.8,31.8,116.6,108.2,30.3,30.5,319.9,360957,1065,0,0,0,0,0,0,0,60,-0.83,12164026,71718,0,3404.94,0,1200,400,720,240,4200,7500,8500,102,1.5,6000,0,0,0,0,0,30,0,30,35,55.4,0,0
2026-08-02T23:12:54.209000+09:00,2026-08-02T14:12:54.209000+00:00,094623,-2.8,2,0,0,0,0,13354,0,13354,0,0,0,0,4623,-24512,10330,0,256,0,161,0,0,0,0,2,0,0,0,2056,31082107,2018,0.12,2.75,0,0,32.9,34.8,36.6,31.7,28.8,31.8,116.3,108,30.3,30.5,319.3,360957,1065,0,0,0,0,0,0,0,60,-0.83,12164026,71718,0,3404.94,0,1200,400,720,240,4200,7500,8500,102,1.5,6000,0,0,0,0,0,30,0,30,35,55.4,0,0
2026-08-02T23:13:54.318000+09:00,2026-08-02T14:13:54.318000+00:00,094623,0.0,2,0,0,0,0,13354,0,13354,0,0,0,0,4623,-24512,10330,0,256,0,161,0,0,0,0,2,0,0,0,2056,31082107,2018,0.12,0,0,0,32.9,34.7,36.6,31.7,28.8,31.7,116,107.8,30.2,30.5,318.6,360957,1065,0,0,0,0,0,0,0,60,-0.82,12164026,71718,0,3404.94,0,1200,400,720,240,4200,7500,8500,102,1.5,6000,0,0,0,0,0,30,0,30,35,55.3,0,0
2026-08-02T23:14:54.416000+09:00,2026-08-02T14:14:54.416000+00:00,094623,0.0,2,0,0,0,0,13354,0,13354,0,0,0,0,4623,-24512,10330,0,256,0,161,0,0,0,0,2,0,0,0,2056,31082107,2018,0.12,0,0,0,32.9,34.8,36.5,31.6,28.8,31.7,115.3,107.7,30.2,30.5,317.9,360957,1065,0,0,0,0,0,0,0,60,-0.84,12164026,71718,0,3404.94,0,1200,400,720,240,4200,7500,8500,102,1.5,6000,0,0,0,0,0,30,0,30,35,55.3,0,0
2026-08-02T23:15:54.517000+09:00,2026-08-02T14:15:54.517000+00:00,094623,0.0,2,0,0,0,0,13354,0,13354,0,0,0,0,4623,-24512,10330,0,256,0,161,0,0,0,0,2,0,0,0,2056,31082107,2018,0.12,0,0,0,32.9,34.7,36.5,31.6,28.7,31.7,115.4,107.5,30.2,30.4,317.2,360957,1065,0,0,0,0,0,0,0,60,-0.84,12164026,71718,0,3404.94,0,1200,400,720,240,4200,7500,8500,102,1.5,6000,0,0,0,0,0,30,0,30,35,55.2,0,0
2026-08-02T23:16:54.608000+09:00,2026-08-02T14:16:54.608000+00:00,094623,-1.5,2,0,0,0,0,13354,0,13354,0,0,0,0,4623,-24512,10330,0,256,0,161,0,0,0,0,2,0,0,0,2056,31082107,2018,0.11,1.53,0,0,32.8,34.7,36.4,31.6,28.7,31.7,114.6,107.4,30.2,30.4,316.5,360957,1065,0,0,0,0,0,0,0,60,-0.84,12164026,71719,0,3404.94,0,1200,400,720,240,4200,7500,8500,102,1.5,6000,0,0,0,0,0,30,0,30,35,55.2,0,0
2026-08-02T23:17:54.712000+09:00,2026-08-02T14:17:54.712000+00:00,094623,-2.8,2,0,0,0,0,13354,0,13354,0,0,0,0,4623,-24512,10330,0,256,0,161,0,0,0,0,2,0,0,0,2056,31082107,2018,0.12,2.75,0,0,32.8,34.7,36.4,31.5,28.7,31.7,114.8,107.2,30.2,30.4,315.7,360957,1065,0,0,0,0,0,0,0,60,-0.81,12164026,71719,0,3404.94,0,1200,400,720,240,4200,7500,8500,102,1.5,6000,0,0,0,0,0,30,0,30,35,55.1,0,0
2026-08-02T23:18:54.812000+09:00,2026-08-02T14:18:54.812000+00:00,094623,0.0,2,0,0,0,0,13354,0,13354,0,0,0,0,4623,-24512,10330,0,256,0,161,0,0,0,0,2,0,0,0,2056,31082107,2018,0.12,0,0,0,32.8,34.7,36.4,31.5,28.7,31.6,115.1,107.1,30.1,30.4,315.1,360957,1065,0,0,0,0,0,0,0,60,-0.82,12164026,71719,0,3404.94,0,1200,400,720,240,4200,7500,8500,102,1.5,6000,0,0,0,0,0,30,0,30,35,55.1,0,0
2026-08-02T23:19:54.921000+09:00,2026-08-02T14:19:54.921000+00:00,094623,0.0,2,0,0,0,0,13354,0,13354,0,0,0,0,4623,-24512,10330,0,256,0,161,0,0,0,0,2,0,0,0,2056,31082107,2018,0.12,0,0,0,32.8,34.7,36.3,31.5,28.7,31.6,114.6,106.9,30.1,30.4,314.4,360957,1065,0,0,0,0,0,0,0,60,-0.83,12164026,71719,0,3404.94,0,1200,400,720,240,4200,7500,8500,102,1.5,6000,0,0,0,0,0,30,0,30,35,55.1,0,0
2026-08-02T23:20:55.007000+09:00,2026-08-02T14:20:55.007000+00:00,094623,-4.0,2,0,0,0,0,13354,0,13354,0,0,0,0,4623,-24512,10330,0,256,0,161,0,0,0,0,2,0,0,0,2056,31082107,2018,0.11,3.97,0,0,32.7,34.6,36.3,31.4,28.6,31.6,113.7,106.8,30.1,30.4,313.7,360957,1065,0,0,0,0,0,0,0,60,-0.83,12164026,71719,0,3404.94,0,1200,400,720,240,4200,7500,8500,102,1.5,6000,0,0,0,0,0,30,0,30,35,55,0,0
2026-08-02T23:21:55.096000+09:00,2026-08-02T14:21:55.096000+00:00,094623,-2.8,2,0,0,0,0,13354,0,13354,0,0,0,0,4623,-24512,10330,0,256,0,161,0,0,0,0,2,0,0,0,2056,31082107,2018,0.12,2.75,0,0,32.7,34.6,36.3,31.4,28.6,31.5,113.8,106.6,30,30.3,313,360957,1065,0,0,0,0,0,0,0,60,-0.81,12164026,71719,0,3404.94,0,1200,400,720,240,4200,7500,8500,102,1.5,6000,0,0,0,0,0,30,0,30,35,55,0,0
2026-08-02T23:22:55.189000+09:00,2026-08-02T14:22:55.189000+00:00,094623,-1.5,2,0,0,0,0,13354,0,13354,0,0,0,0,4623,-24512,10330,0,256,0,161,0,0,0,0,2,0,0,0,2056,31082107,2018,0.11,1.53,0,0,32.7,34.6,36.3,31.4,28.6,31.5,113.8,106.4,30,30.3,312.3,360957,1065,0,0,0,0,0,0,0,60,-0.82,12164026,71719,0,3404.94,0,1200,400,720,240,4200,7500,8500,102,1.5,6000,0,0,0,0,0,30,0,30,35,54.9,0,0
2026-08-02T23:23:55.294000+09:00,2026-08-02T14:23:55.294000+00:00,094623,0.0,2,0,0,0,0,13354,0,13354,0,0,0,0,4623,-24512,10330,0,256,0,161,0,0,0,0,2,0,0,0,2056,31082107,2018,0.11,0,0,0,32.7,34.6,36.2,31.4,28.6,31.5,113.6,106.3,30,30.3,311.6,360957,1065,0,0,0,0,0,0,0,60,-0.82,12164026,71719,0,3404.94,0,1200,400,720,240,4200,7500,8500,102,1.5,6000,0,0,0,0,0,30,0,30,35,54.9,0,0
2026-08-02T23:24:55.410000+09:00,2026-08-02T14:24:55.410000+00:00,094623,-4.0,2,0,0,0,0,13354,0,13354,0,0,0,0,4623,-24512,10330,0,256,0,161,0,0,0,0,2,0,0,0,2056,31082107,2018,0.11,3.97,0,0,32.6,34.5,36.2,31.3,28.6,31.5,113.7,106.3,30,30.3,311,360957,1065,0,0,0,0,0,0,0,60,-0.84,12164026,71720,0,3404.94,0,1200,400,720,240,4200,7500,8500,102,1.5,6000,0,0,0,0,0,30,0,30,35,54.9,0,0
2026-08-02T23:25:55.509000+09:00,2026-08-02T14:25:55.509000+00:00,094623,0.0,2,0,0,0,0,13354,0,13354,0,0,0,0,4623,-24512,10330,0,256,0,161,0,0,0,0,2,0,0,0,2056,31082107,2018,0.11,0,0,0,32.6,34.5,36.1,31.3,28.6,31.5,112.8,106.1,30,30.3,310.2,360957,1065,0,0,0,0,0,0,0,60,-0.81,12164026,71720,0,3404.94,0,1200,400,720,240,4200,7500,8500,102,1.5,6000,0,0,0,0,0,30,0,30,35,54.8,0,0
2026-08-02T23:26:55.601000+09:00,2026-08-02T14:26:55.601000+00:00,094623,-2.8,2,0,0,0,0,13354,0,13354,0,0,0,0,4623,-24512,10330,0,256,0,161,0,0,0,0,2,0,0,0,2056,31082107,2018,0.11,2.75,0,0,32.6,34.5,36.1,31.3,28.5,31.5,112.6,105.9,30,30.2,309.6,360957,1065,0,0,0,0,0,0,0,60,-0.83,12164026,71720,0,3404.94,0,1200,400,720,240,4200,7500,8500,102,1.5,6000,0,0,0,0,0,30,0,30,35,54.8,0,0
2026-08-02T23:27:55.701000+09:00,2026-08-02T14:27:55.701000+00:00,094623,0.0,2,0,0,0,0,13354,0,13354,0,0,0,0,4623,-24512,10330,0,256,0,161,0,0,0,0,2,0,0,0,2056,31082107,2018,0.11,0,0,0,32.6,34.5,36.1,31.3,28.5,31.4,112.3,105.7,30,30.2,308.9,360957,1065,0,0,0,0,0,0,0,60,-0.83,12164026,71720,0,3404.94,0,1200,400,720,240,4200,7500,8500,102,1.5,6000,0,0,0,0,0,30,0,30,35,54.7,0,0
2026-08-02T23:28:55.872000+09:00,2026-08-02T14:28:55.872000+00:00,094623,-1.5,2,0,0,0,0,13354,0,13354,0,0,0,0,4623,-24512,10330,0,256,0,161,0,0,0,0,2,0,0,0,2056,31082107,2018,0.11,1.53,0,0,32.5,34.5,36,31.2,28.5,31.4,112.3,105.6,30,30.2,308.2,360957,1065,0,0,0,0,0,0,0,60,-0.82,12164026,71720,0,3404.94,0,1200,400,720,240,4200,7500,8500,102,1.5,6000,0,0,0,0,0,30,0,30,35,54.7,0,0
2026-08-02T23:29:55.926000+09:00,2026-08-02T14:29:55.926000+00:00,094623,0.0,2,0,0,0,0,13354,0,13354,0,0,0,0,4623,-24512,10330,0,256,0,161,0,0,0,0,2,0,0,0,2056,31082107,2018,0.11,0,0,0,32.5,34.5,36,31.2,28.5,31.4,112.6,105.4,29.9,30.2,307.5,360957,1065,0,0,0,0,0,0,0,60,-0.83,12164026,71720,0,3404.94,0,1200,400,720,240,4200,7500,8500,102,1.5,6000,0,0,0,0,0,30,0,30,35,54.6,0,0
2026-08-02T23:30:56.020000+09:00,2026-08-02T14:30:56.020000+00:00,094623,-2.8,2,0,0,0,0,13354,0,13354,0,0,0,0,4623,-24512,10330,0,256,0,161,0,0,0,0,2,0,0,0,2056,31082107,2018,0.11,2.75,0,0,32.5,34.4,36,31.2,28.4,31.4,112.4,105.3,29.9,30.2,306.9,360957,1065,0,0,0,0,0,0,0,60,-0.81,12164026,71720,0,3404.94,0,1200,400,720,240,4200,7500,8500,102,1.5,6000,0,0,0,0,0,30,0,30,35,54.6,0,0
2026-08-02T23:31:56.115000+09:00,2026-08-02T14:31:56.115000+00:00,094623,0.0,2,0,0,0,0,13354,0,13354,0,0,0,0,4623,-24512,10330,0,256,0,161,0,0,0,0,2,0,0,0,2056,31082107,2018,0.11,0,0,0,32.5,34.4,35.9,31.2,28.4,31.4,111.9,105.2,29.9,30.2,306.2,360957,1065,0,0,0,0,0,0,0,60,-0.83,12164026,71721,0,3404.94,0,1200,400,720,240,4200,7500,8500,102,1.5,6000,0,0,0,0,0,30,0,30,35,54.5,0,0
2026-08-02T23:32:56.204000+09:00,2026-08-02T14:32:56.204000+00:00,094623,0.0,2,0,0,0,0,13354,0,13354,0,0,0,0,4623,-24512,10330,0,256,0,161,0,0,0,0,2,0,0,0,2056,31082107,2018,0.11,0,0,0,32.4,34.4,35.9,31.1,28.4,31.3,111.2,105.1,29.9,30.1,305.6,360957,1065,0,0,0,0,0,0,0,60,-0.83,12164026,71721,0,3404.94,0,1200,400,720,240,4200,7500,8500,102,1.5,6000,0,0,0,0,0,30,0,30,35,54.5,0,0
2026-08-02T23:33:56.310000+09:00,2026-08-02T14:33:56.310000+00:00,094623,0.0,2,0,0,0,0,13354,0,13354,0,0,0,0,4623,-24512,10330,0,256,0,161,0,0,0,0,2,0,0,0,2056,31082107,2018,0.12,0,0,0,32.4,34.3,35.9,31.1,28.4,31.3,110.8,104.9,29.8,30.1,304.9,360957,1065,0,0,0,0,0,0,0,60,-0.82,12164026,71721,0,3404.94,0,1200,400,720,240,4200,7500,8500,102,1.5,6000,0,0,0,0,0,30,0,30,35,54.4,0,0
2026-08-02T23:34:56.404000+09:00,2026-08-02T14:34:56.404000+00:00,094623,0.0,2,0,0,0,0,13354,0,13354,0,0,0,0,4623,-24512,10330,0,256,0,161,0,0,0,0,2,0,0,0,2056,31082107,2018,0.12,0,0,0,32.4,34.3,35.8,31.1,28.4,31.3,110.1,104.8,29.8,30.1,304.3,360957,1065,0,0,0,0,0,0,0,60,-0.8,12164026,71721,0,3404.94,0,1200,400,720,240,4200,7500,8500,102,1.5,6000,0,0,0,0,0,30,0,30,35,54.4,0,0
2026-08-02T23:35:56.507000+09:00,2026-08-02T14:35:56.507000+00:00,094623,0.0,2,0,0,0,0,13354,0,13354,0,0,0,0,4623,-24512,10330,0,256,0,161,0,0,0,0,2,0,0,0,2056,31082107,2018,0.11,0,0,0,32.4,34.3,35.8,31.1,28.3,31.3,109.7,104.6,29.8,30.1,303.6,360957,1065,0,0,0,0,0,0,0,60,-0.82,12164026,71721,0,3404.94,0,1200,400,720,240,4200,7500,8500,102,1.5,6000,0,0,0,0,0,30,0,30,35,54.4,0,0
2026-08-02T23:36:56.616000+09:00,2026-08-02T14:36:56.616000+00:00,094623,0.0,2,0,0,0,0,13354,0,13354,0,0,0,0,4623,-24512,10330,0,256,0,161,0,0,0,0,2,0,0,0,2056,31082107,2018,0.11,0,0,0,32.4,34.2,35.8,31.1,28.3,31.3,109.5,104.5,29.8,30,302.9,360957,1065,0,0,0,0,0,0,0,60,-0.83,12164026,71721,0,3404.94,0,1200,400,720,240,4200,7500,8500,102,1.5,6000,0,0,0,0,0,30,0,30,35,54.3,0,0
2026-08-02T23:37:56.714000+09:00,2026-08-02T14:37:56.714000+00:00,094623,-2.8,2,0,0,0,0,13354,0,13354,0,0,0,0,4623,-24512,10330,0,256,0,161,0,0,0,0,2,0,0,0,2056,31082107,2018,0.11,2.75,0,0,32.3,34.3,35.8,31.1,28.3,31.3,109.7,104.4,29.8,30,302.3,360957,1065,0,0,0,0,0,0,0,60,-0.83,12164026,71721,0,3404.94,0,1200,400,720,240,4200,7500,8500,102,1.5,6000,0,0,0,0,0,30,0,30,35,54.3,0,0
2026-08-02T23:38:56.814000+09:00,2026-08-02T14:38:56.814000+00:00,094623,-1.5,2,0,0,0,0,13354,0,13354,0,0,0,0,4623,-24512,10330,0,256,0,161,0,0,0,0,2,0,0,0,2056,31082107,2018,0.11,1.53,0,0,32.3,34.2,35.7,31,28.3,31.2,109.9,104.2,29.8,30,301.7,360957,1065,0,0,0,0,0,0,0,60,-0.84,12164026,71722,0,3404.94,0,1200,400,720,240,4200,7500,8500,102,1.5,6000,0,0,0,0,0,30,0,30,35,54.2,0,0
2026-08-02T23:39:56.908000+09:00,2026-08-02T14:39:56.908000+00:00,094623,-1.5,2,0,0,0,0,13354,0,13354,0,0,0,0,4623,-24512,10330,0,256,0,161,0,0,0,0,2,0,0,0,2056,31082107,2018,0.11,1.53,0,0,32.3,34.2,35.7,31,28.3,31.2,109.1,104.1,29.7,30,301,360957,1065,0,0,0,0,0,0,0,60,-0.83,12164026,71722,0,3404.94,0,1200,400,720,240,4200,7500,8500,102,1.5,6000,0,0,0,0,0,30,0,30,35,54.2,0,0
2026-08-02T23:40:57.003000+09:00,2026-08-02T14:40:57.003000+00:00,094623,0.0,2,0,0,0,0,13354,0,13354,0,0,0,0,4623,-24512,10330,0,256,0,161,0,0,0,0,2,0,0,0,2056,31082107,2018,0.11,0,0,0,32.3,34.2,35.7,31,28.2,31.2,108.8,103.9,29.7,30,300.4,360957,1065,0,0,0,0,0,0,0,60,-0.82,12164026,71722,0,3404.94,0,1200,400,720,240,4200,7500,8500,102,1.5,6000,0,0,0,0,0,30,0,30,35,54.2,0,0
2026-08-02T23:41:57.093000+09:00,2026-08-02T14:41:57.093000+00:00,094623,-2.8,2,0,0,0,0,13354,0,13354,0,0,0,0,4623,-24512,10330,0,256,0,161,0,0,0,0,2,0,0,0,2056,31082107,2018,0.11,2.75,0,0,32.2,34.2,35.7,31,28.2,31.2,108.3,103.7,29.7,30,299.7,360957,1065,0,0,0,0,0,0,0,60,-0.82,12164026,71722,0,3404.94,0,1200,400,720,240,4200,7500,8500,102,1.5,6000,0,0,0,0,0,30,0,30,35,54.1,0,0
2026-08-02T23:42:57.199000+09:00,2026-08-02T14:42:57.199000+00:00,094623,0.0,2,0,0,0,0,13354,0,13354,0,0,0,0,4623,-24512,10330,0,256,0,161,0,0,0,0,2,0,0,0,2056,31082107,2018,0.11,0,0,0,32.2,34.1,35.6,30.9,28.2,31.2,108.6,103.6,29.7,30,299.1,360957,1065,0,0,0,0,0,0,0,60,-0.83,12164026,71722,0,3404.94,0,1200,400,720,240,4200,7500,8500,102,1.5,6000,0,0,0,0,0,30,0,30,35,54.1,0,0
2026-08-02T23:43:57.302000+09:00,2026-08-02T14:43:57.302000+00:00,094623,0.0,2,0,0,0,0,13354,0,13354,0,0,0,0,4623,-24512,10330,0,256,0,161,0,0,0,0,2,0,0,0,2056,31082107,2018,0.11,0,0,0,32.2,34.1,35.6,30.9,28.2,31.1,108.1,103.4,29.7,29.9,298.4,360957,1065,0,0,0,0,0,0,0,60,-0.82,12164026,71722,0,3404.94,0,1200,400,720,240,4200,7500,8500,102,1.5,6000,0,0,0,0,0,30,0,30,35,54,0,0
2026-08-02T23:44:57.391000+09:00,2026-08-02T14:44:57.391000+00:00,094623,-2.8,2,0,0,0,0,13354,0,13354,0,0,0,0,4623,-24512,10330,0,256,0,161,0,0,0,0,2,0,0,0,2056,31082107,2018,0.11,2.75,0,0,32.2,34.1,35.6,30.9,28.2,31.1,108,103.3,29.6,29.9,297.8,360957,1065,0,0,0,0,0,0,0,60,-0.83,12164026,71722,0,3404.94,0,1200,400,720,240,4200,7500,8500,102,1.5,6000,0,0,0,0,0,30,0,30,35,54,0,0
2026-08-02T23:45:57.494000+09:00,2026-08-02T14:45:57.494000+00:00,094623,0.0,2,0,0,0,0,13354,0,13354,0,0,0,0,4623,-24512,10330,0,256,0,161,0,0,0,0,2,0,0,0,2056,31082107,2018,0.11,0,0,0,32.1,34.1,35.5,30.9,28.2,31.1,108.7,103.1,29.6,29.9,297.1,360957,1065,0,0,0,0,0,0,0,60,-0.83,12164026,71723,0,3404.94,0,1200,400,720,240,4200,7500,8500,102,1.5,6000,0,0,0,0,0,30,0,30,35,53.9,0,0
2026-08-02T23:46:57.585000+09:00,2026-08-02T14:46:57.585000+00:00,094623,0.0,2,0,0,0,0,13354,0,13354,0,0,0,0,4623,-24512,10330,0,256,0,161,0,0,0,0,2,0,0,0,2056,31082107,2018,0.11,0,0,0,32.1,34,35.5,30.9,28.2,31.1,108.4,103,29.6,29.9,296.5,360957,1065,0,0,0,0,0,0,0,60,-0.84,12164026,71723,0,3404.94,0,1200,400,720,240,4200,7500,8500,102,1.5,6000,0,0,0,0,0,30,0,30,35,53.9,0,0
2026-08-02T23:47:57.670000+09:00,2026-08-02T14:47:57.670000+00:00,094623,-4.0,2,0,0,0,0,13354,0,13354,0,0,0,0,4623,-24512,10330,0,256,0,161,0,0,0,0,2,0,0,0,2056,31082107,2018,0.11,3.97,0,0,32.1,33.9,35.5,30.8,28.1,31.1,108,102.8,29.6,29.8,295.9,360957,1065,0,0,0,0,0,0,0,60,-0.83,12164026,71723,0,3404.94,0,1200,400,720,240,4200,7500,8500,102,1.5,6000,0,0,0,0,0,30,0,30,35,53.8,0,0
2026-08-02T23:48:57.776000+09:00,2026-08-02T14:48:57.776000+00:00,094623,0.0,2,0,0,0,0,13354,0,13354,0,0,0,0,4623,-24512,10330,0,256,0,161,0,0,0,0,2,0,0,0,2056,31082107,2018,0.11,0,0,0,32.1,34,35.5,30.8,28.1,31,106.8,102.7,29.6,29.8,295.2,360957,1065,0,0,0,0,0,0,0,60,-0.81,12164026,71723,0,3404.94,0,1200,400,720,240,4200,7500,8500,102,1.5,6000,0,0,0,0,0,30,0,30,35,53.8,0,0
2026-08-02T23:49:57.863000+09:00,2026-08-02T14:49:57.863000+00:00,094623,0.0,2,0,0,0,0,13354,0,13354,0,0,0,0,4623,-24512,10330,0,256,0,161,0,0,0,0,2,0,0,0,2056,31082107,2018,0.11,0,0,0,32.1,34,35.4,30.8,28.1,31,106.6,102.6,29.5,29.8,294.6,360957,1065,0,0,0,0,0,0,0,60,-0.82,12164026,71723,0,3404.94,0,1200,400,720,240,4200,7500,8500,102,1.5,6000,0,0,0,0,0,30,0,30,35,53.8,0,0
2026-08-02T23:50:57.955000+09:00,2026-08-02T14:50:57.955000+00:00,094623,-2.8,2,0,0,0,0,13354,0,13354,0,0,0,0,4623,-24512,10330,0,256,0,161,0,0,0,0,2,0,0,0,2056,31082107,2018,0.11,2.75,0,0,32,34,35.4,30.8,28.1,31,106.1,102.5,29.5,29.8,294,360957,1065,0,0,0,0,0,0,0,60,-0.82,12164026,71723,0,3404.94,0,1200,400,720,240,4200,7500,8500,102,1.5,6000,0,0,0,0,0,30,0,30,35,53.7,0,0
2026-08-02T23:51:58.062000+09:00,2026-08-02T14:51:58.062000+00:00,094623,0.0,2,0,0,0,0,13354,0,13354,0,0,0,0,4623,-24512,10330,0,256,0,161,0,0,0,0,2,0,0,0,2056,31082107,2018,0.11,0,0,0,32,33.9,35.4,30.7,28.1,31,105.8,102.3,29.5,29.8,293.3,360957,1065,0,0,0,0,0,0,0,60,-0.83,12164026,71723,0,3404.94,0,1200,400,720,240,4200,7500,8500,102,1.5,6000,0,0,0,0,0,30,0,30,35,53.7,0,0
2026-08-02T23:52:58.165000+09:00,2026-08-02T14:52:58.165000+00:00,094623,-4.0,2,0,0,0,0,13354,0,13354,0,0,0,0,4623,-24512,10330,0,256,0,161,0,0,0,0,2,0,0,0,2056,31082107,2018,0.11,3.97,0,0,32,33.9,35.3,30.7,28.1,31,106,102.1,29.5,29.8,292.7,360957,1065,0,0,0,0,0,0,0,60,-0.83,12164026,71723,0,3404.94,0,1200,400,720,240,4200,7500,8500,102,1.5,6000,0,0,0,0,0,30,0,30,35,53.6,0,0
2026-08-02T23:53:58.271000+09:00,2026-08-02T14:53:58.271000+00:00,094623,-1.5,2,0,0,0,0,13354,0,13354,0,0,0,0,4623,-24512,10330,0,256,0,161,0,0,0,0,2,0,0,0,2056,31082107,2018,0.11,1.53,0,0,32,33.9,35.3,30.7,28.1,31,106.1,101.9,29.5,29.7,292.1,360957,1065,0,0,0,0,0,0,0,60,-0.82,12164026,71724,0,3404.94,0,1200,400,720,240,4200,7500,8500,102,1.5,6000,0,0,0,0,0,30,0,30,35,53.6,0,0
2026-08-02T23:54:58.374000+09:00,2026-08-02T14:54:58.374000+00:00,094623,-4.0,2,0,0,0,0,13354,0,13354,0,0,0,0,4623,-24512,10330,0,256,0,161,0,0,0,0,2,0,0,0,2056,31082107,2018,0.11,3.97,0,0,31.9,33.9,35.3,30.7,28,31,105.8,101.8,29.4,29.7,291.5,360957,1065,0,0,0,0,0,0,0,60,-0.83,12164026,71724,0,3404.94,0,1200,400,720,240,4200,7500,8500,102,1.5,6000,0,0,0,0,0,30,0,30,35,53.5,0,0
2026-08-02T23:55:58.483000+09:00,2026-08-02T14:55:58.483000+00:00,094623,-2.8,2,0,0,0,0,13354,0,13354,0,0,0,0,4623,-24512,10330,0,256,0,161,0,0,0,0,2,0,0,0,2056,31082107,2018,0.11,2.75,0,0,31.9,33.9,35.3,30.7,28,30.9,105.9,101.7,29.4,29.7,290.9,360957,1065,0,0,0,0,0,0,0,60,-0.82,12164026,71724,0,3404.94,0,1200,400,720,240,4200,7500,8500,102,1.5,6000,0,0,0,0,0,30,0,30,35,53.5,0,0
2026-08-02T23:56:58.625000+09:00,2026-08-02T14:56:58.625000+00:00,094623,-1.5,2,0,0,0,0,13354,0,13354,0,0,0,0,4623,-24512,10330,0,256,0,161,0,0,0,0,2,0,0,0,2056,31082107,2018,0.11,1.53,0,0,31.9,33.8,35.2,30.6,28,30.9,105.1,101.6,29.4,29.7,290.2,360957,1065,0,0,0,0,0,0,0,60,-0.84,12164026,71724,0,3404.94,0,1200,400,720,240,4200,7500,8500,102,1.5,6000,0,0,0,0,0,30,0,30,35,53.5,0,0
2026-08-02T23:57:58.717000+09:00,2026-08-02T14:57:58.717000+00:00,094623,-2.8,2,0,0,0,0,13354,0,13354,0,0,0,0,4623,-24512,10330,0,256,0,161,0,0,0,0,2,0,0,0,2056,31082107,2018,0.11,2.75,0,0,31.9,33.8,35.2,30.6,28,30.9,105.4,101.4,29.4,29.7,289.6,360957,1065,0,0,0,0,0,0,0,60,-0.82,12164026,71724,0,3404.94,0,1200,400,720,240,4200,7500,8500,102,1.5,6000,0,0,0,0,0,30,0,30,35,53.4,0,0
2026-08-02T23:58:58.818000+09:00,2026-08-02T14:58:58.818000+00:00,094623,-2.8,2,0,0,0,0,13354,0,13354,0,0,0,0,4623,-24512,10330,0,256,0,161,0,0,0,0,2,0,0,0,2056,31082107,2018,0.11,2.75,0,0,31.8,33.8,35.2,30.6,28,30.9,104.5,101.3,29.4,29.7,289,360957,1065,0,0,0,0,0,0,0,60,-0.84,12164026,71724,0,3404.94,0,1200,400,720,240,4200,7500,8500,102,1.5,6000,0,0,0,0,0,30,0,30,35,53.4,0,0
2026-08-02T23:59:58.912000+09:00,2026-08-02T14:59:58.912000+00:00,094623,0.0,2,0,0,0,0,13354,0,13354,0,0,0,0,4623,-24512,10330,0,256,0,161,0,0,0,0,2,0,0,0,2056,31082107,2018,0.11,0,0,0,31.8,33.7,35.1,30.6,28,30.9,104.7,101.2,29.3,29.6,288.4,360957,1065,0,0,0,0,0,0,0,60,-0.82,12164026,71724,0,3404.94,0,1200,400,720,240,4200,7500,8500,102,1.5,6000,0,0,0,0,0,30,0,30,35,53.3,0,0
2026-08-03T00:00:59.003000+09:00,2026-08-02T15:00:59.003000+00:00,094623,-1.5,2,0,0,0,0,13354,0,13354,0,0,0,0,4623,-24512,10330,0,256,0,161,0,0,0,0,2,0,0,0,2056,31082107,2018,0.11,1.53,0,0,31.8,33.7,35.1,30.6,28,30.9,104.5,101.1,29.3,29.6,287.8,360957,1065,0,0,0,0,0,0,0,60,-0.82,12164026,71725,0,3404.94,0,1200,400,720,240,4200,7500,8500,102,1.5,6000,0,0,0,0,0,30,0,30,35,53.3,0,0
2026-08-03T00:01:59.092000+09:00,2026-08-02T15:01:59.092000+00:00,094623,-4.0,2,0,0,0,0,13354,0,13354,0,0,0,0,4623,-24512,10330,0,256,0,161,0,0,0,0,2,0,0,0,2056,31082107,2018,0.11,3.97,0,0,31.8,33.7,35.1,30.6,28,30.8,104.4,100.9,29.3,29.6,287.2,360957,1065,0,0,0,0,0,0,0,60,-0.82,12164026,71725,0,3404.94,0,1200,400,720,240,4200,7500,8500,102,1.5,6000,0,0,0,0,0,30,0,30,35,53.2,0,0
2026-08-03T00:02:59.190000+09:00,2026-08-02T15:02:59.190000+00:00,094623,0.0,2,0,0,0,0,13354,0,13354,0,0,0,0,4623,-24512,10330,0,256,0,161,0,0,0,0,2,0,0,0,2056,31082107,2018,0.11,0,0,0,31.7,33.7,35.1,30.5,27.9,30.8,103.5,100.7,29.3,29.6,286.6,360957,1065,0,0,0,0,0,0,0,60,-0.83,12164026,71725,0,3404.94,0,1200,400,720,240,4200,7500,8500,102,1.5,6000,0,0,0,0,0,30,0,30,35,53.2,0,0
2026-08-03T00:03:59.331000+09:00,2026-08-02T15:03:59.331000+00:00,094623,-1.5,2,0,0,0,0,13354,0,13354,0,0,0,0,4623,-24512,10330,0,256,0,161,0,0,0,0,2,0,0,0,2056,31082107,2018,0.11,1.53,0,0,31.7,33.6,35,30.5,27.9,30.8,103.9,100.6,29.3,29.6,286,360957,1065,0,0,0,0,0,0,0,60,-0.81,12164026,71725,0,3404.94,0,1200,400,720,240,4200,7500,8500,102,1.5,6000,0,0,0,0,0,30,0,30,35,53.1,0,0
2026-08-03T00:04:59.435000+09:00,2026-08-02T15:04:59.435000+00:00,094623,-2.8,2,0,0,0,0,13354,0,13354,0,0,0,0,4623,-24512,10330,0,256,0,161,0,0,0,0,2,0,0,0,2056,31082107,2018,0.11,2.75,0,0,31.7,33.7,35,30.5,27.9,30.8,103.7,100.4,29.3,29.6,285.3,360957,1065,0,0,0,0,0,0,0,60,-0.82,12164026,71725,0,3404.94,0,1200,400,720,240,4200,7500,8500,102,1.5,6000,0,0,0,0,0,30,0,30,35,53.1,0,0
2026-08-03T00:05:59.533000+09:00,2026-08-02T15:05:59.533000+00:00,094623,0.0,2,0,0,0,0,13354,0,13354,0,0,0,0,4623,-24512,10330,0,256,0,161,0,0,0,0,2,0,0,0,2056,31082107,2018,0.11,0,0,0,31.7,33.7,35,30.5,27.9,30.8,103.5,100.3,29.2,29.5,284.7,360957,1065,0,0,0,0,0,0,0,60,-0.83,12164026,71725,0,3404.94,0,1200,400,720,240,4200,7500,8500,102,1.5,6000,0,0,0,0,0,30,0,30,35,53,0,0
2026-08-03T00:06:59.637000+09:00,2026-08-02T15:06:59.637000+00:00,094623,0.0,2,0,0,0,0,13354,0,13354,0,0,0,0,4623,-24512,10330,0,256,0,161,0,0,0,0,2,0,0,0,2056,31082107,2018,0.11,0,0,0,31.7,33.6,35,30.5,27.9,30.8,103,100.2,29.2,29.5,284.2,360957,1065,0,0,0,0,0,0,0,60,-0.83,12164026,71725,0,3404.94,0,1200,400,720,240,4200,7500,8500,102,1.5,6000,0,0,0,0,0,30,0,30,35,53,0,0
2026-08-03T00:07:59.773000+09:00,2026-08-02T15:07:59.773000+00:00,094623,0.0,2,0,0,0,0,13354,0,13354,0,0,0,0,4623,-24512,10330,0,256,0,161,0,0,0,0,2,0,0,0,2056,31082107,2018,0.11,0,0,0,31.6,33.6,34.9,30.4,27.9,30.8,102.7,100,29.2,29.5,283.6,360957,1065,0,0,0,0,0,0,0,60,-0.82,12164026,71726,0,3404.94,0,1200,400,720,240,4200,7500,8500,102,1.5,6000,0,0,0,0,0,30,0,30,35,52.9,0,0
2026-08-03T00:08:59.872000+09:00,2026-08-02T15:08:59.872000+00:00,094623,-2.8,2,0,0,0,0,13354,0,13354,0,0,0,0,4623,-24512,10330,0,256,0,161,0,0,0,0,2,0,0,0,2056,31082107,2018,0.11,2.75,0,0,31.6,33.5,34.9,30.4,27.9,30.7,102.6,100,29.2,29.5,283,360957,1065,0,0,0,0,0,0,0,60,-0.84,12164026,71726,0,3404.94,0,1200,400,720,240,4200,7500,8500,102,1.5,6000,0,0,0,0,0,30,0,30,35,52.9,0,0
2026-08-03T00:09:59.963000+09:00,2026-08-02T15:09:59.963000+00:00,094623,-2.8,2,0,0,0,0,13354,0,13354,0,0,0,0,4623,-24512,10330,0,256,0,161,0,0,0,0,2,0,0,0,2056,31082107,2018,0.11,2.75,0,0,31.6,33.6,34.9,30.4,27.9,30.7,102.7,99.8,29.2,29.5,282.4,360957,1065,0,0,0,0,0,0,0,60,-0.83,12164026,71726,0,3404.94,0,1200,400,720,240,4200,7500,8500,102,1.5,6000,0,0,0,0,0,30,0,30,35,52.8,0,0
2026-08-03T00:11:00.054000+09:00,2026-08-02T15:11:00.054000+00:00,094623,0.0,2,0,0,0,0,13354,0,13354,0,0,0,0,4623,-24512,10330,0,256,0,161,0,0,0,0,2,0,0,0,2056,31082107,2018,0.11,0,0,0,31.6,33.5,34.9,30.4,27.9,30.7,103.1,99.7,29.2,29.5,281.8,360957,1065,0,0,0,0,0,0,0,60,-0.83,12164026,71726,0,3404.94,0,1200,400,720,240,4200,7500,8500,102,1.5,6000,0,0,0,0,0,30,0,30,35,52.8,0,0
2026-08-03T00:12:00.147000+09:00,2026-08-02T15:12:00.147000+00:00,094623,-1.5,2,0,0,0,0,13354,0,13354,0,0,0,0,4623,-24512,10330,0,256,0,161,0,0,0,0,2,0,0,0,2056,31082107,2018,0.11,1.53,0,0,31.6,33.6,34.8,30.4,27.9,30.7,102.9,99.5,29.2,29.5,281.2,360957,1065,0,0,0,0,0,0,0,60,-0.82,12164026,71726,0,3404.94,0,1200,400,720,240,4200,7500,8500,102,1.5,6000,0,0,0,0,0,30,0,30,35,52.8,0,0
2026-08-03T00:13:00.246000+09:00,2026-08-02T15:13:00.246000+00:00,094623,-1.5,2,0,0,0,0,13354,0,13354,0,0,0,0,4623,-24512,10330,0,256,0,161,0,0,0,0,2,0,0,0,2056,31082107,2018,0.11,1.53,0,0,31.5,33.5,34.8,30.4,27.9,30.7,101.7,99.5,29.2,29.5,280.6,360957,1065,0,0,0,0,0,0,0,60,-0.82,12164026,71726,0,3404.94,0,1200,400,720,240,4200,7500,8500,102,1.5,6000,0,0,0,0,0,30,0,30,35,52.7,0,0
2026-08-03T00:14:00.344000+09:00,2026-08-02T15:14:00.344000+00:00,094623,0.0,2,0,0,0,0,13354,0,13354,0,0,0,0,4623,-24512,10330,0,256,0,161,0,0,0,0,2,0,0,0,2056,31082107,2018,0.11,0,0,0,31.5,33.5,34.8,30.4,27.9,30.7,101.5,99.3,29.1,29.4,280,360957,1065,0,0,0,0,0,0,0,60,-0.82,12164026,71726,0,3404.94,0,1200,400,720,240,4200,7500,8500,102,1.5,6000,0,0,0,0,0,30,0,30.01,35,52.7,0,0
2026-08-03T00:15:00.467000+09:00,2026-08-02T15:15:00.467000+00:00,094623,-2.8,2,0,0,0,0,13354,0,13354,0,0,0,0,4623,-24512,10330,0,256,0,161,0,0,0,0,2,0,0,0,2056,31082107,2018,0.11,2.75,0,0,31.5,33.5,34.8,30.3,27.9,30.7,101,99.1,29.1,29.4,279.5,360957,1065,0,0,0,0,0,0,0,60,-0.83,12164026,71727,0,3404.94,0,1200,400,720,240,4200,7500,8500,102,1.5,6000,0,0,0,0,0,30,0,30,35,52.6,0,0
2026-08-03T00:16:00.567000+09:00,2026-08-02T15:16:00.567000+00:00,094623,0.0,2,0,0,0,0,13354,0,13354,0,0,0,0,4623,-24512,10330,0,256,0,161,0,0,0,0,2,0,0,0,2056,31082107,2018,0.11,0,0,0,31.5,33.5,34.7,30.3,27.9,30.6,101.4,98.9,29.1,29.4,278.9,360957,1065,0,0,0,0,0,0,0,60,-0.83,12164026,71727,0,3404.94,0,1200,400,720,240,4200,7500,8500,102,1.5,6000,0,0,0,0,0,30,0,30,35,52.6,0,0
2026-08-03T00:17:00.673000+09:00,2026-08-02T15:17:00.673000+00:00,094623,-4.0,2,0,0,0,0,13354,0,13354,0,0,0,0,4623,-24512,10330,0,256,0,161,0,0,0,0,2,0,0,0,2056,31082107,2018,0.11,3.97,0,0,31.5,33.5,34.7,30.3,27.9,30.6,101.6,98.8,29.1,29.4,278.2,360957,1065,0,0,0,0,0,0,0,60,-0.82,12164026,71727,0,3404.94,0,1200,400,720,240,4200,7500,8500,102,1.5,6000,0,0,0,0,0,30,0,30,35,52.5,0,0
2026-08-03T00:18:00.829000+09:00,2026-08-02T15:18:00.829000+00:00,094623,0.0,2,0,0,0,0,13354,0,13354,0,0,0,0,4623,-24512,10330,0,256,0,161,0,0,0,0,2,0,0,0,2056,31082107,2018,0.11,0,0,0,31.4,33.4,34.7,30.3,27.9,30.6,100.6,98.7,29.1,29.4,277.7,360957,1065,0,0,0,0,0,0,0,60,-0.82,12164026,71727,0,3404.94,0,1200,400,720,240,4200,7500,8500,102,1.5,6000,0,0,0,0,0,30,0,30,35,52.5,0,0
2026-08-03T00:19:00.876000+09:00,2026-08-02T15:19:00.876000+00:00,094623,-4.0,2,0,0,0,0,13354,0,13354,0,0,0,0,4623,-24512,10330,0,256,0,161,0,0,0,0,2,0,0,0,2056,31082107,2018,0.11,3.97,0,0,31.4,33.4,34.7,30.2,27.8,30.6,100.7,98.6,29.1,29.4,277.1,360957,1065,0,0,0,0,0,0,0,60,-0.81,12164026,71727,0,3404.94,0,1200,400,720,240,4200,7500,8500,102,1.5,6000,0,0,0,0,0,30,0,30,35,52.4,0,0
2026-08-03T00:20:00.978000+09:00,2026-08-02T15:20:00.978000+00:00,094623,0.0,2,0,0,0,0,13354,0,13354,0,0,0,0,4623,-24512,10330,0,256,0,161,0,0,0,0,2,0,0,0,2056,31082107,2018,0.11,0,0,0,31.4,33.4,34.7,30.2,27.8,30.6,100.6,98.4,29.1,29.4,276.5,360957,1065,0,0,0,0,0,0,0,60,-0.83,12164026,71727,0,3404.94,0,1200,400,720,240,4200,7500,8500,102,1.5,6000,0,0,0,0,0,30,0,30,35,52.4,0,0
2026-08-03T00:21:01.056000+09:00,2026-08-02T15:21:01.056000+00:00,094623,0.0,2,0,0,0,0,13354,0,13354,0,0,0,0,4623,-24512,10330,0,256,0,161,0,0,0,0,2,0,0,0,2056,31082107,2018,0.11,0,0,0,31.4,33.4,34.6,30.2,27.8,30.1,99.6,97.8,28.6,28.9,275.6,360957,1065,0,0,0,0,0,0,0,60,-0.83,12164026,71727,0,3404.94,0,1200,400,720,240,4200,7500,8500,102,1.5,6000,0,0,0,0,0,30,0,30,35,51.9,0,0
2026-08-03T00:22:01.153000+09:00,2026-08-02T15:22:01.153000+00:00,094623,-4.0,2,0,0,0,0,13354,0,13354,0,0,0,0,4623,-24512,10330,0,256,0,161,0,0,0,0,2,0,0,0,2056,31082107,2018,0.11,3.97,0,0,31.4,33.3,34.6,30.2,27.8,30.1,99.7,97.7,28.6,28.9,275,360957,1065,0,0,0,0,0,0,0,60,-0.82,12164026,71727,0,3404.94,0,1200,400,720,240,4200,7500,8500,102,1.5,6000,0,0,0,0,0,30,0,30,35,51.9,0,0
2026-08-03T00:23:01.261000+09:00,2026-08-02T15:23:01.261000+00:00,094623,-1.5,2,0,0,0,0,13354,0,13354,0,0,0,0,4623,-24512,10330,0,256,0,161,0,0,0,0,2,0,0,0,2056,31082107,2018,0.11,1.53,0,0,31.3,33.3,34.6,30.2,27.8,30.1,99.8,97.5,28.6,28.9,274.4,360957,1065,0,0,0,0,0,0,0,60,-0.83,12164026,71728,0,3404.94,0,1200,400,720,240,4200,7500,8500,102,1.5,6000,0,0,0,0,0,30,0,30,35,51.8,0,0
2026-08-03T00:24:01.338000+09:00,2026-08-02T15:24:01.338000+00:00,094623,-2.8,2,0,0,0,0,13354,0,13354,0,0,0,0,4623,-24512,10330,0,256,0,161,0,0,0,0,2,0,0,0,2056,31082107,2018,0.11,2.75,0,0,31.3,33.3,34.5,30.2,27.8,30.1,99,97.4,28.6,28.9,273.9,360957,1065,0,0,0,0,0,0,0,60,-0.83,12164026,71728,0,3404.94,0,1200,400,720,240,4200,7500,8500,102,1.5,6000,0,0,0,0,0,30,0,30,35,51.8,0,0
2026-08-03T00:25:01.430000+09:00,2026-08-02T15:25:01.430000+00:00,094623,0.0,2,0,0,0,0,13354,0,13354,0,0,0,0,4623,-24512,10330,0,256,0,161,0,0,0,0,2,0,0,0,2056,31082107,2018,0.11,0,0,0,31.3,33.3,34.5,30.2,27.8,30.1,98.5,97.2,28.5,28.8,273.3,360957,1065,0,0,0,0,0,0,0,60,-0.82,12164026,71728,0,3404.94,0,1200,400,720,240,4200,7500,8500,102,1.5,6000,0,0,0,0,0,30,0,30,35,51.7,0,0
2026-08-03T00:26:01.531000+09:00,2026-08-02T15:26:01.531000+00:00,094623,-1.5,2,0,0,0,0,13354,0,13354,0,0,0,0,4623,-24512,10330,0,256,0,161,0,0,0,0,2,0,0,0,2056,31082107,2018,0.11,1.53,0,0,31.3,33.3,34.5,30.2,27.8,30.1,98.4,97.1,28.5,28.8,272.7,360957,1065,0,0,0,0,0,0,0,60,-0.82,12164026,71728,0,3404.94,0,1200,400,720,240,4200,7500,8500,102,1.5,6000,0,0,0,0,0,30,0,30,35,51.7,0,0
2026-08-03T00:27:01.642000+09:00,2026-08-02T15:27:01.642000+00:00,094623,-1.5,2,0,0,0,0,13354,0,13354,0,0,0,0,4623,-24512,10330,0,256,0,161,0,0,0,0,2,0,0,0,2056,31082107,2018,0.11,1.53,0,0,31.2,33.2,34.4,30.2,27.8,30,98.4,97,28.5,28.8,272.1,360957,1065,0,0,0,0,0,0,0,60,-0.82,12164026,71728,0,3404.94,0,1200,400,720,240,4200,7500,8500,102,1.5,6000,0,0,0,0,0,30,0,30,35,51.7,0,0
2026-08-03T00:28:01.739000+09:00,2026-08-02T15:28:01.739000+00:00,094623,-4.0,2,0,0,0,0,13354,0,13354,0,0,0,0,4623,-24512,10330,0,256,0,161,0,0,0,0,2,0,0,0,2056,31082107,2018,0.11,3.97,0,0,31.2,33.2,34.4,30.1,27.7,30,97.8,96.9,28.5,28.8,271.6,360957,1065,0,0,0,0,0,0,0,60,-0.83,12164026,71728,0,3404.94,0,1200,400,720,240,4200,7500,8500,102,1.5,6000,0,0,0,0,0,30,0,30,35,51.6,0,0
2026-08-03T00:29:01.852000+09:00,2026-08-02T15:29:01.852000+00:00,094623,-4.0,2,0,0,0,0,13354,0,13354,0,0,0,0,4623,-24512,10330,0,256,0,161,0,0,0,0,2,0,0,0,2056,31082107,2018,0.11,3.97,0,0,31.2,33.2,34.4,30.1,27.7,30,98.3,96.7,28.5,28.8,271,360957,1065,0,0,0,0,0,0,0,60,-0.83,12164026,71728,0,3404.94,0,1200,400,720,240,4200,7500,8500,102,1.5,6000,0,0,0,0,0,30,0,30,35,51.6,0,0
2026-08-03T00:30:01.956000+09:00,2026-08-02T15:30:01.956000+00:00,094623,0.0,2,0,0,0,0,13354,0,13354,0,0,0,0,4623,-24512,10330,0,256,0,161,0,0,0,0,2,0,0,0,2056,31082107,2018,0.11,0,0,0,31.2,33.2,34.4,30.1,27.7,30,97.3,96.6,28.5,28.8,270.5,360957,1065,0,0,0,0,0,0,0,60,-0.82,12164026,71729,0,3404.94,0,1200,400,720,240,4200,7500,8500,102,1.5,6000,0,0,0,0,0,30,0,30,35,51.5,0,0
2026-08-03T00:31:02.052000+09:00,2026-08-02T15:31:02.052000+00:00,094623,-4.0,2,0,0,0,0,13354,0,13354,0,0,0,0,4623,-24512,10330,0,256,0,161,0,0,0,0,2,0,0,0,2056,31082107,2018,0.11,3.97,0,0,31.2,33.2,34.3,30.1,27.7,30,97.1,96.4,28.5,28.8,269.9,360957,1065,0,0,0,0,0,0,0,60,-0.81,12164026,71729,0,3404.94,0,1200,400,720,240,4200,7500,8500,102,1.5,6000,0,0,0,0,0,30,0,30,35,51.5,0,0
2026-08-03T00:32:02.145000+09:00,2026-08-02T15:32:02.145000+00:00,094623,-2.8,2,0,0,0,0,13354,0,13354,0,0,0,0,4623,-24512,10330,0,256,0,161,0,0,0,0,2,0,0,0,2056,31082107,2018,0.11,2.75,0,0,31.1,33.1,34.3,30.1,27.7,30,96.9,96.3,28.4,28.7,269.4,360957,1065,0,0,0,0,0,0,0,60,-0.83,12164026,71729,0,3404.94,0,1200,400,720,240,4200,7500,8500,102,1.5,6000,0,0,0,0,0,30,0,30,35,51.4,0,0
2026-08-03T00:33:02.240000+09:00,2026-08-02T15:33:02.240000+00:00,094623,0.0,2,0,0,0,0,13354,0,13354,0,0,0,0,4623,-24512,10330,0,256,0,161,0,0,0,0,2,0,0,0,2056,31082107,2018,0.11,0,0,0,31.1,33.1,34.3,30,27.7,30,96.8,96.2,28.4,28.7,268.8,360957,1065,0,0,0,0,0,0,0,60,-0.82,12164026,71729,0,3404.94,0,1200,400,720,240,4200,7500,8500,102,1.5,6000,0,0,0,0,0,30,0,30,35,51.4,0,0
2026-08-03T00:34:02.339000+09:00,2026-08-02T15:34:02.339000+00:00,094623,-2.8,2,0,0,0,0,13354,0,13354,0,0,0,0,4623,-24512,10330,0,256,0,161,0,0,0,0,2,0,0,0,2056,31082107,2018,0.11,2.75,0,0,31.1,33.1,34.3,30,27.7,30,96.7,96,28.4,28.7,268.2,360957,1065,0,0,0,0,0,0,0,60,-0.82,12164026,71729,0,3404.94,0,1200,400,720,240,4200,7500,8500,102,1.5,6000,0,0,0,0,0,30,0,30,35,51.4,0,0
2026-08-03T00:35:02.438000+09:00,2026-08-02T15:35:02.438000+00:00,094623,-2.8,2,0,0,0,0,13354,0,13354,0,0,0,0,4623,-24512,10330,0,256,0,161,0,0,0,0,2,0,0,0,2056,31082107,2018,0.11,2.75,0,0,31.1,33.1,34.3,30,27.6,30,96.8,95.9,28.4,28.7,267.7,360957,1065,0,0,0,0,0,0,0,60,-0.81,12164026,71729,0,3404.94,0,1200,400,720,240,4200,7500,8500,102,1.5,6000,0,0,0,0,0,30,0,30,35,51.3,0,0
2026-08-03T00:36:02.521000+09:00,2026-08-02T15:36:02.521000+00:00,094623,0.0,2,0,0,0,0,13354,0,13354,0,0,0,0,4623,-24512,10330,0,256,0,161,0,0,0,0,2,0,0,0,2056,31082107,2018,0.11,0,0,0,31.1,33.1,34.2,29.9,27.6,30,96.7,95.7,28.4,28.7,267.1,360957,1065,0,0,0,0,0,0,0,60,-0.82,12164026,71729,0,3404.94,0,1200,400,720,240,4200,7500,8500,102,1.5,6000,0,0,0,0,0,30,0,30,35,51.3,0,0
2026-08-03T00:37:02.617000+09:00,2026-08-02T15:37:02.617000+00:00,094623,0.0,2,0,0,0,0,13354,0,13354,0,0,0,0,4623,-24512,10330,0,256,0,161,0,0,0,0,2,0,0,0,2056,31082107,2018,0.11,0,0,0,31.1,33.1,34.2,29.9,27.6,29.9,95.6,95.6,28.4,28.7,266.6,360957,1065,0,0,0,0,0,0,0,60,-0.82,12164026,71730,0,3404.94,0,1200,400,720,240,4200,7500,8500,102,1.5,6000,0,0,0,0,0,30,0,30,35,51.2,0,0
2026-08-03T00:38:02.713000+09:00,2026-08-02T15:38:02.713000+00:00,094623,-2.8,2,0,0,0,0,13354,0,13354,0,0,0,0,4623,-24512,10330,0,256,0,161,0,0,0,0,2,0,0,0,2056,31082107,2018,0.11,2.75,0,0,31.1,33,34.2,29.9,27.6,29.9,95.5,95.5,28.4,28.7,266,360957,1065,0,0,0,0,0,0,0,60,-0.82,12164026,71730,0,3404.94,0,1200,400,720,240,4200,7500,8500,102,1.5,6000,0,0,0,0,0,30,0,30,35,51.2,0,0
2026-08-03T00:39:02.813000+09:00,2026-08-02T15:39:02.813000+00:00,094623,-2.8,2,0,0,0,0,13354,0,13354,0,0,0,0,4623,-24512,10330,0,256,0,161,0,0,0,0,2,0,0,0,2056,31082107,2018,0.11,2.75,0,0,31,33,34.1,29.9,27.6,29.9,95.8,95.3,28.3,28.7,265.5,360957,1065,0,0,0,0,0,0,0,60,-0.81,12164026,71730,0,3404.94,0,1200,400,720,240,4200,7500,8500,102,1.5,6000,0,0,0,0,0,30,0,30,35,51.2,0,0
2026-08-03T00:40:02.906000+09:00,2026-08-02T15:40:02.906000+00:00,094623,-1.5,2,0,0,0,0,13354,0,13354,0,0,0,0,4623,-24512,10330,0,256,0,161,0,0,0,0,2,0,0,0,2056,31082107,2018,0.11,1.53,0,0,31,33,34.1,29.9,27.6,29.9,95.8,95.1,28.3,28.6,265,360957,1065,0,0,0,0,0,0,0,60,-0.82,12164026,71730,0,3404.94,0,1200,400,720,240,4200,7500,8500,102,1.5,6000,0,0,0,0,0,30,0,30,35,51.1,0,0
2026-08-03T00:41:03.022000+09:00,2026-08-02T15:41:03.022000+00:00,094623,-2.8,2,0,0,0,0,13354,0,13354,0,0,0,0,4623,-24512,10330,0,256,0,161,0,0,0,0,2,0,0,0,2056,31082107,2018,0.11,2.75,0,0,31,33,34.1,29.9,27.6,29.9,95.3,95,28.3,28.6,264.4,360957,1065,0,0,0,0,0,0,0,60,-0.82,12164026,71730,0,3404.94,0,1200,400,720,240,4200,7500,8500,102,1.5,6000,0,0,0,0,0,30,0,30,35,51.1,0,0
2026-08-03T00:42:03.108000+09:00,2026-08-02T15:42:03.108000+00:00,094623,-2.8,2,0,0,0,0,13354,0,13354,0,0,0,0,4623,-24512,10330,0,256,0,161,0,0,0,0,2,0,0,0,2056,31082107,2018,0.11,2.75,0,0,31,33,34.1,29.9,27.6,29.9,95.4,94.9,28.3,28.6,263.9,360957,1065,0,0,0,0,0,0,0,60,-0.82,12164026,71730,0,3404.94,0,1200,400,720,240,4200,7500,8500,102,1.5,6000,0,0,0,0,0,30,0,30,35,51,0,0
2026-08-03T00:43:03.205000+09:00,2026-08-02T15:43:03.205000+00:00,094623,-1.5,2,0,0,0,0,13354,0,13354,0,0,0,0,4623,-24512,10330,0,256,0,161,0,0,0,0,2,0,0,0,2056,31082107,2018,0.11,1.53,0,0,30.9,32.9,34,29.8,27.6,29.9,94.5,94.7,28.3,28.6,263.3,360957,1065,0,0,0,0,0,0,0,60,-0.82,12164026,71730,0,3404.94,0,1200,400,720,240,4200,7500,8500,102,1.5,6000,0,0,0,0,0,30,0,30,35,51,0,0
2026-08-03T00:44:03.346000+09:00,2026-08-02T15:44:03.346000+00:00,094623,-1.5,2,0,0,0,0,13354,0,13354,0,0,0,0,4623,-24512,10330,0,256,0,161,0,0,0,0,2,0,0,0,2056,31082107,2018,0.11,1.53,0,0,30.9,33,34,29.8,27.6,29.9,94.2,94.6,28.3,28.6,262.8,360957,1065,0,0,0,0,0,0,0,60,-0.81,12164026,71730,0,3404.94,0,1200,400,720,240,4200,7500,8500,102,1.5,6000,0,0,0,0,0,30,0,30,35,50.9,0,0
2026-08-03T00:45:03.468000+09:00,2026-08-02T15:45:03.468000+00:00,094623,-2.8,2,0,0,0,0,13354,0,13354,0,0,0,0,4623,-24512,10330,0,256,0,161,0,0,0,0,2,0,0,0,2056,31082107,2018,0.11,2.75,0,0,30.9,33,34,29.8,27.6,29.8,94.1,94.5,28.3,28.6,262.2,360957,1065,0,0,0,0,0,0,0,60,-0.8,12164026,71731,0,3404.94,0,1200,400,720,240,4200,7500,8500,102,1.5,6000,0,0,0,0,0,30,0,30,35,50.9,0,0
2026-08-03T00:46:03.503000+09:00,2026-08-02T15:46:03.503000+00:00,094623,-2.8,2,0,0,0,0,13354,0,13354,0,0,0,0,4623,-24512,10330,0,256,0,161,0,0,0,0,2,0,0,0,2056,31082107,2018,0.11,2.75,0,0,30.9,32.9,34,29.8,27.5,29.8,94.1,94.4,28.3,28.6,261.7,360957,1065,0,0,0,0,0,0,0,60,-0.8,12164026,71731,0,3404.94,0,1200,400,720,240,4200,7500,8500,102,1.5,6000,0,0,0,0,0,30,0,30,35,50.9,0,0
2026-08-03T00:47:03.593000+09:00,2026-08-02T15:47:03.593000+00:00,094623,-2.8,2,0,0,0,0,13354,0,13354,0,0,0,0,4623,-24512,10330,0,256,0,161,0,0,0,0,2,0,0,0,2056,31082107,2018,0.11,2.75,0,0,30.9,32.9,34,29.8,27.5,29.8,93.8,94.3,28.2,28.5,261.2,360957,1065,0,0,0,0,0,0,0,60,-0.79,12164026,71731,0,3404.94,0,1200,400,720,240,4200,7500,8500,102,1.5,6000,0,0,0,0,0,30,0,30,35,50.8,0,0
2026-08-03T00:48:03.692000+09:00,2026-08-02T15:48:03.692000+00:00,094623,-2.8,2,0,0,0,0,13354,0,13354,0,0,0,0,4623,-24512,10330,0,256,0,161,0,0,0,0,2,0,0,0,2056,31082107,2018,0.11,2.75,0,0,30.8,32.9,33.9,29.8,27.5,29.8,93.6,94.1,28.2,28.5,260.7,360957,1065,0,0,0,0,0,0,0,60,-0.77,12164026,71731,0,3404.94,0,1200,400,720,240,4200,7500,8500,102,1.5,6000,0,0,0,0,0,30,0,30,35,50.8,0,0
2026-08-03T00:49:03.776000+09:00,2026-08-02T15:49:03.776000+00:00,094623,-1.5,2,0,0,0,0,13354,0,13354,0,0,0,0,4623,-24512,10330,0,256,0,161,0,0,0,0,2,0,0,0,2056,31082107,2018,0.11,1.53,0,0,30.8,32.9,33.9,29.8,27.5,29.8,93.8,94,28.2,28.5,260.1,360957,1065,0,0,0,0,0,0,0,60,-0.79,12164026,71731,0,3404.94,0,1200,400,720,240,4200,7500,8500,102,1.5,6000,0,0,0,0,0,30,0,30,35,50.7,0,0
2026-08-03T00:50:03.869000+09:00,2026-08-02T15:50:03.869000+00:00,094623,0.0,2,0,0,0,0,13354,0,13354,0,0,0,0,4623,-24512,10330,0,256,0,161,0,0,0,0,2,0,0,0,2056,31082107,2018,0.11,0,0,0,30.8,32.9,33.9,29.8,27.5,29.8,93.6,93.9,28.2,28.5,259.6,360957,1065,0,0,0,0,0,0,0,60,-0.8,12164026,71731,0,3404.94,0,1200,400,720,240,4200,7500,8500,102,1.5,6000,0,0,0,0,0,30,0,30,35,50.7,0,0
2026-08-03T00:51:03.978000+09:00,2026-08-02T15:51:03.978000+00:00,094623,-5.2,2,0,0,0,0,13354,0,13354,0,0,0,0,4623,-24512,10330,0,256,0,161,0,0,0,0,2,0,0,0,2056,31082107,2018,0.11,5.19,0,0,30.8,32.9,33.9,29.7,27.5,29.8,93.9,93.7,28.2,28.5,259.1,360957,1065,0,0,0,0,0,0,0,60,-0.8,12164026,71731,0,3404.94,0,1200,400,720,240,4200,7500,8500,102,1.5,6000,0,0,0,0,0,30,0,30,35,50.7,0,0
2026-08-03T00:52:04.070000+09:00,2026-08-02T15:52:04.070000+00:00,094623,-5.2,2,0,0,0,0,13354,0,13354,0,0,0,0,4623,-24512,10330,0,256,0,161,0,0,0,0,2,0,0,0,2056,31082107,2018,0.11,5.19,0,0,30.8,32.8,33.8,29.7,27.5,29.7,93.4,93.6,28.2,28.5,258.5,360957,1065,0,0,0,0,0,0,0,60,-0.8,12164026,71732,0,3404.94,0,1200,400,720,240,4200,7500,8500,102,1.5,6000,0,0,0,0,0,30,0,30,35,50.6,0,0
2026-08-03T00:53:04.168000+09:00,2026-08-02T15:53:04.168000+00:00,094623,0.0,2,0,0,0,0,13354,0,13354,0,0,0,0,4623,-24512,10330,0,256,0,161,0,0,0,0,2,0,0,0,2056,31082107,2018,0.11,0,0,0,30.8,32.8,33.8,29.7,27.5,29.7,93.2,93.4,28.2,28.5,258,360957,1065,0,0,0,0,0,0,0,60,-0.79,12164026,71732,0,3404.94,0,1200,400,720,240,4200,7500,8500,102,1.5,6000,0,0,0,0,0,30,0,30,35,50.6,0,0
2026-08-03T00:54:04.274000+09:00,2026-08-02T15:54:04.274000+00:00,094623,-2.8,2,0,0,0,0,13354,0,13354,0,0,0,0,4623,-24512,10330,0,256,0,161,0,0,0,0,2,0,0,0,2056,31082107,2018,0.11,2.75,0,0,30.7,32.8,33.8,29.7,27.5,29.7,93.2,93.4,28.2,28.5,257.4,360957,1065,0,0,0,0,0,0,0,60,-0.78,12164026,71732,0,3404.94,0,1200,400,720,240,4200,7500,8500,102,1.5,6000,0,0,0,0,0,30,0,30,35,50.5,0,0
2026-08-03T00:55:04.368000+09:00,2026-08-02T15:55:04.368000+00:00,094623,-4.0,2,0,0,0,0,13354,0,13354,0,0,0,0,4623,-24512,10330,0,256,0,161,0,0,0,0,2,0,0,0,2056,31082107,2018,0.11,3.97,0,0,30.7,32.8,33.7,29.6,27.5,29.7,92.5,93.2,28.2,28.5,256.9,360957,1065,0,0,0,0,0,0,0,60,-0.79,12164026,71732,0,3404.94,0,1200,400,720,240,4200,7500,8500,102,1.5,6000,0,0,0,0,0,30,0,30,35,50.5,0,0
2026-08-03T00:56:04.471000+09:00,2026-08-02T15:56:04.471000+00:00,094623,0.0,2,0,0,0,0,13354,0,13354,0,0,0,0,4623,-24512,10330,0,256,0,161,0,0,0,0,2,0,0,0,2056,31082107,2018,0.11,0,0,0,30.7,32.8,33.7,29.7,27.4,29.7,92.6,93.1,28.2,28.5,256.4,360957,1065,0,0,0,0,0,0,0,60,-0.78,12164026,71732,0,3404.94,0,1200,400,720,240,4200,7500,8500,102,1.5,6000,0,0,0,0,0,30,0,30,35,50.4,0,0
2026-08-03T00:57:04.573000+09:00,2026-08-02T15:57:04.573000+00:00,094623,-2.8,2,0,0,0,0,13354,0,13354,0,0,0,0,4623,-24512,10330,0,256,0,161,0,0,0,0,2,0,0,0,2056,31082107,2018,0.11,2.75,0,0,30.7,32.7,33.7,29.6,27.4,29.7,92.4,93,28.1,28.4,255.9,360957,1065,0,0,0,0,0,0,0,60,-0.78,12164026,71732,0,3404.94,0,1200,400,720,240,4200,7500,8500,102,1.5,6000,0,0,0,0,0,30,0,30,35,50.4,0,0
2026-08-03T00:58:04.670000+09:00,2026-08-02T15:58:04.670000+00:00,094623,-4.0,2,0,0,0,0,13354,0,13354,0,0,0,0,4623,-24512,10330,0,256,0,161,0,0,0,0,2,0,0,0,2056,31082107,2018,0.11,3.97,0,0,30.7,32.7,33.7,29.6,27.4,29.7,92.2,92.8,28.1,28.4,255.3,360957,1065,0,0,0,0,0,0,0,60,-0.77,12164026,71732,0,3404.94,0,1200,400,720,240,4200,7500,8500,102,1.5,6000,0,0,0,0,0,30,0,30,35,50.3,0,0
2026-08-03T00:59:04.776000+09:00,2026-08-02T15:59:04.776000+00:00,094623,-1.5,2,0,0,0,0,13354,0,13354,0,0,0,0,4623,-24512,10330,0,256,0,161,0,0,0,0,2,0,0,0,2056,31082107,2018,0.11,1.53,0,0,30.6,32.7,33.7,29.6,27.4,29.7,91.8,92.7,28.1,28.4,254.8,360957,1065,0,0,0,0,0,0,0,60,-0.77,12164026,71732,0,3404.94,0,1200,400,720,240,4200,7500,8500,102,1.5,6000,0,0,0,0,0,30,0,30,35,50.3,0,0
2026-08-03T01:00:04.864000+09:00,2026-08-02T16:00:04.864000+00:00,094623,0.0,2,0,0,0,0,13354,0,13354,0,0,0,0,4623,-24512,10330,0,256,0,161,0,0,0,0,2,0,0,0,2056,31082107,2018,0.11,0,0,0,30.6,32.6,33.6,29.6,27.4,29.6,91.6,92.5,28.1,28.4,254.3,360957,1065,0,0,0,0,0,0,0,60,-0.77,12164026,71733,0,3404.94,0,1200,400,720,240,4200,7500,8500,102,1.5,6000,0,0,0,0,0,30,0,30,35,50.2,0,0
2026-08-03T01:01:04.959000+09:00,2026-08-02T16:01:04.959000+00:00,094623,0.0,2,0,0,0,0,13354,0,13354,0,0,0,0,4623,-24512,10330,0,256,0,161,0,0,0,0,2,0,0,0,2056,31082107,2018,0.11,0,0,0,30.6,32.6,33.6,29.6,27.4,29.6,91,92.5,28.1,28.4,253.8,360957,1065,0,0,0,0,0,0,0,60,-0.74,12164026,71733,0,3404.94,0,1200,400,720,240,4200,7500,8500,102,1.5,6000,0,0,0,0,0,30,0,30,35,50.2,0,0
2026-08-03T01:02:05.056000+09:00,2026-08-02T16:02:05.056000+00:00,094623,-2.8,2,0,0,0,0,13354,0,13354,0,0,0,0,4623,-24512,10330,0,256,0,161,0,0,0,0,2,0,0,0,2056,31082107,2018,0.11,2.75,0,0,30.6,32.6,33.6,29.6,27.4,29.6,91.4,92.4,28.1,28.4,253.3,360957,1065,0,0,0,0,0,0,0,60,-0.75,12164026,71733,0,3404.94,0,1200,400,720,240,4200,7500,8500,102,1.5,6000,0,0,0,0,0,30,0,30,35,50.2,0,0
2026-08-03T01:03:05.143000+09:00,2026-08-02T16:03:05.143000+00:00,094623,-2.8,2,0,0,0,0,13354,0,13354,0,0,0,0,4623,-24512,10330,0,256,0,161,0,0,0,0,2,0,0,0,2056,31082107,2018,0.11,2.75,0,0,30.6,32.6,33.6,29.5,27.3,29.6,91.9,92.3,28.1,28.4,252.7,360957,1065,0,0,0,0,0,0,0,60,-0.75,12164026,71733,0,3404.94,0,1200,400,720,240,4200,7500,8500,102,1.5,6000,0,0,0,0,0,30,0,30,35,50.1,0,0
2026-08-03T01:04:05.236000+09:00,2026-08-02T16:04:05.236000+00:00,094623,-4.0,2,0,0,0,0,13354,0,13354,0,0,0,0,4623,-24512,10330,0,256,0,161,0,0,0,0,2,0,0,0,2056,31082107,2018,0.11,3.97,0,0,30.6,32.6,33.6,29.5,27.3,29.6,90.8,92.1,28,28.3,252.2,360957,1065,0,0,0,0,0,0,0,60,-0.75,12164026,71733,0,3404.94,0,1200,400,720,240,4200,7500,8500,102,1.5,6000,0,0,0,0,0,30,0,30,35,50.1,0,0
2026-08-03T01:05:05.326000+09:00,2026-08-02T16:05:05.326000+00:00,094623,-4.0,2,0,0,0,0,13354,0,13354,0,0,0,0,4623,-24512,10330,0,256,0,161,0,0,0,0,2,0,0,0,2056,31082107,2018,0.11,3.97,0,0,30.5,32.6,33.5,29.5,27.3,29.6,90.3,92,28,28.3,251.7,360957,1065,0,0,0,0,0,0,0,60,-0.74,12164026,71733,0,3404.94,0,1200,400,720,240,4200,7500,8500,102,1.5,6000,0,0,0,0,0,30,0,30,35,50,0,0
2026-08-03T01:06:05.423000+09:00,2026-08-02T16:06:05.423000+00:00,094623,-6.4,2,0,0,0,0,13354,0,13354,0,0,0,0,4623,-24512,10330,0,256,0,161,0,0,0,0,2,0,0,0,2056,31082107,2018,0.11,6.41,0,0,30.5,32.5,33.5,29.5,27.3,29.6,91.1,91.9,28,28.3,251.2,360957,1065,0,0,0,0,0,0,0,60,-0.74,12164026,71733,0,3404.94,0,1200,400,720,240,4200,7500,8500,102,1.5,6000,0,0,0,0,0,30,0,30,35,50,0,0
2026-08-03T01:07:05.518000+09:00,2026-08-02T16:07:05.518000+00:00,094623,-2.8,2,0,0,0,0,13354,0,13354,0,0,0,0,4623,-24512,10330,0,256,0,161,0,0,0,0,2,0,0,0,2056,31082107,2018,0.11,2.75,0,0,30.5,32.5,33.5,29.5,27.3,29.6,91.2,91.7,28,28.3,250.7,360957,1065,0,0,0,0,0,0,0,60,-0.73,12164026,71733,0,3404.94,0,1200,400,720,240,4200,7500,8500,102,1.5,6000,0,0,0,0,0,30,0,30,35,50,0,0
2026-08-03T01:08:05.619000+09:00,2026-08-02T16:08:05.619000+00:00,094623,-2.8,2,0,0,0,0,13354,0,13354,0,0,0,0,4623,-24512,10330,0,256,0,161,0,0,0,0,2,0,0,0,2056,31082107,2018,0.11,2.75,0,0,30.5,32.6,33.4,29.4,27.3,29.5,90.4,91.5,28,28.3,250.2,360957,1065,0,0,0,0,0,0,0,60,-0.73,12164026,71734,0,3404.94,0,1200,400,720,240,4200,7500,8500,102,1.5,6000,0,0,0,0,0,30,0,30,35,49.9,0,0
2026-08-03T01:09:05.723000+09:00,2026-08-02T16:09:05.723000+00:00,094623,-2.8,2,0,0,0,0,13354,0,13354,0,0,0,0,4623,-24512,10330,0,256,0,161,0,0,0,0,2,0,0,0,2056,31082107,2018,0.11,2.75,0,0,30.5,32.6,33.4,29.4,27.3,29.5,89.7,91.4,28,28.3,249.7,360957,1065,0,0,0,0,0,0,0,60,-0.7,12164026,71734,0,3404.94,0,1200,400,720,240,4200,7500,8500,102,1.5,6000,0,0,0,0,0,30,0,30,35,49.9,0,0
2026-08-03T01:10:05.828000+09:00,2026-08-02T16:10:05.828000+00:00,094623,-1.5,2,0,0,0,0,13354,0,13354,0,0,0,0,4623,-24512,10330,0,256,0,161,0,0,0,0,2,0,0,0,2056,31082107,2018,0.11,1.53,0,0,30.4,32.5,33.4,29.4,27.2,29.5,89.9,91.2,28,28.3,249.2,360957,1065,0,0,0,0,0,0,0,60,-0.72,12164026,71734,0,3404.94,0,1200,400,720,240,4200,7500,8500,102,1.5,6000,0,0,0,0,0,30,0,30,35,49.8,0,0
