timestamp_jst,timestamp_utc,deviceId,diff_pressure_Pa,unit_status1,1101,1102,1103,1104,1105,1106,1107,1108,1109,1110,1111,1112,1113,1114,1115,1116,1117,1118,1119,1150,1151,1152,1153,1154,1155,1156,1157,serial_number,1202,circulation_pressure_bar,gas_pressure_before_filter_Pa,gas_pressure_before_engine_Pa,1210,1212,1214,1216,1218,1220,1222,gasifier_top_temp_C,gas_temp_after_gasifier_C,gas_temp_before_filter_primary_C,gas_temp_before_filter_secondary_C,gasifier_throat_temp_C,1234,1236,1238,cooling_circ_temp_in_engine_C,engine,oil_pressure_bar,1246,1248,1250,1252,power_kW_IEM3255,produced_energy_EM1_Wh,1258,1260,1262,1264,throat_temp_high_limit_C,gasifier_top_temp_high_limit_C,gas_temp_after_gasifier_high_limit_C,gas_temp_before_filter_high_limit_C,filter_dp_high_limit_Pa,gas_pressure_before_filter_high_limit_Pa,gas_pressure_before_engine_high_limit_Pa,cooling_circ_temp_high_limit_C,oil_pressure_low_limit_bar,1284,1286,1288,1290,1292,1294,1296,1298,1300,1302,1304,1306,1308
2026-10-01T09:00:15.623000+09:00,2026-10-01T00:00:15.623000+00:00,094623,1891.2,1,0,0,0,0,13579,433,13579,0,0,0,0,4651,-28608,10326,6,4992,0,129,0,1,0,0,2,0,0,0,0,31082107,2018,0.32,832.85,2724.08,0,50.5,98.4,67.6,27.1,62.8,535.6,56.4,619.4,154.4,154.3,1024.9,371377,3784,12.47,89.5,1370,2.37,1.45,28.4,38.8,75,12.57,12359034,73369,65.93,3476.83,0,1200,400,720,240,4200,7500,8500,102,1.5,6000,0,0,0,0,0,57.79,30,58.24,50.41,59,0,0
2026-10-01T09:01:15.734000+09:00,2026-10-01T00:01:15.734000+00:00,094623,1565.3,1,0,0,0,0,13579,459,13579,0,0,0,0,4651,-28608,10326,6,4992,0,129,0,1,0,0,2,0,0,0,0,31082107,2018,0.32,655.84,2221.14,0,50.2,97.3,69.1,27.1,62.3,534,58.3,616.5,145.1,144.7,1022.8,371377,3784,12.65,93.6,1280,2.49,2.05,27.3,40.5,75,11.89,12359036,73369,64.77,3476.83,0,1200,400,720,240,4200,7500,8500,102,1.5,6000,0,0,0,0,0,63.2,30,54.58,65.11,59,0,0
2026-10-01T09:02:15.827000+09:00,2026-10-01T00:02:15.827000+00:00,094623,1929.4,1,0,0,0,0,13579,492,13579,0,0,0,0,4651,-28608,12374,6,4480,0,129,0,1,0,0,2,0,0,0,0,31082107,2018,0.23,1044.04,2973.42,0,50.3,99.3,69.1,27.1,61.8,525.1,60.9,618.4,145.4,145.1,1020.1,371378,3785,12.64,89.3,1490,2.7,1.2,30.2,43.2,75,23.54,12359038,73369,82.95,3476.84,0,1200,400,720,240,4200,7500,8500,102,1.5,6000,0,0,0,0,0,73.63,30,68.78,65.6,58.9,0,0
2026-10-01T09:03:15.916000+09:00,2026-10-01T00:03:15.916000+00:00,094623,2125.9,1,0,0,0,0,13579,496,13579,0,0,0,0,4651,-28608,10326,6,4480,0,129,0,1,0,0,2,0,0,0,0,31082107,2018,0.22,976.9,3102.82,0,50.5,96.6,67.7,27.1,62.1,535.6,58.5,625.9,155.3,155.3,1037.3,371378,3785,12.85,86.9,1500,2.67,1.14,32.3,45.7,75,31.49,12359044,73369,81.3,3476.84,0,1200,400,720,240,4200,7500,8500,102,1.5,6000,0,0,0,0,0,73.91,30,66.47,58.69,59,0,0
2026-10-01T09:04:16.006000+09:00,2026-10-01T00:04:16.006000+00:00,094623,2455.5,1,0,0,0,0,13579,494,13579,0,0,0,0,4655,-28608,10326,590,4480,8192,129,0,1,0,0,2,0,0,0,0,31082107,2018,0.36,1311.38,3766.9,0,50.4,99,66.4,27.1,62.4,533.5,58.1,627.6,160.4,160.6,1028.3,371378,3785,12.51,89.4,1490,2.67,1.16,33.9,42.9,75,31.02,12359049,73369,74.08,3476.84,0,1200,400,720,240,4200,7500,8500,102,1.5,6000,0,0,0,0,0,68.44,30,71.84,63.2,59,0,0
2026-10-01T09:05:16.099000+09:00,2026-10-01T00:05:16.099000+00:00,094623,1590.9,1,0,0,0,0,13579,502,13579,0,0,0,0,4651,-28608,10326,6,4992,0,129,0,1,0,0,2,0,0,0,0,31082107,2018,0.35,663.17,2254.1,0,50.5,97.2,67.3,27.1,62.8,537.5,59.4,628.3,158.9,158.6,1036.2,371378,3785,12.65,90.8,1510,2.76,1.1,24.5,37.3,75,16.19,12359053,73369,84.13,3476.84,0,1200,400,720,240,4200,7500,8500,102,1.5,6000,0,0,0,0,0,59.42,30,57.84,58.43,59,0,0
2026-10-01T09:06:16.195000+09:00,2026-10-01T00:06:16.195000+00:00,094623,1231.7,1,0,0,0,0,13579,498,13579,0,0,0,0,4651,-28608,10326,6,4992,0,129,0,1,0,0,2,0,0,0,0,31082107,2018,0.31,185.86,1417.58,0,50.2,98.9,69.4,27.1,62.5,536.3,59.2,617.7,145.9,145.3,1014.6,371378,3785,12.65,92.9,1430,2.74,0.76,23.9,42.3,75,11.83,12359055,73369,63.38,3476.84,0,1200,400,720,240,4200,7500,8500,102,1.5,6000,0,0,0,0,0,64.14,30,60.42,64.77,59,0,0
2026-10-01T09:07:16.277000+09:00,2026-10-01T00:07:16.277000+00:00,094623,1416.4,1,0,0,0,0,13579,494,13579,0,0,0,0,4651,-28608,18518,6,4480,528,129,0,1,0,0,2,0,0,0,0,31082107,2018,0.23,637.53,2053.9,0,50.2,97.6,69,27.1,61.8,530.5,63.8,613.5,141.4,140.8,1000.1,371378,3785,12.73,89.5,1490,2.71,1.19,26.2,43.7,75,16.61,12359058,73369,70.64,3476.84,0,1200,400,720,240,4200,7500,8500,102,1.5,6000,0,0,0,0,0,68.75,30,60.45,60.68,59,0,0
2026-10-01T09:08:16.344000+09:00,2026-10-01T00:08:16.344000+00:00,094623,2324.9,1,0,0,0,0,13579,496,13579,0,0,0,0,4655,-28608,10326,6,4480,0,129,0,1,0,0,2,0,0,0,0,31082107,2018,0.27,1232.03,3556.93,0,50.2,98.8,67.6,27.1,61.7,530,60.5,622.6,153.6,153.5,1005.2,371379,3786,12.8,88.8,1500,2.68,1.16,33.5,44,75,31.41,12359062,73369,76.43,3476.84,0,1200,400,720,240,4200,7500,8500,102,1.5,6000,0,0,0,0,0,73.24,30,72.6,65.3,58.9,0,0
2026-10-01T09:09:16.456000+09:00,2026-10-01T00:09:16.456000+00:00,094623,1932.7,1,0,0,0,0,13579,501,13579,0,0,0,0,4655,-26560,10326,6,4993,0,129,0,1,0,0,2,0,0,0,0,31082107,2018,0.29,890.22,2822.96,0,50.3,97.6,67.1,27.1,62.5,532.1,58.5,628.5,159.3,159,1036.7,371379,3786,12.41,89,1510,2.75,1.09,26.7,37,75,20.72,12359067,73369,82.14,3476.84,0,1200,400,720,240,4200,7500,8500,102,1.5,6000,0,0,0,0,0,63.48,30,62.09,56.89,59,0,0
2026-10-01T09:10:16.523000+09:00,2026-10-01T00:10:16.523000+00:00,094623,1365.1,1,0,0,0,0,13579,519,13579,0,0,0,0,4655,-26560,12374,6,4992,8,129,0,1,0,0,0,0,0,0,0,31082107,2018,0.41,735.19,2100.28,0,50.1,98.3,68.6,27.1,62.4,528.2,60.7,618,146.4,145.9,1015.8,371379,3786,12.77,90.9,1560,2.9,1.03,22.8,34.5,75,18.07,12359069,73369,56.59,3476.85,0,1200,400,720,240,4200,7500,8500,102,1.5,6000,0,0,0,0,0,64.48,30,60.26,58.73,59,0,0
2026-10-01T09:11:16.629000+09:00,2026-10-01T00:11:16.629000+00:00,094623,1285.8,1,0,0,0,0,13579,493,13579,0,0,0,0,4655,-26560,10326,6,4481,0,129,0,1,0,0,0,0,0,0,0,31082107,2018,0.22,538.65,1824.4,0,50,97.2,68.8,27.2,61.9,531.5,63.4,615.7,142.2,141.8,1030.5,371379,3786,12.74,93.5,1490,2.73,1.17,24.2,41.3,75,13.26,12359072,73369,72.8,3476.85,0,1200,400,720,240,4200,7500,8500,102,1.5,6000,0,0,0,0,0,66,30,56.84,69.89,59,0,0
2026-10-01T09:12:16.726000+09:00,2026-10-01T00:12:16.726000+00:00,094623,2340.8,1,0,0,0,0,13579,497,13579,0,0,0,0,4651,-28608,18518,6,4480,528,129,0,1,0,0,2,0,0,0,0,31082107,2018,0.21,1218.6,3559.37,0,50.4,99,68,27.2,61.7,526.3,58.6,625.6,152.7,152.6,1039.1,371379,3786,12.47,87.7,1510,2.7,1.14,33.2,43.3,75,30.87,12359076,73369,82.1,3476.85,0,1200,400,720,240,4200,7500,8500,102,1.5,6000,0,0,0,0,0,75.23,30,73.97,63.19,58.9,0,0
2026-10-01T09:13:16.878000+09:00,2026-10-01T00:13:16.878000+00:00,094623,2626.4,1,0,0,0,0,13579,495,13579,0,0,0,0,4651,-28608,10390,518,20864,0,129,0,1,0,0,2,0,0,0,0,31082107,2018,0.31,1368.75,3995.18,0,50.5,96.7,66.7,27.3,62.3,529.3,56.6,629.1,159.3,159.1,1046.5,371379,3786,12.91,87.9,1500,2.68,1.16,34.7,42,75,30.89,12359081,73369,74.09,3476.85,0,1200,400,720,240,4200,7500,8500,102,1.5,6000,0,0,0,0,0,70.4,30,65.46,59.88,59,0,0
2026-10-01T09:14:16.955000+09:00,2026-10-01T00:14:16.955000+00:00,094623,1603.1,1,0,0,0,0,13579,523,13579,0,0,0,0,4651,-26560,10326,6,4992,0,129,0,1,0,0,0,0,0,0,0,31082107,2018,0.4,846.28,2449.42,0,50.4,97.9,67.5,27.3,62.7,528.3,57.3,623,151.7,151.4,1041.1,371380,3787,12.74,90.8,1570,2.9,1.02,24.4,34.7,75,19.83,12359085,73369,68.24,3476.85,0,1200,400,720,240,4200,7500,8500,102,1.5,6000,0,0,0,0,0,62.49,30,60.77,58.77,59,0,0
2026-10-01T09:15:17.050000+09:00,2026-10-01T00:15:17.050000+00:00,094623,1437.1,1,0,0,0,0,13579,524,13579,0,0,0,0,4651,-28608,12390,6,13220,72,129,0,1,0,0,0,0,0,0,0,31082107,2018,0.31,791.34,2228.46,0,50,99,69.1,27.4,62.1,530.8,57.7,613.3,141.7,141.1,1005,371380,3787,12.9,93.1,1580,2.89,1.07,24.6,37.7,75,15.17,12359087,73369,63.98,3476.85,0,1200,400,720,240,4200,7500,8500,102,1.5,6000,0,0,0,0,0,68.7,30,64.57,68.9,59,0,0
2026-10-01T09:16:17.214000+09:00,2026-10-01T00:16:17.214000+00:00,094623,1909.8,1,0,0,0,0,13579,494,13579,0,0,0,0,4655,-26560,10326,6,4480,0,129,0,1,0,0,2,0,0,0,0,31082107,2018,0.21,1009.86,2919.71,0,50.1,96.6,68.7,27.5,61.5,526,60.5,613.5,141.8,141.2,1025.7,371380,3787,12.67,88.7,1490,2.68,1.19,30.6,44.8,75,25.19,12359089,73369,80.84,3476.85,0,1200,400,720,240,4200,7500,8500,102,1.5,6000,0,0,0,0,0,73.82,30,61.98,63.84,59,0,0
2026-10-01T09:17:17.237000+09:00,2026-10-01T00:17:17.237000+00:00,094623,2373.7,1,0,0,0,0,13579,495,13579,0,0,0,0,4651,-28608,18518,6,4480,528,129,0,1,0,0,2,0,0,0,0,31082107,2018,0.24,1244.24,3617.97,0,50.2,99.2,67.2,27.4,61.8,530.9,57.9,624.2,156,156,1000.9,371380,3787,12.88,87.2,1490,2.68,1.16,33.5,43.4,75,31.36,12359094,73369,79.73,3476.85,0,1200,400,720,240,4200,7500,8500,102,1.5,6000,0,0,0,0,0,72.06,30,73.84,58.96,59,0,0
2026-10-01T09:18:17.338000+09:00,2026-10-01T00:18:17.338000+00:00,094623,2019.7,1,0,0,0,0,13579,500,13579,0,0,0,0,4651,-26560,10326,6,4993,0,129,0,1,0,0,2,0,0,0,0,31082107,2018,0.35,959.81,2979.52,0,50.4,96.7,66.7,27.3,62.5,532.7,57.2,627.6,156.1,155.7,1027.8,371380,3787,12.33,89.6,1510,2.73,1.09,27.4,37.4,75,22.83,12359099,73369,75.06,3476.86,0,1200,400,720,240,4200,7500,8500,102,1.5,6000,0,0,0,0,0,62.84,30,59.11,57.23,59,0,0
2026-10-01T09:19:17.432000+09:00,2026-10-01T00:19:17.432000+00:00,094623,1678.8,1,0,0,0,0,13579,483,13579,0,0,0,0,4655,-28608,10326,6,4992,0,129,0,1,0,0,0,0,0,0,0,31082107,2018,0.39,832.85,2511.67,0,50.2,98.3,68.7,27.3,62.4,535.3,61.9,615.5,143.6,143,1004.9,371380,3787,12.52,92,1530,2.61,1.22,26.9,39.2,75,10.27,12359102,73369,64.32,3476.86,0,1200,400,720,240,4200,7500,8500,102,1.5,6000,0,0,0,0,0,62.17,30,58.08,59.7,58.9,0,0
2026-10-01T09:20:17.507000+09:00,2026-10-01T00:20:17.507000+00:00,094623,1106.3,1,0,0,0,0,13579,495,13579,0,0,0,0,4651,-28608,12374,6,4512,72,129,0,1,0,0,2,0,0,0,0,31082107,2018,0.22,464.19,1570.48,0,50.2,98.6,69,27.4,61.8,535.1,61.4,610,138,137.3,1008.2,371381,3788,12.65,90.3,1490,2.76,1.14,22.7,41.3,75,11.81,12359104,73369,78.76,3476.86,0,1200,400,720,240,4200,7500,8500,102,1.5,6000,0,0,0,0,0,65.16,30,59.15,59.57,59,0,0
2026-10-01T09:21:17.622000+09:00,2026-10-01T00:21:17.622000+00:00,094623,2462.8,1,0,0,0,0,13579,494,13579,0,0,0,0,4655,-28608,10326,6,4480,0,129,0,1,0,0,2,0,0,0,0,31082107,2018,0.26,1360.21,3823.05,0,50.1,98,67.8,27.5,61.4,524.6,60.6,617.1,148.5,148.1,1036.2,371381,3788,12.92,88.8,1490,2.68,1.16,34,42.4,75,31.13,12359108,73369,73.43,3476.86,0,1200,400,720,240,4200,7500,8500,102,1.5,6000,0,0,0,0,0,73.66,30,69.75,65.23,59,0,0
2026-10-01T09:22:17.716000+09:00,2026-10-01T00:22:17.716000+00:00,094623,2499.2,1,0,0,0,0,13579,500,13579,0,0,0,0,4655,-28608,18518,6,4992,528,129,0,1,0,0,2,0,0,0,0,31082107,2018,0.28,1461.84,3961,0,50.3,98.7,67.1,27.6,62.1,527.3,58.4,626,157.1,156.7,1069.2,371381,3788,12.8,89.2,1510,2.72,1.15,32,39.6,75,28.96,12359113,73369,81.28,3476.86,0,1200,400,720,240,4200,7500,8500,102,1.5,6000,0,0,0,0,0,68.72,30,70.67,62.89,59,0,0
2026-10-01T09:23:17.817000+09:00,2026-10-01T00:23:17.817000+00:00,094623,1756.9,1,0,0,0,0,13579,477,13579,0,0,0,0,4655,-28608,10326,6,4992,0,129,0,1,0,0,2,0,0,0,0,31082107,2018,0.29,913.42,2670.37,0,50.1,97.5,68.2,27.6,62.4,532.9,58.4,621,146.9,146.4,1026.8,371381,3788,12.75,89.6,1570,2.69,1.17,26.6,37.6,75,11.36,12359116,73369,68.59,3476.86,0,1200,400,720,240,4200,7500,8500,102,1.5,6000,0,0,0,0,0,60.98,30,56.68,52.92,59,0,0
2026-10-01T09:24:17.927000+09:00,2026-10-01T00:24:17.927000+00:00,094623,1728.9,1,0,0,0,0,13579,434,13579,0,0,0,0,4651,-28608,10326,6,4992,0,129,0,1,0,0,2,0,0,0,0,31082107,2018,0.27,813.32,2542.19,0,49.7,97.2,68.8,27.6,61.8,532.2,61.9,615.3,140.1,139.5,1017.7,371381,3788,12.8,93.8,1390,2.4,1.45,28.2,40.2,75,11.72,12359118,73369,69.13,3476.86,0,1200,400,720,240,4200,7500,8500,102,1.5,6000,0,0,0,0,0,63.09,30,54.35,67.39,59,0,0
2026-10-01T09:25:18.003000+09:00,2026-10-01T00:25:18.003000+00:00,094623,2255.3,1,0,0,0,0,13579,494,13579,0,0,0,0,4655,-28608,12374,518,4512,72,129,0,1,0,0,2,0,0,0,0,31082107,2018,0.22,1157.57,3412.88,0,49.9,100,68.4,27.6,61.3,524.9,61.1,618.8,144.9,144.4,1030.9,371381,3788,12.92,88.2,1490,2.69,1.17,32.8,43.6,75,28.94,12359122,73369,76.95,3476.86,0,1200,400,720,240,4200,7500,8500,102,1.5,6000,0,0,0,0,0,75.11,30,74.65,64.65,59,0,0
2026-10-01T09:26:18.108000+09:00,2026-10-01T00:26:18.108000+00:00,094623,2622.4,1,0,0,0,0,13579,496,13579,0,0,0,0,4655,-28608,10326,590,4992,8192,129,0,1,0,0,2,0,0,0,0,31082107,2018,0.25,1448.41,4070.86,0,50,96.1,67.2,27.6,61.8,526.3,58.9,625.7,155.6,155.1,1033.8,371382,3789,12.71,87.5,1500,2.68,1.15,34.5,41.3,75,31.04,12359127,73369,77.44,3476.87,0,1200,400,720,240,4200,7500,8500,102,1.5,6000,0,0,0,0,0,71.96,30,64.36,59.19,58.9,0,0
2026-10-01T09:27:18.210000+09:00,2026-10-01T00:27:18.210000+00:00,094623,1267.4,1,0,0,0,0,13579,503,13579,0,0,0,0,4651,-28608,18518,6,4992,16,129,0,1,0,0,2,0,0,0,0,31082107,2018,0.37,563.07,1830.5,0,49.8,98.7,67.5,27.7,62.1,530.2,58.3,619.4,148.7,148.3,1021.6,371382,3789,12.67,90.4,1510,2.82,1.01,21.3,33.8,75,12.65,12359130,73369,64.68,3476.87,0,1200,400,720,240,4200,7500,8500,102,1.5,6000,0,0,0,0,0,59.47,30,59.24,54.16,58.9,0,0
2026-10-01T09:28:18.301000+09:00,2026-10-01T00:28:18.301000+00:00,094623,1180.8,1,0,0,0,0,13579,513,13579,0,0,0,0,4651,-28608,10326,6,4992,0,129,0,1,0,0,0,0,0,0,0,31082107,2018,0.3,530.11,1710.87,0,49.5,97.5,68.7,27.7,61.6,530.4,63.5,615.2,140.8,140.1,1020.8,371382,3789,12.7,93,1520,2.86,1.02,21.3,34.9,75,13.53,12359132,73369,66.29,3476.87,0,1200,400,720,240,4200,7500,8500,102,1.5,6000,0,0,0,0,0,63.57,30,55.61,64.73,59,0,0
2026-10-01T09:29:18.396000+09:00,2026-10-01T00:29:18.396000+00:00,094623,2084.4,1,0,0,0,0,13579,492,13579,0,0,0,0,4655,-26560,10326,590,4480,8192,129,0,1,0,0,2,0,0,0,0,31082107,2018,0.21,1096.53,3180.94,0,49.7,98.8,68.5,27.7,61.2,523.4,61.8,618.1,142.9,142.5,1034.5,371382,3789,12.61,88.9,1490,2.69,1.17,31.5,43.6,75,27.48,12359135,73369,79.22,3476.87,0,1200,400,720,240,4200,7500,8500,102,1.5,6000,0,0,0,0,0,73.51,30,69.75,65.01,59,0,0
2026-10-01T09:30:18.478000+09:00,2026-10-01T00:30:18.478000+00:00,094623,2323.7,1,0,0,0,0,13579,495,13579,0,0,0,0,4655,-28608,12374,590,4512,8200,129,0,1,0,0,2,0,0,0,0,31082107,2018,0.23,1173.44,3497.12,0,49.9,97.9,67.4,27.7,61.6,532.2,60.2,626.3,153,152.6,1036.5,371382,3789,12.61,87.3,1500,2.68,1.15,33.3,44,75,30.82,12359140,73369,77.7,3476.87,0,1200,400,720,240,4200,7500,8500,102,1.5,6000,0,0,0,0,0,72.3,30,70.09,58.98,59,0,0
2026-10-01T09:31:18.576000+09:00,2026-10-01T00:31:18.576000+00:00,094623,2479.9,1,0,0,0,0,13579,496,13579,0,0,0,0,4655,-28608,10326,6,4480,0,129,0,1,0,0,2,0,0,0,0,31082107,2018,0.29,1315.04,3794.98,0,50.1,97,66.7,27.8,62.1,532.8,58.3,631.4,157.8,157.5,1065.6,371382,3789,12.76,89.1,1500,2.69,1.15,33.8,42.6,75,31.49,12359145,73369,78.15,3476.87,0,1200,400,720,240,4200,7500,8500,102,1.5,6000,0,0,0,0,0,68.8,30,66.32,61.79,59,0,0
2026-10-01T09:32:18.680000+09:00,2026-10-01T00:32:18.680000+00:00,094623,2572.7,1,0,0,0,0,13579,500,13579,0,0,0,0,4655,-28608,10390,6,21376,0,129,0,1,0,0,2,0,0,0,0,31082107,2018,0.3,1326.03,3898.74,0,50.3,98.5,67,27.8,62.6,534.2,57.7,632.5,161.5,161.3,1039.9,371383,3790,12.85,92,1520,2.69,1.15,33.4,41.6,75,31.07,12359151,73369,83.54,3476.87,0,1200,400,720,240,4200,7500,8500,102,1.5,6000,0,0,0,0,0,67.35,30,70.09,71.04,59,0,0
2026-10-01T09:33:18.772000+09:00,2026-10-01T00:33:18.772000+00:00,094623,1245.5,1,0,0,0,0,13579,492,13579,0,0,0,0,4655,-26560,10326,6,4993,0,129,0,1,0,0,2,0,0,0,0,31082107,2018,0.22,488.6,1734.06,0,50.5,97.8,68.8,27.9,62.7,535.3,59.9,622.7,151.1,150.7,1019.8,371383,3790,12.8,89.3,1480,2.73,1.08,22.1,36.7,75,11.83,12359154,73369,68.76,3476.88,0,1200,400,720,240,4200,7500,8500,102,1.5,6000,0,0,0,0,0,60.78,30,57.4,51.96,59,0,0
2026-10-01T09:34:18.876000+09:00,2026-10-01T00:34:18.876000+00:00,094623,1120.9,1,0,0,0,0,13579,491,13579,0,0,0,0,4651,-28608,10342,6,13188,0,129,0,1,0,0,2,0,0,0,0,31082107,2018,0.27,481.28,1602.22,0,50.2,98.4,69.4,27.8,62.1,534.3,61.1,613.5,142.4,141.4,1029.5,371383,3790,12.36,92.4,1480,2.71,1.08,21.9,37.8,75,11.76,12359156,73369,60.06,3476.88,0,1200,400,720,240,4200,7500,8500,102,1.5,6000,0,0,0,0,0,64.53,30,58.81,62.42,59,0,0
2026-10-01T09:35:18.961000+09:00,2026-10-01T00:35:18.961000+00:00,094623,2202.8,1,0,0,0,0,13579,493,13579,0,0,0,0,4655,-28608,12374,6,4480,0,129,0,1,0,0,2,0,0,0,0,31082107,2018,0.2,1277.2,3480.03,0,50.3,97.9,68.8,27.9,61.6,523.9,59.2,616.5,145.7,144.8,1033.1,371383,3790,12.81,91,1490,2.67,1.19,32.6,43.2,75,27.9,12359159,73369,80.47,3476.88,0,1200,400,720,240,4200,7500,8500,102,1.5,6000,0,0,0,0,0,74.84,30,67.7,73.19,59,0,0
2026-10-01T09:36:19.072000+09:00,2026-10-01T00:36:19.072000+00:00,094623,2400.6,1,0,0,0,0,13579,495,13579,0,0,0,0,4651,-28608,10326,518,4480,0,129,0,1,0,0,2,0,0,0,0,31082107,2018,0.2,1335.79,3736.38,0,50.6,98.1,67.9,28,62.2,531.6,58.1,625.5,156.6,156.2,1028,371383,3790,12.59,86.8,1500,2.67,1.16,33.6,42.9,75,31.2,12359164,73369,82.35,3476.88,0,1200,400,720,240,4200,7500,8500,102,1.5,6000,0,0,0,0,0,74.2,30,71.9,59.23,59,0,0
2026-10-01T09:37:19.163000+09:00,2026-10-01T00:37:19.163000+00:00,094623,1777.7,1,0,0,0,0,13579,501,13579,0,0,0,0,4651,-28608,10326,6,4992,0,129,0,1,0,0,2,0,0,0,0,31082107,2018,0.34,821.86,2599.57,0,50.4,97.6,67.1,28,62.8,535.6,56.6,626.5,159.1,158.7,1055.6,371383,3790,12.79,88.8,1510,2.77,1.1,25.9,37.4,75,19.62,12359169,73369,73.8,3476.88,0,1200,400,720,240,4200,7500,8500,102,1.5,6000,0,0,0,0,0,63.36,30,60.31,53.98,59,0,0
2026-10-01T09:38:19.258000+09:00,2026-10-01T00:38:19.258000+00:00,094623,1146.6,1,0,0,0,0,13579,514,13579,0,0,0,0,4655,-28608,10326,6,4992,0,129,0,1,0,0,0,0,0,0,0,31082107,2018,0.4,520.34,1666.92,0,50.2,97.6,68.5,28.2,62.4,532.6,60.9,616.2,144.9,143.9,1012.8,371384,3791,12.71,91.2,1520,2.84,1.01,21.2,35.1,75,13.29,12359171,73369,64.22,3476.88,0,1200,400,720,240,4200,7500,8500,102,1.5,6000,0,0,0,0,0,63.06,30,56.72,57.57,59,0,0
2026-10-01T09:39:19.362000+09:00,2026-10-01T00:39:19.362000+00:00,094623,1291.8,1,0,0,0,0,13579,494,13579,0,0,0,0,4655,-28608,10326,6,4480,0,129,0,1,0,0,2,0,0,0,0,31082107,2018,0.2,602.13,1893.98,0,49.9,98.5,68.8,28.2,61.7,531.2,59.7,611.4,140.3,139.5,1026.4,371384,3791,12.63,92.3,1490,2.73,1.17,24.7,41.9,75,14.39,12359173,73369,82.14,3476.88,0,1200,400,720,240,4200,7500,8500,102,1.5,6000,0,0,0,0,0,66.62,30,60.4,67.57,59,0,0
2026-10-01T09:40:19.450000+09:00,2026-10-01T00:40:19.450000+00:00,094623,2243.1,1,0,0,0,0,13579,495,13579,0,0,0,0,4655,-26560,2134,6,4480,528,129,0,1,0,0,2,0,0,0,0,31082107,2018,0.2,1263.77,3506.88,0,50.2,98.5,67.9,28.2,61.6,529.5,58,622.3,151.2,150.7,1036,371384,3791,12.56,87.4,1490,2.68,1.15,33.2,43.8,75,30.27,12359178,73369,78.57,3476.88,0,1200,400,720,240,4200,7500,8500,102,1.5,6000,0,0,0,0,0,74.82,30,71.96,61.47,58.9,0,0
2026-10-01T09:41:19.650000+09:00,2026-10-01T00:41:19.650000+00:00,094623,2117.4,1,0,0,0,0,13579,503,13579,0,0,0,0,4651,-28608,10326,6,4992,0,129,0,1,0,0,2,0,0,0,0,31082107,2018,0.28,1047.7,3165.07,0,50.3,96.9,66.8,28.2,62.3,530.7,57.4,625.2,158.7,158.3,1067.9,371384,3791,12.71,87.9,1510,2.75,1.11,28.6,38.3,75,24.67,12359183,73369,74.29,3476.89,0,1200,400,720,240,4200,7500,8500,102,1.5,6000,0,0,0,0,0,65.92,30,61.68,54.16,59,0,0
2026-10-01T09:42:19.742000+09:00,2026-10-01T00:42:19.742000+00:00,094623,1178.3,1,0,0,0,0,13579,494,13579,0,0,0,0,4655,-28608,10326,518,4992,0,129,0,1,0,0,2,0,0,0,0,31082107,2018,0.38,532.55,1710.87,0,50.1,98.4,68,28.2,62.3,533.6,58.6,617.9,146.2,145.5,1028.5,371384,3791,12.64,90.6,1490,2.73,1.1,22.5,38,75,11.34,12359185,73369,59.9,3476.89,0,1200,400,720,240,4200,7500,8500,102,1.5,6000,0,0,0,0,0,61.03,30,59.07,53.9,59,0,0
2026-10-01T09:43:19.820000+09:00,2026-10-01T00:43:19.820000+00:00,094623,1091.7,1,0,0,0,0,13579,493,13579,0,0,0,0,4651,-28608,10326,6,4992,8,129,0,1,0,0,2,0,0,0,0,31082107,2018,0.21,470.29,1561.94,0,49.9,96.8,68.8,28.2,61.7,533.7,60.8,612.3,139.5,138.6,1015.1,371384,3791,12.26,96,1490,2.75,1.1,22.1,39.3,75,11.72,12359187,73369,77.23,3476.89,0,1200,400,720,240,4200,7500,8500,102,1.5,6000,0,0,0,0,0,64.22,30,53.23,75.26,59,0,0
2026-10-01T09:44:19.911000+09:00,2026-10-01T00:44:19.911000+00:00,094623,2328.6,1,0,0,0,0,13579,496,13579,0,0,0,0,4651,-28608,10326,6,4480,0,129,0,1,0,0,2,0,0,0,0,31082107,2018,0.22,1160.01,3488.57,0,50.2,100.7,68.2,28.3,61.4,525.4,58.9,619.7,147.5,147,1022.4,371385,3792,12.68,87.7,1500,2.69,1.15,33.3,43.8,75,30.83,12359191,73369,80.63,3476.89,0,1200,400,720,240,4200,7500,8500,102,1.5,6000,0,0,0,0,0,75.23,30,77.67,63.72,58.9,0,0
2026-10-01T09:45:20+09:00,2026-10-01T00:45:20+00:00,094623,2327.4,1,0,0,0,0,13579,496,13579,0,0,0,0,4651,-28608,18518,6,4480,528,129,0,1,0,0,2,0,0,0,0,31082107,2018,0.29,1252.78,3580.13,0,50.4,95.8,66.9,28.3,61.9,533,59.2,623.5,153.7,153.4,1065.4,371385,3792,12.77,87.8,1500,2.67,1.16,33.6,44.1,75,31.15,12359196,73369,75.59,3476.89,0,1200,400,720,240,4200,7500,8500,102,1.5,6000,0,0,0,0,0,70.94,30,62.63,59.87,58.9,0,0
2026-10-01T09:46:20.098000+09:00,2026-10-01T00:46:20.098000+00:00,094623,1926.9,1,0,0,0,0,13579,500,13579,0,0,0,0,4651,-28608,10326,6,4992,0,129,0,1,0,0,0,0,0,0,0,31082107,2018,0.4,962.25,2889.19,0,50.5,99.3,66.6,28.4,62.5,535.7,57.7,627.6,156.3,155.7,1064.5,371385,3792,12.84,90.6,1510,2.74,1.1,27.3,38.1,75,21.52,12359201,73369,78.53,3476.89,0,1200,400,720,240,4200,7500,8500,102,1.5,6000,0,0,0,0,0,61.68,30,67.47,60.73,58.9,0,0
2026-10-01T09:47:20.204000+09:00,2026-10-01T00:47:20.204000+00:00,094623,1695.9,1,0,0,0,0,13579,485,13579,0,0,0,0,4651,-28608,10326,518,4992,0,129,0,1,0,0,0,0,0,0,0,31082107,2018,0.27,930.51,2626.42,0,50.4,98,68.9,28.4,62.4,534.8,58.2,618.9,143.4,142.6,1028.7,371385,3792,12.79,93.3,1570,2.71,1.17,26.7,38,75,10.64,12359204,73369,63.84,3476.89,0,1200,400,720,240,4200,7500,8500,102,1.5,6000,0,0,0,0,0,62.4,30,56.9,65.27,59,0,0
2026-10-01T09:48:20.277000+09:00,2026-10-01T00:48:20.277000+00:00,094623,1194.2,1,0,0,0,0,13579,494,13579,0,0,0,0,4655,-28608,12374,6,4512,72,129,0,1,0,0,2,0,0,0,0,31082107,2018,0.17,583.82,1778.01,0,50.4,97.9,69.2,28.5,61.9,531.6,59.1,616.3,140,139.1,1024.4,371385,3792,12.55,89.5,1490,2.75,1.14,23.2,39.2,75,12.04,12359206,73369,73.38,3476.89,0,1200,400,720,240,4200,7500,8500,102,1.5,6000,0,0,0,0,0,65.8,30,58.34,56.68,59,0,0
2026-10-01T09:49:20.374000+09:00,2026-10-01T00:49:20.374000+00:00,094623,2465.3,1,0,0,0,0,13579,499,13579,0,0,0,0,4655,-28608,10390,590,20864,8192,129,0,1,0,0,2,0,0,0,0,31082107,2018,0.3,1335.79,3801.08,0,50.3,98.5,67.9,28.6,61.7,524.8,63,623.3,149.5,148.9,1036.1,371385,3792,12.59,89.3,1510,2.69,1.15,33.7,42.3,75,31.27,12359210,73369,71.03,3476.89,0,1200,400,720,240,4200,7500,8500,102,1.5,6000,0,0,0,0,0,74.36,30,70.58,66.9,59,0,0
2026-10-01T09:50:20.476000+09:00,2026-10-01T00:50:20.476000+00:00,094623,2445.8,1,0,0,0,0,13579,494,13579,0,0,0,0,4655,-28608,18518,6,4480,528,129,0,1,0,0,2,0,0,0,0,31082107,2018,0.26,1291.85,3737.6,0,50.6,97.9,67.3,28.6,62.3,532.2,59,630.9,155.9,155.5,1047,371386,3793,12.41,88.7,1490,2.66,1.16,33.8,43,75,31.34,12359215,73369,84.54,3476.9,0,1200,400,720,240,4200,7500,8500,102,1.5,6000,0,0,0,0,0,71.88,30,70.58,63.41,59,0,0
2026-10-01T09:51:20.565000+09:00,2026-10-01T00:51:20.565000+00:00,094623,1969.7,1,0,0,0,0,13579,500,13579,0,0,0,0,4651,-28608,10390,6,21376,0,129,0,1,0,0,2,0,0,0,0,31082107,2018,0.32,942.72,2912.38,0,50.7,97.6,67.1,28.6,62.8,536.3,56.8,635.8,156.7,156.3,1031.9,371386,3793,12.62,88.7,1510,2.73,1.1,27.3,38.2,75,22.44,12359220,73369,80.56,3476.9,0,1200,400,720,240,4200,7500,8500,102,1.5,6000,0,0,0,0,0,64.04,30,62.02,55.45,59,0,0
2026-10-01T09:52:20.667000+09:00,2026-10-01T00:52:20.667000+00:00,094623,1736.2,1,0,0,0,0,13579,449,13579,0,0,0,0,4651,-28608,10326,6,4992,0,129,0,1,0,0,0,0,0,0,0,31082107,2018,0.41,864.59,2600.79,0,50.5,97.9,68.7,28.6,62.6,535,57.6,622.5,144.1,143.3,1016,371386,3793,12.76,91.3,1450,2.48,1.33,27.7,39.2,75,10.86,12359222,73369,59.53,3476.9,0,1200,400,720,240,4200,7500,8500,102,1.5,6000,0,0,0,0,0,62.01,30,56.37,56.61,59,0,0
2026-10-01T09:53:20.766000+09:00,2026-10-01T00:53:20.766000+00:00,094623,1182.0,1,0,0,0,0,13579,495,13579,0,0,0,0,4655,-28608,12390,6,12708,72,129,0,1,0,0,0,0,0,0,0,31082107,2018,0.21,527.67,1709.65,0,50.5,98.3,69.1,28.6,62,533.5,62,617,139.5,138.4,1006,371386,3793,12.74,92.8,1490,2.74,1.14,23,39.6,75,11.52,12359225,73369,77.11,3476.9,0,1200,400,720,240,4200,7500,8500,102,1.5,6000,0,0,0,0,0,65.8,30,58.59,66.6,58.9,0,0
2026-10-01T09:54:20.884000+09:00,2026-10-01T00:54:20.884000+00:00,094623,2178.4,1,0,0,0,0,13579,495,13579,0,0,0,0,4651,-28608,10326,6,4480,0,129,0,1,0,0,2,0,0,0,0,31082107,2018,0.23,1062.35,3240.76,0,50.7,98.7,68.2,28.8,61.8,530.2,62.3,625.1,147.2,146.6,1021.1,371386,3793,12.71,88,1500,2.67,1.15,32.6,45.2,75,31.12,12359228,73369,78.44,3476.9,0,1200,400,720,240,4200,7500,8500,102,1.5,6000,0,0,0,0,0,75.87,30,72.59,63.39,59,0,0
2026-10-01T09:55:20.949000+09:00,2026-10-01T00:55:20.949000+00:00,094623,2513.8,1,0,0,0,0,13579,495,13579,0,0,0,0,4655,-26560,18518,6,4480,528,129,0,1,0,0,2,0,0,0,0,31082107,2018,0.29,1489.91,4003.72,0,50.8,97,66.8,28.8,62.2,529.8,60.5,631,154.4,153.9,1039,371386,3793,12.88,88,1490,2.65,1.18,34.6,42.4,75,30.84,12359234,73369,77.49,3476.9,0,1200,400,720,240,4200,7500,8500,102,1.5,6000,0,0,0,0,0,71.05,30,67.36,60.14,58.9,0,0
2026-10-01T09:56:21.026000+09:00,2026-10-01T00:56:21.026000+00:00,094623,1374.9,1,0,0,0,0,13579,499,13579,0,0,0,0,4651,-28608,10326,6,4992,0,129,0,1,0,0,2,0,0,0,0,31082107,2018,0.39,593.58,1968.44,0,50.8,98.1,67.4,28.8,62.7,534.7,60,628.2,150.8,150.2,1035.1,371387,3794,12.67,90.4,1500,2.75,1.13,23.3,38.1,75,12.97,12359237,73369,72.36,3476.9,0,1200,400,720,240,4200,7500,8500,102,1.5,6000,0,0,0,0,0,59.57,30,58.3,54.72,59,0,0
2026-10-01T09:57:21.156000+09:00,2026-10-01T00:57:21.156000+00:00,094623,1190.5,1,0,0,0,0,13579,497,13579,0,0,0,0,4655,-28608,10326,6,4992,0,129,0,1,0,0,0,0,0,0,0,31082107,2018,0.38,565.51,1756.03,0,50.4,97.9,69.1,28.9,62.3,534.3,59.8,617.1,141.5,140.5,1011.4,371387,3794,12.73,93.2,1500,2.74,1.12,22.6,38.3,75,11.83,12359240,73369,65.12,3476.9,0,1200,400,720,240,4200,7500,8500,102,1.5,6000,0,0,0,0,0,64.75,30,57.26,64.95,59,0,0
2026-10-01T09:58:21.249000+09:00,2026-10-01T00:58:21.249000+00:00,094623,1841.2,1,0,0,0,0,13579,492,13579,0,0,0,0,4655,-28608,12374,6,4512,72,129,0,1,0,0,2,0,0,0,0,31082107,2018,0.24,945.16,2786.34,0,50.4,99,68.9,28.9,61.8,524.7,60.4,622.4,140.5,139.6,1012,371387,3794,12.5,89.6,1490,2.67,1.21,29.8,44.3,75,23.43,12359242,73369,78.48,3476.91,0,1200,400,720,240,4200,7500,8500,102,1.5,6000,0,0,0,0,0,73.12,30,68.29,65.08,59,0,0
2026-10-01T09:59:21.335000+09:00,2026-10-01T00:59:21.335000+00:00,094623,2237.0,1,0,0,0,0,13579,496,13579,0,0,0,0,4655,-28608,10326,590,4480,8192,129,0,1,0,0,2,0,0,0,0,31082107,2018,0.24,1112.4,3349.41,0,50.5,97.9,67.6,29,62,531.9,60,630.8,152,151.7,1023.3,371387,3794,12.8,87.3,1500,2.68,1.13,32.4,44,75,31.39,12359247,73369,81.48,3476.91,0,1200,400,720,240,4200,7500,8500,102,1.5,6000,0,0,0,0,0,74.21,30,70.59,59.92,59,0,0
2026-10-01T10:00:21.429000+09:00,2026-10-01T01:00:21.429000+00:00,094623,2449.4,1,0,0,0,0,13579,496,13579,0,0,0,0,4651,-28608,18518,6,4480,528,129,0,1,0,0,2,0,0,0,0,31082107,2018,0.33,1221.04,3670.46,0,50.6,96.8,66.7,29,62.4,533.4,56.4,635.3,155.4,155,1050.6,371387,3794,12.8,89,1500,2.68,1.16,33.9,43.5,75,31.46,12359252,73369,78.2,3476.91,0,1200,400,720,240,4200,7500,8500,102,1.5,6000,0,0,0,0,0,70.29,30,65.91,62.23,59,0,0
2026-10-01T10:01:21.530000+09:00,2026-10-01T01:01:21.530000+00:00,094623,1837.5,1,0,0,0,0,13579,501,13579,0,0,0,0,4651,-28608,10326,6,4992,0,129,0,1,0,0,0,0,0,0,0,31082107,2018,0.4,857.26,2694.78,0,50.7,98.4,66.9,29,62.8,538.9,56.3,629.9,157.2,156.7,1030.1,371387,3794,12.74,91,1510,2.72,1.11,26.8,39.1,75,21.55,12359257,73369,79.45,3476.91,0,1200,400,720,240,4200,7500,8500,102,1.5,6000,0,0,0,0,0,62.18,30,63.73,61.51,59,0,0
2026-10-01T10:02:21.635000+09:00,2026-10-01T01:02:21.635000+00:00,094623,1661.7,1,0,0,0,0,13579,525,13579,0,0,0,0,4651,-26560,10326,6,4992,0,129,0,1,0,0,0,0,0,0,0,31082107,2018,0.35,934.17,2595.9,0,50.5,98,68.9,29,62.6,531.9,60.4,618.5,144.4,143.6,1024.2,371388,3795,12.92,92.8,1580,2.85,1.11,26.4,38,75,10.27,12359260,73369,64.54,3476.91,0,1200,400,720,240,4200,7500,8500,102,1.5,6000,0,0,0,0,0,67.28,30,61.69,68.29,59,0,0
2026-10-01T10:03:21.736000+09:00,2026-10-01T01:03:21.736000+00:00,094623,1268.6,1,0,0,0,0,13579,493,13579,0,0,0,0,4651,-28608,12374,6,4512,72,129,0,1,0,0,2,0,0,0,0,31082107,2018,0.25,630.21,1898.86,0,50.5,98.8,69.1,29.1,62.1,530.2,60.6,617.3,141.2,140.3,1054.2,371388,3795,12.77,89.9,1480,2.7,1.15,23.7,39,75,11.57,12359262,73369,73.6,3476.91,0,1200,400,720,240,4200,7500,8500,102,1.5,6000,0,0,0,0,0,65.82,30,60.97,58.48,59,0,0
2026-10-01T10:04:21.820000+09:00,2026-10-01T01:04:21.820000+00:00,094623,2523.9,1,0,0,0,0,13579,497,13579,0,0,0,0,4655,-28608,10326,518,4480,0,129,0,1,0,0,2,0,0,0,0,31082107,2018,0.29,1367.53,3891.42,0,50.5,98.5,68.1,29.1,62,524,63.3,625.1,151.6,150.8,1040.2,371388,3795,12.69,89.3,1500,2.66,1.16,34.6,42.5,75,30.6,12359266,73369,74.47,3476.91,0,1200,400,720,240,4200,7500,8500,102,1.5,6000,0,0,0,0,0,74.98,30,71.64,67.09,59,0,0
2026-10-01T10:05:21.924000+09:00,2026-10-01T01:05:21.924000+00:00,094623,1438.3,1,0,0,0,0,13579,502,13579,0,0,0,0,4651,-28608,10326,6,4992,0,129,0,1,0,0,2,0,0,0,0,31082107,2018,0.3,598.47,2036.81,0,50.8,97.5,67.6,29.1,62.7,535.7,57.8,626.9,153.3,152.8,1046.3,371388,3795,12.76,88.8,1510,2.76,1.1,23.9,38.3,75,15.82,12359270,73369,81.21,3476.91,0,1200,400,720,240,4200,7500,8500,102,1.5,6000,0,0,0,0,0,63.22,30,59.69,54,59,0,0
2026-10-01T10:06:22.003000+09:00,2026-10-01T01:06:22.003000+00:00,094623,1667.8,1,0,0,0,0,13579,442,13579,0,0,0,0,4651,-28608,10326,6,4992,0,129,0,1,0,0,2,0,0,0,0,31082107,2018,0.31,763.27,2431.1,0,50.4,99.3,68.4,29.2,62.3,535.2,61.9,616.9,140.3,139.2,1015.9,371388,3795,12.91,90.7,1450,2.48,1.34,27.6,40.9,75,11.09,12359273,73369,56.06,3476.92,0,1200,400,720,240,4200,7500,8500,102,1.5,6000,0,0,0,0,0,62.78,30,61.39,56.33,59,0,0
2026-10-01T10:07:22.113000+09:00,2026-10-01T01:07:22.113000+00:00,094623,1506.7,1,0,0,0,0,13579,493,13579,0,0,0,0,4651,-28608,10326,6,4480,0,129,0,1,0,0,2,0,0,0,0,31082107,2018,0.21,713.22,2219.92,0,50.3,95.7,68.3,29.3,61.7,527,60.1,616.6,138,136.9,1010.7,371388,3795,12.75,94,1490,2.67,1.2,27,43.3,75,18.45,12359275,73369,73.94,3476.92,0,1200,400,720,240,4200,7500,8500,102,1.5,6000,0,0,0,0,0,68.15,30,55.4,75.31,59,0,0
2026-10-01T10:08:22.219000+09:00,2026-10-01T01:08:22.219000+00:00,094623,2445.8,1,0,0,0,0,13579,497,13579,0,0,0,0,4651,-28608,12438,6,20896,8,129,0,1,0,0,2,0,0,0,0,31082107,2018,0.21,1283.3,3729.06,0,50.6,100.8,67.8,29.4,61.8,525.8,60.7,627.1,152.1,151.5,1022.3,371389,3796,12.63,87.2,1500,2.69,1.15,34.1,42.9,75,31.07,12359279,73369,81.76,3476.92,0,1200,400,720,240,4200,7500,8500,102,1.5,6000,0,0,0,0,0,74.67,30,79.01,62.27,59,0,0
2026-10-01T10:09:22.314000+09:00,2026-10-01T01:09:22.314000+00:00,094623,2360.3,1,0,0,0,0,13579,495,13579,0,0,0,0,4651,-28608,10326,6,4480,0,129,0,1,0,0,2,0,0,0,0,31082107,2018,0.32,1142.92,3503.22,0,50.7,95.7,67.2,29.4,62.5,533.2,58.9,629.7,157.5,156.9,1038.8,371389,3796,12.67,88,1500,2.66,1.15,33.5,44.1,75,31.34,12359285,73369,71.3,3476.92,0,1200,400,720,240,4200,7500,8500,102,1.5,6000,0,0,0,0,0,72.19,30,62.3,59.98,59,0,0
2026-10-01T10:10:22.401000+09:00,2026-10-01T01:10:22.401000+00:00,094623,2506.8,1,0,0,0,0,13579,497,13579,0,0,0,0,4655,-28608,10262,6,20864,0,129,0,1,0,0,0,0,0,0,0,31082107,2018,0.37,1427.35,3934.14,0,50.9,99.2,66.7,29.4,62.9,533.9,58.3,632.2,159.5,159,1032,371389,3796,12.06,91.1,1500,2.66,1.15,34.1,42.4,75,31.24,12359290,73369,81.47,3476.92,0,1200,400,720,240,4200,7500,8500,102,1.5,6000,0,0,0,0,0,69.01,30,73.81,68.97,59,0,0
2026-10-01T10:11:22.500000+09:00,2026-10-01T01:11:22.500000+00:00,094623,1658.1,1,0,0,0,0,13579,502,13579,0,0,0,0,4651,-28608,10326,6,4992,0,129,0,1,0,0,0,0,0,0,0,31082107,2018,0.31,726.65,2384.72,0,51.3,97.9,67.8,29.5,63.4,539.3,57.3,629.9,158.2,157.5,1048.7,371389,3796,12.84,90.2,1510,2.74,1.1,25.1,38,75,18.38,12359294,73369,85.87,3476.92,0,1200,400,720,240,4200,7500,8500,102,1.5,6000,0,0,0,0,0,62.29,30,60.32,59.12,59,0,0
2026-10-01T10:12:22.592000+09:00,2026-10-01T01:12:22.592000+00:00,094623,1173.4,1,0,0,0,0,13579,494,13579,0,0,0,0,4655,-28608,10342,6,13188,0,129,0,1,0,0,0,0,0,0,0,31082107,2018,0.35,528.89,1702.32,0,51,97.7,69.3,29.6,63,535.5,59.8,617.3,145.3,144.2,1013.8,371389,3796,12.8,91.5,1490,2.72,1.11,22.3,38.1,75,11.66,12359297,73369,62.68,3476.92,0,1200,400,720,240,4200,7500,8500,102,1.5,6000,0,0,0,0,0,64.53,30,56.99,60.27,59,0,0
2026-10-01T10:13:22.686000+09:00,2026-10-01T01:13:22.686000+00:00,094623,1349.2,1,0,0,0,0,13579,494,13579,0,0,0,0,4651,-28608,18518,6,4480,528,129,0,1,0,0,2,0,0,0,0,31082107,2018,0.25,571.61,1920.83,0,51,98.9,69,29.6,62.4,531.2,64,616.3,140.5,139.4,1015.1,371389,3796,12.74,92.4,1490,2.69,1.18,25.5,43.3,75,16.31,12359299,73369,67.45,3476.92,0,1200,400,720,240,4200,7500,8500,102,1.5,6000,0,0,0,0,0,68.47,30,63.34,69.28,59,0,0
2026-10-01T10:14:22.771000+09:00,2026-10-01T01:14:22.771000+00:00,094623,2403.0,1,0,0,0,0,13579,496,13579,0,0,0,0,4655,-28608,10326,6,4480,0,129,0,1,0,0,2,0,0,0,0,31082107,2018,0.24,1238.14,3641.16,0,51.1,98.7,68,29.6,62.3,528,61.7,620.9,151.8,151,1044.4,371390,3797,12.33,88.2,1500,2.67,1.16,33.9,43.8,75,31.24,12359303,73369,81.75,3476.93,0,1200,400,720,240,4200,7500,8500,102,1.5,6000,0,0,0,0,0,75.43,30,73.05,65.37,59,0,0
2026-10-01T10:15:22.870000+09:00,2026-10-01T01:15:22.870000+00:00,094623,2470.2,1,0,0,0,0,13579,502,13579,0,0,0,0,4651,-28608,10326,6,4992,0,129,0,1,0,0,2,0,0,0,0,31082107,2018,0.26,1299.17,3769.34,0,51.2,98.1,67.2,29.6,62.9,528.1,58.7,624.1,158.2,157.2,1043.6,371390,3797,12.36,88.1,1520,2.7,1.14,32.1,40.4,75,29.49,12359308,73369,79.36,3476.93,0,1200,400,720,240,4200,7500,8500,102,1.5,6000,0,0,0,0,0,70.53,30,70.36,59.99,59.1,0,0
2026-10-01T10:16:22.963000+09:00,2026-10-01T01:16:22.963000+00:00,094623,1706.9,1,0,0,0,0,13579,428,13579,0,0,0,0,4651,-28608,10326,6,4992,8,129,0,1,0,0,2,0,0,0,0,31082107,2018,0.33,762.05,2468.95,0,51,97.3,68,29.5,63.1,533.8,57.9,622.2,148.7,147.8,1040.9,371390,3797,12.85,89.6,1340,2.38,1.58,28.2,40.3,75,11.88,12359311,73369,57.6,3476.93,0,1200,400,720,240,4200,7500,8500,102,1.5,6000,0,0,0,0,0,60.65,30,55.99,51.15,59,0,0
2026-10-01T10:17:23.044000+09:00,2026-10-01T01:17:23.044000+00:00,094623,1626.3,1,0,0,0,0,13579,429,13579,0,0,0,0,4655,-28608,10326,6,4992,0,129,0,1,0,0,2,0,0,0,0,31082107,2018,0.29,677.82,2304.15,0,50.7,97.3,68.7,29.5,62.6,532.9,62,617.2,141.5,140.6,1033.9,371390,3797,12.33,94.8,1300,2.35,1.7,28.4,41.6,75,10.81,12359314,73369,65.94,3476.93,0,1200,400,720,240,4200,7500,8500,102,1.5,6000,0,0,0,0,0,63.55,30,55.07,69.55,59,0,0
2026-10-01T10:18:23.144000+09:00,2026-10-01T01:18:23.144000+00:00,094623,2210.2,1,0,0,0,0,13579,495,13579,0,0,0,0,4655,-28608,18518,590,4480,8720,129,0,1,0,0,2,0,0,0,0,31082107,2018,0.23,1092.87,3303.02,0,51,100.4,68.7,29.6,62.2,524.9,61.1,620.5,146.6,145.6,1037.8,371390,3797,12.64,88.8,1500,2.68,1.15,32.4,43.7,75,29.15,12359317,73369,79.76,3476.93,0,1200,400,720,240,4200,7500,8500,102,1.5,6000,0,0,0,0,0,77.11,30,76.32,67.35,59.1,0,0
2026-10-01T10:19:23.234000+09:00,2026-10-01T01:19:23.234000+00:00,094623,2130.8,1,0,0,0,0,13579,495,13579,0,0,0,0,4651,-28608,10326,582,4480,0,129,0,1,0,0,2,0,0,0,0,31082107,2018,0.25,1023.29,3154.09,0,51.2,95.8,67.2,29.6,62.6,536.3,60.1,629.5,153.3,152.5,1046.5,371390,3797,12.69,87.4,1500,2.66,1.15,32.8,46.2,75,30.86,12359322,73369,78.9,3476.93,0,1200,400,720,240,4200,7500,8500,102,1.5,6000,0,0,0,0,0,73.36,30,64.46,60.32,59,0,0
2026-10-01T10:20:23.319000+09:00,2026-10-01T01:20:23.319000+00:00,094623,2392.0,1,0,0,0,0,13579,494,13579,0,0,0,0,4655,-28608,10326,590,4480,8192,129,0,1,0,0,2,0,0,0,0,31082107,2018,0.36,1203.96,3596,0,51.2,99.3,66.3,29.6,62.9,534.7,60.8,633.4,157.7,157,1035.7,371391,3798,12.51,89.5,1490,2.64,1.16,33.8,44.1,75,31.53,12359327,73369,74.29,3476.93,0,1200,400,720,240,4200,7500,8500,102,1.5,6000,0,0,0,0,0,68.47,30,73.79,64.24,59,0,0
2026-10-01T10:21:23.418000+09:00,2026-10-01T01:21:23.418000+00:00,094623,2291.9,1,0,0,0,0,13579,501,13579,0,0,0,0,4655,-28608,12374,6,5024,72,129,0,1,0,0,0,0,0,0,0,31082107,2018,0.34,1141.7,3433.64,0,51.3,96.9,67.3,29.7,63.4,533.2,58.2,635,161.2,160.3,1071.3,371391,3798,12.92,91.1,1510,2.7,1.14,30.2,40.1,75,26.09,12359332,73369,85.42,3476.93,0,1200,400,720,240,4200,7500,8500,102,1.5,6000,0,0,0,0,0,65.74,30,63.31,65.87,59,0,0
2026-10-01T10:22:23.511000+09:00,2026-10-01T01:22:23.511000+00:00,094623,1161.2,1,0,0,0,0,13579,500,13579,0,0,0,0,4655,-28608,10326,6,4992,0,129,0,1,0,0,0,0,0,0,0,31082107,2018,0.36,484.94,1646.17,0,51.1,98.5,69.3,29.8,63.4,533.4,59.2,626.2,149.2,148.1,1017.3,371391,3798,12.64,91.3,1480,2.73,1.04,21.4,35.7,75,12.15,12359335,73369,66.99,3476.94,0,1200,400,720,240,4200,7500,8500,102,1.5,6000,0,0,0,0,0,64,30,59.71,59.38,59.1,0,0
2026-10-01T10:23:23.616000+09:00,2026-10-01T01:23:23.616000+00:00,094623,1144.1,1,0,0,0,0,13579,505,13579,0,0,0,0,4651,-28608,18518,6,4992,528,129,0,1,0,0,0,0,0,0,0,31082107,2018,0.27,533.77,1677.91,0,51,97.6,69.3,29.8,62.8,529.2,59.6,619.8,142.7,141.5,1022.5,371391,3798,12.75,92.2,1500,2.79,1.03,21.4,35.4,75,12.34,12359337,73369,71.23,3476.94,0,1200,400,720,240,4200,7500,8500,102,1.5,6000,0,0,0,0,0,66.29,30,56.69,65.3,59.1,0,0
2026-10-01T10:24:23.718000+09:00,2026-10-01T01:24:23.718000+00:00,094623,2351.8,1,0,0,0,0,13579,495,13579,0,0,0,0,4655,-28608,10326,6,4480,0,129,0,1,0,0,2,0,0,0,0,31082107,2018,0.24,1210.06,3561.81,0,51.2,98.8,68.4,29.9,62.5,525.7,60.4,628.6,150,148.8,1019.5,371391,3798,12.88,88.7,1500,2.65,1.16,33.5,43.6,75,30.64,12359341,73369,75.4,3476.94,0,1200,400,720,240,4200,7500,8500,102,1.5,6000,0,0,0,0,0,76.43,30,72.74,66.78,59.5,0,0
2026-10-01T10:25:23.811000+09:00,2026-10-01T01:25:23.811000+00:00,094623,2323.7,1,0,0,0,0,13579,495,13579,0,0,0,0,4655,-28608,10326,590,4480,8192,129,0,1,0,0,2,0,0,0,0,31082107,2018,0.27,1122.17,3445.84,0,51.3,98.5,67.5,30,63,533.6,64.9,634.7,157.6,156.8,1028.5,371391,3798,12.59,88.1,1490,2.66,1.16,33.5,44.7,75,31.46,12359346,73369,81.67,3476.94,0,1200,400,720,240,4200,7500,8500,102,1.5,6000,0,0,0,0,0,73.93,30,73.24,62.76,59.5,0,0
2026-10-01T10:26:23.900000+09:00,2026-10-01T01:26:23.900000+00:00,094623,2272.4,1,0,0,0,0,13579,501,13579,0,0,0,0,4655,-26560,12374,6,5024,72,129,0,1,0,0,2,0,0,0,0,31082107,2018,0.31,1171,3443.4,0,51.4,98.6,67,30.1,63.5,531.5,60.7,638.2,161.1,160.1,1059.8,371392,3799,12.8,88.9,1510,2.7,1.14,30,39.7,75,25.42,12359351,73369,80.09,3476.94,0,1200,400,720,240,4200,7500,8500,102,1.5,6000,0,0,0,0,0,67.44,30,70.43,58.97,59.5,0,0
2026-10-01T10:27:24.017000+09:00,2026-10-01T01:27:24.017000+00:00,094623,1169.8,1,0,0,0,0,13579,500,13579,0,0,0,0,4655,-26560,10390,6,21376,0,129,0,1,0,0,0,0,0,0,0,31082107,2018,0.4,481.28,1651.05,0,51.1,96.9,68.6,30.2,63.5,533.2,62.1,625.5,149.4,148.2,1007.3,371392,3799,12.69,91.2,1490,2.73,1.03,21.3,35.5,75,13.42,12359354,73369,60.83,3476.94,0,1200,400,720,240,4200,7500,8500,102,1.5,6000,0,0,0,0,0,63.57,30,56.63,57.12,59.5,0,0
2026-10-01T10:28:24.085000+09:00,2026-10-01T01:28:24.085000+00:00,094623,1195.4,1,0,0,0,0,13579,502,13579,0,0,0,0,4651,-28608,18518,518,4992,528,129,0,1,0,0,2,0,0,0,0,31082107,2018,0.2,572.83,1768.24,0,50.9,98,69.1,30.2,62.9,527.9,61.6,622.5,144.3,143.1,1000.1,371392,3799,12.87,92.4,1500,2.77,1.03,21.6,34.6,75,12.01,12359356,73369,78.78,3476.94,0,1200,400,720,240,4200,7500,8500,102,1.5,6000,0,0,0,0,0,66.55,30,59.12,66.01,59.5,0,0
2026-10-01T10:29:24.196000+09:00,2026-10-01T01:29:24.196000+00:00,094623,2300.5,1,0,0,0,0,13579,498,13579,0,0,0,0,4655,-28608,10342,518,12676,0,129,0,1,0,0,2,0,0,0,0,31082107,2018,0.23,1113.62,3414.11,0,50.9,98,68.3,30.2,62.6,525,58.7,630.7,150.9,149.8,1020,371392,3799,12.73,88.2,1500,2.67,1.15,33.2,43.9,75,30.06,12359360,73369,74.63,3476.94,0,1200,400,720,240,4200,7500,8500,102,1.5,6000,0,0,0,0,0,77.14,30,71.76,64.4,59.5,0,0
2026-10-01T10:30:24.287000+09:00,2026-10-01T01:30:24.287000+00:00,094623,2356.6,1,0,0,0,0,13579,495,13579,0,0,0,0,4651,-28608,10326,6,4480,0,129,0,1,0,0,2,0,0,0,0,31082107,2018,0.29,1306.5,3663.14,0,51.1,97.8,66.9,30.3,63,532.8,57.7,636.2,157.7,156.9,1049.6,371392,3799,12.73,88.1,1490,2.65,1.16,33.9,43.9,75,31.5,12359365,73369,79.33,3476.95,0,1200,400,720,240,4200,7500,8500,102,1.5,6000,0,0,0,0,0,72.49,30,70.95,61.42,59.6,0,0
2026-10-01T10:31:24.383000+09:00,2026-10-01T01:31:24.383000+00:00,094623,2466.5,1,0,0,0,0,13579,495,13579,0,0,0,0,4651,-28608,12374,6,4512,72,129,0,1,0,0,2,0,0,0,0,31082107,2018,0.35,1275.98,3742.48,0,51.4,98.1,66.5,30.3,63.5,535.5,57.1,637.1,162.3,161.5,1035.7,371392,3799,12.71,89.3,1490,2.64,1.16,34.1,43.5,75,31.03,12359370,73369,78.97,3476.95,0,1200,400,720,240,4200,7500,8500,102,1.5,6000,0,0,0,0,0,69.11,30,71.95,63.24,59.5,0,0
2026-10-01T10:32:24.479000+09:00,2026-10-01T01:32:24.479000+00:00,094623,1555.5,1,0,0,0,0,13579,500,13579,0,0,0,0,4651,-28608,10326,6,4992,0,129,0,1,0,0,2,0,0,0,0,31082107,2018,0.38,594.81,2150.33,0,51.5,97.4,67.7,30.3,64,536.7,61.2,636,160.3,159.4,1061.8,371393,3800,12.76,90.4,1510,2.72,1.11,24,37.2,75,15.27,12359374,73369,79.3,3476.95,0,1200,400,720,240,4200,7500,8500,102,1.5,6000,0,0,0,0,0,60.84,30,59.51,55.93,59.6,0,0
2026-10-01T10:33:24.597000+09:00,2026-10-01T01:33:24.597000+00:00,094623,1416.4,1,0,0,0,0,13579,525,13579,0,0,0,0,4655,-28608,18518,6,4992,16,129,0,1,0,0,0,0,0,0,0,31082107,2018,0.37,746.18,2162.54,0,51.1,98.3,69.5,30.4,63.5,532.5,61.8,621.8,145.2,144.1,1012.6,371393,3800,12.97,93.3,1580,2.84,1.07,24.8,38.6,75,15.51,12359376,73369,66.11,3476.95,0,1200,400,720,240,4200,7500,8500,102,1.5,6000,0,0,0,0,0,70.1,30,64.06,69.75,59.6,0,0
2026-10-01T10:34:24.679000+09:00,2026-10-01T01:34:24.679000+00:00,094623,1501.8,1,0,0,0,0,13579,493,13579,0,0,0,0,4651,-28608,10326,6,4480,0,129,0,1,0,0,2,0,0,0,0,31082107,2018,0.24,757.16,2258.98,0,51.2,98,69,30.4,62.7,528.7,59.6,618.8,141.5,140.3,1031.7,371393,3800,12.74,89.6,1490,2.68,1.2,27.3,44.3,75,19.38,12359379,73369,74.36,3476.95,0,1200,400,720,240,4200,7500,8500,102,1.5,6000,0,0,0,0,0,71.18,30,63.75,62.65,59.6,0,0
2026-10-01T10:35:24.753000+09:00,2026-10-01T01:35:24.753000+00:00,094623,2196.7,1,0,0,0,0,13579,496,13579,0,0,0,0,4651,-28608,10326,6,4480,0,129,0,1,0,0,2,0,0,0,0,31082107,2018,0.28,1094.09,3290.81,0,51.2,98.5,67.6,30.5,62.7,532.3,58.3,630.7,154.8,154.1,1031.1,371393,3800,12.73,88.3,1500,2.67,1.14,32.7,44.4,75,31.51,12359383,73369,78.16,3476.95,0,1200,400,720,240,4200,7500,8500,102,1.5,6000,0,0,0,0,0,74.63,30,72.97,63.95,59.6,0,0
2026-10-01T10:36:24.834000+09:00,2026-10-01T01:36:24.834000+00:00,094623,2548.3,1,0,0,0,0,13579,496,13579,0,0,0,0,4655,-26560,12374,6,4512,72,129,0,1,0,0,2,0,0,0,0,31082107,2018,0.32,1348,3896.3,0,51.3,97.8,66.7,30.6,63.1,531.1,58.5,636.2,160.4,159.7,1043.3,371393,3800,12.29,88.8,1500,2.66,1.16,34.7,42.8,75,31.15,12359389,73369,80.03,3476.95,0,1200,400,720,240,4200,7500,8500,102,1.5,6000,0,0,0,0,0,70.72,30,70.98,63.19,59.5,0,0
2026-10-01T10:37:24.928000+09:00,2026-10-01T01:37:24.928000+00:00,094623,1345.6,1,0,0,0,0,13579,500,13579,0,0,0,0,4651,-28608,10326,6,4992,0,129,0,1,0,0,2,0,0,0,0,31082107,2018,0.37,527.67,1873.23,0,51.3,97.2,67.6,30.7,63.6,537.7,57.7,629.4,155.7,155,1028.2,371393,3800,12.62,89.9,1510,2.72,1.12,23.2,38.8,75,13.51,12359393,73369,71.33,3476.95,0,1200,400,720,240,4200,7500,8500,102,1.5,6000,0,0,0,0,0,60.44,30,57.27,54.06,59.6,0,0
2026-10-01T10:38:25.010000+09:00,2026-10-01T01:38:25.010000+00:00,094623,1163.7,1,0,0,0,0,13579,492,13579,0,0,0,0,4651,-28608,10326,6,4992,0,129,0,1,0,0,0,0,0,0,0,31082107,2018,0.37,511.79,1675.47,0,51,98.1,69.1,30.7,63.1,534.6,59.5,619.6,144.9,143.7,1001.2,371394,3801,12.36,93.4,1480,2.68,1.1,22.4,38.2,75,11.79,12359395,73369,63.49,3476.96,0,1200,400,720,240,4200,7500,8500,102,1.5,6000,0,0,0,0,0,64.88,30,59.08,65.77,59.6,0,0
2026-10-01T10:39:25.125000+09:00,2026-10-01T01:39:25.125000+00:00,094623,1813.1,1,0,0,0,0,13579,493,13579,0,0,0,0,4651,-28608,10326,6,4480,0,129,0,1,0,0,2,0,0,0,0,31082107,2018,0.22,954.92,2768.03,0,51.1,98.8,68.9,30.8,62.6,524.6,60,623.1,144.6,143.6,1018.2,371394,3801,12.7,89.5,1490,2.65,1.2,29.5,43.4,75,22.59,12359397,73369,76.39,3476.96,0,1200,400,720,240,4200,7500,8500,102,1.5,6000,0,0,0,0,0,72.93,30,67.77,64.74,59.7,0,0
2026-10-01T10:40:25.207000+09:00,2026-10-01T01:40:25.207000+00:00,094623,2284.6,1,0,0,0,0,13579,494,13579,0,0,0,0,4651,-28608,10326,6,4480,0,129,0,1,0,0,2,0,0,0,0,31082107,2018,0.24,1185.64,3470.26,0,51.2,98.5,67.8,31,62.9,531.1,59.2,633.7,157.1,156.4,1039,371394,3801,12.73,87.7,1490,2.64,1.15,33.2,43.8,75,31.57,12359402,73369,78.94,3476.96,0,1200,400,720,240,4200,7500,8500,102,1.5,6000,0,0,0,0,0,75.17,30,73.03,61.81,59.6,0,0
2026-10-01T10:41:25.311000+09:00,2026-10-01T01:41:25.311000+00:00,094623,2583.4,1,0,0,0,0,13579,494,13579,0,0,0,0,4655,-28608,12374,518,4512,8,129,0,1,0,0,2,0,0,0,0,31082107,2018,0.32,1452.07,4035.46,0,51.3,98,67,31,63.4,531,56.5,635.6,163.3,162.8,1041.6,371394,3801,12.65,88.8,1490,2.62,1.16,34.5,41.7,75,30.22,12359407,73369,78.53,3476.96,0,1200,400,720,240,4200,7500,8500,102,1.5,6000,0,0,0,0,0,71.87,30,71.8,62.28,59.6,0,0
2026-10-01T10:42:25.410000+09:00,2026-10-01T01:42:25.410000+00:00,094623,1250.3,1,0,0,0,0,13579,512,13579,0,0,0,0,4651,-28608,10326,6,4992,0,129,0,1,0,0,2,0,0,0,0,31082107,2018,0.31,564.29,1814.63,0,51.2,97.2,67.9,31.1,63.7,531.7,58.5,626.2,153.8,152.7,1036.5,371394,3801,12.62,90.7,1520,2.8,1,21.3,33.7,75,15.29,12359411,73369,70.99,3476.96,0,1200,400,720,240,4200,7500,8500,102,1.5,6000,0,0,0,0,0,61.65,30,57.52,55.58,59.6,0,0
2026-10-01T10:43:25.499000+09:00,2026-10-01T01:43:25.499000+00:00,094623,1254.0,1,0,0,0,0,13579,516,13579,0,0,0,0,4651,-28608,10326,6,4992,0,129,0,1,0,0,2,0,0,0,0,31082107,2018,0.22,625.32,1879.33,0,51,97.3,69,31.1,63.1,528.4,68.8,619.7,145.6,144.4,1020.6,371394,3801,12.93,94.2,1540,2.85,1.01,21.8,33.8,75,16.21,12359413,73369,68.86,3476.96,0,1200,400,720,240,4200,7500,8500,102,1.5,6000,0,0,0,0,0,65.93,30,56.6,70.3,59.7,0,0
2026-10-01T10:44:25.593000+09:00,2026-10-01T01:44:25.593000+00:00,094623,1980.6,1,0,0,0,0,13579,492,13579,0,0,0,0,4655,-26560,10326,590,4480,8192,129,0,1,0,0,2,0,0,0,0,31082107,2018,0.22,984.22,2964.87,0,51.1,99.5,68.7,31.1,62.7,526.6,63.4,622,145.8,144.6,1025.7,371395,3802,12.26,88.6,1490,2.64,1.17,31.3,45.1,75,27.32,12359416,73369,71.88,3476.96,0,1200,400,720,240,4200,7500,8500,102,1.5,6000,0,0,0,0,0,75.82,30,73.21,64.37,59.7,0,0
2026-10-01T10:45:25.693000+09:00,2026-10-01T01:45:25.693000+00:00,094623,2416.5,1,0,0,0,0,13579,495,13579,0,0,0,0,4655,-28608,10326,6,4480,0,129,0,1,0,0,2,0,0,0,0,31082107,2018,0.24,1304.06,3720.51,0,51.3,97.3,67.2,31.1,62.9,529.7,60.4,630.5,158.6,157.8,1045.4,371395,3802,12.73,87.6,1500,2.66,1.15,33.8,42.9,75,31.45,12359421,73369,79.8,3476.96,0,1200,400,720,240,4200,7500,8500,102,1.5,6000,0,0,0,0,0,73.53,30,69.28,60.76,59.7,0,0
2026-10-01T10:46:25.804000+09:00,2026-10-01T01:46:25.804000+00:00,094623,2525.1,1,0,0,0,0,13579,496,13579,0,0,0,0,4655,-28608,18582,6,20864,528,129,0,1,0,0,2,0,0,0,0,31082107,2018,0.29,1333.35,3858.46,0,51.4,97.6,66.6,31.2,63.5,533.6,58.3,633.6,163.2,162.5,1043.1,371395,3802,12.77,89.9,1500,2.63,1.14,33.8,42,75,31.27,12359426,73369,77.37,3476.97,0,1200,400,720,240,4200,7500,8500,102,1.5,6000,0,0,0,0,0,70.01,30,69.13,65.82,59.7,0,0
2026-10-01T10:47:25.883000+09:00,2026-10-01T01:47:25.883000+00:00,094623,1492.0,1,0,0,0,0,13579,502,13579,0,0,0,0,4651,-28608,10326,6,4992,0,129,0,1,0,0,2,0,0,0,0,31082107,2018,0.21,614.34,2106.39,0,51.7,98.2,67.7,31.3,63.9,539.5,58.7,630.8,158.6,157.8,1047.6,371395,3802,12.93,90.6,1510,2.74,1.11,24.1,38,75,15.71,12359430,73369,84.6,3476.97,0,1200,400,720,240,4200,7500,8500,102,1.5,6000,0,0,0,0,0,61.73,30,60.53,59.76,59.7,0,0
2026-10-01T10:48:25.995000+09:00,2026-10-01T01:48:25.995000+00:00,094623,1698.4,1,0,0,0,0,13579,433,13579,0,0,0,0,4651,-28608,10342,6,13188,0,129,0,1,0,0,2,0,0,0,0,31082107,2018,0.26,752.28,2450.64,0,51.4,98,69.2,31.5,63.5,535.4,64.8,619.3,146.1,145.2,1006.5,371395,3802,12.88,90.8,1350,2.36,1.54,28.3,40.9,75,11.44,12359433,73369,62.45,3476.97,0,1200,400,720,240,4200,7500,8500,102,1.5,6000,0,0,0,0,0,64.09,30,57.14,57.86,59.7,0,0
2026-10-01T10:49:26.090000+09:00,2026-10-01T01:49:26.090000+00:00,094623,1569.0,1,0,0,0,0,13579,493,13579,0,0,0,0,4651,-28608,8278,6,4480,8,129,0,1,0,0,2,0,0,0,0,31082107,2018,0.16,740.07,2309.03,0,51.3,98,68.9,31.6,62.9,527.4,62.9,619.7,143.7,142.6,1029.2,371395,3802,12.62,91.3,1490,2.67,1.19,27.2,42.7,75,18.65,12359435,73369,69.91,3476.97,0,1200,400,720,240,4200,7500,8500,102,1.5,6000,0,0,0,0,0,70.25,30,62.51,67.46,59.6,0,0
2026-10-01T10:50:26.174000+09:00,2026-10-01T01:50:26.174000+00:00,094623,2221.1,1,0,0,0,0,13579,496,13579,0,0,0,0,4651,-28608,10326,6,4480,0,129,0,1,0,0,2,0,0,0,0,31082107,2018,0.23,1195.41,3416.55,0,51.6,99.2,68,31.7,62.9,531.7,60.1,627.2,155.5,155,1029.9,371396,3803,12.73,88.6,1500,2.66,1.15,33,44.1,75,31.18,12359440,73369,83.84,3476.97,0,1200,400,720,240,4200,7500,8500,102,1.5,6000,0,0,0,0,0,75.99,30,74.93,67.2,59.7,0,0
2026-10-01T10:51:26.279000+09:00,2026-10-01T01:51:26.279000+00:00,094623,2428.7,1,0,0,0,0,13579,497,13579,0,0,0,0,4651,-28608,18518,6,4480,528,129,0,1,0,0,2,0,0,0,0,31082107,2018,0.25,1284.52,3713.19,0,51.8,97.5,67.3,31.8,63.4,533.1,59.5,629.8,159.7,159.1,1059.6,371396,3803,12.58,87.9,1500,2.64,1.15,33.6,42.9,75,31.37,12359445,73369,79.64,3476.97,0,1200,400,720,240,4200,7500,8500,102,1.5,6000,0,0,0,0,0,73.49,30,70.67,61.94,59.7,0,0
2026-10-01T10:52:26.378000+09:00,2026-10-01T01:52:26.378000+00:00,094623,2482.4,1,0,0,0,0,13579,494,13579,0,0,0,0,4655,-28608,10326,590,4480,8192,129,0,1,0,0,2,0,0,0,0,31082107,2018,0.3,1343.12,3825.49,0,51.9,97.5,66.8,31.9,63.8,535.8,62.6,634.1,161.8,161.1,1045.5,371396,3803,12.86,90.2,1490,2.63,1.17,34.3,43.1,75,31.16,12359450,73369,79.6,3476.97,0,1200,400,720,240,4200,7500,8500,102,1.5,6000,0,0,0,0,0,70.27,30,69.27,66.99,59.7,0,0
2026-10-01T10:53:26.476000+09:00,2026-10-01T01:53:26.476000+00:00,094623,1490.8,1,0,0,0,0,13579,499,13579,0,0,0,0,4651,-28608,10326,6,4992,0,129,0,1,0,0,2,0,0,0,0,31082107,2018,0.24,632.65,2123.48,0,52,98.2,68.1,32.3,64.1,537.9,59.3,630.6,158.3,157.6,1063.8,371396,3803,12.74,90.8,1510,2.72,1.12,23.7,37,75,14.17,12359454,73369,84.99,3476.97,0,1200,400,720,240,4200,7500,8500,102,1.5,6000,0,0,0,0,0,62.32,30,60.25,59.65,59.7,0,0
2026-10-01T10:54:26.571000+09:00,2026-10-01T01:54:26.571000+00:00,094623,1125.8,1,0,0,0,0,13579,516,13579,0,0,0,0,4651,-28608,12374,6,5024,8,129,0,1,0,0,2,0,0,0,0,31082107,2018,0.27,558.18,1684.01,0,51.7,97.6,69.5,32.3,63.6,532.2,60.5,620.8,146,144.8,1016.8,371396,3803,12.41,90.9,1530,2.79,1.01,21.2,35,75,12.05,12359456,73369,63,3476.98,0,1200,400,720,240,4200,7500,8500,102,1.5,6000,0,0,0,0,0,67.16,30,57.51,60.25,59.8,0,0
2026-10-01T10:55:26.670000+09:00,2026-10-01T01:55:26.670000+00:00,094623,1545.8,1,0,0,0,0,13579,493,13579,0,0,0,0,4651,-28608,10326,6,4480,0,129,0,1,0,0,2,0,0,0,0,31082107,2018,0.21,743.74,2289.5,0,51.6,98.2,68.8,32.5,62.8,530.2,59.2,618.3,141.7,140.4,1011.4,371396,3803,12.88,91.1,1490,2.65,1.2,27.7,44.9,75,20.71,12359459,73369,71.28,3476.98,0,1200,400,720,240,4200,7500,8500,102,1.5,6000,0,0,0,0,0,72.28,30,64.67,68.75,59.8,0,0
2026-10-01T10:56:26.772000+09:00,2026-10-01T01:56:26.772000+00:00,094623,2296.8,1,0,0,0,0,13579,495,13579,0,0,0,0,4651,-28608,18518,6,4480,528,129,0,1,0,0,2,0,0,0,0,31082107,2018,0.26,1190.53,3487.35,0,51.8,99.6,67.7,32.8,62.8,532.3,59.5,628,154.5,153.9,1030.3,371397,3804,12.8,88.2,1500,2.65,1.15,33.2,43.9,75,31.17,12359463,73369,80.8,3476.98,0,1200,400,720,240,4200,7500,8500,102,1.5,6000,0,0,0,0,0,75.57,30,76.25,65.62,59.8,0,0
2026-10-01T10:57:26.849000+09:00,2026-10-01T01:57:26.849000+00:00,094623,2533.7,1,0,0,0,0,13579,497,13579,0,0,0,0,4651,-28608,10326,6,4480,0,129,0,1,0,0,2,0,0,0,0,31082107,2018,0.3,1411.48,3945.13,0,51.8,96.6,67,33,63.3,532.1,60,635.5,159.2,158.5,1034.8,371397,3804,12.48,88,1500,2.64,1.16,34.3,42.2,75,31.48,12359468,73369,80.71,3476.98,0,1200,400,720,240,4200,7500,8500,102,1.5,6000,0,0,0,0,0,72.58,30,67.73,61.48,59.7,0,0
2026-10-01T10:58:26.960000+09:00,2026-10-01T01:58:26.960000+00:00,094623,1376.1,1,0,0,0,0,13579,500,13579,0,0,0,0,4651,-28608,10326,6,4992,0,129,0,1,0,0,2,0,0,0,0,31082107,2018,0.39,596.03,1972.11,0,51.7,98.2,67.4,33.1,63.6,539.3,58.1,630.4,155.3,154.7,1006.8,371397,3804,12.74,90.2,1510,2.71,1.12,23.2,38.1,75,13.76,12359473,73369,73.27,3476.98,0,1200,400,720,240,4200,7500,8500,102,1.5,6000,0,0,0,0,0,61.23,30,60.07,55.8,59.8,0,0
2026-10-01T10:59:27.048000+09:00,2026-10-01T01:59:27.048000+00:00,094623,1083.1,1,0,0,0,0,13579,508,13579,0,0,0,0,4651,-28608,12374,518,5024,72,129,0,1,0,0,0,0,0,0,0,31082107,2018,0.35,510.57,1593.68,0,51.4,97.5,69.1,33.2,63,534.2,62.6,617,143,141.8,1019.6,371397,3804,12.63,93.3,1510,2.76,1.03,21,36,75,12.01,12359475,73369,65.63,3476.98,0,1200,400,720,240,4200,7500,8500,102,1.5,6000,0,0,0,0,0,66.04,30,56.71,66.61,59.8,0,0
2026-10-01T11:00:27.136000+09:00,2026-10-01T02:00:27.136000+00:00,094623,1747.2,1,0,0,0,0,13579,493,13579,0,0,0,0,4651,-28608,10326,6,4480,0,129,0,1,0,0,2,0,0,0,0,31082107,2018,0.24,954.92,2702.11,0,51.5,99.3,68.8,33.2,62.3,526.3,59.6,617.4,141.9,140.9,1014.8,371397,3804,12.61,89.5,1490,2.64,1.2,28.7,42.7,75,21.32,12359477,73369,74.1,3476.98,0,1200,400,720,240,4200,7500,8500,102,1.5,6000,0,0,0,0,0,72.64,30,68.55,64.01,59.8,0,0
2026-10-01T11:01:27.233000+09:00,2026-10-01T02:01:27.233000+00:00,094623,2407.9,1,0,0,0,0,13579,493,13579,0,0,0,0,4651,-28608,18518,6,4480,528,129,0,1,0,0,2,0,0,0,0,31082107,2018,0.27,1267.43,3675.34,0,51.5,98.4,67.5,33.2,62.6,530.7,64.2,628.7,156.4,155.7,1021.2,371397,3804,12.74,88.5,1490,2.63,1.15,33.6,42.8,75,31.03,12359482,73369,76.02,3476.98,0,1200,400,720,240,4200,7500,8500,102,1.5,6000,0,0,0,0,0,74.75,30,72.42,64.91,59.8,0,0
2026-10-01T11:02:27.326000+09:00,2026-10-01T02:02:27.326000+00:00,094623,2531.2,1,0,0,0,0,13579,496,13579,0,0,0,0,4651,-28608,10326,6,4480,0,129,0,1,0,0,2,0,0,0,0,31082107,2018,0.31,1328.47,3859.68,0,51.5,98.5,67,33.2,63.1,532.6,61.1,633,161.6,160.9,1051.2,371398,3805,12.73,89.5,1500,2.64,1.15,33.9,42.3,75,31.16,12359487,73369,79.63,3476.99,0,1200,400,720,240,4200,7500,8500,102,1.5,6000,0,0,0,0,0,72.21,30,73.64,66.53,59.8,0,0
2026-10-01T11:03:27.428000+09:00,2026-10-01T02:03:27.428000+00:00,094623,2384.7,1,0,0,0,0,13579,501,13579,0,0,0,0,4651,-28608,10390,6,21376,0,129,0,1,0,0,2,0,0,0,0,31082107,2018,0.25,1178.32,3563.04,0,51.7,98.1,67.1,33.1,63.5,534.8,60.7,634.5,162.7,162,1052.8,371398,3805,12.76,90.6,1510,2.66,1.13,31.3,40.8,75,28.81,12359492,73369,81.72,3476.99,0,1200,400,720,240,4200,7500,8500,102,1.5,6000,0,0,0,0,0,68.92,30,70.79,67.76,59.8,0,0
2026-10-01T11:04:27.508000+09:00,2026-10-01T02:04:27.508000+00:00,094623,1661.7,1,0,0,0,0,13579,439,13579,0,0,0,0,4655,-28608,12374,6,5024,72,129,0,1,0,0,2,0,0,0,0,31082107,2018,0.22,771.81,2433.55,0,51.8,96.8,68.7,33.1,63.5,537.3,61.2,624.4,150.1,149.2,1025.3,371398,3805,12.85,91.4,1430,2.43,1.37,27.4,40.1,75,11.17,12359495,73369,73.13,3476.99,0,1200,400,720,240,4200,7500,8500,102,1.5,6000,0,0,0,0,0,62.46,30,55.31,60.54,59.8,0,0
2026-10-01T11:05:27.618000+09:00,2026-10-01T02:05:27.618000+00:00,094623,1601.9,1,0,0,0,0,13579,427,13579,0,0,0,0,4655,-28608,10390,6,21376,0,129,0,1,0,0,2,0,0,0,0,31082107,2018,0.15,732.75,2334.67,0,51.6,98.1,69.3,33.1,62.7,535.8,62.1,617.2,141.8,140.9,1003.9,371398,3805,12.74,90.7,1390,2.37,1.48,27.9,41.8,75,11.24,12359497,73369,70.23,3476.99,0,1200,400,720,240,4200,7500,8500,102,1.5,6000,0,0,0,0,0,65.8,30,58.47,60.55,59.8,0,0
2026-10-01T11:06:27.706000+09:00,2026-10-01T02:06:27.706000+00:00,094623,2091.7,1,0,0,0,0,13579,495,13579,0,0,0,0,4651,-28608,18518,6,4480,16,129,0,1,0,0,2,0,0,0,0,31082107,2018,0.27,1095.31,3187.05,0,51.6,97.6,68.2,33,62.1,528.4,60.9,622.7,145.6,144.5,1021.3,371398,3805,12.26,89.4,1490,2.64,1.17,32.4,45.2,75,29.38,12359500,73369,69.21,3476.99,0,1200,400,720,240,4200,7500,8500,102,1.5,6000,0,0,0,0,0,76.1,30,68.99,68.86,59.8,0,0
2026-10-01T11:07:27.808000+09:00,2026-10-01T02:07:27.808000+00:00,094623,2416.5,1,0,0,0,0,13579,496,13579,0,0,0,0,4651,-28608,10342,6,12676,0,129,0,1,0,0,2,0,0,0,0,31082107,2018,0.28,1283.3,3699.76,0,51.9,98.9,67.4,32.8,62.4,531.7,61.1,632.2,157,156.6,1034,371398,3805,12.58,88.6,1500,2.64,1.15,33.7,42.8,75,31.02,12359506,73369,81.47,3476.99,0,1200,400,720,240,4200,7500,8500,102,1.5,6000,0,0,0,0,0,74.08,30,74.92,65.86,59.7,0,0
2026-10-01T11:08:27.897000+09:00,2026-10-01T02:08:27.897000+00:00,094623,2249.2,1,0,0,0,0,13579,501,13579,0,0,0,0,4655,-28608,10326,6,4992,0,129,0,1,0,0,2,0,0,0,0,31082107,2018,0.31,1151.46,3400.68,0,52,96.6,67.2,32.6,63.1,532.2,58.8,634.6,162.2,161.8,1029.6,371399,3806,12.8,88.7,1510,2.68,1.14,30,39.6,75,25.89,12359511,73369,81.33,3476.99,0,1200,400,720,240,4200,7500,8500,102,1.5,6000,0,0,0,0,0,68.77,30,63.57,60.25,59.8,0,0
2026-10-01T11:09:28.027000+09:00,2026-10-01T02:09:28.027000+00:00,094623,1142.9,1,0,0,0,0,13579,506,13579,0,0,0,0,4651,-28608,12374,6,5024,72,129,0,1,0,0,0,0,0,0,0,31082107,2018,0.41,547.2,1690.11,0,51.8,98,68.4,32.6,63,532.6,60.3,623.7,149.4,148.6,1029.5,371399,3806,12.82,89.8,1500,2.76,1.03,21.3,34.9,75,12.06,12359513,73369,61.54,3476.99,0,1200,400,720,240,4200,7500,8500,102,1.5,6000,0,0,0,0,0,63.58,30,58.93,54.34,59.7,0,0
2026-10-01T11:10:28.119000+09:00,2026-10-01T02:10:28.119000+00:00,094623,1124.6,1,0,0,0,0,13579,510,13579,0,0,0,0,4651,-28608,10326,6,4992,0,129,0,1,0,0,0,0,0,0,0,31082107,2018,0.28,567.95,1692.56,0,51.5,97.2,69.1,32.6,62.4,529.6,61.1,620.4,143.2,142.1,1020.1,371399,3806,12.76,94.4,1510,2.78,1.02,21.3,34.9,75,12.15,12359515,73369,70.58,3477,0,1200,400,720,240,4200,7500,8500,102,1.5,6000,0,0,0,0,0,67.02,30,55.91,70.85,59.8,0,0
2026-10-01T11:11:28.212000+09:00,2026-10-01T02:11:28.212000+00:00,094623,2260.2,1,0,0,0,0,13579,494,13579,0,0,0,0,4655,-28608,10326,518,4480,0,129,0,1,0,0,2,0,0,0,0,31082107,2018,0.22,1205.18,3465.38,0,51.8,99.6,68.6,32.6,61.9,526.1,62,627.1,149.8,149,1043.5,371399,3806,12.18,88.4,1490,2.63,1.15,33.1,43.5,75,29.71,12359519,73369,79.72,3477,0,1200,400,720,240,4200,7500,8500,102,1.5,6000,0,0,0,0,0,78.38,30,75.41,66.51,59.8,0,0
2026-10-01T11:12:28.293000+09:00,2026-10-01T02:12:28.293000+00:00,094623,2368.8,1,0,0,0,0,13579,496,13579,0,0,0,0,4655,-28608,10326,6,4480,0,129,0,1,0,0,2,0,0,0,0,31082107,2018,0.22,1337.02,3705.86,0,51.9,96.8,67.2,32.6,62.5,531.5,59.7,630.7,159.4,158.9,1039.3,371399,3806,12.84,87.3,1500,2.64,1.16,33.8,43.2,75,31.05,12359524,73369,76.31,3477,0,1200,400,720,240,4200,7500,8500,102,1.5,6000,0,0,0,0,0,74.49,30,68.14,59.57,59.7,0,0
2026-10-01T11:13:28.399000+09:00,2026-10-01T02:13:28.399000+00:00,094623,2412.8,1,0,0,0,0,13579,495,13579,0,0,0,0,4651,-28608,10326,6,4480,0,129,0,1,0,0,2,0,0,0,0,31082107,2018,0.31,1223.49,3636.28,0,51.9,97.7,66.4,32.6,62.8,535.4,58.9,632.7,162.9,162.2,1037.8,371399,3806,12.86,91.2,1500,2.63,1.15,33.5,43.2,75,31.03,12359529,73369,75.79,3477,0,1200,400,720,240,4200,7500,8500,102,1.5,6000,0,0,0,0,0,70.01,30,69.53,69.64,59.8,0,0
2026-10-01T11:14:28.470000+09:00,2026-10-01T02:14:28.470000+00:00,094623,2013.6,1,0,0,0,0,13579,501,13579,0,0,0,0,4651,-28608,12374,6,5024,8,129,0,1,0,0,2,0,0,0,0,31082107,2018,0.25,928.07,2941.68,0,52.3,99.8,67.8,32.6,63.3,535.6,61.4,635.4,163.8,163,1073.6,371400,3807,12.77,89.3,1510,2.69,1.1,27.5,37.9,75,21.94,12359534,73369,90,3477,0,1200,400,720,240,4200,7500,8500,102,1.5,6000,0,0,0,0,0,66.74,30,70.54,60.43,59.8,0,0
2026-10-01T11:15:28.573000+09:00,2026-10-01T02:15:28.573000+00:00,094623,1577.5,1,0,0,0,0,13579,431,13579,0,0,0,0,4651,-28608,10326,6,4992,0,129,0,1,0,0,2,0,0,0,0,31082107,2018,0.29,643.63,2221.14,0,52,96.4,69.1,32.7,63.1,536.6,61.1,625.2,149.4,148.3,1025.2,371400,3807,12.42,89.5,1280,2.38,1.9,27.8,41.5,75,11.39,12359536,73369,58.51,3477,0,1200,400,720,240,4200,7500,8500,102,1.5,6000,0,0,0,0,0,64.16,30,53.48,52.3,59.8,0,0
2026-10-01T11:16:28.659000+09:00,2026-10-01T02:16:28.659000+00:00,094623,1199.1,1,0,0,0,0,13579,495,13579,0,0,0,0,4651,-28608,10326,6,4480,0,129,0,1,0,0,2,0,0,0,0,31082107,2018,0.3,508.13,1707.21,0,51.8,98.3,68.9,32.8,62.3,533.2,65.1,623.1,144.4,143.3,1023.5,371400,3807,12.84,93.9,1490,2.7,1.14,23.1,39.4,75,11.34,12359538,73369,65.21,3477,0,1200,400,720,240,4200,7500,8500,102,1.5,6000,0,0,0,0,0,66.67,30,59.99,68.97,59.8,0,0
2026-10-01T11:17:28.739000+09:00,2026-10-01T02:17:28.739000+00:00,094623,2246.8,1,0,0,0,0,13579,496,13579,0,0,0,0,4651,-28608,10326,6,4480,0,129,0,1,0,0,2,0,0,0,0,31082107,2018,0.24,1145.36,3392.13,0,52.2,100.5,68.6,32.8,62.1,528.1,60.7,629.4,152.3,151.4,1041.9,371400,3807,12.85,87.4,1500,2.65,1.15,33.1,44.3,75,30.65,12359542,73369,86.3,3477,0,1200,400,720,240,4200,7500,8500,102,1.5,6000,0,0,0,0,0,78.53,30,78.91,64.14,59.8,0,0
2026-10-01T11:18:28.839000+09:00,2026-10-01T02:18:28.839000+00:00,094623,2532.4,1,0,0,0,0,13579,494,13579,0,0,0,0,4655,-28608,10326,6,4480,0,129,0,1,0,0,2,0,0,0,0,31082107,2018,0.27,1295.51,3827.94,0,52.2,95.5,67.5,32.8,62.6,530.6,60.3,635.1,160.2,159.5,1054.7,371400,3807,12.36,88.1,1490,2.63,1.16,34,42.4,75,30.94,12359547,73369,80.77,3477.01,0,1200,400,720,240,4200,7500,8500,102,1.5,6000,0,0,0,0,0,75.44,30,64.61,62.53,59.8,0,0
2026-10-01T11:19:28.934000+09:00,2026-10-01T02:19:28.934000+00:00,094623,1334.6,1,0,0,0,0,13579,490,13579,0,0,0,0,4651,-28608,18518,6,4992,528,129,0,1,0,0,2,0,0,0,0,31082107,2018,0.35,274.97,1609.55,0,52,98.3,67.4,32.8,62.8,536,59.4,632,154.5,153.8,1031.1,371400,3807,12.52,90,1480,2.69,0.88,23.6,40.2,75,12.33,12359551,73369,72.14,3477.01,0,1200,400,720,240,4200,7500,8500,102,1.5,6000,0,0,0,0,0,62.09,30,60.16,55.26,59.8,0,0
2026-10-01T11:20:29.021000+09:00,2026-10-01T02:20:29.021000+00:00,094623,1221.1,1,0,0,0,0,13579,497,13579,0,0,0,0,4655,-28608,10326,590,4992,8194,129,0,1,0,0,2,0,0,0,0,31082107,2018,0.34,541.09,1762.14,0,51.8,97.7,68.7,32.8,62.3,533,69.9,625.4,145.4,144.4,1030,371401,3808,12.58,94.2,1500,2.72,1.13,22.8,38.5,75,11.34,12359553,73369,63.46,3477.01,0,1200,400,720,240,4200,7500,8500,102,1.5,6000,0,0,0,0,0,65.96,30,57.43,69.46,59.9,0,0
2026-10-01T11:21:29.120000+09:00,2026-10-01T02:21:29.120000+00:00,094623,1886.7,1,0,0,0,0,13579,493,13579,0,0,0,0,4655,-28608,10326,6,4480,0,129,0,1,0,0,2,0,0,0,0,31082107,2018,0.23,984.22,2870.88,0,51.8,99.2,68.8,32.8,61.8,523.4,65.4,626.7,145,144,1019.1,371401,3808,12.8,89.2,1490,2.64,1.2,30,43.8,75,23.33,12359556,73369,76.49,3477.01,0,1200,400,720,240,4200,7500,8500,102,1.5,6000,0,0,0,0,0,75.34,30,70.52,65.14,59.9,0,0
2026-10-01T11:22:29.230000+09:00,2026-10-01T02:22:29.230000+00:00,094623,2235.8,1,0,0,0,0,13579,494,13579,0,0,0,0,4651,-28608,12438,518,20864,8,129,0,1,0,0,2,0,0,0,0,31082107,2018,0.27,1103.85,3339.64,0,51.9,97.9,67.3,32.9,62,533.9,64.7,633.3,157,156.6,1046.5,371401,3808,12.65,88.3,1500,2.65,1.16,33,44.9,75,30.67,12359560,73369,76.06,3477.01,0,1200,400,720,240,4200,7500,8500,102,1.5,6000,0,0,0,0,0,75.12,30,71.38,64.23,59.9,0,0
2026-10-01T11:23:29.333000+09:00,2026-10-01T02:23:29.333000+00:00,094623,2540.7,1,0,0,0,0,13579,497,13579,0,0,0,0,4651,-28608,10326,6,4480,0,129,0,1,0,0,2,0,0,0,0,31082107,2018,0.31,1475.26,4015.93,0,52.1,98.6,66.5,32.9,62.4,531.4,61.5,635.7,163.4,163.3,1051.4,371401,3808,12.71,88.9,1510,2.65,1.16,34.4,42.3,75,31.06,12359566,73369,79.93,3477.01,0,1200,400,720,240,4200,7500,8500,102,1.5,6000,0,0,0,0,0,71.01,30,73.95,63.88,59.9,0,0
2026-10-01T11:24:29.444000+09:00,2026-10-01T02:24:29.444000+00:00,094623,2223.6,1,0,0,0,0,13579,502,13579,0,0,0,0,4655,-28608,18582,6,21376,528,129,0,1,0,0,2,0,0,0,0,31082107,2018,0.33,1036.71,3260.29,0,52.2,96.9,67.1,32.9,62.9,535.6,61.1,638.3,166.5,166.2,1061,371401,3808,12.73,89.4,1510,2.69,1.11,29.1,38.9,75,24.57,12359571,73369,79.86,3477.01,0,1200,400,720,240,4200,7500,8500,102,1.5,6000,0,0,0,0,0,66.77,30,64.59,60.19,59.8,0,0
2026-10-01T11:25:29.512000+09:00,2026-10-01T02:25:29.512000+00:00,094623,1147.8,1,0,0,0,0,13579,491,13579,0,0,0,0,4651,-28608,10326,6,4992,0,129,0,1,0,0,0,0,0,0,0,31082107,2018,0.4,545.98,1693.78,0,52,98.2,68.9,33,62.8,534.2,60.4,629,151.8,150.9,1029.5,371401,3808,12.63,90.7,1470,2.68,1.07,21.7,36.2,75,11.61,12359573,73369,61.77,3477.01,0,1200,400,720,240,4200,7500,8500,102,1.5,6000,0,0,0,0,0,63.95,30,59.34,56.12,59.9,0,0
2026-10-01T11:26:29.627000+09:00,2026-10-01T02:26:29.627000+00:00,094623,1108.7,1,0,0,0,0,13579,495,13579,0,0,0,0,4651,-28608,10342,6,13188,0,129,0,1,0,0,0,0,0,0,0,31082107,2018,0.25,525.22,1633.96,0,51.8,97,69.4,33,62.1,531.4,59.9,625.2,145.6,144.5,1022,371402,3809,12.62,94.1,1480,2.7,1.05,21.6,36.4,75,11.8,12359575,73369,72.16,3477.01,0,1200,400,720,240,4200,7500,8500,102,1.5,6000,0,0,0,0,0,67.45,30,55.68,70.6,59.8,0,0
2026-10-01T11:27:29.723000+09:00,2026-10-01T02:27:29.723000+00:00,094623,2232.1,1,0,0,0,0,13579,495,13579,0,0,0,0,4655,-28608,12374,6,4512,72,129,0,1,0,0,2,0,0,0,0,31082107,2018,0.23,1152.68,3384.81,0,51.9,99.1,68.5,32.9,61.7,527.4,60.9,631.2,151.2,150.6,1038,371402,3809,12.71,88.1,1490,2.65,1.17,33.1,44.3,75,30.23,12359579,73369,75.29,3477.02,0,1200,400,720,240,4200,7500,8500,102,1.5,6000,0,0,0,0,0,78.08,30,74.06,64.8,59.9,0,0
2026-10-01T11:28:29.803000+09:00,2026-10-01T02:28:29.803000+00:00,094623,2471.4,1,0,0,0,0,13579,497,13579,0,0,0,0,4651,-28608,10326,518,4480,0,129,0,1,0,0,2,0,0,0,0,31082107,2018,0.29,1327.25,3798.64,0,52.1,98,66.9,32.9,62.2,531.5,60.9,636.1,160.7,160.1,1044.7,371402,3809,12.71,88.1,1500,2.64,1.15,33.6,42.2,75,30.82,12359584,73369,74.88,3477.02,0,1200,400,720,240,4200,7500,8500,102,1.5,6000,0,0,0,0,0,73.19,30,72.14,61.69,59.8,0,0
2026-10-01T11:29:29.915000+09:00,2026-10-01T02:29:29.915000+00:00,094623,1983.1,1,0,0,0,0,13579,500,13579,0,0,0,0,4651,-28608,18518,6,4992,528,129,0,1,0,0,2,0,0,0,0,31082107,2018,0.3,891.45,2874.54,0,52.3,97.6,66.7,32.9,62.8,535.8,59.6,639.3,163.2,162.6,1065.1,371402,3809,12.86,90.5,1510,2.69,1.1,27.4,38,75,21.93,12359589,73369,76.78,3477.02,0,1200,400,720,240,4200,7500,8500,102,1.5,6000,0,0,0,0,0,64.62,30,64.64,61.87,59.8,0,0
2026-10-01T11:30:29.990000+09:00,2026-10-01T02:30:29.990000+00:00,094623,1501.8,1,0,0,0,0,13579,448,13579,0,0,0,0,4655,-28608,10326,6,4992,0,129,0,1,0,0,2,0,0,0,0,31082107,2018,0.19,615.56,2117.37,0,52.1,97.6,68.9,33,62.6,536.2,60.5,627.6,148.8,147.8,1003.3,371402,3809,12.73,93.3,1280,2.45,1.98,27.1,41.8,75,11.25,12359591,73369,67.97,3477.02,0,1200,400,720,240,4200,7500,8500,102,1.5,6000,0,0,0,0,0,63.98,30,56.86,66.39,59.8,0,0
2026-10-01T11:31:30.079000+09:00,2026-10-01T02:31:30.079000+00:00,094623,1128.3,1,0,0,0,0,13579,497,13579,0,0,0,0,4651,-28608,10326,518,4480,0,129,0,1,0,0,2,0,0,0,0,31082107,2018,0.16,525.22,1653.49,0,52.1,98.3,69.1,33,62,532.7,61.1,624.3,143.2,142,1014.6,371402,3809,12.85,90.1,1490,2.72,1.13,22.5,39.2,75,11.22,12359593,73369,68.52,3477.02,0,1200,400,720,240,4200,7500,8500,102,1.5,6000,0,0,0,0,0,67.42,30,60.36,60.03,59.8,0,0
2026-10-01T11:32:30.168000+09:00,2026-10-01T02:32:30.168000+00:00,094623,2266.3,1,0,0,0,0,13579,495,13579,0,0,0,0,4655,-28608,12374,6,4512,72,129,0,1,0,0,2,0,0,0,0,31082107,2018,0.29,1216.16,3482.47,0,52.1,98.4,68,33,61.6,528.5,59,632.2,152.1,151.3,1039.7,371403,3810,12.71,89.4,1500,2.64,1.17,33.4,43.9,75,30.35,12359597,73369,72.62,3477.02,0,1200,400,720,240,4200,7500,8500,102,1.5,6000,0,0,0,0,0,76.53,30,71.86,69.22,59.8,0,0
2026-10-01T11:33:30.271000+09:00,2026-10-01T02:33:30.271000+00:00,094623,2516.2,1,0,0,0,0,13579,505,13579,0,0,0,0,4651,-28608,10326,6,4992,0,129,0,1,0,0,2,0,0,0,0,31082107,2018,0.26,1434.98,3951.23,0,52.3,98.2,67.2,33,62.3,528.3,58.1,638.6,162.3,161.8,1043.7,371403,3810,12.79,88.3,1530,2.7,1.14,32.7,40.1,75,29.69,12359602,73369,85.06,3477.02,0,1200,400,720,240,4200,7500,8500,102,1.5,6000,0,0,0,0,0,72.66,30,72.2,63.15,59.8,0,0
2026-10-01T11:34:30.359000+09:00,2026-10-01T02:34:30.359000+00:00,094623,1146.6,1,0,0,0,0,13579,498,13579,0,0,0,0,4651,-28608,18518,6,4992,528,129,0,1,0,0,2,0,0,0,0,31082107,2018,0.34,470.29,1616.87,0,52,97.3,68,33.1,62.5,536.7,58.4,627.2,150.5,149.6,1000.1,371403,3810,12.74,89.4,1500,2.72,1.11,22.1,38.9,75,11.3,12359605,73369,58.97,3477.02,0,1200,400,720,240,4200,7500,8500,102,1.5,6000,0,0,0,0,0,63.17,30,57.1,53.6,59.8,0,0
2026-10-01T11:35:30.444000+09:00,2026-10-01T02:35:30.444000+00:00,094623,1103.8,1,0,0,0,0,13579,497,13579,0,0,0,0,4651,-28608,10326,6,4992,0,129,0,1,0,0,0,0,0,0,0,31082107,2018,0.33,447.1,1550.95,0,51.6,96.9,68.7,33.1,61.7,536.6,62.1,621.4,141.6,140.5,1004.2,371403,3810,12.7,94,1500,2.72,1.12,22.4,40.4,75,11.38,12359607,73369,61.98,3477.03,0,1200,400,720,240,4200,7500,8500,102,1.5,6000,0,0,0,0,0,66.01,30,55.7,69.05,59.8,0,0
2026-10-01T11:36:30.530000+09:00,2026-10-01T02:36:30.530000+00:00,094623,2204.1,1,0,0,0,0,13579,494,13579,0,0,0,0,4651,-28608,10326,6,4480,0,129,0,1,0,0,2,0,0,0,0,31082107,2018,0.24,1147.8,3351.85,0,51.9,99.5,68.5,33.2,61.2,524.1,60.7,629.2,146,145.3,1022.3,371403,3810,12.27,88.9,1490,2.65,1.17,32.6,43.8,75,28.81,12359610,73369,77.37,3477.03,0,1200,400,720,240,4200,7500,8500,102,1.5,6000,0,0,0,0,0,77.26,30,73.68,67.86,59.8,0,0
2026-10-01T11:37:30.624000+09:00,2026-10-01T02:37:30.624000+00:00,094623,2633.4,1,0,0,0,0,13579,496,13579,0,0,0,0,4655,-26560,12374,6,5024,72,129,0,1,0,0,2,0,0,0,0,31082107,2018,0.24,1450.85,4084.29,0,52,97.5,67.4,33.2,61.8,526.2,59.2,636.6,158.9,158.4,1048.2,371403,3810,12.74,87.2,1500,2.64,1.16,35,41.6,75,30.61,12359615,73369,78.33,3477.03,0,1200,400,720,240,4200,7500,8500,102,1.5,6000,0,0,0,0,0,75.13,30,70.66,60.43,59.8,0,0
2026-10-01T11:38:30.728000+09:00,2026-10-01T02:38:30.728000+00:00,094623,1273.5,1,0,0,0,0,13579,499,13579,0,0,0,0,4651,-28608,10326,6,4992,0,129,0,1,0,0,2,0,0,0,0,31082107,2018,0.37,647.3,1920.83,0,51.9,97.8,67.5,33.2,62.3,528.7,59.1,630.3,153.4,152.7,1041,371404,3811,12.51,90.3,1490,2.74,1.02,21.5,33.2,75,12.56,12359619,73369,59.94,3477.03,0,1200,400,720,240,4200,7500,8500,102,1.5,6000,0,0,0,0,0,62.29,30,58.23,55.45,59.8,0,0
2026-10-01T11:39:30.810000+09:00,2026-10-01T02:39:30.810000+00:00,094623,1208.8,1,0,0,0,0,13579,506,13579,0,0,0,0,4651,-28608,18518,6,4992,16,129,0,1,0,0,0,0,0,0,0,31082107,2018,0.33,627.77,1836.6,0,51.7,97.7,68.7,33.2,61.9,527.2,62.2,625,146.2,145.2,1030.8,371404,3811,12.94,93.6,1510,2.76,1.02,21.5,33.4,75,13.34,12359621,73369,65.31,3477.03,0,1200,400,720,240,4200,7500,8500,102,1.5,6000,0,0,0,0,0,66.35,30,57.99,68.11,59.8,0,0
2026-10-01T11:40:30.907000+09:00,2026-10-01T02:40:30.907000+00:00,094623,2113.7,1,0,0,0,0,13579,492,13579,0,0,0,0,4651,-28608,10326,590,4480,8192,129,0,1,0,0,2,0,0,0,0,31082107,2018,0.23,1117.28,3230.99,0,51.8,99.1,68.8,33.2,61.6,522.3,62.9,628.9,147.8,147.2,1030.3,371404,3811,12.74,89.1,1490,2.64,1.17,31.9,43.4,75,26.41,12359623,73369,74.4,3477.03,0,1200,400,720,240,4200,7500,8500,102,1.5,6000,0,0,0,0,0,77.67,30,72.05,67.34,59.8,0,0
2026-10-01T11:41:30.997000+09:00,2026-10-01T02:41:30.997000+00:00,094623,2068.5,1,0,0,0,0,13579,495,13579,0,0,0,0,4655,-26560,10390,6,20864,0,129,0,1,0,0,2,0,0,0,0,31082107,2018,0.25,990.33,3058.87,0,52,98.4,67.4,33.2,61.9,536.2,60.7,635.4,155.9,155.6,1049.3,371404,3811,12.28,87.6,1500,2.63,1.14,32.2,46,75,30.94,12359628,73369,77.9,3477.03,0,1200,400,720,240,4200,7500,8500,102,1.5,6000,0,0,0,0,0,75.57,30,73.53,61.8,59.8,0,0
2026-10-01T11:42:31.090000+09:00,2026-10-01T02:42:31.090000+00:00,094623,2346.9,1,0,0,0,0,13579,496,13579,0,0,0,0,4651,-28608,12374,6,4512,72,129,0,1,0,0,2,0,0,0,0,31082107,2018,0.29,1195.41,3542.28,0,52.3,97.2,66.5,33.3,62.2,534.9,60.1,635,160.6,160.3,1073.8,371404,3811,12.71,90,1500,2.64,1.16,33.4,43.8,75,30.65,12359633,73369,75.73,3477.03,0,1200,400,720,240,4200,7500,8500,102,1.5,6000,0,0,0,0,0,71.19,30,69.13,67.06,59.8,0,0
2026-10-01T11:43:31.202000+09:00,2026-10-01T02:43:31.202000+00:00,094623,2564.2,1,0,0,0,0,13579,504,13579,0,0,0,0,4655,-28608,10342,518,13188,0,129,0,1,0,0,2,0,0,0,0,31082107,2018,0.26,1333.35,3897.52,0,52.5,98.2,67.2,33.4,62.7,532.1,70.4,637.7,164.9,164.6,1063.4,371404,3811,12.82,90.6,1520,2.69,1.14,32.6,40.3,75,29.23,12359639,73369,85.16,3477.04,0,1200,400,720,240,4200,7500,8500,102,1.5,6000,0,0,0,0,0,70.21,30,70.52,69.42,59.7,0,0
2026-10-01T11:44:31.308000+09:00,2026-10-01T02:44:31.308000+00:00,094623,1199.1,1,0,0,0,0,13579,498,13579,0,0,0,0,4651,-28608,10326,6,4992,0,129,0,1,0,0,2,0,0,0,0,31082107,2018,0.27,495.93,1695,0,52.5,97.7,68.8,33.4,62.9,537.8,63.1,629.6,152.5,151.8,1030.3,371405,3812,12.69,89.7,1500,2.71,1.12,22.4,38.7,75,11.24,12359642,73369,64.67,3477.04,0,1200,400,720,240,4200,7500,8500,102,1.5,6000,0,0,0,0,0,64.15,30,58.59,55.03,59.8,0,0
2026-10-01T11:45:31.400000+09:00,2026-10-01T02:45:31.400000+00:00,094623,1110.0,1,0,0,0,0,13579,497,13579,0,0,0,0,4651,-28608,10326,6,4992,0,129,0,1,0,0,2,0,0,0,0,31082107,2018,0.28,500.81,1610.77,0,52.2,97.7,69.2,33.5,62.1,535.2,69.7,623.4,143.8,142.9,1017.8,371405,3812,12.27,93.2,1490,2.72,1.12,22.3,39.1,75,11.32,12359644,73369,62.96,3477.04,0,1200,400,720,240,4200,7500,8500,102,1.5,6000,0,0,0,0,0,67.15,30,57.57,67.05,59.8,0,0
2026-10-01T11:46:31.495000+09:00,2026-10-01T02:46:31.495000+00:00,094623,2339.2,1,0,0,0,0,13579,493,13579,0,0,0,0,4655,-28608,10326,6,4480,0,129,0,1,0,0,2,0,0,0,0,31082107,2018,0.26,1438.64,3777.89,0,52.4,99.5,68.7,33.6,61.6,523.2,67.8,626.6,148.4,147.6,1022.7,371405,3812,12.76,89.6,1490,2.64,1.18,33.3,42,75,28.59,12359647,73369,75.48,3477.04,0,1200,400,720,240,4200,7500,8500,102,1.5,6000,0,0,0,0,0,77.84,30,73.91,70.51,59.8,0,0
2026-10-01T11:47:31.589000+09:00,2026-10-01T02:47:31.589000+00:00,094623,2387.2,1,0,0,0,0,13579,494,13579,0,0,0,0,4655,-28608,12374,6,4512,8,129,0,1,0,0,2,0,0,0,0,31082107,2018,0.23,1264.99,3652.15,0,52.6,97.2,67.8,33.6,62.3,532.8,63.8,634.1,158.9,158.4,1016.4,371405,3812,12.84,87.3,1490,2.63,1.15,33.3,42.9,75,30.71,12359652,73369,81.21,3477.04,0,1200,400,720,240,4200,7500,8500,102,1.5,6000,0,0,0,0,0,76.71,30,70.34,61.91,59.8,0,0
2026-10-01T11:48:31.694000+09:00,2026-10-01T02:48:31.694000+00:00,094623,2084.4,1,0,0,0,0,13579,501,13579,0,0,0,0,4655,-28608,10326,6,4992,0,129,0,1,0,0,2,0,0,0,0,31082107,2018,0.35,1030.61,3115.02,0,52.7,98.6,66.9,33.7,62.9,534.4,60.6,636.9,162.4,161.9,1051.2,371405,3812,12.77,89.6,1510,2.69,1.1,28.1,37.9,75,23.21,12359657,73369,74.22,3477.04,0,1200,400,720,240,4200,7500,8500,102,1.5,6000,0,0,0,0,0,67.79,30,67.68,61.34,59.8,0,0
2026-10-01T11:49:31.791000+09:00,2026-10-01T02:49:31.791000+00:00,094623,1102.6,1,0,0,0,0,13579,498,13579,0,0,0,0,4651,-28608,10326,6,4992,0,129,0,1,0,0,2,0,0,0,0,31082107,2018,0.34,449.54,1552.17,0,52.5,96.6,68.5,33.8,62.7,537.7,60.5,624.4,148,147.1,1012.1,371405,3812,12.7,91.9,1500,2.72,1.12,22.1,39.5,75,11.38,12359659,73369,65.69,3477.04,0,1200,400,720,240,4200,7500,8500,102,1.5,6000,0,0,0,0,0,65.06,30,55.17,62.26,59.8,0,0
2026-10-01T11:50:31.888000+09:00,2026-10-01T02:50:31.888000+00:00,094623,1078.2,1,0,0,0,0,13579,497,13579,0,0,0,0,4651,-28608,10326,6,4992,0,129,0,1,0,0,2,0,0,0,0,31082107,2018,0.17,487.38,1565.6,0,52.3,99.2,68.9,33.8,61.9,534.8,63.3,618.9,140.7,139.7,1031.8,371406,3813,12.63,91.8,1500,2.71,1.12,22.3,39.8,75,11.31,12359661,73369,71.2,3477.04,0,1200,400,720,240,4200,7500,8500,102,1.5,6000,0,0,0,0,0,67.57,30,63,65.29,59.8,0,0
2026-10-01T11:51:31.978000+09:00,2026-10-01T02:51:31.978000+00:00,094623,2468.9,1,0,0,0,0,13579,496,13579,0,0,0,0,4651,-28608,10326,6,4480,0,129,0,1,0,0,2,0,0,0,0,31082107,2018,0.28,1293.07,3762.02,0,52.3,98.1,68,33.7,61.6,524.2,68.4,628.4,151.6,151,1046.9,371406,3813,12.68,88.9,1500,2.63,1.15,33.9,42.2,75,30.4,12359665,73369,72.67,3477.05,0,1200,400,720,240,4200,7500,8500,102,1.5,6000,0,0,0,0,0,77.46,30,71.36,68.66,59.7,0,0
2026-10-01T11:52:32.063000+09:00,2026-10-01T02:52:32.063000+00:00,094623,2467.7,1,0,0,0,0,13579,494,13579,0,0,0,0,4655,-28608,2134,518,4480,528,129,0,1,0,0,2,0,0,0,0,31082107,2018,0.27,1322.37,3790.09,0,52.4,98,67.4,33.8,62.3,532.2,62.7,634.3,159.8,159.6,1035.6,371406,3813,12.91,88.4,1500,2.64,1.16,33.8,42.6,75,30.14,12359670,73369,83.98,3477.05,0,1200,400,720,240,4200,7500,8500,102,1.5,6000,0,0,0,0,0,75.22,30,72.98,65.07,59.8,0,0
2026-10-01T11:53:32.152000+09:00,2026-10-01T02:53:32.152000+00:00,094623,1927.9,1,0,0,0,0,13579,500,13579,0,0,0,0,4655,-28608,10326,6,4992,0,129,0,1,0,0,2,0,0,0,0,31082107,2018,0.34,879.24,2807.09,0,52.5,97.4,67.1,33.7,62.8,536.3,59.6,636.4,162.2,161.9,1031.5,371406,3813,12.84,88.9,1510,2.69,1.11,27.1,38.3,75,21.83,12359675,73369,78.17,3477.05,0,1200,400,720,240,4200,7500,8500,102,1.5,6000,0,0,0,0,0,66.89,30,63.26,58.43,59.7,0,0
2026-10-01T11:54:32.302000+09:00,2026-10-01T02:54:32.302000+00:00,094623,1622.7,1,0,0,0,0,13579,522,13579,0,0,0,0,4651,-28608,10326,6,4992,0,129,0,1,0,0,0,0,0,0,0,31082107,2018,0.41,831.63,2454.3,0,52.1,97.7,68.5,33.8,62.5,534.3,60.5,621.5,147,146.2,1018.2,371406,3813,12.69,90.1,1580,2.8,1.12,26.2,38.8,75,11.04,12359677,73369,59.66,3477.05,0,1200,400,720,240,4200,7500,8500,102,1.5,6000,0,0,0,0,0,69.06,30,62.43,59.32,59.7,0,0
2026-10-01T11:55:32.391000+09:00,2026-10-01T02:55:32.391000+00:00,094623,1228.4,1,0,0,0,0,13579,493,13579,0,0,0,0,4651,-28608,10326,518,4480,8,129,0,1,0,0,2,0,0,0,0,31082107,2018,0.18,585.04,1813.41,0,51.9,98.3,68.9,33.8,61.9,532.6,60.6,618,142.9,142,1025.6,371406,3813,12.41,94,1480,2.7,1.15,23.5,39.4,75,11.51,12359679,73369,75.74,3477.05,0,1200,400,720,240,4200,7500,8500,102,1.5,6000,0,0,0,0,0,67.86,30,59.65,72.12,59.7,0,0
2026-10-01T11:56:32.484000+09:00,2026-10-01T02:56:32.484000+00:00,094623,2215.0,1,0,0,0,0,13579,498,13579,0,0,0,0,4651,-28608,10326,6,4480,0,129,0,1,0,0,2,0,0,0,0,31082107,2018,0.21,1067.23,3282.27,0,52.2,99.2,68.2,33.8,61.7,530,59.8,627.2,152.2,151.7,1030.7,371407,3814,12.85,87.8,1500,2.67,1.14,32.4,44,75,30.71,12359683,73369,78.72,3477.05,0,1200,400,720,240,4200,7500,8500,102,1.5,6000,0,0,0,0,0,78.35,30,75.62,64.96,59.7,0,0
2026-10-01T11:57:32.582000+09:00,2026-10-01T02:57:32.582000+00:00,094623,2332.2,1,0,0,0,0,13579,497,13579,0,0,0,0,4651,-28608,18518,6,4480,528,129,0,1,0,0,2,0,0,0,0,31082107,2018,0.24,1184.42,3516.65,0,52.3,96.9,66.9,33.8,62.2,534.2,58.2,636.2,158.4,158,1048.1,371407,3814,12.74,88.1,1500,2.64,1.15,33.3,43.8,75,30.72,12359688,73369,75.64,3477.05,0,1200,400,720,240,4200,7500,8500,102,1.5,6000,0,0,0,0,0,73.88,30,68.54,62.16,59.7,0,0
2026-10-01T11:58:32.661000+09:00,2026-10-01T02:58:32.661000+00:00,094623,2361.5,1,0,0,0,0,13579,501,13579,0,0,0,0,4651,-28608,10326,590,4992,8192,129,0,1,0,0,2,0,0,0,0,31082107,2018,0.27,1291.85,3653.37,0,52.3,98,66.6,33.8,62.6,532.7,60,633.4,162.6,162.3,1072,371407,3814,12.64,92.1,1510,2.67,1.13,30.7,39.1,75,26.95,12359693,73369,79.42,3477.05,0,1200,400,720,240,4200,7500,8500,102,1.5,6000,0,0,0,0,0,67.82,30,68.07,70.9,59.7,0,0
2026-10-01T11:59:32.776000+09:00,2026-10-01T02:59:32.776000+00:00,094623,1384.6,1,0,0,0,0,13579,520,13579,0,0,0,0,4651,-28608,10326,6,4992,0,129,0,1,0,0,2,0,0,0,0,31082107,2018,0.2,770.59,2155.22,0,52.4,97.8,68.8,33.9,62.7,530.4,59.3,623.1,150,149.1,1018.4,371407,3814,12.61,90.8,1570,2.84,1.03,23.2,34.8,75,17.49,12359696,73369,71.34,3477.06,0,1200,400,720,240,4200,7500,8500,102,1.5,6000,0,0,0,0,0,66.86,30,60.41,62.3,59.7,0,0
2026-10-01T12:00:32.874000+09:00,2026-10-01T03:00:32.874000+00:00,094623,1423.7,1,0,0,0,0,13579,522,13579,0,0,0,0,4655,-28608,12438,6,21408,72,129,0,1,0,0,2,0,0,0,0,31082107,2018,0.25,791.34,2215.03,0,52.1,98,69.1,34,62.1,529.2,60,616.4,142.6,141.6,1007.6,371407,3814,12.93,90.2,1570,2.82,1.06,24.1,36.1,75,18.09,12359698,73369,63.75,3477.06,0,1200,400,720,240,4200,7500,8500,102,1.5,6000,0,0,0,0,0,70.59,30,61.76,62.23,59.6,0,0
2026-10-01T12:01:32.966000+09:00,2026-10-01T03:01:32.966000+00:00,094623,2350.5,1,0,0,0,0,13579,497,13579,0,0,0,0,4655,-28608,10326,6,4480,0,129,0,1,0,0,2,0,0,0,0,31082107,2018,0.29,1246.68,3597.22,0,52.1,98.2,68.2,34,61.7,525.3,60.2,623,149,148.2,1016,371407,3814,12.79,90.2,1500,2.64,1.16,33.1,42.8,75,29.86,12359702,73369,73.54,3477.06,0,1200,400,720,240,4200,7500,8500,102,1.5,6000,0,0,0,0,0,77.21,30,71.27,71.39,59.6,0,0
2026-10-01T12:02:33.053000+09:00,2026-10-01T03:02:33.053000+00:00,094623,2448.2,1,0,0,0,0,13579,496,13579,0,0,0,0,4655,-28608,18534,6,12676,528,129,0,1,0,0,2,0,0,0,0,31082107,2018,0.29,1352.88,3801.08,0,52.5,99.1,67.8,34.1,62.3,532.2,57.9,629.1,156.4,155.5,1049.9,371408,3815,12.7,88.3,1500,2.62,1.16,33.9,42.9,75,30.74,12359707,73369,82.83,3477.06,0,1200,400,720,240,4200,7500,8500,102,1.5,6000,0,0,0,0,0,76.5,30,75.99,65.22,59.6,0,0
2026-10-01T12:03:33.151000+09:00,2026-10-01T03:03:33.151000+00:00,094623,1612.9,1,0,0,0,0,13579,502,13579,0,0,0,0,4651,-28608,10326,6,4992,0,129,0,1,0,0,2,0,0,0,0,31082107,2018,0.32,727.87,2340.77,0,52.6,96.9,67.6,34.1,62.8,536.9,57.2,632.5,157.4,156.9,1035.8,371408,3815,12.68,88.8,1510,2.71,1.1,24.7,37.1,75,16.77,12359711,73369,72.08,3477.06,0,1200,400,720,240,4200,7500,8500,102,1.5,6000,0,0,0,0,0,66.13,30,59.91,54.81,59.6,0,0
2026-10-01T12:04:33.240000+09:00,2026-10-01T03:04:33.240000+00:00,094623,1125.8,1,0,0,0,0,13579,497,13579,0,0,0,0,4655,-26560,10326,6,4992,0,129,0,1,0,0,0,0,0,0,0,31082107,2018,0.4,467.85,1593.68,0,52.3,97.9,68.5,34.1,62.4,537.5,59.4,624.7,144,143.1,998.7,371408,3815,12.22,92,1490,2.72,1.13,22.2,39.4,75,11.33,12359713,73369,58.81,3477.06,0,1200,400,720,240,4200,7500,8500,102,1.5,6000,0,0,0,0,0,66.06,30,59.48,61.88,59.6,0,0
2026-10-01T12:05:33.338000+09:00,2026-10-01T03:05:33.338000+00:00,094623,1487.2,1,0,0,0,0,13579,494,13579,0,0,0,0,4655,-28608,12374,6,4512,72,129,0,1,0,0,2,0,0,0,0,31082107,2018,0.23,687.58,2174.75,0,52.3,98.3,68.7,34.2,61.8,529.1,60.6,622.3,140.1,139.1,1011.5,371408,3815,12.33,91.3,1490,2.68,1.19,26.2,42.5,75,16.51,12359715,73369,77.9,3477.06,0,1200,400,720,240,4200,7500,8500,102,1.5,6000,0,0,0,0,0,71.14,30,63.44,68.21,59.6,0,0
2026-10-01T12:06:33.428000+09:00,2026-10-01T03:06:33.428000+00:00,094623,2429.9,1,0,0,0,0,13579,497,13579,0,0,0,0,4651,-28608,10326,6,4480,0,129,0,1,0,0,2,0,0,0,0,31082107,2018,0.23,1196.63,3626.51,0,52.5,99,67.8,34.2,61.9,527.5,59.6,633.3,154.7,154.2,1034.3,371408,3815,12.84,87.6,1510,2.64,1.14,33.4,42.7,75,30.94,12359720,73369,78.74,3477.06,0,1200,400,720,240,4200,7500,8500,102,1.5,6000,0,0,0,0,0,77.44,30,75.52,63.89,59.6,0,0
2026-10-01T12:07:33.507000+09:00,2026-10-01T03:07:33.507000+00:00,094623,2715.2,1,0,0,0,0,13579,496,13579,0,0,0,0,4651,-28608,18518,6,4992,528,129,0,1,0,0,2,0,0,0,0,31082107,2018,0.32,1445.97,4161.2,0,52.6,96.9,66.9,34.2,62.5,529,59,637.7,160.4,159.9,1033.4,371408,3815,12.93,88.8,1510,2.64,1.17,35,41.5,75,30.92,12359725,73369,78.12,3477.06,0,1200,400,720,240,4200,7500,8500,102,1.5,6000,0,0,0,0,0,73.6,30,68.91,64.34,59.6,0,0
2026-10-01T12:08:33.630000+09:00,2026-10-01T03:08:33.630000+00:00,094623,1250.3,1,0,0,0,0,13579,493,13579,0,0,0,0,4651,-28608,10326,6,4992,0,129,0,1,0,0,2,0,0,0,0,31082107,2018,0.38,550.86,1801.2,0,52.6,97.8,67.9,34.2,62.8,533.5,58.7,633.5,151.9,151.1,1032,371409,3816,12.74,90.1,1480,2.69,1.04,21.7,35.1,75,11.54,12359728,73369,67.73,3477.07,0,1200,400,720,240,4200,7500,8500,102,1.5,6000,0,0,0,0,0,63.28,30,58.79,55.68,59.6,0,0
2026-10-01T12:09:33.723000+09:00,2026-10-01T03:09:33.723000+00:00,094623,1179.5,1,0,0,0,0,13579,493,13579,0,0,0,0,4651,-28608,10326,6,4992,0,129,0,1,0,0,0,0,0,0,0,31082107,2018,0.28,516.68,1696.22,0,52.3,97.6,69,34.2,62.3,531.4,58.1,627.2,143.4,142.5,1064.2,371409,3816,12.61,94.1,1470,2.69,1.06,21.7,36.1,75,11.65,12359730,73369,67.62,3477.07,0,1200,400,720,240,4200,7500,8500,102,1.5,6000,0,0,0,0,0,67.48,30,57.58,70.58,59.6,0,0
2026-10-01T12:10:33.819000+09:00,2026-10-01T03:10:33.819000+00:00,094623,2285.8,1,0,0,0,0,13579,493,13579,0,0,0,0,4655,-28608,12374,6,4512,72,129,0,1,0,0,2,0,0,0,0,31082107,2018,0.24,1188.08,3473.92,0,52.4,98.7,68.6,34.3,61.8,522.2,57.8,632.2,147.1,146.2,1029.2,371409,3816,12.8,89,1490,2.63,1.17,32.2,42.4,75,27.4,12359733,73369,72.85,3477.07,0,1200,400,720,240,4200,7500,8500,102,1.5,6000,0,0,0,0,0,77.81,30,71.9,67.24,59.6,0,0
2026-10-01T12:11:33.896000+09:00,2026-10-01T03:11:33.896000+00:00,094623,2534.9,1,0,0,0,0,13579,494,13579,0,0,0,0,4651,-28608,10326,6,4480,0,129,0,1,0,0,2,0,0,0,0,31082107,2018,0.27,1356.55,3891.42,0,52.6,98.8,67.4,34.3,62.3,529.7,56.6,637.8,157.5,157,1053.5,371409,3816,12.61,88,1500,2.62,1.17,34.2,42.5,75,30.84,12359738,73369,76.71,3477.07,0,1200,400,720,240,4200,7500,8500,102,1.5,6000,0,0,0,0,0,75.97,30,75.12,63.6,59.6,0,0
2026-10-01T12:12:34.055000+09:00,2026-10-01T03:12:34.055000+00:00,094623,1444.4,1,0,0,0,0,13579,499,13579,0,0,0,0,4655,-28608,18518,6,4992,528,129,0,1,0,0,2,0,0,0,0,31082107,2018,0.31,586.26,2030.7,0,52.7,97,67.3,34.3,62.8,536,59.6,637.4,154.6,154.1,1033.3,371409,3816,12.63,89.7,1510,2.71,1.13,23.5,37.9,75,13.12,12359742,73369,74.36,3477.07,0,1200,400,720,240,4200,7500,8500,102,1.5,6000,0,0,0,0,0,63.5,30,58.91,55.63,59.6,0,0
2026-10-01T12:13:34.096000+09:00,2026-10-01T03:13:34.096000+00:00,094623,1184.4,1,0,0,0,0,13579,506,13579,0,0,0,0,4651,-28608,10326,6,4992,0,129,0,1,0,0,2,0,0,0,0,31082107,2018,0.37,559.4,1743.83,0,52.3,98,68.5,34.4,62.3,529.5,63.9,629,144.8,143.8,1027.1,371409,3816,12.71,92.7,1500,2.76,1.02,21.4,34.2,75,12.28,12359744,73369,60.89,3477.07,0,1200,400,720,240,4200,7500,8500,102,1.5,6000,0,0,0,0,0,66.27,30,60,65.12,59.6,0,0
2026-10-01T12:14:34.192000+09:00,2026-10-01T03:14:34.192000+00:00,094623,1671.5,1,0,0,0,0,13579,494,13579,0,0,0,0,4655,-28608,10326,6,4480,0,129,0,1,0,0,2,0,0,0,0,31082107,2018,0.25,841.39,2512.89,0,52.4,98.1,68.8,34.4,61.8,525.7,63.7,628.6,141.9,141,1024.6,371410,3817,12.8,89.7,1490,2.67,1.18,28.3,43.7,75,20.33,12359746,73369,76.67,3477.07,0,1200,400,720,240,4200,7500,8500,102,1.5,6000,0,0,0,0,0,74.29,30,66.04,65.88,59.6,0,0
2026-10-01T12:15:34.294000+09:00,2026-10-01T03:15:34.294000+00:00,094623,2412.8,1,0,0,0,0,13579,495,13579,0,0,0,0,4651,-28608,12374,518,4512,72,129,0,1,0,0,2,0,0,0,0,31082107,2018,0.25,1211.28,3624.07,0,52.6,98.4,67.7,34.5,62,530.1,65.2,638.1,155.2,154.7,1049.5,371410,3817,12.85,87.8,1500,2.64,1.15,33.4,43.2,75,30.03,12359751,73369,77.85,3477.07,0,1200,400,720,240,4200,7500,8500,102,1.5,6000,0,0,0,0,0,77.22,30,73.98,63.74,59.6,0,0
2026-10-01T12:16:34.389000+09:00,2026-10-01T03:16:34.389000+00:00,094623,2599.6,1,0,0,0,0,13579,504,13579,0,0,0,0,4651,-28608,10326,6,4992,0,129,0,1,0,0,2,0,0,0,0,31082107,2018,0.34,1385.84,3985.41,0,52.7,96.8,66.9,34.5,62.6,530.7,60.7,643.8,161,160.7,1053.9,371410,3817,12.76,88.9,1530,2.67,1.15,33.1,40.8,75,30.61,12359756,73369,74.6,3477.08,0,1200,400,720,240,4200,7500,8500,102,1.5,6000,0,0,0,0,0,73.09,30,67.3,63.41,59.6,0,0
2026-10-01T12:17:34.488000+09:00,2026-10-01T03:17:34.488000+00:00,094623,1317.5,1,0,0,0,0,13579,495,13579,0,0,0,0,4655,-28608,10390,6,21376,0,129,0,1,0,0,0,0,0,0,0,31082107,2018,0.39,569.17,1886.65,0,52.7,97.9,68,34.4,62.8,534.5,66.1,635,152.2,151.7,1028.4,371410,3817,12.48,91.3,1490,2.69,1.11,22.6,36.4,75,10.42,12359759,73369,64.16,3477.08,0,1200,400,720,240,4200,7500,8500,102,1.5,6000,0,0,0,0,0,63.73,30,58.93,59.01,59.6,0,0
2026-10-01T12:18:34.569000+09:00,2026-10-01T03:18:34.569000+00:00,094623,1216.2,1,0,0,0,0,13579,493,13579,0,0,0,0,4651,-28608,10326,6,4992,0,129,0,1,0,0,0,0,0,0,0,31082107,2018,0.28,650.96,1867.12,0,52.5,97.6,69.1,34.5,62.3,531.5,64.3,628,144.8,144,1024.9,371410,3817,12.65,92.9,1490,2.68,1.12,22.8,37,75,11.24,12359761,73369,68.54,3477.08,0,1200,400,720,240,4200,7500,8500,102,1.5,6000,0,0,0,0,0,68.02,30,57.47,67.55,59.5,0,0
2026-10-01T12:19:34.680000+09:00,2026-10-01T03:19:34.680000+00:00,094623,2172.3,1,0,0,0,0,13579,493,13579,0,0,0,0,4655,-28608,10390,6,20864,0,129,0,1,0,0,2,0,0,0,0,31082107,2018,0.28,1134.37,3306.68,0,52.5,98.8,68.5,34.5,61.9,525.8,62.2,630.6,147.1,146.4,1025.8,371410,3817,12.8,89.1,1490,2.63,1.16,31.9,43.1,75,28.41,12359764,73369,69.1,3477.08,0,1200,400,720,240,4200,7500,8500,102,1.5,6000,0,0,0,0,0,78.1,30,72.53,67.44,59.5,0,0
2026-10-01T12:20:34.775000+09:00,2026-10-01T03:20:34.775000+00:00,094623,2311.5,1,0,0,0,0,13580,497,13580,0,0,0,0,4655,-28608,12374,6,4480,0,129,0,1,0,0,2,0,0,0,0,31082107,2018,0.31,1134.37,3445.84,0,52.7,98.7,67.3,34.4,62.3,534.3,60.7,640.6,157.4,157,1044.4,371411,3818,12.42,88.6,1500,2.63,1.15,33,43.9,75,30.67,12359769,73369,77.03,3477.08,0,1200,400,720,240,4200,7500,8500,102,1.5,6000,0,0,0,0,0,75.83,30,74.63,65.67,59.5,0,0
2026-10-01T12:21:34.868000+09:00,2026-10-01T03:21:34.868000+00:00,094623,2611.8,1,0,0,0,0,13580,494,13580,0,0,0,0,4655,-28608,10342,6,12676,0,129,0,1,0,0,2,0,0,0,0,31082107,2018,0.34,1418.8,4030.58,0,52.9,98.4,66.8,34.5,62.8,533,59.6,643.8,161.4,161.1,1076,371411,3818,12.7,89.4,1500,2.61,1.16,34.3,41.4,75,30.93,12359775,73369,78.88,3477.08,0,1200,400,720,240,4200,7500,8500,102,1.5,6000,0,0,0,0,0,72.82,30,74.54,66.47,59.5,0,0
2026-10-01T12:22:35.016000+09:00,2026-10-01T03:22:35.016000+00:00,094623,1337.0,1,0,0,0,0,13580,517,13580,0,0,0,0,4651,-28608,10326,6,4992,0,129,0,1,0,0,2,0,0,0,0,31082107,2018,0.38,635.09,1972.11,0,52.9,96.9,68.1,34.5,63.1,531.7,60,633.1,153.1,152.4,1023.5,371411,3818,12.71,90.3,1550,2.81,1,21.6,32.9,75,17.18,12359778,73369,70.84,3477.08,0,1200,400,720,240,4200,7500,8500,102,1.5,6000,0,0,0,0,0,64,30,58.14,57.13,59.5,0,0
2026-10-01T12:23:35.042000+09:00,2026-10-01T03:23:35.042000+00:00,094623,1246.7,1,0,0,0,0,13580,518,13580,0,0,0,0,4651,-28608,10326,6,4992,0,129,0,1,0,0,0,0,0,0,0,31082107,2018,0.32,626.54,1873.23,0,52.6,98,69.1,34.6,62.5,530.6,63,625.4,144,143,1013.8,371411,3818,12.88,93.7,1550,2.82,1.02,21.9,34.6,75,13.33,12359780,73369,64.8,3477.08,0,1200,400,720,240,4200,7500,8500,102,1.5,6000,0,0,0,0,0,68.68,30,61.01,70.64,59.5,0,0
2026-10-01T12:24:35.152000+09:00,2026-10-01T03:24:35.152000+00:00,094623,2046.6,1,0,0,0,0,13580,493,13580,0,0,0,0,4651,-28608,10326,6,4480,0,129,0,1,0,0,2,0,0,0,0,31082107,2018,0.27,1042.82,3089.39,0,52.7,98.4,68.8,34.6,61.9,525.6,60.8,629.9,144.5,143.8,1022.6,371411,3818,12.77,89.1,1490,2.62,1.18,31.1,44,75,26.37,12359783,73369,71.39,3477.09,0,1200,400,720,240,4200,7500,8500,102,1.5,6000,0,0,0,0,0,77.98,30,71,67.26,59.5,0,0
2026-10-01T12:25:35.244000+09:00,2026-10-01T03:25:35.244000+00:00,094623,2545.6,1,0,0,0,0,13580,496,13580,0,0,0,0,4651,-28608,18518,6,4480,528,129,0,1,0,0,2,0,0,0,0,31082107,2018,0.28,1436.2,3981.75,0,52.9,98,67.5,34.7,62.3,530.1,59.5,638.9,156.4,156,1046.5,371411,3818,12.71,88.5,1500,2.62,1.16,34,41.9,75,30.68,12359788,73369,77.27,3477.09,0,1200,400,720,240,4200,7500,8500,102,1.5,6000,0,0,0,0,0,76.72,30,73.19,65.9,59.5,0,0
2026-10-01T12:26:35.342000+09:00,2026-10-01T03:26:35.342000+00:00,094623,1467.6,1,0,0,0,0,13580,499,13580,0,0,0,0,4651,-28608,10326,6,4992,0,129,0,1,0,0,2,0,0,0,0,31082107,2018,0.34,692.46,2160.1,0,53,97.5,67.4,34.7,62.8,533,58.4,636.4,154.2,153.7,1042.3,371412,3819,12.75,89.6,1500,2.71,1.13,23.3,35.9,75,12.91,12359792,73369,72.48,3477.09,0,1200,400,720,240,4200,7500,8500,102,1.5,6000,0,0,0,0,0,63.99,30,59.41,56.21,59.5,0,0
2026-10-01T12:27:35.439000+09:00,2026-10-01T03:27:35.439000+00:00,094623,1171.0,1,0,0,0,0,13580,494,13580,0,0,0,0,4655,-28608,10326,590,4992,8192,129,0,1,0,0,2,0,0,0,0,31082107,2018,0.34,525.22,1696.22,0,52.7,97.7,68.5,34.7,62.5,533.8,64.4,627.1,144.5,143.5,1033.7,371412,3819,12.75,92.4,1490,2.69,1.11,22.2,37.3,75,11.22,12359794,73369,62.74,3477.09,0,1200,400,720,240,4200,7500,8500,102,1.5,6000,0,0,0,0,0,66.65,30,58.58,65.3,59.5,0,0
2026-10-01T12:28:35.539000+09:00,2026-10-01T03:28:35.539000+00:00,094623,1743.5,1,0,0,0,0,13580,493,13580,0,0,0,0,4651,-28608,10326,518,4480,0,129,0,1,0,0,2,0,0,0,0,31082107,2018,0.27,815.76,2559.28,0,52.7,98.2,68.6,34.7,62,526.1,62.6,627.9,142.1,141.2,1019.5,371412,3819,12.82,90,1490,2.64,1.19,28.7,43.6,75,21.35,12359796,73369,70.8,3477.09,0,1200,400,720,240,4200,7500,8500,102,1.5,6000,0,0,0,0,0,74.82,30,66.82,67.41,59.5,0,0
2026-10-01T12:29:35.689000+09:00,2026-10-01T03:29:35.689000+00:00,094623,2213.8,1,0,0,0,0,13580,495,13580,0,0,0,0,4651,-28608,10326,6,4480,0,129,0,1,0,0,2,0,0,0,0,31082107,2018,0.29,1085.54,3299.36,0,52.9,98.7,67.6,34.7,62.1,534.8,62.1,636.1,152.9,152.7,1042.6,371412,3819,12.58,88.6,1500,2.62,1.15,32.5,44.6,75,30.61,12359801,73369,78.57,3477.09,0,1200,400,720,240,4200,7500,8500,102,1.5,6000,0,0,0,0,0,77.15,30,74.6,66.98,59.5,0,0
2026-10-01T12:30:35.736000+09:00,2026-10-01T03:30:35.736000+00:00,094623,2392.0,1,0,0,0,0,13580,500,13580,0,0,0,0,4651,-28608,18518,6,4992,528,129,0,1,0,0,2,0,0,0,0,31082107,2018,0.32,1299.17,3691.21,0,53.1,97.4,66.9,34.7,62.6,529.4,64.3,640.6,160,159.6,1063.5,371412,3819,12.41,89.2,1510,2.65,1.14,30.3,38.3,75,25.74,12359806,73369,80.18,3477.09,0,1200,400,720,240,4200,7500,8500,102,1.5,6000,0,0,0,0,0,70.29,30,66.97,63.61,59.5,0,0
2026-10-01T12:31:35.843000+09:00,2026-10-01T03:31:35.843000+00:00,094623,1186.9,1,0,0,0,0,13580,509,13580,0,0,0,0,4655,-28608,10326,6,4992,0,129,0,1,0,0,2,0,0,0,0,31082107,2018,0.37,552.08,1738.94,0,53,97.6,68.3,34.8,62.8,531.7,66.3,628.9,148.3,147.5,1026,371412,3819,12.2,90.7,1520,2.77,1.01,21.2,34.2,75,12.63,12359809,73369,62.8,3477.09,0,1200,400,720,240,4200,7500,8500,102,1.5,6000,0,0,0,0,0,65.37,30,58.74,59.39,59.5,0,0
2026-10-01T12:32:35.942000+09:00,2026-10-01T03:32:35.942000+00:00,094623,1196.6,1,0,0,0,0,13580,516,13580,0,0,0,0,4655,-28608,10326,6,4992,0,129,0,1,0,0,2,0,0,0,0,31082107,2018,0.31,610.67,1807.31,0,52.7,97.8,68.8,34.8,62.2,530.1,68,622.5,140.5,139.6,1008.6,371413,3820,12.91,92.6,1550,2.82,1.02,21.5,34.6,75,14.57,12359811,73369,66.66,3477.1,0,1200,400,720,240,4200,7500,8500,102,1.5,6000,0,0,0,0,0,68.06,30,58.96,67.84,59.4,0,0
2026-10-01T12:33:36.039000+09:00,2026-10-01T03:33:36.039000+00:00,094623,2457.7,1,0,0,0,0,13580,496,13580,0,0,0,0,4655,-28608,12374,6,4512,72,129,0,1,0,0,2,0,0,0,0,31082107,2018,0.28,1487.47,3945.13,0,52.8,99.4,68.3,34.8,61.8,524.3,65.1,631.3,148.6,148,1022.8,371413,3820,12.68,88.7,1500,2.64,1.15,33.5,41.2,75,30.07,12359814,73369,74.09,3477.1,0,1200,400,720,240,4200,7500,8500,102,1.5,6000,0,0,0,0,0,78.7,30,75.27,68.24,59.4,0,0
2026-10-01T12:34:36.124000+09:00,2026-10-01T03:34:36.124000+00:00,094623,2312.7,1,0,0,0,0,13580,494,13580,0,0,0,0,4655,-26560,10326,6,4480,4,129,0,1,0,0,2,0,0,0,0,31082107,2018,0.28,1208.84,3521.53,0,53,97.2,67.6,34.8,62.5,536.2,62.4,636.3,152.9,152.2,1034.4,371413,3820,12.56,88.1,1490,2.61,1.17,33.4,44.1,75,30.32,12359819,73369,78.44,3477.1,0,1200,400,720,240,4200,7500,8500,102,1.5,6000,0,0,0,0,0,76.95,30,70.41,64.13,59.4,0,0
2026-10-01T12:35:36.232000+09:00,2026-10-01T03:35:36.232000+00:00,094623,1896.1,1,0,0,0,0,13580,500,13580,0,0,0,0,4655,-28608,18518,6,4992,528,129,0,1,0,0,2,0,0,0,0,31082107,2018,0.34,902.43,2798.55,0,53.2,98.2,67.2,34.8,62.9,537.5,63,637.8,155.9,154.7,1042.4,371413,3820,12.93,89.3,1510,2.68,1.11,26.7,37.8,75,20.15,12359824,73369,75.75,3477.1,0,1200,400,720,240,4200,7500,8500,102,1.5,6000,0,0,0,0,0,67.94,30,65.21,58.89,59.5,0,0
2026-10-01T12:36:36.345000+09:00,2026-10-01T03:36:36.345000+00:00,094623,1598.3,1,0,0,0,0,13580,523,13580,0,0,0,0,4655,-28608,10390,6,21376,0,129,0,1,0,0,0,0,0,0,0,31082107,2018,0.4,836.51,2434.77,0,52.9,97.6,68.3,34.8,62.7,530,65.9,626.3,144,142.5,1028,371413,3820,12.44,91.2,1570,2.82,1.05,24.4,34.8,75,18.18,12359826,73369,62.21,3477.1,0,1200,400,720,240,4200,7500,8500,102,1.5,6000,0,0,0,0,0,68.94,30,61.54,63.3,59.4,0,0
2026-10-01T12:37:36.409000+09:00,2026-10-01T03:37:36.409000+00:00,094623,1290.6,1,0,0,0,0,13580,493,13580,0,0,0,0,4651,-28608,10326,6,4480,0,129,0,1,0,0,2,0,0,0,0,31082107,2018,0.22,539.87,1830.5,0,52.8,98.2,68.9,34.9,62.3,531.7,65.7,623.2,139.5,137.9,1016,371413,3820,12.68,91.7,1490,2.67,1.16,23.9,40.2,75,12.71,12359828,73369,73.74,3477.1,0,1200,400,720,240,4200,7500,8500,102,1.5,6000,0,0,0,0,0,69.58,30,60.79,66.67,59.5,0,0
2026-10-01T12:38:36.517000+09:00,2026-10-01T03:38:36.517000+00:00,094623,2304.1,1,0,0,0,0,13580,495,13580,0,0,0,0,4655,-28608,12438,6,20896,72,129,0,1,0,0,2,0,0,0,0,31082107,2018,0.27,1117.28,3421.43,0,52.9,98.5,68,34.9,62,529.9,65.8,632.3,147.3,146,1043,371414,3821,12.67,89,1500,2.63,1.15,33.1,43.9,75,30.49,12359832,73369,74.2,3477.1,0,1200,400,720,240,4200,7500,8500,102,1.5,6000,0,0,0,0,0,78.63,30,73.62,68.42,59.4,0,0
2026-10-01T12:39:36.613000+09:00,2026-10-01T03:39:36.613000+00:00,094623,2367.6,1,0,0,0,0,13580,496,13580,0,0,0,0,4651,-28608,10326,518,4480,0,129,0,1,0,0,2,0,0,0,0,31082107,2018,0.26,1243.02,3610.64,0,53.1,98.8,66.9,34.9,62.5,535.6,66.9,637,154.9,153.7,1046.8,371414,3821,12.76,89.3,1500,2.62,1.16,33.2,43.3,75,30.49,12359837,73369,80.28,3477.1,0,1200,400,720,240,4200,7500,8500,102,1.5,6000,0,0,0,0,0,74.53,30,75.93,68.16,59.4,0,0
2026-10-01T12:40:36.713000+09:00,2026-10-01T03:40:36.713000+00:00,094623,2111.3,1,0,0,0,0,13580,502,13580,0,0,0,0,4655,-28608,18534,518,13188,528,129,0,1,0,0,2,0,0,0,0,31082107,2018,0.21,1091.65,3202.92,0,53.4,98,66.9,34.9,63,534.6,63.5,639.1,159.5,158.5,1061.5,371414,3821,12.26,90.9,1510,2.68,1.1,27.2,35.6,75,20.65,12359842,73369,79.84,3477.11,0,1200,400,720,240,4200,7500,8500,102,1.5,6000,0,0,0,0,0,66.31,30,67.97,66.23,59.4,0,0
2026-10-01T12:41:36.796000+09:00,2026-10-01T03:41:36.796000+00:00,094623,1625.1,1,0,0,0,0,13580,523,13580,0,0,0,0,4655,-28608,10326,6,4992,0,129,0,1,0,0,2,0,0,0,0,31082107,2018,0.18,950.04,2575.15,0,53.2,97.1,69,34.9,63,530.9,66,626.7,145.7,144.2,1041.5,371414,3821,12.8,91.3,1580,2.81,1.09,25.8,36.4,75,9.85,12359844,73369,66.11,3477.11,0,1200,400,720,240,4200,7500,8500,102,1.5,6000,0,0,0,0,0,71.23,30,62.44,67.92,59.4,0,0
2026-10-01T12:42:36.879000+09:00,2026-10-01T03:42:36.879000+00:00,094623,1151.5,1,0,0,0,0,13580,493,13580,0,0,0,0,4651,-28608,10326,6,4480,0,129,0,1,0,0,2,0,0,0,0,31082107,2018,0.16,477.61,1629.08,0,53.2,98.4,69,34.9,62.5,533.9,65.9,624.2,139.5,137.7,1007.4,371414,3821,12.7,90.1,1480,2.67,1.15,23,40.6,75,12.1,12359846,73369,65.41,3477.11,0,1200,400,720,240,4200,7500,8500,102,1.5,6000,0,0,0,0,0,69.43,30,62.46,61.72,59.4,0,0
2026-10-01T12:43:36.990000+09:00,2026-10-01T03:43:36.990000+00:00,094623,2103.9,1,0,0,0,0,13580,494,13580,0,0,0,0,4651,-28608,12374,6,4512,72,129,0,1,0,0,2,0,0,0,0,31082107,2018,0.26,1003.75,3107.7,0,53.2,98,68,34.9,62.1,533.6,65.7,630.3,145.9,144.5,1019.5,371414,3821,12.46,89.8,1500,2.64,1.15,32.2,45.7,75,30.25,12359850,73369,75.51,3477.11,0,1200,400,720,240,4200,7500,8500,102,1.5,6000,0,0,0,0,0,78.53,30,72.76,72.12,59.4,0,0
2026-10-01T12:44:37.159000+09:00,2026-10-01T03:44:37.159000+00:00,094623,2578.5,1,0,0,0,0,13580,495,13580,0,0,0,0,4651,-28608,10326,6,4480,0,129,0,1,0,0,2,0,0,0,0,31082107,2018,0.24,1483.81,4062.32,0,53.5,99,67.4,34.9,62.5,532.1,64.6,636,155.4,154.5,1048.9,371415,3822,12.44,88.4,1500,2.62,1.17,34.5,41.9,75,30.92,12359856,73369,82.37,3477.11,0,1200,400,720,240,4200,7500,8500,102,1.5,6000,0,0,0,0,0,76.34,30,77.27,66.91,59.5,0,0
2026-10-01T12:45:37.203000+09:00,2026-10-01T03:45:37.203000+00:00,094623,1454.2,1,0,0,0,0,13580,499,13580,0,0,0,0,4651,-28608,18518,6,4992,528,129,0,1,0,0,2,0,0,0,0,31082107,2018,0.26,630.21,2084.41,0,53.5,97,67.7,34.9,63.1,533.7,70.7,634.5,152.3,151.3,1038,371415,3822,12.9,88.9,1500,2.71,1.13,23.1,36,75,12.66,12359859,73369,69.24,3477.11,0,1200,400,720,240,4200,7500,8500,102,1.5,6000,0,0,0,0,0,64.95,30,59.84,54.92,59.4,0,0
2026-10-01T12:46:37.295000+09:00,2026-10-01T03:46:37.295000+00:00,094623,1179.5,1,0,0,0,0,13580,497,13580,0,0,0,0,4651,-28608,10326,6,4992,0,129,0,1,0,0,2,0,0,0,0,31082107,2018,0.27,513.02,1692.56,0,53,97.2,68.8,35,62.6,534.4,71,623.8,141.6,140.1,1018.6,371415,3822,12.36,93.1,1500,2.7,1.12,22.4,38.1,75,11.24,12359861,73369,60.65,3477.11,0,1200,400,720,240,4200,7500,8500,102,1.5,6000,0,0,0,0,0,68.07,30,57.96,68.12,59.4,0,0
2026-10-01T12:47:37.402000+09:00,2026-10-01T03:47:37.402000+00:00,094623,1717.9,1,0,0,0,0,13580,493,13580,0,0,0,0,4651,-28608,10326,6,4480,0,129,0,1,0,0,2,0,0,0,0,31082107,2018,0.23,796.23,2514.11,0,53.1,98.6,68.7,35,62,527.5,69,620.8,138.7,137.3,1014.9,371415,3822,12.59,89.5,1490,2.65,1.18,28.8,45,75,23.29,12359864,73369,73.53,3477.11,0,1200,400,720,240,4200,7500,8500,102,1.5,6000,0,0,0,0,0,76.26,30,69.03,67.98,59.4,0,0
2026-10-01T12:48:37.505000+09:00,2026-10-01T03:48:37.505000+00:00,094623,2135.7,1,0,0,0,0,13580,494,13580,0,0,0,0,4655,-28608,12374,6,4512,72,129,0,1,0,0,2,0,0,0,0,31082107,2018,0.24,1081.88,3217.57,0,53.3,98.3,67.5,35.1,62.1,536.5,67.8,627.6,148.7,147.9,1025,371415,3822,12.29,87.2,1490,2.61,1.16,32.3,45.2,75,30.52,12359869,73369,77.82,3477.11,0,1200,400,720,240,4200,7500,8500,102,1.5,6000,0,0,0,0,0,77.59,30,74.54,62.77,59.4,0,0
2026-10-01T12:49:37.588000+09:00,2026-10-01T03:49:37.588000+00:00,094623,2528.8,1,0,0,0,0,13580,502,13580,0,0,0,0,4655,-28608,10326,590,4992,8192,129,0,1,0,0,2,0,0,0,0,31082107,2018,0.35,1401.71,3930.48,0,53.4,96.8,66.4,35.3,62.5,530.8,66.5,634.8,156.4,155.4,1041.7,371415,3822,12.81,88.9,1510,2.64,1.15,32,39.5,75,27.99,12359874,73369,73.76,3477.12,0,1200,400,720,240,4200,7500,8500,102,1.5,6000,0,0,0,0,0,70.6,30,66.71,62.78,59.4,0,0
2026-10-01T12:50:37.682000+09:00,2026-10-01T03:50:37.682000+00:00,094623,1705.7,1,0,0,0,0,13580,453,13580,0,0,0,0,4651,-28608,18518,6,4992,0,129,0,1,0,0,2,0,0,0,0,31082107,2018,0.38,829.19,2534.87,0,53.2,97.6,68.1,35.6,62.8,536.3,64.9,623,145.9,145,1022.2,371416,3823,12.97,91.5,1480,2.48,1.27,26.9,38.5,75,10.61,12359877,73369,66.83,3477.12,0,1200,400,720,240,4200,7500,8500,102,1.5,6000,0,0,0,0,0,63.58,30,57.86,59.74,59.4,0,0
2026-10-01T12:51:37.750000+09:00,2026-10-01T03:51:37.750000+00:00,094623,1737.4,1,0,0,0,0,13580,440,13580,0,0,0,0,4655,-28608,10326,6,4992,0,129,0,1,0,0,0,0,0,0,0,31082107,2018,0.28,810.88,2548.3,0,52.9,97.8,68.9,35.8,62.2,534.4,66.7,617.2,138.7,137.3,1025.5,371416,3823,12.75,92.8,1410,2.39,1.38,27.8,39.8,75,11.19,12359879,73369,70.93,3477.12,0,1200,400,720,240,4200,7500,8500,102,1.5,6000,0,0,0,0,0,66.92,30,57.42,67.1,59.4,0,0
2026-10-01T12:52:37.879000+09:00,2026-10-01T03:52:37.879000+00:00,094623,2354.2,1,0,0,0,0,13580,494,13580,0,0,0,0,4655,-26560,10326,6,4480,0,129,0,1,0,0,2,0,0,0,0,31082107,2018,0.27,1257.67,3611.87,0,52.9,99,68.4,36,61.9,524.4,68.3,624.6,145.4,144.2,1022.4,371416,3823,12.77,88.8,1490,2.62,1.17,33.2,42.6,75,29.32,12359882,73369,73.06,3477.12,0,1200,400,720,240,4200,7500,8500,102,1.5,6000,0,0,0,0,0,78.52,30,74.18,67.53,59.4,0,0
2026-10-01T12:53:37.950000+09:00,2026-10-01T03:53:37.950000+00:00,094623,2582.5,1,0,0,0,0,13580,494,13580,0,0,0,0,4655,-26560,12374,590,4512,8200,129,0,1,0,0,2,0,0,0,0,31082107,2018,0.3,1338.24,3920.71,0,53.1,98.3,67.5,36.2,62.5,531.7,65.9,632.7,154.5,153.7,1053.3,371416,3823,12.77,88.4,1490,2.61,1.17,34.4,42.4,75,30.47,12359887,73369,79.21,3477.12,0,1200,400,720,240,4200,7500,8500,102,1.5,6000,0,0,0,0,0,76.45,30,73.76,64.81,59.4,0,0
2026-10-01T12:54:38.051000+09:00,2026-10-01T03:54:38.051000+00:00,094623,1328.5,1,0,0,0,0,13580,492,13580,0,0,0,0,4651,-28608,10326,6,4992,0,129,0,1,0,0,2,0,0,0,0,31082107,2018,0.33,383.62,1712.09,0,53.2,97,67.5,36.3,62.9,535,64,626.4,150.8,150,1033,371416,3823,12.82,89.7,1490,2.66,1.11,23.2,38.3,75,12.47,12359891,73369,72.45,3477.12,0,1200,400,720,240,4200,7500,8500,102,1.5,6000,0,0,0,0,0,63.81,30,58.46,55.36,59.4,0,0
2026-10-01T12:55:38.204000+09:00,2026-10-01T03:55:38.204000+00:00,094623,509.4,1,0,0,0,0,13580,498,13580,0,0,0,0,4651,-28608,10390,6,21376,0,129,0,1,0,0,2,0,0,0,0,31082107,2018,0.32,0,509.35,0,52.8,97.6,68.5,36.3,62.4,534.8,66.1,617.2,141,139.7,1028.1,371416,3823,12.58,93.4,1480,2.69,1.29,22.6,38.1,75,11.31,12359893,73369,64.26,3477.12,0,1200,400,720,240,4200,7500,8500,102,1.5,6000,0,0,0,0,0,66.57,30,58.56,68.18,59.4,0,0
2026-10-01T12:56:38.246000+09:00,2026-10-01T03:56:38.246000+00:00,094623,1920.5,1,0,0,0,0,13580,493,13580,0,0,0,0,4655,-28608,10326,6,4480,0,129,0,1,0,0,2,0,0,0,0,31082107,2018,0.27,926.85,2847.38,0,53,98.6,68.6,36.3,61.9,525.3,70.5,618.3,140.9,139.6,1025.1,371417,3824,12.55,89.4,1490,2.63,1.19,29.7,43.1,75,23.26,12359895,73369,70.45,3477.13,0,1200,400,720,240,4200,7500,8500,102,1.5,6000,0,0,0,0,0,75.43,30,69.26,66.38,59.4,0,0
2026-10-01T12:57:38.326000+09:00,2026-10-01T03:57:38.326000+00:00,094623,2398.1,1,0,0,0,0,13580,496,13580,0,0,0,0,4655,-28608,10342,6,12676,0,129,0,1,0,0,2,0,0,0,0,31082107,2018,0.28,1189.31,3587.45,0,53.2,98.4,67.6,36,62.2,533.3,68.6,629.7,151.7,150.8,1016.9,371417,3824,12.85,88,1500,2.62,1.15,33.1,43.1,75,30.82,12359900,73369,77.34,3477.13,0,1200,400,720,240,4200,7500,8500,102,1.5,6000,0,0,0,0,0,76.94,30,74.2,64.16,59.4,0,0
2026-10-01T12:58:38.487000+09:00,2026-10-01T03:58:38.487000+00:00,094623,1752.1,1,0,0,0,0,13580,500,13580,0,0,0,0,4655,-28608,2134,518,4992,528,129,0,1,0,0,2,0,0,0,0,31082107,2018,0.34,765.71,2517.78,0,53.3,97.4,67.1,35.8,62.8,537.5,67.9,632.6,154.8,154.1,1050.2,371417,3824,12.74,89,1510,2.67,1.1,25.5,37.4,75,17.79,12359905,73369,76.76,3477.13,0,1200,400,720,240,4200,7500,8500,102,1.5,6000,0,0,0,0,0,66.4,30,62.92,56.76,59.4,0,0
2026-10-01T12:59:38.511000+09:00,2026-10-01T03:59:38.511000+00:00,094623,1133.2,1,0,0,0,0,13580,496,13580,0,0,0,0,4655,-28608,10326,6,4992,0,129,0,1,0,0,0,0,0,0,0,31082107,2018,0.39,489.82,1622.97,0,52.9,97.6,68.4,35.7,62.4,535.6,70.7,617.2,141.2,139.7,1029,371417,3824,12.65,91.9,1480,2.68,1.05,21.4,36.5,75,11.61,12359907,73369,60.91,3477.13,0,1200,400,720,240,4200,7500,8500,102,1.5,6000,0,0,0,0,0,65.78,30,58.47,62.14,59.4,0,0
2026-10-01T13:00:38.615000+09:00,2026-10-01T04:00:38.615000+00:00,094623,1376.1,1,0,0,0,0,13580,493,13580,0,0,0,0,4651,-28608,10326,6,4480,0,129,0,1,0,0,2,0,0,0,0,31082107,2018,0.25,632.65,2008.73,0,53,98.5,68.7,35.7,61.9,531.6,68.4,614.5,137.6,136.2,1018.9,371417,3824,12.64,90.9,1490,2.65,1.18,25,41.2,75,14.51,12359909,73369,73.14,3477.13,0,1200,400,720,240,4200,7500,8500,102,1.5,6000,0,0,0,0,0,69.71,30,62.88,65.31,59.4,0,0
2026-10-01T13:01:38.721000+09:00,2026-10-01T04:01:38.721000+00:00,094623,2581.2,1,0,0,0,0,13580,495,13580,0,0,0,0,4651,-28608,10326,6,4480,0,129,0,1,0,0,2,0,0,0,0,31082107,2018,0.28,1388.29,3969.54,0,53.1,98.8,67.9,35.6,61.9,526.1,67.1,625.9,150.9,149.8,1037.5,371417,3824,12.56,88.4,1500,2.62,1.15,34.1,41.4,75,30.83,12359913,73369,74.94,3477.13,0,1200,400,720,240,4200,7500,8500,102,1.5,6000,0,0,0,0,0,77.74,30,74.83,66.5,59.4,0,0
2026-10-01T13:02:38.816000+09:00,2026-10-01T04:02:38.816000+00:00,094623,1647.1,1,0,0,0,0,13580,524,13580,0,0,0,0,4651,-28608,10326,6,4992,0,129,0,1,0,0,2,0,0,0,0,31082107,2018,0.33,848.72,2495.8,0,53.1,97,67.6,35.5,62.4,528,66.9,622.9,147,146,1020.6,371418,3825,12.59,89.2,1570,2.82,1.05,24.7,35,75,18.66,12359917,73369,67.78,3477.13,0,1200,400,720,240,4200,7500,8500,102,1.5,6000,0,0,0,0,0,68.05,30,61.11,58.31,59.4,0,0
2026-10-01T13:03:38.903000+09:00,2026-10-01T04:03:38.903000+00:00,094623,1611.7,1,0,0,0,0,13580,524,13580,0,0,0,0,4651,-28608,18518,6,4992,528,129,0,1,0,0,2,0,0,0,0,31082107,2018,0.37,889,2500.69,0,52.7,98.1,68.3,35.5,62,527.9,71,617,139.8,138.6,1009.3,371418,3825,12.63,92.4,1580,2.8,1.09,25.6,36.9,75,18.07,12359919,73369,61.96,3477.13,0,1200,400,720,240,4200,7500,8500,102,1.5,6000,0,0,0,0,0,70.76,30,64.24,69.62,59.4,0,0
2026-10-01T13:04:38.992000+09:00,2026-10-01T04:04:38.992000+00:00,094623,1942.8,1,0,0,0,0,13580,493,13580,0,0,0,0,4651,-28608,10326,6,4480,0,129,0,1,0,0,2,0,0,0,0,31082107,2018,0.27,968.35,2911.16,0,52.8,98.5,68.4,35.5,61.6,523.8,73.1,620.1,141,139.9,1008.6,371418,3825,12.63,89.4,1490,2.62,1.18,30.4,44.2,75,25.26,12359921,73369,75.7,3477.13,0,1200,400,720,240,4200,7500,8500,102,1.5,6000,0,0,0,0,0,76.15,30,69.67,68.01,59.4,0,0
2026-10-01T13:05:39.105000+09:00,2026-10-01T04:05:39.105000+00:00,094623,2685.0,1,0,0,0,0,13580,495,13580,0,0,0,0,4651,-28608,10326,6,4480,0,129,0,1,0,0,2,0,0,0,0,31082107,2018,0.27,1421.25,4106.27,0,53.1,98.3,67.4,35.4,62,527.2,79.6,630.9,152.1,151.2,1040.1,371418,3825,12.74,87.7,1500,2.63,1.16,35,41.7,75,30.99,12359926,73369,77.62,3477.14,0,1200,400,720,240,4200,7500,8500,102,1.5,6000,0,0,0,0,0,76.34,30,73.81,63.59,59.4,0,0
2026-10-01T13:06:39.218000+09:00,2026-10-01T04:06:39.218000+00:00,094623,1780.1,1,0,0,0,0,13580,525,13580,0,0,0,0,4651,-28608,12374,6,5024,8,129,0,1,0,0,2,0,0,0,0,31082107,2018,0.35,910.98,2691.12,0,53.1,97.1,67.5,35.5,62.5,528.5,74.4,624.6,147.7,146.9,1030.9,371418,3825,12.84,89.5,1580,2.83,1.09,26.1,36.4,75,12.94,12359930,73369,64.12,3477.14,0,1200,400,720,240,4200,7500,8500,102,1.5,6000,0,0,0,0,0,68.39,30,62.29,59.33,59.4,0,0
2026-10-01T13:07:39.318000+09:00,2026-10-01T04:07:39.318000+00:00,094623,1726.4,1,0,0,0,0,13580,524,13580,0,0,0,0,4655,-26560,10326,590,4992,8192,129,0,1,0,0,0,0,0,0,0,31082107,2018,0.38,1084.32,2810.75,0,52.7,98,68.5,35.5,62.1,526.2,73.4,617.4,141.1,140,1013.1,371418,3825,12.56,93.7,1580,2.81,1.11,26.4,36.3,75,10,12359932,73369,60.98,3477.14,0,1200,400,720,240,4200,7500,8500,102,1.5,6000,0,0,0,0,0,71.13,30,64.36,73.44,59.4,0,0
2026-10-01T13:08:39.395000+09:00,2026-10-01T04:08:39.395000+00:00,094623,2022.2,1,0,0,0,0,13580,493,13580,0,0,0,0,4655,-28608,18518,6,4480,528,129,0,1,0,0,2,0,0,0,0,31082107,2018,0.26,1085.54,3107.7,0,52.8,98.5,68.7,35.4,61.7,522.2,73.1,620.1,142.4,141.4,1020.9,371419,3826,12.44,89.2,1490,2.61,1.19,30.9,43.2,75,25.07,12359934,73369,74.61,3477.14,0,1200,400,720,240,4200,7500,8500,102,1.5,6000,0,0,0,0,0,77.01,30,69.73,67.2,59.4,0,0
2026-10-01T13:09:39.513000+09:00,2026-10-01T04:09:39.513000+00:00,094623,2633.8,1,0,0,0,0,13580,493,13580,0,0,0,0,4651,-28608,10326,518,4480,0,129,0,1,0,0,2,0,0,0,0,31082107,2018,0.27,1396.83,4030.58,0,53,98.4,67.5,35.4,62.1,527.1,72.1,630.8,155.9,155.2,1040.2,371419,3826,12.58,88,1490,2.61,1.17,34.6,41.4,75,30.66,12359939,73369,78.13,3477.14,0,1200,400,720,240,4200,7500,8500,102,1.5,6000,0,0,0,0,0,76.79,30,74.1,64.29,59.4,0,0
2026-10-01T13:10:39.604000+09:00,2026-10-01T04:10:39.604000+00:00,094623,1346.8,1,0,0,0,0,13580,517,13580,0,0,0,0,4651,-28608,10326,6,4992,0,129,0,1,0,0,2,0,0,0,0,31082107,2018,0.35,614.34,1961.12,0,53,97,67.4,35.3,62.6,528.5,69,624,150,149.1,1031.7,371419,3826,12.36,89.8,1540,2.8,1,21.6,32.8,75,12.47,12359943,73369,60.85,3477.14,0,1200,400,720,240,4200,7500,8500,102,1.5,6000,0,0,0,0,0,63.73,30,57.54,55.95,59.4,0,0
2026-10-01T13:11:39.713000+09:00,2026-10-01T04:11:39.713000+00:00,094623,1262.6,1,0,0,0,0,13580,518,13580,0,0,0,0,4655,-28608,12374,6,5024,72,129,0,1,0,0,2,0,0,0,0,31082107,2018,0.33,632.65,1895.2,0,52.7,97.9,68.4,35.4,62.1,527.2,73,617,141.3,140.2,1023.2,371419,3826,12.96,93.1,1550,2.82,1.02,22.1,34.4,75,15.93,12359945,73369,62.73,3477.14,0,1200,400,720,240,4200,7500,8500,102,1.5,6000,0,0,0,0,0,67.2,30,60.29,68.22,59.4,0,0
2026-10-01T13:12:39.796000+09:00,2026-10-01T04:12:39.796000+00:00,094623,2014.8,1,0,0,0,0,13580,495,13580,0,0,0,0,4655,-28608,10326,6,4480,0,129,0,1,0,0,2,0,0,0,0,31082107,2018,0.27,981.78,2996.61,0,52.8,98.6,68.5,35.4,61.7,524.3,71.2,619.5,142.6,141.5,1030.1,371419,3826,12.74,89.1,1490,2.65,1.16,30.7,43.7,75,26.4,12359948,73369,71.75,3477.14,0,1200,400,720,240,4200,7500,8500,102,1.5,6000,0,0,0,0,0,77.23,30,70.82,67.46,59.4,0,0
2026-10-01T13:13:39.895000+09:00,2026-10-01T04:13:39.895000+00:00,094623,2184.5,1,0,0,0,0,13580,496,13580,0,0,0,0,4651,-28608,18518,518,4480,528,129,0,1,0,0,2,0,0,0,0,31082107,2018,0.27,991.55,3176.06,0,53,98,67.4,35.4,61.9,536,71.6,628.5,153.1,152.6,1029.5,371419,3826,12.7,87.9,1500,2.63,1.15,32.4,45.4,75,30.31,12359953,73369,77.41,3477.15,0,1200,400,720,240,4200,7500,8500,102,1.5,6000,0,0,0,0,0,76.18,30,72.72,63.53,59.4,0,0
2026-10-01T13:14:40.002000+09:00,2026-10-01T04:14:40.002000+00:00,094623,2644.7,1,0,0,0,0,13580,494,13580,0,0,0,0,4655,-28608,10390,6,20864,0,129,0,1,0,0,2,0,0,0,0,31082107,2018,0.36,1393.17,4037.9,0,53.2,97.3,66.6,35.4,62.4,531.6,69.1,632.5,159.7,159.3,1043.5,371420,3827,12.73,89.5,1490,2.61,1.17,34.7,41.8,75,30.84,12359958,73369,73.66,3477.15,0,1200,400,720,240,4200,7500,8500,102,1.5,6000,0,0,0,0,0,72.27,30,69.17,65.96,59.4,0,0
2026-10-01T13:15:40.073000+09:00,2026-10-01T04:15:40.073000+00:00,094623,1392.0,1,0,0,0,0,13580,518,13580,0,0,0,0,4651,-28608,10326,6,4992,0,129,0,1,0,0,2,0,0,0,0,31082107,2018,0.37,709.55,2101.5,0,53.2,97.8,67.9,35.5,62.8,529.4,69.9,625.9,152.8,151.9,1023.5,371420,3827,12.79,91.2,1550,2.81,1,21.9,32.4,75,16.46,12359961,73369,70.59,3477.15,0,1200,400,720,240,4200,7500,8500,102,1.5,6000,0,0,0,0,0,63.31,30,59.34,60.21,59.4,0,0
2026-10-01T13:16:40.169000+09:00,2026-10-01T04:16:40.169000+00:00,094623,1305.3,1,0,0,0,0,13580,518,13580,0,0,0,0,4655,-26560,12390,6,13220,72,129,0,1,0,0,2,0,0,0,0,31082107,2018,0.32,679.04,1984.31,0,52.9,98.3,69.2,35.5,62.4,528.6,70.3,617.1,143.9,142.7,1023.9,371420,3827,12.45,92,1560,2.81,1.02,22.2,34,75,14,12359963,73369,68.03,3477.15,0,1200,400,720,240,4200,7500,8500,102,1.5,6000,0,0,0,0,0,68.44,30,60.64,65.74,59.4,0,0
2026-10-01T13:17:40.244000+09:00,2026-10-01T04:17:40.244000+00:00,094623,2140.6,1,0,0,0,0,13580,493,13580,0,0,0,0,4651,-28608,10326,6,4480,0,129,0,1,0,0,2,0,0,0,0,31082107,2018,0.3,1092.87,3233.44,0,52.9,98.4,68.7,35.5,61.9,523.1,69.8,622.4,146,145,1029.1,371420,3827,12.75,89.6,1490,2.61,1.16,31.3,42.5,75,25.83,12359966,73369,69.35,3477.15,0,1200,400,720,240,4200,7500,8500,102,1.5,6000,0,0,0,0,0,77.22,30,70.22,68.34,59.4,0,0
2026-10-01T13:18:40.335000+09:00,2026-10-01T04:18:40.335000+00:00,094623,2337.1,1,0,0,0,0,13580,494,13580,0,0,0,0,4651,-28608,18518,6,4480,16,129,0,1,0,0,2,0,0,0,0,31082107,2018,0.31,1308.94,3646.05,0,53.1,98.6,67.6,35.4,62.2,534.5,69.7,628.2,155.6,155,1045.2,371420,3827,12.86,88.7,1500,2.61,1.17,33.5,43.6,75,30.75,12359971,73369,78.97,3477.15,0,1200,400,720,240,4200,7500,8500,102,1.5,6000,0,0,0,0,0,76.63,30,74.4,66.87,59.4,0,0
2026-10-01T13:19:40.421000+09:00,2026-10-01T04:19:40.421000+00:00,094623,1857.1,1,0,0,0,0,13580,501,13580,0,0,0,0,4651,-28608,10326,6,4992,0,129,0,1,0,0,2,0,0,0,0,31082107,2018,0.34,820.64,2677.69,0,53.3,97.7,67.1,35.4,62.8,534.9,68.9,632.9,160.1,159.6,1055.3,371420,3827,12.87,88.9,1510,2.69,1.1,25.8,36.4,75,18.15,12359975,73369,79.41,3477.15,0,1200,400,720,240,4200,7500,8500,102,1.5,6000,0,0,0,0,0,65.97,30,63.78,57.38,59.4,0,0
2026-10-01T13:20:40.518000+09:00,2026-10-01T04:20:40.518000+00:00,094623,1182.0,1,0,0,0,0,13580,493,13580,0,0,0,0,4651,-26560,10326,6,4992,0,129,0,1,0,0,2,0,0,0,0,31082107,2018,0.39,547.2,1729.18,0,53,97.6,68.5,35.4,62.6,533.1,72.7,619.2,146.5,145.3,1028.1,371421,3828,12.34,91.2,1480,2.66,1.07,21.7,35.9,75,11,12359978,73369,60.55,3477.15,0,1200,400,720,240,4200,7500,8500,102,1.5,6000,0,0,0,0,0,65.9,30,58.46,60.48,59.4,0,0
2026-10-01T13:21:40.657000+09:00,2026-10-01T04:21:40.657000+00:00,094623,1444.4,1,0,0,0,0,13580,493,13580,0,0,0,0,4655,-28608,12374,6,4512,72,129,0,1,0,0,2,0,0,0,0,31082107,2018,0.27,661.95,2106.39,0,52.9,98,68.8,35.4,62.1,529.3,73.8,616.2,142.3,141.3,1013.6,371421,3828,12.68,91.9,1490,2.65,1.18,25.3,40.8,75,13.96,12359980,73369,71.9,3477.16,0,1200,400,720,240,4200,7500,8500,102,1.5,6000,0,0,0,0,0,70.25,30,61.63,68.89,59.4,0,0
2026-10-01T13:22:40.743000+09:00,2026-10-01T04:22:40.743000+00:00,094623,2323.7,1,0,0,0,0,13580,495,13580,0,0,0,0,4651,-28608,10326,6,4480,0,129,0,1,0,0,2,0,0,0,0,31082107,2018,0.27,1145.36,3469.04,0,53.1,99.2,68.1,35.4,62.1,529.8,70.2,626.4,154.4,153.8,1032.5,371421,3828,12.67,87.9,1500,2.63,1.15,32.7,43.3,75,30.71,12359984,73369,77.49,3477.16,0,1200,400,720,240,4200,7500,8500,102,1.5,6000,0,0,0,0,0,78.67,30,76.16,65.53,59.4,0,0
2026-10-01T13:23:40.836000+09:00,2026-10-01T04:23:40.836000+00:00,094623,2589.8,1,0,0,0,0,13580,496,13580,0,0,0,0,4651,-28608,10326,6,4480,0,129,0,1,0,0,2,0,0,0,0,31082107,2018,0.31,1345.56,3935.36,0,53.3,96.9,67.2,35.4,62.6,531.8,68.8,632.9,161.4,160.9,1038.9,371421,3828,12.74,88.6,1500,2.62,1.17,34.2,42.2,75,30.92,12359989,73369,77.46,3477.16,0,1200,400,720,240,4200,7500,8500,102,1.5,6000,0,0,0,0,0,75.47,30,69.31,64.56,59.4,0,0
2026-10-01T13:24:40.976000+09:00,2026-10-01T04:24:40.976000+00:00,094623,1489.6,1,0,0,0,0,13580,521,13580,0,0,0,0,4651,-28608,10326,6,4992,0,129,0,1,0,0,2,0,0,0,0,31082107,2018,0.39,755.94,2245.55,0,53.3,98,67.5,35.4,62.9,531.3,70.2,622.2,153.1,152.5,1013.5,371421,3828,12.75,90.7,1570,2.82,1.02,23.2,34.1,75,18.82,12359993,73369,64.3,3477.16,0,1200,400,720,240,4200,7500,8500,102,1.5,6000,0,0,0,0,0,65.51,30,62.21,60.38,59.4,0,0
2026-10-01T13:25:41.021000+09:00,2026-10-01T04:25:41.021000+00:00,094623,1494.5,1,0,0,0,0,13580,523,13580,0,0,0,0,4655,-28608,10326,6,4992,0,129,0,1,0,0,2,0,0,0,0,31082107,2018,0.33,764.49,2258.98,0,53,97.1,68.7,35.4,62.4,530,73.9,615.1,144,142.9,1020.6,371421,3828,12.5,93.1,1570,2.83,1.05,24,35.6,75,17.85,12359995,73369,64.92,3477.16,0,1200,400,720,240,4200,7500,8500,102,1.5,6000,0,0,0,0,0,70.29,30,59.59,71.42,59.5,0,0
2026-10-01T13:26:41.106000+09:00,2026-10-01T04:26:41.106000+00:00,094623,2056.3,1,0,0,0,0,13580,493,13580,0,0,0,0,4655,-26560,12374,6,4512,8,129,0,1,0,0,2,0,0,0,0,31082107,2018,0.24,1092.87,3149.2,0,53,98.9,68.6,35.5,61.9,524.9,74,616.6,145.7,144.7,1033.6,371422,3829,12.56,89.6,1490,2.62,1.18,30.8,43,75,24.71,12359997,73369,71.23,3477.16,0,1200,400,720,240,4200,7500,8500,102,1.5,6000,0,0,0,0,0,76.93,30,71.8,68.6,59.4,0,0
2026-10-01T13:27:41.217000+09:00,2026-10-01T04:27:41.217000+00:00,094623,2532.4,1,0,0,0,0,13580,502,13580,0,0,0,0,4651,-26560,10326,6,4992,0,129,0,1,0,0,2,0,0,0,0,31082107,2018,0.28,1420.03,3952.45,0,53.2,99.1,67.4,35.5,62.4,528.3,70.1,630.4,159.7,159.4,1041.1,371422,3829,12.75,88.8,1520,2.65,1.14,32.2,39.6,75,28.82,12360002,73369,75.82,3477.16,0,1200,400,720,240,4200,7500,8500,102,1.5,6000,0,0,0,0,0,74.81,30,74.6,66.24,59.4,0,0
2026-10-01T13:28:41.303000+09:00,2026-10-01T04:28:41.303000+00:00,094623,1280.5,1,0,0,0,0,13580,498,13580,0,0,0,0,4651,-28608,10326,518,4992,0,129,0,1,0,0,2,0,0,0,0,31082107,2018,0.31,68.67,1349.22,0,53.3,96.5,67.8,35.4,62.7,533.9,75.3,622.2,151.4,150.7,1008.9,371422,3829,12.3,89.9,1460,2.71,0.79,23.2,37.7,75,11.06,12360005,73369,65.66,3477.16,0,1200,400,720,240,4200,7500,8500,102,1.5,6000,0,0,0,0,0,64.58,30,56.74,57.39,59.5,0,0
2026-10-01T13:29:41.394000+09:00,2026-10-01T04:29:41.394000+00:00,094623,723.0,1,0,0,0,0,13580,499,13580,0,0,0,0,4651,-28608,10326,518,4992,0,129,0,1,0,0,2,0,0,0,0,31082107,2018,0.15,0,722.98,0,53,98.6,68.5,35.4,62.2,534.2,73.6,615.6,142.9,141.9,1006.2,371422,3829,12.63,93.1,1490,2.71,1.1,22.6,38.9,75,11.2,12360007,73369,67.2,3477.16,0,1200,400,720,240,4200,7500,8500,102,1.5,6000,0,0,0,0,0,67.01,30,61.4,70.16,59.4,0,0
2026-10-01T13:30:41.489000+09:00,2026-10-01T04:30:41.489000+00:00,094623,2315.1,1,0,0,0,0,13580,493,13580,0,0,0,0,4651,-28608,10326,6,4480,0,129,0,1,0,0,2,0,0,0,0,31082107,2018,0.22,1277.2,3592.33,0,53,97.7,68.3,35.4,61.8,525.1,71.3,620.6,147.4,146.6,1035.5,371422,3829,12.36,89.6,1490,2.63,1.16,32.5,42.5,75,28.99,12360010,73369,67.25,3477.17,0,1200,400,720,240,4200,7500,8500,102,1.5,6000,0,0,0,0,0,78.1,30,70.48,71.07,59.4,0,0
2026-10-01T13:31:41.591000+09:00,2026-10-01T04:31:41.591000+00:00,094623,2558.1,1,0,0,0,0,13580,495,13580,0,0,0,0,4651,-28608,18582,518,20864,528,129,0,1,0,0,2,0,0,0,0,31082107,2018,0.27,1377.3,3935.36,0,53.2,99,67.6,35.4,62.3,531.5,69.1,630.8,159.4,159.1,1065.4,371422,3829,12.65,88.1,1500,2.63,1.16,33.9,42,75,30.25,12360015,73369,80.92,3477.17,0,1200,400,720,240,4200,7500,8500,102,1.5,6000,0,0,0,0,0,76.84,30,76.28,65.85,59.4,0,0
2026-10-01T13:32:41.685000+09:00,2026-10-01T04:32:41.685000+00:00,094623,1733.8,1,0,0,0,0,13580,451,13580,0,0,0,0,4655,-26560,10326,6,4992,0,129,0,1,0,0,2,0,0,0,0,31082107,2018,0.28,641.19,2374.95,0,53.3,97.1,67.6,35.4,62.8,534.1,70.4,623.7,154.1,153.6,1031.2,371423,3830,12.84,88.7,1280,2.46,2.08,27.7,40,75,11.47,12360019,73369,70.4,3477.17,0,1200,400,720,240,4200,7500,8500,102,1.5,6000,0,0,0,0,0,63.67,30,58.48,52.57,59.4,0,0
2026-10-01T13:33:41.770000+09:00,2026-10-01T04:33:41.770000+00:00,094623,1189.3,1,0,0,0,0,13580,491,13580,0,0,0,0,4651,-28608,10390,6,21376,0,129,0,1,0,0,2,0,0,0,0,31082107,2018,0.31,381.18,1570.48,0,52.9,97.3,68.4,35.5,62.3,534.9,70.6,614.2,143.7,142.6,1028.6,371423,3830,12.8,93.2,1450,2.66,1.43,23.3,40.7,75,11.39,12360021,73369,59.97,3477.17,0,1200,400,720,240,4200,7500,8500,102,1.5,6000,0,0,0,0,0,66.58,30,57.67,67.31,59.4,0,0
2026-10-01T13:34:41.886000+09:00,2026-10-01T04:34:41.886000+00:00,094623,2112.5,1,0,0,0,0,13580,494,13580,0,0,0,0,4651,-28608,10326,518,4480,8,129,0,1,0,0,2,0,0,0,0,31082107,2018,0.25,1117.28,3229.77,0,53.1,99,68.6,35.5,61.8,522.8,99.3,617.8,144.5,143.5,1063.8,371423,3830,12.53,89.2,1490,2.63,1.2,30.6,42.1,75,23.17,12360024,73369,79.2,3477.17,0,1200,400,720,240,4200,7500,8500,102,1.5,6000,0,0,0,0,0,76.1,30,70.44,67.65,59.5,0,0
2026-10-01T13:35:41.974000+09:00,2026-10-01T04:35:41.974000+00:00,094623,1670.3,1,0,0,0,0,13580,501,13580,0,0,0,0,4655,-28608,10342,6,13188,0,129,0,1,0,0,2,0,0,0,0,31082107,2018,0.24,814.54,2484.82,0,53.2,97.7,67.6,35.4,62.4,532.3,79.2,627.9,156.6,156.4,1030.3,371423,3830,12.87,87,1510,2.72,1.1,24.8,36.2,75,16.09,12360028,73369,74.27,3477.17,0,1200,400,720,240,4200,7500,8500,102,1.5,6000,0,0,0,0,0,67.99,30,63.28,52.3,59.4,0,0
2026-10-01T13:36:42.058000+09:00,2026-10-01T04:36:42.058000+00:00,094623,1221.0,1,0,0,0,0,13580,498,13580,0,0,0,0,4651,-28608,18518,6,4992,528,129,0,1,0,0,2,0,0,0,0,31082107,2018,0.39,517.9,1738.94,0,52.7,97.3,67.8,35.5,62.1,532.3,75.9,617.3,145,144.1,1007.2,371423,3830,12.8,89.8,1500,2.7,1.12,22.5,38,75,11.21,12360030,73369,52.81,3477.17,0,1200,400,720,240,4200,7500,8500,102,1.5,6000,0,0,0,0,0,65.36,30,57.6,55.56,59.5,0,0
2026-10-01T13:37:42.155000+09:00,2026-10-01T04:37:42.155000+00:00,094623,1517.7,1,0,0,0,0,13580,494,13580,0,0,0,0,4651,-28608,10326,6,4480,0,129,0,1,0,0,0,0,0,0,0,31082107,2018,0.26,731.53,2249.21,0,52.5,97.1,68.1,35.5,61.7,526.8,78.2,615.7,141.9,140.9,1013.3,371423,3830,12.84,94.2,1490,2.66,1.19,26.1,41.2,75,16.26,12360032,73369,74.67,3477.17,0,1200,400,720,240,4200,7500,8500,102,1.5,6000,0,0,0,0,0,69.42,30,59.68,76.47,59.4,0,0
2026-10-01T13:38:42.275000+09:00,2026-10-01T04:38:42.275000+00:00,094623,2399.4,1,0,0,0,0,13580,495,13580,0,0,0,0,4651,-28608,10326,6,4480,0,129,0,1,0,0,2,0,0,0,0,31082107,2018,0.24,1283.3,3682.67,0,52.8,99.8,67.9,35.4,61.7,529.6,75.6,627.1,150.4,149.9,1020.2,371424,3831,12.74,87.7,1500,2.64,1.17,33.6,43.2,75,30.75,12360036,73369,81.49,3477.18,0,1200,400,720,240,4200,7500,8500,102,1.5,6000,0,0,0,0,0,77.71,30,77.58,65.37,59.5,0,0
2026-10-01T13:39:42.384000+09:00,2026-10-01T04:39:42.384000+00:00,094623,1654.4,1,0,0,0,0,13580,501,13580,0,0,0,0,4651,-28608,12374,6,5024,72,129,0,1,0,0,2,0,0,0,0,31082107,2018,0.31,744.96,2399.36,0,53,96.8,67.2,35.3,62.3,536.9,75.3,629.1,154.2,153.8,1020.5,371424,3831,12.88,88.1,1510,2.71,1.1,24.8,37.2,75,16.74,12360041,73369,73.54,3477.18,0,1200,400,720,240,4200,7500,8500,102,1.5,6000,0,0,0,0,0,66.02,30,59.07,54,59.5,0,0
2026-10-01T13:40:42.482000+09:00,2026-10-01T04:40:42.482000+00:00,094623,1197.8,1,0,0,0,0,13580,495,13580,0,0,0,0,4655,-28608,10326,6,4992,0,129,0,1,0,0,0,0,0,0,0,31082107,2018,0.39,558.18,1756.03,0,52.7,98,68.1,35.3,62.1,534.1,75.9,618.7,142.7,141.7,1031.8,371424,3831,12.93,91.7,1490,2.7,1.11,22.4,37.7,75,11.24,12360043,73369,58.98,3477.18,0,1200,400,720,240,4200,7500,8500,102,1.5,6000,0,0,0,0,0,65.02,30,59.13,61.83,59.5,0,0
2026-10-01T13:41:42.574000+09:00,2026-10-01T04:41:42.574000+00:00,094623,1482.3,1,0,0,0,0,13580,494,13580,0,0,0,0,4655,-28608,18518,6,4480,528,129,0,1,0,0,2,0,0,0,0,31082107,2018,0.21,668.05,2150.33,0,52.8,98.4,68.5,35.4,61.6,528.5,82.6,615.7,139.6,138.6,1018.2,371424,3831,12.92,90,1490,2.67,1.2,25.9,41.5,75,15.87,12360045,73369,73.43,3477.18,0,1200,400,720,240,4200,7500,8500,102,1.5,6000,0,0,0,0,0,69.84,30,62.8,63.22,59.5,0,0
2026-10-01T13:42:42.665000+09:00,2026-10-01T04:42:42.665000+00:00,094623,2378.6,1,0,0,0,0,13580,495,13580,0,0,0,0,4651,-28608,10326,518,4480,0,129,0,1,0,0,2,0,0,0,0,31082107,2018,0.27,1122.17,3500.78,0,52.8,98.5,67.7,35.4,61.7,529.6,80.3,627.9,151.6,151.1,1014.9,371424,3831,12.65,88.8,1500,2.61,1.15,32.9,43.3,75,30.66,12360050,73369,76.6,3477.18,0,1200,400,720,240,4200,7500,8500,102,1.5,6000,0,0,0,0,0,76.68,30,73.06,67.58,59.5,0,0
2026-10-01T13:43:42.741000+09:00,2026-10-01T04:43:42.741000+00:00,094623,2611.8,1,0,0,0,0,13580,495,13580,0,0,0,0,4651,-28608,10326,6,4480,0,129,0,1,0,0,2,0,0,0,0,31082107,2018,0.28,1317.48,3929.26,0,53.2,98.6,67.2,35.4,62.3,532.9,75.2,633.1,157.7,157.5,1018.5,371424,3831,12.67,88.4,1500,2.62,1.17,34.2,42.3,75,30.96,12360055,73369,79.58,3477.18,0,1200,400,720,240,4200,7500,8500,102,1.5,6000,0,0,0,0,0,74.39,30,74.54,64.26,59.5,0,0
2026-10-01T13:44:42.831000+09:00,2026-10-01T04:44:42.831000+00:00,094623,1383.4,1,0,0,0,0,13580,492,13580,0,0,0,0,4651,-28608,12374,6,5024,72,129,0,1,0,0,2,0,0,0,0,31082107,2018,0.28,406.81,1790.22,0,53.2,97.1,67.7,35.4,62.8,533.4,74.6,625.8,153.9,153.4,1019.3,371425,3832,12.55,89.8,1470,2.67,1.22,23.5,37.8,75,12.54,12360058,73369,75.05,3477.18,0,1200,400,720,240,4200,7500,8500,102,1.5,6000,0,0,0,0,0,63.1,30,58.66,55.37,59.5,0,0
2026-10-01T13:45:42.923000+09:00,2026-10-01T04:45:42.923000+00:00,094623,804.8,1,0,0,0,0,13580,498,13580,0,0,0,0,4651,-28608,10326,6,4992,0,129,0,1,0,0,2,0,0,0,0,31082107,2018,0.2,0,804.77,0,52.7,97.1,69,35.4,62.3,533,72.5,618.1,144.1,143.1,1011.9,371425,3832,12.8,93.8,1490,2.69,1.24,23,38.1,75,11.36,12360060,73369,65.43,3477.18,0,1200,400,720,240,4200,7500,8500,102,1.5,6000,0,0,0,0,0,67.34,30,56.53,70.02,59.5,0,0
2026-10-01T13:46:43.010000+09:00,2026-10-01T04:46:43.010000+00:00,094623,1782.6,1,0,0,0,0,13580,492,13580,0,0,0,0,4651,-28608,18518,6,4480,528,129,0,1,0,0,2,0,0,0,0,31082107,2018,0.23,788.9,2571.49,0,52.9,99.4,68.8,35.5,61.8,527.1,74.9,616.7,141.5,140.6,1023.6,371425,3832,12.62,89.1,1490,2.63,1.19,29.3,45.4,75,23.71,12360063,73369,69.11,3477.18,0,1200,400,720,240,4200,7500,8500,102,1.5,6000,0,0,0,0,0,75.96,30,71.41,65.82,59.5,0,0
2026-10-01T13:47:43.109000+09:00,2026-10-01T04:47:43.109000+00:00,094623,2557.8,1,0,0,0,0,13580,492,13580,0,0,0,0,4655,-28608,10326,6,4480,0,129,0,1,0,0,2,0,0,0,0,31082107,2018,0.29,1453.29,4011.05,0,53.1,98.3,67.4,35.5,62,529.5,74,628.3,155.1,154.7,1051,371425,3832,12.57,88.3,1490,2.61,1.18,34.6,42.3,75,30.91,12360068,73369,76.06,3477.19,0,1200,400,720,240,4200,7500,8500,102,1.5,6000,0,0,0,0,0,76.04,30,73.34,65.22,59.5,0,0
2026-10-01T13:48:43.198000+09:00,2026-10-01T04:48:43.198000+00:00,094623,1542.1,1,0,0,0,0,13580,499,13580,0,0,0,0,4651,-28608,10326,6,4992,0,129,0,1,0,0,2,0,0,0,0,31082107,2018,0.33,614.34,2156.44,0,53.3,97.2,67.2,35.4,62.7,534.1,72.3,628.5,155.4,155.2,1044.7,371425,3832,12.69,89.5,1510,2.71,1.12,23.7,36.5,75,13.38,12360072,73369,71.88,3477.19,0,1200,400,720,240,4200,7500,8500,102,1.5,6000,0,0,0,0,0,63.28,30,59.14,55.92,59.5,0,0
2026-10-01T13:49:43.296000+09:00,2026-10-01T04:49:43.296000+00:00,094623,1207.6,1,0,0,0,0,13580,501,13580,0,0,0,0,4651,-28608,12374,6,5024,72,129,0,1,0,0,0,0,0,0,0,31082107,2018,0.38,539.87,1747.49,0,52.9,98.2,68.5,35.5,62.4,530,74.5,618.1,145,144,1025.2,371425,3832,12.85,91.9,1490,2.73,1.04,21.4,34.4,75,11.48,12360074,73369,61.95,3477.19,0,1200,400,720,240,4200,7500,8500,102,1.5,6000,0,0,0,0,0,66.08,30,60.41,63.01,59.5,0,0
2026-10-01T13:50:43.387000+09:00,2026-10-01T04:50:43.387000+00:00,094623,1702.0,1,0,0,0,0,13580,493,13580,0,0,0,0,4655,-28608,10390,6,20864,0,129,0,1,0,0,2,0,0,0,0,31082107,2018,0.28,738.85,2440.87,0,53,97.7,68.7,35.5,61.9,526.9,72.7,616.5,142.4,141.6,1007.5,371426,3833,12.69,90,1490,2.65,1.18,28.1,43.8,75,20.21,12360076,73369,73.52,3477.19,0,1200,400,720,240,4200,7500,8500,102,1.5,6000,0,0,0,0,0,73.79,30,64.48,66.85,59.6,0,0
2026-10-01T13:51:43.475000+09:00,2026-10-01T04:51:43.475000+00:00,094623,2417.7,1,0,0,0,0,13580,496,13580,0,0,0,0,4651,-28608,18518,6,4480,16,129,0,1,0,0,2,0,0,0,0,31082107,2018,0.28,1190.53,3608.2,0,53.3,99,67.8,35.5,62.1,530.9,72.5,628.3,156.1,155.9,1030.3,371426,3833,12.75,87.9,1500,2.63,1.15,33.1,43.1,75,30.81,12360081,73369,78.71,3477.19,0,1200,400,720,240,4200,7500,8500,102,1.5,6000,0,0,0,0,0,77.45,30,75.62,64.39,59.5,0,0
2026-10-01T13:52:43.595000+09:00,2026-10-01T04:52:43.595000+00:00,094623,2188.2,1,0,0,0,0,13580,502,13580,0,0,0,0,4655,-28608,10390,6,21376,0,129,0,1,0,0,2,0,0,0,0,31082107,2018,0.34,976.9,3165.07,0,53.4,96.8,67,35.4,62.7,535.1,73.4,632.4,161.5,161.3,1046,371426,3833,12.75,89.1,1510,2.68,1.11,28.8,39,75,24.53,12360086,73369,75.4,3477.19,0,1200,400,720,240,4200,7500,8500,102,1.5,6000,0,0,0,0,0,69.88,30,64.28,61.12,59.5,0,0
2026-10-01T13:53:43.676000+09:00,2026-10-01T04:53:43.676000+00:00,094623,1173.4,1,0,0,0,0,13580,491,13580,0,0,0,0,4651,-28608,10326,6,4992,0,129,0,1,0,0,0,0,0,0,0,31082107,2018,0.38,440.99,1614.43,0,53.2,97.9,68.2,35.5,62.6,537.3,72.8,621.4,147.5,146.7,1044.2,371426,3833,12.3,90.7,1480,2.65,1.09,21.8,38.2,75,11.25,12360088,73369,62.91,3477.19,0,1200,400,720,240,4200,7500,8500,102,1.5,6000,0,0,0,0,0,64.72,30,59.16,58.12,59.5,0,0
2026-10-01T13:54:43.758000+09:00,2026-10-01T04:54:43.758000+00:00,094623,1218.6,1,0,0,0,0,13580,492,13580,0,0,0,0,4655,-28608,12390,6,13220,72,129,0,1,0,0,2,0,0,0,0,31082107,2018,0.19,522.78,1741.39,0,53.1,97.7,68.8,35.4,62,532.1,83,617.1,142.3,141.5,1045.2,371426,3833,12.41,93,1470,2.68,1.07,21.9,36,75,11.04,12360091,73369,70.22,3477.19,0,1200,400,720,240,4200,7500,8500,102,1.5,6000,0,0,0,0,0,67.38,30,57.83,68.96,59.6,0,0
2026-10-01T13:55:43.866000+09:00,2026-10-01T04:55:43.866000+00:00,094623,2488.5,1,0,0,0,0,13580,497,13580,0,0,0,0,4651,-28608,10326,6,4480,0,129,0,1,0,0,2,0,0,0,0,31082107,2018,0.26,1206.4,3694.88,0,53.1,98,68.2,35.4,61.9,525.9,81.7,625,152.3,151.9,1033.8,371426,3833,12.71,89.2,1500,2.63,1.15,33.3,42.3,75,30.3,12360094,73369,71.4,3477.2,0,1200,400,720,240,4200,7500,8500,102,1.5,6000,0,0,0,0,0,78.37,30,71.99,69.27,59.5,0,0
2026-10-01T13:56:43.957000+09:00,2026-10-01T04:56:43.957000+00:00,094623,1753.3,1,0,0,0,0,13580,501,13580,0,0,0,0,4651,-28608,10326,6,4992,0,129,0,1,0,0,2,0,0,0,0,31082107,2018,0.29,758.38,2511.67,0,53.3,99,67.4,35.3,62.5,536,77.2,627.9,158.3,158.3,1034.9,371427,3834,12.28,89,1510,2.69,1.11,25.6,37.7,75,18.29,12360099,73369,78.79,3477.2,0,1200,400,720,240,4200,7500,8500,102,1.5,6000,0,0,0,0,0,67.65,30,67.63,59.54,59.6,0,0
2026-10-01T13:57:44.030000+09:00,2026-10-01T04:57:44.030000+00:00,094623,1239.4,1,0,0,0,0,13580,492,13580,0,0,0,0,4651,-28608,10326,6,4992,0,129,0,1,0,0,2,0,0,0,0,31082107,2018,0.27,509.35,1748.71,0,52.9,96.4,68.1,35.4,62.3,532.4,76.8,619,146.7,145.8,1040.2,371427,3834,12.73,91.3,1470,2.66,1.07,21.9,36.1,75,11.89,12360101,73369,59.29,3477.2,0,1200,400,720,240,4200,7500,8500,102,1.5,6000,0,0,0,0,0,65.29,30,55.22,62.07,59.6,0,0
2026-10-01T13:58:44.123000+09:00,2026-10-01T04:58:44.123000+00:00,094623,1479.8,1,0,0,0,0,13580,494,13580,0,0,0,0,4655,-28608,10326,6,4480,0,129,0,1,0,0,2,0,0,0,0,31082107,2018,0.21,682.7,2162.54,0,52.8,98.2,68.5,35.4,61.8,527.7,73.1,617.5,143.8,143,1028.6,371427,3834,12.77,91.1,1490,2.66,1.18,25.3,40.3,75,15,12360103,73369,72.29,3477.2,0,1200,400,720,240,4200,7500,8500,102,1.5,6000,0,0,0,0,0,69.43,30,62.05,67.31,59.6,0,0
2026-10-01T13:59:44.214000+09:00,2026-10-01T04:59:44.214000+00:00,094623,2610.6,1,0,0,0,0,13580,495,13580,0,0,0,0,4651,-28608,12374,6,4512,8,129,0,1,0,0,2,0,0,0,0,31082107,2018,0.23,1391.95,4002.5,0,53,99.3,67.9,35.3,62,525,71.7,628.3,156.7,156.6,1036.5,371427,3834,12.84,87.5,1500,2.63,1.16,34.1,41.4,75,30.51,12360107,73369,77.53,3477.2,0,1200,400,720,240,4200,7500,8500,102,1.5,6000,0,0,0,0,0,77.75,30,76.31,64.29,59.5,0,0
2026-10-01T14:00:44.333000+09:00,2026-10-01T05:00:44.333000+00:00,094623,1715.4,1,0,0,0,0,13580,526,13580,0,0,0,0,4655,-28608,10326,6,4992,0,129,0,1,0,0,2,0,0,0,0,31082107,2018,0.28,815.76,2531.2,0,52.9,96.9,67.4,35.3,62.3,532,73.4,621.3,151.1,150.7,1008.9,371427,3834,12.29,88.6,1580,2.82,1.08,25.6,37.3,75,10.83,12360111,73369,66.96,3477.2,0,1200,400,720,240,4200,7500,8500,102,1.5,6000,0,0,0,0,0,68.57,30,62.29,57.18,59.6,0,0
2026-10-01T14:01:44.416000+09:00,2026-10-01T05:01:44.416000+00:00,094623,1659.3,1,0,0,0,0,13580,524,13580,0,0,0,0,4651,-28608,10326,6,4992,0,129,0,1,0,0,2,0,0,0,0,31082107,2018,0.38,881.68,2540.97,0,52.5,97.4,68.1,35.2,61.8,529.7,76.6,616.1,143.1,142.4,1025.8,371427,3834,12.86,92.4,1580,2.81,1.1,25.8,37.4,75,9.02,12360113,73369,54.78,3477.2,0,1200,400,720,240,4200,7500,8500,102,1.5,6000,0,0,0,0,0,69.83,30,61.84,67.82,59.6,0,0
2026-10-01T14:02:44.498000+09:00,2026-10-01T05:02:44.498000+00:00,094623,2082.0,1,0,0,0,0,13580,494,13580,0,0,0,0,4651,-28608,10326,6,4480,0,129,0,1,0,0,2,0,0,0,0,31082107,2018,0.25,1018.4,3100.38,0,52.5,98.3,68.5,35.3,61.3,524.1,74.8,619.6,145.1,144.4,1029,371428,3835,12.79,90.7,1490,2.65,1.18,30.7,43,75,24.87,12360115,73369,81.82,3477.2,0,1200,400,720,240,4200,7500,8500,102,1.5,6000,0,0,0,0,0,75.84,30,68.24,72.91,59.6,0,0
2026-10-01T14:03:44.605000+09:00,2026-10-01T05:03:44.605000+00:00,094623,1901.0,1,0,0,0,0,13580,501,13580,0,0,0,0,4651,-28608,10326,518,4992,0,129,0,1,0,0,2,0,0,0,0,31082107,2018,0.23,902.43,2803.43,0,52.7,97.5,67.7,35.3,61.9,532.8,76.8,628.3,159.2,159.1,1024.8,371428,3835,12.8,86.9,1510,2.69,1.1,26.8,38.2,75,21.53,12360120,73369,79.58,3477.2,0,1200,400,720,240,4200,7500,8500,102,1.5,6000,0,0,0,0,0,70.67,30,65.19,54.67,59.6,0,0
2026-10-01T14:04:44.711000+09:00,2026-10-01T05:04:44.711000+00:00,094623,1739.9,1,0,0,0,0,13580,497,13580,0,0,0,0,4651,-28608,18518,6,4992,528,129,0,1,0,0,2,0,0,0,0,31082107,2018,0.39,1045.26,2785.12,0,52.4,98.1,67.7,35.3,61.8,531.6,73.2,617.2,146.9,146.5,1033.1,371428,3835,12.82,90,1560,2.64,1.18,26.5,36.4,75,9.74,12360122,73369,53.78,3477.21,0,1200,400,720,240,4200,7500,8500,102,1.5,6000,0,0,0,0,0,64.21,30,59.64,56.04,59.6,0,0
2026-10-01T14:05:44.789000+09:00,2026-10-01T05:05:44.789000+00:00,094623,1233.3,1,0,0,0,0,13580,494,13580,0,0,0,0,4651,-26560,10326,6,4480,0,129,0,1,0,0,0,0,0,0,0,31082107,2018,0.22,511.79,1745.05,0,52.3,96.7,68.2,35.3,61.4,532.3,77.1,616,143.4,142.8,1012.5,371428,3835,12.61,94.1,1480,2.69,1.14,22.9,38.7,75,11.33,12360124,73369,73.1,3477.21,0,1200,400,720,240,4200,7500,8500,102,1.5,6000,0,0,0,0,0,65.88,30,55.36,72.86,59.6,0,0
2026-10-01T14:06:44.899000+09:00,2026-10-01T05:06:44.899000+00:00,094623,2250.4,1,0,0,0,0,13580,496,13580,0,0,0,0,4655,-26560,10326,6,4480,0,129,0,1,0,0,2,0,0,0,0,31082107,2018,0.24,1145.36,3395.79,0,52.5,99.3,68.1,35.2,61.3,529.9,79.8,623,151.5,151.2,1010.4,371428,3835,12.77,87.9,1500,2.64,1.16,32.9,44.5,75,30.67,12360128,73369,77.58,3477.21,0,1200,400,720,240,4200,7500,8500,102,1.5,6000,0,0,0,0,0,77.62,30,74.99,66.51,59.6,0,0
2026-10-01T14:07:45.003000+09:00,2026-10-01T05:07:45.003000+00:00,094623,2478.7,1,0,0,0,0,13580,494,13580,0,0,0,0,4655,-26560,8278,6,4480,8,129,0,1,0,0,2,0,0,0,0,31082107,2018,0.24,1216.16,3694.88,0,52.7,97.1,67,35.2,61.8,533.8,73.4,628.8,160.3,160.1,1018,371428,3835,12.8,87.7,1500,2.63,1.16,33.6,43.3,75,30.59,12360133,73369,75.65,3477.21,0,1200,400,720,240,4200,7500,8500,102,1.5,6000,0,0,0,0,0,73.73,30,69.39,62.12,59.6,0,0
2026-10-01T14:08:45.086000+09:00,2026-10-01T05:08:45.086000+00:00,094623,1571.4,1,0,0,0,0,13580,501,13580,0,0,0,0,4651,-28608,10326,6,4992,0,129,0,1,0,0,2,0,0,0,0,31082107,2018,0.3,714.44,2285.84,0,52.8,98,66.9,35.2,62.3,538.3,72.6,626.5,160.7,160.7,1045.2,371429,3836,12.79,90.5,1510,2.72,1.1,24,36.7,75,15.19,12360138,73369,75.85,3477.21,0,1200,400,720,240,4200,7500,8500,102,1.5,6000,0,0,0,0,0,61.82,30,61.24,59.37,59.6,0,0
2026-10-01T14:09:45.266000+09:00,2026-10-01T05:09:45.266000+00:00,094623,1594.6,1,0,0,0,0,13580,459,13580,0,0,0,0,4651,-28608,18582,6,21376,528,129,0,1,0,0,2,0,0,0,0,31082107,2018,0.23,589.92,2184.51,0,52.5,97.2,68.8,35.2,61.9,534.8,76.2,617.8,148.1,147.6,1024.5,371429,3836,12.68,92.8,1290,2.48,2,27.1,40.5,75,11.11,12360140,73369,67.26,3477.21,0,1200,400,720,240,4200,7500,8500,102,1.5,6000,0,0,0,0,0,64.6,30,55.25,66.74,59.6,0,0
2026-10-01T14:10:45.277000+09:00,2026-10-01T05:10:45.277000+00:00,094623,1577.5,1,0,0,0,0,13580,494,13580,0,0,0,0,4651,-28608,10326,6,4480,0,129,0,1,0,0,2,0,0,0,0,31082107,2018,0.21,729.09,2306.59,0,52.5,99.4,68.9,35.3,61.5,528.1,76.4,615.5,144.5,143.8,1021.7,371429,3836,12.53,89.1,1490,2.66,1.2,26.6,42.1,75,17.77,12360142,73369,63.97,3477.21,0,1200,400,720,240,4200,7500,8500,102,1.5,6000,0,0,0,0,0,71.15,30,67.1,60.98,59.6,0,0
2026-10-01T14:11:45.368000+09:00,2026-10-01T05:11:45.368000+00:00,094623,2262.6,1,0,0,0,0,13580,504,13580,0,0,0,0,4655,-28608,10342,6,13188,0,129,0,1,0,0,2,0,0,0,0,31082107,2018,0.3,1168.55,3431.2,0,52.6,98.7,67.7,35.3,61.7,528.1,76.5,627.3,160.3,160.3,1054.2,371429,3836,12.9,89.3,1520,2.7,1.09,28.7,37.1,75,24.4,12360146,73369,73.64,3477.21,0,1200,400,720,240,4200,7500,8500,102,1.5,6000,0,0,0,0,0,71.89,30,69.44,64.26,59.6,0,0
2026-10-01T14:12:45.475000+09:00,2026-10-01T05:12:45.475000+00:00,094623,1199.1,1,0,0,0,0,13580,492,13580,0,0,0,0,4655,-28608,12374,6,5024,72,129,0,1,0,0,2,0,0,0,0,31082107,2018,0.27,489.82,1688.89,0,52.4,96.8,68,35.3,61.8,533.6,94.9,618.8,148,147.4,1021.6,371429,3836,12.22,90.2,1490,2.68,1.09,22,37.7,75,11.37,12360149,73369,65.01,3477.22,0,1200,400,720,240,4200,7500,8500,102,1.5,6000,0,0,0,0,0,64.41,30,56.26,58.38,59.6,0,0
2026-10-01T14:13:45.558000+09:00,2026-10-01T05:13:45.558000+00:00,094623,1178.3,1,0,0,0,0,13580,491,13580,0,0,0,0,4655,-28608,10326,6,4992,0,129,0,1,0,0,2,0,0,0,0,31082107,2018,0.2,517.9,1696.22,0,52.2,98,68.3,35.3,61.3,531.4,85.7,613.4,142.5,141.8,1034.7,371429,3836,12.65,92.4,1480,2.69,1.08,21.9,37.2,75,11.62,12360151,73369,66.9,3477.22,0,1200,400,720,240,4200,7500,8500,102,1.5,6000,0,0,0,0,0,65.59,30,58.34,67.39,59.6,0,0
2026-10-01T14:14:45.648000+09:00,2026-10-01T05:14:45.648000+00:00,094623,2602.0,1,0,0,0,0,13580,496,13580,0,0,0,0,4655,-26560,18518,6,4480,528,129,0,1,0,0,2,0,0,0,0,31082107,2018,0.26,1394.39,3996.4,0,52.3,98.9,68,35.3,61.1,522.9,83.6,622.4,152.7,152.3,1075.9,371430,3837,12.69,88.1,1500,2.65,1.16,34.2,41.8,75,30.31,12360154,73369,76.27,3477.22,0,1200,400,720,240,4200,7500,8500,102,1.5,6000,0,0,0,0,0,76.84,30,73.91,66.27,59.6,0,0
2026-10-01T14:15:45.758000+09:00,2026-10-01T05:15:45.758000+00:00,094623,975.7,1,0,0,0,0,13580,498,13580,0,0,0,0,4651,-28608,10326,6,4992,0,129,0,1,0,0,2,0,0,0,0,31082107,2018,0.25,0,975.68,0,52.5,97.3,67.5,35.3,61.7,533.1,77.4,623.4,152.7,152.7,1058.2,371430,3837,12.85,88.1,1490,2.73,1.19,23.1,37.7,75,12.47,12360158,73369,71.4,3477.22,0,1200,400,720,240,4200,7500,8500,102,1.5,6000,0,0,0,0,0,63.66,30,58.79,51.74,59.6,0,0
2026-10-01T14:16:45.847000+09:00,2026-10-01T05:16:45.847000+00:00,094623,1243.0,1,0,0,0,0,13580,498,13580,0,0,0,0,4651,-28608,10326,6,4992,0,129,0,1,0,0,2,0,0,0,0,31082107,2018,0.39,526.44,1769.46,0,52,97.6,68.1,35.3,61.3,532.1,79.5,616.5,145.1,144.6,1012.8,371430,3837,12.81,91.1,1500,2.7,1.12,22.6,37.8,75,11.36,12360160,73369,51.63,3477.22,0,1200,400,720,240,4200,7500,8500,102,1.5,6000,0,0,0,0,0,64.62,30,57.64,58.8,59.6,0,0
2026-10-01T14:17:45.942000+09:00,2026-10-01T05:17:45.942000+00:00,094623,2075.9,1,0,0,0,0,13580,492,13580,0,0,0,0,4651,-28608,12374,6,4512,72,129,0,1,0,0,2,0,0,0,0,31082107,2018,0.25,978.12,3053.99,0,52,97,68.4,35.2,60.9,523.1,84.7,617.3,145.8,145.2,1020.2,371430,3837,12.26,93.4,1490,2.64,1.21,30.3,42.6,75,22.93,12360163,73369,79.65,3477.22,0,1200,400,720,240,4200,7500,8500,102,1.5,6000,0,0,0,0,0,73.39,30,62.48,78.98,59.7,0,0
2026-10-01T14:18:46.040000+09:00,2026-10-01T05:18:46.040000+00:00,094623,1800.9,1,0,0,0,0,13580,501,13580,0,0,0,0,4651,-28608,10326,6,4992,0,129,0,1,0,0,2,0,0,0,0,31082107,2018,0.21,837.73,2638.63,0,52.4,98.7,67.9,35.1,61.6,530.3,98.9,626.3,158.4,158.3,1038.1,371430,3837,12.91,86.9,1510,2.73,1.1,25.5,36.5,75,18.64,12360167,73369,79.39,3477.22,0,1200,400,720,240,4200,7500,8500,102,1.5,6000,0,0,0,0,0,68.7,30,66.73,53.35,59.7,0,0
2026-10-01T14:19:46.137000+09:00,2026-10-01T05:19:46.137000+00:00,094623,1195.4,1,0,0,0,0,13580,492,13580,0,0,0,0,4651,-28608,18518,6,4992,528,129,0,1,0,0,2,0,0,0,0,31082107,2018,0.34,586.26,1781.67,0,52,97.7,68,35.1,61.5,529.5,96.8,617.7,146.3,145.7,1017.1,371430,3837,12.41,89.2,1470,2.71,1.06,21.7,35.8,75,11.6,12360169,73369,48.84,3477.22,0,1200,400,720,240,4200,7500,8500,102,1.5,6000,0,0,0,0,0,64.67,30,57.93,52.86,59.6,0,0
2026-10-01T14:20:46.225000+09:00,2026-10-01T05:20:46.225000+00:00,094623,1451.8,1,0,0,0,0,13580,493,13580,0,0,0,0,4655,-28608,10326,6,4480,0,129,0,1,0,0,2,0,0,0,0,31082107,2018,0.22,654.62,2106.39,0,51.9,97,68.1,35.1,61,528.6,99.6,614.4,142.9,142.4,1027.2,371431,3838,12.56,95.4,1490,2.69,1.18,25.2,40.8,75,14.81,12360171,73369,69.41,3477.22,0,1200,400,720,240,4200,7500,8500,102,1.5,6000,0,0,0,0,0,67.35,30,57.72,77.19,59.7,0,0
2026-10-01T14:21:46.325000+09:00,2026-10-01T05:21:46.325000+00:00,094623,2367.6,1,0,0,0,0,13580,497,13580,0,0,0,0,4655,-26560,10326,6,4480,0,129,0,1,0,0,2,0,0,0,0,31082107,2018,0.24,1228.37,3596,0,52.2,100.5,67.6,35,61.1,529.4,88.7,624.8,154.3,154.3,1027.3,371431,3838,12.67,87.3,1500,2.67,1.16,33.1,43.4,75,30.32,12360176,73369,81.56,3477.23,0,1200,400,720,240,4200,7500,8500,102,1.5,6000,0,0,0,0,0,75.8,30,79.18,63.81,59.7,0,0
2026-10-01T14:22:46.408000+09:00,2026-10-01T05:22:46.408000+00:00,094623,2259.0,1,0,0,0,0,13580,504,13580,0,0,0,0,4651,-28608,12374,6,5024,72,129,0,1,0,0,2,0,0,0,0,31082107,2018,0.35,1140.48,3399.46,0,52.2,96,67.1,35,61.7,531.4,84,629.1,162.5,162.4,1049.2,371431,3838,12.82,88.6,1520,2.71,1.11,28.9,38.1,75,24.3,12360181,73369,72.3,3477.23,0,1200,400,720,240,4200,7500,8500,102,1.5,6000,0,0,0,0,0,69.38,30,60.21,59.47,59.7,0,0
2026-10-01T14:23:46.509000+09:00,2026-10-01T05:23:46.509000+00:00,094623,1196.6,1,0,0,0,0,13580,491,13580,0,0,0,0,4651,-28608,10326,6,4992,0,129,0,1,0,0,0,0,0,0,0,31082107,2018,0.4,542.31,1738.94,0,52.1,98.3,68.1,35,61.7,534,83.2,621,149.7,149.3,1019.2,371431,3838,12.67,90.4,1480,2.68,1.08,22,36.9,75,11.26,12360183,73369,61.78,3477.23,0,1200,400,720,240,4200,7500,8500,102,1.5,6000,0,0,0,0,0,63.48,30,59.53,56.37,59.7,0,0
2026-10-01T14:24:46.599000+09:00,2026-10-01T05:24:46.599000+00:00,094623,1141.7,1,0,0,0,0,13580,491,13580,0,0,0,0,4655,-26560,18518,6,4992,16,129,0,1,0,0,2,0,0,0,0,31082107,2018,0.17,499.59,1641.29,0,52,98.8,68.8,35.1,61.2,532.2,97.3,615.7,143.3,142.6,1011.3,371431,3838,12.67,91.8,1470,2.68,1.07,21.6,37.1,75,11.24,12360185,73369,73.6,3477.23,0,1200,400,720,240,4200,7500,8500,102,1.5,6000,0,0,0,0,0,66.41,30,59.97,64.68,59.7,0,0
2026-10-01T14:25:46.705000+09:00,2026-10-01T05:25:46.705000+00:00,094623,2541.0,1,0,0,0,0,13580,495,13580,0,0,0,0,4655,-28608,10326,590,4480,8192,129,0,1,0,0,2,0,0,0,0,31082107,2018,0.28,1357.77,3898.74,0,51.9,98.1,67.9,35,60.9,523.7,95.1,624.8,152.7,152.5,1045,371432,3839,12.67,89.2,1500,2.64,1.17,34.1,42.3,75,30.06,12360189,73369,74.46,3477.23,0,1200,400,720,240,4200,7500,8500,102,1.5,6000,0,0,0,0,0,76.32,30,70.91,69.15,59.7,0,0
2026-10-01T14:26:46.810000+09:00,2026-10-01T05:26:46.810000+00:00,094623,1496.9,1,0,0,0,0,13580,499,13580,0,0,0,0,4655,-26560,10326,6,4992,0,129,0,1,0,0,2,0,0,0,0,31082107,2018,0.23,609.45,2106.39,0,52.1,98.1,67.4,35,61.5,532,88.7,624.2,154.8,154.7,1051,371432,3839,12.69,88.1,1500,2.74,1.13,23.5,36.9,75,12.61,12360193,73369,73.2,3477.23,0,1200,400,720,240,4200,7500,8500,102,1.5,6000,0,0,0,0,0,63.44,30,61.34,52.61,59.7,0,0
2026-10-01T14:27:46.896000+09:00,2026-10-01T05:27:46.896000+00:00,094623,1224.7,1,0,0,0,0,13580,493,13580,0,0,0,0,4651,-28608,12374,6,5024,72,129,0,1,0,0,2,0,0,0,0,31082107,2018,0.33,552.08,1776.79,0,51.6,97.2,68.2,35,61.3,529.4,85.8,616.8,145.6,144.9,1029.7,371432,3839,12.68,91,1480,2.7,1.06,21.6,35.3,75,11.12,12360195,73369,55,3477.23,0,1200,400,720,240,4200,7500,8500,102,1.5,6000,0,0,0,0,0,64.46,30,56.19,59.08,59.7,0,0
2026-10-01T14:28:47.003000+09:00,2026-10-01T05:28:47.003000+00:00,094623,1830.2,1,0,0,0,0,13580,492,13580,0,0,0,0,4655,-26560,10390,590,20864,8192,129,0,1,0,0,2,0,0,0,0,31082107,2018,0.2,854.82,2685.02,0,51.6,98,68.4,35,60.8,524.2,89.1,617.2,144,143.3,1013.3,371432,3839,12.82,92.2,1490,2.66,1.2,28.6,42.8,75,21.25,12360197,73369,76.24,3477.23,0,1200,400,720,240,4200,7500,8500,102,1.5,6000,0,0,0,0,0,72.15,30,64.57,74,59.7,0,0
2026-10-01T14:29:47.101000+09:00,2026-10-01T05:29:47.101000+00:00,094623,1871.7,1,0,0,0,0,13580,501,13580,0,0,0,0,4651,-26560,10326,6,4992,0,129,0,1,0,0,2,0,0,0,0,31082107,2018,0.19,856.04,2727.74,0,51.9,99.2,67.6,35,61.2,533.8,90.4,625.9,157.6,157.6,1032.5,371432,3839,12.8,86.9,1510,2.71,1.1,27,39.4,75,22.39,12360202,73369,81.88,3477.23,0,1200,400,720,240,4200,7500,8500,102,1.5,6000,0,0,0,0,0,69.85,30,70.19,55.94,59.7,0,0
2026-10-01T14:30:47.184000+09:00,2026-10-01T05:30:47.184000+00:00,094623,1218.6,1,0,0,0,0,13580,489,13580,0,0,0,0,4651,-28608,10342,6,13188,0,129,0,1,0,0,2,0,0,0,0,31082107,2018,0.35,381.18,1599.78,0,51.6,96.7,67.7,35,61.1,533.3,93.8,618.5,146.3,145.9,1029.2,371432,3839,12.76,89,1470,2.69,1.26,23,39.3,75,11.26,12360204,73369,49.99,3477.24,0,1200,400,720,240,4200,7500,8500,102,1.5,6000,0,0,0,0,0,62.9,30,54.82,52.06,59.7,0,0
2026-10-01T14:31:47.259000+09:00,2026-10-01T05:31:47.259000+00:00,094623,1212.5,1,0,0,0,0,13580,498,13580,0,0,0,0,4655,-28608,10326,6,4480,0,129,0,1,0,0,0,0,0,0,0,31082107,2018,0.27,544.75,1757.26,0,51.5,97.2,68.1,35,60.6,532.6,91.6,614.5,141.8,141.3,1028.6,371433,3840,12.68,95,1500,2.74,1.13,22.5,38.4,75,11.37,12360206,73369,65.03,3477.24,0,1200,400,720,240,4200,7500,8500,102,1.5,6000,0,0,0,0,0,64.06,30,56.05,72.83,59.8,0,0
2026-10-01T14:32:47.364000+09:00,2026-10-01T05:32:47.364000+00:00,094623,2633.4,1,0,0,0,0,13580,494,13580,0,0,0,0,4655,-28608,12374,590,4480,8192,129,0,1,0,0,2,0,0,0,0,31082107,2018,0.28,1465.5,4098.94,0,51.9,100.5,68.2,35,60.6,523.3,87.6,625.2,153.3,153,1062.8,371433,3840,12.61,87,1490,2.65,1.17,34.4,41.6,75,30.09,12360210,73369,78.96,3477.24,0,1200,400,720,240,4200,7500,8500,102,1.5,6000,0,0,0,0,0,76.47,30,77.93,62.69,59.8,0,0
2026-10-01T14:33:47.525000+09:00,2026-10-01T05:33:47.525000+00:00,094623,2006.3,1,0,0,0,0,13580,449,13580,0,0,0,0,4651,-28608,10326,6,4992,0,129,0,1,0,0,2,0,0,0,0,31082107,2018,0.27,856.04,2862.33,0,51.8,96.2,67.6,34.9,61.3,528.4,85.4,624.9,153.1,153,1063.2,371433,3840,12.5,88.4,1430,2.43,1.33,28,37.3,75,12.25,12360213,73369,65.21,3477.24,0,1200,400,720,240,4200,7500,8500,102,1.5,6000,0,0,0,0,0,62.04,30,53.16,50.09,59.8,0,0
2026-10-01T14:34:47.554000+09:00,2026-10-01T05:34:47.554000+00:00,094623,1576.3,1,0,0,0,0,13580,453,13580,0,0,0,0,4651,-26560,10326,6,4992,0,129,0,1,0,0,0,0,0,0,0,31082107,2018,0.4,610.67,2186.96,0,51.4,97.7,68.2,34.8,61,532.6,91,616.2,143.8,143.3,1030.9,371433,3840,12.44,91.6,1290,2.43,1.95,27.2,41.2,75,11.37,12360216,73369,55.38,3477.24,0,1200,400,720,240,4200,7500,8500,102,1.5,6000,0,0,0,0,0,63.54,30,57.62,58.61,59.8,0,0
2026-10-01T14:35:47.648000+09:00,2026-10-01T05:35:47.648000+00:00,094623,1914.4,1,0,0,0,0,13580,493,13580,0,0,0,0,4651,-28608,10326,6,4480,0,129,0,1,0,0,2,0,0,0,0,31082107,2018,0.23,879.24,2793.66,0,51.5,97.3,68.5,34.9,60.5,524.4,90.8,616.3,143.6,143.1,1019.5,371433,3840,12.75,92.1,1490,2.66,1.21,29.9,44.7,75,23.7,12360218,73369,83.56,3477.24,0,1200,400,720,240,4200,7500,8500,102,1.5,6000,0,0,0,0,0,73.84,30,63.09,74.97,59.8,0,0
2026-10-01T14:36:47.725000+09:00,2026-10-01T05:36:47.725000+00:00,094623,2510.5,1,0,0,0,0,13580,501,13580,0,0,0,0,4651,-28608,10326,6,4992,0,129,0,1,0,0,2,0,0,0,0,31082107,2018,0.22,1332.13,3842.59,0,51.9,98.7,67.5,34.9,60.9,525.3,85.2,627.6,159.6,159.4,1039.6,371433,3840,12.46,86.9,1510,2.7,1.15,31.6,39.5,75,28.11,12360223,73369,79.88,3477.24,0,1200,400,720,240,4200,7500,8500,102,1.5,6000,0,0,0,0,0,72.43,30,71.54,57.97,59.8,0,0
2026-10-01T14:37:47.841000+09:00,2026-10-01T05:37:47.841000+00:00,094623,1730.1,1,0,0,0,0,13580,524,13580,0,0,0,0,4651,-28608,18518,6,4992,528,129,0,1,0,0,2,0,0,0,0,31082107,2018,0.39,926.85,2656.94,0,51.6,98,67.6,34.8,61.3,528.1,87.9,619.6,150.1,150.1,1026.5,371434,3841,12.76,89.2,1580,2.86,1.1,25.9,36.6,75,17.12,12360226,73369,54.99,3477.24,0,1200,400,720,240,4200,7500,8500,102,1.5,6000,0,0,0,0,0,66.44,30,62.67,56.53,59.8,0,0
2026-10-01T14:38:47.928000+09:00,2026-10-01T05:38:47.928000+00:00,094623,1732.5,1,0,0,0,0,13580,522,13580,0,0,0,0,4655,-28608,10326,6,4992,0,129,0,1,0,0,0,0,0,0,0,31082107,2018,0.31,876.8,2609.33,0,51.4,96.8,68.4,34.9,60.9,529,88.7,614.8,143.7,143.3,1021,371434,3841,12.74,95.1,1580,2.85,1.12,26.1,37.5,75,11.85,12360228,73369,68.14,3477.25,0,1200,400,720,240,4200,7500,8500,102,1.5,6000,0,0,0,0,0,68.92,30,59.09,77.65,59.8,0,0
2026-10-01T14:39:48.022000+09:00,2026-10-01T05:39:48.022000+00:00,094623,2483.6,1,0,0,0,0,13580,495,13580,0,0,0,0,4655,-26560,10326,6,4480,0,129,0,1,0,0,2,0,0,0,0,31082107,2018,0.24,1299.17,3782.77,0,51.6,99.3,68.5,34.8,60.6,522.3,84.1,622.4,151.1,150.6,1028.7,371434,3841,12.82,88.4,1490,2.66,1.17,33.5,42.2,75,28.94,12360231,73369,76.39,3477.25,0,1200,400,720,240,4200,7500,8500,102,1.5,6000,0,0,0,0,0,77.05,30,73.55,66.43,59.8,0,0
2026-10-01T14:40:48.104000+09:00,2026-10-01T05:40:48.104000+00:00,094623,1467.6,1,0,0,0,0,13580,499,13580,0,0,0,0,4651,-28608,12374,6,4992,8,129,0,1,0,0,2,0,0,0,0,31082107,2018,0.27,642.41,2110.05,0,51.8,97.2,67.3,34.7,61.2,532.9,84.1,624.9,155.3,155.3,1021.6,371434,3841,12.33,87.4,1510,2.74,1.11,23.5,37,75,13.85,12360235,73369,72.7,3477.25,0,1200,400,720,240,4200,7500,8500,102,1.5,6000,0,0,0,0,0,63.07,30,58.35,49.49,59.8,0,0
2026-10-01T14:41:48.214000+09:00,2026-10-01T05:41:48.214000+00:00,094623,1330.9,1,0,0,0,0,13580,518,13580,0,0,0,0,4651,-28608,10326,6,4992,0,129,0,1,0,0,2,0,0,0,0,31082107,2018,0.39,625.32,1956.24,0,51.4,98.8,68.1,34.7,60.9,528.1,94.3,615.7,144.6,143.8,1034.4,371434,3841,12.76,89.9,1550,2.85,1.02,21.9,34,75,16.9,12360237,73369,51.95,3477.25,0,1200,400,720,240,4200,7500,8500,102,1.5,6000,0,0,0,0,0,64.69,30,61.71,54.87,59.9,0,0
2026-10-01T14:42:48.310000+09:00,2026-10-01T05:42:48.310000+00:00,094623,1871.7,1,0,0,0,0,13580,493,13580,0,0,0,0,4655,-28608,18518,582,4480,528,129,0,1,0,0,2,0,0,0,0,31082107,2018,0.2,901.21,2772.91,0,51.3,96.3,68.3,34.7,60.4,523.6,106.1,616.7,144.4,143.8,1045.5,371434,3841,12.73,96.1,1490,2.66,1.21,28.4,41.6,75,19.71,12360239,73369,73.89,3477.25,0,1200,400,720,240,4200,7500,8500,102,1.5,6000,0,0,0,0,0,70.27,30,58.42,82.67,59.8,0,0
2026-10-01T14:43:48.407000+09:00,2026-10-01T05:43:48.407000+00:00,094623,2592.2,1,0,0,0,0,13580,497,13580,0,0,0,0,4655,-26560,10326,6,4480,0,129,0,1,0,0,2,0,0,0,0,31082107,2018,0.24,1257.67,3849.91,0,51.7,100.6,67.9,34.7,60.9,527.4,95.8,628.8,159.9,159.8,1069.6,371435,3842,12.81,86.9,1500,2.65,1.16,33.8,42.1,75,30.53,12360244,73369,80.03,3477.25,0,1200,400,720,240,4200,7500,8500,102,1.5,6000,0,0,0,0,0,75.96,30,79.26,60.88,59.9,0,0
2026-10-01T14:44:48.499000+09:00,2026-10-01T05:44:48.499000+00:00,094623,1468.9,1,0,0,0,0,13580,491,13580,0,0,0,0,4655,-28608,10326,6,4992,0,129,0,1,0,0,2,0,0,0,0,31082107,2018,0.34,196.84,1665.7,0,51.7,97.2,67.3,34.6,61.4,532.6,89.3,623.9,156.2,156.1,1031.6,371435,3842,12.5,88.7,1470,2.72,0.84,23.8,38.8,75,12.5,12360248,73369,64.11,3477.25,0,1200,400,720,240,4200,7500,8500,102,1.5,6000,0,0,0,0,0,61.66,30,56.25,51.31,59.9,0,0
2026-10-01T14:45:48.597000+09:00,2026-10-01T05:45:48.597000+00:00,094623,1199.1,1,0,0,0,0,13580,499,13580,0,0,0,0,4655,-28608,12438,518,21408,72,129,0,1,0,0,0,0,0,0,0,31082107,2018,0.37,482.5,1681.57,0,51.4,97.4,68.3,34.6,61,533.9,92.5,615.4,146,145.6,1026.5,371435,3842,12.65,94.5,1500,2.76,1.11,22.2,38.2,75,10.78,12360250,73369,63.62,3477.25,0,1200,400,720,240,4200,7500,8500,102,1.5,6000,0,0,0,0,0,64.05,30,56.87,70.12,59.8,0,0
2026-10-01T14:46:48.689000+09:00,2026-10-01T05:46:48.689000+00:00,094623,1898.6,1,0,0,0,0,13580,491,13580,0,0,0,0,4651,-28608,10326,6,4480,0,129,0,1,0,0,2,0,0,0,0,31082107,2018,0.24,947.6,2846.16,0,51.6,98.9,68.7,34.6,60.5,524.8,87.4,615.6,145.1,144.6,1042.1,371435,3842,12.76,89.2,1490,2.66,1.21,29.6,43.6,75,23.2,12360252,73369,71.19,3477.25,0,1200,400,720,240,4200,7500,8500,102,1.5,6000,0,0,0,0,0,73.6,30,68.39,65.17,59.9,0,0
2026-10-01T14:47:48.788000+09:00,2026-10-01T05:47:48.788000+00:00,094623,2506.8,1,0,0,0,0,13580,494,13580,0,0,0,0,4655,-28608,18582,6,20864,528,129,0,1,0,0,2,0,0,0,0,31082107,2018,0.26,1140.48,3647.27,0,51.7,98.5,67.4,34.7,60.9,531,88.6,628.7,160.9,160.9,1031,371435,3842,12.81,87.7,1490,2.65,1.15,33.4,43,75,30.75,12360257,73369,75.68,3477.25,0,1200,400,720,240,4200,7500,8500,102,1.5,6000,0,0,0,0,0,74.15,30,72.88,62.29,59.9,0,0
2026-10-01T14:48:48.876000+09:00,2026-10-01T05:48:48.876000+00:00,094623,1615.3,1,0,0,0,0,13580,502,13580,0,0,0,0,4651,-28608,10326,6,4992,0,129,0,1,0,0,2,0,0,0,0,31082107,2018,0.3,663.17,2278.51,0,51.9,97.8,67,34.6,61.6,537.2,88,630.4,162.1,162.2,1032.1,371435,3842,12.93,89.4,1510,2.75,1.1,24.4,37.7,75,16.68,12360262,73369,74.24,3477.26,0,1200,400,720,240,4200,7500,8500,102,1.5,6000,0,0,0,0,0,62.21,30,61.72,55.08,59.9,0,0
2026-10-01T14:49:48.999000+09:00,2026-10-01T05:49:48.999000+00:00,094623,1291.5,1,0,0,0,0,13580,488,13580,0,0,0,0,4651,-28608,10342,6,13188,0,129,0,1,0,0,2,0,0,0,0,31082107,2018,0.33,88.2,1379.74,0,51.5,97.2,68.5,34.6,61.3,534,93.3,619.1,149.5,149.1,1001.8,371436,3843,12.67,92.8,1430,2.74,0.74,23.7,40.4,75,11.23,12360264,73369,59.78,3477.26,0,1200,400,720,240,4200,7500,8500,102,1.5,6000,0,0,0,0,0,63.7,30,56.19,63.54,59.9,0,0
2026-10-01T14:50:49.088000+09:00,2026-10-01T05:50:49.088000+00:00,094623,1559.2,1,0,0,0,0,13580,494,13580,0,0,0,0,4655,-28608,12374,6,4512,72,129,0,1,0,0,2,0,0,0,0,31082107,2018,0.26,713.22,2272.41,0,51.6,98,68.9,34.7,60.8,526.3,88.1,616.4,145.9,145.4,1035.3,371436,3843,12.63,90.8,1490,2.68,1.19,26.4,41.8,75,16.78,12360266,73369,76.75,3477.26,0,1200,400,720,240,4200,7500,8500,102,1.5,6000,0,0,0,0,0,69.97,30,61.49,66.28,59.9,0,0
2026-10-01T14:51:49.177000+09:00,2026-10-01T05:51:49.177000+00:00,094623,2563.0,1,0,0,0,0,13580,495,13580,0,0,0,0,4655,-28608,10326,6,4480,0,129,0,1,0,0,2,0,0,0,0,31082107,2018,0.26,1396.83,3959.78,0,51.8,98.7,67.8,34.6,60.9,527.3,81.6,627,159,158.8,1047.7,371436,3843,12.79,87.5,1500,2.66,1.17,34,42.1,75,30.84,12360270,73369,79.76,3477.26,0,1200,400,720,240,4200,7500,8500,102,1.5,6000,0,0,0,0,0,75.58,30,73.79,62.48,59.9,0,0
2026-10-01T14:52:49.257000+09:00,2026-10-01T05:52:49.257000+00:00,094623,1511.6,1,0,0,0,0,13580,499,13580,0,0,0,0,4651,-28608,18518,6,4992,528,129,0,1,0,0,2,0,0,0,0,31082107,2018,0.34,682.7,2194.28,0,51.8,97.2,67.2,34.6,61.5,530.8,81.7,628.3,158.6,158.5,1045.6,371436,3843,12.13,88.8,1500,2.73,1.12,23.3,35.8,75,12.49,12360274,73369,62.8,3477.26,0,1200,400,720,240,4200,7500,8500,102,1.5,6000,0,0,0,0,0,61.5,30,57.11,51.63,59.9,0,0
2026-10-01T14:53:49.342000+09:00,2026-10-01T05:53:49.342000+00:00,094623,1214.9,1,0,0,0,0,13580,498,13580,0,0,0,0,4651,-28608,10326,6,4992,0,129,0,1,0,0,0,0,0,0,0,31082107,2018,0.38,491.04,1705.98,0,51.4,97.7,68.5,34.6,61.3,533.5,85.1,617.2,147.7,147.1,1030.4,371436,3843,12.53,93,1500,2.74,1.11,22.3,38.1,75,11.33,12360276,73369,64.87,3477.26,0,1200,400,720,240,4200,7500,8500,102,1.5,6000,0,0,0,0,0,64.63,30,58.06,65.13,59.9,0,0
2026-10-01T14:54:49.437000+09:00,2026-10-01T05:54:49.437000+00:00,094623,1832.6,1,0,0,0,0,13580,493,13580,0,0,0,0,4651,-28608,10326,6,4480,0,129,0,1,0,0,2,0,0,0,0,31082107,2018,0.25,907.31,2739.95,0,51.5,98.8,68.8,34.6,60.7,526.3,85.5,615.7,144.7,144.1,1033.5,371436,3843,12.47,89.7,1490,2.65,1.2,29.2,44.3,75,23.3,12360279,73369,75.83,3477.26,0,1200,400,720,240,4200,7500,8500,102,1.5,6000,0,0,0,0,0,74.04,30,68.03,66.52,59.9,0,0
2026-10-01T14:55:49.520000+09:00,2026-10-01T05:55:49.520000+00:00,094623,2636.2,1,0,0,0,0,13580,502,13580,0,0,0,0,4651,-28608,12374,518,5024,72,129,0,1,0,0,2,0,0,0,0,31082107,2018,0.27,1422.47,4058.66,0,51.7,98.9,67.4,34.5,60.9,527.7,85.2,629.3,161.2,161.2,1057.8,371437,3844,12.93,87.6,1520,2.7,1.14,32.1,39.1,75,28.18,12360283,73369,78.66,3477.26,0,1200,400,720,240,4200,7500,8500,102,1.5,6000,0,0,0,0,0,72.74,30,72.5,60.42,59.9,0,0
2026-10-01T14:56:49.629000+09:00,2026-10-01T05:56:49.629000+00:00,094623,1510.4,1,0,0,0,0,13580,486,13580,0,0,0,0,4651,-28608,10326,6,4992,0,129,0,1,0,0,2,0,0,0,0,31082107,2018,0.32,539.87,2050.23,0,51.5,97,67.6,34.5,61.3,533.6,83.9,623,152.6,152.3,1033.7,371437,3844,12.85,88.9,1330,2.6,2.02,25.9,40.1,75,11.24,12360286,73369,57.12,3477.27,0,1200,400,720,240,4200,7500,8500,102,1.5,6000,0,0,0,0,0,61.67,30,56.06,50.95,59.9,0,0
2026-10-01T14:57:49.718000+09:00,2026-10-01T05:57:49.718000+00:00,094623,1224.7,1,0,0,0,0,13580,484,13580,0,0,0,0,4651,-28608,18518,6,4992,0,129,0,1,0,0,0,0,0,0,0,31082107,2018,0.35,342.11,1566.82,0,51.2,97.5,68.4,34.5,60.8,532.1,95.8,617.8,146.6,146.2,1014.6,371437,3844,12.8,93.8,1480,2.68,1.09,23,39.6,75,11.27,12360288,73369,62.47,3477.27,0,1200,400,720,240,4200,7500,8500,102,1.5,6000,0,0,0,0,0,64.09,30,56.62,67.14,60,0,0
2026-10-01T14:58:49.798000+09:00,2026-10-01T05:58:49.798000+00:00,094623,2382.3,1,0,0,0,0,13580,495,13580,0,0,0,0,4651,-28608,10326,6,4480,0,129,0,1,0,0,2,0,0,0,0,31082107,2018,0.27,1267.43,3649.71,0,51.4,99.5,68.6,34.5,60.6,523.6,97,623.4,151.8,151.3,1023.5,371437,3844,12.32,89.1,1500,2.67,1.16,32.8,42.5,75,28.93,12360291,73369,84.2,3477.27,0,1200,400,720,240,4200,7500,8500,102,1.5,6000,0,0,0,0,0,76.8,30,73.63,68.85,60,0,0
2026-10-01T14:59:49.906000+09:00,2026-10-01T05:59:49.906000+00:00,094623,2072.2,1,0,0,0,0,13580,500,13580,0,0,0,0,4651,-28608,10326,6,4992,0,129,0,1,0,0,2,0,0,0,0,31082107,2018,0.24,884.12,2956.33,0,51.7,96.5,67.4,34.4,61.2,534.7,91.2,632.1,161.6,161.7,1023.4,371437,3844,12.75,87,1510,2.72,1.1,27.9,39,75,23.99,12360296,73369,80.45,3477.27,0,1200,400,720,240,4200,7500,8500,102,1.5,6000,0,0,0,0,0,69.26,30,62.58,55.23,59.9,0,0
2026-10-01T15:00:50.001000+09:00,2026-10-01T06:00:50.001000+00:00,094623,1274.8,1,0,0,0,0,13580,496,13580,0,0,0,0,4651,-28608,12374,518,5024,8,129,0,1,0,0,0,0,0,0,0,31082107,2018,0.42,499.59,1774.35,0,51.4,98.8,67.7,34.4,61.1,535,98.7,620.7,149.2,148.8,1021.8,371437,3844,12.8,89.8,1500,2.74,1.12,22.6,38.2,75,10.41,12360299,73369,52.99,3477.27,0,1200,400,720,240,4200,7500,8500,102,1.5,6000,0,0,0,0,0,62.07,30,60.96,54.07,60,0,0
2026-10-01T15:01:50.098000+09:00,2026-10-01T06:01:50.098000+00:00,094623,1316.3,1,0,0,0,0,13580,494,13580,0,0,0,0,4651,-28608,10326,6,4992,0,129,0,1,0,0,0,0,0,0,0,31082107,2018,0.25,591.14,1907.41,0,51.2,96.4,68.4,34.4,60.6,530.1,92.3,616.9,146,145.7,1017,371438,3845,12.69,94.9,1490,2.72,1.12,22.8,36.9,75,11.18,12360301,73369,68.12,3477.27,0,1200,400,720,240,4200,7500,8500,102,1.5,6000,0,0,0,0,0,64.3,30,53.36,73.17,60,0,0
2026-10-01T15:02:50.196000+09:00,2026-10-01T06:02:50.196000+00:00,094623,2678.9,1,0,0,0,0,13580,496,13580,0,0,0,0,4655,-28608,10326,590,4480,8192,129,0,1,0,0,2,0,0,0,0,31082107,2018,0.24,1338.24,4017.15,0,51.4,99.8,68.2,34.4,60.6,521.9,94.7,626.9,157.1,156.7,1036.6,371438,3845,12.75,88.2,1500,2.67,1.16,34.2,41.4,75,30.15,12360305,73369,77.19,3477.27,0,1200,400,720,240,4200,7500,8500,102,1.5,6000,0,0,0,0,0,76.22,30,75.82,65.76,60,0,0
2026-10-01T15:03:50.279000+09:00,2026-10-01T06:03:50.279000+00:00,094623,1445.7,1,0,0,0,0,13580,518,13580,0,0,0,0,4651,-28608,10326,6,4992,0,129,0,1,0,0,2,0,0,0,0,31082107,2018,0.3,698.57,2144.23,0,51.4,96.7,67.7,34.3,61.1,526.4,84.9,624.5,153.4,153.3,1033,371438,3845,12.8,88,1560,2.87,1.01,22.1,32.9,75,16.59,12360308,73369,61.55,3477.27,0,1200,400,720,240,4200,7500,8500,102,1.5,6000,0,0,0,0,0,63.52,30,55.72,50.23,60,0,0
2026-10-01T15:04:50.373000+09:00,2026-10-01T06:04:50.373000+00:00,094623,1451.8,1,0,0,0,0,13580,519,13580,0,0,0,0,4655,-28608,10390,6,21376,0,129,0,1,0,0,2,0,0,0,0,31082107,2018,0.37,753.5,2205.27,0,51.1,98.6,68.1,34.4,60.7,525.4,93.6,619,146.6,146.2,1018.8,371438,3845,12.77,91.3,1560,2.87,1.02,22.7,33.4,75,17.21,12360310,73369,58.63,3477.27,0,1200,400,720,240,4200,7500,8500,102,1.5,6000,0,0,0,0,0,65.18,30,62.17,60.31,60,0,0
2026-10-01T15:05:50.461000+09:00,2026-10-01T06:05:50.461000+00:00,094623,2090.5,1,0,0,0,0,13580,492,13580,0,0,0,0,4651,-28608,8278,6,4480,0,129,0,1,0,0,2,0,0,0,0,31082107,2018,0.25,989.1,3079.62,0,51.2,96.5,68.4,34.4,60.4,524.3,87.7,618.8,147.5,147.2,1037.6,371438,3845,12.8,92.4,1490,2.67,1.18,30.9,44,75,25.37,12360313,73369,75.96,3477.28,0,1200,400,720,240,4200,7500,8500,102,1.5,6000,0,0,0,0,0,74.56,30,62.07,77.07,60,0,0
2026-10-01T15:06:50.558000+09:00,2026-10-01T06:06:50.558000+00:00,094623,2241.9,1,0,0,0,0,13580,502,13580,0,0,0,0,4655,-28608,10390,518,21376,0,129,0,1,0,0,2,0,0,0,0,31082107,2018,0.23,1048.92,3290.81,0,51.6,98.3,67.6,34.3,60.9,528.5,94.8,630.3,161.8,162.1,1047.1,371438,3845,12.42,86.6,1510,2.73,1.11,28.3,37.4,75,22.48,12360318,73369,82.38,3477.28,0,1200,400,720,240,4200,7500,8500,102,1.5,6000,0,0,0,0,0,69.69,30,67.51,54.15,60,0,0
2026-10-01T15:07:50.658000+09:00,2026-10-01T06:07:50.658000+00:00,094623,1284.5,1,0,0,0,0,13580,497,13580,0,0,0,0,4651,-28608,10326,6,4992,0,129,0,1,0,0,2,0,0,0,0,31082107,2018,0.35,513.02,1797.54,0,51.3,98.9,67.8,34.3,61,533.1,91.9,621.3,149.3,149,1032.2,371439,3846,12.17,89,1490,2.75,1.13,22.6,38.1,75,11.31,12360320,73369,50.07,3477.28,0,1200,400,720,240,4200,7500,8500,102,1.5,6000,0,0,0,0,0,62.78,30,61.09,51.26,60,0,0
2026-10-01T15:08:50.753000+09:00,2026-10-01T06:08:50.753000+00:00,094623,1294.3,1,0,0,0,0,13580,496,13580,0,0,0,0,4651,-28608,10342,6,13188,0,129,0,1,0,0,0,0,0,0,0,31082107,2018,0.29,533.77,1828.06,0,51.2,96.5,68.2,34.3,60.6,530.8,92.2,617.3,145.1,144.7,1020.3,371439,3846,12.74,94.7,1490,2.74,1.12,22.7,37.3,75,11.18,12360322,73369,63.15,3477.28,0,1200,400,720,240,4200,7500,8500,102,1.5,6000,0,0,0,0,0,63.94,30,53.39,70.89,60,0,0
2026-10-01T15:09:50.881000+09:00,2026-10-01T06:09:50.881000+00:00,094623,2542.2,1,0,0,0,0,13580,496,13580,0,0,0,0,4655,-26560,10326,6,4480,0,129,0,1,0,0,2,0,0,0,0,31082107,2018,0.25,1308.94,3851.13,0,51.7,100.6,68.5,34.4,60.5,523.7,92.2,627.5,154.6,154.5,1043.1,371439,3846,12.86,87.3,1500,2.66,1.16,33.7,42.4,75,30.35,12360326,73369,84.85,3477.28,0,1200,400,720,240,4200,7500,8500,102,1.5,6000,0,0,0,0,0,77.32,30,78.12,63.81,60,0,0
2026-10-01T15:10:50.969000+09:00,2026-10-01T06:10:50.969000+00:00,094623,1717.9,1,0,0,0,0,13580,501,13580,0,0,0,0,4655,-26560,18518,6,4992,528,129,0,1,0,0,2,0,0,0,0,31082107,2018,0.29,764.49,2482.38,0,51.7,96.3,67.2,34.4,61.3,532.2,89.4,627.7,160.2,160.4,1039.1,371439,3846,12.76,88,1510,2.76,1.11,24.5,35.9,75,15.14,12360330,73369,68.33,3477.28,0,1200,400,720,240,4200,7500,8500,102,1.5,6000,0,0,0,0,0,63.48,30,56.27,51.51,60,0,0
2026-10-01T15:11:51.049000+09:00,2026-10-01T06:11:51.049000+00:00,094623,1576.3,1,0,0,0,0,13580,464,13580,0,0,0,0,4655,-28608,10326,6,4992,0,129,0,1,0,0,0,0,0,0,0,31082107,2018,0.45,594.81,2171.09,0,51.4,98.4,68.1,34.4,61.1,531,90.2,619.4,148.6,148,1042.8,371439,3846,12.71,91.1,1300,2.57,2.09,26.7,40.1,75,11.24,12360332,73369,53.32,3477.28,0,1200,400,720,240,4200,7500,8500,102,1.5,6000,0,0,0,0,0,62.73,30,59.34,56.68,60,0,0
2026-10-01T15:12:51.170000+09:00,2026-10-01T06:12:51.170000+00:00,094623,1623.9,1,0,0,0,0,13580,494,13580,0,0,0,0,4655,-26560,10326,6,4480,0,129,0,1,0,0,2,0,0,0,0,31082107,2018,0.19,661.95,2285.84,0,51.4,97.9,68.7,34.4,60.7,526.9,91.5,619.3,144.4,144,1054.8,371439,3846,12.3,93.4,1490,2.69,1.18,26.4,41.7,75,17.01,12360334,73369,77.87,3477.28,0,1200,400,720,240,4200,7500,8500,102,1.5,6000,0,0,0,0,0,69.86,30,61.42,74.34,60,0,0
2026-10-01T15:13:51.232000+09:00,2026-10-01T06:13:51.232000+00:00,094623,2488.5,1,0,0,0,0,13580,495,13580,0,0,0,0,4655,-28608,12374,6,4512,72,129,0,1,0,0,2,0,0,0,0,31082107,2018,0.22,1163.67,3652.15,0,51.6,99.1,67.9,34.4,60.8,529.2,86.9,627.9,157.6,157.5,1057,371440,3847,12.76,86.7,1490,2.66,1.16,33.2,43.1,75,30.9,12360339,73369,78.67,3477.28,0,1200,400,720,240,4200,7500,8500,102,1.5,6000,0,0,0,0,0,76.17,30,74.65,60.61,60,0,0
2026-10-01T15:14:51.308000+09:00,2026-10-01T06:14:51.308000+00:00,094623,1536.0,1,0,0,0,0,13580,501,13580,0,0,0,0,4651,-28608,10326,6,4992,0,129,0,1,0,0,2,0,0,0,0,31082107,2018,0.28,631.43,2167.42,0,51.7,97.4,66.9,34.3,61.4,536.6,84,628.4,159.2,159.4,1023.2,371440,3847,12.75,88.5,1510,2.76,1.11,23.7,37.1,75,14.8,12360343,73369,69.74,3477.29,0,1200,400,720,240,4200,7500,8500,102,1.5,6000,0,0,0,0,0,61.81,30,58.87,52.34,60,0,0
2026-10-01T15:15:51.410000+09:00,2026-10-01T06:15:51.410000+00:00,094623,1797.2,1,0,0,0,0,13580,521,13580,0,0,0,0,4651,-28608,18518,6,4992,528,129,0,1,0,0,2,0,0,0,0,31082107,2018,0.36,860.93,2658.16,0,51.4,97.9,68.3,34.4,61,531.5,92.2,619.4,146.3,146.3,1019.6,371440,3847,12.21,92.4,1580,2.83,1.12,26.7,38.1,75,9.69,12360345,73369,55.52,3477.29,0,1200,400,720,240,4200,7500,8500,102,1.5,6000,0,0,0,0,0,67.67,30,62.1,66.52,60,0,0
2026-10-01T15:16:51.491000+09:00,2026-10-01T06:16:51.491000+00:00,094623,1778.9,1,0,0,0,0,13580,495,13580,0,0,0,0,4655,-28608,10326,6,4480,0,129,0,1,0,0,2,0,0,0,0,31082107,2018,0.19,871.91,2650.84,0,51.5,98.4,68.8,34.5,60.6,524,93.7,623.5,146,145.7,1037.4,371440,3847,12.64,91.3,1490,2.7,1.18,27.5,40.9,75,18.7,12360347,73369,77.26,3477.29,0,1200,400,720,240,4200,7500,8500,102,1.5,6000,0,0,0,0,0,70.62,30,63.71,69.36,60,0,0
2026-10-01T15:17:51.579000+09:00,2026-10-01T06:17:51.579000+00:00,094623,2245.6,1,0,0,0,0,13580,502,13580,0,0,0,0,4651,-26560,10326,6,4993,0,129,0,1,0,0,2,0,0,0,0,31082107,2018,0.21,1095.31,3340.86,0,51.7,98.9,67.8,34.4,61,527.7,88.3,628.4,159.5,159.6,1046.5,371440,3847,12.96,86.9,1520,2.73,1.11,28.8,37.9,75,24.41,12360352,73369,77.18,3477.29,0,1200,400,720,240,4200,7500,8500,102,1.5,6000,0,0,0,0,0,71.25,30,70.12,56.5,60,0,0
2026-10-01T15:18:51.683000+09:00,2026-10-01T06:18:51.683000+00:00,094623,1245.5,1,0,0,0,0,13580,492,13580,0,0,0,0,4651,-28608,12374,6,5024,72,129,0,1,0,0,2,0,0,0,0,31082107,2018,0.34,524,1769.46,0,51.4,97,67.7,34.5,61.1,532.4,86.8,621.7,148.5,148.2,1023.7,371440,3847,12.82,88.7,1490,2.71,1.1,22.1,37.2,75,10.92,12360354,73369,51.15,3477.29,0,1200,400,720,240,4200,7500,8500,102,1.5,6000,0,0,0,0,0,62.58,30,55.66,50.56,60,0,0
2026-10-01T15:19:51.784000+09:00,2026-10-01T06:19:51.784000+00:00,094623,1272.3,1,0,0,0,0,13580,492,13580,0,0,0,0,4655,-28608,10326,6,4992,0,129,0,1,0,0,0,0,0,0,0,31082107,2018,0.35,552.08,1824.4,0,51.2,97.3,68.2,34.5,60.5,530.2,97.3,618.8,144.4,144,1018,371441,3848,12.23,94.2,1470,2.71,1.08,22.1,36.2,75,11.32,12360356,73369,58.93,3477.29,0,1200,400,720,240,4200,7500,8500,102,1.5,6000,0,0,0,0,0,64.13,30,56.02,68.59,60,0,0
2026-10-01T15:20:51.883000+09:00,2026-10-01T06:20:51.883000+00:00,094623,2389.6,1,0,0,0,0,13580,496,13580,0,0,0,0,4651,-28608,18518,6,4480,528,129,0,1,0,0,2,0,0,0,0,31082107,2018,0.31,1200.29,3589.89,0,51.6,101.2,68.6,34.4,60.4,526.4,88.6,627.6,152.6,152.7,1028.6,371441,3848,12.7,87.2,1500,2.69,1.16,32.9,43.4,75,30.04,12360360,73369,88.99,3477.29,0,1200,400,720,240,4200,7500,8500,102,1.5,6000,0,0,0,0,0,77.74,30,79.24,64.04,60,0,0
2026-10-01T15:21:51.979000+09:00,2026-10-01T06:21:51.979000+00:00,094623,2088.1,1,0,0,0,0,13580,501,13580,0,0,0,0,4655,-26560,10326,6,4992,0,129,0,1,0,0,2,0,0,0,0,31082107,2018,0.27,993.99,3082.06,0,51.8,95.1,67.1,34.3,61.2,531.9,95.3,633.8,160.3,160.4,1038.4,371441,3848,12.79,87.8,1510,2.72,1.1,27.1,36.7,75,21.56,12360365,73369,73.64,3477.29,0,1200,400,720,240,4200,7500,8500,102,1.5,6000,0,0,0,0,0,67.01,30,55.75,54.76,60,0,0
2026-10-01T15:22:52.073000+09:00,2026-10-01T06:22:52.073000+00:00,094623,1687.4,1,0,0,0,0,13580,524,13580,0,0,0,0,4651,-28608,10326,6,4992,0,129,0,1,0,0,0,0,0,0,0,31082107,2018,0.41,820.64,2508.01,0,51.5,99.3,68,34.4,61.1,531.3,92.2,624.9,147.7,147.4,1020.4,371441,3848,12.8,90.8,1580,2.87,1.09,25.6,37,75,15.04,12360367,73369,58.39,3477.3,0,1200,400,720,240,4200,7500,8500,102,1.5,6000,0,0,0,0,0,67.51,30,67.23,61.55,60,0,0
2026-10-01T15:23:52.159000+09:00,2026-10-01T06:23:52.159000+00:00,094623,1344.3,1,0,0,0,0,13580,493,13580,0,0,0,0,4655,-28608,12438,590,20896,8264,129,0,1,0,0,2,0,0,0,0,31082107,2018,0.21,559.4,1903.74,0,51.7,97.1,68.6,34.5,60.7,530.7,102.9,621.8,144,143.8,1019.5,371441,3848,12.69,93,1490,2.72,1.15,23.6,39,75,11.03,12360369,73369,75.65,3477.3,0,1200,400,720,240,4200,7500,8500,102,1.5,6000,0,0,0,0,0,66.15,30,55.46,69.42,60,0,0
2026-10-01T15:24:52.261000+09:00,2026-10-01T06:24:52.261000+00:00,094623,2398.1,1,0,0,0,0,13580,496,13580,0,0,0,0,4651,-28608,10326,6,4480,0,129,0,1,0,0,2,0,0,0,0,31082107,2018,0.24,1146.58,3544.72,0,51.7,99.3,68.1,34.4,60.7,528.3,88.7,628.8,153.4,153.4,1061.7,371441,3848,12.38,87.6,1500,2.67,1.15,32.7,43.3,75,30.66,12360373,73369,76.97,3477.3,0,1200,400,720,240,4200,7500,8500,102,1.5,6000,0,0,0,0,0,76.77,30,74.96,63.86,60,0,0
2026-10-01T15:25:52.363000+09:00,2026-10-01T06:25:52.363000+00:00,094623,2255.3,1,0,0,0,0,13580,502,13580,0,0,0,0,4655,-28608,18534,518,13188,528,129,0,1,0,0,2,0,0,0,0,31082107,2018,0.32,1017.18,3272.5,0,51.9,96.5,66.9,34.4,61.3,532.9,87.4,631.8,160,160.1,1061.7,371442,3849,12.85,88,1520,2.72,1.12,28.8,38.9,75,23.5,12360378,73369,73.14,3477.3,0,1200,400,720,240,4200,7500,8500,102,1.5,6000,0,0,0,0,0,67.95,30,61.49,56.63,60,0,0
2026-10-01T15:26:52.473000+09:00,2026-10-01T06:26:52.473000+00:00,094623,1269.9,1,0,0,0,0,13580,492,13580,0,0,0,0,4651,-28608,10326,6,4992,0,129,0,1,0,0,0,0,0,0,0,31082107,2018,0.4,505.69,1775.57,0,51.6,98.2,67.9,34.4,61.2,534.1,88.8,625.6,149,148.7,1047.2,371442,3849,12.82,92.3,1480,2.71,1.1,22.3,37.4,75,11.19,12360380,73369,58.49,3477.3,0,1200,400,720,240,4200,7500,8500,102,1.5,6000,0,0,0,0,0,62.08,30,58.63,61.55,60,0,0
2026-10-01T15:27:52.549000+09:00,2026-10-01T06:27:52.549000+00:00,094623,1338.2,1,0,0,0,0,13580,491,13580,0,0,0,0,4655,-28608,10326,518,4996,0,129,0,1,0,0,2,0,0,0,0,31082107,2018,0.25,611.9,1950.13,0,51.7,98.2,68.8,34.5,60.9,528.3,103.7,624.3,146,145.7,1049.4,371442,3849,12.63,92.1,1480,2.7,1.1,22.7,35.8,75,10.49,12360383,73369,73.61,3477.3,0,1200,400,720,240,4200,7500,8500,102,1.5,6000,0,0,0,0,0,65.6,30,58.29,65.02,60,0,0
2026-10-01T15:28:52.629000+09:00,2026-10-01T06:28:52.629000+00:00,094623,2597.1,1,0,0,0,0,13580,495,13580,0,0,0,0,4651,-28608,12374,6,4512,72,129,0,1,0,0,2,0,0,0,0,31082107,2018,0.27,1274.76,3871.88,0,51.7,98.5,68.3,34.5,60.9,523.4,92.5,633.8,154.5,154.5,1043.9,371442,3849,12.69,88.4,1500,2.66,1.16,33.8,42.1,75,29.92,12360386,73369,74.93,3477.3,0,1200,400,720,240,4200,7500,8500,102,1.5,6000,0,0,0,0,0,77,30,72.34,65.47,60,0,0
2026-10-01T15:29:52.721000+09:00,2026-10-01T06:29:52.721000+00:00,094623,1666.6,1,0,0,0,0,13580,467,13580,0,0,0,0,4651,-28608,10326,6,4992,0,129,0,1,0,0,2,0,0,0,0,31082107,2018,0.27,543.53,2210.15,0,51.9,97.7,67.5,34.5,61.3,531.8,88.2,633.5,153.1,153.2,1006.9,371442,3849,12.5,88.9,1320,2.62,2.09,26.6,40.2,75,12.24,12360390,73369,65.98,3477.3,0,1200,400,720,240,4200,7500,8500,102,1.5,6000,0,0,0,0,0,62.39,30,58.66,52.59,60,0,0
2026-10-01T15:30:52.890000+09:00,2026-10-01T06:30:52.890000+00:00,094623,1260.1,1,0,0,0,0,13580,493,13580,0,0,0,0,4651,-28608,10326,6,4992,0,129,0,1,0,0,2,0,0,0,0,31082107,2018,0.33,398.27,1658.38,0,51.5,97.5,68.2,34.5,61,530.5,87.5,624.8,145.1,144.7,1035.6,371442,3849,12.69,92.4,1490,2.7,1.07,23,38.2,75,11.24,12360392,73369,58.13,3477.3,0,1200,400,720,240,4200,7500,8500,102,1.5,6000,0,0,0,0,0,64.33,30,57.09,63.39,60.1,0,0
2026-10-01T15:31:52.959000+09:00,2026-10-01T06:31:52.959000+00:00,094623,1975.8,1,0,0,0,0,13580,493,13580,0,0,0,0,4651,-28608,10326,6,4480,0,129,0,1,0,0,2,0,0,0,0,31082107,2018,0.24,947.6,2923.37,0,51.6,98.4,68.6,34.5,60.6,523.1,87.5,627.1,145.5,145.3,1025.2,371443,3850,12.74,90.2,1490,2.67,1.19,29.8,43,75,23.4,12360394,73369,75.23,3477.31,0,1200,400,720,240,4200,7500,8500,102,1.5,6000,0,0,0,0,0,74.1,30,67.47,68.78,60,0,0
2026-10-01T15:32:53.033000+09:00,2026-10-01T06:32:53.033000+00:00,094623,2459.2,1,0,0,0,0,13580,495,13580,0,0,0,0,4655,-28608,10326,518,4480,0,129,0,1,0,0,2,0,0,0,0,31082107,2018,0.23,1207.62,3666.8,0,51.9,98.7,67.5,34.5,60.9,531.1,88.1,634.9,156.9,157.1,1027.2,371443,3850,12.74,87.1,1500,2.67,1.16,33.3,43.3,75,30.25,12360399,73369,79.57,3477.31,0,1200,400,720,240,4200,7500,8500,102,1.5,6000,0,0,0,0,0,75.07,30,74.29,61.33,60,0,0
2026-10-01T15:33:53.136000+09:00,2026-10-01T06:33:53.136000+00:00,094623,1838.7,1,0,0,0,0,13580,501,13580,0,0,0,0,4655,-28608,12374,6,5024,8,129,0,1,0,0,2,0,0,0,0,31082107,2018,0.29,886.56,2725.3,0,52,97.4,66.7,34.4,61.5,535.4,85.1,636.7,159.3,159.6,1032.9,371443,3850,12.33,89.1,1510,2.74,1.1,25.3,35.7,75,17.83,12360404,73369,74.07,3477.31,0,1200,400,720,240,4200,7500,8500,102,1.5,6000,0,0,0,0,0,62.66,30,60.71,55.3,60,0,0
2026-10-01T15:34:53.231000+09:00,2026-10-01T06:34:53.231000+00:00,094623,1217.4,1,0,0,0,0,13580,492,13580,0,0,0,0,4651,-28608,10326,6,4992,0,129,0,1,0,0,2,0,0,0,0,31082107,2018,0.33,497.15,1714.53,0,51.6,97.2,68.5,34.4,61.4,534.5,85.8,628.1,146.8,146.4,1018.3,371443,3850,12.8,93.1,1490,2.7,1.09,22.1,37.3,75,11.2,12360406,73369,59.34,3477.31,0,1200,400,720,240,4200,7500,8500,102,1.5,6000,0,0,0,0,0,63.87,30,56.08,64.67,60.1,0,0
2026-10-01T15:35:53.322000+09:00,2026-10-01T06:35:53.322000+00:00,094623,1449.3,1,0,0,0,0,13580,493,13580,0,0,0,0,4655,-28608,10326,590,4480,8192,129,0,1,0,0,2,0,0,0,0,31082107,2018,0.24,607.01,2056.34,0,51.7,98.1,69,34.5,60.9,530.2,102.3,624.7,141.7,141.2,1018.1,371443,3850,12.79,89.3,1490,2.69,1.19,25.4,41.9,75,15.09,12360408,73369,76.65,3477.31,0,1200,400,720,240,4200,7500,8500,102,1.5,6000,0,0,0,0,0,69.45,30,60.38,60.45,60.1,0,0
2026-10-01T15:36:53.404000+09:00,2026-10-01T06:36:53.404000+00:00,094623,2392.0,1,0,0,0,0,13580,494,13580,0,0,0,0,4651,-28608,10326,518,4480,0,129,0,1,0,0,2,0,0,0,0,31082107,2018,0.29,1062.35,3454.39,0,51.7,98.4,67.8,34.5,60.8,531.1,94.5,634,152.5,152.3,1015.4,371443,3850,12.71,88.3,1500,2.65,1.15,32.8,43.8,75,30.45,12360412,73369,75.34,3477.31,0,1200,400,720,240,4200,7500,8500,102,1.5,6000,0,0,0,0,0,75.76,30,72.32,64.55,60.1,0,0
2026-10-01T15:37:53.497000+09:00,2026-10-01T06:37:53.497000+00:00,094623,2361.5,1,0,0,0,0,13580,501,13580,0,0,0,0,4651,-28608,10326,6,4992,0,129,0,1,0,0,2,0,0,0,0,31082107,2018,0.35,1138.04,3499.56,0,52,97,66.9,34.5,61.4,533,86,637.8,158.9,158.9,1035.6,371444,3851,12.91,89.5,1510,2.69,1.14,30.4,40.1,75,27.32,12360417,73369,77.43,3477.31,0,1200,400,720,240,4200,7500,8500,102,1.5,6000,0,0,0,0,0,69.25,30,64.17,63.61,60.1,0,0
2026-10-01T15:38:53.624000+09:00,2026-10-01T06:38:53.624000+00:00,094623,1532.3,1,0,0,0,0,13580,521,13580,0,0,0,0,4651,-28608,18518,518,4992,528,129,0,1,0,0,2,0,0,0,0,31082107,2018,0.38,799.89,2332.22,0,52,98.1,68,34.4,61.5,529.6,89.2,629.7,148.8,148.5,1044.4,371444,3851,12.92,90.7,1570,2.85,1.04,23.5,34,75,16.06,12360420,73369,66.6,3477.31,0,1200,400,720,240,4200,7500,8500,102,1.5,6000,0,0,0,0,0,64.57,30,60.64,60.37,60.1,0,0
2026-10-01T15:39:53.723000+09:00,2026-10-01T06:39:53.723000+00:00,094623,1553.1,1,0,0,0,0,13580,523,13580,0,0,0,0,4651,-28608,10326,518,4992,0,129,0,1,0,0,2,0,0,0,0,31082107,2018,0.35,831.63,2384.72,0,51.8,98.4,68.9,34.4,61.2,528.3,90.1,625.2,143.1,142.7,1022.5,371444,3851,12.97,91.4,1570,2.86,1.06,24.2,35.3,75,11.79,12360422,73369,68.18,3477.32,0,1200,400,720,240,4200,7500,8500,102,1.5,6000,0,0,0,0,0,69.21,30,62.25,65.71,60.1,0,0
2026-10-01T15:40:53.833000+09:00,2026-10-01T06:40:53.833000+00:00,094623,2365.2,1,0,0,0,0,13580,496,13580,0,0,0,0,4651,-28608,10326,590,4480,8192,129,0,1,0,0,2,0,0,0,0,31082107,2018,0.32,1192.97,3558.15,0,51.8,98.6,68.4,34.5,60.8,526.8,87.5,629.6,148.5,148.2,1007.4,371444,3851,12.68,90,1500,2.65,1.17,33,43.6,75,29.26,12360425,73369,71.07,3477.32,0,1200,400,720,240,4200,7500,8500,102,1.5,6000,0,0,0,0,0,77.04,30,72.04,70.83,60.1,0,0
2026-10-01T15:41:53.921000+09:00,2026-10-01T06:41:53.921000+00:00,094623,1951.0,1,0,0,0,0,13580,501,13580,0,0,0,0,4651,-28608,10326,590,4992,8200,129,0,1,0,0,2,0,0,0,0,31082107,2018,0.3,891.45,2842.49,0,52.2,98.5,67.5,34.4,61.4,531.7,86.6,635.9,157.2,157.4,1056.5,371444,3851,12.74,88.3,1510,2.74,1.1,25.7,35.3,75,17.47,12360430,73369,81.49,3477.32,0,1200,400,720,240,4200,7500,8500,102,1.5,6000,0,0,0,0,0,66.22,30,65.14,56.2,60.1,0,0
2026-10-01T15:42:53.997000+09:00,2026-10-01T06:42:53.997000+00:00,094623,1228.4,1,0,0,0,0,13580,492,13580,0,0,0,0,4651,-28608,10390,6,21376,0,129,0,1,0,0,2,0,0,0,0,31082107,2018,0.32,505.69,1734.06,0,51.8,98.1,68.4,34.5,61.4,532.3,85.8,626.4,145.8,145.3,1014.6,371444,3851,12.74,89.8,1480,2.68,1.09,22.1,36.7,75,11.2,12360432,73369,55.15,3477.32,0,1200,400,720,240,4200,7500,8500,102,1.5,6000,0,0,0,0,0,65.07,30,59.24,55.69,60.1,0,0
2026-10-01T15:43:54.106000+09:00,2026-10-01T06:43:54.106000+00:00,094623,1453.0,1,0,0,0,0,13580,493,13580,0,0,0,0,4651,-28608,18518,6,4480,528,129,0,1,0,0,2,0,0,0,0,31082107,2018,0.24,642.41,2095.4,0,51.7,96.3,68.4,34.5,60.9,529.3,92.5,622.6,140.8,140.3,1028,371445,3852,12.73,93.4,1490,2.69,1.19,25.5,41.7,75,14.83,12360434,73369,72.52,3477.32,0,1200,400,720,240,4200,7500,8500,102,1.5,6000,0,0,0,0,0,68.61,30,56.84,72.46,60.1,0,0
2026-10-01T15:44:54.185000+09:00,2026-10-01T06:44:54.185000+00:00,094623,2384.7,1,0,0,0,0,13580,495,13580,0,0,0,0,4655,-28608,10342,6,12676,0,129,0,1,0,0,2,0,0,0,0,31082107,2018,0.28,1156.35,3541.06,0,51.9,100.9,67.9,34.5,60.9,530.2,88.7,634.2,151.8,151.7,1037,371445,3852,12.69,88,1500,2.65,1.14,32.6,43,75,30.72,12360439,73369,77.8,3477.32,0,1200,400,720,240,4200,7500,8500,102,1.5,6000,0,0,0,0,0,76.66,30,79.46,65.97,60.1,0,0
2026-10-01T15:45:54.290000+09:00,2026-10-01T06:45:54.290000+00:00,094623,2638.6,1,0,0,0,0,13580,501,13580,0,0,0,0,4651,-28608,10326,6,4992,0,129,0,1,0,0,2,0,0,0,0,31082107,2018,0.32,1384.62,4023.25,0,52.3,95.7,67,34.5,61.5,531.8,85.9,634.4,158.2,158.2,1048.2,371445,3852,12.79,88.1,1520,2.67,1.16,33.5,41.5,75,30.49,12360444,73369,75.87,3477.32,0,1200,400,720,240,4200,7500,8500,102,1.5,6000,0,0,0,0,0,72.87,30,63.75,62.26,60.1,0,0
2026-10-01T15:46:54.386000+09:00,2026-10-01T06:46:54.386000+00:00,094623,1404.2,1,0,0,0,0,13580,491,13580,0,0,0,0,4655,-28608,12374,590,5024,8264,129,0,1,0,0,0,0,0,0,0,31082107,2018,0.38,614.34,2018.49,0,52.3,98.4,67.6,34.5,61.8,532.9,95.2,628.4,151.8,151.7,1032.6,371445,3852,12.62,90.6,1480,2.69,1.09,22.5,35.1,75,10.58,12360447,73369,64.18,3477.32,0,1200,400,720,240,4200,7500,8500,102,1.5,6000,0,0,0,0,0,61.47,30,59.73,56.77,60.1,0,0
2026-10-01T15:47:54.468000+09:00,2026-10-01T06:47:54.468000+00:00,094623,1172.2,1,0,0,0,0,13580,491,13580,0,0,0,0,4651,-28608,10326,6,4992,0,129,0,1,0,0,0,0,0,0,0,31082107,2018,0.27,481.28,1653.49,0,52.1,98,68.9,34.4,61.5,533.5,91,624.9,143.5,142.9,1031.2,371445,3852,12.86,93.1,1480,2.69,1.08,21.8,37.3,75,11.19,12360449,73369,65.59,3477.32,0,1200,400,720,240,4200,7500,8500,102,1.5,6000,0,0,0,0,0,65.97,30,57.87,66.75,60.1,0,0
2026-10-01T15:48:54.562000+09:00,2026-10-01T06:48:54.562000+00:00,094623,2378.6,1,0,0,0,0,13580,492,13580,0,0,0,0,4651,-28608,18518,6,4480,528,129,0,1,0,0,2,0,0,0,0,31082107,2018,0.26,1323.59,3702.2,0,52.3,98.1,68.7,34.5,61,523.5,109,628.3,146.3,145.9,1065.4,371445,3852,12.59,88.7,1490,2.63,1.19,32.8,42,75,27.58,12360452,73369,74.48,3477.33,0,1200,400,720,240,4200,7500,8500,102,1.5,6000,0,0,0,0,0,77.25,30,69.67,66.3,60.1,0,0
2026-10-01T15:49:54.667000+09:00,2026-10-01T06:49:54.667000+00:00,094623,1479.8,1,0,0,0,0,13580,501,13580,0,0,0,0,4651,-28608,10326,6,4992,0,129,0,1,0,0,2,0,0,0,0,31082107,2018,0.27,592.36,2072.21,0,52.5,98.4,67.6,34.4,61.6,535.7,107.7,630.6,152.4,152.5,1030.7,371446,3853,12.7,87.7,1510,2.74,1.11,23.7,37.8,75,15.04,12360456,73369,74.72,3477.33,0,1200,400,720,240,4200,7500,8500,102,1.5,6000,0,0,0,0,0,65.43,30,63.49,51.63,60.1,0,0
2026-10-01T15:50:54.763000+09:00,2026-10-01T06:50:54.763000+00:00,094623,1726.4,1,0,0,0,0,13580,518,13580,0,0,0,0,4651,-28608,10326,6,4992,0,129,0,1,0,0,0,0,0,0,0,31082107,2018,0.4,864.59,2591.02,0,52.3,97.2,68.1,34.5,61.3,531.3,105.3,620.1,141.1,140.8,1007,371446,3853,12.74,91.3,1580,2.79,1.12,26.5,38.4,75,10.72,12360458,73369,56.31,3477.33,0,1200,400,720,240,4200,7500,8500,102,1.5,6000,0,0,0,0,0,67.69,30,59.43,62.59,60.1,0,0
2026-10-01T15:51:54.858000+09:00,2026-10-01T06:51:54.858000+00:00,094623,1548.2,1,0,0,0,0,13580,493,13580,0,0,0,0,4651,-28608,12374,6,4512,72,129,0,1,0,0,2,0,0,0,0,31082107,2018,0.26,696.13,2244.33,0,52.4,98.2,68.4,34.5,60.9,528.2,97.6,619.3,138.4,137.9,1018,371446,3853,12.85,91.1,1490,2.68,1.19,26.6,43,75,18.05,12360460,73369,76.24,3477.33,0,1200,400,720,240,4200,7500,8500,102,1.5,6000,0,0,0,0,0,70.63,30,63.83,68.18,60.1,0,0
2026-10-01T15:52:54.954000+09:00,2026-10-01T06:52:54.954000+00:00,094623,2521.4,1,0,0,0,0,13580,495,13580,0,0,0,0,4651,-28608,10326,6,4480,0,129,0,1,0,0,2,0,0,0,0,31082107,2018,0.27,1343.12,3864.56,0,52.7,98.8,67.7,34.4,61,528.9,103.3,632.6,150.3,150.4,1033.9,371446,3853,12.88,87.5,1500,2.65,1.16,33.8,42.4,75,30.91,12360465,73369,78.85,3477.33,0,1200,400,720,240,4200,7500,8500,102,1.5,6000,0,0,0,0,0,76.3,30,74.63,63.12,60.1,0,0
2026-10-01T15:53:55.037000+09:00,2026-10-01T06:53:55.037000+00:00,094623,1454.2,1,0,0,0,0,13580,499,13580,0,0,0,0,4651,-28608,18518,6,4992,528,129,0,1,0,0,2,0,0,0,0,31082107,2018,0.34,559.4,2013.61,0,52.8,97.2,67.4,34.4,61.7,533.5,103.1,631,150.7,150.8,1040.8,371446,3853,12.76,88.7,1500,2.73,1.13,23.2,37.4,75,12.81,12360469,73369,63.48,3477.33,0,1200,400,720,240,4200,7500,8500,102,1.5,6000,0,0,0,0,0,63.17,30,57.79,52.17,60.1,0,0
2026-10-01T15:54:55.166000+09:00,2026-10-01T06:54:55.166000+00:00,094623,1243.0,1,0,0,0,0,13580,491,13580,0,0,0,0,4651,-28608,10326,6,4992,0,129,0,1,0,0,0,0,0,0,0,31082107,2018,0.4,566.73,1809.75,0,52.6,98.1,68.5,34.5,61.4,531.4,104.7,621.8,142,141.6,1023,371446,3853,12.63,92.9,1480,2.68,1.1,22.4,37,75,11.44,12360471,73369,62.47,3477.33,0,1200,400,720,240,4200,7500,8500,102,1.5,6000,0,0,0,0,0,65.63,30,59.69,64.83,60.2,0,0
2026-10-01T15:55:55.310000+09:00,2026-10-01T06:55:55.310000+00:00,094623,1945.2,1,0,0,0,0,13580,494,13580,0,0,0,0,4651,-28608,10326,6,4480,0,129,0,1,0,0,2,0,0,0,0,31082107,2018,0.25,941.5,2886.75,0,52.7,99,68.8,34.4,61.2,521.3,109.6,622.3,142.9,142.7,1019.3,371447,3854,12.84,89.8,1490,2.65,1.19,29.1,42.1,75,21.4,12360473,73369,76.66,3477.33,0,1200,400,720,240,4200,7500,8500,102,1.5,6000,0,0,0,0,0,74.39,30,68.82,66.25,60.2,0,0
2026-10-01T15:56:55.413000+09:00,2026-10-01T06:56:55.413000+00:00,094623,2189.4,1,0,0,0,0,13580,503,13580,0,0,0,0,4651,-28608,12374,6,5024,72,129,0,1,0,0,2,0,0,0,0,31082107,2018,0.28,1085.54,3274.94,0,52.9,99.1,67.7,34.5,61.6,528.3,99.4,633.2,154,154,1024.8,371447,3854,12.88,88.2,1520,2.72,1.1,28.7,38.2,75,23.88,12360478,73369,76.98,3477.34,0,1200,400,720,240,4200,7500,8500,102,1.5,6000,0,0,0,0,0,72.5,30,71.5,60.63,60.2,0,0
2026-10-01T15:57:55.502000+09:00,2026-10-01T06:57:55.502000+00:00,094623,1201.5,1,0,0,0,0,13580,491,13580,0,0,0,0,4651,-28608,10326,6,4992,0,129,0,1,0,0,2,0,0,0,0,31082107,2018,0.3,516.68,1718.19,0,52.9,96.6,67.9,34.5,61.7,533,95.3,624.8,143.2,142.9,1005.2,371447,3854,12.52,89.6,1480,2.68,1.09,22,37.4,75,11.22,12360480,73369,55.95,3477.34,0,1200,400,720,240,4200,7500,8500,102,1.5,6000,0,0,0,0,0,64.75,30,56.04,54.82,60.1,0,0
2026-10-01T15:58:55.599000+09:00,2026-10-01T06:58:55.599000+00:00,094623,1227.2,1,0,0,0,0,13580,491,13580,0,0,0,0,4651,-28608,18518,6,4992,0,129,0,1,0,0,2,0,0,0,0,31082107,2018,0.23,576.49,1803.64,0,52.7,97.8,68.3,34.6,61.3,528.8,95.6,621.8,140.3,140,1021.3,371447,3854,12.64,94.5,1480,2.69,1.08,22.2,36.2,75,11.24,12360482,73369,63.76,3477.34,0,1200,400,720,240,4200,7500,8500,102,1.5,6000,0,0,0,0,0,66.15,30,58.28,72.51,60.2,0,0
2026-10-01T15:59:55.687000+09:00,2026-10-01T06:59:55.687000+00:00,094623,2642.3,1,0,0,0,0,13580,496,13580,0,0,0,0,4651,-26560,10390,6,20864,0,129,0,1,0,0,2,0,0,0,0,31082107,2018,0.27,1394.39,4036.68,0,52.9,100,68.3,34.5,61.2,521.3,101,630.9,148.9,149.1,1030.9,371447,3854,12.9,88.4,1500,2.67,1.16,34.2,41.2,75,30.16,12360486,73369,77.84,3477.34,0,1200,400,720,240,4200,7500,8500,102,1.5,6000,0,0,0,0,0,78.62,30,77.58,67.54,60.2,0,0
2026-10-01T16:00:55.782000+09:00,2026-10-01T07:00:55.782000+00:00,094623,1876.9,1,0,0,0,0,13580,515,13580,0,0,0,0,4651,-26560,10326,6,4992,0,129,0,1,0,0,2,0,0,0,0,31082107,2018,0.27,984.22,2861.11,0,53,96.7,67.7,34.4,61.8,529.1,95,625.1,148,148.3,1033.5,371447,3854,12.8,88,1590,2.81,1.11,26.8,36.7,75,10.93,12360490,73369,65.47,3477.34,0,1200,400,720,240,4200,7500,8500,102,1.5,6000,0,0,0,0,0,65.69,30,57.96,51.77,60.2,0,0
2026-10-01T16:01:55.881000+09:00,2026-10-01T07:01:55.881000+00:00,094623,1818.0,1,0,0,0,0,13580,444,13580,0,0,0,0,4655,-28608,12438,518,21408,8,129,0,1,0,0,2,0,0,0,0,31082107,2018,0.39,902.43,2720.42,0,52.6,97.9,68,34.4,61.4,530.3,100.9,622.2,140.8,140.9,1004.7,371448,3855,12.79,91.9,1490,2.51,1.25,27.3,37.7,75,10.22,12360492,73369,52.69,3477.34,0,1200,400,720,240,4200,7500,8500,102,1.5,6000,0,0,0,0,0,64.75,30,58.32,60.87,60.2,0,0
2026-10-01T16:02:55.972000+09:00,2026-10-01T07:02:55.972000+00:00,094623,2055.1,1,0,0,0,0,13580,493,13580,0,0,0,0,4655,-26560,10326,6,4480,0,129,0,1,0,0,2,0,0,0,0,31082107,2018,0.25,1100.19,3155.31,0,52.7,97.8,68.5,34.4,61,521.5,98.5,625.1,142.8,142.8,1026.5,371448,3855,12.42,91.2,1490,2.66,1.19,30.5,42.5,75,24.02,12360494,73369,80.65,3477.34,0,1200,400,720,240,4200,7500,8500,102,1.5,6000,0,0,0,0,0,75.78,30,66.66,73.59,60.2,0,0
2026-10-01T16:03:56.070000+09:00,2026-10-01T07:03:56.070000+00:00,094623,2217.5,1,0,0,0,0,13580,496,13580,0,0,0,0,4655,-28608,10342,6,12676,0,129,0,1,0,0,2,0,0,0,0,31082107,2018,0.23,1059.91,3277.38,0,53,98,67.8,34.4,61.6,534.9,93.7,633.2,153.2,153.6,1041.1,371448,3855,12.77,87.2,1500,2.66,1.14,32.2,44.7,75,30.82,12360499,73369,79.22,3477.34,0,1200,400,720,240,4200,7500,8500,102,1.5,6000,0,0,0,0,0,77.81,30,73.29,62.21,60.2,0,0
2026-10-01T16:04:56.165000+09:00,2026-10-01T07:04:56.165000+00:00,094623,2588.6,1,0,0,0,0,13580,493,13580,0,0,0,0,4651,-28608,10326,6,4480,0,129,0,1,0,0,2,0,0,0,0,31082107,2018,0.38,1343.12,3931.7,0,53.1,97.9,66.7,34.4,61.9,533.8,92.3,636.6,156.9,157.3,1047.6,371448,3855,12.85,89.3,1490,2.63,1.17,34.1,42.4,75,30.9,12360504,73369,71.75,3477.34,0,1200,400,720,240,4200,7500,8500,102,1.5,6000,0,0,0,0,0,73.29,30,70.54,65.43,60.2,0,0
2026-10-01T16:05:56.267000+09:00,2026-10-01T07:05:56.267000+00:00,094623,1506.7,1,0,0,0,0,13580,493,13580,0,0,0,0,4651,-28608,10326,6,4992,0,129,0,1,0,0,0,0,0,0,0,31082107,2018,0.36,493.48,2000.18,0,53.3,97.6,67.6,34.4,62.3,532.3,93.1,633.4,155.1,155.5,1044.4,371448,3855,12.62,91,1470,2.7,1.31,23.9,36.2,75,12.53,12360508,73369,74.76,3477.35,0,1200,400,720,240,4200,7500,8500,102,1.5,6000,0,0,0,0,0,62.8,30,59.78,59.35,60.2,0,0
2026-10-01T16:06:56.341000+09:00,2026-10-01T07:06:56.341000+00:00,094623,1009.9,1,0,0,0,0,13580,498,13580,0,0,0,0,4651,-28608,8278,6,4992,0,129,0,1,0,0,0,0,0,0,0,31082107,2018,0.32,0,1009.86,0,53,98.1,69.2,34.3,62.1,530.7,100.8,623.5,146.5,146.2,1049.1,371448,3855,12.63,92.4,1490,2.72,1.19,23.4,36.3,75,10.96,12360510,73369,65.43,3477.35,0,1200,400,720,240,4200,7500,8500,102,1.5,6000,0,0,0,0,0,68.06,30,59.56,65.91,60.3,0,0
2026-10-01T16:07:56.453000+09:00,2026-10-01T07:07:56.453000+00:00,094623,2102.7,1,0,0,0,0,13580,493,13580,0,0,0,0,4651,-28608,10326,518,4480,0,129,0,1,0,0,2,0,0,0,0,31082107,2018,0.31,1067.23,3169.96,0,53,98.2,68.7,34.3,61.7,523.6,110.9,622.3,146,145.8,1041.2,371449,3856,12.65,89.6,1490,2.64,1.2,30.3,41.8,75,23.06,12360512,73369,67.01,3477.35,0,1200,400,720,240,4200,7500,8500,102,1.5,6000,0,0,0,0,0,75.75,30,68.72,66.22,60.2,0,0
2026-10-01T16:08:56.549000+09:00,2026-10-01T07:08:56.549000+00:00,094623,1860.7,1,0,0,0,0,13580,501,13580,0,0,0,0,4651,-28608,10326,6,4992,0,129,0,1,0,0,2,0,0,0,0,31082107,2018,0.32,816.98,2677.69,0,53.2,99.1,67.6,34.2,62.1,532.5,98,633.2,155.7,155.8,1066.8,371449,3856,12.74,88.8,1510,2.72,1.1,26,36.8,75,18.8,12360517,73369,78.9,3477.35,0,1200,400,720,240,4200,7500,8500,102,1.5,6000,0,0,0,0,0,69.15,30,68.46,59.21,60.2,0,0
2026-10-01T16:09:56.644000+09:00,2026-10-01T07:09:56.644000+00:00,094623,1238.1,1,0,0,0,0,13580,498,13580,0,0,0,0,4651,-28608,10326,6,4992,0,129,0,1,0,0,2,0,0,0,0,31082107,2018,0.35,505.69,1743.83,0,52.9,96.8,68,34.2,62,530,100.6,624.4,144.7,144.2,1031.5,371449,3856,12.69,90.4,1490,2.71,1.04,21.4,34.8,75,11.82,12360519,73369,59.39,3477.35,0,1200,400,720,240,4200,7500,8500,102,1.5,6000,0,0,0,0,0,65.75,30,56.5,58.87,60.2,0,0
2026-10-01T16:10:56.752000+09:00,2026-10-01T07:10:56.752000+00:00,094623,1429.8,1,0,0,0,0,13580,494,13580,0,0,0,0,4651,-28608,10326,6,4480,0,129,0,1,0,0,2,0,0,0,0,31082107,2018,0.2,586.26,2016.05,0,52.7,98.1,68.3,34.2,61.5,528.5,129.9,623.5,141.3,140.9,1010.9,371449,3856,12.67,91.6,1490,2.68,1.17,24.8,40.8,75,14.19,12360521,73369,69.31,3477.35,0,1200,400,720,240,4200,7500,8500,102,1.5,6000,0,0,0,0,0,69.03,30,63.04,67.18,60.2,0,0
2026-10-01T16:11:56.838000+09:00,2026-10-01T07:11:56.838000+00:00,094623,2428.7,1,0,0,0,0,13580,495,13580,0,0,0,0,4655,-28608,18518,590,4480,8720,129,0,1,0,0,2,0,0,0,0,31082107,2018,0.31,1162.45,3591.11,0,53,98.4,67.8,34.1,61.3,528.6,124.6,631.7,151.3,151.5,1049,371449,3856,12.67,88.6,1500,2.64,1.15,33.2,43.3,75,30.09,12360525,73369,75.95,3477.35,0,1200,400,720,240,4200,7500,8500,102,1.5,6000,0,0,0,0,0,77.64,30,72.16,68.31,60.2,0,0
2026-10-01T16:12:56.965000+09:00,2026-10-01T07:12:56.965000+00:00,094623,2294.4,1,0,0,0,0,13580,495,13580,0,0,0,0,4651,-28608,10326,6,4480,0,129,0,1,0,0,2,0,0,0,0,31082107,2018,0.29,1011.08,3305.46,0,53.3,97.4,67.2,34.1,61.9,538,109.7,639,155.3,155.3,1038.8,371449,3856,12.84,87.9,1500,2.64,1.15,32.4,44.8,75,30.92,12360530,73369,79.4,3477.35,0,1200,400,720,240,4200,7500,8500,102,1.5,6000,0,0,0,0,0,75.1,30,71.5,63.32,60.2,0,0
2026-10-01T16:13:57.034000+09:00,2026-10-01T07:13:57.034000+00:00,094623,2531.2,1,0,0,0,0,13580,500,13580,0,0,0,0,4655,-28608,10326,590,4992,8192,129,0,1,0,0,0,0,0,0,0,31082107,2018,0.42,1291.85,3823.05,0,53.4,98.4,66.8,34.1,62.3,534.2,111.3,642.2,158.2,158.3,1046.2,371450,3857,12.91,89.9,1510,2.65,1.16,32.1,40.8,75,28.39,12360535,73369,73.31,3477.36,0,1200,400,720,240,4200,7500,8500,102,1.5,6000,0,0,0,0,0,70.35,30,70.57,65.66,60.2,0,0
2026-10-01T16:14:57.135000+09:00,2026-10-01T07:14:57.135000+00:00,094623,1787.5,1,0,0,0,0,13580,456,13580,0,0,0,0,4651,-28608,12374,6,5024,8,129,0,1,0,0,0,0,0,0,0,31082107,2018,0.35,784.02,2571.49,0,53.4,97.2,68.7,34.1,62.5,536.6,103.7,629.2,148.6,148.3,1015.6,371450,3857,12.7,90.9,1470,2.48,1.29,27.4,39.1,75,10.8,12360538,73369,70.97,3477.36,0,1200,400,720,240,4200,7500,8500,102,1.5,6000,0,0,0,0,0,64.72,30,57.89,58.7,60.2,0,0
2026-10-01T16:15:57.220000+09:00,2026-10-01T07:15:57.220000+00:00,094623,1709.3,1,0,0,0,0,13580,432,13580,0,0,0,0,4655,-26560,10326,6,4992,0,129,0,1,0,0,2,0,0,0,0,31082107,2018,0.23,713.22,2422.56,0,53.2,99,69.2,34.1,62,533,114,621.9,142.4,142,1018.6,371450,3857,12.69,91.7,1290,2.34,1.76,28.5,41.1,75,11.18,12360541,73369,69.6,3477.36,0,1200,400,720,240,4200,7500,8500,102,1.5,6000,0,0,0,0,0,67.42,30,61.58,63.9,60.2,0,0
2026-10-01T16:16:57.339000+09:00,2026-10-01T07:16:57.339000+00:00,094623,2501.9,1,0,0,0,0,13580,494,13580,0,0,0,0,4655,-26560,18518,6,4480,528,129,0,1,0,0,2,0,0,0,0,31082107,2018,0.28,1296.73,3798.64,0,53.2,97.8,68.4,34.1,61.6,522.8,114.8,629.1,148.4,148.2,1054,371450,3857,12.44,89.5,1490,2.64,1.18,33.6,42.3,75,28.56,12360544,73369,70.2,3477.36,0,1200,400,720,240,4200,7500,8500,102,1.5,6000,0,0,0,0,0,78.54,30,71.21,70.31,60.2,0,0
2026-10-01T16:17:57.425000+09:00,2026-10-01T07:17:57.425000+00:00,094623,1485.9,1,0,0,0,0,13580,499,13580,0,0,0,0,4651,-28608,10326,6,4992,0,129,0,1,0,0,2,0,0,0,0,31082107,2018,0.24,627.77,2113.71,0,53.4,99.2,67.8,34,62.2,533.6,102,633.4,151.9,151.9,1040.8,371450,3857,12.82,88.4,1500,2.7,1.13,23.6,37.3,75,13.39,12360548,73369,76,3477.36,0,1200,400,720,240,4200,7500,8500,102,1.5,6000,0,0,0,0,0,66.64,30,66.7,55.35,60.3,0,0
2026-10-01T16:18:57.517000+09:00,2026-10-01T07:18:57.517000+00:00,094623,1301.6,1,0,0,0,0,13580,509,13580,0,0,0,0,4655,-28608,10390,6,21376,0,129,0,1,0,0,2,0,0,0,0,31082107,2018,0.3,622.88,1924.5,0,53,96.5,68.1,33.9,61.9,527.2,117.8,625.3,144.1,143.9,1033.5,371450,3857,12.9,91.2,1510,2.78,1.02,21.5,33.2,75,13.71,12360550,73369,57.43,3477.36,0,1200,400,720,240,4200,7500,8500,102,1.5,6000,0,0,0,0,0,66.72,30,56.33,62.08,60.2,0,0
2026-10-01T16:19:57.704000+09:00,2026-10-01T07:19:57.704000+00:00,094623,1788.7,1,0,0,0,0,13580,493,13580,0,0,0,0,4651,-28608,12374,6,4512,72,129,0,1,0,0,2,0,0,0,0,31082107,2018,0.17,815.76,2604.45,0,53,98.7,68.5,34.1,61.5,523.2,109.8,627.3,143.1,142.8,1034.5,371451,3858,12.67,90.7,1490,2.65,1.18,28.2,42.8,75,20.75,12360552,73369,73.01,3477.36,0,1200,400,720,240,4200,7500,8500,102,1.5,6000,0,0,0,0,0,74.16,30,68.43,69.96,60.2,0,0
2026-10-01T16:20:57.786000+09:00,2026-10-01T07:20:57.786000+00:00,094623,2738.7,1,0,0,0,0,13580,498,13580,0,0,0,0,4655,-28608,10390,6,21376,0,129,0,1,0,0,2,0,0,0,0,31082107,2018,0.26,1548.51,4287.24,0,53.2,98.7,67.8,34.1,61.8,524.8,117.7,639.3,155.9,155.8,1046.6,371451,3858,12.62,87.8,1510,2.67,1.17,34.4,40.5,75,29.64,12360557,73369,76.7,3477.36,0,1200,400,720,240,4200,7500,8500,102,1.5,6000,0,0,0,0,0,77.76,30,75.2,64.37,60.3,0,0
2026-10-01T16:21:57.871000+09:00,2026-10-01T07:21:57.871000+00:00,094623,1271.1,1,0,0,0,0,13580,493,13580,0,0,0,0,4655,-28608,18518,6,4992,528,129,0,1,0,0,2,0,0,0,0,31082107,2018,0.3,549.64,1820.73,0,53.2,96.8,67.7,34,62.2,533.1,111.2,628.3,148.9,148.6,1019.6,371451,3858,12.58,89.1,1490,2.69,1.1,22.1,36.7,75,11.08,12360560,73369,63.24,3477.36,0,1200,400,720,240,4200,7500,8500,102,1.5,6000,0,0,0,0,0,65.3,30,57.72,54.11,60.3,0,0
2026-10-01T16:22:57.951000+09:00,2026-10-01T07:22:57.951000+00:00,094623,1215.0,1,0,0,0,0,13580,491,13580,0,0,0,0,4651,-28608,10342,6,13188,0,129,0,1,0,0,2,0,0,0,0,31082107,2018,0.29,526.44,1741.39,0,52.9,97.6,68.1,34.1,61.7,531.7,105.9,623.5,141.6,141.1,1027,371451,3858,12.64,93.4,1480,2.68,1.09,22.1,37,75,11.17,12360562,73369,62.12,3477.37,0,1200,400,720,240,4200,7500,8500,102,1.5,6000,0,0,0,0,0,66.33,30,58.59,68.53,60.3,0,0
2026-10-01T16:23:58.033000+09:00,2026-10-01T07:23:58.033000+00:00,094623,2328.6,1,0,0,0,0,13580,493,13580,0,0,0,0,4651,-28608,10326,6,4480,0,129,0,1,0,0,2,0,0,0,0,31082107,2018,0.26,1171,3499.56,0,53.1,99,68.4,34.1,61.2,522.8,104.8,626.1,145.2,145,1039.8,371451,3858,12.57,89.1,1490,2.65,1.17,32.1,42.4,75,27.59,12360565,73369,75.85,3477.37,0,1200,400,720,240,4200,7500,8500,102,1.5,6000,0,0,0,0,0,78.27,30,73.32,69.73,60.3,0,0
2026-10-01T16:24:58.138000+09:00,2026-10-01T07:24:58.138000+00:00,094623,2311.5,1,0,0,0,0,13580,502,13580,0,0,0,0,4655,-26560,12374,6,5024,72,129,0,1,0,0,2,0,0,0,0,31082107,2018,0.23,1107.52,3418.99,0,53.3,97.9,67.4,34.1,61.9,530.8,102.7,640.1,158,158.2,1025.6,371451,3858,12.92,86.9,1510,2.69,1.13,29.5,38.7,75,24.32,12360570,73369,77.45,3477.37,0,1200,400,720,240,4200,7500,8500,102,1.5,6000,0,0,0,0,0,72.85,30,69.51,57.3,60.3,0,0
2026-10-01T16:25:58.217000+09:00,2026-10-01T07:25:58.217000+00:00,094623,1199.1,1,0,0,0,0,13580,495,13580,0,0,0,0,4651,-28608,10326,6,4992,0,129,0,1,0,0,2,0,0,0,0,31082107,2018,0.36,511.79,1710.87,0,53.1,97.1,67.7,34.1,62,531.6,97,625.9,146.7,146.4,1024.7,371452,3859,12.68,89.5,1480,2.7,1.06,21.5,35.5,75,11.68,12360572,73369,56.4,3477.37,0,1200,400,720,240,4200,7500,8500,102,1.5,6000,0,0,0,0,0,64.63,30,57.71,54.4,60.3,0,0
2026-10-01T16:26:58.323000+09:00,2026-10-01T07:26:58.323000+00:00,094623,1166.1,1,0,0,0,0,13580,503,13580,0,0,0,0,4655,-28608,18518,6,4992,528,129,0,1,0,0,2,0,0,0,0,31082107,2018,0.28,527.67,1693.78,0,52.8,97.2,68.5,34.1,61.5,530.6,98.3,619.2,140.8,140.3,1022.2,371452,3859,12.74,95,1490,2.74,1.03,21.2,35,75,12.02,12360574,73369,71.23,3477.37,0,1200,400,720,240,4200,7500,8500,102,1.5,6000,0,0,0,0,0,67.4,30,57.17,74.4,60.3,0,0
2026-10-01T16:27:58.437000+09:00,2026-10-01T07:27:58.437000+00:00,094623,2465.3,1,0,0,0,0,13580,494,13580,0,0,0,0,4651,-28608,10326,6,4480,0,129,0,1,0,0,2,0,0,0,0,31082107,2018,0.29,1263.77,3729.06,0,53.1,100.4,68.3,34.2,61.2,525.4,93.7,628.5,149.5,149.4,1045.7,371452,3859,12.73,87.8,1500,2.66,1.15,33.2,42.4,75,30.12,12360578,73369,77.05,3477.37,0,1200,400,720,240,4200,7500,8500,102,1.5,6000,0,0,0,0,0,79.16,30,78.56,65.69,60.3,0,0
2026-10-01T16:28:58.511000+09:00,2026-10-01T07:28:58.511000+00:00,094623,1848.5,1,0,0,0,0,13580,501,13580,0,0,0,0,4655,-28608,10326,518,4992,0,129,0,1,0,0,2,0,0,0,0,31082107,2018,0.3,918.3,2766.81,0,53.2,96.5,67.2,34.1,62,533,93.6,634.6,157.3,157.6,1070.3,371452,3859,12.71,87.9,1510,2.72,1.09,25.4,35.4,75,18.16,12360582,73369,75.54,3477.37,0,1200,400,720,240,4200,7500,8500,102,1.5,6000,0,0,0,0,0,67.43,30,59.28,54.36,60.3,0,0
2026-10-01T16:29:58.617000+09:00,2026-10-01T07:29:58.617000+00:00,094623,1240.6,1,0,0,0,0,13580,492,13580,0,0,0,0,4651,-28608,12374,6,5024,72,129,0,1,0,0,0,0,0,0,0,31082107,2018,0.4,561.85,1802.42,0,52.8,98.6,67.9,34.1,61.8,532.5,93.7,624.4,145.2,144.9,1021.3,371452,3859,12.93,91.7,1490,2.69,1.1,22.3,36.8,75,10.86,12360585,73369,55.2,3477.37,0,1200,400,720,240,4200,7500,8500,102,1.5,6000,0,0,0,0,0,65.07,30,61.43,61.5,60.4,0,0
2026-10-01T16:30:58.720000+09:00,2026-10-01T07:30:58.720000+00:00,094623,1382.2,1,0,0,0,0,13580,493,13580,0,0,0,0,4651,-28608,10326,6,4480,0,129,0,1,0,0,2,0,0,0,0,31082107,2018,0.2,659.5,2041.69,0,52.9,97.5,68.6,34,61.4,529.6,93.9,619.9,140.6,140.2,1016.4,371452,3859,12.64,90.6,1490,2.68,1.17,25.2,41.7,75,15.16,12360587,73369,73.02,3477.38,0,1200,400,720,240,4200,7500,8500,102,1.5,6000,0,0,0,0,0,70.49,30,60.15,64.84,60.4,0,0
2026-10-01T16:31:58.824000+09:00,2026-10-01T07:31:58.824000+00:00,094623,2473.8,1,0,0,0,0,13580,496,13580,0,0,0,0,4651,-28608,2134,6,4480,0,129,0,1,0,0,2,0,0,0,0,31082107,2018,0.3,1238.14,3711.97,0,53.1,99,67.6,34,61.2,529.3,98.8,629.8,151.9,152,1034.4,371453,3860,12.71,88.8,1500,2.63,1.16,33.3,42.8,75,30.73,12360591,73369,74.91,3477.38,0,1200,400,720,240,4200,7500,8500,102,1.5,6000,0,0,0,0,0,77.16,30,74.73,68.01,60.4,0,0
2026-10-01T16:32:58.923000+09:00,2026-10-01T07:32:58.923000+00:00,094623,2009.9,1,0,0,0,0,13580,501,13580,0,0,0,0,4651,-28608,10326,6,4992,0,129,0,1,0,0,2,0,0,0,0,31082107,2018,0.26,952.48,2962.43,0,53.4,98.4,67,33.9,61.9,536.3,93.1,639.7,158.1,158.4,1062.9,371453,3860,12.77,88.9,1510,2.69,1.1,27,37.3,75,21.98,12360596,73369,78.44,3477.38,0,1200,400,720,240,4200,7500,8500,102,1.5,6000,0,0,0,0,0,68.17,30,68.17,60.35,60.3,0,0
2026-10-01T16:33:59.009000+09:00,2026-10-01T07:33:59.009000+00:00,094623,1744.8,1,0,0,0,0,13580,428,13580,0,0,0,0,4651,-28608,10326,6,4992,0,129,0,1,0,0,2,0,0,0,0,31082107,2018,0.32,808.43,2553.18,0,53.2,96.8,68.3,33.9,61.9,534.9,97.3,624.9,145.5,145.3,1042.1,371453,3860,12.7,91.3,1340,2.35,1.57,27.9,39.3,75,11.03,12360598,73369,58,3477.38,0,1200,400,720,240,4200,7500,8500,102,1.5,6000,0,0,0,0,0,64.25,30,55.31,59.8,60.4,0,0
2026-10-01T16:34:59.091000+09:00,2026-10-01T07:34:59.091000+00:00,094623,1313.8,1,0,0,0,0,13580,497,13580,0,0,0,0,4655,-26560,12374,590,4512,8200,129,0,1,0,0,2,0,0,0,0,31082107,2018,0.24,644.86,1958.68,0,53.1,97.7,68.7,33.9,61.5,530.7,99.3,622,142.5,142.3,1053.4,371453,3860,12.77,91.2,1490,2.71,1.15,23.3,37.5,75,11.18,12360600,73369,73.48,3477.38,0,1200,400,720,240,4200,7500,8500,102,1.5,6000,0,0,0,0,0,67.85,30,58.75,64.84,60.4,0,0
2026-10-01T16:35:59.210000+09:00,2026-10-01T07:35:59.210000+00:00,094623,2552.0,1,0,0,0,0,13580,495,13580,0,0,0,0,4655,-28608,10326,6,4480,0,129,0,1,0,0,2,0,0,0,0,31082107,2018,0.28,1329.69,3881.65,0,53.2,99.3,68.2,33.9,61.5,526.4,90.7,632.8,153.4,153.5,1034.1,371453,3860,12.61,88.3,1500,2.65,1.15,33.5,41.6,75,30.53,12360604,73369,74.01,3477.38,0,1200,400,720,240,4200,7500,8500,102,1.5,6000,0,0,0,0,0,78.69,30,76.25,66.52,60.3,0,0
2026-10-01T16:36:59.292000+09:00,2026-10-01T07:36:59.292000+00:00,094623,1423.7,1,0,0,0,0,13580,499,13580,0,0,0,0,4655,-28608,10326,6,4992,0,129,0,1,0,0,2,0,0,0,0,31082107,2018,0.3,619.22,2042.91,0,53.4,97.2,67.6,33.8,62,534.6,94.1,631.5,151.9,152.1,1049.3,371453,3860,12.67,88.7,1500,2.74,1.13,23.2,37.1,75,12.71,12360608,73369,68.6,3477.38,0,1200,400,720,240,4200,7500,8500,102,1.5,6000,0,0,0,0,0,65.57,30,59.13,54.12,60.4,0,0
2026-10-01T16:37:59.403000+09:00,2026-10-01T07:37:59.403000+00:00,094623,1214.9,1,0,0,0,0,13580,494,13580,0,0,0,0,4655,-28608,10390,6,21376,0,129,0,1,0,0,2,0,0,0,0,31082107,2018,0.34,532.55,1747.49,0,53,98,68.1,33.8,61.6,533.9,100.6,621.2,142.5,142,1015.1,371454,3861,12.46,92.5,1490,2.69,1.11,22.4,37.7,75,11.21,12360610,73369,62.02,3477.38,0,1200,400,720,240,4200,7500,8500,102,1.5,6000,0,0,0,0,0,66.06,30,59.73,65.71,60.4,0,0
2026-10-01T16:38:59.503000+09:00,2026-10-01T07:38:59.503000+00:00,094623,1887.9,1,0,0,0,0,13580,492,13580,0,0,0,0,4655,-28608,10326,6,4480,0,129,0,1,0,0,2,0,0,0,0,31082107,2018,0.3,1017.18,2905.06,0,52.9,97.9,68.4,33.8,61.2,525.1,96.7,619.9,141.6,141.3,1025.5,371454,3861,12.46,89.5,1490,2.63,1.21,29.1,42.3,75,22.3,12360612,73369,70.06,3477.39,0,1200,400,720,240,4200,7500,8500,102,1.5,6000,0,0,0,0,0,74.34,30,66.06,65.72,60.4,0,0
2026-10-01T16:39:59.598000+09:00,2026-10-01T07:39:59.598000+00:00,094623,1918.1,1,0,0,0,0,13580,501,13580,0,0,0,0,4655,-28608,10342,6,13188,528,129,0,1,0,0,2,0,0,0,0,31082107,2018,0.3,845.06,2763.15,0,53,98.6,67.5,33.7,61.5,535.3,99.4,630.3,154.7,155,1026.6,371454,3861,12.8,88.5,1510,2.69,1.09,27,38.8,75,21.98,12360617,73369,77.35,3477.39,0,1200,400,720,240,4200,7500,8500,102,1.5,6000,0,0,0,0,0,70.78,30,68.5,60.04,60.4,0,0
2026-10-01T16:40:59.708000+09:00,2026-10-01T07:40:59.708000+00:00,094623,1562.9,1,0,0,0,0,13580,433,13580,0,0,0,0,4651,-28608,10326,6,4992,0,129,0,1,0,0,2,0,0,0,0,31082107,2018,0.36,709.55,2272.41,0,52.8,97.5,67.9,33.7,61.4,535.9,95.1,619.1,141.9,141.7,1027.1,371454,3861,12.67,90.4,1310,2.41,1.8,27.1,40.3,75,11.35,12360619,73369,56.16,3477.39,0,1200,400,720,240,4200,7500,8500,102,1.5,6000,0,0,0,0,0,64.07,30,56.82,57.18,60.4,0,0
2026-10-01T16:41:59.794000+09:00,2026-10-01T07:41:59.794000+00:00,094623,1288.2,1,0,0,0,0,13580,497,13580,0,0,0,0,4651,-28608,10310,6,12676,0,129,0,1,0,0,2,0,0,0,0,31082107,2018,0.28,718.1,2006.29,0,52.6,97.4,68.2,33.6,60.9,531.7,122,618,139.6,139.3,1038.5,371454,3861,12.74,92.4,1490,2.72,1.15,22.9,36.7,75,11.39,12360621,73369,69.35,3477.39,0,1200,400,720,240,4200,7500,8500,102,1.5,6000,0,0,0,0,0,66.37,30,57.5,67.81,60.4,0,0
2026-10-01T16:42:59.907000+09:00,2026-10-01T07:42:59.907000+00:00,094623,2425.0,1,0,0,0,0,13580,495,13580,0,0,0,0,4655,-28608,10326,6,4480,0,129,0,1,0,0,2,0,0,0,0,31082107,2018,0.29,1269.88,3694.88,0,52.8,99.6,67.9,33.6,61,527.8,120.1,629.7,151.9,152.2,1034.2,371454,3861,12.76,88.1,1500,2.64,1.14,32.8,42,75,30.42,12360625,73369,72.83,3477.39,0,1200,400,720,240,4200,7500,8500,102,1.5,6000,0,0,0,0,0,77.25,30,76.04,65.96,60.4,0,0
2026-10-01T16:43:59.972000+09:00,2026-10-01T07:43:59.972000+00:00,094623,2374.9,1,0,0,0,0,13580,495,13580,0,0,0,0,4651,-28608,10326,6,4480,0,129,0,1,0,0,2,0,0,0,0,31082107,2018,0.32,1192.97,3567.92,0,53.1,96.7,67.3,33.6,61.6,536.7,98.4,633,157.2,157.5,1029.6,371455,3862,12.81,88.1,1500,2.63,1.16,32.9,43.4,75,30.78,12360630,73369,76.94,3477.39,0,1200,400,720,240,4200,7500,8500,102,1.5,6000,0,0,0,0,0,75.04,30,68.02,62.99,60.4,0,0
2026-10-01T16:45:00.077000+09:00,2026-10-01T07:45:00.077000+00:00,094623,2029.5,1,0,0,0,0,13581,500,13581,0,0,0,0,4651,-28608,18518,6,4992,528,129,0,1,0,0,2,0,0,0,0,31082107,2018,0.38,908.54,2938.02,0,53.2,98.6,67,33.6,62,538.4,99.1,635,159.8,160,1030.1,371455,3862,12.77,89.6,1510,2.69,1.11,27.2,38,75,21.85,12360635,73369,77.07,3477.39,0,1200,400,720,240,4200,7500,8500,102,1.5,6000,0,0,0,0,0,66.82,30,66.74,59.91,60.3,0,0
2026-10-01T16:46:00.183000+09:00,2026-10-01T07:46:00.183000+00:00,094623,1778.9,1,0,0,0,0,13581,434,13581,0,0,0,0,4651,-28608,10326,6,4992,0,129,0,1,0,0,0,0,0,0,0,31082107,2018,0.37,829.19,2608.11,0,52.8,97.5,68.6,33.5,61.9,535.4,100.3,622.3,147.1,146.9,1013.8,371455,3862,12.76,92.1,1430,2.42,1.35,27.4,38.5,75,10.35,12360637,73369,64.31,3477.39,0,1200,400,720,240,4200,7500,8500,102,1.5,6000,0,0,0,0,0,64.16,30,56.34,61.45,60.4,0,0
2026-10-01T16:47:00.290000+09:00,2026-10-01T07:47:00.290000+00:00,094623,1249.1,1,0,0,0,0,13581,497,13581,0,0,0,0,4651,-28608,10326,518,4480,0,129,0,1,0,0,0,0,0,0,0,31082107,2018,0.27,543.53,1792.66,0,52.7,98.3,69,33.5,61.3,533.5,102.1,618.3,142.1,141.7,1011.2,371455,3862,12.61,90.9,1490,2.68,1.14,23,38.9,75,11.22,12360639,73369,72.05,3477.39,0,1200,400,720,240,4200,7500,8500,102,1.5,6000,0,0,0,0,0,68.03,30,60.04,62.72,60.4,0,0
2026-10-01T16:48:00.386000+09:00,2026-10-01T07:48:00.386000+00:00,094623,2617.9,1,0,0,0,0,13581,495,13581,0,0,0,0,4655,-28608,12374,6,4512,72,129,0,1,0,0,2,0,0,0,0,31082107,2018,0.31,1389.51,4007.39,0,52.8,98.8,68.1,33.4,61.2,525.8,116,628.3,152.6,152.6,1030.5,371455,3862,12.94,89,1500,2.64,1.16,33.9,41.1,75,30.64,12360643,73369,73.13,3477.4,0,1200,400,720,240,4200,7500,8500,102,1.5,6000,0,0,0,0,0,77.92,30,74.1,68.06,60.4,0,0
2026-10-01T16:49:00.471000+09:00,2026-10-01T07:49:00.471000+00:00,094623,1577.5,1,0,0,0,0,13581,523,13581,0,0,0,0,4651,-28608,10326,6,4992,0,129,0,1,0,0,2,0,0,0,0,31082107,2018,0.33,824.3,2401.81,0,52.9,97.1,67.6,33.3,61.7,529,108,622.9,148.5,148.6,1015.7,371455,3862,12.36,89.2,1570,2.83,1.03,23.7,34.3,75,18.66,12360647,73369,72.04,3477.4,0,1200,400,720,240,4200,7500,8500,102,1.5,6000,0,0,0,0,0,67.34,30,60.85,58.35,60.4,0,0
2026-10-01T16:50:00.576000+09:00,2026-10-01T07:50:00.576000+00:00,094623,1659.3,1,0,0,0,0,13581,523,13581,0,0,0,0,4655,-26560,18518,6,4992,528,129,0,1,0,0,0,0,0,0,0,31082107,2018,0.39,931.73,2591.02,0,52.5,98.4,68.2,33.3,61.3,527.7,107.9,617.5,141.9,141.5,1006.4,371456,3863,12.57,91.7,1570,2.82,1.07,25,35,75,11.11,12360649,73369,58.86,3477.4,0,1200,400,720,240,4200,7500,8500,102,1.5,6000,0,0,0,0,0,69.47,30,64.31,66.68,60.4,0,0
2026-10-01T16:51:00.671000+09:00,2026-10-01T07:51:00.671000+00:00,094623,2062.5,1,0,0,0,0,13581,494,13581,0,0,0,0,4651,-28608,10326,6,4480,0,129,0,1,0,0,0,0,0,0,0,31082107,2018,0.3,989.1,3051.55,0,52.7,97.9,68.3,33.4,60.9,524.4,104.6,621,144.6,144.3,1023.5,371456,3863,12.85,89.9,1490,2.64,1.18,30.5,43.2,75,25.21,12360651,73369,73.51,3477.4,0,1200,400,720,240,4200,7500,8500,102,1.5,6000,0,0,0,0,0,75.73,30,68.07,70.03,60.4,0,0
2026-10-01T16:52:00.762000+09:00,2026-10-01T07:52:00.762000+00:00,094623,2531.2,1,0,0,0,0,13581,495,13581,0,0,0,0,4655,-28608,10326,6,4480,0,129,0,1,0,0,2,0,0,0,0,31082107,2018,0.28,1387.07,3918.27,0,53,98.3,67.6,33.3,61.4,530.7,105.6,628.8,156.7,156.8,1018.9,371456,3863,12.81,87.8,1500,2.64,1.16,33.8,42.1,75,30.91,12360656,73369,79.35,3477.4,0,1200,400,720,240,4200,7500,8500,102,1.5,6000,0,0,0,0,0,76.46,30,73.52,64.45,60.4,0,0
2026-10-01T16:53:00.844000+09:00,2026-10-01T07:53:00.844000+00:00,094623,1520.1,1,0,0,0,0,13581,499,13581,0,0,0,0,4651,-28608,12374,518,5024,72,129,0,1,0,0,2,0,0,0,0,31082107,2018,0.35,586.26,2106.39,0,53.1,97.6,67.3,33.3,61.9,534.5,105.9,625.9,155.6,155.8,1051.8,371456,3863,12.71,89.1,1500,2.7,1.12,23.4,36.7,75,12.71,12360660,73369,69.11,3477.4,0,1200,400,720,240,4200,7500,8500,102,1.5,6000,0,0,0,0,0,63.54,30,59.22,54.41,60.4,0,0
2026-10-01T16:54:00.942000+09:00,2026-10-01T07:54:00.942000+00:00,094623,1218.6,1,0,0,0,0,13581,491,13581,0,0,0,0,4651,-28608,10326,6,4992,0,129,0,1,0,0,0,0,0,0,0,31082107,2018,0.37,559.4,1778.01,0,52.8,97.6,68.5,33.2,61.6,531.3,101.7,618.5,145,144.6,1021.8,371456,3863,12.7,92.1,1470,2.68,1.08,21.9,35.9,75,11.4,12360662,73369,64.37,3477.4,0,1200,400,720,240,4200,7500,8500,102,1.5,6000,0,0,0,0,0,66.06,30,58.07,63.78,60.4,0,0
2026-10-01T16:55:01.034000+09:00,2026-10-01T07:55:01.034000+00:00,094623,1759.4,1,0,0,0,0,13581,493,13581,0,0,0,0,4655,-28608,18518,518,4480,528,129,0,1,0,0,2,0,0,0,0,31082107,2018,0.22,870.69,2630.08,0,52.8,98.8,68.7,33.2,61.2,525.8,113,616,142.5,142.2,1017.3,371456,3863,12.44,90.2,1490,2.65,1.2,28.4,43.3,75,20.85,12360665,73369,69.45,3477.4,0,1200,400,720,240,4200,7500,8500,102,1.5,6000,0,0,0,0,0,74.21,30,67.87,67.63,60.4,0,0
2026-10-01T16:56:01.118000+09:00,2026-10-01T07:56:01.118000+00:00,094623,2534.6,1,0,0,0,0,13581,495,13581,0,0,0,0,4655,-28608,10326,6,4480,0,129,0,1,0,0,2,0,0,0,0,31082107,2018,0.28,1460.62,3995.18,0,53,98.9,67.6,33.1,61.3,530,99.8,627.9,156.1,156.4,1031.7,371457,3864,12.45,88.5,1500,2.63,1.17,33.9,41.9,75,30.78,12360670,73369,77.26,3477.41,0,1200,400,720,240,4200,7500,8500,102,1.5,6000,0,0,0,0,0,76.75,30,74.94,66.69,60.4,0,0
2026-10-01T16:57:01.222000+09:00,2026-10-01T07:57:01.222000+00:00,094623,1514.0,1,0,0,0,0,13581,499,13581,0,0,0,0,4655,-26560,10390,6,21377,0,129,0,1,0,0,2,0,0,0,0,31082107,2018,0.28,627.77,2141.79,0,53.1,97.7,67.2,33.1,61.9,534.2,97.4,625.8,155.1,155.3,1036.8,371457,3864,12.74,88.3,1510,2.71,1.12,23.3,36.2,75,13.08,12360673,73369,74.12,3477.41,0,1200,400,720,240,4200,7500,8500,102,1.5,6000,0,0,0,0,0,63.29,30,61.17,52.51,60.4,0,0
2026-10-01T16:58:01.299000+09:00,2026-10-01T07:58:01.299000+00:00,094623,1161.2,1,0,0,0,0,13581,491,13581,0,0,0,0,4651,-28608,12374,6,5024,72,129,0,1,0,0,2,0,0,0,0,31082107,2018,0.36,502.03,1663.26,0,52.7,97,68.4,33.1,61.6,533.4,102,617.4,143.9,143.6,1021,371457,3864,12.65,92.3,1480,2.68,1.08,21.7,36.9,75,10.85,12360676,73369,55.49,3477.41,0,1200,400,720,240,4200,7500,8500,102,1.5,6000,0,0,0,0,0,65.74,30,56.38,63.46,60.5,0,0
2026-10-01T16:59:01.402000+09:00,2026-10-01T07:59:01.402000+00:00,094623,1757.0,1,0,0,0,0,13581,493,13581,0,0,0,0,4651,-28608,10342,6,12676,0,129,0,1,0,0,2,0,0,0,0,31082107,2018,0.25,803.55,2560.5,0,52.7,98,68.7,33.2,61,527.2,97.8,614.3,141,140.7,1018.3,371457,3864,12.63,91.3,1490,2.65,1.18,28.2,43.3,75,21.6,12360678,73369,77.08,3477.41,0,1200,400,720,240,4200,7500,8500,102,1.5,6000,0,0,0,0,0,74.15,30,65.18,72.37,60.4,0,0
2026-10-01T17:00:01.501000+09:00,2026-10-01T08:00:01.501000+00:00,094623,2562.6,1,0,0,0,0,13581,493,13581,0,0,0,0,4651,-28608,18518,6,4480,528,129,0,1,0,0,2,0,0,0,0,31082107,2018,0.25,1502.12,4064.76,0,53,98.9,67.8,33.1,61.2,529.8,111.5,627.2,154.8,155,1050.7,371457,3864,12.71,87.2,1490,2.62,1.17,34.3,41.8,75,30.62,12360683,73369,81.25,3477.41,0,1200,400,720,240,4200,7500,8500,102,1.5,6000,0,0,0,0,0,77.24,30,75.6,63.04,60.5,0,0
2026-10-01T17:01:01.632000+09:00,2026-10-01T08:01:01.632000+00:00,094623,881.7,1,0,0,0,0,13581,498,13581,0,0,0,0,4651,-28608,10326,6,4992,0,129,0,1,0,0,2,0,0,0,0,31082107,2018,0.34,0,881.68,0,52.9,97.1,67.2,33.1,61.7,535.5,106,621.6,152.5,153,1013.5,371457,3864,12.69,89.4,1480,2.71,1.27,23.3,36.9,75,12.55,12360686,73369,65.55,3477.41,0,1200,400,720,240,4200,7500,8500,102,1.5,6000,0,0,0,0,0,63.14,30,57.51,54.98,60.5,0,0
2026-10-01T17:02:01.717000+09:00,2026-10-01T08:02:01.717000+00:00,094623,1776.8,1,0,0,0,0,13581,498,13581,0,0,0,0,4651,-28608,10326,6,4992,0,129,0,1,0,0,0,0,0,0,0,31082107,2018,0.38,0,1776.79,0,52.6,97.8,68.3,33.1,61.3,532.8,105.8,619.4,144.3,144.2,1048.8,371458,3865,12.82,92.9,1490,2.72,1.14,22.8,37.1,75,11.3,12360688,73369,64.99,3477.41,0,1200,400,720,240,4200,7500,8500,102,1.5,6000,0,0,0,0,0,65.54,30,59.13,66.4,60.4,0,0
2026-10-01T17:03:01.815000+09:00,2026-10-01T08:03:01.815000+00:00,094623,1983.1,1,0,0,0,0,13581,493,13581,0,0,0,0,4655,-28608,12374,6,4512,72,129,0,1,0,0,2,0,0,0,0,31082107,2018,0.24,1067.23,3050.32,0,52.5,98.9,68.8,33.1,61,523.8,111.5,620.2,144.7,144.5,1030.6,371458,3865,12.64,89.5,1490,2.65,1.2,29.7,42.3,75,22.68,12360691,73369,74.21,3477.41,0,1200,400,720,240,4200,7500,8500,102,1.5,6000,0,0,0,0,0,75.51,30,69.51,67.01,60.4,0,0
2026-10-01T17:04:01.913000+09:00,2026-10-01T08:04:01.913000+00:00,094623,1741.1,1,0,0,0,0,13581,500,13581,0,0,0,0,4655,-26560,10326,6,4992,0,129,0,1,0,0,2,0,0,0,0,31082107,2018,0.24,814.54,2555.62,0,52.7,98.8,67.7,33.1,61.3,534.9,106.8,627.3,154.3,154.6,1028.8,371458,3865,12.28,87.7,1510,2.72,1.1,25.8,37.9,75,18.8,12360695,73369,78.17,3477.41,0,1200,400,720,240,4200,7500,8500,102,1.5,6000,0,0,0,0,0,69.51,30,67.52,56.09,60.5,0,0
2026-10-01T17:05:02.015000+09:00,2026-10-01T08:05:02.015000+00:00,094623,1202.7,1,0,0,0,0,13581,517,13581,0,0,0,0,4651,-28608,18518,6,4992,0,129,0,1,0,0,2,0,0,0,0,31082107,2018,0.33,610.67,1813.41,0,52.4,96.7,67.8,33,61.1,531.4,100.2,615.1,141.5,141.2,1012.3,371458,3865,12.79,89.3,1550,2.83,1.02,21.3,34.4,75,14.41,12360698,73369,53.4,3477.42,0,1200,400,720,240,4200,7500,8500,102,1.5,6000,0,0,0,0,0,65.03,30,56.02,54.18,60.5,0,0
2026-10-01T17:06:02.093000+09:00,2026-10-01T08:06:02.093000+00:00,094623,1382.2,1,0,0,0,0,13581,493,13581,0,0,0,0,4651,-28608,10326,6,4480,0,129,0,1,0,0,2,0,0,0,0,31082107,2018,0.24,665.61,2047.79,0,52.2,97.7,67.9,33,60.5,530.9,102.9,614.5,138.9,138.7,1019.7,371458,3865,12.58,95.1,1490,2.69,1.17,24.5,39.9,75,13.48,12360700,73369,69.95,3477.42,0,1200,400,720,240,4200,7500,8500,102,1.5,6000,0,0,0,0,0,66.33,30,59.19,76.12,60.4,0,0
2026-10-01T17:07:02.196000+09:00,2026-10-01T08:07:02.196000+00:00,094623,2612.7,1,0,0,0,0,13581,497,13581,0,0,0,0,4651,-28608,10326,6,4480,0,129,0,1,0,0,2,0,0,0,0,31082107,2018,0.26,1597.34,4210.03,0,52.5,100.7,68,33,60.7,525.6,94.6,624.3,152.9,153.4,1035.4,371458,3865,12.73,87.4,1510,2.66,1.16,34,40.5,75,30.72,12360704,73369,82.65,3477.42,0,1200,400,720,240,4200,7500,8500,102,1.5,6000,0,0,0,0,0,77.26,30,79.92,64.56,60.5,0,0
2026-10-01T17:08:02.287000+09:00,2026-10-01T08:08:02.287000+00:00,094623,1493.3,1,0,0,0,0,13581,521,13581,0,0,0,0,4651,-28608,12374,6,5024,8,129,0,1,0,0,2,0,0,0,0,31082107,2018,0.3,731.53,2224.8,0,52.4,96.6,67.5,33,61.1,529.8,93.3,620.3,148.2,148.4,1029.2,371459,3866,12.48,88.3,1570,2.85,1.02,23.1,34.3,75,14.12,12360707,73369,63.85,3477.42,0,1200,400,720,240,4200,7500,8500,102,1.5,6000,0,0,0,0,0,66.24,30,58.42,54.27,60.5,0,0
2026-10-01T17:09:02.396000+09:00,2026-10-01T08:09:02.396000+00:00,094623,1558.0,1,0,0,0,0,13581,523,13581,0,0,0,0,4655,-28608,10326,6,4992,0,129,0,1,0,0,0,0,0,0,0,31082107,2018,0.41,932.95,2490.92,0,52,97.4,68,33,60.7,528.5,104.7,613,140.7,140.6,1029.5,371459,3866,12.75,91.8,1570,2.85,1.07,24.4,35,75,17.6,12360709,73369,55.61,3477.42,0,1200,400,720,240,4200,7500,8500,102,1.5,6000,0,0,0,0,0,67.59,30,61.11,63.82,60.5,0,0
2026-10-01T17:10:02.489000+09:00,2026-10-01T08:10:02.489000+00:00,094623,2029.5,1,0,0,0,0,13581,493,13581,0,0,0,0,4655,-28608,10326,6,4480,0,129,0,1,0,0,2,0,0,0,0,31082107,2018,0.22,976.9,3006.38,0,52,97.9,68.5,33,60.3,526,96.7,615.5,142.3,142.2,1034.1,371459,3866,12.23,92.1,1490,2.65,1.19,30.6,44,75,25.52,12360712,73369,84.35,3477.42,0,1200,400,720,240,4200,7500,8500,102,1.5,6000,0,0,0,0,0,75.17,30,66.51,76.48,60.5,0,0
2026-10-01T17:11:02.595000+09:00,2026-10-01T08:11:02.595000+00:00,094623,2396.9,1,0,0,0,0,13581,501,13581,0,0,0,0,4651,-28608,10326,6,4992,0,129,0,1,0,0,2,0,0,0,0,31082107,2018,0.25,1357.77,3754.69,0,52.3,97.9,67.6,33,60.9,526.7,91.7,630.9,157.2,157.6,1055.6,371459,3866,12.92,86.7,1510,2.7,1.13,29.7,36.7,75,24.92,12360717,73369,78.38,3477.42,0,1200,400,720,240,4200,7500,8500,102,1.5,6000,0,0,0,0,0,71.53,30,67.91,55.39,60.5,0,0
2026-10-01T17:12:02.699000+09:00,2026-10-01T08:12:02.699000+00:00,094623,1235.7,1,0,0,0,0,13581,491,13581,0,0,0,0,4651,-28608,10326,6,4992,0,129,0,1,0,0,2,0,0,0,0,31082107,2018,0.4,548.42,1784.11,0,52,98,67.8,32.9,61.1,532.4,102.4,620.2,147.1,147.1,1046.8,371459,3866,12.73,89.4,1480,2.69,1.08,22,36,75,11.17,12360719,73369,51.95,3477.42,0,1200,400,720,240,4200,7500,8500,102,1.5,6000,0,0,0,0,0,63.43,30,58.69,52.58,60.5,0,0
2026-10-01T17:13:02.795000+09:00,2026-10-01T08:13:02.795000+00:00,094623,1116.1,1,0,0,0,0,13581,491,13581,0,0,0,0,4651,-28608,18518,6,4992,528,129,0,1,0,0,0,0,0,0,0,31082107,2018,0.23,476.39,1592.46,0,51.8,96.7,68.4,32.9,60.6,533.3,100.7,612.9,139.5,139.2,1018.1,371459,3866,12.62,95.6,1480,2.69,1.07,21.4,37.2,75,11.27,12360721,73369,72.52,3477.42,0,1200,400,720,240,4200,7500,8500,102,1.5,6000,0,0,0,0,0,65.44,30,54.6,75.09,60.5,0,0
2026-10-01T17:14:02.885000+09:00,2026-10-01T08:14:02.885000+00:00,094623,2447.0,1,0,0,0,0,13581,494,13581,0,0,0,0,4655,-28608,10390,518,20864,0,129,0,1,0,0,2,0,0,0,0,31082107,2018,0.24,1254,3700.98,0,51.9,99.2,68.1,32.9,60.2,526.7,104.5,620.4,146.5,146.6,1026.2,371460,3867,12.56,88.3,1500,2.66,1.17,33.6,43.1,75,29.85,12360725,73369,78.14,3477.43,0,1200,400,720,240,4200,7500,8500,102,1.5,6000,0,0,0,0,0,76.95,30,73.89,66.49,60.5,0,0
2026-10-01T17:15:02.985000+09:00,2026-10-01T08:15:02.985000+00:00,094623,1465.2,1,0,0,0,0,13581,501,13581,0,0,0,0,4655,-28608,10326,6,4992,0,129,0,1,0,0,2,0,0,0,0,31082107,2018,0.23,654.62,2119.82,0,51.9,97.4,67,32.8,60.7,538.1,96.8,622.5,151.9,152.4,1033.1,371460,3867,11.75,87.7,1510,2.74,1.11,23.9,38.3,75,15.25,12360729,73369,74.41,3477.43,0,1200,400,720,240,4200,7500,8500,102,1.5,6000,0,0,0,0,0,63.32,30,60.25,51.13,60.5,0,0
2026-10-01T17:16:03.066000+09:00,2026-10-01T08:16:03.066000+00:00,094623,1496.9,1,0,0,0,0,13581,488,13581,0,0,0,0,4651,-28608,10390,6,21376,0,129,0,1,0,0,0,0,0,0,0,31082107,2018,0.43,564.29,2061.22,0,51.5,97.3,67.9,32.8,60.4,534,96.4,613.2,141.6,141.7,1008.6,371460,3867,12.73,90.8,1300,2.55,2.06,26.3,41.2,75,11.14,12360731,73369,49.34,3477.43,0,1200,400,720,240,4200,7500,8500,102,1.5,6000,0,0,0,0,0,62.9,30,56.2,56.06,60.5,0,0
2026-10-01T17:17:03.169000+09:00,2026-10-01T08:17:03.169000+00:00,094623,1805.8,1,0,0,0,0,13581,493,13581,0,0,0,0,4651,-28608,10326,6,4480,0,129,0,1,0,0,2,0,0,0,0,31082107,2018,0.16,901.21,2706.99,0,51.5,97.7,68.5,32.8,60,523.5,146.7,614.1,141.7,141.7,1022.9,371460,3867,12.77,95,1490,2.68,1.21,27.5,39.9,75,17.39,12360733,73369,83.29,3477.43,0,1200,400,720,240,4200,7500,8500,102,1.5,6000,0,0,0,0,0,69.13,30,61.14,78.93,60.5,0,0
2026-10-01T17:18:03.256000+09:00,2026-10-01T08:18:03.256000+00:00,094623,2277.3,1,0,0,0,0,13581,502,13581,0,0,0,0,4655,-26560,18534,590,13188,8720,129,0,1,0,0,2,0,0,0,0,31082107,2018,0.23,1272.32,3549.61,0,51.9,99.4,67.9,32.7,60.5,526.5,111.7,625.5,156.1,156.5,1054.7,371460,3867,12.8,86.9,1520,2.72,1.13,29.4,37.7,75,24.7,12360738,73369,78.51,3477.43,0,1200,400,720,240,4200,7500,8500,102,1.5,6000,0,0,0,0,0,71.78,30,72.04,56.82,60.4,0,0
2026-10-01T17:19:03.338000+09:00,2026-10-01T08:19:03.338000+00:00,094623,1243.0,1,0,0,0,0,13581,491,13581,0,0,0,0,4651,-28608,10326,6,4992,0,129,0,1,0,0,2,0,0,0,0,31082107,2018,0.32,582.6,1825.62,0,51.7,97.8,67.8,32.7,60.7,530,101.6,618.9,146.3,146.3,1042.9,371460,3867,12.81,88.5,1480,2.7,1.09,22.1,35.9,75,11.43,12360740,73369,50.92,3477.43,0,1200,400,720,240,4200,7500,8500,102,1.5,6000,0,0,0,0,0,63.07,30,58.29,50.24,60.4,0,0
2026-10-01T17:20:03.455000+09:00,2026-10-01T08:20:03.455000+00:00,094623,1212.5,1,0,0,0,0,13581,492,13581,0,0,0,0,4651,-28608,10326,518,4992,0,129,0,1,0,0,0,0,0,0,0,31082107,2018,0.33,616.78,1829.28,0,51.6,96.5,68.2,32.6,60.3,529.2,126.9,614.7,141.5,141.3,1038.7,371461,3868,12.91,93.8,1470,2.71,1.07,21.9,35.1,75,10.82,12360742,73369,61.08,3477.43,0,1200,400,720,240,4200,7500,8500,102,1.5,6000,0,0,0,0,0,64.41,30,54.21,67.34,60.4,0,0
2026-10-01T17:21:03.567000+09:00,2026-10-01T08:21:03.567000+00:00,094623,2226.0,1,0,0,0,0,13581,494,13581,0,0,0,0,4651,-28608,12374,6,4512,8,129,0,1,0,0,2,0,0,0,0,31082107,2018,0.23,1146.58,3372.6,0,51.9,100.2,68.4,32.5,60.1,527.6,105.1,621.2,148.8,149,1042,371461,3868,12.86,87.7,1490,2.66,1.15,32.3,43.6,75,30.22,12360746,73369,83.89,3477.43,0,1200,400,720,240,4200,7500,8500,102,1.5,6000,0,0,0,0,0,77.23,30,76.31,64.67,60.5,0,0
2026-10-01T17:22:03.668000+09:00,2026-10-01T08:22:03.668000+00:00,094623,2420.1,1,0,0,0,0,13581,495,13581,0,0,0,0,4651,-28608,10326,6,4480,0,129,0,1,0,0,2,0,0,0,0,31082107,2018,0.26,1261.33,3681.45,0,52.1,96.2,67.2,32.5,60.7,533.7,101.1,628.5,155.2,155.5,1045,371461,3868,12.73,87.2,1490,2.66,1.15,33,42.7,75,30.9,12360751,73369,79.13,3477.44,0,1200,400,720,240,4200,7500,8500,102,1.5,6000,0,0,0,0,0,73.68,30,66.41,59.67,60.5,0,0
2026-10-01T17:23:03.758000+09:00,2026-10-01T08:23:03.758000+00:00,094623,1959.9,1,0,0,0,0,13581,502,13581,0,0,0,0,4651,-28608,18518,6,4992,528,129,0,1,0,0,0,0,0,0,0,31082107,2018,0.39,921.96,2881.86,0,52.2,99,66.7,32.5,61.2,535,106.2,628.1,157,156.9,1041.3,371461,3868,12.68,90.3,1510,2.72,1.1,26.1,36,75,19.22,12360756,73369,73.36,3477.44,0,1200,400,720,240,4200,7500,8500,102,1.5,6000,0,0,0,0,0,62.59,30,65.28,59.97,60.5,0,0
2026-10-01T17:24:03.839000+09:00,2026-10-01T08:24:03.839000+00:00,094623,1250.3,1,0,0,0,0,13581,512,13581,0,0,0,0,4651,-28608,10326,6,4992,0,129,0,1,0,0,0,0,0,0,0,31082107,2018,0.33,660.73,1911.07,0,52.2,97.1,68.9,32.6,61.1,530.7,106.7,617.6,145.2,144.8,1021.4,371461,3868,12.75,92.7,1520,2.8,1.02,21.4,33.3,75,12.73,12360758,73369,64.36,3477.44,0,1200,400,720,240,4200,7500,8500,102,1.5,6000,0,0,0,0,0,64.88,30,55.79,64.82,60.5,0,0
2026-10-01T17:25:03.934000+09:00,2026-10-01T08:25:03.934000+00:00,094623,1378.5,1,0,0,0,0,13581,494,13581,0,0,0,0,4651,-28608,10326,6,4480,0,129,0,1,0,0,2,0,0,0,0,31082107,2018,0.2,620.44,1998.96,0,52.1,99.7,69.1,32.6,60.7,530.3,117.4,615.5,141.4,141.2,1011.7,371461,3868,12.67,90.2,1490,2.7,1.16,24.5,40.3,75,13.79,12360760,73369,68.84,3477.44,0,1200,400,720,240,4200,7500,8500,102,1.5,6000,0,0,0,0,0,68.79,30,65.51,61.71,60.5,0,0
2026-10-01T17:26:04.026000+09:00,2026-10-01T08:26:04.026000+00:00,094623,2482.4,1,0,0,0,0,13581,495,13581,0,0,0,0,4651,-28608,12374,518,4512,72,129,0,1,0,0,2,0,0,0,0,31082107,2018,0.3,1383.4,3865.78,0,52.1,98,67.8,32.5,60.6,528.5,120.2,622.5,151.2,151.3,1049.7,371462,3869,12.74,89.1,1490,2.65,1.16,33.4,41.8,75,30.59,12360764,73369,73,3477.44,0,1200,400,720,240,4200,7500,8500,102,1.5,6000,0,0,0,0,0,75.9,30,70.99,67.59,60.4,0,0
2026-10-01T17:27:04.130000+09:00,2026-10-01T08:27:04.130000+00:00,094623,1487.2,1,0,0,0,0,13581,500,13581,0,0,0,0,4651,-28608,10326,518,4992,0,129,0,1,0,0,2,0,0,0,0,31082107,2018,0.28,591.14,2078.31,0,52.3,98,67.4,32.4,61.1,536.3,116.9,623.9,150.9,151,1033.5,371462,3869,12.56,89.1,1510,2.74,1.12,23.4,37.2,75,13.36,12360768,73369,76.95,3477.44,0,1200,400,720,240,4200,7500,8500,102,1.5,6000,0,0,0,0,0,63.15,30,61.79,55.38,60.5,0,0
2026-10-01T17:28:04.228000+09:00,2026-10-01T08:28:04.228000+00:00,094623,1227.2,1,0,0,0,0,13581,516,13581,0,0,0,0,4651,-28608,18518,6,4992,528,129,0,1,0,0,2,0,0,0,0,31082107,2018,0.36,608.23,1835.38,0,51.9,97.3,68.4,32.4,60.7,530.9,108.9,613.5,140.1,139.8,1029,371462,3869,12.86,91.7,1540,2.85,1.02,21.3,34,75,12.6,12360770,73369,56.57,3477.44,0,1200,400,720,240,4200,7500,8500,102,1.5,6000,0,0,0,0,0,65.16,30,57.2,62.32,60.5,0,0
2026-10-01T17:29:04.311000+09:00,2026-10-01T08:29:04.311000+00:00,094623,1698.4,1,0,0,0,0,13581,493,13581,0,0,0,0,4651,-28608,10326,6,4480,0,129,0,1,0,0,2,0,0,0,0,31082107,2018,0.26,769.37,2467.73,0,51.9,98.3,68.6,32.4,60.2,526.9,109.9,613.7,138.6,138.3,1015.9,371462,3869,12.75,89.8,1490,2.68,1.19,27.6,42.8,75,20.49,12360773,73369,75.66,3477.44,0,1200,400,720,240,4200,7500,8500,102,1.5,6000,0,0,0,0,0,71.76,30,65.34,65.69,60.5,0,0
2026-10-01T17:30:04.408000+09:00,2026-10-01T08:30:04.408000+00:00,094623,2350.5,1,0,0,0,0,13581,496,13581,0,0,0,0,4651,-28608,10326,6,4480,0,129,0,1,0,0,2,0,0,0,0,31082107,2018,0.27,1268.65,3619.19,0,52.1,98.4,67.6,32.3,60.3,533.6,103.6,623.8,149.3,149.5,1048.5,371462,3869,12.22,87.6,1500,2.66,1.17,33.2,43.7,75,30.85,12360777,73369,77.33,3477.44,0,1200,400,720,240,4200,7500,8500,102,1.5,6000,0,0,0,0,0,75.39,30,73.14,62.96,60.5,0,0
2026-10-01T17:31:04.500000+09:00,2026-10-01T08:31:04.500000+00:00,094623,2058.8,1,0,0,0,0,13581,501,13581,0,0,0,0,4651,-28608,12374,518,5024,72,129,0,1,0,0,2,0,0,0,0,31082107,2018,0.35,962.25,3021.03,0,52.2,97,66.7,32.2,60.9,535.3,107.2,625.1,154.5,154.7,1048.1,371462,3869,12.73,88.7,1510,2.71,1.1,26.8,36.2,75,19.98,12360782,73369,73.17,3477.45,0,1200,400,720,240,4200,7500,8500,102,1.5,6000,0,0,0,0,0,64.64,30,61.55,56.41,60.4,0,0
2026-10-01T17:32:04.663000+09:00,2026-10-01T08:32:04.663000+00:00,094623,1548.2,1,0,0,0,0,13581,524,13581,0,0,0,0,4651,-28608,10326,6,4992,0,129,0,1,0,0,0,0,0,0,0,31082107,2018,0.42,837.73,2385.94,0,51.9,98.4,68.3,32.2,60.8,532.5,100.8,614,142,141.7,1028.2,371463,3870,12.87,91.1,1570,2.84,1.08,24.9,36.4,75,10.82,12360784,73369,57.14,3477.45,0,1200,400,720,240,4200,7500,8500,102,1.5,6000,0,0,0,0,0,67.03,30,63.76,62.18,60.4,0,0
2026-10-01T17:33:04.709000+09:00,2026-10-01T08:33:04.709000+00:00,094623,1328.5,1,0,0,0,0,13581,492,13581,0,0,0,0,4651,-28608,18582,590,20864,8208,129,0,1,0,0,2,0,0,0,0,31082107,2018,0.22,589.92,1918.39,0,51.8,97.6,68.8,32.3,60.3,531.9,119.6,611.5,139.2,139.1,1027.7,371463,3870,12.62,92.6,1480,2.69,1.16,23.9,39.3,75,12.09,12360786,73369,71.58,3477.45,0,1200,400,720,240,4200,7500,8500,102,1.5,6000,0,0,0,0,0,66.68,30,57.88,67.72,60.5,0,0
2026-10-01T17:34:04.806000+09:00,2026-10-01T08:34:04.806000+00:00,094623,2323.7,1,0,0,0,0,13581,496,13581,0,0,0,0,4655,-28608,10326,6,4480,0,129,0,1,0,0,2,0,0,0,0,31082107,2018,0.25,1152.68,3476.36,0,51.9,98.6,68.1,32.3,60.3,530.2,106.2,620.5,147.8,147.8,1034.7,371463,3870,12.74,88.1,1500,2.66,1.16,32.7,43.7,75,30.71,12360791,73369,78.31,3477.45,0,1200,400,720,240,4200,7500,8500,102,1.5,6000,0,0,0,0,0,76.52,30,73.08,64.97,60.5,0,0
2026-10-01T17:35:04.911000+09:00,2026-10-01T08:35:04.911000+00:00,094623,2058.8,1,0,0,0,0,13581,500,13581,0,0,0,0,4655,-28608,10390,6,21376,0,129,0,1,0,0,2,0,0,0,0,31082107,2018,0.28,903.65,2962.43,0,52.1,98.7,67,32.2,60.9,534.6,101.5,624.6,156.2,156.6,1042,371463,3870,12.74,88.4,1510,2.71,1.1,27.6,38.4,75,22.64,12360795,73369,74.36,3477.45,0,1200,400,720,240,4200,7500,8500,102,1.5,6000,0,0,0,0,0,67.18,30,68.92,57.42,60.4,0,0
2026-10-01T17:36:04.991000+09:00,2026-10-01T08:36:04.991000+00:00,094623,1587.6,1,0,0,0,0,13581,498,13581,0,0,0,0,4651,-28608,12374,6,5024,72,129,0,1,0,0,2,0,0,0,0,31082107,2018,0.36,0,1587.57,0,51.9,96.7,68,32.2,60.8,533.7,96.8,614.8,145.8,145.8,1053.2,371463,3870,12.34,90.4,1490,2.73,1.14,22.7,37.5,75,11.07,12360798,73369,54.44,3477.45,0,1200,400,720,240,4200,7500,8500,102,1.5,6000,0,0,0,0,0,62.6,30,55.65,55.42,60.4,0,0
2026-10-01T17:37:05.095000+09:00,2026-10-01T08:37:05.095000+00:00,094623,1241.8,1,0,0,0,0,13581,498,13581,0,0,0,0,4651,-28608,10342,6,13188,0,129,0,1,0,0,2,0,0,0,0,31082107,2018,0.19,548.42,1790.22,0,51.6,97.6,68.6,32.2,60.5,531.7,99.9,611.1,142.1,142,1024.2,371463,3870,12.8,95.1,1500,2.71,1.12,22.6,37.5,75,11.32,12360800,73369,72.08,3477.45,0,1200,400,720,240,4200,7500,8500,102,1.5,6000,0,0,0,0,0,65.01,30,57.37,74.07,60.4,0,0
2026-10-01T17:38:05.202000+09:00,2026-10-01T08:38:05.202000+00:00,094623,2487.3,1,0,0,0,0,13581,495,13581,0,0,0,0,4651,-28608,10326,518,4480,0,129,0,1,0,0,2,0,0,0,0,31082107,2018,0.23,1284.52,3771.78,0,51.9,99.7,68.3,32.1,60.3,526.1,96.7,617.9,150.4,150.5,1036.5,371464,3871,12.76,87.9,1500,2.66,1.16,33.6,42.5,75,30.27,12360804,73369,77.37,3477.45,0,1200,400,720,240,4200,7500,8500,102,1.5,6000,0,0,0,0,0,76.84,30,76.32,65.13,60.4,0,0
2026-10-01T17:39:05.292000+09:00,2026-10-01T08:39:05.292000+00:00,094623,1653.2,1,0,0,0,0,13581,501,13581,0,0,0,0,4651,-28608,10326,6,4992,0,129,0,1,0,0,2,0,0,0,0,31082107,2018,0.3,731.53,2384.72,0,52.1,96.6,67.2,32,60.9,533.6,91.6,621.4,154.6,154.9,1016.5,371464,3871,12.59,88,1510,2.74,1.12,24.2,36,75,14.9,12360808,73369,72.97,3477.46,0,1200,400,720,240,4200,7500,8500,102,1.5,6000,0,0,0,0,0,63.1,30,57.58,51.4,60.5,0,0
2026-10-01T17:40:05.381000+09:00,2026-10-01T08:40:05.381000+00:00,094623,1825.3,1,0,0,0,0,13581,498,13581,0,0,0,0,4655,-28608,10326,518,4992,0,129,0,1,0,0,0,0,0,0,0,31082107,2018,0.44,981.78,2807.09,0,51.6,98.3,68.2,31.9,60.7,528.3,93.6,614,145.4,145.4,1023.8,371464,3871,12.75,91.3,1580,2.76,1.14,26.7,36.2,75,9.26,12360810,73369,55.97,3477.46,0,1200,400,720,240,4200,7500,8500,102,1.5,6000,0,0,0,0,0,63.88,30,60.27,58.86,60.5,0,0
2026-10-01T17:41:05.482000+09:00,2026-10-01T08:41:05.482000+00:00,094623,1576.3,1,0,0,0,0,13581,494,13581,0,0,0,0,4651,-28608,12374,6,4512,8,129,0,1,0,0,2,0,0,0,0,31082107,2018,0.21,776.7,2352.98,0,51.6,97.7,68.7,31.9,60.3,526.6,92.7,611.9,142.4,142.2,1034.2,371464,3871,12.79,91.5,1490,2.68,1.18,26.8,41.8,75,17.86,12360812,73369,79.88,3477.46,0,1200,400,720,240,4200,7500,8500,102,1.5,6000,0,0,0,0,0,70.5,30,62,69.14,60.5,0,0
2026-10-01T17:42:05.577000+09:00,2026-10-01T08:42:05.577000+00:00,094623,2586.1,1,0,0,0,0,13581,495,13581,0,0,0,0,4651,-28608,10326,6,4480,0,129,0,1,0,0,2,0,0,0,0,31082107,2018,0.23,1409.04,3995.18,0,51.7,99,67.8,31.8,60.3,526.6,95.9,621.5,155.9,156.1,1060.5,371464,3871,12.42,86.9,1500,2.66,1.15,33.7,41.4,75,30.9,12360817,73369,76.58,3477.46,0,1200,400,720,240,4200,7500,8500,102,1.5,6000,0,0,0,0,0,75.77,30,74.48,60.56,60.5,0,0
2026-10-01T17:43:05.716000+09:00,2026-10-01T08:43:05.716000+00:00,094623,1265.0,1,0,0,0,0,13581,513,13581,0,0,0,0,4651,-28608,10326,6,4992,0,129,0,1,0,0,2,0,0,0,0,31082107,2018,0.31,536.21,1801.2,0,51.6,97,67.4,31.8,60.6,531.9,92.2,616.9,149.5,149.5,1037.9,371464,3871,12.74,88.4,1530,2.84,1,21.1,33.7,75,14.63,12360820,73369,61.34,3477.46,0,1200,400,720,240,4200,7500,8500,102,1.5,6000,0,0,0,0,0,62.02,30,56.48,49.6,60.4,0,0
2026-10-01T17:44:05.808000+09:00,2026-10-01T08:44:05.808000+00:00,094623,1266.2,1,0,0,0,0,13581,517,13581,0,0,0,0,4651,-28608,10326,6,4992,0,129,0,1,0,0,0,0,0,0,0,31082107,2018,0.4,593.58,1859.8,0,51.3,97.5,68.2,31.8,60.1,529.9,102.2,610.4,142.1,141.9,1030.9,371465,3872,12.44,93.5,1550,2.84,1.02,21.6,33.9,75,15.84,12360822,73369,54.62,3477.46,0,1200,400,720,240,4200,7500,8500,102,1.5,6000,0,0,0,0,0,64.28,30,57.25,65.75,60.5,0,0
2026-10-01T17:45:05.902000+09:00,2026-10-01T08:45:05.902000+00:00,094623,2257.8,1,0,0,0,0,13581,493,13581,0,0,0,0,4651,-28608,10326,6,4480,0,129,0,1,0,0,2,0,0,0,0,31082107,2018,0.25,1122.17,3379.92,0,51.6,98.8,68.6,31.8,59.8,522.8,107.2,613.2,146,146,1043.8,371465,3872,12.86,89.4,1490,2.66,1.17,31.7,42.5,75,26.33,12360825,73369,84.24,3477.46,0,1200,400,720,240,4200,7500,8500,102,1.5,6000,0,0,0,0,0,75.35,30,69.63,68.64,60.5,0,0
2026-10-01T17:46:06.007000+09:00,2026-10-01T08:46:06.007000+00:00,094623,1827.8,1,0,0,0,0,13581,502,13581,0,0,0,0,4655,-28608,2134,6,4992,528,129,0,1,0,0,2,0,0,0,0,31082107,2018,0.24,854.82,2682.58,0,51.8,96.9,67.4,31.7,60.4,529.3,122.3,623.3,157.6,157.9,1065.2,371465,3872,12.87,86.7,1510,2.74,1.09,25.4,35.7,75,17.36,12360829,73369,78.6,3477.46,0,1200,400,720,240,4200,7500,8500,102,1.5,6000,0,0,0,0,0,65.64,30,59.98,50.14,60.5,0,0
2026-10-01T17:47:06.147000+09:00,2026-10-01T08:47:06.147000+00:00,094623,1197.8,1,0,0,0,0,13581,491,13581,0,0,0,0,4651,-28608,10326,6,4992,0,129,0,1,0,0,2,0,0,0,0,31082107,2018,0.38,530.11,1727.96,0,51.4,99.2,68,31.8,60.3,532.5,110.4,612.8,144.9,144.7,1020.7,371465,3872,12.71,89.4,1480,2.71,1.1,22,37.3,75,11.24,12360831,73369,48.69,3477.46,0,1200,400,720,240,4200,7500,8500,102,1.5,6000,0,0,0,0,0,63.17,30,62.42,51.81,60.5,0,0
2026-10-01T17:48:06.227000+09:00,2026-10-01T08:48:06.227000+00:00,094623,1516.5,1,0,0,0,0,13581,494,13581,0,0,0,0,4651,-28608,10326,6,4480,0,129,0,1,0,0,0,0,0,0,0,31082107,2018,0.24,644.86,2161.32,0,51.3,96.7,68.3,31.8,59.9,527.7,110.9,612.5,142.2,142.1,1015.4,371465,3872,12.82,95.6,1490,2.7,1.18,25.7,40.8,75,15.53,12360834,73369,70.59,3477.47,0,1200,400,720,240,4200,7500,8500,102,1.5,6000,0,0,0,0,0,67.24,30,56.51,77.23,60.5,0,0
2026-10-01T17:49:06.335000+09:00,2026-10-01T08:49:06.335000+00:00,094623,2307.8,1,0,0,0,0,13581,495,13581,0,0,0,0,4651,-28608,10326,6,4480,8,129,0,1,0,0,2,0,0,0,0,31082107,2018,0.24,1179.54,3487.35,0,51.7,101,68.2,31.9,60,529.8,100.2,621.5,154,154.6,1026.4,371465,3872,12.85,86.9,1500,2.68,1.15,32.8,43.7,75,30.65,12360838,73369,84.5,3477.47,0,1200,400,720,240,4200,7500,8500,102,1.5,6000,0,0,0,0,0,76.63,30,79.99,61.82,60.4,0,0
2026-10-01T17:50:06.418000+09:00,2026-10-01T08:50:06.418000+00:00,094623,2547.1,1,0,0,0,0,13581,502,13581,0,0,0,0,4651,-28608,10326,590,4992,8192,129,0,1,0,0,2,0,0,0,0,31082107,2018,0.37,1399.27,3946.35,0,51.7,95.7,66.6,31.8,60.5,530.9,94.5,627.2,160.6,161,1057.8,371466,3873,12.92,88.8,1510,2.7,1.15,32.1,39.9,75,28.89,12360843,73369,71.65,3477.47,0,1200,400,720,240,4200,7500,8500,102,1.5,6000,0,0,0,0,0,69.5,30,61.47,61.8,60.5,0,0
2026-10-01T17:51:06.483000+09:00,2026-10-01T08:51:06.483000+00:00,094623,1262.5,1,0,0,0,0,13581,486,13581,0,0,0,0,4651,-28608,18518,6,4992,528,129,0,1,0,0,0,0,0,0,0,31082107,2018,0.39,453.2,1715.75,0,51.6,98.2,67.7,31.7,60.7,535.5,93.5,620.7,151.4,151.5,1025.9,371466,3873,12.63,91.6,1430,2.7,1.53,23.7,39.5,75,11.27,12360846,73369,65.62,3477.47,0,1200,400,720,240,4200,7500,8500,102,1.5,6000,0,0,0,0,0,60.53,30,58.58,59.76,60.5,0,0
2026-10-01T17:52:06.587000+09:00,2026-10-01T08:52:06.587000+00:00,094623,1256.1,1,0,0,0,0,13581,497,13581,0,0,0,0,4655,-28608,10390,590,21376,8192,129,0,1,0,0,2,0,0,0,0,31082107,2018,0.19,56.46,1312.6,0,51.5,98.4,69.1,31.8,60.3,534.6,96,615.2,144,143.7,1013.4,371466,3873,12.59,91.5,1420,2.75,0.73,23.6,41,75,11.38,12360848,73369,76.69,3477.47,0,1200,400,720,240,4200,7500,8500,102,1.5,6000,0,0,0,0,0,65.68,30,58.47,64.21,60.4,0,0
2026-10-01T17:53:06.668000+09:00,2026-10-01T08:53:06.668000+00:00,094623,2241.9,1,0,0,0,0,13581,494,13581,0,0,0,0,4651,-28608,10326,6,4480,0,129,0,1,0,0,2,0,0,0,0,31082107,2018,0.27,1128.27,3370.16,0,51.4,97.8,68.3,31.7,59.8,526.6,93.8,617.1,147,146.8,1046.1,371466,3873,12.67,88.6,1490,2.67,1.18,32.5,44.1,75,28.81,12360851,73369,64.59,3477.47,0,1200,400,720,240,4200,7500,8500,102,1.5,6000,0,0,0,0,0,75.52,30,69.09,65.04,60.4,0,0
2026-10-01T17:54:06.773000+09:00,2026-10-01T08:54:06.773000+00:00,094623,1755.7,1,0,0,0,0,13581,500,13581,0,0,0,0,4655,-28608,12310,6,21408,72,129,0,1,0,0,2,0,0,0,0,31082107,2018,0.28,804.77,2560.5,0,51.5,99,67.2,31.6,60.3,534.5,92.4,626.1,158.8,159.5,1059,371466,3873,12.92,88.9,1510,2.74,1.1,25.5,37.3,75,18.3,12360856,73369,75.8,3477.47,0,1200,400,720,240,4200,7500,8500,102,1.5,6000,0,0,0,0,0,64.56,30,66.05,57,60.4,0,0
2026-10-01T17:55:06.860000+09:00,2026-10-01T08:55:06.860000+00:00,094623,1211.3,1,0,0,0,0,13581,493,13581,0,0,0,0,4655,-28608,10326,526,4992,8192,129,0,1,0,0,2,0,0,0,0,31082107,2018,0.31,534.99,1746.27,0,51.2,97.2,68.2,31.6,60.3,530.8,91.8,615.9,147.2,147.2,1048.8,371466,3873,12.59,90.6,1480,2.73,1.05,21.7,35.3,75,10.97,12360858,73369,57.77,3477.47,0,1200,400,720,240,4200,7500,8500,102,1.5,6000,0,0,0,0,0,63.04,30,56.22,57.62,60.4,0,0
2026-10-01T17:56:06.955000+09:00,2026-10-01T08:56:06.955000+00:00,094623,1344.3,1,0,0,0,0,13581,494,13581,0,0,0,0,4651,-28608,18534,6,12676,528,129,0,1,0,0,2,0,0,0,0,31082107,2018,0.24,574.05,1918.39,0,51,97.5,68.5,31.4,59.8,531.3,92.2,612,141.8,141.8,1022.8,371467,3874,12.68,92,1490,2.72,1.18,24.6,41.7,75,14.44,12360860,73369,72.52,3477.47,0,1200,400,720,240,4200,7500,8500,102,1.5,6000,0,0,0,0,0,66.96,30,58.65,67.96,60.4,0,0
2026-10-01T17:57:07.030000+09:00,2026-10-01T08:57:07.030000+00:00,094623,2567.8,1,0,0,0,0,13581,497,13581,0,0,0,0,4651,-28608,10326,6,4480,0,129,0,1,0,0,2,0,0,0,0,31082107,2018,0.25,1360.21,3928.04,0,51.2,99.3,67.8,31.4,59.7,526.3,96.5,623.4,155.7,156.2,1030.8,371467,3874,12.63,87.6,1510,2.68,1.15,33.7,41.7,75,30.81,12360864,73369,77.65,3477.48,0,1200,400,720,240,4200,7500,8500,102,1.5,6000,0,0,0,0,0,75.05,30,74.95,63.23,60.4,0,0
2026-10-01T17:58:07.159000+09:00,2026-10-01T08:58:07.159000+00:00,094623,1824.1,1,0,0,0,0,13581,521,13581,0,0,0,0,4651,-28608,10326,518,4992,0,129,0,1,0,0,2,0,0,0,0,31082107,2018,0.31,1011.08,2835.17,0,51.2,96.7,67.4,31.4,60.2,530.9,95.1,618.8,151.7,152.1,993.3,371467,3874,12.79,88.2,1590,2.84,1.11,26.5,36.8,75,9.72,12360868,73369,59.64,3477.48,0,1200,400,720,240,4200,7500,8500,102,1.5,6000,0,0,0,0,0,65.03,30,58.9,53.19,60.4,0,0
2026-10-01T17:59:07.240000+09:00,2026-10-01T08:59:07.240000+00:00,094623,1782.6,1,0,0,0,0,13581,486,13581,0,0,0,0,4651,-28608,12374,6,5024,72,129,0,1,0,0,0,0,0,0,0,31082107,2018,0.44,972.01,2754.6,0,50.8,98.2,68.2,31.3,59.8,530.2,93.4,611.9,144.5,144.6,1003.6,371467,3874,12.74,92.4,1580,2.82,1.13,26.7,36.9,75,9.93,12360870,73369,57.5,3477.48,0,1200,400,720,240,4200,7500,8500,102,1.5,6000,0,0,0,0,0,63.34,30,59.6,62.28,60.4,0,0
2026-10-01T18:00:07.325000+09:00,2026-10-01T09:00:07.325000+00:00,094623,2086.9,1,0,0,0,0,13581,494,13581,0,0,0,0,4655,-28608,10326,6,4480,0,129,0,1,0,0,2,0,0,0,0,31082107,2018,0.25,1063.57,3150.43,0,50.9,97.9,68.5,31.4,59.5,522.6,97.4,615.2,147.4,147.7,1004.7,371467,3874,12.69,90.7,1490,2.69,1.18,30.5,42.4,75,25.12,12360872,73369,78.99,3477.48,0,1200,400,720,240,4200,7500,8500,102,1.5,6000,0,0,0,0,0,73.12,30,65.78,70.75,60.3,0,0
2026-10-01T18:01:07.432000+09:00,2026-10-01T09:01:07.432000+00:00,094623,2624.9,1,0,0,0,0,13581,495,13581,0,0,0,0,4651,-28608,18518,6,4992,528,129,0,1,0,0,2,0,0,0,0,31082107,2018,0.22,1489.91,4114.81,0,51.1,98,67.7,31.2,60,527.3,88.6,624.5,161.9,162.7,1049.6,371467,3874,12.7,86.8,1490,2.65,1.16,34.2,41.1,75,30.77,12360877,73369,81.86,3477.48,0,1200,400,720,240,4200,7500,8500,102,1.5,6000,0,0,0,0,0,74.3,30,71.32,59.74,60.3,0,0
2026-10-01T18:02:07.521000+09:00,2026-10-01T09:02:07.521000+00:00,094623,1282.1,1,0,0,0,0,13581,500,13581,0,0,0,0,4655,-28608,10326,6,4992,0,129,0,1,0,0,2,0,0,0,0,31082107,2018,0.34,543.53,1825.62,0,51,98,67.5,31.2,60.4,531.9,89.5,619.2,154.5,154.6,1026.2,371468,3875,12.82,89.2,1490,2.76,1.03,21.3,33.9,75,11.99,12360881,73369,53.77,3477.48,0,1200,400,720,240,4200,7500,8500,102,1.5,6000,0,0,0,0,0,60.9,30,57.69,51.3,60.3,0,0
2026-10-01T18:03:07.626000+09:00,2026-10-01T09:03:07.626000+00:00,094623,1140.5,1,0,0,0,0,13581,502,13581,0,0,0,0,4651,-28608,10326,6,4992,0,129,0,1,0,0,0,0,0,0,0,31082107,2018,0.43,516.68,1657.15,0,50.8,97.1,68.4,31.2,59.9,532.2,88.2,612.5,144.7,144.4,1030.2,371468,3875,12.81,93.1,1500,2.78,1.04,21,35.3,75,12.37,12360883,73369,61.89,3477.48,0,1200,400,720,240,4200,7500,8500,102,1.5,6000,0,0,0,0,0,63.59,30,55.83,64.04,60.4,0,0
2026-10-01T18:04:07.715000+09:00,2026-10-01T09:04:07.715000+00:00,094623,2283.4,1,0,0,0,0,13581,492,13581,0,0,0,0,4655,-28608,12374,6,4512,72,129,0,1,0,0,2,0,0,0,0,31082107,2018,0.26,1279.64,3563.04,0,50.9,98.7,68.5,31.1,59.4,523.4,100.3,617.9,148.5,148.4,1047.6,371468,3875,12.88,89.5,1490,2.67,1.18,32,41.9,75,26.67,12360885,73369,81.21,3477.48,0,1200,400,720,240,4200,7500,8500,102,1.5,6000,0,0,0,0,0,74.46,30,69.24,67.96,60.3,0,0
2026-10-01T18:05:07.858000+09:00,2026-10-01T09:05:07.858000+00:00,094623,1545.8,1,0,0,0,0,13581,502,13581,0,0,0,0,4655,-28608,10326,6,4992,0,129,0,1,0,0,2,0,0,0,0,31082107,2018,0.24,650.96,2196.72,0,51.1,97.3,67.6,31.1,60,536.5,96.7,623.7,156.4,156.9,1051.3,371468,3875,12.27,86.6,1510,2.77,1.1,24.3,38.1,75,16.47,12360890,73369,78.02,3477.49,0,1200,400,720,240,4200,7500,8500,102,1.5,6000,0,0,0,0,0,64.67,30,59.85,48.77,60.3,0,0
2026-10-01T18:06:07.908000+09:00,2026-10-01T09:06:07.908000+00:00,094623,1218.6,1,0,0,0,0,13581,497,13581,0,0,0,0,4651,-28608,18518,518,4992,528,129,0,1,0,0,2,0,0,0,0,31082107,2018,0.38,554.52,1773.13,0,50.6,99.3,68,31,59.6,534.5,97.2,614.1,144.7,144.6,1029.5,371468,3875,12.82,89.4,1500,2.76,1.12,22.3,37.8,75,10.65,12360892,73369,49.11,3477.49,0,1200,400,720,240,4200,7500,8500,102,1.5,6000,0,0,0,0,0,62.57,30,61.97,51.62,60.3,0,0
2026-10-01T18:07:08.006000+09:00,2026-10-01T09:07:08.006000+00:00,094623,1493.3,1,0,0,0,0,13581,493,13581,0,0,0,0,4651,-28608,10326,6,4480,0,129,0,1,0,0,0,0,0,0,0,31082107,2018,0.28,690.02,2183.29,0,50.6,96.4,68.2,31,59.2,529.5,95.4,610.4,142,142,1023.3,371468,3875,12.86,95,1490,2.71,1.19,25.9,41.9,75,16.48,12360894,73369,67.14,3477.49,0,1200,400,720,240,4200,7500,8500,102,1.5,6000,0,0,0,0,0,66.75,30,56.12,75.39,60.3,0,0
2026-10-01T18:08:08.106000+09:00,2026-10-01T09:08:08.106000+00:00,094623,2549.5,1,0,0,0,0,13581,496,13581,0,0,0,0,4651,-28608,10326,590,4480,8192,129,0,1,0,0,2,0,0,0,0,31082107,2018,0.22,1378.52,3928.04,0,51,101.5,68,31,59.3,527.4,92.8,624.8,156.7,157.1,1038.1,371469,3876,12.81,86.8,1500,2.68,1.16,33.8,42,75,30.61,12360898,73369,84.74,3477.49,0,1200,400,720,240,4200,7500,8500,102,1.5,6000,0,0,0,0,0,75.1,30,80.88,60.87,60.3,0,0
2026-10-01T18:09:08.194000+09:00,2026-10-01T09:09:08.194000+00:00,094623,1525.0,1,0,0,0,0,13581,500,13581,0,0,0,0,4655,-26560,12374,6,5024,72,129,0,1,0,0,2,0,0,0,0,31082107,2018,0.28,655.84,2180.85,0,50.9,96.6,67.3,30.9,60,531.9,92.7,624,156.3,156.8,1046.4,371469,3876,12.73,87.8,1510,2.78,1.13,23.5,36.3,75,12.65,12360902,73369,60.06,3477.49,0,1200,400,720,240,4200,7500,8500,102,1.5,6000,0,0,0,0,0,61.15,30,54.02,48.27,60.3,0,0
2026-10-01T18:10:08.301000+09:00,2026-10-01T09:10:08.301000+00:00,094623,1233.3,1,0,0,0,0,13581,494,13581,0,0,0,0,4651,-28608,10326,6,4992,0,129,0,1,0,0,0,0,0,0,0,31082107,2018,0.42,593.58,1826.84,0,50.6,96.8,68.3,30.9,59.7,532,89.2,614.4,146.6,146.5,1041.9,371469,3876,12.87,92.7,1490,2.75,1.11,22.4,36.8,75,11.29,12360904,73369,57.04,3477.49,0,1200,400,720,240,4200,7500,8500,102,1.5,6000,0,0,0,0,0,63.06,30,55.1,61.41,60.3,0,0
2026-10-01T18:11:08.400000+09:00,2026-10-01T09:11:08.400000+00:00,094623,1892.8,1,0,0,0,0,13581,492,13581,0,0,0,0,4655,-26560,2198,6,20864,0,129,0,1,0,0,2,0,0,0,0,31082107,2018,0.22,981.78,2874.54,0,50.6,98.1,68.6,30.8,59.3,524.3,98.2,613.1,145.6,145.7,1029.8,371469,3876,12.81,92.4,1490,2.69,1.2,29.3,42.7,75,22.52,12360907,73369,79.67,3477.49,0,1200,400,720,240,4200,7500,8500,102,1.5,6000,0,0,0,0,0,71.61,30,64.02,74.43,60.3,0,0
2026-10-01T18:12:08.485000+09:00,2026-10-01T09:12:08.485000+00:00,094623,2373.7,1,0,0,0,0,13581,496,13581,0,0,0,0,4651,-28608,10326,6,4480,0,129,0,1,0,0,2,0,0,0,0,31082107,2018,0.2,1284.52,3658.25,0,50.9,98.1,67.7,30.8,59.7,531.4,91.2,626.5,160.2,160.9,1041.8,371469,3876,12.68,86.7,1500,2.68,1.15,32.7,42.4,75,30.97,12360912,73369,78.72,3477.49,0,1200,400,720,240,4200,7500,8500,102,1.5,6000,0,0,0,0,0,74.3,30,71.64,59.19,60.3,0,0
2026-10-01T18:13:08.596000+09:00,2026-10-01T09:13:08.596000+00:00,094623,2645.9,1,0,0,0,0,13581,496,13581,0,0,0,0,4655,-28608,10342,518,12676,0,129,0,1,0,0,2,0,0,0,0,31082107,2018,0.37,1410.26,4056.21,0,51,97.8,66.5,30.9,60.2,533.4,85.5,630.8,165.8,166.6,1029.5,371469,3876,12.74,89.3,1500,2.69,1.16,34,41.4,75,30.02,12360917,73369,69.68,3477.49,0,1200,400,720,240,4200,7500,8500,102,1.5,6000,0,0,0,0,0,69.34,30,68.25,63.61,60.2,0,0
2026-10-01T18:14:08.692000+09:00,2026-10-01T09:14:08.692000+00:00,094623,1406.6,1,0,0,0,0,13581,521,13581,0,0,0,0,4651,-28608,12374,6,5024,8,129,0,1,0,0,0,0,0,0,0,31082107,2018,0.39,663.17,2069.77,0,51.2,97.5,67.8,30.9,60.5,534.6,84.4,620.5,154.3,154.2,1017.5,371470,3877,12.69,90.3,1560,2.9,1.01,22.6,34.8,75,18.02,12360920,73369,76.4,3477.5,0,1200,400,720,240,4200,7500,8500,102,1.5,6000,0,0,0,0,0,61.44,30,59.07,57.08,60.3,0,0
2026-10-01T18:15:08.808000+09:00,2026-10-01T09:15:08.808000+00:00,094623,1394.4,1,0,0,0,0,13581,521,13581,0,0,0,0,4651,-28608,10326,6,4992,0,129,0,1,0,0,2,0,0,0,0,31082107,2018,0.23,743.74,2138.13,0,50.9,99.4,69.1,30.9,60,531.1,94.7,612.8,145.2,144.9,1016.8,371470,3877,12.92,93.4,1560,2.89,1.04,23,34.8,75,18.35,12360922,73369,64.8,3477.5,0,1200,400,720,240,4200,7500,8500,102,1.5,6000,0,0,0,0,0,66.31,30,64.51,69.74,60.3,0,0
2026-10-01T18:16:08.950000+09:00,2026-10-01T09:16:08.950000+00:00,094623,2338.3,1,0,0,0,0,13581,493,13581,0,0,0,0,4655,-28608,10326,6,4480,0,129,0,1,0,0,2,0,0,0,0,31082107,2018,0.26,1308.94,3647.27,0,50.9,97,68.7,30.9,59.6,521.7,113.3,619.1,150.7,150.8,1024.5,371470,3877,12.73,89.1,1490,2.66,1.18,31.7,40.8,75,25.66,12360925,73369,66.91,3477.5,0,1200,400,720,240,4200,7500,8500,102,1.5,6000,0,0,0,0,0,73.57,30,63.71,64.88,60.3,0,0
2026-10-01T18:17:09.028000+09:00,2026-10-01T09:17:09.028000+00:00,094623,1486.0,1,0,0,0,0,13581,501,13581,0,0,0,0,4651,-28608,10326,6,4992,0,129,0,1,0,0,2,0,0,0,0,31082107,2018,0.27,639.97,2125.92,0,50.9,98.6,67.7,30.8,60.1,537.5,95.9,623.1,157.4,158,1022,371470,3877,12.39,88.1,1510,2.78,1.11,23.8,37.8,75,15.81,12360929,73369,76.36,3477.5,0,1200,400,720,240,4200,7500,8500,102,1.5,6000,0,0,0,0,0,63.69,30,62.89,52.53,60.2,0,0
2026-10-01T18:18:09.132000+09:00,2026-10-01T09:18:09.132000+00:00,094623,1423.7,1,0,0,0,0,13581,490,13581,0,0,0,0,4651,-28608,10326,6,4992,0,129,0,1,0,0,2,0,0,0,0,31082107,2018,0.32,530.11,1953.79,0,50.6,98.7,68.3,30.7,59.7,534.5,94.2,614.7,145.5,145.2,1031.9,371470,3877,12.53,90.9,1340,2.64,2.04,25.6,40.9,75,11.41,12360931,73369,52.83,3477.5,0,1200,400,720,240,4200,7500,8500,102,1.5,6000,0,0,0,0,0,63.05,30,59.86,57.81,60.3,0,0
2026-10-01T18:19:09.202000+09:00,2026-10-01T09:19:09.202000+00:00,094623,1609.2,1,0,0,0,0,13581,494,13581,0,0,0,0,4651,-28608,8278,6,4480,0,129,0,1,0,0,2,0,0,0,0,31082107,2018,0.18,838.95,2448.19,0,50.5,96.5,68.4,30.7,59.3,526.7,117.6,617.3,143.4,143.2,1016,371470,3877,12.7,93.3,1490,2.69,1.19,26.6,41.1,75,17.36,12360933,73369,75.09,3477.5,0,1200,400,720,240,4200,7500,8500,102,1.5,6000,0,0,0,0,0,67.92,30,57.32,73.15,60.2,0,0
2026-10-01T18:20:09.310000+09:00,2026-10-01T09:20:09.310000+00:00,094623,2268.8,1,0,0,0,0,13581,495,13581,0,0,0,0,4655,-28608,10326,518,4480,0,129,0,1,0,0,2,0,0,0,0,31082107,2018,0.23,1184.42,3453.17,0,50.8,100.6,67.7,30.8,59.5,532,109.4,624.8,156.6,157,1020.3,371471,3878,12.75,87.1,1500,2.68,1.15,32.5,43.7,75,30.29,12360938,73369,79.83,3477.5,0,1200,400,720,240,4200,7500,8500,102,1.5,6000,0,0,0,0,0,74.14,30,78.19,62.04,60.3,0,0
2026-10-01T18:21:09.386000+09:00,2026-10-01T09:21:09.386000+00:00,094623,2422.6,1,0,0,0,0,13581,501,13581,0,0,0,0,4651,-28608,10326,6,4992,0,129,0,1,0,0,2,0,0,0,0,31082107,2018,0.32,1332.13,3754.69,0,50.9,95.7,66.8,30.7,60.1,532.3,94.5,628,164.4,165.1,1037.8,371471,3878,12.75,87.9,1510,2.72,1.14,30.5,38.9,75,26.86,12360943,73369,72.55,3477.5,0,1200,400,720,240,4200,7500,8500,102,1.5,6000,0,0,0,0,0,67.41,30,59.66,56.96,60.2,0,0
2026-10-01T18:22:09.474000+09:00,2026-10-01T09:22:09.474000+00:00,094623,1488.4,1,0,0,0,0,13581,520,13581,0,0,0,0,4651,-28608,10326,6,4992,0,129,0,1,0,0,0,0,0,0,0,31082107,2018,0.42,870.69,2359.08,0,50.8,98.7,67.8,30.6,60.3,531.2,98,618.2,152.3,152.3,1034.2,371471,3878,12.75,91,1570,2.88,1.04,23.3,33.8,75,15.58,12360946,73369,60.77,3477.5,0,1200,400,720,240,4200,7500,8500,102,1.5,6000,0,0,0,0,0,61.86,30,61.63,58.69,60.2,0,0
2026-10-01T18:23:09.575000+09:00,2026-10-01T09:23:09.575000+00:00,094623,1445.7,1,0,0,0,0,13581,522,13581,0,0,0,0,4651,-28608,10326,6,4992,0,129,0,1,0,0,2,0,0,0,0,31082107,2018,0.25,874.35,2320.02,0,50.6,97.5,69,30.5,59.8,532,95.8,611.5,144,143.8,1073.1,371471,3878,12.88,94.2,1570,2.9,1.06,23.8,35.6,75,11.06,12360948,73369,67.35,3477.51,0,1200,400,720,240,4200,7500,8500,102,1.5,6000,0,0,0,0,0,67.44,30,58.49,73.12,60.2,0,0
2026-10-01T18:24:09.671000+09:00,2026-10-01T09:24:09.671000+00:00,094623,2519.0,1,0,0,0,0,13581,495,13581,0,0,0,0,4651,-28608,18518,6,4480,528,129,0,1,0,0,2,0,0,0,0,31082107,2018,0.23,1319.92,3838.92,0,50.6,99.1,68.5,30.5,59.3,526.2,113.7,620.4,152.7,153,1065.8,371471,3878,12.85,88,1500,2.68,1.15,32.8,41.2,75,29.19,12360951,73369,75.03,3477.51,0,1200,400,720,240,4200,7500,8500,102,1.5,6000,0,0,0,0,0,75.47,30,72.59,63.75,60.2,0,0
2026-10-01T18:25:09.752000+09:00,2026-10-01T09:25:09.752000+00:00,094623,2473.8,1,0,0,0,0,13581,499,13581,0,0,0,0,4655,-28608,10326,6,4480,0,129,0,1,0,0,2,0,0,0,0,31082107,2018,0.27,1269.88,3743.71,0,50.8,97.2,67.1,30.6,59.9,535.3,102.2,627.1,161.6,162.2,1047.4,371471,3878,12.86,87.7,1510,2.69,1.15,33,42.5,75,30.48,12360956,73369,76.2,3477.51,0,1200,400,720,240,4200,7500,8500,102,1.5,6000,0,0,0,0,0,71.67,30,68.09,59.75,60.2,0,0
2026-10-01T18:26:09.846000+09:00,2026-10-01T09:26:09.846000+00:00,094623,1520.1,1,0,0,0,0,13581,501,13581,0,0,0,0,4651,-28608,10326,6,4992,0,129,0,1,0,0,2,0,0,0,0,31082107,2018,0.32,588.7,2108.83,0,50.9,98.4,66.9,30.4,60.3,541.1,94.3,624.7,159.5,160,1035.8,371472,3879,12.74,89.9,1510,2.75,1.11,23.7,37.7,75,14.94,12360960,73369,71.91,3477.51,0,1200,400,720,240,4200,7500,8500,102,1.5,6000,0,0,0,0,0,58.99,30,60.26,54.56,60.2,0,0
2026-10-01T18:27:09.965000+09:00,2026-10-01T09:27:09.965000+00:00,094623,1808.2,1,0,0,0,0,13581,468,13581,0,0,0,0,4651,-28608,8278,6,4992,8,129,0,1,0,0,2,0,0,0,0,31082107,2018,0.31,907.31,2715.54,0,50.6,97.3,68.6,30.5,59.9,535.7,88.4,613,147,147.1,1032.7,371472,3879,12.4,93.4,1460,2.48,1.34,27.7,38.8,75,10.87,12360962,73369,62.64,3477.51,0,1200,400,720,240,4200,7500,8500,102,1.5,6000,0,0,0,0,0,61.46,30,54.7,64.77,60.2,0,0
2026-10-01T18:28:10.042000+09:00,2026-10-01T09:28:10.042000+00:00,094623,1695.9,1,0,0,0,0,13581,494,13581,0,0,0,0,4655,-28608,10390,518,4480,0,129,0,1,0,0,2,0,0,0,0,31082107,2018,0.23,749.84,2445.75,0,50.7,99.1,68.9,30.5,59.5,527.6,96.2,613.4,146.2,146.1,1034.1,371472,3879,12.77,89.7,1490,2.71,1.19,26.8,41.2,75,17.54,12360965,73369,78.22,3477.51,0,1200,400,720,240,4200,7500,8500,102,1.5,6000,0,0,0,0,0,68.46,30,64.35,62.89,60.1,0,0
2026-10-01T18:29:10.156000+09:00,2026-10-01T09:29:10.156000+00:00,094623,2412.8,1,0,0,0,0,13581,495,13581,0,0,0,0,4651,-28608,18518,6,4480,528,129,0,1,0,0,2,0,0,0,0,31082107,2018,0.24,1235.69,3648.49,0,50.7,97.6,67.9,30.4,59.6,532.1,91.4,623.9,159,159.6,1035.9,371472,3879,12.7,87.7,1500,2.68,1.15,32.8,42.9,75,30.68,12360969,73369,77.13,3477.51,0,1200,400,720,240,4200,7500,8500,102,1.5,6000,0,0,0,0,0,73.78,30,69.34,61.96,60.2,0,0
2026-10-01T18:30:10.247000+09:00,2026-10-01T09:30:10.247000+00:00,094623,1977.9,1,0,0,0,0,13581,502,13581,0,0,0,0,4655,-28608,10390,6,21376,0,129,0,1,0,0,2,0,0,0,0,31082107,2018,0.34,851.16,2829.07,0,50.8,97.9,67.3,30.4,60.2,535.1,98.7,625.7,162.8,163.1,1037.9,371472,3879,12.77,88.4,1510,2.76,1.1,25.8,35.6,75,19.05,12360974,73369,72.39,3477.51,0,1200,400,720,240,4200,7500,8500,102,1.5,6000,0,0,0,0,0,63.19,30,60.56,52.85,60.1,0,0
2026-10-01T18:31:10.346000+09:00,2026-10-01T09:31:10.346000+00:00,094623,1247.9,1,0,0,0,0,13581,491,13581,0,0,0,0,4651,-28608,10326,6,4992,0,129,0,1,0,0,0,0,0,0,0,31082107,2018,0.39,559.4,1807.31,0,50.6,98,68.5,30.3,60.1,532.6,93.4,616.2,149.6,149.4,1024.8,371472,3879,12.55,91.6,1470,2.7,1.07,21.8,35.4,75,11.39,12360976,73369,59.11,3477.51,0,1200,400,720,240,4200,7500,8500,102,1.5,6000,0,0,0,0,0,62.45,30,57.16,58.9,60.2,0,0
2026-10-01T18:32:10.446000+09:00,2026-10-01T09:32:10.446000+00:00,094623,1417.6,1,0,0,0,0,13581,495,13581,0,0,0,0,4651,-28608,12390,6,12708,72,129,0,1,0,0,2,0,0,0,0,31082107,2018,0.21,587.48,2005.07,0,50.5,98.6,68.7,30.3,59.7,530.1,91.2,613.8,145.8,145.6,1027,371473,3880,12.76,92.1,1490,2.73,1.16,24.7,40.7,75,14.66,12360978,73369,72.15,3477.52,0,1200,400,720,240,4200,7500,8500,102,1.5,6000,0,0,0,0,0,66.48,30,61.37,67.17,60.2,0,0
2026-10-01T18:33:10.532000+09:00,2026-10-01T09:33:10.532000+00:00,094623,2566.6,1,0,0,0,0,13581,495,13581,0,0,0,0,4651,-28608,10326,518,4480,0,129,0,1,0,0,2,0,0,0,0,31082107,2018,0.25,1340.68,3907.28,0,50.7,98.7,67.9,30.3,59.5,527.6,103.8,622.2,156.7,157,1038.8,371473,3880,12.76,87.6,1490,2.67,1.17,33.9,42.4,75,30.17,12360982,73369,75.91,3477.52,0,1200,400,720,240,4200,7500,8500,102,1.5,6000,0,0,0,0,0,74.35,30,72.18,62.07,60.1,0,0
2026-10-01T18:34:10.634000+09:00,2026-10-01T09:34:10.634000+00:00,094623,1484.7,1,0,0,0,0,13581,499,13581,0,0,0,0,4651,-28608,18518,6,4992,528,129,0,1,0,0,2,0,0,0,0,31082107,2018,0.28,608.23,2092.96,0,50.7,97.4,67.2,30.3,60,534.8,94.8,618.5,156.4,156.8,1021.7,371473,3880,12.56,88.6,1500,2.75,1.14,23.4,37.4,75,12.94,12360986,73369,67.9,3477.52,0,1200,400,720,240,4200,7500,8500,102,1.5,6000,0,0,0,0,0,60.21,30,57.74,50.47,60.1,0,0
2026-10-01T18:35:10.736000+09:00,2026-10-01T09:35:10.736000+00:00,094623,1265.0,1,0,0,0,0,13581,491,13581,0,0,0,0,4651,-28608,10326,6,4992,0,129,0,1,0,0,0,0,0,0,0,31082107,2018,0.44,554.52,1819.51,0,50.4,97.9,68.2,30.3,59.8,531.2,98.3,613.9,148,148,1017.2,371473,3880,12.68,91.7,1480,2.71,1.08,22.2,36,75,11.4,12360988,73369,50.69,3477.52,0,1200,400,720,240,4200,7500,8500,102,1.5,6000,0,0,0,0,0,61.9,30,57.8,57.77,60.1,0,0
2026-10-01T18:36:10.881000+09:00,2026-10-01T09:36:10.881000+00:00,094623,1914.4,1,0,0,0,0,13581,492,13581,0,0,0,0,4651,-28608,10326,518,4480,0,129,0,1,0,0,2,0,0,0,0,31082107,2018,0.23,896.33,2810.75,0,50.3,97.3,68.6,30.3,59.3,524.5,116.7,614.2,146.9,146.9,1015.1,371473,3880,12.82,93.8,1480,2.68,1.2,29,42.5,75,21.64,12360991,73369,81.51,3477.52,0,1200,400,720,240,4200,7500,8500,102,1.5,6000,0,0,0,0,0,70.46,30,61.52,77.52,60.1,0,0
2026-10-01T18:37:10.921000+09:00,2026-10-01T09:37:10.921000+00:00,094623,2312.7,1,0,0,0,0,13581,496,13581,0,0,0,0,4651,-28608,12374,6,4512,72,129,0,1,0,0,2,0,0,0,0,31082107,2018,0.2,1108.74,3421.43,0,50.7,98.2,67.9,30.3,59.7,532.8,96.2,623.8,159.9,160.5,1028.5,371473,3880,12.62,86.2,1500,2.67,1.14,32.3,43.9,75,30.63,12360995,73369,83.41,3477.52,0,1200,400,720,240,4200,7500,8500,102,1.5,6000,0,0,0,0,0,74.35,30,72.09,57.71,60.1,0,0
2026-10-01T18:38:11.008000+09:00,2026-10-01T09:38:11.008000+00:00,094623,2641.1,1,0,0,0,0,13581,494,13581,0,0,0,0,4655,-26560,10326,6,4480,0,129,0,1,0,0,0,0,0,0,0,31082107,2018,0.43,1363.87,4004.94,0,50.7,98.1,66.7,30.2,60.1,533.9,101.7,629.4,165.2,166,1046.6,371474,3881,12.74,89.8,1490,2.66,1.17,33.9,42.1,75,30.56,12361001,73369,67.93,3477.52,0,1200,400,720,240,4200,7500,8500,102,1.5,6000,0,0,0,0,0,69.69,30,68.76,65.1,60.1,0,0
2026-10-01T18:39:11.108000+09:00,2026-10-01T09:39:11.108000+00:00,094623,1992.8,1,0,0,0,0,13581,526,13581,0,0,0,0,4651,-28608,18518,6,4992,528,129,0,1,0,0,0,0,0,0,0,31082107,2018,0.34,957.37,2950.22,0,50.8,97.4,67.5,30.2,60.5,531.5,93.8,622.4,158.3,159.3,1019.4,371474,3881,12.35,91.5,1590,2.86,1.09,26.8,36.3,75,10.22,12361004,73369,78.77,3477.52,0,1200,400,720,240,4200,7500,8500,102,1.5,6000,0,0,0,0,0,63.73,30,62.22,65.11,60.1,0,0
2026-10-01T18:40:11.208000+09:00,2026-10-01T09:40:11.208000+00:00,094623,1772.8,1,0,0,0,0,13581,489,13581,0,0,0,0,4655,-26560,10326,6,4992,0,129,0,1,0,0,2,0,0,0,0,31082107,2018,0.23,898.77,2671.59,0,50.6,98.9,69.2,30.1,60.1,532.4,101.3,614.8,148.5,148.5,1028.9,371474,3881,12.8,90.3,1570,2.69,1.18,26.7,37.9,75,9.87,12361006,73369,67.89,3477.53,0,1200,400,720,240,4200,7500,8500,102,1.5,6000,0,0,0,0,0,64.08,30,60.4,59.07,60.1,0,0
2026-10-01T18:41:11.303000+09:00,2026-10-01T09:41:11.303000+00:00,094623,2244.3,1,0,0,0,0,13581,494,13581,0,0,0,0,4651,-26560,10326,6,4480,0,129,0,1,0,0,2,0,0,0,0,31082107,2018,0.29,1166.11,3410.44,0,50.5,97,68.7,30.2,59.6,522.5,99.8,618.3,150.7,150.9,1022.6,371474,3881,12.68,89.7,1490,2.68,1.18,30.9,41.2,75,24.56,12361009,73369,60.87,3477.53,0,1200,400,720,240,4200,7500,8500,102,1.5,6000,0,0,0,0,0,72.86,30,63.49,65.19,60,0,0
2026-10-01T18:42:11.401000+09:00,2026-10-01T09:42:11.401000+00:00,094623,1660.5,1,0,0,0,0,13581,502,13581,0,0,0,0,4651,-28608,12374,6,5024,72,129,0,1,0,0,2,0,0,0,0,31082107,2018,0.26,708.33,2368.85,0,50.7,99.9,67.5,30.1,60,534.5,89,624.6,161,161.7,1028.3,371474,3881,12.58,88.7,1510,2.77,1.1,24.4,36.7,75,16.67,12361013,73369,80.54,3477.53,0,1200,400,720,240,4200,7500,8500,102,1.5,6000,0,0,0,0,0,63.23,30,67.13,55.34,60,0,0
2026-10-01T18:43:11.498000+09:00,2026-10-01T09:43:11.498000+00:00,094623,1251.6,1,0,0,0,0,13581,498,13581,0,0,0,0,4651,-28608,10326,6,4992,0,129,0,1,0,0,2,0,0,0,0,31082107,2018,0.3,548.42,1799.98,0,50.4,96.6,68.2,30,59.8,533,100.9,614.2,148.8,148.8,1020.6,371474,3881,12.3,90,1500,2.77,1.13,22.6,37.9,75,11.4,12361015,73369,57.2,3477.53,0,1200,400,720,240,4200,7500,8500,102,1.5,6000,0,0,0,0,0,62.54,30,54.16,55.38,60.1,0,0
2026-10-01T18:44:11.595000+09:00,2026-10-01T09:44:11.595000+00:00,094623,1468.9,1,0,0,0,0,13581,494,13581,0,0,0,0,4651,-28608,18518,6,4480,16,129,0,1,0,0,2,0,0,0,0,31082107,2018,0.18,622.88,2091.74,0,50.1,97.9,68.3,30.1,59.3,529.6,94.2,610.6,144.3,144.2,1021.1,371475,3882,12.75,93.7,1490,2.71,1.17,25.5,42.2,75,16.35,12361017,73369,68.89,3477.53,0,1200,400,720,240,4200,7500,8500,102,1.5,6000,0,0,0,0,0,66.8,30,61.24,73.09,60.1,0,0
2026-10-01T18:45:11.703000+09:00,2026-10-01T09:45:11.703000+00:00,094623,2483.6,1,0,0,0,0,13581,496,13581,0,0,0,0,4655,-28608,10326,6,4480,0,129,0,1,0,0,2,0,0,0,0,31082107,2018,0.25,1174.66,3658.25,0,50.5,99.8,67.7,29.9,59.2,529.4,89.8,619.5,156.3,156.7,1049.9,371475,3882,12.74,87.3,1510,2.7,1.15,33.1,43.1,75,30.66,12361022,73369,83.11,3477.53,0,1200,400,720,240,4200,7500,8500,102,1.5,6000,0,0,0,0,0,73.73,30,76.07,62.67,60,0,0
2026-10-01T18:46:11.795000+09:00,2026-10-01T09:46:11.795000+00:00,094623,1899.8,1,0,0,0,0,13581,502,13581,0,0,0,0,4651,-28608,10326,6,4992,0,129,0,1,0,0,2,0,0,0,0,31082107,2018,0.3,840.17,2739.95,0,50.5,96,67,29.9,59.9,535.1,83.6,621.7,161.7,162.3,1051.2,371475,3882,12.85,87.3,1510,2.75,1.11,25.9,37,75,19.25,12361026,73369,73.95,3477.53,0,1200,400,720,240,4200,7500,8500,102,1.5,6000,0,0,0,0,0,63.02,30,56.67,50.18,60,0,0
2026-10-01T18:47:11.895000+09:00,2026-10-01T09:47:11.895000+00:00,094623,1290.6,1,0,0,0,0,13581,505,13581,0,0,0,0,4655,-28608,12438,590,21408,8200,129,0,1,0,0,0,0,0,0,0,31082107,2018,0.44,559.4,1850.03,0,50.1,99.3,68.1,29.9,59.8,529.8,93.8,614,151.1,151.1,1039.2,371475,3882,12.4,90.9,1500,2.79,1.02,21.3,33.6,75,12.49,12361029,73369,55.58,3477.53,0,1200,400,720,240,4200,7500,8500,102,1.5,6000,0,0,0,0,0,61.16,30,62.37,56.1,60,0,0
2026-10-01T18:48:11.980000+09:00,2026-10-01T09:48:11.980000+00:00,094623,1455.4,1,0,0,0,0,13581,494,13581,0,0,0,0,4655,-28608,10326,518,4480,0,129,0,1,0,0,2,0,0,0,0,31082107,2018,0.22,654.62,2110.05,0,50,97.1,68.7,30,59.4,529.3,90.7,612.8,146.8,146.8,1028.7,371475,3882,12.28,94.5,1490,2.74,1.17,24.8,39.8,75,13.54,12361031,73369,76.21,3477.53,0,1200,400,720,240,4200,7500,8500,102,1.5,6000,0,0,0,0,0,65.54,30,56.64,73.65,60,0,0
2026-10-01T18:49:12.072000+09:00,2026-10-01T09:49:12.072000+00:00,094623,2666.7,1,0,0,0,0,13581,497,13581,0,0,0,0,4655,-28608,10390,518,21376,0,129,0,1,0,0,2,0,0,0,0,31082107,2018,0.23,1206.4,3873.1,0,50.3,99.7,68.1,29.9,59.4,525.5,90.9,621.7,158.5,158.9,1061.2,371475,3882,12.84,87.5,1500,2.69,1.14,33.5,41.6,75,30.46,12361035,73369,80.7,3477.54,0,1200,400,720,240,4200,7500,8500,102,1.5,6000,0,0,0,0,0,74.49,30,75.56,62.85,60,0,0
2026-10-01T18:50:12.231000+09:00,2026-10-01T09:50:12.231000+00:00,094623,1195.4,1,0,0,0,0,13581,495,13581,0,0,0,0,4651,-28608,10326,6,4992,0,129,0,1,0,0,2,0,0,0,0,31082107,2018,0.28,473.95,1669.36,0,50.3,96.8,67.6,29.9,59.7,533.4,87.7,617.3,150.7,151,1053.6,371476,3883,12.74,88.5,1480,2.76,1.05,20.9,35.6,75,11.61,12361038,73369,56.23,3477.54,0,1200,400,720,240,4200,7500,8500,102,1.5,6000,0,0,0,0,0,60.51,30,54.16,49.25,60,0,0
2026-10-01T18:51:12.253000+09:00,2026-10-01T09:51:12.253000+00:00,094623,1246.7,1,0,0,0,0,13581,502,13581,0,0,0,0,4651,-28608,10342,6,13188,0,129,0,1,0,0,0,0,0,0,0,31082107,2018,0.44,519.12,1765.8,0,50,97.2,68.1,30,59.2,529.9,91.6,614.5,145.2,145.2,1029.7,371476,3883,12.75,91.4,1500,2.79,1.03,21.2,34.2,75,11.62,12361040,73369,57.3,3477.54,0,1200,400,720,240,4200,7500,8500,102,1.5,6000,0,0,0,0,0,62.01,30,56.37,57.27,60,0,0
2026-10-01T18:52:12.337000+09:00,2026-10-01T09:52:12.337000+00:00,094623,2191.8,1,0,0,0,0,13581,492,13581,0,0,0,0,4651,-28608,12374,6,4480,0,129,0,1,0,0,2,0,0,0,0,31082107,2018,0.27,1050.14,3241.98,0,50,97,68.4,30,58.8,525.9,88,616.6,146.6,146.8,1032.7,371476,3883,12.63,91.9,1490,2.69,1.18,31.5,43.9,75,26.88,12361043,73369,89.17,3477.54,0,1200,400,720,240,4200,7500,8500,102,1.5,6000,0,0,0,0,0,73.2,30,63.26,75.19,60,0,0
2026-10-01T18:53:12.442000+09:00,2026-10-01T09:53:12.442000+00:00,094623,2008.7,1,0,0,0,0,13581,500,13581,0,0,0,0,4651,-28608,10326,6,4992,0,129,0,1,0,0,2,0,0,0,0,31082107,2018,0.21,967.13,2975.86,0,50.3,97.2,67.5,29.9,59.4,532.9,94.4,622.5,159,159.9,1039.4,371476,3883,12.86,86.4,1510,2.76,1.12,27.1,37.9,75,21.19,12361048,73369,81.46,3477.54,0,1200,400,720,240,4200,7500,8500,102,1.5,6000,0,0,0,0,0,66.14,30,62.21,50.45,60,0,0
2026-10-01T18:54:12.537000+09:00,2026-10-01T09:54:12.537000+00:00,094623,1760.6,1,0,0,0,0,13581,523,13581,0,0,0,0,4651,-28608,10326,6,4992,0,129,0,1,0,0,0,0,0,0,0,31082107,2018,0.4,906.09,2666.71,0,50,100,67.8,29.9,59.5,528,112.4,618,149.4,149.9,1031.7,371476,3883,12.9,89.3,1580,2.89,1.1,26,36.2,75,9.81,12361050,73369,46.17,3477.54,0,1200,400,720,240,4200,7500,8500,102,1.5,6000,0,0,0,0,0,65.08,30,68.14,54.62,59.9,0,0
2026-10-01T18:55:12.631000+09:00,2026-10-01T09:55:12.631000+00:00,094623,1304.1,1,0,0,0,0,13581,493,13581,0,0,0,0,4651,-26560,10326,6,4480,0,129,0,1,0,0,0,0,0,0,0,31082107,2018,0.27,593.58,1897.64,0,49.9,96.3,68.5,29.9,59.1,531.6,107.4,614.3,144.7,144.8,1038.9,371476,3883,12.75,95.4,1480,2.75,1.16,23.3,38.9,75,11.9,12361052,73369,69.34,3477.54,0,1200,400,720,240,4200,7500,8500,102,1.5,6000,0,0,0,0,0,63.76,30,52.62,72.91,60,0,0
2026-10-01T18:56:12.740000+09:00,2026-10-01T09:56:12.740000+00:00,094623,2569.1,1,0,0,0,0,13581,500,13581,0,0,0,0,4651,-28608,10326,6,4992,0,129,0,1,0,0,2,0,0,0,0,31082107,2018,0.24,1343.12,3912.17,0,50.3,101.2,68.2,30,59.1,523.1,100.1,623.4,158.1,158.9,1055.9,371477,3884,12.29,87.5,1520,2.74,1.14,32.7,40.7,75,30.38,12361056,73369,86.46,3477.54,0,1200,400,720,240,4200,7500,8500,102,1.5,6000,0,0,0,0,0,74.37,30,78.73,62.69,60,0,0
2026-10-01T18:57:12.836000+09:00,2026-10-01T09:57:12.836000+00:00,094623,1269.9,1,0,0,0,0,13581,493,13581,0,0,0,0,4651,-28608,18518,6,4992,528,129,0,1,0,0,2,0,0,0,0,31082107,2018,0.25,520.34,1790.22,0,50,96.4,67.6,29.9,59.4,533.6,98.3,618,150.5,150.9,1029.4,371477,3884,12.71,87.4,1490,2.78,1.11,22.1,37.2,75,10.96,12361059,73369,57.66,3477.55,0,1200,400,720,240,4200,7500,8500,102,1.5,6000,0,0,0,0,0,60.72,30,52.99,46.2,59.9,0,0
2026-10-01T18:58:12.905000+09:00,2026-10-01T09:58:12.905000+00:00,094623,1219.8,1,0,0,0,0,13581,495,13581,0,0,0,0,4651,-28608,10326,6,4992,0,129,0,1,0,0,0,0,0,0,0,31082107,2018,0.45,517.9,1737.72,0,49.7,96.9,68,29.9,58.8,533,97.6,615.1,143.5,143.6,1012.3,371477,3884,12.81,92.4,1490,2.77,1.11,22.2,37.7,75,11.19,12361061,73369,55.51,3477.55,0,1200,400,720,240,4200,7500,8500,102,1.5,6000,0,0,0,0,0,61.74,30,54.71,60.01,59.9,0,0
2026-10-01T18:59:13.003000+09:00,2026-10-01T09:59:13.003000+00:00,094623,2487.3,1,0,0,0,0,13581,493,13581,0,0,0,0,4651,-28608,10326,6,4480,0,129,0,1,0,0,2,0,0,0,0,31082107,2018,0.2,1406.6,3893.86,0,50,98.8,68.4,29.9,58.5,521.5,127.2,620.3,149.6,149.8,1041.2,371477,3884,12.76,90,1490,2.7,1.18,33,41.2,75,27.92,12361064,73369,92.04,3477.55,0,1200,400,720,240,4200,7500,8500,102,1.5,6000,0,0,0,0,0,73.74,30,69.12,70.1,59.9,0,0
2026-10-01T19:00:13.096000+09:00,2026-10-01T10:00:13.096000+00:00,094623,1466.4,1,0,0,0,0,13581,500,13581,0,0,0,0,4651,-28608,10326,6,4992,8,129,0,1,0,0,2,0,0,0,0,31082107,2018,0.2,583.82,2050.23,0,50.2,96.9,67.6,29.8,59.2,533.9,111.1,621.6,154.1,154.8,1041.9,371477,3884,12.7,86.6,1510,2.79,1.12,23.3,37.6,75,14.2,12361068,73369,77.89,3477.55,0,1200,400,720,240,4200,7500,8500,102,1.5,6000,0,0,0,0,0,62.21,30,56.94,46.5,59.9,0,0
2026-10-01T19:01:13.198000+09:00,2026-10-01T10:01:13.198000+00:00,094623,1457.9,1,0,0,0,0,13581,520,13581,0,0,0,0,4655,-28608,10326,6,4992,0,129,0,1,0,0,0,0,0,0,0,31082107,2018,0.44,751.06,2208.93,0,49.7,98,68,29.7,58.8,527.3,106.8,615.8,144,144,1033.6,371477,3884,12.75,89.8,1560,2.91,1.04,23.1,34.2,75,17.21,12361070,73369,44.59,3477.55,0,1200,400,720,240,4200,7500,8500,102,1.5,6000,0,0,0,0,0,63.8,30,59.41,53.71,60,0,0
2026-10-01T19:02:13.302000+09:00,2026-10-01T10:02:13.302000+00:00,094623,1789.9,1,0,0,0,0,13581,493,13581,0,0,0,0,4651,-26560,18518,6,4480,528,129,0,1,0,0,2,0,0,0,0,31082107,2018,0.1,842.62,2632.53,0,49.6,97.2,68.1,29.7,58.5,524.3,107.5,617.8,144.3,144.5,1027.9,371478,3885,12.87,96.9,1490,2.72,1.19,27.7,41.4,75,19.18,12361072,73369,78.34,3477.55,0,1200,400,720,240,4200,7500,8500,102,1.5,6000,0,0,0,0,0,67.33,30,60.01,83.54,59.9,0,0
2026-10-01T19:03:13.391000+09:00,2026-10-01T10:03:13.391000+00:00,094623,2580.0,1,0,0,0,0,13581,494,13581,0,0,0,0,4651,-28608,10326,6,4480,0,129,0,1,0,0,2,0,0,0,0,31082107,2018,0.18,1343.12,3923.15,0,50,99.4,66.7,29.7,58.9,528.3,96.9,626,158.4,159.3,1060.6,371478,3885,12.39,87,1500,2.71,1.16,33.8,41.9,75,30.77,12361077,73369,83.08,3477.55,0,1200,400,720,240,4200,7500,8500,102,1.5,6000,0,0,0,0,0,69.84,30,75.51,59.92,59.8,0,0
2026-10-01T19:04:13.492000+09:00,2026-10-01T10:04:13.492000+00:00,094623,1916.0,1,0,0,0,0,13581,525,13581,0,0,0,0,4651,-28608,10326,6,4992,0,129,0,1,0,0,2,0,0,0,0,31082107,2018,0.29,1014.74,2930.69,0,49.8,98.2,67.9,29.7,59.4,527.8,96.9,620.3,154.5,155.2,1038.7,371478,3885,12.48,89.1,1590,2.91,1.09,26.2,35.4,75,10.31,12361081,73369,59.93,3477.55,0,1200,400,720,240,4200,7500,8500,102,1.5,6000,0,0,0,0,0,64.98,30,62.41,56.14,59.8,0,0
2026-10-01T19:05:13.602000+09:00,2026-10-01T10:05:13.602000+00:00,094623,1741.1,1,0,0,0,0,13581,506,13581,0,0,0,0,4655,-28608,12374,6,5024,72,129,0,1,0,0,2,0,0,0,0,31082107,2018,0.3,943.94,2685.02,0,49.8,96.3,69.1,29.7,59,530.7,98.7,618.2,145.2,145.4,1033.9,371478,3885,12.79,93.5,1570,2.75,1.16,26.4,36.9,75,11.28,12361083,73369,65.62,3477.55,0,1200,400,720,240,4200,7500,8500,102,1.5,6000,0,0,0,0,0,64.83,30,52.65,66.64,59.8,0,0
2026-10-01T19:06:13.686000+09:00,2026-10-01T10:06:13.686000+00:00,094623,1872.9,1,0,0,0,0,13581,492,13581,0,0,0,0,4655,-26560,10390,590,20864,8192,129,0,1,0,0,2,0,0,0,0,31082107,2018,0.25,923.18,2796.11,0,50,99.4,68.7,29.7,58.7,525.2,95.9,619.9,145.1,145.2,1022.2,371478,3885,12.3,89.1,1490,2.7,1.21,29.9,44.7,75,24.18,12361085,73369,74.86,3477.56,0,1200,400,720,240,4200,7500,8500,102,1.5,6000,0,0,0,0,0,73.44,30,69.15,65.28,59.8,0,0
2026-10-01T19:07:13.792000+09:00,2026-10-01T10:07:13.792000+00:00,094623,2326.1,1,0,0,0,0,13581,496,13581,0,0,0,0,4651,-28608,18518,6,4480,528,129,0,1,0,0,2,0,0,0,0,31082107,2018,0.26,1293.07,3619.19,0,50,97.1,66.9,29.6,58.9,533.9,91.2,624,156.2,156.9,1034.2,371478,3885,12.82,86.7,1500,2.73,1.15,32.6,43.2,75,30.83,12361090,73369,76.97,3477.56,0,1200,400,720,240,4200,7500,8500,102,1.5,6000,0,0,0,0,0,71.06,30,67.72,57.71,59.9,0,0
2026-10-01T19:08:13.878000+09:00,2026-10-01T10:08:13.878000+00:00,094623,2270.0,1,0,0,0,0,13581,503,13581,0,0,0,0,4655,-28608,10390,6,21376,0,129,0,1,0,0,0,0,0,0,0,31082107,2018,0.4,1123.39,3393.35,0,50.2,97.6,66.2,29.6,59.5,534.6,87.3,627.6,162.6,163.4,1028.6,371479,3886,12.77,89.4,1520,2.76,1.1,28.4,37.1,75,24.16,12361095,73369,71.47,3477.56,0,1200,400,720,240,4200,7500,8500,102,1.5,6000,0,0,0,0,0,62.05,30,62.81,58.29,59.9,0,0
2026-10-01T19:09:13.993000+09:00,2026-10-01T10:09:13.993000+00:00,094623,1225.9,1,0,0,0,0,13581,493,13581,0,0,0,0,4651,-28608,10326,6,4992,0,129,0,1,0,0,0,0,0,0,0,31082107,2018,0.42,559.4,1785.33,0,49.9,98,68.4,29.6,59.6,535.7,92.4,617.8,150,150,1020.1,371479,3886,12.71,91.5,1490,2.76,1.1,22.1,36.8,75,11.29,12361098,73369,63.91,3477.56,0,1200,400,720,240,4200,7500,8500,102,1.5,6000,0,0,0,0,0,59.8,30,56.57,57.88,59.8,0,0
2026-10-01T19:10:14.126000+09:00,2026-10-01T10:10:14.126000+00:00,094623,1199.1,1,0,0,0,0,13581,491,13581,0,0,0,0,4655,-28608,12390,6,13220,72,129,0,1,0,0,2,0,0,0,0,31082107,2018,0.25,586.26,1785.33,0,49.9,98.7,69.3,29.5,59.1,531.7,97.8,613.1,144.5,144.5,1016.3,371479,3886,12.32,91.7,1480,2.74,1.09,22.1,36.2,75,11.42,12361100,73369,73.93,3477.56,0,1200,400,720,240,4200,7500,8500,102,1.5,6000,0,0,0,0,0,64.02,30,58.7,62.84,59.8,0,0
2026-10-01T19:11:14.212000+09:00,2026-10-01T10:11:14.212000+00:00,094623,2528.8,1,0,0,0,0,13581,497,13581,0,0,0,0,4651,-28608,10326,6,4480,0,129,0,1,0,0,2,0,0,0,0,31082107,2018,0.28,1335.79,3864.56,0,49.9,98.4,68.3,29.5,58.8,524.3,106,621.3,153.3,153.7,1029.7,371479,3886,12.59,88.3,1500,2.71,1.16,33.3,41.6,75,30.12,12361103,73369,69.25,3477.56,0,1200,400,720,240,4200,7500,8500,102,1.5,6000,0,0,0,0,0,74.18,30,70.69,63.56,59.8,0,0
2026-10-01T19:12:14.294000+09:00,2026-10-01T10:12:14.294000+00:00,094623,2573.6,1,0,0,0,0,13581,496,13581,0,0,0,0,4651,-28608,18518,6,4992,528,129,0,1,0,0,2,0,0,0,0,31082107,2018,0.33,1505.78,4079.41,0,50,98.4,67.3,29.4,59.5,532.7,93.6,627,160,160.7,1037.8,371479,3886,12.84,89,1500,2.7,1.16,33.4,41.2,75,30.91,12361108,73369,78.57,3477.56,0,1200,400,720,240,4200,7500,8500,102,1.5,6000,0,0,0,0,0,70.75,30,71.38,63.4,59.7,0,0
2026-10-01T19:13:14.388000+09:00,2026-10-01T10:13:14.388000+00:00,094623,1262.6,1,0,0,0,0,13581,492,13581,0,0,0,0,4655,-26560,10326,6,4992,0,129,0,1,0,0,2,0,0,0,0,31082107,2018,0.32,519.12,1781.67,0,50,97.6,67.8,29.4,59.7,535.1,91.1,620.5,151.1,151.3,1026.9,371479,3886,12.57,90,1480,2.75,1.06,21.6,35.4,75,10.8,12361112,73369,67.43,3477.56,0,1200,400,720,240,4200,7500,8500,102,1.5,6000,0,0,0,0,0,59.27,30,57.14,53.67,59.8,0,0
2026-10-01T19:14:14.483000+09:00,2026-10-01T10:14:14.483000+00:00,094623,1130.7,1,0,0,0,0,13581,493,13581,0,0,0,0,4655,-28608,10326,6,4992,0,129,0,1,0,0,2,0,0,0,0,31082107,2018,0.29,537.43,1668.14,0,49.7,97,68.9,29.3,59.2,533.3,90.8,614.5,142.4,142.2,1004.9,371480,3887,12.79,94.1,1480,2.76,1.06,21.4,36.3,75,11.54,12361114,73369,64.05,3477.56,0,1200,400,720,240,4200,7500,8500,102,1.5,6000,0,0,0,0,0,63.2,30,54.55,68.96,59.8,0,0
2026-10-01T19:15:14.566000+09:00,2026-10-01T10:15:14.566000+00:00,094623,2235.8,1,0,0,0,0,13581,493,13581,0,0,0,0,4655,-28608,12374,6,4512,72,129,0,1,0,0,2,0,0,0,0,31082107,2018,0.26,1199.07,3434.86,0,49.8,99.8,68.6,29.3,58.7,524.9,89.6,617.9,144.6,144.6,1036.1,371480,3887,12.87,88.4,1490,2.68,1.19,31.9,42.8,75,27.31,12361117,73369,71.29,3477.57,0,1200,400,720,240,4200,7500,8500,102,1.5,6000,0,0,0,0,0,73.75,30,72.85,63.73,59.7,0,0
2026-10-01T19:16:14.659000+09:00,2026-10-01T10:16:14.659000+00:00,094623,1604.3,1,0,0,0,0,13581,501,13581,0,0,0,0,4655,-28608,10326,6,4992,0,129,0,1,0,0,2,0,0,0,0,31082107,2018,0.29,744.96,2349.31,0,49.9,97,67.4,29.3,59.3,536.9,89.4,620.7,153.8,154.1,1031.5,371480,3887,12.85,87.4,1510,2.79,1.1,24.6,37.7,75,17.32,12361121,73369,75.18,3477.57,0,1200,400,720,240,4200,7500,8500,102,1.5,6000,0,0,0,0,0,63.13,30,58.68,50.17,59.7,0,0
2026-10-01T19:17:14.745000+09:00,2026-10-01T10:17:14.745000+00:00,094623,1213.7,1,0,0,0,0,13581,494,13581,0,0,0,0,4655,-28608,18518,582,4992,528,129,0,1,0,0,0,0,0,0,0,31082107,2018,0.41,598.47,1812.19,0,49.5,99.6,68.1,29.4,59,533.8,93.8,612.4,142.6,142.3,1035.5,371480,3887,12.68,89.6,1490,2.75,1.12,22.4,37.4,75,11.2,12361123,73369,48.96,3477.57,0,1200,400,720,240,4200,7500,8500,102,1.5,6000,0,0,0,0,0,61.36,30,62.9,51.39,59.7,0,0
2026-10-01T19:18:14.829000+09:00,2026-10-01T10:18:14.829000+00:00,094623,1509.1,1,0,0,0,0,13581,493,13581,0,0,0,0,4655,-28608,10326,6,4480,0,129,0,1,0,0,0,0,0,0,0,31082107,2018,0.34,731.53,2240.67,0,49.2,96.6,68.3,29.4,58.6,527.4,106.6,612.8,141.5,141.4,1014.4,371480,3887,12.68,94.5,1490,2.72,1.19,25.9,40.7,75,15.42,12361125,73369,63.62,3477.57,0,1200,400,720,240,4200,7500,8500,102,1.5,6000,0,0,0,0,0,65.28,30,55.72,72.19,59.6,0,0
2026-10-01T19:19:14.929000+09:00,2026-10-01T10:19:14.929000+00:00,094623,2432.3,1,0,0,0,0,13581,494,13581,0,0,0,0,4651,-28608,10326,6,4480,0,129,0,1,0,0,2,0,0,0,0,31082107,2018,0.24,1283.3,3715.63,0,49.8,101.9,68.2,29.4,58.7,527.7,93.7,622,152.9,153.3,1039.5,371480,3887,12.88,86.5,1490,2.7,1.15,33.2,42.5,75,30.85,12361130,73369,87.92,3477.57,0,1200,400,720,240,4200,7500,8500,102,1.5,6000,0,0,0,0,0,74.52,30,81.51,59.94,59.7,0,0
2026-10-01T19:20:15.009000+09:00,2026-10-01T10:20:15.009000+00:00,094623,1676.4,1,0,0,0,0,13581,502,13581,0,0,0,0,4651,-28608,12374,6,5024,72,129,0,1,0,0,2,0,0,0,0,31082107,2018,0.31,704.67,2381.05,0,49.8,95.8,67.2,29.4,59.5,536.4,88.9,624.7,153.9,154.2,1041.8,371481,3888,12.87,87.6,1510,2.79,1.1,24.8,37.4,75,16.76,12361134,73369,62.25,3477.57,0,1200,400,720,240,4200,7500,8500,102,1.5,6000,0,0,0,0,0,62.41,30,53.47,49.16,59.7,0,0
2026-10-01T19:21:15.120000+09:00,2026-10-01T10:21:15.120000+00:00,094623,1177.1,1,0,0,0,0,13581,493,13581,0,0,0,0,4651,-28608,10326,6,4992,0,129,0,1,0,0,0,0,0,0,0,31082107,2018,0.48,525.22,1702.32,0,49.4,97.6,68.1,29.4,59.1,535.3,89.8,618.1,141.7,141.4,1017.8,371481,3888,12.69,92,1490,2.75,1.11,22.1,37.9,75,11.3,12361136,73369,54.98,3477.57,0,1200,400,720,240,4200,7500,8500,102,1.5,6000,0,0,0,0,0,61.24,30,57.32,57.82,59.6,0,0
2026-10-01T19:22:15.212000+09:00,2026-10-01T10:22:15.212000+00:00,094623,1514.0,1,0,0,0,0,13581,494,13581,0,0,0,0,4655,-26560,10326,6,4480,0,129,0,1,0,0,2,0,0,0,0,31082107,2018,0.18,779.14,2293.16,0,49.5,98.5,68.6,29.4,58.6,528,91.5,617.4,139.4,139.3,1011.2,371481,3888,12.55,94.4,1490,2.75,1.2,25.9,40.5,75,15.51,12361138,73369,80.69,3477.57,0,1200,400,720,240,4200,7500,8500,102,1.5,6000,0,0,0,0,0,66.12,30,60.82,74.89,59.6,0,0
2026-10-01T19:23:15.298000+09:00,2026-10-01T10:23:15.298000+00:00,094623,2488.5,1,0,0,0,0,13581,494,13581,0,0,0,0,4655,-26560,10326,6,4480,0,129,0,1,0,0,2,0,0,0,0,31082107,2018,0.24,1372.42,3860.9,0,49.7,98.9,68,29.3,58.8,526.3,88.1,624.2,151.8,151.9,1029,371481,3888,12.34,86.9,1500,2.7,1.15,33.3,41.6,75,31.01,12361143,73369,80.24,3477.58,0,1200,400,720,240,4200,7500,8500,102,1.5,6000,0,0,0,0,0,74.15,30,73.27,60.5,59.6,0,0
2026-10-01T19:24:15.399000+09:00,2026-10-01T10:24:15.399000+00:00,094623,1532.3,1,0,0,0,0,13581,501,13581,0,0,0,0,4651,-28608,10326,6,4992,0,129,0,1,0,0,2,0,0,0,0,31082107,2018,0.36,652.18,2184.51,0,49.7,97.1,67,29.2,59.4,537,83.5,625.4,152.7,153,1037.1,371481,3888,12.73,88.3,1510,2.79,1.1,23.9,37.2,75,15.75,12361147,73369,62.11,3477.58,0,1200,400,720,240,4200,7500,8500,102,1.5,6000,0,0,0,0,0,60.35,30,56.31,49.95,59.5,0,0
2026-10-01T19:25:15.494000+09:00,2026-10-01T10:25:15.494000+00:00,094623,1518.9,1,0,0,0,0,13581,446,13581,0,0,0,0,4655,-28608,12438,590,21408,8200,129,0,1,0,0,0,0,0,0,0,31082107,2018,0.48,690.02,2208.93,0,49.5,98.1,68.3,29.3,59,536,95.1,617.3,140.7,140.7,1015.4,371481,3888,12.69,91.2,1290,2.48,1.96,27,41.1,75,11.16,12361149,73369,56.18,3477.58,0,1200,400,720,240,4200,7500,8500,102,1.5,6000,0,0,0,0,0,60.71,30,57.38,54.92,59.6,0,0
2026-10-01T19:26:15.579000+09:00,2026-10-01T10:26:15.579000+00:00,094623,1533.6,1,0,0,0,0,13581,494,13581,0,0,0,0,4651,-28608,10326,6,4480,0,129,0,1,0,0,2,0,0,0,0,31082107,2018,0.22,708.33,2241.89,0,49.3,98.2,68.5,29.4,58.5,528.1,90.4,614.5,137.9,137.6,1022.3,371482,3889,12.86,95.4,1490,2.74,1.18,26.4,42.4,75,17.98,12361151,73369,80.22,3477.58,0,1200,400,720,240,4200,7500,8500,102,1.5,6000,0,0,0,0,0,66.98,30,61.65,78.66,59.6,0,0
2026-10-01T19:27:15.681000+09:00,2026-10-01T10:27:15.681000+00:00,094623,2552.0,1,0,0,0,0,13581,497,13581,0,0,0,0,4655,-28608,10342,6,12676,0,129,0,1,0,0,2,0,0,0,0,31082107,2018,0.23,1282.08,3834.04,0,49.6,99.5,67.8,29.3,58.7,527.7,85,624.6,148.4,148.5,1033.4,371482,3889,12.87,86.5,1510,2.72,1.16,33.6,42.3,75,30.92,12361156,73369,80.35,3477.58,0,1200,400,720,240,4200,7500,8500,102,1.5,6000,0,0,0,0,0,73.48,30,75.26,59.19,59.5,0,0
2026-10-01T19:28:15.773000+09:00,2026-10-01T10:28:15.773000+00:00,094623,1496.9,1,0,0,0,0,13581,499,13581,0,0,0,0,4651,-28608,10326,6,4992,0,129,0,1,0,0,2,0,0,0,0,31082107,2018,0.35,614.34,2111.27,0,49.6,97.1,67.2,29.3,59.3,531.6,84,625.1,148.9,148.9,1036.5,371482,3889,12.81,88.8,1500,2.8,1.12,23.3,36.3,75,13.05,12361160,73369,63.29,3477.58,0,1200,400,720,240,4200,7500,8500,102,1.5,6000,0,0,0,0,0,59.53,30,55.33,49.95,59.5,0,0
2026-10-01T19:29:15.863000+09:00,2026-10-01T10:29:15.863000+00:00,094623,1182.0,1,0,0,0,0,13581,492,13581,0,0,0,0,4655,-28608,10326,518,4992,0,129,0,1,0,0,0,0,0,0,0,31082107,2018,0.52,533.77,1715.75,0,49.3,97.3,68.4,29.3,59,531.4,102.8,615.1,140.6,140.4,1015.5,371482,3889,12.73,92,1480,2.75,1.07,21.9,36.7,75,11,12361162,73369,57.71,3477.58,0,1200,400,720,240,4200,7500,8500,102,1.5,6000,0,0,0,0,0,62.05,30,56.06,57.83,59.4,0,0
2026-10-01T19:30:15.966000+09:00,2026-10-01T10:30:15.966000+00:00,094623,1650.7,1,0,0,0,0,13581,494,13581,0,0,0,0,4651,-28608,18518,6,4480,528,129,0,1,0,0,2,0,0,0,0,31082107,2018,0.23,759.61,2410.35,0,49.3,97.6,68.7,29.3,58.5,527.5,92.1,610.4,137.8,137.6,1011.2,371482,3889,12.84,93.9,1490,2.73,1.19,28.2,45,75,21.61,12361164,73369,84.02,3477.58,0,1200,400,720,240,4200,7500,8500,102,1.5,6000,0,0,0,0,0,70.59,30,62.45,77.32,59.4,0,0
2026-10-01T19:31:16.067000+09:00,2026-10-01T10:31:16.067000+00:00,094623,2627.3,1,0,0,0,0,13581,495,13581,0,0,0,0,4651,-28608,10326,590,4480,8192,129,0,1,0,0,2,0,0,0,0,31082107,2018,0.2,1471.6,4098.94,0,49.6,98.9,67.5,29.3,58.7,526,91.8,623.8,151.8,152.2,1021,371482,3889,12.74,85.5,1500,2.72,1.17,34.5,41.6,75,30.4,12361169,73369,81.1,3477.58,0,1200,400,720,240,4200,7500,8500,102,1.5,6000,0,0,0,0,0,72.66,30,73.67,55.15,59.5,0,0
2026-10-01T19:32:16.145000+09:00,2026-10-01T10:32:16.145000+00:00,094623,1808.2,1,0,0,0,0,13581,526,13581,0,0,0,0,4651,-28608,10326,6,4992,0,129,0,1,0,0,2,0,0,0,0,31082107,2018,0.37,902.43,2710.65,0,49.5,98.3,67.3,29.2,59.2,528.3,85.8,618.6,147.7,147.9,1031.2,371483,3890,12.67,88.1,1590,2.91,1.08,26.1,36.6,75,19.12,12361173,73369,55.51,3477.59,0,1200,400,720,240,4200,7500,8500,102,1.5,6000,0,0,0,0,0,64.18,30,63.38,51.96,59.5,0,0
2026-10-01T19:33:16.245000+09:00,2026-10-01T10:33:16.245000+00:00,094623,1725.2,1,0,0,0,0,13581,518,13581,0,0,0,0,4651,-28608,10326,6,4992,0,129,0,1,0,0,0,0,0,0,0,31082107,2018,0.45,965.91,2691.12,0,49.2,96.2,68.4,29.2,58.8,529.6,84.7,611.7,140.1,140.1,1022.5,371483,3890,12.7,93.7,1580,2.84,1.13,26.6,37.6,75,9.88,12361175,73369,58.69,3477.59,0,1200,400,720,240,4200,7500,8500,102,1.5,6000,0,0,0,0,0,64.76,30,55.56,66.4,59.4,0,0
2026-10-01T19:34:16.332000+09:00,2026-10-01T10:34:16.332000+00:00,094623,2217.5,1,0,0,0,0,13581,492,13581,0,0,0,0,4651,-28608,10326,6,4480,0,129,0,1,0,0,2,0,0,0,0,31082107,2018,0.26,1118.5,3335.98,0,49.4,98.7,68.7,29.2,58.5,519.3,91,616.5,143.5,143.6,1049.3,371483,3890,12.71,90.3,1490,2.72,1.18,31.2,41.8,75,25.1,12361177,73369,86.06,3477.59,0,1200,400,720,240,4200,7500,8500,102,1.5,6000,0,0,0,0,0,72.22,30,66.78,68.61,59.4,0,0
2026-10-01T19:35:16.528000+09:00,2026-10-01T10:35:16.528000+00:00,094623,1684.9,1,0,0,0,0,13581,500,13581,0,0,0,0,4651,-28608,18518,6,4992,528,129,0,1,0,0,2,0,0,0,0,31082107,2018,0.23,858.49,2543.41,0,49.5,96.6,67.7,29.1,59.1,529,86.4,627.1,154.1,154.6,1063.7,371483,3890,12.8,85.9,1510,2.8,1.1,24.9,36.2,75,16.85,12361182,73369,82.45,3477.59,0,1200,400,720,240,4200,7500,8500,102,1.5,6000,0,0,0,0,0,63.79,30,57.3,45.72,59.4,0,0
2026-10-01T19:36:16.622000+09:00,2026-10-01T10:36:16.622000+00:00,094623,1224.7,1,0,0,0,0,13581,497,13581,0,0,0,0,4651,-28608,10326,6,4992,0,129,0,1,0,0,0,0,0,0,0,31082107,2018,0.42,561.85,1786.55,0,49.2,99.2,68.1,29.2,59,530.6,88.3,615.9,143,142.9,1045.3,371483,3890,12.12,89.1,1500,2.8,1.12,22.6,37.7,75,11.49,12361184,73369,46.06,3477.59,0,1200,400,720,240,4200,7500,8500,102,1.5,6000,0,0,0,0,0,62.09,30,61.82,48.95,59.4,0,0
2026-10-01T19:37:16.710000+09:00,2026-10-01T10:37:16.710000+00:00,094623,1444.4,1,0,0,0,0,13581,494,13581,0,0,0,0,4651,-28608,10326,6,4480,0,129,0,1,0,0,0,0,0,0,0,31082107,2018,0.3,666.83,2111.27,0,49.1,97.1,68.2,29.2,58.5,527.1,90,614.1,139.1,139.1,1035.1,371483,3890,12.67,95.7,1490,2.73,1.18,25.9,42.2,75,16.46,12361186,73369,65.99,3477.59,0,1200,400,720,240,4200,7500,8500,102,1.5,6000,0,0,0,0,0,66.04,30,57.3,75.74,59.4,0,0
2026-10-01T19:38:16.797000+09:00,2026-10-01T10:38:16.797000+00:00,094623,2723.8,1,0,0,0,0,13581,497,13581,0,0,0,0,4655,-28608,12374,590,4512,8264,129,0,1,0,0,2,0,0,0,0,31082107,2018,0.22,1487.47,4211.25,0,49.6,100.9,68,29.2,58.6,520.6,118.7,625.9,153.4,153.9,1073.5,371484,3891,12.68,86.9,1510,2.73,1.16,34.9,40.9,75,30.61,12361191,73369,84.8,3477.59,0,1200,400,720,240,4200,7500,8500,102,1.5,6000,0,0,0,0,0,74.55,30,79.1,60.1,59.4,0,0
2026-10-01T19:39:16.888000+09:00,2026-10-01T10:39:16.888000+00:00,094623,1206.4,1,0,0,0,0,13581,515,13581,0,0,0,0,4651,-28608,10326,6,4992,0,129,0,1,0,0,2,0,0,0,0,31082107,2018,0.31,571.61,1778.01,0,49.4,97.3,67.5,29.2,59.2,529.9,97.2,620.7,147.7,147.7,1034.5,371484,3891,12.71,87.5,1510,2.86,1.02,21,34.1,75,12.3,12361194,73369,55.21,3477.59,0,1200,400,720,240,4200,7500,8500,102,1.5,6000,0,0,0,0,0,60.47,30,55.72,45.11,59.4,0,0
2026-10-01T19:40:16.983000+09:00,2026-10-01T10:40:16.983000+00:00,094623,1183.2,1,0,0,0,0,13581,511,13581,0,0,0,0,4655,-28608,18518,6,4992,528,129,0,1,0,0,0,0,0,0,0,31082107,2018,0.44,597.25,1780.45,0,49.1,96.5,68.1,29.2,58.7,528.2,100.2,613.4,140.6,140.3,1024,371484,3891,12.62,93.4,1530,2.89,1.01,21.3,34.1,75,12.62,12361196,73369,56.49,3477.59,0,1200,400,720,240,4200,7500,8500,102,1.5,6000,0,0,0,0,0,62.11,30,53.6,63.14,59.3,0,0
2026-10-01T19:41:17.081000+09:00,2026-10-01T10:41:17.081000+00:00,094623,1902.2,1,0,0,0,0,13581,493,13581,0,0,0,0,4651,-28608,10326,6,4480,0,129,0,1,0,0,2,0,0,0,0,31082107,2018,0.22,893.89,2796.11,0,49.3,99,68.6,29.3,58.3,526.3,92.9,616.2,141.7,141.7,1022.2,371484,3891,12.69,91.2,1490,2.73,1.17,30.7,45.9,75,26.78,12361199,73369,89.73,3477.6,0,1200,400,720,240,4200,7500,8500,102,1.5,6000,0,0,0,0,0,73.56,30,69.27,73.21,59.3,0,0
2026-10-01T19:42:17.172000+09:00,2026-10-01T10:42:17.172000+00:00,094623,2610.2,1,0,0,0,0,13581,495,13581,0,0,0,0,4655,-26560,10326,6,4481,0,129,0,1,0,0,2,0,0,0,0,31082107,2018,0.23,1508.22,4118.47,0,49.6,96.8,67.3,29.3,58.8,526.3,85.6,625.8,155.3,156,1037.8,371484,3891,12.68,85.7,1500,2.71,1.17,34.7,41.6,75,31.1,12361204,73369,82.17,3477.6,0,1200,400,720,240,4200,7500,8500,102,1.5,6000,0,0,0,0,0,71.8,30,67.3,54.83,59.3,0,0
2026-10-01T19:43:17.262000+09:00,2026-10-01T10:43:17.262000+00:00,094623,1682.5,1,0,0,0,0,13581,524,13581,0,0,0,0,4655,-28608,12374,6,5024,72,129,0,1,0,0,0,0,0,0,0,31082107,2018,0.41,895.11,2577.59,0,49.5,99.5,67.3,29.3,59.3,528.6,86.5,624.1,150.8,151.2,1026.7,371484,3891,12.55,88.8,1580,2.94,1.05,24.9,34.8,75,10.87,12361207,73369,58.77,3477.6,0,1200,400,720,240,4200,7500,8500,102,1.5,6000,0,0,0,0,0,62.2,30,65.42,52.85,59.3,0,0
2026-10-01T19:44:17.377000+09:00,2026-10-01T10:44:17.377000+00:00,094623,1622.7,1,0,0,0,0,13581,524,13581,0,0,0,0,4655,-28608,10390,518,21376,0,129,0,1,0,0,0,0,0,0,0,31082107,2018,0.4,881.68,2504.35,0,49.2,96.3,68.8,29.4,58.9,530.7,96.2,615.1,141,140.9,1011.6,371485,3892,12.96,93.5,1580,2.92,1.11,25.8,37.4,75,9.39,12361209,73369,60.42,3477.6,0,1200,400,720,240,4200,7500,8500,102,1.5,6000,0,0,0,0,0,67.26,30,56.58,68.23,59.2,0,0
2026-10-01T19:45:17.470000+09:00,2026-10-01T10:45:17.470000+00:00,094623,1918.4,1,0,0,0,0,13581,493,13581,0,0,0,0,4651,-28608,18518,6,4480,528,129,0,1,0,0,2,0,0,0,0,31082107,2018,0.22,1015.96,2934.35,0,49.3,98.4,68.8,29.4,58.5,524.9,91.2,617,142.1,142.1,1035.1,371485,3892,12.74,90.2,1490,2.73,1.19,30.5,44.3,75,25.77,12361212,73369,86.5,3477.6,0,1200,400,720,240,4200,7500,8500,102,1.5,6000,0,0,0,0,0,73.07,30,67.34,69.1,59.2,0,0
2026-10-01T19:46:17.567000+09:00,2026-10-01T10:46:17.567000+00:00,094623,2582.5,1,0,0,0,0,13581,497,13581,0,0,0,0,4655,-28608,10342,6,12676,0,129,0,1,0,0,2,0,0,0,0,31082107,2018,0.23,1316.26,3898.74,0,49.6,97.9,67.2,29.5,58.9,527.8,88.4,628,156.8,157.3,1084.7,371485,3892,12.74,86,1500,2.73,1.15,33.7,41.6,75,31.12,12361217,73369,79.1,3477.6,0,1200,400,720,240,4200,7500,8500,102,1.5,6000,0,0,0,0,0,71.54,30,70.61,55.41,59.2,0,0
2026-10-01T19:47:17.671000+09:00,2026-10-01T10:47:17.671000+00:00,094623,1741.1,1,0,0,0,0,13581,523,13581,0,0,0,0,4651,-28608,10326,6,4992,0,129,0,1,0,0,2,0,0,0,0,31082107,2018,0.36,856.04,2597.13,0,49.4,98.2,67.2,29.5,59.4,531.2,90,622.4,149.7,149.9,1026.5,371485,3892,12.81,90.1,1580,2.91,1.09,25.9,37.4,75,10.56,12361221,73369,59.74,3477.6,0,1200,400,720,240,4200,7500,8500,102,1.5,6000,0,0,0,0,0,62.51,30,62.31,57.19,59.2,0,0
2026-10-01T19:48:17.754000+09:00,2026-10-01T10:48:17.754000+00:00,094623,1687.4,1,0,0,0,0,13581,498,13581,0,0,0,0,4651,-28608,12374,6,5024,72,129,0,1,0,0,0,0,0,0,0,31082107,2018,0.41,869.47,2556.84,0,49.2,96.7,68.6,29.5,58.9,533.8,94.2,613,140,139.8,1031.1,371485,3892,12.96,93.6,1560,2.7,1.2,26.6,38.5,75,10.37,12361223,73369,62.61,3477.6,0,1200,400,720,240,4200,7500,8500,102,1.5,6000,0,0,0,0,0,62.32,30,53.83,64.81,59.2,0,0
2026-10-01T19:49:17.847000+09:00,2026-10-01T10:49:17.847000+00:00,094623,2047.8,1,0,0,0,0,13581,493,13581,0,0,0,0,4651,-28608,10326,6,4480,0,129,0,1,0,0,2,0,0,0,0,31082107,2018,0.24,1042.82,3090.61,0,49.3,98.7,68.7,29.4,58.5,522.2,99.6,617.1,143.5,143.3,1026.2,371485,3892,12.86,89.6,1490,2.72,1.18,30.5,42.7,75,24.97,12361225,73369,81.38,3477.61,0,1200,400,720,240,4200,7500,8500,102,1.5,6000,0,0,0,0,0,72.04,30,67.43,65.98,59.2,0,0
2026-10-01T19:50:17.962000+09:00,2026-10-01T10:50:17.962000+00:00,094623,2519.9,1,0,0,0,0,13581,494,13581,0,0,0,0,4651,-28608,18518,6,4480,16,129,0,1,0,0,2,0,0,0,0,31082107,2018,0.24,1541.18,4061.1,0,49.4,97.3,67.6,29.4,58.9,528.3,89.4,631.6,155.3,155.9,1031.7,371486,3893,12.74,86.6,1490,2.7,1.16,33.8,41.4,75,31.04,12361230,73369,79.1,3477.61,0,1200,400,720,240,4200,7500,8500,102,1.5,6000,0,0,0,0,0,72.51,30,68.34,57.02,59.2,0,0
2026-10-01T19:51:18.053000+09:00,2026-10-01T10:51:18.053000+00:00,094623,1520.1,1,0,0,0,0,13581,499,13581,0,0,0,0,4651,-28608,10326,6,4992,0,129,0,1,0,0,2,0,0,0,0,31082107,2018,0.39,635.09,2155.22,0,49.4,98.2,67.3,29.4,59.6,533.9,85.3,629.2,153.4,153.8,1057.3,371486,3893,12.86,89,1500,2.81,1.12,23.5,36.3,75,13.53,12361234,73369,62.15,3477.61,0,1200,400,720,240,4200,7500,8500,102,1.5,6000,0,0,0,0,0,59.52,30,58.29,49.6,59.1,0,0
2026-10-01T19:52:18.175000+09:00,2026-10-01T10:52:18.175000+00:00,094623,1101.4,1,0,0,0,0,13581,505,13581,0,0,0,0,4655,-28608,10326,6,4992,0,129,0,1,0,0,0,0,0,0,0,31082107,2018,0.45,547.2,1648.61,0,49.1,97.8,68.7,29.4,59.2,531.8,92.5,617.3,141.7,141.2,1023.6,371486,3893,12.88,92.3,1500,2.83,1.03,21.1,35.1,75,12,12361237,73369,62.04,3477.61,0,1200,400,720,240,4200,7500,8500,102,1.5,6000,0,0,0,0,0,62.87,30,56.94,59.65,59.2,0,0
2026-10-01T19:53:18.268000+09:00,2026-10-01T10:53:18.268000+00:00,094623,1592.2,1,0,0,0,0,13581,493,13581,0,0,0,0,4651,-28608,12374,6,4512,72,129,0,1,0,0,2,0,0,0,0,31082107,2018,0.22,735.19,2327.34,0,49.1,98.2,68.7,29.4,58.6,528.3,96.9,614.8,138.3,137.9,1024.5,371486,3893,12.81,91.2,1490,2.74,1.2,27.7,44.3,75,20.47,12361239,73369,80.35,3477.61,0,1200,400,720,240,4200,7500,8500,102,1.5,6000,0,0,0,0,0,69.97,30,63.26,68.03,59.2,0,0
2026-10-01T19:54:18.379000+09:00,2026-10-01T10:54:18.379000+00:00,094623,2571.2,1,0,0,0,0,13581,497,13581,0,0,0,0,4651,-28608,10326,6,4480,0,129,0,1,0,0,2,0,0,0,0,31082107,2018,0.23,1456.95,4028.14,0,49.2,98.9,67.4,29.4,58.7,527.2,90.7,627.5,151.9,152,1047,371486,3893,12.82,86.7,1510,2.73,1.16,34.1,41.8,75,31.16,12361244,73369,80.29,3477.61,0,1200,400,720,240,4200,7500,8500,102,1.5,6000,0,0,0,0,0,72.37,30,73,58.4,59.1,0,0
2026-10-01T19:55:18.471000+09:00,2026-10-01T10:55:18.471000+00:00,094623,1468.9,1,0,0,0,0,13581,499,13581,0,0,0,0,4651,-28608,10326,6,4992,0,129,0,1,0,0,2,0,0,0,0,31082107,2018,0.36,593.58,2062.44,0,49.3,97.4,67.1,29.4,59.4,532.9,87.1,624.2,152.1,152.1,1048.5,371486,3893,12.7,89,1500,2.8,1.13,23.4,36.9,75,13.21,12361248,73369,60.37,3477.61,0,1200,400,720,240,4200,7500,8500,102,1.5,6000,0,0,0,0,0,58.74,30,55.97,49.87,59.1,0,0
2026-10-01T19:56:18.562000+09:00,2026-10-01T10:56:18.562000+00:00,094623,1183.2,1,0,0,0,0,13581,492,13581,0,0,0,0,4655,-28608,10326,6,4992,0,129,0,1,0,0,0,0,0,0,0,31082107,2018,0.48,530.11,1713.31,0,49,97.8,68.5,29.5,59.1,531.8,101.5,615.8,142.1,141.8,1015.5,371487,3894,12.79,91.7,1480,2.75,1.1,22.2,37.1,75,11.53,12361250,73369,58.1,3477.61,0,1200,400,720,240,4200,7500,8500,102,1.5,6000,0,0,0,0,0,61.97,30,57.22,57.07,58.6,0,0
2026-10-01T19:57:18.661000+09:00,2026-10-01T10:57:18.661000+00:00,094623,1695.9,1,0,0,0,0,13581,494,13581,0,0,0,0,4651,-28608,10326,6,4480,0,129,0,1,0,0,2,0,0,0,0,31082107,2018,0.23,733.97,2429.88,0,49,98,68.7,29.5,58.6,526.6,116.6,616.1,139.6,139.4,1016.6,371487,3894,12.77,93.3,1490,2.73,1.18,28.4,44.6,75,22.27,12361252,73369,79.7,3477.61,0,1200,400,720,240,4200,7500,8500,102,1.5,6000,0,0,0,0,0,70.32,30,63.56,75,58.6,0,0
2026-10-01T19:58:18.749000+09:00,2026-10-01T10:58:18.749000+00:00,094623,2191.8,1,0,0,0,0,13581,494,13581,0,0,0,0,4655,-28608,12374,6,4480,8,129,0,1,0,0,2,0,0,0,0,31082107,2018,0.23,953.7,3145.54,0,49.3,98.2,67.5,29.4,58.7,533.7,100.9,626.9,149.6,149.7,1030.5,371487,3894,12.44,86.6,1500,2.71,1.15,32.4,45.6,75,30.79,12361257,73369,81.18,3477.62,0,1200,400,720,240,4200,7500,8500,102,1.5,6000,0,0,0,0,0,72.41,30,71.18,57.95,58.6,0,0
2026-10-01T19:59:18.834000+09:00,2026-10-01T10:59:18.834000+00:00,094623,2472.6,1,0,0,0,0,13581,495,13581,0,0,0,0,4651,-28608,10326,518,4480,0,129,0,1,0,0,0,0,0,0,0,31082107,2018,0.4,1263.77,3736.38,0,49.3,97.1,66.2,29.5,59.2,533.5,92.3,628.4,156.2,156.6,1026.2,371487,3894,12.38,89.4,1500,2.68,1.17,33.9,43.4,75,30.52,12361262,73369,71.24,3477.62,0,1200,400,720,240,4200,7500,8500,102,1.5,6000,0,0,0,0,0,66.74,30,65.69,62.78,58.6,0,0
2026-10-01T20:00:18.939000+09:00,2026-10-01T11:00:18.939000+00:00,094623,1482.3,1,0,0,0,0,13581,500,13581,0,0,0,0,4651,-28608,10326,6,4992,0,129,0,1,0,0,0,0,0,0,0,31082107,2018,0.41,576.49,2058.78,0,49.5,98.1,67.3,29.5,59.7,537.5,88.2,626.8,155.4,155.6,1025.9,371487,3894,12.91,91.5,1500,2.8,1.12,23.5,37.4,75,14.3,12361266,73369,80.18,3477.62,0,1200,400,720,240,4200,7500,8500,102,1.5,6000,0,0,0,0,0,56.92,30,59.08,58.66,58.6,0,0
2026-10-01T20:01:19.049000+09:00,2026-10-01T11:01:19.049000+00:00,094623,1344.3,1,0,0,0,0,13581,519,13581,0,0,0,0,4655,-28608,10390,518,21376,0,129,0,1,0,0,2,0,0,0,0,31082107,2018,0.27,642.41,1986.75,0,49.2,98.6,69.4,29.6,59.5,529.8,96.3,614.4,143.2,142.8,1002.5,371487,3894,12.77,92.3,1560,2.93,1.02,22.5,34.9,75,19.05,12361268,73369,67.25,3477.62,0,1200,400,720,240,4200,7500,8500,102,1.5,6000,0,0,0,0,0,64.21,30,60.29,65.09,58.6,0,0
2026-10-01T20:02:19.158000+09:00,2026-10-01T11:02:19.158000+00:00,094623,1656.9,1,0,0,0,0,13581,493,13581,0,0,0,0,4651,-28608,10326,6,4480,0,129,0,1,0,0,2,0,0,0,0,31082107,2018,0.27,808.43,2465.28,0,49.2,97.9,69,29.6,58.9,527.1,90.8,612,140.8,140.6,1023.6,371488,3895,12.39,89.1,1490,2.72,1.2,27.7,43,75,20.52,12361271,73369,62.67,3477.62,0,1200,400,720,240,4200,7500,8500,102,1.5,6000,0,0,0,0,0,68.94,30,62.61,59.43,58.5,0,0
2026-10-01T20:03:19.254000+09:00,2026-10-01T11:03:19.254000+00:00,094623,2399.4,1,0,0,0,0,13581,501,13581,0,0,0,0,4655,-28608,18582,6,21376,528,129,0,1,0,0,2,0,0,0,0,31082107,2018,0.3,1316.26,3715.63,0,49.3,99.2,67.6,29.5,59.1,525.9,89.9,626.3,156.4,156.7,1037.4,371488,3895,12.76,88.9,1510,2.76,1.14,30.7,38.9,75,26.74,12361276,73369,77.53,3477.62,0,1200,400,720,240,4200,7500,8500,102,1.5,6000,0,0,0,0,0,68.76,30,70.31,61.33,58.5,0,0
2026-10-01T20:04:19.342000+09:00,2026-10-01T11:04:19.342000+00:00,094623,1334.6,1,0,0,0,0,13581,519,13581,0,0,0,0,4651,-28608,10326,6,4992,0,129,0,1,0,0,2,0,0,0,0,31082107,2018,0.31,681.48,2016.05,0,49.2,97.1,68.2,29.6,59.5,527.6,83.8,618.7,146.6,146.3,1045.8,371488,3895,12.74,89.5,1560,2.91,1.02,22.4,34.3,75,16.73,12361278,73369,65.19,3477.62,0,1200,400,720,240,4200,7500,8500,102,1.5,6000,0,0,0,0,0,62.69,30,57.12,54.25,58.5,0,0
2026-10-01T20:05:19.430000+09:00,2026-10-01T11:05:19.430000+00:00,094623,1268.7,1,0,0,0,0,13581,520,13581,0,0,0,0,4651,-28608,10342,6,13188,0,129,0,1,0,0,2,0,0,0,0,31082107,2018,0.34,613.12,1881.77,0,48.9,97.6,68.6,29.6,58.9,529.2,86.7,610.3,138.6,138.2,1016.2,371488,3895,12.45,93,1560,2.92,1.03,22.4,36.4,75,18.73,12361280,73369,64.44,3477.63,0,1200,400,720,240,4200,7500,8500,102,1.5,6000,0,0,0,0,0,64.8,30,58.03,66.4,58.5,0,0
2026-10-01T20:06:19.510000+09:00,2026-10-01T11:06:19.510000+00:00,094623,2346.9,1,0,0,0,0,13581,495,13581,0,0,0,0,4651,-28608,12374,6,4480,8,129,0,1,0,0,2,0,0,0,0,31082107,2018,0.26,1228.37,3575.24,0,49.1,99.3,67.9,29.6,58.5,524.4,87.5,616.2,146.1,146.2,1024.7,371488,3895,12.79,88.8,1490,2.71,1.17,33.1,43.2,75,29.96,12361284,73369,80.2,3477.63,0,1200,400,720,240,4200,7500,8500,102,1.5,6000,0,0,0,0,0,73.04,30,72.28,66.52,58.5,0,0
2026-10-01T20:07:19.617000+09:00,2026-10-01T11:07:19.617000+00:00,094623,1725.2,1,0,0,0,0,13581,501,13581,0,0,0,0,4651,-28608,10326,6,4992,0,129,0,1,0,0,2,0,0,0,0,31082107,2018,0.26,804.77,2529.98,0,49.3,96.5,67.2,29.6,59.2,533.7,86.5,623.5,154.4,154.8,1041.8,371488,3895,12.53,86.5,1510,2.79,1.11,25.5,37.5,75,18.57,12361288,73369,78.7,3477.63,0,1200,400,720,240,4200,7500,8500,102,1.5,6000,0,0,0,0,0,62.24,30,57.42,47.43,58.5,0,0
2026-10-01T20:08:19.706000+09:00,2026-10-01T11:08:19.706000+00:00,094623,1249.1,1,0,0,0,0,13581,491,13581,0,0,0,0,4651,-28608,18518,6,4992,528,129,0,1,0,0,0,0,0,0,0,31082107,2018,0.42,560.63,1809.75,0,48.9,100.1,68.1,29.6,59.1,530.7,86.8,615.2,143.7,143.5,1034,371489,3896,12.33,89.4,1480,2.75,1.08,22.1,36.2,75,11.65,12361291,73369,49.88,3477.63,0,1200,400,720,240,4200,7500,8500,102,1.5,6000,0,0,0,0,0,60.8,30,64.29,49.94,58.4,0,0
2026-10-01T20:09:19.777000+09:00,2026-10-01T11:09:19.777000+00:00,094623,1439.6,1,0,0,0,0,13581,494,13581,0,0,0,0,4651,-28608,10326,6,4480,0,129,0,1,0,0,0,0,0,0,0,31082107,2018,0.31,660.73,2100.28,0,48.8,96.6,68.4,29.5,58.7,528.1,96.7,613.3,140.6,140.5,1042.5,371489,3896,12.75,95.2,1490,2.74,1.17,25.3,40.7,75,15.02,12361293,73369,69.29,3477.63,0,1200,400,720,240,4200,7500,8500,102,1.5,6000,0,0,0,0,0,64.83,30,55.34,73.36,58.4,0,0
2026-10-01T20:10:19.871000+09:00,2026-10-01T11:10:19.871000+00:00,094623,2219.9,1,0,0,0,0,13581,495,13581,0,0,0,0,4651,-28608,10326,6,4480,0,129,0,1,0,0,2,0,0,0,0,31082107,2018,0.23,1128.27,3348.19,0,49.3,101.4,68.2,29.6,58.7,530,88.9,622.4,150.8,151.2,1029.4,371489,3896,12.45,86.9,1500,2.72,1.15,32.4,44.3,75,31.13,12361297,73369,89.93,3477.63,0,1200,400,720,240,4200,7500,8500,102,1.5,6000,0,0,0,0,0,74.24,30,80.09,60.52,58.4,0,0
2026-10-01T20:11:19.966000+09:00,2026-10-01T11:11:19.966000+00:00,094623,2585.8,1,0,0,0,0,13581,496,13581,0,0,0,0,4655,-28608,12374,6,5024,72,129,0,1,0,0,2,0,0,0,0,31082107,2018,0.35,1474.04,4059.88,0,49.3,95.2,66.8,29.5,59.3,530.6,85.5,627,158.9,159.5,1050.5,371489,3896,12.71,88.4,1500,2.71,1.16,33.9,41.4,75,31.07,12361302,73369,70.98,3477.63,0,1200,400,720,240,4200,7500,8500,102,1.5,6000,0,0,0,0,0,69.42,30,60.05,60.12,58.5,0,0
2026-10-01T20:12:20.062000+09:00,2026-10-01T11:12:20.062000+00:00,094623,1285.7,1,0,0,0,0,13581,495,13581,0,0,0,0,4655,-28608,10326,6,4992,0,129,0,1,0,0,0,0,0,0,0,31082107,2018,0.44,649.74,1935.48,0,49.2,100.1,67.5,29.5,59.6,532.4,83.5,620.2,151,151,1025.3,371489,3896,12.34,90.9,1480,2.78,1.04,21.4,33.5,75,12.03,12361305,73369,69.06,3477.63,0,1200,400,720,240,4200,7500,8500,102,1.5,6000,0,0,0,0,0,57.74,30,64.48,55.63,58.4,0,0
2026-10-01T20:13:20.163000+09:00,2026-10-01T11:13:20.163000+00:00,094623,1153.9,1,0,0,0,0,13581,498,13581,0,0,0,0,4651,-28608,18518,6,4992,528,129,0,1,0,0,2,0,0,0,0,31082107,2018,0.23,574.05,1727.96,0,49.1,97.6,68.9,29.4,59.3,531.8,87.2,613.9,142.6,142.2,1022.7,371489,3896,12.7,94.3,1490,2.79,1.03,21.1,34.8,75,11.97,12361308,73369,67.92,3477.64,0,1200,400,720,240,4200,7500,8500,102,1.5,6000,0,0,0,0,0,62.56,30,55.77,69.93,58.4,0,0
2026-10-01T20:14:20.256000+09:00,2026-10-01T11:14:20.256000+00:00,094623,2145.4,1,0,0,0,0,13581,492,13581,0,0,0,0,4655,-28608,10326,590,4480,8192,129,0,1,0,0,2,0,0,0,0,31082107,2018,0.22,1085.54,3230.99,0,49.2,98.6,68.8,29.4,58.8,527.1,97.4,614.4,142.9,142.7,1025.4,371490,3897,12.81,88.1,1490,2.7,1.18,31.5,43.9,75,27.37,12361310,73369,72.59,3477.64,0,1200,400,720,240,4200,7500,8500,102,1.5,6000,0,0,0,0,0,73.76,30,69.38,62.84,58.4,0,0
2026-10-01T20:15:20.348000+09:00,2026-10-01T11:15:20.348000+00:00,094623,2627.7,1,0,0,0,0,13581,494,13581,0,0,0,0,4651,-28608,10326,6,4480,0,129,0,1,0,0,2,0,0,0,0,31082107,2018,0.26,1401.71,4029.36,0,49.4,98,67,29.4,59.2,529.8,86.7,627.7,157.2,157.6,1061.5,371490,3897,12.85,86.8,1490,2.71,1.17,34.3,42,75,30.9,12361315,73369,75.13,3477.64,0,1200,400,720,240,4200,7500,8500,102,1.5,6000,0,0,0,0,0,70.05,30,70.32,56.68,58.4,0,0
2026-10-01T20:16:20.499000+09:00,2026-10-01T11:16:20.499000+00:00,094623,1992.9,1,0,0,0,0,13581,430,13581,0,0,0,0,4651,-28608,12374,6,5024,72,129,0,1,0,0,2,0,0,0,0,31082107,2018,0.34,940.27,2933.13,0,49.4,97.8,67.3,29.5,59.7,531.8,84.9,622.7,152.4,152.6,1041.7,371490,3897,12.62,89.7,1420,2.46,1.34,27.9,37.1,75,11.02,12361319,73369,64.08,3477.64,0,1200,400,720,240,4200,7500,8500,102,1.5,6000,0,0,0,0,0,56.39,30,56.28,50.03,58.4,0,0
2026-10-01T20:17:20.539000+09:00,2026-10-01T11:17:20.539000+00:00,094623,1570.2,1,0,0,0,0,13581,440,13581,0,0,0,0,4651,-28608,10326,6,4992,0,129,0,1,0,0,0,0,0,0,0,31082107,2018,0.39,668.05,2238.23,0,49,97.2,68.9,29.6,59.4,534.7,88.5,614.7,142.4,142.1,1024.2,371490,3897,12.84,92.9,1280,2.5,1.98,27,40.3,75,11.49,12361321,73369,57.96,3477.64,0,1200,400,720,240,4200,7500,8500,102,1.5,6000,0,0,0,0,0,61.48,30,54.42,60.59,58.4,0,0
2026-10-01T20:18:20.638000+09:00,2026-10-01T11:18:20.638000+00:00,094623,1882.7,1,0,0,0,0,13581,493,13581,0,0,0,0,4655,-28608,18518,6,4480,528,129,0,1,0,0,2,0,0,0,0,31082107,2018,0.27,885.34,2768.03,0,49,97.6,68.8,29.6,58.8,526.6,88.3,615.8,142.2,141.9,1022.1,371490,3897,12.76,91.7,1490,2.72,1.19,29.7,44.5,75,24.6,12361324,73369,80.34,3477.64,0,1200,400,720,240,4200,7500,8500,102,1.5,6000,0,0,0,0,0,71.71,30,63.14,72.26,58.3,0,0
2026-10-01T20:19:20.749000+09:00,2026-10-01T11:19:20.749000+00:00,094623,2541.0,1,0,0,0,0,13581,495,13581,0,0,0,0,4655,-28608,10326,6,4480,0,129,0,1,0,0,2,0,0,0,0,31082107,2018,0.2,1399.27,3940.24,0,49.3,97.1,67.7,29.5,59.1,529.6,85.2,626.4,155.1,155.3,1057.3,371490,3897,12.76,86.3,1500,2.71,1.16,33.7,42,75,31.19,12361329,73369,83.71,3477.64,0,1200,400,720,240,4200,7500,8500,102,1.5,6000,0,0,0,0,0,72.74,30,68.01,57.05,58.3,0,0
2026-10-01T20:20:20.827000+09:00,2026-10-01T11:20:20.827000+00:00,094623,1512.8,1,0,0,0,0,13581,500,13581,0,0,0,0,4655,-28608,10390,518,21376,0,129,0,1,0,0,2,0,0,0,0,31082107,2018,0.4,618,2130.8,0,49.2,99,67.1,29.4,59.7,535.1,85.7,623.6,154,154.3,1035.5,371491,3898,12.74,89,1510,2.8,1.13,23.5,36.8,75,12.93,12361333,73369,60.2,3477.64,0,1200,400,720,240,4200,7500,8500,102,1.5,6000,0,0,0,0,0,58.55,30,60.26,49.97,58.3,0,0
2026-10-01T20:21:20.912000+09:00,2026-10-01T11:21:20.912000+00:00,094623,1201.5,1,0,0,0,0,13581,492,13581,0,0,0,0,4651,-28608,12374,6,5024,72,129,0,1,0,0,0,0,0,0,0,31082107,2018,0.46,576.49,1778.01,0,48.9,96.6,68.4,29.4,59.3,532.5,87.3,615.9,144.1,143.8,1032.4,371491,3898,12.59,91.9,1480,2.75,1.07,21.9,35.6,75,11.57,12361335,73369,61.34,3477.64,0,1200,400,720,240,4200,7500,8500,102,1.5,6000,0,0,0,0,0,61.28,30,53.34,57.98,58.3,0,0
2026-10-01T20:22:21.009000+09:00,2026-10-01T11:22:21.009000+00:00,094623,1639.8,1,0,0,0,0,13581,493,13581,0,0,0,0,4655,-28608,10390,6,20864,0,129,0,1,0,0,2,0,0,0,0,31082107,2018,0.19,732.75,2372.51,0,48.8,98.2,68.8,29.5,58.9,528.7,84.2,616.7,140.6,140.4,1007.1,371491,3898,12.84,92.3,1490,2.73,1.17,27.9,44.4,75,21.79,12361337,73369,82.98,3477.65,0,1200,400,720,240,4200,7500,8500,102,1.5,6000,0,0,0,0,0,70.05,30,64.41,72.03,58.3,0,0
2026-10-01T20:23:21.160000+09:00,2026-10-01T11:23:21.160000+00:00,094623,2440.9,1,0,0,0,0,13581,496,13581,0,0,0,0,4651,-28608,2134,518,4480,0,129,0,1,0,0,2,0,0,0,0,31082107,2018,0.23,1296.73,3737.6,0,49.1,98.8,67.6,29.6,58.9,530.7,80.3,625.3,152.3,152.6,1029.6,371491,3898,12.75,86.5,1500,2.71,1.17,33.5,43,75,30.72,12361342,73369,81.71,3477.65,0,1200,400,720,240,4200,7500,8500,102,1.5,6000,0,0,0,0,0,72.5,30,73.08,57.83,58.3,0,0
2026-10-01T20:24:21.245000+09:00,2026-10-01T11:24:21.245000+00:00,094623,1757.0,1,0,0,0,0,13581,502,13581,0,0,0,0,4651,-28608,10342,6,13188,0,129,0,1,0,0,2,0,0,0,0,31082107,2018,0.38,824.3,2581.26,0,49.1,97,66.5,29.5,59.6,534.8,80.2,625.9,157.4,157.9,1042,371491,3898,12.79,89.2,1510,2.8,1.1,24.8,35.5,75,17.03,12361347,73369,64.64,3477.65,0,1200,400,720,240,4200,7500,8500,102,1.5,6000,0,0,0,0,0,58.34,30,56.71,52.36,58.3,0,0
2026-10-01T20:25:21.307000+09:00,2026-10-01T11:25:21.307000+00:00,094623,1245.5,1,0,0,0,0,13581,497,13581,0,0,0,0,4655,-26560,10326,6,4992,0,129,0,1,0,0,0,0,0,0,0,31082107,2018,0.41,587.48,1832.94,0,48.9,98.3,68.5,29.6,59.5,533.8,96.5,616,145.2,144.9,1027.3,371491,3898,12.75,91.7,1500,2.77,1.12,22.6,37.3,75,11.18,12361349,73369,63.53,3477.65,0,1200,400,720,240,4200,7500,8500,102,1.5,6000,0,0,0,0,0,60.71,30,58.7,58.15,58.3,0,0
2026-10-01T20:26:21.409000+09:00,2026-10-01T11:26:21.409000+00:00,094623,1387.1,1,0,0,0,0,13581,494,13581,0,0,0,0,4651,-28608,12374,6,4512,8,129,0,1,0,0,2,0,0,0,0,31082107,2018,0.23,654.62,2041.69,0,48.8,98,68.9,29.7,59.1,530,88.2,614.3,140.3,140.1,1009.2,371492,3899,12.41,92.2,1490,2.74,1.17,25.5,42.5,75,16.36,12361351,73369,76.71,3477.65,0,1200,400,720,240,4200,7500,8500,102,1.5,6000,0,0,0,0,0,66.51,30,60.15,67.87,58.2,0,0
2026-10-01T20:27:21.482000+09:00,2026-10-01T11:27:21.482000+00:00,094623,2332.2,1,0,0,0,0,13581,495,13581,0,0,0,0,4655,-28608,10326,6,4480,0,129,0,1,0,0,2,0,0,0,0,31082107,2018,0.2,1280.86,3613.09,0,48.9,98.8,67.8,29.7,58.9,530,87.5,624.8,151.9,152.2,1044.4,371492,3899,12.82,87,1500,2.71,1.15,32.8,43.1,75,31.22,12361356,73369,79.36,3477.65,0,1200,400,720,240,4200,7500,8500,102,1.5,6000,0,0,0,0,0,72.67,30,72.51,59.17,58.2,0,0
2026-10-01T20:28:21.582000+09:00,2026-10-01T11:28:21.582000+00:00,094623,2646.9,1,0,0,0,0,13581,495,13581,0,0,0,0,4651,-28608,10326,6,4992,0,129,0,1,0,0,2,0,0,0,0,31082107,2018,0.3,1510.67,4157.54,0,49,96.5,66.6,29.8,59.5,532,81.4,628.2,158.5,159,1064.3,371492,3899,12.75,88.2,1500,2.7,1.16,34,40.9,75,31.24,12361361,73369,75.46,3477.65,0,1200,400,720,240,4200,7500,8500,102,1.5,6000,0,0,0,0,0,67.8,30,64.63,58.73,58.2,0,0
2026-10-01T20:29:21.684000+09:00,2026-10-01T11:29:21.684000+00:00,094623,1235.7,1,0,0,0,0,13581,498,13581,0,0,0,0,4651,-28608,10326,6,4992,0,129,0,1,0,0,2,0,0,0,0,31082107,2018,0.36,534.99,1770.68,0,49,99,67.8,29.7,59.8,534.2,83,622.9,149.7,149.6,1033.2,371492,3899,12.74,90.3,1490,2.8,1.03,21.1,34.2,75,11.93,12361364,73369,65.16,3477.65,0,1200,400,720,240,4200,7500,8500,102,1.5,6000,0,0,0,0,0,57.69,30,59.97,52.27,58.2,0,0
2026-10-01T20:30:21.779000+09:00,2026-10-01T11:30:21.779000+00:00,094623,1124.6,1,0,0,0,0,13581,505,13581,0,0,0,0,4651,-28608,10326,6,4992,0,129,0,1,0,0,2,0,0,0,0,31082107,2018,0.28,494.7,1619.31,0,48.8,97.1,69.1,29.8,59.3,533,84,615.3,140.6,140.2,1020.9,371492,3899,12.69,94,1500,2.83,1.03,21,35.6,75,12.75,12361366,73369,68.63,3477.66,0,1200,400,720,240,4200,7500,8500,102,1.5,6000,0,0,0,0,0,62.61,30,53.89,67.09,58.2,0,0
2026-10-01T20:31:21.874000+09:00,2026-10-01T11:31:21.874000+00:00,094623,2144.2,1,0,0,0,0,13581,493,13581,0,0,0,0,4655,-26560,8278,6,4480,0,129,0,1,0,0,2,0,0,0,0,31082107,2018,0.24,1116.06,3260.29,0,48.9,100,68.7,29.8,58.8,526,88.1,618.7,142.2,142.1,1046.7,371492,3899,12.64,88.5,1490,2.7,1.18,31.6,43.7,75,26.96,12361369,73369,75.05,3477.66,0,1200,400,720,240,4200,7500,8500,102,1.5,6000,0,0,0,0,0,72.87,30,72.49,63.46,58.2,0,0
2026-10-01T20:32:21.962000+09:00,2026-10-01T11:32:21.962000+00:00,094623,2467.7,1,0,0,0,0,13581,496,13581,0,0,0,0,4651,-28608,10326,6,4480,0,129,0,1,0,0,2,0,0,0,0,31082107,2018,0.26,1345.56,3813.29,0,49.2,96.1,67.2,29.7,59.2,531.6,82.4,627.9,154.9,155.5,1045.9,371493,3900,12.84,86.7,1500,2.71,1.16,33.4,42.5,75,31.27,12361374,73369,78.05,3477.66,0,1200,400,720,240,4200,7500,8500,102,1.5,6000,0,0,0,0,0,70.3,30,63.69,56.1,58.1,0,0
2026-10-01T20:33:22.056000+09:00,2026-10-01T11:33:22.056000+00:00,094623,1824.1,1,0,0,0,0,13581,502,13581,0,0,0,0,4651,-28608,10326,518,4992,0,129,0,1,0,0,0,0,0,0,0,31082107,2018,0.39,825.53,2649.62,0,49.2,99.3,66.7,29.6,59.9,535.2,90.6,625.2,157.5,157.8,1049.7,371493,3900,12.75,89.6,1510,2.79,1.1,25.4,36.2,75,18.02,12361379,73369,71.93,3477.66,0,1200,400,720,240,4200,7500,8500,102,1.5,6000,0,0,0,0,0,58.41,30,63.81,53.38,58.1,0,0
2026-10-01T20:34:22.156000+09:00,2026-10-01T11:34:22.156000+00:00,094623,1236.9,1,0,0,0,0,13581,491,13581,0,0,0,0,4651,-28608,10326,6,4992,0,129,0,1,0,0,0,0,0,0,0,31082107,2018,0.36,677.82,1914.73,0,48.9,97.8,68.8,29.6,59.7,532.5,83.1,614.6,145.2,144.9,1030.8,371493,3900,12.63,92,1480,2.75,1.1,22.3,35.7,75,11.57,12361381,73369,61.75,3477.66,0,1200,400,720,240,4200,7500,8500,102,1.5,6000,0,0,0,0,0,60.79,30,56.12,58.53,58.1,0,0
2026-10-01T20:35:22.246000+09:00,2026-10-01T11:35:22.246000+00:00,094623,1391.9,1,0,0,0,0,13581,494,13581,0,0,0,0,4651,-28608,10326,6,4480,0,129,0,1,0,0,2,0,0,0,0,31082107,2018,0.24,635.09,2027.04,0,48.8,96.8,69.1,29.8,59.3,531,85.2,613,141.5,141.2,1019,371493,3900,12.8,93.4,1490,2.74,1.17,25.2,41,75,15.72,12361383,73369,73.29,3477.66,0,1200,400,720,240,4200,7500,8500,102,1.5,6000,0,0,0,0,0,66.08,30,56.3,70.19,58.1,0,0
2026-10-01T20:36:22.335000+09:00,2026-10-01T11:36:22.335000+00:00,094623,2238.2,1,0,0,0,0,13581,496,13581,0,0,0,0,4655,-28608,18518,6,4480,528,129,0,1,0,0,2,0,0,0,0,31082107,2018,0.26,1151.46,3389.69,0,49,100.4,68,29.7,59.1,532.7,86.3,625.5,150.5,150.9,1004.3,371493,3900,12.87,87.9,1500,2.72,1.16,32.7,44.6,75,30.96,12361388,73369,80.46,3477.66,0,1200,400,720,240,4200,7500,8500,102,1.5,6000,0,0,0,0,0,73.14,30,76.05,63.24,58.1,0,0
2026-10-01T20:37:22.440000+09:00,2026-10-01T11:37:22.440000+00:00,094623,2331.0,1,0,0,0,0,13581,496,13581,0,0,0,0,4655,-28608,10326,6,4480,0,129,0,1,0,0,2,0,0,0,0,31082107,2018,0.29,1161.23,3492.23,0,49.2,95.8,66.9,29.7,59.6,536.8,89.9,623.5,156.1,156.5,1020.7,371493,3900,12.74,87.6,1500,2.69,1.15,32.7,43.8,75,31.29,12361393,73369,77.58,3477.66,0,1200,400,720,240,4200,7500,8500,102,1.5,6000,0,0,0,0,0,69.11,30,62.6,58.27,58.1,0,0
2026-10-01T20:38:22.544000+09:00,2026-10-01T11:38:22.544000+00:00,094623,2399.4,1,0,0,0,0,13581,501,13581,0,0,0,0,4651,-28608,10326,6,4992,0,129,0,1,0,0,0,0,0,0,0,31082107,2018,0.4,1221.04,3620.41,0,49.2,99.5,66.4,29.8,60,535.1,83.5,625,159.5,159.7,1049.8,371494,3901,12.77,89.9,1510,2.72,1.14,30.8,40,75,27.72,12361398,73369,76.78,3477.67,0,1200,400,720,240,4200,7500,8500,102,1.5,6000,0,0,0,0,0,62.97,30,70.84,60.96,58.1,0,0
2026-10-01T20:39:22.643000+09:00,2026-10-01T11:39:22.643000+00:00,094623,1650.7,1,0,0,0,0,13581,522,13581,0,0,0,0,4655,-26560,12438,6,21408,72,129,0,1,0,0,0,0,0,0,0,31082107,2018,0.36,958.59,2609.33,0,49.2,98,68.6,29.8,60.1,536.6,95.1,616,147.3,147,1017.3,371494,3901,12.74,91.5,1580,2.88,1.12,26,37.8,75,14.61,12361401,73369,67.46,3477.67,0,1200,400,720,240,4200,7500,8500,102,1.5,6000,0,0,0,0,0,63.26,30,60.9,61.82,58.1,0,0
2026-10-01T20:40:22.705000+09:00,2026-10-01T11:40:22.705000+00:00,094623,1776.5,1,0,0,0,0,13581,507,13581,0,0,0,0,4651,-28608,10326,6,4992,0,129,0,1,0,0,2,0,0,0,0,31082107,2018,0.22,972.01,2748.5,0,49,97,69.6,29.8,59.6,532.4,84.3,612.6,141.5,141.2,1014.1,371494,3901,12.71,92.6,1580,2.78,1.16,26.8,37.3,75,10.28,12361403,73369,76.02,3477.67,0,1200,400,720,240,4200,7500,8500,102,1.5,6000,0,0,0,0,0,64.14,30,55.11,65.31,58.1,0,0
2026-10-01T20:41:22.821000+09:00,2026-10-01T11:41:22.821000+00:00,094623,2412.5,1,0,0,0,0,13581,496,13581,0,0,0,0,4655,-28608,18534,6,12676,528,129,0,1,0,0,2,0,0,0,0,31082107,2018,0.26,1454.51,3867,0,49,99.4,68.6,29.8,59.3,524.8,85.7,617.3,147.4,147.4,1016.1,371494,3901,12.85,88.2,1500,2.68,1.17,33.2,41.8,75,29.61,12361406,73369,69.59,3477.67,0,1200,400,720,240,4200,7500,8500,102,1.5,6000,0,0,0,0,0,73.95,30,72.78,62.66,58,0,0
2026-10-01T20:42:22.916000+09:00,2026-10-01T11:42:22.916000+00:00,094623,1398.0,1,0,0,0,0,13581,501,13581,0,0,0,0,4651,-28608,10326,6,4992,0,129,0,1,0,0,2,0,0,0,0,31082107,2018,0.3,627.77,2025.82,0,49.2,97,67.3,29.6,59.7,538.9,81.2,620.8,150.9,151.1,1034.4,371494,3901,12.58,88.6,1510,2.79,1.11,23.5,38.3,75,15.31,12361410,73369,80.14,3477.67,0,1200,400,720,240,4200,7500,8500,102,1.5,6000,0,0,0,0,0,60.34,30,56.91,51.72,58,0,0
2026-10-01T20:43:23.014000+09:00,2026-10-01T11:43:23.014000+00:00,094623,1653.2,1,0,0,0,0,13581,524,13581,0,0,0,0,4651,-28608,10326,6,4992,0,129,0,1,0,0,2,0,0,0,0,31082107,2018,0.34,884.12,2537.31,0,48.8,99.5,68.3,29.4,59.3,532.1,82.4,611.2,140.5,140.4,1002.4,371494,3901,12.68,91.3,1580,2.89,1.12,26.3,38.3,75,10.61,12361413,73369,57.66,3477.67,0,1200,400,720,240,4200,7500,8500,102,1.5,6000,0,0,0,0,0,65.78,30,67.28,62.6,58,0,0
2026-10-01T20:44:23.118000+09:00,2026-10-01T11:44:23.118000+00:00,094623,1528.7,1,0,0,0,0,13581,493,13581,0,0,0,0,4655,-28608,12374,6,4512,72,129,0,1,0,0,2,0,0,0,0,31082107,2018,0.25,714.44,2243.11,0,48.7,96.4,68.5,29.3,58.9,529.7,87.6,611,138,137.8,1014.8,371495,3902,12.79,92.9,1490,2.72,1.2,26.9,43.7,75,18.66,12361415,73369,72.41,3477.67,0,1200,400,720,240,4200,7500,8500,102,1.5,6000,0,0,0,0,0,67.01,30,56.49,71.81,58,0,0
2026-10-01T20:45:23.208000+09:00,2026-10-01T11:45:23.208000+00:00,094623,2423.8,1,0,0,0,0,13581,496,13581,0,0,0,0,4651,-28608,10326,518,4480,0,129,0,1,0,0,2,0,0,0,0,31082107,2018,0.21,1294.29,3718.07,0,49,99.8,67.7,29.4,59,530.5,80.7,621.8,151.5,152.1,1027.4,371495,3902,12.88,86.8,1500,2.7,1.15,33,42.7,75,30.59,12361419,73369,84.57,3477.67,0,1200,400,720,240,4200,7500,8500,102,1.5,6000,0,0,0,0,0,72.32,30,75.67,59.87,58,0,0
2026-10-01T20:46:23.300000+09:00,2026-10-01T11:46:23.300000+00:00,094623,2124.7,1,0,0,0,0,13581,502,13581,0,0,0,0,4651,-28608,18518,6,4992,528,129,0,1,0,0,2,0,0,0,0,31082107,2018,0.34,1175.88,3300.58,0,49.1,96.6,66.9,29.3,59.7,533,76.3,626.3,155.9,156.2,1027.6,371495,3902,12.47,88.1,1510,2.76,1.1,27.9,37,75,23.6,12361424,73369,69.81,3477.67,0,1200,400,720,240,4200,7500,8500,102,1.5,6000,0,0,0,0,0,63.67,30,58.93,54.02,58,0,0
2026-10-01T20:47:23.390000+09:00,2026-10-01T11:47:23.390000+00:00,094623,1196.6,1,0,0,0,0,13581,497,13581,0,0,0,0,4655,-28608,10326,6,4992,0,129,0,1,0,0,0,0,0,0,0,31082107,2018,0.42,576.49,1773.13,0,49,98.3,68.2,29.2,59.7,536,79.7,615.1,144,143.9,1004.9,371495,3902,12.59,90.7,1500,2.79,1.12,22.4,37.8,75,11.73,12361427,73369,61.13,3477.68,0,1200,400,720,240,4200,7500,8500,102,1.5,6000,0,0,0,0,0,59.76,30,58.24,54.87,58,0,0
2026-10-01T20:48:23.485000+09:00,2026-10-01T11:48:23.485000+00:00,094623,1145.4,1,0,0,0,0,13581,496,13581,0,0,0,0,4651,-28608,10326,6,4992,0,129,0,1,0,0,0,0,0,0,0,31082107,2018,0.26,498.37,1643.73,0,48.9,98.9,68.8,29.2,59.3,534.6,82.8,610.5,138.7,138.3,1023.3,371495,3902,12.29,93.8,1490,2.78,1.12,22.3,38.7,75,11.69,12361429,73369,69.95,3477.68,0,1200,400,720,240,4200,7500,8500,102,1.5,6000,0,0,0,0,0,62.55,30,59.51,67.41,57.9,0,0
2026-10-01T20:49:23.575000+09:00,2026-10-01T11:49:23.575000+00:00,094623,2276.1,1,0,0,0,0,13581,495,13581,0,0,0,0,4655,-28608,12374,6,4512,72,129,0,1,0,0,2,0,0,0,0,31082107,2018,0.24,1225.93,3502,0,49.1,99.5,68.2,29.1,59,527.6,76.5,618.2,146.8,147.1,1030.7,371495,3902,12.8,88.6,1490,2.7,1.16,32.9,43.5,75,30.73,12361433,73369,82.21,3477.68,0,1200,400,720,240,4200,7500,8500,102,1.5,6000,0,0,0,0,0,73.47,30,73.5,65.77,57.9,0,0
2026-10-01T20:50:23.700000+09:00,2026-10-01T11:50:23.700000+00:00,094623,2650.5,1,0,0,0,0,13581,497,13581,0,0,0,0,4651,-28608,10326,518,4992,0,129,0,1,0,0,2,0,0,0,0,31082107,2018,0.26,1582.69,4233.22,0,49.3,96.1,67,29,59.7,528.4,75.2,624.6,155.4,155.6,1065.2,371496,3903,12.75,86.9,1510,2.7,1.17,34.4,41.1,75,30.79,12361438,73369,76.46,3477.68,0,1200,400,720,240,4200,7500,8500,102,1.5,6000,0,0,0,0,0,69.31,30,64.52,56.43,57.9,0,0
2026-10-01T20:51:23.764000+09:00,2026-10-01T11:51:23.764000+00:00,094623,1251.6,1,0,0,0,0,13581,493,13581,0,0,0,0,4651,-28608,18518,6,4992,528,129,0,1,0,0,0,0,0,0,0,31082107,2018,0.43,598.47,1850.03,0,49.2,98.9,67.7,29,60,533.9,71.9,618.7,147.8,147.8,1033.9,371496,3903,12.62,91.2,1480,2.76,1.06,21.7,34.9,75,11.74,12361441,73369,58.83,3477.68,0,1200,400,720,240,4200,7500,8500,102,1.5,6000,0,0,0,0,0,58.01,30,59.65,55.33,57.9,0,0
2026-10-01T20:52:23.872000+09:00,2026-10-01T11:52:23.872000+00:00,094623,1186.9,1,0,0,0,0,13581,495,13581,0,0,0,0,4655,-28608,10326,590,4992,8192,129,0,1,0,0,0,0,0,0,0,31082107,2018,0.34,583.82,1770.68,0,48.9,97.2,69,28.9,59.6,531.1,85.5,614.7,141.1,140.7,1023.3,371496,3903,12.7,93.6,1480,2.78,1.05,21.4,34.6,75,11.77,12361443,73369,68.48,3477.68,0,1200,400,720,240,4200,7500,8500,102,1.5,6000,0,0,0,0,0,62.73,30,54.94,65.76,57.9,0,0
2026-10-01T20:53:23.954000+09:00,2026-10-01T11:53:23.954000+00:00,094623,2108.8,1,0,0,0,0,13581,493,13581,0,0,0,0,4651,-28608,10326,6,4480,0,129,0,1,0,0,2,0,0,0,0,31082107,2018,0.22,1161.23,3270.06,0,49,99.3,68.8,28.8,59.2,524.8,78.6,618.3,143.2,143.1,1027.1,371496,3903,12.68,88.5,1490,2.71,1.17,31.5,43.3,75,27.6,12361446,73369,77.59,3477.68,0,1200,400,720,240,4200,7500,8500,102,1.5,6000,0,0,0,0,0,73.66,30,71.22,63.71,57.9,0,0
2026-10-01T20:54:24.045000+09:00,2026-10-01T11:54:24.045000+00:00,094623,2509.2,1,0,0,0,0,13581,495,13581,0,0,0,0,4655,-26560,12374,6,4512,72,129,0,1,0,0,2,0,0,0,0,31082107,2018,0.24,1345.56,3854.79,0,49.1,97.1,67.3,28.7,59.6,531.1,80.2,622.8,152.7,153,1025.7,371496,3903,12.73,87.1,1500,2.69,1.16,33.9,42.6,75,30.87,12361451,73369,78.19,3477.68,0,1200,400,720,240,4200,7500,8500,102,1.5,6000,0,0,0,0,0,71.06,30,67.43,57.45,57.9,0,0
2026-10-01T20:55:24.157000+09:00,2026-10-01T11:55:24.157000+00:00,094623,1476.2,1,0,0,0,0,13581,500,13581,0,0,0,0,4651,-28608,10326,6,4992,0,129,0,1,0,0,2,0,0,0,0,31082107,2018,0.32,663.17,2139.35,0,49.2,98.4,67.1,28.7,60.1,537.1,74.7,620.3,151.1,151.6,1043.6,371496,3903,12.73,89.7,1500,2.79,1.12,23.5,37,75,14.75,12361456,73369,69.46,3477.69,0,1200,400,720,240,4200,7500,8500,102,1.5,6000,0,0,0,0,0,58.15,30,59.25,52.26,57.9,0,0
2026-10-01T20:56:24.266000+09:00,2026-10-01T11:56:24.266000+00:00,094623,1418.8,1,0,0,0,0,13581,521,13581,0,0,0,0,4655,-26560,10326,590,4992,8192,129,0,1,0,0,0,0,0,0,0,31082107,2018,0.37,797.45,2216.25,0,48.9,97.2,68.7,28.6,59.7,528.9,87.7,613.3,141,140.8,1024,371497,3904,12.81,92.6,1570,2.9,1.03,23.4,34.6,75,16.22,12361458,73369,59.52,3477.69,0,1200,400,720,240,4200,7500,8500,102,1.5,6000,0,0,0,0,0,63.65,30,56.79,62.67,57.8,0,0
2026-10-01T20:57:24.327000+09:00,2026-10-01T11:57:24.327000+00:00,094623,1614.1,1,0,0,0,0,13581,493,13581,0,0,0,0,4651,-28608,10326,6,4480,0,129,0,1,0,0,2,0,0,0,0,31082107,2018,0.24,851.16,2465.28,0,48.8,97.9,68.8,28.5,59.3,526.4,83.5,612.7,139.3,139,1028.9,371497,3904,12.67,91,1490,2.73,1.19,27.6,42.8,75,19.89,12361460,73369,78.94,3477.69,0,1200,400,720,240,4200,7500,8500,102,1.5,6000,0,0,0,0,0,68.27,30,61.19,66.28,57.9,0,0
2026-10-01T20:58:24.437000+09:00,2026-10-01T11:58:24.437000+00:00,094623,2345.6,1,0,0,0,0,13581,495,13581,0,0,0,0,4655,-28608,10390,6,20864,0,129,0,1,0,0,2,0,0,0,0,31082107,2018,0.22,1310.16,3655.81,0,49,98.3,67.7,28.4,59.4,531.5,79.4,624.2,149.8,150,1049.9,371497,3904,12.5,87,1500,2.71,1.16,33,42.8,75,31.35,12361465,73369,83.56,3477.69,0,1200,400,720,240,4200,7500,8500,102,1.5,6000,0,0,0,0,0,72.33,30,71.36,58.89,57.9,0,0
2026-10-01T20:59:24.512000+09:00,2026-10-01T11:59:24.512000+00:00,094623,2416.4,1,0,0,0,0,13581,495,13581,0,0,0,0,4651,-28608,12374,6,4512,8,129,0,1,0,0,2,0,0,0,0,31082107,2018,0.36,1273.54,3689.99,0,49.1,97.6,66.6,28.3,60,535.5,78.7,626.6,154.5,154.8,1062.7,371497,3904,12.67,88.7,1500,2.69,1.15,32.9,42.7,75,30.95,12361470,73369,70.75,3477.69,0,1200,400,720,240,4200,7500,8500,102,1.5,6000,0,0,0,0,0,67.73,30,67.09,59.94,57.9,0,0
2026-10-01T21:00:24.640000+09:00,2026-10-01T12:00:24.640000+00:00,094623,2129.6,1,0,0,0,0,13581,502,13581,0,0,0,0,4655,-28608,10342,6,13188,0,129,0,1,0,0,0,0,0,0,0,31082107,2018,0.4,1077,3206.58,0,49.2,97.9,66.9,28.1,60.4,537.2,77.7,627.6,156.2,156.4,1043.6,371497,3904,12.77,91.6,1510,2.76,1.09,27.7,37,75,24.01,12361475,73369,81.77,3477.69,0,1200,400,720,240,4200,7500,8500,102,1.5,6000,0,0,0,0,0,61.49,30,64.03,63.74,57.9,0,0
2026-10-01T21:01:24.812000+09:00,2026-10-01T12:01:24.812000+00:00,094623,1173.4,1,0,0,0,0,13581,498,13581,0,0,0,0,4651,-28608,10326,6,4992,0,129,0,1,0,0,0,0,0,0,0,31082107,2018,0.32,541.09,1714.53,0,49.1,99.1,69,28,60.3,538.4,79.3,615.3,142.9,142.5,1040.1,371497,3904,12.59,92.1,1500,2.79,1.12,22.3,38.3,75,11.82,12361478,73369,67.43,3477.69,0,1200,400,720,240,4200,7500,8500,102,1.5,6000,0,0,0,0,0,60.77,30,60.31,60.84,57.9,0,0
2026-10-01T21:02:24.901000+09:00,2026-10-01T12:02:24.901000+00:00,094623,1161.2,1,0,0,0,0,13581,496,13581,0,0,0,0,4655,-28608,10326,6,4992,0,129,0,1,0,0,2,0,0,0,0,31082107,2018,0.21,538.65,1699.88,0,49.1,96.8,69.3,27.9,59.8,533.7,82.1,611.5,138.3,137.8,1025.4,371498,3905,12.62,90,1490,2.77,1.11,22.4,38.2,75,11.77,12361480,73369,75.96,3477.69,0,1200,400,720,240,4200,7500,8500,102,1.5,6000,0,0,0,0,0,63.63,30,53.89,58.11,57.8,0,0
2026-10-01T21:03:24.997000+09:00,2026-10-01T12:03:24.997000+00:00,094623,2317.6,1,0,0,0,0,13581,496,13581,0,0,0,0,4655,-28608,10326,6,4480,0,129,0,1,0,0,2,0,0,0,0,31082107,2018,0.29,1262.55,3580.13,0,49.1,98.8,68.1,27.8,59.5,528.9,78.7,617.6,144.9,144.5,1029.8,371498,3905,12.84,89,1500,2.69,1.17,33.1,43.7,75,30.89,12361484,73369,71.15,3477.7,0,1200,400,720,240,4200,7500,8500,102,1.5,6000,0,0,0,0,0,73.06,30,71.89,65.29,57.8,0,0
2026-10-01T21:04:25.088000+09:00,2026-10-01T12:04:25.088000+00:00,094623,1961.1,1,0,0,0,0,13581,501,13581,0,0,0,0,4655,-28608,18518,6,4992,528,129,0,1,0,0,2,0,0,0,0,31082107,2018,0.29,1113.62,3074.74,0,49.3,97.5,67.1,27.7,60.1,533.6,77.9,621.5,154.4,154.5,1081.8,371498,3905,12.69,89,1510,2.77,1.1,27,36.6,75,21.39,12361488,73369,81.14,3477.7,0,1200,400,720,240,4200,7500,8500,102,1.5,6000,0,0,0,0,0,62.98,30,61.88,57.44,57.8,0,0
2026-10-01T21:05:25.172000+09:00,2026-10-01T12:05:25.172000+00:00,094623,1612.9,1,0,0,0,0,13581,524,13581,0,0,0,0,4651,-28608,10326,6,4992,0,129,0,1,0,0,2,0,0,0,0,31082107,2018,0.32,957.37,2570.27,0,48.9,98.6,68.4,27.5,60.2,531.3,75.2,611.3,142,141.6,1047.4,371498,3905,12.86,90.3,1580,2.89,1.1,25.8,36.8,75,10.53,12361491,73369,59.16,3477.7,0,1200,400,720,240,4200,7500,8500,102,1.5,6000,0,0,0,0,0,65.37,30,64.2,59.72,57.8,0,0
2026-10-01T21:06:25.266000+09:00,2026-10-01T12:06:25.266000+00:00,094623,1219.8,1,0,0,0,0,13581,493,13581,0,0,0,0,4651,-28608,10326,6,4480,0,129,0,1,0,0,2,0,0,0,0,31082107,2018,0.24,576.49,1796.32,0,48.7,96.6,68.7,27.4,59.7,532.1,73.1,610,138.3,137.9,1035,371498,3905,12.75,94.1,1480,2.75,1.15,23.3,39.4,75,12.85,12361493,73369,70.89,3477.7,0,1200,400,720,240,4200,7500,8500,102,1.5,6000,0,0,0,0,0,63.39,30,53.79,70.6,57.8,0,0
2026-10-01T21:07:25.352000+09:00,2026-10-01T12:07:25.352000+00:00,094623,2238.2,1,0,0,0,0,13581,496,13581,0,0,0,0,4655,-28608,10326,6,4480,8,129,0,1,0,0,2,0,0,0,0,31082107,2018,0.25,1302.83,3541.06,0,48.9,100.7,68.1,27.3,59.5,529.3,73.5,618.5,145.8,145.7,1045.4,371498,3905,12.8,87.8,1500,2.7,1.16,33,43.9,75,31.2,12361497,73369,80.61,3477.7,0,1200,400,720,240,4200,7500,8500,102,1.5,6000,0,0,0,0,0,73.61,30,77.56,63.84,57.8,0,0
2026-10-01T21:08:25.451000+09:00,2026-10-01T12:08:25.451000+00:00,094623,2329.8,1,0,0,0,0,13581,501,13581,0,0,0,0,4651,-28608,10326,6,4992,0,129,0,1,0,0,2,0,0,0,0,31082107,2018,0.3,1203.96,3533.74,0,49.1,95.8,66.9,27.3,60.1,531.5,71.7,622.8,155.7,155.8,1032.5,371499,3906,12.76,87.5,1510,2.73,1.14,31,40.8,75,28.74,12361502,73369,78.33,3477.7,0,1200,400,720,240,4200,7500,8500,102,1.5,6000,0,0,0,0,0,67.27,30,60.66,56.57,57.8,0,0
2026-10-01T21:09:25.546000+09:00,2026-10-01T12:09:25.546000+00:00,094623,1737.4,1,0,0,0,0,13581,503,13581,0,0,0,0,4651,-28608,18518,6,4992,528,129,0,1,0,0,0,0,0,0,0,31082107,2018,0.42,954.92,2692.34,0,48.9,98.9,67.8,27.2,60.3,533.4,75.1,614.9,144.5,144.3,1036.8,371499,3906,12.86,91.5,1580,2.79,1.14,26.6,37.3,75,10.83,12361505,73369,60.54,3477.7,0,1200,400,720,240,4200,7500,8500,102,1.5,6000,0,0,0,0,0,58.73,30,60.05,57.6,57.9,0,0
2026-10-01T21:10:25.635000+09:00,2026-10-01T12:10:25.635000+00:00,094623,1838.7,1,0,0,0,0,13581,458,13581,0,0,0,0,4651,-28608,10326,6,4992,0,129,0,1,0,0,0,0,0,0,0,31082107,2018,0.33,972.01,2810.75,0,48.7,97.7,68.8,27.1,59.9,530.9,72.7,613.6,139.5,139.2,1056.2,371499,3906,12.5,93.2,1470,2.52,1.3,27.9,38.3,75,11.71,12361507,73369,64.97,3477.7,0,1200,400,720,240,4200,7500,8500,102,1.5,6000,0,0,0,0,0,61.7,30,55.32,64.66,57.8,0,0
2026-10-01T21:11:25.731000+09:00,2026-10-01T12:11:25.731000+00:00,094623,2207.7,1,0,0,0,0,13581,494,13581,0,0,0,0,4651,-28608,10326,590,4480,8192,129,0,1,0,0,2,0,0,0,0,31082107,2018,0.23,1128.27,3335.98,0,48.7,98.8,68.6,27,59.6,525.5,73.4,620.3,144.8,144.8,1040.4,371499,3906,12.86,89.2,1490,2.7,1.15,32.2,43.5,75,29.45,12361510,73369,80.69,3477.7,0,1200,400,720,240,4200,7500,8500,102,1.5,6000,0,0,0,0,0,73.91,30,71.27,67.55,57.8,0,0
2026-10-01T21:12:25.824000+09:00,2026-10-01T12:12:25.824000+00:00,094623,2370.1,1,0,0,0,0,13581,494,13581,0,0,0,0,4655,-28608,12374,6,4512,72,129,0,1,0,0,2,0,0,0,0,31082107,2018,0.25,1255.23,3625.29,0,49,97.6,67.3,26.9,60.1,532.3,71.9,620.8,153,153,1048.1,371499,3906,12.93,86.4,1490,2.7,1.16,33.1,43.1,75,31.4,12361516,73369,79.62,3477.71,0,1200,400,720,240,4200,7500,8500,102,1.5,6000,0,0,0,0,0,70.79,30,69.42,56.41,57.8,0,0
2026-10-01T21:13:25.914000+09:00,2026-10-01T12:13:25.914000+00:00,094623,2434.8,1,0,0,0,0,13582,494,13582,0,0,0,0,4651,-28608,10326,6,4480,0,129,0,1,0,0,2,0,0,0,0,31082107,2018,0.36,1371.2,3805.96,0,49,97,66.5,26.9,60.5,535.7,72.3,624.8,155.3,155.2,1042.5,371499,3906,12.74,89.7,1490,2.68,1.16,33.5,42.5,75,31.47,12361521,73369,73.81,3477.71,0,1200,400,720,240,4200,7500,8500,102,1.5,6000,0,0,0,0,0,66.54,30,65.77,62.9,57.8,0,0
2026-10-01T21:14:26.060000+09:00,2026-10-01T12:14:26.060000+00:00,094623,1505.5,1,0,0,0,0,13582,500,13582,0,0,0,0,4651,-28608,18518,6,4992,528,129,0,1,0,0,2,0,0,0,0,31082107,2018,0.29,653.4,2158.88,0,49.2,99,67.6,26.8,60.9,540.4,71.5,622.1,152.3,152.1,1038.9,371500,3907,12.88,90.9,1510,2.78,1.11,23.7,37.4,75,15.09,12361525,73369,84.31,3477.71,0,1200,400,720,240,4200,7500,8500,102,1.5,6000,0,0,0,0,0,57.87,30,62.04,57.98,57.8,0,0
2026-10-01T21:15:26.209000+09:00,2026-10-01T12:15:26.209000+00:00,094623,1631.2,1,0,0,0,0,13582,523,13582,0,0,0,0,4655,-28608,10390,6,21376,0,129,0,1,0,0,2,0,0,0,0,31082107,2018,0.32,942.72,2573.93,0,49,97.3,69.4,26.8,60.5,533.3,78,613.5,140.5,139.8,1032.7,371500,3907,12.9,92.4,1580,2.88,1.13,26.2,38,75,10.61,12361527,73369,63.48,3477.71,0,1200,400,720,240,4200,7500,8500,102,1.5,6000,0,0,0,0,0,66.92,30,59.27,67.01,57.8,0,0
2026-10-01T21:16:26.306000+09:00,2026-10-01T12:16:26.306000+00:00,094623,1505.5,1,0,0,0,0,13582,494,13582,0,0,0,0,4651,-28608,10326,518,4480,0,129,0,1,0,0,2,0,0,0,0,31082107,2018,0.25,671.71,2177.19,0,49,99.1,69.1,26.8,60,530.7,77,610.7,136.9,136.2,1025.2,371500,3907,12.63,89.7,1490,2.71,1.18,26.7,44.1,75,18.31,12361530,73369,71.87,3477.71,0,1200,400,720,240,4200,7500,8500,102,1.5,6000,0,0,0,0,0,68.24,30,65.35,61.98,57.8,0,0
2026-10-01T21:17:26.389000+09:00,2026-10-01T12:17:26.389000+00:00,094623,2470.2,1,0,0,0,0,13582,497,13582,0,0,0,0,4651,-28608,12438,6,20896,72,129,0,1,0,0,2,0,0,0,0,31082107,2018,0.28,1274.76,3744.93,0,49.1,98.2,67.7,26.8,60,529.9,71,622.5,148.8,148.8,1047.7,371500,3907,12.8,88.1,1500,2.71,1.16,33.7,43,75,31.25,12361534,73369,78.54,3477.71,0,1200,400,720,240,4200,7500,8500,102,1.5,6000,0,0,0,0,0,72.05,30,70.9,62.43,57.8,0,0
2026-10-01T21:18:26.488000+09:00,2026-10-01T12:18:26.488000+00:00,094623,1706.9,1,0,0,0,0,13582,502,13582,0,0,0,0,4655,-26560,10326,6,4992,0,129,0,1,0,0,2,0,0,0,0,31082107,2018,0.28,752.28,2459.18,0,49.1,98.1,67.3,26.7,60.6,536.1,74.1,623.4,152.2,152,1050,371500,3907,12.71,88.9,1510,2.78,1.09,25,36.9,75,18.31,12361539,73369,79.67,3477.71,0,1200,400,720,240,4200,7500,8500,102,1.5,6000,0,0,0,0,0,61.19,30,62.22,53.63,57.8,0,0
2026-10-01T21:19:26.563000+09:00,2026-10-01T12:19:26.563000+00:00,094623,1127.0,1,0,0,0,0,13582,496,13582,0,0,0,0,4651,-28608,18534,6,13188,528,129,0,1,0,0,2,0,0,0,0,31082107,2018,0.34,462.96,1590.01,0,48.7,97.9,68.6,26.6,60.3,537.2,73.9,611.9,139.4,138.7,1021,371500,3907,12.42,91.1,1490,2.77,1.1,21.9,38.8,75,11.56,12361541,73369,57.27,3477.71,0,1200,400,720,240,4200,7500,8500,102,1.5,6000,0,0,0,0,0,61.7,30,57.84,56.53,57.9,0,0
2026-10-01T21:20:26.659000+09:00,2026-10-01T12:20:26.659000+00:00,094623,1420.0,1,0,0,0,0,13582,494,13582,0,0,0,0,4651,-28608,10326,6,4480,0,129,0,1,0,0,2,0,0,0,0,31082107,2018,0.24,664.39,2084.41,0,48.6,96.9,68.5,26.6,59.7,530.8,75.2,609.8,135.5,134.9,1032.2,371501,3908,12.88,94.4,1490,2.74,1.2,25.6,42.2,75,16.09,12361543,73369,74.24,3477.72,0,1200,400,720,240,4200,7500,8500,102,1.5,6000,0,0,0,0,0,65.33,30,57.16,74.02,57.8,0,0
2026-10-01T21:21:26.761000+09:00,2026-10-01T12:21:26.761000+00:00,094623,2497.9,1,0,0,0,0,13582,495,13582,0,0,0,0,4655,-28608,10326,6,4480,0,129,0,1,0,0,2,0,0,0,0,31082107,2018,0.22,1521.65,4019.59,0,48.9,100.3,67.9,26.6,59.8,526,71.4,620,148.5,148.3,1057.6,371501,3908,12.77,87.2,1490,2.7,1.16,34,41.5,75,31.27,12361548,73369,85.31,3477.72,0,1200,400,720,240,4200,7500,8500,102,1.5,6000,0,0,0,0,0,72.89,30,77.37,61.63,57.8,0,0
2026-10-01T21:22:26.850000+09:00,2026-10-01T12:22:26.850000+00:00,094623,1672.7,1,0,0,0,0,13582,502,13582,0,0,0,0,4651,-28608,12374,6,5024,72,129,0,1,0,0,2,0,0,0,0,31082107,2018,0.33,771.81,2444.53,0,49,96.3,67.3,26.5,60.5,535.8,68.1,621.7,151.3,151.2,1061.5,371501,3908,12.79,88,1510,2.78,1.1,25.1,37.3,75,17.81,12361552,73369,72.18,3477.72,0,1200,400,720,240,4200,7500,8500,102,1.5,6000,0,0,0,0,0,61.83,30,55.24,50.18,57.8,0,0
2026-10-01T21:23:26.945000+09:00,2026-10-01T12:23:26.945000+00:00,094623,1153.9,1,0,0,0,0,13582,493,13582,0,0,0,0,4655,-26560,10326,518,4992,0,129,0,1,0,0,0,0,0,0,0,31082107,2018,0.47,522.78,1676.69,0,48.6,98.3,68.2,26.5,60.2,535.2,74.4,610.4,139.5,138.9,1032.2,371501,3908,12.67,90.7,1490,2.75,1.1,22.1,37.9,75,11.72,12361555,73369,59.23,3477.72,0,1200,400,720,240,4200,7500,8500,102,1.5,6000,0,0,0,0,0,60.76,30,59.37,53.8,57.8,0,0
2026-10-01T21:24:27.018000+09:00,2026-10-01T12:24:27.018000+00:00,094623,1395.6,1,0,0,0,0,13582,493,13582,0,0,0,0,4651,-28608,18518,6,4480,528,129,0,1,0,0,2,0,0,0,0,31082107,2018,0.19,674.15,2069.77,0,48.5,98.5,68.4,26.5,59.7,531,72.7,608,136,135.4,1026.4,371501,3908,12.74,95.4,1490,2.74,1.18,25.5,42.1,75,15.69,12361557,73369,76.8,3477.72,0,1200,400,720,240,4200,7500,8500,102,1.5,6000,0,0,0,0,0,64.65,30,61.39,76.2,57.8,0,0
2026-10-01T21:25:27.123000+09:00,2026-10-01T12:25:27.123000+00:00,094623,2458.0,1,0,0,0,0,13582,495,13582,0,0,0,0,4655,-28608,10326,518,4480,0,129,0,1,0,0,2,0,0,0,0,31082107,2018,0.22,1299.17,3757.13,0,48.9,100,68,26.5,59.7,527.6,70,617.4,148.5,148.6,1038.5,371501,3908,12.55,87.1,1500,2.7,1.15,33.5,42.5,75,30.85,12361561,73369,85.81,3477.72,0,1200,400,720,240,4200,7500,8500,102,1.5,6000,0,0,0,0,0,73.22,30,76.53,61.16,57.8,0,0
2026-10-01T21:26:27.224000+09:00,2026-10-01T12:26:27.224000+00:00,094623,1995.3,1,0,0,0,0,13582,500,13582,0,0,0,0,4651,-28608,10326,6,4992,0,129,0,1,0,0,2,0,0,0,0,31082107,2018,0.32,979.34,2974.64,0,48.8,95.9,66.8,26.5,60.4,533.9,68.4,623,154,154,1081.7,371502,3909,12.71,88,1510,2.78,1.1,27.2,37.4,75,21.88,12361566,73369,70.94,3477.72,0,1200,400,720,240,4200,7500,8500,102,1.5,6000,0,0,0,0,0,62.27,30,56.67,52.22,57.8,0,0
2026-10-01T21:27:27.323000+09:00,2026-10-01T12:27:27.323000+00:00,094623,1641.0,1,0,0,0,0,13582,518,13582,0,0,0,0,4651,-28608,12374,6,5024,72,129,0,1,0,0,0,0,0,0,0,31082107,2018,0.41,825.53,2466.51,0,48.6,98.8,68.2,26.5,60.3,534.6,71.6,608.3,140.4,140.2,1033.5,371502,3909,12.32,90.8,1580,2.85,1.12,26.2,38.6,75,9.95,12361569,73369,60.39,3477.72,0,1200,400,720,240,4200,7500,8500,102,1.5,6000,0,0,0,0,0,62.32,30,62.71,57.34,57.8,0,0
2026-10-01T21:28:27.408000+09:00,2026-10-01T12:28:27.408000+00:00,094623,1267.4,1,0,0,0,0,13582,494,13582,0,0,0,0,4651,-28608,10326,6,4480,0,129,0,1,0,0,2,0,0,0,0,31082107,2018,0.21,605.79,1873.23,0,48.4,98,68.7,26.5,59.7,532.5,77,606.3,136.9,136.4,1037,371502,3909,12.39,94.5,1490,2.76,1.15,23.3,39,75,11.95,12361571,73369,76.77,3477.73,0,1200,400,720,240,4200,7500,8500,102,1.5,6000,0,0,0,0,0,62.83,30,57.33,71.19,57.9,0,0
2026-10-01T21:29:27.506000+09:00,2026-10-01T12:29:27.506000+00:00,094623,2333.4,1,0,0,0,0,13582,496,13582,0,0,0,0,4651,-28608,10326,6,4480,0,129,0,1,0,0,2,0,0,0,0,31082107,2018,0.2,1266.21,3599.66,0,48.6,99.7,68.1,26.4,59.6,528.1,72.7,617.1,147.7,147.6,1033.5,371502,3909,12.9,87.7,1500,2.71,1.15,33.1,43.2,75,30.93,12361575,73369,80.63,3477.73,0,1200,400,720,240,4200,7500,8500,102,1.5,6000,0,0,0,0,0,73.1,30,74.96,62.98,57.8,0,0
2026-10-01T21:30:27.609000+09:00,2026-10-01T12:30:27.609000+00:00,094623,2099.1,1,0,0,0,0,13582,503,13582,0,0,0,0,4655,-28608,10326,6,4992,0,129,0,1,0,0,2,0,0,0,0,31082107,2018,0.29,1073.34,3172.4,0,48.8,96.5,67.1,26.4,60.3,530.2,82.7,622.8,155.6,155.5,1048.2,371502,3909,12.76,87.5,1510,2.78,1.09,27.4,35.9,75,22.74,12361580,73369,73.28,3477.73,0,1200,400,720,240,4200,7500,8500,102,1.5,6000,0,0,0,0,0,63.73,30,58.82,51.9,57.8,0,0
2026-10-01T21:31:27.693000+09:00,2026-10-01T12:31:27.693000+00:00,094623,1573.8,1,0,0,0,0,13582,430,13582,0,0,0,0,4651,-28608,10326,6,4992,0,129,0,1,0,0,0,0,0,0,0,31082107,2018,0.41,666.83,2240.67,0,48.5,98.4,68.2,26.4,60.3,536,75.7,611,141.8,141.2,1023,371502,3909,12.65,91.3,1310,2.44,1.78,27.5,41.1,75,11.72,12361582,73369,55.45,3477.73,0,1200,400,720,240,4200,7500,8500,102,1.5,6000,0,0,0,0,0,59.03,30,57.36,55,57.8,0,0
2026-10-01T21:32:27.806000+09:00,2026-10-01T12:32:27.806000+00:00,094623,1167.3,1,0,0,0,0,13582,496,13582,0,0,0,0,4651,-28608,12374,6,4480,0,129,0,1,0,0,0,0,0,0,0,31082107,2018,0.24,522.78,1690.11,0,48.4,98.7,68.6,26.4,59.6,533.9,85,607.8,137.4,136.8,1020.5,371503,3910,12.63,94.5,1490,2.79,1.13,22.8,39.3,75,11.53,12361584,73369,67.02,3477.73,0,1200,400,720,240,4200,7500,8500,102,1.5,6000,0,0,0,0,0,62.41,30,59.12,69.84,57.8,0,0
2026-10-01T21:33:27.906000+09:00,2026-10-01T12:33:27.906000+00:00,094623,2229.7,1,0,0,0,0,13582,495,13582,0,0,0,0,4651,-28608,10326,6,4480,0,129,0,1,0,0,2,0,0,0,0,31082107,2018,0.21,1247.9,3477.58,0,48.6,99.2,68.2,26.4,59.5,528,79.2,615.3,146.3,146.2,1034.9,371503,3910,12.91,87.7,1500,2.73,1.16,32.9,43.8,75,31.09,12361588,73369,85.01,3477.73,0,1200,400,720,240,4200,7500,8500,102,1.5,6000,0,0,0,0,0,73.48,30,73.16,63.48,57.8,0,0
2026-10-01T21:34:27.985000+09:00,2026-10-01T12:34:27.985000+00:00,094623,2230.9,1,0,0,0,0,13582,496,13582,0,0,0,0,4655,-28608,10390,590,20864,8192,129,0,1,0,0,2,0,0,0,0,31082107,2018,0.22,1167.33,3398.24,0,48.8,96.2,66.7,26.4,60,537.2,74.1,618.1,152,152,1024.6,371503,3910,12.55,87.5,1500,2.72,1.15,32.6,44.2,75,31.08,12361593,73369,74.12,3477.73,0,1200,400,720,240,4200,7500,8500,102,1.5,6000,0,0,0,0,0,68.38,30,65.01,57.97,57.8,0,0
2026-10-01T21:35:28.086000+09:00,2026-10-01T12:35:28.086000+00:00,094623,2450.6,1,0,0,0,0,13582,495,13582,0,0,0,0,4655,-28608,10326,6,4480,0,129,0,1,0,0,2,0,0,0,0,31082107,2018,0.35,1262.55,3713.19,0,48.8,97.8,66.4,26.4,60.4,536.6,72.8,621.5,155.7,155.6,1017.3,371503,3910,12.7,92.8,1500,2.7,1.16,33.5,43.2,75,31.47,12361599,73369,75.91,3477.73,0,1200,400,720,240,4200,7500,8500,102,1.5,6000,0,0,0,0,0,64.91,30,67.76,72.62,57.8,0,0
2026-10-01T21:36:28.183000+09:00,2026-10-01T12:36:28.183000+00:00,094623,1855.8,1,0,0,0,0,13582,501,13582,0,0,0,0,4651,-28608,10390,6,21376,0,129,0,1,0,0,2,0,0,0,0,31082107,2018,0.22,853.6,2709.43,0,49.2,99.5,67.8,26.4,60.9,539.2,69.9,623.8,157.2,157.1,1031.6,371503,3910,12.74,88.6,1510,2.76,1.1,26.2,37.5,75,19.97,12361603,73369,92.43,3477.74,0,1200,400,720,240,4200,7500,8500,102,1.5,6000,0,0,0,0,0,60.25,30,67.25,54.39,57.8,0,0
2026-10-01T21:37:28.288000+09:00,2026-10-01T12:37:28.288000+00:00,094623,1283.3,1,0,0,0,0,13582,518,13582,0,0,0,0,4651,-28608,18518,6,4992,528,129,0,1,0,0,2,0,0,0,0,31082107,2018,0.35,735.19,2018.49,0,48.8,98,69.4,26.4,60.7,531.1,73.4,613,144.5,143.8,1026.4,371503,3910,12.76,89.1,1550,2.89,1.02,22.1,33.7,75,14.79,12361606,73369,49.94,3477.74,0,1200,400,720,240,4200,7500,8500,102,1.5,6000,0,0,0,0,0,62.01,30,58.17,49.71,57.9,0,0
2026-10-01T21:38:28.380000+09:00,2026-10-01T12:38:28.380000+00:00,094623,1203.9,1,0,0,0,0,13582,494,13582,0,0,0,0,4651,-28608,10342,6,12676,0,129,0,1,0,0,0,0,0,0,0,31082107,2018,0.36,561.85,1765.8,0,48.6,97.1,69.3,26.4,60.2,535.6,73.9,608.9,139.2,138.6,1008.6,371504,3911,12.8,95,1490,2.72,1.16,23.9,41.6,75,13.91,12361608,73369,68.16,3477.74,0,1200,400,720,240,4200,7500,8500,102,1.5,6000,0,0,0,0,0,64.76,30,56.59,70.7,57.8,0,0
2026-10-01T21:39:28.480000+09:00,2026-10-01T12:39:28.480000+00:00,094623,2313.9,1,0,0,0,0,13582,496,13582,0,0,0,0,4651,-28608,10326,6,4480,0,129,0,1,0,0,2,0,0,0,0,31082107,2018,0.25,1278.42,3592.33,0,49.1,101.5,68.6,26.3,59.9,529.6,70.7,617.7,148.1,147.8,1042.7,371504,3911,12.81,87.3,1500,2.72,1.16,33.2,43.2,75,31.26,12361612,73369,97.32,3477.74,0,1200,400,720,240,4200,7500,8500,102,1.5,6000,0,0,0,0,0,74.61,30,80.01,61.77,57.8,0,0
2026-10-01T21:40:28.591000+09:00,2026-10-01T12:40:28.591000+00:00,094623,2486.9,1,0,0,0,0,13582,501,13582,0,0,0,0,4655,-28608,12374,6,5024,8,129,0,1,0,0,2,0,0,0,0,31082107,2018,0.3,1550.95,4037.9,0,49,94.9,67.2,26.3,60.5,530.2,66.4,621.3,158.2,158.3,1026.2,371504,3911,12.86,88,1510,2.75,1.15,31.7,38.8,75,28.84,12361617,73369,76.17,3477.74,0,1200,400,720,240,4200,7500,8500,102,1.5,6000,0,0,0,0,0,68.33,30,58.09,57.73,57.9,0,0
2026-10-01T21:41:28.745000+09:00,2026-10-01T12:41:28.745000+00:00,094623,1772.8,1,0,0,0,0,13582,431,13582,0,0,0,0,4651,-28608,10326,6,4992,0,129,0,1,0,0,0,0,0,0,0,31082107,2018,0.42,813.32,2586.14,0,48.8,100.2,67.8,26.3,60.7,535.8,68.3,613.6,147.6,147.2,1048.1,371504,3911,12.7,90,1410,2.46,1.37,27.6,38.7,75,11.27,12361620,73369,63.42,3477.74,0,1200,400,720,240,4200,7500,8500,102,1.5,6000,0,0,0,0,0,57.65,30,63.51,51.57,57.9,0,0
2026-10-01T21:42:28.814000+09:00,2026-10-01T12:42:28.814000+00:00,094623,1526.2,1,0,0,0,0,13582,433,13582,0,0,0,0,4651,-28608,18518,6,4992,528,129,0,1,0,0,0,0,0,0,0,31082107,2018,0.27,620.44,2146.67,0,48.6,97.5,68.8,26.3,60.3,535.8,69.2,610.1,140.2,139.6,1018.5,371504,3911,12.46,94,1280,2.49,1.98,27.6,41.3,75,11.56,12361622,73369,66.7,3477.74,0,1200,400,720,240,4200,7500,8500,102,1.5,6000,0,0,0,0,0,61.38,30,54.33,66.45,57.9,0,0
2026-10-01T21:43:28.910000+09:00,2026-10-01T12:43:28.910000+00:00,094623,2051.4,1,0,0,0,0,13582,493,13582,0,0,0,0,4651,-28608,10326,6,4480,0,129,0,1,0,0,2,0,0,0,0,31082107,2018,0.22,1130.71,3182.16,0,48.7,98.5,68.6,26.3,59.8,528.5,71.6,611.5,143.2,142.9,1016.8,371504,3911,12.77,88.9,1490,2.71,1.17,32.1,45.1,75,29.68,12361626,73369,83.49,3477.74,0,1200,400,720,240,4200,7500,8500,102,1.5,6000,0,0,0,0,0,74.05,30,70.26,66.77,57.9,0,0
2026-10-01T21:44:29.006000+09:00,2026-10-01T12:44:29.006000+00:00,094623,2418.9,1,0,0,0,0,13582,496,13582,0,0,0,0,4655,-28608,10326,6,4480,0,129,0,1,0,0,2,0,0,0,0,31082107,2018,0.21,1411.48,3830.38,0,48.9,97,66.9,26.3,60.1,533.5,69.1,619.4,153.8,154,1033.5,371505,3912,12.71,86.6,1500,2.71,1.17,33.7,42.9,75,31.44,12361631,73369,77.96,3477.75,0,1200,400,720,240,4200,7500,8500,102,1.5,6000,0,0,0,0,0,69.55,30,67.93,56.68,57.9,0,0
2026-10-01T21:45:29.079000+09:00,2026-10-01T12:45:29.079000+00:00,094623,1715.4,1,0,0,0,0,13582,499,13582,0,0,0,0,4655,-28608,12374,6,5024,72,129,0,1,0,0,2,0,0,0,0,31082107,2018,0.33,903.65,2619.1,0,48.8,98.4,66.6,26.3,60.7,535.6,73.2,622,156.5,156.3,1060.7,371505,3912,12.71,89.7,1510,2.78,1.11,25.1,35.9,75,17.36,12361635,73369,70.73,3477.75,0,1200,400,720,240,4200,7500,8500,102,1.5,6000,0,0,0,0,0,57.03,30,60.84,54.03,57.9,0,0
2026-10-01T21:46:29.178000+09:00,2026-10-01T12:46:29.178000+00:00,094623,1184.4,1,0,0,0,0,13582,496,13582,0,0,0,0,4651,-28608,10326,6,4992,0,129,0,1,0,0,2,0,0,0,0,31082107,2018,0.32,515.46,1699.88,0,48.5,97.3,69,26.3,60.5,536.4,73.7,613.2,143.5,143,1028.7,371505,3912,12.87,93,1500,2.78,1.12,22.4,38.4,75,11.75,12361638,73369,62.98,3477.75,0,1200,400,720,240,4200,7500,8500,102,1.5,6000,0,0,0,0,0,61.26,30,55,62.61,57.9,0,0
2026-10-01T21:47:29.260000+09:00,2026-10-01T12:47:29.260000+00:00,094623,1549.4,1,0,0,0,0,13582,495,13582,0,0,0,0,4655,-26560,18518,590,4480,8720,129,0,1,0,0,2,0,0,0,0,31082107,2018,0.23,714.44,2263.86,0,48.6,98.5,69.1,26.3,60,527,83.8,611.1,140.7,140.3,1009.6,371505,3912,12.63,90,1490,2.75,1.18,26.2,41,75,16.99,12361640,73369,80.53,3477.75,0,1200,400,720,240,4200,7500,8500,102,1.5,6000,0,0,0,0,0,66.7,30,60.89,61.77,57.9,0,0
2026-10-01T21:48:29.353000+09:00,2026-10-01T12:48:29.353000+00:00,094623,2343.2,1,0,0,0,0,13582,494,13582,0,0,0,0,4655,-28608,10326,6,4480,0,129,0,1,0,0,2,0,0,0,0,31082107,2018,0.21,1229.59,3572.8,0,48.6,97.3,67.8,26.3,60,531.3,75.9,621.5,151.1,151.3,1027.7,371505,3912,12.67,87.6,1500,2.7,1.15,33,43.1,75,31.3,12361644,73369,80.54,3477.75,0,1200,400,720,240,4200,7500,8500,102,1.5,6000,0,0,0,0,0,72.31,30,67.94,60.76,57.9,0,0
2026-10-01T21:49:29.451000+09:00,2026-10-01T12:49:29.451000+00:00,094623,2453.1,1,0,0,0,0,13582,502,13582,0,0,0,0,4655,-28608,10326,518,4992,0,129,0,1,0,0,2,0,0,0,0,31082107,2018,0.33,1366.31,3819.39,0,48.7,98.5,66.6,26.2,60.5,530,79.7,626.1,156.6,156.6,1093,371505,3912,12.65,88.3,1510,2.75,1.13,30.8,38.5,75,26.89,12361649,73369,75.21,3477.75,0,1200,400,720,240,4200,7500,8500,102,1.5,6000,0,0,0,0,0,64.73,30,66.88,56.72,57.9,0,0
2026-10-01T21:50:29.544000+09:00,2026-10-01T12:50:29.544000+00:00,094623,1371.2,1,0,0,0,0,13582,521,13582,0,0,0,0,4651,-28608,12374,6,5024,72,129,0,1,0,0,0,0,0,0,0,31082107,2018,0.39,674.15,2045.35,0,48.5,97.3,68.2,26.2,60.7,532.6,72.2,613,144.1,143.5,1016.5,371506,3913,12.8,91.6,1570,2.91,1.02,23,35.4,75,18.7,12361652,73369,63.5,3477.75,0,1200,400,720,240,4200,7500,8500,102,1.5,6000,0,0,0,0,0,61.43,30,58.07,59.14,57.9,0,0
2026-10-01T21:51:29.658000+09:00,2026-10-01T12:51:29.658000+00:00,094623,1381.0,1,0,0,0,0,13582,521,13582,0,0,0,0,4655,-28608,10326,582,4992,0,129,0,1,0,0,2,0,0,0,0,31082107,2018,0.28,740.07,2121.04,0,48.3,99.1,68.9,26.2,60.1,530.7,77.8,608.5,136.9,136.1,1010.3,371506,3913,12.88,93.2,1570,2.92,1.05,23.5,36.2,75,18.5,12361654,73369,67.22,3477.75,0,1200,400,720,240,4200,7500,8500,102,1.5,6000,0,0,0,0,0,65.05,30,63.73,67.55,57.9,0,0
2026-10-01T21:52:29.733000+09:00,2026-10-01T12:52:29.733000+00:00,094623,2228.5,1,0,0,0,0,13582,495,13582,0,0,0,0,4651,-28608,18518,6,4480,528,129,0,1,0,0,2,0,0,0,0,31082107,2018,0.24,1131.93,3360.39,0,48.5,97.2,68.3,26.2,59.6,527.6,71.5,615.1,143,142.8,1027.6,371506,3913,12.64,89.5,1500,2.71,1.16,32.6,44.1,75,30.24,12361658,73369,80.05,3477.75,0,1200,400,720,240,4200,7500,8500,102,1.5,6000,0,0,0,0,0,73.16,30,65.18,68.52,57.9,0,0
2026-10-01T21:53:29.842000+09:00,2026-10-01T12:53:29.842000+00:00,094623,2596.8,1,0,0,0,0,13582,495,13582,0,0,0,0,4655,-26560,10390,590,21376,8192,129,0,1,0,0,2,0,0,0,0,31082107,2018,0.22,1572.92,4169.74,0,48.7,97.1,67.3,26.2,60.2,529,74.5,623.6,152.9,152.8,1040.6,371506,3913,12.36,86.5,1500,2.69,1.17,34.4,41.5,75,31.46,12361663,73369,81.45,3477.76,0,1200,400,720,240,4200,7500,8500,102,1.5,6000,0,0,0,0,0,70.28,30,67.49,56.37,57.9,0,0
2026-10-01T21:54:29.925000+09:00,2026-10-01T12:54:29.925000+00:00,094623,1265.0,1,0,0,0,0,13582,502,13582,0,0,0,0,4655,-28608,10326,6,4992,0,129,0,1,0,0,0,0,0,0,0,31082107,2018,0.39,598.47,1863.46,0,48.6,99.7,67.6,26.2,60.5,531.9,73.7,618.8,147,146.6,1047.2,371506,3913,12.68,90.5,1490,2.8,1.02,21.3,33.8,75,12.63,12361666,73369,55.08,3477.76,0,1200,400,720,240,4200,7500,8500,102,1.5,6000,0,0,0,0,0,58.06,30,61.71,53.37,57.9,0,0
2026-10-01T21:55:30.020000+09:00,2026-10-01T12:55:30.020000+00:00,094623,1207.6,1,0,0,0,0,13582,508,13582,0,0,0,0,4655,-28608,12390,518,13220,72,129,0,1,0,0,0,0,0,0,0,31082107,2018,0.32,611.9,1819.51,0,48.3,96.3,68.7,26.2,60.2,529.6,75.8,613.9,140.7,140.1,1017.5,371506,3913,12.74,93.9,1510,2.85,1.02,21.4,33.6,75,12.08,12361669,73369,68.82,3477.76,0,1200,400,720,240,4200,7500,8500,102,1.5,6000,0,0,0,0,0,61.96,30,52.53,66.67,57.9,0,0
2026-10-01T21:56:30.114000+09:00,2026-10-01T12:56:30.114000+00:00,094623,2138.1,1,0,0,0,0,13582,494,13582,0,0,0,0,4655,-28608,10326,6,4480,0,129,0,1,0,0,2,0,0,0,0,31082107,2018,0.22,1113.62,3251.75,0,48.4,99.5,68.6,26.2,59.8,524.9,71.7,615.7,142.1,141.9,1029.8,371507,3914,12.75,88.5,1490,2.72,1.17,31.5,43.4,75,27.51,12361671,73369,75.67,3477.76,0,1200,400,720,240,4200,7500,8500,102,1.5,6000,0,0,0,0,0,72.67,30,71.61,63.39,57.9,0,0
2026-10-01T21:57:30.218000+09:00,2026-10-01T12:57:30.218000+00:00,094623,2390.8,1,0,0,0,0,13582,497,13582,0,0,0,0,4651,-28608,18518,6,4480,0,129,0,1,0,0,2,0,0,0,0,31082107,2018,0.24,1196.63,3587.45,0,48.5,96.5,67.4,26.2,60.1,532.3,71.8,623,152.9,153,1034.4,371507,3914,12.9,86.9,1500,2.73,1.14,33,42.9,75,31.32,12361676,73369,78.31,3477.76,0,1200,400,720,240,4200,7500,8500,102,1.5,6000,0,0,0,0,0,71.06,30,65.21,56.66,57.9,0,0
2026-10-01T21:58:30.326000+09:00,2026-10-01T12:58:30.326000+00:00,094623,2464.1,1,0,0,0,0,13582,502,13582,0,0,0,0,4651,-28608,10326,6,4992,0,129,0,1,0,0,2,0,0,0,0,31082107,2018,0.38,1284.52,3748.59,0,48.5,98.1,66.7,26.2,60.5,532.9,74.7,628.6,157.4,157.5,1058.3,371507,3914,12.3,89.6,1520,2.74,1.14,31.9,40.7,75,29.98,12361682,73369,76.01,3477.76,0,1200,400,720,240,4200,7500,8500,102,1.5,6000,0,0,0,0,0,66.22,30,66.91,60.8,57.9,0,0
2026-10-01T21:59:30.417000+09:00,2026-10-01T12:59:30.417000+00:00,094623,1560.7,1,0,0,0,0,13582,497,13582,0,0,0,0,4655,-26560,10326,6,4992,0,129,0,1,0,0,0,0,0,0,0,31082107,2018,0.4,0,1560.72,0,48.5,97.6,68.1,26.2,60.6,538,72.4,617.9,146.8,146.5,1030.9,371507,3914,12.76,91.4,1500,2.79,1.12,22.4,37.5,75,11.59,12361685,73369,70.34,3477.76,0,1200,400,720,240,4200,7500,8500,102,1.5,6000,0,0,0,0,0,58.36,30,55.28,56.82,57.9,0,0
2026-10-01T22:00:30.501000+09:00,2026-10-01T13:00:30.501000+00:00,094623,1246.7,1,0,0,0,0,13582,497,13582,0,0,0,0,4651,-28608,12374,518,5024,8,129,0,1,0,0,2,0,0,0,0,31082107,2018,0.25,586.26,1832.94,0,48.3,98.8,69,26.2,60.2,533,71.2,613.9,141.3,140.8,1031.1,371507,3914,12.7,92.9,1500,2.78,1.13,22.8,37.5,75,11.01,12361687,73369,72.07,3477.76,0,1200,400,720,240,4200,7500,8500,102,1.5,6000,0,0,0,0,0,62.27,30,59.58,65.25,57.9,0,0
2026-10-01T22:01:30.582000+09:00,2026-10-01T13:01:30.582000+00:00,094623,2211.4,1,0,0,0,0,13582,495,13582,0,0,0,0,4651,-28608,10326,6,4480,0,129,0,1,0,0,2,0,0,0,0,31082107,2018,0.25,1214.94,3426.31,0,48.4,98,68.6,26.2,59.9,525,69.2,618.8,145,144.8,1029.2,371507,3914,12.62,88.3,1490,2.7,1.16,32.1,43,75,29.3,12361690,73369,69.43,3477.77,0,1200,400,720,240,4200,7500,8500,102,1.5,6000,0,0,0,0,0,73.27,30,67.76,62.61,57.9,0,0
2026-10-01T22:02:30.679000+09:00,2026-10-01T13:02:30.679000+00:00,094623,2189.4,1,0,0,0,0,13582,496,13582,0,0,0,0,4655,-28608,10326,6,4480,0,129,0,1,0,0,2,0,0,0,0,31082107,2018,0.28,993.99,3183.39,0,48.6,97.7,67.3,26.2,60.2,537.7,68.3,622.5,152.5,152.5,1037.6,371508,3915,12.77,88,1500,2.7,1.15,32.2,45.3,75,31.48,12361695,73369,80.2,3477.77,0,1200,400,720,240,4200,7500,8500,102,1.5,6000,0,0,0,0,0,70.36,30,69.15,59.86,57.9,0,0
2026-10-01T22:03:30.757000+09:00,2026-10-01T13:03:30.757000+00:00,094623,2593.1,1,0,0,0,0,13582,495,13582,0,0,0,0,4655,-28608,10326,6,4480,0,129,0,1,0,0,2,0,0,0,0,31082107,2018,0.35,1443.53,4036.68,0,48.7,97.2,66.6,26.2,60.5,533.3,67.1,625.5,157,157.3,1074.9,371508,3915,12.71,89.3,1490,2.68,1.17,34.3,42.1,75,31.41,12361700,73369,78.73,3477.77,0,1200,400,720,240,4200,7500,8500,102,1.5,6000,0,0,0,0,0,66.58,30,65.97,61.75,57.9,0,0
2026-10-01T22:04:30.851000+09:00,2026-10-01T13:04:30.851000+00:00,094623,1973.3,1,0,0,0,0,13582,527,13582,0,0,0,0,4651,-28608,10326,6,4992,0,129,0,1,0,0,0,0,0,0,0,31082107,2018,0.42,1011.08,2984.4,0,48.7,98,67.9,26.2,60.8,531.6,65.8,620.5,149.6,149.3,1042.3,371508,3915,12.58,90.8,1590,2.9,1.1,27.2,36.6,75,16.27,12361704,73369,72.83,3477.77,0,1200,400,720,240,4200,7500,8500,102,1.5,6000,0,0,0,0,0,62.54,30,62.11,59.69,57.9,0,0
2026-10-01T22:05:30.947000+09:00,2026-10-01T13:05:30.947000+00:00,094623,1754.5,1,0,0,0,0,13582,515,13582,0,0,0,0,4651,-28608,12374,590,4992,8192,129,0,1,0,0,0,0,0,0,0,31082107,2018,0.39,920.74,2675.25,0,48.5,98.5,69.4,26.2,60.5,531.8,71.9,611.9,142.5,142,1026.1,371508,3915,12.74,93.4,1580,2.78,1.15,27,38,75,10.02,12361706,73369,63.9,3477.77,0,1200,400,720,240,4200,7500,8500,102,1.5,6000,0,0,0,0,0,63.59,30,59.64,65.09,57.9,0,0
2026-10-01T22:06:31.031000+09:00,2026-10-01T13:06:31.031000+00:00,094623,2031.9,1,0,0,0,0,13582,494,13582,0,0,0,0,4651,-28608,10326,6,4480,0,129,0,1,0,0,2,0,0,0,0,31082107,2018,0.23,972.01,3003.94,0,48.6,98.7,69,26.2,60.1,523.8,69.7,613.8,143.6,143.2,1018.7,371508,3915,12.81,89.2,1490,2.71,1.18,30.6,43.7,75,25.15,12361709,73369,78.25,3477.77,0,1200,400,720,240,4200,7500,8500,102,1.5,6000,0,0,0,0,0,71.95,30,67.9,63.75,57.9,0,0
2026-10-01T22:07:31.121000+09:00,2026-10-01T13:07:31.121000+00:00,094623,2414.0,1,0,0,0,0,13582,494,13582,0,0,0,0,4655,-26560,10326,590,4480,8192,129,0,1,0,0,2,0,0,0,0,31082107,2018,0.26,1290.63,3704.64,0,48.7,97.8,67.5,26.2,60.3,531.8,71.4,622.5,154.6,154.6,1029.2,371508,3915,12.75,87.3,1490,2.69,1.17,33.6,43.5,75,31.35,12361714,73369,79.53,3477.77,0,1200,400,720,240,4200,7500,8500,102,1.5,6000,0,0,0,0,0,71.18,30,69.48,58.22,57.9,0,0
2026-10-01T22:08:31.218000+09:00,2026-10-01T13:08:31.218000+00:00,094623,2051.5,1,0,0,0,0,13582,501,13582,0,0,0,0,4651,-28608,10326,518,4992,0,129,0,1,0,0,2,0,0,0,0,31082107,2018,0.34,945.16,2996.61,0,48.8,97.4,66.8,26.2,60.9,534.6,68.7,624.6,158.5,158.4,1046.2,371509,3916,12.29,89.7,1510,2.77,1.1,27.2,37.4,75,22.11,12361719,73369,77.21,3477.77,0,1200,400,720,240,4200,7500,8500,102,1.5,6000,0,0,0,0,0,61.39,30,60.58,56.64,57.9,0,0
2026-10-01T22:09:31.306000+09:00,2026-10-01T13:09:31.306000+00:00,094623,1772.8,1,0,0,0,0,13582,522,13582,0,0,0,0,4651,-28608,10326,6,4992,0,129,0,1,0,0,2,0,0,0,0,31082107,2018,0.37,1002.53,2775.35,0,48.6,98.4,68.6,26.3,60.8,530,68.9,615.1,147,146.9,1022.7,371509,3916,12.73,91.6,1580,2.88,1.11,26.8,37.2,75,10.85,12361721,73369,59.21,3477.77,0,1200,400,720,240,4200,7500,8500,102,1.5,6000,0,0,0,0,0,64.8,30,63.3,61.29,57.9,0,0
2026-10-01T22:10:31.420000+09:00,2026-10-01T13:10:31.420000+00:00,094623,1196.6,1,0,0,0,0,13582,493,13582,0,0,0,0,4655,-28608,18518,518,4480,528,129,0,1,0,0,2,0,0,0,0,31082107,2018,0.23,510.57,1707.21,0,48.5,97,69,26.2,60.4,533.4,69.5,611.3,141.8,141.3,1015.7,371509,3916,12.74,93.9,1480,2.75,1.15,23.1,40.1,75,11.73,12361723,73369,75.51,3477.78,0,1200,400,720,240,4200,7500,8500,102,1.5,6000,0,0,0,0,0,63.66,30,54.08,69.57,57.9,0,0
2026-10-01T22:11:31.507000+09:00,2026-10-01T13:11:31.507000+00:00,094623,2479.9,1,0,0,0,0,13582,497,13582,0,0,0,0,4651,-26560,10326,6,4480,0,129,0,1,0,0,2,0,0,0,0,31082107,2018,0.23,1326.03,3805.96,0,48.6,100,68.1,26.2,60.1,524.1,66.4,619.5,152.2,152.1,1025.9,371509,3916,12.86,87.3,1500,2.71,1.15,33.6,42.3,75,30.66,12361727,73369,78.74,3477.78,0,1200,400,720,240,4200,7500,8500,102,1.5,6000,0,0,0,0,0,73.41,30,75.87,60.78,57.9,0,0
2026-10-01T22:12:31.605000+09:00,2026-10-01T13:12:31.605000+00:00,094623,2333.4,1,0,0,0,0,13582,495,13582,0,0,0,0,4655,-26560,10390,6,20864,0,129,0,1,0,0,2,0,0,0,0,31082107,2018,0.32,1222.27,3555.71,0,48.7,96.1,67,26.2,60.7,535.8,65.9,623.8,157.7,157.9,1033.6,371509,3916,12.87,88.2,1500,2.69,1.16,33.1,44,75,30.73,12361733,73369,73.59,3477.78,0,1200,400,720,240,4200,7500,8500,102,1.5,6000,0,0,0,0,0,69.53,30,62.82,59.23,57.9,0,0
2026-10-01T22:13:31.699000+09:00,2026-10-01T13:13:31.699000+00:00,094623,2245.6,1,0,0,0,0,13582,500,13582,0,0,0,0,4655,-28608,12374,6,5024,8,129,0,1,0,0,0,0,0,0,0,31082107,2018,0.4,1233.25,3478.8,0,48.9,99.2,66.6,26.3,61,536,67.3,628.5,160.4,160.6,1042,371509,3916,12.65,91.1,1510,2.74,1.14,29.7,39.6,75,26.15,12361738,73369,81.6,3477.78,0,1200,400,720,240,4200,7500,8500,102,1.5,6000,0,0,0,0,0,62.63,30,69.17,63.9,57.9,0,0
2026-10-01T22:14:31.800000+09:00,2026-10-01T13:14:31.800000+00:00,094623,1197.8,1,0,0,0,0,13582,508,13582,0,0,0,0,4655,-28608,10342,6,13188,0,129,0,1,0,0,0,0,0,0,0,31082107,2018,0.33,556.96,1754.81,0,48.9,98.5,68.6,26.2,61,534.2,66.8,617,148.1,147.5,1014,371510,3917,12.71,91.9,1510,2.84,1.02,21.2,34.5,75,14.91,12361741,73369,64.81,3477.78,0,1200,400,720,240,4200,7500,8500,102,1.5,6000,0,0,0,0,0,59.69,30,58.47,60.26,57.9,0,0
2026-10-01T22:15:31.897000+09:00,2026-10-01T13:15:31.897000+00:00,094623,1233.2,1,0,0,0,0,13582,515,13582,0,0,0,0,4655,-28608,18518,6,4992,528,129,0,1,0,0,2,0,0,0,0,31082107,2018,0.22,730.31,1963.56,0,48.9,97.3,69.3,26.2,60.6,527.8,68.6,613,143.2,142.6,1034.4,371510,3917,12.74,90.6,1540,2.9,1.01,21.6,33.2,75,16.01,12361743,73369,74.68,3477.78,0,1200,400,720,240,4200,7500,8500,102,1.5,6000,0,0,0,0,0,63.57,30,55.81,59.92,57.9,0,0
2026-10-01T22:16:31.988000+09:00,2026-10-01T13:16:31.988000+00:00,094623,2306.6,1,0,0,0,0,13582,495,13582,0,0,0,0,4651,-28608,10326,518,4480,0,129,0,1,0,0,2,0,0,0,0,31082107,2018,0.28,1416.36,3722.95,0,49,98.7,68.3,26.2,60.4,526.7,68.1,621,150.2,150.1,1029.6,371510,3917,12.85,88.8,1500,2.7,1.16,33.1,42.6,75,30.2,12361746,73369,68.11,3477.78,0,1200,400,720,240,4200,7500,8500,102,1.5,6000,0,0,0,0,0,73.16,30,71.25,64.71,57.9,0,0
2026-10-01T22:17:32.080000+09:00,2026-10-01T13:17:32.080000+00:00,094623,2541.0,1,0,0,0,0,13582,494,13582,0,0,0,0,4655,-28608,10326,6,4480,0,129,0,1,0,0,2,0,0,0,0,31082107,2018,0.31,1417.58,3958.56,0,49.2,98.4,67.3,26.1,60.9,531.9,66.7,633.5,158.7,158.9,1065.4,371510,3917,12.77,88.9,1500,2.68,1.16,33.9,41.9,75,31.4,12361751,73369,80.13,3477.78,0,1200,400,720,240,4200,7500,8500,102,1.5,6000,0,0,0,0,0,70.19,30,71.68,63.69,57.9,0,0
2026-10-01T22:18:32.181000+09:00,2026-10-01T13:18:32.181000+00:00,094623,1354.1,1,0,0,0,0,13582,499,13582,0,0,0,0,4651,-28608,12374,6,5024,72,129,0,1,0,0,2,0,0,0,0,31082107,2018,0.29,559.4,1913.51,0,49.3,97.6,67.6,26.1,61.3,538.9,64.1,626.6,153.6,153.4,1020.2,371510,3917,12.67,89.5,1500,2.78,1.13,22.9,38,75,13.39,12361755,73369,71.63,3477.79,0,1200,400,720,240,4200,7500,8500,102,1.5,6000,0,0,0,0,0,58.73,30,58.36,53.04,57.9,0,0
2026-10-01T22:19:32.303000+09:00,2026-10-01T13:19:32.303000+00:00,094623,1180.8,1,0,0,0,0,13582,493,13582,0,0,0,0,4651,-26560,10326,6,4992,0,129,0,1,0,0,2,0,0,0,0,31082107,2018,0.33,583.82,1764.58,0,49.1,97.7,68.8,26.1,60.8,535.7,65.6,614.8,142.8,142.1,1024.8,371510,3917,12.48,92.4,1490,2.75,1.1,22.3,37.5,75,11.35,12361758,73369,56.17,3477.79,0,1200,400,720,240,4200,7500,8500,102,1.5,6000,0,0,0,0,0,62.11,30,57.4,61.61,57.9,0,0
2026-10-01T22:20:32.392000+09:00,2026-10-01T13:20:32.392000+00:00,094623,1776.5,1,0,0,0,0,13582,493,13582,0,0,0,0,4651,-28608,18518,6,4480,528,129,0,1,0,0,2,0,0,0,0,31082107,2018,0.21,948.82,2725.3,0,49.4,97.6,68.8,26.1,60.4,526.3,64.2,614.7,142.5,142,1010.9,371511,3918,12.53,91,1490,2.71,1.19,29,43.3,75,22.52,12361760,73369,77.87,3477.79,0,1200,400,720,240,4200,7500,8500,102,1.5,6000,0,0,0,0,0,70.18,30,63.04,69.1,57.9,0,0
2026-10-01T22:21:32.472000+09:00,2026-10-01T13:21:32.472000+00:00,094623,2224.8,1,0,0,0,0,13582,495,13582,0,0,0,0,4651,-28608,10326,6,4480,0,129,0,1,0,0,2,0,0,0,0,31082107,2018,0.22,1212.5,3437.3,0,49.7,98.6,67.7,26.1,60.7,534.3,66.1,624,152.8,152.6,1031.2,371511,3918,12.75,86.4,1500,2.7,1.15,32.7,44.2,75,31.45,12361765,73369,82.93,3477.79,0,1200,400,720,240,4200,7500,8500,102,1.5,6000,0,0,0,0,0,72.55,30,72.87,57.83,58,0,0
2026-10-01T22:22:32.607000+09:00,2026-10-01T13:22:32.607000+00:00,094623,2561.4,1,0,0,0,0,13582,495,13582,0,0,0,0,4651,-28608,10326,6,4480,0,129,0,1,0,0,2,0,0,0,0,31082107,2018,0.38,1442.3,4003.72,0,49.8,96.9,66.6,26.1,61.2,533.5,63.7,630.5,157.3,157.3,1041.9,371511,3918,12.67,88.8,1500,2.69,1.15,33.7,41.4,75,31.54,12361770,73369,70.98,3477.79,0,1200,400,720,240,4200,7500,8500,102,1.5,6000,0,0,0,0,0,67.97,30,65.66,60.88,58,0,0
2026-10-01T22:23:32.700000+09:00,2026-10-01T13:23:32.700000+00:00,094623,1453.0,1,0,0,0,0,13582,518,13582,0,0,0,0,4651,-28608,12374,6,5024,72,129,0,1,0,0,0,0,0,0,0,31082107,2018,0.44,799.89,2252.88,0,49.8,99.1,67.8,26.1,61.5,531.1,64,621,150.4,150,1048.6,371511,3918,12.81,91.4,1560,2.89,1.01,22.4,32.7,75,15.85,12361774,73369,72.2,3477.79,0,1200,400,720,240,4200,7500,8500,102,1.5,6000,0,0,0,0,0,58.86,30,62.82,58.86,57.9,0,0
2026-10-01T22:24:32.792000+09:00,2026-10-01T13:24:32.792000+00:00,094623,1267.4,1,0,0,0,0,13582,520,13582,0,0,0,0,4651,-28608,10326,6,4992,0,129,0,1,0,0,2,0,0,0,0,31082107,2018,0.25,757.16,2024.6,0,49.7,97.9,69.4,26.1,61.2,529.8,63.4,613.8,142.3,141.6,1026,371511,3918,12.88,92.1,1560,2.91,1.03,22.7,34.4,75,16.48,12361776,73369,73.63,3477.79,0,1200,400,720,240,4200,7500,8500,102,1.5,6000,0,0,0,0,0,65.6,30,58.96,65.98,57.9,0,0
2026-10-01T22:25:32.876000+09:00,2026-10-01T13:25:32.876000+00:00,094623,1793.6,1,0,0,0,0,13582,494,13582,0,0,0,0,4655,-28608,18518,6,4480,528,129,0,1,0,0,2,0,0,0,0,31082107,2018,0.26,961.03,2754.6,0,49.7,98.3,68.9,26.1,60.8,529.3,67.2,615.4,141.3,140.7,1033.4,371511,3918,12.76,88.8,1490,2.7,1.19,30.5,45.9,75,26.82,12361778,73369,64.44,3477.79,0,1200,400,720,240,4200,7500,8500,102,1.5,6000,0,0,0,0,0,73.85,30,69.19,63.31,57.9,0,0
2026-10-01T22:26:32.978000+09:00,2026-10-01T13:26:32.978000+00:00,094623,2202.8,1,0,0,0,0,13582,495,13582,0,0,0,0,4655,-28608,10326,6,4480,0,129,0,1,0,0,2,0,0,0,0,31082107,2018,0.29,1189.31,3392.13,0,49.8,98.7,67.2,26.1,60.9,535.5,65.5,624.7,152.3,152.3,1029.7,371512,3919,12.75,89.1,1500,2.68,1.15,32.7,44.3,75,31.36,12361784,73369,78.04,3477.8,0,1200,400,720,240,4200,7500,8500,102,1.5,6000,0,0,0,0,0,71.26,30,72.89,65.35,57.9,0,0
2026-10-01T22:27:33.067000+09:00,2026-10-01T13:27:33.067000+00:00,094623,2709.4,1,0,0,0,0,13582,498,13582,0,0,0,0,4655,-28608,10326,590,4992,8192,129,0,1,0,0,2,0,0,0,0,31082107,2018,0.29,1582.69,4292.12,0,50,97.5,66.7,26.1,61.3,531.2,69.9,628.8,157.3,157.3,1066.9,371512,3919,12.76,89.4,1510,2.69,1.16,34.7,40.7,75,31.29,12361789,73369,81.87,3477.8,0,1200,400,720,240,4200,7500,8500,102,1.5,6000,0,0,0,0,0,67.88,30,69.57,64.85,57.9,0,0
2026-10-01T22:28:33.152000+09:00,2026-10-01T13:28:33.152000+00:00,094623,1239.3,1,0,0,0,0,13582,492,13582,0,0,0,0,4651,-28608,12374,6,5024,72,129,0,1,0,0,2,0,0,0,0,31082107,2018,0.31,566.73,1806.08,0,49.9,97.9,68.2,26.1,61.7,536.1,67.1,618,149.1,148.7,1049.4,371512,3919,12.84,89.8,1480,2.73,1.08,22.1,36.4,75,11.49,12361792,73369,63.32,3477.8,0,1200,400,720,240,4200,7500,8500,102,1.5,6000,0,0,0,0,0,59.44,30,58.28,53.55,57.9,0,0
2026-10-01T22:29:33.241000+09:00,2026-10-01T13:29:33.241000+00:00,094623,1142.9,1,0,0,0,0,13582,492,13582,0,0,0,0,4651,-28608,10390,590,21376,8192,129,0,1,0,0,2,0,0,0,0,31082107,2018,0.3,549.64,1692.56,0,49.8,97.4,69.2,26.1,61.2,534.9,71,608.3,141,140.2,1037.7,371512,3919,12.68,93.7,1480,2.74,1.08,21.8,36.8,75,11.66,12361794,73369,63.86,3477.8,0,1200,400,720,240,4200,7500,8500,102,1.5,6000,0,0,0,0,0,63.79,30,56.2,67.85,57.9,0,0
2026-10-01T22:30:33.330000+09:00,2026-10-01T13:30:33.330000+00:00,094623,2138.1,1,0,0,0,0,13582,493,13582,0,0,0,0,4651,-28608,2134,6,4480,0,129,0,1,0,0,2,0,0,0,0,31082107,2018,0.25,1201.51,3339.64,0,50,99.6,68.8,26.1,60.8,526,66.8,617.3,143.7,143.2,1036.5,371512,3919,12.8,88.4,1490,2.68,1.17,31.8,43.1,75,28.29,12361797,73369,73.94,3477.8,0,1200,400,720,240,4200,7500,8500,102,1.5,6000,0,0,0,0,0,74.66,30,72.94,64.58,57.9,0,0
2026-10-01T22:31:33.438000+09:00,2026-10-01T13:31:33.438000+00:00,094623,2301.7,1,0,0,0,0,13582,495,13582,0,0,0,0,4651,-28608,10390,518,20864,0,129,0,1,0,0,2,0,0,0,0,31082107,2018,0.25,1206.4,3508.1,0,50.2,96.5,67.4,26.1,61.2,535.1,67.9,628.2,153.8,153.8,1032.8,371512,3919,12.48,87.3,1500,2.69,1.15,32.9,43.4,75,31.19,12361802,73369,80.53,3477.8,0,1200,400,720,240,4200,7500,8500,102,1.5,6000,0,0,0,0,0,72.16,30,66.27,59.12,57.9,0,0
2026-10-01T22:32:33.545000+09:00,2026-10-01T13:32:33.545000+00:00,094623,2512.9,1,0,0,0,0,13582,497,13582,0,0,0,0,4651,-28608,10326,6,4480,0,129,0,1,0,0,2,0,0,0,0,31082107,2018,0.38,1377.3,3890.19,0,50.3,98.8,66.6,26.1,61.7,534.7,64.7,626.3,158.8,158.8,1053.5,371513,3920,12.67,89.7,1510,2.69,1.15,33.8,41.9,75,31.53,12361807,73369,76.08,3477.8,0,1200,400,720,240,4200,7500,8500,102,1.5,6000,0,0,0,0,0,68.24,30,71.63,64.02,57.9,0,0
2026-10-01T22:33:33.641000+09:00,2026-10-01T13:33:33.641000+00:00,094623,1653.2,1,0,0,0,0,13582,501,13582,0,0,0,0,4655,-28608,12390,6,13220,8,129,0,1,0,0,0,0,0,0,0,31082107,2018,0.37,743.74,2396.92,0,50.4,97.5,67.4,26.2,62.2,541,62.8,626.2,157.6,157.5,1014.4,371513,3920,12.93,90.7,1510,2.76,1.1,24.9,37.1,75,16.83,12361812,73369,81.76,3477.8,0,1200,400,720,240,4200,7500,8500,102,1.5,6000,0,0,0,0,0,59.73,30,59.82,58.46,57.9,0,0
2026-10-01T22:34:33.744000+09:00,2026-10-01T13:34:33.744000+00:00,094623,1179.5,1,0,0,0,0,13582,497,13582,0,0,0,0,4655,-28608,10326,518,4992,0,129,0,1,0,0,0,0,0,0,0,31082107,2018,0.35,596.03,1775.57,0,50.2,99,69.4,26.2,61.8,537.5,65,613.7,144.7,144.1,1027.2,371513,3920,12.69,92.6,1500,2.76,1.12,22.5,38.1,75,11.22,12361814,73369,61.95,3477.81,0,1200,400,720,240,4200,7500,8500,102,1.5,6000,0,0,0,0,0,63.45,30,61.08,62.96,57.9,0,0
2026-10-01T22:35:33.828000+09:00,2026-10-01T13:35:33.828000+00:00,094623,1390.7,1,0,0,0,0,13582,494,13582,0,0,0,0,4655,-28608,10326,6,4480,0,129,0,1,0,0,2,0,0,0,0,31082107,2018,0.26,768.15,2158.88,0,50.1,97.6,69.2,26.2,61.3,531.6,64.8,610.9,140.6,139.9,1048,371513,3920,12.73,90.1,1490,2.71,1.19,25.8,41.9,75,16.19,12361816,73369,74.91,3477.81,0,1200,400,720,240,4200,7500,8500,102,1.5,6000,0,0,0,0,0,68.4,30,60.58,62.19,57.9,0,0
2026-10-01T22:36:33.923000+09:00,2026-10-01T13:36:33.923000+00:00,094623,2387.2,1,0,0,0,0,13582,495,13582,0,0,0,0,4655,-28608,10326,6,4480,0,129,0,1,0,0,2,0,0,0,0,31082107,2018,0.29,1426.13,3813.29,0,50.1,98.9,67.9,26.2,61.2,529.2,67.1,622.6,150.6,150.3,1036.2,371513,3920,12.35,88.2,1500,2.67,1.15,33.3,42.1,75,31.38,12361821,73369,76.7,3477.81,0,1200,400,720,240,4200,7500,8500,102,1.5,6000,0,0,0,0,0,73.97,30,73.46,63.41,57.9,0,0
2026-10-01T22:37:34.001000+09:00,2026-10-01T13:37:34.001000+00:00,094623,2490.6,1,0,0,0,0,13582,495,13582,0,0,0,0,4651,-28608,10326,518,4480,0,129,0,1,0,0,2,0,0,0,0,31082107,2018,0.31,1438.64,3929.26,0,50.3,97.4,67.3,26.2,61.8,535,63.3,622.9,155.4,155.3,1028.6,371513,3920,12.5,88.5,1500,2.66,1.16,33.8,42.1,75,31.2,12361826,73369,81,3477.81,0,1200,400,720,240,4200,7500,8500,102,1.5,6000,0,0,0,0,0,71.55,30,69.25,61.54,57.9,0,0
2026-10-01T22:38:34.108000+09:00,2026-10-01T13:38:34.108000+00:00,094623,1674.0,1,0,0,0,0,13582,502,13582,0,0,0,0,4651,-28608,8278,6,4992,0,129,0,1,0,0,0,0,0,0,0,31082107,2018,0.4,808.43,2482.38,0,50.4,97.8,67.1,26.2,62.2,538.1,62.6,621.7,155.2,155,1060.8,371514,3921,12.87,89.9,1510,2.75,1.1,24.6,36,75,16.41,12361831,73369,77.69,3477.81,0,1200,400,720,240,4200,7500,8500,102,1.5,6000,0,0,0,0,0,59.93,30,59.61,55.1,58,0,0
2026-10-01T22:39:34.205000+09:00,2026-10-01T13:39:34.205000+00:00,094623,1123.1,1,0,0,0,0,13582,482,13582,0,0,0,0,4655,-28608,10326,6,4992,0,129,0,1,0,0,0,0,0,0,0,31082107,2018,0.41,301.83,1424.91,0,50.1,97.9,69,26.1,61.9,538.5,66.3,614.6,141.9,141,1022.6,371514,3921,12.79,92.4,1470,2.67,0.96,22.9,41,75,11.9,12361833,73369,62.33,3477.81,0,1200,400,720,240,4200,7500,8500,102,1.5,6000,0,0,0,0,0,63.06,30,57.42,61.11,58,0,0
2026-10-01T22:40:34.282000+09:00,2026-10-01T13:40:34.282000+00:00,094623,1416.4,1,0,0,0,0,13582,494,13582,0,0,0,0,4651,-28608,10326,6,4480,0,129,0,1,0,0,2,0,0,0,0,31082107,2018,0.23,697.35,2113.71,0,50.1,98.5,68.9,26.2,61.2,532.2,65.8,612.3,136.9,135.8,1016,371514,3921,12.71,89.7,1490,2.7,1.19,26.1,43.2,75,17.3,12361835,73369,77.27,3477.81,0,1200,400,720,240,4200,7500,8500,102,1.5,6000,0,0,0,0,0,68.58,30,62.9,61.68,57.9,0,0
2026-10-01T22:41:34.376000+09:00,2026-10-01T13:41:34.376000+00:00,094623,2277.3,1,0,0,0,0,13582,495,13582,0,0,0,0,4651,-26560,10326,6,4481,0,129,0,1,0,0,2,0,0,0,0,31082107,2018,0.27,1227.15,3504.44,0,50.1,98.1,67.6,26.2,61.1,533.5,65.7,618.1,147.8,147.4,1011.7,371514,3921,12.8,88.2,1500,2.68,1.15,33,43.8,75,31.28,12361840,73369,76.57,3477.81,0,1200,400,720,240,4200,7500,8500,102,1.5,6000,0,0,0,0,0,73.37,30,70.91,63.05,58,0,0
2026-10-01T22:42:34.466000+09:00,2026-10-01T13:42:34.466000+00:00,094623,2414.0,1,0,0,0,0,13582,496,13582,0,0,0,0,4651,-28608,10326,6,4480,0,129,0,1,0,0,2,0,0,0,0,31082107,2018,0.33,1332.13,3746.15,0,50.3,97.4,66.9,26.2,61.6,536.9,64.1,621.9,154.5,154.6,1031.1,371514,3921,12.82,89.5,1500,2.67,1.16,33.6,43.3,75,31.47,12361845,73369,79.52,3477.82,0,1200,400,720,240,4200,7500,8500,102,1.5,6000,0,0,0,0,0,70.16,30,68.33,65.05,57.9,0,0
2026-10-01T22:43:34.561000+09:00,2026-10-01T13:43:34.561000+00:00,094623,1798.5,1,0,0,0,0,13582,502,13582,0,0,0,0,4655,-26560,18518,6,4992,528,129,0,1,0,0,2,0,0,0,0,31082107,2018,0.32,832.85,2631.31,0,50.4,98.1,66.9,26.2,62.1,540.1,63.3,625.7,156.9,156.8,1032.9,371514,3921,12.86,90.9,1510,2.73,1.09,26,37.7,75,20.33,12361850,73369,80.55,3477.82,0,1200,400,720,240,4200,7500,8500,102,1.5,6000,0,0,0,0,0,61.07,30,62.64,62.23,58,0,0
2026-10-01T22:44:34.652000+09:00,2026-10-01T13:44:34.652000+00:00,094623,1249.1,1,0,0,0,0,13582,520,13582,0,0,0,0,4655,-28608,10326,6,4992,0,129,0,1,0,0,2,0,0,0,0,31082107,2018,0.25,655.84,1904.96,0,50.3,98,69,26.2,61.9,534.3,63.5,615.4,141.8,141,1015.5,371515,3922,12.86,92.2,1560,2.87,1.03,22.6,36.2,75,17.96,12361852,73369,66.34,3477.82,0,1200,400,720,240,4200,7500,8500,102,1.5,6000,0,0,0,0,0,64.18,30,59.51,65.28,57.9,0,0
2026-10-01T22:45:34.755000+09:00,2026-10-01T13:45:34.755000+00:00,094623,1236.9,1,0,0,0,0,13582,493,13582,0,0,0,0,4651,-28608,10326,6,4480,0,129,0,1,0,0,2,0,0,0,0,31082107,2018,0.27,611.9,1848.81,0,50.3,98.5,69,26.2,61.2,534.7,63.9,611.3,137.7,137,1013.2,371515,3922,12.62,89.8,1490,2.72,1.18,24.1,41.5,75,13.49,12361854,73369,65.16,3477.82,0,1200,400,720,240,4200,7500,8500,102,1.5,6000,0,0,0,0,0,65.74,30,60.37,59.41,58,0,0
2026-10-01T22:46:34.832000+09:00,2026-10-01T13:46:34.832000+00:00,094623,2450.6,1,0,0,0,0,13582,496,13582,0,0,0,0,4655,-28608,12374,6,4512,8,129,0,1,0,0,2,0,0,0,0,31082107,2018,0.29,1372.42,3823.05,0,50.2,98.2,67.9,26.2,61.1,527.9,66,622.5,149.1,148.7,1043.7,371515,3922,12.84,88.6,1500,2.67,1.15,33.6,42,75,30.57,12361858,73369,76.43,3477.82,0,1200,400,720,240,4200,7500,8500,102,1.5,6000,0,0,0,0,0,73.69,30,71.19,64.91,57.9,0,0
2026-10-01T22:47:34.948000+09:00,2026-10-01T13:47:34.948000+00:00,094623,2146.7,1,0,0,0,0,13582,502,13582,0,0,0,0,4655,-26560,10326,6,4992,0,129,0,1,0,0,2,0,0,0,0,31082107,2018,0.31,1172.22,3318.89,0,50.3,98.4,67.4,26.2,61.8,533.8,64.9,629.4,156.5,156.3,1053.7,371515,3922,12.84,89.2,1510,2.73,1.11,28.9,38.3,75,24.52,12361863,73369,80.42,3477.82,0,1200,400,720,240,4200,7500,8500,102,1.5,6000,0,0,0,0,0,67.6,30,68.18,61.07,58,0,0
2026-10-01T22:48:35.023000+09:00,2026-10-01T13:48:35.023000+00:00,094623,1147.8,1,0,0,0,0,13582,491,13582,0,0,0,0,4651,-28608,18582,6,21376,528,129,0,1,0,0,2,0,0,0,0,31082107,2018,0.32,505.69,1653.49,0,50.1,97.3,68.3,26.3,61.8,535.3,63.8,619.9,144.1,143.4,1025.2,371515,3922,12.57,90.3,1480,2.72,1.06,21.6,36.5,75,11.74,12361866,73369,63.28,3477.82,0,1200,400,720,240,4200,7500,8500,102,1.5,6000,0,0,0,0,0,61.82,30,56.71,55.64,58,0,0
2026-10-01T22:49:35.133000+09:00,2026-10-01T13:49:35.133000+00:00,094623,1119.7,1,0,0,0,0,13582,498,13582,0,0,0,0,4655,-28608,10326,6,4992,0,129,0,1,0,0,2,0,0,0,0,31082107,2018,0.24,548.42,1668.14,0,50,97.5,68.8,26.3,61.2,531.6,64.7,612,138.5,137.5,1030.9,371515,3922,12.62,93.4,1490,2.77,1.04,21.3,35.5,75,12.03,12361868,73369,71.69,3477.82,0,1200,400,720,240,4200,7500,8500,102,1.5,6000,0,0,0,0,0,64.38,30,56.45,68.4,57.9,0,0
2026-10-01T22:50:35.233000+09:00,2026-10-01T13:50:35.233000+00:00,094623,2368.8,1,0,0,0,0,13582,494,13582,0,0,0,0,4655,-28608,10390,6,20864,0,129,0,1,0,0,2,0,0,0,0,31082107,2018,0.25,1238.14,3606.98,0,50.2,100,68.2,26.3,61,525.8,64.3,619.5,146.8,146.5,1026.9,371516,3923,12.8,87.7,1500,2.67,1.15,33.3,42.7,75,30.47,12361872,73369,78.29,3477.83,0,1200,400,720,240,4200,7500,8500,102,1.5,6000,0,0,0,0,0,75.1,30,76.32,63.25,58,0,0
2026-10-01T22:51:35.329000+09:00,2026-10-01T13:51:35.329000+00:00,094623,2355.4,1,0,0,0,0,13582,495,13582,0,0,0,0,4651,-28608,12374,6,4512,72,129,0,1,0,0,2,0,0,0,0,31082107,2018,0.29,1321.15,3676.56,0,50.3,96,67.2,26.3,61.6,534.2,61.7,624.2,154.5,154.6,1033.7,371516,3923,12.8,87.9,1500,2.68,1.16,33.4,43.2,75,31.39,12361877,73369,77.08,3477.83,0,1200,400,720,240,4200,7500,8500,102,1.5,6000,0,0,0,0,0,71.94,30,64.46,60.21,58,0,0
2026-10-01T22:52:35.413000+09:00,2026-10-01T13:52:35.413000+00:00,094623,2589.5,1,0,0,0,0,13582,493,13582,0,0,0,0,4655,-28608,10342,6,12676,0,129,0,1,0,0,0,0,0,0,0,31082107,2018,0.38,1601,4190.5,0,50.3,99.3,66.6,26.3,62,534.5,61,628.8,157.5,157.4,1046.8,371516,3923,12.76,90,1490,2.66,1.18,34.5,41.4,75,31.54,12361882,73369,75.86,3477.83,0,1200,400,720,240,4200,7500,8500,102,1.5,6000,0,0,0,0,0,68.17,30,73.6,64.84,58,0,0
2026-10-01T22:53:35.516000+09:00,2026-10-01T13:53:35.516000+00:00,094623,1880.2,1,0,0,0,0,13582,482,13582,0,0,0,0,4651,-28608,18518,6,4992,528,129,0,1,0,0,0,0,0,0,0,31082107,2018,0.39,934.17,2814.42,0,50.5,97.2,68.1,26.4,62.3,536.7,61.4,624.4,150.2,149.9,1027.3,371516,3923,12.61,90.5,1570,2.66,1.16,26.9,36.9,75,10.85,12361886,73369,73.38,3477.83,0,1200,400,720,240,4200,7500,8500,102,1.5,6000,0,0,0,0,0,59.41,30,55.72,55.25,58,0,0
2026-10-01T22:54:35.599000+09:00,2026-10-01T13:54:35.599000+00:00,094623,1666.6,1,0,0,0,0,13582,428,13582,0,0,0,0,4651,-28608,10326,6,4992,0,129,0,1,0,0,0,0,0,0,0,31082107,2018,0.29,766.93,2433.55,0,50.2,98.5,69.4,26.4,61.8,536,63.4,616.9,140.8,140.3,1005.1,371516,3923,12.71,93,1360,2.4,1.52,27.8,40.1,75,11.37,12361888,73369,69.52,3477.83,0,1200,400,720,240,4200,7500,8500,102,1.5,6000,0,0,0,0,0,63.72,30,58.71,65.14,58,0,0
2026-10-01T22:55:35.697000+09:00,2026-10-01T13:55:35.697000+00:00,094623,1771.6,1,0,0,0,0,13582,493,13582,0,0,0,0,4651,-28608,10326,6,4480,0,129,0,1,0,0,2,0,0,0,0,31082107,2018,0.29,921.96,2693.56,0,50.3,97.8,68.8,26.3,61.2,528.7,63.3,618.4,139.7,139.1,1013.4,371516,3923,12.75,89.1,1490,2.68,1.19,29.8,45.3,75,24.93,12361891,73369,66.35,3477.83,0,1200,400,720,240,4200,7500,8500,102,1.5,6000,0,0,0,0,0,73.28,30,66.3,63.68,58,0,0
2026-10-01T22:56:35.786000+09:00,2026-10-01T13:56:35.786000+00:00,094623,2284.6,1,0,0,0,0,13582,496,13582,0,0,0,0,4651,-28608,12374,6,4512,72,129,0,1,0,0,2,0,0,0,0,31082107,2018,0.31,1290.63,3575.24,0,50.3,98.4,67.3,26.3,61.3,534.3,62.3,626.7,150.6,150.3,1049,371517,3924,12.73,88.9,1500,2.68,1.16,33.2,43.6,75,31.06,12361896,73369,79.62,3477.83,0,1200,400,720,240,4200,7500,8500,102,1.5,6000,0,0,0,0,0,72.34,30,72.32,65,58.1,0,0
2026-10-01T22:57:35.886000+09:00,2026-10-01T13:57:35.886000+00:00,094623,2212.6,1,0,0,0,0,13582,503,13582,0,0,0,0,4651,-28608,10326,6,4992,0,129,0,1,0,0,2,0,0,0,0,31082107,2018,0.34,1138.04,3350.63,0,50.5,97.7,66.7,26.3,61.9,532.2,66,629.5,157.2,157,1078,371517,3924,12.81,89.6,1510,2.74,1.1,28.5,36.8,75,24.35,12361901,73369,79.95,3477.83,0,1200,400,720,240,4200,7500,8500,102,1.5,6000,0,0,0,0,0,64.11,30,65.3,61.04,58,0,0
2026-10-01T22:58:35.987000+09:00,2026-10-01T13:58:35.987000+00:00,094623,1191.7,1,0,0,0,0,13582,496,13582,0,0,0,0,4651,-28608,18518,6,4992,528,129,0,1,0,0,2,0,0,0,0,31082107,2018,0.37,547.2,1738.94,0,50.2,98.1,68.6,26.2,62,535.6,64.6,622,145.1,144.5,1021.3,371517,3924,12.76,91.1,1490,2.73,1.11,22.3,37.7,75,11.69,12361903,73369,62.75,3477.84,0,1200,400,720,240,4200,7500,8500,102,1.5,6000,0,0,0,0,0,62.06,30,58.62,58.39,58,0,0
2026-10-01T22:59:36.077000+09:00,2026-10-01T13:59:36.077000+00:00,094623,1163.7,1,0,0,0,0,13582,493,13582,0,0,0,0,4655,-28608,10326,6,4992,0,129,0,1,0,0,2,0,0,0,0,31082107,2018,0.3,528.89,1692.56,0,50,97.2,68.9,26.1,61.4,533.9,65.8,617.4,139.3,138.5,1024,371517,3924,12.7,93.4,1490,2.72,1.1,22.4,38,75,11.8,12361905,73369,69.57,3477.84,0,1200,400,720,240,4200,7500,8500,102,1.5,6000,0,0,0,0,0,64.38,30,56.18,67.74,58,0,0
2026-10-01T23:00:36.176000+09:00,2026-10-01T14:00:36.176000+00:00,094623,2363.7,1,0,0,0,0,13582,496,13582,0,0,0,0,4655,-28608,10326,6,4480,0,129,0,1,0,0,2,0,0,0,0,31082107,2018,0.26,1439.86,3803.52,0,50.2,99.5,68.3,26.1,61.1,526.4,63.1,626.3,146.6,146.3,1035.2,371517,3924,12.81,88.4,1500,2.67,1.16,33.5,42.4,75,30.98,12361909,73369,80.07,3477.84,0,1200,400,720,240,4200,7500,8500,102,1.5,6000,0,0,0,0,0,75.42,30,74.93,65.71,58,0,0
2026-10-01T23:01:36.245000+09:00,2026-10-01T14:01:36.245000+00:00,094623,2459.2,1,0,0,0,0,13582,503,13582,0,0,0,0,4651,-28608,12374,518,5024,72,129,0,1,0,0,2,0,0,0,0,31082107,2018,0.29,1326.03,3785.21,0,50.4,96.1,67.4,26.1,61.8,531.4,67.1,630.9,155,154.5,1070,371517,3924,12.62,87.2,1520,2.72,1.14,32.1,40.5,75,29.77,12361914,73369,80.46,3477.84,0,1200,400,720,240,4200,7500,8500,102,1.5,6000,0,0,0,0,0,71.46,30,63.79,57.27,58,0,0
2026-10-01T23:02:36.332000+09:00,2026-10-01T14:02:36.332000+00:00,094623,780.4,1,0,0,0,0,13582,497,13582,0,0,0,0,4651,-28608,10326,6,4992,0,129,0,1,0,0,0,0,0,0,0,31082107,2018,0.43,0,780.36,0,50.2,98.4,67.8,26.1,61.9,538.2,63.6,621.9,145.5,144.9,1052.5,371518,3925,12.74,91.3,1490,2.75,1.15,22.3,38.2,75,11.88,12361917,73369,61.73,3477.84,0,1200,400,720,240,4200,7500,8500,102,1.5,6000,0,0,0,0,0,60.9,30,59.03,56.83,58,0,0
2026-10-01T23:03:36.431000+09:00,2026-10-01T14:03:36.431000+00:00,094623,1147.8,1,0,0,0,0,13582,498,13582,0,0,0,0,4651,-28608,2134,6,4992,0,129,0,1,0,0,0,0,0,0,0,31082107,2018,0.3,521.56,1669.36,0,49.9,97.1,68.6,26.1,61.3,535.4,64.9,613.8,138.3,137.4,1023,371518,3925,12.76,94.7,1500,2.75,1.12,22.4,38.5,75,11.72,12361920,73369,68.96,3477.84,0,1200,400,720,240,4200,7500,8500,102,1.5,6000,0,0,0,0,0,63.84,30,54.9,70.36,58,0,0
2026-10-01T23:04:36.510000+09:00,2026-10-01T14:04:36.510000+00:00,094623,2177.2,1,0,0,0,0,13582,494,13582,0,0,0,0,4655,-28608,10326,590,4480,8192,129,0,1,0,0,2,0,0,0,0,31082107,2018,0.24,1185.64,3362.83,0,49.9,99.2,68.4,26.1,60.8,525.8,67.9,619.4,142.5,142,1044,371518,3925,12.57,88.5,1490,2.68,1.17,32.4,43.4,75,29.01,12361923,73369,73.98,3477.84,0,1200,400,720,240,4200,7500,8500,102,1.5,6000,0,0,0,0,0,74.94,30,72.49,64.78,58,0,0
2026-10-01T23:05:36.629000+09:00,2026-10-01T14:05:36.629000+00:00,094623,2642.0,1,0,0,0,0,13582,496,13582,0,0,0,0,4655,-28608,10326,6,4480,0,129,0,1,0,0,2,0,0,0,0,31082107,2018,0.28,1582.69,4224.68,0,50,97.9,67.2,26,61.3,527.7,64.8,627.8,153.8,153.8,1075.5,371518,3925,12.87,87.4,1500,2.67,1.16,34.8,40.8,75,31.44,12361928,73369,77.93,3477.84,0,1200,400,720,240,4200,7500,8500,102,1.5,6000,0,0,0,0,0,72.12,30,70.79,59.16,58,0,0
2026-10-01T23:06:36.727000+09:00,2026-10-01T14:06:36.727000+00:00,094623,1437.1,1,0,0,0,0,13582,520,13582,0,0,0,0,4651,-28608,12374,6,5024,8,129,0,1,0,0,2,0,0,0,0,31082107,2018,0.35,820.64,2257.76,0,50,98.1,67.5,26.1,61.8,529.3,62.8,620.8,148.1,147.6,1056.2,371518,3925,12.71,89.4,1560,2.89,1,22.8,33.3,75,18.15,12361931,73369,64.38,3477.85,0,1200,400,720,240,4200,7500,8500,102,1.5,6000,0,0,0,0,0,61.47,30,60.68,52.68,58.1,0,0
2026-10-01T23:07:36.822000+09:00,2026-10-01T14:07:36.822000+00:00,094623,1348.0,1,0,0,0,0,13582,521,13582,0,0,0,0,4655,-28608,10390,6,21376,0,129,0,1,0,0,2,0,0,0,0,31082107,2018,0.34,779.14,2127.14,0,49.7,97,68.6,26.1,61.3,531,67.6,614.7,138.7,138,1026.3,371518,3925,12.38,93.8,1570,2.9,1.04,23.3,35.5,75,18.76,12361934,73369,65.62,3477.85,0,1200,400,720,240,4200,7500,8500,102,1.5,6000,0,0,0,0,0,65.38,30,57.3,68.4,58,0,0
2026-10-01T23:08:36.908000+09:00,2026-10-01T14:08:36.908000+00:00,094623,1970.9,1,0,0,0,0,13582,493,13582,0,0,0,0,4651,-28608,10326,6,4480,0,129,0,1,0,0,2,0,0,0,0,31082107,2018,0.26,995.21,2966.09,0,49.9,99.5,68.7,26,60.8,526,64.9,618.5,140.2,139.8,1020.5,371519,3926,12.47,89.2,1490,2.68,1.18,30.9,44.3,75,26.33,12361936,73369,80.03,3477.85,0,1200,400,720,240,4200,7500,8500,102,1.5,6000,0,0,0,0,0,73.86,30,70.9,66.54,58.1,0,0
2026-10-01T23:09:36.994000+09:00,2026-10-01T14:09:36.994000+00:00,094623,2390.8,1,0,0,0,0,13582,493,13582,0,0,0,0,4655,-28608,10342,518,12676,0,129,0,1,0,0,2,0,0,0,0,31082107,2018,0.24,1260.11,3650.93,0,50.1,96.3,67.4,26,61.1,531.4,66.7,627.6,151.7,151.6,1044.7,371519,3926,12.81,86.6,1490,2.66,1.17,33.9,43.5,75,31.08,12361941,73369,80.91,3477.85,0,1200,400,720,240,4200,7500,8500,102,1.5,6000,0,0,0,0,0,72.74,30,65.95,57.56,58,0,0
2026-10-01T23:10:37.081000+09:00,2026-10-01T14:10:37.081000+00:00,094623,2261.4,1,0,0,0,0,13582,501,13582,0,0,0,0,4651,-28608,10326,6,4992,0,129,0,1,0,0,0,0,0,0,0,31082107,2018,0.4,1269.88,3531.3,0,50.2,99.5,66.5,26,61.7,533.4,61.8,632.7,156.6,156.6,1044.1,371519,3926,12.65,89.8,1510,2.71,1.14,30.4,40,75,27.85,12361946,73369,72.18,3477.85,0,1200,400,720,240,4200,7500,8500,102,1.5,6000,0,0,0,0,0,65.51,30,71.13,61.49,58,0,0
2026-10-01T23:11:37.190000+09:00,2026-10-01T14:11:37.190000+00:00,094623,1346.8,1,0,0,0,0,13582,521,13582,0,0,0,0,4655,-26560,12374,6,4992,0,129,0,1,0,0,0,0,0,0,0,31082107,2018,0.36,727.87,2074.65,0,50.2,96.5,68.5,26,61.7,533.1,66.7,621.8,144.3,143.7,1015.5,371519,3926,12.81,92.2,1570,2.89,1.03,23,35.3,75,16.47,12361949,73369,71.22,3477.85,0,1200,400,720,240,4200,7500,8500,102,1.5,6000,0,0,0,0,0,63.45,30,56.04,63.26,58,0,0
2026-10-01T23:12:37.270000+09:00,2026-10-01T14:12:37.270000+00:00,094623,1382.2,1,0,0,0,0,13582,521,13582,0,0,0,0,4651,-28608,10326,6,4992,0,129,0,1,0,0,2,0,0,0,0,31082107,2018,0.24,796.23,2178.41,0,50.1,98.8,69.2,26,61.2,529.4,63,615.8,137.8,137,1019.7,371519,3926,12.44,89.3,1570,2.89,1.05,23.7,35.6,75,18.43,12361951,73369,75.52,3477.85,0,1200,400,720,240,4200,7500,8500,102,1.5,6000,0,0,0,0,0,67.37,30,63.34,58.46,58.1,0,0
2026-10-01T23:13:37.370000+09:00,2026-10-01T14:13:37.370000+00:00,094623,2298.0,1,0,0,0,0,13582,495,13582,0,0,0,0,4651,-28608,10326,6,4480,0,129,0,1,0,0,2,0,0,0,0,31082107,2018,0.3,1223.49,3521.53,0,50,97.5,68.2,26,60.8,526.1,62.2,622.2,145.1,144.9,1031.8,371519,3926,12.58,89.5,1500,2.68,1.16,33,43.1,75,30.36,12361955,73369,67.2,3477.85,0,1200,400,720,240,4200,7500,8500,102,1.5,6000,0,0,0,0,0,74.53,30,68.01,66.98,58,0,0
2026-10-01T23:14:37.455000+09:00,2026-10-01T14:14:37.455000+00:00,094623,2526.3,1,0,0,0,0,13582,496,13582,0,0,0,0,4655,-28608,10326,6,4480,0,129,0,1,0,0,2,0,0,0,0,31082107,2018,0.3,1389.51,3915.83,0,50.3,98.5,67.4,26,61.4,529.9,62.1,630,155.2,155.2,1018.8,371520,3927,12.71,88.7,1500,2.67,1.15,34,41.9,75,31.46,12361960,73369,85.28,3477.85,0,1200,400,720,240,4200,7500,8500,102,1.5,6000,0,0,0,0,0,72.26,30,72.95,63.78,58.1,0,0
2026-10-01T23:15:37.554000+09:00,2026-10-01T14:15:37.554000+00:00,094623,1246.7,1,0,0,0,0,13582,517,13582,0,0,0,0,4651,-28608,10326,6,4992,0,129,0,1,0,0,2,0,0,0,0,31082107,2018,0.35,607.01,1853.69,0,50.2,97.3,67.8,26,61.7,533.3,61.6,621.2,146.4,145.9,992.9,371520,3927,12.76,89.7,1550,2.86,1.01,21.5,34.3,75,17.02,12361963,73369,69.13,3477.86,0,1200,400,720,240,4200,7500,8500,102,1.5,6000,0,0,0,0,0,60.98,30,56.72,53.36,58.1,0,0
2026-10-01T23:16:37.653000+09:00,2026-10-01T14:16:37.653000+00:00,094623,1256.4,1,0,0,0,0,13582,518,13582,0,0,0,0,4651,-28608,18518,6,4992,528,129,0,1,0,0,0,0,0,0,0,31082107,2018,0.38,675.37,1931.82,0,49.9,97.8,68.5,25.9,61.1,530,66.2,611.6,138.8,138,1006.9,371520,3927,12.79,92.8,1560,2.89,1.02,22.2,34.6,75,17.75,12361966,73369,65.37,3477.86,0,1200,400,720,240,4200,7500,8500,102,1.5,6000,0,0,0,0,0,64.41,30,59.55,65.34,58,0,0
2026-10-01T23:17:37.741000+09:00,2026-10-01T14:17:37.741000+00:00,094623,2066.1,1,0,0,0,0,13582,492,13582,0,0,0,0,4655,-28608,10326,6,4480,0,129,0,1,0,0,2,0,0,0,0,31082107,2018,0.24,1208.84,3274.94,0,50,98.8,68.6,26,60.7,524.8,63,617.3,141.4,140.9,1020.3,371520,3927,12.9,89,1490,2.68,1.18,31.5,43.1,75,27.07,12361969,73369,77.32,3477.86,0,1200,400,720,240,4200,7500,8500,102,1.5,6000,0,0,0,0,0,73.84,30,70.31,65.62,58,0,0
2026-10-01T23:18:37.828000+09:00,2026-10-01T14:18:37.828000+00:00,094623,2584.6,1,0,0,0,0,13582,495,13582,0,0,0,0,4651,-28608,10326,6,4480,0,129,0,1,0,0,2,0,0,0,0,31082107,2018,0.24,1547.29,4131.9,0,50.1,97.6,67.4,25.9,61.2,528.1,60.4,623.1,153.9,153.8,1074.8,371520,3927,12.9,87.2,1500,2.67,1.15,34.4,41,75,31.42,12361974,73369,80.17,3477.86,0,1200,400,720,240,4200,7500,8500,102,1.5,6000,0,0,0,0,0,72.69,30,70.31,59.17,58,0,0
2026-10-01T23:19:37.930000+09:00,2026-10-01T14:19:37.930000+00:00,094623,1850.9,1,0,0,0,0,13582,438,13582,0,0,0,0,4655,-28608,12374,6,5024,8,129,0,1,0,0,2,0,0,0,0,31082107,2018,0.33,842.62,2693.56,0,50,98.3,67.5,25.9,61.7,535.3,62.9,621.6,147.2,147,1026.3,371520,3927,12.75,89.3,1420,2.43,1.37,28,39,75,12.31,12361977,73369,66.44,3477.86,0,1200,400,720,240,4200,7500,8500,102,1.5,6000,0,0,0,0,0,58.92,30,58.41,50.08,58,0,0
2026-10-01T23:20:38.025000+09:00,2026-10-01T14:20:38.025000+00:00,094623,1540.9,1,0,0,0,0,13582,427,13582,0,0,0,0,4651,-28608,10326,6,4992,0,129,0,1,0,0,2,0,0,0,0,31082107,2018,0.35,646.08,2186.96,0,49.7,97.1,68.6,25.9,61.1,535.1,63.3,616.6,138.6,137.9,1007.1,371521,3928,12.64,93.3,1270,2.44,2,27.6,41.7,75,11.75,12361979,73369,61.33,3477.86,0,1200,400,720,240,4200,7500,8500,102,1.5,6000,0,0,0,0,0,62.03,30,54.17,62.89,58,0,0
2026-10-01T23:21:38.113000+09:00,2026-10-01T14:21:38.113000+00:00,094623,1902.5,1,0,0,0,0,13582,493,13582,0,0,0,0,4655,-28608,18518,6,4480,528,129,0,1,0,0,2,0,0,0,0,31082107,2018,0.25,1006.2,2908.72,0,49.8,98.8,68.7,25.9,60.7,525.1,61.7,619.9,139.5,138.9,1026.4,371521,3928,12.32,90.2,1490,2.69,1.19,30.1,43.8,75,24.51,12361982,73369,79.05,3477.86,0,1200,400,720,240,4200,7500,8500,102,1.5,6000,0,0,0,0,0,72.63,30,67.5,68.08,58,0,0
2026-10-01T23:22:38.198000+09:00,2026-10-01T14:22:38.198000+00:00,094623,2607.8,1,0,0,0,0,13582,495,13582,0,0,0,0,4655,-28608,10326,518,4480,0,129,0,1,0,0,2,0,0,0,0,31082107,2018,0.22,1450.85,4058.66,0,50.1,96.8,67.6,25.9,61.1,526.9,63.3,628.8,153.1,153,1059.2,371521,3928,12.65,86.8,1500,2.68,1.15,34.5,41.4,75,30.73,12361987,73369,83.36,3477.86,0,1200,400,720,240,4200,7500,8500,102,1.5,6000,0,0,0,0,0,73.47,30,67.73,58.78,58.1,0,0
2026-10-01T23:23:38.307000+09:00,2026-10-01T14:23:38.307000+00:00,094623,1421.3,1,0,0,0,0,13582,522,13582,0,0,0,0,4651,-28608,10326,6,4992,0,129,0,1,0,0,0,0,0,0,0,31082107,2018,0.41,773.03,2194.28,0,49.9,99,67.5,25.9,61.5,530.7,61.4,625.2,145.9,145.6,1025.1,371521,3928,12.79,89.5,1570,2.9,1.02,23.2,35,75,18.3,12361991,73369,59.57,3477.87,0,1200,400,720,240,4200,7500,8500,102,1.5,6000,0,0,0,0,0,62.83,30,63.25,54.14,58.1,0,0
2026-10-01T23:24:38.416000+09:00,2026-10-01T14:24:38.416000+00:00,094623,1406.6,1,0,0,0,0,13582,523,13582,0,0,0,0,4655,-26560,12374,6,5024,72,129,0,1,0,0,0,0,0,0,0,31082107,2018,0.4,773.03,2179.63,0,49.7,96.4,68.4,25.9,60.9,531.4,68.6,617.2,137.2,136.4,1008,371521,3928,12.65,93.1,1570,2.89,1.06,24,36.6,75,18.02,12361993,73369,60.78,3477.87,0,1200,400,720,240,4200,7500,8500,102,1.5,6000,0,0,0,0,0,66.32,30,56.42,66.77,58.1,0,0
2026-10-01T23:25:38.515000+09:00,2026-10-01T14:25:38.515000+00:00,094623,1992.9,1,0,0,0,0,13582,492,13582,0,0,0,0,4651,-28608,10326,590,4480,8192,129,0,1,0,0,2,0,0,0,0,31082107,2018,0.22,1036.71,3029.57,0,49.8,98.6,68.5,25.9,60.4,524.9,64.9,618.5,139,138.6,1015.1,371521,3928,12.74,90.7,1490,2.69,1.19,30.9,44,75,26.12,12361995,73369,82.95,3477.87,0,1200,400,720,240,4200,7500,8500,102,1.5,6000,0,0,0,0,0,72.9,30,68.91,70.53,58.1,0,0
2026-10-01T23:26:38.594000+09:00,2026-10-01T14:26:38.594000+00:00,094623,2556.8,1,0,0,0,0,13582,494,13582,0,0,0,0,4655,-28608,18582,6,20864,528,129,0,1,0,0,2,0,0,0,0,31082107,2018,0.21,1424.91,3981.75,0,50.1,98.3,67.5,25.9,60.9,528.3,60.6,626.3,151.4,151.4,1053.3,371522,3929,12.75,86.5,1490,2.68,1.17,34.7,42.2,75,31.2,12362001,73369,80.78,3477.87,0,1200,400,720,240,4200,7500,8500,102,1.5,6000,0,0,0,0,0,72.97,30,72.52,57.82,58.1,0,0
2026-10-01T23:27:38.708000+09:00,2026-10-01T14:27:38.708000+00:00,094623,1401.7,1,0,0,0,0,13582,499,13582,0,0,0,0,4651,-28608,10326,6,4992,0,129,0,1,0,0,2,0,0,0,0,31082107,2018,0.31,533.77,1935.48,0,50,97.9,67.4,25.9,61.5,533.8,66.4,627.1,148.8,148.5,1032.6,371522,3929,12.88,89,1500,2.78,1.12,23.1,37.5,75,13.38,12362004,73369,66.59,3477.87,0,1200,400,720,240,4200,7500,8500,102,1.5,6000,0,0,0,0,0,60.25,30,58.96,50.84,58,0,0
2026-10-01T23:28:38.805000+09:00,2026-10-01T14:28:38.805000+00:00,094623,1155.1,1,0,0,0,0,13582,491,13582,0,0,0,0,4655,-28608,10342,6,13188,0,129,0,1,0,0,0,0,0,0,0,31082107,2018,0.37,477.61,1632.74,0,49.7,97,68.6,25.9,61,533.8,64.2,619.9,138.5,137.8,1024.2,371522,3929,12.58,93,1490,2.73,1.09,22.2,38.4,75,11.76,12362007,73369,60.46,3477.87,0,1200,400,720,240,4200,7500,8500,102,1.5,6000,0,0,0,0,0,63.15,30,55.24,62.59,58.1,0,0
2026-10-01T23:29:38.893000+09:00,2026-10-01T14:29:38.893000+00:00,094623,1891.2,1,0,0,0,0,13582,493,13582,0,0,0,0,4651,-28608,12374,6,4512,72,129,0,1,0,0,2,0,0,0,0,31082107,2018,0.25,940.27,2831.51,0,49.8,98.5,68.8,25.9,60.6,522.2,63.1,622.5,138.7,138.1,1021.5,371522,3929,12.57,91.2,1490,2.7,1.2,29.6,43.2,75,22.52,12362009,73369,80.67,3477.87,0,1200,400,720,240,4200,7500,8500,102,1.5,6000,0,0,0,0,0,71.75,30,65.5,70.15,58,0,0
2026-10-01T23:30:38.998000+09:00,2026-10-01T14:30:38.998000+00:00,094623,2432.3,1,0,0,0,0,13582,495,13582,0,0,0,0,4655,-26560,10326,6,4480,0,129,0,1,0,0,2,0,0,0,0,31082107,2018,0.2,1284.52,3716.85,0,50.1,97,67.8,25.9,61,528.3,61.1,632.1,150.5,150.3,1052.8,371522,3929,12.73,86.8,1500,2.69,1.16,33.9,43.2,75,31.41,12362014,73369,84.55,3477.88,0,1200,400,720,240,4200,7500,8500,102,1.5,6000,0,0,0,0,0,74.53,30,68.71,59.66,58.1,0,0
2026-10-01T23:31:39.093000+09:00,2026-10-01T14:31:39.093000+00:00,094623,1833.9,1,0,0,0,0,13582,501,13582,0,0,0,0,4651,-28608,18518,6,4992,528,129,0,1,0,0,2,0,0,0,0,31082107,2018,0.36,831.63,2665.49,0,50.1,98.9,66.9,25.9,61.6,533.4,62.7,641,154.9,154.8,1055.5,371522,3929,12.42,88.7,1510,2.77,1.1,26.1,37.2,75,19.37,12362019,73369,70.86,3477.88,0,1200,400,720,240,4200,7500,8500,102,1.5,6000,0,0,0,0,0,62.87,30,64.48,53.71,58.1,0,0
2026-10-01T23:32:39.189000+09:00,2026-10-01T14:32:39.189000+00:00,094623,1166.1,1,0,0,0,0,13582,509,13582,0,0,0,0,4651,-28608,10326,6,4992,0,129,0,1,0,0,0,0,0,0,0,31082107,2018,0.4,482.5,1648.61,0,49.9,97.1,68.5,25.9,61.5,530.9,63,629.7,142.7,142,1010,371523,3930,12.93,90.7,1510,2.85,1.01,21.2,35.1,75,12.81,12362021,73369,61.8,3477.88,0,1200,400,720,240,4200,7500,8500,102,1.5,6000,0,0,0,0,0,63.18,30,55.61,55.93,58.1,0,0
2026-10-01T23:33:39.274000+09:00,2026-10-01T14:33:39.274000+00:00,094623,1400.5,1,0,0,0,0,13582,494,13582,0,0,0,0,4655,-28608,10326,6,4480,0,129,0,1,0,0,2,0,0,0,0,31082107,2018,0.17,630.21,2030.7,0,49.8,97.9,68.8,25.9,60.9,529.1,65.7,627.5,138.7,138.1,1038.7,371523,3930,12.64,94.3,1490,2.73,1.18,25.2,41.6,75,14.59,12362023,73369,74.47,3477.88,0,1200,400,720,240,4200,7500,8500,102,1.5,6000,0,0,0,0,0,67.09,30,60.51,72.86,58.1,0,0
2026-10-01T23:34:39.374000+09:00,2026-10-01T14:34:39.374000+00:00,094623,2421.3,1,0,0,0,0,13582,494,13582,0,0,0,0,4651,-28608,12374,6,4512,72,129,0,1,0,0,2,0,0,0,0,31082107,2018,0.24,1334.57,3755.91,0,50.1,100,68,25.8,60.9,526.3,62.9,636.8,150.5,150.5,1050.7,371523,3930,12.64,87.9,1500,2.71,1.16,33.9,42.9,75,30.88,12362028,73369,81.33,3477.88,0,1200,400,720,240,4200,7500,8500,102,1.5,6000,0,0,0,0,0,75.3,30,75.91,64.51,58.1,0,0
2026-10-01T23:35:39.477000+09:00,2026-10-01T14:35:39.477000+00:00,094623,1860.7,1,0,0,0,0,13582,501,13582,0,0,0,0,4651,-28608,10326,6,4992,0,129,0,1,0,0,2,0,0,0,0,31082107,2018,0.29,934.17,2794.88,0,50.3,96.4,67.1,25.8,61.7,530,61.1,642.8,156.1,156,1064.5,371523,3930,12.79,87,1510,2.78,1.09,25.8,35.7,75,19.48,12362032,73369,75.93,3477.88,0,1200,400,720,240,4200,7500,8500,102,1.5,6000,0,0,0,0,0,63.73,30,58.25,49.05,58.1,0,0
2026-10-01T23:36:39.582000+09:00,2026-10-01T14:36:39.582000+00:00,094623,1102.6,1,0,0,0,0,13582,493,13582,0,0,0,0,4651,-28608,18518,6,4992,0,129,0,1,0,0,0,0,0,0,0,31082107,2018,0.44,460.52,1563.16,0,49.9,99.2,68.4,25.8,61.5,533.2,61.5,631.3,142.8,142,1016,371523,3930,12.8,90.5,1480,2.75,1.05,21.4,37,75,11.75,12362035,73369,51.83,3477.88,0,1200,400,720,240,4200,7500,8500,102,1.5,6000,0,0,0,0,0,63.24,30,62.32,54.22,58.1,0,0
2026-10-01T23:37:39.674000+09:00,2026-10-01T14:37:39.674000+00:00,094623,1301.6,1,0,0,0,0,13582,493,13582,0,0,0,0,4651,-28608,10326,6,4480,0,129,0,1,0,0,2,0,0,0,0,31082107,2018,0.22,593.58,1895.2,0,49.8,97.1,68.6,25.7,60.9,532,62.1,625.8,137.1,136.3,1004.3,371523,3930,12.8,95.4,1490,2.74,1.19,25,42.8,75,15.5,12362037,73369,74.99,3477.88,0,1200,400,720,240,4200,7500,8500,102,1.5,6000,0,0,0,0,0,67.02,30,57.54,76.03,58.1,0,0
2026-10-01T23:38:39.765000+09:00,2026-10-01T14:38:39.765000+00:00,094623,2431.1,1,0,0,0,0,13582,498,13582,0,0,0,0,4651,-28608,10326,6,4480,0,129,0,1,0,0,2,0,0,0,0,31082107,2018,0.22,1286.96,3718.07,0,50.1,99.9,67.9,25.7,60.8,525.8,59.2,634.5,150.3,150.3,1020.2,371524,3931,12.75,87.1,1510,2.72,1.14,33.5,42.4,75,31.37,12362041,73369,82.72,3477.88,0,1200,400,720,240,4200,7500,8500,102,1.5,6000,0,0,0,0,0,75.28,30,76.98,61.75,58.1,0,0
2026-10-01T23:39:39.836000+09:00,2026-10-01T14:39:39.836000+00:00,094623,2543.4,1,0,0,0,0,13582,493,13582,0,0,0,0,4655,-28608,12374,6,4512,8,129,0,1,0,0,2,0,0,0,0,31082107,2018,0.35,1389.51,3932.92,0,50.1,96,66.8,25.7,61.4,530.5,61.7,640.7,157.1,157,1050.2,371524,3931,12.61,88.5,1490,2.67,1.17,34.4,42.2,75,30.4,12362046,73369,69.07,3477.89,0,1200,400,720,240,4200,7500,8500,102,1.5,6000,0,0,0,0,0,70.89,30,63.69,61.07,58.1,0,0
2026-10-01T23:40:39.941000+09:00,2026-10-01T14:40:39.941000+00:00,094623,1384.6,1,0,0,0,0,13582,499,13582,0,0,0,0,4651,-28608,10326,6,4992,0,129,0,1,0,0,0,0,0,0,0,31082107,2018,0.41,531.33,1915.95,0,50.2,100,67.3,25.7,61.8,537.6,58.4,639.5,152.9,152.6,1020.7,371524,3931,12.86,91.3,1510,2.79,1.12,23.2,38.3,75,13.85,12362050,73369,77.9,3477.89,0,1200,400,720,240,4200,7500,8500,102,1.5,6000,0,0,0,0,0,59.4,30,65.82,59.02,58.1,0,0
2026-10-01T23:41:40.039000+09:00,2026-10-01T14:41:40.039000+00:00,094623,1088.0,1,0,0,0,0,13582,497,13582,0,0,0,0,4655,-28608,10326,6,4992,0,129,0,1,0,0,2,0,0,0,0,31082107,2018,0.25,483.72,1571.7,0,50,96.9,69.1,25.8,61.3,533,65.7,628.6,141.2,140.4,1010.7,371524,3931,12.87,92.6,1480,2.78,1.05,21.2,36.3,75,11.9,12362052,73369,69.44,3477.89,0,1200,400,720,240,4200,7500,8500,102,1.5,6000,0,0,0,0,0,64.46,30,54.86,65.36,58.2,0,0
2026-10-01T23:42:40.129000+09:00,2026-10-01T14:42:40.129000+00:00,094623,1660.5,1,0,0,0,0,13582,493,13582,0,0,0,0,4655,-28608,10326,6,4480,0,129,0,1,0,0,2,0,0,0,0,31082107,2018,0.25,818.2,2478.71,0,49.9,98.8,68.6,25.8,60.8,526.6,63.7,626,139.4,138.5,1025.7,371524,3931,12.62,88.9,1490,2.71,1.19,28.4,44,75,21.74,12362055,73369,67.31,3477.89,0,1200,400,720,240,4200,7500,8500,102,1.5,6000,0,0,0,0,0,70.7,30,67.76,61.14,58.1,0,0
2026-10-01T23:43:40.231000+09:00,2026-10-01T14:43:40.231000+00:00,094623,2465.3,1,0,0,0,0,13582,496,13582,0,0,0,0,4655,-28608,10390,582,20864,0,129,0,1,0,0,2,0,0,0,0,31082107,2018,0.3,1328.47,3793.76,0,49.9,98.5,67.4,25.8,60.9,530.1,63,636.3,152.9,152.8,1035.9,371524,3931,12.65,89,1500,2.69,1.15,34,42.7,75,31.38,12362060,73369,75.4,3477.89,0,1200,400,720,240,4200,7500,8500,102,1.5,6000,0,0,0,0,0,72.93,30,72.7,65.73,58.1,0,0
2026-10-01T23:44:40.330000+09:00,2026-10-01T14:44:40.330000+00:00,094623,1666.6,1,0,0,0,0,13582,501,13582,0,0,0,0,4651,-28608,2134,6,4992,528,129,0,1,0,0,2,0,0,0,0,31082107,2018,0.27,769.37,2435.99,0,50.1,97.9,67.3,25.8,61.6,536.5,61.4,637.8,156.3,156.2,1043.2,371525,3932,12.92,89.2,1510,2.77,1.09,25.2,37.4,75,18.27,12362064,73369,82.78,3477.89,0,1200,400,720,240,4200,7500,8500,102,1.5,6000,0,0,0,0,0,62.99,30,63.11,56.21,58.1,0,0
2026-10-01T23:45:40.424000+09:00,2026-10-01T14:45:40.424000+00:00,094623,1175.9,1,0,0,0,0,13582,490,13582,0,0,0,0,4655,-26560,10390,590,21376,8192,129,0,1,0,0,2,0,0,0,0,31082107,2018,0.31,538.65,1714.53,0,49.7,97.5,68.5,25.8,61.3,533.9,64.7,627.7,143.5,142.6,1047.7,371525,3932,12.45,91.4,1480,2.73,1.08,22,36.9,75,11.89,12362067,73369,58.74,3477.89,0,1200,400,720,240,4200,7500,8500,102,1.5,6000,0,0,0,0,0,62.92,30,57.4,58.97,58.1,0,0
2026-10-01T23:46:40.517000+09:00,2026-10-01T14:46:40.517000+00:00,094623,1400.5,1,0,0,0,0,13582,494,13582,0,0,0,0,4651,-28608,10326,6,4480,0,129,0,1,0,0,2,0,0,0,0,31082107,2018,0.15,693.69,2094.18,0,49.6,97.7,68.6,25.8,60.8,528.9,62.2,626.6,139.9,139.1,1032.3,371525,3932,12.22,92.2,1490,2.72,1.18,25.5,41.3,75,15.42,12362069,73369,76.37,3477.89,0,1200,400,720,240,4200,7500,8500,102,1.5,6000,0,0,0,0,0,66.77,30,60.41,67.87,58.1,0,0
2026-10-01T23:47:40.624000+09:00,2026-10-01T14:47:40.624000+00:00,094623,2377.4,1,0,0,0,0,13582,499,13582,0,0,0,0,4655,-26560,10342,6,12676,0,129,0,1,0,0,2,0,0,0,0,31082107,2018,0.23,1310.16,3687.55,0,49.8,99.3,67.8,25.7,60.8,527.9,64.8,634.3,151.7,151.6,1028.8,371525,3932,12.62,87.9,1510,2.74,1.14,33.3,42.5,75,31.1,12362073,73369,79.03,3477.9,0,1200,400,720,240,4200,7500,8500,102,1.5,6000,0,0,0,0,0,74.42,30,75.03,64.04,58.1,0,0
2026-10-01T23:48:40.724000+09:00,2026-10-01T14:48:40.724000+00:00,094623,2407.9,1,0,0,0,0,13582,495,13582,0,0,0,0,4655,-26560,10326,590,4480,8192,129,0,1,0,0,2,0,0,0,0,31082107,2018,0.3,1373.64,3781.55,0,50,96.1,67.1,25.8,61.4,533.5,62.9,636.2,157.3,157.1,1041.4,371525,3932,12.56,87.6,1490,2.68,1.16,33.5,42.6,75,31.45,12362078,73369,77.23,3477.9,0,1200,400,720,240,4200,7500,8500,102,1.5,6000,0,0,0,0,0,71.45,30,65.24,58.83,58.1,0,0
2026-10-01T23:49:40.822000+09:00,2026-10-01T14:49:40.822000+00:00,094623,2179.6,1,0,0,0,0,13582,502,13582,0,0,0,0,4655,-28608,18518,6,4992,528,129,0,1,0,0,0,0,0,0,0,31082107,2018,0.42,1145.36,3324.99,0,50.1,99.2,66.6,25.8,61.8,535.7,60.3,639.3,160.1,159.9,1032.4,371525,3932,12.8,90.5,1510,2.74,1.12,28.8,38,75,24.43,12362084,73369,75.59,3477.9,0,1200,400,720,240,4200,7500,8500,102,1.5,6000,0,0,0,0,0,63.41,30,68.74,61.54,58.1,0,0
2026-10-01T23:50:40.929000+09:00,2026-10-01T14:50:40.929000+00:00,094623,1190.5,1,0,0,0,0,13582,492,13582,0,0,0,0,4651,-28608,10326,6,4992,0,129,0,1,0,0,0,0,0,0,0,31082107,2018,0.35,550.86,1741.39,0,50,96.8,68.9,25.7,61.8,536.3,60.3,629.1,147.1,146.2,1050.1,371526,3933,12.68,92.6,1490,2.74,1.11,22.4,37.6,75,11.7,12362086,73369,72.78,3477.9,0,1200,400,720,240,4200,7500,8500,102,1.5,6000,0,0,0,0,0,62.32,30,54.79,62.39,58.2,0,0
2026-10-01T23:51:41.010000+09:00,2026-10-01T14:51:41.010000+00:00,094623,1222.3,1,0,0,0,0,13582,491,13582,0,0,0,0,4651,-28608,10326,518,4992,0,129,0,1,0,0,2,0,0,0,0,31082107,2018,0.23,585.04,1807.31,0,50,99,69.3,25.8,61.3,531.2,67.2,623.7,142.3,141.3,1042.2,371526,3933,12.67,90,1480,2.74,1.09,22.5,36.6,75,11.54,12362088,73369,75.81,3477.9,0,1200,400,720,240,4200,7500,8500,102,1.5,6000,0,0,0,0,0,65.43,30,61.42,58.22,58.1,0,0
2026-10-01T23:52:41.101000+09:00,2026-10-01T14:52:41.101000+00:00,094623,2270.0,1,0,0,0,0,13582,495,13582,0,0,0,0,4655,-28608,12374,6,4480,8,129,0,1,0,0,2,0,0,0,0,31082107,2018,0.29,1223.49,3493.45,0,49.9,97.9,68.2,25.8,61,527.4,63.1,631,149.1,148.8,1032.1,371526,3933,12.7,89.1,1500,2.69,1.15,33,43.3,75,30.82,12362092,73369,67.85,3477.9,0,1200,400,720,240,4200,7500,8500,102,1.5,6000,0,0,0,0,0,75.09,30,70.07,66.04,58.1,0,0
2026-10-01T23:53:41.199000+09:00,2026-10-01T14:53:41.199000+00:00,094623,2433.5,1,0,0,0,0,13582,496,13582,0,0,0,0,4655,-28608,10326,6,4480,0,129,0,1,0,0,2,0,0,0,0,31082107,2018,0.3,1235.69,3669.24,0,50.2,98.5,67.2,25.8,61.6,533.1,60.4,635.8,157.1,156.8,1039,371526,3933,12.69,89.3,1500,2.69,1.15,33.5,43,75,31.27,12362097,73369,81.48,3477.9,0,1200,400,720,240,4200,7500,8500,102,1.5,6000,0,0,0,0,0,71.84,30,73.28,65.68,58.2,0,0
2026-10-01T23:54:41.279000+09:00,2026-10-01T14:54:41.279000+00:00,094623,2437.2,1,0,0,0,0,13582,503,13582,0,0,0,0,4655,-28608,18518,6,4992,528,129,0,1,0,0,2,0,0,0,0,31082107,2018,0.34,1258.89,3696.1,0,50.3,97.2,67,25.8,62,533.5,61.4,638.3,159.9,159.6,1045.8,371526,3933,12.81,89.9,1520,2.72,1.13,31.7,40.6,75,29.24,12362102,73369,81.82,3477.9,0,1200,400,720,240,4200,7500,8500,102,1.5,6000,0,0,0,0,0,68.13,30,67.32,65.18,58.1,0,0
2026-10-01T23:55:41.384000+09:00,2026-10-01T14:55:41.384000+00:00,094623,1261.3,1,0,0,0,0,13582,485,13582,0,0,0,0,4651,-28608,10326,6,4992,0,129,0,1,0,0,2,0,0,0,0,31082107,2018,0.38,422.68,1684.01,0,50.2,98.1,68.5,25.8,62.1,539.8,60.5,624.2,147.5,146.5,1010.9,371526,3933,12.24,91.3,1370,2.68,1.82,24.4,41.7,75,11.74,12362105,73369,67.81,3477.91,0,1200,400,720,240,4200,7500,8500,102,1.5,6000,0,0,0,0,0,61.36,30,58.62,59.17,58.1,0,0
2026-10-01T23:56:41.473000+09:00,2026-10-01T14:56:41.473000+00:00,094623,1185.6,1,0,0,0,0,13582,497,13582,0,0,0,0,4655,-28608,10326,518,4992,0,129,0,1,0,0,0,0,0,0,0,31082107,2018,0.25,256.66,1442.3,0,50.1,97.3,69,25.8,61.4,537.8,67.4,618.2,139.4,138.4,1018.5,371527,3934,12.35,92.8,1450,2.74,0.84,23.6,42.3,75,11.26,12362108,73369,68.1,3477.91,0,1200,400,720,240,4200,7500,8500,102,1.5,6000,0,0,0,0,0,64.45,30,56.28,66.39,58.2,0,0
2026-10-01T23:57:41.569000+09:00,2026-10-01T14:57:41.569000+00:00,094623,2288.3,1,0,0,0,0,13582,493,13582,0,0,0,0,4651,-28608,12374,6,4512,72,129,0,1,0,0,2,0,0,0,0,31082107,2018,0.25,1229.59,3517.87,0,50.2,98.6,68.4,25.8,61,525.4,61.3,626.3,144.7,143.9,1026,371527,3934,12.56,88.6,1490,2.68,1.17,32.9,42.8,75,29.45,12362111,73369,72.58,3477.91,0,1200,400,720,240,4200,7500,8500,102,1.5,6000,0,0,0,0,0,74.79,30,71.49,65.74,58.2,0,0
2026-10-01T23:58:41.655000+09:00,2026-10-01T14:58:41.655000+00:00,094623,2346.9,1,0,0,0,0,13582,495,13582,0,0,0,0,4655,-28608,10326,518,4480,0,129,0,1,0,0,2,0,0,0,0,31082107,2018,0.27,1243.02,3589.89,0,50.3,98.3,67.5,25.8,61.5,533.5,65.5,635.6,155,154.7,1041.6,371527,3934,12.53,87.4,1500,2.68,1.15,33.1,43.2,75,30.89,12362116,73369,80.7,3477.91,0,1200,400,720,240,4200,7500,8500,102,1.5,6000,0,0,0,0,0,72.96,30,72.65,59.92,58.2,0,0
2026-10-01T23:59:41.743000+09:00,2026-10-01T14:59:41.743000+00:00,094623,2298.0,1,0,0,0,0,13582,504,13582,0,0,0,0,4655,-28608,18518,6,4992,528,129,0,1,0,0,2,0,0,0,0,31082107,2018,0.29,1271.1,3569.14,0,50.4,97.3,67,25.8,62,533.2,61.4,637.2,159.6,159.4,1071.3,371527,3934,12.69,89.3,1520,2.74,1.13,30,38.7,75,26.48,12362121,73369,79.86,3477.91,0,1200,400,720,240,4200,7500,8500,102,1.5,6000,0,0,0,0,0,66.97,30,65.49,59.73,58.2,0,0
2026-10-02T00:00:41.832000+09:00,2026-10-01T15:00:41.832000+00:00,094623,1168.6,1,0,0,0,0,13582,506,13582,0,0,0,0,4651,-26560,10326,6,4992,0,129,0,1,0,0,2,0,0,0,0,31082107,2018,0.32,541.09,1709.65,0,50.2,97.6,68.4,25.8,62.1,533.7,63.2,625.7,147,146,1035.5,371527,3934,12.33,92.6,1510,2.8,1.01,21.2,34.4,75,12.53,12362124,73369,64.12,3477.91,0,1200,400,720,240,4200,7500,8500,102,1.5,6000,0,0,0,0,0,61.97,30,57.4,62.41,58.2,0,0
2026-10-02T00:01:41.919000+09:00,2026-10-01T15:01:41.919000+00:00,094623,1130.7,1,0,0,0,0,13582,516,13582,0,0,0,0,4651,-28608,10326,6,4992,0,129,0,1,0,0,2,0,0,0,0,31082107,2018,0.19,582.6,1713.31,0,50.1,98.3,69.2,25.8,61.5,530.3,63.3,618.9,139.8,138.4,1040.3,371527,3934,12.74,90.6,1540,2.89,1.01,21.3,34.8,75,14.62,12362126,73369,76.64,3477.91,0,1200,400,720,240,4200,7500,8500,102,1.5,6000,0,0,0,0,0,66,30,59.25,61.07,58.2,0,0
2026-10-02T00:02:42.017000+09:00,2026-10-01T15:02:42.017000+00:00,094623,2165.0,1,0,0,0,0,13582,495,13582,0,0,0,0,4655,-26560,12438,6,20897,72,129,0,1,0,0,2,0,0,0,0,31082107,2018,0.25,1094.09,3259.07,0,50,98.7,68.2,25.7,61.1,528.7,61.8,625.7,145.9,145.1,1031.1,371528,3935,12.74,88.5,1500,2.68,1.15,32.4,44,75,30.16,12362129,73369,68.08,3477.91,0,1200,400,720,240,4200,7500,8500,102,1.5,6000,0,0,0,0,0,75.46,30,72.68,64.47,58.2,0,0
2026-10-02T00:03:42.119000+09:00,2026-10-01T15:03:42.119000+00:00,094623,2298.1,1,0,0,0,0,13582,495,13582,0,0,0,0,4651,-28608,10326,6,4480,0,129,0,1,0,0,2,0,0,0,0,31082107,2018,0.29,1233.25,3531.3,0,50.1,97.1,67.1,25.7,61.4,535.8,60.7,632.8,154.1,153.9,1054,371528,3935,12.88,89.5,1490,2.68,1.17,33.3,43.8,75,31.5,12362135,73369,80.24,3477.92,0,1200,400,720,240,4200,7500,8500,102,1.5,6000,0,0,0,0,0,71.9,30,67.97,66.45,58.2,0,0
2026-10-02T00:04:42.241000+09:00,2026-10-01T15:04:42.241000+00:00,094623,2563.9,1,0,0,0,0,13582,496,13582,0,0,0,0,4655,-28608,18582,6,20864,528,129,0,1,0,0,2,0,0,0,0,31082107,2018,0.33,1553.39,4117.25,0,50.2,98,66.7,25.7,61.9,533.5,60,638,159,158.8,1059.3,371528,3935,12.7,89.8,1500,2.68,1.16,34.2,41.1,75,31.11,12362140,73369,81.76,3477.92,0,1200,400,720,240,4200,7500,8500,102,1.5,6000,0,0,0,0,0,68.95,30,69.82,66.83,58.3,0,0
2026-10-02T00:05:42.353000+09:00,2026-10-01T15:05:42.353000+00:00,094623,1395.6,1,0,0,0,0,13582,500,13582,0,0,0,0,4651,-28608,10326,6,4992,0,129,0,1,0,0,2,0,0,0,0,31082107,2018,0.29,559.4,1955.02,0,50.2,98.1,68,25.7,62.3,538.6,60.3,631.2,152.6,151.8,1037,371528,3935,12.81,89.7,1510,2.75,1.13,23.2,37.7,75,13.19,12362144,73369,78.71,3477.92,0,1200,400,720,240,4200,7500,8500,102,1.5,6000,0,0,0,0,0,60.16,30,59.32,54.85,58.2,0,0
2026-10-02T00:06:42.459000+09:00,2026-10-01T15:06:42.459000+00:00,094623,1075.8,1,0,0,0,0,13582,494,13582,0,0,0,0,4651,-28608,10342,6,13188,0,129,0,1,0,0,2,0,0,0,0,31082107,2018,0.28,456.86,1532.64,0,50,97.9,69.3,25.8,61.7,538.8,63.8,618.2,140.8,139.7,1022.5,371528,3935,12.87,92.7,1490,2.74,1.1,21.9,39.3,75,11.58,12362146,73369,64.2,3477.92,0,1200,400,720,240,4200,7500,8500,102,1.5,6000,0,0,0,0,0,64.59,30,57.68,64.24,58.2,0,0
2026-10-02T00:07:42.564000+09:00,2026-10-01T15:07:42.564000+00:00,094623,1643.4,1,0,0,0,0,13582,493,13582,0,0,0,0,4651,-28608,12374,6,4512,72,129,0,1,0,0,2,0,0,0,0,31082107,2018,0.23,801.11,2444.53,0,50.1,98.1,68.9,25.9,61,529.6,65.7,617.6,138.3,137.2,1017.4,371528,3935,12.88,89.7,1490,2.7,1.19,28.4,44.9,75,22.12,12362148,73369,77.28,3477.92,0,1200,400,720,240,4200,7500,8500,102,1.5,6000,0,0,0,0,0,72.04,30,65.07,65.85,58.2,0,0
2026-10-02T00:08:42.667000+09:00,2026-10-01T15:08:42.667000+00:00,094623,2206.5,1,0,0,0,0,13582,497,13582,0,0,0,0,4655,-28608,10326,590,4480,8192,129,0,1,0,0,2,0,0,0,0,31082107,2018,0.23,1151.46,3357.95,0,50.2,98.1,67.6,25.9,61.1,534.6,63.1,630,150.4,150,1030.7,371529,3936,12.57,87,1500,2.68,1.15,32.7,44.4,75,30.98,12362153,73369,80.47,3477.92,0,1200,400,720,240,4200,7500,8500,102,1.5,6000,0,0,0,0,0,73.57,30,71.83,59.7,58.2,0,0
2026-10-02T00:09:42.775000+09:00,2026-10-01T15:09:42.775000+00:00,094623,2570.0,1,0,0,0,0,13582,494,13582,0,0,0,0,4651,-28608,18518,6,4480,16,129,0,1,0,0,2,0,0,0,0,31082107,2018,0.36,1455.73,4025.7,0,50.2,97.3,66.7,25.9,61.7,532.1,60.3,633.4,156.7,156.2,1039.1,371529,3936,12.76,88.9,1500,2.65,1.15,34.3,41.6,75,31.26,12362158,73369,75.26,3477.92,0,1200,400,720,240,4200,7500,8500,102,1.5,6000,0,0,0,0,0,69.46,30,67.36,61.85,58.2,0,0
2026-10-02T00:10:42.860000+09:00,2026-10-01T15:10:42.860000+00:00,094623,1808.2,1,0,0,0,0,13582,494,13582,0,0,0,0,4651,-28608,10326,6,4992,0,129,0,1,0,0,0,0,0,0,0,31082107,2018,0.39,930.51,2738.73,0,50.2,98.2,67.8,25.9,62,536.9,62.6,626.4,149.1,148.5,1012.3,371529,3936,12.92,91.4,1580,2.72,1.15,26.8,37.2,75,12.47,12362162,73369,74.49,3477.92,0,1200,400,720,240,4200,7500,8500,102,1.5,6000,0,0,0,0,0,59.14,30,59.47,57.47,58.2,0,0
2026-10-02T00:11:42.948000+09:00,2026-10-01T15:11:42.948000+00:00,094623,1636.1,1,0,0,0,0,13582,427,13582,0,0,0,0,4651,-28608,10326,6,4992,0,129,0,1,0,0,0,0,0,0,0,31082107,2018,0.28,802.33,2438.43,0,49.9,99.1,69.2,25.9,61.5,536.4,62.8,617.7,139.7,138.9,1014.4,371529,3936,12.92,93.4,1390,2.41,1.44,27.7,40.5,75,11.83,12362164,73369,64.54,3477.93,0,1200,400,720,240,4200,7500,8500,102,1.5,6000,0,0,0,0,0,63.27,30,60.21,65.21,58.2,0,0
2026-10-02T00:12:43.038000+09:00,2026-10-01T15:12:43.038000+00:00,094623,1980.7,1,0,0,0,0,13582,493,13582,0,0,0,0,4651,-28608,12374,6,4512,8,129,0,1,0,0,2,0,0,0,0,31082107,2018,0.24,1138.04,3118.69,0,50,97.2,68.8,25.9,61,525.3,62.7,619.5,140.9,140,1026,371529,3936,12.82,88.7,1490,2.68,1.2,30.6,42.8,75,24.56,12362167,73369,76.09,3477.93,0,1200,400,720,240,4200,7500,8500,102,1.5,6000,0,0,0,0,0,73.12,30,64.2,62.71,58.2,0,0
2026-10-02T00:13:43.151000+09:00,2026-10-01T15:13:43.151000+00:00,094623,1866.8,1,0,0,0,0,13582,502,13582,0,0,0,0,4651,-28608,10326,6,4992,0,129,0,1,0,0,2,0,0,0,0,31082107,2018,0.28,983,2849.82,0,50,99,67.5,25.9,61.4,531.3,69,628.9,154.1,153.8,1027.9,371529,3936,12.36,88.3,1510,2.76,1.09,26.8,37.3,75,21.56,12362172,73369,78.37,3477.93,0,1200,400,720,240,4200,7500,8500,102,1.5,6000,0,0,0,0,0,66.47,30,67.73,56.19,58.2,0,0
2026-10-02T00:14:43.253000+09:00,2026-10-01T15:14:43.253000+00:00,094623,1553.1,1,0,0,0,0,13582,523,13582,0,0,0,0,4651,-28608,10326,6,4992,0,129,0,1,0,0,2,0,0,0,0,31082107,2018,0.32,859.71,2412.79,0,49.8,97.7,68.2,25.9,61.4,531.8,67.1,616.7,140.8,140.1,1010.9,371530,3937,12.79,90,1580,2.89,1.1,25.6,37.9,75,10.94,12362174,73369,55.82,3477.93,0,1200,400,720,240,4200,7500,8500,102,1.5,6000,0,0,0,0,0,67.01,30,61.75,58.92,58.1,0,0
2026-10-02T00:15:43.348000+09:00,2026-10-01T15:15:43.348000+00:00,094623,1147.8,1,0,0,0,0,13582,492,13582,0,0,0,0,4651,-28608,10326,6,4480,0,129,0,1,0,0,2,0,0,0,0,31082107,2018,0.25,495.93,1643.73,0,49.6,96.3,68.3,25.9,60.8,534.2,65.7,615,136.7,135.7,1001.9,371530,3937,12.74,93.9,1480,2.73,1.15,23.3,41.4,75,12.43,12362176,73369,72.38,3477.93,0,1200,400,720,240,4200,7500,8500,102,1.5,6000,0,0,0,0,0,64.24,30,54.38,70.14,58.2,0,0
2026-10-02T00:16:43.469000+09:00,2026-10-01T15:16:43.469000+00:00,094623,2311.5,1,0,0,0,0,13582,496,13582,0,0,0,0,4651,-28608,10326,518,4480,0,129,0,1,0,0,2,0,0,0,0,31082107,2018,0.25,1280.86,3592.33,0,49.8,100.9,67.8,25.9,60.5,527.4,66.1,625,146,145.4,1033.7,371530,3937,12.9,87.9,1500,2.69,1.16,33.6,43.4,75,31,12362180,73369,81.1,3477.93,0,1200,400,720,240,4200,7500,8500,102,1.5,6000,0,0,0,0,0,74.16,30,78.41,65.01,58.3,0,0
2026-10-02T00:17:43.562000+09:00,2026-10-01T15:17:43.562000+00:00,094623,2295.6,1,0,0,0,0,13582,495,13582,0,0,0,0,4655,-28608,12374,590,4480,8192,129,0,1,0,0,2,0,0,0,0,31082107,2018,0.28,1249.12,3544.72,0,49.9,95.2,67.1,25.9,61.2,535.1,63.7,630,152.6,152,1045.4,371530,3937,12.65,86.9,1500,2.68,1.16,33.4,44,75,31.14,12362185,73369,75.38,3477.93,0,1200,400,720,240,4200,7500,8500,102,1.5,6000,0,0,0,0,0,71.4,30,61.81,57.22,58.3,0,0
2026-10-02T00:18:43.664000+09:00,2026-10-01T15:18:43.664000+00:00,094623,2355.4,1,0,0,0,0,13582,500,13582,0,0,0,0,4651,-28608,10326,6,4992,0,129,0,1,0,0,0,0,0,0,0,31082107,2018,0.39,1352.88,3708.3,0,49.9,100,66.5,25.9,61.7,531.9,61.1,631.9,157.3,156.7,1109.5,371530,3937,12.74,90.9,1510,2.72,1.14,30.9,39.3,75,27.28,12362191,73369,75.8,3477.93,0,1200,400,720,240,4200,7500,8500,102,1.5,6000,0,0,0,0,0,64.88,30,72.89,64.62,58.3,0,0
2026-10-02T00:19:43.758000+09:00,2026-10-01T15:19:43.758000+00:00,094623,1381.0,1,0,0,0,0,13582,521,13582,0,0,0,0,4651,-28608,10326,518,4992,0,129,0,1,0,0,0,0,0,0,0,31082107,2018,0.31,719.32,2100.28,0,50,97.3,68.6,25.9,61.8,532.4,65.1,620.5,145.3,144.5,1028.7,371530,3937,12.12,92.1,1570,2.88,1.03,23.3,35.6,75,17.92,12362193,73369,71.97,3477.94,0,1200,400,720,240,4200,7500,8500,102,1.5,6000,0,0,0,0,0,63.78,30,58.12,64.06,58.3,0,0
2026-10-02T00:20:43.845000+09:00,2026-10-01T15:20:43.845000+00:00,094623,1410.3,1,0,0,0,0,13582,522,13582,0,0,0,0,4655,-26560,10326,518,4992,0,129,0,1,0,0,2,0,0,0,0,31082107,2018,0.23,820.64,2230.9,0,49.9,98.2,69.3,25.9,61.2,528.9,65,615.3,138.7,137.8,1024.9,371531,3938,12.28,90,1570,2.9,1.05,24,36,75,12.69,12362196,73369,73.16,3477.94,0,1200,400,720,240,4200,7500,8500,102,1.5,6000,0,0,0,0,0,68.17,30,62.04,61.35,58.3,0,0
2026-10-02T00:21:43.947000+09:00,2026-10-01T15:21:43.947000+00:00,094623,2313.9,1,0,0,0,0,13582,495,13582,0,0,0,0,4655,-28608,10390,6,20864,0,129,0,1,0,0,2,0,0,0,0,31082107,2018,0.3,1245.46,3559.37,0,49.8,98.2,68.2,25.8,60.8,526.4,65.7,622.8,145.2,144.4,1038.2,371531,3938,12.75,89.4,1490,2.68,1.16,33.2,42.9,75,30.37,12362199,73369,67.17,3477.94,0,1200,400,720,240,4200,7500,8500,102,1.5,6000,0,0,0,0,0,74.32,30,69.96,66.99,58.3,0,0
2026-10-02T00:22:44.028000+09:00,2026-10-01T15:22:44.028000+00:00,094623,2333.4,1,0,0,0,0,13582,495,13582,0,0,0,0,4655,-28608,18518,6,4480,528,129,0,1,0,0,2,0,0,0,0,31082107,2018,0.28,1266.21,3599.66,0,50.1,98.3,67.4,25.8,61.3,534.7,64.7,628.6,154,153.5,1041.9,371531,3938,12.73,88.9,1500,2.67,1.16,33.6,43.7,75,31.29,12362204,73369,84.12,3477.94,0,1200,400,720,240,4200,7500,8500,102,1.5,6000,0,0,0,0,0,72.02,30,72.13,64.86,58.3,0,0
2026-10-02T00:23:44.123000+09:00,2026-10-01T15:23:44.123000+00:00,094623,1843.6,1,0,0,0,0,13582,501,13582,0,0,0,0,4655,-28608,10342,6,13188,0,129,0,1,0,0,2,0,0,0,0,31082107,2018,0.32,935.39,2779.02,0,50.2,97.1,67.2,25.8,61.9,536.5,62.3,628.8,157.3,156.8,1037.5,371531,3938,12.77,88.7,1510,2.75,1.1,26.2,36.7,75,19.96,12362209,73369,83.67,3477.94,0,1200,400,720,240,4200,7500,8500,102,1.5,6000,0,0,0,0,0,62.79,30,60.15,55.04,58.3,0,0
2026-10-02T00:24:44.225000+09:00,2026-10-01T15:24:44.225000+00:00,094623,1196.6,1,0,0,0,0,13582,517,13582,0,0,0,0,4655,-28608,10326,6,4992,0,129,0,1,0,0,0,0,0,0,0,31082107,2018,0.42,683.92,1880.55,0,49.9,98.4,68.6,25.8,61.7,531.5,66.4,617.4,144,142.9,1037.1,371531,3938,12.74,90.5,1550,2.88,1.01,21.6,33.7,75,15.66,12362211,73369,59.63,3477.94,0,1200,400,720,240,4200,7500,8500,102,1.5,6000,0,0,0,0,0,62.8,30,59.91,56.33,58.3,0,0
2026-10-02T00:25:44.318000+09:00,2026-10-01T15:25:44.318000+00:00,094623,1276.0,1,0,0,0,0,13582,494,13582,0,0,0,0,4651,-28608,10326,6,4480,8,129,0,1,0,0,2,0,0,0,0,31082107,2018,0.25,646.08,1922.06,0,49.8,97.4,68.8,25.7,61.1,532.8,66.8,615.3,139.4,138.4,1026.9,371531,3938,12.82,93.1,1490,2.73,1.18,24.5,40.9,75,13.86,12362213,73369,74.3,3477.94,0,1200,400,720,240,4200,7500,8500,102,1.5,6000,0,0,0,0,0,65.92,30,57.89,69.25,58.3,0,0
2026-10-02T00:26:44.404000+09:00,2026-10-01T15:26:44.404000+00:00,094623,2083.2,1,0,0,0,0,13582,495,13582,0,0,0,0,4651,-28608,10326,6,4480,0,129,0,1,0,0,2,0,0,0,0,31082107,2018,0.23,1206.4,3289.59,0,49.9,99.4,68.1,25.7,60.9,532.6,64.2,626.2,149,148.5,1022,371532,3939,12.69,87.7,1500,2.67,1.14,32.2,44.1,75,31.21,12362218,73369,78.49,3477.94,0,1200,400,720,240,4200,7500,8500,102,1.5,6000,0,0,0,0,0,74.83,30,74.74,62.76,58.3,0,0
2026-10-02T00:27:44.515000+09:00,2026-10-01T15:27:44.515000+00:00,094623,2348.1,1,0,0,0,0,13582,496,13582,0,0,0,0,4651,-28608,18518,518,4480,528,129,0,1,0,0,2,0,0,0,0,31082107,2018,0.27,1340.68,3688.77,0,50,96.6,67,25.7,61.3,535,63.5,629.6,154,153.3,1031.6,371532,3939,12.46,88.2,1500,2.68,1.17,33.6,43.1,75,31.17,12362223,73369,77.37,3477.95,0,1200,400,720,240,4200,7500,8500,102,1.5,6000,0,0,0,0,0,70.98,30,66.52,60.73,58.3,0,0
2026-10-02T00:28:44.612000+09:00,2026-10-01T15:28:44.612000+00:00,094623,1904.7,1,0,0,0,0,13582,500,13582,0,0,0,0,4651,-28608,10326,6,4992,0,129,0,1,0,0,2,0,0,0,0,31082107,2018,0.33,945.16,2849.82,0,50.2,98.6,66.7,25.7,61.9,536.6,60.9,630.4,157.4,156.8,1077.2,371532,3939,12.42,89.9,1510,2.74,1.09,26.5,36.7,75,20.6,12362228,73369,78.18,3477.95,0,1200,400,720,240,4200,7500,8500,102,1.5,6000,0,0,0,0,0,61.19,30,64.69,57.43,58.3,0,0
2026-10-02T00:29:44.707000+09:00,2026-10-01T15:29:44.707000+00:00,094623,1390.7,1,0,0,0,0,13582,521,13582,0,0,0,0,4651,-28608,10326,6,4992,0,129,0,1,0,0,2,0,0,0,0,31082107,2018,0.33,808.43,2199.16,0,50,97.3,68.9,25.7,61.8,532.2,69.4,614.1,143.7,142.7,1022.5,371532,3939,12.8,92.5,1570,2.88,1.04,23.6,35.4,75,18.26,12362230,73369,60.99,3477.95,0,1200,400,720,240,4200,7500,8500,102,1.5,6000,0,0,0,0,0,65,30,58.23,63.75,58.3,0,0
2026-10-02T00:30:44.797000+09:00,2026-10-01T15:30:44.797000+00:00,094623,1280.9,1,0,0,0,0,13582,493,13582,0,0,0,0,4655,-28608,12374,6,4512,72,129,0,1,0,0,2,0,0,0,0,31082107,2018,0.24,583.82,1864.68,0,49.8,98,69.1,25.6,61.2,531.6,98.2,610.2,140,139.1,1035.8,371532,3939,12.79,91.2,1490,2.72,1.15,24,40.1,75,13.39,12362232,73369,76.48,3477.95,0,1200,400,720,240,4200,7500,8500,102,1.5,6000,0,0,0,0,0,65.97,30,58.18,63.55,58.3,0,0
2026-10-02T00:31:44.905000+09:00,2026-10-01T15:31:44.905000+00:00,094623,2273.6,1,0,0,0,0,13582,496,13582,0,0,0,0,4655,-28608,10326,6,4480,0,129,0,1,0,0,2,0,0,0,0,31082107,2018,0.23,1295.51,3569.14,0,49.8,98,68.1,25.6,61,529.6,77.8,617.8,148.7,148.2,1039.7,371532,3939,12.85,87.6,1500,2.68,1.16,33.1,43.7,75,31.16,12362236,73369,81.45,3477.95,0,1200,400,720,240,4200,7500,8500,102,1.5,6000,0,0,0,0,0,74.86,30,71.04,61.82,58.3,0,0
2026-10-02T00:32:45.007000+09:00,2026-10-01T15:32:45.007000+00:00,094623,2289.5,1,0,0,0,0,13582,501,13582,0,0,0,0,4651,-28608,18518,6,4992,528,129,0,1,0,0,2,0,0,0,0,31082107,2018,0.31,1178.32,3467.82,0,49.8,97.6,67,25.6,61.5,530.9,69.1,627.5,156.9,156.5,1052.2,371533,3940,12.86,88.2,1510,2.73,1.13,30.2,39.5,75,27.1,12362241,73369,75.28,3477.95,0,1200,400,720,240,4200,7500,8500,102,1.5,6000,0,0,0,0,0,67.73,30,65.01,56.91,58.3,0,0
2026-10-02T00:33:45.119000+09:00,2026-10-01T15:33:45.119000+00:00,094623,1213.7,1,0,0,0,0,13582,518,13582,0,0,0,0,4651,-28608,10326,6,4992,0,129,0,1,0,0,0,0,0,0,0,31082107,2018,0.41,615.56,1829.28,0,49.6,97.6,68,25.5,61.5,532.5,69.6,613.3,144.4,143.4,1003.7,371533,3940,12.8,91.8,1550,2.88,1.01,21.6,34.6,75,15.56,12362244,73369,61.03,3477.95,0,1200,400,720,240,4200,7500,8500,102,1.5,6000,0,0,0,0,0,61.51,30,56.8,58.76,58.3,0,0
2026-10-02T00:34:45.220000+09:00,2026-10-01T15:34:45.220000+00:00,094623,1283.3,1,0,0,0,0,13582,519,13582,0,0,0,0,4651,-28608,10326,6,4992,0,129,0,1,0,0,2,0,0,0,0,31082107,2018,0.24,688.8,1972.11,0,49.4,98.3,68.6,25.6,60.9,529.4,70.6,606.7,138,137,1014.6,371533,3940,12.52,93.5,1560,2.89,1.03,22.6,35.3,75,17.31,12362246,73369,73.38,3477.95,0,1200,400,720,240,4200,7500,8500,102,1.5,6000,0,0,0,0,0,64.67,30,60.36,68.54,58.3,0,0
2026-10-02T00:35:45.328000+09:00,2026-10-01T15:35:45.328000+00:00,094623,2400.6,1,0,0,0,0,13582,494,13582,0,0,0,0,4655,-28608,12374,590,4512,8264,129,0,1,0,0,2,0,0,0,0,31082107,2018,0.26,1355.33,3755.91,0,49.5,99.1,68.2,25.5,60.5,524.1,67.1,615.7,143.9,142.2,1039.8,371533,3940,12.84,88.7,1490,2.69,1.17,33.7,42.4,75,29.56,12362250,73369,75.52,3477.95,0,1200,400,720,240,4200,7500,8500,102,1.5,6000,0,0,0,0,0,74.33,30,71.72,66.71,58.3,0,0
2026-10-02T00:36:45.443000+09:00,2026-10-01T15:36:45.443000+00:00,094623,2576.1,1,0,0,0,0,13582,495,13582,0,0,0,0,4651,-28608,10326,518,4480,0,129,0,1,0,0,2,0,0,0,0,31082107,2018,0.24,1460.62,4036.68,0,49.8,96.4,67.3,25.5,61.2,528.9,67.1,622.3,155.1,153.3,1069.6,371533,3940,12.77,87.1,1500,2.68,1.16,34.7,41.9,75,31.22,12362255,73369,79.68,3477.96,0,1200,400,720,240,4200,7500,8500,102,1.5,6000,0,0,0,0,0,71.74,30,65.91,58.74,58.3,0,0
2026-10-02T00:37:45.532000+09:00,2026-10-01T15:37:45.532000+00:00,094623,1390.7,1,0,0,0,0,13582,499,13582,0,0,0,0,4655,-28608,18518,6,4992,528,129,0,1,0,0,2,0,0,0,0,31082107,2018,0.38,576.49,1967.22,0,49.7,99,67.3,25.5,61.6,535.4,65.5,617.3,150,148.6,1035.4,371533,3940,12.75,89.8,1500,2.77,1.13,23.2,37.5,75,12.95,12362259,73369,67.63,3477.96,0,1200,400,720,240,4200,7500,8500,102,1.5,6000,0,0,0,0,0,59.03,30,60.85,53.01,58.3,0,0
2026-10-02T00:38:45.800000+09:00,2026-10-01T15:38:45.800000+00:00,094623,1207.6,1,0,0,0,0,13582,496,13582,0,0,0,0,4655,-28608,10326,6,4992,0,129,0,1,0,0,0,0,0,0,0,31082107,2018,0.38,538.65,1746.27,0,49.4,97.2,68.6,25.5,61.2,534.7,67.1,609.2,139.9,138.4,1015,371534,3941,12.65,92.5,1490,2.76,1.12,22.6,38,75,11.81,12362261,73369,65.78,3477.96,0,1200,400,720,240,4200,7500,8500,102,1.5,6000,0,0,0,0,0,62.41,30,54.98,62.05,58.3,0,0
2026-10-02T00:39:45.839000+09:00,2026-10-01T15:39:45.839000+00:00,094623,1937.9,1,0,0,0,0,13582,494,13582,0,0,0,0,4651,-28608,10326,6,4480,0,129,0,1,0,0,2,0,0,0,0,31082107,2018,0.23,1044.04,2981.96,0,49.4,98.5,68.7,25.5,60.7,524,65.5,610.4,139.9,138.2,1012.5,371534,3941,12.86,90.1,1490,2.69,1.2,29.8,42.6,75,23.62,12362264,73369,77.62,3477.96,0,1200,400,720,240,4200,7500,8500,102,1.5,6000,0,0,0,0,0,71.26,30,66.7,66.39,58.3,0,0
2026-10-02T00:40:45.927000+09:00,2026-10-01T15:40:45.927000+00:00,094623,2334.7,1,0,0,0,0,13582,494,13582,0,0,0,0,4651,-28608,12438,6,20896,72,129,0,1,0,0,2,0,0,0,0,31082107,2018,0.21,1308.94,3643.6,0,49.6,98.2,67.6,25.5,60.9,533,64.9,620,152.3,150.9,1029.6,371534,3941,12.88,87,1500,2.69,1.17,33.6,43.5,75,31.03,12362269,73369,80.94,3477.96,0,1200,400,720,240,4200,7500,8500,102,1.5,6000,0,0,0,0,0,72.7,30,71.55,58.73,58.3,0,0
2026-10-02T00:41:46.034000+09:00,2026-10-01T15:41:46.034000+00:00,094623,1769.2,1,0,0,0,0,13582,501,13582,0,0,0,0,4651,-28608,10326,6,4992,0,129,0,1,0,0,2,0,0,0,0,31082107,2018,0.32,812.1,2581.26,0,49.7,97.3,66.9,25.5,61.5,538,62.1,623.5,155.6,154.2,1040.1,371534,3941,12.79,88.8,1510,2.75,1.1,26.3,38.6,75,21.49,12362273,73369,73.75,3477.96,0,1200,400,720,240,4200,7500,8500,102,1.5,6000,0,0,0,0,0,62.61,30,60.54,53.94,58.3,0,0
2026-10-02T00:42:46.126000+09:00,2026-10-01T15:42:46.126000+00:00,094623,1465.2,1,0,0,0,0,13582,524,13582,0,0,0,0,4655,-28608,18534,6,13188,16,129,0,1,0,0,2,0,0,0,0,31082107,2018,0.37,747.4,2212.59,0,49.4,97.6,68.3,25.5,61.2,533.7,64.7,608.5,140.9,139.6,1020.5,371534,3941,12.32,91.4,1570,2.9,1.05,24.3,37,75,10.83,12362276,73369,61.37,3477.96,0,1200,400,720,240,4200,7500,8500,102,1.5,6000,0,0,0,0,0,64.69,30,60.64,60.43,58.3,0,0
2026-10-02T00:43:46.215000+09:00,2026-10-01T15:43:46.215000+00:00,094623,1273.5,1,0,0,0,0,13582,492,13582,0,0,0,0,4651,-28608,10326,6,4480,0,129,0,1,0,0,2,0,0,0,0,31082107,2018,0.21,587.48,1861.02,0,49.3,97.4,68.6,25.5,60.6,532.8,66.6,607.3,137.8,136.4,1035.5,371534,3941,12.67,94.6,1480,2.74,1.17,23.9,40.3,75,13.3,12362278,73369,77.18,3477.96,0,1200,400,720,240,4200,7500,8500,102,1.5,6000,0,0,0,0,0,63.55,30,55.81,72.76,58.3,0,0
2026-10-02T00:44:46.329000+09:00,2026-10-01T15:44:46.329000+00:00,094623,2348.1,1,0,0,0,0,13582,496,13582,0,0,0,0,4655,-28608,10326,590,4480,8192,129,0,1,0,0,2,0,0,0,0,31082107,2018,0.22,1238.14,3586.23,0,49.5,99.7,68.1,25.5,60.5,527.8,65,617.6,149.6,148.2,1038.7,371535,3942,12.38,87.5,1500,2.7,1.15,33,42.8,75,31.07,12362282,73369,79.45,3477.97,0,1200,400,720,240,4200,7500,8500,102,1.5,6000,0,0,0,0,0,73.85,30,75.53,62.09,58.3,0,0
2026-10-02T00:45:46.426000+09:00,2026-10-01T15:45:46.426000+00:00,094623,2607.8,1,0,0,0,0,13582,495,13582,0,0,0,0,4651,-28608,12374,6,4512,8,129,0,1,0,0,2,0,0,0,0,31082107,2018,0.31,1502.12,4109.93,0,49.6,96.4,67,25.5,61.1,530.2,63.1,626.3,158.3,156.8,1039.1,371535,3942,12.69,87.8,1500,2.68,1.17,34.7,41.6,75,31.11,12362287,73369,73.02,3477.97,0,1200,400,720,240,4200,7500,8500,102,1.5,6000,0,0,0,0,0,70,30,64.29,58.68,58.3,0,0
2026-10-02T00:46:46.525000+09:00,2026-10-01T15:46:46.525000+00:00,094623,2071.0,1,0,0,0,0,13582,497,13582,0,0,0,0,4651,-28608,10326,6,4992,0,129,0,1,0,0,0,0,0,0,0,31082107,2018,0.42,1040.38,3111.36,0,49.5,98.2,67.5,25.5,61.5,532,63.8,618.9,152.9,151.8,1021.4,371535,3942,12.79,90.8,1550,2.63,1.18,28.1,36.7,75,11.94,12362291,73369,69.67,3477.97,0,1200,400,720,240,4200,7500,8500,102,1.5,6000,0,0,0,0,0,58.11,30,57.92,54.71,58.3,0,0
2026-10-02T00:47:46.636000+09:00,2026-10-01T15:47:46.636000+00:00,094623,1742.3,1,0,0,0,0,13582,426,13582,0,0,0,0,4651,-28608,10326,6,4992,0,129,0,1,0,0,0,0,0,0,0,31082107,2018,0.38,760.83,2503.13,0,49.3,98.6,69,25.4,61.2,534,64.9,610.3,143,141.5,1027.9,371535,3942,12.69,94.1,1350,2.39,1.53,28.1,39.8,75,11.79,12362293,73369,64.26,3477.97,0,1200,400,720,240,4200,7500,8500,102,1.5,6000,0,0,0,0,0,61.86,30,57.87,65.86,58.3,0,0
2026-10-02T00:48:46.737000+09:00,2026-10-01T15:48:46.737000+00:00,094623,2022.1,1,0,0,0,0,13582,493,13582,0,0,0,0,4651,-28608,10326,590,4480,8192,129,0,1,0,0,2,0,0,0,0,31082107,2018,0.24,1042.82,3064.97,0,49.4,98.9,68.9,25.4,60.6,523.2,66.1,612.6,143.7,142.1,1031.3,371535,3942,12.87,89,1490,2.7,1.19,30.5,42.8,75,23.76,12362296,73369,81.6,3477.97,0,1200,400,720,240,4200,7500,8500,102,1.5,6000,0,0,0,0,0,72.54,30,68.75,63.63,58.2,0,0
2026-10-02T00:49:46.847000+09:00,2026-10-01T15:49:46.847000+00:00,094623,2183.3,1,0,0,0,0,13582,497,13582,0,0,0,0,4651,-28608,10326,6,4480,0,129,0,1,0,0,2,0,0,0,0,31082107,2018,0.25,1004.97,3188.27,0,49.5,97.2,67.5,25.4,60.9,535.3,63.7,624.6,154.9,153.5,1021,371535,3942,12.82,87.3,1500,2.71,1.15,32.3,45.1,75,31.46,12362301,73369,78.06,3477.97,0,1200,400,720,240,4200,7500,8500,102,1.5,6000,0,0,0,0,0,72.47,30,68.18,59.1,58.3,0,0
2026-10-02T00:50:46.960000+09:00,2026-10-01T15:50:46.960000+00:00,094623,2470.2,1,0,0,0,0,13582,497,13582,0,0,0,0,4651,-28608,8278,6,4480,0,129,0,1,0,0,2,0,0,0,0,31082107,2018,0.35,1235.69,3705.86,0,49.6,97.5,66.6,25.5,61.2,534.9,61.9,625.5,159.9,158.6,1048.7,371536,3943,12.68,89.5,1500,2.69,1.16,33.7,43.3,75,31.29,12362306,73369,74.74,3477.97,0,1200,400,720,240,4200,7500,8500,102,1.5,6000,0,0,0,0,0,68.35,30,67.29,62.88,58.3,0,0
2026-10-02T00:51:47.068000+09:00,2026-10-01T15:51:47.068000+00:00,094623,2207.7,1,0,0,0,0,13582,502,13582,0,0,0,0,4651,-28608,10326,6,4992,0,129,0,1,0,0,0,0,0,0,0,31082107,2018,0.38,964.69,3172.4,0,49.8,99,66.8,25.4,61.7,536,65.3,629.1,164.1,162.7,1054.4,371536,3943,12.69,90.9,1520,2.74,1.12,29.2,39.9,75,25.35,12362311,73369,81.02,3477.97,0,1200,400,720,240,4200,7500,8500,102,1.5,6000,0,0,0,0,0,62.61,30,68.3,63.49,58.3,0,0
2026-10-02T00:52:47.168000+09:00,2026-10-01T15:52:47.168000+00:00,094623,1131.9,1,0,0,0,0,13582,495,13582,0,0,0,0,4651,-28608,10326,6,4992,0,129,0,1,0,0,0,0,0,0,0,31082107,2018,0.38,437.33,1569.26,0,49.7,97.8,68.9,25.4,61.7,535.9,66.2,615.5,150,148.6,1013.3,371536,3943,12.84,90.8,1480,2.76,1.04,21.3,36.9,75,12.23,12362314,73369,66.78,3477.98,0,1200,400,720,240,4200,7500,8500,102,1.5,6000,0,0,0,0,0,60.71,30,56.83,56.45,58.3,0,0
2026-10-02T00:53:47.271000+09:00,2026-10-01T15:53:47.271000+00:00,094623,1131.9,1,0,0,0,0,13582,499,13582,0,0,0,0,4651,-26560,10326,6,4992,0,129,0,1,0,0,0,0,0,0,0,31082107,2018,0.29,508.13,1640.06,0,49.5,98.1,69.3,25.4,61.1,532.7,67,608.4,143,141.4,1002.7,371536,3943,12.81,92.9,1490,2.8,1.04,21.2,35.7,75,13.17,12362316,73369,73.24,3477.98,0,1200,400,720,240,4200,7500,8500,102,1.5,6000,0,0,0,0,0,63.9,30,58.36,66.44,58.3,0,0
2026-10-02T00:54:47.368000+09:00,2026-10-01T15:54:47.368000+00:00,094623,2298.0,1,0,0,0,0,13582,495,13582,0,0,0,0,4651,-28608,10326,6,4480,0,129,0,1,0,0,2,0,0,0,0,31082107,2018,0.26,1130.71,3428.75,0,49.6,98.8,68.4,25.4,60.7,528.5,65.9,618.1,151.5,150.2,1015.5,371536,3943,12.67,88,1500,2.69,1.15,32.6,43.7,75,30.78,12362319,73369,76.15,3477.98,0,1200,400,720,240,4200,7500,8500,102,1.5,6000,0,0,0,0,0,74.26,30,72.46,63.42,58.3,0,0
2026-10-02T00:55:47.471000+09:00,2026-10-01T15:55:47.471000+00:00,094623,2556.8,1,0,0,0,0,13582,496,13582,0,0,0,0,4655,-28608,18518,6,4480,528,129,0,1,0,0,2,0,0,0,0,31082107,2018,0.29,1278.42,3835.26,0,49.7,97.4,67.3,25.3,61.2,532.4,64.9,625.7,160.5,159.2,1029.1,371536,3943,12.67,87.8,1500,2.68,1.17,34.3,42.8,75,31.23,12362325,73369,77.73,3477.98,0,1200,400,720,240,4200,7500,8500,102,1.5,6000,0,0,0,0,0,70.96,30,69.03,59.58,58.4,0,0
2026-10-02T00:56:47.576000+09:00,2026-10-01T15:56:47.576000+00:00,094623,1453.0,1,0,0,0,0,13582,499,13582,0,0,0,0,4655,-26560,10326,6,4993,0,129,0,1,0,0,2,0,0,0,0,31082107,2018,0.39,608.23,2061.22,0,49.6,97.8,67.5,25.4,61.6,535.8,62.9,621.4,155.7,154.3,1010.1,371537,3944,12.74,90,1500,2.77,1.13,23.3,37.1,75,13.44,12362329,73369,71.26,3477.98,0,1200,400,720,240,4200,7500,8500,102,1.5,6000,0,0,0,0,0,59.01,30,57.88,53.29,58.3,0,0
2026-10-02T00:57:47.682000+09:00,2026-10-01T15:57:47.682000+00:00,094623,1200.3,1,0,0,0,0,13582,491,13582,0,0,0,0,4651,-28608,10390,6,21376,0,129,0,1,0,0,0,0,0,0,0,31082107,2018,0.4,514.24,1714.53,0,49.3,97.8,68.9,25.4,61.2,533.7,66.1,612.2,144.7,142.9,1021.4,371537,3944,12.73,92.8,1480,2.73,1.08,22.1,37.1,75,11.81,12362331,73369,63.54,3477.98,0,1200,400,720,240,4200,7500,8500,102,1.5,6000,0,0,0,0,0,62.82,30,57.13,62.62,58.3,0,0
2026-10-02T00:58:47.789000+09:00,2026-10-01T15:58:47.789000+00:00,094623,1807.0,1,0,0,0,0,13582,493,13582,0,0,0,0,4651,-28608,8278,6,4480,8,129,0,1,0,0,2,0,0,0,0,31082107,2018,0.23,940.27,2747.28,0,49.4,98.7,68.9,25.4,60.7,525.2,67.2,611.6,142.8,141.1,1006.2,371537,3944,12.71,89,1490,2.69,1.2,29.1,43.2,75,22.27,12362333,73369,79.38,3477.98,0,1200,400,720,240,4200,7500,8500,102,1.5,6000,0,0,0,0,0,71.09,30,66.75,62.06,58.3,0,0
2026-10-02T00:59:47.881000+09:00,2026-10-01T15:59:47.881000+00:00,094623,2377.4,1,0,0,0,0,13582,495,13582,0,0,0,0,4655,-28608,10390,518,20864,0,129,0,1,0,0,2,0,0,0,0,31082107,2018,0.25,1194.19,3571.58,0,49.4,98.2,67.5,25.4,60.9,533.5,65.8,622.6,156.4,155,1050.2,371537,3944,12.67,87.6,1500,2.68,1.16,33.3,43.5,75,30.54,12362338,73369,79.12,3477.98,0,1200,400,720,240,4200,7500,8500,102,1.5,6000,0,0,0,0,0,72.45,30,71.4,60.27,58.3,0,0
2026-10-02T01:00:47.987000+09:00,2026-10-01T16:00:47.987000+00:00,094623,2102.7,1,0,0,0,0,13582,501,13582,0,0,0,0,4651,-28608,18518,6,4992,528,129,0,1,0,0,2,0,0,0,0,31082107,2018,0.32,986.66,3089.39,0,49.6,97.4,66.8,25.4,61.4,534,64,627.6,160.4,158.7,1030.3,371537,3944,12.92,89,1510,2.75,1.1,28,38,75,23.86,12362343,73369,78.16,3477.99,0,1200,400,720,240,4200,7500,8500,102,1.5,6000,0,0,0,0,0,63.59,30,63.17,56.46,58.3,0,0
2026-10-02T01:01:48.086000+09:00,2026-10-01T16:01:48.086000+00:00,094623,1190.5,1,0,0,0,0,13582,498,13582,0,0,0,0,4651,-28608,10342,6,13188,0,129,0,1,0,0,2,0,0,0,0,31082107,2018,0.34,466.63,1657.15,0,49.4,98.2,68.4,25.4,61.4,536.9,71.9,615.7,146.6,145,1017.4,371537,3944,12.58,91.4,1500,2.76,1.12,22.3,38.8,75,11.74,12362346,73369,58.58,3477.99,0,1200,400,720,240,4200,7500,8500,102,1.5,6000,0,0,0,0,0,60.95,30,59.02,56.89,58.3,0,0
2026-10-02T01:02:48.183000+09:00,2026-10-01T16:02:48.183000+00:00,094623,1213.7,1,0,0,0,0,13582,497,13582,0,0,0,0,4655,-28608,10326,6,4992,0,129,0,1,0,0,2,0,0,0,0,31082107,2018,0.2,556.96,1770.68,0,49.2,97.3,68.9,25.4,60.8,532.8,67.7,611.7,141.6,140,1006.7,371538,3945,12.86,94.9,1500,2.76,1.12,22.6,37.8,75,11.77,12362348,73369,73.18,3477.99,0,1200,400,720,240,4200,7500,8500,102,1.5,6000,0,0,0,0,0,63.65,30,55.32,72.32,58.3,0,0
2026-10-02T01:03:48.289000+09:00,2026-10-01T16:03:48.289000+00:00,094623,2464.1,1,0,0,0,0,13582,496,13582,0,0,0,0,4651,-28608,12374,6,4512,72,129,0,1,0,0,2,0,0,0,0,31082107,2018,0.23,1345.56,3809.63,0,49.4,100.1,68.2,25.4,60.6,525,63.1,621,151.9,150.3,1033.3,371538,3945,12.8,87.9,1500,2.7,1.15,33.5,42.1,75,31,12362352,73369,81.64,3477.99,0,1200,400,720,240,4200,7500,8500,102,1.5,6000,0,0,0,0,0,74.31,30,76.63,64.49,58.3,0,0
2026-10-02T01:04:48.379000+09:00,2026-10-01T16:04:48.379000+00:00,094623,2579.7,1,0,0,0,0,13582,496,13582,0,0,0,0,4651,-28608,10326,6,4480,0,129,0,1,0,0,2,0,0,0,0,31082107,2018,0.28,1486.25,4065.98,0,49.6,96,67.3,25.4,61.3,530.4,60.9,627.4,160.2,158.6,1030.9,371538,3945,12.71,87.4,1500,2.7,1.16,34,41.5,75,31.47,12362357,73369,76.12,3477.99,0,1200,400,720,240,4200,7500,8500,102,1.5,6000,0,0,0,0,0,71.5,30,63.95,58.76,58.3,0,0
2026-10-02T01:05:48.480000+09:00,2026-10-01T16:05:48.480000+00:00,094623,1956.2,1,0,0,0,0,13582,471,13582,0,0,0,0,4651,-28608,18518,6,4992,528,129,0,1,0,0,2,0,0,0,0,31082107,2018,0.39,1056.25,3012.48,0,49.5,98.3,67.4,25.4,61.5,534.7,62.4,620.1,152.9,151.6,1015,371538,3945,12.65,90.7,1550,2.62,1.2,27.5,36.8,75,12.31,12362361,73369,68.06,3477.99,0,1200,400,720,240,4200,7500,8500,102,1.5,6000,0,0,0,0,0,58.11,30,57.74,54.66,58.3,0,0
2026-10-02T01:06:48.587000+09:00,2026-10-01T16:06:48.587000+00:00,094623,1765.5,1,0,0,0,0,13582,423,13582,0,0,0,0,4651,-28608,10326,6,4992,0,129,0,1,0,0,0,0,0,0,0,31082107,2018,0.31,748.62,2514.11,0,49.2,98.5,68.7,25.4,61.1,534.6,65.5,613.4,143.8,142.2,1027.3,371538,3945,12.87,92.8,1340,2.38,1.55,28.1,39.3,75,11.21,12362363,73369,64.17,3477.99,0,1200,400,720,240,4200,7500,8500,102,1.5,6000,0,0,0,0,0,61.28,30,57.31,62.22,58.3,0,0
2026-10-02T01:07:48.675000+09:00,2026-10-01T16:07:48.675000+00:00,094623,1896.1,1,0,0,0,0,13582,492,13582,0,0,0,0,4651,-28608,10326,6,4480,0,129,0,1,0,0,2,0,0,0,0,31082107,2018,0.22,892.67,2788.78,0,49.2,97.1,68.8,25.4,60.6,526.2,64.3,614.6,143.5,142,1010.8,371539,3946,12.8,89,1490,2.69,1.2,30,44.6,75,25.02,12362365,73369,78.11,3477.99,0,1200,400,720,240,4200,7500,8500,102,1.5,6000,0,0,0,0,0,72.21,30,62.83,63.61,58.3,0,0
2026-10-02T01:08:48.782000+09:00,2026-10-01T16:08:48.782000+00:00,094623,2454.3,1,0,0,0,0,13582,496,13582,0,0,0,0,4651,-28608,12374,6,4512,72,129,0,1,0,0,2,0,0,0,0,31082107,2018,0.25,1229.59,3683.89,0,49.3,99.1,67.4,25.4,60.8,530.5,62.4,625.2,156.5,155.1,1034,371539,3946,12.73,87.1,1500,2.7,1.15,33.3,42.7,75,31.03,12362370,73369,80.71,3478,0,1200,400,720,240,4200,7500,8500,102,1.5,6000,0,0,0,0,0,71.96,30,73.71,58.42,58.3,0,0
2026-10-02T01:09:48.894000+09:00,2026-10-01T16:09:48.894000+00:00,094623,2071.0,1,0,0,0,0,13582,502,13582,0,0,0,0,4651,-28608,10326,6,4992,0,129,0,1,0,0,2,0,0,0,0,31082107,2018,0.36,942.72,3013.7,0,49.4,96.7,66.7,25.3,61.4,535.7,60.5,628.4,161.7,160.1,1037.3,371539,3946,12.87,89.5,1510,2.75,1.09,27.9,38.6,75,24.44,12362375,73369,76.04,3478,0,1200,400,720,240,4200,7500,8500,102,1.5,6000,0,0,0,0,0,63.64,30,60.25,57.85,58.3,0,0
2026-10-02T01:10:49.001000+09:00,2026-10-01T16:10:49.001000+00:00,094623,1194.2,1,0,0,0,0,13582,495,13582,0,0,0,0,4655,-28608,18518,6,4992,528,129,0,1,0,0,0,0,0,0,0,31082107,2018,0.41,482.5,1676.69,0,49.1,98.2,68.3,25.3,61.2,537.2,63.3,619.2,147.3,145.6,1010.2,371539,3946,12.7,91.9,1490,2.77,1.1,22.2,38,75,11.63,12362378,73369,65.93,3478,0,1200,400,720,240,4200,7500,8500,102,1.5,6000,0,0,0,0,0,60.23,30,57.77,58.98,58.3,0,0
2026-10-02T01:11:49.100000+09:00,2026-10-01T16:11:49.100000+00:00,094623,1186.9,1,0,0,0,0,13582,492,13582,0,0,0,0,4651,-28608,10326,518,4992,0,129,0,1,0,0,2,0,0,0,0,31082107,2018,0.22,542.31,1729.18,0,49.1,98.5,68.9,25.3,60.7,533,68.4,613.3,141.8,140.2,1022.1,371539,3946,12.77,92,1490,2.77,1.1,22.2,37.3,75,11.21,12362380,73369,75.02,3478,0,1200,400,720,240,4200,7500,8500,102,1.5,6000,0,0,0,0,0,63.1,30,58.41,63.54,58.3,0,0
2026-10-02T01:12:49.259000+09:00,2026-10-01T16:12:49.259000+00:00,094623,2307.8,1,0,0,0,0,13582,495,13582,0,0,0,0,4651,-28608,10326,518,4480,0,129,0,1,0,0,2,0,0,0,0,31082107,2018,0.25,1189.31,3497.12,0,49.1,98.4,68.2,25.3,60.4,527.5,63.8,621.4,150.4,149.2,1021.5,371539,3946,12.55,88.2,1490,2.69,1.16,33,43.4,75,30.56,12362384,73369,74.24,3478,0,1200,400,720,240,4200,7500,8500,102,1.5,6000,0,0,0,0,0,73.76,30,70.77,63.01,58.3,0,0
2026-10-02T01:13:49.323000+09:00,2026-10-01T16:13:49.323000+00:00,094623,2538.5,1,0,0,0,0,13582,494,13582,0,0,0,0,4655,-28608,12374,6,4512,72,129,0,1,0,0,2,0,0,0,0,31082107,2018,0.29,1396.83,3935.36,0,49.2,98.3,67.2,25.3,61,531.8,61.2,623.6,159.6,158,1068.9,371540,3947,12.7,88.4,1490,2.69,1.16,34.1,42.1,75,31.02,12362389,73369,78.82,3478,0,1200,400,720,240,4200,7500,8500,102,1.5,6000,0,0,0,0,0,70.44,30,71.35,61.22,58.3,0,0
2026-10-02T01:14:49.421000+09:00,2026-10-01T16:14:49.421000+00:00,094623,1449.3,1,0,0,0,0,13582,500,13582,0,0,0,0,4655,-28608,10326,6,4992,0,129,0,1,0,0,2,0,0,0,0,31082107,2018,0.29,569.17,2018.49,0,49.2,97.6,67.3,25.2,61.4,538.4,61.8,623.8,155.4,154,1059.6,371540,3947,12.92,89.6,1510,2.78,1.11,23.3,37.4,75,14.27,12362393,73369,75.85,3478,0,1200,400,720,240,4200,7500,8500,102,1.5,6000,0,0,0,0,0,58.4,30,58.72,52.25,58.3,0,0
2026-10-02T01:15:49.519000+09:00,2026-10-01T16:15:49.519000+00:00,094623,1252.8,1,0,0,0,0,13582,516,13582,0,0,0,0,4655,-28608,18518,6,4992,16,129,0,1,0,0,2,0,0,0,0,31082107,2018,0.38,702.23,1955.02,0,48.8,97.8,68.8,25.3,60.9,531.2,62.8,612.3,144,142.4,1039.6,371540,3947,12.39,92.4,1550,2.89,1.01,21.6,33.3,75,15.99,12362395,73369,57.51,3478,0,1200,400,720,240,4200,7500,8500,102,1.5,6000,0,0,0,0,0,62.35,30,57.94,60.57,58.3,0,0
2026-10-02T01:16:49.625000+09:00,2026-10-01T16:16:49.625000+00:00,094623,1670.3,1,0,0,0,0,13582,493,13582,0,0,0,0,4655,-28608,10390,518,20864,0,129,0,1,0,0,2,0,0,0,0,31082107,2018,0.25,774.25,2444.53,0,48.9,97.1,68.8,25.3,60.4,529.1,63.8,609.3,140.9,139.5,1015.5,371540,3947,12.41,92.3,1490,2.71,1.2,27.7,43.2,75,19.95,12362398,73369,78.93,3478,0,1200,400,720,240,4200,7500,8500,102,1.5,6000,0,0,0,0,0,69.2,30,60.07,71.58,58.3,0,0
2026-10-02T01:17:49.734000+09:00,2026-10-01T16:17:49.734000+00:00,094623,2432.3,1,0,0,0,0,13582,498,13582,0,0,0,0,4651,-28608,10326,6,4480,0,129,0,1,0,0,2,0,0,0,0,31082107,2018,0.19,1344.34,3776.67,0,49.1,98.4,67.9,25.2,60.6,529.2,60.3,625.1,155,153.6,1037.5,371540,3947,12.71,86.7,1510,2.72,1.15,33.3,42.3,75,31.36,12362402,73369,85.63,3478.01,0,1200,400,720,240,4200,7500,8500,102,1.5,6000,0,0,0,0,0,73.44,30,72.59,59.18,58.3,0,0
2026-10-02T01:18:49.823000+09:00,2026-10-01T16:18:49.823000+00:00,094623,2494.6,1,0,0,0,0,13582,495,13582,0,0,0,0,4655,-28608,12438,6,20896,72,129,0,1,0,0,2,0,0,0,0,31082107,2018,0.35,1264.99,3759.57,0,49.1,97.8,67,25.2,61.1,536,60,628.4,159.9,158.5,1043.7,371540,3947,12.41,88.6,1500,2.7,1.14,33,41.9,75,30.88,12362408,73369,70.33,3478.01,0,1200,400,720,240,4200,7500,8500,102,1.5,6000,0,0,0,0,0,69.8,30,68.19,60.73,58.3,0,0
2026-10-02T01:19:49.922000+09:00,2026-10-01T16:19:49.922000+00:00,094623,1802.1,1,0,0,0,0,13583,502,13583,0,0,0,0,4651,-28608,10326,6,4992,0,129,0,1,0,0,0,0,0,0,0,31082107,2018,0.39,801.11,2603.23,0,49.2,97.1,67,25.2,61.5,540.3,60.7,626.7,159.8,158.8,1048.7,371541,3948,12.8,91.2,1510,2.77,1.11,25.8,37.7,75,19.78,12362413,73369,84.43,3478.01,0,1200,400,720,240,4200,7500,8500,102,1.5,6000,0,0,0,0,0,60.24,30,59.81,61.1,58.3,0,0
2026-10-02T01:20:50.015000+09:00,2026-10-01T16:20:50.015000+00:00,094623,1182.0,1,0,0,0,0,13583,512,13583,0,0,0,0,4651,-28608,10342,6,13188,0,129,0,1,0,0,2,0,0,0,0,31082107,2018,0.29,549.64,1731.62,0,49.1,99.3,69,25.2,61.2,533.7,62.7,614,146,144.5,1029.7,371541,3948,12.68,92.1,1530,2.86,1.01,21.2,34.4,75,13.78,12362415,73369,69.38,3478.01,0,1200,400,720,240,4200,7500,8500,102,1.5,6000,0,0,0,0,0,62.23,30,61.91,63.04,58.3,0,0
2026-10-02T01:21:50.124000+09:00,2026-10-01T16:21:50.124000+00:00,094623,1299.2,1,0,0,0,0,13583,494,13583,0,0,0,0,4655,-28608,10326,6,4480,0,129,0,1,0,0,2,0,0,0,0,31082107,2018,0.21,596.03,1895.2,0,49,97.4,68.9,25.2,60.6,534.5,64.2,609.6,139.9,138.3,1033,371541,3948,12.58,88.9,1490,2.74,1.17,24.4,41.9,75,14.27,12362417,73369,66.35,3478.01,0,1200,400,720,240,4200,7500,8500,102,1.5,6000,0,0,0,0,0,65.2,30,58.03,55.93,58.3,0,0
2026-10-02T01:22:50.245000+09:00,2026-10-01T16:22:50.245000+00:00,094623,2552.9,1,0,0,0,0,13583,495,13583,0,0,0,0,4651,-28608,10326,518,4480,0,129,0,1,0,0,2,0,0,0,0,31082107,2018,0.31,1478.93,4031.8,0,48.9,98.8,67.7,25.1,60.3,527.9,61.6,622.8,152,150.8,1058.2,371541,3948,12.74,89.7,1500,2.69,1.17,34.3,41.7,75,30.84,12362421,73369,75.94,3478.01,0,1200,400,720,240,4200,7500,8500,102,1.5,6000,0,0,0,0,0,72.2,30,72.3,67.77,58.2,0,0
2026-10-02T01:23:50.355000+09:00,2026-10-01T16:23:50.355000+00:00,094623,1449.3,1,0,0,0,0,13583,500,13583,0,0,0,0,4651,-28608,12374,6,5024,8,129,0,1,0,0,2,0,0,0,0,31082107,2018,0.24,596.03,2045.35,0,49.1,97.4,67.6,25.2,60.9,534.3,61.8,619.8,152.6,151.3,1038.4,371541,3948,12.75,88.7,1500,2.79,1.13,23.2,36.9,75,13.15,12362425,73369,81.66,3478.01,0,1200,400,720,240,4200,7500,8500,102,1.5,6000,0,0,0,0,0,59.93,30,57.88,52.15,58.3,0,0
2026-10-02T01:24:50.450000+09:00,2026-10-01T16:24:50.450000+00:00,094623,1168.5,1,0,0,0,0,13583,495,13583,0,0,0,0,4651,-28608,10326,6,4992,0,129,0,1,0,0,2,0,0,0,0,31082107,2018,0.32,564.29,1732.84,0,48.7,98.1,68.6,25.2,60.6,534.4,64.3,610.5,142.1,140.7,1041.1,371541,3948,12.57,91.2,1490,2.76,1.1,22.2,37.4,75,11.78,12362427,73369,58.82,3478.01,0,1200,400,720,240,4200,7500,8500,102,1.5,6000,0,0,0,0,0,62.45,30,58.71,58.42,58.2,0,0
2026-10-02T01:25:50.546000+09:00,2026-10-01T16:25:50.546000+00:00,094623,1732.5,1,0,0,0,0,13583,492,13583,0,0,0,0,4651,-28608,10326,6,4480,0,129,0,1,0,0,2,0,0,0,0,31082107,2018,0.22,824.3,2556.84,0,48.6,96.6,68.3,25.1,60,528.4,64.2,610.2,139.6,138.2,1029.3,371542,3949,12.26,92.7,1490,2.71,1.19,28.8,44.4,75,22.69,12362430,73369,75.72,3478.02,0,1200,400,720,240,4200,7500,8500,102,1.5,6000,0,0,0,0,0,69.28,30,59.99,74.35,58.2,0,0
2026-10-02T01:26:50.665000+09:00,2026-10-01T16:26:50.665000+00:00,094623,2398.1,1,0,0,0,0,13583,495,13583,0,0,0,0,4655,-28608,10326,6,4480,0,129,0,1,0,0,2,0,0,0,0,31082107,2018,0.19,1304.06,3702.2,0,49,99.1,67.6,25.1,60.3,531.5,62,623.2,152.3,151.1,1036.2,371542,3949,12.69,86.4,1500,2.7,1.16,33.2,42.7,75,31.49,12362435,73369,86.67,3478.02,0,1200,400,720,240,4200,7500,8500,102,1.5,6000,0,0,0,0,0,72.2,30,74.24,58.69,58.2,0,0
2026-10-02T01:27:50.766000+09:00,2026-10-01T16:27:50.766000+00:00,094623,1864.4,1,0,0,0,0,13583,501,13583,0,0,0,0,4651,-26560,10326,6,4992,0,129,0,1,0,0,2,0,0,0,0,31082107,2018,0.34,851.16,2715.54,0,49,97.2,66.9,25.2,60.9,536.5,60.8,624.9,156.7,155.4,1048.4,371542,3949,12.85,88.3,1510,2.78,1.1,26.4,37.8,75,20.14,12362440,73369,71.77,3478.02,0,1200,400,720,240,4200,7500,8500,102,1.5,6000,0,0,0,0,0,61.96,30,59.14,52.89,58.3,0,0
2026-10-02T01:28:50.860000+09:00,2026-10-01T16:28:50.860000+00:00,094623,1456.6,1,0,0,0,0,13583,521,13583,0,0,0,0,4651,-28608,18518,6,4992,528,129,0,1,0,0,0,0,0,0,0,31082107,2018,0.42,762.05,2218.7,0,48.7,97.8,68.3,25.1,60.7,530.5,62.6,611.1,143.7,142.2,1015.2,371542,3949,12.97,90.4,1570,2.92,1.04,23.5,35.1,75,14.04,12362442,73369,62.04,3478.02,0,1200,400,720,240,4200,7500,8500,102,1.5,6000,0,0,0,0,0,63,30,59.55,56.54,58.2,0,0
2026-10-02T01:29:50.952000+09:00,2026-10-01T16:29:50.952000+00:00,094623,1273.5,1,0,0,0,0,13583,493,13583,0,0,0,0,4651,-28608,10326,518,4480,0,129,0,1,0,0,2,0,0,0,0,31082107,2018,0.2,539.87,1813.41,0,48.6,98.9,68.7,25.1,60.2,533.8,65.9,609,139,137.7,1015.8,371542,3949,12.57,94.9,1490,2.75,1.16,23.9,41.2,75,13.34,12362444,73369,73.52,3478.02,0,1200,400,720,240,4200,7500,8500,102,1.5,6000,0,0,0,0,0,63.77,30,61.23,73.12,58.2,0,0
2026-10-02T01:30:51.051000+09:00,2026-10-01T16:30:51.051000+00:00,094623,2256.5,1,0,0,0,0,13583,497,13583,0,0,0,0,4651,-28608,10326,590,4480,8192,129,0,1,0,0,2,0,0,0,0,31082107,2018,0.21,1133.15,3389.69,0,48.9,100.2,68.2,25.1,60,530.8,64.5,619.2,148.5,147.5,1019.9,371542,3949,12.65,87.5,1510,2.73,1.15,32.7,44.3,75,30.41,12362448,73369,80.59,3478.02,0,1200,400,720,240,4200,7500,8500,102,1.5,6000,0,0,0,0,0,73.86,30,76.66,63.02,58.2,0,0
2026-10-02T01:31:51.146000+09:00,2026-10-01T16:31:51.146000+00:00,094623,2621.5,1,0,0,0,0,13583,496,13583,0,0,0,0,4655,-28608,10326,6,4480,8,129,0,1,0,0,2,0,0,0,0,31082107,2018,0.28,1330.91,3952.45,0,49,95.7,66.8,25.1,60.5,531.4,61.4,625.5,155.9,154.7,1059.3,371543,3950,12.59,87.1,1500,2.7,1.16,34.2,42.1,75,31.49,12362453,73369,74.43,3478.02,0,1200,400,720,240,4200,7500,8500,102,1.5,6000,0,0,0,0,0,68.92,30,63.01,56.83,58.2,0,0
2026-10-02T01:32:51.244000+09:00,2026-10-01T16:32:51.244000+00:00,094623,1586.0,1,0,0,0,0,13583,522,13583,0,0,0,0,4651,-28608,10326,6,4992,0,129,0,1,0,0,0,0,0,0,0,31082107,2018,0.42,796.23,2382.27,0,48.9,98.5,67.5,25.1,60.9,529.8,59.8,616.8,149,147.8,1040.2,371543,3950,12.94,91,1570,2.92,1.01,23.5,33.7,75,20.52,12362457,73369,66.94,3478.02,0,1200,400,720,240,4200,7500,8500,102,1.5,6000,0,0,0,0,0,60.29,30,61.56,58.04,58.2,0,0
2026-10-02T01:33:51.361000+09:00,2026-10-01T16:33:51.361000+00:00,094623,1472.5,1,0,0,0,0,13583,522,13583,0,0,0,0,4655,-26560,18518,6,4992,528,129,0,1,0,0,0,0,0,0,0,31082107,2018,0.37,760.83,2233.34,0,48.7,97.8,69,25.1,60.5,530.9,68.7,608.2,139.7,138.4,1021.3,371543,3950,12.85,93.8,1570,2.93,1.04,24,35.9,75,13.97,12362459,73369,68.13,3478.02,0,1200,400,720,240,4200,7500,8500,102,1.5,6000,0,0,0,0,0,65.55,30,59.44,69.69,58.2,0,0
2026-10-02T01:34:51.462000+09:00,2026-10-01T16:34:51.462000+00:00,094623,2003.8,1,0,0,0,0,13583,493,13583,0,0,0,0,4651,-28608,10326,6,4480,0,129,0,1,0,0,2,0,0,0,0,31082107,2018,0.22,1018.4,3022.25,0,48.7,99.1,68.8,25.1,60,526.1,64.4,611.2,141.1,139.9,1032.3,371543,3950,12.42,88.8,1490,2.71,1.18,30.6,43.9,75,26.32,12362462,73369,79.49,3478.03,0,1200,400,720,240,4200,7500,8500,102,1.5,6000,0,0,0,0,0,72.52,30,70.11,64.04,58.3,0,0
2026-10-02T01:35:51.566000+09:00,2026-10-01T16:35:51.566000+00:00,094623,2572.7,1,0,0,0,0,13583,502,13583,0,0,0,0,4655,-28608,10390,590,21376,8192,129,0,1,0,0,2,0,0,0,0,31082107,2018,0.24,1330.91,3903.62,0,48.9,97.6,67.2,25.2,60.3,529.2,64.1,624.8,152.8,151.4,1054.3,371543,3950,12.79,87.3,1520,2.75,1.15,33.2,41.2,75,30.64,12362467,73369,78.21,3478.03,0,1200,400,720,240,4200,7500,8500,102,1.5,6000,0,0,0,0,0,70.1,30,68.68,58.31,58.2,0,0
2026-10-02T01:36:51.662000+09:00,2026-10-01T16:36:51.662000+00:00,094623,1255.2,1,0,0,0,0,13583,492,13583,0,0,0,0,4651,-28608,12374,6,5024,72,129,0,1,0,0,2,0,0,0,0,31082107,2018,0.33,513.02,1768.24,0,48.8,98.4,67.7,25.1,60.6,534.1,61.4,615.3,146.1,144.8,1049.5,371543,3950,12.8,89.3,1490,2.77,1.08,22,36.7,75,11.8,12362470,73369,59.48,3478.03,0,1200,400,720,240,4200,7500,8500,102,1.5,6000,0,0,0,0,0,58.69,30,58.73,50.21,58.2,0,0
2026-10-02T01:37:51.789000+09:00,2026-10-01T16:37:51.789000+00:00,094623,1152.7,1,0,0,0,0,13583,491,13583,0,0,0,0,4651,-28608,10262,6,21376,0,129,0,1,0,0,0,0,0,0,0,31082107,2018,0.37,456.86,1609.55,0,48.5,96.8,68.6,25.1,60.1,534.8,67.5,608.6,137.8,136.5,1013.9,371544,3951,12.88,93.4,1480,2.76,1.08,21.8,38,75,11.68,12362472,73369,64.59,3478.03,0,1200,400,720,240,4200,7500,8500,102,1.5,6000,0,0,0,0,0,61.82,30,54,63.72,58.2,0,0
2026-10-02T01:38:51.883000+09:00,2026-10-01T16:38:51.883000+00:00,094623,2239.4,1,0,0,0,0,13583,493,13583,0,0,0,0,4655,-28608,18518,518,4480,528,129,0,1,0,0,2,0,0,0,0,31082107,2018,0.26,1123.39,3362.83,0,48.6,99.4,68.6,25.1,59.6,524.2,69.7,615.7,141.3,140,1033.8,371544,3951,12.67,89.1,1490,2.7,1.18,32.3,43.4,75,27.54,12362475,73369,86.47,3478.03,0,1200,400,720,240,4200,7500,8500,102,1.5,6000,0,0,0,0,0,73.13,30,70.99,66.96,58.2,0,0
2026-10-02T01:39:51.978000+09:00,2026-10-01T16:39:51.978000+00:00,094623,2470.2,1,0,0,0,0,13583,494,13583,0,0,0,0,4655,-28608,10342,6,12676,0,129,0,1,0,0,2,0,0,0,0,31082107,2018,0.22,1401.71,3871.88,0,48.8,95.9,67.3,25.1,60.2,530.7,64.9,625.3,155,153.7,1048.3,371544,3951,12.84,86.1,1500,2.7,1.15,33.4,41.9,75,31.35,12362480,73369,81.79,3478.03,0,1200,400,720,240,4200,7500,8500,102,1.5,6000,0,0,0,0,0,70.84,30,64.31,55.26,58.2,0,0
2026-10-02T01:40:52.068000+09:00,2026-10-01T16:40:52.068000+00:00,094623,1611.7,1,0,0,0,0,13583,502,13583,0,0,0,0,4651,-28608,10326,518,4992,0,129,0,1,0,0,0,0,0,0,0,31082107,2018,0.44,679.04,2290.72,0,48.8,99.1,66.8,25.2,60.7,538.7,62.1,623.6,154.1,153,1027.8,371544,3951,12.79,90.2,1510,2.79,1.1,24.5,37.4,75,16.87,12362485,73369,69.32,3478.03,0,1200,400,720,240,4200,7500,8500,102,1.5,6000,0,0,0,0,0,58.57,30,62.67,56.14,58.2,0,0
2026-10-02T01:41:52.226000+09:00,2026-10-01T16:41:52.226000+00:00,094623,1200.3,1,0,0,0,0,13583,495,13583,0,0,0,0,4651,-28608,12374,518,5024,72,129,0,1,0,0,0,0,0,0,0,31082107,2018,0.3,498.37,1698.66,0,48.7,97.2,68.7,25.1,60.4,536.8,66.7,612.3,141.3,139.9,1018.8,371544,3951,12.76,93.7,1500,2.79,1.11,22.4,38.3,75,10.82,12362487,73369,64.89,3478.03,0,1200,400,720,240,4200,7500,8500,102,1.5,6000,0,0,0,0,0,60.97,30,54.34,66.1,58.3,0,0
2026-10-02T01:42:52.258000+09:00,2026-10-01T16:42:52.258000+00:00,094623,1393.2,1,0,0,0,0,13583,494,13583,0,0,0,0,4655,-28608,10326,590,4480,8192,129,0,1,0,0,2,0,0,0,0,31082107,2018,0.2,598.47,1991.64,0,48.7,99.1,68.9,25.1,59.9,531.2,67.1,610.4,136.6,135.4,1030.3,371544,3951,12.85,89.2,1490,2.76,1.18,25.5,42.9,75,15.93,12362489,73369,73.32,3478.04,0,1200,400,720,240,4200,7500,8500,102,1.5,6000,0,0,0,0,0,66.2,30,63.7,59.04,58.2,0,0
2026-10-02T01:43:52.350000+09:00,2026-10-01T16:43:52.350000+00:00,094623,2442.1,1,0,0,0,0,13583,495,13583,0,0,0,0,4655,-28608,18518,590,4480,8720,129,0,1,0,0,2,0,0,0,0,31082107,2018,0.27,1310.16,3752.25,0,48.6,98,67.6,25.1,59.8,529.2,63.3,618.8,149,148,1036.8,371545,3952,12.39,88.6,1500,2.71,1.16,33.6,43,75,30.22,12362494,73369,72.72,3478.04,0,1200,400,720,240,4200,7500,8500,102,1.5,6000,0,0,0,0,0,71.66,30,69.86,63.86,58.2,0,0
2026-10-02T01:44:52.447000+09:00,2026-10-01T16:44:52.447000+00:00,094623,1821.7,1,0,0,0,0,13583,501,13583,0,0,0,0,4655,-28608,10326,6,4992,0,129,0,1,0,0,2,0,0,0,0,31082107,2018,0.3,826.75,2648.4,0,48.8,98.3,67.1,25.1,60.4,533.6,63.1,626.4,153.6,152.5,1050.6,371545,3952,12.88,89.4,1510,2.8,1.1,25.4,36,75,18.23,12362499,73369,78.8,3478.04,0,1200,400,720,240,4200,7500,8500,102,1.5,6000,0,0,0,0,0,60.2,30,62.8,55.89,58.2,0,0
2026-10-02T01:45:52.544000+09:00,2026-10-01T16:45:52.544000+00:00,094623,1188.1,1,0,0,0,0,13583,494,13583,0,0,0,0,4651,-28608,10326,6,4992,0,129,0,1,0,0,2,0,0,0,0,31082107,2018,0.34,520.34,1708.43,0,48.5,97.9,68.7,25,60.3,534.5,63.5,616.5,141.5,140.2,1027.8,371545,3952,12.81,91.1,1490,2.79,1.1,22.2,37.7,75,11.75,12362501,73369,61.03,3478.04,0,1200,400,720,240,4200,7500,8500,102,1.5,6000,0,0,0,0,0,61.6,30,57.52,58.22,58.2,0,0
2026-10-02T01:46:52.644000+09:00,2026-10-01T16:46:52.644000+00:00,094623,1426.1,1,0,0,0,0,13583,494,13583,0,0,0,0,4651,-28608,12374,6,4512,72,129,0,1,0,0,2,0,0,0,0,31082107,2018,0.25,683.92,2110.05,0,48.5,97.7,68.7,25,59.8,529.6,66.4,614,137,135.8,1028.2,371545,3952,12.63,92.1,1490,2.76,1.18,25.7,41.9,75,16.07,12362503,73369,72.78,3478.04,0,1200,400,720,240,4200,7500,8500,102,1.5,6000,0,0,0,0,0,65.76,30,60.03,67.49,58.2,0,0
2026-10-02T01:47:52.752000+09:00,2026-10-01T16:47:52.752000+00:00,094623,2357.9,1,0,0,0,0,13583,500,13583,0,0,0,0,4655,-26560,10326,6,4480,0,129,0,1,0,0,2,0,0,0,0,31082107,2018,0.24,1254,3611.87,0,48.8,98.8,67.8,25,59.8,529.7,67.8,622.3,148.2,147.1,1027.4,371545,3952,12.75,87.4,1510,2.75,1.14,33,43.2,75,31.48,12362507,73369,81.46,3478.04,0,1200,400,720,240,4200,7500,8500,102,1.5,6000,0,0,0,0,0,72.87,30,73.01,61.37,58.3,0,0
2026-10-02T01:48:52.860000+09:00,2026-10-01T16:48:52.860000+00:00,094623,2565.4,1,0,0,0,0,13583,494,13583,0,0,0,0,4655,-26560,18518,590,4480,8720,129,0,1,0,0,2,0,0,0,0,31082107,2018,0.32,1278.42,3843.81,0,48.8,96.3,67,25,60.4,532.9,64.6,628.7,153.9,152.6,1034.3,371545,3952,12.75,88.1,1500,2.71,1.16,33.9,42.6,75,31.31,12362513,73369,77.32,3478.04,0,1200,400,720,240,4200,7500,8500,102,1.5,6000,0,0,0,0,0,69.38,30,64.62,59.2,58.3,0,0
2026-10-02T01:49:52.996000+09:00,2026-10-01T16:49:52.996000+00:00,094623,1774.0,1,0,0,0,0,13583,526,13583,0,0,0,0,4651,-28608,10326,6,4992,0,129,0,1,0,0,0,0,0,0,0,31082107,2018,0.44,892.67,2666.71,0,48.8,98.5,67.7,25.1,60.6,533.2,65.7,619.7,146.5,145.6,1006.6,371546,3953,12.52,91.2,1590,2.93,1.09,26.1,37.1,75,10.62,12362516,73369,68.78,3478.04,0,1200,400,720,240,4200,7500,8500,102,1.5,6000,0,0,0,0,0,63.35,30,63.59,60.96,58.3,0,0
2026-10-02T01:50:53.079000+09:00,2026-10-01T16:50:53.079000+00:00,094623,1772.8,1,0,0,0,0,13583,514,13583,0,0,0,0,4651,-28608,10326,6,4992,0,129,0,1,0,0,0,0,0,0,0,31082107,2018,0.3,934.17,2706.99,0,48.6,98.3,68.9,25.1,60.2,531.5,67.7,610.8,139.1,138,1021.9,371546,3953,12.8,94.1,1580,2.85,1.13,26.9,37.8,75,11.21,12362518,73369,65.63,3478.05,0,1200,400,720,240,4200,7500,8500,102,1.5,6000,0,0,0,0,0,63.08,30,58.39,68.4,58.2,0,0
2026-10-02T01:51:53.185000+09:00,2026-10-01T16:51:53.185000+00:00,094623,2019.7,1,0,0,0,0,13583,494,13583,0,0,0,0,4651,-28608,12374,590,4512,8264,129,0,1,0,0,2,0,0,0,0,31082107,2018,0.2,1107.52,3127.23,0,48.7,98.1,68.9,25.1,59.8,524.4,69.8,611.6,139.9,138.6,1061,371546,3953,12.73,88.7,1490,2.73,1.2,30.5,43.2,75,24.31,12362521,73369,72.91,3478.05,0,1200,400,720,240,4200,7500,8500,102,1.5,6000,0,0,0,0,0,72.47,30,66.59,62.67,58.3,0,0
2026-10-02T01:52:53.278000+09:00,2026-10-01T16:52:53.278000+00:00,094623,2202.8,1,0,0,0,0,13583,501,13583,0,0,0,0,4655,-28608,10326,6,4992,0,129,0,1,0,0,2,0,0,0,0,31082107,2018,0.24,1101.41,3304.24,0,48.9,98.1,67.3,25.1,60.2,530.4,66.8,624.2,152.9,151.7,1034.9,371546,3953,12.82,87.4,1510,2.77,1.13,29.6,39.7,75,26.18,12362526,73369,79.04,3478.05,0,1200,400,720,240,4200,7500,8500,102,1.5,6000,0,0,0,0,0,67.46,30,67.29,55.02,58.3,0,0
2026-10-02T01:53:53.373000+09:00,2026-10-01T16:53:53.373000+00:00,094623,1184.4,1,0,0,0,0,13583,512,13583,0,0,0,0,4651,-28608,2134,6,4992,0,129,0,1,0,0,2,0,0,0,0,31082107,2018,0.35,559.4,1743.83,0,48.7,98.4,67.9,25.1,60.3,531.9,66.7,612.9,141.4,140.2,1027.4,371546,3953,12.73,89.1,1530,2.9,1.02,21.1,34.7,75,12.89,12362529,73369,55.62,3478.05,0,1200,400,720,240,4200,7500,8500,102,1.5,6000,0,0,0,0,0,60.1,30,59.42,49.5,58.2,0,0
2026-10-02T01:54:53.456000+09:00,2026-10-01T16:54:53.456000+00:00,094623,1246.7,1,0,0,0,0,13583,516,13583,0,0,0,0,4651,-28608,10390,518,21376,0,129,0,1,0,0,0,0,0,0,0,31082107,2018,0.34,618,1864.68,0,48.5,96.7,68.4,25.1,59.8,528.8,66.7,611.2,137.2,136,1035.8,371546,3953,12.79,95,1540,2.91,1.01,21.5,33.6,75,13.97,12362531,73369,67.84,3478.05,0,1200,400,720,240,4200,7500,8500,102,1.5,6000,0,0,0,0,0,62.14,30,53.99,69.84,58.3,0,0
2026-10-02T01:55:53.563000+09:00,2026-10-01T16:55:53.563000+00:00,094623,2434.8,1,0,0,0,0,13583,498,13583,0,0,0,0,4651,-28608,10326,6,4480,0,129,0,1,0,0,2,0,0,0,0,31082107,2018,0.23,1258.89,3693.65,0,48.8,101.1,68.5,25.1,59.6,523.6,64.5,618.9,145,144.1,1039.4,371547,3954,12.65,87.9,1510,2.74,1.15,33.2,42.5,75,30.51,12362534,73369,86.53,3478.05,0,1200,400,720,240,4200,7500,8500,102,1.5,6000,0,0,0,0,0,74.51,30,78.17,64.36,58.2,0,0
2026-10-02T01:56:53.651000+09:00,2026-10-01T16:56:53.651000+00:00,094623,2566.6,1,0,0,0,0,13583,493,13583,0,0,0,0,4655,-28608,12390,518,12708,8,129,0,1,0,0,2,0,0,0,0,31082107,2018,0.28,1377.3,3943.91,0,48.9,94.9,67.2,25.1,60.2,530.4,66.1,627,153.6,152.6,1054.7,371547,3954,12.76,87.2,1490,2.72,1.17,34.1,42.3,75,30.74,12362540,73369,76.77,3478.05,0,1200,400,720,240,4200,7500,8500,102,1.5,6000,0,0,0,0,0,70.63,30,60.29,57.34,58.3,0,0
2026-10-02T01:57:53.745000+09:00,2026-10-01T16:57:53.745000+00:00,094623,1475.0,1,0,0,0,0,13583,500,13583,0,0,0,0,4651,-28608,10326,6,4992,0,129,0,1,0,0,0,0,0,0,0,31082107,2018,0.45,600.91,2075.87,0,48.8,100.5,67.2,25.1,60.6,534.2,63.7,625.1,150.6,149.7,1061.8,371547,3954,12.69,90.1,1500,2.81,1.13,23.3,36.7,75,13.32,12362543,73369,67.8,3478.05,0,1200,400,720,240,4200,7500,8500,102,1.5,6000,0,0,0,0,0,57.77,30,65.69,53.68,58.2,0,0
2026-10-02T01:58:53.835000+09:00,2026-10-01T16:58:53.835000+00:00,094623,1182.0,1,0,0,0,0,13583,496,13583,0,0,0,0,4651,-28608,10326,6,4992,0,129,0,1,0,0,0,0,0,0,0,31082107,2018,0.28,503.25,1685.23,0,48.6,96.7,69,25.1,60.3,534.9,65.7,615.9,140.2,139.1,1024.3,371547,3954,12.7,93.9,1490,2.8,1.11,22.3,38.3,75,11.74,12362546,73369,69.69,3478.06,0,1200,400,720,240,4200,7500,8500,102,1.5,6000,0,0,0,0,0,62.78,30,53.55,67.59,58.3,0,0
2026-10-02T01:59:53.942000+09:00,2026-10-01T16:59:53.942000+00:00,094623,1744.7,1,0,0,0,0,13583,493,13583,0,0,0,0,4651,-28608,10326,6,4480,0,129,0,1,0,0,2,0,0,0,0,31082107,2018,0.21,813.32,2558.06,0,48.7,99.2,68.8,25.1,59.8,526.1,69.4,613.3,137.9,136.7,1006.5,371547,3954,12.76,88.7,1490,2.74,1.18,28.8,44.3,75,23.07,12362548,73369,73.59,3478.06,0,1200,400,720,240,4200,7500,8500,102,1.5,6000,0,0,0,0,0,70.83,30,68.34,62.03,58.2,0,0
2026-10-02T02:00:54.047000+09:00,2026-10-01T17:00:54.047000+00:00,094623,2304.2,1,0,0,0,0,13583,496,13583,0,0,0,0,4651,-28608,10326,6,4480,0,129,0,1,0,0,2,0,0,0,0,31082107,2018,0.23,1196.63,3500.78,0,48.7,97.2,67.2,25.1,59.8,532.7,63.7,625.1,149.3,148.4,1037.8,371547,3954,12.69,87.4,1500,2.73,1.16,33.1,44,75,31.38,12362553,73369,78.81,3478.06,0,1200,400,720,240,4200,7500,8500,102,1.5,6000,0,0,0,0,0,70.98,30,67.9,59.39,58.2,0,0
2026-10-02T02:01:54.156000+09:00,2026-10-01T17:01:54.156000+00:00,094623,1996.5,1,0,0,0,0,13583,501,13583,0,0,0,0,4651,-28608,2134,6,4992,528,129,0,1,0,0,2,0,0,0,0,31082107,2018,0.32,882.9,2879.42,0,48.9,97.6,66.5,25.1,60.4,535.1,62.8,629.2,154,153.1,1046.4,371548,3955,12.62,88.8,1510,2.78,1.09,27.2,38.1,75,22.26,12362558,73369,74.84,3478.06,0,1200,400,720,240,4200,7500,8500,102,1.5,6000,0,0,0,0,0,61.08,30,61.68,54.63,58.3,0,0
2026-10-02T02:02:54.249000+09:00,2026-10-01T17:02:54.249000+00:00,094623,1593.4,1,0,0,0,0,13583,432,13583,0,0,0,0,4651,-28608,10326,6,4992,0,129,0,1,0,0,2,0,0,0,0,31082107,2018,0.38,607.01,2200.38,0,48.5,98.2,68.6,25.1,60.3,537.3,65.7,616.1,140.4,139.3,1013,371548,3955,12.71,91.4,1280,2.47,1.97,27.6,41.8,75,11.73,12362560,73369,61.31,3478.06,0,1200,400,720,240,4200,7500,8500,102,1.5,6000,0,0,0,0,0,59.38,30,56.96,55.08,58.2,0,0
2026-10-02T02:03:54.341000+09:00,2026-10-01T17:03:54.341000+00:00,094623,1223.5,1,0,0,0,0,13583,498,13583,0,0,0,0,4651,-28608,10326,6,4480,0,129,0,1,0,0,2,0,0,0,0,31082107,2018,0.26,533.77,1757.26,0,48.4,97.7,68.8,25.1,59.7,533.4,68.7,610.5,136.3,135.2,1029.5,371548,3955,12.76,95.1,1490,2.79,1.13,22.6,38.6,75,11.9,12362563,73369,72.62,3478.06,0,1200,400,720,240,4200,7500,8500,102,1.5,6000,0,0,0,0,0,62.6,30,55.75,72.28,58.2,0,0
2026-10-02T02:04:54.463000+09:00,2026-10-01T17:04:54.463000+00:00,094623,2353.0,1,0,0,0,0,13583,495,13583,0,0,0,0,4651,-28608,10326,6,4480,0,129,0,1,0,0,2,0,0,0,0,31082107,2018,0.21,1300.39,3653.37,0,48.6,100.4,68.3,25.2,59.5,527.7,65.2,620.5,146.1,145.1,1021,371548,3955,12.62,87.8,1500,2.72,1.16,33.2,43.1,75,30.77,12362567,73369,84.21,3478.06,0,1200,400,720,240,4200,7500,8500,102,1.5,6000,0,0,0,0,0,73.73,30,77.25,63.93,58.2,0,0
2026-10-02T02:05:54.555000+09:00,2026-10-01T17:05:54.555000+00:00,094623,1953.8,1,0,0,0,0,13583,502,13583,0,0,0,0,4651,-28608,10326,6,4992,0,129,0,1,0,0,2,0,0,0,0,31082107,2018,0.29,957.37,2911.16,0,48.7,96.3,67.2,25.2,60.2,532,63.6,628.6,153.1,152.3,1041,371548,3955,12.56,86.7,1510,2.8,1.1,26.6,36.8,75,20.34,12362571,73369,72,3478.06,0,1200,400,720,240,4200,7500,8500,102,1.5,6000,0,0,0,0,0,63.07,30,57.09,48.75,58.2,0,0
2026-10-02T02:06:54.674000+09:00,2026-10-01T17:06:54.674000+00:00,094623,1365.1,1,0,0,0,0,13583,519,13583,0,0,0,0,4655,-28608,18518,6,4992,528,129,0,1,0,0,0,0,0,0,0,31082107,2018,0.41,691.24,2056.34,0,48.4,98.7,68.4,25.2,60,529.3,65.6,616.8,140.4,139.3,1006.2,371548,3955,12.41,90.7,1560,2.94,1.02,22.6,34.5,75,16.85,12362574,73369,56,3478.06,0,1200,400,720,240,4200,7500,8500,102,1.5,6000,0,0,0,0,0,62.76,30,61.59,56.63,58.2,0,0
2026-10-02T02:07:54.769000+09:00,2026-10-01T17:07:54.769000+00:00,094623,1354.1,1,0,0,0,0,13583,493,13583,0,0,0,0,4651,-28608,10326,6,4480,0,129,0,1,0,0,2,0,0,0,0,31082107,2018,0.22,592.36,1946.47,0,48.4,98.6,68.5,25.2,59.6,530.9,69.1,612.8,137,135.9,1016.5,371549,3956,12.73,94.6,1490,2.77,1.17,24.4,40.5,75,13.67,12362576,73369,70.04,3478.07,0,1200,400,720,240,4200,7500,8500,102,1.5,6000,0,0,0,0,0,63.71,30,60.37,72.29,58.3,0,0
2026-10-02T02:08:54.876000+09:00,2026-10-01T17:08:54.876000+00:00,094623,2293.2,1,0,0,0,0,13583,496,13583,0,0,0,0,4655,-28608,10326,6,4480,0,129,0,1,0,0,2,0,0,0,0,31082107,2018,0.19,1206.4,3499.56,0,48.6,99.5,68,25.2,59.5,529,67.8,621,146.4,145.6,1042.9,371549,3956,12.81,87.6,1500,2.74,1.16,33,44.1,75,31.18,12362580,73369,82.99,3478.07,0,1200,400,720,240,4200,7500,8500,102,1.5,6000,0,0,0,0,0,73.39,30,74.78,63,58.2,0,0
2026-10-02T02:09:54.966000+09:00,2026-10-01T17:09:54.966000+00:00,094623,2028.3,1,0,0,0,0,13583,500,13583,0,0,0,0,4651,-28608,12374,6,4992,8,129,0,1,0,0,2,0,0,0,0,31082107,2018,0.25,989.1,3017.36,0,48.8,96.3,66.8,25.2,60.1,532.3,65.2,627.4,153.2,152.4,1047.5,371549,3956,12.8,87.3,1510,2.79,1.11,27.5,37.6,75,22.62,12362585,73369,74.7,3478.07,0,1200,400,720,240,4200,7500,8500,102,1.5,6000,0,0,0,0,0,62.71,30,58.88,51.28,58.2,0,0
2026-10-02T02:10:55.092000+09:00,2026-10-01T17:10:55.092000+00:00,094623,1786.2,1,0,0,0,0,13583,471,13583,0,0,0,0,4651,-28608,10326,6,4992,0,129,0,1,0,0,2,0,0,0,0,31082107,2018,0.39,874.35,2660.6,0,48.6,98.8,68.2,25.2,60.2,531.8,67.9,618,142.1,141.1,1031.7,371549,3956,12.87,89.9,1510,2.6,1.24,27.1,38.2,75,10.34,12362587,73369,56.34,3478.07,0,1200,400,720,240,4200,7500,8500,102,1.5,6000,0,0,0,0,0,59.76,30,60.55,50.86,58.2,0,0
2026-10-02T02:11:55.188000+09:00,2026-10-01T17:11:55.188000+00:00,094623,1238.1,1,0,0,0,0,13583,495,13583,0,0,0,0,4651,-28608,18518,518,4480,528,129,0,1,0,0,0,0,0,0,0,31082107,2018,0.25,547.2,1785.33,0,48.4,97.1,68.7,25.2,59.7,532.6,72,612.1,136.9,135.7,1019.1,371549,3956,12.36,95.9,1490,2.81,1.14,23.1,39.2,75,11.62,12362590,73369,71.94,3478.07,0,1200,400,720,240,4200,7500,8500,102,1.5,6000,0,0,0,0,0,62.85,30,54.49,74.13,58.2,0,0
2026-10-02T02:12:55.295000+09:00,2026-10-01T17:12:55.295000+00:00,094623,2287.1,1,0,0,0,0,13583,495,13583,0,0,0,0,4651,-28608,10326,6,4480,0,129,0,1,0,0,2,0,0,0,0,31082107,2018,0.2,1183.2,3470.26,0,48.7,100.9,68.3,25.2,59.6,527.5,66.1,620.8,146.8,145.8,1032.2,371549,3956,12.62,87.4,1500,2.74,1.15,32.8,43.5,75,31.04,12362594,73369,85.72,3478.07,0,1200,400,720,240,4200,7500,8500,102,1.5,6000,0,0,0,0,0,74.09,30,78.93,62.26,58.2,0,0
2026-10-02T02:13:55.405000+09:00,2026-10-01T17:13:55.405000+00:00,094623,2478.7,1,0,0,0,0,13583,502,13583,0,0,0,0,4655,-28608,10390,590,21376,8192,129,0,1,0,0,2,0,0,0,0,31082107,2018,0.3,1247.9,3726.61,0,48.8,95.7,66.9,25.2,60.2,528,65.8,626.6,156.2,155.3,1051,371550,3957,12.87,87.6,1520,2.78,1.13,30.8,38.7,75,27.39,12362599,73369,72.19,3478.07,0,1200,400,720,240,4200,7500,8500,102,1.5,6000,0,0,0,0,0,66.55,30,59.1,55.18,58.2,0,0
2026-10-02T02:14:55.527000+09:00,2026-10-01T17:14:55.527000+00:00,094623,1381.0,1,0,0,0,0,13583,520,13583,0,0,0,0,4651,-28608,12374,6,5024,72,129,0,1,0,0,0,0,0,0,0,31082107,2018,0.43,786.46,2167.42,0,48.6,98.6,68,25.2,60.3,530,63.5,618.8,144,142.9,1029,371550,3957,12.87,89.8,1560,2.95,1.03,23,34.5,75,18.64,12362602,73369,63.4,3478.07,0,1200,400,720,240,4200,7500,8500,102,1.5,6000,0,0,0,0,0,61.34,30,61.2,53.39,58.2,0,0
2026-10-02T02:15:55.610000+09:00,2026-10-01T17:15:55.610000+00:00,094623,1514.0,1,0,0,0,0,13583,522,13583,0,0,0,0,4655,-28608,10342,6,13188,0,129,0,1,0,0,0,0,0,0,0,31082107,2018,0.26,886.56,2400.59,0,48.3,98.5,68.7,25.2,59.8,529,69.2,612.7,137.7,136.4,1013.9,371550,3957,12.92,94.6,1570,2.96,1.05,24.4,35.2,75,16.52,12362604,73369,66.26,3478.08,0,1200,400,720,240,4200,7500,8500,102,1.5,6000,0,0,0,0,0,65.3,30,61.17,72.31,58.2,0,0
2026-10-02T02:16:55.700000+09:00,2026-10-01T17:16:55.700000+00:00,094623,2228.5,1,0,0,0,0,13583,495,13583,0,0,0,0,4651,-28608,18518,6,4480,528,129,0,1,0,0,2,0,0,0,0,31082107,2018,0.22,1229.59,3458.05,0,48.5,99.4,68.6,25.2,59.5,526.3,69.4,618.4,143.7,142.6,1012.4,371550,3957,12.85,88.7,1500,2.73,1.16,32.4,43.2,75,29.92,12362607,73369,83.62,3478.08,0,1200,400,720,240,4200,7500,8500,102,1.5,6000,0,0,0,0,0,74.54,30,73,66.74,58.2,0,0
2026-10-02T02:17:55.806000+09:00,2026-10-01T17:17:55.806000+00:00,094623,2213.8,1,0,0,0,0,13583,496,13583,0,0,0,0,4655,-28608,10326,6,4480,0,129,0,1,0,0,2,0,0,0,0,31082107,2018,0.23,1069.67,3283.49,0,48.6,96,67.1,25.2,59.8,537.4,66,625.7,151.8,150.9,1016.8,371550,3957,12.67,86.1,1500,2.73,1.15,32.3,44.9,75,31.49,12362612,73369,80.55,3478.08,0,1200,400,720,240,4200,7500,8500,102,1.5,6000,0,0,0,0,0,70.3,30,64.42,54.74,58.2,0,0
2026-10-02T02:18:55.906000+09:00,2026-10-01T17:18:55.906000+00:00,094623,2573.9,1,0,0,0,0,13583,494,13583,0,0,0,0,4651,-28608,10326,6,4480,0,129,0,1,0,0,0,0,0,0,0,31082107,2018,0.39,1345.56,3919.49,0,48.5,99,66.2,25.2,60.1,533.3,65,627.9,155.8,154.7,1066,371550,3957,12.67,91.2,1500,2.7,1.16,34,42.1,75,31.36,12362617,73369,71.12,3478.08,0,1200,400,720,240,4200,7500,8500,102,1.5,6000,0,0,0,0,0,65.28,30,71.39,67.88,58.2,0,0
2026-10-02T02:19:56.001000+09:00,2026-10-01T17:19:56.001000+00:00,094623,1588.5,1,0,0,0,0,13583,525,13583,0,0,0,0,4651,-28608,12374,6,5024,72,129,0,1,0,0,0,0,0,0,0,31082107,2018,0.37,764.49,2352.98,0,48.8,96.9,68.1,25.3,60.4,533.8,64.8,619.6,147.2,146.3,1033.6,371551,3958,12.97,90.4,1580,2.96,1.04,24.4,36,75,18.32,12362621,73369,77.63,3478.08,0,1200,400,720,240,4200,7500,8500,102,1.5,6000,0,0,0,0,0,61.78,30,58.49,59.27,58.2,0,0
2026-10-02T02:20:56.094000+09:00,2026-10-01T17:20:56.094000+00:00,094623,1625.1,1,0,0,0,0,13583,525,13583,0,0,0,0,4651,-28608,10326,6,4992,0,129,0,1,0,0,2,0,0,0,0,31082107,2018,0.25,881.68,2506.79,0,48.4,98.7,69.3,25.2,60,531.5,69.3,611.8,138.6,137.6,1024,371551,3958,12.98,93.2,1580,2.92,1.09,25.7,37.6,75,10.17,12362623,73369,64.99,3478.08,0,1200,400,720,240,4200,7500,8500,102,1.5,6000,0,0,0,0,0,67.05,30,64.42,70.71,58.2,0,0
2026-10-02T02:21:56.186000+09:00,2026-10-01T17:21:56.186000+00:00,094623,2233.3,1,0,0,0,0,13583,492,13583,0,0,0,0,4651,-28608,18518,590,4480,8720,129,0,1,0,0,2,0,0,0,0,31082107,2018,0.23,1239.36,3472.7,0,48.5,98,68.7,25.2,59.5,522,78.8,616.2,142.2,141,1045.2,371551,3958,12.75,88.6,1490,2.73,1.19,31.5,41.7,75,24.98,12362626,73369,68.92,3478.08,0,1200,400,720,240,4200,7500,8500,102,1.5,6000,0,0,0,0,0,71.17,30,66.13,62.21,58.2,0,0
2026-10-02T02:22:56.284000+09:00,2026-10-01T17:22:56.284000+00:00,094623,1548.2,1,0,0,0,0,13583,500,13583,0,0,0,0,4651,-28608,10326,6,4992,0,129,0,1,0,0,2,0,0,0,0,31082107,2018,0.23,757.16,2305.37,0,48.6,98,67.5,25.3,60,536,76.6,621.5,151,150.2,1043,371551,3958,12.39,88.2,1510,2.81,1.12,24.9,38.6,75,18.28,12362630,73369,79.26,3478.08,0,1200,400,720,240,4200,7500,8500,102,1.5,6000,0,0,0,0,0,61.96,30,61.54,52.51,58.2,0,0
2026-10-02T02:23:56.382000+09:00,2026-10-01T17:23:56.382000+00:00,094623,1171.0,1,0,0,0,0,13583,494,13583,0,0,0,0,4651,-28608,10326,6,4992,0,129,0,1,0,0,2,0,0,0,0,31082107,2018,0.34,600.91,1771.9,0,48.2,98.5,68.2,25.3,59.7,533.7,70.9,611.4,139.7,138.6,1042.1,371551,3958,12.73,89.7,1490,2.78,1.11,22.2,37.4,75,11.79,12362633,73369,53.95,3478.09,0,1200,400,720,240,4200,7500,8500,102,1.5,6000,0,0,0,0,0,60.59,30,59.22,52.17,58.2,0,0
2026-10-02T02:24:56.480000+09:00,2026-10-01T17:24:56.480000+00:00,094623,1410.3,1,0,0,0,0,13583,494,13583,0,0,0,0,4655,-28608,12374,6,4512,72,129,0,1,0,0,2,0,0,0,0,31082107,2018,0.27,648.52,2058.78,0,48,96.9,68.4,25.2,59.2,530.2,86.4,608.9,136.6,135.6,1027,371551,3958,12.28,94.7,1490,2.75,1.18,25.5,42,75,15.83,12362635,73369,66.9,3478.09,0,1200,400,720,240,4200,7500,8500,102,1.5,6000,0,0,0,0,0,64.68,30,56.92,73.6,58.2,0,0
2026-10-02T02:25:56.593000+09:00,2026-10-01T17:25:56.593000+00:00,094623,2197.9,1,0,0,0,0,13583,498,13583,0,0,0,0,4655,-28608,10326,518,4480,0,129,0,1,0,0,2,0,0,0,0,31082107,2018,0.22,1138.04,3335.98,0,48.4,100.8,67.9,25.2,59.2,531.6,77.5,618.5,148.1,147.4,1023.4,371552,3959,12.79,87,1510,2.74,1.15,32.5,44.6,75,31.35,12362639,73369,84.6,3478.09,0,1200,400,720,240,4200,7500,8500,102,1.5,6000,0,0,0,0,0,72.81,30,78.35,60.77,58.2,0,0
2026-10-02T02:26:56.685000+09:00,2026-10-01T17:26:56.685000+00:00,094623,2345.7,1,0,0,0,0,13583,495,13583,0,0,0,0,4655,-28608,18518,6,4480,16,129,0,1,0,0,2,0,0,0,0,31082107,2018,0.33,1273.54,3619.19,0,48.3,95.3,66.4,25.2,59.7,534.6,70.1,622.9,153.8,153.2,1049.9,371552,3959,12.59,88.6,1500,2.71,1.16,33.4,43.9,75,31.29,12362644,73369,74.88,3478.09,0,1200,400,720,240,4200,7500,8500,102,1.5,6000,0,0,0,0,0,66.98,30,60.9,60.94,58.2,0,0
2026-10-02T02:27:56.794000+09:00,2026-10-01T17:27:56.794000+00:00,094623,1763.1,1,0,0,0,0,13583,501,13583,0,0,0,0,4651,-28608,10326,6,4992,0,129,0,1,0,0,0,0,0,0,0,31082107,2018,0.36,859.71,2622.76,0,48.3,99.8,66.8,25.1,60.1,536.9,68,625.8,156.4,155.5,1054.2,371552,3959,12.75,91.9,1510,2.8,1.1,25.5,36.9,75,18.41,12362649,73369,80.92,3478.09,0,1200,400,720,240,4200,7500,8500,102,1.5,6000,0,0,0,0,0,57.43,30,66.57,62.95,58.2,0,0
2026-10-02T02:28:56.891000+09:00,2026-10-01T17:28:56.891000+00:00,094623,1193.0,1,0,0,0,0,13583,491,13583,0,0,0,0,4651,-28608,10326,6,4992,0,129,0,1,0,0,2,0,0,0,0,31082107,2018,0.26,525.22,1718.19,0,48.2,97.8,69.2,25.1,60,533.1,73.5,613.7,143.5,142.3,1026.8,371552,3959,12.67,92,1480,2.77,1.07,21.9,36.6,75,11.83,12362651,73369,65.56,3478.09,0,1200,400,720,240,4200,7500,8500,102,1.5,6000,0,0,0,0,0,61.09,30,56.23,62.35,58.2,0,0
2026-10-02T02:29:57.049000+09:00,2026-10-01T17:29:57.049000+00:00,094623,1368.8,1,0,0,0,0,13583,494,13583,0,0,0,0,4651,-28608,12374,6,4512,8,129,0,1,0,0,2,0,0,0,0,31082107,2018,0.24,627.77,1996.52,0,48.1,98.3,69.1,25.1,59.5,529.9,69.7,607.8,138.8,137.7,1020.1,371552,3959,12.76,89.6,1490,2.76,1.17,25.1,42,75,15.25,12362654,73369,65.82,3478.09,0,1200,400,720,240,4200,7500,8500,102,1.5,6000,0,0,0,0,0,65.44,30,61.45,58.55,58.2,0,0
2026-10-02T02:30:57.147000+09:00,2026-10-01T17:30:57.147000+00:00,094623,2344.4,1,0,0,0,0,13583,495,13583,0,0,0,0,4651,-28608,10390,518,20864,0,129,0,1,0,0,2,0,0,0,0,31082107,2018,0.28,1163.67,3508.1,0,48.1,98.8,67.7,25.1,59.3,530.3,68.8,618.3,150,148.8,1030.5,371552,3959,12.7,89.3,1500,2.71,1.16,33.2,43.8,75,30.64,12362658,73369,79.83,3478.09,0,1200,400,720,240,4200,7500,8500,102,1.5,6000,0,0,0,0,0,71.43,30,71.56,66.47,58.2,0,0
2026-10-02T02:31:57.250000+09:00,2026-10-01T17:31:57.250000+00:00,094623,2518.7,1,0,0,0,0,13583,495,13583,0,0,0,0,4655,-26560,10326,6,4480,0,129,0,1,0,0,2,0,0,0,0,31082107,2018,0.25,1442.3,3961,0,48,97.1,66.9,25.1,59.8,531.7,65.4,624.3,157.8,156.8,1043.2,371553,3960,12.79,88,1490,2.73,1.17,34.1,42.3,75,31.27,12362663,73369,87.24,3478.1,0,1200,400,720,240,4200,7500,8500,102,1.5,6000,0,0,0,0,0,67.9,30,67.7,60.36,58.2,0,0
2026-10-02T02:32:57.387000+09:00,2026-10-01T17:32:57.387000+00:00,094623,1423.7,1,0,0,0,0,13583,498,13583,0,0,0,0,4655,-28608,10390,6,21376,0,129,0,1,0,0,2,0,0,0,0,31082107,2018,0.38,555.74,1979.43,0,47.7,98.4,67.4,25.1,60.1,536.5,65,618.8,153.7,152.8,1032.2,371553,3960,12.73,89.5,1500,2.81,1.12,23.2,37.5,75,13.42,12362667,73369,67.82,3478.1,0,1200,400,720,240,4200,7500,8500,102,1.5,6000,0,0,0,0,0,56.46,30,58.59,51.57,58.2,0,0
2026-10-02T02:33:57.449000+09:00,2026-10-01T17:33:57.449000+00:00,094623,1235.7,1,0,0,0,0,13583,492,13583,0,0,0,0,4651,-28608,10326,6,4992,0,129,0,1,0,0,0,0,0,0,0,31082107,2018,0.4,574.05,1809.75,0,47.6,97.3,69,25.1,59.6,533.3,66.3,611.1,143.6,142.3,1042.3,371553,3960,12.8,91.9,1480,2.77,1.1,22.4,37,75,11.7,12362669,73369,63.43,3478.1,0,1200,400,720,240,4200,7500,8500,102,1.5,6000,0,0,0,0,0,61.04,30,54.76,59,58.2,0,0
2026-10-02T02:34:57.546000+09:00,2026-10-01T17:34:57.546000+00:00,094623,1868.3,1,0,0,0,0,13583,491,13583,0,0,0,0,4655,-28608,8294,6,12676,0,129,0,1,0,0,2,0,0,0,0,31082107,2018,0.19,1096.53,2964.87,0,47.7,98.7,68.9,25.2,59.3,524.2,70.1,611.6,143.5,142.3,1031.5,371553,3960,12.5,92.9,1480,2.72,1.22,29.5,42.2,75,22.59,12362672,73369,78.6,3478.1,0,1200,400,720,240,4200,7500,8500,102,1.5,6000,0,0,0,0,0,69.24,30,66.8,73.69,58.2,0,0
2026-10-02T02:35:57.646000+09:00,2026-10-01T17:35:57.646000+00:00,094623,2226.0,1,0,0,0,0,13583,496,13583,0,0,0,0,4651,-28608,10326,6,4480,0,129,0,1,0,0,2,0,0,0,0,31082107,2018,0.19,1064.79,3290.81,0,48.1,99.4,67.9,25.1,59.7,533.2,67.9,624.5,155.5,154.6,1041,371553,3960,12.74,86.6,1500,2.74,1.15,32.5,44.4,75,31.45,12362677,73369,82.16,3478.1,0,1200,400,720,240,4200,7500,8500,102,1.5,6000,0,0,0,0,0,71.93,30,74.71,58.61,58.2,0,0
2026-10-02T02:36:57.727000+09:00,2026-10-01T17:36:57.727000+00:00,094623,2344.4,1,0,0,0,0,13583,496,13583,0,0,0,0,4655,-26560,10326,6,4480,0,129,0,1,0,0,2,0,0,0,0,31082107,2018,0.31,1225.93,3570.36,0,48.3,96.1,66.7,25.1,60,536.5,68.6,624.4,157.6,156.8,1023,371553,3960,12.69,88.3,1500,2.72,1.16,33,43.8,75,30.66,12362682,73369,70.86,3478.1,0,1200,400,720,240,4200,7500,8500,102,1.5,6000,0,0,0,0,0,67.26,30,63.47,58.9,58.2,0,0
2026-10-02T02:37:57.836000+09:00,2026-10-01T17:37:57.836000+00:00,094623,2342.0,1,0,0,0,0,13583,502,13583,0,0,0,0,4651,-28608,10326,6,4992,0,129,0,1,0,0,0,0,0,0,0,31082107,2018,0.33,1232.03,3574.02,0,48.5,99.4,66.7,25.1,60.5,533.9,65,628,160.4,159.3,1055.2,371554,3961,12.69,92.1,1520,2.77,1.13,29.5,38.1,75,25.67,12362687,73369,86.05,3478.1,0,1200,400,720,240,4200,7500,8500,102,1.5,6000,0,0,0,0,0,60.85,30,69.55,67.12,58.2,0,0
2026-10-02T02:38:57.924000+09:00,2026-10-01T17:38:57.924000+00:00,094623,1205.2,1,0,0,0,0,13583,492,13583,0,0,0,0,4651,-28608,10326,518,4992,0,129,0,1,0,0,2,0,0,0,0,31082107,2018,0.23,538.65,1743.83,0,48.6,97.7,69.1,25,60.6,534.4,64.3,618.2,148.8,147.5,1014.2,371554,3961,12.75,90.8,1480,2.76,1.06,21.8,35.8,75,11.68,12362690,73369,68.63,3478.1,0,1200,400,720,240,4200,7500,8500,102,1.5,6000,0,0,0,0,0,59.94,30,56.62,56.65,58.2,0,0
2026-10-02T02:39:58.025000+09:00,2026-10-01T17:39:58.025000+00:00,094623,1144.1,1,0,0,0,0,13583,499,13583,0,0,0,0,4651,-28608,18518,518,4992,528,129,0,1,0,0,2,0,0,0,0,31082107,2018,0.17,516.68,1660.82,0,48.4,97.6,69.5,25.1,60.1,531.9,67.2,612.9,141.8,140.4,1006.8,371554,3961,12.23,92.7,1480,2.77,1.05,21.5,36.1,75,11.74,12362692,73369,68.75,3478.11,0,1200,400,720,240,4200,7500,8500,102,1.5,6000,0,0,0,0,0,63.47,30,56.64,65.34,58.2,0,0
2026-10-02T02:40:58.132000+09:00,2026-10-01T17:40:58.132000+00:00,094623,2517.8,1,0,0,0,0,13583,494,13583,0,0,0,0,4655,-28608,10326,6,4480,0,129,0,1,0,0,2,0,0,0,0,31082107,2018,0.23,1391.95,3909.73,0,48.6,99.4,68.4,25,59.8,524.4,63.2,620.8,149.7,148.4,1034.2,371554,3961,12.71,87.8,1500,2.72,1.16,34,42.2,75,30.77,12362695,73369,76.42,3478.11,0,1200,400,720,240,4200,7500,8500,102,1.5,6000,0,0,0,0,0,73.34,30,73.21,62.62,58.2,0,0
2026-10-02T02:41:58.225000+09:00,2026-10-01T17:41:58.225000+00:00,094623,2431.1,1,0,0,0,0,13583,495,13583,0,0,0,0,4651,-28608,10326,6,4480,0,129,0,1,0,0,2,0,0,0,0,31082107,2018,0.27,1173.44,3604.54,0,48.6,96.1,67.5,25.1,60.4,533.8,63.5,629,158.1,157,1031.2,371554,3961,12.88,87.7,1500,2.71,1.16,33.3,43.6,75,31.39,12362701,73369,77.8,3478.11,0,1200,400,720,240,4200,7500,8500,102,1.5,6000,0,0,0,0,0,70.82,30,64.43,58.53,58.2,0,0
2026-10-02T02:42:58.312000+09:00,2026-10-01T17:42:58.312000+00:00,094623,1721.5,1,0,0,0,0,13583,501,13583,0,0,0,0,4651,-28608,8278,6,4992,8,129,0,1,0,0,2,0,0,0,0,31082107,2018,0.36,703.45,2425,0,48.6,98.7,67.1,25.1,60.8,538.8,63.8,628.3,158.7,157.9,1046.1,371554,3961,12.81,90.3,1510,2.79,1.09,25.3,38.1,75,18.82,12362705,73369,76.57,3478.11,0,1200,400,720,240,4200,7500,8500,102,1.5,6000,0,0,0,0,0,60.26,30,62.38,56.82,58.2,0,0
2026-10-02T02:43:58.412000+09:00,2026-10-01T17:43:58.412000+00:00,094623,1196.6,1,0,0,0,0,13583,491,13583,0,0,0,0,4651,-28608,10326,6,4992,0,129,0,1,0,0,2,0,0,0,0,31082107,2018,0.36,538.65,1735.28,0,48.5,97.7,68.6,25.2,60.4,534.2,65.3,615,145,143.7,1026.3,371555,3962,11.75,91.7,1470,2.76,1.07,21.9,36.6,75,12.02,12362708,73369,65.74,3478.11,0,1200,400,720,240,4200,7500,8500,102,1.5,6000,0,0,0,0,0,60.74,30,55.56,59.34,58.2,0,0
2026-10-02T02:44:58.495000+09:00,2026-10-01T17:44:58.495000+00:00,094623,1471.3,1,0,0,0,0,13583,494,13583,0,0,0,0,4655,-28608,18518,6,4480,528,129,0,1,0,0,2,0,0,0,0,31082107,2018,0.24,732.75,2204.05,0,48.4,98.7,68.8,25.2,60,528.5,65.6,614,142.3,141.1,1029,371555,3962,12.77,91.3,1490,2.75,1.18,25.4,40.3,75,15.03,12362710,73369,72.78,3478.11,0,1200,400,720,240,4200,7500,8500,102,1.5,6000,0,0,0,0,0,64.96,30,62.01,63.74,58.1,0,0
2026-10-02T02:45:58.586000+09:00,2026-10-01T17:45:58.586000+00:00,094623,2436.0,1,0,0,0,0,13583,495,13583,0,0,0,0,4651,-28608,10326,6,4480,0,129,0,1,0,0,2,0,0,0,0,31082107,2018,0.25,1192.97,3628.96,0,48.6,99,67.9,25.2,60.1,528.6,64.7,626.6,154.9,153.6,1045.2,371555,3962,12.32,88.1,1500,2.71,1.14,32.9,42.3,75,31.11,12362714,73369,74.85,3478.11,0,1200,400,720,240,4200,7500,8500,102,1.5,6000,0,0,0,0,0,72.63,30,72.39,62.91,58.2,0,0
2026-10-02T02:46:58.675000+09:00,2026-10-01T17:46:58.675000+00:00,094623,2665.5,1,0,0,0,0,13583,500,13583,0,0,0,0,4655,-28608,10326,518,4480,0,129,0,1,0,0,2,0,0,0,0,31082107,2018,0.28,1428.57,4094.06,0,48.7,96.9,67.4,25.2,60.6,531.4,65.1,632.7,160.2,159.1,1049.9,371555,3962,12.91,88.2,1510,2.75,1.15,34.2,41.5,75,30.99,12362719,73369,81.22,3478.11,0,1200,400,720,240,4200,7500,8500,102,1.5,6000,0,0,0,0,0,70.83,30,67.18,60.42,58.2,0,0
2026-10-02T02:47:58.775000+09:00,2026-10-01T17:47:58.775000+00:00,094623,1477.4,1,0,0,0,0,13583,520,13583,0,0,0,0,4655,-28608,12374,6,5024,72,129,0,1,0,0,0,0,0,0,0,31082107,2018,0.4,696.13,2173.53,0,48.6,98.5,67.8,25.2,60.9,531,64.5,625.4,151.7,150.6,1024.8,371555,3962,12.97,90,1560,2.93,1.01,22.6,33.4,75,17.26,12362723,73369,63.34,3478.12,0,1200,400,720,240,4200,7500,8500,102,1.5,6000,0,0,0,0,0,60.75,30,60.43,53.98,58.1,0,0
2026-10-02T02:48:58.883000+09:00,2026-10-01T17:48:58.883000+00:00,094623,1428.6,1,0,0,0,0,13583,520,13583,0,0,0,0,4651,-28608,10326,6,4992,0,129,0,1,0,0,0,0,0,0,0,31082107,2018,0.35,732.75,2161.32,0,48.4,97.6,68.8,25.2,60.4,528.4,66,615.4,143.9,142.6,1020.8,371555,3962,12.64,92.6,1560,2.94,1.03,23.3,34.5,75,17.53,12362725,73369,66.76,3478.12,0,1200,400,720,240,4200,7500,8500,102,1.5,6000,0,0,0,0,0,64.57,30,58.02,64.59,58.2,0,0
2026-10-02T02:49:58.982000+09:00,2026-10-01T17:49:58.982000+00:00,094623,2113.7,1,0,0,0,0,13583,493,13583,0,0,0,0,4655,-28608,18582,6,20864,528,129,0,1,0,0,2,0,0,0,0,31082107,2018,0.23,1151.46,3265.17,0,48.4,98.5,68.7,25.2,59.9,524.1,64.3,618,145.1,143.9,1033.5,371556,3963,12.74,89.7,1490,2.72,1.18,31.3,43.1,75,26.58,12362728,73369,77.02,3478.12,0,1200,400,720,240,4200,7500,8500,102,1.5,6000,0,0,0,0,0,72.66,30,68.57,66.69,58.1,0,0
2026-10-02T02:50:59.091000+09:00,2026-10-01T17:50:59.091000+00:00,094623,2254.1,1,0,0,0,0,13583,502,13583,0,0,0,0,4651,-28608,10326,6,4992,0,129,0,1,0,0,2,0,0,0,0,31082107,2018,0.22,1195.41,3449.51,0,48.5,98.2,67.4,25.2,60.3,529.9,62.9,631.1,158.5,157.3,1057,371556,3963,12.85,87,1510,2.77,1.13,30,39.5,75,26.78,12362733,73369,81.69,3478.12,0,1200,400,720,240,4200,7500,8500,102,1.5,6000,0,0,0,0,0,68.16,30,68.06,54.8,58.2,0,0
2026-10-02T02:51:59.186000+09:00,2026-10-01T17:51:59.186000+00:00,094623,1256.4,1,0,0,0,0,13583,517,13583,0,0,0,0,4651,-28608,10390,6,21376,0,129,0,1,0,0,2,0,0,0,0,31082107,2018,0.36,545.98,1802.42,0,48.3,98.1,67.9,25.2,60.4,531.4,65.9,620.6,146.6,145.5,1028.7,371556,3963,12.87,88.9,1550,2.91,1.01,21.4,34.3,75,13.61,12362735,73369,52.46,3478.12,0,1200,400,720,240,4200,7500,8500,102,1.5,6000,0,0,0,0,0,60.48,30,58.65,49.04,58.1,0,0
2026-10-02T02:52:59.297000+09:00,2026-10-01T17:52:59.297000+00:00,094623,1326.0,1,0,0,0,0,13583,519,13583,0,0,0,0,4651,-28608,12374,6,5024,72,129,0,1,0,0,0,0,0,0,0,31082107,2018,0.37,661.95,1987.98,0,48.1,96.8,68.3,25.2,59.8,529,65.4,614.7,140.3,138.9,1046.4,371556,3963,12.82,94.9,1560,2.92,1.03,22.6,35.1,75,17.75,12362738,73369,62.88,3478.12,0,1200,400,720,240,4200,7500,8500,102,1.5,6000,0,0,0,0,0,62.81,30,55.35,69.8,58.1,0,0
2026-10-02T02:53:59.403000+09:00,2026-10-01T17:53:59.403000+00:00,094623,2324.9,1,0,0,0,0,13583,496,13583,0,0,0,0,4651,-28608,10342,6,12676,0,129,0,1,0,0,2,0,0,0,0,31082107,2018,0.25,1206.4,3531.3,0,48.4,100.7,68.4,25.2,59.5,524.9,63.4,623.9,148.5,147.2,1030.6,371556,3963,12.33,88.1,1500,2.73,1.16,33,43.4,75,30.41,12362741,73369,90.53,3478.12,0,1200,400,720,240,4200,7500,8500,102,1.5,6000,0,0,0,0,0,74.03,30,76.51,64.73,58.2,0,0
2026-10-02T02:54:59.500000+09:00,2026-10-01T17:54:59.500000+00:00,094623,2401.8,1,0,0,0,0,13583,496,13583,0,0,0,0,4651,-28608,18518,6,4480,528,129,0,1,0,0,2,0,0,0,0,31082107,2018,0.26,1200.29,3602.1,0,48.5,94.7,67.2,25.2,60.1,532.6,64.3,632.1,155.9,155.1,1034.5,371556,3963,12.67,86.9,1500,2.72,1.16,33.4,43.7,75,31.31,12362746,73369,76.83,3478.12,0,1200,400,720,240,4200,7500,8500,102,1.5,6000,0,0,0,0,0,70.65,30,59.94,56.73,58.1,0,0
2026-10-02T02:55:59.604000+09:00,2026-10-01T17:55:59.604000+00:00,094623,2451.9,1,0,0,0,0,13583,501,13583,0,0,0,0,4651,-28608,10326,6,4992,0,129,0,1,0,0,0,0,0,0,0,31082107,2018,0.42,1327.25,3779.11,0,48.5,100.1,66.4,25.2,60.6,531.7,62.7,634.5,160.1,158.9,1057,371557,3964,12.77,90.2,1510,2.77,1.14,30.9,39.2,75,27.83,12362751,73369,77.91,3478.13,0,1200,400,720,240,4200,7500,8500,102,1.5,6000,0,0,0,0,0,63.34,30,72.44,62.1,58.2,0,0
2026-10-02T02:56:59.714000+09:00,2026-10-01T17:56:59.714000+00:00,094623,1512.8,1,0,0,0,0,13583,522,13583,0,0,0,0,4651,-28608,10326,6,4992,0,129,0,1,0,0,0,0,0,0,0,31082107,2018,0.28,857.26,2370.07,0,48.6,97.7,68.6,25.2,60.8,529.5,62,622.4,148.6,147.5,1032.5,371557,3964,12.52,93.2,1570,2.94,1.04,23.9,34.6,75,18.78,12362754,73369,71.33,3478.13,0,1200,400,720,240,4200,7500,8500,102,1.5,6000,0,0,0,0,0,62.8,30,58.73,67.93,58.2,0,0
2026-10-02T02:57:59.843000+09:00,2026-10-01T17:57:59.843000+00:00,094623,1549.4,1,0,0,0,0,13583,524,13583,0,0,0,0,4651,-28608,12374,518,5024,72,129,0,1,0,0,2,0,0,0,0,31082107,2018,0.18,885.34,2434.77,0,48.5,99,69.6,25.2,60.3,527.2,68.3,617.4,142.3,141.1,1009.8,371557,3964,12.86,89.2,1570,2.95,1.07,25.1,36.1,75,18.36,12362756,73369,69.74,3478.13,0,1200,400,720,240,4200,7500,8500,102,1.5,6000,0,0,0,0,0,68.71,30,65.1,58.58,58.2,0,0
2026-10-02T02:58:59.916000+09:00,2026-10-01T17:58:59.916000+00:00,094623,2162.5,1,0,0,0,0,13583,494,13583,0,0,0,0,4651,-28608,10326,6,4480,0,129,0,1,0,0,2,0,0,0,0,31082107,2018,0.28,1083.1,3245.64,0,48.3,96.1,68.2,25.2,59.9,526.9,65.2,624.3,147.2,145.8,1033.5,371557,3964,12.73,90.2,1490,2.71,1.16,32.3,44.4,75,30.28,12362760,73369,67,3478.13,0,1200,400,720,240,4200,7500,8500,102,1.5,6000,0,0,0,0,0,73.09,30,62.39,68.15,58.1,0,0
2026-10-02T03:00:00.012000+09:00,2026-10-01T18:00:00.012000+00:00,094623,2421.3,1,0,0,0,0,13583,494,13583,0,0,0,0,4651,-28608,18518,518,4480,528,129,0,1,0,0,2,0,0,0,0,31082107,2018,0.25,1326.03,3747.37,0,48.6,99.3,67.1,25.2,60.1,533.6,63.9,632,155.8,154.9,1061,371557,3964,12.65,88.6,1490,2.71,1.17,33.9,43.6,75,30.9,12362765,73369,86.67,3478.13,0,1200,400,720,240,4200,7500,8500,102,1.5,6000,0,0,0,0,0,69.73,30,73.89,63.07,58.1,0,0
2026-10-02T03:01:00.103000+09:00,2026-10-01T18:01:00.103000+00:00,094623,1786.2,1,0,0,0,0,13583,502,13583,0,0,0,0,4651,-28608,10326,6,4992,0,129,0,1,0,0,2,0,0,0,0,31082107,2018,0.34,814.54,2600.79,0,48.7,97.4,67.2,25.1,60.8,532.3,64.6,633.6,158.3,157.3,1080.8,371557,3964,12.47,88.6,1510,2.82,1.09,24.7,35,75,16.14,12362770,73369,77.37,3478.13,0,1200,400,720,240,4200,7500,8500,102,1.5,6000,0,0,0,0,0,59.06,30,57.35,51.11,58.1,0,0
2026-10-02T03:02:00.206000+09:00,2026-10-01T18:02:00.206000+00:00,094623,1280.9,1,0,0,0,0,13583,498,13583,0,0,0,0,4651,-28608,10326,6,4992,0,129,0,1,0,0,0,0,0,0,0,31082107,2018,0.41,185.86,1466.72,0,48.4,97.8,68.9,25.1,60.6,534.4,64.5,616.8,145.4,144,1041.7,371558,3965,12.74,90.9,1450,2.78,0.79,23.5,40,75,11.92,12362772,73369,62.75,3478.13,0,1200,400,720,240,4200,7500,8500,102,1.5,6000,0,0,0,0,0,62.03,30,56.99,55.62,58.2,0,0
2026-10-02T03:03:00.292000+09:00,2026-10-01T18:03:00.292000+00:00,094623,1529.9,1,0,0,0,0,13583,494,13583,0,0,0,0,4651,-28608,12374,6,4512,72,129,0,1,0,0,2,0,0,0,0,31082107,2018,0.24,691.24,2221.14,0,48.4,98,68.7,25.1,60,528.5,66.4,612.7,140.3,139.2,1043.8,371558,3965,12.47,94.2,1490,2.75,1.18,26.4,42.3,75,17.06,12362774,73369,76.15,3478.13,0,1200,400,720,240,4200,7500,8500,102,1.5,6000,0,0,0,0,0,66.53,30,60.27,73.76,58.2,0,0
2026-10-02T03:04:00.374000+09:00,2026-10-01T18:04:00.374000+00:00,094623,2412.8,1,0,0,0,0,13583,496,13583,0,0,0,0,4651,-28608,10326,6,4480,0,129,0,1,0,0,2,0,0,0,0,31082107,2018,0.17,1355.33,3768.12,0,48.7,99.5,67.9,25.1,60,528.9,62.3,624.5,152.3,151,1056.2,371558,3965,12.74,87.3,1500,2.74,1.15,33.4,42.7,75,31.3,12362779,73369,84.82,3478.14,0,1200,400,720,240,4200,7500,8500,102,1.5,6000,0,0,0,0,0,73.04,30,74.67,61.51,58.1,0,0
2026-10-02T03:05:00.484000+09:00,2026-10-01T18:05:00.484000+00:00,094623,2180.8,1,0,0,0,0,13583,502,13583,0,0,0,0,4655,-28608,2134,590,4992,8192,129,0,1,0,0,2,0,0,0,0,31082107,2018,0.28,1058.69,3239.54,0,48.8,96.6,66.8,25.1,60.7,532.5,71.9,631.3,157.8,156.6,1058.7,371558,3965,12.81,87.8,1510,2.79,1.1,28.2,37.6,75,23.39,12362783,73369,73.33,3478.14,0,1200,400,720,240,4200,7500,8500,102,1.5,6000,0,0,0,0,0,63.58,30,59.5,53.35,58.2,0,0
2026-10-02T03:06:00.584000+09:00,2026-10-01T18:06:00.584000+00:00,094623,1251.6,1,0,0,0,0,13583,498,13583,0,0,0,0,4651,-28608,10326,6,4992,0,129,0,1,0,0,0,0,0,0,0,31082107,2018,0.39,561.85,1813.41,0,48.5,98.3,68.2,25,60.6,534.8,66.2,620.6,146,145,1052.1,371558,3965,12.77,90.1,1500,2.8,1.12,22.6,37.5,75,11.81,12362786,73369,59.04,3478.14,0,1200,400,720,240,4200,7500,8500,102,1.5,6000,0,0,0,0,0,59.99,30,58.72,51.78,58.2,0,0
2026-10-02T03:07:00.680000+09:00,2026-10-01T18:07:00.680000+00:00,094623,1201.5,1,0,0,0,0,13583,497,13583,0,0,0,0,4651,-28608,10326,518,4992,0,129,0,1,0,0,0,0,0,0,0,31082107,2018,0.25,487.38,1688.89,0,48.3,97.3,68.8,25.1,60.1,534.8,74.7,614.8,140.1,138.9,1021.6,371558,3965,12.94,96.1,1500,2.81,1.11,22.3,38.4,75,11.35,12362788,73369,75.43,3478.14,0,1200,400,720,240,4200,7500,8500,102,1.5,6000,0,0,0,0,0,62.62,30,54.15,74.45,58.2,0,0
2026-10-02T03:08:00.781000+09:00,2026-10-01T18:08:00.781000+00:00,094623,2202.8,1,0,0,0,0,13583,496,13583,0,0,0,0,4655,-28608,12374,590,4512,8200,129,0,1,0,0,2,0,0,0,0,31082107,2018,0.21,1024.51,3227.33,0,48.5,101,68.4,25.1,59.7,530.2,66.6,627.4,146.9,146,1028.8,371559,3966,12.77,87.8,1500,2.73,1.15,32.2,44.7,75,29.84,12362792,73369,83.03,3478.14,0,1200,400,720,240,4200,7500,8500,102,1.5,6000,0,0,0,0,0,74.42,30,78.41,63.71,58.2,0,0
2026-10-02T03:09:00.891000+09:00,2026-10-01T18:09:00.891000+00:00,094623,2432.3,1,0,0,0,0,13583,496,13583,0,0,0,0,4655,-26560,10390,6,20864,0,129,0,1,0,0,2,0,0,0,0,31082107,2018,0.29,1164.89,3597.22,0,48.6,95.6,67,25.1,60.1,534.5,65,632.9,154,152.9,1035.9,371559,3966,12.63,87.6,1500,2.73,1.15,33.1,43.2,75,31.39,12362797,73369,70.39,3478.14,0,1200,400,720,240,4200,7500,8500,102,1.5,6000,0,0,0,0,0,69.99,30,61.48,58.19,58.2,0,0
2026-10-02T03:10:01.001000+09:00,2026-10-01T18:10:01.001000+00:00,094623,2317.6,1,0,0,0,0,13583,500,13583,0,0,0,0,4655,-28608,10326,582,4992,0,129,0,1,0,0,0,0,0,0,0,31082107,2018,0.37,1147.8,3465.38,0,48.6,99.5,66.5,25.1,60.6,533.8,64.2,634.6,159.1,158.2,1073.8,371559,3966,12.71,91.3,1510,2.76,1.13,29.7,38.9,75,25.65,12362802,73369,83.59,3478.14,0,1200,400,720,240,4200,7500,8500,102,1.5,6000,0,0,0,0,0,62.43,30,69.74,64.88,58.2,0,0
2026-10-02T03:11:01.096000+09:00,2026-10-01T18:11:01.096000+00:00,094623,1167.3,1,0,0,0,0,13583,494,13583,0,0,0,0,4655,-28608,10342,6,13188,0,129,0,1,0,0,0,0,0,0,0,31082107,2018,0.27,494.7,1662.04,0,48.6,98.1,68.7,25.1,60.6,535,65.4,622.1,146.1,144.9,1016.4,371559,3966,12.44,92.2,1480,2.79,1.05,21.4,36.2,75,11.99,12362805,73369,70.82,3478.14,0,1200,400,720,240,4200,7500,8500,102,1.5,6000,0,0,0,0,0,60.26,30,56.87,61.95,58.2,0,0
2026-10-02T03:12:01.194000+09:00,2026-10-01T18:12:01.194000+00:00,094623,1188.1,1,0,0,0,0,13583,500,13583,0,0,0,0,4651,-28608,10326,6,4992,0,129,0,1,0,0,2,0,0,0,0,31082107,2018,0.22,621.66,1809.75,0,48.4,97.7,69.1,25.1,60.1,530,64.4,618.8,140.5,139.3,1034.6,371559,3966,12.65,89.9,1490,2.82,1.03,21.3,34.2,75,12.52,12362807,73369,70.28,3478.15,0,1200,400,720,240,4200,7500,8500,102,1.5,6000,0,0,0,0,0,63.19,30,56.61,56.79,58.1,0,0
2026-10-02T03:13:01.346000+09:00,2026-10-01T18:13:01.346000+00:00,094623,2467.4,1,0,0,0,0,13583,496,13583,0,0,0,0,4655,-28608,8278,6,4480,0,129,0,1,0,0,2,0,0,0,0,31082107,2018,0.3,1487.47,3954.89,0,48.2,98.3,68.1,25,59.8,525.5,64.6,627.6,148.9,147.9,1050.7,371559,3966,12.74,89.5,1500,2.73,1.16,33.3,41.3,75,30.31,12362811,73369,70.34,3478.15,0,1200,400,720,240,4200,7500,8500,102,1.5,6000,0,0,0,0,0,72.85,30,69.64,66.48,58.2,0,0
2026-10-02T03:14:01.407000+09:00,2026-10-01T18:14:01.407000+00:00,094623,2532.4,1,0,0,0,0,13583,496,13583,0,0,0,0,4655,-28608,10326,590,4480,8192,129,0,1,0,0,2,0,0,0,0,31082107,2018,0.26,1295.51,3827.94,0,48.4,98.1,67.3,25.1,60.3,531.8,63.8,630.9,157.5,156.5,1051.5,371560,3967,12.51,89,1500,2.72,1.15,33.8,42.5,75,30.4,12362816,73369,85.45,3478.15,0,1200,400,720,240,4200,7500,8500,102,1.5,6000,0,0,0,0,0,70.21,30,70.53,64.11,58.1,0,0
2026-10-02T03:15:01.522000+09:00,2026-10-01T18:15:01.522000+00:00,094623,2583.7,1,0,0,0,0,13583,496,13583,0,0,0,0,4655,-26560,10326,6,4480,0,129,0,1,0,0,2,0,0,0,0,31082107,2018,0.3,1400.49,3984.19,0,48.5,97,67.1,25.1,60.8,534.8,61.4,633.1,160.8,159.9,1035.7,371560,3967,12.7,89.1,1500,2.7,1.16,33.9,42.3,75,30.84,12362821,73369,82.48,3478.15,0,1200,400,720,240,4200,7500,8500,102,1.5,6000,0,0,0,0,0,68.45,30,66.01,62.89,58.2,0,0
2026-10-02T03:16:01.606000+09:00,2026-10-01T18:16:01.606000+00:00,094623,1443.2,1,0,0,0,0,13583,500,13583,0,0,0,0,4651,-28608,10326,6,4992,0,129,0,1,0,0,2,0,0,0,0,31082107,2018,0.3,587.48,2030.7,0,48.7,98.6,67.8,25,61,537.7,62.4,629.5,153.6,152.4,1039.9,371560,3967,12.91,89.4,1500,2.8,1.13,23.2,37.3,75,13.48,12362825,73369,72.91,3478.15,0,1200,400,720,240,4200,7500,8500,102,1.5,6000,0,0,0,0,0,58,30,59.21,51.36,58.2,0,0
2026-10-02T03:17:01.740000+09:00,2026-10-01T18:17:01.740000+00:00,094623,1199.1,1,0,0,0,0,13583,492,13583,0,0,0,0,4651,-28608,10326,6,4992,0,129,0,1,0,0,2,0,0,0,0,31082107,2018,0.33,549.64,1748.71,0,48.4,97.3,69.1,25,60.5,535.7,64.3,623,143.4,142,1034.8,371560,3967,12.39,93,1490,2.75,1.1,22.2,37.3,75,11.76,12362827,73369,62.75,3478.15,0,1200,400,720,240,4200,7500,8500,102,1.5,6000,0,0,0,0,0,62.04,30,54.74,62.88,58.1,0,0
2026-10-02T03:18:01.820000+09:00,2026-10-01T18:18:01.820000+00:00,094623,1819.2,1,0,0,0,0,13583,493,13583,0,0,0,0,4651,-28608,18518,6,4480,528,129,0,1,0,0,2,0,0,0,0,31082107,2018,0.22,829.19,2648.4,0,48.4,98.5,69,25,60,525.7,61.7,623.5,142.4,141.1,1019,371560,3967,12.59,90.7,1490,2.71,1.19,29,43.6,75,22.08,12362830,73369,79.6,3478.15,0,1200,400,720,240,4200,7500,8500,102,1.5,6000,0,0,0,0,0,70.17,30,64.46,68.07,58.2,0,0
2026-10-02T03:19:01.930000+09:00,2026-10-01T18:19:01.930000+00:00,094623,2420.1,1,0,0,0,0,13583,494,13583,0,0,0,0,4655,-28608,10326,6,4480,0,129,0,1,0,0,2,0,0,0,0,31082107,2018,0.19,1277.2,3697.32,0,48.6,97.3,67.8,25,60.2,530.9,61,629.6,154.5,153.4,1043.7,371560,3967,12.73,86.5,1500,2.72,1.16,33.5,43.2,75,31.42,12362835,73369,83.77,3478.15,0,1200,400,720,240,4200,7500,8500,102,1.5,6000,0,0,0,0,0,72.5,30,68.2,57.92,58.2,0,0
2026-10-02T03:20:02.037000+09:00,2026-10-01T18:20:02.037000+00:00,094623,1757.0,1,0,0,0,0,13583,501,13583,0,0,0,0,4651,-28608,10326,6,4992,0,129,0,1,0,0,2,0,0,0,0,31082107,2018,0.34,746.18,2503.13,0,48.6,98.1,66.8,25.1,60.7,536,61.7,631.3,156.6,155.7,1042.4,371561,3968,12.61,88.6,1510,2.8,1.1,25.4,37.2,75,18.72,12362839,73369,69.6,3478.16,0,1200,400,720,240,4200,7500,8500,102,1.5,6000,0,0,0,0,0,59.9,30,60.14,51.76,58.2,0,0
2026-10-02T03:21:02.138000+09:00,2026-10-01T18:21:02.138000+00:00,094623,1206.4,1,0,0,0,0,13583,492,13583,0,0,0,0,4651,-28608,12374,6,5024,8,129,0,1,0,0,0,0,0,0,0,31082107,2018,0.38,497.15,1703.54,0,48.4,98,68.6,25,60.5,534.3,63.7,621.6,144.3,143.1,1032.2,371561,3968,12.7,91.9,1480,2.76,1.09,22.2,37.4,75,11.74,12362842,73369,64.43,3478.16,0,1200,400,720,240,4200,7500,8500,102,1.5,6000,0,0,0,0,0,61.15,30,56.52,58.96,58.1,0,0
2026-10-02T03:22:02.232000+09:00,2026-10-01T18:22:02.232000+00:00,094623,1446.9,1,0,0,0,0,13583,494,13583,0,0,0,0,4651,-28608,10326,518,4480,0,129,0,1,0,0,2,0,0,0,0,31082107,2018,0.21,677.82,2124.7,0,48.2,98.6,68.9,25,60,529.2,63.6,618.3,139.9,138.7,1023.4,371561,3968,12.64,91.9,1490,2.75,1.18,25.7,41.8,75,15.54,12362844,73369,78.24,3478.16,0,1200,400,720,240,4200,7500,8500,102,1.5,6000,0,0,0,0,0,66.13,30,61.47,66.62,58.2,0,0
2026-10-02T03:23:02.323000+09:00,2026-10-01T18:23:02.323000+00:00,094623,2311.5,1,0,0,0,0,13583,495,13583,0,0,0,0,4655,-28608,18518,6,4480,528,129,0,1,0,0,2,0,0,0,0,31082107,2018,0.21,1233.25,3544.72,0,48.3,98.3,67.9,25,59.9,529.4,62,626.3,152,151.1,1036.9,371561,3968,12.58,87.4,1500,2.71,1.15,33,43.6,75,31.13,12362848,73369,79.55,3478.16,0,1200,400,720,240,4200,7500,8500,102,1.5,6000,0,0,0,0,0,73.05,30,70.93,60.66,58.2,0,0
2026-10-02T03:24:02.440000+09:00,2026-10-01T18:24:02.440000+00:00,094623,2673.7,1,0,0,0,0,13583,505,13583,0,0,0,0,4655,-28608,10326,590,4992,8192,129,0,1,0,0,2,0,0,0,0,31082107,2018,0.3,1474.04,4147.77,0,48.4,96.8,66.7,25,60.4,529,62.9,633.6,157.5,156.2,1061.5,371561,3968,12.39,88.6,1530,2.75,1.16,33.8,40.7,75,30.41,12362853,73369,77.27,3478.16,0,1200,400,720,240,4200,7500,8500,102,1.5,6000,0,0,0,0,0,67.85,30,65.18,60.22,58.2,0,0
2026-10-02T03:25:02.541000+09:00,2026-10-01T18:25:02.541000+00:00,094623,1271.1,1,0,0,0,0,13583,494,13583,0,0,0,0,4651,-28608,10326,6,4992,0,129,0,1,0,0,2,0,0,0,0,31082107,2018,0.33,555.74,1826.84,0,48.3,99.1,67.9,25,60.7,535,62.3,625.7,148.7,147.6,1039.6,371561,3968,12.87,90,1490,2.78,1.1,22.2,36.7,75,11.77,12362857,73369,67.24,3478.16,0,1200,400,720,240,4200,7500,8500,102,1.5,6000,0,0,0,0,0,58.46,30,60.38,52.23,58.2,0,0
2026-10-02T03:26:02.659000+09:00,2026-10-01T18:26:02.659000+00:00,094623,1161.2,1,0,0,0,0,13583,495,13583,0,0,0,0,4655,-28608,12374,6,5024,72,129,0,1,0,0,2,0,0,0,0,31082107,2018,0.28,472.73,1633.96,0,48,96.9,68.9,25.1,60.1,535.5,63.6,618.6,139.9,138.5,1026.1,371562,3969,12.56,94,1490,2.79,1.11,22.2,38.6,75,11.73,12362859,73369,66.03,3478.16,0,1200,400,720,240,4200,7500,8500,102,1.5,6000,0,0,0,0,0,62.46,30,53.64,67.02,58.2,0,0
2026-10-02T03:27:02.739000+09:00,2026-10-01T18:27:02.739000+00:00,094623,2329.8,1,0,0,0,0,13583,494,13583,0,0,0,0,4651,-28608,10326,6,4480,0,129,0,1,0,0,2,0,0,0,0,31082107,2018,0.24,1296.73,3626.51,0,48.1,100,68.7,25.1,59.6,522.2,63.5,624.5,144.7,143.5,1020.9,371562,3969,12.58,89.4,1490,2.71,1.17,32.8,42.4,75,28.68,12362862,73369,82.04,3478.16,0,1200,400,720,240,4200,7500,8500,102,1.5,6000,0,0,0,0,0,73.76,30,73.11,68.35,58.1,0,0
2026-10-02T03:28:02.834000+09:00,2026-10-01T18:28:02.834000+00:00,094623,2718.9,1,0,0,0,0,13583,502,13583,0,0,0,0,4655,-28608,18582,6,21376,528,129,0,1,0,0,2,0,0,0,0,31082107,2018,0.23,1566.82,4285.71,0,48.4,95.7,67.4,25.1,60.2,526.3,61.6,629.7,157.3,156,1062.4,371562,3969,12.39,86.6,1520,2.76,1.16,34.2,40.2,75,31.04,12362867,73369,78.7,3478.17,0,1200,400,720,240,4200,7500,8500,102,1.5,6000,0,0,0,0,0,70.85,30,62.77,56.94,58.1,0,0
2026-10-02T03:29:02.933000+09:00,2026-10-01T18:29:02.933000+00:00,094623,1277.2,1,0,0,0,0,13583,492,13583,0,0,0,0,4651,-28608,10326,6,4992,0,129,0,1,0,0,0,0,0,0,0,31082107,2018,0.4,509.35,1786.55,0,48.2,99.3,67.7,25,60.6,532.5,62.5,624.9,148.9,147.9,1031.1,371562,3969,12.74,89.9,1490,2.78,1.09,22.2,36.6,75,11.93,12362870,73369,58.83,3478.17,0,1200,400,720,240,4200,7500,8500,102,1.5,6000,0,0,0,0,0,58.89,30,60.86,52.31,58.1,0,0
2026-10-02T03:30:03.016000+09:00,2026-10-01T18:30:03.016000+00:00,094623,1136.8,1,0,0,0,0,13583,492,13583,0,0,0,0,4651,-28608,10342,6,13188,0,129,0,1,0,0,0,0,0,0,0,31082107,2018,0.38,436.11,1572.92,0,47.9,96.8,68.7,25,60,534.2,65.4,618.5,139.9,138.5,1011,371562,3969,12.86,93,1480,2.76,1.09,21.7,37.9,75,11.87,12362872,73369,59.57,3478.17,0,1200,400,720,240,4200,7500,8500,102,1.5,6000,0,0,0,0,0,62.41,30,53.18,62.35,58.2,0,0
2026-10-02T03:31:03.118000+09:00,2026-10-01T18:31:03.118000+00:00,094623,2130.8,1,0,0,0,0,13583,492,13583,0,0,0,0,4651,-28608,12374,518,4512,72,129,0,1,0,0,2,0,0,0,0,31082107,2018,0.19,1085.54,3216.35,0,48.1,98,68.6,24.9,59.4,525.8,65.9,622,141.5,140.1,1052.6,371562,3969,12.68,90.4,1490,2.74,1.19,32,44.8,75,28.04,12362875,73369,87.99,3478.17,0,1200,400,720,240,4200,7500,8500,102,1.5,6000,0,0,0,0,0,73.55,30,67.46,71.06,58.1,0,0
2026-10-02T03:32:03.219000+09:00,2026-10-01T18:32:03.219000+00:00,094623,2405.5,1,0,0,0,0,13583,498,13583,0,0,0,0,4655,-26560,10326,6,4480,0,129,0,1,0,0,2,0,0,0,0,31082107,2018,0.19,1210.06,3615.53,0,48.3,97.4,67.3,24.9,59.9,531.6,62.9,630.6,155.7,154.7,1039.9,371563,3970,12.65,86,1510,2.74,1.13,32.8,42.6,75,31.26,12362880,73369,81.18,3478.17,0,1200,400,720,240,4200,7500,8500,102,1.5,6000,0,0,0,0,0,71.21,30,69.26,55.68,58.1,0,0
2026-10-02T03:33:03.352000+09:00,2026-10-01T18:33:03.352000+00:00,094623,2588.6,1,0,0,0,0,13583,494,13583,0,0,0,0,4651,-28608,18518,6,4480,528,129,0,1,0,0,0,0,0,0,0,31082107,2018,0.4,1422.47,4011.05,0,48.3,97.9,66.3,24.9,60.4,532.6,64.9,636.2,158.6,157.6,1046.6,371563,3970,12.74,90.3,1490,2.71,1.16,34.1,41.8,75,31.28,12362886,73369,68.96,3478.17,0,1200,400,720,240,4200,7500,8500,102,1.5,6000,0,0,0,0,0,66.09,30,67.9,65.03,58.2,0,0
2026-10-02T03:34:03.466000+09:00,2026-10-01T18:34:03.466000+00:00,094623,1412.7,1,0,0,0,0,13583,499,13583,0,0,0,0,4651,-28608,10326,6,4992,0,129,0,1,0,0,0,0,0,0,0,31082107,2018,0.33,543.53,1956.24,0,48.6,97.5,67.9,24.9,60.8,536.9,63.6,630.9,152.6,152,1029.3,371563,3970,12.51,91.1,1500,2.81,1.13,23.1,37.8,75,13.19,12362889,73369,86.15,3478.17,0,1200,400,720,240,4200,7500,8500,102,1.5,6000,0,0,0,0,0,57.77,30,57.03,57.93,58.2,0,0
2026-10-02T03:35:03.556000+09:00,2026-10-01T18:35:03.556000+00:00,094623,1272.3,1,0,0,0,0,13583,496,13583,0,0,0,0,4651,-28608,10326,6,4992,0,129,0,1,0,0,2,0,0,0,0,31082107,2018,0.25,561.85,1834.16,0,48.2,98.8,69.5,24.9,60.4,532.8,63.8,622.1,143.7,142.5,1019.7,371563,3970,12.74,93.1,1490,2.79,1.12,22.8,37.6,75,11.73,12362892,73369,64.51,3478.17,0,1200,400,720,240,4200,7500,8500,102,1.5,6000,0,0,0,0,0,63.34,30,59.79,65.84,58.2,0,0
2026-10-02T03:36:03.657000+09:00,2026-10-01T18:36:03.657000+00:00,094623,1852.2,1,0,0,0,0,13583,491,13583,0,0,0,0,4655,-28608,12374,518,4512,72,129,0,1,0,0,2,0,0,0,0,31082107,2018,0.22,914.64,2766.81,0,48.3,97.4,69,25,59.9,524.7,65.1,621.7,142.8,141.5,1015.9,371563,3970,12.62,88.8,1480,2.72,1.21,29.6,43.7,75,23.2,12362894,73369,70.56,3478.17,0,1200,400,720,240,4200,7500,8500,102,1.5,6000,0,0,0,0,0,71.23,30,63.29,61.42,58.2,0,0
2026-10-02T03:37:03.762000+09:00,2026-10-01T18:37:03.762000+00:00,094623,2404.2,1,0,0,0,0,13583,498,13583,0,0,0,0,4655,-28608,10326,518,4480,0,129,0,1,0,0,2,0,0,0,0,31082107,2018,0.27,1330.91,3735.16,0,48.3,99,67.3,24.9,59.9,531,65.3,630.2,153,152,1055.9,371563,3970,12.86,88.8,1510,2.73,1.16,33.7,43.3,75,30.84,12362899,73369,79.03,3478.18,0,1200,400,720,240,4200,7500,8500,102,1.5,6000,0,0,0,0,0,70.96,30,73.17,64.28,58.2,0,0
2026-10-02T03:38:03.861000+09:00,2026-10-01T18:38:03.861000+00:00,094623,2434.8,1,0,0,0,0,13583,496,13583,0,0,0,0,4655,-28608,18518,6,4480,528,129,0,1,0,0,2,0,0,0,0,31082107,2018,0.28,1230.81,3665.58,0,48.4,96.9,66.7,25,60.5,535.2,61,635.6,158.9,158,1060.4,371564,3971,12.91,89.6,1500,2.71,1.15,33.1,42.9,75,31.45,12362904,73369,81.74,3478.18,0,1200,400,720,240,4200,7500,8500,102,1.5,6000,0,0,0,0,0,67.28,30,66.81,65.42,58.2,0,0
2026-10-02T03:39:03.953000+09:00,2026-10-01T18:39:03.953000+00:00,094623,2100.3,1,0,0,0,0,13583,501,13583,0,0,0,0,4651,-28608,10326,6,4992,0,129,0,1,0,0,2,0,0,0,0,31082107,2018,0.28,995.21,3095.49,0,48.5,98,67.3,24.9,60.9,535.7,61.7,637,160.4,159.4,1048.9,371564,3971,12.98,90.6,1510,2.79,1.1,27.6,37.4,75,22.67,12362909,73369,84,3478.18,0,1200,400,720,240,4200,7500,8500,102,1.5,6000,0,0,0,0,0,61.7,30,62.9,62.97,58.2,0,0
2026-10-02T03:40:04.033000+09:00,2026-10-01T18:40:04.033000+00:00,094623,1586.0,1,0,0,0,0,13583,440,13583,0,0,0,0,4651,-28608,10326,518,4992,0,129,0,1,0,0,2,0,0,0,0,31082107,2018,0.22,576.49,2162.54,0,48.4,97.9,69.3,24.9,60.8,535.4,65.2,625.8,147.6,146.3,1018.8,371564,3971,12.68,90.9,1280,2.56,2.07,27.1,41,75,11.59,12362912,73369,65.52,3478.18,0,1200,400,720,240,4200,7500,8500,102,1.5,6000,0,0,0,0,0,61.03,30,56.11,57.08,58.1,0,0
2026-10-02T03:41:04.127000+09:00,2026-10-01T18:41:04.127000+00:00,094623,1278.4,1,0,0,0,0,13583,497,13583,0,0,0,0,4655,-26560,12374,590,4512,8264,129,0,1,0,0,2,0,0,0,0,31082107,2018,0.16,607.01,1885.43,0,48.3,98.3,69.2,24.8,60.2,531.8,70.6,620,142.1,140.9,1018,371564,3971,12.86,92.6,1490,2.8,1.15,23.2,38.1,75,11.5,12362914,73369,69.2,3478.18,0,1200,400,720,240,4200,7500,8500,102,1.5,6000,0,0,0,0,0,64.04,30,58.43,66.31,58.1,0,0
2026-10-02T03:42:04.220000+09:00,2026-10-01T18:42:04.220000+00:00,094623,2492.1,1,0,0,0,0,13583,496,13583,0,0,0,0,4655,-28608,10326,590,4480,8192,129,0,1,0,0,2,0,0,0,0,31082107,2018,0.22,1402.94,3895.08,0,48.5,99.1,68.2,24.8,60.1,525.5,68.2,630.4,151.8,150.9,1048.4,371564,3971,12.79,88,1510,2.73,1.15,33.6,42,75,30.21,12362918,73369,79.64,3478.18,0,1200,400,720,240,4200,7500,8500,102,1.5,6000,0,0,0,0,0,73.91,30,73.14,64.42,58.1,0,0
2026-10-02T03:43:04.358000+09:00,2026-10-01T18:43:04.358000+00:00,094623,1814.3,1,0,0,0,0,13583,500,13583,0,0,0,0,4651,-28608,10326,6,4992,0,129,0,1,0,0,2,0,0,0,0,31082107,2018,0.22,891.45,2705.77,0,48.5,96.9,67.3,24.8,60.7,533.5,65.1,633.4,156.2,155.3,1053.6,371564,3971,12.81,87.3,1510,2.79,1.1,26,37.4,75,18.78,12362923,73369,77.78,3478.18,0,1200,400,720,240,4200,7500,8500,102,1.5,6000,0,0,0,0,0,62.88,30,59.57,50.08,58.1,0,0
2026-10-02T03:44:04.423000+09:00,2026-10-01T18:44:04.423000+00:00,094623,1146.6,1,0,0,0,0,13583,500,13583,0,0,0,0,4655,-28608,10326,6,4992,0,129,0,1,0,0,0,0,0,0,0,31082107,2018,0.42,494.7,1641.29,0,48.1,98.2,68.3,24.8,60.4,531.8,65.7,622,143.1,141.7,1023.4,371565,3972,12.71,89.9,1490,2.82,1.03,21.1,35.4,75,12.39,12362925,73369,52.12,3478.18,0,1200,400,720,240,4200,7500,8500,102,1.5,6000,0,0,0,0,0,61.45,30,58.82,51.42,58.1,0,0
2026-10-02T03:45:04.510000+09:00,2026-10-01T18:45:04.510000+00:00,094623,1257.7,1,0,0,0,0,13583,494,13583,0,0,0,0,4655,-28608,10390,518,20864,0,129,0,1,0,0,2,0,0,0,0,31082107,2018,0.24,515.46,1773.13,0,47.9,96.8,68.5,24.8,59.7,534.1,66.7,615.9,136.7,135.5,1005.8,371565,3972,12.76,96.5,1490,2.77,1.17,24.3,42.8,75,14.1,12362927,73369,80.15,3478.19,0,1200,400,720,240,4200,7500,8500,102,1.5,6000,0,0,0,0,0,64.78,30,55.39,78.61,58.2,0,0
2026-10-02T03:46:04.620000+09:00,2026-10-01T18:46:04.620000+00:00,094623,2371.3,1,0,0,0,0,13583,494,13583,0,0,0,0,4651,-28608,12374,518,4512,8,129,0,1,0,0,2,0,0,0,0,31082107,2018,0.18,1245.46,3616.75,0,48.2,100.7,67.9,24.8,59.5,528.4,61.7,626.2,146.9,146,1024.4,371565,3972,12.71,87.3,1490,2.73,1.16,33.3,43.6,75,30.61,12362931,73369,83.66,3478.19,0,1200,400,720,240,4200,7500,8500,102,1.5,6000,0,0,0,0,0,73.43,30,78.21,61.93,58.1,0,0
2026-10-02T03:47:04.717000+09:00,2026-10-01T18:47:04.717000+00:00,094623,1975.8,1,0,0,0,0,13583,501,13583,0,0,0,0,4655,-28608,10390,6,21376,0,129,0,1,0,0,2,0,0,0,0,31082107,2018,0.32,882.9,2858.67,0,48.2,96.3,66.7,24.7,60.2,533.4,61.6,629.2,153.1,151.9,1045.4,371565,3972,12.62,88.2,1510,2.8,1.1,26.7,37.4,75,20.86,12362936,73369,69.63,3478.19,0,1200,400,720,240,4200,7500,8500,102,1.5,6000,0,0,0,0,0,61.85,30,56.53,52.56,58.2,0,0
2026-10-02T03:48:04.816000+09:00,2026-10-01T18:48:04.816000+00:00,094623,1511.6,1,0,0,0,0,13583,523,13583,0,0,0,0,4651,-28608,10326,6,4992,0,129,0,1,0,0,0,0,0,0,0,31082107,2018,0.43,813.32,2324.9,0,48,98.8,68.1,24.7,60.1,528.4,60.7,620.2,141.8,140.5,1031.3,371565,3972,12.79,90.2,1570,2.95,1.05,24.2,35.5,75,19.26,12362938,73369,61.04,3478.19,0,1200,400,720,240,4200,7500,8500,102,1.5,6000,0,0,0,0,0,63.3,30,63.62,55.9,58.2,0,0
2026-10-02T03:49:04.913000+09:00,2026-10-01T18:49:04.913000+00:00,094623,1299.2,1,0,0,0,0,13583,493,13583,0,0,0,0,4655,-28608,10342,6,12676,0,129,0,1,0,0,2,0,0,0,0,31082107,2018,0.17,592.36,1891.54,0,47.8,98.3,68.6,24.7,59.6,531.4,63.8,618.5,138.1,137,1019,371565,3972,12.68,96.1,1480,2.77,1.17,24,40.1,75,12.96,12362941,73369,75.86,3478.19,0,1200,400,720,240,4200,7500,8500,102,1.5,6000,0,0,0,0,0,63.09,30,58.55,76.01,58.1,0,0
2026-10-02T03:50:05.021000+09:00,2026-10-01T18:50:05.021000+00:00,094623,2410.4,1,0,0,0,0,13583,495,13583,0,0,0,0,4651,-28608,10326,6,4480,0,129,0,1,0,0,2,0,0,0,0,31082107,2018,0.19,1272.32,3682.67,0,48.1,100,68.1,24.7,59.6,524.7,63.9,629.1,149.6,148.7,1051.9,371566,3973,12.74,87.1,1500,2.74,1.14,33.3,42.5,75,31.16,12362945,73369,82.75,3478.19,0,1200,400,720,240,4200,7500,8500,102,1.5,6000,0,0,0,0,0,73.43,30,76.05,61.24,58.1,0,0
2026-10-02T03:51:05.140000+09:00,2026-10-01T18:51:05.140000+00:00,094623,2644.4,1,0,0,0,0,13583,495,13583,0,0,0,0,4655,-28608,8278,518,4480,0,129,0,1,0,0,2,0,0,0,0,31082107,2018,0.29,1477.71,4122.13,0,48.2,95.7,66.8,24.7,60.1,529.7,62.1,633.2,156.2,155.1,1043.8,371566,3973,12.9,87.3,1500,2.71,1.17,34.6,41.5,75,30.62,12362950,73369,70.84,3478.19,0,1200,400,720,240,4200,7500,8500,102,1.5,6000,0,0,0,0,0,68.85,30,62.01,56.23,58.1,0,0
2026-10-02T03:52:05.227000+09:00,2026-10-01T18:52:05.227000+00:00,094623,1873.2,1,0,0,0,0,13583,526,13583,0,0,0,0,4655,-28608,10326,6,4992,0,129,0,1,0,0,0,0,0,0,0,31082107,2018,0.43,998.87,2872.1,0,48.2,98.5,67.6,24.7,60.5,528,61.6,627.3,150,148.9,1036.7,371566,3973,12.84,91.3,1590,2.94,1.07,26.2,35.5,75,11.73,12362954,73369,71.48,3478.19,0,1200,400,720,240,4200,7500,8500,102,1.5,6000,0,0,0,0,0,62.68,30,63.53,61.75,58.2,0,0
2026-10-02T03:53:05.327000+09:00,2026-10-01T18:53:05.327000+00:00,094623,1691.0,1,0,0,0,0,13583,523,13583,0,0,0,0,4651,-28608,10326,6,4992,0,129,0,1,0,0,2,0,0,0,0,31082107,2018,0.24,942.72,2633.75,0,48,98.4,69.2,24.7,60.1,529.7,64.5,620,141.4,140.2,1020.2,371566,3973,12.69,93.5,1580,2.92,1.12,26.7,37.9,75,11.43,12362956,73369,74.3,3478.2,0,1200,400,720,240,4200,7500,8500,102,1.5,6000,0,0,0,0,0,67.55,30,62.11,71.78,58.1,0,0
2026-10-02T03:54:05.414000+09:00,2026-10-01T18:54:05.414000+00:00,094623,1798.5,1,0,0,0,0,13583,493,13583,0,0,0,0,4651,-28608,10326,6,4480,0,129,0,1,0,0,2,0,0,0,0,31082107,2018,0.22,830.41,2628.86,0,47.9,98.4,68.7,24.7,59.6,526,61.1,620.6,140.4,139.1,998.5,371566,3973,12.63,88.5,1490,2.73,1.19,30,45.9,75,25.86,12362958,73369,66.52,3478.2,0,1200,400,720,240,4200,7500,8500,102,1.5,6000,0,0,0,0,0,71.8,30,67.43,61.16,58.2,0,0
2026-10-02T03:55:05.519000+09:00,2026-10-01T18:55:05.519000+00:00,094623,2270.0,1,0,0,0,0,13583,495,13583,0,0,0,0,4651,-28608,10326,6,4480,0,129,0,1,0,0,2,0,0,0,0,31082107,2018,0.28,1094.09,3364.06,0,48,98.4,67.1,24.7,59.6,533.8,60.2,627.6,151.1,150.1,1024.3,371566,3973,12.74,88.9,1500,2.74,1.16,33.1,45.2,75,31.41,12362963,73369,78.04,3478.2,0,1200,400,720,240,4200,7500,8500,102,1.5,6000,0,0,0,0,0,70.14,30,70.9,63.73,58.1,0,0
2026-10-02T03:56:05.614000+09:00,2026-10-01T18:56:05.614000+00:00,094623,2216.2,1,0,0,0,0,13583,501,13583,0,0,0,0,4651,-28608,18518,6,4992,528,129,0,1,0,0,2,0,0,0,0,31082107,2018,0.28,1177.1,3393.35,0,48.3,98.1,66.6,24.7,60.1,531.3,60.6,632.1,157.8,156.7,1056.6,371567,3974,12.9,89.6,1510,2.78,1.13,29.5,39.1,75,25.16,12362969,73369,84.34,3478.2,0,1200,400,720,240,4200,7500,8500,102,1.5,6000,0,0,0,0,0,62.78,30,66.7,61.12,58.2,0,0
2026-10-02T03:57:05.721000+09:00,2026-10-01T18:57:05.721000+00:00,094623,1200.3,1,0,0,0,0,13583,492,13583,0,0,0,0,4651,-28608,10326,6,4992,0,129,0,1,0,0,2,0,0,0,0,31082107,2018,0.25,553.3,1753.59,0,48.1,98.3,68.5,24.7,60.3,533.5,63.2,620.1,145.6,144.4,1021.5,371567,3974,12.62,89.9,1480,2.78,1.06,21.6,35.8,75,12.21,12362971,73369,62.44,3478.2,0,1200,400,720,240,4200,7500,8500,102,1.5,6000,0,0,0,0,0,59.53,30,58.77,53.49,58.1,0,0
2026-10-02T03:58:05.804000+09:00,2026-10-01T18:58:05.804000+00:00,094623,1239.3,1,0,0,0,0,13583,497,13583,0,0,0,0,4655,-28608,10326,590,4992,8192,129,0,1,0,0,2,0,0,0,0,31082107,2018,0.24,547.2,1786.55,0,48,97.1,68.9,24.7,59.8,529.1,87.7,616.8,141.4,140,1028.7,371567,3974,12.69,93.2,1490,2.81,1.03,21.6,34.4,75,12.55,12362973,73369,66.54,3478.2,0,1200,400,720,240,4200,7500,8500,102,1.5,6000,0,0,0,0,0,62.04,30,54.98,65.84,58.1,0,0
2026-10-02T03:59:05.900000+09:00,2026-10-01T18:59:05.900000+00:00,094623,2178.4,1,0,0,0,0,13583,495,13583,0,0,0,0,4651,-28608,8278,6,4480,8,129,0,1,0,0,2,0,0,0,0,31082107,2018,0.21,1067.23,3245.64,0,48.2,99.9,68.5,24.6,59.6,528.5,74.2,622.8,147.5,146.4,1014.7,371567,3974,12.71,88.7,1500,2.73,1.15,32.5,44.9,75,30.66,12362977,73369,82.18,3478.2,0,1200,400,720,240,4200,7500,8500,102,1.5,6000,0,0,0,0,0,73.64,30,74.79,66.73,58.2,0,0
2026-10-02T04:00:06.009000+09:00,2026-10-01T19:00:06.009000+00:00,094623,2604.5,1,0,0,0,0,13583,496,13583,0,0,0,0,4655,-28608,10326,590,4480,8192,129,0,1,0,0,2,0,0,0,0,31082107,2018,0.23,1396.83,4001.28,0,48.4,95.9,67.4,24.6,60.1,527.7,73.2,630.2,157.1,155.9,1054.7,371567,3974,12.84,86.6,1500,2.73,1.16,34.4,41.9,75,31.32,12362982,73369,78.74,3478.2,0,1200,400,720,240,4200,7500,8500,102,1.5,6000,0,0,0,0,0,70.53,30,63.89,56.49,58.1,0,0
2026-10-02T04:01:06.096000+09:00,2026-10-01T19:01:06.096000+00:00,094623,1506.7,1,0,0,0,0,13583,484,13583,0,0,0,0,4651,-28608,18518,6,4992,528,129,0,1,0,0,2,0,0,0,0,31082107,2018,0.36,462.96,1969.66,0,48.2,98.5,67.6,24.7,60.4,534.7,66.7,623.8,151,150.1,1054.8,371567,3974,12.86,90.2,1340,2.71,2,25.8,41,75,12.73,12362986,73369,66.78,3478.21,0,1200,400,720,240,4200,7500,8500,102,1.5,6000,0,0,0,0,0,58.23,30,58.45,52.79,58.1,0,0
2026-10-02T04:02:06.200000+09:00,2026-10-01T19:02:06.200000+00:00,094623,1234.5,1,0,0,0,0,13583,487,13583,0,0,0,0,4655,-28608,10326,590,4992,8192,129,0,1,0,0,0,0,0,0,0,31082107,2018,0.31,365.31,1599.78,0,47.9,97.4,68.8,24.7,59.9,535.5,69.7,614.8,140.7,139.4,1012.3,371568,3975,12.58,92.4,1400,2.73,1.71,24.1,42,75,11.38,12362988,73369,68.77,3478.21,0,1200,400,720,240,4200,7500,8500,102,1.5,6000,0,0,0,0,0,61.99,30,54.62,61.74,58.1,0,0
2026-10-02T04:03:06.302000+09:00,2026-10-01T19:03:06.302000+00:00,094623,1887.6,1,0,0,0,0,13583,493,13583,0,0,0,0,4651,-28608,10326,6,4480,0,129,0,1,0,0,2,0,0,0,0,31082107,2018,0.22,947.6,2835.17,0,47.8,98,68.5,24.7,59.3,525.1,65.8,617.6,140.4,139.4,1013,371568,3975,12.56,90.7,1490,2.72,1.2,30.1,44.4,75,24.6,12362991,73369,77.74,3478.21,0,1200,400,720,240,4200,7500,8500,102,1.5,6000,0,0,0,0,0,70.22,30,65.08,68.56,58.1,0,0
2026-10-02T04:04:06.396000+09:00,2026-10-01T19:04:06.396000+00:00,094623,2389.6,1,0,0,0,0,13583,500,13583,0,0,0,0,4651,-28608,12438,590,21408,8264,129,0,1,0,0,2,0,0,0,0,31082107,2018,0.19,1219.82,3609.42,0,48,98.8,67.4,24.8,59.6,526.9,74.6,627,156,155.1,1044.7,371568,3975,12.5,87,1510,2.77,1.14,31.3,40.2,75,28.01,12362996,73369,83.23,3478.21,0,1200,400,720,240,4200,7500,8500,102,1.5,6000,0,0,0,0,0,68.64,30,70.37,56.99,58.1,0,0
2026-10-02T04:05:06.538000+09:00,2026-10-01T19:05:06.538000+00:00,094623,1735.0,1,0,0,0,0,13583,519,13583,0,0,0,0,4655,-28608,10326,6,4992,0,129,0,1,0,0,2,0,0,0,0,31082107,2018,0.32,836.51,2571.49,0,47.8,98,67.8,24.7,59.9,531.7,70.7,615.9,144.8,143.9,1015.7,371568,3975,12.44,88.2,1590,2.9,1.13,26.8,39.2,75,10.57,12362999,73369,55.59,3478.21,0,1200,400,720,240,4200,7500,8500,102,1.5,6000,0,0,0,0,0,62.78,30,61.16,50.52,58.1,0,0
2026-10-02T04:06:06.614000+09:00,2026-10-01T19:06:06.614000+00:00,094623,1841.2,1,0,0,0,0,13583,452,13583,0,0,0,0,4655,-26560,18582,6,21376,528,129,0,1,0,0,0,0,0,0,0,31082107,2018,0.42,941.5,2782.68,0,47.5,96.6,68.4,24.7,59.3,531.6,67.6,612.3,139.1,138.2,1039.3,371568,3975,12.93,94.1,1490,2.57,1.29,28.1,39,75,9.41,12363001,73369,61.58,3478.21,0,1200,400,720,240,4200,7500,8500,102,1.5,6000,0,0,0,0,0,60.67,30,52.62,64.54,58.1,0,0
2026-10-02T04:07:06.711000+09:00,2026-10-01T19:07:06.711000+00:00,094623,2470.2,1,0,0,0,0,13583,495,13583,0,0,0,0,4651,-28608,10326,6,4480,0,129,0,1,0,0,2,0,0,0,0,31082107,2018,0.26,1322.37,3792.53,0,47.7,100.1,68.5,24.7,59,521,63.1,619.4,147.6,146.6,1058.5,371568,3975,12.45,89,1500,2.75,1.17,33.8,42.4,75,29.95,12363004,73369,92.29,3478.21,0,1200,400,720,240,4200,7500,8500,102,1.5,6000,0,0,0,0,0,73.49,30,74.01,67.21,58.1,0,0
2026-10-02T04:08:06.807000+09:00,2026-10-01T19:08:06.807000+00:00,094623,1598.3,1,0,0,0,0,13583,500,13583,0,0,0,0,4655,-26560,10342,6,13188,0,129,0,1,0,0,2,0,0,0,0,31082107,2018,0.21,754.72,2352.98,0,47.8,95.3,67.5,24.7,59.7,530.9,62.5,624.7,154.9,154.1,1038,371569,3976,12.82,86.4,1510,2.82,1.11,24.4,36.4,75,16.13,12363008,73369,79.37,3478.21,0,1200,400,720,240,4200,7500,8500,102,1.5,6000,0,0,0,0,0,61.21,30,52.02,45.27,58.1,0,0
2026-10-02T04:09:06.892000+09:00,2026-10-01T19:09:06.892000+00:00,094623,1781.4,1,0,0,0,0,13583,430,13583,0,0,0,0,4651,-28608,12374,6,5024,72,129,0,1,0,0,0,0,0,0,0,31082107,2018,0.43,830.41,2611.77,0,47.4,99.3,68.1,24.7,59.5,530.1,62.9,615.4,143.5,142.8,1018,371569,3976,12.74,89.9,1370,2.44,1.45,28.3,39.4,75,11.91,12363011,73369,48.45,3478.22,0,1200,400,720,240,4200,7500,8500,102,1.5,6000,0,0,0,0,0,59.4,30,61,49.29,58.1,0,0
2026-10-02T04:10:06.981000+09:00,2026-10-01T19:10:06.981000+00:00,094623,1518.9,1,0,0,0,0,13583,494,13583,0,0,0,0,4655,-26560,10326,6,4480,0,129,0,1,0,0,2,0,0,0,0,31082107,2018,0.16,762.05,2280.95,0,47.4,97.7,68.4,24.6,59.1,526.2,65.7,617.9,140.4,139.4,1003.9,371569,3976,12.47,96.2,1490,2.76,1.18,26.6,42.1,75,17.97,12363013,73369,79.36,3478.22,0,1200,400,720,240,4200,7500,8500,102,1.5,6000,0,0,0,0,0,66.21,30,59.59,79.3,58.1,0,0
2026-10-02T04:11:07.068000+09:00,2026-10-01T19:11:07.068000+00:00,094623,2211.4,1,0,0,0,0,13583,496,13583,0,0,0,0,4651,-28608,18518,518,4480,528,129,0,1,0,0,2,0,0,0,0,31082107,2018,0.17,1096.53,3307.9,0,47.9,99.7,67.8,24.6,59.2,529.9,62.9,628.8,152.5,151.7,1031.8,371569,3976,12.8,86.9,1500,2.74,1.14,32.4,44.1,75,31.12,12363017,73369,85.62,3478.22,0,1200,400,720,240,4200,7500,8500,102,1.5,6000,0,0,0,0,0,72.6,30,75.36,59.67,58.1,0,0
2026-10-02T04:12:07.160000+09:00,2026-10-01T19:12:07.160000+00:00,094623,2201.6,1,0,0,0,0,13583,495,13583,0,0,0,0,4651,-28608,10326,6,4480,0,129,0,1,0,0,2,0,0,0,0,31082107,2018,0.3,1105.08,3306.68,0,47.8,96.1,66.3,24.6,59.5,538.1,62.2,628.7,155.6,154.8,1015.5,371569,3976,12.7,87.9,1500,2.74,1.16,32.7,45.3,75,31.38,12363023,73369,72.01,3478.22,0,1200,400,720,240,4200,7500,8500,102,1.5,6000,0,0,0,0,0,66.62,30,62.46,57.98,58.1,0,0
2026-10-02T04:13:07.264000+09:00,2026-10-01T19:13:07.264000+00:00,094623,2645.9,1,0,0,0,0,13583,497,13583,0,0,0,0,4651,-28608,10326,6,4480,0,129,0,1,0,0,2,0,0,0,0,31082107,2018,0.38,1393.17,4039.12,0,48,98.6,66.5,24.6,59.8,532.3,61.9,631.2,161.4,160.3,1045.3,371569,3976,12.79,91.1,1500,2.73,1.16,34.4,41.8,75,31.45,12363028,73369,80.66,3478.22,0,1200,400,720,240,4200,7500,8500,102,1.5,6000,0,0,0,0,0,64.63,30,70.99,67.31,58.1,0,0
2026-10-02T04:14:07.362000+09:00,2026-10-01T19:14:07.362000+00:00,094623,1359.0,1,0,0,0,0,13583,516,13583,0,0,0,0,4655,-28608,12374,6,5024,72,129,0,1,0,0,2,0,0,0,0,31082107,2018,0.3,692.46,2051.45,0,48.2,98.5,68.6,24.7,60.3,530.8,64.7,623.4,152.9,151.9,1009.2,371570,3977,12.91,90.9,1540,2.93,1,21.6,32.5,75,15.11,12363031,73369,75.38,3478.22,0,1200,400,720,240,4200,7500,8500,102,1.5,6000,0,0,0,0,0,58.31,30,58.31,57.46,58.1,0,0
2026-10-02T04:15:07.446000+09:00,2026-10-01T19:15:07.446000+00:00,094623,1265.0,1,0,0,0,0,13583,517,13583,0,0,0,0,4655,-28608,10326,6,4992,0,129,0,1,0,0,2,0,0,0,0,31082107,2018,0.31,641.19,1906.19,0,47.8,97.6,69.7,24.6,59.9,528.3,65.9,619.1,144.6,143.4,1025.6,371570,3977,12.84,91.2,1550,2.94,1.01,21.8,33.6,75,15.92,12363033,73369,66.58,3478.22,0,1200,400,720,240,4200,7500,8500,102,1.5,6000,0,0,0,0,0,63.6,30,56.7,59.72,58.1,0,0
2026-10-02T04:16:07.554000+09:00,2026-10-01T19:16:07.554000+00:00,094623,2027.0,1,0,0,0,0,13583,492,13583,0,0,0,0,4651,-28608,18518,518,4480,528,129,0,1,0,0,2,0,0,0,0,31082107,2018,0.25,1079.44,3106.48,0,47.8,98.3,68.8,24.6,59.4,525.1,62.7,621.2,145.6,144.5,1019.9,371570,3977,12.64,90.9,1490,2.73,1.17,31.2,43.7,75,25.84,12363036,73369,68.99,3478.22,0,1200,400,720,240,4200,7500,8500,102,1.5,6000,0,0,0,0,0,72.04,30,67.63,69.97,58.1,0,0
2026-10-02T04:17:07.651000+09:00,2026-10-01T19:17:07.651000+00:00,094623,2422.6,1,0,0,0,0,13583,496,13583,0,0,0,0,4651,-28608,10326,6,4480,0,129,0,1,0,0,2,0,0,0,0,31082107,2018,0.21,1305.28,3727.84,0,48.1,98.7,67.5,24.6,59.7,531.3,62.1,628.8,156.7,155.8,1053.7,371570,3977,12.69,87.7,1500,2.74,1.15,33.6,42.9,75,31.44,12363041,73369,86.74,3478.23,0,1200,400,720,240,4200,7500,8500,102,1.5,6000,0,0,0,0,0,70.77,30,72.44,61.65,58.1,0,0
2026-10-02T04:18:07.750000+09:00,2026-10-01T19:18:07.750000+00:00,094623,1980.7,1,0,0,0,0,13583,501,13583,0,0,0,0,4651,-28608,10326,6,4992,0,129,0,1,0,0,2,0,0,0,0,31082107,2018,0.27,989.1,2969.76,0,48.2,96.9,67,24.5,60.3,534.8,59.6,631.7,162.3,161.5,1044.4,371570,3977,12.91,88.5,1510,2.8,1.1,27.2,37.4,75,22.1,12363046,73369,76.71,3478.23,0,1200,400,720,240,4200,7500,8500,102,1.5,6000,0,0,0,0,0,61.95,30,60.31,54.51,58.1,0,0
2026-10-02T04:19:07.848000+09:00,2026-10-01T19:19:07.848000+00:00,094623,1863.2,1,0,0,0,0,13583,431,13583,0,0,0,0,4655,-28608,12374,6,5024,72,129,0,1,0,0,2,0,0,0,0,31082107,2018,0.36,947.6,2810.75,0,47.9,99.1,68.6,24.6,60.2,533.6,63,622.2,148.2,147.6,1033.5,371570,3977,12.84,90.3,1440,2.5,1.33,28,38.2,75,10.18,12363049,73369,57.54,3478.23,0,1200,400,720,240,4200,7500,8500,102,1.5,6000,0,0,0,0,0,59.29,30,60.38,51.87,58.1,0,0
2026-10-02T04:20:07.956000+09:00,2026-10-01T19:20:07.956000+00:00,094623,1256.5,1,0,0,0,0,13583,496,13583,0,0,0,0,4651,-28608,10326,6,4480,0,129,0,1,0,0,2,0,0,0,0,31082107,2018,0.23,637.53,1893.98,0,47.7,96.9,68.9,24.6,59.7,532.1,61.7,620.4,144,143,1029.6,371571,3978,12.67,95.4,1490,2.8,1.14,23.1,37.7,75,11.9,12363051,73369,72,3478.23,0,1200,400,720,240,4200,7500,8500,102,1.5,6000,0,0,0,0,0,62.94,30,54.03,73.07,58.1,0,0
2026-10-02T04:21:08.063000+09:00,2026-10-01T19:21:08.063000+00:00,094623,2379.8,1,0,0,0,0,13583,494,13583,0,0,0,0,4655,-28608,18518,582,4480,0,129,0,1,0,0,2,0,0,0,0,31082107,2018,0.19,1324.81,3704.64,0,47.9,100.9,68.4,24.6,59.5,526.7,65.5,627.9,153,152.1,1017.1,371571,3978,12.74,87.5,1490,2.75,1.15,33.3,42.4,75,30.41,12363055,73369,86.11,3478.23,0,1200,400,720,240,4200,7500,8500,102,1.5,6000,0,0,0,0,0,74.05,30,78.41,62.64,58.1,0,0
2026-10-02T04:22:08.152000+09:00,2026-10-01T19:22:08.152000+00:00,094623,2311.5,1,0,0,0,0,13583,495,13583,0,0,0,0,4651,-28608,10326,6,4480,0,129,0,1,0,0,2,0,0,0,0,31082107,2018,0.27,1350.44,3661.92,0,47.9,95.6,66.9,24.6,60.1,535.1,61.8,626.9,159.9,159.1,1053.2,371571,3978,12.74,87.5,1490,2.72,1.16,32.8,43,75,31.33,12363060,73369,76.75,3478.23,0,1200,400,720,240,4200,7500,8500,102,1.5,6000,0,0,0,0,0,69.24,30,61.59,57.96,58.1,0,0
2026-10-02T04:23:08.250000+09:00,2026-10-01T19:23:08.250000+00:00,094623,2221.1,1,0,0,0,0,13583,503,13583,0,0,0,0,4655,-28608,10390,6,21376,0,129,0,1,0,0,2,0,0,0,0,31082107,2018,0.38,1097.75,3318.89,0,48,99,66.4,24.6,60.4,536.1,62.2,627.2,164.4,163.6,1057.3,371571,3978,12.51,90.9,1520,2.81,1.09,28.5,37.5,75,25.28,12363065,73369,79.78,3478.23,0,1200,400,720,240,4200,7500,8500,102,1.5,6000,0,0,0,0,0,61.21,30,68.11,62.76,58.2,0,0
2026-10-02T04:24:08.343000+09:00,2026-10-01T19:24:08.343000+00:00,094623,1177.1,1,0,0,0,0,13583,490,13583,0,0,0,0,4651,-28608,12374,6,5024,8,129,0,1,0,0,2,0,0,0,0,31082107,2018,0.3,508.13,1685.23,0,47.9,98.5,68.7,24.6,60.4,537,63.4,621.4,149.1,148.1,1022.6,371571,3978,12.34,92.7,1480,2.78,1.08,21.7,36.9,75,11.46,12363068,73369,65.51,3478.23,0,1200,400,720,240,4200,7500,8500,102,1.5,6000,0,0,0,0,0,59.45,30,57.98,62.65,58.1,0,0
2026-10-02T04:25:08.458000+09:00,2026-10-01T19:25:08.458000+00:00,094623,1178.3,1,0,0,0,0,13583,492,13583,0,0,0,0,4655,-28608,10342,6,4992,0,129,0,1,0,0,2,0,0,0,0,31082107,2018,0.19,630.21,1808.53,0,47.8,97.6,69.4,24.6,59.8,532.2,64.4,616.1,142.6,141.3,1026,371571,3978,12.63,89.8,1470,2.81,1.05,21.5,35.1,75,12.13,12363070,73369,72.07,3478.24,0,1200,400,720,240,4200,7500,8500,102,1.5,6000,0,0,0,0,0,63.48,30,56.12,56.85,58.1,0,0
2026-10-02T04:26:08.562000+09:00,2026-10-01T19:26:08.562000+00:00,094623,2396.9,1,0,0,0,0,13583,495,13583,0,0,0,0,4651,-28608,10326,6,4480,0,129,0,1,0,0,2,0,0,0,0,31082107,2018,0.27,1348,3744.93,0,47.6,98.5,68,24.6,59.4,527,61.1,624.8,150.4,149.4,1037,371572,3979,12.76,89.3,1500,2.73,1.15,33.2,42.2,75,30.54,12363074,73369,65.34,3478.24,0,1200,400,720,240,4200,7500,8500,102,1.5,6000,0,0,0,0,0,72.24,30,70.41,65.78,58.1,0,0
2026-10-02T04:27:08.691000+09:00,2026-10-01T19:27:08.691000+00:00,094623,2468.9,1,0,0,0,0,13583,496,13583,0,0,0,0,4651,-28608,10342,6,12676,0,129,0,1,0,0,2,0,0,0,0,31082107,2018,0.26,1267.43,3736.38,0,47.8,98.2,67.2,24.6,59.9,534.2,64,632.9,159.2,158.3,1049.3,371572,3979,12.76,88.9,1500,2.73,1.15,33.2,42.5,75,31.47,12363079,73369,82.96,3478.24,0,1200,400,720,240,4200,7500,8500,102,1.5,6000,0,0,0,0,0,69.4,30,70.51,63.57,58.1,0,0
2026-10-02T04:28:08.791000+09:00,2026-10-01T19:28:08.791000+00:00,094623,2331.0,1,0,0,0,0,13583,500,13583,0,0,0,0,4651,-28608,10326,6,4992,0,129,0,1,0,0,2,0,0,0,0,31082107,2018,0.27,1208.84,3539.84,0,47.9,98,67.2,24.6,60.4,534.8,60.6,638.6,161.8,160.6,1095.6,371572,3979,12.8,88.9,1510,2.75,1.14,30.7,40.5,75,28.05,12363084,73369,83.09,3478.24,0,1200,400,720,240,4200,7500,8500,102,1.5,6000,0,0,0,0,0,65.61,30,67.4,59.39,58.1,0,0
2026-10-02T04:29:08.890000+09:00,2026-10-01T19:29:08.890000+00:00,094623,1526.2,1,0,0,0,0,13583,524,13583,0,0,0,0,4651,-28608,10326,6,4992,528,129,0,1,0,0,2,0,0,0,0,31082107,2018,0.33,820.64,2346.87,0,47.8,98,68.4,24.6,60.3,534.8,64.6,623.7,147.3,146.3,1024.5,371572,3979,12.8,89.3,1580,2.92,1.07,24.9,37.4,75,11.9,12363087,73369,62.26,3478.24,0,1200,400,720,240,4200,7500,8500,102,1.5,6000,0,0,0,0,0,63.45,30,61.9,53.82,58.1,0,0
2026-10-02T04:30:08.979000+09:00,2026-10-01T19:30:08.979000+00:00,094623,1660.5,1,0,0,0,0,13583,524,13583,0,0,0,0,4651,-28608,10326,518,4992,0,129,0,1,0,0,0,0,0,0,0,31082107,2018,0.35,940.27,2600.79,0,47.6,97,68.8,24.5,59.6,532.7,69.1,617.6,139.7,138.3,1053.5,371572,3979,12.44,94.8,1590,2.92,1.12,26.3,38.4,75,9.63,12363089,73369,64.18,3478.24,0,1200,400,720,240,4200,7500,8500,102,1.5,6000,0,0,0,0,0,66.34,30,58.82,73.32,58.2,0,0
2026-10-02T04:31:09.068000+09:00,2026-10-01T19:31:09.068000+00:00,094623,2396.9,1,0,0,0,0,13583,496,13583,0,0,0,0,4651,-28608,10326,6,4480,0,129,0,1,0,0,2,0,0,0,0,31082107,2018,0.22,1345.56,3742.48,0,47.8,100.9,68.8,24.6,59.2,524.8,63.4,625.2,146.3,145.1,1078.1,371572,3979,12.82,88.3,1500,2.74,1.17,33.1,42.2,75,30.04,12363092,73369,88.27,3478.24,0,1200,400,720,240,4200,7500,8500,102,1.5,6000,0,0,0,0,0,74.16,30,76.77,65.12,58.1,0,0
2026-10-02T04:32:09.168000+09:00,2026-10-01T19:32:09.168000+00:00,094623,1805.8,1,0,0,0,0,13583,501,13583,0,0,0,0,4651,-28608,10326,6,4992,0,129,0,1,0,0,2,0,0,0,0,31082107,2018,0.23,889,2694.78,0,47.9,95.5,67.4,24.6,60,532,60.2,630.7,154.3,153.2,1065.8,371573,3980,12.93,86.4,1510,2.8,1.1,25.5,36.2,75,18.93,12363097,73369,71.71,3478.24,0,1200,400,720,240,4200,7500,8500,102,1.5,6000,0,0,0,0,0,62.17,30,53.85,46.91,58.1,0,0
2026-10-02T04:33:09.254000+09:00,2026-10-01T19:33:09.254000+00:00,094623,1197.9,1,0,0,0,0,13583,492,13583,0,0,0,0,4651,-28608,10326,6,4992,0,129,0,1,0,0,0,0,0,0,0,31082107,2018,0.43,609.45,1807.31,0,47.5,99.5,68.2,24.6,59.9,532.2,62.4,618.6,143.5,142.1,1022.8,371573,3980,12.63,89.4,1480,2.76,1.09,22.2,36.3,75,11.7,12363099,73369,48.32,3478.24,0,1200,400,720,240,4200,7500,8500,102,1.5,6000,0,0,0,0,0,60.53,30,62.74,48.92,58.1,0,0
2026-10-02T04:34:09.351000+09:00,2026-10-01T19:34:09.351000+00:00,094623,1389.5,1,0,0,0,0,13583,494,13583,0,0,0,0,4655,-28608,18518,6,4480,528,129,0,1,0,0,2,0,0,0,0,31082107,2018,0.2,569.17,1958.68,0,47.3,96.7,68.5,24.7,59.4,531.6,65.9,609.8,138.4,137,995.3,371573,3980,12.68,96.6,1490,2.77,1.17,25.2,42.3,75,15.82,12363101,73369,75.17,3478.25,0,1200,400,720,240,4200,7500,8500,102,1.5,6000,0,0,0,0,0,64.82,30,55.06,78.42,58.1,0,0
2026-10-02T04:35:09.461000+09:00,2026-10-01T19:35:09.461000+00:00,094623,2374.9,1,0,0,0,0,13583,495,13583,0,0,0,0,4651,-28608,10326,590,4480,8192,129,0,1,0,0,2,0,0,0,0,31082107,2018,0.18,1164.89,3539.84,0,47.7,100,67.8,24.6,59.3,528,62.9,619.6,149.5,148.2,1013.6,371573,3980,12.76,86.8,1500,2.75,1.14,33,43.2,75,31.01,12363106,73369,86.45,3478.25,0,1200,400,720,240,4200,7500,8500,102,1.5,6000,0,0,0,0,0,72.59,30,76.02,59.71,58.1,0,0
2026-10-02T04:36:09.563000+09:00,2026-10-01T19:36:09.563000+00:00,094623,2512.9,1,0,0,0,0,13583,504,13583,0,0,0,0,4655,-28608,10326,6,4992,0,129,0,1,0,0,2,0,0,0,0,31082107,2018,0.32,1360.21,3873.1,0,47.6,96,66.5,24.7,59.8,529,63.6,630.1,157.6,156.6,1067,371573,3980,12.93,88.6,1520,2.79,1.14,32.2,40.4,75,29.55,12363111,73369,69.31,3478.25,0,1200,400,720,240,4200,7500,8500,102,1.5,6000,0,0,0,0,0,66.04,30,61,58.75,58.1,0,0
2026-10-02T04:37:09.653000+09:00,2026-10-01T19:37:09.653000+00:00,094623,1287.0,1,0,0,0,0,13583,499,13583,0,0,0,0,4655,-28608,8278,6,4992,8,129,0,1,0,0,0,0,0,0,0,31082107,2018,0.4,155.34,1442.3,0,47.6,98.4,67.8,24.6,60,535.7,62.7,619.5,148.1,147.3,1022.8,371573,3980,12.56,91.6,1430,2.82,0.75,23.6,40,75,11.87,12363114,73369,67.81,3478.25,0,1200,400,720,240,4200,7500,8500,102,1.5,6000,0,0,0,0,0,57.54,30,58.03,57.37,58.1,0,0
2026-10-02T04:38:09.765000+09:00,2026-10-01T19:38:09.765000+00:00,094623,1040.1,1,0,0,0,0,13583,497,13583,0,0,0,0,4651,-28608,10326,6,4992,0,129,0,1,0,0,2,0,0,0,0,31082107,2018,0.14,5.19,1045.26,0,47.5,99.2,69.1,24.6,59.5,533.6,61.6,611.6,140.5,139.4,1026.6,371574,3981,12.7,94.1,1440,2.83,0.92,22.8,38.9,75,11.81,12363116,73369,73.78,3478.25,0,1200,400,720,240,4200,7500,8500,102,1.5,6000,0,0,0,0,0,62.41,30,60.26,69.84,58.1,0,0
2026-10-02T04:39:09.868000+09:00,2026-10-01T19:39:09.868000+00:00,094623,2379.8,1,0,0,0,0,13583,495,13583,0,0,0,0,4655,-28608,18518,6,4480,528,129,0,1,0,0,2,0,0,0,0,31082107,2018,0.21,1310.16,3689.99,0,47.6,97.5,68.4,24.6,59.1,522.1,61.7,616.9,146.3,145,1037.5,371574,3981,12.9,88.1,1490,2.75,1.18,33.1,42.4,75,29.34,12363119,73369,70.37,3478.25,0,1200,400,720,240,4200,7500,8500,102,1.5,6000,0,0,0,0,0,72.61,30,66.43,62.87,58.1,0,0
2026-10-02T04:40:09.972000+09:00,2026-10-01T19:40:09.972000+00:00,094623,1446.9,1,0,0,0,0,13583,502,13583,0,0,0,0,4651,-28608,10326,518,4992,0,129,0,1,0,0,2,0,0,0,0,31082107,2018,0.2,565.51,2012.39,0,47.7,98,67.3,24.6,59.7,536,60.6,620.6,152.7,151.8,1003.3,371574,3981,12.88,87.9,1510,2.84,1.1,24,39.2,75,15.86,12363124,73369,78.61,3478.25,0,1200,400,720,240,4200,7500,8500,102,1.5,6000,0,0,0,0,0,60.12,30,60.47,50.14,58.1,0,0
2026-10-02T04:41:10.082000+09:00,2026-10-01T19:41:10.082000+00:00,094623,1268.3,1,0,0,0,0,13583,483,13583,0,0,0,0,4651,-28608,10326,6,4992,0,129,0,1,0,0,2,0,0,0,0,31082107,2018,0.34,152.9,1421.25,0,47.4,98.2,68.3,24.6,59.3,534.4,64.9,610,141,139.9,983.8,371574,3981,12.82,90.2,1410,2.8,0.76,24.2,43,75,11.85,12363126,73369,56.22,3478.25,0,1200,400,720,240,4200,7500,8500,102,1.5,6000,0,0,0,0,0,60.2,30,57.73,53.15,58.1,0,0
2026-10-02T04:42:10.184000+09:00,2026-10-01T19:42:10.184000+00:00,094623,1525.0,1,0,0,0,0,13583,493,13583,0,0,0,0,4655,-28608,12438,6,20896,72,129,0,1,0,0,2,0,0,0,0,31082107,2018,0.24,664.39,2189.4,0,47.3,97.1,68.3,24.6,58.8,526.7,64.8,608.2,139.1,138,990.7,371574,3981,12.71,95.3,1490,2.76,1.18,26.4,42.6,75,17.08,12363128,73369,74.15,3478.25,0,1200,400,720,240,4200,7500,8500,102,1.5,6000,0,0,0,0,0,64.67,30,57.69,76.84,58.1,0,0
2026-10-02T04:43:10.276000+09:00,2026-10-01T19:43:10.276000+00:00,094623,2343.2,1,0,0,0,0,13583,496,13583,0,0,0,0,4651,-28608,10326,6,4480,0,129,0,1,0,0,2,0,0,0,0,31082107,2018,0.16,1212.5,3555.71,0,47.6,100.2,67.8,24.5,59,527.5,61.5,618.8,152.6,151.9,986.8,371574,3981,12.65,87,1500,2.76,1.16,33.4,44,75,31.41,12363133,73369,85.78,3478.26,0,1200,400,720,240,4200,7500,8500,102,1.5,6000,0,0,0,0,0,71.8,30,76.88,60.58,58.1,0,0
2026-10-02T04:44:10.384000+09:00,2026-10-01T19:44:10.384000+00:00,094623,2093.0,1,0,0,0,0,13583,502,13583,0,0,0,0,4651,-28608,18534,518,13188,528,129,0,1,0,0,2,0,0,0,0,31082107,2018,0.3,919.52,3012.48,0,47.7,96.6,66.7,24.4,59.7,530.3,61.4,624.1,161.1,160.5,1059.3,371575,3982,12.9,88,1510,2.83,1.09,27.6,37.4,75,22.15,12363138,73369,70.43,3478.26,0,1200,400,720,240,4200,7500,8500,102,1.5,6000,0,0,0,0,0,61.31,30,58.16,52.7,58.1,0,0
2026-10-02T04:45:10.490000+09:00,2026-10-01T19:45:10.490000+00:00,094623,1838.7,1,0,0,0,0,13583,421,13583,0,0,0,0,4651,-28608,10326,6,4992,0,129,0,1,0,0,0,0,0,0,0,31082107,2018,0.42,802.33,2641.07,0,47.5,98.2,68.3,24.5,59.7,530.4,62.3,614.1,148.2,147.4,1018.4,371575,3982,12.79,89.9,1340,2.42,1.53,28.9,40.2,75,11.71,12363140,73369,59.92,3478.26,0,1200,400,720,240,4200,7500,8500,102,1.5,6000,0,0,0,0,0,57.95,30,57.08,50.11,58.1,0,0
2026-10-02T04:46:10.655000+09:00,2026-10-01T19:46:10.655000+00:00,094623,1450.5,1,0,0,0,0,13583,499,13583,0,0,0,0,4655,-28608,10326,518,4480,0,129,0,1,0,0,0,0,0,0,0,31082107,2018,0.25,710.78,2161.32,0,47.3,99,68.8,24.5,59.4,525.7,87.2,612.4,146.7,146,1035.4,371575,3982,12.73,95.2,1500,2.84,1.13,23.7,36,75,11.08,12363142,73369,73.86,3478.26,0,1200,400,720,240,4200,7500,8500,102,1.5,6000,0,0,0,0,0,62,30,60.16,71.31,58,0,0
2026-10-02T04:47:10.693000+09:00,2026-10-01T19:47:10.693000+00:00,094623,2486.0,1,0,0,0,0,13583,496,13583,0,0,0,0,4651,-28608,12374,6,4512,72,129,0,1,0,0,2,0,0,0,0,31082107,2018,0.16,1332.13,3818.17,0,47.7,100.4,68.5,24.5,59.5,522,71.6,621.9,157.7,157,1028.8,371575,3982,12.76,87.7,1500,2.76,1.15,33.9,42.6,75,31.03,12363146,73369,89.09,3478.26,0,1200,400,720,240,4200,7500,8500,102,1.5,6000,0,0,0,0,0,73.92,30,77.17,63.05,58,0,0
2026-10-02T04:48:10.798000+09:00,2026-10-01T19:48:10.798000+00:00,094623,2475.1,1,0,0,0,0,13583,496,13583,0,0,0,0,4655,-28608,10326,6,4480,0,129,0,1,0,0,2,0,0,0,0,31082107,2018,0.27,1345.56,3820.61,0,47.8,95.5,66.9,24.5,60.1,530.2,68.2,625.9,165,164.4,1055,371575,3982,12.55,87.2,1500,2.75,1.15,33.5,42.4,75,31.54,12363152,73369,72.87,3478.26,0,1200,400,720,240,4200,7500,8500,102,1.5,6000,0,0,0,0,0,68.74,30,62.18,56.08,58,0,0
2026-10-02T04:49:10.900000+09:00,2026-10-01T19:49:10.900000+00:00,094623,1569.0,1,0,0,0,0,13583,499,13583,0,0,0,0,4655,-28608,18518,6,4992,528,129,0,1,0,0,0,0,0,0,0,31082107,2018,0.44,664.39,2233.34,0,47.7,99.4,66.9,24.5,60.4,534.1,72.7,625.2,162.8,162.1,1036.7,371575,3982,12.92,91,1500,2.83,1.12,23.9,36.7,75,14.62,12363156,73369,73.61,3478.26,0,1200,400,720,240,4200,7500,8500,102,1.5,6000,0,0,0,0,0,56.03,30,62.91,56.43,58.1,0,0
2026-10-02T04:50:10.997000+09:00,2026-10-01T19:50:10.997000+00:00,094623,1536.0,1,0,0,0,0,13583,523,13583,0,0,0,0,4651,-28608,10326,6,4992,0,129,0,1,0,0,0,0,0,0,0,31082107,2018,0.26,946.38,2482.38,0,47.5,97.6,69.1,24.5,60.1,528.1,66.3,613.8,148.5,147.4,1035.2,371576,3983,12.81,94.2,1570,2.98,1.07,24.5,35.2,75,18.06,12363158,73369,70.47,3478.26,0,1200,400,720,240,4200,7500,8500,102,1.5,6000,0,0,0,0,0,64.59,30,58.83,71.84,58.1,0,0
2026-10-02T04:51:11.095000+09:00,2026-10-01T19:51:11.095000+00:00,094623,1661.7,1,0,0,0,0,13583,494,13583,0,0,0,0,4651,-28608,10326,6,4480,0,129,0,1,0,0,2,0,0,0,0,31082107,2018,0.2,869.47,2531.2,0,47.4,98.9,69,24.5,59.5,525.2,66.4,612.1,145.4,144.3,1028.4,371576,3983,12.53,88.4,1490,2.78,1.2,27.6,42.4,75,19.57,12363160,73369,68.23,3478.27,0,1200,400,720,240,4200,7500,8500,102,1.5,6000,0,0,0,0,0,67.92,30,65.41,57.5,58.1,0,0
2026-10-02T04:52:11.201000+09:00,2026-10-01T19:52:11.201000+00:00,094623,2298.1,1,0,0,0,0,13583,496,13583,0,0,0,0,4651,-28608,12374,6,4512,72,129,0,1,0,0,2,0,0,0,0,31082107,2018,0.27,1135.59,3433.64,0,47.4,98.1,67.5,24.6,59.5,531.2,62.5,621.7,160,159.4,1025.1,371576,3983,12.68,89.1,1500,2.75,1.13,32.4,43.3,75,31.04,12363165,73369,73.57,3478.27,0,1200,400,720,240,4200,7500,8500,102,1.5,6000,0,0,0,0,0,70.87,30,70.05,64.34,58.1,0,0
2026-10-02T04:53:11.291000+09:00,2026-10-01T19:53:11.291000+00:00,094623,2451.9,1,0,0,0,0,13583,494,13583,0,0,0,0,4651,-28608,10326,6,4480,0,129,0,1,0,0,2,0,0,0,0,31082107,2018,0.28,1177.1,3628.96,0,47.6,98,66.8,24.6,59.9,533.9,60.9,624.2,163.7,163,1056.5,371576,3983,12.7,89.7,1490,2.72,1.16,33.5,43.5,75,31.36,12363170,73369,84.35,3478.27,0,1200,400,720,240,4200,7500,8500,102,1.5,6000,0,0,0,0,0,67.47,30,70.21,65.27,58,0,0
2026-10-02T04:54:11.419000+09:00,2026-10-01T19:54:11.419000+00:00,094623,1612.9,1,0,0,0,0,13583,502,13583,0,0,0,0,4651,-28608,18518,518,4992,528,129,0,1,0,0,2,0,0,0,0,31082107,2018,0.26,688.8,2301.71,0,47.7,97.5,67.1,24.6,60.3,537.1,59.8,623.8,163.7,162.9,1036.8,371576,3983,12.5,89.7,1510,2.84,1.11,24.3,37,75,15.18,12363175,73369,82.41,3478.27,0,1200,400,720,240,4200,7500,8500,102,1.5,6000,0,0,0,0,0,56.6,30,58.59,54.93,58.1,0,0
2026-10-02T04:55:11.516000+09:00,2026-10-01T19:55:11.516000+00:00,094623,1465.2,1,0,0,0,0,13583,438,13583,0,0,0,0,4655,-26560,10326,6,4993,0,129,0,1,0,0,2,0,0,0,0,31082107,2018,0.29,481.28,1946.47,0,47.5,98.1,69,24.6,60,536.4,62.3,612.6,148.9,147.7,1012.3,371576,3983,12.32,91.2,1290,2.61,2.11,26.7,43.3,75,11.22,12363177,73369,58.67,3478.27,0,1200,400,720,240,4200,7500,8500,102,1.5,6000,0,0,0,0,0,59.42,30,57.19,56.41,58.1,0,0
2026-10-02T04:56:11.618000+09:00,2026-10-01T19:56:11.618000+00:00,094623,1656.9,1,0,0,0,0,13583,493,13583,0,0,0,0,4651,-28608,10326,6,4480,0,129,0,1,0,0,2,0,0,0,0,31082107,2018,0.23,808.43,2465.28,0,47.5,97,68.8,24.6,59.5,526.6,63.5,610.2,145.9,144.7,1025.7,371577,3984,12.53,93.9,1490,2.77,1.2,27,41.5,75,18.2,12363179,73369,74.45,3478.27,0,1200,400,720,240,4200,7500,8500,102,1.5,6000,0,0,0,0,0,65.34,30,57.84,73.86,58,0,0
2026-10-02T04:57:11.721000+09:00,2026-10-01T19:57:11.721000+00:00,094623,2721.6,1,0,0,0,0,13583,494,13583,0,0,0,0,4655,-28608,12374,590,4512,8264,129,0,1,0,0,2,0,0,0,0,31082107,2018,0.18,1644.95,4366.59,0,47.8,99.8,68.1,24.6,59.6,524.1,67.2,622.1,162.2,161.3,1044.3,371577,3984,12.69,86.8,1500,2.75,1.18,35.6,41.2,75,30.88,12363184,73369,85.28,3478.27,0,1200,400,720,240,4200,7500,8500,102,1.5,6000,0,0,0,0,0,72,30,75.75,59.95,58,0,0
2026-10-02T04:58:11.824000+09:00,2026-10-01T19:58:11.824000+00:00,094623,1917.2,1,0,0,0,0,13583,521,13583,0,0,0,0,4651,-28608,10326,6,4992,0,129,0,1,0,0,2,0,0,0,0,31082107,2018,0.32,1116.06,3033.23,0,47.6,97.4,67.7,24.6,60.3,528.9,62.2,617.1,157.8,157.1,1028.3,371577,3984,12.77,87.9,1590,2.94,1.1,26.7,35.7,75,16.09,12363188,73369,61.18,3478.27,0,1200,400,720,240,4200,7500,8500,102,1.5,6000,0,0,0,0,0,62.67,30,59.32,50.33,58,0,0
2026-10-02T04:59:11.925000+09:00,2026-10-01T19:59:11.925000+00:00,094623,1810.7,1,0,0,0,0,13583,481,13583,0,0,0,0,4655,-26560,2198,590,21376,8192,129,0,1,0,0,0,0,0,0,0,31082107,2018,0.48,935.39,2746.06,0,47.3,97.3,68.5,24.5,59.8,532,64.2,610.7,147.7,146.6,1034.5,371577,3984,12.79,91.7,1550,2.7,1.18,26.9,36.8,75,10.46,12363190,73369,58.51,3478.28,0,1200,400,720,240,4200,7500,8500,102,1.5,6000,0,0,0,0,0,60.94,30,55.34,56.53,58,0,0
2026-10-02T05:00:12.010000+09:00,2026-10-01T20:00:12.010000+00:00,094623,1901.0,1,0,0,0,0,13583,494,13583,0,0,0,0,4651,-28608,10326,6,4480,0,129,0,1,0,0,2,0,0,0,0,31082107,2018,0.2,937.83,2838.83,0,47.3,97.8,68.6,24.5,59.3,525.2,62.7,612.7,148,146.9,1018,371577,3984,12.63,92.6,1490,2.77,1.19,29.9,44,75,25.25,12363192,73369,90.84,3478.28,0,1200,400,720,240,4200,7500,8500,102,1.5,6000,0,0,0,0,0,70.66,30,64.29,74.91,58,0,0
2026-10-02T05:01:12.114000+09:00,2026-10-01T20:01:12.114000+00:00,094623,2454.3,1,0,0,0,0,13583,495,13583,0,0,0,0,4655,-28608,10390,518,20864,0,129,0,1,0,0,2,0,0,0,0,31082107,2018,0.19,1348,3802.3,0,47.5,98.2,67.3,24.5,59.5,530.9,61.2,623.3,160.6,160,1037.1,371577,3984,12.76,86.1,1500,2.77,1.17,33.7,42.9,75,30.79,12363197,73369,83.68,3478.28,0,1200,400,720,240,4200,7500,8500,102,1.5,6000,0,0,0,0,0,70.59,30,70.97,55.15,58,0,0
2026-10-02T05:02:12.203000+09:00,2026-10-01T20:02:12.203000+00:00,094623,1571.4,1,0,0,0,0,13583,501,13583,0,0,0,0,4651,-28608,12374,6,5024,8,129,0,1,0,0,0,0,0,0,0,31082107,2018,0.41,682.7,2254.1,0,47.5,98,66.5,24.5,60.1,536,60.9,624.6,162.1,161.7,1044.7,371578,3985,12.88,89.9,1510,2.85,1.1,23.7,36.4,75,15.27,12363202,73369,66.86,3478.28,0,1200,400,720,240,4200,7500,8500,102,1.5,6000,0,0,0,0,0,56.08,30,57.91,53.58,58,0,0
2026-10-02T05:03:12.317000+09:00,2026-10-01T20:03:12.317000+00:00,094623,1771.6,1,0,0,0,0,13583,478,13583,0,0,0,0,4655,-28608,10342,6,13188,0,129,0,1,0,0,0,0,0,0,0,31082107,2018,0.38,889,2660.6,0,47.4,97,68.7,24.5,59.8,535.1,61.9,611.8,147.1,146,1012,371578,3985,12.56,93.4,1520,2.65,1.25,27.2,38.9,75,10.98,12363204,73369,64.67,3478.28,0,1200,400,720,240,4200,7500,8500,102,1.5,6000,0,0,0,0,0,59.89,30,53.67,63.59,58,0,0
2026-10-02T05:04:12.410000+09:00,2026-10-01T20:04:12.410000+00:00,094623,1645.9,1,0,0,0,0,13583,494,13583,0,0,0,0,4655,-28608,10326,6,4480,0,129,0,1,0,0,2,0,0,0,0,31082107,2018,0.19,768.15,2414.01,0,47.5,98.8,68.9,24.5,59.3,526.8,60.5,612.2,143.9,142.9,1027.5,371578,3985,12.69,89.8,1490,2.79,1.19,27,42,75,18.02,12363206,73369,78.5,3478.28,0,1200,400,720,240,4200,7500,8500,102,1.5,6000,0,0,0,0,0,66.52,30,62.89,62.31,58,0,0
2026-10-02T05:05:12.501000+09:00,2026-10-01T20:05:12.501000+00:00,094623,2447.0,1,0,0,0,0,13583,497,13583,0,0,0,0,4651,-28608,10326,6,4480,0,129,0,1,0,0,2,0,0,0,0,31082107,2018,0.17,1326.03,3773,0,47.5,97.4,67.7,24.5,59.5,529.3,60,626.6,157.3,156.6,1040.9,371578,3985,12.7,86.8,1500,2.78,1.14,33,42,75,31.46,12363211,73369,78.49,3478.28,0,1200,400,720,240,4200,7500,8500,102,1.5,6000,0,0,0,0,0,71.18,30,67.93,57.87,58,0,0
2026-10-02T05:06:12.596000+09:00,2026-10-01T20:06:12.596000+00:00,094623,2282.2,1,0,0,0,0,13583,502,13583,0,0,0,0,4655,-26560,10326,6,4993,0,129,0,1,0,0,2,0,0,0,0,31082107,2018,0.32,1127.05,3409.22,0,47.6,98,67,24.6,60.1,531.9,60.9,626.9,163,162,1049.4,371578,3985,11.68,88.9,1510,2.8,1.13,29.5,38.9,75,25.78,12363216,73369,71.71,3478.28,0,1200,400,720,240,4200,7500,8500,102,1.5,6000,0,0,0,0,0,64.02,30,63.74,56.47,58,0,0
2026-10-02T05:07:12.697000+09:00,2026-10-01T20:07:12.697000+00:00,094623,1211.3,1,0,0,0,0,13583,495,13583,0,0,0,0,4651,-28608,8278,518,4992,0,129,0,1,0,0,2,0,0,0,0,31082107,2018,0.33,544.75,1756.03,0,47.5,97.9,68.3,24.6,60.1,533.3,61.2,617.8,149.9,148.9,1021.9,371578,3985,12.81,91.1,1480,2.82,1.05,21.5,35.2,75,11.22,12363219,73369,65.68,3478.29,0,1200,400,720,240,4200,7500,8500,102,1.5,6000,0,0,0,0,0,58.99,30,56.48,55.37,58,0,0
2026-10-02T05:08:12.807000+09:00,2026-10-01T20:08:12.807000+00:00,094623,1227.1,1,0,0,0,0,13583,497,13583,0,0,0,0,4655,-28608,10326,6,4992,0,129,0,1,0,0,2,0,0,0,0,31082107,2018,0.22,609.45,1836.6,0,47.3,97.3,68.9,24.5,59.6,529.2,60.9,616.8,144.9,143.8,1035.1,371579,3986,12.71,94.6,1480,2.84,1.04,21.5,34,75,12.46,12363221,73369,75.1,3478.29,0,1200,400,720,240,4200,7500,8500,102,1.5,6000,0,0,0,0,0,61.9,30,53.86,70.71,58,0,0
2026-10-02T05:09:12.911000+09:00,2026-10-01T20:09:12.911000+00:00,094623,2385.9,1,0,0,0,0,13583,496,13583,0,0,0,0,4651,-28608,10326,6,4480,0,129,0,1,0,0,2,0,0,0,0,31082107,2018,0.2,1302.83,3688.77,0,47.5,100.1,68.4,24.5,59.4,525.2,61.2,626.2,153.5,152.5,1034.5,371579,3986,12.74,87.4,1500,2.77,1.16,33,42.3,75,29.88,12363224,73369,76.45,3478.29,0,1200,400,720,240,4200,7500,8500,102,1.5,6000,0,0,0,0,0,73.27,30,75.2,61.24,58,0,0
2026-10-02T05:10:13.006000+09:00,2026-10-01T20:10:13.006000+00:00,094623,2316.4,1,0,0,0,0,13583,495,13583,0,0,0,0,4655,-26560,10326,6,4480,0,129,0,1,0,0,2,0,0,0,0,31082107,2018,0.27,1195.41,3511.76,0,47.7,96.1,67,24.6,59.9,534.9,62.9,628.2,159.8,159,1055,371579,3986,12.36,87.6,1500,2.74,1.16,33,43.9,75,30.81,12363230,73369,74.14,3478.29,0,1200,400,720,240,4200,7500,8500,102,1.5,6000,0,0,0,0,0,68.89,30,62.33,57.55,58,0,0
2026-10-02T05:11:13.157000+09:00,2026-10-01T20:11:13.157000+00:00,094623,2543.1,1,0,0,0,0,13583,500,13583,0,0,0,0,4655,-28608,10326,6,4992,0,129,0,1,0,0,2,0,0,0,0,31082107,2018,0.33,1487.47,4030.58,0,47.7,99,66.5,24.5,60.3,532.7,61.4,632.2,166.1,165.6,1086.4,371579,3986,12.93,90.8,1510,2.77,1.16,32.1,39.5,75,28.88,12363235,73369,81.33,3478.29,0,1200,400,720,240,4200,7500,8500,102,1.5,6000,0,0,0,0,0,63.48,30,69.84,64.38,58,0,0
2026-10-02T05:12:13.212000+09:00,2026-10-01T20:12:13.212000+00:00,094623,1864.4,1,0,0,0,0,13583,424,13583,0,0,0,0,4651,-28608,18518,6,4992,528,129,0,1,0,0,2,0,0,0,0,31082107,2018,0.33,793.79,2658.16,0,47.8,98.1,68.4,24.5,60.5,535.2,61,624.8,155.1,154.6,1054.7,371579,3986,12.75,90.8,1310,2.42,1.62,28.3,38.5,75,11.19,12363238,73369,71.19,3478.29,0,1200,400,720,240,4200,7500,8500,102,1.5,6000,0,0,0,0,0,56.64,30,55.17,54.35,58,0,0
2026-10-02T05:13:13.299000+09:00,2026-10-01T20:13:13.299000+00:00,094623,1675.2,1,0,0,0,0,13583,434,13583,0,0,0,0,4651,-28608,10326,6,4992,0,129,0,1,0,0,2,0,0,0,0,31082107,2018,0.22,709.55,2384.72,0,47.5,97.4,69.5,24.5,60.1,533.9,61.5,618.6,146.6,145.6,1035.7,371579,3986,12.68,93.1,1280,2.45,1.83,28,40.6,75,10.98,12363240,73369,72.4,3478.29,0,1200,400,720,240,4200,7500,8500,102,1.5,6000,0,0,0,0,0,61.97,30,54.65,65,58,0,0
2026-10-02T05:14:13.388000+09:00,2026-10-01T20:14:13.388000+00:00,094623,2276.1,1,0,0,0,0,13583,495,13583,0,0,0,0,4651,-28608,10326,518,4480,0,129,0,1,0,0,2,0,0,0,0,31082107,2018,0.22,1127.05,3403.12,0,47.6,99.3,68.6,24.5,59.6,526.6,65.1,620.8,150.4,149.1,1031,371580,3987,12.29,88,1500,2.73,1.16,32.3,43.4,75,29.71,12363243,73369,71.48,3478.29,0,1200,400,720,240,4200,7500,8500,102,1.5,6000,0,0,0,0,0,73.22,30,71.81,62.43,58,0,0
2026-10-02T05:15:13.498000+09:00,2026-10-01T20:15:13.498000+00:00,094623,2271.2,1,0,0,0,0,13583,498,13583,0,0,0,0,4655,-26560,12374,6,4480,8,129,0,1,0,0,2,0,0,0,0,31082107,2018,0.24,1094.09,3365.28,0,47.7,96.5,67.2,24.5,59.9,537.7,63.5,626.1,158.5,157.8,1038.2,371580,3987,12.84,87.9,1510,2.75,1.15,32.3,44.3,75,31.63,12363248,73369,81.35,3478.3,0,1200,400,720,240,4200,7500,8500,102,1.5,6000,0,0,0,0,0,69.71,30,65.08,59.35,58,0,0
2026-10-02T05:16:13.605000+09:00,2026-10-01T20:16:13.605000+00:00,094623,2125.9,1,0,0,0,0,13583,502,13583,0,0,0,0,4655,-26560,10326,590,4992,8192,129,0,1,0,0,2,0,0,0,0,31082107,2018,0.36,995.21,3121.13,0,47.7,98.6,66.5,24.5,60.3,537.3,62.4,631.5,163,162.3,1030.9,371580,3987,12.98,89.5,1510,2.79,1.11,28.2,38.5,75,25.02,12363253,73369,75.67,3478.3,0,1200,400,720,240,4200,7500,8500,102,1.5,6000,0,0,0,0,0,61.14,30,65.27,58,58,0,0
2026-10-02T05:17:13.710000+09:00,2026-10-01T20:17:13.710000+00:00,094623,1269.9,1,0,0,0,0,13583,492,13583,0,0,0,0,4655,-26560,18518,6,4992,528,129,0,1,0,0,0,0,0,0,0,31082107,2018,0.36,564.29,1834.16,0,47.5,97.5,68.6,24.5,60.2,535.7,63.4,623.5,150.3,149.3,1011.5,371580,3987,12.71,91.4,1480,2.79,1.1,22.3,36.3,75,11.63,12363256,73369,65.17,3478.3,0,1200,400,720,240,4200,7500,8500,102,1.5,6000,0,0,0,0,0,58.98,30,54.75,57.05,58,0,0
2026-10-02T05:18:13.802000+09:00,2026-10-01T20:18:13.802000+00:00,094623,1188.1,1,0,0,0,0,13583,492,13583,0,0,0,0,4655,-26560,10390,6,21377,0,129,0,1,0,0,2,0,0,0,0,31082107,2018,0.21,509.35,1697.44,0,47.4,98.2,69.1,24.5,59.7,533.9,69.3,618.6,144.4,143.2,1000.3,371580,3987,12.77,93.6,1480,2.8,1.09,21.9,37.2,75,11.89,12363258,73369,72.42,3478.3,0,1200,400,720,240,4200,7500,8500,102,1.5,6000,0,0,0,0,0,62.07,30,57.64,67.55,58,0,0
2026-10-02T05:19:13.906000+09:00,2026-10-01T20:19:13.906000+00:00,094623,2351.8,1,0,0,0,0,13583,494,13583,0,0,0,0,4655,-28608,10326,6,4480,0,129,0,1,0,0,2,0,0,0,0,31082107,2018,0.21,1221.04,3572.8,0,47.5,99.1,68.3,24.6,59.4,528.5,64.5,625,151.9,150.8,1019.9,371580,3987,12.68,87.6,1490,2.75,1.15,32.8,43.4,75,30.82,12363262,73369,78.22,3478.3,0,1200,400,720,240,4200,7500,8500,102,1.5,6000,0,0,0,0,0,72.79,30,71.49,61.76,58,0,0
