timestamp_jst,timestamp_utc,deviceId,diff_pressure_Pa,unit_status1,1101,1102,1103,1104,1105,1106,1107,1108,1109,1110,1111,1112,1113,1114,1115,1116,1117,1118,1119,1150,1151,1152,1153,1154,1155,1156,1157,serial_number,1202,circulation_pressure_bar,gas_pressure_before_filter_Pa,gas_pressure_before_engine_Pa,1210,1212,1214,1216,1218,1220,1222,gasifier_top_temp_C,gas_temp_after_gasifier_C,gas_temp_before_filter_primary_C,gas_temp_before_filter_secondary_C,gasifier_throat_temp_C,1234,1236,1238,cooling_circ_temp_in_engine_C,engine,oil_pressure_bar,1246,1248,1250,1252,power_kW_IEM3255,produced_energy_EM1_Wh,1258,1260,1262,1264,throat_temp_high_limit_C,gasifier_top_temp_high_limit_C,gas_temp_after_gasifier_high_limit_C,gas_temp_before_filter_high_limit_C,filter_dp_high_limit_Pa,gas_pressure_before_filter_high_limit_Pa,gas_pressure_before_engine_high_limit_Pa,cooling_circ_temp_high_limit_C,oil_pressure_low_limit_bar,1284,1286,1288,1290,1292,1294,1296,1298,1300,1302,1304,1306,1308
2026-08-14T09:00:28.985000+09:00,2026-08-14T00:00:28.985000+00:00,094623,0.0,2,0,0,0,0,0,0,0,0,0,0,0,4623,-24512,10330,0,0,0,161,0,0,16,64,2,0,64,0,0,31082107,2018,0.09,0,0,0,24.4,25.6,25,25.8,25.7,25.3,27.2,25.9,24.4,24.9,33.3,361901,2009,0,0,0,0,0,0,0,60,-0.3,12182875,72557,0,0,0,1200,400,720,240,4200,7500,8500,102,1.5,6000,0,0,0,0,0,30,0,30,35,26,0,0
2026-08-14T09:01:29.082000+09:00,2026-08-14T00:01:29.082000+00:00,094623,0.0,2,0,0,0,0,0,0,0,0,0,0,0,4623,-24512,10330,0,0,0,161,0,0,16,64,2,0,64,0,0,31082107,2018,0.09,0,0,0,24.5,25.6,25,25.8,25.8,25.4,27.2,25.9,24.5,24.9,33.3,361901,2009,0,0,0,0,0,0,0,60,-0.3,12182875,72557,0,0,0,1200,400,720,240,4200,7500,8500,102,1.5,6000,0,0,0,0,0,30,0,30,35,26,0,0
2026-08-14T09:02:29.181000+09:00,2026-08-14T00:02:29.181000+00:00,094623,1.5,2,0,0,0,0,0,0,0,0,0,0,0,4623,-24512,10330,0,0,0,161,0,0,16,64,2,0,64,0,0,31082107,2018,0.09,0,1.53,0,24.5,25.6,25,25.7,25.9,25.4,27.2,25.9,24.5,24.9,33.3,361901,2009,0,0,0,0,0,0,0,60,-0.3,12182875,72557,0,0,0,1200,400,720,240,4200,7500,8500,102,1.5,6000,0,0,0,0,0,30,0,30,35,26,0,0
2026-08-14T09:03:29.280000+09:00,2026-08-14T00:03:29.280000+00:00,094623,1.5,2,0,0,0,0,0,0,0,0,0,0,0,4623,-24512,10330,0,0,0,161,0,0,16,64,2,0,64,0,0,31082107,2018,0.09,0,1.53,0,24.5,25.6,25,25.8,25.9,25.4,27.2,25.9,24.5,24.9,33.3,361901,2009,0,0,0,0,0,0,0,60,-0.31,12182875,72557,0,0,0,1200,400,720,240,4200,7500,8500,102,1.5,6000,0,0,0,0,0,30,0,30,35,26.1,0,0
2026-08-14T09:04:29.379000+09:00,2026-08-14T00:04:29.379000+00:00,094623,1.5,2,0,0,0,0,0,0,0,0,0,0,0,4623,-24512,10330,0,0,0,161,0,0,16,64,2,0,64,0,0,31082107,2018,0.09,0,1.53,0,24.5,25.6,25.1,25.8,26,25.4,27.2,25.9,24.5,24.9,33.3,361901,2009,0,0,0,0,0,0,0,60,-0.3,12182875,72557,0,0,0,1200,400,720,240,4200,7500,8500,102,1.5,6000,0,0,0,0,0,30,0,30,35,26.1,0,0
2026-08-14T09:05:29.474000+09:00,2026-08-14T00:05:29.474000+00:00,094623,2.8,2,0,0,0,0,0,0,0,0,0,0,0,4623,-24512,10330,0,0,0,161,0,0,16,64,2,0,64,0,0,31082107,2018,0.09,0,2.75,0,24.5,25.6,25.1,25.7,26,25.5,27.3,26,24.5,24.9,33.3,361901,2009,0,0,0,0,0,0,0,60,-0.31,12182875,72557,0,0,0,1200,400,720,240,4200,7500,8500,102,1.5,6000,0,0,0,0,0,30,0,30,35,26.1,0,0
2026-08-14T09:06:29.564000+09:00,2026-08-14T00:06:29.564000+00:00,094623,0.0,2,0,0,0,0,0,0,0,0,0,0,0,4623,-24512,10330,0,0,0,161,0,0,16,64,2,0,64,0,0,31082107,2018,0.09,0,0,0,24.5,25.6,25.1,25.7,26,25.5,27.3,25.9,24.5,24.9,33.3,361901,2009,0,0,0,0,0,0,0,60,-0.3,12182875,72557,0,0,0,1200,400,720,240,4200,7500,8500,102,1.5,6000,0,0,0,0,0,30,0,30,35,26,0,0
2026-08-14T09:07:29.674000+09:00,2026-08-14T00:07:29.674000+00:00,094623,1.5,2,0,0,0,0,0,0,0,0,0,0,0,4623,-24512,10330,0,0,0,161,0,0,16,64,2,0,64,0,0,31082107,2018,0.09,0,1.53,0,24.5,25.6,25.2,25.7,26.1,25.5,27.3,26,24.5,24.9,33.2,361901,2009,0,0,0,0,0,0,0,60,-0.31,12182875,72557,0,0,0,1200,400,720,240,4200,7500,8500,102,1.5,6000,0,0,0,0,0,30,0,30,35,26,0,0
2026-08-14T09:08:29.771000+09:00,2026-08-14T00:08:29.771000+00:00,094623,0.0,2,0,0,0,0,0,0,0,0,0,0,0,4623,-24512,10330,0,0,0,161,0,0,16,64,2,0,64,0,0,31082107,2018,0.09,0,0,0,24.6,25.6,25.2,25.7,26.1,25.5,27.3,26,24.5,24.9,33.2,361901,2009,0,0,0,0,0,0,0,60,-0.31,12182875,72557,0,0,0,1200,400,720,240,4200,7500,8500,102,1.5,6000,0,0,0,0,0,30,0,30,35,26,0,0
2026-08-14T09:09:29.865000+09:00,2026-08-14T00:09:29.865000+00:00,094623,1.5,2,0,0,0,0,0,0,0,0,0,0,0,4623,-24512,10330,0,0,0,161,0,0,16,64,2,0,64,0,0,31082107,2018,0.09,0,1.53,0,24.6,25.6,25.2,25.8,26.2,25.6,27.3,26,24.5,24.9,33.2,361901,2009,0,0,0,0,0,0,0,60,-0.31,12182875,72557,0,0,0,1200,400,720,240,4200,7500,8500,102,1.5,6000,0,0,0,0,0,30,0,30,35,26,0,0
2026-08-14T09:10:29.947000+09:00,2026-08-14T00:10:29.947000+00:00,094623,1.5,2,0,0,0,0,0,0,0,0,0,0,0,4623,-24512,10330,0,0,0,161,0,0,16,64,2,0,64,0,0,31082107,2018,0.09,0,1.53,0,24.6,25.7,25.2,25.8,26.2,25.6,27.3,26,24.5,24.9,33.2,361901,2009,0,0,0,0,0,0,0,60,-0.31,12182875,72557,0,0,0,1200,400,720,240,4200,7500,8500,102,1.5,6000,0,0,0,0,0,30,0,30,35,26,0,0
2026-08-14T09:11:30.037000+09:00,2026-08-14T00:11:30.037000+00:00,094623,0.0,2,0,0,0,0,0,0,0,0,0,0,0,4623,-24512,10330,0,0,0,161,0,0,16,64,2,0,64,0,0,31082107,2018,0.09,0,0,0,24.6,25.7,25.3,25.9,26.2,25.6,27.3,26,24.5,24.9,33.2,361901,2009,0,0,0,0,0,0,0,60,-0.3,12182875,72557,0,0,0,1200,400,720,240,4200,7500,8500,102,1.5,6000,0,0,0,0,0,30,0,30,35,26,0,0
2026-08-14T09:12:30.123000+09:00,2026-08-14T00:12:30.123000+00:00,094623,0.0,2,0,0,0,0,0,0,0,0,0,0,0,4623,-24512,10330,0,0,0,161,0,0,16,64,2,0,64,0,0,31082107,2018,0.09,0,0,0,24.6,25.7,25.3,25.9,26.3,25.6,27.3,26,24.5,24.9,33.2,361901,2009,0,0,0,0,0,0,0,60,-0.31,12182875,72557,0,0,0,1200,400,720,240,4200,7500,8500,102,1.5,6000,0,0,0,0,0,30,0,30,35,26,0,0
2026-08-14T09:13:30.220000+09:00,2026-08-14T00:13:30.220000+00:00,094623,0.0,2,0,0,0,0,0,0,0,0,0,0,0,4623,-24512,10330,0,0,0,161,0,0,16,64,2,0,64,0,0,31082107,2018,0.09,0,0,0,24.6,25.7,25.3,25.9,26.3,25.6,27.3,26,24.5,24.9,33.2,361901,2009,0,0,0,0,0,0,0,60,-0.31,12182875,72557,0,0,0,1200,400,720,240,4200,7500,8500,102,1.5,6000,0,0,0,0,0,30,0,30,35,26,0,0
2026-08-14T09:14:30.324000+09:00,2026-08-14T00:14:30.324000+00:00,094623,4.0,2,0,0,0,0,0,0,0,0,0,0,0,4623,-24512,10330,0,0,0,161,0,0,16,64,2,0,64,0,0,31082107,2018,0.09,0,3.97,0,24.6,25.7,25.3,26,26.3,25.6,27.3,26,24.5,24.9,33.1,361901,2009,0,0,0,0,0,0,0,60,-0.31,12182875,72558,0,0,0,1200,400,720,240,4200,7500,8500,102,1.5,6000,0,0,0,0,0,30,0,30,35,26,0,0
2026-08-14T09:15:30.428000+09:00,2026-08-14T00:15:30.428000+00:00,094623,0.0,2,0,0,0,0,0,0,0,0,0,0,0,4623,-24512,10330,0,0,0,161,0,0,16,64,2,0,64,0,0,31082107,2018,0.09,0,0,0,24.6,25.7,25.4,26,26.4,25.7,27.3,26,24.5,24.9,33.1,361901,2009,0,0,0,0,0,0,0,60,-0.3,12182875,72558,0,0,0,1200,400,720,240,4200,7500,8500,102,1.5,6000,0,0,0,0,0,30,0,30,35,26,0,0
2026-08-14T09:16:30.525000+09:00,2026-08-14T00:16:30.525000+00:00,094623,0.0,2,0,0,0,0,0,0,0,0,0,0,0,4623,-24512,10330,0,0,0,161,0,0,16,64,2,0,64,0,0,31082107,2018,0.09,0,0,0,24.6,25.7,25.4,26,26.4,25.7,27.3,26,24.5,24.9,33.1,361901,2009,0,0,0,0,0,0,0,60,-0.31,12182875,72558,0,0,0,1200,400,720,240,4200,7500,8500,102,1.5,6000,0,0,0,0,0,30,0,30,35,26,0,0
2026-08-14T09:17:30.654000+09:00,2026-08-14T00:17:30.654000+00:00,094623,1.5,2,0,0,0,0,0,0,0,0,0,0,0,4623,-24512,10330,0,0,0,161,0,0,16,64,2,0,64,0,0,31082107,2018,0.09,0,1.53,0,24.7,25.8,25.4,26.1,26.4,25.7,27.3,26,24.5,24.9,33.1,361901,2009,0,0,0,0,0,0,0,60,-0.31,12182875,72558,0,0,0,1200,400,720,240,4200,7500,8500,102,1.5,6000,0,0,0,0,0,30,0,30,35,26,0,0
2026-08-14T09:18:30.736000+09:00,2026-08-14T00:18:30.736000+00:00,094623,2.8,2,0,0,0,0,0,0,0,0,0,0,0,4623,-24512,10330,0,0,0,161,0,0,16,64,2,0,64,0,0,31082107,2018,0.09,0,2.75,0,24.7,25.8,25.4,26.1,26.5,25.7,27.3,26,24.5,24.9,33.1,361901,2009,0,0,0,0,0,0,0,60,-0.31,12182875,72558,0,0,0,1200,400,720,240,4200,7500,8500,102,1.5,6000,0,0,0,0,0,30,0,30,35,26.1,0,0
2026-08-14T09:19:30.841000+09:00,2026-08-14T00:19:30.841000+00:00,094623,1.5,2,0,0,0,0,0,0,0,0,0,0,0,4623,-24512,10330,0,0,0,161,0,0,16,64,2,0,64,0,0,31082107,2018,0.09,0,1.53,0,24.7,25.8,25.5,26.2,26.5,25.8,27.3,26,24.5,24.9,33.1,361901,2009,0,0,0,0,0,0,0,60,-0.3,12182875,72558,0,0,0,1200,400,720,240,4200,7500,8500,102,1.5,6000,0,0,0,0,0,30,0,30,35,26.1,0,0
2026-08-14T09:20:30.932000+09:00,2026-08-14T00:20:30.932000+00:00,094623,2.8,2,0,0,0,0,0,0,0,0,0,0,0,4623,-24512,10330,0,0,0,161,0,0,16,64,2,0,64,0,0,31082107,2018,0.09,0,2.75,0,24.7,25.8,25.5,26.1,26.5,25.8,27.3,26,24.5,24.9,33.1,361901,2009,0,0,0,0,0,0,0,60,-0.3,12182875,72558,0,0,0,1200,400,720,240,4200,7500,8500,102,1.5,6000,0,0,0,0,0,30,0,30,35,26,0,0
2026-08-14T09:21:31.026000+09:00,2026-08-14T00:21:31.026000+00:00,094623,1.5,2,0,0,0,0,0,0,0,0,0,0,0,4623,-24512,10330,0,0,0,161,0,0,16,64,2,0,64,0,0,31082107,2018,0.09,0,1.53,0,24.7,25.8,25.5,26.2,26.6,25.8,27.3,26,24.5,24.9,33.1,361901,2009,0,0,0,0,0,0,0,60,-0.3,12182875,72558,0,0,0,1200,400,720,240,4200,7500,8500,102,1.5,6000,0,0,0,0,0,30,0,30,35,26,0,0
2026-08-14T09:22:31.108000+09:00,2026-08-14T00:22:31.108000+00:00,094623,1.5,2,0,0,0,0,0,0,0,0,0,0,0,4623,-24512,10330,0,0,0,161,0,0,16,64,2,0,64,0,0,31082107,2018,0.09,0,1.53,0,24.7,25.8,25.5,26.2,26.6,25.9,27.3,26,24.5,24.9,33,361901,2009,0,0,0,0,0,0,0,60,-0.3,12182875,72558,0,0,0,1200,400,720,240,4200,7500,8500,102,1.5,6000,0,0,0,0,0,30,0,30,35,26.1,0,0
2026-08-14T09:23:31.204000+09:00,2026-08-14T00:23:31.204000+00:00,094623,0.0,2,0,0,0,0,0,0,0,0,0,0,0,4623,-24512,10330,0,0,0,161,0,0,16,64,2,0,64,0,0,31082107,2018,0.09,0,0,0,24.7,25.8,25.6,26.2,26.6,25.9,27.3,26,24.5,24.9,33,361901,2009,0,0,0,0,0,0,0,60,-0.3,12182875,72558,0,0,0,1200,400,720,240,4200,7500,8500,102,1.5,6000,0,0,0,0,0,30,0,30,35,26.1,0,0
2026-08-14T09:24:31.289000+09:00,2026-08-14T00:24:31.289000+00:00,094623,2.8,2,0,0,0,0,0,0,0,0,0,0,0,4623,-24512,10330,0,0,0,161,0,0,16,64,2,0,64,0,0,31082107,2018,0.09,0,2.75,0,24.7,25.8,25.6,26.2,26.7,25.9,27.3,26.1,24.5,24.9,33,361901,2009,0,0,0,0,0,0,0,60,-0.3,12182875,72558,0,0,0,1200,400,720,240,4200,7500,8500,102,1.5,6000,0,0,0,0,0,30,0,30,35,26,0,0
2026-08-14T09:25:31.387000+09:00,2026-08-14T00:25:31.387000+00:00,094623,0.0,2,0,0,0,0,0,0,0,0,0,0,0,4623,-24512,10330,0,0,0,161,0,0,16,64,2,0,64,0,0,31082107,2018,0.09,0,0,0,24.8,25.9,25.6,26.3,26.7,25.9,27.3,26.1,24.5,24.9,33,361901,2009,0,0,0,0,0,0,0,60,-0.3,12182875,72558,0,0,0,1200,400,720,240,4200,7500,8500,102,1.5,6000,0,0,0,0,0,30,0,30,35,26,0,0
2026-08-14T09:26:31.473000+09:00,2026-08-14T00:26:31.473000+00:00,094623,0.0,2,0,0,0,0,0,0,0,0,0,0,0,4623,-24512,10330,0,0,0,161,0,0,16,64,2,0,64,0,0,31082107,2018,0.09,0,0,0,24.8,25.9,25.6,26.3,26.7,25.9,27.3,26.1,24.5,24.9,33,361901,2009,0,0,0,0,0,0,0,60,-0.3,12182875,72558,0,0,0,1200,400,720,240,4200,7500,8500,102,1.5,6000,0,0,0,0,0,30,0,30,35,26.1,0,0
2026-08-14T09:27:31.573000+09:00,2026-08-14T00:27:31.573000+00:00,094623,0.0,2,0,0,0,0,0,0,0,0,0,0,0,4623,-24512,10330,0,0,0,161,0,0,16,64,2,0,64,0,0,31082107,2018,0.09,0,0,0,24.8,25.9,25.7,26.3,26.8,26,27.3,26.1,24.5,24.9,33,361901,2009,0,0,0,0,0,0,0,60,-0.31,12182875,72558,0,0,0,1200,400,720,240,4200,7500,8500,102,1.5,6000,0,0,0,0,0,30,0,30,35,26.1,0,0
2026-08-14T09:28:31.681000+09:00,2026-08-14T00:28:31.681000+00:00,094623,2.8,2,0,0,0,0,0,0,0,0,0,0,0,4623,-24512,10330,0,0,0,161,0,0,16,64,2,0,64,0,0,31082107,2018,0.09,0,2.75,0,24.8,25.9,25.7,26.3,26.8,26,27.3,26.1,24.5,25,33,361901,2009,0,0,0,0,0,0,0,60,-0.3,12182875,72558,0,0,0,1200,400,720,240,4200,7500,8500,102,1.5,6000,0,0,0,0,0,30,0,30,35,26.1,0,0
2026-08-14T09:29:31.780000+09:00,2026-08-14T00:29:31.780000+00:00,094623,2.8,2,0,0,0,0,0,0,0,0,0,0,0,4623,-24512,10330,0,0,0,161,0,0,16,64,2,0,64,0,0,31082107,2018,0.09,0,2.75,0,24.8,25.9,25.7,26.3,26.8,26,27.3,26.1,24.5,25,33,361901,2009,0,0,0,0,0,0,0,60,-0.3,12182875,72558,0,0,0,1200,400,720,240,4200,7500,8500,102,1.5,6000,0,0,0,0,0,30,0,30,35,26.1,0,0
2026-08-14T09:30:31.870000+09:00,2026-08-14T00:30:31.870000+00:00,094623,0.0,2,0,0,0,0,0,0,0,0,0,0,0,4623,-24512,10330,0,0,0,161,0,0,16,64,2,0,64,0,0,31082107,2018,0.09,0,0,0,24.8,25.9,25.7,26.4,26.8,26,27.3,26.1,24.6,25,32.9,361901,2009,0,0,0,0,0,0,0,60,-0.3,12182875,72558,0,0,0,1200,400,720,240,4200,7500,8500,102,1.5,6000,0,0,0,0,0,30,0,30,35,26.1,0,0
2026-08-14T09:31:31.975000+09:00,2026-08-14T00:31:31.975000+00:00,094623,2.8,2,0,0,0,0,0,0,0,0,0,0,0,4623,-24512,10330,0,0,0,161,0,0,16,64,2,0,64,0,0,31082107,2018,0.09,0,2.75,0,24.8,25.9,25.8,26.4,26.9,26,27.3,26.1,24.6,25,32.9,361901,2009,0,0,0,0,0,0,0,60,-0.3,12182875,72558,0,0,0,1200,400,720,240,4200,7500,8500,102,1.5,6000,0,0,0,0,0,30,0,30,35,26.1,0,0
2026-08-14T09:32:32.070000+09:00,2026-08-14T00:32:32.070000+00:00,094623,2.8,2,0,0,0,0,0,0,0,0,0,0,0,4623,-24512,10330,0,0,0,161,0,0,16,64,2,0,64,0,0,31082107,2018,0.09,0,2.75,0,24.9,25.9,25.8,26.4,26.9,26.1,27.4,26.1,24.6,25,32.9,361901,2009,0,0,0,0,0,0,0,60,-0.3,12182875,72558,0,0,0,1200,400,720,240,4200,7500,8500,102,1.5,6000,0,0,0,0,0,30,0,30,35,26.1,0,0
2026-08-14T09:33:32.168000+09:00,2026-08-14T00:33:32.168000+00:00,094623,2.8,2,0,0,0,0,0,0,0,0,0,0,0,4623,-24512,10330,0,0,0,161,0,0,16,64,2,0,64,0,0,31082107,2018,0.09,0,2.75,0,24.9,26,25.8,26.4,26.9,26.1,27.4,26.1,24.6,25,32.9,361901,2009,0,0,0,0,0,0,0,60,-0.3,12182875,72559,0,0,0,1200,400,720,240,4200,7500,8500,102,1.5,6000,0,0,0,0,0,30,0,30,35,26.1,0,0
2026-08-14T09:34:32.272000+09:00,2026-08-14T00:34:32.272000+00:00,094623,1.5,2,0,0,0,0,0,0,0,0,0,0,0,4623,-24512,10330,0,0,0,161,0,0,16,64,2,0,64,0,0,31082107,2018,0.09,0,1.53,0,24.9,26,25.8,26.5,26.9,26.1,27.4,26.1,24.6,25,32.9,361901,2009,0,0,0,0,0,0,0,60,-0.3,12182875,72559,0,0,0,1200,400,720,240,4200,7500,8500,102,1.5,6000,0,0,0,0,0,30,0,30,35,26.1,0,0
2026-08-14T09:35:32.351000+09:00,2026-08-14T00:35:32.351000+00:00,094623,1.5,2,0,0,0,0,0,0,0,0,0,0,0,4623,-24512,10330,0,0,0,161,0,0,16,64,2,0,64,0,0,31082107,2018,0.09,0,1.53,0,24.9,26,25.8,26.6,27,26.1,27.4,26.1,24.6,25,32.9,361901,2009,0,0,0,0,0,0,0,60,-0.3,12182875,72559,0,0,0,1200,400,720,240,4200,7500,8500,102,1.5,6000,0,0,0,0,0,30,0,30,35,26.1,0,0
2026-08-14T09:36:32.450000+09:00,2026-08-14T00:36:32.450000+00:00,094623,0.0,2,0,0,0,0,0,0,0,0,0,0,0,4623,-24512,10330,0,0,0,161,0,0,16,64,2,0,64,0,0,31082107,2018,0.09,0,0,0,24.9,26,25.9,26.6,27,26.1,27.4,26.1,24.6,25,32.9,361901,2009,0,0,0,0,0,0,0,60,-0.3,12182875,72559,0,0,0,1200,400,720,240,4200,7500,8500,102,1.5,6000,0,0,0,0,0,30,0,30,35,26.1,0,0
2026-08-14T09:37:32.541000+09:00,2026-08-14T00:37:32.541000+00:00,094623,0.0,2,0,0,0,0,0,0,0,0,0,0,0,4623,-24512,10330,0,0,0,161,0,0,16,64,2,0,64,0,0,31082107,2018,0.09,0,0,0,24.9,26,25.9,26.6,27,26.2,27.4,26.2,24.6,25,32.9,361901,2009,0,0,0,0,0,0,0,60,-0.3,12182875,72559,0,0,0,1200,400,720,240,4200,7500,8500,102,1.5,6000,0,0,0,0,0,30,0,30,35,26.1,0,0
2026-08-14T09:38:32.647000+09:00,2026-08-14T00:38:32.647000+00:00,094623,0.0,2,0,0,0,0,0,0,0,0,0,0,0,4623,-24512,10330,0,0,0,161,0,0,16,64,2,0,64,0,0,31082107,2018,0.09,0,0,0,24.9,26,25.9,26.7,27.1,26.2,27.4,26.2,24.6,25,32.9,361901,2009,0,0,0,0,0,0,0,60,-0.3,12182875,72559,0,0,0,1200,400,720,240,4200,7500,8500,102,1.5,6000,0,0,0,0,0,30,0,30,35,26.1,0,0
2026-08-14T09:39:32.729000+09:00,2026-08-14T00:39:32.729000+00:00,094623,0.0,2,0,0,0,0,0,0,0,0,0,0,0,4623,-24512,10330,0,0,0,161,0,0,16,64,2,0,64,0,0,31082107,2018,0.09,0,0,0,25,26,25.9,26.7,27.1,26.2,27.4,26.2,24.6,25,32.8,361901,2009,0,0,0,0,0,0,0,60,-0.3,12182875,72559,0,0,0,1200,400,720,240,4200,7500,8500,102,1.5,6000,0,0,0,0,0,30,0,30,35,26.1,0,0
2026-08-14T09:40:32.839000+09:00,2026-08-14T00:40:32.839000+00:00,094623,0.0,2,0,0,0,0,0,0,0,0,0,0,0,4623,-24512,10330,0,0,0,161,0,0,16,64,2,0,64,0,0,31082107,2018,0.09,0,0,0,25,26.1,26,26.7,27.1,26.2,27.4,26.2,24.6,25,32.8,361901,2009,0,0,0,0,0,0,0,60,-0.3,12182875,72559,0,0,0,1200,400,720,240,4200,7500,8500,102,1.5,6000,0,0,0,0,0,30,0,30,35,26.1,0,0
2026-08-14T09:41:32.939000+09:00,2026-08-14T00:41:32.939000+00:00,094623,1.5,2,0,0,0,0,0,0,0,0,0,0,0,4623,-24512,10330,0,0,0,161,0,0,16,64,2,0,64,0,0,31082107,2018,0.09,0,1.53,0,25,26.1,26,26.8,27.2,26.3,27.4,26.2,24.6,25,32.8,361901,2009,0,0,0,0,0,0,0,60,-0.3,12182875,72559,0,0,0,1200,400,720,240,4200,7500,8500,102,1.5,6000,0,0,0,0,0,30,0,30,35,26.1,0,0
2026-08-14T09:42:33.038000+09:00,2026-08-14T00:42:33.038000+00:00,094623,0.0,2,0,0,0,0,0,0,0,0,0,0,0,4623,-24512,10330,0,0,0,161,0,0,16,64,2,0,64,0,0,31082107,2018,0.09,0,0,0,25,26.1,26,26.8,27.2,26.3,27.4,26.2,24.6,25,32.8,361901,2009,0,0,0,0,0,0,0,60,-0.3,12182875,72559,0,0,0,1200,400,720,240,4200,7500,8500,102,1.5,6000,0,0,0,0,0,30,0,30,35,26.2,0,0
2026-08-14T09:43:33.123000+09:00,2026-08-14T00:43:33.123000+00:00,094623,1.5,2,0,0,0,0,0,0,0,0,0,0,0,4623,-24512,10330,0,0,0,161,0,0,16,64,2,0,64,0,0,31082107,2018,0.09,0,1.53,0,25,26.1,26,26.8,27.3,26.3,27.4,26.2,24.6,25,32.8,361901,2009,0,0,0,0,0,0,0,60,-0.3,12182875,72559,0,0,0,1200,400,720,240,4200,7500,8500,102,1.5,6000,0,0,0,0,0,30,0,30,35,26.2,0,0
2026-08-14T09:44:33.229000+09:00,2026-08-14T00:44:33.229000+00:00,094623,0.0,2,0,0,0,0,0,0,0,0,0,0,0,4623,-24512,10330,0,0,0,161,0,0,16,64,2,0,64,0,0,31082107,2018,0.09,0,0,0,25,26.1,26.1,26.8,27.3,26.3,27.4,26.2,24.6,25,32.8,361901,2009,0,0,0,0,0,0,0,60,-0.3,12182875,72559,0,0,0,1200,400,720,240,4200,7500,8500,102,1.5,6000,0,0,0,0,0,30,0,30,35,26.2,0,0
2026-08-14T09:45:33.340000+09:00,2026-08-14T00:45:33.340000+00:00,094623,1.5,2,0,0,0,0,0,0,0,0,0,0,0,4623,-24512,10330,0,0,0,161,0,0,16,64,2,0,64,0,0,31082107,2018,0.09,0,1.53,0,25,26.1,26.1,26.9,27.3,26.3,27.4,26.2,24.6,25,32.8,361901,2009,0,0,0,0,0,0,0,60,-0.3,12182875,72559,0,0,0,1200,400,720,240,4200,7500,8500,102,1.5,6000,0,0,0,0,0,30,0,30,35,26.2,0,0
2026-08-14T09:46:33.432000+09:00,2026-08-14T00:46:33.432000+00:00,094623,1.5,2,0,0,0,0,0,0,0,0,0,0,0,4623,-24512,10330,0,0,0,161,0,0,16,64,2,0,64,0,0,31082107,2018,0.09,0,1.53,0,25,26.1,26.1,26.9,27.3,26.4,27.5,26.2,24.6,25,32.8,361901,2009,0,0,0,0,0,0,0,60,-0.3,12182875,72559,0,0,0,1200,400,720,240,4200,7500,8500,102,1.5,6000,0,0,0,0,0,30,0,30,35,26.2,0,0
2026-08-14T09:47:33.537000+09:00,2026-08-14T00:47:33.537000+00:00,094623,0.0,2,0,0,0,0,0,0,0,0,0,0,0,4623,-24512,10330,0,0,0,161,0,0,16,64,2,0,64,0,0,31082107,2018,0.09,0,0,0,25.1,26.1,26.1,26.9,27.4,26.4,27.5,26.2,24.7,25,32.8,361901,2009,0,0,0,0,0,0,0,60,-0.3,12182875,72559,0,0,0,1200,400,720,240,4200,7500,8500,102,1.5,6000,0,0,0,0,0,30,0,30,35,26.2,0,0
2026-08-14T09:48:33.615000+09:00,2026-08-14T00:48:33.615000+00:00,094623,0.0,2,0,0,0,0,0,0,0,0,0,0,0,4623,-24512,10330,0,0,0,161,0,0,16,64,2,0,64,0,0,31082107,2018,0.09,0,0,0,25.1,26.2,26.2,26.9,27.4,26.4,27.5,26.2,24.7,25,32.7,361901,2009,0,0,0,0,0,0,0,60,-0.3,12182875,72559,0,0,0,1200,400,720,240,4200,7500,8500,102,1.5,6000,0,0,0,0,0,30,0,30,35,26.2,0,0
2026-08-14T09:49:33.718000+09:00,2026-08-14T00:49:33.718000+00:00,094623,1.5,2,0,0,0,0,0,0,0,0,0,0,0,4623,-24512,10330,0,0,0,161,0,0,16,64,2,0,64,0,0,31082107,2018,0.09,0,1.53,0,25.1,26.2,26.2,27,27.4,26.4,27.5,26.3,24.7,25,32.7,361901,2009,0,0,0,0,0,0,0,60,-0.3,12182875,72559,0,0,0,1200,400,720,240,4200,7500,8500,102,1.5,6000,0,0,0,0,0,30,0,30,35,26.2,0,0
2026-08-14T09:50:33.815000+09:00,2026-08-14T00:50:33.815000+00:00,094623,1.5,2,0,0,0,0,0,0,0,0,0,0,0,4623,-24512,10330,0,0,0,161,0,0,16,64,2,0,64,0,0,31082107,2018,0.09,0,1.53,0,25.1,26.2,26.2,27,27.5,26.4,27.4,26.3,24.7,25,32.7,361901,2009,0,0,0,0,0,0,0,60,-0.3,12182875,72559,0,0,0,1200,400,720,240,4200,7500,8500,102,1.5,6000,0,0,0,0,0,30,0,30,35,26.2,0,0
2026-08-14T09:51:33.962000+09:00,2026-08-14T00:51:33.962000+00:00,094623,0.0,2,0,0,0,0,0,0,0,0,0,0,0,4623,-24512,10330,0,0,0,161,0,0,16,64,2,0,64,0,0,31082107,2018,0.09,0,0,0,25.1,26.2,26.2,27.1,27.5,26.5,27.4,26.3,24.7,25,32.7,361901,2009,0,0,0,0,0,0,0,60,-0.3,12182875,72559,0,0,0,1200,400,720,240,4200,7500,8500,102,1.5,6000,0,0,0,0,0,30,0,30,35,26.2,0,0
2026-08-14T09:52:34.014000+09:00,2026-08-14T00:52:34.014000+00:00,094623,1.5,2,0,0,0,0,0,0,0,0,0,0,0,4623,-24512,10330,0,0,0,161,0,0,16,64,2,0,64,0,0,31082107,2018,0.09,0,1.53,0,25.1,26.2,26.3,27.1,27.5,26.5,27.4,26.3,24.7,25,32.7,361901,2009,0,0,0,0,0,0,0,60,-0.3,12182875,72559,0,0,0,1200,400,720,240,4200,7500,8500,102,1.5,6000,0,0,0,0,0,30,0,30,35,26.2,0,0
2026-08-14T09:53:34.114000+09:00,2026-08-14T00:53:34.114000+00:00,094623,1.5,2,0,0,0,0,0,0,0,0,0,0,0,4623,-24512,10330,0,0,0,161,0,0,16,64,2,0,64,0,0,31082107,2018,0.09,0,1.53,0,25.2,26.2,26.3,27.1,27.6,26.5,27.4,26.3,24.7,25,32.7,361901,2009,0,0,0,0,0,0,0,60,-0.3,12182875,72560,0,0,0,1200,400,720,240,4200,7500,8500,102,1.5,6000,0,0,0,0,0,30,0,30,35,26.2,0,0
2026-08-14T09:54:34.213000+09:00,2026-08-14T00:54:34.213000+00:00,094623,0.0,2,0,0,0,0,0,0,0,0,0,0,0,4623,-24512,10330,0,0,0,161,0,0,16,64,2,0,64,0,0,31082107,2018,0.09,0,0,0,25.2,26.2,26.3,27.1,27.6,26.5,27.5,26.3,24.7,25,32.7,361901,2009,0,0,0,0,0,0,0,60,-0.3,12182875,72560,0,0,0,1200,400,720,240,4200,7500,8500,102,1.5,6000,0,0,0,0,0,30,0,30,35,26.2,0,0
2026-08-14T09:55:34.380000+09:00,2026-08-14T00:55:34.380000+00:00,094623,0.0,2,0,0,0,0,0,0,0,0,0,0,0,4623,-24512,10330,0,0,0,161,0,0,16,64,2,0,64,0,0,31082107,2018,0.09,0,0,0,25.2,26.3,26.3,27.2,27.6,26.6,27.5,26.3,24.7,25.1,32.7,361901,2009,0,0,0,0,0,0,0,60,-0.3,12182875,72560,0,0,0,1200,400,720,240,4200,7500,8500,102,1.5,6000,0,0,0,0,0,30,0,30,35,26.2,0,0
2026-08-14T09:56:34.426000+09:00,2026-08-14T00:56:34.426000+00:00,094623,1.5,2,0,0,0,0,0,0,0,0,0,0,0,4623,-24512,10330,0,0,0,161,0,0,16,64,2,0,64,0,0,31082107,2018,0.09,0,1.53,0,25.2,26.3,26.4,27.2,27.7,26.6,27.5,26.3,24.7,25.1,32.7,361901,2009,0,0,0,0,0,0,0,60,-0.3,12182875,72560,0,0,0,1200,400,720,240,4200,7500,8500,102,1.5,6000,0,0,0,0,0,30,0,30,35,26.2,0,0
2026-08-14T09:57:34.533000+09:00,2026-08-14T00:57:34.533000+00:00,094623,0.0,2,0,0,0,0,0,0,0,0,0,0,0,4623,-24512,10330,0,0,0,161,0,0,16,64,2,0,64,0,0,31082107,2018,0.09,0,0,0,25.2,26.3,26.4,27.2,27.7,26.6,27.5,26.3,24.7,25.1,32.7,361901,2009,0,0,0,0,0,0,0,60,-0.3,12182875,72560,0,0,0,1200,400,720,240,4200,7500,8500,102,1.5,6000,0,0,0,0,0,30,0,30,35,26.2,0,0
2026-08-14T09:58:34.721000+09:00,2026-08-14T00:58:34.721000+00:00,094623,0.0,2,0,0,0,0,0,0,0,0,0,0,0,4623,-24512,10330,0,0,0,161,0,0,16,64,2,0,64,0,0,31082107,2018,0.09,0,0,0,25.2,26.3,26.4,27.3,27.7,26.6,27.5,26.3,24.7,25.1,32.7,361901,2009,0,0,0,0,0,0,0,60,-0.3,12182875,72560,0,0,0,1200,400,720,240,4200,7500,8500,102,1.5,6000,0,0,0,0,0,30,0,30,35,26.2,0,0
2026-08-14T09:59:34.768000+09:00,2026-08-14T00:59:34.768000+00:00,094623,0.0,2,0,0,0,0,0,0,0,0,0,0,0,4623,-24512,10330,0,0,0,161,0,0,16,64,2,0,64,0,0,31082107,2018,0.09,0,0,0,25.2,26.3,26.4,27.3,27.8,26.6,27.5,26.3,24.7,25.1,32.7,361901,2009,0,0,0,0,0,0,0,60,-0.3,12182875,72560,0,0,0,1200,400,720,240,4200,7500,8500,102,1.5,6000,0,0,0,0,0,30,0,30,35,26.2,0,0
2026-08-14T10:00:34.854000+09:00,2026-08-14T01:00:34.854000+00:00,094623,4.0,2,0,0,0,0,0,0,0,0,0,0,0,4623,-24512,10330,0,0,0,161,0,0,16,64,2,0,64,0,0,31082107,2018,0.09,0,3.97,0,25.3,26.3,26.5,27.4,27.8,26.7,27.6,26.4,24.8,25.1,32.6,361901,2009,0,0,0,0,0,0,0,60,-0.29,12182875,72560,0,0,0,1200,400,720,240,4200,7500,8500,102,1.5,6000,0,0,0,0,0,30,0,30,35,26.3,0,0
2026-08-14T10:01:34.949000+09:00,2026-08-14T01:01:34.949000+00:00,094623,0.0,2,0,0,0,0,0,0,0,0,0,0,0,4623,-24512,10330,0,0,0,161,0,0,16,64,2,0,64,0,0,31082107,2018,0.09,0,0,0,25.3,26.3,26.5,27.4,27.9,26.7,27.6,26.4,24.8,25.1,32.6,361901,2009,0,0,0,0,0,0,0,60,-0.3,12182875,72560,0,0,0,1200,400,720,240,4200,7500,8500,102,1.5,6000,0,0,0,0,0,30,0,30,35,26.3,0,0
2026-08-14T10:02:35.055000+09:00,2026-08-14T01:02:35.055000+00:00,094623,0.0,2,0,0,0,0,0,0,0,0,0,0,0,4623,-24512,10330,0,0,0,161,0,0,16,64,2,0,64,0,0,31082107,2018,0.09,0,0,0,25.3,26.3,26.5,27.4,27.9,26.7,27.6,26.4,24.8,25.1,32.6,361901,2009,0,0,0,0,0,0,0,60,-0.3,12182875,72560,0,0,0,1200,400,720,240,4200,7500,8500,102,1.5,6000,0,0,0,0,0,30,0,30,35,26.3,0,0
2026-08-14T10:03:35.133000+09:00,2026-08-14T01:03:35.133000+00:00,094623,0.0,2,0,0,0,0,0,0,0,0,0,0,0,4623,-24512,10330,0,0,0,161,0,0,16,64,2,0,64,0,0,31082107,2018,0.09,0,0,0,25.3,26.4,26.6,27.5,27.9,26.7,27.6,26.4,24.8,25.1,32.6,361901,2009,0,0,0,0,0,0,0,60,-0.3,12182875,72560,0,0,0,1200,400,720,240,4200,7500,8500,102,1.5,6000,0,0,0,0,0,30,0,30,35,26.3,0,0
2026-08-14T10:04:35.222000+09:00,2026-08-14T01:04:35.222000+00:00,094623,1.5,2,0,0,0,0,0,0,0,0,0,0,0,4623,-24512,10330,0,0,0,161,0,0,16,64,2,0,64,0,0,31082107,2018,0.09,0,1.53,0,25.3,26.4,26.6,27.5,28,26.7,27.5,26.4,24.8,25.1,32.6,361901,2009,0,0,0,0,0,0,0,60,-0.31,12182875,72560,0,0,0,1200,400,720,240,4200,7500,8500,102,1.5,6000,0,0,0,0,0,30,0,30,35,26.3,0,0
2026-08-14T10:05:35.332000+09:00,2026-08-14T01:05:35.332000+00:00,094623,1.5,2,0,0,0,0,0,0,0,0,0,0,0,4623,-24512,10330,0,0,0,161,0,0,16,64,2,0,64,0,0,31082107,2018,0.09,0,1.53,0,25.3,26.4,26.6,27.5,28,26.8,27.6,26.4,24.8,25.1,32.6,361901,2009,0,0,0,0,0,0,0,60,-0.3,12182875,72560,0,0,0,1200,400,720,240,4200,7500,8500,102,1.5,6000,0,0,0,0,0,30,0,30,35,26.3,0,0
2026-08-14T10:06:35.429000+09:00,2026-08-14T01:06:35.429000+00:00,094623,0.0,2,0,0,0,0,0,0,0,0,0,0,0,4623,-24512,10330,0,0,0,161,0,0,16,64,2,0,64,0,0,31082107,2018,0.09,0,0,0,25.3,26.4,26.7,27.5,28,26.8,27.6,26.4,24.8,25.1,32.6,361901,2009,0,0,0,0,0,0,0,60,-0.31,12182875,72560,0,0,0,1200,400,720,240,4200,7500,8500,102,1.5,6000,0,0,0,0,0,30,0,30,35,26.3,0,0
2026-08-14T10:07:35.517000+09:00,2026-08-14T01:07:35.517000+00:00,094623,1.5,2,0,0,0,0,0,0,0,0,0,0,0,4623,-24512,10330,0,0,0,161,0,0,16,64,2,0,64,0,0,31082107,2018,0.09,0,1.53,0,25.4,26.4,26.7,27.6,28.1,26.8,27.6,26.4,24.8,25.1,32.6,361901,2009,0,0,0,0,0,0,0,60,-0.3,12182875,72560,0,0,0,1200,400,720,240,4200,7500,8500,102,1.5,6000,0,0,0,0,0,30,0,30,35,26.3,0,0
2026-08-14T10:08:35.613000+09:00,2026-08-14T01:08:35.613000+00:00,094623,0.0,2,0,0,0,0,0,0,0,0,0,0,0,4623,-24512,10330,0,0,0,161,0,0,16,64,2,0,64,0,0,31082107,2018,0.09,0,0,0,25.4,26.4,26.7,27.6,28.1,26.8,27.6,26.4,24.8,25.1,32.6,361901,2009,0,0,0,0,0,0,0,60,-0.31,12182875,72560,0,0,0,1200,400,720,240,4200,7500,8500,102,1.5,6000,0,0,0,0,0,30,0,30,35,26.3,0,0
2026-08-14T10:09:35.719000+09:00,2026-08-14T01:09:35.719000+00:00,094623,0.0,2,0,0,0,0,0,0,0,0,0,0,0,4623,-24512,10330,0,0,0,161,0,0,16,64,2,0,64,0,0,31082107,2018,0.09,0,0,0,25.4,26.4,26.8,27.7,28.1,26.9,27.6,26.4,24.8,25.1,32.6,361901,2009,0,0,0,0,0,0,0,60,-0.3,12182875,72560,0,0,0,1200,400,720,240,4200,7500,8500,102,1.5,6000,0,0,0,0,0,30,0,30,35,26.3,0,0
2026-08-14T10:10:35.876000+09:00,2026-08-14T01:10:35.876000+00:00,094623,0.0,2,0,0,0,0,0,0,0,0,0,0,0,4623,-24512,10330,0,0,0,161,0,0,16,64,2,0,64,0,0,31082107,2018,0.09,0,0,0,25.4,26.5,26.8,27.7,28.2,26.9,27.6,26.4,24.8,25.1,32.6,361901,2009,0,0,0,0,0,0,0,60,-0.3,12182875,72560,0,0,0,1200,400,720,240,4200,7500,8500,102,1.5,6000,0,0,0,0,0,30,0,30,35,26.3,0,0
2026-08-14T10:11:35.941000+09:00,2026-08-14T01:11:35.941000+00:00,094623,0.0,2,0,0,0,0,0,0,0,0,0,0,0,4623,-24512,10330,0,0,0,161,0,0,16,64,2,0,64,0,0,31082107,2018,0.09,0,0,0,25.4,26.5,26.8,27.7,28.2,26.9,27.6,26.4,24.8,25.1,32.5,361901,2009,0,0,0,0,0,0,0,60,-0.3,12182875,72560,0,0,0,1200,400,720,240,4200,7500,8500,102,1.5,6000,0,0,0,0,0,30,0,30,35,26.3,0,0
2026-08-14T10:12:36.036000+09:00,2026-08-14T01:12:36.036000+00:00,094623,0.0,2,0,0,0,0,0,0,0,0,0,0,0,4623,-24512,10330,0,0,0,161,0,0,16,64,2,0,64,0,0,31082107,2018,0.09,0,0,0,25.4,26.5,26.9,27.7,28.3,26.9,27.6,26.4,24.8,25.1,32.5,361901,2009,0,0,0,0,0,0,0,60,-0.3,12182875,72560,0,0,0,1200,400,720,240,4200,7500,8500,102,1.5,6000,0,0,0,0,0,30,0,30,35,26.3,0,0
2026-08-14T10:13:36.129000+09:00,2026-08-14T01:13:36.129000+00:00,094623,0.0,2,0,0,0,0,0,0,0,0,0,0,0,4623,-24512,10330,0,0,0,161,0,0,16,64,2,0,64,0,0,31082107,2018,0.09,0,0,0,25.4,26.5,26.9,27.8,28.3,27,27.6,26.4,24.8,25.1,32.5,361901,2009,0,0,0,0,0,0,0,60,-0.3,12182875,72561,0,0,0,1200,400,720,240,4200,7500,8500,102,1.5,6000,0,0,0,0,0,30,0,30,35,26.3,0,0
2026-08-14T10:14:36.223000+09:00,2026-08-14T01:14:36.223000+00:00,094623,0.0,2,0,0,0,0,0,0,0,0,0,0,0,4623,-24512,10330,0,0,0,161,0,0,16,64,2,0,64,0,0,31082107,2018,0.09,0,0,0,25.5,26.5,26.9,27.8,28.3,27,27.6,26.4,24.8,25.1,32.5,361901,2009,0,0,0,0,0,0,0,60,-0.3,12182875,72561,0,0,0,1200,400,720,240,4200,7500,8500,102,1.5,6000,0,0,0,0,0,30,0,30,35,26.3,0,0
2026-08-14T10:15:36.313000+09:00,2026-08-14T01:15:36.313000+00:00,094623,0.0,2,0,0,0,0,0,0,0,0,0,0,0,4623,-24512,10330,0,0,0,161,0,0,16,64,2,0,64,0,0,31082107,2018,0.09,0,0,0,25.5,26.5,27,27.8,28.4,27,27.6,26.5,24.9,25.1,32.5,361901,2009,0,0,0,0,0,0,0,60,-0.31,12182875,72561,0,0,0,1200,400,720,240,4200,7500,8500,102,1.5,6000,0,0,0,0,0,30,0,30,35,26.3,0,0
2026-08-14T10:16:36.412000+09:00,2026-08-14T01:16:36.412000+00:00,094623,1.5,2,0,0,0,0,0,0,0,0,0,0,0,4623,-24512,10330,0,0,0,161,0,0,16,64,2,0,64,0,0,31082107,2018,0.09,0,1.53,0,25.5,26.6,27,27.8,28.4,27,27.6,26.5,24.9,25.2,32.5,361901,2009,0,0,0,0,0,0,0,60,-0.31,12182875,72561,0,0,0,1200,400,720,240,4200,7500,8500,102,1.5,6000,0,0,0,0,0,30,0,30,35,26.4,0,0
2026-08-14T10:17:36.520000+09:00,2026-08-14T01:17:36.520000+00:00,094623,0.0,2,0,0,0,0,0,0,0,0,0,0,0,4623,-24512,10330,0,0,0,161,0,0,16,64,2,0,64,0,0,31082107,2018,0.09,0,0,0,25.5,26.6,27,27.8,28.4,27,27.6,26.5,24.9,25.2,32.4,361901,2009,0,0,0,0,0,0,0,60,-0.31,12182875,72561,0,0,0,1200,400,720,240,4200,7500,8500,102,1.5,6000,0,0,0,0,0,30,0,30,35,26.4,0,0
2026-08-14T10:18:36.614000+09:00,2026-08-14T01:18:36.614000+00:00,094623,0.0,2,0,0,0,0,0,0,0,0,0,0,0,4623,-24512,10330,0,0,0,161,0,0,16,64,2,0,64,0,0,31082107,2018,0.09,0,0,0,25.5,26.6,27.1,27.8,28.5,27.1,27.7,26.5,24.9,25.2,32.5,361901,2009,0,0,0,0,0,0,0,60,-0.31,12182875,72561,0,0,0,1200,400,720,240,4200,7500,8500,102,1.5,6000,0,0,0,0,0,30,0,30,35,26.4,0,0
2026-08-14T10:19:36.706000+09:00,2026-08-14T01:19:36.706000+00:00,094623,0.0,2,0,0,0,0,0,0,0,0,0,0,0,4623,-24512,10330,0,0,0,161,0,0,16,64,2,0,64,0,0,31082107,2018,0.09,0,0,0,25.5,26.6,27.1,27.8,28.5,27.1,27.7,26.5,24.9,25.2,32.4,361901,2009,0,0,0,0,0,0,0,60,-0.28,12182875,72561,0,0,0,1200,400,720,240,4200,7500,8500,102,1.5,6000,0,0,0,0,0,30,0,30,35,26.4,0,0
2026-08-14T10:20:36.800000+09:00,2026-08-14T01:20:36.800000+00:00,094623,0.0,2,0,0,0,0,0,0,0,0,0,0,0,4623,-24512,10330,0,0,0,161,0,0,16,64,2,0,64,0,0,31082107,2018,0.09,0,0,0,25.6,26.6,27.1,27.8,28.5,27.1,27.7,26.5,24.9,25.2,32.4,361901,2009,0,0,0,0,0,0,0,60,-0.28,12182875,72561,0,0,0,1200,400,720,240,4200,7500,8500,102,1.5,6000,0,0,0,0,0,30,0,30,35,26.4,0,0
2026-08-14T10:21:36.900000+09:00,2026-08-14T01:21:36.900000+00:00,094623,0.0,2,0,0,0,0,0,0,0,0,0,0,0,4623,-24512,10330,0,0,0,161,0,0,16,64,2,0,64,0,0,31082107,2018,0.09,0,0,0,25.6,26.6,27.1,27.8,28.6,27.1,27.7,26.5,24.9,25.2,32.4,361901,2009,0,0,0,0,0,0,0,60,-0.28,12182875,72561,0,0,0,1200,400,720,240,4200,7500,8500,102,1.5,6000,0,0,0,0,0,30,0,30,35,26.4,0,0
2026-08-14T10:22:36.998000+09:00,2026-08-14T01:22:36.998000+00:00,094623,0.0,2,0,0,0,0,0,0,0,0,0,0,0,4623,-24512,10330,0,0,0,161,0,0,16,64,2,0,64,0,0,31082107,2018,0.09,0,0,0,25.6,26.6,27.1,27.8,28.6,27.2,27.7,26.5,24.9,25.2,32.4,361901,2009,0,0,0,0,0,0,0,60,-0.28,12182875,72561,0,0,0,1200,400,720,240,4200,7500,8500,102,1.5,6000,0,0,0,0,0,30,0,30,35,26.4,0,0
2026-08-14T10:23:37.088000+09:00,2026-08-14T01:23:37.088000+00:00,094623,0.0,2,0,0,0,0,0,0,0,0,0,0,0,4623,-24512,10330,0,0,0,161,0,0,16,64,2,0,64,0,0,31082107,2018,0.09,0,0,0,25.6,26.6,27.2,27.8,28.6,27.2,27.7,26.5,24.9,25.2,32.4,361901,2009,0,0,0,0,0,0,0,60,-0.28,12182875,72561,0,0,0,1200,400,720,240,4200,7500,8500,102,1.5,6000,0,0,0,0,0,30,0,30,35,26.4,0,0
2026-08-14T10:24:37.200000+09:00,2026-08-14T01:24:37.200000+00:00,094623,0.0,2,0,0,0,0,0,0,0,0,0,0,0,4623,-24512,10330,0,0,0,161,0,0,16,64,2,0,64,0,0,31082107,2018,0.09,0,0,0,25.6,26.6,27.2,27.8,28.6,27.2,27.7,26.6,25,25.2,32.4,361901,2009,0,0,0,0,0,0,0,60,-0.28,12182875,72561,0,0,0,1200,400,720,240,4200,7500,8500,102,1.5,6000,0,0,0,0,0,30,0,30,35,26.4,0,0
2026-08-14T10:25:37.298000+09:00,2026-08-14T01:25:37.298000+00:00,094623,0.0,2,0,0,0,0,0,0,0,0,0,0,0,4623,-24512,10330,0,0,0,161,0,0,16,64,2,0,64,0,0,31082107,2018,0.09,0,0,0,25.6,26.7,27.2,27.7,28.7,27.2,27.7,26.6,25,25.2,32.4,361901,2009,0,0,0,0,0,0,0,60,-0.28,12182875,72561,0,0,0,1200,400,720,240,4200,7500,8500,102,1.5,6000,0,0,0,0,0,30,0,30,35,26.4,0,0
2026-08-14T10:26:37.386000+09:00,2026-08-14T01:26:37.386000+00:00,094623,0.0,2,0,0,0,0,0,0,0,0,0,0,0,4623,-24512,10330,0,0,0,161,0,0,16,64,2,0,64,0,0,31082107,2018,0.09,0,0,0,25.6,26.7,27.2,27.8,28.7,27.2,27.7,26.6,25,25.2,32.4,361901,2009,0,0,0,0,0,0,0,60,-0.28,12182875,72561,0,0,0,1200,400,720,240,4200,7500,8500,102,1.5,6000,0,0,0,0,0,30,0,30,35,26.4,0,0
2026-08-14T10:27:37.481000+09:00,2026-08-14T01:27:37.481000+00:00,094623,0.0,2,0,0,0,0,0,0,0,0,0,0,0,4623,-24512,10330,0,0,0,161,0,0,16,64,2,0,64,0,0,31082107,2018,0.09,0,0,0,25.6,26.7,27.2,27.8,28.7,27.2,27.7,26.6,25,25.2,32.4,361901,2009,0,0,0,0,0,0,0,60,-0.27,12182875,72561,0,0,0,1200,400,720,240,4200,7500,8500,102,1.5,6000,0,0,0,0,0,30,0,30,35,26.4,0,0
2026-08-14T10:28:37.576000+09:00,2026-08-14T01:28:37.576000+00:00,094623,0.0,2,0,0,0,0,0,0,0,0,0,0,0,4623,-24512,10330,0,0,0,161,0,0,16,64,2,0,64,0,0,31082107,2018,0.09,0,0,0,25.6,26.7,27.2,27.8,28.7,27.3,27.7,26.6,25,25.2,32.4,361901,2009,0,0,0,0,0,0,0,60,-0.28,12182875,72561,0,0,0,1200,400,720,240,4200,7500,8500,102,1.5,6000,0,0,0,0,0,30,0,30,35,26.5,0,0
2026-08-14T10:29:37.676000+09:00,2026-08-14T01:29:37.676000+00:00,094623,0.0,2,0,0,0,0,0,0,0,0,0,0,0,4623,-24512,10330,0,0,0,161,0,0,16,64,2,0,64,0,0,31082107,2018,0.09,0,0,0,25.6,26.7,27.3,27.8,28.8,27.3,27.8,26.6,25,25.2,32.4,361901,2009,0,0,0,0,0,0,0,60,-0.3,12182875,72561,0,0,0,1200,400,720,240,4200,7500,8500,102,1.5,6000,0,0,0,0,0,30,0,30,35,26.5,0,0
2026-08-14T10:30:37.772000+09:00,2026-08-14T01:30:37.772000+00:00,094623,0.0,2,0,0,0,0,0,0,0,0,0,0,0,4623,-24512,10330,0,0,0,161,0,0,16,64,2,0,64,0,0,31082107,2018,0.09,0,0,0,25.7,26.7,27.3,27.8,28.8,27.3,27.8,26.6,25,25.2,32.3,361901,2009,0,0,0,0,0,0,0,60,-0.3,12182875,72561,0,0,0,1200,400,720,240,4200,7500,8500,102,1.5,6000,0,0,0,0,0,30,0,30,35,26.5,0,0
2026-08-14T10:31:37.867000+09:00,2026-08-14T01:31:37.867000+00:00,094623,0.0,2,0,0,0,0,0,0,0,0,0,0,0,4623,-24512,10330,0,0,0,161,0,0,16,64,2,0,64,0,0,31082107,2018,0.09,0,0,0,25.7,26.7,27.3,27.8,28.8,27.3,27.8,26.6,25,25.2,32.3,361901,2009,0,0,0,0,0,0,0,60,-0.3,12182875,72561,0,0,0,1200,400,720,240,4200,7500,8500,102,1.5,6000,0,0,0,0,0,30,0,30,35,26.5,0,0
2026-08-14T10:32:37.980000+09:00,2026-08-14T01:32:37.980000+00:00,094623,0.0,2,0,0,0,0,0,0,0,0,0,0,0,4623,-24512,10330,0,0,0,161,0,0,16,64,2,0,64,0,0,31082107,2018,0.09,0,0,0,25.7,26.7,27.3,27.8,28.8,27.3,27.8,26.6,25,25.2,32.3,361901,2009,0,0,0,0,0,0,0,60,-0.31,12182875,72561,0,0,0,1200,400,720,240,4200,7500,8500,102,1.5,6000,0,0,0,0,0,30,0,30,35,26.5,0,0
2026-08-14T10:33:38.080000+09:00,2026-08-14T01:33:38.080000+00:00,094623,0.0,2,0,0,0,0,0,0,0,0,0,0,0,4623,-24512,10330,0,0,0,161,0,0,16,64,2,0,64,0,0,31082107,2018,0.09,0,0,0,25.7,26.7,27.3,27.8,28.8,27.3,27.8,26.6,25,25.2,32.3,361901,2009,0,0,0,0,0,0,0,60,-0.31,12182875,72561,0,0,0,1200,400,720,240,4200,7500,8500,102,1.5,6000,0,0,0,0,0,30,0,30,35,26.5,0,0
2026-08-14T10:34:38.176000+09:00,2026-08-14T01:34:38.176000+00:00,094623,0.0,2,0,0,0,0,0,0,0,0,0,0,0,4623,-24512,10330,0,0,0,161,0,0,16,64,2,0,64,0,0,31082107,2018,0.09,0,0,0,25.7,26.7,27.3,27.8,28.9,27.3,27.8,26.6,25,25.2,32.3,361901,2009,0,0,0,0,0,0,0,60,-0.3,12182875,72562,0,0,0,1200,400,720,240,4200,7500,8500,102,1.5,6000,0,0,0,0,0,30,0,30,35,26.5,0,0
2026-08-14T10:35:38.271000+09:00,2026-08-14T01:35:38.271000+00:00,094623,2.8,2,0,0,0,0,0,0,0,0,0,0,0,4623,-24512,10330,0,0,0,161,0,0,16,64,2,0,64,0,0,31082107,2018,0.09,0,2.75,0,25.7,26.8,27.3,27.8,28.9,27.4,27.8,26.6,25,25.2,32.3,361901,2009,0,0,0,0,0,0,0,60,-0.3,12182875,72562,0,0,0,1200,400,720,240,4200,7500,8500,102,1.5,6000,0,0,0,0,0,30,0,30,35,26.5,0,0
2026-08-14T10:36:38.361000+09:00,2026-08-14T01:36:38.361000+00:00,094623,0.0,2,0,0,0,0,0,0,0,0,0,0,0,4623,-24512,10330,0,0,0,161,0,0,16,64,2,0,64,0,0,31082107,2018,0.09,0,0,0,25.8,26.8,27.3,27.8,28.9,27.4,27.8,26.6,25,25.2,32.3,361901,2009,0,0,0,0,0,0,0,60,-0.3,12182875,72562,0,0,0,1200,400,720,240,4200,7500,8500,102,1.5,6000,0,0,0,0,0,30,0,30,35,26.5,0,0
2026-08-14T10:37:38.462000+09:00,2026-08-14T01:37:38.462000+00:00,094623,0.0,2,0,0,0,0,0,0,0,0,0,0,0,4623,-24512,10330,0,0,0,161,0,0,16,64,2,0,64,0,0,31082107,2018,0.09,0,0,0,25.8,26.8,27.4,27.8,28.9,27.4,27.8,26.6,25,25.2,32.3,361901,2009,0,0,0,0,0,0,0,60,-0.31,12182875,72562,0,0,0,1200,400,720,240,4200,7500,8500,102,1.5,6000,0,0,0,0,0,30,0,30,35,26.5,0,0
2026-08-14T10:38:38.563000+09:00,2026-08-14T01:38:38.563000+00:00,094623,0.0,2,0,0,0,0,0,0,0,0,0,0,0,4623,-24512,10330,0,0,0,161,0,0,16,64,2,0,64,0,0,31082107,2018,0.09,0,0,0,25.8,26.8,27.4,27.8,28.9,27.4,27.8,26.7,25.1,25.3,32.3,361901,2009,0,0,0,0,0,0,0,60,-0.31,12182875,72562,0,0,0,1200,400,720,240,4200,7500,8500,102,1.5,6000,0,0,0,0,0,30,0,30,35,26.6,0,0
2026-08-14T10:39:38.654000+09:00,2026-08-14T01:39:38.654000+00:00,094623,0.0,2,0,0,0,0,0,0,0,0,0,0,0,4623,-24512,10330,0,0,0,161,0,0,16,64,2,0,64,0,0,31082107,2018,0.09,0,0,0,25.8,26.8,27.4,27.9,28.9,27.4,27.8,26.7,25.1,25.3,32.2,361901,2009,0,0,0,0,0,0,0,60,-0.3,12182875,72562,0,0,0,1200,400,720,240,4200,7500,8500,102,1.5,6000,0,0,0,0,0,30,0,30,35,26.6,0,0
2026-08-14T10:40:38.745000+09:00,2026-08-14T01:40:38.745000+00:00,094623,0.0,2,0,0,0,0,0,0,0,0,0,0,0,4623,-24512,10330,0,0,0,161,0,0,16,64,2,0,64,0,0,31082107,2018,0.09,0,0,0,25.8,26.8,27.4,27.9,29,27.5,27.8,26.7,25.1,25.3,32.2,361901,2009,0,0,0,0,0,0,0,60,-0.31,12182875,72562,0,0,0,1200,400,720,240,4200,7500,8500,102,1.5,6000,0,0,0,0,0,30,0,30,35,26.6,0,0
2026-08-14T10:41:38.853000+09:00,2026-08-14T01:41:38.853000+00:00,094623,0.0,2,0,0,0,0,0,0,0,0,0,0,0,4623,-24512,10330,0,0,0,161,0,0,16,64,2,0,64,0,0,31082107,2018,0.09,0,0,0,25.8,26.8,27.4,27.9,29,27.5,27.8,26.7,25.1,25.3,32.2,361901,2009,0,0,0,0,0,0,0,60,-0.31,12182875,72562,0,0,0,1200,400,720,240,4200,7500,8500,102,1.5,6000,0,0,0,0,0,30,0,30,35,26.6,0,0
2026-08-14T10:42:38.953000+09:00,2026-08-14T01:42:38.953000+00:00,094623,0.0,2,0,0,0,0,0,0,0,0,0,0,0,4623,-24512,10330,0,0,0,161,0,0,16,64,2,0,64,0,0,31082107,2018,0.09,0,0,0,25.8,26.8,27.4,27.9,29,27.5,27.8,26.7,25.1,25.3,32.2,361901,2009,0,0,0,0,0,0,0,60,-0.31,12182875,72562,0,0,0,1200,400,720,240,4200,7500,8500,102,1.5,6000,0,0,0,0,0,30,0,30,35,26.6,0,0
2026-08-14T10:43:39.059000+09:00,2026-08-14T01:43:39.059000+00:00,094623,0.0,2,0,0,0,0,0,0,0,0,0,0,0,4623,-24512,10330,0,0,0,161,0,0,16,64,2,0,64,0,0,31082107,2018,0.09,0,0,0,25.8,26.8,27.4,27.9,29,27.5,27.8,26.7,25.1,25.3,32.2,361901,2009,0,0,0,0,0,0,0,60,-0.31,12182875,72562,0,0,0,1200,400,720,240,4200,7500,8500,102,1.5,6000,0,0,0,0,0,30,0,30,35,26.6,0,0
2026-08-14T10:44:39.157000+09:00,2026-08-14T01:44:39.157000+00:00,094623,0.0,2,0,0,0,0,0,0,0,0,0,0,0,4623,-24512,10330,0,0,0,161,0,0,16,64,2,0,64,0,0,31082107,2018,0.09,0,0,0,25.8,26.8,27.4,28,29,27.5,27.8,26.7,25.1,25.3,32.2,361901,2009,0,0,0,0,0,0,0,60,-0.3,12182875,72562,0,0,0,1200,400,720,240,4200,7500,8500,102,1.5,6000,0,0,0,0,0,30,0,30,35,26.6,0,0
2026-08-14T10:45:39.261000+09:00,2026-08-14T01:45:39.261000+00:00,094623,0.0,2,0,0,0,0,0,0,0,0,0,0,0,4623,-24512,10330,0,0,0,161,0,0,16,64,2,0,64,0,0,31082107,2018,0.09,0,0,0,25.9,26.8,27.5,28,29,27.5,27.8,26.7,25.1,25.3,32.2,361901,2009,0,0,0,0,0,0,0,60,-0.31,12182875,72562,0,0,0,1200,400,720,240,4200,7500,8500,102,1.5,6000,0,0,0,0,0,30,0,30,35,26.6,0,0
2026-08-14T10:46:39.352000+09:00,2026-08-14T01:46:39.352000+00:00,094623,1.5,2,0,0,0,0,0,0,0,0,0,0,0,4623,-24512,10330,0,0,0,161,0,0,16,64,2,0,64,0,0,31082107,2018,0.09,0,1.53,0,25.9,26.9,27.5,28.1,29.1,27.5,27.8,26.7,25.1,25.3,32.2,361901,2009,0,0,0,0,0,0,0,60,-0.31,12182875,72562,0,0,0,1200,400,720,240,4200,7500,8500,102,1.5,6000,0,0,0,0,0,30,0,30,35,26.6,0,0
2026-08-14T10:47:39.448000+09:00,2026-08-14T01:47:39.448000+00:00,094623,0.0,2,0,0,0,0,0,0,0,0,0,0,0,4623,-24512,10330,0,0,0,161,0,0,16,64,2,0,64,0,0,31082107,2018,0.09,0,0,0,25.9,26.9,27.5,28.2,29.1,27.6,27.8,26.7,25.1,25.3,32.1,361901,2009,0,0,0,0,0,0,0,60,-0.3,12182875,72562,0,0,0,1200,400,720,240,4200,7500,8500,102,1.5,6000,0,0,0,0,0,30,0,30,35,26.6,0,0
2026-08-14T10:48:39.538000+09:00,2026-08-14T01:48:39.538000+00:00,094623,0.0,2,0,0,0,0,0,0,0,0,0,0,0,4623,-24512,10330,0,0,0,161,0,0,16,64,2,0,64,0,0,31082107,2018,0.09,0,0,0,25.9,26.9,27.5,28.2,29.1,27.6,27.8,26.7,25.1,25.3,32.2,361901,2009,0,0,0,0,0,0,0,60,-0.31,12182875,72562,0,0,0,1200,400,720,240,4200,7500,8500,102,1.5,6000,0,0,0,0,0,30,0,30,35,26.6,0,0
2026-08-14T10:49:39.631000+09:00,2026-08-14T01:49:39.631000+00:00,094623,0.0,2,0,0,0,0,0,0,0,0,0,0,0,4623,-24512,10330,0,0,0,161,0,0,16,64,2,0,64,0,0,31082107,2018,0.09,0,0,0,25.9,26.9,27.5,28.2,29.1,27.6,27.9,26.7,25.2,25.3,32.1,361901,2009,0,0,0,0,0,0,0,60,-0.31,12182875,72562,0,0,0,1200,400,720,240,4200,7500,8500,102,1.5,6000,0,0,0,0,0,30,0,30,35,26.6,0,0
2026-08-14T10:50:39.753000+09:00,2026-08-14T01:50:39.753000+00:00,094623,0.0,2,0,0,0,0,0,0,0,0,0,0,0,4623,-24512,10330,0,0,0,161,0,0,16,64,2,0,64,0,0,31082107,2018,0.09,0,0,0,25.9,26.9,27.5,28.2,29.2,27.6,27.9,26.8,25.2,25.3,32.1,361901,2009,0,0,0,0,0,0,0,60,-0.31,12182875,72562,0,0,0,1200,400,720,240,4200,7500,8500,102,1.5,6000,0,0,0,0,0,30,0,30,35,26.6,0,0
2026-08-14T10:51:39.835000+09:00,2026-08-14T01:51:39.835000+00:00,094623,0.0,2,0,0,0,0,0,0,0,0,0,0,0,4623,-24512,10330,0,0,0,161,0,0,16,64,2,0,64,0,0,31082107,2018,0.09,0,0,0,25.9,26.9,27.6,28.1,29.2,27.6,27.9,26.8,25.2,25.3,32.1,361901,2009,0,0,0,0,0,0,0,60,-0.31,12182875,72562,0,0,0,1200,400,720,240,4200,7500,8500,102,1.5,6000,0,0,0,0,0,30,0,30,35,26.6,0,0
2026-08-14T10:52:39.925000+09:00,2026-08-14T01:52:39.925000+00:00,094623,0.0,2,0,0,0,0,0,0,0,0,0,0,0,4623,-24512,10330,0,0,0,161,0,0,16,64,2,0,64,0,0,31082107,2018,0.09,0,0,0,25.9,26.9,27.6,28.1,29.2,27.6,27.9,26.8,25.2,25.3,32.1,361901,2009,0,0,0,0,0,0,0,60,-0.31,12182875,72562,0,0,0,1200,400,720,240,4200,7500,8500,102,1.5,6000,0,0,0,0,0,30,0,30,35,26.6,0,0
2026-08-14T10:53:40.024000+09:00,2026-08-14T01:53:40.024000+00:00,094623,1.5,2,0,0,0,0,0,0,0,0,0,0,0,4623,-24512,10330,0,0,0,161,0,0,16,64,2,0,64,0,0,31082107,2018,0.09,0,1.53,0,26,26.9,27.6,28.1,29.2,27.6,27.9,26.8,25.2,25.3,32.1,361901,2009,0,0,0,0,0,0,0,60,-0.3,12182875,72563,0,0,0,1200,400,720,240,4200,7500,8500,102,1.5,6000,0,0,0,0,0,30,0,30,35,26.6,0,0
2026-08-14T10:54:40.124000+09:00,2026-08-14T01:54:40.124000+00:00,094623,1.5,2,0,0,0,0,0,0,0,0,0,0,0,4623,-24512,10330,0,0,0,161,0,0,16,64,2,0,64,0,0,31082107,2018,0.09,0,1.53,0,26,26.9,27.6,28.1,29.2,27.7,27.9,26.8,25.2,25.3,32.1,361901,2009,0,0,0,0,0,0,0,60,-0.31,12182875,72563,0,0,0,1200,400,720,240,4200,7500,8500,102,1.5,6000,0,0,0,0,0,30,0,30,35,26.7,0,0
2026-08-14T10:55:40.222000+09:00,2026-08-14T01:55:40.222000+00:00,094623,0.0,2,0,0,0,0,0,0,0,0,0,0,0,4623,-24512,10330,0,0,0,161,0,0,16,64,2,0,64,0,0,31082107,2018,0.09,0,0,0,26,26.9,27.6,28.2,29.2,27.7,27.9,26.8,25.2,25.3,32.1,361901,2009,0,0,0,0,0,0,0,60,-0.31,12182875,72563,0,0,0,1200,400,720,240,4200,7500,8500,102,1.5,6000,0,0,0,0,0,30,0,30,35,26.7,0,0
2026-08-14T10:56:40.317000+09:00,2026-08-14T01:56:40.317000+00:00,094623,0.0,2,0,0,0,0,0,0,0,0,0,0,0,4623,-24512,10330,0,0,0,161,0,0,16,64,2,0,64,0,0,31082107,2018,0.09,0,0,0,26,26.9,27.6,28.3,29.3,27.7,27.9,26.8,25.2,25.3,32.1,361901,2009,0,0,0,0,0,0,0,60,-0.3,12182875,72563,0,0,0,1200,400,720,240,4200,7500,8500,102,1.5,6000,0,0,0,0,0,30,0,30,35,26.7,0,0
2026-08-14T10:57:40.426000+09:00,2026-08-14T01:57:40.426000+00:00,094623,0.0,2,0,0,0,0,0,0,0,0,0,0,0,4623,-24512,10330,0,0,0,161,0,0,16,64,2,0,64,0,0,31082107,2018,0.09,0,0,0,26,26.9,27.6,28.3,29.3,27.7,27.9,26.8,25.2,25.4,32.1,361901,2009,0,0,0,0,0,0,0,60,-0.3,12182875,72563,0,0,0,1200,400,720,240,4200,7500,8500,102,1.5,6000,0,0,0,0,0,30,0,30,35,26.7,0,0
2026-08-14T10:58:40.533000+09:00,2026-08-14T01:58:40.533000+00:00,094623,2.8,2,0,0,0,0,0,0,0,0,0,0,0,4623,-24512,10330,0,0,0,161,0,0,16,64,2,0,64,0,0,31082107,2018,0.09,0,2.75,0,26,27,27.6,28.4,29.3,27.7,27.9,26.8,25.2,25.4,32.1,361901,2009,0,0,0,0,0,0,0,60,-0.31,12182875,72563,0,0,0,1200,400,720,240,4200,7500,8500,102,1.5,6000,0,0,0,0,0,30,0,30,35,26.7,0,0
2026-08-14T10:59:40.636000+09:00,2026-08-14T01:59:40.636000+00:00,094623,0.0,2,0,0,0,0,0,0,0,0,0,0,0,4623,-24512,10330,0,0,0,161,0,0,16,64,2,0,64,0,0,31082107,2018,0.09,0,0,0,26,27,27.6,28.5,29.3,27.7,27.9,26.8,25.2,25.4,32.1,361901,2009,0,0,0,0,0,0,0,60,-0.31,12182875,72563,0,0,0,1200,400,720,240,4200,7500,8500,102,1.5,6000,0,0,0,0,0,30,0,30,35,26.7,0,0
2026-08-14T11:00:40.724000+09:00,2026-08-14T02:00:40.724000+00:00,094623,0.0,2,0,0,0,0,0,0,0,0,0,0,0,4623,-24512,10330,0,0,0,161,0,0,16,64,2,0,64,0,0,31082107,2018,0.09,0,0,0,26,27,27.7,28.5,29.4,27.8,28,26.8,25.2,25.4,32,361901,2009,0,0,0,0,0,0,0,60,-0.3,12182875,72563,0,0,0,1200,400,720,240,4200,7500,8500,102,1.5,6000,0,0,0,0,0,30,0,30,35,26.7,0,0
2026-08-14T11:01:40.817000+09:00,2026-08-14T02:01:40.817000+00:00,094623,0.0,2,0,0,0,0,0,0,0,0,0,0,0,4623,-24512,10330,0,0,0,161,0,0,16,64,2,0,64,0,0,31082107,2018,0.09,0,0,0,26.1,27,27.7,28.5,29.4,27.8,27.9,26.8,25.2,25.4,32,361901,2009,0,0,0,0,0,0,0,60,-0.31,12182875,72563,0,0,0,1200,400,720,240,4200,7500,8500,102,1.5,6000,0,0,0,0,0,30,0,30,35,26.7,0,0
2026-08-14T11:02:40.922000+09:00,2026-08-14T02:02:40.922000+00:00,094623,0.0,2,0,0,0,0,0,0,0,0,0,0,0,4623,-24512,10330,0,0,0,161,0,0,16,64,2,0,64,0,0,31082107,2018,0.09,0,0,0,26.1,27,27.7,28.5,29.4,27.8,27.9,26.8,25.3,25.4,32,361901,2009,0,0,0,0,0,0,0,60,-0.31,12182875,72563,0,0,0,1200,400,720,240,4200,7500,8500,102,1.5,6000,0,0,0,0,0,30,0,30,35,26.7,0,0
2026-08-14T11:03:41.010000+09:00,2026-08-14T02:03:41.010000+00:00,094623,0.0,2,0,0,0,0,0,0,0,0,0,0,0,4623,-24512,10330,0,0,0,161,0,0,16,64,2,0,64,0,0,31082107,2018,0.09,0,0,0,26.1,27,27.7,28.6,29.4,27.8,28,26.9,25.3,25.4,32,361901,2009,0,0,0,0,0,0,0,60,-0.29,12182875,72563,0,0,0,1200,400,720,240,4200,7500,8500,102,1.5,6000,0,0,0,0,0,30,0,30,35,26.7,0,0
2026-08-14T11:04:41.093000+09:00,2026-08-14T02:04:41.093000+00:00,094623,0.0,2,0,0,0,0,0,0,0,0,0,0,0,4623,-24512,10330,0,0,0,161,0,0,16,64,2,0,64,0,0,31082107,2018,0.09,0,0,0,26.1,27,27.8,28.6,29.5,27.8,28,26.9,25.3,25.4,32,361901,2009,0,0,0,0,0,0,0,60,-0.31,12182875,72563,0,0,0,1200,400,720,240,4200,7500,8500,102,1.5,6000,0,0,0,0,0,30,0,30,35,26.7,0,0
2026-08-14T11:05:41.194000+09:00,2026-08-14T02:05:41.194000+00:00,094623,0.0,2,0,0,0,0,0,0,0,0,0,0,0,4623,-24512,10330,0,0,0,161,0,0,16,64,2,0,64,0,0,31082107,2018,0.09,0,0,0,26.1,27,27.8,28.6,29.5,27.8,27.9,26.9,25.3,25.4,32,361901,2009,0,0,0,0,0,0,0,60,-0.3,12182875,72563,0,0,0,1200,400,720,240,4200,7500,8500,102,1.5,6000,0,0,0,0,0,30,0,30,35,26.8,0,0
2026-08-14T11:06:41.293000+09:00,2026-08-14T02:06:41.293000+00:00,094623,0.0,2,0,0,0,0,0,0,0,0,0,0,0,4623,-24512,10330,0,0,0,161,0,0,16,64,2,0,64,0,0,31082107,2018,0.09,0,0,0,26.1,27,27.8,28.6,29.5,27.9,28,26.9,25.3,25.4,32,361901,2009,0,0,0,0,0,0,0,60,-0.31,12182875,72563,0,0,0,1200,400,720,240,4200,7500,8500,102,1.5,6000,0,0,0,0,0,30,0,30,35,26.8,0,0
2026-08-14T11:07:41.381000+09:00,2026-08-14T02:07:41.381000+00:00,094623,0.0,2,0,0,0,0,0,0,0,0,0,0,0,4623,-24512,10330,0,0,0,161,0,0,16,64,2,0,64,0,0,31082107,2018,0.09,0,0,0,26.2,27,27.8,28.6,29.5,27.9,28,26.9,25.3,25.4,32,361901,2009,0,0,0,0,0,0,0,60,-0.31,12182875,72563,0,0,0,1200,400,720,240,4200,7500,8500,102,1.5,6000,0,0,0,0,0,30,0,30,35,26.8,0,0
2026-08-14T11:08:41.474000+09:00,2026-08-14T02:08:41.474000+00:00,094623,0.0,2,0,0,0,0,0,0,0,0,0,0,0,4623,-24512,10330,0,0,0,161,0,0,16,64,2,0,64,0,0,31082107,2018,0.09,0,0,0,26.2,27.1,27.8,28.6,29.6,27.9,28,26.9,25.3,25.4,32,361901,2009,0,0,0,0,0,0,0,60,-0.31,12182875,72563,0,0,0,1200,400,720,240,4200,7500,8500,102,1.5,6000,0,0,0,0,0,30,0,30,35,26.8,0,0
2026-08-14T11:09:41.585000+09:00,2026-08-14T02:09:41.585000+00:00,094623,0.0,2,0,0,0,0,0,0,0,0,0,0,0,4623,-24512,10330,0,0,0,161,0,0,16,64,2,0,64,0,0,31082107,2018,0.09,0,0,0,26.2,27.1,27.9,28.7,29.6,27.9,28,26.9,25.3,25.4,32,361901,2009,0,0,0,0,0,0,0,60,-0.31,12182875,72563,0,0,0,1200,400,720,240,4200,7500,8500,102,1.5,6000,0,0,0,0,0,30,0,30,35,26.8,0,0
2026-08-14T11:10:41.699000+09:00,2026-08-14T02:10:41.699000+00:00,094623,0.0,2,0,0,0,0,0,0,0,0,0,0,0,4623,-24512,10330,0,0,0,161,0,0,16,64,2,0,64,0,0,31082107,2018,0.09,0,0,0,26.2,27.1,27.9,28.7,29.6,27.9,28,26.9,25.3,25.4,32,361901,2009,0,0,0,0,0,0,0,60,-0.31,12182875,72563,0,0,0,1200,400,720,240,4200,7500,8500,102,1.5,6000,0,0,0,0,0,30,0,30,35,26.8,0,0
2026-08-14T11:11:41.801000+09:00,2026-08-14T02:11:41.801000+00:00,094623,0.0,2,0,0,0,0,0,0,0,0,0,0,0,4623,-24512,10330,0,0,0,161,0,0,16,64,2,0,64,0,0,31082107,2018,0.09,0,0,0,26.2,27.1,27.9,28.8,29.6,27.9,28,26.9,25.3,25.4,32,361901,2009,0,0,0,0,0,0,0,60,-0.31,12182875,72563,0,0,0,1200,400,720,240,4200,7500,8500,102,1.5,6000,0,0,0,0,0,30,0,30,35,26.8,0,0
2026-08-14T11:12:41.887000+09:00,2026-08-14T02:12:41.887000+00:00,094623,0.0,2,0,0,0,0,0,0,0,0,0,0,0,4623,-24512,10330,0,0,0,161,0,0,16,64,2,0,64,0,0,31082107,2018,0.09,0,0,0,26.2,27.1,27.9,28.9,29.7,27.9,28,26.9,25.3,25.4,32,361901,2009,0,0,0,0,0,0,0,60,-0.3,12182875,72563,0,0,0,1200,400,720,240,4200,7500,8500,102,1.5,6000,0,0,0,0,0,30,0,30,35,26.8,0,0
2026-08-14T11:13:41.988000+09:00,2026-08-14T02:13:41.988000+00:00,094623,0.0,2,0,0,0,0,0,0,0,0,0,0,0,4623,-24512,10330,0,0,0,161,0,0,16,64,2,0,64,0,0,31082107,2018,0.09,0,0,0,26.2,27.1,27.9,28.9,29.8,28,28.1,26.9,25.4,25.4,32,361901,2009,0,0,0,0,0,0,0,60,-0.31,12182875,72564,0,0,0,1200,400,720,240,4200,7500,8500,102,1.5,6000,0,0,0,0,0,30,0,30,35,26.8,0,0
2026-08-14T11:14:42.088000+09:00,2026-08-14T02:14:42.088000+00:00,094623,1.5,2,0,0,0,0,0,0,0,0,0,0,0,4623,-24512,10330,0,0,0,161,0,0,16,64,2,0,64,0,0,31082107,2018,0.09,0,1.53,0,26.3,27.1,28,28.9,29.7,28,28.1,26.9,25.4,25.5,32,361901,2009,0,0,0,0,0,0,0,60,-0.31,12182875,72564,0,0,0,1200,400,720,240,4200,7500,8500,102,1.5,6000,0,0,0,0,0,30,0,30,35,26.8,0,0
2026-08-14T11:15:42.164000+09:00,2026-08-14T02:15:42.164000+00:00,094623,0.0,2,0,0,0,0,0,0,0,0,0,0,0,4623,-24512,10330,0,0,0,161,0,0,16,64,2,0,64,0,0,31082107,2018,0.09,0,0,0,26.3,27.1,28,29,29.7,28,28.1,26.9,25.4,25.5,31.9,361901,2009,0,0,0,0,0,0,0,60,-0.31,12182875,72564,0,0,0,1200,400,720,240,4200,7500,8500,102,1.5,6000,0,0,0,0,0,30,0,30,35,26.8,0,0
2026-08-14T11:16:42.313000+09:00,2026-08-14T02:16:42.313000+00:00,094623,0.0,2,0,0,0,0,0,0,0,0,0,0,0,4623,-24512,10330,0,0,0,161,0,0,16,64,2,0,64,0,0,31082107,2018,0.09,0,0,0,26.3,27.1,28,29,29.8,28,28.1,26.9,25.4,25.5,31.9,361901,2009,0,0,0,0,0,0,0,60,-0.31,12182875,72564,0,0,0,1200,400,720,240,4200,7500,8500,102,1.5,6000,0,0,0,0,0,30,0,30,35,26.9,0,0
2026-08-14T11:17:42.399000+09:00,2026-08-14T02:17:42.399000+00:00,094623,0.0,2,0,0,0,0,0,0,0,0,0,0,0,4623,-24512,10330,0,0,0,161,0,0,16,64,2,0,64,0,0,31082107,2018,0.09,0,0,0,26.3,27.2,28,29,29.8,28,28.1,26.9,25.4,25.5,31.9,361901,2009,0,0,0,0,0,0,0,60,-0.3,12182875,72564,0,0,0,1200,400,720,240,4200,7500,8500,102,1.5,6000,0,0,0,0,0,30,0,30,35,26.9,0,0
2026-08-14T11:18:42.496000+09:00,2026-08-14T02:18:42.496000+00:00,094623,0.0,2,0,0,0,0,0,0,0,0,0,0,0,4623,-24512,10330,0,0,0,161,0,0,16,64,2,0,64,0,0,31082107,2018,0.09,0,0,0,26.3,27.2,28.1,29.1,29.8,28.1,28.1,27,25.4,25.5,31.9,361901,2009,0,0,0,0,0,0,0,60,-0.31,12182875,72564,0,0,0,1200,400,720,240,4200,7500,8500,102,1.5,6000,0,0,0,0,0,30,0,30,35,26.9,0,0
2026-08-14T11:19:42.597000+09:00,2026-08-14T02:19:42.597000+00:00,094623,0.0,2,0,0,0,0,0,0,0,0,0,0,0,4623,-24512,10330,0,0,0,161,0,0,16,64,2,0,64,0,0,31082107,2018,0.09,0,0,0,26.3,27.2,28.1,29.1,29.9,28.1,28.1,27,25.4,25.5,31.9,361901,2009,0,0,0,0,0,0,0,60,-0.32,12182875,72564,0,0,0,1200,400,720,240,4200,7500,8500,102,1.5,6000,0,0,0,0,0,30,0,30,35,26.9,0,0
2026-08-14T11:20:42.694000+09:00,2026-08-14T02:20:42.694000+00:00,094623,0.0,2,0,0,0,0,0,0,0,0,0,0,0,4623,-24512,10330,0,0,0,161,0,0,16,64,2,0,64,0,0,31082107,2018,0.09,0,0,0,26.3,27.2,28.1,29.1,29.9,28.1,28.1,27,25.4,25.5,31.9,361901,2009,0,0,0,0,0,0,0,60,-0.31,12182875,72564,0,0,0,1200,400,720,240,4200,7500,8500,102,1.5,6000,0,0,0,0,0,30,0,30,35,26.9,0,0
2026-08-14T11:21:42.799000+09:00,2026-08-14T02:21:42.799000+00:00,094623,0.0,2,0,0,0,0,0,0,0,0,0,0,0,4623,-24512,10330,0,0,0,161,0,0,16,64,2,0,64,0,0,31082107,2018,0.09,0,0,0,26.4,27.2,28.1,29.2,29.9,28.1,28.1,27,25.4,25.5,31.9,361901,2009,0,0,0,0,0,0,0,60,-0.31,12182875,72564,0,0,0,1200,400,720,240,4200,7500,8500,102,1.5,6000,0,0,0,0,0,30,0,30,35,26.9,0,0
2026-08-14T11:22:42.907000+09:00,2026-08-14T02:22:42.907000+00:00,094623,0.0,2,0,0,0,0,0,0,0,0,0,0,0,4623,-24512,10330,0,0,0,161,0,0,16,64,2,0,64,0,0,31082107,2018,0.09,0,0,0,26.4,27.2,28.2,29.2,29.9,28.1,28.1,27,25.4,25.5,31.9,361901,2009,0,0,0,0,0,0,0,60,-0.31,12182875,72564,0,0,0,1200,400,720,240,4200,7500,8500,102,1.5,6000,0,0,0,0,0,30,0,30,35,26.9,0,0
2026-08-14T11:23:42.993000+09:00,2026-08-14T02:23:42.993000+00:00,094623,0.0,2,0,0,0,0,0,0,0,0,0,0,0,4623,-24512,10330,0,0,0,161,0,0,16,64,2,0,64,0,0,31082107,2018,0.09,0,0,0,26.4,27.2,28.2,29.2,30,28.2,28.1,27,25.5,25.5,31.9,361901,2009,0,0,0,0,0,0,0,60,-0.32,12182875,72564,0,0,0,1200,400,720,240,4200,7500,8500,102,1.5,6000,0,0,0,0,0,30,0,30,35,26.9,0,0
2026-08-14T11:24:43.086000+09:00,2026-08-14T02:24:43.086000+00:00,094623,0.0,2,0,0,0,0,0,0,0,0,0,0,0,4623,-24512,10330,0,0,0,161,0,0,16,64,2,0,64,0,0,31082107,2018,0.09,0,0,0,26.4,27.2,28.2,29.2,30,28.2,28.1,27,25.5,25.5,31.9,361901,2009,0,0,0,0,0,0,0,60,-0.32,12182875,72564,0,0,0,1200,400,720,240,4200,7500,8500,102,1.5,6000,0,0,0,0,0,30,0,30,35,26.9,0,0
2026-08-14T11:25:43.169000+09:00,2026-08-14T02:25:43.169000+00:00,094623,0.0,2,0,0,0,0,0,0,0,0,0,0,0,4623,-24512,10330,0,0,0,161,0,0,16,64,2,0,64,0,0,31082107,2018,0.09,0,0,0,26.4,27.3,28.2,29.2,30,28.2,28.1,27,25.5,25.5,31.9,361901,2009,0,0,0,0,0,0,0,60,-0.3,12182875,72564,0,0,0,1200,400,720,240,4200,7500,8500,102,1.5,6000,0,0,0,0,0,30,0,30,35,27,0,0
2026-08-14T11:26:43.260000+09:00,2026-08-14T02:26:43.260000+00:00,094623,0.0,2,0,0,0,0,0,0,0,0,0,0,0,4623,-24512,10330,0,0,0,161,0,0,16,64,2,0,64,0,0,31082107,2018,0.09,0,0,0,26.4,27.3,28.2,29.2,30.1,28.2,28.1,27,25.5,25.6,31.9,361901,2009,0,0,0,0,0,0,0,60,-0.31,12182875,72564,0,0,0,1200,400,720,240,4200,7500,8500,102,1.5,6000,0,0,0,0,0,30,0,30,35,27,0,0
2026-08-14T11:27:43.367000+09:00,2026-08-14T02:27:43.367000+00:00,094623,0.0,2,0,0,0,0,0,0,0,0,0,0,0,4623,-24512,10330,0,0,0,161,0,0,16,64,2,0,64,0,0,31082107,2018,0.09,0,0,0,26.5,27.3,28.3,29.3,30.1,28.2,28.2,27,25.5,25.6,31.8,361901,2009,0,0,0,0,0,0,0,60,-0.31,12182875,72564,0,0,0,1200,400,720,240,4200,7500,8500,102,1.5,6000,0,0,0,0,0,30,0,30,35,27,0,0
2026-08-14T11:28:43.460000+09:00,2026-08-14T02:28:43.460000+00:00,094623,0.0,2,0,0,0,0,0,0,0,0,0,0,0,4623,-24512,10330,0,0,0,161,0,0,16,64,2,0,64,0,0,31082107,2018,0.09,0,0,0,26.5,27.3,28.3,29.3,30.1,28.3,28.2,27,25.5,25.6,31.8,361901,2009,0,0,0,0,0,0,0,60,-0.31,12182875,72564,0,0,0,1200,400,720,240,4200,7500,8500,102,1.5,6000,0,0,0,0,0,30,0,30,35,27,0,0
2026-08-14T11:29:43.561000+09:00,2026-08-14T02:29:43.561000+00:00,094623,0.0,2,0,0,0,0,0,0,0,0,0,0,0,4623,-24512,10330,0,0,0,161,0,0,16,64,2,0,64,0,0,31082107,2018,0.09,0,0,0,26.5,27.3,28.3,29.4,30.1,28.3,28.2,27,25.5,25.6,31.8,361901,2009,0,0,0,0,0,0,0,60,-0.3,12182875,72564,0,0,0,1200,400,720,240,4200,7500,8500,102,1.5,6000,0,0,0,0,0,30,0,30,35,27,0,0
2026-08-14T11:30:43.665000+09:00,2026-08-14T02:30:43.665000+00:00,094623,0.0,2,0,0,0,0,0,0,0,0,0,0,0,4623,-24512,10330,0,0,0,161,0,0,16,64,2,0,64,0,0,31082107,2018,0.09,0,0,0,26.5,27.3,28.3,29.4,30.2,28.3,28.2,27,25.5,25.6,31.8,361901,2009,0,0,0,0,0,0,0,60,-0.3,12182875,72564,0,0,0,1200,400,720,240,4200,7500,8500,102,1.5,6000,0,0,0,0,0,30,0,30,35,27,0,0
2026-08-14T11:31:43.781000+09:00,2026-08-14T02:31:43.781000+00:00,094623,0.0,2,0,0,0,0,0,0,0,0,0,0,0,4623,-24512,10330,0,0,0,161,0,0,16,64,2,0,64,0,0,31082107,2018,0.09,0,0,0,26.5,27.3,28.4,29.4,30.2,28.3,28.2,27.1,25.5,25.6,31.8,361901,2009,0,0,0,0,0,0,0,60,-0.31,12182875,72564,0,0,0,1200,400,720,240,4200,7500,8500,102,1.5,6000,0,0,0,0,0,30,0,30,35,27,0,0
2026-08-14T11:32:43.889000+09:00,2026-08-14T02:32:43.889000+00:00,094623,0.0,2,0,0,0,0,0,0,0,0,0,0,0,4623,-24512,10330,0,0,0,161,0,0,16,64,2,0,64,0,0,31082107,2018,0.09,0,0,0,26.5,27.3,28.4,29.4,30.2,28.4,28.2,27.1,25.6,25.6,31.8,361901,2009,0,0,0,0,0,0,0,60,-0.31,12182875,72565,0,0,0,1200,400,720,240,4200,7500,8500,102,1.5,6000,0,0,0,0,0,30,0,30,35,27,0,0
2026-08-14T11:33:44.001000+09:00,2026-08-14T02:33:44.001000+00:00,094623,0.0,2,0,0,0,0,0,0,0,0,0,0,0,4623,-24512,10330,0,0,0,161,0,0,16,64,2,0,64,0,0,31082107,2018,0.09,0,0,0,26.5,27.3,28.4,29.4,30.2,28.4,28.3,27.1,25.6,25.6,31.8,361901,2009,0,0,0,0,0,0,0,60,-0.31,12182875,72565,0,0,0,1200,400,720,240,4200,7500,8500,102,1.5,6000,0,0,0,0,0,30,0,30,35,27,0,0
2026-08-14T11:34:44.091000+09:00,2026-08-14T02:34:44.091000+00:00,094623,0.0,2,0,0,0,0,0,0,0,0,0,0,0,4623,-24512,10330,0,0,0,161,0,0,16,64,2,0,64,0,0,31082107,2018,0.09,0,0,0,26.6,27.3,28.4,29.4,30.3,28.4,28.2,27.1,25.6,25.6,31.8,361901,2009,0,0,0,0,0,0,0,60,-0.31,12182875,72565,0,0,0,1200,400,720,240,4200,7500,8500,102,1.5,6000,0,0,0,0,0,30,0,30,35,27.1,0,0
2026-08-14T11:35:44.189000+09:00,2026-08-14T02:35:44.189000+00:00,094623,0.0,2,0,0,0,0,0,0,0,0,0,0,0,4623,-24512,10330,0,0,0,161,0,0,16,64,2,0,64,0,0,31082107,2018,0.09,0,0,0,26.6,27.3,28.5,29.5,30.3,28.4,28.3,27.1,25.6,25.6,31.8,361901,2009,0,0,0,0,0,0,0,60,-0.31,12182875,72565,0,0,0,1200,400,720,240,4200,7500,8500,102,1.5,6000,0,0,0,0,0,30,0,30,35,27.1,0,0
2026-08-14T11:36:44.279000+09:00,2026-08-14T02:36:44.279000+00:00,094623,0.0,2,0,0,0,0,0,0,0,0,0,0,0,4623,-24512,10330,0,0,0,161,0,0,16,64,2,0,64,0,0,31082107,2018,0.09,0,0,0,26.6,27.4,28.5,29.5,30.3,28.4,28.3,27.1,25.6,25.6,31.7,361901,2009,0,0,0,0,0,0,0,60,-0.31,12182875,72565,0,0,0,1200,400,720,240,4200,7500,8500,102,1.5,6000,0,0,0,0,0,30,0,30,35,27.1,0,0
2026-08-14T11:37:44.366000+09:00,2026-08-14T02:37:44.366000+00:00,094623,0.0,2,0,0,0,0,0,0,0,0,0,0,0,4623,-24512,10330,0,0,0,161,0,0,16,64,2,0,64,0,0,31082107,2018,0.09,0,0,0,26.6,27.4,28.5,29.5,30.3,28.5,28.3,27.1,25.6,25.6,31.7,361901,2009,0,0,0,0,0,0,0,60,-0.31,12182875,72565,0,0,0,1200,400,720,240,4200,7500,8500,102,1.5,6000,0,0,0,0,0,30,0,30,35,27.1,0,0
2026-08-14T11:38:44.463000+09:00,2026-08-14T02:38:44.463000+00:00,094623,0.0,2,0,0,0,0,0,0,0,0,0,0,0,4623,-24512,10330,0,0,0,161,0,0,16,64,2,0,64,0,0,31082107,2018,0.09,0,0,0,26.6,27.4,28.5,29.6,30.4,28.5,28.3,27.1,25.6,25.7,31.7,361901,2009,0,0,0,0,0,0,0,60,-0.31,12182875,72565,0,0,0,1200,400,720,240,4200,7500,8500,102,1.5,6000,0,0,0,0,0,30,0,30,35,27.1,0,0
2026-08-14T11:39:44.584000+09:00,2026-08-14T02:39:44.584000+00:00,094623,0.0,2,0,0,0,0,0,0,0,0,0,0,0,4623,-24512,10330,0,0,0,161,0,0,16,64,2,0,64,0,0,31082107,2018,0.09,0,0,0,26.6,27.4,28.6,29.6,30.4,28.5,28.3,27.1,25.6,25.7,31.7,361901,2009,0,0,0,0,0,0,0,60,-0.29,12182875,72565,0,0,0,1200,400,720,240,4200,7500,8500,102,1.5,6000,0,0,0,0,0,30,0,30,35,27.1,0,0
2026-08-14T11:40:44.685000+09:00,2026-08-14T02:40:44.685000+00:00,094623,0.0,2,0,0,0,0,0,0,0,0,0,0,0,4623,-24512,10330,0,0,0,161,0,0,16,64,2,0,64,0,0,31082107,2018,0.09,0,0,0,26.6,27.4,28.6,29.6,30.4,28.5,28.3,27.2,25.6,25.7,31.7,361901,2009,0,0,0,0,0,0,0,60,-0.29,12182875,72565,0,0,0,1200,400,720,240,4200,7500,8500,102,1.5,6000,0,0,0,0,0,30,0,30,35,27.1,0,0
2026-08-14T11:41:44.775000+09:00,2026-08-14T02:41:44.775000+00:00,094623,0.0,2,0,0,0,0,0,0,0,0,0,0,0,4623,-24512,10330,0,0,0,161,0,0,16,64,2,0,64,0,0,31082107,2018,0.09,0,0,0,26.7,27.4,28.6,29.6,30.4,28.5,28.3,27.1,25.6,25.7,31.7,361901,2009,0,0,0,0,0,0,0,60,-0.29,12182875,72565,0,0,0,1200,400,720,240,4200,7500,8500,102,1.5,6000,0,0,0,0,0,30,0,30,35,27.1,0,0
2026-08-14T11:42:44.887000+09:00,2026-08-14T02:42:44.887000+00:00,094623,0.0,2,0,0,0,0,0,0,0,0,0,0,0,4623,-24512,10330,0,0,0,161,0,0,16,64,2,0,64,0,0,31082107,2018,0.09,0,0,0,26.7,27.4,28.6,29.6,30.5,28.5,28.3,27.1,25.6,25.7,31.7,361901,2009,0,0,0,0,0,0,0,60,-0.29,12182875,72565,0,0,0,1200,400,720,240,4200,7500,8500,102,1.5,6000,0,0,0,0,0,30,0,30,35,27.1,0,0
2026-08-14T11:43:44.998000+09:00,2026-08-14T02:43:44.998000+00:00,094623,0.0,2,0,0,0,0,0,0,0,0,0,0,0,4623,-24512,10330,0,0,0,161,0,0,16,64,2,0,64,0,0,31082107,2018,0.09,0,0,0,26.7,27.5,28.6,29.6,30.5,28.6,28.3,27.2,25.7,25.7,31.7,361901,2009,0,0,0,0,0,0,0,60,-0.29,12182875,72565,0,0,0,1200,400,720,240,4200,7500,8500,102,1.5,6000,0,0,0,0,0,30,0,30,35,27.1,0,0
2026-08-14T11:44:45.094000+09:00,2026-08-14T02:44:45.094000+00:00,094623,0.0,2,0,0,0,0,0,0,0,0,0,0,0,4623,-24512,10330,0,0,0,161,0,0,16,64,2,0,64,0,0,31082107,2018,0.09,0,0,0,26.7,27.5,28.7,29.5,30.5,28.6,28.4,27.2,25.7,25.7,31.7,361901,2009,0,0,0,0,0,0,0,60,-0.29,12182875,72565,0,0,0,1200,400,720,240,4200,7500,8500,102,1.5,6000,0,0,0,0,0,30,0,30,35,27.2,0,0
2026-08-14T11:45:45.193000+09:00,2026-08-14T02:45:45.193000+00:00,094623,0.0,2,0,0,0,0,0,0,0,0,0,0,0,4623,-24512,10330,0,0,0,161,0,0,16,64,2,0,64,0,0,31082107,2018,0.09,0,0,0,26.7,27.5,28.7,29.5,30.5,28.6,28.4,27.2,25.7,25.7,31.7,361901,2009,0,0,0,0,0,0,0,60,-0.3,12182875,72565,0,0,0,1200,400,720,240,4200,7500,8500,102,1.5,6000,0,0,0,0,0,30,0,30,35,27.2,0,0
2026-08-14T11:46:45.285000+09:00,2026-08-14T02:46:45.285000+00:00,094623,0.0,2,0,0,0,0,0,0,0,0,0,0,0,4623,-24512,10330,0,0,0,161,0,0,16,64,2,0,64,0,0,31082107,2018,0.09,0,0,0,26.7,27.5,28.7,29.6,30.5,28.6,28.4,27.2,25.7,25.7,31.7,361901,2009,0,0,0,0,0,0,0,60,-0.29,12182875,72565,0,0,0,1200,400,720,240,4200,7500,8500,102,1.5,6000,0,0,0,0,0,30,0,30,35,27.2,0,0
2026-08-14T11:47:45.380000+09:00,2026-08-14T02:47:45.380000+00:00,094623,0.0,2,0,0,0,0,0,0,0,0,0,0,0,4623,-24512,10330,0,0,0,161,0,0,16,64,2,0,64,0,0,31082107,2018,0.09,0,0,0,26.8,27.5,28.7,29.5,30.6,28.6,28.4,27.2,25.7,25.7,31.7,361901,2009,0,0,0,0,0,0,0,60,-0.29,12182875,72565,0,0,0,1200,400,720,240,4200,7500,8500,102,1.5,6000,0,0,0,0,0,30,0,30,35,27.2,0,0
2026-08-14T11:48:45.479000+09:00,2026-08-14T02:48:45.479000+00:00,094623,0.0,2,0,0,0,0,0,0,0,0,0,0,0,4623,-24512,10330,0,0,0,161,0,0,16,64,2,0,64,0,0,31082107,2018,0.09,0,0,0,26.8,27.5,28.7,29.6,30.6,28.6,28.4,27.2,25.7,25.7,31.7,361901,2009,0,0,0,0,0,0,0,60,-0.3,12182875,72565,0,0,0,1200,400,720,240,4200,7500,8500,102,1.5,6000,0,0,0,0,0,30,0,30,35,27.2,0,0
2026-08-14T11:49:45.570000+09:00,2026-08-14T02:49:45.570000+00:00,094623,0.0,2,0,0,0,0,0,0,0,0,0,0,0,4623,-24512,10330,0,0,0,161,0,0,16,64,2,0,64,0,0,31082107,2018,0.09,0,0,0,26.8,27.5,28.7,29.6,30.6,28.7,28.4,27.2,25.7,25.7,31.7,361901,2009,0,0,0,0,0,0,0,60,-0.3,12182875,72565,0,0,0,1200,400,720,240,4200,7500,8500,102,1.5,6000,0,0,0,0,0,30,0,30,35,27.2,0,0
2026-08-14T11:50:45.659000+09:00,2026-08-14T02:50:45.659000+00:00,094623,0.0,2,0,0,0,0,0,0,0,0,0,0,0,4623,-24512,10330,0,0,0,161,0,0,16,64,2,0,64,0,0,31082107,2018,0.09,0,0,0,26.8,27.5,28.8,29.6,30.6,28.7,28.4,27.2,25.7,25.7,31.7,361901,2009,0,0,0,0,0,0,0,60,-0.3,12182875,72565,0,0,0,1200,400,720,240,4200,7500,8500,102,1.5,6000,0,0,0,0,0,30,0,30,35,27.2,0,0
2026-08-14T11:51:45.751000+09:00,2026-08-14T02:51:45.751000+00:00,094623,0.0,2,0,0,0,0,0,0,0,0,0,0,0,4623,-24512,10330,0,0,0,161,0,0,16,64,2,0,64,0,0,31082107,2018,0.09,0,0,0,26.8,27.5,28.8,29.6,30.6,28.7,28.4,27.2,25.7,25.7,31.7,361901,2009,0,0,0,0,0,0,0,60,-0.31,12182875,72565,0,0,0,1200,400,720,240,4200,7500,8500,102,1.5,6000,0,0,0,0,0,30,0,30,35,27.2,0,0
2026-08-14T11:52:45.852000+09:00,2026-08-14T02:52:45.852000+00:00,094623,0.0,2,0,0,0,0,0,0,0,0,0,0,0,4623,-24512,10330,0,0,0,161,0,0,16,64,2,0,64,0,0,31082107,2018,0.09,0,0,0,26.8,27.5,28.8,29.6,30.6,28.7,28.4,27.3,25.8,25.8,31.6,361901,2009,0,0,0,0,0,0,0,60,-0.31,12182875,72566,0,0,0,1200,400,720,240,4200,7500,8500,102,1.5,6000,0,0,0,0,0,30,0,30,35,27.2,0,0
2026-08-14T11:53:45.961000+09:00,2026-08-14T02:53:45.961000+00:00,094623,0.0,2,0,0,0,0,0,0,0,0,0,0,0,4623,-24512,10330,0,0,0,161,0,0,16,64,2,0,64,0,0,31082107,2018,0.09,0,0,0,26.9,27.6,28.8,29.6,30.7,28.7,28.4,27.3,25.8,25.8,31.6,361901,2009,0,0,0,0,0,0,0,60,-0.31,12182875,72566,0,0,0,1200,400,720,240,4200,7500,8500,102,1.5,6000,0,0,0,0,0,30,0,30,35,27.2,0,0
2026-08-14T11:54:46.067000+09:00,2026-08-14T02:54:46.067000+00:00,094623,0.0,2,0,0,0,0,0,0,0,0,0,0,0,4623,-24512,10330,0,0,0,161,0,0,16,64,2,0,64,0,0,31082107,2018,0.09,0,0,0,26.9,27.6,28.8,29.6,30.7,28.7,28.4,27.3,25.8,25.8,31.6,361901,2009,0,0,0,0,0,0,0,60,-0.31,12182875,72566,0,0,0,1200,400,720,240,4200,7500,8500,102,1.5,6000,0,0,0,0,0,30,0,30,35,27.3,0,0
2026-08-14T11:55:46.153000+09:00,2026-08-14T02:55:46.153000+00:00,094623,0.0,2,0,0,0,0,0,0,0,0,0,0,0,4623,-24512,10330,0,0,0,161,0,0,16,64,2,0,64,0,0,31082107,2018,0.09,0,0,0,26.9,27.6,28.9,29.7,30.7,28.8,28.4,27.3,25.8,25.8,31.6,361901,2009,0,0,0,0,0,0,0,60,-0.31,12182875,72566,0,0,0,1200,400,720,240,4200,7500,8500,102,1.5,6000,0,0,0,0,0,30,0,30,35,27.3,0,0
2026-08-14T11:56:46.269000+09:00,2026-08-14T02:56:46.269000+00:00,094623,0.0,2,0,0,0,0,0,0,0,0,0,0,0,4623,-24512,10330,0,0,0,161,0,0,16,64,2,0,64,0,0,31082107,2018,0.09,0,0,0,26.9,27.6,28.9,29.7,30.7,28.8,28.4,27.3,25.8,25.8,31.6,361901,2009,0,0,0,0,0,0,0,60,-0.31,12182875,72566,0,0,0,1200,400,720,240,4200,7500,8500,102,1.5,6000,0,0,0,0,0,30,0,30,35,27.3,0,0
2026-08-14T11:57:46.355000+09:00,2026-08-14T02:57:46.355000+00:00,094623,0.0,2,0,0,0,0,0,0,0,0,0,0,0,4623,-24512,10330,0,0,0,161,0,0,16,64,2,0,64,0,0,31082107,2018,0.09,0,0,0,26.9,27.6,28.9,29.7,30.7,28.8,28.5,27.3,25.8,25.8,31.6,361901,2009,0,0,0,0,0,0,0,60,-0.31,12182875,72566,0,0,0,1200,400,720,240,4200,7500,8500,102,1.5,6000,0,0,0,0,0,30,0,30,35,27.3,0,0
2026-08-14T11:58:46.460000+09:00,2026-08-14T02:58:46.460000+00:00,094623,0.0,2,0,0,0,0,0,0,0,0,0,0,0,4623,-24512,10330,0,0,0,161,0,0,16,64,2,0,64,0,0,31082107,2018,0.09,0,0,0,26.9,27.6,28.9,29.7,30.8,28.8,28.5,27.3,25.8,25.8,31.6,361901,2009,0,0,0,0,0,0,0,60,-0.3,12182875,72566,0,0,0,1200,400,720,240,4200,7500,8500,102,1.5,6000,0,0,0,0,0,30,0,30,35,27.3,0,0
2026-08-14T11:59:46.554000+09:00,2026-08-14T02:59:46.554000+00:00,094623,0.0,2,0,0,0,0,0,0,0,0,0,0,0,4623,-24512,10330,0,0,0,161,0,0,16,64,2,0,64,0,0,31082107,2018,0.09,0,0,0,26.9,27.6,28.9,29.8,30.8,28.8,28.5,27.3,25.8,25.8,31.6,361901,2009,0,0,0,0,0,0,0,60,-0.31,12182875,72566,0,0,0,1200,400,720,240,4200,7500,8500,102,1.5,6000,0,0,0,0,0,30,0,30,35,27.3,0,0
2026-08-14T12:00:46.648000+09:00,2026-08-14T03:00:46.648000+00:00,094623,0.0,2,0,0,0,0,0,0,0,0,0,0,0,4623,-24512,10330,0,0,0,161,0,0,16,64,2,0,64,0,0,31082107,2018,0.09,0,0,0,26.9,27.6,29,29.8,30.8,28.8,28.5,27.3,25.8,25.8,31.6,361901,2009,0,0,0,0,0,0,0,60,-0.31,12182875,72566,0,0,0,1200,400,720,240,4200,7500,8500,102,1.5,6000,0,0,0,0,0,30,0,30,35,27.3,0,0
2026-08-14T12:01:46.737000+09:00,2026-08-14T03:01:46.737000+00:00,094623,0.0,2,0,0,0,0,0,0,0,0,0,0,0,4623,-24512,10330,0,0,0,161,0,0,16,64,2,0,64,0,0,31082107,2018,0.09,0,0,0,27,27.6,29,29.9,30.8,28.9,28.5,27.3,25.8,25.8,31.6,361901,2009,0,0,0,0,0,0,0,60,-0.31,12182875,72566,0,0,0,1200,400,720,240,4200,7500,8500,102,1.5,6000,0,0,0,0,0,30,0,30,35,27.3,0,0
2026-08-14T12:02:46.822000+09:00,2026-08-14T03:02:46.822000+00:00,094623,0.0,2,0,0,0,0,0,0,0,0,0,0,0,4623,-24512,10330,0,0,0,161,0,0,16,64,2,0,64,0,0,31082107,2018,0.09,0,0,0,27,27.6,29,29.9,30.8,28.9,28.5,27.3,25.9,25.8,31.5,361901,2009,0,0,0,0,0,0,0,60,-0.32,12182875,72566,0,0,0,1200,400,720,240,4200,7500,8500,102,1.5,6000,0,0,0,0,0,30,0,30,35,27.4,0,0
2026-08-14T12:03:46.921000+09:00,2026-08-14T03:03:46.921000+00:00,094623,0.0,2,0,0,0,0,0,0,0,0,0,0,0,4623,-24512,10330,0,0,0,161,0,0,16,64,2,0,64,0,0,31082107,2018,0.09,0,0,0,27,27.7,29,30,30.9,28.9,28.5,27.3,25.9,25.8,31.5,361901,2009,0,0,0,0,0,0,0,60,-0.31,12182875,72566,0,0,0,1200,400,720,240,4200,7500,8500,102,1.5,6000,0,0,0,0,0,30,0,30,35,27.4,0,0
2026-08-14T12:04:47.015000+09:00,2026-08-14T03:04:47.015000+00:00,094623,0.0,2,0,0,0,0,0,0,0,0,0,0,0,4623,-24512,10330,0,0,0,161,0,0,16,64,2,0,64,0,0,31082107,2018,0.09,0,0,0,27,27.7,29,30,30.9,28.9,28.5,27.4,25.9,25.8,31.5,361901,2009,0,0,0,0,0,0,0,60,-0.31,12182875,72566,0,0,0,1200,400,720,240,4200,7500,8500,102,1.5,6000,0,0,0,0,0,30,0,30,35,27.4,0,0
2026-08-14T12:05:47.120000+09:00,2026-08-14T03:05:47.120000+00:00,094623,0.0,2,0,0,0,0,0,0,0,0,0,0,0,4623,-24512,10330,0,0,0,161,0,0,16,64,2,0,64,0,0,31082107,2018,0.09,0,0,0,27,27.7,29.1,30.1,30.9,28.9,28.6,27.4,25.9,25.9,31.5,361901,2009,0,0,0,0,0,0,0,60,-0.3,12182875,72566,0,0,0,1200,400,720,240,4200,7500,8500,102,1.5,6000,0,0,0,0,0,30,0,30,35,27.4,0,0
2026-08-14T12:06:47.228000+09:00,2026-08-14T03:06:47.228000+00:00,094623,0.0,2,0,0,0,0,0,0,0,0,0,0,0,4623,-24512,10330,0,0,0,161,0,0,16,64,2,0,64,0,0,31082107,2018,0.09,0,0,0,27,27.7,29.1,30.1,30.9,28.9,28.6,27.4,25.9,25.9,31.5,361901,2009,0,0,0,0,0,0,0,60,-0.3,12182875,72566,0,0,0,1200,400,720,240,4200,7500,8500,102,1.5,6000,0,0,0,0,0,30,0,30,35,27.4,0,0
2026-08-14T12:07:47.329000+09:00,2026-08-14T03:07:47.329000+00:00,094623,0.0,2,0,0,0,0,0,0,0,0,0,0,0,4623,-24512,10330,0,0,0,161,0,0,16,64,2,0,64,0,0,31082107,2018,0.09,0,0,0,27.1,27.7,29.1,30.1,30.9,28.9,28.6,27.4,25.9,25.9,31.5,361901,2009,0,0,0,0,0,0,0,60,-0.31,12182875,72566,0,0,0,1200,400,720,240,4200,7500,8500,102,1.5,6000,0,0,0,0,0,30,0,30,35,27.4,0,0
2026-08-14T12:08:47.423000+09:00,2026-08-14T03:08:47.423000+00:00,094623,0.0,2,0,0,0,0,0,0,0,0,0,0,0,4623,-24512,10330,0,0,0,161,0,0,16,64,2,0,64,0,0,31082107,2018,0.09,0,0,0,27.1,27.7,29.1,30.2,30.9,29,28.6,27.4,25.9,25.9,31.5,361901,2009,0,0,0,0,0,0,0,60,-0.31,12182875,72566,0,0,0,1200,400,720,240,4200,7500,8500,102,1.5,6000,0,0,0,0,0,30,0,30,35,27.4,0,0
2026-08-14T12:09:47.516000+09:00,2026-08-14T03:09:47.516000+00:00,094623,0.0,2,0,0,0,0,0,0,0,0,0,0,0,4623,-24512,10330,0,0,0,161,0,0,16,64,2,0,64,0,0,31082107,2018,0.09,0,0,0,27.1,27.7,29.1,30.2,31,29,28.6,27.4,25.9,25.9,31.5,361901,2009,0,0,0,0,0,0,0,60,-0.3,12182875,72566,0,0,0,1200,400,720,240,4200,7500,8500,102,1.5,6000,0,0,0,0,0,30,0,30,35,27.4,0,0
2026-08-14T12:10:47.622000+09:00,2026-08-14T03:10:47.622000+00:00,094623,0.0,2,0,0,0,0,0,0,0,0,0,0,0,4623,-24512,10330,0,0,0,161,0,0,16,64,2,0,64,0,0,31082107,2018,0.09,0,0,0,27.1,27.7,29.2,30.2,31,29,28.6,27.4,25.9,25.9,31.5,361901,2009,0,0,0,0,0,0,0,60,-0.3,12182875,72566,0,0,0,1200,400,720,240,4200,7500,8500,102,1.5,6000,0,0,0,0,0,30,0,30,35,27.4,0,0
2026-08-14T12:11:47.712000+09:00,2026-08-14T03:11:47.712000+00:00,094623,0.0,2,0,0,0,0,0,0,0,0,0,0,0,4623,-24512,10330,0,0,0,161,0,0,16,64,2,0,64,0,0,31082107,2018,0.1,0,0,0,27.1,27.8,29.2,30.2,31,29,28.6,27.4,26,25.9,31.5,361901,2009,0,0,0,0,0,0,0,60,-0.31,12182875,72566,0,0,0,1200,400,720,240,4200,7500,8500,102,1.5,6000,0,0,0,0,0,30,0,30,35,27.5,0,0
2026-08-14T12:12:47.803000+09:00,2026-08-14T03:12:47.803000+00:00,094623,0.0,2,0,0,0,0,0,0,0,0,0,0,0,4623,-24512,10330,0,0,0,161,0,0,16,64,2,0,64,0,0,31082107,2018,0.09,0,0,0,27.1,27.8,29.2,30.2,31.1,29,28.6,27.4,26,25.9,31.5,361901,2009,0,0,0,0,0,0,0,60,-0.31,12182875,72567,0,0,0,1200,400,720,240,4200,7500,8500,102,1.5,6000,0,0,0,0,0,30,0,30,35,27.5,0,0
2026-08-14T12:13:47.894000+09:00,2026-08-14T03:13:47.894000+00:00,094623,0.0,2,0,0,0,0,0,0,0,0,0,0,0,4623,-24512,10330,0,0,0,161,0,0,16,64,2,0,64,0,0,31082107,2018,0.09,0,0,0,27.2,27.8,29.2,30.1,31.1,29.1,28.6,27.5,26,25.9,31.5,361901,2009,0,0,0,0,0,0,0,60,-0.31,12182875,72567,0,0,0,1200,400,720,240,4200,7500,8500,102,1.5,6000,0,0,0,0,0,30,0,30,35,27.5,0,0
2026-08-14T12:14:47.996000+09:00,2026-08-14T03:14:47.996000+00:00,094623,0.0,2,0,0,0,0,0,0,0,0,0,0,0,4623,-24512,10330,0,0,0,161,0,0,16,64,2,0,64,0,0,31082107,2018,0.09,0,0,0,27.2,27.8,29.3,30.1,31.1,29.1,28.6,27.4,26,26,31.4,361901,2009,0,0,0,0,0,0,0,60,-0.3,12182875,72567,0,0,0,1200,400,720,240,4200,7500,8500,102,1.5,6000,0,0,0,0,0,30,0,30,35,27.5,0,0
2026-08-14T12:15:48.094000+09:00,2026-08-14T03:15:48.094000+00:00,094623,0.0,2,0,0,0,0,0,0,0,0,0,0,0,4623,-24512,10330,0,0,0,161,0,0,16,64,2,0,64,0,0,31082107,2018,0.09,0,0,0,27.2,27.8,29.3,30.1,31.1,29.1,28.7,27.5,26,26,31.5,361901,2009,0,0,0,0,0,0,0,60,-0.31,12182875,72567,0,0,0,1200,400,720,240,4200,7500,8500,102,1.5,6000,0,0,0,0,0,30,0,30,35,27.5,0,0
2026-08-14T12:16:48.213000+09:00,2026-08-14T03:16:48.213000+00:00,094623,0.0,2,0,0,0,0,0,0,0,0,0,0,0,4623,-24512,10330,0,0,0,161,0,0,16,64,2,0,64,0,0,31082107,2018,0.09,0,0,0,27.2,27.8,29.3,30.1,31.1,29.1,28.7,27.5,26,26,31.4,361901,2009,0,0,0,0,0,0,0,60,-0.3,12182875,72567,0,0,0,1200,400,720,240,4200,7500,8500,102,1.5,6000,0,0,0,0,0,30,0,30,35,27.5,0,0
2026-08-14T12:17:48.319000+09:00,2026-08-14T03:17:48.319000+00:00,094623,0.0,2,0,0,0,0,0,0,0,0,0,0,0,4623,-24512,10330,0,0,0,161,0,0,16,64,2,0,64,0,0,31082107,2018,0.09,0,0,0,27.2,27.8,29.3,30.1,31.2,29.1,28.7,27.5,26,26,31.5,361901,2009,0,0,0,0,0,0,0,60,-0.32,12182875,72567,0,0,0,1200,400,720,240,4200,7500,8500,102,1.5,6000,0,0,0,0,0,30,0,30,35,27.5,0,0
2026-08-14T12:18:48.413000+09:00,2026-08-14T03:18:48.413000+00:00,094623,0.0,2,0,0,0,0,0,0,0,0,0,0,0,4623,-24512,10330,0,0,0,161,0,0,16,64,2,0,64,0,0,31082107,2018,0.1,0,0,0,27.2,27.8,29.3,30.1,31.2,29.1,28.7,27.5,26,26,31.4,361901,2009,0,0,0,0,0,0,0,60,-0.31,12182875,72567,0,0,0,1200,400,720,240,4200,7500,8500,102,1.5,6000,0,0,0,0,0,30,0,30,35,27.5,0,0
2026-08-14T12:19:48.504000+09:00,2026-08-14T03:19:48.504000+00:00,094623,0.0,2,0,0,0,0,0,0,0,0,0,0,0,4623,-24512,10330,0,0,0,161,0,0,16,64,2,0,64,0,0,31082107,2018,0.09,0,0,0,27.3,27.9,29.3,30.1,31.2,29.1,28.7,27.5,26,26,31.4,361901,2009,0,0,0,0,0,0,0,60,-0.31,12182875,72567,0,0,0,1200,400,720,240,4200,7500,8500,102,1.5,6000,0,0,0,0,0,30,0,30,35,27.6,0,0
2026-08-14T12:20:48.629000+09:00,2026-08-14T03:20:48.629000+00:00,094623,0.0,2,0,0,0,0,0,0,0,0,0,0,0,4623,-24512,10330,0,0,0,161,0,0,16,64,2,0,64,0,0,31082107,2018,0.09,0,0,0,27.3,27.9,29.4,30.1,31.2,29.2,28.7,27.5,26.1,26,31.4,361901,2009,0,0,0,0,0,0,0,60,-0.32,12182875,72567,0,0,0,1200,400,720,240,4200,7500,8500,102,1.5,6000,0,0,0,0,0,30,0,30,35,27.6,0,0
2026-08-14T12:21:48.724000+09:00,2026-08-14T03:21:48.724000+00:00,094623,0.0,2,0,0,0,0,0,0,0,0,0,0,0,4623,-24512,10330,0,0,0,161,0,0,16,64,2,0,64,0,0,31082107,2018,0.1,0,0,0,27.3,27.9,29.4,30.1,31.2,29.2,28.7,27.5,26.1,26,31.4,361901,2009,0,0,0,0,0,0,0,60,-0.32,12182875,72567,0,0,0,1200,400,720,240,4200,7500,8500,102,1.5,6000,0,0,0,0,0,30,0,30,35,27.6,0,0
2026-08-14T12:22:48.810000+09:00,2026-08-14T03:22:48.810000+00:00,094623,0.0,2,0,0,0,0,0,0,0,0,0,0,0,4623,-24512,10330,0,0,0,161,0,0,16,64,2,0,64,0,0,31082107,2018,0.1,0,0,0,27.3,27.9,29.4,30.1,31.2,29.2,28.7,27.5,26.1,26,31.4,361901,2009,0,0,0,0,0,0,0,60,-0.31,12182875,72567,0,0,0,1200,400,720,240,4200,7500,8500,102,1.5,6000,0,0,0,0,0,30,0,30,35,27.6,0,0
2026-08-14T12:23:48.900000+09:00,2026-08-14T03:23:48.900000+00:00,094623,0.0,2,0,0,0,0,0,0,0,0,0,0,0,4623,-24512,10330,0,0,0,161,0,0,16,64,2,0,64,0,0,31082107,2018,0.09,0,0,0,27.3,27.9,29.4,30.2,31.2,29.7,29.1,28,26.5,26.5,31.8,361901,2009,0,0,0,0,0,0,0,60,-0.3,12182875,72567,0,0,0,1200,400,720,240,4200,7500,8500,102,1.5,6000,0,0,0,0,0,30,0,30,35,28,0,0
2026-08-14T12:24:49.018000+09:00,2026-08-14T03:24:49.018000+00:00,094623,0.0,2,0,0,0,0,0,0,0,0,0,0,0,4623,-24512,10330,0,0,0,161,0,0,16,64,2,0,64,0,0,31082107,2018,0.1,0,0,0,27.3,27.9,29.4,30.1,31.3,29.7,29.2,28,26.6,26.5,31.8,361901,2009,0,0,0,0,0,0,0,60,-0.3,12182875,72567,0,0,0,1200,400,720,240,4200,7500,8500,102,1.5,6000,0,0,0,0,0,30,0,30,35,28.1,0,0
2026-08-14T12:25:49.107000+09:00,2026-08-14T03:25:49.107000+00:00,094623,0.0,2,0,0,0,0,0,0,0,0,0,0,0,4623,-24512,10330,0,0,0,161,0,0,16,64,2,0,64,0,0,31082107,2018,0.1,0,0,0,27.3,27.9,29.4,30.1,31.3,29.7,29.2,28,26.6,26.5,31.8,361901,2009,0,0,0,0,0,0,0,60,-0.32,12182875,72567,0,0,0,1200,400,720,240,4200,7500,8500,102,1.5,6000,0,0,0,0,0,30,0,30,35,28.1,0,0
2026-08-14T12:26:49.203000+09:00,2026-08-14T03:26:49.203000+00:00,094623,0.0,2,0,0,0,0,0,0,0,0,0,0,0,4623,-24512,10330,0,0,0,161,0,0,16,64,2,0,64,0,0,31082107,2018,0.09,0,0,0,27.4,27.9,29.5,30.1,31.3,29.7,29.2,28,26.6,26.5,31.8,361901,2009,0,0,0,0,0,0,0,60,-0.31,12182875,72567,0,0,0,1200,400,720,240,4200,7500,8500,102,1.5,6000,0,0,0,0,0,30,0,30,35,28.1,0,0
2026-08-14T12:27:49.326000+09:00,2026-08-14T03:27:49.326000+00:00,094623,0.0,2,0,0,0,0,0,0,0,0,0,0,0,4623,-24512,10330,0,0,0,161,0,0,16,64,2,0,64,0,0,31082107,2018,0.09,0,0,0,27.4,27.9,29.5,30.2,31.3,29.7,29.2,28,26.6,26.5,31.8,361901,2009,0,0,0,0,0,0,0,60,-0.31,12182875,72567,0,0,0,1200,400,720,240,4200,7500,8500,102,1.5,6000,0,0,0,0,0,30,0,30,35,28.1,0,0
2026-08-14T12:28:49.419000+09:00,2026-08-14T03:28:49.419000+00:00,094623,0.0,2,0,0,0,0,0,0,0,0,0,0,0,4623,-24512,10330,0,0,0,161,0,0,16,64,2,0,64,0,0,31082107,2018,0.1,0,0,0,27.4,28,29.5,30.2,31.3,29.7,29.2,28,26.6,26.5,31.8,361901,2009,0,0,0,0,0,0,0,60,-0.31,12182875,72567,0,0,0,1200,400,720,240,4200,7500,8500,102,1.5,6000,0,0,0,0,0,30,0,30,35,28.1,0,0
2026-08-14T12:29:49.505000+09:00,2026-08-14T03:29:49.505000+00:00,094623,0.0,2,0,0,0,0,0,0,0,0,0,0,0,4623,-24512,10330,0,0,0,161,0,0,16,64,2,0,64,0,0,31082107,2018,0.1,0,0,0,27.4,28,29.5,30.2,31.3,29.8,29.2,28,26.6,26.5,31.8,361901,2009,0,0,0,0,0,0,0,60,-0.31,12182875,72567,0,0,0,1200,400,720,240,4200,7500,8500,102,1.5,6000,0,0,0,0,0,30,0,30,35,28.1,0,0
2026-08-14T12:30:49.606000+09:00,2026-08-14T03:30:49.606000+00:00,094623,0.0,2,0,0,0,0,0,0,0,0,0,0,0,4623,-24512,10330,0,0,0,161,0,0,16,64,2,0,64,0,0,31082107,2018,0.1,0,0,0,27.4,28,29.5,30.2,31.3,29.8,29.2,28.1,26.6,26.5,31.8,361901,2009,0,0,0,0,0,0,0,60,-0.32,12182875,72567,0,0,0,1200,400,720,240,4200,7500,8500,102,1.5,6000,0,0,0,0,0,30,0,30,35,28.1,0,0
2026-08-14T12:31:49.707000+09:00,2026-08-14T03:31:49.707000+00:00,094623,0.0,2,0,0,0,0,0,0,0,0,0,0,0,4623,-24512,10330,0,0,0,161,0,0,16,64,2,0,64,0,0,31082107,2018,0.1,0,0,0,27.4,28,29.5,30.3,31.4,29.8,29.2,28.1,26.6,26.6,31.8,361901,2009,0,0,0,0,0,0,0,60,-0.31,12182875,72568,0,0,0,1200,400,720,240,4200,7500,8500,102,1.5,6000,0,0,0,0,0,30,0,30,35,28.2,0,0
2026-08-14T12:32:49.790000+09:00,2026-08-14T03:32:49.790000+00:00,094623,0.0,2,0,0,0,0,0,0,0,0,0,0,0,4623,-24512,10330,0,0,0,161,0,0,16,64,2,0,64,0,0,31082107,2018,0.09,0,0,0,27.5,28,29.6,30.4,31.4,29.8,29.2,28.1,26.6,26.6,31.8,361901,2009,0,0,0,0,0,0,0,60,-0.33,12182875,72568,0,0,0,1200,400,720,240,4200,7500,8500,102,1.5,6000,0,0,0,0,0,30,0,30,35,28.2,0,0
2026-08-14T12:33:49.881000+09:00,2026-08-14T03:33:49.881000+00:00,094623,0.0,2,0,0,0,0,0,0,0,0,0,0,0,4623,-24512,10330,0,0,0,161,0,0,16,64,2,0,64,0,0,31082107,2018,0.09,0,0,0,27.5,28,29.6,30.4,31.4,29.8,29.2,28.1,26.6,26.6,31.8,361901,2009,0,0,0,0,0,0,0,60,-0.32,12182875,72568,0,0,0,1200,400,720,240,4200,7500,8500,102,1.5,6000,0,0,0,0,0,30,0,30,35,28.2,0,0
2026-08-14T12:34:49.974000+09:00,2026-08-14T03:34:49.974000+00:00,094623,0.0,2,0,0,0,0,0,0,0,0,0,0,0,4623,-24512,10330,0,0,0,161,0,0,16,64,2,0,64,0,0,31082107,2018,0.09,0,0,0,27.5,28,29.6,30.5,31.4,29.8,29.2,28.1,26.7,26.6,31.8,361901,2009,0,0,0,0,0,0,0,60,-0.33,12182875,72568,0,0,0,1200,400,720,240,4200,7500,8500,102,1.5,6000,0,0,0,0,0,30,0,30,35,28.2,0,0
2026-08-14T12:35:50.065000+09:00,2026-08-14T03:35:50.065000+00:00,094623,0.0,2,0,0,0,0,0,0,0,0,0,0,0,4623,-24512,10330,0,0,0,161,0,0,16,64,2,0,64,0,0,31082107,2018,0.09,0,0,0,27.5,28.1,29.6,30.5,31.4,29.9,29.3,28.1,26.7,26.6,31.8,361901,2009,0,0,0,0,0,0,0,60,-0.32,12182875,72568,0,0,0,1200,400,720,240,4200,7500,8500,102,1.5,6000,0,0,0,0,0,30,0,30,35,28.2,0,0
2026-08-14T12:36:50.157000+09:00,2026-08-14T03:36:50.157000+00:00,094623,0.0,2,0,0,0,0,0,0,0,0,0,0,0,4623,-24512,10330,0,0,0,161,0,0,16,64,2,0,64,0,0,31082107,2018,0.09,0,0,0,27.5,28.1,29.6,30.6,31.4,29.9,29.3,28.1,26.7,26.6,31.8,361901,2009,0,0,0,0,0,0,0,60,-0.34,12182875,72568,0,0,0,1200,400,720,240,4200,7500,8500,102,1.5,6000,0,0,0,0,0,30,0,30,35,28.2,0,0
2026-08-14T12:37:50.257000+09:00,2026-08-14T03:37:50.257000+00:00,094623,0.0,2,0,0,0,0,0,0,0,0,0,0,0,4623,-24512,10330,0,0,0,161,0,0,16,64,2,0,64,0,0,31082107,2018,0.09,0,0,0,27.5,28.1,29.6,30.7,31.5,29.9,29.3,28.2,26.7,26.6,31.7,361901,2009,0,0,0,0,0,0,0,60,-0.32,12182875,72568,0,0,0,1200,400,720,240,4200,7500,8500,102,1.5,6000,0,0,0,0,0,30,0,30,35,28.2,0,0
2026-08-14T12:38:50.348000+09:00,2026-08-14T03:38:50.348000+00:00,094623,0.0,2,0,0,0,0,0,0,0,0,0,0,0,4623,-24512,10330,0,0,0,161,0,0,16,64,2,0,64,0,0,31082107,2018,0.09,0,0,0,27.6,28.1,29.7,30.7,31.5,29.9,29.3,28.2,26.7,26.6,31.8,361901,2009,0,0,0,0,0,0,0,60,-0.32,12182875,72568,0,0,0,1200,400,720,240,4200,7500,8500,102,1.5,6000,0,0,0,0,0,30,0,30,35,28.2,0,0
2026-08-14T12:39:50.447000+09:00,2026-08-14T03:39:50.447000+00:00,094623,0.0,2,0,0,0,0,0,0,0,0,0,0,0,4623,-24512,10330,0,0,0,161,0,0,16,64,2,0,64,0,0,31082107,2018,0.09,0,0,0,27.6,28.1,29.7,30.7,31.5,29.9,29.3,28.2,26.7,26.6,31.7,361901,2009,0,0,0,0,0,0,0,60,-0.32,12182875,72568,0,0,0,1200,400,720,240,4200,7500,8500,102,1.5,6000,0,0,0,0,0,30,0,30,35,28.2,0,0
2026-08-14T12:40:50.550000+09:00,2026-08-14T03:40:50.550000+00:00,094623,0.0,2,0,0,0,0,0,0,0,0,0,0,0,4623,-24512,10330,0,0,0,161,0,0,16,64,2,0,64,0,0,31082107,2018,0.09,0,0,0,27.6,28.1,29.7,30.8,31.5,30,29.4,28.2,26.7,26.7,31.7,361901,2009,0,0,0,0,0,0,0,60,-0.32,12182875,72568,0,0,0,1200,400,720,240,4200,7500,8500,102,1.5,6000,0,0,0,0,0,30,0,30,35,28.3,0,0
2026-08-14T12:41:50.655000+09:00,2026-08-14T03:41:50.655000+00:00,094623,0.0,2,0,0,0,0,0,0,0,0,0,0,0,4623,-24512,10330,0,0,0,161,0,0,16,64,2,0,64,0,0,31082107,2018,0.09,0,0,0,27.6,28.1,29.8,30.8,31.6,30,29.4,28.2,26.8,26.7,31.7,361901,2009,0,0,0,0,0,0,0,60,-0.34,12182875,72568,0,0,0,1200,400,720,240,4200,7500,8500,102,1.5,6000,0,0,0,0,0,30,0,30,35,28.3,0,0
2026-08-14T12:42:50.763000+09:00,2026-08-14T03:42:50.763000+00:00,094623,0.0,2,0,0,0,0,0,0,0,0,0,0,0,4623,-24512,10330,0,0,0,161,0,0,16,64,2,0,64,0,0,31082107,2018,0.1,0,0,0,27.6,28.2,29.8,30.8,31.6,30,29.4,28.2,26.8,26.7,31.7,361901,2009,0,0,0,0,0,0,0,60,-0.34,12182875,72568,0,0,0,1200,400,720,240,4200,7500,8500,102,1.5,6000,0,0,0,0,0,30,0,30,35,28.3,0,0
2026-08-14T12:43:50.860000+09:00,2026-08-14T03:43:50.860000+00:00,094623,0.0,2,0,0,0,0,0,0,0,0,0,0,0,4623,-24512,10330,0,0,0,161,0,0,16,64,2,0,64,0,0,31082107,2018,0.1,0,0,0,27.6,28.2,29.8,30.8,31.6,30,29.4,28.2,26.8,26.7,31.7,361901,2009,0,0,0,0,0,0,0,60,-0.34,12182875,72568,0,0,0,1200,400,720,240,4200,7500,8500,102,1.5,6000,0,0,0,0,0,30,0,30,35,28.3,0,0
2026-08-14T12:44:50.957000+09:00,2026-08-14T03:44:50.957000+00:00,094623,0.0,2,0,0,0,0,0,0,0,0,0,0,0,4623,-24512,10330,0,0,0,161,0,0,16,64,2,0,64,0,0,31082107,2018,0.09,0,0,0,27.6,28.2,29.8,30.8,31.6,30,29.4,28.3,26.8,26.7,31.7,361901,2009,0,0,0,0,0,0,0,60,-0.34,12182875,72568,0,0,0,1200,400,720,240,4200,7500,8500,102,1.5,6000,0,0,0,0,0,30,0,30,35,28.3,0,0
2026-08-14T12:45:51.062000+09:00,2026-08-14T03:45:51.062000+00:00,094623,0.0,2,0,0,0,0,0,0,0,0,0,0,0,4623,-24512,10330,0,0,0,161,0,0,16,64,2,0,64,0,0,31082107,2018,0.09,0,0,0,27.7,28.2,29.8,30.8,31.7,30,29.4,28.3,26.8,26.7,31.7,361901,2009,0,0,0,0,0,0,0,60,-0.35,12182875,72568,0,0,0,1200,400,720,240,4200,7500,8500,102,1.5,6000,0,0,0,0,0,30,0,30,35,28.3,0,0
2026-08-14T12:46:51.144000+09:00,2026-08-14T03:46:51.144000+00:00,094623,0.0,2,0,0,0,0,0,0,0,0,0,0,0,4623,-24512,10330,0,0,0,161,0,0,16,64,2,0,64,0,0,31082107,2018,0.1,0,0,0,27.7,28.2,29.9,30.8,31.7,30.1,29.4,28.3,26.8,26.7,31.7,361901,2009,0,0,0,0,0,0,0,60,-0.35,12182875,72568,0,0,0,1200,400,720,240,4200,7500,8500,102,1.5,6000,0,0,0,0,0,30,0,30,35,28.3,0,0
2026-08-14T12:47:51.245000+09:00,2026-08-14T03:47:51.245000+00:00,094623,0.0,2,0,0,0,0,0,0,0,0,0,0,0,4623,-24512,10330,0,0,0,161,0,0,16,64,2,0,64,0,0,31082107,2018,0.09,0,0,0,27.7,28.2,29.9,30.9,31.7,30.1,29.4,28.3,26.9,26.8,31.7,361901,2009,0,0,0,0,0,0,0,60,-0.35,12182875,72568,0,0,0,1200,400,720,240,4200,7500,8500,102,1.5,6000,0,0,0,0,0,30,0,30,35,28.4,0,0
2026-08-14T12:48:51.345000+09:00,2026-08-14T03:48:51.345000+00:00,094623,0.0,2,0,0,0,0,0,0,0,0,0,0,0,4623,-24512,10330,0,0,0,161,0,0,16,64,2,0,64,0,0,31082107,2018,0.09,0,0,0,27.7,28.2,29.9,30.9,31.7,30.1,29.4,28.3,26.9,26.8,31.7,361901,2009,0,0,0,0,0,0,0,60,-0.35,12182875,72568,0,0,0,1200,400,720,240,4200,7500,8500,102,1.5,6000,0,0,0,0,0,30,0,30,35,28.4,0,0
2026-08-14T12:49:51.489000+09:00,2026-08-14T03:49:51.489000+00:00,094623,0.0,2,0,0,0,0,0,0,0,0,0,0,0,4623,-24512,10330,0,0,0,161,0,0,16,64,2,0,64,0,0,31082107,2018,0.1,0,0,0,27.7,28.3,29.9,30.9,31.8,30.1,29.5,28.3,26.9,26.8,31.7,361901,2009,0,0,0,0,0,0,0,60,-0.36,12182875,72569,0,0,0,1200,400,720,240,4200,7500,8500,102,1.5,6000,0,0,0,0,0,30,0,30,35,28.4,0,0
2026-08-14T12:50:51.548000+09:00,2026-08-14T03:50:51.548000+00:00,094623,0.0,2,0,0,0,0,0,0,0,0,0,0,0,4623,-24512,10330,0,0,0,161,0,0,16,64,2,0,64,0,0,31082107,2018,0.1,0,0,0,27.8,28.3,29.9,30.9,31.8,30.2,29.5,28.3,26.9,26.8,31.7,361901,2009,0,0,0,0,0,0,0,60,-0.36,12182875,72569,0,0,0,1200,400,720,240,4200,7500,8500,102,1.5,6000,0,0,0,0,0,30,0,30,35,28.4,0,0
2026-08-14T12:51:51.639000+09:00,2026-08-14T03:51:51.639000+00:00,094623,0.0,2,0,0,0,0,0,0,0,0,0,0,0,4623,-24512,10330,0,0,0,161,0,0,16,64,2,0,64,0,0,31082107,2018,0.1,0,0,0,27.8,28.3,30,30.9,31.8,30.2,29.5,28.3,26.9,26.8,31.7,361901,2009,0,0,0,0,0,0,0,60,-0.36,12182875,72569,0,0,0,1200,400,720,240,4200,7500,8500,102,1.5,6000,0,0,0,0,0,30,0,30,35,28.4,0,0
2026-08-14T12:52:51.738000+09:00,2026-08-14T03:52:51.738000+00:00,094623,0.0,2,0,0,0,0,0,0,0,0,0,0,0,4623,-24512,10330,0,0,0,161,0,0,16,64,2,0,64,0,0,31082107,2018,0.1,0,0,0,27.8,28.3,30,30.9,31.8,30.2,29.5,28.3,26.9,26.8,31.7,361901,2009,0,0,0,0,0,0,0,60,-0.37,12182875,72569,0,0,0,1200,400,720,240,4200,7500,8500,102,1.5,6000,0,0,0,0,0,30,0,30,35,28.4,0,0
2026-08-14T12:53:51.840000+09:00,2026-08-14T03:53:51.840000+00:00,094623,0.0,2,0,0,0,0,0,0,0,0,0,0,0,4623,-24512,10330,0,0,0,161,0,0,16,64,2,0,64,0,0,31082107,2018,0.1,0,0,0,27.8,28.3,30,30.8,31.9,30.2,29.5,28.4,26.9,26.9,31.7,361901,2009,0,0,0,0,0,0,0,60,-0.37,12182875,72569,0,0,0,1200,400,720,240,4200,7500,8500,102,1.5,6000,0,0,0,0,0,30,0,30,35,28.5,0,0
2026-08-14T12:54:51.941000+09:00,2026-08-14T03:54:51.941000+00:00,094623,0.0,2,0,0,0,0,0,0,0,0,0,0,0,4623,-24512,10330,0,0,0,161,0,0,16,64,2,0,64,0,0,31082107,2018,0.1,0,0,0,27.8,28.4,30,30.8,31.9,30.2,29.5,28.4,27,26.9,31.7,361901,2009,0,0,0,0,0,0,0,60,-0.37,12182875,72569,0,0,0,1200,400,720,240,4200,7500,8500,102,1.5,6000,0,0,0,0,0,30,0,30,35,28.5,0,0
2026-08-14T12:55:52.042000+09:00,2026-08-14T03:55:52.042000+00:00,094623,0.0,2,0,0,0,0,0,0,0,0,0,0,0,4623,-24512,10330,0,0,0,161,0,0,16,64,2,0,64,0,0,31082107,2018,0.09,0,0,0,27.8,28.4,30,30.8,31.9,30.3,29.6,28.4,27,26.9,31.7,361901,2009,0,0,0,0,0,0,0,60,-0.37,12182875,72569,0,0,0,1200,400,720,240,4200,7500,8500,102,1.5,6000,0,0,0,0,0,30,0,30,35,28.5,0,0
2026-08-14T12:56:52.150000+09:00,2026-08-14T03:56:52.150000+00:00,094623,0.0,2,0,0,0,0,0,0,0,0,0,0,0,4623,-24512,10330,0,0,0,161,0,0,16,64,2,0,64,0,0,31082107,2018,0.1,0,0,0,27.9,28.4,30.1,30.9,31.9,30.3,29.6,28.4,27,26.9,31.7,361901,2009,0,0,0,0,0,0,0,60,-0.38,12182875,72569,0,0,0,1200,400,720,240,4200,7500,8500,102,1.5,6000,0,0,0,0,0,30,0,30,35,28.5,0,0
2026-08-14T12:57:52.255000+09:00,2026-08-14T03:57:52.255000+00:00,094623,0.0,2,0,0,0,0,0,0,0,0,0,0,0,4623,-24512,10330,0,0,0,161,0,0,16,64,2,0,64,0,0,31082107,2018,0.1,0,0,0,27.9,28.4,30.1,30.8,31.9,30.3,29.6,28.4,27,26.9,31.7,361901,2009,0,0,0,0,0,0,0,60,-0.39,12182875,72569,0,0,0,1200,400,720,240,4200,7500,8500,102,1.5,6000,0,0,0,0,0,30,0,30,35,28.5,0,0
2026-08-14T12:58:52.352000+09:00,2026-08-14T03:58:52.352000+00:00,094623,0.0,2,0,0,0,0,0,0,0,0,0,0,0,4623,-24512,10330,0,0,0,161,0,0,16,64,2,0,64,0,0,31082107,2018,0.1,0,0,0,27.9,28.4,30.1,30.9,31.9,30.3,29.6,28.4,27,26.9,31.7,361901,2009,0,0,0,0,0,0,0,60,-0.4,12182875,72569,0,0,0,1200,400,720,240,4200,7500,8500,102,1.5,6000,0,0,0,0,0,30,0,30,35,28.5,0,0
2026-08-14T12:59:52.438000+09:00,2026-08-14T03:59:52.438000+00:00,094623,0.0,2,0,0,0,0,0,0,0,0,0,0,0,4623,-24512,10330,0,0,0,161,0,0,16,64,2,0,64,0,0,31082107,2018,0.1,0,0,0,27.9,28.4,30.1,30.9,32,30.3,29.6,28.4,27,26.9,31.7,361901,2009,0,0,0,0,0,0,0,60,-0.41,12182875,72569,0,0,0,1200,400,720,240,4200,7500,8500,102,1.5,6000,0,0,0,0,0,30,0,30,35,28.5,0,0
2026-08-14T13:00:52.535000+09:00,2026-08-14T04:00:52.535000+00:00,094623,0.0,2,0,0,0,0,0,0,0,0,0,0,0,4623,-24512,10330,0,0,0,161,0,0,16,64,2,0,64,0,0,31082107,2018,0.1,0,0,0,27.9,28.5,30.1,30.9,32,30.4,29.6,28.5,27.1,26.9,31.7,361901,2009,0,0,0,0,0,0,0,60,-0.39,12182875,72569,0,0,0,1200,400,720,240,4200,7500,8500,102,1.5,6000,0,0,0,0,0,30,0,30,35,28.5,0,0
2026-08-14T13:01:52.617000+09:00,2026-08-14T04:01:52.617000+00:00,094623,0.0,2,0,0,0,0,0,0,0,0,0,0,0,4623,-24512,10330,0,0,0,161,0,0,16,64,2,0,64,0,0,31082107,2018,0.1,0,0,0,27.9,28.5,30.1,30.9,32,30.4,29.6,28.5,27.1,26.9,31.7,361901,2009,0,0,0,0,0,0,0,60,-0.4,12182875,72569,0,0,0,1200,400,720,240,4200,7500,8500,102,1.5,6000,0,0,0,0,0,30,0,30,35,28.6,0,0
2026-08-14T13:02:52.721000+09:00,2026-08-14T04:02:52.721000+00:00,094623,0.0,2,0,0,0,0,0,0,0,0,0,0,0,4623,-24512,10330,0,0,0,161,0,0,16,64,2,0,64,0,0,31082107,2018,0.1,0,0,0,28,28.5,30.1,30.9,32,30.4,29.6,28.5,27.1,26.9,31.6,361901,2009,0,0,0,0,0,0,0,60,-0.4,12182875,72569,0,0,0,1200,400,720,240,4200,7500,8500,102,1.5,6000,0,0,0,0,0,30,0,30,35,28.6,0,0
2026-08-14T13:03:52.811000+09:00,2026-08-14T04:03:52.811000+00:00,094623,0.0,2,0,0,0,0,0,0,0,0,0,0,0,4623,-24512,10330,0,0,0,161,0,0,16,64,2,0,64,0,0,31082107,2018,0.1,0,0,0,28,28.5,30.2,30.9,32,30.4,29.6,28.5,27.1,26.9,31.7,361901,2009,0,0,0,0,0,0,0,60,-0.4,12182875,72569,0,0,0,1200,400,720,240,4200,7500,8500,102,1.5,6000,0,0,0,0,0,30,0,30,35,28.6,0,0
2026-08-14T13:04:52.896000+09:00,2026-08-14T04:04:52.896000+00:00,094623,0.0,2,0,0,0,0,0,0,0,0,0,0,0,4623,-24512,10330,0,0,0,161,0,0,16,64,2,0,64,0,0,31082107,2018,0.09,0,0,0,28,28.5,30.2,30.9,32.1,30.4,29.6,28.5,27.1,27,31.6,361901,2009,0,0,0,0,0,0,0,60,-0.4,12182875,72569,0,0,0,1200,400,720,240,4200,7500,8500,102,1.5,6000,0,0,0,0,0,30,0,30,35,28.6,0,0
2026-08-14T13:05:52.991000+09:00,2026-08-14T04:05:52.991000+00:00,094623,0.0,2,0,0,0,0,0,0,0,0,0,0,0,4623,-24512,10330,0,0,0,161,0,0,16,64,2,0,64,0,0,31082107,2018,0.1,0,0,0,28,28.6,30.2,30.9,32.1,30.5,29.6,28.5,27.1,27,31.7,361901,2009,0,0,0,0,0,0,0,60,-0.41,12182875,72570,0,0,0,1200,400,720,240,4200,7500,8500,102,1.5,6000,0,0,0,0,0,30,0,30,35,28.6,0,0
2026-08-14T13:06:53.090000+09:00,2026-08-14T04:06:53.090000+00:00,094623,0.0,2,0,0,0,0,0,0,0,0,0,0,0,4623,-24512,10330,0,0,0,161,0,0,16,64,2,0,64,0,0,31082107,2018,0.1,0,0,0,28,28.6,30.2,30.9,32.1,30.5,29.7,28.5,27.1,27,31.6,361901,2009,0,0,0,0,0,0,0,60,-0.41,12182875,72570,0,0,0,1200,400,720,240,4200,7500,8500,102,1.5,6000,0,0,0,0,0,30,0,30,35,28.6,0,0
2026-08-14T13:07:53.186000+09:00,2026-08-14T04:07:53.186000+00:00,094623,0.0,2,0,0,0,0,0,0,0,0,0,0,0,4623,-24512,10330,0,0,0,161,0,0,16,64,2,0,64,0,0,31082107,2018,0.1,0,0,0,28.1,28.6,30.2,30.8,32.1,30.5,29.7,28.5,27.1,27,31.6,361901,2009,0,0,0,0,0,0,0,60,-0.42,12182875,72570,0,0,0,1200,400,720,240,4200,7500,8500,102,1.5,6000,0,0,0,0,0,30,0,30,35,28.7,0,0
2026-08-14T13:08:53.298000+09:00,2026-08-14T04:08:53.298000+00:00,094623,0.0,2,0,0,0,0,0,0,0,0,0,0,0,4623,-24512,10330,0,0,0,161,0,0,16,64,2,0,64,0,0,31082107,2018,0.09,0,0,0,28.1,28.6,30.2,30.8,32.1,30.5,29.7,28.5,27.1,27,31.6,361901,2009,0,0,0,0,0,0,0,60,-0.43,12182875,72570,0,0,0,1200,400,720,240,4200,7500,8500,102,1.5,6000,0,0,0,0,0,30,0,30,35,28.7,0,0
2026-08-14T13:09:53.392000+09:00,2026-08-14T04:09:53.392000+00:00,094623,0.0,2,0,0,0,0,0,0,0,0,0,0,0,4623,-24512,10330,0,0,0,161,0,0,16,64,2,0,64,0,0,31082107,2018,0.1,0,0,0,28.1,28.6,30.2,30.8,32.1,30.5,29.7,28.5,27.1,27,31.6,361901,2009,0,0,0,0,0,0,0,60,-0.43,12182875,72570,0,0,0,1200,400,720,240,4200,7500,8500,102,1.5,6000,0,0,0,0,0,30,0,30,35,28.7,0,0
2026-08-14T13:10:53.492000+09:00,2026-08-14T04:10:53.492000+00:00,094623,0.0,2,0,0,0,0,0,0,0,0,0,0,0,4623,-24512,10330,0,0,0,161,0,0,16,64,2,0,64,0,0,31082107,2018,0.1,0,0,0,28.1,28.6,30.3,30.8,32.1,30.6,29.7,28.6,27.2,27,31.6,361901,2009,0,0,0,0,0,0,0,60,-0.44,12182875,72570,0,0,0,1200,400,720,240,4200,7500,8500,102,1.5,6000,0,0,0,0,0,30,0,30,35,28.7,0,0
2026-08-14T13:11:53.584000+09:00,2026-08-14T04:11:53.584000+00:00,094623,0.0,2,0,0,0,0,0,0,0,0,0,0,0,4623,-24512,10330,0,0,0,161,0,0,16,64,2,0,64,0,0,31082107,2018,0.1,0,0,0,28.1,28.7,30.3,30.9,32.1,30.6,29.7,28.6,27.2,27,31.6,361901,2009,0,0,0,0,0,0,0,60,-0.44,12182875,72570,0,0,0,1200,400,720,240,4200,7500,8500,102,1.5,6000,0,0,0,0,0,30,0,30,35,28.7,0,0
2026-08-14T13:12:53.673000+09:00,2026-08-14T04:12:53.673000+00:00,094623,0.0,2,0,0,0,0,0,0,0,0,0,0,0,4623,-24512,10330,0,0,0,161,0,0,16,64,2,0,64,0,0,31082107,2018,0.1,0,0,0,28.1,28.7,30.3,31,32.1,30.6,29.7,28.6,27.2,27,31.6,361901,2009,0,0,0,0,0,0,0,60,-0.44,12182875,72570,0,0,0,1200,400,720,240,4200,7500,8500,102,1.5,6000,0,0,0,0,0,30,0,30,35,28.7,0,0
2026-08-14T13:13:53.771000+09:00,2026-08-14T04:13:53.771000+00:00,094623,0.0,2,0,0,0,0,0,0,0,0,0,0,0,4623,-24512,10330,0,0,0,161,0,0,16,64,2,0,64,0,0,31082107,2018,0.1,0,0,0,28.2,28.7,30.3,31.2,32.2,30.6,29.8,28.6,27.2,27,31.6,361901,2009,0,0,0,0,0,0,0,60,-0.45,12182875,72570,0,0,0,1200,400,720,240,4200,7500,8500,102,1.5,6000,0,0,0,0,0,30,0,30,35,28.7,0,0
2026-08-14T13:14:53.875000+09:00,2026-08-14T04:14:53.875000+00:00,094623,-4.0,2,0,0,0,0,0,0,0,0,0,0,0,4623,-24512,10330,0,0,0,161,0,0,16,64,2,0,64,0,0,31082107,2018,0.1,3.97,0,0,28.2,28.7,30.3,31.2,32.2,30.6,29.8,28.6,27.2,27,31.6,361901,2009,0,0,0,0,0,0,0,60,-0.45,12182875,72570,0,0,0,1200,400,720,240,4200,7500,8500,102,1.5,6000,0,0,0,0,0,30,0,30,35,28.7,0,0
2026-08-14T13:15:53.976000+09:00,2026-08-14T04:15:53.976000+00:00,094623,-4.0,2,0,0,0,0,0,0,0,0,0,0,0,4623,-24512,10330,0,0,0,161,0,0,16,64,2,0,64,0,0,31082107,2018,0.09,3.97,0,0,28.2,28.7,30.3,31.3,32.2,30.6,29.8,28.6,27.2,27,31.6,361901,2009,0,0,0,0,0,0,0,60,-0.47,12182875,72570,0,0,0,1200,400,720,240,4200,7500,8500,102,1.5,6000,0,0,0,0,0,30,0,30,35,28.8,0,0
2026-08-14T13:16:54.070000+09:00,2026-08-14T04:16:54.070000+00:00,094623,-5.2,2,0,0,0,0,0,0,0,0,0,0,0,4623,-24512,10330,0,0,0,161,0,0,16,64,2,0,64,0,0,31082107,2018,0.1,5.19,0,0,28.2,28.8,30.3,31.2,32.2,30.6,29.8,28.6,27.2,27.1,31.6,361901,2009,0,0,0,0,0,0,0,60,-0.47,12182875,72570,0,0,0,1200,400,720,240,4200,7500,8500,102,1.5,6000,0,0,0,0,0,30,0,30,35,28.8,0,0
2026-08-14T13:17:54.164000+09:00,2026-08-14T04:17:54.164000+00:00,094623,-4.0,2,0,0,0,0,0,0,0,0,0,0,0,4623,-24512,10330,0,0,0,161,0,0,16,64,2,0,64,0,0,31082107,2018,0.1,3.97,0,0,28.2,28.8,30.4,31.3,32.2,30.7,29.8,28.6,27.2,27.1,31.6,361901,2009,0,0,0,0,0,0,0,60,-0.48,12182875,72570,0,0,0,1200,400,720,240,4200,7500,8500,102,1.5,6000,0,0,0,0,0,30,0,30,35,28.8,0,0
2026-08-14T13:18:54.266000+09:00,2026-08-14T04:18:54.266000+00:00,094623,-7.6,2,0,0,0,0,0,0,0,0,0,0,0,4623,-24512,10330,0,0,0,161,0,0,16,64,2,0,64,0,0,31082107,2018,0.1,7.63,0,0,28.2,28.8,30.4,31.3,32.2,30.7,29.8,28.7,27.3,27.1,31.6,361901,2009,0,0,0,0,0,0,0,60,-0.49,12182875,72571,0,0,0,1200,400,720,240,4200,7500,8500,102,1.5,6000,0,0,0,0,0,30,0,30,35,28.8,0,0
2026-08-14T13:19:54.375000+09:00,2026-08-14T04:19:54.375000+00:00,094623,-5.2,2,0,0,0,0,0,0,0,0,0,0,0,4623,-24512,10330,0,0,0,161,0,0,16,64,2,0,64,0,0,31082107,2018,0.1,5.19,0,0,28.3,28.8,30.4,31.2,32.3,30.7,29.8,28.7,27.3,27.1,31.6,361901,2009,0,0,0,0,0,0,0,60,-0.5,12182875,72571,0,0,0,1200,400,720,240,4200,7500,8500,102,1.5,6000,0,0,0,0,0,30,0,30,35,28.8,0,0
2026-08-14T13:20:54.473000+09:00,2026-08-14T04:20:54.473000+00:00,094623,-6.4,2,0,0,0,0,0,0,0,0,0,0,0,4623,-24512,10330,0,0,0,161,0,0,16,64,2,0,64,0,0,31082107,2018,0.1,6.41,0,0,28.3,28.8,30.4,31.2,32.3,30.7,29.8,28.7,27.3,27.1,31.6,361901,2009,0,0,0,0,0,0,0,60,-0.51,12182875,72571,0,0,0,1200,400,720,240,4200,7500,8500,102,1.5,6000,0,0,0,0,0,30,0,30,35,28.8,0,0
2026-08-14T13:21:54.577000+09:00,2026-08-14T04:21:54.577000+00:00,094623,-4.0,2,0,0,0,0,0,0,0,0,0,0,0,4623,-24512,10330,0,0,0,161,0,0,16,64,2,0,64,0,0,31082107,2018,0.1,3.97,0,0,28.3,28.9,30.5,31.2,32.3,30.8,29.9,28.7,27.3,27.1,31.6,361901,2009,0,0,0,0,0,0,0,60,-0.51,12182875,72571,0,0,0,1200,400,720,240,4200,7500,8500,102,1.5,6000,0,0,0,0,0,30.24,0,30,35,28.9,0,0
2026-08-14T13:22:54.665000+09:00,2026-08-14T04:22:54.665000+00:00,094623,-5.2,2,0,0,0,0,0,0,0,0,0,0,0,4623,-24512,10330,0,0,0,161,0,0,16,64,2,0,64,0,0,31082107,2018,0.1,5.19,0,0,28.3,28.9,30.5,31.1,32.3,30.8,29.9,28.7,27.3,27.1,31.6,361901,2009,0,0,0,0,0,0,0,60,-0.53,12182875,72571,0,0,0,1200,400,720,240,4200,7500,8500,102,1.5,6000,0,0,0,0,0,30,0,30,35,28.9,0,0
2026-08-14T13:23:54.761000+09:00,2026-08-14T04:23:54.761000+00:00,094623,0.0,0,0,0,0,0,0,0,0,0,0,0,0,4623,-24512,10330,0,256,0,129,0,0,0,0,2,0,0,0,0,31082107,2018,0.1,0,0,0,28.4,28.9,30.5,31.2,32.3,30.8,29.9,28.7,27.3,27.2,31.6,361901,2009,0,0,0,0,0,0,0,60,-0.53,12182875,72571,0,3411.61,0,1200,400,720,240,4200,7500,8500,102,1.5,6000,0,0,0,0,0,30,0,30,35,28.9,0,0
2026-08-14T13:24:54.855000+09:00,2026-08-14T04:24:54.855000+00:00,094623,0.0,0,0,0,0,0,0,0,0,0,0,0,0,4623,-24512,10330,0,256,0,129,0,0,0,0,2,0,0,0,0,31082107,2018,0.1,0,0,0,28.4,28.9,30.5,31.2,32.3,30.8,29.9,28.8,27.4,27.2,31.6,361901,2009,0,0,0,0,0,0,0,60,-0.53,12182875,72571,0,3411.61,0,1200,400,720,240,4200,7500,8500,102,1.5,6000,0,0,0,0,0,30,0,30,35,28.9,0,0
2026-08-14T13:25:54.939000+09:00,2026-08-14T04:25:54.939000+00:00,094623,0.0,2,0,0,0,0,0,0,0,0,0,0,0,4623,-24512,10330,0,256,0,161,0,0,0,0,2,0,64,0,0,31082107,2018,0.1,0,0,0,28.4,29,30.5,31.3,32.3,30.8,29.9,28.8,27.4,27.2,31.6,361901,2009,0,0,0,0,0,0,0,60,-0.54,12182875,72571,0,3411.61,0,1200,400,720,240,4200,7500,8500,102,1.5,6000,0,0,0,0,0,30,0,30,35,28.9,0,0
2026-08-14T13:26:55.039000+09:00,2026-08-14T04:26:55.039000+00:00,094623,0.0,2,0,0,0,0,0,0,0,0,0,0,0,4623,-24512,10330,0,256,0,161,0,0,0,0,2,0,64,0,0,31082107,2018,0.1,0,0,0,28.5,29,30.5,31.3,32.3,30.9,30,28.8,27.5,27.3,31.5,361901,2009,0,0,0,0,0,0,0,60,-0.56,12182875,72571,0,3411.61,0,1200,400,720,240,4200,7500,8500,102,1.5,6000,0,0,0,0,0,30,0,30,35,28.9,0,0
2026-08-14T13:27:55.128000+09:00,2026-08-14T04:27:55.128000+00:00,094623,0.0,2,0,0,0,0,0,0,0,0,0,0,0,4623,-24512,10330,0,256,0,161,0,0,0,0,2,0,64,0,0,31082107,2018,0.1,0,0,0,28.5,29,30.6,31.3,32.3,31.1,30.2,28.9,27.6,27.3,31.4,361901,2009,0,0,0,0,0,0,0,60,-0.57,12182875,72571,0,3411.61,0,1200,400,720,240,4200,7500,8500,102,1.5,6000,0,0,0,0,0,30,0,30,35,29.2,0,0
2026-08-14T13:28:55.232000+09:00,2026-08-14T04:28:55.232000+00:00,094623,-2.8,2,0,0,0,0,0,0,0,0,0,0,0,4623,-24512,10330,0,256,0,161,0,0,0,0,2,0,64,0,0,31082107,2018,0.1,2.75,0,0,28.5,29,30.6,31.3,32.3,31.3,30.3,29,27.6,27.3,31.3,361901,2009,0,0,0,0,0,0,0,60,-0.56,12182875,72571,0,3411.61,0,1200,400,720,240,4200,7500,8500,102,1.5,6000,0,0,0,0,0,30,0,30,35,29.5,0,0
2026-08-14T13:29:55.327000+09:00,2026-08-14T04:29:55.327000+00:00,094623,-2.8,2,0,0,0,0,0,0,0,0,0,0,0,4623,-24512,10330,0,256,0,161,0,0,0,0,2,0,64,0,0,31082107,2018,0.1,2.75,0,0,28.5,29,30.6,31.4,32.3,31.4,30.4,29,27.6,27.3,31.1,361901,2009,0,0,0,0,0,0,0,60,-0.58,12182875,72572,0,3411.61,0,1200,400,720,240,4200,7500,8500,102,1.5,6000,0,0,0,0,0,30,0,30,35,29.6,0,0
2026-08-14T13:30:55.432000+09:00,2026-08-14T04:30:55.432000+00:00,094623,0.0,1,0,0,0,0,0,0,0,0,0,0,0,4623,24640,10330,512,0,0,129,0,0,0,0,2,0,0,0,0,31082107,2018,0.1,0,0,0,28.6,29.1,30.7,31.4,32.3,31.3,30.5,29.1,27.7,27.3,30.9,361901,2009,0,0,0,0,0,0,0,60,-0.81,12182875,72572,0,3411.61,0,1200,400,720,240,4200,7500,8500,102,1.5,6000,0,0,0,0,0,30,0,30,35,29.7,0,0
2026-08-14T13:31:55.537000+09:00,2026-08-14T04:31:55.537000+00:00,094623,0.0,1,0,0,0,0,0,0,0,0,0,0,0,4623,24640,10330,584,0,8192,129,0,0,0,0,2,0,0,0,0,31082107,2018,0.1,0,0,0,28.6,29.1,30.8,31.5,32.3,31.1,30.3,29,27.7,27.3,30.9,361901,2009,0,0,0,0,0,0,0,60,-1.39,12182875,72572,0,3411.61,0,1200,400,720,240,4200,7500,8500,102,1.5,6000,0,0,0,0,0,30,0,30,35,29.5,0,0
2026-08-14T13:32:55.658000+09:00,2026-08-14T04:32:55.658000+00:00,094623,0.0,1,0,0,0,0,0,0,0,0,0,0,0,4623,24640,10330,584,0,8192,129,0,0,0,0,2,0,0,0,0,31082107,2018,0.1,0,0,0,28.6,29.1,30.8,31.5,32.3,31,30.3,29,27.7,27.4,30.8,361901,2009,0,0,0,0,0,0,0,60,-1.35,12182875,72572,0,3411.61,0,1200,400,720,240,4200,7500,8500,102,1.5,6000,0,0,0,0,0,30,0,30,35,29.4,0,0
2026-08-14T13:33:55.756000+09:00,2026-08-14T04:33:55.756000+00:00,094623,0.0,1,0,0,0,0,0,0,0,0,0,0,0,4623,24640,10330,584,0,8192,129,0,0,0,0,2,0,0,0,0,31082107,2018,0.1,0,0,0,28.7,29.2,30.9,31.5,32.4,31,30.3,29.1,27.8,27.5,30.6,361901,2009,0,0,0,0,0,0,0,60,-1.45,12182875,72572,0,3411.61,0,1200,400,720,240,4200,7500,8500,102,1.5,6000,0,0,0,0,0,30,0,30,35,29.3,0,0
2026-08-14T13:34:55.843000+09:00,2026-08-14T04:34:55.843000+00:00,094623,0.0,1,0,0,0,0,0,0,0,0,0,0,0,4623,24640,10330,584,0,8192,129,0,0,0,0,2,0,0,0,0,31082107,2018,0.1,0,0,0,28.7,29.2,30.9,31.5,32.4,30.9,30.3,29.2,27.9,27.5,30.5,361901,2009,0,0,0,0,0,0,0,60,-0.84,12182875,72572,0,3411.61,0,1200,400,720,240,4200,7500,8500,102,1.5,6000,0,0,0,0,0,30,0,30,35,29.3,0,0
2026-08-14T13:35:55.944000+09:00,2026-08-14T04:35:55.944000+00:00,094623,0.0,1,0,0,0,0,0,0,0,0,0,0,0,4623,24640,10330,584,0,8192,129,0,0,0,0,2,0,0,0,0,31082107,2018,0.1,0,0,0,28.8,29.2,30.9,31.5,32.4,30.9,30.2,29.2,28,27.7,30.5,361901,2009,0,0,0,0,0,0,0,60,-1.26,12182875,72573,0,3411.61,0,1200,400,720,240,4200,7500,8500,102,1.5,6000,0,0,0,0,0,30,0,30,35,29.2,0,0
2026-08-14T13:36:56.041000+09:00,2026-08-14T04:36:56.041000+00:00,094623,-30.8,1,0,0,0,0,0,0,0,0,0,0,0,4619,20544,10330,0,128,4096,137,0,0,0,0,2,0,0,0,0,31082107,2018,0.1,30.82,0,0,28.8,29.2,31,31.5,32.4,30.8,30.1,29.4,28.1,27.8,30.4,361901,2009,0,0,0,0,0,0,0,60,-2.91,12182875,72573,0,3411.61,0,1200,400,720,240,4200,7500,8500,102,1.5,6000,0,0,0,0,21.58,30,0,30,35,36.8,0,0
2026-08-14T13:37:56.129000+09:00,2026-08-14T04:37:56.129000+00:00,094623,-55.2,1,0,0,0,0,0,0,0,0,0,0,0,4619,20544,10330,0,128,4096,137,0,0,0,0,2,0,0,0,0,31082107,2018,0.1,55.24,0,0,28.8,29.2,31,31.5,32.3,30.8,30,29.8,28.1,27.9,30.2,361901,2009,0,0,0,0,0,0,0,60,-2.99,12182875,72574,0,3411.61,0,1200,400,720,240,4200,7500,8500,102,1.5,6000,0,0,0,0,25,30,0,30,35,82.2,0,0
2026-08-14T13:38:56.224000+09:00,2026-08-14T04:38:56.224000+00:00,094623,-28.4,1,0,0,0,0,0,0,0,0,0,0,0,4619,20544,10330,0,128,4096,137,0,0,0,0,2,0,0,0,0,31082107,2018,0.1,28.38,0,0,28.9,29.2,31.1,31.5,32.3,30.8,30,30,28.3,28,30.3,361901,2009,0,0,0,0,0,0,0,60,-2.91,12182875,72574,0,3411.61,0,1200,400,720,240,4200,7500,8500,102,1.5,6000,0,0,0,0,18.5,30,0,30,35,136.8,0,0
2026-08-14T13:39:56.325000+09:00,2026-08-14T04:39:56.325000+00:00,094623,-61.3,1,0,0,0,0,0,0,0,0,0,0,0,4619,20544,10330,0,128,4096,136,0,0,0,0,2,0,0,0,0,31082107,2018,0.1,61.34,0,0,28.9,29.3,31.1,31.4,32.3,30.8,29.9,30.4,28.3,28.1,30.2,361901,2009,0,0,0,0,0,0,0,60,-2.5,12182875,72574,0,3411.61,0,1200,400,720,240,4200,7500,8500,102,1.5,6000,0,0,0,0,25,30,0,30,35,188.7,0,0
2026-08-14T13:40:56.416000+09:00,2026-08-14T04:40:56.416000+00:00,094623,-2.8,1,0,0,0,0,0,0,0,0,0,0,0,4619,20544,10330,0,128,4096,137,0,0,0,0,2,0,0,0,0,31082107,2018,0.1,2.75,0,0,28.9,29.3,31.1,31.4,32.3,30.8,29.9,30.5,28.4,28.1,30.3,361901,2009,0,0,0,0,0,0,0,60,-2.75,12182875,72575,0,3411.61,0,1200,400,720,240,4200,7500,8500,102,1.5,6000,0,0,0,0,10,30,0,30,35,224.1,0,0
2026-08-14T13:41:56.517000+09:00,2026-08-14T04:41:56.517000+00:00,094623,-61.3,1,0,0,0,0,0,0,0,0,0,0,0,4619,20544,10330,0,128,4096,137,0,0,0,0,2,0,0,0,0,31082107,2018,0.1,61.34,0,0,28.9,29.3,31.1,31.4,32.3,30.8,29.9,30.7,28.5,28.2,30.4,361901,2009,0,0,0,0,0,0,0,60,-3.05,12182875,72575,0,3411.61,0,1200,400,720,240,4200,7500,8500,102,1.5,6000,0,0,0,0,25,30,0,30,35,261.1,0,0
2026-08-14T13:42:56.617000+09:00,2026-08-14T04:42:56.617000+00:00,094623,-61.3,1,0,0,0,0,0,0,0,0,0,0,0,4619,20544,10330,0,128,4096,136,0,0,0,0,2,0,0,0,0,31082107,2018,0.1,61.34,0,0,28.9,29.3,31.1,31.4,32.3,30.8,29.9,30.9,28.6,28.3,30.3,361901,2009,0,0,0,0,0,0,0,60,-2.4,12182875,72576,0,3411.61,0,1200,400,720,240,4200,7500,8500,102,1.5,6000,0,0,0,0,25,30,0,30,35,303,0,0
2026-08-14T13:43:56.761000+09:00,2026-08-14T04:43:56.761000+00:00,094623,-58.9,1,0,0,0,0,0,0,0,0,0,0,0,4619,20544,10330,0,128,4096,136,0,0,0,0,2,0,0,0,0,31082107,2018,0.1,58.9,0,0,29,29.3,31.1,31.4,32.3,30.8,29.8,31,28.6,28.3,30.4,361901,2009,0,0,0,0,0,0,0,60,-2.4,12182875,72576,0,3411.61,0,1200,400,720,240,4200,7500,8500,102,1.5,6000,0,0,0,0,25,30,0,30,35,342.1,0,0
2026-08-14T13:44:56.861000+09:00,2026-08-14T04:44:56.861000+00:00,094623,-60.1,1,0,0,0,0,0,0,0,0,0,0,0,4619,20544,10330,0,128,4096,136,0,0,0,0,2,0,0,0,0,31082107,2018,0.1,60.12,0,0,29,29.4,31.1,31.5,32.3,30.8,29.8,31.1,28.7,28.4,30.5,361901,2009,0,0,0,0,0,0,0,60,-2.39,12182875,72577,0,3411.61,0,1200,400,720,240,4200,7500,8500,102,1.5,6000,0,0,0,0,25,30,0,30,35,380,0,0
2026-08-14T13:45:56.948000+09:00,2026-08-14T04:45:56.948000+00:00,094623,-60.1,1,0,0,0,0,0,0,0,0,0,0,0,4619,20544,10330,0,128,4096,136,0,0,0,0,2,0,0,0,0,31082107,2018,0.1,60.12,0,0,29,29.4,31.1,31.5,32.3,30.8,29.8,31.1,28.7,28.4,30.5,361901,2009,0,0,0,0,0,0,0,60,-2.38,12182875,72577,0,3411.61,0,1200,400,720,240,4200,7500,8500,102,1.5,6000,0,0,0,0,25.02,30,0,30,35,414.4,0,0
2026-08-14T13:46:57.043000+09:00,2026-08-14T04:46:57.043000+00:00,094623,-58.9,1,0,0,0,0,0,0,0,0,0,0,0,4619,20544,10330,0,128,4096,136,0,0,0,0,2,0,0,0,0,31082107,2018,0.1,58.9,0,0,29,29.4,31.2,31.5,32.3,30.8,29.8,31.2,28.7,28.4,30.6,361901,2009,0,0,0,0,0,0,0,60,-2.39,12182875,72577,0,3411.61,0,1200,400,720,240,4200,7500,8500,102,1.5,6000,0,0,0,0,25,30,0,30,35,447.1,0,0
2026-08-14T13:47:57.137000+09:00,2026-08-14T04:47:57.137000+00:00,094623,-60.1,1,0,0,0,0,0,0,0,0,0,0,0,4619,20544,10330,0,128,4096,136,0,0,0,0,2,0,0,0,0,31082107,2018,0.1,60.12,0,0,29,29.4,31.2,31.6,32.3,30.8,29.8,31.2,28.7,28.5,30.6,361901,2009,0,0,0,0,0,0,0,60,-2.39,12182875,72578,0,3411.61,0,1200,400,720,240,4200,7500,8500,102,1.5,6000,0,0,0,0,25.02,30,0,30,35,478.1,0,0
2026-08-14T13:48:57.243000+09:00,2026-08-14T04:48:57.243000+00:00,094623,-57.7,1,0,0,0,0,0,0,0,0,0,0,0,4619,20544,10330,0,128,4096,136,0,0,0,0,2,0,0,0,0,31082107,2018,0.1,57.68,0,0,29,29.4,31.2,31.7,32.3,30.8,29.8,31.2,28.7,28.5,30.7,361901,2009,0,0,0,0,0,0,0,60,-2.39,12182875,72578,0,3411.61,0,1200,400,720,240,4200,7500,8500,102,1.5,6000,0,0,0,0,25,30,0,30,35,507.2,0,0
2026-08-14T13:49:57.339000+09:00,2026-08-14T04:49:57.339000+00:00,094623,-56.5,1,0,0,0,0,0,0,0,0,0,0,0,4619,20544,10330,0,128,4096,136,0,0,0,0,2,0,0,0,0,31082107,2018,0.1,56.46,0,0,29,29.4,31.2,31.7,32.3,30.8,29.8,31.2,28.8,28.5,30.7,361901,2009,0,0,0,0,0,0,0,60,-2.39,12182875,72579,0,3411.61,0,1200,400,720,240,4200,7500,8500,102,1.5,6000,0,0,0,0,25,30,0,30,35,535.2,0,0
2026-08-14T13:50:57.443000+09:00,2026-08-14T04:50:57.443000+00:00,094623,-60.1,1,0,0,0,0,0,0,0,0,0,0,0,4619,20544,10330,0,128,4096,136,0,0,0,0,2,0,0,0,0,31082107,2018,0.1,60.12,0,0,29.1,29.4,31.2,31.8,32.3,30.8,29.7,31.2,28.8,28.5,30.7,361901,2009,0,0,0,0,0,0,0,60,-2.39,12182875,72579,0,3411.61,0,1200,400,720,240,4200,7500,8500,102,1.5,6000,0,0,0,0,25,30,0,30,35,561.7,0,0
2026-08-14T13:51:57.536000+09:00,2026-08-14T04:51:57.536000+00:00,094623,-60.1,1,0,0,0,0,0,0,0,0,0,0,0,4619,20544,10330,0,128,4096,136,0,0,0,0,2,0,0,0,0,31082107,2018,0.1,60.12,0,0,29.1,29.4,31.2,31.8,32.3,30.8,29.7,31.3,28.8,28.5,30.7,361901,2009,0,0,0,0,0,0,0,60,-2.41,12182875,72579,0,3411.61,0,1200,400,720,240,4200,7500,8500,102,1.5,6000,0,0,0,0,25,30,0,30,35,586.3,0,0
2026-08-14T13:52:57.647000+09:00,2026-08-14T04:52:57.647000+00:00,094623,-60.1,1,0,0,0,0,0,0,0,0,0,0,0,4619,20544,10330,0,128,4096,136,0,0,0,0,2,0,0,0,0,31082107,2018,0.1,60.12,0,0,29.1,29.4,31.2,31.9,32.3,30.8,29.7,31.2,28.8,28.5,30.8,361901,2009,0,0,0,0,0,0,0,60,-2.42,12182875,72580,0,3411.61,0,1200,400,720,240,4200,7500,8500,102,1.5,6000,0,0,0,0,25,30,0,30,35,609.7,0,0
2026-08-14T13:53:57.740000+09:00,2026-08-14T04:53:57.740000+00:00,094623,-56.1,1,0,0,0,0,0,0,0,0,0,0,0,4619,20544,10330,0,128,4096,136,0,0,0,0,2,0,0,0,0,31082107,2018,0.1,57.68,1.53,0,29.1,29.4,31.2,31.9,32.3,30.8,29.7,31.2,28.8,28.6,30.8,361901,2009,0,0,0,0,0,0,0,60,-2.42,12182875,72580,0,3411.61,0,1200,400,720,240,4200,7500,8500,102,1.5,6000,0,0,0,0,25,30,0,30,35,631.7,0,0
2026-08-14T13:54:57.837000+09:00,2026-08-14T04:54:57.837000+00:00,094623,-60.1,1,0,0,0,0,0,0,0,0,0,0,0,4619,20544,10330,0,128,0,136,0,0,0,0,2,0,0,0,0,31082107,2018,0.1,60.12,0,0,29.1,29.4,31.2,32,32.4,30.8,29.7,31.2,28.9,28.6,30.8,361901,2009,0,0,0,0,0,0,0,60,-0.58,12182875,72580,0,3411.61,0,1200,400,720,240,4200,7500,8500,102,1.5,6000,0,0,0,0,25,30,0,30,35,640.2,0,0
2026-08-14T13:55:57.916000+09:00,2026-08-14T04:55:57.916000+00:00,094623,-171.2,1,0,0,0,0,0,0,0,0,0,0,0,4619,24608,10330,0,0,6144,136,0,0,0,0,2,0,0,0,0,31082107,2018,0.1,171.21,0,0,29.1,29.4,31.2,32,32.4,30.8,29.7,31.2,28.9,28.6,30.9,361901,2009,0,0,0,0,0,0,0,60,-3.48,12182875,72581,0,3411.61,0,1200,400,720,240,4200,7500,8500,102,1.5,6000,0,0,0,0,45.45,30,0,30,35,549.4,0,0
2026-08-14T13:56:58.013000+09:00,2026-08-14T04:56:58.013000+00:00,094623,-220.0,1,0,0,0,0,0,0,0,0,0,0,0,4619,24608,10330,0,0,6144,136,0,0,0,0,2,0,0,0,0,31082107,2018,0.1,220.04,0,0,29.1,29.4,31.2,32.1,32.4,30.9,29.7,31.4,28.8,28.6,33.9,361901,2009,0,0,0,0,0,0,0,60,-3.89,12182875,72581,0,3411.61,0,1200,400,720,240,4200,7500,8500,102,1.5,6000,0,0,0,0,50,30,0,30,35,379.6,0,0
2026-08-14T13:57:58.103000+09:00,2026-08-14T04:57:58.103000+00:00,094623,-222.5,1,0,0,0,0,0,0,0,0,0,0,0,4619,24608,10330,0,0,6144,136,0,0,0,0,2,0,0,0,0,31082107,2018,0.1,222.48,0,0,29.2,29.4,31.2,32.2,32.4,30.8,29.7,32.7,28.9,28.6,41.1,361901,2009,0,0,0,0,0,0,0,60,-3.91,12182875,72582,0,3411.61,0,1200,400,720,240,4200,7500,8500,102,1.5,6000,0,0,0,0,50,30,0,30,35,303.6,0,0
2026-08-14T13:58:58.200000+09:00,2026-08-14T04:58:58.200000+00:00,094623,-221.3,1,0,0,0,0,0,0,0,0,0,0,0,4619,24608,10330,0,0,6144,136,0,0,0,0,2,0,0,0,0,31082107,2018,0.1,221.26,0,0,29.2,29.4,31.2,32.2,32.5,30.8,29.7,33.6,28.9,28.6,52.1,361901,2009,0,0,0,0,0,0,0,60,-3.89,12182875,72582,0,3411.61,0,1200,400,720,240,4200,7500,8500,102,1.5,6000,0,0,0,0,50,30,0,30,35,253.1,0,0
2026-08-14T13:59:58.286000+09:00,2026-08-14T04:59:58.286000+00:00,094623,-220.0,1,0,0,0,0,0,0,0,0,0,0,0,4619,24608,10330,0,0,6144,136,0,0,0,0,2,0,0,0,0,31082107,2018,0.1,220.04,0,0,29.2,29.4,31.2,32.3,32.5,30.8,29.7,34.5,28.9,28.6,67.6,361901,2009,0,0,0,0,0,0,0,60,-3.88,12182875,72583,0,3411.61,0,1200,400,720,240,4200,7500,8500,102,1.5,6000,0,0,0,0,50,30,0,30,35,220.9,0,0
2026-08-14T14:00:58.381000+09:00,2026-08-14T05:00:58.381000+00:00,094623,-405.6,1,0,0,0,0,0,0,0,0,0,0,0,4619,24640,10330,0,0,4096,137,0,0,0,0,2,0,0,0,0,31082107,2018,0.1,405.59,0,0,29.2,29.4,31.2,32.4,32.6,30.8,29.7,47.4,28.7,28.5,96.9,361901,2009,0,0,0,0,0,0,0,60,-4.5,12182875,72584,0,3411.61,0,1200,400,720,240,4200,7500,8500,102,1.5,6000,0,0,0,0,48.85,30,0,30,35,304.9,0,0
2026-08-14T14:01:58.475000+09:00,2026-08-14T05:01:58.475000+00:00,094623,-84.5,1,0,0,0,0,0,0,0,0,0,0,0,4619,24640,10330,0,0,4096,137,0,0,0,0,2,0,0,0,0,31082107,2018,0.1,84.54,0,0,29.2,29.4,31.2,32.4,32.7,30.8,29.7,44.6,28.7,28.5,96.5,361901,2009,0,0,0,0,0,0,0,60,-3.01,12182875,72584,0,3411.61,0,1200,400,720,240,4200,7500,8500,102,1.5,6000,0,0,0,0,25,30,0,30,35,356,0,0
2026-08-14T14:02:58.565000+09:00,2026-08-14T05:02:58.565000+00:00,094623,-83.3,1,0,0,0,0,0,0,0,0,0,0,0,4619,24640,10330,0,0,4096,137,0,0,0,0,2,0,0,0,0,31082107,2018,0.1,83.32,0,0,29.2,29.4,31.2,32.2,32.7,30.8,29.7,42.4,28.8,28.6,98.5,361901,2009,0,0,0,0,0,0,0,60,-2.99,12182875,72585,0,3411.61,0,1200,400,720,240,4200,7500,8500,102,1.5,6000,0,0,0,0,25,30,0,30,35,412.5,0,0
2026-08-14T14:03:58.722000+09:00,2026-08-14T05:03:58.722000+00:00,094623,-79.7,1,0,0,0,0,0,0,0,0,0,0,0,4619,24640,10330,0,0,4096,137,0,0,0,0,2,0,0,0,0,31082107,2018,0.1,79.65,0,0,29.2,29.4,31.2,32,32.7,30.8,29.7,41.9,28.8,28.6,113.1,361901,2009,0,0,0,0,0,0,0,60,-3.04,12182875,72585,0,3411.61,0,1200,400,720,240,4200,7500,8500,102,1.5,6000,0,0,0,0,25,30,0,30,35,464.8,0,0
2026-08-14T14:04:58.767000+09:00,2026-08-14T05:04:58.767000+00:00,094623,-84.5,1,0,0,0,0,0,0,0,0,0,0,0,4619,24640,10330,0,0,4096,137,0,0,0,0,2,0,0,0,0,31082107,2018,0.1,84.54,0,0,29.2,29.4,31.2,31.9,32.7,30.8,29.7,42.1,28.9,28.6,136.8,361901,2009,0,0,0,0,0,0,0,60,-3.02,12182875,72586,0,3411.61,0,1200,400,720,240,4200,7500,8500,102,1.5,6000,0,0,0,0,25,30,0,30,35,511.2,0,0
2026-08-14T14:05:58.865000+09:00,2026-08-14T05:05:58.865000+00:00,094623,-82.1,1,0,0,0,0,0,0,0,0,0,0,0,4619,24640,10330,0,0,4096,137,0,0,0,0,2,0,0,0,0,31082107,2018,0.1,82.09,0,0,29.2,29.4,31.2,31.8,32.6,30.8,29.7,42.6,28.9,28.6,164.7,361901,2009,0,0,0,0,0,0,0,60,-2.99,12182875,72586,0,3411.61,0,1200,400,720,240,4200,7500,8500,102,1.5,6000,0,0,0,0,25,30,0,30,35,552.4,0,0
2026-08-14T14:06:58.961000+09:00,2026-08-14T05:06:58.961000+00:00,094623,-82.1,1,0,0,0,0,0,0,0,0,0,0,0,4619,24640,10330,0,0,4096,137,0,0,0,0,2,0,0,0,0,31082107,2018,0.1,82.09,0,0,29.3,29.4,31.2,31.7,32.5,30.8,29.7,43.3,28.9,28.7,204.3,361901,2009,0,0,0,0,0,0,0,60,-3,12182875,72587,0,3411.61,0,1200,400,720,240,4200,7500,8500,102,1.5,6000,0,0,0,0,25,30,0,30,35,588.3,0,0
2026-08-14T14:07:59.050000+09:00,2026-08-14T05:07:59.050000+00:00,094623,-83.3,1,0,0,0,0,0,0,0,0,0,0,0,4619,24640,10330,0,0,4096,137,0,0,0,0,2,0,0,0,0,31082107,2018,0.1,83.32,0,0,29.3,29.5,31.2,31.6,32.5,30.8,29.7,44.1,28.9,28.7,224.7,361901,2009,0,0,0,0,0,0,0,60,-3.04,12182875,72587,0,3411.61,0,1200,400,720,240,4200,7500,8500,102,1.5,6000,0,0,0,0,25,30,0,30,35,620.2,0,0
2026-08-14T14:08:59.126000+09:00,2026-08-14T05:08:59.126000+00:00,094623,-80.9,1,0,0,0,0,0,0,0,0,0,0,0,4619,24640,10330,0,0,0,137,0,0,0,0,2,0,0,0,0,31082107,2018,0.1,80.87,0,0,29.3,29.5,31.2,31.6,32.4,30.8,29.7,45.1,28.9,28.8,241.8,361901,2009,0,0,0,0,0,0,0,60,-1.17,12182875,72588,0,3411.61,0,1200,400,720,240,4200,7500,8500,102,1.5,6000,0,0,0,0,25,30,0,30,35,645,0,0
2026-08-14T14:09:59.216000+09:00,2026-08-14T05:09:59.216000+00:00,094623,-130.9,1,0,0,0,0,0,0,0,0,0,0,0,4619,24640,10330,0,0,0,137,0,0,0,0,2,0,0,0,0,31082107,2018,0.1,130.92,0,0,29.3,29.5,31.2,31.5,32.3,30.8,29.8,46.8,29,28.8,262.3,361901,2009,0,0,0,0,0,0,0,60,-1.38,12182875,72588,0,3411.61,0,1200,400,720,240,4200,7500,8500,102,1.5,6000,0,0,0,0,30,30,0,30,35,636.3,0,0
2026-08-14T14:10:59.310000+09:00,2026-08-14T05:10:59.310000+00:00,094623,-6.4,1,0,0,0,0,0,0,0,0,0,0,0,4619,24608,10330,0,0,6144,137,0,0,0,0,2,0,0,0,0,31082107,2018,0.1,6.41,0,0,29.3,29.5,31.2,31.5,32.2,30.7,29.8,46.9,29,28.8,284.1,361901,2009,0,0,0,0,0,0,0,60,-2.86,12182875,72588,0,3411.61,0,1200,400,720,240,4200,7500,8500,102,1.5,6000,0,0,0,0,18.82,30,0,30,35,587.4,0,0
2026-08-14T14:11:59.416000+09:00,2026-08-14T05:11:59.416000+00:00,094623,-154.1,1,0,0,0,0,0,0,0,0,0,0,0,4619,20544,10330,0,128,0,137,0,0,0,0,2,0,0,0,0,31082107,2018,0.1,154.12,0,0,29.3,29.5,31.2,31.4,32.2,30.7,29.8,55.7,29,28.9,551.5,361901,2009,0,0,0,0,0,0,0,60,-2.29,12182875,72588,0,3411.61,0,1200,400,720,240,4200,7500,8500,102,1.5,6000,0,0,0,0,42.52,30,30,30,35,610.4,0,0
2026-08-14T14:12:59.504000+09:00,2026-08-14T05:12:59.504000+00:00,094623,-201.7,1,0,0,0,0,0,0,0,0,0,0,0,4619,20544,10330,0,128,0,137,0,0,0,0,2,0,0,0,0,31082107,2018,0.1,201.73,0,0,29.4,29.5,31.2,31.4,32.1,30.7,29.8,70.6,29.1,28.9,733.6,361901,2009,0,0,0,0,0,0,0,60,-2.98,12182875,72589,0,3411.61,0,1200,400,720,240,4200,7500,8500,102,1.5,6000,0,0,0,0,50,30,30,30,35,604.1,0,0
2026-08-14T14:13:59.605000+09:00,2026-08-14T05:13:59.605000+00:00,094623,-196.8,1,0,0,0,0,0,0,0,0,0,0,0,4619,20544,10330,0,128,0,137,0,0,0,0,2,0,0,0,0,31082107,2018,0.1,196.84,0,0,29.4,29.5,31.2,31.4,32,30.7,29.8,87.9,29.1,28.9,652,361901,2009,0,0,0,0,0,0,0,60,-2.94,12182875,72589,0,3411.61,0,1200,400,720,240,4200,7500,8500,102,1.5,6000,0,0,0,0,50,30,30,30,35,597.6,0,0
2026-08-14T14:14:59.712000+09:00,2026-08-14T05:14:59.712000+00:00,094623,-161.4,1,0,0,0,0,0,0,0,0,0,0,0,4619,20544,12378,0,160,8,137,0,0,0,0,2,0,0,0,0,31082107,2018,0.1,161.44,0,0,29.4,29.5,31.2,31.4,31.9,30.7,29.8,101,29.1,28.9,548.2,361901,2009,0,0,0,0,0,0,0,60,-3.24,12182875,72590,0,3411.61,0,1200,400,720,240,4200,7500,8500,102,1.5,6000,0,0,0,0,50,30,30,30,35,591,0,0
2026-08-14T14:15:59.804000+09:00,2026-08-14T05:15:59.804000+00:00,094623,-160.2,1,0,0,0,0,0,0,0,0,0,0,0,4619,20544,10330,0,128,0,137,0,0,0,0,2,0,0,0,0,31082107,2018,0.1,160.22,0,0,29.4,29.5,31.2,31.4,31.9,30.7,29.9,113.5,29.1,29,612.9,361901,2009,0,0,0,0,0,0,0,60,-2.89,12182875,72590,0,3411.61,0,1200,400,720,240,4200,7500,8500,102,1.5,6000,0,0,0,0,50,30,30,30,35,584.8,0,0
2026-08-14T14:16:59.894000+09:00,2026-08-14T05:16:59.894000+00:00,094623,-166.3,1,0,0,0,0,0,0,0,0,0,0,0,4619,20544,10330,0,128,0,137,0,0,0,0,2,0,0,0,0,31082107,2018,0.1,166.33,0,0,29.4,29.5,31.2,31.3,31.8,30.7,29.9,121.2,29.2,29,714.3,361901,2009,0,0,0,0,0,0,0,60,-2.91,12182875,72591,0,3411.61,0,1200,400,720,240,4200,7500,8500,102,1.5,6000,0,0,0,0,50,30,30,30,35,579,0,0
2026-08-14T14:18:00.055000+09:00,2026-08-14T05:18:00.055000+00:00,094623,-150.5,1,0,0,0,0,0,0,0,0,0,0,0,4619,20544,10330,0,128,0,137,0,0,0,0,2,0,0,0,0,31082107,2018,0.1,150.46,0,0,29.4,29.5,31.2,31.3,31.7,30.7,29.9,129.3,29.2,29.1,687.8,361901,2009,0,0,0,0,0,0,0,60,-2.87,12182875,72591,0,3411.61,0,1200,400,720,240,4200,7500,8500,102,1.5,6000,0,0,0,0,50,30,30,30,35,573.3,0,0
2026-08-14T14:19:00.097000+09:00,2026-08-14T05:19:00.097000+00:00,094623,-149.2,1,0,0,0,0,0,0,0,0,0,0,0,4619,20544,10330,0,128,0,137,0,0,0,0,2,0,0,0,0,31082107,2018,0.1,149.24,0,0,29.4,29.6,31.2,31.3,31.6,30.6,29.8,135.8,29.2,29.1,653,361901,2009,0,0,0,0,0,0,0,60,-2.86,12182875,72592,0,3411.61,0,1200,400,720,240,4200,7500,8500,102,1.5,6000,0,0,0,0,50,30,30,30,35,568,0,0
2026-08-14T14:20:00.199000+09:00,2026-08-14T05:20:00.199000+00:00,094623,-151.7,1,0,0,0,0,0,0,0,0,0,0,0,4623,20544,8282,0,128,0,137,0,0,0,0,2,0,0,0,0,31082107,2018,0.1,151.68,0,0,29.5,29.6,31.2,31.3,31.6,30.6,29.7,144.7,29.2,29.1,672.9,361901,2009,0,0,0,0,0,0,0,60,-3.18,12182875,72592,0,3411.61,0,1200,400,720,240,4200,7500,8500,102,1.5,6000,0,0,0,0,50,30,30,30,35,562.8,0,0
2026-08-14T14:21:00.278000+09:00,2026-08-14T05:21:00.278000+00:00,094623,-151.7,1,0,0,0,0,0,0,0,0,0,0,0,4619,20544,10330,0,128,0,137,0,0,0,0,2,0,0,0,0,31082107,2018,0.1,151.68,0,0,29.5,29.6,31.2,31.2,31.5,30.6,29.7,150,29.2,29.1,684.5,361901,2009,0,0,0,0,0,0,0,60,-2.85,12182875,72593,0,3411.61,0,1200,400,720,240,4200,7500,8500,102,1.5,6000,0,0,0,0,50,30,30,30,35,558,0,0
2026-08-14T14:22:00.369000+09:00,2026-08-14T05:22:00.369000+00:00,094623,-146.8,1,0,0,0,0,0,0,0,0,0,0,0,4619,20544,10394,0,16512,0,137,0,0,0,0,2,0,0,0,0,31082107,2018,0.1,146.79,0,0,29.5,29.6,31.2,31.2,31.4,30.6,29.7,155.4,29.2,29.2,861.2,361901,2009,0,0,0,0,0,0,0,60,-2.98,12182875,72593,0,3411.61,0,1200,400,720,240,4200,7500,8500,102,1.5,6000,0,0,0,0,49.98,30,30,30,35,553.4,0,0
2026-08-14T14:23:00.458000+09:00,2026-08-14T05:23:00.458000+00:00,094623,-166.3,1,0,0,0,0,0,0,0,0,0,0,0,4619,20544,10330,0,128,0,137,0,0,0,0,2,0,0,0,0,31082107,2018,0.1,166.33,0,0,29.5,29.6,31.2,31.2,31.4,30.6,29.7,165.8,29.3,29.2,919.7,361901,2009,0,0,0,0,0,0,0,60,-2.85,12182875,72594,0,3411.61,0,1200,400,720,240,4200,7500,8500,102,1.5,6000,0,0,0,0,50,30,30,30,35,549.3,0,0
2026-08-14T14:24:00.536000+09:00,2026-08-14T05:24:00.536000+00:00,094623,-179.8,1,0,0,0,0,0,0,0,0,0,0,0,4619,20544,10346,0,8324,0,137,0,0,0,0,2,0,0,0,0,31082107,2018,0.1,179.75,0,0,29.5,29.6,31.2,31.2,31.3,30.6,29.7,172.7,29.3,29.2,931.3,361901,2009,0,0,0,0,0,0,0,60,-3.05,12182875,72594,0,3411.61,0,1200,400,720,240,4200,7500,8500,102,1.5,6000,0,0,0,0,50,30,30,30,35,545.2,0,0
2026-08-14T14:25:00.633000+09:00,2026-08-14T05:25:00.633000+00:00,094623,-188.3,1,0,0,0,0,0,0,0,0,0,0,0,4619,20544,18522,0,128,528,137,0,0,0,0,2,0,0,0,0,31082107,2018,0.1,188.3,0,0,29.5,29.6,31.2,31.2,31.2,30.5,29.7,177.1,29.3,29.2,929,361901,2009,0,0,0,0,0,0,0,60,-3.06,12182875,72595,0,3411.61,0,1200,400,720,240,4200,7500,8500,102,1.5,6000,0,0,0,0,50,30,30,30,35,541.1,0,0
2026-08-14T14:26:00.729000+09:00,2026-08-14T05:26:00.729000+00:00,094623,-174.9,1,0,0,0,0,0,0,0,0,0,0,0,4623,20544,10330,0,128,0,137,0,0,0,0,2,0,0,0,0,31082107,2018,0.1,174.87,0,0,29.5,29.6,31.2,31.2,31.2,30.5,29.8,182.9,29.3,29.3,976.5,361901,2009,0,0,0,0,0,0,0,60,-2.86,12182875,72595,0,3411.61,0,1200,400,720,240,4200,7500,8500,102,1.5,6000,0,0,0,0,50,30,30,30,35,537.2,0,0
2026-08-14T14:27:00.841000+09:00,2026-08-14T05:27:00.841000+00:00,094623,-188.3,1,0,0,0,0,0,0,0,0,0,0,0,4619,20544,10330,0,128,0,137,0,0,0,0,2,0,0,0,0,31082107,2018,0.1,188.3,0,0,29.5,29.6,31.2,31.2,31.1,30.5,29.8,187.5,29.3,29.3,963,361901,2009,0,0,0,0,0,0,0,60,-2.85,12182875,72596,0,3411.61,0,1200,400,720,240,4200,7500,8500,102,1.5,6000,0,0,0,0,50,30,30,30,35,533.7,0,0
2026-08-14T14:28:00.946000+09:00,2026-08-14T05:28:00.946000+00:00,094623,-184.6,1,0,0,0,0,0,0,0,0,0,0,0,4623,20544,12378,0,160,72,137,0,0,0,0,2,0,0,0,0,31082107,2018,0.1,184.64,0,0,29.6,29.6,31.2,31.1,31.1,30.5,29.8,191.8,29.3,29.3,962.1,361901,2009,0,0,0,0,0,0,0,60,-2.85,12182875,72596,0,3411.61,0,1200,400,720,240,4200,7500,8500,102,1.5,6000,0,0,0,0,50,30,30,30,35,530,0,0
2026-08-14T14:29:01.050000+09:00,2026-08-14T05:29:01.050000+00:00,094623,-151.7,1,0,0,0,0,0,0,0,0,0,0,0,4623,20544,10330,0,128,0,137,0,0,0,0,2,0,0,0,0,31082107,2018,0.1,151.68,0,0,29.6,29.6,31.2,31.2,31,30.5,29.8,195.7,29.3,29.3,916.2,361901,2009,0,0,0,0,0,0,0,60,-2.84,12182875,72597,0,3411.61,0,1200,400,720,240,4200,7500,8500,102,1.5,6000,0,0,0,0,50,30,30,30,35,526.7,0,0
2026-08-14T14:30:01.145000+09:00,2026-08-14T05:30:01.145000+00:00,094623,-154.1,1,0,0,0,0,0,0,0,0,0,0,0,4619,20544,18522,0,128,528,137,0,0,0,0,2,0,0,0,0,31082107,2018,0.1,154.12,0,0,29.6,29.6,31.2,31.2,31,30.5,29.7,200.3,29.3,29.3,827,361901,2009,0,0,0,0,0,0,0,60,-2.95,12182875,72597,0,3411.61,0,1200,400,720,240,4200,7500,8500,102,1.5,6000,0,0,0,0,50,30,30,30,35,523.4,0,0
2026-08-14T14:31:01.249000+09:00,2026-08-14T05:31:01.249000+00:00,094623,-150.5,1,0,0,0,0,0,0,0,0,0,0,0,4619,20544,10330,0,128,0,137,0,0,0,0,2,0,0,0,0,31082107,2018,0.1,150.46,0,0,29.6,29.6,31.2,31.2,31,30.5,29.8,203.8,29.3,29.3,840.1,361901,2009,0,0,0,0,0,0,0,60,-2.85,12182875,72598,0,3411.61,0,1200,400,720,240,4200,7500,8500,102,1.5,6000,0,0,0,0,50,30,30,30,35,520,0,0
2026-08-14T14:32:01.331000+09:00,2026-08-14T05:32:01.331000+00:00,094623,-161.4,1,0,0,0,0,0,0,0,0,0,0,0,4623,20544,10330,0,128,0,137,0,0,0,0,2,0,0,0,0,31082107,2018,0.1,161.44,0,0,29.6,29.6,31.2,31.2,31,30.4,29.9,207.1,29.4,29.4,814.9,361901,2009,0,0,0,0,0,0,0,60,-2.84,12182875,72598,0,3411.61,0,1200,400,720,240,4200,7500,8500,102,1.5,6000,0,0,0,0,50,30,30,30,35,516.8,0,0
2026-08-14T14:33:01.437000+09:00,2026-08-14T05:33:01.437000+00:00,094623,-145.6,1,0,0,0,0,0,0,0,0,0,0,0,4619,20544,12378,0,160,72,137,0,0,0,0,2,0,0,0,0,31082107,2018,0.1,145.57,0,0,29.6,29.6,31.3,31.3,31,30.5,29.9,210.7,29.4,29.4,774.4,361901,2009,0,0,0,0,0,0,0,60,-3.27,12182875,72599,0,3411.61,0,1200,400,720,240,4200,7500,8500,102,1.5,6000,0,0,0,0,50,30,30,30,35,513.7,0,0
2026-08-14T14:34:01.572000+09:00,2026-08-14T05:34:01.572000+00:00,094623,-140.7,1,0,0,0,0,0,0,0,0,0,0,0,4619,20544,10330,0,128,0,137,0,0,0,0,2,0,0,0,0,31082107,2018,0.1,140.69,0,0,29.6,29.6,31.3,31.3,30.9,30.5,29.9,214.3,29.4,29.4,805.9,361901,2009,0,0,0,0,0,0,0,60,-2.84,12182875,72599,0,3411.61,0,1200,400,720,240,4200,7500,8500,102,1.5,6000,0,0,0,0,50,30,30,30,35,510.7,0,0
2026-08-14T14:35:01.606000+09:00,2026-08-14T05:35:01.606000+00:00,094623,-171.2,1,0,0,0,0,0,0,0,0,0,0,0,4619,20544,18522,0,128,528,137,0,0,0,0,2,0,0,0,0,31082107,2018,0.1,171.21,0,0,29.6,29.6,31.3,31.3,30.9,30.4,29.8,217.4,29.4,29.4,888.2,361901,2009,0,0,0,0,0,0,0,60,-2.94,12182875,72600,0,3411.61,0,1200,400,720,240,4200,7500,8500,102,1.5,6000,0,0,0,0,50,30,30,30,35,507.7,0,0
2026-08-14T14:36:01.709000+09:00,2026-08-14T05:36:01.709000+00:00,094623,-167.6,1,0,0,0,0,0,0,0,0,0,0,0,4619,20544,12378,0,160,72,137,0,0,0,0,2,0,0,0,0,31082107,2018,0.1,167.55,0,0,29.6,29.6,31.3,31.3,30.9,30.4,29.9,216.2,29.4,29.4,857.5,361901,2009,0,0,0,0,0,0,0,60,-2.85,12182875,72600,0,3411.61,0,1200,400,720,240,4200,7500,8500,102,1.5,6000,0,0,0,0,50,30,30,30,35,504.8,0,0
2026-08-14T14:37:01.795000+09:00,2026-08-14T05:37:01.795000+00:00,094623,-168.8,1,0,0,0,0,0,0,0,0,0,0,0,4619,20544,10330,0,128,0,137,0,0,0,0,2,0,0,0,0,31082107,2018,0.1,168.77,0,0,29.6,29.7,31.4,31.4,30.9,30.4,29.9,222.9,29.4,29.5,851.1,361901,2009,0,0,0,0,0,0,0,60,-2.84,12182875,72600,0,3411.61,0,1200,400,720,240,4200,7500,8500,102,1.5,6000,0,0,0,0,50,30,30,30,35,501.8,0,0
2026-08-14T14:38:01.881000+09:00,2026-08-14T05:38:01.881000+00:00,094623,-146.8,1,0,0,0,0,0,0,0,0,0,0,0,4619,20544,18522,584,128,8720,137,0,0,0,0,2,0,0,0,0,31082107,2018,0.1,146.79,0,0,29.6,29.7,31.4,31.4,31,30.4,29.9,227.1,29.4,29.5,898.9,361901,2009,0,0,0,0,0,0,0,60,-3.16,12182875,72601,0,3411.61,0,1200,400,720,240,4200,7500,8500,102,1.5,6000,0,0,0,0,50,30,30,30,35,499.1,0,0
2026-08-14T14:39:01.971000+09:00,2026-08-14T05:39:01.971000+00:00,094623,-172.4,1,0,0,0,0,0,0,0,0,0,0,0,4619,20544,18522,0,128,528,137,0,0,0,0,2,0,0,0,0,31082107,2018,0.1,172.43,0,0,29.7,29.7,31.4,31.5,31,30.4,29.9,226.8,29.4,29.5,890.1,361901,2009,0,0,0,0,0,0,0,60,-2.93,12182875,72601,0,3411.61,0,1200,400,720,240,4200,7500,8500,102,1.5,6000,0,0,0,0,50,30,30,30,35,496.3,0,0
2026-08-14T14:40:02.067000+09:00,2026-08-14T05:40:02.067000+00:00,094623,-163.9,1,0,0,0,0,0,0,0,0,0,0,0,4619,20544,10330,0,128,0,137,0,0,0,0,2,0,0,0,0,31082107,2018,0.1,163.88,0,0,29.7,29.7,31.5,31.5,31,30.4,29.9,226.7,29.6,29.7,919,361901,2009,0,0,0,0,0,0,0,60,-2.84,12182875,72602,0,3411.61,0,1200,400,720,240,4200,7500,8500,102,1.5,6000,0,0,0,0,50,30,30,30,35,493.4,0,0
2026-08-14T14:41:02.169000+09:00,2026-08-14T05:41:02.169000+00:00,094623,-171.2,1,0,0,0,0,0,0,0,0,0,0,0,4619,20544,10330,0,128,0,137,0,0,0,0,2,0,0,0,0,31082107,2018,0.1,171.21,0,0,29.7,29.7,31.5,31.5,31,30.4,29.9,221.1,29.9,30,770.9,361901,2009,0,0,0,0,0,0,0,60,-2.96,12182875,72602,0,5.61,0,1200,400,720,240,4200,7500,8500,102,1.5,6000,0,0,0,0,50,30,30,30,35,490.7,0,0
2026-08-14T14:42:02.256000+09:00,2026-08-14T05:42:02.256000+00:00,094623,-45.5,1,0,0,0,0,0,0,0,0,0,0,0,4619,-28608,10329,0,2432,0,137,0,0,0,0,2,0,0,0,0,31082107,2018,0.1,45.47,0,0,29.7,29.7,31.5,31.5,31,30.4,29.9,224.4,30.6,30.9,871.5,361901,2009,0,0,0,0,0,0,0,60,-2.94,12182875,72603,0,3411.61,0,1200,400,720,240,4200,7500,8500,102,1.5,6000,0,0,0,0,50,30,30,30,35,488,0,0
2026-08-14T14:43:02.359000+09:00,2026-08-14T05:43:02.359000+00:00,094623,192.9,1,0,0,0,0,0,0,0,0,0,0,0,4619,-28608,10326,3,4480,0,129,0,0,0,0,2,0,0,0,0,31082107,2018,0.1,38.15,231.02,0,29.7,29.7,31.6,31.6,31,29.2,29.9,221,34.6,35.4,876.3,361901,2009,10.11,31.3,170,1.44,0,51.3,38,60,-1.01,12182875,72603,0,3411.61,0,1200,400,720,240,4200,7500,8500,102,1.5,6000,0,0,0,0,0,30,30,30,35,485.2,0,0
2026-08-14T14:44:02.454000+09:00,2026-08-14T05:44:02.454000+00:00,094623,-172.4,1,0,0,0,0,0,0,0,0,0,0,0,4619,20544,10330,0,128,0,137,0,0,0,0,2,0,0,0,0,31082107,2018,0.1,172.43,0,0,29.7,29.7,31.6,31.7,31.1,27.7,29.9,219.8,35.2,36,904.9,361901,2009,0,0,0,0,0,0,0,60,-3.16,12182875,72604,0,3411.61,0,1200,400,720,240,4200,7500,8500,102,1.5,6000,0,0,0,0,50,30,30,30,35,482.6,0,0
2026-08-14T14:45:02.556000+09:00,2026-08-14T05:45:02.556000+00:00,094623,-49.1,1,0,0,0,0,0,0,0,0,0,0,0,4619,-28608,10329,0,2432,0,137,0,0,0,0,2,0,0,0,0,31082107,2018,0.1,49.13,0,0,29.7,29.7,31.7,31.7,31.2,28.5,30,220.1,37.7,38.4,916,361901,2009,0,0,0,0,0,0,0,60,-3.09,12182875,72604,0,3411.61,0,1200,400,720,240,4200,7500,8500,102,1.5,6000,0,0,0,0,50,30,30,30,35,479.9,0,0
2026-08-14T14:46:02.656000+09:00,2026-08-14T05:46:02.656000+00:00,094623,-54.0,1,0,0,0,0,13376,0,13376,0,0,0,0,4623,-26560,10329,4,2432,0,137,0,0,0,0,2,0,0,0,0,31082107,2018,0.05,54.02,0,0,29.9,29.6,31.7,31.8,31.2,40.5,30,221,39,39.7,933.1,361901,2009,0,0,0,0,0,0,0,60,-4.46,12182875,72605,0,3411.61,0,1200,400,720,240,4200,7500,8500,102,1.5,6000,0,0,0,0,50,30,30,30,99.47,477.2,0,0
2026-08-14T14:47:02.759000+09:00,2026-08-14T05:47:02.759000+00:00,094623,2869.3,1,0,0,0,0,13376,0,13376,0,0,0,0,4655,-28608,10326,6,4480,4,129,0,0,0,0,2,0,0,0,0,31082107,2018,0.04,1963.56,4832.91,0,33.2,29.4,31.8,31.8,31.3,105.8,30,223.7,47.3,47.4,953.5,361901,2009,12.4,33.6,1530,5.69,0,37.2,38,60,-1.42,12182875,72605,-10.61,3411.61,0,1200,400,720,240,4200,7500,8500,102,1.5,6000,0,0,0,0,0,30,30,30,35,474.5,0,0
2026-08-14T14:48:02.861000+09:00,2026-08-14T05:48:02.861000+00:00,094623,1446.9,1,0,0,0,0,13376,497,13376,0,0,0,0,4651,-28608,18518,6,4480,0,129,0,0,0,0,2,0,0,0,0,31082107,2018,0.05,722.98,2169.87,0,34.7,37.5,33.2,31.8,32,344.3,30,277,58.6,59.4,1079.8,361902,2010,13.21,36.9,1490,5.8,1.15,26.9,40.5,60,7.17,12182875,72605,0,3411.61,0,1200,400,720,240,4200,7500,8500,102,1.5,6000,0,0,0,0,0,30,30,30.09,35,472,0,0
2026-08-14T14:49:02.962000+09:00,2026-08-14T05:49:02.962000+00:00,094623,1884.2,1,0,0,0,0,13376,495,13376,0,0,0,0,4655,-28608,10390,6,20864,0,129,0,0,0,0,2,0,0,0,0,31082107,2018,0.06,1070.89,2955.11,0,35.3,58.5,36.9,31.8,34.3,399.5,30.1,294.2,67.5,68.7,958.3,361902,2010,13.14,45.1,1490,5.74,1.14,31.4,42.8,60,18.39,12182878,72605,2.5,3411.61,0,1200,400,720,240,4200,7500,8500,102,1.5,6000,0,0,0,0,0,30,30,33.03,35.25,469.5,0,0
2026-08-14T14:50:03.098000+09:00,2026-08-14T05:50:03.098000+00:00,094623,1964.8,1,0,0,0,0,13376,498,13376,0,0,0,0,4651,-28608,10326,6,4480,0,129,0,0,0,0,2,0,0,0,0,31082107,2018,0.11,1042.82,3007.6,0,35.5,83.7,40.1,31.8,37.5,442.9,30.1,306.7,76.2,77.2,942.5,361902,2010,13.08,55,1500,5.71,1.14,33.8,46.3,60,24.4,12182881,72605,21.27,3411.61,0,1200,400,720,240,4200,7500,8500,102,1.5,6000,0,0,0,0,0,30.29,30,73.37,35,466.9,0,0
2026-08-14T14:51:03.197000+09:00,2026-08-14T05:51:03.197000+00:00,094623,1844.8,1,0,0,0,0,13376,495,13376,0,0,0,0,4651,-28608,12438,590,20896,8200,129,0,0,0,0,2,0,0,0,0,31082107,2018,0.14,991.55,2836.39,0,35.7,82.7,44,31.8,40.8,465.1,30.1,318.5,80.2,81.2,911.3,361902,2010,13.51,67.9,1500,5.63,1.12,33,45.8,60,23.74,12182885,72605,26.07,3411.61,0,1200,400,720,240,4200,7500,8500,102,1.5,6000,0,0,0,0,0,30.04,30,46.21,37.29,464.3,0,0
2026-08-14T14:52:03.303000+09:00,2026-08-14T05:52:03.303000+00:00,094623,2052.7,1,0,0,0,0,13376,497,13376,0,0,0,0,4655,-28608,10326,6,4480,0,129,0,0,0,0,2,0,0,0,0,31082107,2018,0.23,1374.86,3427.53,0,36.1,94.1,51.4,31.8,43.1,473.1,30.1,329.9,82.5,83.4,1054,361902,2010,13.84,69.9,1500,5.56,1.15,35,43.2,60,24.57,12182889,72605,33.13,3411.61,0,1200,400,720,240,4200,7500,8500,102,1.5,6000,0,0,0,0,0,30.12,30,68.3,35.1,461.8,0,0
2026-08-14T14:53:03.397000+09:00,2026-08-14T05:53:03.397000+00:00,094623,1884.2,1,0,0,0,0,13376,496,13376,0,0,0,0,4651,-28608,10342,6,12676,0,129,0,0,0,0,2,0,0,0,0,31082107,2018,0.35,1119.72,3003.94,0,37,92.4,55.6,31.8,44.5,487.1,30.1,338,85.4,86.1,1023.7,361902,2010,13.86,82,1490,5.48,1.16,33.7,45.6,60,24.35,12182893,72605,31.37,3411.61,0,1200,400,720,240,4200,7500,8500,102,1.5,6000,0,0,0,0,0,30.29,30,54.49,54.38,459.4,0,0
2026-08-14T14:54:03.518000+09:00,2026-08-14T05:54:03.518000+00:00,094623,2022.2,1,0,0,0,0,13376,501,13376,0,0,0,0,4651,-28608,10326,6,4480,0,129,0,0,0,0,2,0,0,0,0,31082107,2018,0.23,1255.23,3277.38,0,38.1,98.2,58.8,31.8,45.6,491.2,30.1,347.1,89.2,89.8,1100.6,361903,2011,13.6,88.1,1510,5.38,1.15,34.7,44.3,60,24.49,12182898,72605,59.4,3411.61,0,1200,400,720,240,4200,7500,8500,102,1.5,6000,0,0,0,0,0,30.1,30,68.75,65.51,457,0,0
2026-08-14T14:55:03.617000+09:00,2026-08-14T05:55:03.617000+00:00,094623,1989.2,1,0,0,0,0,13376,500,13376,0,0,0,0,4655,-28608,10326,6,4480,0,129,0,0,0,0,2,0,0,0,0,31082107,2018,0.14,1160.01,3149.2,0,39.5,96.7,61.8,31.8,46.5,494.1,30.1,355.6,91.9,92.4,1090.9,361903,2011,13.43,83.2,1510,5.18,1.14,33.5,43.8,60,24.56,12182902,72605,60.04,3411.61,0,1200,400,720,240,4200,7500,8500,102,1.5,6000,0,0,0,0,0,30.36,30,62.88,45.12,454.8,0,0
2026-08-14T14:56:03.718000+09:00,2026-08-14T05:56:03.718000+00:00,094623,2031.9,1,0,0,0,0,13376,499,13376,0,0,0,0,4655,-26560,18518,6,4480,528,129,0,0,0,0,2,0,0,0,0,31082107,2018,0.16,1266.21,3298.13,0,40.7,96.8,64.1,32,47,495.8,30.2,366.3,95.7,96.2,1056.3,361903,2011,13.78,85.3,1500,5.07,1.15,33.9,43,60,23.42,12182906,72605,37.5,3411.61,0,1200,400,720,240,4200,7500,8500,102,1.5,6000,0,0,0,0,0,30.24,30,60.26,41.95,452.5,0,0
2026-08-14T14:57:03.809000+09:00,2026-08-14T05:57:03.809000+00:00,094623,2260.2,1,0,0,0,0,13376,500,13376,0,0,0,0,4651,-28608,10326,6,4480,0,129,0,0,0,0,2,0,0,0,0,31082107,2018,0.39,1229.59,3489.79,0,42,98.6,67.6,32.1,47.4,496.3,30.2,371.9,99.3,99.8,1139.7,361903,2011,13.84,86.9,1510,4.94,1.15,34.6,41.6,60,24.61,12182910,72605,44.54,3411.62,0,1200,400,720,240,4200,7500,8500,102,1.5,6000,0,0,0,0,0,37.2,30,66.52,40.51,450.1,0,0
2026-08-14T14:58:03.914000+09:00,2026-08-14T05:58:03.914000+00:00,094623,1944.0,1,0,0,0,0,13376,498,13376,0,0,0,0,4651,-28608,10326,6,4480,0,129,0,0,0,0,0,0,0,0,0,31082107,2018,0.32,962.25,2906.28,0,42.8,97,70.5,32.2,47.6,509,30.2,371.3,101.9,102.4,1059.2,361903,2011,13.75,94.5,1500,4.77,1.15,32.5,45,60,24.53,12182914,72605,67.09,3411.62,0,1200,400,720,240,4200,7500,8500,102,1.5,6000,0,0,0,0,0,47.84,30,61.45,67.03,447.8,0,0
2026-08-14T14:59:04.018000+09:00,2026-08-14T05:59:04.018000+00:00,094623,2237.0,1,0,0,0,0,13376,497,13376,0,0,0,0,4651,-28608,12374,6,4480,8,129,0,0,0,0,2,0,0,0,0,31082107,2018,0.13,1238.14,3475.14,0,43.7,100.6,70.2,32.3,47.8,502.7,30.2,372.5,103.3,103.7,1088.9,361903,2011,13.79,88.6,1500,4.63,1.16,33.7,42.2,60,24.55,12182918,72605,71.57,3411.62,0,1200,400,720,240,4200,7500,8500,102,1.5,6000,0,0,0,0,0,50.59,30,71.54,52.93,445.3,0,0
2026-08-14T15:00:04.137000+09:00,2026-08-14T06:00:04.137000+00:00,094623,2011.2,1,0,0,0,0,13376,497,13376,0,0,0,0,4651,-28608,10326,6,4480,0,129,0,0,0,0,2,0,0,0,0,31082107,2018,0.13,961.03,2972.2,0,44.5,94.7,69.4,32.4,47.8,507.4,30.2,383.2,107.8,108.4,936,361904,2012,13.86,88.2,1500,4.5,1.13,31.8,43.6,60,24.43,12182922,72605,56.89,3411.62,0,1200,400,720,240,4200,7500,8500,102,1.5,6000,0,0,0,0,0,50.75,30,55.02,48.03,443.2,0,0
2026-08-14T15:01:04.290000+09:00,2026-08-14T06:01:04.290000+00:00,094623,2185.7,1,0,0,0,0,13376,495,13376,0,0,0,0,4655,-26560,18518,6,4480,528,129,0,0,0,0,2,0,0,0,0,31082107,2018,0.36,1089.21,3274.94,0,45.5,100.2,69.6,32.5,48.2,508.2,30.3,388.8,108.5,108.9,1058.6,361904,2012,13.93,89,1500,4.34,1.16,33.2,43,60,23.38,12182926,72605,48.71,3411.62,0,1200,400,720,240,4200,7500,8500,102,1.5,6000,0,0,0,0,0,53.58,30,70.27,48.24,440.9,0,0
2026-08-14T15:02:04.378000+09:00,2026-08-14T06:02:04.378000+00:00,094623,2167.4,1,0,0,0,0,13376,499,13376,0,0,0,0,4651,-28608,10326,6,4480,0,129,0,0,0,0,0,0,0,0,0,31082107,2018,0.42,1001.31,3168.74,0,46.1,96.8,69.2,32.5,48.2,507.5,30.2,390.6,112.6,113.1,1059.2,361904,2012,14.03,94,1500,4.24,1.13,32.4,42,60,24.57,12182930,72605,65.27,3411.62,0,1200,400,720,240,4200,7500,8500,102,1.5,6000,0,0,0,0,0,54.67,30,60.96,65.41,438.5,0,0
2026-08-14T15:03:04.468000+09:00,2026-08-14T06:03:04.468000+00:00,094623,2044.1,1,0,0,0,0,13376,497,13376,0,0,0,0,4651,-28608,10326,590,4480,8192,129,0,0,0,0,0,0,0,0,0,31082107,2018,0.28,1008.64,3052.77,0,46.6,100.5,68.7,32.6,48.4,510.8,30.3,388.9,113.5,113.9,1061.8,361904,2012,13.86,90,1500,4.11,1.16,32.5,43.9,60,23.78,12182934,72605,77.46,3411.62,0,1200,400,720,240,4200,7500,8500,102,1.5,6000,0,0,0,0,0,54.55,30,72.29,58.31,436.2,0,0
2026-08-14T15:04:04.569000+09:00,2026-08-14T06:04:04.569000+00:00,094623,2216.3,1,0,0,0,0,13376,499,13376,0,0,0,0,4655,-28608,12374,6,4512,72,129,0,0,0,0,2,0,0,0,0,31082107,2018,0.33,987.88,3204.14,0,47.1,96,67.7,32.6,48.7,509,30.3,391.5,115.2,115.5,1056.4,361904,2012,13.87,88.2,1510,4.03,1.16,33.2,43,60,24.34,12182938,72605,54.55,3411.62,0,1200,400,720,240,4200,7500,8500,102,1.5,6000,0,0,0,0,0,51.92,30,59.69,50.07,434,0,0
2026-08-14T15:05:04.671000+09:00,2026-08-14T06:05:04.671000+00:00,094623,2178.4,1,0,0,0,0,13376,497,13376,0,0,0,0,4651,-28608,10326,6,4480,0,129,0,0,0,0,0,0,0,0,0,31082107,2018,0.39,1096.53,3274.94,0,47.5,100,67.4,32.7,48.8,508.1,30.3,397.2,117.9,118.1,1059.6,361904,2012,12.99,92.3,1500,3.9,1.14,32.5,41.3,60,24.54,12182942,72605,55.88,3411.62,0,1200,400,720,240,4200,7500,8500,102,1.5,6000,0,0,0,0,0,50.13,30,71.81,62.37,431.7,0,0
2026-08-14T15:06:04.761000+09:00,2026-08-14T06:06:04.761000+00:00,094623,2066.1,1,0,0,0,0,13376,496,13376,0,0,0,0,4655,-28608,18518,6,4480,528,129,0,0,0,0,0,0,0,0,0,31082107,2018,0.38,1059.91,3126.01,0,48,96.8,67.6,32.7,49,510.5,30.3,399.1,119.4,119.6,1036.3,361905,2013,13.91,89.5,1500,3.8,1.15,32.3,42.6,60,24.37,12182946,72605,69.88,3411.63,0,1200,400,720,240,4200,7500,8500,102,1.5,6000,0,0,0,0,0,49.91,30,62.13,56,429.4,0,0
2026-08-14T15:07:04.869000+09:00,2026-08-14T06:07:04.869000+00:00,094623,2101.5,1,0,0,0,0,13376,497,13376,0,0,0,0,4651,-28608,10326,6,4480,0,129,0,0,0,0,0,0,0,0,0,31082107,2018,0.42,950.04,3051.55,0,48.1,99.4,68,32.7,49.3,511.4,30.3,401.7,120.9,120.9,1027.3,361905,2013,13.83,89.3,1500,3.74,1.15,32.6,43.5,60,24.59,12182950,72605,61.7,3411.63,0,1200,400,720,240,4200,7500,8500,102,1.5,6000,0,0,0,0,0,50.84,30,70.44,53.83,427.1,0,0
2026-08-14T15:08:04.959000+09:00,2026-08-14T06:08:04.959000+00:00,094623,2398.1,1,0,0,0,0,13376,499,13376,0,0,0,0,4655,-28608,10390,6,20864,0,129,0,0,0,0,0,0,0,0,0,31082107,2018,0.46,1216.16,3614.31,0,48.4,97.1,68.7,32.7,49.5,504.8,30.3,405.3,124,124,1077,361905,2013,13.87,91.4,1510,3.65,1.15,33.7,40.3,60,24.56,12182954,72605,63.12,3411.63,0,1200,400,720,240,4200,7500,8500,102,1.5,6000,0,0,0,0,0,53.51,30,63.92,60.57,425,0,0
2026-08-14T15:09:05.054000+09:00,2026-08-14T06:09:05.054000+00:00,094623,1929.1,1,0,0,0,0,13376,497,13376,0,0,0,0,4655,-28608,12374,590,4512,8264,129,0,0,0,0,0,0,0,0,0,31082107,2018,0.48,901.21,2830.29,0,48.9,99.1,69.3,32.8,49.6,514.1,30.7,405.4,125.8,125.6,967.1,361905,2013,13.83,90.1,1500,3.6,1.13,30.8,43,60,23.99,12182959,72605,66.43,3411.63,0,1200,400,720,240,4200,7500,8500,102,1.5,6000,0,0,0,0,0,56.75,30,69.65,58.04,422.7,0,0
2026-08-14T15:10:05.155000+09:00,2026-08-14T06:10:05.155000+00:00,094623,2045.1,1,0,0,0,0,13376,497,13376,0,0,0,0,4655,-28608,10342,6,12676,0,129,0,0,0,0,0,0,0,0,0,31082107,2018,0.43,784.02,2829.07,0,49.2,97.7,69.5,32.8,49.7,514.3,30.5,407.7,124.8,124.4,989.6,361905,2013,14.01,89.7,1500,3.55,1.15,31.7,44,60,24.41,12182963,72605,67.81,3411.63,0,1200,400,720,240,4200,7500,8500,102,1.5,6000,0,0,0,0,0,59.56,30,66.46,56.43,420.4,0,0
2026-08-14T15:11:05.248000+09:00,2026-08-14T06:11:05.248000+00:00,094623,1870.5,1,0,0,0,0,13376,496,13376,0,0,0,0,4651,-28608,18518,6,4480,528,129,0,0,0,0,0,0,0,0,0,31082107,2018,0.47,826.75,2697.23,0,49.8,97.9,69.2,32.8,50.2,516.3,30.4,415.2,126.8,126.1,944.6,361905,2013,13.89,90.5,1500,3.48,1.14,31.1,44.8,60,24.46,12182967,72605,63.95,3411.63,0,1200,400,720,240,4200,7500,8500,102,1.5,6000,0,0,0,0,0,60.61,30,66.21,58.83,418.1,0,0
2026-08-14T15:12:05.381000+09:00,2026-08-14T06:12:05.381000+00:00,094623,1752.1,1,0,0,0,0,13376,494,13376,0,0,0,0,4651,-28608,10326,6,4480,0,129,0,0,0,0,0,0,0,0,0,31082107,2018,0.48,868.25,2620.32,0,50.4,99.1,68.9,32.9,50.9,521.1,30.5,412.4,125.2,124.4,932.3,361906,2014,13.87,91.6,1490,3.41,1.16,30.9,45.9,60,24.53,12182971,72605,64.97,3411.63,0,1200,400,720,240,4200,7500,8500,102,1.5,6000,0,0,0,0,0,61.31,30,70.78,63.66,415.8,0,0
2026-08-14T15:13:05.470000+09:00,2026-08-14T06:13:05.470000+00:00,094623,2064.9,1,0,0,0,0,13376,496,13376,0,0,0,0,4651,-28608,10326,6,4480,0,129,0,0,0,0,0,0,0,0,0,31082107,2018,0.47,1131.93,3196.81,0,51,99,68.5,32.9,51.3,513.7,30.5,415.4,126.4,125.4,1012.9,361906,2014,13.97,90.5,1500,3.42,1.16,32.1,42.5,60,24.56,12182975,72605,67.39,3411.63,0,1200,400,720,240,4200,7500,8500,102,1.5,6000,0,0,0,0,0,61.27,30,72.09,62.05,413.6,0,0
2026-08-14T15:14:05.573000+09:00,2026-08-14T06:14:05.573000+00:00,094623,1953.8,1,0,0,0,0,13376,496,13376,0,0,0,0,4651,-28608,12374,6,4512,72,129,0,0,0,0,0,0,0,0,0,31082107,2018,0.42,952.48,2906.28,0,51.3,98,68.3,32.9,51.5,516.9,30.5,420.6,128.9,128,968.4,361906,2014,13.89,90.3,1500,3.37,1.14,31.3,43.5,60,24.22,12182979,72605,73.16,3411.63,0,1200,400,720,240,4200,7500,8500,102,1.5,6000,0,0,0,0,0,61.2,30,70.24,61.96,411.5,0,0
2026-08-14T15:15:05.676000+09:00,2026-08-14T06:15:05.676000+00:00,094623,1824.1,1,0,0,0,0,13376,495,13376,0,0,0,0,4651,-28608,10326,6,4480,0,129,0,0,0,0,0,0,0,0,0,31082107,2018,0.4,976.9,2800.99,0,50.4,96.8,68.1,32.9,51.7,518.7,30.5,418.4,128.9,127.9,990.5,361906,2014,13.47,90.7,1490,3.33,1.16,31.2,44.7,60,24.51,12182983,72605,72.65,3411.64,0,1200,400,720,240,4200,7500,8500,102,1.5,6000,0,0,0,0,0,60.81,30,65.25,63.7,409.2,0,0
2026-08-14T15:16:05.781000+09:00,2026-08-14T06:16:05.781000+00:00,094623,2058.8,1,0,0,0,0,13376,496,13376,0,0,0,0,4651,-28608,10326,6,4480,0,129,0,0,0,0,0,0,0,0,0,31082107,2018,0.44,1074.56,3133.33,0,49.6,97.7,67.9,32.9,51.7,514.4,30.5,421.9,129.8,128.6,1018.7,361906,2014,14.04,89.7,1500,3.3,1.16,32,42.6,60,24.5,12182987,72605,72.98,3411.64,0,1200,400,720,240,4200,7500,8500,102,1.5,6000,0,0,0,0,0,60.21,30,66.77,61.32,407,0,0
2026-08-14T15:17:05.876000+09:00,2026-08-14T06:17:05.876000+00:00,094623,2101.5,1,0,0,0,0,13376,496,13376,0,0,0,0,4655,-28608,10326,6,4480,0,129,0,0,0,0,0,0,0,0,0,31082107,2018,0.45,932.95,3034.46,0,49.3,98.1,68.2,32.9,51.5,513.8,30.6,432.9,132.5,131.3,1034.1,361906,2014,14.07,89,1500,3.27,1.15,31.9,42.8,60,24.39,12182991,72605,71.25,3411.64,0,1200,400,720,240,4200,7500,8500,102,1.5,6000,0,0,0,0,0,61.24,30,67.99,58.26,404.8,0,0
2026-08-14T15:18:05.970000+09:00,2026-08-14T06:18:05.970000+00:00,094623,2206.5,1,0,0,0,0,13376,497,13376,0,0,0,0,4651,-28608,10326,6,4480,0,129,0,0,0,0,0,0,0,0,0,31082107,2018,0.46,1048.92,3255.41,0,49.1,98,68.6,32.9,51.6,510.8,30.6,433.9,134.4,133,1019.1,361907,2015,14.05,89.5,1500,3.26,1.16,32.5,41.9,60,24.52,12182995,72605,69.59,3411.64,0,1200,400,720,240,4200,7500,8500,102,1.5,6000,0,0,0,0,0,63.06,30,67.76,58.39,402.8,0,0
2026-08-14T15:19:06.072000+09:00,2026-08-14T06:19:06.072000+00:00,094623,2234.6,1,0,0,0,0,13376,498,13376,0,0,0,0,4651,-28608,12374,6,4480,0,129,0,0,0,0,0,0,0,0,0,31082107,2018,0.49,1205.18,3439.74,0,48.9,98.3,68.7,33,51.7,509.6,30.6,438.9,136.7,135.2,1040.1,361907,2015,13.84,91.1,1510,3.22,1.15,32.2,40.6,60,24.37,12182999,72605,71.01,3411.64,0,1200,400,720,240,4200,7500,8500,102,1.5,6000,0,0,0,0,0,64.39,30,68.92,63.56,400.6,0,0
2026-08-14T15:20:06.174000+09:00,2026-08-14T06:20:06.174000+00:00,094623,2089.3,1,0,0,0,0,13376,496,13376,0,0,0,0,4651,-28608,10326,518,4480,0,129,0,0,0,0,0,0,0,0,0,31082107,2018,0.47,1080.66,3169.96,0,49,98.6,68.7,33,51.8,513.2,30.7,441.6,137.8,136,1022,361907,2015,13.92,90.2,1500,3.21,1.15,31.7,41.9,60,24.19,12183003,72605,76.58,3411.64,0,1200,400,720,240,4200,7500,8500,102,1.5,6000,0,0,0,0,0,65.32,30,70.3,62.18,398.5,0,0
2026-08-14T15:21:06.275000+09:00,2026-08-14T06:21:06.275000+00:00,094623,1709.3,1,0,0,0,0,13376,499,13376,0,0,0,0,4651,-28608,10326,6,4480,0,129,0,0,0,0,0,0,0,0,0,31082107,2018,0.43,802.33,2511.67,0,49.2,98.1,68.2,33,51.9,522.5,30.6,442.7,135.7,133.9,1004.8,361907,2015,14.02,90,1510,3.21,1.14,30.1,46,60,24.66,12183007,72605,74.71,3411.64,0,1200,400,720,240,4200,7500,8500,102,1.5,6000,0,0,0,0,0,64.68,30,69.83,61.84,396.5,0,0
2026-08-14T15:22:06.375000+09:00,2026-08-14T06:22:06.375000+00:00,094623,1924.2,1,0,0,0,0,13376,497,13376,0,0,0,0,4651,-28608,10326,6,4480,0,129,0,0,0,0,0,0,0,0,0,31082107,2018,0.44,906.09,2830.29,0,49.4,97.4,67.4,33.1,52.1,518.7,30.7,445.9,135.4,133.4,1044.6,361907,2015,13.68,90.1,1500,3.17,1.15,31.3,44.5,60,24.54,12183012,72605,71.26,3411.64,0,1200,400,720,240,4200,7500,8500,102,1.5,6000,0,0,0,0,0,61.9,30,67.12,61.97,394.3,0,0
2026-08-14T15:23:06.472000+09:00,2026-08-14T06:23:06.472000+00:00,094623,2045.4,1,0,0,0,0,13376,496,13376,0,0,0,0,4651,-28608,10326,518,4480,0,129,0,0,0,0,0,0,0,0,0,31082107,2018,0.46,1017.18,3062.53,0,49.6,97.9,66.8,33.1,52.4,515.8,30.8,445.8,136.7,134.6,1020.9,361907,2015,13.93,89.6,1500,3.14,1.16,31.8,43.3,60,24,12183015,72605,70.03,3411.65,0,1200,400,720,240,4200,7500,8500,102,1.5,6000,0,0,0,0,0,58.61,30,68.03,59.82,392.1,0,0
2026-08-14T15:24:06.593000+09:00,2026-08-14T06:24:06.593000+00:00,094623,1995.3,1,0,0,0,0,13376,496,13376,0,0,0,0,4651,-28608,18518,6,4480,528,129,0,0,0,0,0,0,0,0,0,31082107,2018,0.46,972.01,2967.31,0,49.7,97.9,66.8,33.2,52.8,517.1,30.7,441.5,137.3,135.1,999.8,361908,2016,13.99,91.5,1500,3.1,1.16,31.5,43.8,60,24.37,12183020,72605,69.63,3411.65,0,1200,400,720,240,4200,7500,8500,102,1.5,6000,0,0,0,0,0,56.63,30,67.82,66.43,390,0,0
2026-08-14T15:25:06.661000+09:00,2026-08-14T06:25:06.661000+00:00,094623,2119.8,1,0,0,0,0,13376,496,13376,0,0,0,0,4655,-26560,10326,590,4480,8192,129,0,0,0,0,0,0,0,0,0,31082107,2018,0.45,1091.65,3211.46,0,49.8,98.3,67.2,33.2,53.1,514.2,30.8,441.5,138.5,136.2,972.1,361908,2016,13.76,89.1,1490,3.1,1.16,32.3,42.6,60,24.49,12183024,72605,72.46,3411.65,0,1200,400,720,240,4200,7500,8500,102,1.5,6000,0,0,0,0,0,56.3,30,68.94,59.93,387.9,0,0
2026-08-14T15:26:06.768000+09:00,2026-08-14T06:26:06.768000+00:00,094623,2069.8,1,0,0,0,0,13376,496,13376,0,0,0,0,4651,-28608,10326,6,4480,0,129,0,0,0,0,0,0,0,0,0,31082107,2018,0.46,1116.06,3185.83,0,49.8,98.6,67.9,33.3,53.4,513.5,30.7,445.1,140.2,137.9,1034.8,361908,2016,13.91,89.3,1500,3.08,1.14,31.4,41.5,60,24.56,12183028,72605,68.58,3411.65,0,1200,400,720,240,4200,7500,8500,102,1.5,6000,0,0,0,0,0,57.75,30,70.63,59.09,385.8,0,0
2026-08-14T15:27:06.852000+09:00,2026-08-14T06:27:06.852000+00:00,094623,2144.2,1,0,0,0,0,13376,496,13376,0,0,0,0,4651,-28608,8342,6,20864,8,129,0,0,0,0,0,0,0,0,0,31082107,2018,0.46,1163.67,3307.9,0,49.9,97.8,68.6,33.3,53.6,513.6,30.8,448.1,141,138.7,1026.4,361908,2016,13.51,89.4,1500,3.08,1.16,31.9,41.5,60,24.57,12183032,72605,69.64,3411.65,0,1200,400,720,240,4200,7500,8500,102,1.5,6000,0,0,0,0,0,60.22,30,68.65,58.49,384,0,0
2026-08-14T15:28:06.948000+09:00,2026-08-14T06:28:06.948000+00:00,094623,2057.6,1,0,0,0,0,13376,497,13376,0,0,0,0,4651,-28608,10326,6,4480,0,129,0,0,0,0,0,0,0,0,0,31082107,2018,0.47,1075.78,3133.33,0,50.2,98,69.1,33.3,53.9,515.6,30.8,445.3,141.7,139.3,1024.4,361908,2016,13.6,90,1500,3.06,1.15,31.4,42.2,60,24.5,12183036,72605,70.71,3411.65,0,1200,400,720,240,4200,7500,8500,102,1.5,6000,0,0,0,0,0,63.09,30,69.1,59.9,381.9,0,0
2026-08-14T15:29:07.041000+09:00,2026-08-14T06:29:07.041000+00:00,094623,1925.4,1,0,0,0,0,13376,498,13376,0,0,0,0,4655,-28608,18534,6,12676,528,129,0,0,0,0,0,0,0,0,0,31082107,2018,0.49,882.9,2808.31,0,50.5,98.5,69.2,33.4,54.1,519.4,30.8,443.9,140.7,138.3,1013.3,361908,2016,14.07,91.3,1500,3.04,1.14,30.7,43.7,60,24.38,12183040,72605,69.68,3411.65,0,1200,400,720,240,4200,7500,8500,102,1.5,6000,0,0,0,0,0,65.25,30,71.04,64.5,379.8,0,0
2026-08-14T15:30:07.135000+09:00,2026-08-14T06:30:07.135000+00:00,094623,2038.0,1,0,0,0,0,13376,496,13376,0,0,0,0,4655,-28608,10326,518,4480,0,129,0,0,0,0,0,0,0,0,0,31082107,2018,0.46,1048.92,3086.95,0,50.8,98.7,68.9,33.4,54.3,516.6,31,452.2,141.6,139,1031.7,361909,2017,14.02,91,1500,3.02,1.16,31.5,42.8,60,24.04,12183044,72605,74.3,3411.65,0,1200,400,720,240,4200,7500,8500,102,1.5,6000,0,0,0,0,0,65.8,30,72.57,65.45,377.8,0,0
2026-08-14T15:31:07.237000+09:00,2026-08-14T06:31:07.237000+00:00,094623,2118.6,1,0,0,0,0,13376,494,13376,0,0,0,0,4651,-28608,10326,6,4480,0,129,0,0,0,0,0,0,0,0,0,31082107,2018,0.44,1052.58,3171.18,0,51.1,97.7,68.6,33.4,54.6,514.5,30.9,458.4,143.3,140.7,1029,361909,2017,13.44,90.2,1490,2.99,1.16,31.7,42.1,60,24.51,12183048,72605,72.9,3411.66,0,1200,400,720,240,4200,7500,8500,102,1.5,6000,0,0,0,0,0,65.94,30,69.72,63.86,375.8,0,0
2026-08-14T15:32:07.337000+09:00,2026-08-14T06:32:07.337000+00:00,094623,2104.0,1,0,0,0,0,13376,496,13376,0,0,0,0,4651,-28608,12374,6,4512,72,129,0,0,0,0,0,0,0,0,0,31082107,2018,0.44,980.56,3084.51,0,51.4,97.5,68.4,33.4,55,515.2,30.8,463.1,144.2,141.8,999.5,361909,2017,13.89,90.3,1500,2.98,1.15,31.5,42.6,60,24.54,12183052,72605,72.83,3411.66,0,1200,400,720,240,4200,7500,8500,102,1.5,6000,0,0,0,0,0,66.18,30,68.46,64.37,373.9,0,0
2026-08-14T15:33:07.429000+09:00,2026-08-14T06:33:07.429000+00:00,094623,2152.8,1,0,0,0,0,13376,497,13376,0,0,0,0,4651,-28608,10326,6,4480,0,129,0,0,0,0,0,0,0,0,0,31082107,2018,0.44,1197.85,3350.63,0,51.6,97.7,68.1,33.4,55.3,513.8,30.9,461.2,144.6,142.2,1004.8,361909,2017,13.75,90.3,1500,2.98,1.16,32,41.7,60,24.55,12183056,72605,72.95,3411.66,0,1200,400,720,240,4200,7500,8500,102,1.5,6000,0,0,0,0,0,65.71,30,68.55,64.87,371.9,0,0
2026-08-14T15:34:07.528000+09:00,2026-08-14T06:34:07.528000+00:00,094623,2100.3,1,0,0,0,0,13376,497,13376,0,0,0,0,4651,-28608,18518,6,4480,528,129,0,0,0,0,0,0,0,0,0,31082107,2018,0.47,1166.11,3266.4,0,51.7,98.3,68.1,33.5,55.7,514.4,31.1,473.9,147.3,144.9,1036.4,361909,2017,13.74,90.7,1500,2.96,1.14,31.3,41.2,60,24.48,12183060,72605,72.86,3411.66,0,1200,400,720,240,4200,7500,8500,102,1.5,6000,0,0,0,0,0,65.8,30,70.34,66.64,369.9,0,0
2026-08-14T15:35:07.627000+09:00,2026-08-14T06:35:07.627000+00:00,094623,2208.9,1,0,0,0,0,13376,498,13376,0,0,0,0,4651,-28608,10326,6,4480,0,129,0,0,0,0,0,0,0,0,0,31082107,2018,0.42,1152.68,3361.61,0,51.9,98.1,68.5,33.4,55.9,514.1,31,481,148.2,145.8,1042.9,361909,2017,13.61,89.8,1500,2.97,1.15,31.6,40.7,60,24.68,12183064,72605,74.87,3411.66,0,1200,400,720,240,4200,7500,8500,102,1.5,6000,0,0,0,0,0,67.55,30,70.16,64.74,367.9,0,0
2026-08-14T15:36:07.742000+09:00,2026-08-14T06:36:07.742000+00:00,094623,2066.1,1,0,0,0,0,13376,498,13376,0,0,0,0,4651,-28608,10326,6,4480,0,129,0,0,0,0,0,0,0,0,0,31082107,2018,0.41,1051.36,3117.47,0,52,97.9,68.6,33.6,56.2,515.9,31.1,477.4,148.2,145.6,1052,361910,2018,13.92,88.8,1500,2.96,1.15,31,42,60,24.57,12183069,72605,73.22,3411.66,0,1200,400,720,240,4200,7500,8500,102,1.5,6000,0,0,0,0,0,68.8,30,69.49,60.72,366,0,0
2026-08-14T15:37:07.846000+09:00,2026-08-14T06:37:07.846000+00:00,094623,2239.4,1,0,0,0,0,13376,499,13376,0,0,0,0,4655,-28608,12374,6,4512,72,129,0,0,0,0,0,0,0,0,0,31082107,2018,0.44,1246.68,3486.13,0,52,97.7,68.4,33.5,56.4,513,31.2,479.7,149.4,146.9,1043.3,361910,2018,14.03,89.9,1500,2.94,1.15,31.6,40,60,24.29,12183073,72605,70.28,3411.66,0,1200,400,720,240,4200,7500,8500,102,1.5,6000,0,0,0,0,0,68.99,30,68.57,63.01,364,0,0
2026-08-14T15:38:07.935000+09:00,2026-08-14T06:38:07.935000+00:00,094623,1970.9,1,0,0,0,0,13376,498,13376,0,0,0,0,4651,-28608,10326,6,4480,0,129,0,0,0,0,0,0,0,0,0,31082107,2018,0.44,973.23,2944.12,0,52,97.8,68.2,33.6,56.6,518.7,31.2,478.4,149,146.3,1055.6,361910,2018,14.07,91,1500,2.93,1.13,30.2,41.9,60,24.36,12183077,72605,72.12,3411.66,0,1200,400,720,240,4200,7500,8500,102,1.5,6000,0,0,0,0,0,68.79,30,68.45,66.86,362.1,0,0
2026-08-14T15:39:08.040000+09:00,2026-08-14T06:39:08.040000+00:00,094623,1991.6,1,0,0,0,0,13376,495,13376,0,0,0,0,4651,-28608,18518,6,4480,528,129,0,0,0,0,0,0,0,0,0,31082107,2018,0.42,1056.25,3047.88,0,52.1,97.9,68.1,33.5,56.7,520.2,31.2,474.2,146.4,143.7,1035.2,361910,2018,13.87,90.3,1490,2.9,1.16,30.9,42.8,60,24.36,12183081,72605,75.27,3411.67,0,1200,400,720,240,4200,7500,8500,102,1.5,6000,0,0,0,0,0,68.59,30,68.34,66.04,360.3,0,0
2026-08-14T15:40:08.131000+09:00,2026-08-14T06:40:08.131000+00:00,094623,2323.7,1,0,0,0,0,13376,498,13376,0,0,0,0,4651,-28608,10326,6,4480,0,129,0,0,0,0,0,0,0,0,0,31082107,2018,0.44,1199.07,3522.75,0,52.1,99.3,68,33.5,56.9,512.2,31.3,482,149.7,146.9,1033,361910,2018,14.08,89.1,1510,2.92,1.14,31.8,39.7,60,24.6,12183085,72605,73.77,3411.67,0,1200,400,720,240,4200,7500,8500,102,1.5,6000,0,0,0,0,0,68.36,30,73.32,62.04,358.3,0,0
2026-08-14T15:41:08.211000+09:00,2026-08-14T06:41:08.211000+00:00,094623,2239.4,1,0,0,0,0,13376,496,13376,0,0,0,0,4655,-28608,10326,590,4480,8192,129,0,0,0,0,0,0,0,0,0,31082107,2018,0.42,1232.03,3471.48,0,52.2,97.9,68.1,33.5,57.2,515,31.3,488.8,150.9,148.1,1036.7,361910,2018,13.67,89.4,1500,2.89,1.16,31.9,40.8,60,24.39,12183089,72605,73.04,3411.67,0,1200,400,720,240,4200,7500,8500,102,1.5,6000,0,0,0,0,0,68.73,30,70.53,61.64,356.5,0,0
2026-08-14T15:42:08.310000+09:00,2026-08-14T06:42:08.310000+00:00,094623,1992.9,1,0,0,0,0,13376,497,13376,0,0,0,0,4651,-28608,12374,6,4512,72,129,0,0,0,0,0,0,0,0,0,31082107,2018,0.44,899.99,2892.85,0,52.1,97.4,68.3,33.5,57.4,519.6,31.3,491.2,151.1,148.4,1003.4,361911,2019,14.09,90.2,1500,2.88,1.14,30.4,42.7,60,24.25,12183093,72605,71.81,3411.67,0,1200,400,720,240,4200,7500,8500,102,1.5,6000,0,0,0,0,0,69.59,30,67.99,63.69,354.6,0,0
2026-08-14T15:43:08.410000+09:00,2026-08-14T06:43:08.410000+00:00,094623,2106.4,1,0,0,0,0,13376,497,13376,0,0,0,0,4651,-28608,10326,6,4480,0,129,0,0,0,0,0,0,0,0,0,31082107,2018,0.46,1059.91,3166.29,0,52.1,98.2,68.2,33.4,57.4,519.6,31.3,490.3,149.5,146.6,1041.5,361911,2019,13.93,91.1,1500,2.87,1.17,31.5,42.6,60,24.48,12183097,72605,74.76,3411.67,0,1200,400,720,240,4200,7500,8500,102,1.5,6000,0,0,0,0,0,69.67,30,70.17,67.55,352.7,0,0
2026-08-14T15:44:08.503000+09:00,2026-08-14T06:44:08.503000+00:00,094623,2099.1,1,0,0,0,0,13376,496,13376,0,0,0,0,4655,-28608,2198,6,20864,0,129,0,0,0,0,0,0,0,0,0,31082107,2018,0.46,1045.26,3144.32,0,52.1,99.2,68,33.5,57.7,518.5,31.4,491.3,151.6,148.7,1002.5,361911,2019,13.89,90.6,1500,2.84,1.14,30.9,41.7,60,24.41,12183101,72605,77.56,3411.67,0,1200,400,720,240,4200,7500,8500,102,1.5,6000,0,0,0,0,0,69.22,30,74.38,67.3,350.9,0,0
2026-08-14T15:45:08.593000+09:00,2026-08-14T06:45:08.593000+00:00,094623,2183.3,1,0,0,0,0,13376,497,13376,0,0,0,0,4651,-28608,10326,6,4480,0,129,0,0,0,0,0,0,0,0,0,31082107,2018,0.44,1157.57,3340.86,0,52,98,68.1,33.6,57.8,518.2,31.4,488.8,150.7,147.8,1085.4,361911,2019,14.03,90.5,1500,2.85,1.17,31.8,41.7,60,24.47,12183105,72605,74.53,3411.67,0,1200,400,720,240,4200,7500,8500,102,1.5,6000,0,0,0,0,0,69.62,30,71.58,67.86,349.2,0,0
2026-08-14T15:46:08.710000+09:00,2026-08-14T06:46:08.710000+00:00,094623,2339.6,1,0,0,0,0,13376,497,13376,0,0,0,0,4655,-26560,10390,590,20864,8192,129,0,0,0,0,0,0,0,0,0,31082107,2018,0.42,1286.96,3626.51,0,52.3,98.1,68.1,33.7,58,513.3,31.5,492.1,153.6,150.7,1048.3,361911,2019,14.07,89.9,1500,2.85,1.14,31.4,38.8,60,24.54,12183109,72605,74.69,3411.67,0,1200,400,720,240,4200,7500,8500,102,1.5,6000,0,0,0,0,0,69.77,30,71.94,66.24,347.3,0,0
2026-08-14T15:47:08.798000+09:00,2026-08-14T06:47:08.798000+00:00,094623,2138.1,1,0,0,0,0,13376,496,13376,0,0,0,0,4651,-28608,12374,590,4512,8200,129,0,0,0,0,0,0,0,0,0,31082107,2018,0.41,1012.3,3150.43,0,52.5,97.7,68.2,33.7,58.4,517.8,31.6,490.9,153.5,150.6,1066.8,361911,2019,13.92,89.2,1500,2.85,1.14,30.7,41.2,60,24.03,12183113,72605,72.76,3411.67,0,1200,400,720,240,4200,7500,8500,102,1.5,6000,0,0,0,0,0,70.17,30,70.39,63.28,345.5,0,0
2026-08-14T15:48:08.922000+09:00,2026-08-14T06:48:08.922000+00:00,094623,2100.3,1,0,0,0,0,13376,498,13376,0,0,0,0,4651,-28608,10342,6,12676,0,129,0,0,0,0,0,0,0,0,0,31082107,2018,0.43,1052.58,3152.87,0,52.7,97.1,68.1,34.2,58.5,519.4,31.6,489.7,152,149.2,1054.4,361912,2020,13.9,89.2,1500,2.84,1.15,30.4,41.1,60,24.45,12183117,72605,72.11,3411.68,0,1200,400,720,240,4200,7500,8500,102,1.5,6000,0,0,0,0,0,70.19,30,67.74,61.97,343.6,0,0
2026-08-14T15:49:09.020000+09:00,2026-08-14T06:49:09.020000+00:00,094623,2027.0,1,0,0,0,0,13376,498,13376,0,0,0,0,4651,-28608,10326,6,4480,0,129,0,0,0,0,0,0,0,0,0,31082107,2018,0.47,941.5,2968.54,0,52.7,98.5,68,34.4,58.5,522,31.4,492.5,151.3,148.5,1005.3,361912,2020,13.93,89.5,1500,2.86,1.15,30.4,42.8,60,24.57,12183121,72605,69.71,3411.68,0,1200,400,720,240,4200,7500,8500,102,1.5,6000,0,0,0,0,0,69.95,30,71.63,61.72,341.9,0,0
2026-08-14T15:50:09.120000+09:00,2026-08-14T06:50:09.120000+00:00,094623,2200.4,1,0,0,0,0,13376,495,13376,0,0,0,0,4651,-28608,10326,518,4480,0,129,0,0,0,0,0,0,0,0,0,31082107,2018,0.47,1140.48,3340.86,0,52.6,98.8,67.9,34.6,58.4,516.9,31.6,494,152.2,149.6,1016,361912,2020,13.92,91.3,1490,2.81,1.15,31.2,40.8,60,24.04,12183125,72605,71.77,3411.68,0,1200,400,720,240,4200,7500,8500,102,1.5,6000,0,0,0,0,0,69.5,30,73.45,67.32,340,0,0
2026-08-14T15:51:09.213000+09:00,2026-08-14T06:51:09.213000+00:00,094623,2256.5,1,0,0,0,0,13376,498,13376,0,0,0,0,4655,-28608,10326,6,4480,0,129,0,0,0,0,0,0,0,0,0,31082107,2018,0.43,1125.83,3382.37,0,52.7,98.2,68.1,34.7,58.4,516,31.7,496.4,153.2,150.6,1043,361912,2020,13.9,90.3,1510,2.84,1.15,31.2,40.6,60,24.49,12183130,72605,77.24,3411.68,0,1200,400,720,240,4200,7500,8500,102,1.5,6000,0,0,0,0,0,70.14,30,72.56,66.09,338.2,0,0
2026-08-14T15:52:09.340000+09:00,2026-08-14T06:52:09.340000+00:00,094623,2387.2,1,0,0,0,0,13376,497,13376,0,0,0,0,4651,-28608,18518,6,4480,528,129,0,0,0,0,0,0,0,0,0,31082107,2018,0.41,1402.94,3790.09,0,52.8,97.7,68.2,34.8,58.5,513,31.5,498.6,154,151.4,1045,361912,2020,13.87,88.9,1500,2.82,1.15,31.5,38.4,60,24.39,12183134,72605,73.35,3411.68,0,1200,400,720,240,4200,7500,8500,102,1.5,6000,0,0,0,0,0,70.71,30,70.92,61.16,336.1,0,0
2026-08-14T15:53:09.422000+09:00,2026-08-14T06:53:09.422000+00:00,094623,2100.3,1,0,0,0,0,13376,496,13376,0,0,0,0,4651,-28608,10326,6,4480,0,129,0,0,0,0,0,0,0,0,0,31082107,2018,0.41,1003.75,3104.04,0,53,97,68.1,34.8,58.6,518.9,31.6,500.2,153.3,150.9,1014.1,361912,2020,14.03,89.5,1490,2.8,1.15,30.3,41.5,60,24.59,12183138,72605,69.93,3411.68,0,1200,400,720,240,4200,7500,8500,102,1.5,6000,0,0,0,0,0,70.54,30,67.85,61.5,334.5,0,0
2026-08-14T15:54:09.500000+09:00,2026-08-14T06:54:09.500000+00:00,094623,2124.7,1,0,0,0,0,13376,497,13376,0,0,0,0,4651,-28608,10326,6,4480,0,129,0,0,0,0,0,0,0,0,0,31082107,2018,0.48,1003.75,3128.45,0,53,98,67.9,34.9,58.5,519.4,31.6,498.8,152,149.8,1039.8,361913,2021,13.96,90,1500,2.81,1.15,30.7,41.8,60,24.48,12183142,72605,71.79,3411.68,0,1200,400,720,240,4200,7500,8500,102,1.5,6000,0,0,0,0,0,69.96,30,69.98,62.71,332.6,0,0
2026-08-14T15:55:09.602000+09:00,2026-08-14T06:55:09.602000+00:00,094623,2138.1,1,0,0,0,0,13376,496,13376,0,0,0,0,4651,-28608,8278,6,4480,8,129,0,0,0,0,0,0,0,0,0,31082107,2018,0.48,996.43,3134.56,0,53,98.8,67.7,34.9,58.5,519.2,31.6,499.1,151.8,149.6,1011.5,361913,2021,13.86,91.2,1500,2.81,1.15,30.7,41.7,60,24.51,12183146,72605,72.46,3411.68,0,1200,400,720,240,4200,7500,8500,102,1.5,6000,0,0,0,0,0,68.93,30,73.18,67.56,330.9,0,0
2026-08-14T15:56:09.703000+09:00,2026-08-14T06:56:09.703000+00:00,094623,2396.9,1,0,0,0,0,13376,497,13376,0,0,0,0,4655,-28608,10326,6,4480,0,129,0,0,0,0,0,0,0,0,0,31082107,2018,0.43,1217.38,3614.31,0,53.1,98.2,67.7,34.9,58.6,514.2,31.7,502.4,153.5,151.3,1046.1,361913,2021,13.56,89.7,1500,2.8,1.16,31.7,39.7,60,24.58,12183150,72605,78.15,3411.69,0,1200,400,720,240,4200,7500,8500,102,1.5,6000,0,0,0,0,0,68.53,30,72.35,63.8,329.2,0,0
2026-08-14T15:57:09.786000+09:00,2026-08-14T06:57:09.786000+00:00,094623,2389.6,1,0,0,0,0,13376,497,13376,0,0,0,0,4655,-28608,18518,590,4480,8720,129,0,0,0,0,0,0,0,0,0,31082107,2018,0.45,1323.59,3713.19,0,53,98,67.9,34.9,58.8,513.6,31.8,506,155.1,152.9,1063,361913,2021,13.73,89.3,1500,2.8,1.15,31.5,38.9,60,24.05,12183154,72605,71.08,3411.69,0,1200,400,720,240,4200,7500,8500,102,1.5,6000,0,0,0,0,0,68.74,30,71.88,61.53,327.4,0,0
2026-08-14T15:58:09.879000+09:00,2026-08-14T06:58:09.879000+00:00,094623,2373.7,1,0,0,0,0,13376,497,13376,0,0,0,0,4651,-28608,10326,6,4480,0,129,0,0,0,0,0,0,0,0,0,31082107,2018,0.46,1230.81,3604.54,0,53.1,97.5,68.1,35,58.9,514.3,31.7,510.8,156.8,154.7,1036.8,361913,2021,14.1,89.9,1500,2.79,1.14,31.1,38.8,60,24.47,12183158,72605,72.65,3411.69,0,1200,400,720,240,4200,7500,8500,102,1.5,6000,0,0,0,0,0,69.31,30,70.01,62.74,325.8,0,0
2026-08-14T15:59:09.975000+09:00,2026-08-14T06:59:09.975000+00:00,094623,2184.5,1,0,0,0,0,13376,497,13376,0,0,0,0,4655,-28608,10326,6,4480,0,129,0,0,0,0,0,0,0,0,0,31082107,2018,0.47,1057.47,3241.98,0,53,97.7,68.4,35,59,518.1,31.9,511.9,155.8,153.7,1045,361913,2021,14.1,90.2,1500,2.78,1.14,30.4,40.5,60,24.52,12183162,72605,73.51,3411.69,0,1200,400,720,240,4200,7500,8500,102,1.5,6000,0,0,0,0,0,70.61,30,70.03,64.2,323.9,0,0
2026-08-14T16:00:10.076000+09:00,2026-08-14T07:00:10.076000+00:00,094623,2224.8,1,0,0,0,0,13376,496,13376,0,0,0,0,4651,-28608,12374,6,4512,72,129,0,0,0,0,0,0,0,0,0,31082107,2018,0.44,1058.69,3283.49,0,53,97.3,68.5,35,58.9,518.3,31.8,510,154.1,152.1,1049.4,361914,2022,13.92,91.5,1490,2.77,1.15,30.9,40.8,60,24.54,12183166,72605,75.73,3411.69,0,1200,400,720,240,4200,7500,8500,102,1.5,6000,0,0,0,0,0,71.6,30,67.95,69.86,322.3,0,0
2026-08-14T16:01:10.174000+09:00,2026-08-14T07:01:10.174000+00:00,094623,2407.9,1,0,0,0,0,13376,497,13376,0,0,0,0,4655,-28608,10326,582,4480,0,129,0,0,0,0,0,0,0,0,0,31082107,2018,0.43,1368.75,3776.67,0,53,99.3,68.4,35,59,513.8,31.9,513.2,155.7,153.5,1063.1,361914,2022,14.05,88.6,1500,2.78,1.15,31.3,38.5,60,24.6,12183170,72605,78.66,3411.69,0,1200,400,720,240,4200,7500,8500,102,1.5,6000,0,0,0,0,0,72.14,30,74.34,61.43,320.8,0,0
2026-08-14T16:02:10.273000+09:00,2026-08-14T07:02:10.273000+00:00,094623,2050.2,1,0,0,0,0,13376,498,13376,0,0,0,0,4651,-28608,18518,6,4480,528,129,0,0,0,0,0,0,0,0,0,31082107,2018,0.38,934.17,2984.4,0,52.9,96.5,68.1,35.1,59,521,31.8,513.4,154.5,152.5,1039.9,361914,2022,13.96,89.6,1500,2.78,1.14,29.9,42,60,24.44,12183174,72605,71.8,3411.69,0,1200,400,720,240,4200,7500,8500,102,1.5,6000,0,0,0,0,0,71.58,30,66.39,62.37,319,0,0
2026-08-14T16:03:10.369000+09:00,2026-08-14T07:03:10.369000+00:00,094623,2365.2,1,0,0,0,0,13376,499,13376,0,0,0,0,4655,-28608,10390,590,20864,8192,129,0,0,0,0,0,0,0,0,0,31082107,2018,0.5,1200.29,3565.48,0,52.9,98.4,67.6,35.1,58.9,517.2,31.9,514.2,153.4,151.5,1034,361914,2022,14.05,90.6,1510,2.78,1.16,31.6,40.2,60,23.67,12183178,72605,71.32,3411.69,0,1200,400,720,240,4200,7500,8500,102,1.5,6000,0,0,0,0,0,69.86,30,70.87,65.4,317.4,0,0
2026-08-14T16:04:10.482000+09:00,2026-08-14T07:04:10.482000+00:00,094623,2394.5,1,0,0,0,0,13376,497,13376,0,0,0,0,4651,-28608,10326,6,4480,0,129,0,0,0,0,0,0,0,0,0,31082107,2018,0.46,1273.54,3668.02,0,52.6,98.6,67.3,35.1,58.9,516.5,31.9,518.3,155.8,153.8,1042.9,361914,2022,13.92,90.4,1500,2.77,1.15,31.5,39.5,60,24.4,12183182,72605,79.49,3411.7,0,1200,400,720,240,4200,7500,8500,102,1.5,6000,0,0,0,0,0,68.01,30,72.96,65.82,315.6,0,0
2026-08-14T16:05:10.579000+09:00,2026-08-14T07:05:10.579000+00:00,094623,2439.7,1,0,0,0,0,13376,495,13376,0,0,0,0,4655,-26560,12438,590,20896,8264,129,0,0,0,0,0,0,0,0,0,31082107,2018,0.44,1247.9,3687.55,0,52.5,97,67.3,35,59.1,515,32,521.5,158,156.1,1046.9,361914,2022,14.08,89.8,1500,2.75,1.14,31,38.2,60,24,12183187,72605,76.09,3411.7,0,1200,400,720,240,4200,7500,8500,102,1.5,6000,0,0,0,0,0,66.89,30,67.14,64.01,314.1,0,0
2026-08-14T16:06:10.679000+09:00,2026-08-14T07:06:10.679000+00:00,094623,2217.5,1,0,0,0,0,13376,498,13376,0,0,0,0,4651,-28608,10326,6,4480,0,129,0,0,0,0,0,0,0,0,0,31082107,2018,0.47,1003.75,3221.23,0,52.5,98.4,67.5,35,59.1,518.8,32,521.3,156.8,154.9,1039.7,361915,2023,14.05,89.2,1510,2.78,1.14,30.4,40.8,60,24.53,12183191,72605,74.36,3411.7,0,1200,400,720,240,4200,7500,8500,102,1.5,6000,0,0,0,0,0,66.74,30,71.08,61.39,312.5,0,0
2026-08-14T16:07:10.835000+09:00,2026-08-14T07:07:10.835000+00:00,094623,2291.9,1,0,0,0,0,13376,497,13376,0,0,0,0,4651,-28608,18534,6,12676,528,129,0,0,0,0,0,0,0,0,0,31082107,2018,0.49,1070.89,3362.83,0,52.6,98.6,67.8,35,59,518.3,31.9,520.5,155.2,153.2,1019.6,361915,2023,13.74,89.6,1500,2.75,1.15,30.8,40.4,60,24.45,12183195,72605,71.59,3411.7,0,1200,400,720,240,4200,7500,8500,102,1.5,6000,0,0,0,0,0,67.05,30,72.43,61.65,310.7,0,0
2026-08-14T16:08:10.917000+09:00,2026-08-14T07:08:10.917000+00:00,094623,2318.8,1,0,0,0,0,13376,497,13376,0,0,0,0,4651,-28608,10326,6,4480,0,129,0,0,0,0,0,0,0,0,0,31082107,2018,0.51,1153.9,3472.7,0,52.6,98.4,67.8,35.1,59.1,517.8,31.9,524.8,156.3,154.3,1059.2,361915,2023,13.89,90.9,1500,2.75,1.16,31.2,40.3,60,24.51,12183199,72605,72.65,3411.7,0,1200,400,720,240,4200,7500,8500,102,1.5,6000,0,0,0,0,0,66.75,30,72.63,65.81,309.3,0,0
2026-08-14T16:09:11.010000+09:00,2026-08-14T07:09:11.010000+00:00,094623,2508.0,1,0,0,0,0,13376,501,13376,0,0,0,0,4651,-28608,10326,6,4992,0,129,0,0,0,0,0,0,0,0,0,31082107,2018,0.49,1307.72,3815.73,0,52.7,98.6,68,35,59.2,513.1,31.9,529.3,159.2,157.4,1069.7,361915,2023,13.93,90.7,1510,2.77,1.14,31,38,60,24.27,12183203,72605,77.58,3411.7,0,1200,400,720,240,4200,7500,8500,102,1.5,6000,0,0,0,0,0,66.82,30,73.47,66.72,307.6,0,0
2026-08-14T16:10:11.104000+09:00,2026-08-14T07:10:11.104000+00:00,094623,714.1,1,0,0,0,0,13376,494,13376,0,0,0,0,4651,-28608,12374,518,5024,72,129,0,0,0,0,0,0,0,0,0,31082107,2018,0.41,531.33,1245.46,0,52.7,96.1,68.8,35,59.2,521.9,32.1,517.6,148,146.3,1035.7,361915,2023,13.95,89.7,1490,2.81,1.1,22.7,42.9,60,10.25,12183205,72605,65.15,3411.7,0,1200,400,720,240,4200,7500,8500,102,1.5,6000,0,0,0,0,0,62.11,30,58.17,56.15,305.9,0,0
2026-08-14T16:11:11.257000+09:00,2026-08-14T07:11:11.257000+00:00,094623,743.4,1,0,0,0,0,13376,492,13376,0,0,0,0,4651,-28608,10326,6,4992,0,129,0,0,0,0,0,0,0,0,0,31082107,2018,0.37,653.4,1396.83,0,52.4,98.4,68.9,35,58.5,515.2,32,512.2,142,140.7,1030.6,361915,2023,13.9,90.9,1480,2.8,1.1,22.9,40.7,60,11.4,12183207,72605,57.7,3411.7,0,1200,400,720,240,4200,7500,8500,102,1.5,6000,0,0,0,0,0,63.66,30,63.11,59.7,304.5,0,0
2026-08-14T16:12:11.347000+09:00,2026-08-14T07:12:11.347000+00:00,094623,1449.3,1,0,0,0,0,13376,497,13376,0,0,0,0,4655,-28608,10326,6,4480,0,129,0,0,0,0,0,0,0,0,0,31082107,2018,0.41,1186.86,2636.19,0,52.5,98.6,68.3,35,58.2,508,32.1,523.3,151.2,149.8,1031.1,361916,2024,13.92,89.2,1500,2.79,1.15,31.1,44.1,60,24.29,12183210,72605,77.71,3411.71,0,1200,400,720,240,4200,7500,8500,102,1.5,6000,0,0,0,0,0,70.82,30,71.37,64.68,303.1,0,0
2026-08-14T16:13:11.458000+09:00,2026-08-14T07:13:11.458000+00:00,094623,1329.7,1,0,0,0,0,13376,497,13376,0,0,0,0,4655,-28608,10326,590,4480,8192,129,0,0,0,0,0,0,0,0,0,31082107,2018,0.31,1031.83,2361.52,0,52.4,96.7,67.9,34.9,58.7,515.8,32.2,526.7,155.1,153.8,1031.5,361916,2024,13.87,87.7,1500,2.77,1.13,30,45.4,60,23.47,12183214,72605,74.48,3411.71,0,1200,400,720,240,4200,7500,8500,102,1.5,6000,0,0,0,0,0,69.91,30,66.91,57.04,301.5,0,0
2026-08-14T16:14:11.562000+09:00,2026-08-14T07:14:11.562000+00:00,094623,1321.1,1,0,0,0,0,13376,496,13376,0,0,0,0,4651,-28608,10326,518,4480,0,129,0,0,0,0,0,0,0,0,0,31082107,2018,0.45,1042.82,2363.96,0,52.3,97.5,67.4,34.9,58.7,518.6,31.9,527.9,153.2,151.9,1024.2,361916,2024,14.03,89.2,1500,2.76,1.16,30.3,46.6,60,23.94,12183219,72605,68.18,3411.71,0,1200,400,720,240,4200,7500,8500,102,1.5,6000,0,0,0,0,0,67.93,30,66.74,59.12,300,0,0
2026-08-14T16:15:11.655000+09:00,2026-08-14T07:15:11.655000+00:00,094623,1486.0,1,0,0,0,0,13376,495,13376,0,0,0,0,4655,-28608,12374,6,4512,8,129,0,0,0,0,0,0,0,0,0,31082107,2018,0.47,1150.24,2636.19,0,52.1,98.4,67,34.9,58.7,517.5,31.9,530.2,154.7,153.5,1050.4,361916,2024,13.97,90.8,1500,2.74,1.15,30.7,44.6,60,24.22,12183223,72605,77.07,3411.71,0,1200,400,720,240,4200,7500,8500,102,1.5,6000,0,0,0,0,0,65.38,30,70.42,64.02,298.2,0,0
2026-08-14T16:16:11.755000+09:00,2026-08-14T07:16:11.755000+00:00,094623,1484.7,1,0,0,0,0,13376,497,13376,0,0,0,0,4651,-28608,10326,518,4480,0,129,0,0,0,0,0,0,0,0,0,31082107,2018,0.44,1056.25,2540.97,0,51.6,96.8,67.2,34.8,58.7,518,32.2,532.9,156.3,155,1072.6,361916,2024,13.86,90.3,1500,2.73,1.14,30.3,44.7,60,24.19,12183227,72605,80.31,3411.71,0,1200,400,720,240,4200,7500,8500,102,1.5,6000,0,0,0,0,0,64.6,30,64.63,63.53,296.8,0,0
2026-08-14T16:17:11.868000+09:00,2026-08-14T07:17:11.868000+00:00,094623,1642.5,1,0,0,0,0,13376,496,13376,0,0,0,0,4651,-28608,10326,6,4480,0,129,0,0,0,0,0,0,0,0,0,31082107,2018,0.44,1243.02,2885.52,0,51.1,98.5,67.5,34.8,58.6,514.9,32.2,534.1,157.2,155.7,1045.2,361916,2024,14.04,89.3,1500,2.74,1.16,31.3,43.1,60,24.41,12183231,72605,76.89,3411.71,0,1200,400,720,240,4200,7500,8500,102,1.5,6000,0,0,0,0,0,64.46,30,69.13,60.18,295.4,0,0
2026-08-14T16:18:11.974000+09:00,2026-08-14T07:18:11.974000+00:00,094623,1570.2,1,0,0,0,0,13376,496,13376,0,0,0,0,4655,-26560,10326,6,4480,0,129,0,0,0,0,0,0,0,0,0,31082107,2018,0.45,1092.87,2663.04,0,50.9,98,67.8,34.8,58.7,517.5,32.5,537.1,158.9,157.6,1036.2,361917,2025,14.01,89.3,1510,2.75,1.13,30.5,43.8,60,23.64,12183235,72605,75.02,3411.71,0,1200,400,720,240,4200,7500,8500,102,1.5,6000,0,0,0,0,0,64.77,30,68.79,58.94,293.9,0,0
2026-08-14T16:19:12.062000+09:00,2026-08-14T07:19:12.062000+00:00,094623,1475.0,1,0,0,0,0,13376,495,13376,0,0,0,0,4651,-28608,10326,518,4480,0,129,0,0,0,0,0,0,0,0,0,31082107,2018,0.48,978.12,2453.08,0,50.4,97,68,34.8,58.5,520.1,32.4,536.8,157.3,155.9,1028.2,361917,2025,13.78,90,1490,2.75,1.16,30.1,45.4,60,24.3,12183239,72605,75.43,3411.71,0,1200,400,720,240,4200,7500,8500,102,1.5,6000,0,0,0,0,0,65.2,30,64.22,60.43,292.2,0,0
2026-08-14T16:20:12.163000+09:00,2026-08-14T07:20:12.163000+00:00,094623,1581.2,1,0,0,0,0,13376,497,13376,0,0,0,0,4651,-28608,18518,590,4480,8720,129,0,0,0,0,0,0,0,0,0,31082107,2018,0.5,1107.52,2688.68,0,50.2,99,67.9,34.8,58.3,519.1,32.3,537.5,157.3,155.9,1015.8,361917,2025,13.9,90.5,1500,2.74,1.16,30.9,44.8,60,23.48,12183243,72605,75.57,3411.72,0,1200,400,720,240,4200,7500,8500,102,1.5,6000,0,0,0,0,0,64.96,30,70.44,62.5,290.8,0,0
2026-08-14T16:21:12.260000+09:00,2026-08-14T07:21:12.260000+00:00,094623,1666.6,1,0,0,0,0,13376,497,13376,0,0,0,0,4655,-28608,10326,6,4480,0,129,0,0,0,0,0,0,0,0,0,31082107,2018,0.49,1167.33,2833.95,0,49.9,98,67.8,34.8,58.3,517.2,32.2,543,159.2,157.6,1059.3,361917,2025,14.01,90.9,1500,2.74,1.15,30.8,43.2,60,24.47,12183247,72605,78.6,3411.72,0,1200,400,720,240,4200,7500,8500,102,1.5,6000,0,0,0,0,0,64.42,30,68.36,65,289.2,0,0
2026-08-14T16:22:12.361000+09:00,2026-08-14T07:22:12.361000+00:00,094623,1839.0,1,0,0,0,0,13376,496,13376,0,0,0,0,4655,-28608,10390,6,20864,0,129,0,0,0,0,0,0,0,0,0,31082107,2018,0.47,1291.85,3130.89,0,49.6,97.5,67.8,34.7,58.3,513.4,32.2,544.6,161.6,160.1,1053.8,361917,2025,13.76,89.9,1500,2.74,1.15,31.4,41.4,60,24.47,12183251,72605,78.31,3411.72,0,1200,400,720,240,4200,7500,8500,102,1.5,6000,0,0,0,0,0,64.12,30,66.39,62.35,287.9,0,0
2026-08-14T16:23:12.489000+09:00,2026-08-14T07:23:12.489000+00:00,094623,1753.6,1,0,0,0,0,13376,497,13376,0,0,0,0,4651,-28608,10326,6,4480,8,129,0,0,0,0,0,0,0,0,0,31082107,2018,0.46,1246.68,3000.27,0,49.6,97.3,67.7,34.7,58.4,515.6,32.3,543.4,161.9,160.2,1071.6,361917,2025,13.87,89.3,1500,2.75,1.16,30.9,42.3,60,24.27,12183255,72605,77.7,3411.72,0,1200,400,720,240,4200,7500,8500,102,1.5,6000,0,0,0,0,0,63.5,30,64.91,59.9,286.3,0,0
2026-08-14T16:24:12.570000+09:00,2026-08-14T07:24:12.570000+00:00,094623,1841.5,1,0,0,0,0,13376,497,13376,0,0,0,0,4655,-28608,10342,6,12676,0,129,0,0,0,0,0,0,0,0,0,31082107,2018,0.5,1229.59,3071.08,0,49.6,97.8,67.8,34.7,58.6,514.1,32.1,542.8,163.1,161.5,1075.2,361918,2026,13.86,90,1500,2.75,1.15,30.9,41.1,60,24.43,12183259,72605,73.82,3411.72,0,1200,400,720,240,4200,7500,8500,102,1.5,6000,0,0,0,0,0,63.3,30,65.5,61.14,284.9,0,0
2026-08-14T16:25:12.655000+09:00,2026-08-14T07:25:12.655000+00:00,094623,1780.5,1,0,0,0,0,13376,498,13376,0,0,0,0,4651,-28608,18518,6,4480,528,129,0,0,0,0,0,0,0,0,0,31082107,2018,0.53,1367.53,3147.98,0,49.6,98.5,67.8,34.7,58.7,516.2,32.3,548.6,163.3,161.7,1070.2,361918,2026,14.03,89.5,1510,2.77,1.14,30.4,40.5,60,24.45,12183263,72605,76.57,3411.72,0,1200,400,720,240,4200,7500,8500,102,1.5,6000,0,0,0,0,0,63.06,30,68.01,59.39,283.3,0,0
2026-08-14T16:26:12.746000+09:00,2026-08-14T07:26:12.746000+00:00,094623,1760.9,1,0,0,0,0,13376,497,13376,0,0,0,0,4655,-28608,10326,6,12676,0,129,0,0,0,0,0,0,0,0,0,31082107,2018,0.51,1199.07,2959.99,0,49.4,98.4,67.9,34.6,58.6,519,32.4,549.3,162.5,160.7,1053.3,361918,2026,14.1,91.1,1500,2.76,1.15,30.5,41.9,60,24.5,12183267,72605,73.1,3411.72,0,1200,400,720,240,4200,7500,8500,102,1.5,6000,0,0,0,0,0,63.2,30,68.44,64.4,282,0,0
2026-08-14T16:27:12.837000+09:00,2026-08-14T07:27:12.837000+00:00,094623,1490.8,1,0,0,0,0,13376,496,13376,0,0,0,0,4651,-28608,10326,6,4480,0,129,0,0,0,0,0,0,0,0,0,31082107,2018,0.46,842.62,2333.44,0,49.6,98.4,68,34.6,58.4,525,32.4,544.5,158.8,157.2,1057.1,361918,2026,13.99,90.1,1500,2.75,1.14,29.4,45.8,60,24.46,12183271,72605,77.83,3411.72,0,1200,400,720,240,4200,7500,8500,102,1.5,6000,0,0,0,0,0,63.34,30,68.84,62.81,280.5,0,0
2026-08-14T16:28:12.962000+09:00,2026-08-14T07:28:12.962000+00:00,094623,1533.6,1,0,0,0,0,13376,498,13376,0,0,0,0,4651,-28608,12374,6,4512,72,129,0,0,0,0,0,0,0,0,0,31082107,2018,0.45,857.26,2390.82,0,49.9,98.5,68,34.6,58.2,524.1,32.4,542.7,156.3,154.5,1022.7,361918,2026,13.54,89,1500,2.77,1.14,29.6,45.9,60,24.57,12183275,72605,74.21,3411.73,0,1200,400,720,240,4200,7500,8500,102,1.5,6000,0,0,0,0,0,63.4,30,69.85,58.67,279.2,0,0
2026-08-14T16:29:13.011000+09:00,2026-08-14T07:29:13.011000+00:00,094623,1566.5,1,0,0,0,0,13376,496,13376,0,0,0,0,4651,-28608,10326,518,4480,0,129,0,0,0,0,0,0,0,0,0,31082107,2018,0.46,930.51,2497.02,0,50.2,97.1,67.7,34.7,58.2,524,32.6,543.3,155.2,153.5,1018.5,361918,2026,13.87,89.8,1500,2.75,1.16,30.2,45.9,60,23.9,12183280,72605,71.96,3411.73,0,1200,400,720,240,4200,7500,8500,102,1.5,6000,0,0,0,0,0,62.26,30,65.38,59.96,277.8,0,0
2026-08-14T16:30:13.122000+09:00,2026-08-14T07:30:13.122000+00:00,094623,1671.5,1,0,0,0,0,13376,496,13376,0,0,0,0,4651,-28608,18518,518,4480,528,129,0,0,0,0,0,0,0,0,0,31082107,2018,0.51,1022.06,2693.56,0,50.3,97.8,67.6,34.7,58.3,521.8,32.5,544.3,156.9,155.3,1059.2,361919,2027,13.96,91.2,1500,2.76,1.15,30.2,44.2,60,24.25,12183284,72605,71.86,3411.73,0,1200,400,720,240,4200,7500,8500,102,1.5,6000,0,0,0,0,0,61.34,30,66.15,64.82,276.5,0,0
2026-08-14T16:31:13.212000+09:00,2026-08-14T07:31:13.212000+00:00,094623,1759.7,1,0,0,0,0,13376,496,13376,0,0,0,0,4655,-28608,10326,6,4480,0,129,0,0,0,0,0,0,0,0,0,31082107,2018,0.49,1102.63,2862.33,0,50.3,99,67.9,34.7,58.5,520.1,32.7,546.2,158.9,157.1,1093.4,361919,2027,13.92,90,1500,2.75,1.15,30.5,43.1,60,24.51,12183288,72605,76.29,3411.73,0,1200,400,720,240,4200,7500,8500,102,1.5,6000,0,0,0,0,0,61.88,30,70.66,62.11,275,0,0
2026-08-14T16:32:13.299000+09:00,2026-08-14T07:32:13.299000+00:00,094623,1964.8,1,0,0,0,0,13376,497,13376,0,0,0,0,4655,-28608,10326,6,4480,0,129,0,0,0,0,0,0,0,0,0,31082107,2018,0.48,1306.5,3271.28,0,50.3,98,68.5,34.7,58.8,515.6,32.5,548.7,162,160.2,1068.5,361919,2027,13.9,89.2,1510,2.76,1.15,31.3,41.1,60,24.53,12183292,72605,76.59,3411.73,0,1200,400,720,240,4200,7500,8500,102,1.5,6000,0,0,0,0,0,64,30,68.49,59.2,273.6,0,0
2026-08-14T16:33:13.418000+09:00,2026-08-14T07:33:13.418000+00:00,094623,2020.9,1,0,0,0,0,13376,496,13376,0,0,0,0,4655,-26560,12374,6,4513,72,129,0,0,0,0,0,0,0,0,0,31082107,2018,0.49,1378.52,3399.46,0,50.3,97.4,69.1,34.6,59.1,513,32.7,552.7,164.6,162.8,1075.8,361919,2027,14.04,89.6,1500,2.76,1.15,31.3,39.7,60,24.62,12183296,72605,73.52,3411.73,0,1200,400,720,240,4200,7500,8500,102,1.5,6000,0,0,0,0,0,66.98,30,66.18,59.35,272.1,0,0
2026-08-14T16:34:13.515000+09:00,2026-08-14T07:34:13.515000+00:00,094623,1858.6,1,0,0,0,0,13376,496,13376,0,0,0,0,4655,-28608,10326,6,4480,0,129,0,0,0,0,0,0,0,0,0,31082107,2018,0.51,1120.94,2979.52,0,50.3,97.5,69.3,34.6,59.3,518,32.7,554.5,164.5,162.8,1072.1,361919,2027,13.98,90.6,1500,2.76,1.13,30.2,41.1,60,24.38,12183300,72605,76.39,3411.73,0,1200,400,720,240,4200,7500,8500,102,1.5,6000,0,0,0,0,0,69.55,30,65.51,62.33,270.8,0,0
2026-08-14T16:35:13.639000+09:00,2026-08-14T07:35:13.639000+00:00,094623,1715.4,1,0,0,0,0,13376,498,13376,0,0,0,0,4655,-26560,18518,6,4480,528,129,0,0,0,0,0,0,0,0,0,31082107,2018,0.52,1003.75,2719.2,0,50.2,98.3,68.9,34.7,59.2,521.4,33,553,162.2,160.4,1041.7,361919,2027,13.93,91.1,1500,2.77,1.14,29.7,43,60,23.95,12183304,72605,76.46,3411.73,0,1200,400,720,240,4200,7500,8500,102,1.5,6000,0,0,0,0,0,70.07,30,67.8,64.61,269.5,0,0
2026-08-14T16:36:13.745000+09:00,2026-08-14T07:36:13.745000+00:00,094623,1728.9,1,0,0,0,0,13376,495,13376,0,0,0,0,4651,-28608,10326,6,4480,0,129,0,0,0,0,0,0,0,0,0,31082107,2018,0.49,1062.35,2791.22,0,50.3,98.7,68.4,34.7,59,522.5,32.6,550.5,159.7,157.9,1041.5,361920,2028,13.91,90.6,1490,2.74,1.17,30.5,44.2,60,24.37,12183308,72605,80.65,3411.74,0,1200,400,720,240,4200,7500,8500,102,1.5,6000,0,0,0,0,0,69.47,30,69.64,64.99,268.2,0,0
2026-08-14T16:37:13.836000+09:00,2026-08-14T07:37:13.836000+00:00,094623,1840.3,1,0,0,0,0,13376,496,13376,0,0,0,0,4655,-28608,10326,6,4480,0,129,0,0,0,0,0,0,0,0,0,31082107,2018,0.43,1059.91,2900.17,0,50.5,98.7,67.9,34.8,59.1,519.3,33,550.8,161.8,159.8,1051.4,361920,2028,13.93,89,1500,2.76,1.14,30.3,42.3,60,24.57,12183312,72605,78.48,3411.74,0,1200,400,720,240,4200,7500,8500,102,1.5,6000,0,0,0,0,0,68.17,30,70.97,59.86,266.9,0,0
2026-08-14T16:38:13.932000+09:00,2026-08-14T07:38:13.932000+00:00,094623,1818.3,1,0,0,0,0,13377,496,13377,0,0,0,0,4655,-28608,12374,6,4512,72,129,0,0,0,0,0,0,0,0,0,31082107,2018,0.45,1042.82,2861.11,0,50.4,97.2,67.4,34.8,59.2,520.5,32.9,550.2,161.9,160,1085.2,361920,2028,14.08,89.5,1490,2.75,1.15,30.3,42.8,60,24.29,12183316,72605,74.03,3411.74,0,1200,400,720,240,4200,7500,8500,102,1.5,6000,0,0,0,0,0,66.16,30,66.33,60.05,265.4,0,0
2026-08-14T16:39:14.007000+09:00,2026-08-14T07:39:14.007000+00:00,094623,1916.0,1,0,0,0,0,13377,498,13377,0,0,0,0,4651,-28608,10326,518,4480,0,129,0,0,0,0,0,0,0,0,0,31082107,2018,0.49,1090.43,3006.38,0,50.3,97.6,67.1,34.8,59.3,518.8,32.8,554,163.3,161.4,1035.9,361920,2028,13.96,90.6,1500,2.76,1.15,30.5,41.8,60,23.8,12183320,72605,73.86,3411.74,0,1200,400,720,240,4200,7500,8500,102,1.5,6000,0,0,0,0,0,64.25,30,66.27,63.62,264.1,0,0
2026-08-14T16:40:14.117000+09:00,2026-08-14T07:40:14.117000+00:00,094623,1979.4,1,0,0,0,0,13377,496,13377,0,0,0,0,4651,-28608,18518,6,4480,528,129,0,0,0,0,0,0,0,0,0,31082107,2018,0.48,1201.51,3180.94,0,50.2,98.6,67.3,34.8,59.3,517.1,32.8,555.3,163.6,161.7,1059.3,361920,2028,13.91,90,1500,2.75,1.15,30.8,40.9,60,24.37,12183324,72605,78.17,3411.74,0,1200,400,720,240,4200,7500,8500,102,1.5,6000,0,0,0,0,0,63.49,30,69.27,62.77,262.7,0,0
2026-08-14T16:41:14.202000+09:00,2026-08-14T07:41:14.202000+00:00,094623,1868.3,1,0,0,0,0,13377,497,13377,0,0,0,0,4655,-28608,10390,518,20864,0,129,0,0,0,0,0,0,0,0,0,31082107,2018,0.45,1058.69,2927.03,0,50.1,98.5,67.6,34.7,59.4,520.1,32.8,556.3,163.5,161.6,1060.8,361920,2028,14.08,89.2,1500,2.77,1.15,30.3,42.3,60,24.22,12183328,72605,78.91,3411.74,0,1200,400,720,240,4200,7500,8500,102,1.5,6000,0,0,0,0,0,63.67,30,70.14,59.94,261.5,0,0
2026-08-14T16:42:14.293000+09:00,2026-08-14T07:42:14.293000+00:00,094623,1705.7,1,0,0,0,0,13377,496,13377,0,0,0,0,4651,-28608,10326,518,4480,0,129,0,0,0,0,0,0,0,0,0,31082107,2018,0.46,940.27,2645.95,0,50.1,97.4,67.8,34.7,59.3,523.3,32.8,558.2,161.9,159.9,1030.4,361921,2029,13.95,89.8,1500,2.76,1.13,29.5,43.5,60,23.98,12183333,72605,75.26,3411.74,0,1200,400,720,240,4200,7500,8500,102,1.5,6000,0,0,0,0,0,63.83,30,66.64,60.73,260.1,0,0
2026-08-14T16:43:14.381000+09:00,2026-08-14T07:43:14.381000+00:00,094623,1895.2,1,0,0,0,0,13377,498,13377,0,0,0,0,4655,-28608,12390,6,12708,72,129,0,0,0,0,0,0,0,0,0,31082107,2018,0.5,1118.5,3013.7,0,50.1,97.4,67.8,34.8,59.1,520.6,32.6,557.5,160.7,158.6,1020.3,361921,2029,14.05,90.5,1500,2.77,1.16,30.4,42.2,60,24.18,12183337,72605,73.8,3411.74,0,1200,400,720,240,4200,7500,8500,102,1.5,6000,0,0,0,0,0,63.65,30,65.43,62.99,258.7,0,0
2026-08-14T16:44:14.482000+09:00,2026-08-14T07:44:14.482000+00:00,094623,1731.3,1,0,0,0,0,13377,496,13377,0,0,0,0,4651,-28608,10326,6,4480,0,129,0,0,0,0,0,0,0,0,0,31082107,2018,0.48,998.87,2730.19,0,50.1,98.4,67.9,34.8,59.1,524.4,32.6,555.9,160.3,158.2,1031.9,361921,2029,13.74,90.7,1500,2.75,1.16,30,44.1,60,24.45,12183341,72605,76.84,3411.75,0,1200,400,720,240,4200,7500,8500,102,1.5,6000,0,0,0,0,0,63.53,30,68.32,65.07,257.5,0,0
2026-08-14T16:45:14.575000+09:00,2026-08-14T07:45:14.575000+00:00,094623,1934.3,1,0,0,0,0,13377,496,13377,0,0,0,0,4651,-28608,2134,6,4480,0,129,0,0,0,0,0,0,0,0,0,31082107,2018,0.45,1147.8,3082.06,0,50.2,98.9,68.1,34.8,59.2,519.2,32.6,555.3,161.9,159.9,1031,361921,2029,13.4,89.2,1500,2.75,1.16,30.6,41.9,60,24.47,12183345,72605,76.77,3411.75,0,1200,400,720,240,4200,7500,8500,102,1.5,6000,0,0,0,0,0,64.17,30,70.78,60.47,256.3,0,0
2026-08-14T16:46:14.675000+09:00,2026-08-14T07:46:14.675000+00:00,094623,1966.0,1,0,0,0,0,13377,494,13377,0,0,0,0,4655,-28608,10326,6,4480,0,129,0,0,0,0,0,0,0,0,0,31082107,2018,0.48,1117.28,3083.28,0,50.4,97.8,68.3,34.8,59.3,519.9,32.9,557.9,162.2,160.2,1051.7,361921,2029,14.03,89,1490,2.75,1.16,30.7,42,60,24.44,12183349,72605,73,3411.75,0,1200,400,720,240,4200,7500,8500,102,1.5,6000,0,0,0,0,0,65.02,30,67.96,58.13,255,0,0
2026-08-14T16:47:14.771000+09:00,2026-08-14T07:47:14.771000+00:00,094623,1863.5,1,0,0,0,0,13377,496,13377,0,0,0,0,4655,-26560,10326,6,4480,0,129,0,0,0,0,0,0,0,0,0,31082107,2018,0.5,1050.14,2913.6,0,50.4,97.4,68.5,34.8,59.6,520.9,32.9,560.3,164.2,162.3,1037.5,361922,2030,13.83,90.7,1500,2.74,1.13,29.8,41.7,60,24.59,12183353,72605,72.9,3411.75,0,1200,400,720,240,4200,7500,8500,102,1.5,6000,0,0,0,0,0,66.26,30,66.03,62.94,253.7,0,0
2026-08-14T16:48:14.863000+09:00,2026-08-14T07:48:14.863000+00:00,094623,2005.1,1,0,0,0,0,13377,497,13377,0,0,0,0,4655,-28608,12374,582,4512,8,129,0,0,0,0,0,0,0,0,0,31082107,2018,0.49,1318.7,3323.77,0,50.4,97.6,68.8,34.9,59.6,519.5,33,560.6,162.7,160.6,1053.8,361922,2030,13.86,91.1,1500,2.76,1.16,30.8,40.6,60,24.35,12183357,72605,76.12,3411.75,0,1200,400,720,240,4200,7500,8500,102,1.5,6000,0,0,0,0,0,68.17,30,65.7,65.92,252.6,0,0
2026-08-14T16:49:14.955000+09:00,2026-08-14T07:49:14.955000+00:00,094623,1969.7,1,0,0,0,0,13377,497,13377,0,0,0,0,4651,-28608,10326,6,4480,0,129,0,0,0,0,0,0,0,0,0,31082107,2018,0.48,1161.23,3130.89,0,50.7,98.9,68.8,34.9,59.7,520.6,33.2,561.7,164.5,162.5,1046,361922,2030,13.96,89.6,1500,2.76,1.14,30.3,41.2,60,24.55,12183361,72605,77.57,3411.75,0,1200,400,720,240,4200,7500,8500,102,1.5,6000,0,0,0,0,0,69.37,30,69.89,61.7,251.3,0,0
2026-08-14T16:50:15.059000+09:00,2026-08-14T07:50:15.059000+00:00,094623,1800.9,1,0,0,0,0,13377,496,13377,0,0,0,0,4655,-26560,10326,590,4480,8192,129,0,0,0,0,0,0,0,0,0,31082107,2018,0.46,1036.71,2837.61,0,50.9,98.3,68.6,35,59.8,524.1,33.3,562.2,162.6,160.4,1050.8,361922,2030,14.03,89.3,1490,2.76,1.15,29.8,43,60,24.62,12183365,72605,74.74,3411.75,0,1200,400,720,240,4200,7500,8500,102,1.5,6000,0,0,0,0,0,69.82,30,69.36,59.72,250.1,0,0
2026-08-14T16:51:15.150000+09:00,2026-08-14T07:51:15.150000+00:00,094623,1983.1,1,0,0,0,0,13377,498,13377,0,0,0,0,4651,-26560,10326,6,4480,0,129,0,0,0,0,0,0,0,0,0,31082107,2018,0.48,1119.72,3102.82,0,51,97.3,68.2,34.9,59.7,520.1,33.3,562.7,163,160.9,1056,361922,2030,13.62,90.6,1500,2.76,1.14,30.2,41.2,60,24.67,12183369,72605,74.86,3411.75,0,1200,400,720,240,4200,7500,8500,102,1.5,6000,0,0,0,0,0,69.37,30,65.85,63.46,248.7,0,0
2026-08-14T16:52:15.241000+09:00,2026-08-14T07:52:15.241000+00:00,094623,1947.7,1,0,0,0,0,13377,497,13377,0,0,0,0,4651,-28608,10326,6,4480,0,129,0,0,0,0,0,0,0,0,0,31082107,2018,0.5,1067.23,3014.92,0,51.1,98.3,68,34.9,59.9,521.4,33.1,560.5,163.3,161.1,1035.8,361922,2030,13.87,90.6,1500,2.75,1.15,30.4,42.2,60,24.58,12183373,72605,76.29,3411.75,0,1200,400,720,240,4200,7500,8500,102,1.5,6000,0,0,0,0,0,68.89,30,68.54,64.95,247.4,0,0
2026-08-14T16:53:15.356000+09:00,2026-08-14T07:53:15.356000+00:00,094623,1918.4,1,0,0,0,0,13377,495,13377,0,0,0,0,4655,-28608,10326,6,4480,528,129,0,0,0,0,0,0,0,0,0,31082107,2018,0.49,1092.87,3011.26,0,51.2,99,67.9,35,60,522.1,33,559.4,162.9,160.6,1074.3,361923,2031,13.91,90.2,1490,2.74,1.16,30.3,42.3,60,24.38,12183377,72605,75.85,3411.76,0,1200,400,720,240,4200,7500,8500,102,1.5,6000,0,0,0,0,0,68.37,30,71.53,64.14,246.4,0,0
2026-08-14T16:54:15.461000+09:00,2026-08-14T07:54:15.461000+00:00,094623,2166.2,1,0,0,0,0,13377,496,13377,0,0,0,0,4651,-28608,10326,6,4480,0,129,0,0,0,0,0,0,0,0,0,31082107,2018,0.47,1250.34,3416.55,0,51.4,98.5,67.9,34.9,60.1,517.6,33.2,564.2,165.9,163.7,1063.2,361923,2031,14.04,89.5,1500,2.74,1.15,31,40,60,24.54,12183381,72605,75.23,3411.76,0,1200,400,720,240,4200,7500,8500,102,1.5,6000,0,0,0,0,0,68.28,30,71.2,61.91,245,0,0
2026-08-14T16:55:15.544000+09:00,2026-08-14T07:55:15.544000+00:00,094623,2183.3,1,0,0,0,0,13377,497,13377,0,0,0,0,4655,-28608,10326,590,4480,8192,129,0,0,0,0,0,0,0,0,0,31082107,2018,0.47,1335.79,3519.09,0,51.5,98.4,68.1,35,60.6,516,33.2,567.6,169.2,167,1051,361923,2031,14.08,89.3,1500,2.75,1.14,30.6,38.8,60,24.59,12183385,72605,74.45,3411.76,0,1200,400,720,240,4200,7500,8500,102,1.5,6000,0,0,0,0,0,68.88,30,71.7,60.34,243.9,0,0
2026-08-14T16:56:15.646000+09:00,2026-08-14T07:56:15.646000+00:00,094623,1882.7,1,0,0,0,0,13377,496,13377,0,0,0,0,4655,-28608,10326,590,4480,8192,129,0,0,0,0,0,0,0,0,0,31082107,2018,0.45,913.42,2796.11,0,51.5,96.9,68.4,35,60.7,525,33.1,565.4,165.8,163.6,1042.9,361923,2031,13.91,90,1500,2.75,1.14,29.6,42.5,60,24.22,12183389,72605,75.57,3411.76,0,1200,400,720,240,4200,7500,8500,102,1.5,6000,0,0,0,0,0,70.14,30,66.73,61.81,242.7,0,0
2026-08-14T16:57:15.746000+09:00,2026-08-14T07:57:15.746000+00:00,094623,1940.4,1,0,0,0,0,13377,496,13377,0,0,0,0,4651,-28608,10326,6,4480,0,129,0,0,0,0,0,0,0,0,0,31082107,2018,0.5,1022.06,2962.43,0,51.6,97.5,68.3,35,60.4,523.1,32.9,563.3,163.2,161,1068.6,361923,2031,13.85,90.1,1500,2.73,1.16,30.2,42.4,60,24.51,12183393,72605,73.71,3411.76,0,1200,400,720,240,4200,7500,8500,102,1.5,6000,0,0,0,0,0,70.43,30,66.91,61.74,241.6,0,0
2026-08-14T16:58:15.841000+09:00,2026-08-14T07:58:15.841000+00:00,094623,1760.6,1,0,0,0,0,13377,498,13377,0,0,0,0,4651,-28608,18582,6,20864,528,129,0,0,0,0,0,0,0,0,0,31082107,2018,0.49,787.68,2548.3,0,51.6,98.9,68.1,35,60.3,527.8,33.1,564.3,162.3,160.3,1041.8,361923,2031,14.14,90.8,1500,2.76,1.14,29.1,44.3,60,24.44,12183398,72605,77.39,3411.76,0,1200,400,720,240,4200,7500,8500,102,1.5,6000,0,0,0,0,0,70.22,30,71.59,65.66,240.4,0,0
2026-08-14T16:59:15.930000+09:00,2026-08-14T07:59:15.930000+00:00,094623,1741.1,1,0,0,0,0,13377,499,13377,0,0,0,0,4651,-28608,10326,6,4480,0,129,0,0,0,0,0,0,0,0,0,31082107,2018,0.45,837.73,2578.81,0,51.7,98,67.9,35.1,60.1,528.4,33.1,562.1,158.8,156.6,1026.4,361924,2032,13.93,90,1510,2.76,1.15,29.5,45.3,60,24.56,12183402,72605,77.69,3411.76,0,1200,400,720,240,4200,7500,8500,102,1.5,6000,0,0,0,0,0,69.63,30,69.86,63.79,239.1,0,0
2026-08-14T17:00:16.024000+09:00,2026-08-14T08:00:16.024000+00:00,094623,1941.6,1,0,0,0,0,13377,495,13377,0,0,0,0,4655,-28608,10390,6,20864,0,129,0,0,0,0,0,0,0,0,0,31082107,2018,0.44,1009.86,2951.44,0,51.7,97.2,67.5,35.1,60,523.9,33.1,562.3,161.2,159,1027.3,361924,2032,13.91,89.4,1490,2.72,1.16,30.3,42.8,60,24.45,12183406,72605,76.05,3411.76,0,1200,400,720,240,4200,7500,8500,102,1.5,6000,0,0,0,0,0,67.87,30,66.61,61.13,237.9,0,0
2026-08-14T17:01:16.135000+09:00,2026-08-14T08:01:16.135000+00:00,094623,2067.3,1,0,0,0,0,13377,495,13377,0,0,0,0,4655,-28608,12374,6,4512,8,129,0,0,0,0,0,0,0,0,0,31082107,2018,0.49,1249.12,3316.45,0,51.8,98,67.3,35.1,60.2,520.9,33,568.2,163.5,161.3,1073.3,361924,2032,13.9,89.8,1490,2.72,1.16,30.7,40.9,60,24.45,12183410,72605,74.53,3411.77,0,1200,400,720,240,4200,7500,8500,102,1.5,6000,0,0,0,0,0,66.34,30,68.22,61.6,236.7,0,0
2026-08-14T17:02:16.216000+09:00,2026-08-14T08:02:16.216000+00:00,094623,2119.8,1,0,0,0,0,13377,495,13377,0,0,0,0,4651,-28608,10342,6,12676,0,129,0,0,0,0,0,0,0,0,0,31082107,2018,0.5,1206.4,3326.21,0,51.8,98.6,67.4,35.1,60.5,520.5,33,564.1,166.4,164.2,1070,361924,2032,14.04,89.9,1500,2.72,1.14,30.3,39.9,60,24.2,12183414,72605,73.73,3411.77,0,1200,400,720,240,4200,7500,8500,102,1.5,6000,0,0,0,0,0,65.61,30,70.62,61.79,235.6,0,0
2026-08-14T17:03:16.309000+09:00,2026-08-14T08:03:16.309000+00:00,094623,2113.7,1,0,0,0,0,13377,496,13377,0,0,0,0,4651,-28608,18518,590,4480,8720,129,0,0,0,0,0,0,0,0,0,31082107,2018,0.5,1180.76,3294.47,0,51.9,98.5,67.7,35.1,60.8,520.6,33.3,565.2,166.9,164.8,1037.7,361924,2032,13.97,90.5,1500,2.72,1.15,30.5,40.3,60,23.97,12183418,72605,75.56,3411.77,0,1200,400,720,240,4200,7500,8500,102,1.5,6000,0,0,0,0,0,65.8,30,71.26,63.99,234.4,0,0
2026-08-14T17:04:16.417000+09:00,2026-08-14T08:04:16.417000+00:00,094623,2005.1,1,0,0,0,0,13377,498,13377,0,0,0,0,4651,-28608,10326,6,4480,0,129,0,0,0,0,0,0,0,0,0,31082107,2018,0.51,989.1,2994.17,0,51.9,98.4,68,35.1,60.9,522.4,33.3,565.3,166.7,164.4,1025.6,361924,2032,13.51,90.8,1500,2.75,1.14,29.9,41.6,60,24.64,12183422,72605,74.57,3411.77,0,1200,400,720,240,4200,7500,8500,102,1.5,6000,0,0,0,0,0,66.57,30,71.73,66.2,233.2,0,0
2026-08-14T17:05:16.521000+09:00,2026-08-14T08:05:16.521000+00:00,094623,1963.6,1,0,0,0,0,13377,497,13377,0,0,0,0,4655,-28608,10326,582,4480,0,129,0,0,0,0,0,0,0,0,0,31082107,2018,0.47,1042.82,3006.38,0,52,97.9,68.3,35.1,60.9,523.8,34,570.2,164.3,162.1,1055.6,361925,2033,13.85,90.2,1500,2.73,1.16,30.2,42.7,60,24.64,12183426,72605,76.49,3411.77,0,1200,400,720,240,4200,7500,8500,102,1.5,6000,0,0,0,0,0,67.64,30,70.59,64.84,232.1,0,0
2026-08-14T17:06:16.620000+09:00,2026-08-14T08:06:16.620000+00:00,094623,2051.5,1,0,0,0,0,13377,499,13377,0,0,0,0,4655,-26560,12374,6,4512,72,129,0,0,0,0,0,0,0,0,0,31082107,2018,0.46,1169.77,3221.23,0,52.1,97.5,68.5,35.1,60.9,522,33.7,573.9,165.6,163.3,1042.8,361925,2033,13.97,89.7,1510,2.75,1.15,30,41,60,23.97,12183430,72605,77.3,3411.77,0,1200,400,720,240,4200,7500,8500,102,1.5,6000,0,0,0,0,0,68.87,30,68.92,63.19,231.1,0,0
2026-08-14T17:07:16.720000+09:00,2026-08-14T08:07:16.720000+00:00,094623,2067.3,1,0,0,0,0,13377,497,13377,0,0,0,0,4651,-28608,10326,6,4480,0,129,0,0,0,0,0,0,0,0,0,31082107,2018,0.46,1087.98,3155.31,0,52.1,97.3,68.6,35.1,61,522,33.6,573.8,165.9,163.6,1041.4,361925,2033,13.89,89.4,1500,2.73,1.15,30.2,41.1,60,24.57,12183434,72605,76.03,3411.77,0,1200,400,720,240,4200,7500,8500,102,1.5,6000,0,0,0,0,0,69.93,30,67.36,61.52,229.9,0,0
2026-08-14T17:08:16.826000+09:00,2026-08-14T08:08:16.826000+00:00,094623,2001.4,1,0,0,0,0,13377,495,13377,0,0,0,0,4651,-28608,18518,6,4480,528,129,0,0,0,0,0,0,0,0,0,31082107,2018,0.47,1013.52,3014.92,0,52.3,97.5,68.7,35.2,61.1,523.5,33.4,574.7,166.3,164.1,1035.1,361925,2033,13.43,90.1,1500,2.72,1.15,30,41.9,60,24.37,12183438,72605,73.36,3411.78,0,1200,400,720,240,4200,7500,8500,102,1.5,6000,0,0,0,0,0,71.11,30,66.97,63.28,228.8,0,0
2026-08-14T17:09:16.917000+09:00,2026-08-14T08:09:16.917000+00:00,094623,2112.5,1,0,0,0,0,13377,497,13377,0,0,0,0,4651,-28608,10326,6,4480,0,129,0,0,0,0,0,0,0,0,0,31082107,2018,0.47,1119.72,3232.21,0,52.5,97.6,68.6,35.2,61.1,521.9,33.5,576,166.5,164.2,1032.9,361925,2033,13.83,91,1500,2.73,1.16,30.5,41.2,60,24.51,12183442,72605,73.66,3411.78,0,1200,400,720,240,4200,7500,8500,102,1.5,6000,0,0,0,0,0,71.8,30,66.61,66.84,227.6,0,0
2026-08-14T17:10:17.013000+09:00,2026-08-14T08:10:17.013000+00:00,094623,2134.5,1,0,0,0,0,13377,497,13377,0,0,0,0,4651,-28608,10326,6,4480,0,129,0,0,0,0,0,0,0,0,0,31082107,2018,0.49,1133.15,3267.62,0,52.7,99.2,68.3,35.2,61.3,521.6,33.8,577.9,167.7,165.5,1055.1,361925,2033,13.99,90.1,1500,2.73,1.16,30.6,41,60,24.18,12183446,72605,75.41,3411.78,0,1200,400,720,240,4200,7500,8500,102,1.5,6000,0,0,0,0,0,71.66,30,71.97,64.82,226.6,0,0
2026-08-14T17:11:17.118000+09:00,2026-08-14T08:11:17.118000+00:00,094623,2193.1,1,0,0,0,0,13377,497,13377,0,0,0,0,4651,-28608,12374,6,4512,72,129,0,0,0,0,0,0,0,0,0,31082107,2018,0.46,1139.26,3332.32,0,52.8,98.5,68.2,35.2,61.6,519.3,33.5,581.8,169.8,167.7,1042.8,361926,2034,14.1,89.3,1500,2.72,1.14,30.4,40.1,60,24.26,12183450,72605,77.09,3411.78,0,1200,400,720,240,4200,7500,8500,102,1.5,6000,0,0,0,0,0,71.71,30,71.53,61.82,225.6,0,0
2026-08-14T17:12:17.206000+09:00,2026-08-14T08:12:17.206000+00:00,094623,2068.6,1,0,0,0,0,13377,497,13377,0,0,0,0,4651,-28608,10326,518,4480,0,129,0,0,0,0,0,0,0,0,0,31082107,2018,0.46,1051.36,3119.91,0,52.9,97.2,68.2,35.3,61.7,522.5,33.4,583.9,168.3,166.3,1078,361926,2034,13.83,89.7,1500,2.72,1.16,30.1,41.4,60,23.89,12183455,72605,74.34,3411.78,0,1200,400,720,240,4200,7500,8500,102,1.5,6000,0,0,0,0,0,72,30,67.3,62.14,224.5,0,0
2026-08-14T17:13:17.328000+09:00,2026-08-14T08:13:17.328000+00:00,094623,2171.1,1,0,0,0,0,13377,497,13377,0,0,0,0,4651,-28608,18518,6,4480,16,129,0,0,0,0,0,0,0,0,0,31082107,2018,0.5,1111.18,3282.27,0,52.9,98.1,68.2,35.2,61.7,521.1,33.4,583.3,169.4,167.5,1057.4,361926,2034,13.91,90.2,1500,2.72,1.15,30.4,40.5,60,24.19,12183459,72605,73.18,3411.78,0,1200,400,720,240,4200,7500,8500,102,1.5,6000,0,0,0,0,0,72.3,30,69.11,63.53,223.4,0,0
2026-08-14T17:14:17.416000+09:00,2026-08-14T08:14:17.416000+00:00,094623,2226.0,1,0,0,0,0,13377,497,13377,0,0,0,0,4651,-28608,10326,6,4480,0,129,0,0,0,0,0,0,0,0,0,31082107,2018,0.52,1122.17,3348.19,0,52.9,98.9,68.2,35.2,61.8,521.2,33.3,578.5,169.6,167.7,1040.2,361926,2034,14.07,90.9,1500,2.71,1.15,30.7,40.4,60,24.51,12183463,72605,74.62,3411.78,0,1200,400,720,240,4200,7500,8500,102,1.5,6000,0,0,0,0,0,72.59,30,72.59,66.57,222.3,0,0
2026-08-14T17:15:17.505000+09:00,2026-08-14T08:15:17.505000+00:00,094623,2171.1,1,0,0,0,0,13377,498,13377,0,0,0,0,4651,-26560,10326,6,4480,0,129,0,0,0,0,0,0,0,0,0,31082107,2018,0.47,1045.26,3216.35,0,52.9,98,68.3,35.3,61.9,521.6,33.7,578.7,169.9,168.1,1031.2,361926,2034,14.1,90.8,1510,2.72,1.13,30,40.5,60,24.56,12183467,72605,79.03,3411.78,0,1200,400,720,240,4200,7500,8500,102,1.5,6000,0,0,0,0,0,73.32,30,70.51,67.78,221.2,0,0
2026-08-14T17:16:17.621000+09:00,2026-08-14T08:16:17.621000+00:00,094623,2205.3,1,0,0,0,0,13377,498,13377,0,0,0,0,4651,-28608,12374,6,4512,72,129,0,0,0,0,0,0,0,0,0,31082107,2018,0.44,1285.74,3491.01,0,53,97.6,68.3,35.3,61.9,520.5,33.4,579.7,168.9,167,1057.1,361926,2034,13.67,89.7,1510,2.73,1.15,30.5,39.7,60,24.31,12183471,72605,79.16,3411.78,0,1200,400,720,240,4200,7500,8500,102,1.5,6000,0,0,0,0,0,73.77,30,68.91,64.64,220.3,0,0
2026-08-14T17:17:17.725000+09:00,2026-08-14T08:17:17.725000+00:00,094623,2110.1,1,0,0,0,0,13377,497,13377,0,0,0,0,4655,-28608,10390,590,20864,8192,129,0,0,0,0,0,0,0,0,0,31082107,2018,0.44,984.22,3094.27,0,53,97.5,68,35.3,61.9,524.6,34.2,581,169,167,1043.3,361927,2035,14.01,89.2,1500,2.71,1.15,30,41.7,60,24.28,12183475,72605,75.44,3411.79,0,1200,400,720,240,4200,7500,8500,102,1.5,6000,0,0,0,0,0,73.06,30,68,62.12,219.1,0,0
2026-08-14T17:18:17.828000+09:00,2026-08-14T08:18:17.828000+00:00,094623,2138.1,1,0,0,0,0,13377,496,13377,0,0,0,0,4655,-26560,10326,590,4480,8192,129,0,0,0,0,0,0,0,0,0,31082107,2018,0.48,1138.04,3276.16,0,53,97.8,67.6,35.3,61.9,522.5,33.7,582.2,169.1,167.2,1074,361927,2035,13.83,89.7,1500,2.71,1.16,30.3,40.7,60,24.49,12183479,72605,73.88,3411.79,0,1200,400,720,240,4200,7500,8500,102,1.5,6000,0,0,0,0,0,71.49,30,68.12,62.72,218,0,0
2026-08-14T17:19:17.931000+09:00,2026-08-14T08:19:17.931000+00:00,094623,2060.0,1,0,0,0,0,13377,498,13377,0,0,0,0,4655,-26560,10390,6,20864,0,129,0,0,0,0,0,0,0,0,0,31082107,2018,0.51,940.27,3000.27,0,53,98.3,67.4,35.3,61.9,525.7,34.1,581.8,168.9,167.1,1056.7,361927,2035,13.51,89.9,1510,2.72,1.13,29.3,41.2,60,24,12183483,72605,74.36,3411.79,0,1200,400,720,240,4200,7500,8500,102,1.5,6000,0,0,0,0,0,70.18,30,69.82,63.45,216.9,0,0
2026-08-14T17:20:18.028000+09:00,2026-08-14T08:20:18.028000+00:00,094623,2084.4,1,0,0,0,0,13377,496,13377,0,0,0,0,4655,-28608,10326,6,4480,0,129,0,0,0,0,0,0,0,0,0,31082107,2018,0.5,1015.96,3100.38,0,53.1,98.3,67.3,35.4,61.8,525.1,34.2,581.8,166.7,164.8,1048.9,361927,2035,14.01,91.5,1500,2.72,1.16,30.2,42.1,60,24.39,12183487,72605,74.21,3411.79,0,1200,400,720,240,4200,7500,8500,102,1.5,6000,0,0,0,0,0,68.81,30,70.22,69.05,215.8,0,0
2026-08-14T17:21:18.135000+09:00,2026-08-14T08:21:18.135000+00:00,094623,1988.0,1,0,0,0,0,13377,497,13377,0,0,0,0,4655,-28608,12390,6,12708,8,129,0,0,0,0,0,0,0,0,0,31082107,2018,0.46,896.33,2884.3,0,53.2,98.6,67.4,35.4,61.8,527.3,34.3,580.1,166.7,164.9,1053.5,361927,2035,13.86,90,1500,2.7,1.14,29.5,42.4,60,23.37,12183491,72605,77.02,3411.79,0,1200,400,720,240,4200,7500,8500,102,1.5,6000,0,0,0,0,0,68.07,30,71.87,65.58,214.9,0,0
2026-08-14T17:22:18.213000+09:00,2026-08-14T08:22:18.213000+00:00,094623,2134.5,1,0,0,0,0,13377,495,13377,0,0,0,0,4651,-28608,10326,6,4480,0,129,0,0,0,0,0,0,0,0,0,31082107,2018,0.46,1081.88,3216.35,0,53.2,98.4,67.7,35.4,61.7,524.6,34.3,581.2,165.5,163.7,1026.3,361927,2035,14.03,88.9,1500,2.68,1.17,30.7,42,60,24.46,12183495,72605,75.78,3411.79,0,1200,400,720,240,4200,7500,8500,102,1.5,6000,0,0,0,0,0,68.21,30,72.02,61.4,213.9,0,0
2026-08-14T17:23:18.304000+09:00,2026-08-14T08:23:18.304000+00:00,094623,2007.5,1,0,0,0,0,13377,496,13377,0,0,0,0,4651,-28608,10326,6,4480,0,129,0,0,0,0,0,0,0,0,0,31082107,2018,0.48,946.38,2953.89,0,53.2,98.3,67.8,35.4,61.9,526.2,34.1,583.7,168.1,166.4,1041.9,361928,2036,14.07,88.7,1500,2.7,1.14,29.5,41.8,60,24.47,12183499,72605,74.54,3411.79,0,1200,400,720,240,4200,7500,8500,102,1.5,6000,0,0,0,0,0,68.07,30,72.27,59.58,212.9,0,0
2026-08-14T17:24:18.395000+09:00,2026-08-14T08:24:18.395000+00:00,094623,2340.8,1,0,0,0,0,13377,498,13377,0,0,0,0,4655,-28608,10326,518,4480,0,129,0,0,0,0,0,0,0,0,0,31082107,2018,0.51,1184.42,3525.19,0,53.1,97.9,67.9,35.4,61.9,520.2,34.3,585.2,168.9,167.1,1058.8,361928,2036,14.03,90.3,1510,2.7,1.15,31,39.9,60,24.04,12183503,72605,72.96,3411.8,0,1200,400,720,240,4200,7500,8500,102,1.5,6000,0,0,0,0,0,68.28,30,71.25,63.67,211.8,0,0
2026-08-14T17:25:18.493000+09:00,2026-08-14T08:25:18.493000+00:00,094623,2194.3,1,0,0,0,0,13377,497,13377,0,0,0,0,4655,-28608,10326,6,4480,0,129,0,0,0,0,0,0,0,0,0,31082107,2018,0.5,1122.17,3316.45,0,53,98.2,68,35.4,62.1,523.2,34,586.1,169.9,168.1,1052.2,361928,2036,13.99,92.2,1500,2.67,1.15,30.3,40.8,60,24.53,12183507,72605,76.99,3411.8,0,1200,400,720,240,4200,7500,8500,102,1.5,6000,0,0,0,0,0,68.44,30,72.28,70.63,210.8,0,0
2026-08-14T17:26:18.600000+09:00,2026-08-14T08:26:18.600000+00:00,094623,2335.9,1,0,0,0,0,13377,496,13377,0,0,0,0,4655,-28608,18518,582,4480,528,129,0,0,0,0,0,0,0,0,0,31082107,2018,0.42,1179.54,3515.43,0,53.2,98.6,68.3,35.4,62.2,520.3,34.7,589.7,171,169.2,1064.4,361928,2036,13.12,89.1,1500,2.7,1.15,30.5,39.3,60,24.44,12183511,72605,79.69,3411.8,0,1200,400,720,240,4200,7500,8500,102,1.5,6000,0,0,0,0,0,69.57,30,73.88,62.61,209.8,0,0
2026-08-14T17:27:18.693000+09:00,2026-08-14T08:27:18.693000+00:00,094623,2252.9,1,0,0,0,0,13377,495,13377,0,0,0,0,4655,-28608,10326,6,4480,0,129,0,0,0,0,0,0,0,0,0,31082107,2018,0.41,1078.22,3331.1,0,53.2,96.9,68.4,35.4,62.4,521.8,34.2,592.8,171.8,170,1049.8,361928,2036,13.91,89.1,1490,2.67,1.14,30,39.9,60,24.58,12183516,72605,74.13,3411.8,0,1200,400,720,240,4200,7500,8500,102,1.5,6000,0,0,0,0,0,70.45,30,68.59,61.02,208.8,0,0
2026-08-14T17:28:18.792000+09:00,2026-08-14T08:28:18.792000+00:00,094623,2124.7,1,0,0,0,0,13377,497,13377,0,0,0,0,4651,-28608,10326,6,4480,0,129,0,0,0,0,0,0,0,0,0,31082107,2018,0.48,1018.4,3143.1,0,53.2,97.2,68.5,35.4,62.4,525.1,34.1,589.3,168.9,166.9,1068.2,361928,2036,14.04,90.1,1500,2.68,1.16,30,41.7,60,24.56,12183520,72605,72.11,3411.8,0,1200,400,720,240,4200,7500,8500,102,1.5,6000,0,0,0,0,0,71.56,30,67.53,63.48,207.8,0,0
2026-08-14T17:29:18.895000+09:00,2026-08-14T08:29:18.895000+00:00,094623,2129.6,1,0,0,0,0,13377,496,13377,0,0,0,0,4651,-28608,12374,6,4480,8,129,0,0,0,0,0,0,0,0,0,31082107,2018,0.5,997.65,3127.23,0,53.3,98.8,68.4,35.5,62.3,525,33.8,587.2,168.9,167.1,1041.6,361929,2037,14.04,90.7,1500,2.68,1.15,29.9,41.3,60,24.59,12183524,72605,74.47,3411.8,0,1200,400,720,240,4200,7500,8500,102,1.5,6000,0,0,0,0,0,71.9,30,72.47,66.11,206.9,0,0
2026-08-14T17:30:19.022000+09:00,2026-08-14T08:30:19.022000+00:00,094623,2443.3,1,0,0,0,0,13377,497,13377,0,0,0,0,4651,-28608,10326,6,4480,0,129,0,0,0,0,0,0,0,0,0,31082107,2018,0.49,1306.5,3749.81,0,53.3,98.2,68.4,35.5,62.2,520.1,33.9,588,170.6,168.7,1044.3,361929,2037,13.96,90.8,1500,2.68,1.16,31.1,39,60,24.59,12183528,72605,76.3,3411.8,0,1200,400,720,240,4200,7500,8500,102,1.5,6000,0,0,0,0,0,72.5,30,71.53,67.47,205.9,0,0
2026-08-14T17:31:19.105000+09:00,2026-08-14T08:31:19.105000+00:00,094623,2259.0,1,0,0,0,0,13377,497,13377,0,0,0,0,4651,-28608,18518,6,4480,528,129,0,0,0,0,0,0,0,0,0,31082107,2018,0.47,1103.85,3362.83,0,53.3,98.1,68.4,35.4,62.5,523.1,33.8,581.9,171.7,169.9,1092.2,361929,2037,13.95,90.1,1500,2.68,1.15,30.1,39.7,60,24.47,12183532,72605,77.6,3411.8,0,1200,400,720,240,4200,7500,8500,102,1.5,6000,0,0,0,0,0,73.1,30,71.51,65.89,204.9,0,0
2026-08-14T17:32:19.206000+09:00,2026-08-14T08:32:19.206000+00:00,094623,2210.2,1,0,0,0,0,13377,498,13377,0,0,0,0,4655,-28608,10326,6,4480,0,129,0,0,0,0,0,0,0,0,0,31082107,2018,0.48,1023.29,3233.44,0,53.3,97.9,68.4,35.4,62.5,523.8,34.1,581.9,170.3,168.6,1111,361929,2037,14.04,89.9,1500,2.69,1.15,30,40.7,60,24.6,12183536,72605,76.87,3411.81,0,1200,400,720,240,4200,7500,8500,102,1.5,6000,0,0,0,0,0,73.76,30,70.9,65.32,203.9,0,0
2026-08-14T17:33:19.367000+09:00,2026-08-14T08:33:19.367000+00:00,094623,2085.6,1,0,0,0,0,13377,497,13377,0,0,0,0,4655,-28608,10326,6,4480,0,129,0,0,0,0,0,0,0,0,0,31082107,2018,0.48,904.87,2990.51,0,53.4,97.9,68.2,35.5,62.5,526.9,34.1,579,168.1,166.3,1041.7,361929,2037,13.91,90,1500,2.68,1.15,29.6,42,60,24.48,12183540,72605,75.15,3411.81,0,1200,400,720,240,4200,7500,8500,102,1.5,6000,0,0,0,0,0,73.64,30,70.75,65.47,202.9,0,0
2026-08-14T17:34:19.422000+09:00,2026-08-14T08:34:19.422000+00:00,094623,2105.2,1,0,0,0,0,13377,495,13377,0,0,0,0,4655,-26560,12374,6,4513,72,129,0,0,0,0,0,0,0,0,0,31082107,2018,0.49,867.03,2972.2,0,53.5,97.8,67.8,35.5,62.3,527.5,34.6,578.6,165.8,164,1049.9,361929,2037,13.63,90.4,1500,2.66,1.16,29.9,42.8,60,23.47,12183544,72605,76.03,3411.81,0,1200,400,720,240,4200,7500,8500,102,1.5,6000,0,0,0,0,0,72.4,30,70.16,66.86,202,0,0
2026-08-14T17:35:19.512000+09:00,2026-08-14T08:35:19.512000+00:00,094623,2185.7,1,0,0,0,0,13377,497,13377,0,0,0,0,4651,-28608,10326,6,4480,0,129,0,0,0,0,0,0,0,0,0,31082107,2018,0.49,1080.66,3266.4,0,53.6,98.3,67.5,35.6,62.2,524.8,34.6,580.8,167.6,165.9,1033.3,361930,2038,13.83,90.6,1500,2.67,1.15,30,41,60,24.6,12183548,72605,73.96,3411.81,0,1200,400,720,240,4200,7500,8500,102,1.5,6000,0,0,0,0,0,71.02,30,71.74,68.19,201,0,0
2026-08-14T17:36:19.625000+09:00,2026-08-14T08:36:19.625000+00:00,094623,2431.1,1,0,0,0,0,13377,495,13377,0,0,0,0,4655,-26560,18582,6,20865,528,129,0,0,0,0,0,0,0,0,0,31082107,2018,0.49,1149.02,3580.13,0,53.6,98.5,67.4,35.6,62.3,521.5,34.5,582.6,169.9,168.2,1053.7,361930,2038,13.92,89.9,1500,2.66,1.16,30.7,39.3,60,24.41,12183552,72605,76.55,3411.81,0,1200,400,720,240,4200,7500,8500,102,1.5,6000,0,0,0,0,0,69.81,30,72.9,66.29,200.1,0,0
2026-08-14T17:37:19.719000+09:00,2026-08-14T08:37:19.719000+00:00,094623,2284.6,1,0,0,0,0,13377,498,13377,0,0,0,0,4655,-28608,10326,6,4480,0,129,0,0,0,0,0,0,0,0,0,31082107,2018,0.47,1047.7,3332.32,0,53.6,98.3,67.5,35.6,62.7,522.4,34.8,587.6,172.5,171,1038.4,361930,2038,13.72,90,1500,2.67,1.14,29.9,39.6,60,24.6,12183556,72605,76.79,3411.81,0,1200,400,720,240,4200,7500,8500,102,1.5,6000,0,0,0,0,0,69.36,30,73.26,66.64,199.1,0,0
2026-08-14T17:38:19.804000+09:00,2026-08-14T08:38:19.804000+00:00,094623,2199.2,1,0,0,0,0,13377,497,13377,0,0,0,0,4655,-28608,10310,6,4480,0,129,0,0,0,0,0,0,0,0,0,31082107,2018,0.45,968.35,3167.52,0,53.6,97.1,67.8,35.6,62.6,525.4,34.5,587.4,169.5,167.8,1022.8,361930,2038,13.87,89.6,1500,2.67,1.14,29.7,40.8,60,24.46,12183560,72605,75.52,3411.81,0,1200,400,720,240,4200,7500,8500,102,1.5,6000,0,0,0,0,0,69.71,30,69.02,65.02,198.2,0,0
2026-08-14T17:39:19.891000+09:00,2026-08-14T08:39:19.891000+00:00,094623,2234.6,1,0,0,0,0,13377,496,13377,0,0,0,0,4655,-26560,12374,6,4512,72,129,0,0,0,0,0,0,0,0,0,31082107,2018,0.46,993.99,3228.55,0,53.7,97.4,67.9,35.6,62.5,524.7,35,588.3,169.1,167.4,1070.4,361930,2038,13.86,89.8,1500,2.65,1.15,29.9,40.9,60,23.73,12183564,72605,74.64,3411.81,0,1200,400,720,240,4200,7500,8500,102,1.5,6000,0,0,0,0,0,69.8,30,68.47,65.12,197.2,0,0
2026-08-14T17:40:19.994000+09:00,2026-08-14T08:40:19.994000+00:00,094623,2176.0,1,0,0,0,0,13377,497,13377,0,0,0,0,4651,-28608,10310,6,12676,0,129,0,0,0,0,0,0,0,0,0,31082107,2018,0.48,918.3,3094.27,0,53.6,98,67.9,35.6,62.5,526.3,34.4,585.7,168.7,167.1,1060,361930,2038,13.91,89.8,1500,2.66,1.16,30,42,60,24.45,12183568,72605,75.24,3411.82,0,1200,400,720,240,4200,7500,8500,102,1.5,6000,0,0,0,0,0,69.65,30,69.93,64.86,196.4,0,0
2026-08-14T17:41:20.097000+09:00,2026-08-14T08:41:20.097000+00:00,094623,2361.5,1,0,0,0,0,13377,497,13377,0,0,0,0,4651,-28608,18518,6,4480,528,129,0,0,0,0,0,0,0,0,0,31082107,2018,0.49,1133.15,3494.67,0,53.6,98.4,67.9,35.6,62.5,522.8,34.7,589.7,170.7,169,1069.2,361931,2039,14.1,89.6,1500,2.67,1.15,30.4,39.9,60,24.45,12183573,72605,75.39,3411.82,0,1200,400,720,240,4200,7500,8500,102,1.5,6000,0,0,0,0,0,69.5,30,71.42,63.84,195.3,0,0
2026-08-14T17:42:20.188000+09:00,2026-08-14T08:42:20.188000+00:00,094623,2259.0,1,0,0,0,0,13377,496,13377,0,0,0,0,4655,-26560,10326,6,4480,0,129,0,0,0,0,0,0,0,0,0,31082107,2018,0.5,1036.71,3295.69,0,53.6,98.7,67.9,35.6,62.6,524.5,35.1,590.5,171.4,169.8,1041.1,361931,2039,14.02,89.6,1500,2.66,1.14,29.8,40.1,60,24.24,12183577,72605,75.97,3411.82,0,1200,400,720,240,4200,7500,8500,102,1.5,6000,0,0,0,0,0,69.35,30,73.27,63.15,194.5,0,0
2026-08-14T17:43:20.280000+09:00,2026-08-14T08:43:20.280000+00:00,094623,2388.4,1,0,0,0,0,13377,496,13377,0,0,0,0,4655,-28608,10326,6,4480,0,129,0,0,0,0,0,0,0,0,0,31082107,2018,0.52,1140.48,3528.85,0,53.6,98.4,67.9,35.6,62.7,522.3,35,594.5,172.8,171.2,1075.4,361931,2039,13.81,90.1,1500,2.65,1.15,30.3,39.4,60,24.56,12183581,72605,75.9,3411.82,0,1200,400,720,240,4200,7500,8500,102,1.5,6000,0,0,0,0,0,69.2,30,73.1,64.51,193.6,0,0
2026-08-14T17:44:20.379000+09:00,2026-08-14T08:44:20.379000+00:00,094623,2290.7,1,0,0,0,0,13377,496,13377,0,0,0,0,4651,-28608,12374,6,4512,72,129,0,0,0,0,0,0,0,0,0,31082107,2018,0.51,1023.29,3314,0,53.6,98.4,68,35.6,62.8,524.4,34.7,595.6,172.9,171.3,1034.9,361931,2039,13.99,89.9,1500,2.66,1.13,29.7,39.8,60,24.23,12183585,72605,74.98,3411.82,0,1200,400,720,240,4200,7500,8500,102,1.5,6000,0,0,0,0,0,69.4,30,73.71,63.58,192.7,0,0
2026-08-14T17:45:20.520000+09:00,2026-08-14T08:45:20.520000+00:00,094623,1984.0,1,0,0,0,0,13377,497,13377,0,0,0,0,4651,-28608,10326,6,4480,0,129,0,0,0,0,0,0,0,0,0,31082107,2018,0.46,779.14,2763.15,0,53.6,97.1,68.1,35.6,62.6,531,34.7,590.3,167.8,166.2,1019.3,361931,2039,14.09,91.1,1500,2.67,1.14,29,43.4,60,24.57,12183589,72605,75.32,3411.82,0,1200,400,720,240,4200,7500,8500,102,1.5,6000,0,0,0,0,0,69.88,30,69.49,67.68,191.7,0,0
2026-08-14T17:46:20.585000+09:00,2026-08-14T08:46:20.585000+00:00,094623,2248.0,1,0,0,0,0,13377,498,13377,0,0,0,0,4655,-28608,10326,6,4480,0,129,0,0,0,0,0,0,0,0,0,31082107,2018,0.43,1047.7,3295.69,0,53.6,97.5,68,35.7,62.3,525.4,34.9,590.1,167.6,166.1,1029.8,361931,2039,13.96,90.2,1500,2.66,1.16,30,41.1,60,23.62,12183593,72605,78.12,3411.82,0,1200,400,720,240,4200,7500,8500,102,1.5,6000,0,0,0,0,0,69.67,30,69.06,66.9,190.8,0,0
2026-08-14T17:47:20.685000+09:00,2026-08-14T08:47:20.685000+00:00,094623,2240.7,1,0,0,0,0,13377,496,13377,0,0,0,0,4651,-28608,10326,6,4480,0,129,0,0,0,0,0,0,0,0,0,31082107,2018,0.43,978.12,3218.79,0,53.6,98.9,67.9,35.7,62.4,525.9,34.7,588.8,168.6,167,1022.8,361932,2040,13.85,88.8,1500,2.65,1.16,30,41.4,60,24.55,12183597,72605,75.17,3411.82,0,1200,400,720,240,4200,7500,8500,102,1.5,6000,0,0,0,0,0,69.18,30,74.03,61.51,190,0,0
2026-08-14T17:48:20.792000+09:00,2026-08-14T08:48:20.792000+00:00,094623,2471.4,1,0,0,0,0,13377,497,13377,0,0,0,0,4651,-28608,10326,6,4480,0,129,0,0,0,0,0,0,0,0,0,31082107,2018,0.44,1177.1,3648.49,0,53.6,97.1,67.7,35.7,62.5,521.9,34.8,590.1,171.7,170,1060.6,361932,2040,14.02,89.3,1500,2.66,1.16,30.7,39.3,60,24.53,12183601,72605,73.69,3411.83,0,1200,400,720,240,4200,7500,8500,102,1.5,6000,0,0,0,0,0,68.31,30,68.52,61.74,189.1,0,0
2026-08-14T17:49:20.929000+09:00,2026-08-14T08:49:20.929000+00:00,094623,2423.8,1,0,0,0,0,13377,496,13377,0,0,0,0,4655,-28608,12374,6,4512,8,129,0,0,0,0,0,0,0,0,0,31082107,2018,0.48,1150.24,3574.02,0,53.5,97.7,68,35.7,62.7,522.7,34.7,588.7,172.6,171.1,1053.2,361932,2040,13.93,89.8,1500,2.65,1.15,30.4,39.5,60,24.16,12183605,72605,73.32,3411.83,0,1200,400,720,240,4200,7500,8500,102,1.5,6000,0,0,0,0,0,68.99,30,69.04,62.56,188.2,0,0
2026-08-14T17:50:21.013000+09:00,2026-08-14T08:50:21.013000+00:00,094623,2321.2,1,0,0,0,0,13377,497,13377,0,0,0,0,4655,-28608,10326,6,4480,0,129,0,0,0,0,0,0,0,0,0,31082107,2018,0.5,969.57,3290.81,0,53.4,98.6,68.4,35.8,62.8,525.3,34.6,589.4,172.2,170.7,1052,361932,2040,13.5,89.9,1500,2.66,1.14,29.8,40.1,60,24.63,12183609,72605,74.58,3411.83,0,1200,400,720,240,4200,7500,8500,102,1.5,6000,0,0,0,0,0,70.54,30,72.15,62.61,187.3,0,0
2026-08-14T17:51:21.092000+09:00,2026-08-14T08:51:21.092000+00:00,094623,2155.2,1,0,0,0,0,13377,496,13377,0,0,0,0,4655,-28608,10326,6,4480,0,129,0,0,0,0,0,0,0,0,0,31082107,2018,0.48,984.22,3139.44,0,53.4,98.2,68.6,35.8,62.7,528,35.1,588.7,170.1,168.5,1043.9,361932,2040,13.69,90.2,1490,2.64,1.17,29.7,41.8,60,24.31,12183613,72605,75.28,3411.83,0,1200,400,720,240,4200,7500,8500,102,1.5,6000,0,0,0,0,0,71.85,30,71.74,63.53,186.5,0,0
2026-08-14T17:52:21.184000+09:00,2026-08-14T08:52:21.184000+00:00,094623,2417.7,1,0,0,0,0,13377,496,13377,0,0,0,0,4651,-28608,10326,6,4480,0,129,0,0,0,0,0,0,0,0,0,31082107,2018,0.48,1196.63,3614.31,0,53.3,97.5,68.6,35.8,62.5,524,34.7,589.3,170.6,169,1045.7,361932,2040,13.9,90.6,1500,2.65,1.16,30.3,39.3,60,24.51,12183617,72605,75.42,3411.83,0,1200,400,720,240,4200,7500,8500,102,1.5,6000,0,0,0,0,0,72.81,30,69.26,65.28,185.6,0,0
2026-08-14T17:53:21.294000+09:00,2026-08-14T08:53:21.294000+00:00,094623,2372.5,1,0,0,0,0,13377,496,13377,0,0,0,0,4655,-28608,10326,6,4480,0,129,0,0,0,0,0,0,0,0,0,31082107,2018,0.48,1202.73,3575.24,0,53.4,97.6,68.4,35.8,62.6,524.7,34.9,590.7,172.6,171,1029.5,361933,2041,13.99,91,1500,2.64,1.16,30.3,39.6,60,24.47,12183621,72605,75.62,3411.83,0,1200,400,720,240,4200,7500,8500,102,1.5,6000,0,0,0,0,0,73.05,30,68.84,67.64,184.7,0,0
2026-08-14T17:54:21.371000+09:00,2026-08-14T08:54:21.371000+00:00,094623,2493.4,1,0,0,0,0,13377,497,13377,0,0,0,0,4651,-26560,18518,6,4480,528,129,0,0,0,0,0,0,0,0,0,31082107,2018,0.47,1177.1,3670.46,0,53.5,97.9,68.3,35.8,62.8,522.7,35.4,592.5,173.5,171.9,1083.2,361933,2041,13.85,90.1,1510,2.66,1.14,30.5,38.9,60,23.89,12183625,72605,78.89,3411.83,0,1200,400,720,240,4200,7500,8500,102,1.5,6000,0,0,0,0,0,73.35,30,69.32,65.99,183.9,0,0
2026-08-14T17:55:21.477000+09:00,2026-08-14T08:55:21.477000+00:00,094623,2166.2,1,0,0,0,0,13377,496,13377,0,0,0,0,4655,-28608,10390,6,20864,0,129,0,0,0,0,0,0,0,0,0,31082107,2018,0.45,835.29,3001.5,0,53.5,97.9,68.3,35.8,62.8,529.9,35.2,590.3,170.3,168.7,1039.1,361933,2041,13.91,89.2,1500,2.64,1.14,29.4,42,60,24.47,12183629,72605,76.56,3411.83,0,1200,400,720,240,4200,7500,8500,102,1.5,6000,0,0,0,0,0,73.75,30,69.22,62.76,183,0,0
2026-08-14T17:56:21.583000+09:00,2026-08-14T08:56:21.583000+00:00,094623,2294.4,1,0,0,0,0,13377,495,13377,0,0,0,0,4651,-28608,10326,6,4480,0,129,0,0,0,0,0,0,0,0,0,31082107,2018,0.48,1013.52,3307.9,0,53.6,97.5,68.1,35.8,62.5,526.6,35.4,587.3,168.9,167.1,1066.2,361933,2041,13.89,89.6,1500,2.63,1.16,30.1,41.1,60,24.45,12183634,72605,74.87,3411.84,0,1200,400,720,240,4200,7500,8500,102,1.5,6000,0,0,0,0,0,73.52,30,67.54,62.9,182.1,0,0
2026-08-14T17:57:21.683000+09:00,2026-08-14T08:57:21.683000+00:00,094623,2332.2,1,0,0,0,0,13377,498,13377,0,0,0,0,4655,-28608,10342,6,12676,8,129,0,0,0,0,0,0,0,0,0,31082107,2018,0.51,867.03,3199.25,0,53.6,98.5,67.8,35.9,62.6,526.3,35.3,589.2,171.6,170.1,1050.1,361933,2041,14.03,89.8,1500,2.65,1.13,29.5,40.1,60,24.45,12183638,72605,74.2,3411.84,0,1200,400,720,240,4200,7500,8500,102,1.5,6000,0,0,0,0,0,72.54,30,70.56,63.04,181.3,0,0
2026-08-14T17:58:21.792000+09:00,2026-08-14T08:58:21.792000+00:00,094623,2428.7,1,0,0,0,0,13377,496,13377,0,0,0,0,4651,-28608,10326,6,4480,0,129,0,0,0,0,0,0,0,0,0,31082107,2018,0.53,1140.48,3569.14,0,53.5,98.9,67.6,35.8,62.6,524.5,35.3,591.9,170.9,169.2,1031.5,361933,2041,13.92,90.8,1500,2.64,1.16,30.4,39.7,60,24.47,12183642,72605,75.87,3411.84,0,1200,400,720,240,4200,7500,8500,102,1.5,6000,0,0,0,0,0,71.42,30,72.78,66.44,180.5,0,0
2026-08-14T17:59:21.899000+09:00,2026-08-14T08:59:21.899000+00:00,094623,2394.5,1,0,0,0,0,13377,497,13377,0,0,0,0,4655,-28608,18518,590,4480,8720,129,0,0,0,0,0,0,0,0,0,31082107,2018,0.51,1087.98,3482.47,0,53.6,98.6,67.6,35.9,62.7,525.4,35.2,592.8,172.5,170.7,1049.4,361934,2042,13.41,90.4,1500,2.62,1.15,30,39.6,60,23.68,12183646,72605,78.47,3411.84,0,1200,400,720,240,4200,7500,8500,102,1.5,6000,0,0,0,0,0,70.88,30,73.21,66.62,179.7,0,0
2026-08-14T18:00:22.007000+09:00,2026-08-14T09:00:22.007000+00:00,094623,2337.1,1,0,0,0,0,13377,497,13377,0,0,0,0,4651,-28608,10326,6,4480,0,129,0,0,0,0,0,0,0,0,0,31082107,2018,0.46,981.78,3318.89,0,53.7,97.5,67.7,35.9,62.8,526.4,34.9,592.4,172.5,170.9,1033,361934,2042,14.03,90.5,1500,2.65,1.15,29.9,40.6,60,24.46,12183650,72605,75.95,3411.84,0,1200,400,720,240,4200,7500,8500,102,1.5,6000,0,0,0,0,0,70.66,30,69.99,67.78,178.9,0,0
2026-08-14T18:01:22.103000+09:00,2026-08-14T09:01:22.103000+00:00,094623,2382.3,1,0,0,0,0,13377,498,13377,0,0,0,0,4651,-28608,10326,6,4480,0,129,0,0,0,0,0,0,0,0,0,31082107,2018,0.45,1004.97,3387.25,0,53.7,97.2,67.7,35.9,62.8,525.3,34.6,593.3,172.6,170.9,1024.3,361934,2042,13.72,90.1,1510,2.66,1.13,29.6,39.4,60,24.59,12183654,72605,75.54,3411.84,0,1200,400,720,240,4200,7500,8500,102,1.5,6000,0,0,0,0,0,70.2,30,68.06,67.06,178,0,0
2026-08-14T18:02:22.204000+09:00,2026-08-14T09:02:22.204000+00:00,094623,2432.3,1,0,0,0,0,13377,496,13377,0,0,0,0,4651,-28608,12374,6,4512,72,129,0,0,0,0,0,0,0,0,0,31082107,2018,0.47,1064.79,3497.12,0,53.8,98.1,67.7,35.9,62.8,524.6,34.8,595.5,172.4,170.6,1032.3,361934,2042,14.11,89.6,1500,2.65,1.16,30.2,40,60,24.4,12183658,72605,75.34,3411.84,0,1200,400,720,240,4200,7500,8500,102,1.5,6000,0,0,0,0,0,69.69,30,70.14,65.32,177.2,0,0
2026-08-14T18:03:22.304000+09:00,2026-08-14T09:03:22.304000+00:00,094623,2383.5,1,0,0,0,0,13377,496,13377,0,0,0,0,4651,-28608,10326,6,4480,0,129,0,0,0,0,0,0,0,0,0,31082107,2018,0.47,940.27,3323.77,0,53.7,98.7,67.8,35.8,62.9,525.8,34.7,597.8,173.7,172,1025,361934,2042,13.99,89.1,1500,2.63,1.14,29.6,40.1,60,24.49,12183662,72605,76.83,3411.84,0,1200,400,720,240,4200,7500,8500,102,1.5,6000,0,0,0,0,0,69.6,30,72.5,62.79,176.5,0,0
2026-08-14T18:04:22.406000+09:00,2026-08-14T09:04:22.406000+00:00,094623,2416.5,1,0,0,0,0,13377,498,13377,0,0,0,0,4651,-28608,18518,6,4480,528,129,0,0,0,0,0,0,0,0,0,31082107,2018,0.5,1074.56,3491.01,0,53.7,98.3,67.9,35.9,62.9,524.7,34.6,594.5,172.1,170.3,1011.8,361934,2042,13.67,89.2,1500,2.65,1.16,30.1,40,60,24.5,12183666,72605,73.18,3411.85,0,1200,400,720,240,4200,7500,8500,102,1.5,6000,0,0,0,0,0,69.77,30,72.19,61.66,175.7,0,0
2026-08-14T18:05:22.497000+09:00,2026-08-14T09:05:22.497000+00:00,094623,2440.9,1,0,0,0,0,13377,497,13377,0,0,0,0,4655,-28608,10326,6,4480,0,129,0,0,0,0,0,0,0,0,0,31082107,2018,0.52,1013.52,3454.39,0,53.6,98.3,67.9,35.9,62.9,525.2,35.1,594.5,173.8,172,1057.7,361935,2043,13.43,90.2,1500,2.63,1.14,30,39.6,60,24.53,12183670,72605,74.1,3411.85,0,1200,400,720,240,4200,7500,8500,102,1.5,6000,0,0,0,0,0,69.62,30,72.59,64.14,174.8,0,0
2026-08-14T18:06:22.628000+09:00,2026-08-14T09:06:22.628000+00:00,094623,2366.4,1,0,0,0,0,13377,497,13377,0,0,0,0,4651,-28608,10326,6,4480,0,129,0,0,0,0,0,0,0,0,0,31082107,2018,0.51,987.88,3354.29,0,53.5,98.3,68,35.9,62.9,527.2,34.9,593.1,172,170.2,1045.1,361935,2043,13.46,91.3,1500,2.64,1.16,30,40.9,60,24.45,12183674,72605,74.57,3411.85,0,1200,400,720,240,4200,7500,8500,102,1.5,6000,0,0,0,0,0,69.88,30,73.05,68.32,174.1,0,0
2026-08-14T18:07:22.714000+09:00,2026-08-14T09:07:22.714000+00:00,094623,1897.3,1,0,0,0,0,13377,502,13377,0,0,0,0,4651,-28608,12374,6,5024,72,129,0,0,0,0,0,0,0,0,0,31082107,2018,0.42,733.97,2631.31,0,53.6,98.3,68,35.9,62.9,527.7,35.1,593.2,172.8,171.1,1054.3,361935,2043,13.34,90.4,1510,2.71,1.1,25.3,36.3,60,16.53,12183678,72605,80.29,3411.85,0,1200,400,720,240,4200,7500,8500,102,1.5,6000,0,0,0,0,0,64.76,30,68.46,62.02,173.2,0,0
2026-08-14T18:08:22.812000+09:00,2026-08-14T09:08:22.812000+00:00,094623,876.8,1,0,0,0,0,13377,497,13377,0,0,0,0,4655,-28608,10326,582,4992,0,129,0,0,0,0,0,0,0,0,0,31082107,2018,0.43,556.96,1433.76,0,53.3,96.1,68.8,35.9,62.3,525.8,35.2,583.6,158.6,156.7,1050.4,361935,2043,13.04,89.6,1500,2.71,1.13,22.8,41.5,60,11.32,12183680,72605,60.64,3411.85,0,1200,400,720,240,4200,7500,8500,102,1.5,6000,0,0,0,0,0,64.84,30,57.28,56.56,172.5,0,0
2026-08-14T18:09:22.936000+09:00,2026-08-14T09:09:22.936000+00:00,094623,1141.7,1,0,0,0,0,13377,494,13377,0,0,0,0,4651,-28608,18518,6,4480,528,129,0,0,0,0,0,0,0,0,0,31082107,2018,0.5,809.66,1951.35,0,53,98.1,68.9,36,61.6,516.8,34.7,581.9,156.2,154.4,1051.8,361935,2043,13.5,91.7,1490,2.67,1.19,26.7,43.8,60,16.48,12183682,72605,59.97,3411.85,0,1200,400,720,240,4200,7500,8500,102,1.5,6000,0,0,0,0,0,69.85,30,65.66,66.61,171.7,0,0
2026-08-14T18:10:23.021000+09:00,2026-08-14T09:10:23.021000+00:00,094623,1512.8,1,0,0,0,0,13377,495,13377,0,0,0,0,4655,-28608,10326,6,4480,0,129,0,0,0,0,0,0,0,0,0,31082107,2018,0.4,1057.47,2570.27,0,53.2,99.7,68.4,36,61.7,518.9,35.4,591.4,169,167.6,1067.8,361935,2043,13.21,88.6,1490,2.65,1.14,29.8,44.4,60,24.47,12183686,72605,80.93,3411.85,0,1200,400,720,240,4200,7500,8500,102,1.5,6000,0,0,0,0,0,73.91,30,75.95,63.2,170.9,0,0
2026-08-14T18:11:23.118000+09:00,2026-08-14T09:11:23.118000+00:00,094623,1579.9,1,0,0,0,0,13377,496,13377,0,0,0,0,4655,-26560,10326,6,4480,0,129,0,0,0,0,0,0,0,0,0,31082107,2018,0.4,1113.62,2693.56,0,53.1,96.2,68,36,62,521.7,35.7,594.3,170.2,168.7,1076.2,361936,2044,13.32,88.8,1490,2.64,1.17,30.1,44.3,60,24.52,12183690,72605,73.49,3411.85,0,1200,400,720,240,4200,7500,8500,102,1.5,6000,0,0,0,0,0,73.14,30,65.23,61.38,170.1,0,0
2026-08-14T18:12:23.224000+09:00,2026-08-14T09:12:23.224000+00:00,094623,1737.4,1,0,0,0,0,13377,497,13377,0,0,0,0,4651,-28608,12438,6,20896,72,129,0,0,0,0,0,0,0,0,0,31082107,2018,0.48,1105.08,2842.49,0,53,99.1,67.4,36,62.2,522.1,35.9,595.5,172.6,171.1,1080.9,361936,2044,13.29,89.7,1500,2.66,1.15,30.1,42.6,60,24.13,12183694,72605,72.34,3411.86,0,1200,400,720,240,4200,7500,8500,102,1.5,6000,0,0,0,0,0,70.91,30,73.18,62.92,169.4,0,0
2026-08-14T18:13:23.326000+09:00,2026-08-14T09:13:23.326000+00:00,094623,1655.6,1,0,0,0,0,13377,497,13377,0,0,0,0,4651,-28608,10326,6,4480,0,129,0,0,0,0,0,0,0,0,0,31082107,2018,0.45,941.5,2597.13,0,53.3,97.3,67.3,36,62.4,524.7,35.7,594.7,173.3,171.8,1029,361936,2044,13.37,90.8,1500,2.67,1.14,29.4,43.2,60,24.65,12183698,72605,74.21,3411.86,0,1200,400,720,240,4200,7500,8500,102,1.5,6000,0,0,0,0,0,69.66,30,68.57,66.43,168.6,0,0
2026-08-14T18:14:23.426000+09:00,2026-08-14T09:14:23.426000+00:00,094623,1737.4,1,0,0,0,0,13377,497,13377,0,0,0,0,4655,-28608,18582,6,20864,0,129,0,0,0,0,0,0,0,0,0,31082107,2018,0.49,930.51,2667.93,0,53.3,97.8,67.3,36,62.5,525,35.2,593.6,172.1,170.5,1033.8,361936,2044,13.32,90.6,1500,2.66,1.16,29.8,43.8,60,24.54,12183702,72605,76.35,3411.86,0,1200,400,720,240,4200,7500,8500,102,1.5,6000,0,0,0,0,0,68.61,30,68.79,67.06,167.8,0,0
2026-08-14T18:15:23.526000+09:00,2026-08-14T09:15:23.526000+00:00,094623,1876.9,1,0,0,0,0,13377,497,13377,0,0,0,0,4655,-28608,10326,6,4480,0,129,0,0,0,0,0,0,0,0,0,31082107,2018,0.48,1244.24,3121.13,0,53.4,99.1,67.5,35.9,62.6,521.8,35.7,598,174.5,173,1065.9,361936,2044,12.75,90.4,1500,2.67,1.15,30.1,41.1,60,24.56,12183706,72605,76.96,3411.86,0,1200,400,720,240,4200,7500,8500,102,1.5,6000,0,0,0,0,0,68.23,30,73.77,67.24,167,0,0
2026-08-14T18:16:23.626000+09:00,2026-08-14T09:16:23.626000+00:00,094623,1748.4,1,0,0,0,0,13377,497,13377,0,0,0,0,4651,-28608,10342,6,12676,0,129,0,0,0,0,0,0,0,0,0,31082107,2018,0.44,1003.75,2752.16,0,53.5,97,68,35.9,62.8,526.8,35.6,599.5,174.4,173,1036.6,361936,2044,13.32,89.9,1500,2.66,1.14,29.2,42.4,60,24.16,12183710,72605,75.24,3411.86,0,1200,400,720,240,4200,7500,8500,102,1.5,6000,0,0,0,0,0,69.31,30,67.64,65.75,166.3,0,0
2026-08-14T18:17:23.746000+09:00,2026-08-14T09:17:23.746000+00:00,094623,1758.2,1,0,0,0,0,13377,500,13377,0,0,0,0,4651,-28608,12374,6,4512,8,129,0,0,0,0,0,0,0,0,0,31082107,2018,0.47,989.1,2747.28,0,53.5,97.6,68.3,35.9,62.7,527.7,35.8,598.1,171.9,170.3,1032.5,361937,2045,13.37,89.8,1510,2.67,1.15,29.4,43.1,60,24.31,12183714,72605,75.28,3411.86,0,1200,400,720,240,4200,7500,8500,102,1.5,6000,0,0,0,0,0,70.56,30,68.19,65.16,165.6,0,0
2026-08-14T18:18:23.856000+09:00,2026-08-14T09:18:23.856000+00:00,094623,1829.0,1,0,0,0,0,13377,496,13377,0,0,0,0,4655,-28608,10326,6,4480,0,129,0,0,0,0,0,0,0,0,0,31082107,2018,0.49,964.69,2793.66,0,53.6,98.5,68.4,36,62.6,527.7,35.9,597.5,172.8,171.3,1016.1,361937,2045,12.98,89.6,1500,2.66,1.15,29.8,43.3,60,24.46,12183719,72605,76.34,3411.86,0,1200,400,720,240,4200,7500,8500,102,1.5,6000,0,0,0,0,0,71.25,30,70.89,63.82,164.8,0,0
2026-08-14T18:19:23.967000+09:00,2026-08-14T09:19:23.967000+00:00,094623,1832.6,1,0,0,0,0,13377,498,13377,0,0,0,0,4651,-28608,10326,6,4480,0,129,0,0,0,0,0,0,0,0,0,31082107,2018,0.5,1019.62,2852.26,0,53.6,98.7,68.6,36,62.6,526.7,35.5,597.5,172.6,170.9,1030.1,361937,2045,13.34,89.7,1500,2.66,1.16,29.8,42.9,60,24.49,12183723,72605,75.62,3411.86,0,1200,400,720,240,4200,7500,8500,102,1.5,6000,0,0,0,0,0,72.68,30,72.61,63.83,164,0,0
2026-08-14T18:20:24.068000+09:00,2026-08-14T09:20:24.068000+00:00,094623,1969.7,1,0,0,0,0,13377,497,13377,0,0,0,0,4655,-28608,10326,6,4480,0,129,0,0,0,0,0,0,0,0,0,31082107,2018,0.5,1090.43,3060.09,0,53.6,98.2,68.6,36,62.7,524.7,35.2,599.3,174.6,173,1029.1,361937,2045,13.32,89.7,1500,2.65,1.15,29.8,41.1,60,24.59,12183727,72605,75.14,3411.87,0,1200,400,720,240,4200,7500,8500,102,1.5,6000,0,0,0,0,0,73.58,30,71.69,63.4,163.3,0,0
2026-08-14T18:21:24.178000+09:00,2026-08-14T09:21:24.178000+00:00,094623,2038.0,1,0,0,0,0,13377,498,13377,0,0,0,0,4655,-28608,10326,6,4480,0,129,0,0,0,0,0,0,0,0,0,31082107,2018,0.51,1327.25,3365.28,0,53.7,98.3,68.5,36,62.8,522.2,35.6,601.6,175.9,174.4,1086.1,361937,2045,13.05,89.7,1500,2.66,1.16,30.4,40.4,60,24.68,12183731,72605,76.51,3411.87,0,1200,400,720,240,4200,7500,8500,102,1.5,6000,0,0,0,0,0,74.13,30,72.29,62.96,162.6,0,0
2026-08-14T18:22:24.271000+09:00,2026-08-14T09:22:24.271000+00:00,094623,1909.9,1,0,0,0,0,13377,499,13377,0,0,0,0,4651,-28608,10326,6,4480,0,129,0,0,0,0,0,0,0,0,0,31082107,2018,0.51,1014.74,2924.59,0,53.7,98.5,68.2,36,63.1,526.5,35.3,599.9,176.7,175.2,1051.4,361937,2045,13.47,90.4,1510,2.67,1.13,29.3,41.4,60,24.46,12183735,72605,76.75,3411.87,0,1200,400,720,240,4200,7500,8500,102,1.5,6000,0,0,0,0,0,73.79,30,73.62,65,161.8,0,0
2026-08-14T18:23:24.362000+09:00,2026-08-14T09:23:24.362000+00:00,094623,1797.2,1,0,0,0,0,13377,496,13377,0,0,0,0,4651,-28608,10326,6,4480,0,129,0,0,0,0,0,0,0,0,0,31082107,2018,0.47,886.56,2683.8,0,53.8,97.5,68.1,36,62.9,530.2,35.9,595.7,172.5,170.8,1040,361938,2046,13.22,90.4,1500,2.65,1.15,29.2,43.7,60,24.54,12183739,72605,75.23,3411.87,0,1200,400,720,240,4200,7500,8500,102,1.5,6000,0,0,0,0,0,73.63,30,70.43,65.08,161.1,0,0
2026-08-14T18:24:24.480000+09:00,2026-08-14T09:24:24.480000+00:00,094623,1997.7,1,0,0,0,0,13377,496,13377,0,0,0,0,4651,-28608,10326,6,4480,0,129,0,0,0,0,0,0,0,0,0,31082107,2018,0.46,1128.27,3126.01,0,53.8,97.2,67.9,36,62.8,526,35.7,596.2,173.7,171.9,1048.1,361938,2046,13.31,91.5,1500,2.64,1.16,30,41.6,60,24.55,12183743,72605,76.23,3411.87,0,1200,400,720,240,4200,7500,8500,102,1.5,6000,0,0,0,0,0,73.04,30,68.52,69.78,160.4,0,0
2026-08-14T18:25:24.574000+09:00,2026-08-14T09:25:24.574000+00:00,094623,2075.9,1,0,0,0,0,13377,496,13377,0,0,0,0,4655,-26560,10326,6,4480,0,129,0,0,0,0,0,0,0,0,0,31082107,2018,0.44,1177.1,3252.97,0,53.9,98.2,67.9,36,63,523.8,36.7,600,177.4,175.6,1078.9,361938,2046,13.45,89.7,1500,2.64,1.15,30.1,40.5,60,23.85,12183747,72605,79.91,3411.87,0,1200,400,720,240,4200,7500,8500,102,1.5,6000,0,0,0,0,0,72.76,30,70.66,65.61,159.6,0,0
2026-08-14T18:26:24.664000+09:00,2026-08-14T09:26:24.664000+00:00,094623,2101.5,1,0,0,0,0,13377,498,13377,0,0,0,0,4651,-28608,10326,6,4480,0,129,0,0,0,0,0,0,0,0,0,31082107,2018,0.45,1167.33,3268.84,0,53.8,98.8,67.9,36,63.2,523.5,35.9,598,178.6,176.8,1121.2,361938,2046,13.4,88.8,1510,2.66,1.14,30,40.3,60,24.57,12183751,72605,73.45,3411.87,0,1200,400,720,240,4200,7500,8500,102,1.5,6000,0,0,0,0,0,72.67,30,73.58,61.41,158.9,0,0
2026-08-14T18:27:24.756000+09:00,2026-08-14T09:27:24.756000+00:00,094623,1891.2,1,0,0,0,0,13377,497,13377,0,0,0,0,4651,-28608,18518,6,4480,528,129,0,0,0,0,0,0,0,0,0,31082107,2018,0.48,925.63,2816.86,0,53.7,97.7,67.9,36,63.2,528.9,35.5,595.3,175.8,174,1048.1,361938,2046,13.14,89.9,1500,2.65,1.14,29.4,42.7,60,24.31,12183755,72605,72.47,3411.88,0,1200,400,720,240,4200,7500,8500,102,1.5,6000,0,0,0,0,0,72.52,30,70.64,63.82,158.2,0,0
2026-08-14T18:28:24.853000+09:00,2026-08-14T09:28:24.853000+00:00,094623,2006.3,1,0,0,0,0,13377,498,13377,0,0,0,0,4651,-28608,10326,6,4480,0,129,0,0,0,0,0,0,0,0,0,31082107,2018,0.48,919.52,2925.81,0,53.7,97.5,67.9,36,63,527.7,35.6,592.4,174.5,172.7,1029.1,361938,2046,13.34,90.9,1500,2.65,1.15,29.7,42.5,60,24.58,12183759,72605,77.55,3411.88,0,1200,400,720,240,4200,7500,8500,102,1.5,6000,0,0,0,0,0,72.42,30,69.31,67.85,157.5,0,0
2026-08-14T18:29:24.955000+09:00,2026-08-14T09:29:24.955000+00:00,094623,1905.9,1,0,0,0,0,13377,500,13377,0,0,0,0,4655,-26560,10326,6,4480,0,129,0,0,0,0,0,0,0,0,0,31082107,2018,0.47,917.08,2822.96,0,53.7,97.7,67.8,36.1,62.9,529.5,35.8,592,172.7,170.8,1014.5,361939,2047,13.45,90.6,1510,2.67,1.15,29.4,43.1,60,23.75,12183763,72605,78.33,3411.88,0,1200,400,720,240,4200,7500,8500,102,1.5,6000,0,0,0,0,0,72.02,30,69.36,68.13,156.8,0,0
2026-08-14T18:30:25.087000+09:00,2026-08-14T09:30:25.087000+00:00,094623,2152.8,1,0,0,0,0,13377,498,13377,0,0,0,0,4651,-26560,12374,6,4512,72,129,0,0,0,0,0,0,0,0,0,31082107,2018,0.47,1105.08,3257.85,0,53.7,98,67.7,36,62.8,524.6,35.7,594.1,174.7,172.8,1054.5,361939,2047,13.43,89.9,1500,2.64,1.16,30.3,41.2,60,24.16,12183767,72605,77.61,3411.88,0,1200,400,720,240,4200,7500,8500,102,1.5,6000,0,0,0,0,0,71.32,30,69.98,66.29,156.2,0,0
2026-08-14T18:31:25.190000+09:00,2026-08-14T09:31:25.190000+00:00,094623,2179.6,1,0,0,0,0,13377,496,13377,0,0,0,0,4655,-28608,10390,6,20864,0,129,0,0,0,0,0,0,0,0,0,31082107,2018,0.46,1119.72,3299.36,0,53.8,98.4,67.7,36.1,63.1,524.2,35.7,595.3,177.4,175.7,1043,361939,2047,13.27,89.1,1500,2.63,1.15,30.2,40.6,60,24.53,12183771,72605,75.5,3411.88,0,1200,400,720,240,4200,7500,8500,102,1.5,6000,0,0,0,0,0,70.74,30,71.51,62.95,155.4,0,0
2026-08-14T18:32:25.290000+09:00,2026-08-14T09:32:25.290000+00:00,094623,2188.2,1,0,0,0,0,13377,498,13377,0,0,0,0,4655,-28608,18518,6,4480,528,129,0,0,0,0,0,0,0,0,0,31082107,2018,0.48,1118.5,3306.68,0,53.8,98.2,67.7,36,63.2,524.5,35.9,593.6,178.1,176.3,1058.4,361939,2047,13.33,89.4,1500,2.65,1.15,30.2,40.7,60,24.37,12183775,72605,74.23,3411.88,0,1200,400,720,240,4200,7500,8500,102,1.5,6000,0,0,0,0,0,70.29,30,71.45,62.65,154.8,0,0
2026-08-14T18:33:25.388000+09:00,2026-08-14T09:33:25.388000+00:00,094623,2166.2,1,0,0,0,0,13377,496,13377,0,0,0,0,4655,-28608,10390,6,20864,0,129,0,0,0,0,0,0,0,0,0,31082107,2018,0.49,1097.75,3263.95,0,53.7,98.1,67.8,36,63.3,525.1,35.8,595.9,178.9,177.1,1043.1,361939,2047,13.4,89.5,1500,2.64,1.16,29.9,40.5,60,24.51,12183780,72605,76,3411.88,0,1200,400,720,240,4200,7500,8500,102,1.5,6000,0,0,0,0,0,70.27,30,71.33,62.31,154.1,0,0
2026-08-14T18:34:25.490000+09:00,2026-08-14T09:34:25.490000+00:00,094623,2196.7,1,0,0,0,0,13377,496,13377,0,0,0,0,4655,-28608,10326,6,4480,0,129,0,0,0,0,0,0,0,0,0,31082107,2018,0.51,1069.67,3266.4,0,53.7,98,67.9,36,63.4,524.1,35.5,599.9,179.5,177.6,1077.8,361939,2047,13.06,90,1490,2.63,1.14,29.9,40,60,24.51,12183784,72605,76.41,3411.88,0,1200,400,720,240,4200,7500,8500,102,1.5,6000,0,0,0,0,0,70.32,30,70.99,63.44,153.5,0,0
2026-08-14T18:35:25.596000+09:00,2026-08-14T09:35:25.596000+00:00,094623,2078.3,1,0,0,0,0,13377,496,13377,0,0,0,0,4655,-28608,12390,6,12708,72,129,0,0,0,0,0,0,0,0,0,31082107,2018,0.5,991.55,3069.86,0,53.7,98,68,36,63.4,527.7,36.1,598,177.3,175.5,1063.2,361940,2048,13.35,90.7,1500,2.64,1.16,29.8,41.8,60,24.37,12183788,72605,75.1,3411.89,0,1200,400,720,240,4200,7500,8500,102,1.5,6000,0,0,0,0,0,70.61,30,71.02,66,152.7,0,0
2026-08-14T18:36:25.695000+09:00,2026-08-14T09:36:25.695000+00:00,094623,2157.7,1,0,0,0,0,13377,496,13377,0,0,0,0,4655,-28608,10326,6,4480,0,129,0,0,0,0,0,0,0,0,0,31082107,2018,0.49,1009.86,3167.52,0,53.6,98,68,36,63.3,525.8,36.1,596.6,178,176.3,1051.5,361940,2048,13.33,90.8,1500,2.63,1.14,29.8,40.9,60,24.57,12183792,72605,78,3411.89,0,1200,400,720,240,4200,7500,8500,102,1.5,6000,0,0,0,0,0,70.61,30,70.95,67.71,152,0,0
2026-08-14T18:37:25.791000+09:00,2026-08-14T09:37:25.791000+00:00,094623,2133.2,1,0,0,0,0,13377,496,13377,0,0,0,0,4651,-28608,18518,6,4480,528,129,0,0,0,0,0,0,0,0,0,31082107,2018,0.48,1059.91,3193.15,0,53.6,98.1,68,36.1,63.2,526.5,35.7,595.8,178,176.2,1039.8,361940,2048,13.17,90.2,1500,2.63,1.14,29.6,40.4,60,24.53,12183796,72605,76.84,3411.89,0,1200,400,720,240,4200,7500,8500,102,1.5,6000,0,0,0,0,0,70.61,30,71.36,66.5,151.3,0,0
2026-08-14T18:38:25.878000+09:00,2026-08-14T09:38:25.878000+00:00,094623,2033.1,1,0,0,0,0,13377,497,13377,0,0,0,0,4655,-28608,10326,6,4480,0,129,0,0,0,0,0,0,0,0,0,31082107,2018,0.46,914.64,2947.78,0,53.5,97.9,67.9,36.1,63.2,529.3,35.9,594.8,175.5,173.7,1059.2,361940,2048,13.33,89.6,1500,2.64,1.15,29.4,42.1,60,24.61,12183800,72605,77.77,3411.89,0,1200,400,720,240,4200,7500,8500,102,1.5,6000,0,0,0,0,0,70.23,30,70.9,64.63,150.7,0,0
2026-08-14T18:39:25.980000+09:00,2026-08-14T09:39:25.980000+00:00,094623,2161.3,1,0,0,0,0,13377,496,13377,0,0,0,0,4651,-28608,10326,6,4480,0,129,0,0,0,0,0,0,0,0,0,31082107,2018,0.47,1098.97,3260.29,0,53.3,97.9,67.8,36.1,63,527,35.6,593.4,176,174.2,1059.3,361940,2048,12.97,89.4,1500,2.63,1.16,30,41,60,24.55,12183804,72605,76.68,3411.89,0,1200,400,720,240,4200,7500,8500,102,1.5,6000,0,0,0,0,0,69.65,30,70.69,63.27,150,0,0
2026-08-14T18:40:26.067000+09:00,2026-08-14T09:40:26.067000+00:00,094623,2318.8,1,0,0,0,0,13377,497,13377,0,0,0,0,4651,-28608,12374,6,4512,72,129,0,0,0,0,0,0,0,0,0,31082107,2018,0.49,1108.74,3427.53,0,53.1,97.6,67.7,36.1,63,523.9,35.7,595.6,178.8,176.9,1071.2,361940,2048,13.2,89.4,1500,2.64,1.15,30.3,39.9,60,24.12,12183808,72605,76.07,3411.89,0,1200,400,720,240,4200,7500,8500,102,1.5,6000,0,0,0,0,0,69.05,30,69.57,62.2,149.4,0,0
2026-08-14T18:41:26.163000+09:00,2026-08-14T09:41:26.163000+00:00,094623,2289.5,1,0,0,0,0,13377,496,13377,0,0,0,0,4651,-28608,10326,6,4480,0,129,0,0,0,0,0,0,0,0,0,31082107,2018,0.5,1044.04,3333.54,0,52.7,97.4,67.7,36.1,63.1,524.9,35.4,595.7,178.9,177.1,1054.6,361941,2049,13.17,90,1500,2.63,1.16,30.2,40.5,60,24.56,12183812,72605,77.4,3411.89,0,1200,400,720,240,4200,7500,8500,102,1.5,6000,0,0,0,0,0,68.54,30,68.17,63.45,148.7,0,0
2026-08-14T18:42:26.302000+09:00,2026-08-14T09:42:26.302000+00:00,094623,2234.6,1,0,0,0,0,13377,498,13377,0,0,0,0,4655,-28608,18518,6,4480,528,129,0,0,0,0,0,0,0,0,0,31082107,2018,0.49,1047.7,3282.27,0,51.8,97.3,67.9,36.1,62.9,524.6,36.2,599,179.6,177.7,1047.4,361941,2049,13.11,90.9,1500,2.65,1.13,29.7,40.2,60,24.52,12183816,72605,81.36,3411.89,0,1200,400,720,240,4200,7500,8500,102,1.5,6000,0,0,0,0,0,68.91,30,66.96,66.69,148,0,0
2026-08-14T18:43:26.352000+09:00,2026-08-14T09:43:26.352000+00:00,094623,2176.0,1,0,0,0,0,13377,496,13377,0,0,0,0,4655,-28608,10326,6,4480,0,129,0,0,0,0,0,0,0,0,0,31082107,2018,0.46,1047.7,3223.67,0,51.2,97.7,68.2,36.1,62.5,527,36.4,600.8,177.5,175.6,1042.6,361941,2049,13.21,90.1,1500,2.62,1.14,29.5,40.4,60,24.48,12183820,72605,84.03,3411.9,0,1200,400,720,240,4200,7500,8500,102,1.5,6000,0,0,0,0,0,69.89,30,67.13,65.51,147.4,0,0
2026-08-14T18:44:26.442000+09:00,2026-08-14T09:44:26.442000+00:00,094623,2140.6,1,0,0,0,0,13377,496,13377,0,0,0,0,4655,-26560,10326,6,4480,0,129,0,0,0,0,0,0,0,0,0,31082107,2018,0.44,943.94,3084.51,0,50.9,98.5,68.2,36,62.1,528.4,36.4,599.3,175.7,173.7,1033.6,361941,2049,13.25,88.8,1500,2.65,1.16,29.7,42,60,24.27,12183824,72605,79.32,3411.9,0,1200,400,720,240,4200,7500,8500,102,1.5,6000,0,0,0,0,0,70.18,30,69.92,60.42,146.7,0,0
2026-08-14T18:45:26.532000+09:00,2026-08-14T09:45:26.532000+00:00,094623,2182.1,1,0,0,0,0,13377,496,13377,0,0,0,0,4651,-28608,12374,6,4512,72,129,0,0,0,0,0,0,0,0,0,31082107,2018,0.47,996.43,3178.5,0,50.6,98.2,67.5,36.1,61.8,526.9,36.3,598.9,176.9,174.9,1069.4,361941,2049,13.44,89.4,1500,2.64,1.14,29.6,41,60,24.26,12183828,72605,77.49,3411.9,0,1200,400,720,240,4200,7500,8500,102,1.5,6000,0,0,0,0,0,67.91,30,69.59,60.96,146,0,0
2026-08-14T18:46:26.639000+09:00,2026-08-14T09:46:26.639000+00:00,094623,2372.5,1,0,0,0,0,13377,495,13377,0,0,0,0,4655,-28608,10326,6,4480,0,129,0,0,0,0,0,0,0,0,0,31082107,2018,0.48,1151.46,3523.97,0,50.5,97.9,67,36,61.7,524.3,36.9,599.4,178.1,176,1032.4,361941,2049,13.44,89.9,1500,2.64,1.15,30.3,39.8,60,24.46,12183832,72605,76.4,3411.9,0,1200,400,720,240,4200,7500,8500,102,1.5,6000,0,0,0,0,0,65.18,30,68.71,61.92,145.5,0,0
2026-08-14T18:47:26.746000+09:00,2026-08-14T09:47:26.746000+00:00,094623,2337.1,1,0,0,0,0,13377,496,13377,0,0,0,0,4655,-28608,10326,6,4480,0,129,0,0,0,0,0,0,0,0,0,31082107,2018,0.49,1245.46,3582.57,0,50.1,97.6,67.3,36,61.9,525.1,36.4,599.4,179.8,177.8,1068,361942,2050,13.32,90.1,1500,2.65,1.16,30.1,39.3,60,24.37,12183837,72605,78.2,3411.9,0,1200,400,720,240,4200,7500,8500,102,1.5,6000,0,0,0,0,0,64.71,30,67.48,62.47,144.8,0,0
2026-08-14T18:48:26.841000+09:00,2026-08-14T09:48:26.841000+00:00,094623,2321.2,1,0,0,0,0,13377,497,13377,0,0,0,0,4651,-28608,10326,518,4480,0,129,0,0,0,0,0,0,0,0,0,31082107,2018,0.5,1025.73,3346.96,0,49.9,97.1,67.6,35.9,61.8,526.6,36.3,597.4,179.2,177.1,1060.6,361942,2050,13.45,90.5,1500,2.65,1.14,29.8,39.9,60,23.76,12183841,72605,78.24,3411.9,0,1200,400,720,240,4200,7500,8500,102,1.5,6000,0,0,0,0,0,64.82,30,64.94,64.12,144.2,0,0
2026-08-14T18:49:26.939000+09:00,2026-08-14T09:49:26.939000+00:00,094623,2219.9,1,0,0,0,0,13377,496,13377,0,0,0,0,4655,-28608,10326,582,4480,0,129,0,0,0,0,0,0,0,0,0,31082107,2018,0.52,932.95,3152.87,0,49.9,97.9,67.9,35.9,61.6,528.4,36.4,594.8,176.7,174.6,1046,361942,2050,13.05,90.7,1500,2.64,1.15,29.6,41.2,60,24.53,12183845,72605,77.57,3411.9,0,1200,400,720,240,4200,7500,8500,102,1.5,6000,0,0,0,0,0,65.3,30,66.4,65.76,143.6,0,0
2026-08-14T18:50:27.039000+09:00,2026-08-14T09:50:27.039000+00:00,094623,2162.6,1,0,0,0,0,13377,498,13377,0,0,0,0,4655,-26560,12438,6,20864,0,129,0,0,0,0,0,0,0,0,0,31082107,2018,0.51,890.22,3052.77,0,50.1,99,68,35.9,61.5,529.4,36.9,593,175.7,173.7,1076.7,361942,2050,13.5,89.9,1500,2.67,1.14,29.3,41.5,60,24.33,12183849,72605,76.74,3411.91,0,1200,400,720,240,4200,7500,8500,102,1.5,6000,0,0,0,0,0,65.66,30,70.61,63.94,143,0,0
2026-08-14T18:51:27.136000+09:00,2026-08-14T09:51:27.136000+00:00,094623,2334.7,1,0,0,0,0,13377,496,13377,0,0,0,0,4651,-28608,10326,518,4480,0,129,0,0,0,0,0,0,0,0,0,31082107,2018,0.49,1094.09,3428.75,0,50.1,98.4,68,35.8,61.4,526.2,36.8,593.7,176.2,174.1,1057.4,361942,2050,13.23,89.8,1500,2.66,1.15,30,40.1,60,24.31,12183853,72605,77.32,3411.91,0,1200,400,720,240,4200,7500,8500,102,1.5,6000,0,0,0,0,0,65.64,30,69.8,63.25,142.4,0,0
2026-08-14T18:52:27.227000+09:00,2026-08-14T09:52:27.227000+00:00,094623,2382.3,1,0,0,0,0,13377,498,13377,0,0,0,0,4655,-28608,10326,6,20864,0,129,0,0,0,0,0,0,0,0,0,31082107,2018,0.49,1130.71,3512.99,0,50.1,98.1,67.9,35.8,61.5,525.9,36.1,598.4,178.4,176.4,1041.1,361942,2050,13.22,89.5,1500,2.68,1.14,29.8,39.1,60,24.5,12183857,72605,78.26,3411.91,0,1200,400,720,240,4200,7500,8500,102,1.5,6000,0,0,0,0,0,65.33,30,69.32,61.77,141.8,0,0
2026-08-14T18:53:27.312000+09:00,2026-08-14T09:53:27.312000+00:00,094623,2273.6,1,0,0,0,0,13377,497,13377,0,0,0,0,4655,-28608,10326,6,4480,0,129,0,0,0,0,0,0,0,0,0,31082107,2018,0.5,942.72,3216.35,0,50.1,97.8,68,35.7,61.5,528.3,37.3,593,177,174.9,1063.1,361943,2051,13.31,89.4,1500,2.67,1.15,29.6,41,60,24.5,12183861,72605,77.13,3411.91,0,1200,400,720,240,4200,7500,8500,102,1.5,6000,0,0,0,0,0,65.52,30,68.41,60.52,141.2,0,0
2026-08-14T18:54:27.415000+09:00,2026-08-14T09:54:27.415000+00:00,094623,2373.7,1,0,0,0,0,13377,497,13377,0,0,0,0,4655,-28608,10342,6,12676,0,129,0,0,0,0,0,0,0,0,0,31082107,2018,0.51,1079.44,3453.17,0,50,97.6,68,35.7,61.4,525.5,36.5,592.7,177.7,175.7,1069.3,361943,2051,13.4,89.7,1500,2.67,1.16,29.9,39.9,60,24.36,12183865,72605,77.36,3411.91,0,1200,400,720,240,4200,7500,8500,102,1.5,6000,0,0,0,0,0,65.52,30,67.23,61.01,140.6,0,0
2026-08-14T18:55:27.501000+09:00,2026-08-14T09:55:27.501000+00:00,094623,2294.4,1,0,0,0,0,13377,496,13377,0,0,0,0,4651,-28608,18518,6,4480,528,129,0,0,0,0,0,0,0,0,0,31082107,2018,0.52,917.08,3211.46,0,50,97.6,68.1,35.8,61.5,527.5,36.4,594.6,177.9,175.8,1083,361943,2051,12.82,90.6,1500,2.69,1.15,29.6,41,60,24.27,12183869,72605,75.5,3411.91,0,1200,400,720,240,4200,7500,8500,102,1.5,6000,0,0,0,0,0,65.91,30,66.66,63.66,140,0,0
2026-08-14T18:56:27.613000+09:00,2026-08-14T09:56:27.613000+00:00,094623,2283.4,1,0,0,0,0,13377,496,13377,0,0,0,0,4651,-28608,10326,6,4480,0,129,0,0,0,0,0,0,0,0,0,31082107,2018,0.49,979.34,3262.73,0,50.3,97.8,68.2,35.7,61.5,526.9,35.9,594,178.1,176.1,1061.5,361943,2051,13.1,90.5,1500,2.68,1.14,29.5,40.5,60,24.5,12183873,72605,77.31,3411.91,0,1200,400,720,240,4200,7500,8500,102,1.5,6000,0,0,0,0,0,66.49,30,66.77,64.94,139.4,0,0
2026-08-14T18:57:27.726000+09:00,2026-08-14T09:57:27.726000+00:00,094623,2498.2,1,0,0,0,0,13377,497,13377,0,0,0,0,4655,-28608,10326,6,4480,0,129,0,0,0,0,0,0,0,0,0,31082107,2018,0.47,1199.07,3697.32,0,50.4,98.1,68.2,35.7,61.5,523.6,35.8,596.6,178.7,176.7,1067.4,361943,2051,13.25,89.3,1500,2.68,1.16,30.4,39.2,60,24.46,12183877,72605,76.66,3411.91,0,1200,400,720,240,4200,7500,8500,102,1.5,6000,0,0,0,0,0,66.79,30,67.59,60.99,138.8,0,0
2026-08-14T18:58:27.821000+09:00,2026-08-14T09:58:27.821000+00:00,094623,2381.1,1,0,0,0,0,13377,495,13377,0,0,0,0,4655,-26560,8278,6,4481,8,129,0,0,0,0,0,0,0,0,0,31082107,2018,0.48,1013.52,3394.57,0,50.4,98.2,68.2,35.6,61.8,526,36.3,598.6,180.6,178.7,1038.6,361943,2051,13.28,89.5,1500,2.68,1.14,29.7,39.8,60,23.88,12183881,72605,74.43,3411.92,0,1200,400,720,240,4200,7500,8500,102,1.5,6000,0,0,0,0,0,67.03,30,68.11,60.54,138.2,0,0
2026-08-14T18:59:27.921000+09:00,2026-08-14T09:59:27.921000+00:00,094623,2486.0,1,0,0,0,0,13377,498,13377,0,0,0,0,4651,-28608,10326,6,4480,0,129,0,0,0,0,0,0,0,0,0,31082107,2018,0.51,1063.57,3549.61,0,50.4,97.8,68.2,35.6,61.8,523.6,36.1,599.6,180.1,178.1,1038.5,361944,2052,13.2,89.7,1500,2.69,1.15,30.1,39.4,60,24.58,12183885,72605,74.35,3411.92,0,1200,400,720,240,4200,7500,8500,102,1.5,6000,0,0,0,0,0,67.45,30,66.89,60.7,137.7,0,0
2026-08-14T19:00:28.028000+09:00,2026-08-14T10:00:28.028000+00:00,094623,2400.6,1,0,0,0,0,13377,496,13377,0,0,0,0,4651,-28608,18518,6,4480,528,129,0,0,0,0,0,0,0,0,0,31082107,2018,0.52,1045.26,3445.84,0,50.5,97.8,68.3,35.6,61.9,525.8,36,598.8,179.5,177.5,1032.6,361944,2052,13.29,90.1,1500,2.69,1.16,30,40.1,60,24.44,12183889,72605,75.33,3411.92,0,1200,400,720,240,4200,7500,8500,102,1.5,6000,0,0,0,0,0,68.03,30,66.47,61.86,137.1,0,0
2026-08-14T19:01:28.122000+09:00,2026-08-14T10:01:28.122000+00:00,094623,2434.8,1,0,0,0,0,13377,497,13377,0,0,0,0,4655,-28608,10326,6,4480,0,129,0,0,0,0,0,0,0,0,0,31082107,2018,0.53,1094.09,3528.85,0,50.7,97.9,68.4,35.6,61.9,525.6,36.4,598.7,180.2,178.3,1062.8,361944,2052,12.98,90.9,1500,2.68,1.15,29.9,39.4,60,23.73,12183893,72605,75.42,3411.92,0,1200,400,720,240,4200,7500,8500,102,1.5,6000,0,0,0,0,0,68.94,30,66.61,65.46,136.5,0,0
2026-08-14T19:02:28.226000+09:00,2026-08-14T10:02:28.226000+00:00,094623,2318.8,1,0,0,0,0,13377,497,13377,0,0,0,0,4655,-28608,10326,6,4480,0,129,0,0,0,0,0,0,0,0,0,31082107,2018,0.5,943.94,3262.73,0,50.8,98.4,68.5,35.7,62,528.1,35.8,595.1,179.9,178,1043.1,361944,2052,13.12,90.6,1500,2.69,1.15,29.5,40.6,60,24.53,12183898,72605,77.97,3411.92,0,1200,400,720,240,4200,7500,8500,102,1.5,6000,0,0,0,0,0,69.92,30,68.3,65.58,135.9,0,0
2026-08-14T19:03:28.329000+09:00,2026-08-14T10:03:28.329000+00:00,094623,2455.5,1,0,0,0,0,13377,497,13377,0,0,0,0,4651,-28608,12374,590,4512,8264,129,0,0,0,0,0,0,0,0,0,31082107,2018,0.5,1090.43,3545.95,0,50.9,98.6,68.4,35.7,61.9,525.6,36.4,596.7,179.1,177.2,1071.4,361944,2052,13.39,90,1500,2.69,1.16,30.1,39.8,60,24.06,12183902,72605,75.52,3411.92,0,1200,400,720,240,4200,7500,8500,102,1.5,6000,0,0,0,0,0,70.37,30,69.67,64.1,135.3,0,0
2026-08-14T19:04:28.421000+09:00,2026-08-14T10:04:28.421000+00:00,094623,1732.5,1,0,0,0,0,13377,499,13377,0,0,0,0,4651,-28608,10326,590,4992,8192,129,0,0,0,0,0,0,0,0,0,31082107,2018,0.45,649.74,2382.27,0,51.2,98.9,68.2,35.7,62.1,527.1,36.1,596.7,177.5,175.8,1055.6,361944,2052,13.28,89.8,1500,2.75,1.13,24,36,60,13.26,12183905,72605,76.96,3411.92,0,1200,400,720,240,4200,7500,8500,102,1.5,6000,0,0,0,0,0,63.24,30,64.79,56.41,134.8,0,0
2026-08-14T19:05:28.532000+09:00,2026-08-14T10:05:28.532000+00:00,094623,1003.8,1,0,0,0,0,13377,500,13377,0,0,0,0,4651,-28608,18518,6,4992,528,129,0,0,0,0,0,0,0,0,0,31082107,2018,0.45,543.53,1547.29,0,51,96.9,68.2,35.7,61.6,521.1,36,587,164.9,162.8,1044.8,361945,2053,13.44,90.1,1490,2.79,1.05,21.7,36.9,60,11.59,12183907,72605,57.04,3411.92,0,1200,400,720,240,4200,7500,8500,102,1.5,6000,0,0,0,0,0,62.49,30,56.86,55.56,134.2,0,0
2026-08-14T19:06:28.632000+09:00,2026-08-14T10:06:28.632000+00:00,094623,1457.9,1,0,0,0,0,13377,492,13377,0,0,0,0,4655,-28608,10326,6,4480,0,129,0,0,0,0,0,0,0,0,0,31082107,2018,0.42,967.13,2425,0,50.9,97.4,68.2,35.7,60.9,515.5,36.1,585.7,163.1,161.1,1048.3,361945,2053,13.34,93.1,1490,2.69,1.21,28.9,44.2,60,20.05,12183909,72605,66.66,3411.92,0,1200,400,720,240,4200,7500,8500,102,1.5,6000,0,0,0,0,0,68.6,30,64.5,73.02,133.7,0,0
2026-08-14T19:07:28.757000+09:00,2026-08-14T10:07:28.757000+00:00,094623,1732.5,1,0,0,0,0,13377,499,13377,0,0,0,0,4655,-28608,10326,6,4480,0,129,0,0,0,0,0,0,0,0,0,31082107,2018,0.35,1037.93,2770.47,0,51.1,100,68.1,35.7,61.2,520,36.8,595.9,177,175.4,1047.3,361945,2053,13.29,87.4,1510,2.74,1.13,29.5,42.4,60,23.81,12183913,72605,79.62,3411.93,0,1200,400,720,240,4200,7500,8500,102,1.5,6000,0,0,0,0,0,70.78,30,75.53,58.08,133.1,0,0
2026-08-14T19:08:28.850000+09:00,2026-08-14T10:08:28.850000+00:00,094623,1561.6,1,0,0,0,0,13377,494,13377,0,0,0,0,4655,-28608,12374,6,4512,72,129,0,0,0,0,0,0,0,0,0,31082107,2018,0.43,752.28,2313.91,0,51,96,68,35.8,61.4,529.1,36.6,595.2,173.8,172.1,1058.9,361945,2053,13.39,88.6,1490,2.7,1.16,29.2,46.8,60,24.18,12183917,72605,64.95,3411.93,0,1200,400,720,240,4200,7500,8500,102,1.5,6000,0,0,0,0,0,70.51,30,61.85,57.76,132.5,0,0
2026-08-14T19:09:28.944000+09:00,2026-08-14T10:09:28.944000+00:00,094623,1818.0,1,0,0,0,0,13377,497,13377,0,0,0,0,4655,-28608,10390,6,20864,0,129,0,0,0,0,0,0,0,0,0,31082107,2018,0.51,970.79,2788.78,0,51,99.6,67.7,35.8,61.3,525,36.4,596.3,176.3,174.6,1036.1,361945,2053,13.51,91,1500,2.71,1.15,29.7,43.4,60,24.58,12183922,72605,69.53,3411.93,0,1200,400,720,240,4200,7500,8500,102,1.5,6000,0,0,0,0,0,69.48,30,72.99,65.18,132,0,0
2026-08-14T19:10:29.044000+09:00,2026-08-14T10:10:29.044000+00:00,094623,1930.6,1,0,0,0,0,13377,495,13377,0,0,0,0,4651,-28608,18518,6,4480,528,129,0,0,0,0,0,0,0,0,0,31082107,2018,0.45,1084.32,3014.92,0,51.3,96.8,67.8,35.7,61.6,524.2,36.3,597.5,178.4,176.7,1043.4,361945,2053,13.37,90.2,1500,2.7,1.16,30.3,42.5,60,24.43,12183926,72605,79.3,3411.93,0,1200,400,720,240,4200,7500,8500,102,1.5,6000,0,0,0,0,0,69.29,30,64.56,63.58,131.4,0,0
2026-08-14T19:11:29.206000+09:00,2026-08-14T10:11:29.206000+00:00,094623,1991.6,1,0,0,0,0,13377,499,13377,0,0,0,0,4655,-28608,10342,6,12676,0,129,0,0,0,0,0,0,0,0,0,31082107,2018,0.47,1113.62,3105.26,0,51.3,99.2,67.9,35.6,61.9,523.6,36.1,598.2,181.3,179.7,1046.1,361946,2054,12.92,89.4,1510,2.72,1.14,29.7,40.7,60,24.42,12183930,72605,76.06,3411.93,0,1200,400,720,240,4200,7500,8500,102,1.5,6000,0,0,0,0,0,69.44,30,71.73,61.01,130.9,0,0
2026-08-14T19:12:29.231000+09:00,2026-08-14T10:12:29.231000+00:00,094623,2080.8,1,0,0,0,0,13377,496,13377,0,0,0,0,4651,-28608,10326,6,4480,0,129,0,0,0,0,0,0,0,0,0,31082107,2018,0.47,1094.09,3174.84,0,51.6,97.5,68,35.6,62.1,522.9,36.6,599.2,182.8,181.1,1061.9,361946,2054,12.85,89.5,1500,2.68,1.14,30.1,40.8,60,24.47,12183934,72605,74.53,3411.93,0,1200,400,720,240,4200,7500,8500,102,1.5,6000,0,0,0,0,0,69.52,30,67.49,60.14,130.4,0,0
2026-08-14T19:13:29.323000+09:00,2026-08-14T10:13:29.323000+00:00,094623,2061.2,1,0,0,0,0,13377,497,13377,0,0,0,0,4651,-28608,12374,6,4512,72,129,0,0,0,0,0,0,0,0,0,31082107,2018,0.51,1199.07,3260.29,0,51.7,97.5,68.1,35.6,62.4,524,36.3,600.2,183.1,181.3,1065.1,361946,2054,13.49,90.2,1500,2.71,1.15,30.1,40.8,60,24.22,12183938,72605,72.74,3411.93,0,1200,400,720,240,4200,7500,8500,102,1.5,6000,0,0,0,0,0,69.92,30,66.24,61.98,129.8,0,0
2026-08-14T19:14:29.428000+09:00,2026-08-14T10:14:29.428000+00:00,094623,2099.1,1,0,0,0,0,13377,498,13377,0,0,0,0,4651,-28608,10326,6,4480,0,129,0,0,0,0,0,0,0,0,0,31082107,2018,0.53,1079.44,3178.5,0,51.7,98.6,68.3,35.6,62.6,524.7,35.9,601.1,184.1,182.1,1029.1,361946,2054,13.32,91.1,1500,2.7,1.15,29.9,40.6,60,24.63,12183942,72605,73.8,3411.93,0,1200,400,720,240,4200,7500,8500,102,1.5,6000,0,0,0,0,0,70.89,30,69.78,65.56,129.3,0,0
2026-08-14T19:15:29.532000+09:00,2026-08-14T10:15:29.532000+00:00,094623,2041.7,1,0,0,0,0,13377,495,13377,0,0,0,0,4651,-28608,10326,6,4480,0,129,0,0,0,0,0,0,0,0,0,31082107,2018,0.51,1064.79,3106.48,0,51.9,98.7,68.4,35.6,62.6,526.6,35.9,602.4,182.8,180.8,1053.7,361946,2054,12.99,90.8,1490,2.68,1.16,29.9,41.5,60,24.43,12183946,72605,77.89,3411.94,0,1200,400,720,240,4200,7500,8500,102,1.5,6000,0,0,0,0,0,71.73,30,71.34,65.88,128.8,0,0
2026-08-14T19:16:29.629000+09:00,2026-08-14T10:16:29.629000+00:00,094623,2052.7,1,0,0,0,0,13377,498,13377,0,0,0,0,4651,-28608,10326,6,4480,0,129,0,0,0,0,0,0,0,0,0,31082107,2018,0.49,1030.61,3083.28,0,52.1,97.7,68.3,35.7,62.6,525.8,36,602.7,182.6,180.6,1053.9,361946,2054,13.26,90.1,1500,2.7,1.14,29.5,40.9,60,24.63,12183950,72605,76.93,3411.94,0,1200,400,720,240,4200,7500,8500,102,1.5,6000,0,0,0,0,0,72.18,30,68.63,64.55,128.3,0,0
2026-08-14T19:17:29.733000+09:00,2026-08-14T10:17:29.733000+00:00,094623,2084.4,1,0,0,0,0,13377,496,13377,0,0,0,0,4651,-26560,10326,6,4480,0,129,0,0,0,0,0,0,0,0,0,31082107,2018,0.48,1084.32,3168.74,0,52.2,97.5,68.1,35.6,62.7,527.5,36.5,602.1,181.4,179.4,1061.8,361947,2055,13.4,90.1,1500,2.68,1.17,30,41.8,60,24.49,12183954,72605,75.56,3411.94,0,1200,400,720,240,4200,7500,8500,102,1.5,6000,0,0,0,0,0,71.84,30,67.36,64.52,127.8,0,0
2026-08-14T19:18:29.832000+09:00,2026-08-14T10:18:29.832000+00:00,094623,2217.5,1,0,0,0,0,13377,497,13377,0,0,0,0,4651,-28608,12374,6,4512,8,129,0,0,0,0,0,0,0,0,0,31082107,2018,0.51,1162.45,3379.92,0,52.3,97.9,67.8,35.6,62.8,523.9,36,603.8,184,182.1,1040,361947,2055,13.49,90.3,1500,2.68,1.15,30.2,40,60,24.29,12183958,72605,77.47,3411.94,0,1200,400,720,240,4200,7500,8500,102,1.5,6000,0,0,0,0,0,70.81,30,67.95,65.36,127.3,0,0
2026-08-14T19:19:29.944000+09:00,2026-08-14T10:19:29.944000+00:00,094623,2080.8,1,0,0,0,0,13377,497,13377,0,0,0,0,4655,-26560,10326,6,4480,0,129,0,0,0,0,0,0,0,0,0,31082107,2018,0.51,1028.17,3108.92,0,52.3,98.4,67.8,35.7,62.9,527.2,36.6,602,183.9,182.1,1043.3,361947,2055,13.29,90.5,1500,2.69,1.14,29.4,40.9,60,24.37,12183962,72605,77.3,3411.94,0,1200,400,720,240,4200,7500,8500,102,1.5,6000,0,0,0,0,0,70.51,30,69.8,66.66,126.8,0,0
2026-08-14T19:20:30.039000+09:00,2026-08-14T10:20:30.039000+00:00,094623,2011.2,1,0,0,0,0,13377,498,13377,0,0,0,0,4651,-28608,10326,518,4480,0,129,0,0,0,0,0,0,0,0,0,31082107,2018,0.51,890.22,2901.39,0,52.3,98.5,67.9,35.8,62.9,530,36.9,599.9,180.9,179,1043.4,361947,2055,13.41,90.4,1500,2.7,1.14,29.2,42.2,60,24.41,12183966,72605,75.7,3411.94,0,1200,400,720,240,4200,7500,8500,102,1.5,6000,0,0,0,0,0,70.55,30,70.82,66.99,126.3,0,0
2026-08-14T19:21:30.149000+09:00,2026-08-14T10:21:30.149000+00:00,094623,2290.7,1,0,0,0,0,13377,495,13377,0,0,0,0,4655,-28608,10326,6,4480,0,129,0,0,0,0,0,0,0,0,0,31082107,2018,0.5,1203.96,3494.67,0,52.3,98.6,67.8,35.8,62.7,524.7,36.3,600,182.2,180.4,1082.1,361947,2055,13.45,90.1,1490,2.69,1.17,30.3,39.9,60,24.57,12183970,72605,75.45,3411.94,0,1200,400,720,240,4200,7500,8500,102,1.5,6000,0,0,0,0,0,69.96,30,71.74,66.49,125.7,0,0
2026-08-14T19:22:30.245000+09:00,2026-08-14T10:22:30.245000+00:00,094623,2190.6,1,0,0,0,0,13377,497,13377,0,0,0,0,4651,-28608,10326,6,4480,0,129,0,0,0,0,0,0,0,0,0,31082107,2018,0.48,981.78,3172.4,0,52.3,98.3,67.9,35.7,62.9,526,36,603.9,184.9,183.1,1040.5,361947,2055,13.49,89.6,1500,2.7,1.14,29.6,40.6,60,24.55,12183974,72605,76.72,3411.95,0,1200,400,720,240,4200,7500,8500,102,1.5,6000,0,0,0,0,0,70.11,30,71.73,64.73,125.3,0,0
2026-08-14T19:23:30.349000+09:00,2026-08-14T10:23:30.349000+00:00,094623,2013.6,1,0,0,0,0,13377,498,13377,0,0,0,0,4651,-28608,18518,6,4480,528,129,0,0,0,0,0,0,0,0,0,31082107,2018,0.47,907.31,2920.93,0,52.4,97.7,68,35.7,62.9,530.5,35.8,600.6,180.1,178.2,1064.1,361948,2056,13.33,89,1510,2.69,1.16,29.4,42.9,60,24.29,12183978,72605,76.11,3411.95,0,1200,400,720,240,4200,7500,8500,102,1.5,6000,0,0,0,0,0,70.32,30,69.93,61.86,124.7,0,0
2026-08-14T19:24:30.459000+09:00,2026-08-14T10:24:30.459000+00:00,094623,2285.8,1,0,0,0,0,13377,497,13377,0,0,0,0,4655,-26560,10326,6,4480,0,129,0,0,0,0,0,0,0,0,0,31082107,2018,0.5,1008.64,3294.47,0,52.3,97.3,67.9,35.6,62.8,525.4,36.6,601.1,183,181.2,1048.5,361948,2056,13.37,89.7,1500,2.69,1.14,29.9,40.1,60,24.5,12183983,72605,74.82,3411.95,0,1200,400,720,240,4200,7500,8500,102,1.5,6000,0,0,0,0,0,69.95,30,67.85,62.68,124.3,0,0
2026-08-14T19:25:30.563000+09:00,2026-08-14T10:25:30.563000+00:00,094623,2333.4,1,0,0,0,0,13377,497,13377,0,0,0,0,4651,-28608,10326,6,4480,0,129,0,0,0,0,0,0,0,0,0,31082107,2018,0.51,1124.61,3458.05,0,52.3,97.5,67.8,35.6,62.9,525,36.1,600.4,184.4,182.5,1039.1,361948,2056,13.45,90.2,1500,2.68,1.15,30.2,40,60,24.62,12183987,72605,75.72,3411.95,0,1200,400,720,240,4200,7500,8500,102,1.5,6000,0,0,0,0,0,69.37,30,67.55,64.07,123.7,0,0
2026-08-14T19:26:30.666000+09:00,2026-08-14T10:26:30.666000+00:00,094623,2414.0,1,0,0,0,0,13377,497,13377,0,0,0,0,4655,-28608,10326,6,4480,8,129,0,0,0,0,0,0,0,0,0,31082107,2018,0.47,1080.66,3494.67,0,52.3,97.6,67.9,35.7,63.2,523.4,36.5,604.1,187.4,185.6,1051.7,361948,2056,13.31,91.1,1500,2.69,1.14,30,39.1,60,24.56,12183991,72605,79.25,3411.95,0,1200,400,720,240,4200,7500,8500,102,1.5,6000,0,0,0,0,0,69.38,30,67.18,68.51,123.3,0,0
2026-08-14T19:27:30.763000+09:00,2026-08-14T10:27:30.763000+00:00,094623,2232.1,1,0,0,0,0,13377,495,13377,0,0,0,0,4651,-28608,10326,6,4480,0,129,0,0,0,0,0,0,0,0,0,31082107,2018,0.42,1000.09,3232.21,0,52.4,98.1,68.1,35.6,63.2,526.8,36.3,602.4,184.3,182.4,1053.8,361948,2056,12.85,89.1,1500,2.68,1.16,29.7,40.8,60,24.46,12183995,72605,78.64,3411.95,0,1200,400,720,240,4200,7500,8500,102,1.5,6000,0,0,0,0,0,69.92,30,68.43,62.57,122.7,0,0
2026-08-14T19:28:30.838000+09:00,2026-08-14T10:28:30.838000+00:00,094623,2328.6,1,0,0,0,0,13377,495,13377,0,0,0,0,4655,-26560,18582,6,20864,528,129,0,0,0,0,0,0,0,0,0,31082107,2018,0.45,1004.97,3333.54,0,52.4,97.5,68.1,35.7,63.1,525.9,36.6,601.6,184.2,182.4,1051.2,361948,2056,13.35,89.3,1500,2.68,1.15,29.9,40.4,60,23.71,12183999,72605,74.27,3411.95,0,1200,400,720,240,4200,7500,8500,102,1.5,6000,0,0,0,0,0,70.11,30,66.38,61.56,122.3,0,0
2026-08-14T19:29:30.942000+09:00,2026-08-14T10:29:30.942000+00:00,094623,2300.5,1,0,0,0,0,13377,497,13377,0,0,0,0,4651,-28608,10326,6,4480,0,129,0,0,0,0,0,0,0,0,0,31082107,2018,0.5,1092.87,3393.35,0,52.3,98.5,67.9,35.7,63.2,525.8,36.3,601.4,184.5,182.5,1054.9,361949,2057,13.55,90.1,1500,2.68,1.16,29.9,40.2,60,24.57,12184003,72605,75.03,3411.95,0,1200,400,720,240,4200,7500,8500,102,1.5,6000,0,0,0,0,0,69.6,30,69.26,63.54,121.8,0,0
2026-08-14T19:30:31.045000+09:00,2026-08-14T10:30:31.045000+00:00,094623,2332.2,1,0,0,0,0,13377,496,13377,0,0,0,0,4655,-28608,10342,6,12676,0,129,0,0,0,0,0,0,0,0,0,31082107,2018,0.51,1006.2,3338.42,0,52.2,99.1,67.9,35.7,63.2,526.5,36.1,600.3,185.6,183.8,1058.5,361949,2057,13.33,90.9,1500,2.68,1.14,29.8,39.9,60,24.38,12184007,72605,76.44,3411.96,0,1200,400,720,240,4200,7500,8500,102,1.5,6000,0,0,0,0,0,69.39,30,72.33,66.41,121.4,0,0
2026-08-14T19:31:31.123000+09:00,2026-08-14T10:31:31.123000+00:00,094623,2373.7,1,0,0,0,0,13377,496,13377,0,0,0,0,4655,-28608,12374,6,4512,72,129,0,0,0,0,0,0,0,0,0,31082107,2018,0.49,1120.94,3494.67,0,52.3,98.1,67.9,35.7,63.2,525.1,36.8,600.4,184.9,183,1067.6,361949,2057,13.27,90.2,1500,2.67,1.16,30.1,39.9,60,24.38,12184011,72605,78.21,3411.96,0,1200,400,720,240,4200,7500,8500,102,1.5,6000,0,0,0,0,0,69.24,30,70.08,65.36,120.8,0,0
2026-08-14T19:32:31.213000+09:00,2026-08-14T10:32:31.213000+00:00,094623,2351.8,1,0,0,0,0,13377,499,13377,0,0,0,0,4655,-28608,10326,6,4480,0,129,0,0,0,0,0,0,0,0,0,31082107,2018,0.47,1107.52,3459.27,0,52.3,97.9,67.9,35.6,63.3,525.8,36.8,602.8,186.4,184.6,1070.9,361949,2057,13.25,89.7,1510,2.69,1.15,29.9,39.8,60,24.61,12184015,72605,78.12,3411.96,0,1200,400,720,240,4200,7500,8500,102,1.5,6000,0,0,0,0,0,69.21,30,69.6,64,120.4,0,0
2026-08-14T19:33:31.315000+09:00,2026-08-14T10:33:31.315000+00:00,094623,2362.7,1,0,0,0,0,13377,495,13377,0,0,0,0,4651,-28608,18518,6,4480,528,129,0,0,0,0,0,0,0,0,0,31082107,2018,0.47,1031.83,3394.57,0,52.3,97.7,68,35.6,63.3,525.4,36.6,603.2,185.5,183.7,1090.6,361949,2057,13.31,89.4,1490,2.67,1.15,29.9,40.1,60,24.4,12184019,72605,75.87,3411.96,0,1200,400,720,240,4200,7500,8500,102,1.5,6000,0,0,0,0,0,69.33,30,68.63,62.22,119.8,0,0
2026-08-14T19:34:31.420000+09:00,2026-08-14T10:34:31.420000+00:00,094623,2321.2,1,0,0,0,0,13377,495,13377,0,0,0,0,4655,-28608,10326,6,4480,0,129,0,0,0,0,0,0,0,0,0,31082107,2018,0.47,1004.97,3326.21,0,52.3,97.5,68,35.6,63.3,526.6,36.5,602.6,184.9,183,1044.1,361949,2057,13.39,89.7,1490,2.67,1.14,29.5,39.9,60,24.56,12184023,72605,76.23,3411.96,0,1200,400,720,240,4200,7500,8500,102,1.5,6000,0,0,0,0,0,69.33,30,67.48,62.37,119.5,0,0
2026-08-14T19:35:31.508000+09:00,2026-08-14T10:35:31.508000+00:00,094623,2265.1,1,0,0,0,0,13377,496,13377,0,0,0,0,4651,-28608,10326,6,4480,0,129,0,0,0,0,0,0,0,0,0,31082107,2018,0.5,954.92,3220.01,0,52.3,97.6,68,35.6,63.2,528.5,35.9,601.4,183.4,181.5,1043.1,361950,2058,12.79,90.1,1500,2.66,1.15,29.5,40.9,60,24.56,12184027,72605,75.33,3411.96,0,1200,400,720,240,4200,7500,8500,102,1.5,6000,0,0,0,0,0,69.33,30,66.96,63.36,119,0,0
2026-08-14T19:36:31.619000+09:00,2026-08-14T10:36:31.619000+00:00,094623,2448.2,1,0,0,0,0,13377,496,13377,0,0,0,0,4655,-26560,12374,6,4512,72,129,0,0,0,0,0,0,0,0,0,31082107,2018,0.53,1105.08,3553.27,0,52.3,98.8,67.9,35.6,63.1,525.5,36.5,603.7,185.5,183.5,1058.5,361950,2058,13.21,90.9,1500,2.67,1.15,29.9,39.1,60,24.06,12184031,72605,76.44,3411.96,0,1200,400,720,240,4200,7500,8500,102,1.5,6000,0,0,0,0,0,68.9,30,70.84,66.46,118.5,0,0
2026-08-14T19:37:31.702000+09:00,2026-08-14T10:37:31.702000+00:00,094623,2346.9,1,0,0,0,0,13377,497,13377,0,0,0,0,4655,-28608,10326,582,4480,0,129,0,0,0,0,0,0,0,0,0,31082107,2018,0.51,1084.32,3431.2,0,52.3,98.7,67.9,35.6,63.3,527,37.8,603.6,185,183.1,1037.6,361950,2058,13.5,90.9,1500,2.68,1.16,29.8,40,60,24.58,12184035,72605,78.98,3411.96,0,1200,400,720,240,4200,7500,8500,102,1.5,6000,0,0,0,0,0,68.76,30,72.08,68.11,118.1,0,0
2026-08-14T19:38:31.812000+09:00,2026-08-14T10:38:31.812000+00:00,094623,2508.0,1,0,0,0,0,13377,498,13377,0,0,0,0,4655,-28608,18518,6,4480,528,129,0,0,0,0,0,0,0,0,0,31082107,2018,0.48,1045.26,3553.27,0,52.5,98.1,68,35.6,63.3,524.4,37.6,606.1,186.9,184.9,1061.4,361950,2058,13.41,89.8,1510,2.68,1.14,30.1,39.3,60,24.49,12184040,72605,78.9,3411.97,0,1200,400,720,240,4200,7500,8500,102,1.5,6000,0,0,0,0,0,69.02,30,70.74,65.17,117.6,0,0
2026-08-14T19:39:31.906000+09:00,2026-08-14T10:39:31.906000+00:00,094623,2345.7,1,0,0,0,0,13377,496,13377,0,0,0,0,4655,-28608,10326,6,4480,0,129,0,0,0,0,0,0,0,0,0,31082107,2018,0.47,997.65,3343.3,0,52.5,98,68.1,35.6,63.5,526.5,39,608.8,186.8,185,1045.4,361950,2058,13.34,89.1,1500,2.68,1.14,29.4,39.8,60,24.61,12184044,72605,75.83,3411.97,0,1200,400,720,240,4200,7500,8500,102,1.5,6000,0,0,0,0,0,69.25,30,70.44,62.1,117.1,0,0
2026-08-14T19:40:32.003000+09:00,2026-08-14T10:40:32.003000+00:00,094623,2504.4,1,0,0,0,0,13377,495,13377,0,0,0,0,4655,-28608,10326,6,4480,0,129,0,0,0,0,0,0,0,0,0,31082107,2018,0.49,1047.7,3552.05,0,52.5,97.3,68.2,35.6,63.4,525.5,38.1,609.5,185.6,183.6,1041.9,361950,2058,13.45,89.8,1500,2.68,1.16,30.2,39.8,60,24.52,12184048,72605,74.38,3411.97,0,1200,400,720,240,4200,7500,8500,102,1.5,6000,0,0,0,0,0,69.74,30,67.79,63.4,116.7,0,0
2026-08-14T19:41:32.113000+09:00,2026-08-14T10:41:32.113000+00:00,094623,1599.5,1,0,0,0,0,13377,500,13377,0,0,0,0,4651,-28608,12374,518,5024,72,129,0,0,0,0,0,0,0,0,0,31082107,2018,0.47,558.18,2157.66,0,52.4,98,68.3,35.7,63.4,527.7,37.9,606.7,180.4,178.7,1018.4,361951,2059,13.52,89.6,1500,2.77,1.12,23.2,36.3,60,12.11,12184051,72605,75.51,3411.97,0,1200,400,720,240,4200,7500,8500,102,1.5,6000,0,0,0,0,0,63.02,30,61.77,55.26,116.2,0,0
2026-08-14T19:42:32.222000+09:00,2026-08-14T10:42:32.222000+00:00,094623,1080.7,1,0,0,0,0,13377,497,13377,0,0,0,0,4651,-28608,10326,6,4992,0,129,0,0,0,0,0,0,0,0,0,31082107,2018,0.48,574.05,1654.71,0,52.1,96.8,68.9,35.7,62.6,524.9,37,596.4,168.1,165.9,1066.5,361951,2059,13.46,92.1,1500,2.76,1.13,22.8,39.1,60,11.23,12184053,72605,61.32,3411.97,0,1200,400,720,240,4200,7500,8500,102,1.5,6000,0,0,0,0,0,65.11,30,56.61,62.79,115.8,0,0
2026-08-14T19:43:32.324000+09:00,2026-08-14T10:43:32.324000+00:00,094623,1673.9,1,0,0,0,0,13377,495,13377,0,0,0,0,4651,-28608,18518,518,4480,16,129,0,0,0,0,0,0,0,0,0,31082107,2018,0.4,963.47,2637.41,0,51.9,98.6,68.8,35.7,61.9,514.8,37.7,596.9,168.9,166.8,1045.2,361951,2059,13.35,90,1490,2.69,1.18,29.3,43.3,60,22.12,12184055,72605,72.77,3411.97,0,1200,400,720,240,4200,7500,8500,102,1.5,6000,0,0,0,0,0,72.9,30,68.7,66.45,115.3,0,0
2026-08-14T19:44:32.424000+09:00,2026-08-14T10:44:32.424000+00:00,094623,1929.4,1,0,0,0,0,13377,498,13377,0,0,0,0,4655,-28608,10326,6,4480,0,129,0,0,0,0,0,0,0,0,0,31082107,2018,0.38,1205.18,3134.56,0,52,98.7,68,35.7,62.1,520,37.1,607.2,180.2,178.7,1038.8,361951,2059,13.33,87.9,1500,2.71,1.16,30.1,41.8,60,24.58,12184060,72605,74.38,3411.97,0,1200,400,720,240,4200,7500,8500,102,1.5,6000,0,0,0,0,0,72.43,30,72,58.97,114.9,0,0
2026-08-14T19:45:32.518000+09:00,2026-08-14T10:45:32.518000+00:00,094623,2110.1,1,0,0,0,0,13377,495,13377,0,0,0,0,4655,-26560,10390,6,20865,0,129,0,0,0,0,0,0,0,0,0,31082107,2018,0.45,1144.14,3254.19,0,52,96.9,67.2,35.7,62.5,521.6,37.7,609.9,181.9,180.4,1033.4,361951,2059,13.4,89.2,1500,2.68,1.15,30.1,40.5,60,24.6,12184064,72605,71.43,3411.97,0,1200,400,720,240,4200,7500,8500,102,1.5,6000,0,0,0,0,0,69.36,30,65.27,60.67,114.4,0,0
2026-08-14T19:46:32.620000+09:00,2026-08-14T10:46:32.620000+00:00,094623,2111.3,1,0,0,0,0,13377,497,13377,0,0,0,0,4651,-28608,12374,6,4512,8,129,0,0,0,0,0,0,0,0,0,31082107,2018,0.5,1096.53,3207.8,0,52,99.1,67,35.7,62.8,522.7,37.1,608.2,183.5,181.8,1069.1,361951,2059,13.45,90.1,1500,2.69,1.14,29.7,40.3,60,24.3,12184068,72605,73.46,3411.98,0,1200,400,720,240,4200,7500,8500,102,1.5,6000,0,0,0,0,0,67.25,30,72.21,62.83,114,0,0
2026-08-14T19:47:32.724000+09:00,2026-08-14T10:47:32.724000+00:00,094623,2101.5,1,0,0,0,0,13377,497,13377,0,0,0,0,4651,-28608,10390,6,20864,0,129,0,0,0,0,0,0,0,0,0,31082107,2018,0.46,937.83,3039.34,0,52,97.1,67.4,35.7,63,525.8,36.7,606.7,182.3,180.7,1058.8,361952,2060,13.27,90.6,1500,2.69,1.14,29.6,41.1,60,24.51,12184072,72605,76.05,3411.98,0,1200,400,720,240,4200,7500,8500,102,1.5,6000,0,0,0,0,0,67.27,30,66.55,65.35,113.6,0,0
2026-08-14T19:48:32.823000+09:00,2026-08-14T10:48:32.823000+00:00,094623,2167.4,1,0,0,0,0,13377,498,13377,0,0,0,0,4651,-28608,10326,6,4480,0,129,0,0,0,0,0,0,0,0,0,31082107,2018,0.47,1124.61,3292.03,0,52.1,97.9,67.9,35.7,63.1,524.3,36.4,610.8,182.8,181.1,1052.8,361952,2060,13.26,89.9,1500,2.7,1.15,29.8,40.5,60,24.53,12184076,72605,77.24,3411.98,0,1200,400,720,240,4200,7500,8500,102,1.5,6000,0,0,0,0,0,68.24,30,67.86,63.75,113.2,0,0
2026-08-14T19:49:32.938000+09:00,2026-08-14T10:49:32.938000+00:00,094623,2278.5,1,0,0,0,0,13377,499,13377,0,0,0,0,4655,-26560,10342,6,12676,0,129,0,0,0,0,0,0,0,0,0,31082107,2018,0.48,1057.47,3335.98,0,52.2,98.9,68.2,35.7,63.2,524.2,37.3,611.5,183.4,181.7,1080.3,361952,2060,13.06,89.3,1510,2.71,1.14,29.8,39.7,60,23.69,12184080,72605,75.5,3411.98,0,1200,400,720,240,4200,7500,8500,102,1.5,6000,0,0,0,0,0,69.33,30,71.72,61.43,112.8,0,0
2026-08-14T19:50:33.046000+09:00,2026-08-14T10:50:33.046000+00:00,094623,1908.3,1,0,0,0,0,13377,497,13377,0,0,0,0,4655,-26560,10326,6,4480,0,129,0,0,0,0,0,0,0,0,0,31082107,2018,0.47,827.97,2736.29,0,52.2,97.9,68.5,35.7,63.2,531.7,37,608,179,177.4,1032,361952,2060,12.56,89.7,1500,2.69,1.14,28.7,43.1,60,24.62,12184084,72605,74.59,3411.98,0,1200,400,720,240,4200,7500,8500,102,1.5,6000,0,0,0,0,0,70.61,30,69.49,61.59,112.4,0,0
2026-08-14T19:51:33.132000+09:00,2026-08-14T10:51:33.132000+00:00,094623,2188.2,1,0,0,0,0,13377,498,13377,0,0,0,0,4651,-28608,10326,6,4480,528,129,0,0,0,0,0,0,0,0,0,31082107,2018,0.49,953.7,3141.88,0,52.2,97.2,68.5,35.7,62.8,528.4,37.5,604.4,177.8,176.1,1034.7,361952,2060,12.93,90.7,1500,2.69,1.17,30,41.9,60,24.29,12184088,72605,74.15,3411.98,0,1200,400,720,240,4200,7500,8500,102,1.5,6000,0,0,0,0,0,71.36,30,66.26,64.88,111.9,0,0
2026-08-14T19:52:33.276000+09:00,2026-08-14T10:52:33.276000+00:00,094623,2150.3,1,0,0,0,0,13377,495,13377,0,0,0,0,4651,-28608,10326,6,4480,0,129,0,0,0,0,0,0,0,0,0,31082107,2018,0.51,950.04,3100.38,0,52.3,98.3,68.4,35.7,62.9,528.4,37.9,607.4,179.5,178,1038.1,361952,2060,13.5,90.4,1500,2.67,1.16,29.7,41.9,60,24.45,12184092,72605,77.09,3411.98,0,1200,400,720,240,4200,7500,8500,102,1.5,6000,0,0,0,0,0,71.59,30,69.1,64.93,111.5,0,0
2026-08-14T19:53:33.358000+09:00,2026-08-14T10:53:33.358000+00:00,094623,2377.4,1,0,0,0,0,13377,496,13377,0,0,0,0,4655,-28608,10326,6,4480,0,129,0,0,0,0,0,0,0,0,0,31082107,2018,0.52,1094.09,3471.48,0,52.4,99.1,68.4,35.7,63,524.7,37,608.9,182.3,181.1,1067.1,361953,2061,13.27,90.2,1490,2.68,1.15,30.1,39.5,60,24.58,12184096,72605,77.91,3411.98,0,1200,400,720,240,4200,7500,8500,102,1.5,6000,0,0,0,0,0,72.31,30,72.66,64.98,111.1,0,0
2026-08-14T19:54:33.458000+09:00,2026-08-14T10:54:33.458000+00:00,094623,2328.6,1,0,0,0,0,13377,496,13377,0,0,0,0,4651,-28608,10326,6,4480,8,129,0,0,0,0,0,0,0,0,0,31082107,2018,0.48,1091.65,3420.21,0,52.4,97.7,68.3,35.6,63.2,525.6,37.6,610.8,182.9,181.5,1050.4,361953,2061,13.35,90.1,1500,2.67,1.15,29.9,39.9,60,24.53,12184100,72605,77.87,3411.99,0,1200,400,720,240,4200,7500,8500,102,1.5,6000,0,0,0,0,0,72.47,30,69.26,64.8,110.7,0,0
2026-08-14T19:55:33.535000+09:00,2026-08-14T10:55:33.535000+00:00,094623,2263.9,1,0,0,0,0,13377,496,13377,0,0,0,0,4651,-28608,10326,6,4480,0,129,0,0,0,0,0,0,0,0,0,31082107,2018,0.48,989.1,3252.97,0,52.5,97.3,68.3,35.6,63.3,527.5,37.1,610.7,182.5,181.1,1038.6,361953,2061,13.44,90.4,1500,2.68,1.14,29.5,40.2,60,24.5,12184104,72605,76.77,3411.99,0,1200,400,720,240,4200,7500,8500,102,1.5,6000,0,0,0,0,0,72.92,30,67.03,66,110.3,0,0
2026-08-14T19:56:33.644000+09:00,2026-08-14T10:56:33.644000+00:00,094623,2237.0,1,0,0,0,0,13377,497,13377,0,0,0,0,4651,-28608,18518,6,4480,528,129,0,0,0,0,0,0,0,0,0,31082107,2018,0.49,998.87,3235.88,0,52.6,97.9,68.3,35.6,63.3,527.7,37.1,610.3,181.2,179.8,1042.8,361953,2061,12.98,90.4,1500,2.67,1.15,29.6,40.7,60,24.52,12184108,72605,76.53,3411.99,0,1200,400,720,240,4200,7500,8500,102,1.5,6000,0,0,0,0,0,73.43,30,68.24,66.91,109.9,0,0
2026-08-14T19:57:33.739000+09:00,2026-08-14T10:57:33.739000+00:00,094623,2335.9,1,0,0,0,0,13377,495,13377,0,0,0,0,4651,-28608,10326,6,4480,0,129,0,0,0,0,0,0,0,0,0,31082107,2018,0.5,1119.72,3455.61,0,52.6,98.4,68.1,35.7,63.2,527.1,36.8,610,181,179.5,1040.4,361953,2061,13.39,90,1500,2.67,1.16,30.1,40.3,60,24.5,12184112,72605,76.98,3411.99,0,1200,400,720,240,4200,7500,8500,102,1.5,6000,0,0,0,0,0,73.02,30,70.02,66.16,109.5,0,0
2026-08-14T19:58:33.835000+09:00,2026-08-14T10:58:33.835000+00:00,094623,2561.7,1,0,0,0,0,13377,497,13377,0,0,0,0,4651,-28608,10326,6,4480,0,129,0,0,0,0,0,0,0,0,0,31082107,2018,0.5,1233.25,3794.98,0,52.6,98.8,67.9,35.7,63.3,523.2,37.8,614.3,184.8,183.4,1059.2,361953,2061,13.29,89.7,1500,2.68,1.15,30.5,38.3,60,24.59,12184116,72605,77.67,3411.99,0,1200,400,720,240,4200,7500,8500,102,1.5,6000,0,0,0,0,0,72.43,30,72.23,65.08,109.1,0,0
2026-08-14T19:59:33.946000+09:00,2026-08-14T10:59:33.946000+00:00,094623,1178.3,1,0,0,0,0,13377,497,13377,0,0,0,0,4651,-28608,12374,6,5024,72,129,0,0,0,0,0,0,0,0,0,31082107,2018,0.43,393.38,1571.7,0,52.5,97.4,68,35.7,63.3,527.9,37.7,603.8,173.6,172.1,1065.9,361954,2062,13.38,89.1,1470,2.73,0.85,23.4,39.3,60,11.42,12184119,72605,73.77,3411.99,0,1200,400,720,240,4200,7500,8500,102,1.5,6000,0,0,0,0,0,64.58,30,60.69,54.84,108.7,0,0
2026-08-14T20:00:34.040000+09:00,2026-08-14T11:00:34.040000+00:00,094623,1026.9,1,0,0,0,0,13377,499,13377,0,0,0,0,4651,-28608,10326,6,4992,0,129,0,0,0,0,0,0,0,0,0,31082107,2018,0.42,476.39,1503.34,0,52.1,97.7,68.2,35.7,62.3,527.5,37.1,595.5,162.1,160.3,1013.1,361954,2062,13.29,91.2,1500,2.76,1.13,22.3,40.6,60,11.4,12184121,72605,57.51,3411.99,0,1200,400,720,240,4200,7500,8500,102,1.5,6000,0,0,0,0,0,65.43,30,59.8,60.77,108.2,0,0
2026-08-14T20:01:34.141000+09:00,2026-08-14T11:01:34.141000+00:00,094623,1890.3,1,0,0,0,0,13377,496,13377,0,0,0,0,4651,-28608,18518,518,4480,528,129,0,0,0,0,0,0,0,0,0,31082107,2018,0.39,1063.57,2953.89,0,52,97.6,68,35.7,61.5,518.2,37.2,597.8,166.9,165.4,1051.1,361954,2062,13.05,91.2,1500,2.7,1.17,29.9,42.4,60,23.15,12184124,72605,77.75,3411.99,0,1200,400,720,240,4200,7500,8500,102,1.5,6000,0,0,0,0,0,72.75,30,67.84,71.68,107.9,0,0
2026-08-14T20:02:34.247000+09:00,2026-08-14T11:02:34.247000+00:00,094623,2052.7,1,0,0,0,0,13377,498,13377,0,0,0,0,4655,-28608,10326,6,4480,0,129,0,0,0,0,0,0,0,0,0,31082107,2018,0.34,1095.31,3147.98,0,52,98.3,67.8,35.8,62,520.8,39.1,605.8,177.8,176.7,1070.6,361954,2062,13.23,87.1,1500,2.7,1.15,30.1,41.1,60,24.68,12184128,72605,75.56,3412,0,1200,400,720,240,4200,7500,8500,102,1.5,6000,0,0,0,0,0,72.26,30,71.8,57.3,107.5,0,0
2026-08-14T20:03:34.350000+09:00,2026-08-14T11:03:34.350000+00:00,094623,1866.8,1,0,0,0,0,13377,495,13377,0,0,0,0,4655,-26560,10326,6,4481,0,129,0,0,0,0,0,0,0,0,0,31082107,2018,0.46,974.46,2841.27,0,51.8,96.8,67.4,35.8,62.3,526.5,38.6,606.9,178,176.7,1054.1,361954,2062,13.33,89,1500,2.68,1.16,29.5,43.1,60,24.5,12184132,72605,66.07,3412,0,1200,400,720,240,4200,7500,8500,102,1.5,6000,0,0,0,0,0,70.43,30,64.99,59.53,107.1,0,0
2026-08-14T20:04:34.450000+09:00,2026-08-14T11:04:34.450000+00:00,094623,2102.7,1,0,0,0,0,13377,497,13377,0,0,0,0,4651,-28608,12438,6,20896,72,129,0,0,0,0,0,0,0,0,0,31082107,2018,0.49,993.99,3096.71,0,51.8,99,67,35.7,62.3,524.7,37.5,607.8,179.4,178.2,1058.2,361954,2062,13.37,91,1500,2.69,1.15,29.9,41.3,60,24.22,12184136,72605,76.48,3412,0,1200,400,720,240,4200,7500,8500,102,1.5,6000,0,0,0,0,0,68.05,30,72.41,66.19,106.7,0,0
2026-08-14T20:05:34.548000+09:00,2026-08-14T11:05:34.548000+00:00,094623,1985.5,1,0,0,0,0,13377,496,13377,0,0,0,0,4651,-28608,10326,6,4480,0,129,0,0,0,0,0,0,0,0,0,31082107,2018,0.44,906.09,2891.63,0,51.9,96.9,67.3,35.7,62.5,527.4,37.6,609.7,179.7,178.3,1077.5,361955,2063,13.16,89.9,1500,2.69,1.14,29.4,42.4,60,24.48,12184140,72605,77.88,3412,0,1200,400,720,240,4200,7500,8500,102,1.5,6000,0,0,0,0,0,67.57,30,65.84,63.47,106.4,0,0
2026-08-14T20:06:34.658000+09:00,2026-08-14T11:06:34.658000+00:00,094623,2224.8,1,0,0,0,0,13377,497,13377,0,0,0,0,4651,-28608,18582,6,20864,528,129,0,0,0,0,0,0,0,0,0,31082107,2018,0.48,1072.12,3296.91,0,51.9,98.4,67.5,35.7,62.6,523.5,37.9,610.4,181.2,179.9,1039,361955,2063,13.28,89.1,1500,2.68,1.15,30.1,40.1,60,24.3,12184145,72605,75.9,3412,0,1200,400,720,240,4200,7500,8500,102,1.5,6000,0,0,0,0,0,67.4,30,69.52,60.4,105.9,0,0
2026-08-14T20:07:34.765000+09:00,2026-08-14T11:07:34.765000+00:00,094623,2152.8,1,0,0,0,0,13377,497,13377,0,0,0,0,4651,-28608,10326,6,4480,0,129,0,0,0,0,0,0,0,0,0,31082107,2018,0.5,1059.91,3212.68,0,52,98.5,67.7,35.6,62.8,525.5,37.5,610.2,182.5,181.3,1051.6,361955,2063,13.31,89.5,1500,2.69,1.15,29.8,40.8,60,24.59,12184149,72605,72.67,3412,0,1200,400,720,240,4200,7500,8500,102,1.5,6000,0,0,0,0,0,67.32,30,71.05,60.26,105.6,0,0
2026-08-14T20:08:34.876000+09:00,2026-08-14T11:08:34.876000+00:00,094623,2147.9,1,0,0,0,0,13377,497,13377,0,0,0,0,4655,-28608,10342,6,12676,0,129,0,0,0,0,0,0,0,0,0,31082107,2018,0.51,1064.79,3212.68,0,52.1,97.5,67.9,35.7,62.9,526.8,37.6,609.2,182,180.7,1078.2,361955,2063,13.54,91.1,1500,2.7,1.15,29.6,40.6,60,24.44,12184153,72605,74.99,3412,0,1200,400,720,240,4200,7500,8500,102,1.5,6000,0,0,0,0,0,67.61,30,67.84,65.57,105.2,0,0
2026-08-14T20:09:34.960000+09:00,2026-08-14T11:09:34.960000+00:00,094623,2073.4,1,0,0,0,0,13377,497,13377,0,0,0,0,4651,-28608,12374,6,4512,72,129,0,0,0,0,0,0,0,0,0,31082107,2018,0.49,1025.73,3099.15,0,52.2,97.4,68.1,35.6,62.9,528.8,38,608.1,179.8,178.6,1028.5,361955,2063,13.28,91,1500,2.68,1.16,29.8,42.1,60,24.21,12184157,72605,78,3412,0,1200,400,720,240,4200,7500,8500,102,1.5,6000,0,0,0,0,0,68.2,30,66.66,67.12,104.9,0,0
2026-08-14T20:10:35.081000+09:00,2026-08-14T11:10:35.081000+00:00,094623,2116.2,1,0,0,0,0,13377,497,13377,0,0,0,0,4651,-26560,10326,6,4480,0,129,0,0,0,0,0,0,0,0,0,31082107,2018,0.48,1101.41,3217.57,0,52.3,98.4,68.3,35.7,62.8,528.7,38,607,179.8,178.6,1060.1,361955,2063,13.41,89.7,1500,2.7,1.16,29.7,41.2,60,23.67,12184161,72605,76.72,3412,0,1200,400,720,240,4200,7500,8500,102,1.5,6000,0,0,0,0,0,69.08,30,69.53,63.5,104.4,0,0
2026-08-14T20:11:35.169000+09:00,2026-08-14T11:11:35.169000+00:00,094623,2240.7,1,0,0,0,0,13377,497,13377,0,0,0,0,4651,-28608,18518,6,4480,16,129,0,0,0,0,0,0,0,0,0,31082107,2018,0.49,1105.08,3345.74,0,52.3,98.9,68.3,35.7,62.9,526.3,37.5,608.9,181.7,180.4,1074.9,361956,2064,13.38,89.1,1500,2.69,1.15,29.9,40.3,60,24.47,12184165,72605,76.43,3412.01,0,1200,400,720,240,4200,7500,8500,102,1.5,6000,0,0,0,0,0,69.54,30,72.14,60.7,104.1,0,0
2026-08-14T20:12:35.275000+09:00,2026-08-14T11:12:35.275000+00:00,094623,2304.2,1,0,0,0,0,13377,496,13377,0,0,0,0,4651,-28608,10326,6,4480,0,129,0,0,0,0,0,0,0,0,0,31082107,2018,0.5,1048.92,3353.07,0,52.3,97.7,68.3,35.7,63,526,37.5,606.9,183.2,182.1,1060.6,361956,2064,13.44,89.7,1500,2.68,1.15,30.1,40.1,60,24.54,12184169,72605,74.73,3412.01,0,1200,400,720,240,4200,7500,8500,102,1.5,6000,0,0,0,0,0,69.93,30,69.02,61.44,103.7,0,0
2026-08-14T20:13:35.365000+09:00,2026-08-14T11:13:35.365000+00:00,094623,2177.2,1,0,0,0,0,13377,498,13377,0,0,0,0,4651,-28608,10326,6,4480,0,129,0,0,0,0,0,0,0,0,0,31082107,2018,0.51,1012.3,3189.49,0,52.1,97.4,68.4,35.7,63.2,527.1,37.9,609.6,183.8,182.5,1049.5,361956,2064,13.34,90.3,1500,2.69,1.13,29.3,40.3,60,24.6,12184173,72605,75.69,3412.01,0,1200,400,720,240,4200,7500,8500,102,1.5,6000,0,0,0,0,0,70.76,30,67.4,63.46,103.4,0,0
2026-08-14T20:14:35.460000+09:00,2026-08-14T11:14:35.460000+00:00,094623,2248.0,1,0,0,0,0,13377,496,13377,0,0,0,0,4651,-28608,12374,6,4512,8,129,0,0,0,0,0,0,0,0,0,31082107,2018,0.48,1064.79,3312.78,0,52.1,97.5,68.5,35.7,63.1,526.6,37.6,609.2,181.9,180.7,1060.8,361956,2064,13.41,91.8,1500,2.67,1.16,29.9,40.5,60,24.21,12184177,72605,76.8,3412.01,0,1200,400,720,240,4200,7500,8500,102,1.5,6000,0,0,0,0,0,71.75,30,66.65,69.73,103,0,0
2026-08-14T20:15:35.565000+09:00,2026-08-14T11:15:35.565000+00:00,094623,2201.6,1,0,0,0,0,13377,497,13377,0,0,0,0,4651,-28608,10326,518,4480,0,129,0,0,0,0,0,0,0,0,0,31082107,2018,0.45,969.57,3171.18,0,52.3,99.2,68.6,35.6,63.1,527.6,37.9,606.4,182.5,181.2,1049.2,361956,2064,13.16,89.4,1500,2.69,1.14,29.5,40.8,60,24.15,12184181,72605,80.43,3412.01,0,1200,400,720,240,4200,7500,8500,102,1.5,6000,0,0,0,0,0,72.94,30,72.27,63.3,102.6,0,0
2026-08-14T20:16:35.669000+09:00,2026-08-14T11:16:35.669000+00:00,094623,2232.1,1,0,0,0,0,13377,497,13377,0,0,0,0,4655,-26560,10326,6,4480,0,129,0,0,0,0,0,0,0,0,0,31082107,2018,0.45,1052.58,3284.71,0,52.4,97.9,68.2,35.6,63.1,528.3,38.1,605.1,181.6,180.3,1054.8,361956,2064,12.98,89.2,1500,2.69,1.15,29.6,40.2,60,24.2,12184185,72605,73.97,3412.01,0,1200,400,720,240,4200,7500,8500,102,1.5,6000,0,0,0,0,0,72.49,30,69.56,61.19,102.3,0,0
2026-08-14T20:17:35.775000+09:00,2026-08-14T11:17:35.775000+00:00,094623,2291.9,1,0,0,0,0,13377,496,13377,0,0,0,0,4651,-28608,10326,518,4480,0,129,0,0,0,0,0,0,0,0,0,31082107,2018,0.48,1052.58,3344.52,0,52.4,97.4,67.7,35.6,63.1,527.5,37.8,604.3,181.9,180.8,1082.6,361957,2065,12.79,90.1,1500,2.68,1.15,29.8,40.2,60,24.22,12184189,72605,73.09,3412.01,0,1200,400,720,240,4200,7500,8500,102,1.5,6000,0,0,0,0,0,70.84,30,66.89,63.32,102,0,0
2026-08-14T20:18:35.871000+09:00,2026-08-14T11:18:35.871000+00:00,094623,2315.1,1,0,0,0,0,13377,496,13377,0,0,0,0,4651,-28608,10326,6,4480,0,129,0,0,0,0,0,0,0,0,0,31082107,2018,0.52,1068.45,3383.59,0,52.4,99.1,67.4,35.6,63.2,527.4,37.6,608.2,184.3,183.1,1062.7,361957,2065,13.26,90.8,1500,2.68,1.14,29.7,39.6,60,24.53,12184193,72605,74.55,3412.01,0,1200,400,720,240,4200,7500,8500,102,1.5,6000,0,0,0,0,0,69.24,30,72.48,66.22,101.6,0,0
2026-08-14T20:19:35.965000+09:00,2026-08-14T11:19:35.965000+00:00,094623,2290.7,1,0,0,0,0,13378,498,13378,0,0,0,0,4655,-28608,12374,6,4512,8,129,0,0,0,0,0,0,0,0,0,31082107,2018,0.49,1051.36,3342.08,0,52.4,98,67.4,35.6,63.2,527.8,37.9,609.5,183.3,182,1028.6,361957,2065,13.45,90.6,1500,2.69,1.14,29.5,39.6,60,24.44,12184197,72605,78.64,3412.02,0,1200,400,720,240,4200,7500,8500,102,1.5,6000,0,0,0,0,0,68.34,30,70.23,66.79,101.2,0,0
2026-08-14T20:20:36.057000+09:00,2026-08-14T11:20:36.057000+00:00,094623,2207.7,1,0,0,0,0,13378,496,13378,0,0,0,0,4651,-28608,10326,6,4480,0,129,0,0,0,0,0,0,0,0,0,31082107,2018,0.46,934.17,3141.88,0,52.4,97.2,67.7,35.6,63.2,530.6,37.9,608.5,181.8,180.4,1056.8,361957,2065,13.19,90,1500,2.68,1.15,29.3,40.9,60,24.49,12184202,72605,78.33,3412.02,0,1200,400,720,240,4200,7500,8500,102,1.5,6000,0,0,0,0,0,68.55,30,67.14,65.36,100.9,0,0
2026-08-14T20:21:36.145000+09:00,2026-08-14T11:21:36.145000+00:00,094623,2300.5,1,0,0,0,0,13378,497,13378,0,0,0,0,4651,-28608,10326,590,4480,8192,129,0,0,0,0,0,0,0,0,0,31082107,2018,0.48,957.37,3257.85,0,52.4,97.7,67.8,35.6,63.1,529.1,39.6,606.9,180.9,179.6,1048.5,361957,2065,13.22,89.7,1500,2.69,1.15,29.7,40.8,60,24.28,12184206,72605,77.02,3412.02,0,1200,400,720,240,4200,7500,8500,102,1.5,6000,0,0,0,0,0,68.59,30,67.67,64.26,100.5,0,0
2026-08-14T20:22:36.250000+09:00,2026-08-14T11:22:36.250000+00:00,094623,2288.3,1,0,0,0,0,13378,496,13378,0,0,0,0,4655,-28608,10326,6,4480,0,129,0,0,0,0,0,0,0,0,0,31082107,2018,0.49,984.22,3272.5,0,52.4,98.6,67.9,35.6,63,528.5,38.3,606.5,181.6,180.3,1081,361957,2065,13.22,89.7,1500,2.68,1.16,29.8,41.1,60,24.48,12184210,72605,77.29,3412.02,0,1200,400,720,240,4200,7500,8500,102,1.5,6000,0,0,0,0,0,68.6,30,70.64,63.84,100.2,0,0
2026-08-14T20:23:36.342000+09:00,2026-08-14T11:23:36.342000+00:00,094623,2289.5,1,0,0,0,0,13378,496,13378,0,0,0,0,4651,-28608,10390,518,20864,0,129,0,0,0,0,0,0,0,0,0,31082107,2018,0.48,942.72,3232.21,0,52.4,98.7,67.9,35.7,63.1,529,38.7,605.4,182.1,180.9,1029.6,361958,2066,13.25,89.6,1500,2.67,1.14,29.5,40.6,60,24.27,12184214,72605,77.16,3412.02,0,1200,400,720,240,4200,7500,8500,102,1.5,6000,0,0,0,0,0,68.45,30,72.06,62.85,99.9,0,0
2026-08-14T20:24:36.435000+09:00,2026-08-14T11:24:36.435000+00:00,094623,2443.3,1,0,0,0,0,13378,497,13378,0,0,0,0,4655,-28608,18518,6,4480,528,129,0,0,0,0,0,0,0,0,0,31082107,2018,0.5,1042.82,3486.13,0,52.5,98.1,67.9,35.6,63.1,525.6,38.4,607.6,182.8,181.6,1091.5,361958,2066,13.31,89.7,1500,2.68,1.16,30.1,39.9,60,24.41,12184218,72605,75.42,3412.02,0,1200,400,720,240,4200,7500,8500,102,1.5,6000,0,0,0,0,0,68.36,30,70.88,62.62,99.5,0,0
2026-08-14T20:25:36.527000+09:00,2026-08-14T11:25:36.527000+00:00,094623,1946.2,1,0,0,0,0,13378,501,13378,0,0,0,0,4655,-28608,10342,6,13188,0,129,0,0,0,0,0,0,0,0,0,31082107,2018,0.48,766.93,2713.1,0,52.5,98.1,68,35.6,63.3,527.8,38.3,610.2,183.8,182.4,1064.7,361958,2066,13,90.4,1510,2.75,1.1,25.1,35.3,60,16.37,12184222,72605,76.19,3412.02,0,1200,400,720,240,4200,7500,8500,102,1.5,6000,0,0,0,0,0,63.27,30,65.74,59.25,99.2,0,0
2026-08-14T20:26:36.628000+09:00,2026-08-14T11:26:36.628000+00:00,094623,1240.6,1,0,0,0,0,13378,498,13378,0,0,0,0,4655,-26560,10326,6,4992,0,129,0,0,0,0,0,0,0,0,0,31082107,2018,0.53,580.16,1820.73,0,52.2,96.5,68.9,35.6,62.9,524.7,38.6,598.7,168.9,167.3,1028,361958,2066,13.31,90.4,1500,2.76,1.13,23.1,38,60,11.31,12184224,72605,57.34,3412.02,0,1200,400,720,240,4200,7500,8500,102,1.5,6000,0,0,0,0,0,63.95,30,57.14,55.9,98.9,0,0
2026-08-14T20:27:36.726000+09:00,2026-08-14T11:27:36.726000+00:00,094623,1437.1,1,0,0,0,0,13378,494,13378,0,0,0,0,4655,-28608,12374,6,4512,8,129,0,0,0,0,0,0,0,0,0,31082107,2018,0.43,763.27,2200.38,0,51.9,98.5,69.1,35.6,62.1,520.3,38.2,594.9,163.4,161.7,1044.9,361958,2066,13.44,93.8,1490,2.71,1.2,26.4,42.1,60,16.34,12184226,72605,69.95,3412.03,0,1200,400,720,240,4200,7500,8500,102,1.5,6000,0,0,0,0,0,69.5,30,66.16,72.84,98.5,0,0
2026-08-14T20:28:36.822000+09:00,2026-08-14T11:28:36.822000+00:00,094623,2050.2,1,0,0,0,0,13378,497,13378,0,0,0,0,4655,-28608,10326,6,4480,0,129,0,0,0,0,0,0,0,0,0,31082107,2018,0.35,1084.32,3134.56,0,52.1,100.2,68.6,35.7,61.9,519.5,38.3,606,176.1,174.8,1045.8,361958,2066,13.45,87.9,1500,2.71,1.14,29.8,40.8,60,24.45,12184230,72605,80.66,3412.03,0,1200,400,720,240,4200,7500,8500,102,1.5,6000,0,0,0,0,0,74.03,30,76.99,60.75,98.2,0,0
2026-08-14T20:29:36.917000+09:00,2026-08-14T11:29:36.917000+00:00,094623,1968.4,1,0,0,0,0,13378,497,13378,0,0,0,0,4655,-28608,18518,6,4480,528,129,0,0,0,0,0,0,0,0,0,31082107,2018,0.42,957.37,2925.81,0,51.9,95.9,67.9,35.7,62.2,525.5,38.1,609.4,177.6,176.4,1035.6,361959,2067,13.37,88.1,1500,2.71,1.15,29.3,41.9,60,24.42,12184234,72605,70.93,3412.03,0,1200,400,720,240,4200,7500,8500,102,1.5,6000,0,0,0,0,0,72.3,30,63.28,57.77,97.8,0,0
2026-08-14T20:30:37.019000+09:00,2026-08-14T11:30:37.019000+00:00,094623,1953.5,1,0,0,0,0,13378,497,13378,0,0,0,0,4651,-28608,10326,6,4480,0,129,0,0,0,0,0,0,0,0,0,31082107,2018,0.51,901.21,2854.7,0,51.8,99.4,67.1,35.7,62.2,528.2,38.5,605.7,176.6,175.4,1036.6,361959,2067,13.45,91.3,1500,2.69,1.14,29.2,42.5,60,24.56,12184238,72605,70.17,3412.03,0,1200,400,720,240,4200,7500,8500,102,1.5,6000,0,0,0,0,0,69.08,30,73.57,66.84,97.6,0,0
2026-08-14T20:31:37.121000+09:00,2026-08-14T11:31:37.121000+00:00,094623,2001.4,1,0,0,0,0,13378,496,13378,0,0,0,0,4655,-26560,10326,6,4480,0,129,0,0,0,0,0,0,0,0,0,31082107,2018,0.45,890.22,2891.63,0,52,97.2,67.1,35.8,62.1,529.8,39.4,605.3,175.7,174.5,1019.8,361959,2067,13.47,90.3,1500,2.7,1.15,29.4,42.6,60,24.48,12184242,72605,80.27,3412.03,0,1200,400,720,240,4200,7500,8500,102,1.5,6000,0,0,0,0,0,67.59,30,67.48,65.22,97.3,0,0
2026-08-14T20:32:37.214000+09:00,2026-08-14T11:32:37.214000+00:00,094623,2183.3,1,0,0,0,0,13378,498,13378,0,0,0,0,4651,-28608,12374,518,4512,72,129,0,0,0,0,0,0,0,0,0,31082107,2018,0.46,1086.76,3270.06,0,51.9,98.1,67.4,35.7,62.2,526.3,39.2,607,175.6,174.5,1045,361959,2067,13.29,89.3,1500,2.68,1.17,30.1,41.3,60,23.65,12184246,72605,74.94,3412.03,0,1200,400,720,240,4200,7500,8500,102,1.5,6000,0,0,0,0,0,67.35,30,69.29,62.07,96.9,0,0
2026-08-14T20:33:37.318000+09:00,2026-08-14T11:33:37.318000+00:00,094623,2335.9,1,0,0,0,0,13378,499,13378,0,0,0,0,4655,-28608,10326,6,4480,0,129,0,0,0,0,0,0,0,0,0,31082107,2018,0.48,1095.31,3431.2,0,52.1,98.8,67.7,35.7,62.5,523.4,38.5,614.5,180.3,179.1,1042.5,361959,2067,12.76,89.2,1500,2.68,1.13,29.9,39.3,60,24.67,12184250,72605,72.83,3412.03,0,1200,400,720,240,4200,7500,8500,102,1.5,6000,0,0,0,0,0,67.5,30,72.34,60.45,96.6,0,0
2026-08-14T20:34:37.420000+09:00,2026-08-14T11:34:37.420000+00:00,094623,2315.1,1,0,0,0,0,13378,498,13378,0,0,0,0,4651,-28608,18518,6,4480,528,129,0,0,0,0,0,0,0,0,0,31082107,2018,0.49,1073.34,3388.47,0,52.1,97.5,68.3,35.7,62.8,525.3,38.9,611.6,174.9,173.7,1040.8,361959,2067,13.23,89.7,1500,2.68,1.16,30,40.1,60,24.39,12184254,72605,73.77,3412.03,0,1200,400,720,240,4200,7500,8500,102,1.5,6000,0,0,0,0,0,69.24,30,68.74,61.06,96.3,0,0
2026-08-14T20:35:37.520000+09:00,2026-08-14T11:35:37.520000+00:00,094623,2201.6,1,0,0,0,0,13378,497,13378,0,0,0,0,4655,-28608,10326,590,4480,8192,129,0,0,0,0,0,0,0,0,0,31082107,2018,0.5,929.29,3130.89,0,52.2,97.1,68.6,35.7,62.9,528.4,39.8,610,174.5,173.1,1045.9,361960,2068,13.41,90.9,1500,2.68,1.14,29.2,40.5,60,24.13,12184258,72605,74.63,3412.04,0,1200,400,720,240,4200,7500,8500,102,1.5,6000,0,0,0,0,0,70.79,30,66.05,65.06,95.9,0,0
2026-08-14T20:36:37.650000+09:00,2026-08-14T11:36:37.650000+00:00,094623,2268.7,1,0,0,0,0,13378,495,13378,0,0,0,0,4651,-28608,10326,6,4480,0,129,0,0,0,0,0,0,0,0,0,31082107,2018,0.51,979.34,3248.08,0,52.2,97.9,68.7,35.7,62.7,528.5,38.3,608,171.6,170.1,1057.7,361960,2068,13.47,90.7,1500,2.66,1.17,30,41.7,60,24.39,12184262,72605,76.95,3412.04,0,1200,400,720,240,4200,7500,8500,102,1.5,6000,0,0,0,0,0,72.04,30,67.62,65.8,95.7,0,0
2026-08-14T20:37:37.743000+09:00,2026-08-14T11:37:37.743000+00:00,094623,2395.7,1,0,0,0,0,13378,498,13378,0,0,0,0,4651,-28608,12374,6,4512,72,129,0,0,0,0,0,0,0,0,0,31082107,2018,0.52,1079.44,3475.14,0,52.3,99.2,68.6,35.6,62.7,525.8,38.7,611.5,174.2,172.9,1069.4,361960,2068,13.12,90.1,1500,2.68,1.15,30,39.8,60,23.98,12184266,72605,76.24,3412.04,0,1200,400,720,240,4200,7500,8500,102,1.5,6000,0,0,0,0,0,72.81,30,72.41,64.58,95.3,0,0
2026-08-14T20:38:37.847000+09:00,2026-08-14T11:38:37.847000+00:00,094623,2371.3,1,0,0,0,0,13378,497,13378,0,0,0,0,4651,-28608,10326,518,4480,0,129,0,0,0,0,0,0,0,0,0,31082107,2018,0.49,1019.62,3390.91,0,52.3,98,68.6,35.7,62.9,526.6,38.8,610.9,173.6,172.1,1059,361960,2068,13.31,90,1500,2.68,1.16,30.1,40.6,60,24.26,12184270,72605,78.4,3412.04,0,1200,400,720,240,4200,7500,8500,102,1.5,6000,0,0,0,0,0,73.76,30,69.99,64.3,95.1,0,0
2026-08-14T20:39:37.937000+09:00,2026-08-14T11:39:37.937000+00:00,094623,2379.8,1,0,0,0,0,13378,496,13378,0,0,0,0,4655,-28608,18518,6,4480,528,129,0,0,0,0,0,0,0,0,0,31082107,2018,0.5,1058.69,3438.52,0,52.3,97.4,68.3,35.7,62.9,525.2,38.7,610.6,175,173.7,1039.5,361960,2068,13.35,90.1,1500,2.67,1.15,29.8,39.7,60,24.46,12184274,72605,76.96,3412.04,0,1200,400,720,240,4200,7500,8500,102,1.5,6000,0,0,0,0,0,73.51,30,67.77,64.7,94.7,0,0
2026-08-14T20:40:38.028000+09:00,2026-08-14T11:40:38.028000+00:00,094623,2317.6,1,0,0,0,0,13378,497,13378,0,0,0,0,4651,-28608,10326,590,4480,8192,129,0,0,0,0,0,0,0,0,0,31082107,2018,0.52,901.21,3218.79,0,52.3,97.9,68.1,35.7,62.9,528.2,39,608.5,173,171.8,1050.6,361960,2068,13.22,91,1500,2.68,1.15,29.7,41,60,24.31,12184278,72605,75.74,3412.04,0,1200,400,720,240,4200,7500,8500,102,1.5,6000,0,0,0,0,0,73.15,30,68.56,68.15,94.4,0,0
2026-08-14T20:41:38.122000+09:00,2026-08-14T11:41:38.122000+00:00,094623,2417.7,1,0,0,0,0,13378,497,13378,0,0,0,0,4651,-28608,10326,518,4480,0,129,0,0,0,0,0,0,0,0,0,31082107,2018,0.52,1105.08,3522.75,0,52.4,98.9,68,35.7,62.9,525.4,38.6,608.8,173.2,172,1089.2,361961,2069,12.91,90.3,1500,2.68,1.16,30,39.7,60,24.42,12184282,72605,76.86,3412.04,0,1200,400,720,240,4200,7500,8500,102,1.5,6000,0,0,0,0,0,72.91,30,72.18,66.95,94.1,0,0
2026-08-14T20:42:38.217000+09:00,2026-08-14T11:42:38.217000+00:00,094623,1852.2,1,0,0,0,0,13378,502,13378,0,0,0,0,4651,-28608,12438,6,21408,72,129,0,0,0,0,0,0,0,0,0,31082107,2018,0.45,797.45,2649.62,0,52.4,98.5,68,35.7,63,528.6,37.7,608.6,173.1,172.1,1088.6,361961,2069,13.25,89.8,1510,2.75,1.1,24.5,35,60,15.53,12184286,72605,76.68,3412.04,0,1200,400,720,240,4200,7500,8500,102,1.5,6000,0,0,0,0,0,67.15,30,66.78,59.7,93.8,0,0
2026-08-14T20:43:38.317000+09:00,2026-08-14T11:43:38.317000+00:00,094623,1096.5,1,0,0,0,0,13378,494,13378,0,0,0,0,4655,-28608,10326,6,4992,0,129,0,0,0,0,0,0,0,0,0,31082107,2018,0.46,442.21,1538.74,0,52.1,96.5,68.1,35.7,62.3,527.5,39.1,597.1,158,156.3,1041.1,361961,2069,13.51,90,1490,2.72,1.12,22.6,39.4,60,11.37,12184288,72605,62.44,3412.05,0,1200,400,720,240,4200,7500,8500,102,1.5,6000,0,0,0,0,0,65.17,30,57.18,57.44,93.5,0,0
2026-08-14T20:44:38.415000+09:00,2026-08-14T11:44:38.415000+00:00,094623,1499.4,1,0,0,0,0,13378,495,13378,0,0,0,0,4651,-28608,10342,6,12676,0,129,0,0,0,0,0,0,0,0,0,31082107,2018,0.41,770.59,2269.97,0,51.9,98.3,68,35.7,61.4,521,38.5,595.3,154.5,153,1029.5,361961,2069,13.44,92.8,1490,2.7,1.19,26.6,41.8,60,16.81,12184290,72605,66.23,3412.05,0,1200,400,720,240,4200,7500,8500,102,1.5,6000,0,0,0,0,0,68.71,30,65.93,72.07,93.2,0,0
2026-08-14T20:45:38.519000+09:00,2026-08-14T11:45:38.519000+00:00,094623,2063.7,1,0,0,0,0,13378,498,13378,0,0,0,0,4651,-28608,10326,6,4480,0,129,0,0,0,0,0,0,0,0,0,31082107,2018,0.39,1074.56,3138.22,0,51.9,99.8,68.1,35.6,61.5,519.5,38.7,606.5,167.7,166.7,1054.7,361961,2069,13.31,87.7,1510,2.7,1.14,29.9,40.9,60,24.61,12184294,72605,78.23,3412.05,0,1200,400,720,240,4200,7500,8500,102,1.5,6000,0,0,0,0,0,73.33,30,75.91,61.24,92.9,0,0
2026-08-14T20:46:38.610000+09:00,2026-08-14T11:46:38.610000+00:00,094623,1921.8,1,0,0,0,0,13378,497,13378,0,0,0,0,4651,-28608,10326,6,4480,0,129,0,0,0,0,0,0,0,0,0,31082107,2018,0.4,921.96,2843.71,0,51.8,95.8,68,35.6,61.9,526.4,39.7,605.6,167.8,166.8,1033.6,361961,2069,13.37,88.2,1500,2.71,1.15,29.3,42.8,60,24.47,12184298,72605,71.84,3412.05,0,1200,400,720,240,4200,7500,8500,102,1.5,6000,0,0,0,0,0,73.07,30,63.27,59.21,92.6,0,0
2026-08-14T20:47:38.710000+09:00,2026-08-14T11:47:38.710000+00:00,094623,1956.2,1,0,0,0,0,13378,497,13378,0,0,0,0,4651,-28608,12374,6,4480,0,129,0,0,0,0,0,0,0,0,0,31082107,2018,0.5,984.22,2940.46,0,51.7,99.2,67.4,35.6,61.7,528.5,39,604.8,165.4,164.2,1035.6,361962,2070,13.41,89.4,1500,2.7,1.17,29.5,42.9,60,24.36,12184302,72605,70.79,3412.05,0,1200,400,720,240,4200,7500,8500,102,1.5,6000,0,0,0,0,0,70.77,30,72.57,61.02,92.3,0,0
2026-08-14T20:48:38.800000+09:00,2026-08-14T11:48:38.800000+00:00,094623,2246.8,1,0,0,0,0,13378,496,13378,0,0,0,0,4655,-28608,10326,590,4480,8192,129,0,0,0,0,0,0,0,0,0,31082107,2018,0.49,1086.76,3333.54,0,51.7,97.8,67.2,35.6,61.7,524.8,39.5,608.2,170.8,169.8,1069.9,361962,2070,13.51,91.3,1500,2.69,1.14,29.8,39.8,60,24.25,12184306,72605,74.85,3412.05,0,1200,400,720,240,4200,7500,8500,102,1.5,6000,0,0,0,0,0,69.05,30,69.44,67.38,92,0,0
2026-08-14T20:49:38.894000+09:00,2026-08-14T11:49:38.894000+00:00,094623,2227.2,1,0,0,0,0,13378,497,13378,0,0,0,0,4651,-28608,10326,6,4480,0,129,0,0,0,0,0,0,0,0,0,31082107,2018,0.47,1050.14,3277.38,0,51.8,97.4,67.4,35.6,62,525.9,38.9,610.9,171.1,170.2,1068.8,361962,2070,13.23,90.1,1500,2.69,1.16,29.9,40.8,60,24.54,12184310,72605,79.56,3412.05,0,1200,400,720,240,4200,7500,8500,102,1.5,6000,0,0,0,0,0,68.58,30,67.43,64.8,91.7,0,0
2026-08-14T20:50:39.005000+09:00,2026-08-14T11:50:39.005000+00:00,094623,2176.0,1,0,0,0,0,13378,495,13378,0,0,0,0,4651,-28608,10326,6,4480,0,129,0,0,0,0,0,0,0,0,0,31082107,2018,0.47,1050.14,3226.11,0,51.9,98.4,67.6,35.6,62.1,527.1,39.2,610.2,171.4,170.2,1062.4,361962,2070,13.17,89.4,1500,2.69,1.15,29.7,41,60,24.46,12184315,72605,75.55,3412.05,0,1200,400,720,240,4200,7500,8500,102,1.5,6000,0,0,0,0,0,68.35,30,70.2,62.32,91.4,0,0
2026-08-14T20:51:39.087000+09:00,2026-08-14T11:51:39.087000+00:00,094623,2361.5,1,0,0,0,0,13378,498,13378,0,0,0,0,4651,-28608,10326,6,4480,0,129,0,0,0,0,0,0,0,0,0,31082107,2018,0.49,1052.58,3414.11,0,51.9,98.7,67.7,35.5,62.2,523.4,39,614.3,174,172.8,1061.8,361962,2070,13.38,89.3,1500,2.7,1.15,30.1,39.8,60,24.67,12184319,72605,74.33,3412.06,0,1200,400,720,240,4200,7500,8500,102,1.5,6000,0,0,0,0,0,68.25,30,72.11,61.07,91.2,0,0
2026-08-14T20:52:39.194000+09:00,2026-08-14T11:52:39.194000+00:00,094623,2349.3,1,0,0,0,0,13378,498,13378,0,0,0,0,4655,-28608,18518,6,4480,528,129,0,0,0,0,0,0,0,0,0,31082107,2018,0.51,1184.42,3533.74,0,52,98.1,67.9,35.6,62.4,524.4,39.8,612.5,174.6,173.4,1099.1,361962,2070,13.41,90.1,1500,2.69,1.16,30.2,39.7,60,24.52,12184323,72605,73.92,3412.06,0,1200,400,720,240,4200,7500,8500,102,1.5,6000,0,0,0,0,0,68.55,30,70.99,62.8,90.9,0,0
2026-08-14T20:53:39.287000+09:00,2026-08-14T11:53:39.287000+00:00,094623,2378.6,1,0,0,0,0,13378,497,13378,0,0,0,0,4655,-28608,10326,6,4480,0,129,0,0,0,0,0,0,0,0,0,31082107,2018,0.51,1128.27,3506.88,0,52,97.6,68,35.5,62.5,524.3,39.7,612.6,175.2,174.1,1068.8,361963,2071,13.02,91.3,1500,2.68,1.15,29.8,39,60,24.57,12184327,72605,75.48,3412.06,0,1200,400,720,240,4200,7500,8500,102,1.5,6000,0,0,0,0,0,68.8,30,69.25,67.63,90.5,0,0
2026-08-14T20:54:39.372000+09:00,2026-08-14T11:54:39.372000+00:00,094623,2285.8,1,0,0,0,0,13378,496,13378,0,0,0,0,4651,-28608,10326,6,4480,0,129,0,0,0,0,0,0,0,0,0,31082107,2018,0.47,981.78,3267.62,0,52.2,97.7,68.2,35.5,62.7,527.4,40.1,609,174.3,173.1,1051.2,361963,2071,13.27,90,1500,2.68,1.14,29.6,40,60,24.54,12184331,72605,80.02,3412.06,0,1200,400,720,240,4200,7500,8500,102,1.5,6000,0,0,0,0,0,69.53,30,68.94,64.99,90.3,0,0
2026-08-14T20:55:39.468000+09:00,2026-08-14T11:55:39.468000+00:00,094623,2277.3,1,0,0,0,0,13378,498,13378,0,0,0,0,4651,-28608,8278,6,4480,8,129,0,0,0,0,0,0,0,0,0,31082107,2018,0.46,1025.73,3303.02,0,52.2,97.7,68.4,35.5,62.6,527.1,40.8,609,172.4,171.3,1065,361963,2071,13.28,89.3,1500,2.69,1.14,29.6,40.3,60,24.59,12184335,72605,77.64,3412.06,0,1200,400,720,240,4200,7500,8500,102,1.5,6000,0,0,0,0,0,70.67,30,68.55,62.44,90,0,0
2026-08-14T20:56:39.576000+09:00,2026-08-14T11:56:39.576000+00:00,094623,2403.0,1,0,0,0,0,13378,497,13378,0,0,0,0,4651,-28608,10326,6,4480,0,129,0,0,0,0,0,0,0,0,0,31082107,2018,0.5,1116.06,3519.09,0,52.3,97.7,68.4,35.5,62.6,525.6,40.3,614.3,173.6,172.6,1070.7,361963,2071,13.52,89.7,1500,2.69,1.15,29.8,39.1,60,24.61,12184339,72605,74.85,3412.06,0,1200,400,720,240,4200,7500,8500,102,1.5,6000,0,0,0,0,0,71.27,30,68.01,62.7,89.7,0,0
2026-08-14T20:57:39.664000+09:00,2026-08-14T11:57:39.664000+00:00,094623,2389.6,1,0,0,0,0,13378,496,13378,0,0,0,0,4655,-26560,18518,590,4480,8720,129,0,0,0,0,0,0,0,0,0,31082107,2018,0.53,1000.09,3389.69,0,52.3,97.9,68.6,35.5,62.7,526.8,40.9,613.9,173.5,172.3,1053.2,361963,2071,12.93,90.5,1490,2.68,1.15,29.8,39.7,60,24.38,12184343,72605,76.23,3412.06,0,1200,400,720,240,4200,7500,8500,102,1.5,6000,0,0,0,0,0,72.49,30,68.34,64.96,89.4,0,0
2026-08-14T20:58:39.772000+09:00,2026-08-14T11:58:39.772000+00:00,094623,2312.7,1,0,0,0,0,13378,496,13378,0,0,0,0,4655,-28608,10326,6,4480,0,129,0,0,0,0,0,0,0,0,0,31082107,2018,0.52,979.34,3292.03,0,52.3,98.1,68.7,35.5,62.7,528.1,40.8,612,172.9,171.5,1077.1,361963,2071,13.25,91.2,1500,2.68,1.15,29.5,40.2,60,24.52,12184347,72605,76.27,3412.06,0,1200,400,720,240,4200,7500,8500,102,1.5,6000,0,0,0,0,0,73.76,30,68.93,68.21,89.2,0,0
2026-08-14T20:59:39.882000+09:00,2026-08-14T11:59:39.882000+00:00,094623,2479.9,1,0,0,0,0,13378,495,13378,0,0,0,0,4651,-28608,10390,6,20864,0,129,0,0,0,0,0,0,0,0,0,31082107,2018,0.47,1008.64,3488.57,0,52.4,98.4,68.6,35.6,62.6,526.6,40,613,171.8,170.6,1070,361964,2072,13.35,90.1,1490,2.67,1.15,30.2,40.2,60,24.47,12184351,72605,82.18,3412.07,0,1200,400,720,240,4200,7500,8500,102,1.5,6000,0,0,0,0,0,74.33,30,70.01,66.68,88.9,0,0
2026-08-14T21:00:39.972000+09:00,2026-08-14T12:00:39.972000+00:00,094623,2462.8,1,0,0,0,0,13378,498,13378,0,0,0,0,4651,-28608,12374,6,4512,72,129,0,0,0,0,0,0,0,0,0,31082107,2018,0.46,1031.83,3494.67,0,52.5,99,68.3,35.6,62.7,525.9,40.8,614.2,174.5,173.2,1074.7,361964,2072,13.34,88.8,1510,2.71,1.15,29.9,39.5,60,24.53,12184355,72605,76.95,3412.07,0,1200,400,720,240,4200,7500,8500,102,1.5,6000,0,0,0,0,0,74.25,30,73.15,61.91,88.7,0,0
2026-08-14T21:01:40.064000+09:00,2026-08-14T12:01:40.064000+00:00,094623,2447.0,1,0,0,0,0,13378,496,13378,0,0,0,0,4655,-26560,10390,6,20864,0,129,0,0,0,0,0,0,0,0,0,31082107,2018,0.47,984.22,3431.2,0,52.5,98,68,35.6,62.8,526.9,42,613.1,174.3,173.1,1058.3,361964,2072,13.2,89.8,1500,2.68,1.15,29.8,39.5,60,24.43,12184359,72605,75.09,3412.07,0,1200,400,720,240,4200,7500,8500,102,1.5,6000,0,0,0,0,0,73.49,30,71.08,63.66,88.4,0,0
2026-08-14T21:02:40.170000+09:00,2026-08-14T12:02:40.170000+00:00,094623,2399.4,1,0,0,0,0,13378,497,13378,0,0,0,0,4651,-28608,18518,6,4480,528,129,0,0,0,0,0,0,0,0,0,31082107,2018,0.49,1029.39,3428.75,0,52.5,97.1,67.8,35.6,62.8,527.3,41,615.5,172.9,171.8,1043.5,361964,2072,13.27,90.7,1500,2.67,1.16,29.7,39.9,60,24.49,12184363,72605,75.46,3412.07,0,1200,400,720,240,4200,7500,8500,102,1.5,6000,0,0,0,0,0,72.8,30,67.47,66.68,88.1,0,0
2026-08-14T21:03:40.276000+09:00,2026-08-14T12:03:40.276000+00:00,094623,2350.5,1,0,0,0,0,13378,496,13378,0,0,0,0,4651,-28608,10342,518,12676,0,129,0,0,0,0,0,0,0,0,0,31082107,2018,0.51,1006.2,3356.73,0,52.4,98.6,67.8,35.6,62.7,528.6,41.5,613.4,172.5,171.4,1069,361964,2072,13.33,90.4,1500,2.7,1.15,29.3,39.8,60,24.23,12184367,72605,78.14,3412.07,0,1200,400,720,240,4200,7500,8500,102,1.5,6000,0,0,0,0,0,72.51,30,71.59,66.94,87.9,0,0
2026-08-14T21:04:40.381000+09:00,2026-08-14T12:04:40.381000+00:00,094623,2421.3,1,0,0,0,0,13378,496,13378,0,0,0,0,4655,-28608,10326,590,4480,8192,129,0,0,0,0,0,0,0,0,0,31082107,2018,0.47,1041.6,3462.94,0,52.4,98.5,67.8,35.6,62.6,526.7,41.2,613.1,173,171.9,1061.9,361964,2072,13.23,90,1500,2.68,1.15,29.6,39.5,60,24.49,12184372,72605,78.98,3412.07,0,1200,400,720,240,4200,7500,8500,102,1.5,6000,0,0,0,0,0,72.16,30,72.54,65.99,87.6,0,0
2026-08-14T21:05:40.479000+09:00,2026-08-14T12:05:40.479000+00:00,094623,2423.8,1,0,0,0,0,13378,497,13378,0,0,0,0,4651,-28608,12374,6,4512,72,129,0,0,0,0,0,0,0,0,0,31082107,2018,0.44,1083.1,3506.88,0,52.4,97.2,67.7,35.6,62.6,526.8,40.5,613.1,173.3,172.2,1064.3,361965,2073,13.47,89.7,1500,2.69,1.15,29.6,39.3,60,24.28,12184376,72605,78.44,3412.07,0,1200,400,720,240,4200,7500,8500,102,1.5,6000,0,0,0,0,0,71.47,30,68.35,64.92,87.4,0,0
2026-08-14T21:06:40.589000+09:00,2026-08-14T12:06:40.589000+00:00,094623,2399.4,1,0,0,0,0,13378,497,13378,0,0,0,0,4651,-28608,10326,6,4480,0,129,0,0,0,0,0,0,0,0,0,31082107,2018,0.46,969.57,3368.94,0,52.5,97.4,67.5,35.6,62.6,527.6,40.5,611.6,172.9,171.7,1049.4,361965,2073,13.26,89.3,1500,2.69,1.14,29.5,39.9,60,24.56,12184380,72605,74.9,3412.07,0,1200,400,720,240,4200,7500,8500,102,1.5,6000,0,0,0,0,0,70.35,30,67.64,62.85,87.1,0,0
2026-08-14T21:07:40.697000+09:00,2026-08-14T12:07:40.697000+00:00,094623,2438.4,1,0,0,0,0,13378,497,13378,0,0,0,0,4655,-26560,18518,6,4480,16,129,0,0,0,0,0,0,0,0,0,31082107,2018,0.49,1008.64,3447.07,0,52.4,97.7,67.3,35.6,62.5,528.3,40.6,608.4,170.7,169.6,1080,361965,2073,13.2,89.8,1500,2.7,1.16,29.9,40.2,60,24.42,12184384,72605,73.84,3412.08,0,1200,400,720,240,4200,7500,8500,102,1.5,6000,0,0,0,0,0,68.86,30,67.94,63.42,86.8,0,0
2026-08-14T21:08:40.812000+09:00,2026-08-14T12:08:40.812000+00:00,094623,1714.2,1,0,0,0,0,13378,500,13378,0,0,0,0,4651,-28608,10326,6,4992,0,129,0,0,0,0,0,0,0,0,0,31082107,2018,0.47,599.69,2313.91,0,52.4,97.8,67.4,35.5,62.5,528.9,40.9,607.9,169.1,168.1,1041.7,361965,2073,13.51,89.6,1510,2.77,1.12,23.6,35.8,60,13.47,12184387,72605,75.99,3412.08,0,1200,400,720,240,4200,7500,8500,102,1.5,6000,0,0,0,0,0,60.98,30,60.41,55.33,86.6,0,0
2026-08-14T21:09:40.899000+09:00,2026-08-14T12:09:40.899000+00:00,094623,1119.7,1,0,0,0,0,13378,495,13378,0,0,0,0,4651,-28608,10326,590,4992,8192,129,0,0,0,0,0,0,0,0,0,31082107,2018,0.5,534.99,1654.71,0,51.9,97.2,68.5,35.6,61.8,524.9,40.9,598.2,156.9,155.2,1031.3,361965,2073,13.26,91.7,1480,2.77,1.06,21.4,35.9,60,12.31,12184389,72605,60.02,3412.08,0,1200,400,720,240,4200,7500,8500,102,1.5,6000,0,0,0,0,0,63.26,30,57.23,60.87,86.3,0,0
2026-08-14T21:10:41.021000+09:00,2026-08-14T12:10:41.021000+00:00,094623,1794.8,1,0,0,0,0,13378,491,13378,0,0,0,0,4651,-28608,12374,6,4512,72,129,0,0,0,0,0,0,0,0,0,31082107,2018,0.4,1028.17,2822.96,0,51.8,98.5,68.8,35.6,61,516.7,40.9,597.8,156.1,154.6,1021.1,361965,2073,13.35,90.3,1480,2.69,1.22,29.1,42.4,60,19.95,12184392,72605,73.59,3412.08,0,1200,400,720,240,4200,7500,8500,102,1.5,6000,0,0,0,0,0,71.16,30,66.54,66.19,86,0,0
2026-08-14T21:11:41.114000+09:00,2026-08-14T12:11:41.114000+00:00,094623,2160.1,1,0,0,0,0,13378,498,13378,0,0,0,0,4655,-26560,10326,6,4480,0,129,0,0,0,0,0,0,0,0,0,31082107,2018,0.38,1147.8,3307.9,0,51.8,98.9,68.1,35.6,61.3,521.6,41.3,607.1,169.3,168.4,1043,361966,2074,13.49,87.6,1500,2.72,1.14,29.8,39.8,60,24.55,12184396,72605,74.45,3412.08,0,1200,400,720,240,4200,7500,8500,102,1.5,6000,0,0,0,0,0,71.96,30,71.84,57.68,85.8,0,0
2026-08-14T21:12:41.210000+09:00,2026-08-14T12:12:41.210000+00:00,094623,2086.9,1,0,0,0,0,13378,495,13378,0,0,0,0,4655,-28608,10326,6,4480,0,129,0,0,0,0,0,0,0,0,0,31082107,2018,0.46,965.91,3052.77,0,51.7,96.8,67.6,35.6,61.6,525.3,42.2,608.5,170.5,169.5,1056.8,361966,2074,13.45,88.9,1500,2.71,1.13,29.3,40.9,60,24.44,12184400,72605,69.55,3412.08,0,1200,400,720,240,4200,7500,8500,102,1.5,6000,0,0,0,0,0,70.23,30,64,58.86,85.6,0,0
2026-08-14T21:13:41.298000+09:00,2026-08-14T12:13:41.298000+00:00,094623,2028.3,1,0,0,0,0,13378,497,13378,0,0,0,0,4655,-26560,10326,6,4481,0,129,0,0,0,0,0,0,0,0,0,31082107,2018,0.52,909.76,2938.02,0,51.6,99.2,67.1,35.7,61.6,529.4,41.8,608.2,168.4,167.3,1052.4,361966,2074,13.39,91.1,1500,2.72,1.15,29.3,42.3,60,24.52,12184404,72605,74.36,3412.08,0,1200,400,720,240,4200,7500,8500,102,1.5,6000,0,0,0,0,0,67.81,30,71.77,65.51,85.3,0,0
2026-08-14T21:14:41.415000+09:00,2026-08-14T12:14:41.415000+00:00,094623,2221.1,1,0,0,0,0,13378,496,13378,0,0,0,0,4651,-28608,10326,6,4480,0,129,0,0,0,0,0,0,0,0,0,31082107,2018,0.46,997.65,3218.79,0,51.8,97.5,67.1,35.7,61.5,526.3,41.3,610.2,169.4,168.4,1069,361966,2074,13.33,90.1,1500,2.72,1.14,29.5,40.5,60,24.59,12184408,72605,79.97,3412.08,0,1200,400,720,240,4200,7500,8500,102,1.5,6000,0,0,0,0,0,66.34,30,67.03,63.58,85.1,0,0
2026-08-14T21:15:41.503000+09:00,2026-08-14T12:15:41.503000+00:00,094623,2134.5,1,0,0,0,0,13378,496,13378,0,0,0,0,4651,-28608,12374,6,4512,8,129,0,0,0,0,0,0,0,0,0,31082107,2018,0.46,899.99,3034.46,0,51.8,97.7,67.5,35.6,61.7,529.5,41.7,610.8,170.2,169.3,1055.9,361966,2074,13.32,89.4,1500,2.72,1.14,29.1,41.5,60,24.32,12184412,72605,77.42,3412.09,0,1200,400,720,240,4200,7500,8500,102,1.5,6000,0,0,0,0,0,66.49,30,66.78,61.21,84.8,0,0
2026-08-14T21:16:41.610000+09:00,2026-08-14T12:16:41.610000+00:00,094623,2410.4,1,0,0,0,0,13378,496,13378,0,0,0,0,4655,-26560,10326,6,4480,0,129,0,0,0,0,0,0,0,0,0,31082107,2018,0.48,1120.94,3531.3,0,51.9,97.9,67.7,35.6,61.6,525,41.7,611.3,170.1,169.3,1067,361966,2074,13.4,89.3,1500,2.71,1.16,30.3,39.8,60,23.99,12184416,72605,73.96,3412.09,0,1200,400,720,240,4200,7500,8500,102,1.5,6000,0,0,0,0,0,66.38,30,67.21,59.79,84.6,0,0
2026-08-14T21:17:41.706000+09:00,2026-08-14T12:17:41.706000+00:00,094623,2306.6,1,0,0,0,0,13378,497,13378,0,0,0,0,4651,-28608,10326,6,4480,0,129,0,0,0,0,0,0,0,0,0,31082107,2018,0.52,1073.34,3379.92,0,52,97.9,68.2,35.5,62,527.1,41.7,614.7,171.4,170.4,1054,361967,2075,13.31,89.9,1500,2.71,1.15,29.6,40,60,24.57,12184420,72605,72.97,3412.09,0,1200,400,720,240,4200,7500,8500,102,1.5,6000,0,0,0,0,0,67.78,30,67.12,60.91,84.3,0,0
2026-08-14T21:18:41.812000+09:00,2026-08-14T12:18:41.812000+00:00,094623,2362.7,1,0,0,0,0,13378,497,13378,0,0,0,0,4651,-28608,10390,590,20864,8192,129,0,0,0,0,0,0,0,0,0,31082107,2018,0.52,1017.18,3379.92,0,52,97.9,68.7,35.6,62,528.2,43.2,613,170.8,169.9,1072.3,361967,2075,13.37,91.4,1500,2.7,1.15,29.8,40.2,60,24.28,12184424,72605,74.33,3412.09,0,1200,400,720,240,4200,7500,8500,102,1.5,6000,0,0,0,0,0,69.99,30,66.98,66.19,84.1,0,0
2026-08-14T21:19:41.936000+09:00,2026-08-14T12:19:41.936000+00:00,094623,2398.2,1,0,0,0,0,13378,498,13378,0,0,0,0,4655,-26560,10326,6,4481,0,129,0,0,0,0,0,0,0,0,0,31082107,2018,0.52,1083.1,3481.25,0,52,98.4,69,35.6,62.1,526.6,43,612,171.7,170.8,1048.5,361967,2075,12.74,90.8,1500,2.71,1.14,29.7,39.5,60,24.6,12184428,72605,78.31,3412.09,0,1200,400,720,240,4200,7500,8500,102,1.5,6000,0,0,0,0,0,72.16,30,68.59,66.15,83.8,0,0
2026-08-14T21:20:42.033000+09:00,2026-08-14T12:20:42.033000+00:00,094623,2282.2,1,0,0,0,0,13378,497,13378,0,0,0,0,4655,-28608,18582,6,20864,528,129,0,0,0,0,0,0,0,0,0,31082107,2018,0.48,867.03,3149.2,0,52.2,99.1,68.8,35.6,62.2,529.2,43.4,611.2,171.1,170.2,1041.1,361967,2075,13.51,89.7,1500,2.72,1.13,29.2,40.8,60,24.14,12184432,72605,79.02,3412.09,0,1200,400,720,240,4200,7500,8500,102,1.5,6000,0,0,0,0,0,72.95,30,71.89,63,83.6,0,0
2026-08-14T21:21:42.121000+09:00,2026-08-14T12:21:42.121000+00:00,094623,2383.5,1,0,0,0,0,13378,496,13378,0,0,0,0,4651,-28608,10326,6,4480,0,129,0,0,0,0,0,0,0,0,0,31082107,2018,0.49,1030.61,3414.11,0,52.3,98.4,68.4,35.7,62.1,527.2,42.7,612.7,169.2,168.2,1051.7,361967,2075,13.25,89.4,1500,2.71,1.16,29.9,40.4,60,24.55,12184436,72605,75.74,3412.09,0,1200,400,720,240,4200,7500,8500,102,1.5,6000,0,0,0,0,0,72.7,30,70.85,61.21,83.4,0,0
2026-08-14T21:22:42.218000+09:00,2026-08-14T12:22:42.218000+00:00,094623,2470.2,1,0,0,0,0,13378,497,13378,0,0,0,0,4655,-28608,10342,6,12676,0,129,0,0,0,0,0,0,0,0,0,31082107,2018,0.52,1048.92,3519.09,0,52.4,98.2,67.9,35.6,62.2,526.2,42.1,614.5,172,171.1,1060.5,361967,2075,13,89.9,1500,2.71,1.13,29.6,38.9,60,24.44,12184440,72605,74.45,3412.09,0,1200,400,720,240,4200,7500,8500,102,1.5,6000,0,0,0,0,0,71.4,30,70.75,62.13,83.1,0,0
2026-08-14T21:23:42.327000+09:00,2026-08-14T12:23:42.327000+00:00,094623,2576.4,1,0,0,0,0,13378,495,13378,0,0,0,0,4651,-28608,8278,6,4480,8,129,0,0,0,0,0,0,0,0,0,31082107,2018,0.52,1167.33,3743.71,0,52.4,98.2,67.7,35.7,62.3,525.5,42.4,612,171.8,170.8,1046.9,361968,2076,13.35,91.4,1500,2.7,1.15,30.1,38.6,60,24.48,12184444,72605,76.92,3412.1,0,1200,400,720,240,4200,7500,8500,102,1.5,6000,0,0,0,0,0,70.38,30,70.95,67.5,82.9,0,0
2026-08-14T21:24:42.428000+09:00,2026-08-14T12:24:42.428000+00:00,094623,1333.4,1,0,0,0,0,13378,518,13378,0,0,0,0,4651,-28608,10326,6,4992,0,129,0,0,0,0,0,0,0,0,0,31082107,2018,0.43,572.83,1906.19,0,52.3,97,68.2,35.7,62.1,525.7,42.3,600.7,159.7,158.3,1016,361968,2076,13.55,90.4,1550,2.93,1.03,22,34.9,60,16.19,12184447,72605,76.48,3412.1,0,1200,400,720,240,4200,7500,8500,102,1.5,6000,0,0,0,0,0,64.55,30,60.29,59.35,82.7,0,0
2026-08-14T21:25:42.525000+09:00,2026-08-14T12:25:42.525000+00:00,094623,1365.1,1,0,0,0,0,13378,519,13378,0,0,0,0,4655,-28608,18518,6,4992,528,129,0,0,0,0,0,0,0,0,0,31082107,2018,0.4,716.88,2081.97,0,51.9,97.9,68.5,35.8,61.2,522,43.6,596.3,151.5,150.1,1023.8,361968,2076,13.15,91.4,1560,2.92,1.06,23.2,35.9,60,17,12184449,72605,61.57,3412.1,0,1200,400,720,240,4200,7500,8500,102,1.5,6000,0,0,0,0,0,66.59,30,61.87,63.94,82.5,0,0
2026-08-14T21:26:42.641000+09:00,2026-08-14T12:26:42.641000+00:00,094623,2230.9,1,0,0,0,0,13378,497,13378,0,0,0,0,4655,-28608,10326,6,4480,0,129,0,0,0,0,0,0,0,0,0,31082107,2018,0.44,1113.62,3344.52,0,51.8,98.5,68.2,35.7,60.7,517,44.6,606.1,159.7,159,1046.9,361968,2076,13.29,89.3,1500,2.73,1.15,30,40,60,24.38,12184452,72605,74.07,3412.1,0,1200,400,720,240,4200,7500,8500,102,1.5,6000,0,0,0,0,0,72.78,30,70.46,65.66,82.3,0,0
2026-08-14T21:27:42.735000+09:00,2026-08-14T12:27:42.735000+00:00,094623,2317.6,1,0,0,0,0,13378,498,13378,0,0,0,0,4655,-26560,10326,6,4480,0,129,0,0,0,0,0,0,0,0,0,31082107,2018,0.38,1113.62,3431.2,0,51.8,97.3,68.1,35.5,61.2,522,43.9,611.1,165.4,164.6,1045.4,361968,2076,13.22,88,1500,2.74,1.15,29.9,39.5,60,24.33,12184456,72605,75.63,3412.1,0,1200,400,720,240,4200,7500,8500,102,1.5,6000,0,0,0,0,0,72.84,30,68.27,59.17,82,0,0
2026-08-14T21:28:42.841000+09:00,2026-08-14T12:28:42.841000+00:00,094623,2309.0,1,0,0,0,0,13378,495,13378,0,0,0,0,4655,-28608,12374,6,4512,72,129,0,0,0,0,0,0,0,0,0,31082107,2018,0.47,1019.62,3328.65,0,51.6,97.5,68,35.6,61.4,524.7,43.5,611.8,167,166.1,1050.1,361968,2076,13.51,89.4,1500,2.72,1.15,29.7,39.8,60,24.46,12184460,72605,70.67,3412.1,0,1200,400,720,240,4200,7500,8500,102,1.5,6000,0,0,0,0,0,72.54,30,66.62,61.33,81.8,0,0
2026-08-14T21:29:42.959000+09:00,2026-08-14T12:29:42.959000+00:00,094623,2468.9,1,0,0,0,0,13378,497,13378,0,0,0,0,4655,-28608,10326,526,4480,8192,129,0,0,0,0,0,0,0,0,0,31082107,2018,0.5,1203.96,3672.9,0,51.6,99,67.8,35.5,61.5,523.4,43.6,613.2,167.4,166.4,1064.5,361969,2077,13.44,91,1500,2.72,1.15,30.1,38.8,60,23.49,12184464,72605,74.5,3412.1,0,1200,400,720,240,4200,7500,8500,102,1.5,6000,0,0,0,0,0,71.78,30,72.23,66.46,81.6,0,0
2026-08-14T21:30:43.077000+09:00,2026-08-14T12:30:43.077000+00:00,094623,2257.8,1,0,0,0,0,13378,496,13378,0,0,0,0,4655,-28608,18518,518,4480,528,129,0,0,0,0,0,0,0,0,0,31082107,2018,0.46,981.78,3239.54,0,51.7,97.9,68.1,35.6,61.6,528.4,43.2,611.9,167.5,166.6,1071.8,361969,2077,13.17,90.4,1490,2.71,1.14,29.2,39.9,60,23.65,12184468,72605,79.22,3412.1,0,1200,400,720,240,4200,7500,8500,102,1.5,6000,0,0,0,0,0,72.52,30,69.44,65.87,81.3,0,0
2026-08-14T21:31:43.177000+09:00,2026-08-14T12:31:43.177000+00:00,094623,2388.4,1,0,0,0,0,13378,498,13378,0,0,0,0,4655,-28608,10326,6,4480,0,129,0,0,0,0,0,0,0,0,0,31082107,2018,0.44,1068.45,3456.83,0,51.8,97.3,68.1,35.5,61.6,525.3,43,612,166.5,165.6,1025.4,361969,2077,13.43,89.6,1510,2.72,1.15,29.9,39.8,60,24.54,12184472,72605,76.97,3412.11,0,1200,400,720,240,4200,7500,8500,102,1.5,6000,0,0,0,0,0,72.78,30,67.13,63.49,81.1,0,0
2026-08-14T21:32:43.273000+09:00,2026-08-14T12:32:43.273000+00:00,094623,2265.1,1,0,0,0,0,13378,496,13378,0,0,0,0,4655,-28608,10326,6,4480,0,129,0,0,0,0,0,0,0,0,0,31082107,2018,0.45,936.61,3201.7,0,51.9,97.3,68,35.6,61.7,528.8,42.4,609.9,166.1,165.2,1026.6,361969,2077,13.46,89.2,1500,2.72,1.14,29.3,40.8,60,24.51,12184476,72605,75.78,3412.11,0,1200,400,720,240,4200,7500,8500,102,1.5,6000,0,0,0,0,0,72.48,30,66.02,61.1,80.9,0,0
2026-08-14T21:33:43.368000+09:00,2026-08-14T12:33:43.368000+00:00,094623,2321.2,1,0,0,0,0,13378,496,13378,0,0,0,0,4655,-28608,12374,6,4512,72,129,0,0,0,0,0,0,0,0,0,31082107,2018,0.5,1033.05,3354.29,0,52,98.3,67.8,35.6,61.6,527.7,43.2,608.9,165.9,164.9,1060.8,361969,2077,13.33,89.7,1490,2.7,1.15,29.6,40.4,60,24.31,12184481,72605,73.28,3412.11,0,1200,400,720,240,4200,7500,8500,102,1.5,6000,0,0,0,0,0,71.77,30,68.62,61.64,80.7,0,0
2026-08-14T21:34:43.476000+09:00,2026-08-14T12:34:43.476000+00:00,094623,2549.5,1,0,0,0,0,13378,504,13378,0,0,0,0,4651,-26560,10326,6,4992,0,129,0,0,0,0,0,0,0,0,0,31082107,2018,0.53,1254,3803.52,0,52,99,67.8,35.6,61.7,523.3,43.5,612.5,167.8,167,1061.1,361969,2077,13.15,90.4,1530,2.75,1.13,29.2,36.7,60,23.61,12184485,72605,74.19,3412.11,0,1200,400,720,240,4200,7500,8500,102,1.5,6000,0,0,0,0,0,70.84,30,71.1,63.15,80.5,0,0
2026-08-14T21:35:43.575000+09:00,2026-08-14T12:35:43.575000+00:00,094623,1263.8,1,0,0,0,0,13378,496,13378,0,0,0,0,4651,-28608,18518,6,4992,528,129,0,0,0,0,0,0,0,0,0,31082107,2018,0.46,563.07,1826.84,0,52,96.9,68.2,35.6,61.5,527.6,42.8,603.7,155.7,154.5,1061.7,361970,2078,13.34,90,1500,2.76,1.13,22.7,37.4,60,11.2,12184487,72605,72.19,3412.11,0,1200,400,720,240,4200,7500,8500,102,1.5,6000,0,0,0,0,0,64.59,30,57.85,55.56,80.3,0,0
2026-08-14T21:36:43.690000+09:00,2026-08-14T12:36:43.690000+00:00,094623,1141.7,1,0,0,0,0,13378,497,13378,0,0,0,0,4655,-28608,10326,6,4992,0,129,0,0,0,0,0,0,0,0,0,31082107,2018,0.42,553.3,1695,0,51.7,98.5,68.3,35.7,60.8,524.3,45.1,599.9,149.9,148.8,1040.4,361970,2078,13.43,92.7,1500,2.77,1.12,22.7,38.4,60,11.18,12184489,72605,61.84,3412.11,0,1200,400,720,240,4200,7500,8500,102,1.5,6000,0,0,0,0,0,65.32,30,61.96,65.3,80,0,0
2026-08-14T21:37:43.772000+09:00,2026-08-14T12:37:43.772000+00:00,094623,2040.5,1,0,0,0,0,13378,497,13378,0,0,0,0,4651,-28608,10390,6,20864,0,129,0,0,0,0,0,0,0,0,0,31082107,2018,0.41,1098.97,3139.44,0,51.7,99.3,68.1,35.7,60.4,518.6,43.7,607.8,157.6,156.9,1053.6,361970,2078,13.33,88.7,1500,2.72,1.15,29.8,40.9,60,24.41,12184492,72605,77.42,3412.11,0,1200,400,720,240,4200,7500,8500,102,1.5,6000,0,0,0,0,0,73.13,30,72.67,63.42,79.8,0,0
2026-08-14T21:38:43.891000+09:00,2026-08-14T12:38:43.891000+00:00,094623,1975.8,1,0,0,0,0,13378,496,13378,0,0,0,0,4651,-28608,12374,6,4512,72,129,0,0,0,0,0,0,0,0,0,31082107,2018,0.38,886.56,2862.33,0,51.7,96.5,67.8,35.6,60.7,526.2,43.6,607.2,160.8,160.1,1040.9,361970,2078,13.33,88.4,1500,2.73,1.14,29,42,60,24.22,12184496,72605,73.7,3412.11,0,1200,400,720,240,4200,7500,8500,102,1.5,6000,0,0,0,0,0,72.17,30,65.36,59.5,79.6,0,0
2026-08-14T21:39:43.993000+09:00,2026-08-14T12:39:43.993000+00:00,094623,2193.1,1,0,0,0,0,13378,497,13378,0,0,0,0,4655,-28608,10342,6,12676,0,129,0,0,0,0,0,0,0,0,0,31082107,2018,0.49,935.39,3128.45,0,51.6,98.4,67.4,35.7,60.7,526.1,43.3,605.8,160.9,160.2,1030.9,361970,2078,13.22,89.9,1500,2.73,1.15,29.6,41.3,60,24.41,12184501,72605,70.69,3412.12,0,1200,400,720,240,4200,7500,8500,102,1.5,6000,0,0,0,0,0,70.49,30,69.38,62.83,79.4,0,0
2026-08-14T21:40:44.094000+09:00,2026-08-14T12:40:44.094000+00:00,094623,2227.2,1,0,0,0,0,13378,497,13378,0,0,0,0,4651,-28608,18518,6,4480,0,129,0,0,0,0,0,0,0,0,0,31082107,2018,0.47,1116.06,3343.3,0,51.7,98.2,67.2,35.7,60.9,525.4,43.8,611,163.4,162.8,1040,361970,2078,13.25,90.9,1500,2.73,1.14,29.7,40.1,60,24.46,12184505,72605,79.07,3412.12,0,1200,400,720,240,4200,7500,8500,102,1.5,6000,0,0,0,0,0,68.62,30,70.24,66.67,79.1,0,0
2026-08-14T21:41:44.206000+09:00,2026-08-14T12:41:44.206000+00:00,094623,2310.2,1,0,0,0,0,13378,496,13378,0,0,0,0,4651,-28608,10342,6,12676,0,129,0,0,0,0,0,0,0,0,0,31082107,2018,0.47,1006.2,3316.45,0,51.8,97.5,67.4,35.6,61.1,526.1,43.5,611.4,165.2,164.6,1060.9,361971,2079,13.15,90.3,1500,2.71,1.14,29.5,39.4,60,24.6,12184509,72605,75.25,3412.12,0,1200,400,720,240,4200,7500,8500,102,1.5,6000,0,0,0,0,0,68.15,30,67.07,65.76,79,0,0
2026-08-14T21:42:44.297000+09:00,2026-08-14T12:42:44.297000+00:00,094623,2183.3,1,0,0,0,0,13378,495,13378,0,0,0,0,4655,-26560,10326,6,4480,0,129,0,0,0,0,0,0,0,0,0,31082107,2018,0.47,1020.84,3204.14,0,51.8,99.1,67.6,35.6,61.2,528.2,43.5,610.2,164.1,163.3,1077.6,361971,2079,13.19,89.8,1490,2.7,1.16,29.5,41,60,23.67,12184513,72605,76.38,3412.12,0,1200,400,720,240,4200,7500,8500,102,1.5,6000,0,0,0,0,0,67.98,30,72.83,64.26,78.8,0,0
2026-08-14T21:43:44.392000+09:00,2026-08-14T12:43:44.392000+00:00,094623,2421.3,1,0,0,0,0,13378,498,13378,0,0,0,0,4651,-28608,12374,6,4512,8,129,0,0,0,0,0,0,0,0,0,31082107,2018,0.46,1057.47,3478.8,0,52,97.4,67.7,35.7,61.3,524.3,43.3,612.2,165.9,165.2,1075,361971,2079,13.15,89.7,1500,2.71,1.15,30,39.5,60,24.31,12184517,72605,75.91,3412.12,0,1200,400,720,240,4200,7500,8500,102,1.5,6000,0,0,0,0,0,67.82,30,68.08,63.72,78.6,0,0
2026-08-14T21:44:44.493000+09:00,2026-08-14T12:44:44.493000+00:00,094623,2186.9,1,0,0,0,0,13378,496,13378,0,0,0,0,4651,-28608,10326,6,4480,0,129,0,0,0,0,0,0,0,0,0,31082107,2018,0.46,910.98,3097.93,0,52,97.4,68,35.7,61.4,529.1,43.8,614.3,164.3,163.5,1035.2,361971,2079,13.25,89.9,1500,2.7,1.15,29.4,41.7,60,24.52,12184521,72605,75.45,3412.12,0,1200,400,720,240,4200,7500,8500,102,1.5,6000,0,0,0,0,0,68.48,30,67.03,63.93,78.4,0,0
2026-08-14T21:45:44.581000+09:00,2026-08-14T12:45:44.581000+00:00,094623,2454.3,1,0,0,0,0,13378,498,13378,0,0,0,0,4651,-28608,10326,6,4480,0,129,0,0,0,0,0,0,0,0,0,31082107,2018,0.5,1046.48,3500.78,0,52.1,98.4,68,35.7,61.4,524.8,42.8,613,166.7,165.9,1057,361971,2079,13.39,89.8,1510,2.71,1.14,30,39.6,60,24.45,12184525,72605,76.04,3412.12,0,1200,400,720,240,4200,7500,8500,102,1.5,6000,0,0,0,0,0,68.59,30,69.64,63.51,78.1,0,0
2026-08-14T21:46:44.669000+09:00,2026-08-14T12:46:44.669000+00:00,094623,2486.0,1,0,0,0,0,13378,497,13378,0,0,0,0,4651,-28608,10326,6,4480,0,129,0,0,0,0,0,0,0,0,0,31082107,2018,0.51,1340.68,3826.72,0,52.1,99,68.3,35.7,61.5,524.4,43.1,614.1,166.7,166,1060,361971,2079,13.27,89.8,1500,2.7,1.16,30.4,38.9,60,24.54,12184529,72605,75.4,3412.13,0,1200,400,720,240,4200,7500,8500,102,1.5,6000,0,0,0,0,0,69.63,30,72.97,63.15,77.9,0,0
2026-08-14T21:47:44.767000+09:00,2026-08-14T12:47:44.767000+00:00,094623,2434.8,1,0,0,0,0,13378,498,13378,0,0,0,0,4651,-28608,10326,6,4480,0,129,0,0,0,0,0,0,0,0,0,31082107,2018,0.51,1223.49,3658.25,0,52.1,98.5,68.6,35.7,61.7,526.4,43,614.6,168.3,167.5,1027.9,361972,2080,13.45,90.4,1500,2.71,1.15,29.9,39,60,24.56,12184533,72605,75.2,3412.13,0,1200,400,720,240,4200,7500,8500,102,1.5,6000,0,0,0,0,0,71.14,30,72.58,65.13,77.7,0,0
2026-08-14T21:48:44.876000+09:00,2026-08-14T12:48:44.876000+00:00,094623,2406.7,1,0,0,0,0,13378,497,13378,0,0,0,0,4655,-26560,10326,6,4481,528,129,0,0,0,0,0,0,0,0,0,31082107,2018,0.51,1041.6,3448.29,0,52.2,98.1,68.8,35.7,61.8,527.2,44.3,614.9,167.3,166.4,1042.3,361972,2080,13.45,90.6,1500,2.69,1.14,29.6,39.4,60,24.01,12184537,72605,75.87,3412.13,0,1200,400,720,240,4200,7500,8500,102,1.5,6000,0,0,0,0,0,72.71,30,71.89,66.6,77.5,0,0
2026-08-14T21:49:44.961000+09:00,2026-08-14T12:49:44.961000+00:00,094623,2398.1,1,0,0,0,0,13378,499,13378,0,0,0,0,4655,-26560,10326,6,4480,0,129,0,0,0,0,0,0,0,0,0,31082107,2018,0.5,1029.39,3427.53,0,52.2,97.8,68.8,35.7,61.8,527.8,43.5,613.9,166.2,165.3,1041.4,361972,2080,13.38,90.9,1510,2.72,1.14,29.6,39.5,60,24.41,12184541,72605,78.68,3412.13,0,1200,400,720,240,4200,7500,8500,102,1.5,6000,0,0,0,0,0,73.98,30,71,68.6,77.4,0,0
2026-08-14T21:50:45.065000+09:00,2026-08-14T12:50:45.065000+00:00,094623,2260.2,1,0,0,0,0,13378,496,13378,0,0,0,0,4651,-28608,10326,6,4480,0,129,0,0,0,0,0,0,0,0,0,31082107,2018,0.47,853.6,3113.8,0,52.3,97.6,68.5,35.7,61.7,530.7,43.8,612.4,163.5,162.5,1043.7,361972,2080,13.26,90.2,1500,2.7,1.16,29.3,41.6,60,24.52,12184545,72605,79.29,3412.13,0,1200,400,720,240,4200,7500,8500,102,1.5,6000,0,0,0,0,0,73.96,30,69.92,67.16,77.1,0,0
2026-08-14T21:51:45.159000+09:00,2026-08-14T12:51:45.159000+00:00,094623,2479.9,1,0,0,0,0,13378,496,13378,0,0,0,0,4651,-28608,10326,6,4480,8,129,0,0,0,0,0,0,0,0,0,31082107,2018,0.47,1067.23,3547.17,0,52.5,97.4,67.9,35.7,61.6,526.8,43.2,613.7,163.9,163,1071.3,361972,2080,13.5,89.8,1500,2.7,1.16,30.1,39.9,60,24.41,12184549,72605,79.36,3412.13,0,1200,400,720,240,4200,7500,8500,102,1.5,6000,0,0,0,0,0,72.5,30,68.6,66.02,77,0,0
2026-08-14T21:52:45.266000+09:00,2026-08-14T12:52:45.266000+00:00,094623,1732.5,1,0,0,0,0,13378,499,13378,0,0,0,0,4651,-28608,10326,518,4992,0,129,0,0,0,0,0,0,0,0,0,31082107,2018,0.42,637.53,2370.07,0,52.5,97.8,67.6,35.6,61.7,525.2,44,613.9,160.7,160,1073.2,361972,2080,13.52,89.3,1500,2.78,1.13,23.4,35,60,12.07,12184553,72605,73.65,3412.13,0,1200,400,720,240,4200,7500,8500,102,1.5,6000,0,0,0,0,0,63.68,30,61.6,56.29,76.8,0,0
2026-08-14T21:53:45.356000+09:00,2026-08-14T12:53:45.356000+00:00,094623,1245.5,1,0,0,0,0,13378,497,13378,0,0,0,0,4655,-28608,18518,6,4992,528,129,0,0,0,0,0,0,0,0,0,31082107,2018,0.52,592.36,1837.82,0,52,97.2,68.3,35.7,61.2,524.5,43.3,608.1,151.5,150.4,1032.1,361973,2081,12.82,90.2,1500,2.77,1.14,22.9,37.7,60,11.25,12184555,72605,56.17,3412.13,0,1200,400,720,240,4200,7500,8500,102,1.5,6000,0,0,0,0,0,65.21,30,58.62,57.17,76.6,0,0
2026-08-14T21:54:45.466000+09:00,2026-08-14T12:54:45.466000+00:00,094623,1868.0,1,0,0,0,0,13378,495,13378,0,0,0,0,4651,-28608,10326,6,4480,0,129,0,0,0,0,0,0,0,0,0,31082107,2018,0.41,897.55,2765.59,0,51.7,98.3,68.6,35.7,60.5,517.6,43.9,606.4,150.3,149.1,1031,361973,2081,13.34,92.7,1490,2.71,1.19,29.2,42.7,60,22.42,12184557,72605,70.42,3412.14,0,1200,400,720,240,4200,7500,8500,102,1.5,6000,0,0,0,0,0,73.62,30,68.37,74.75,76.4,0,0
2026-08-14T21:55:45.540000+09:00,2026-08-14T12:55:45.540000+00:00,094623,2099.1,1,0,0,0,0,13378,497,13378,0,0,0,0,4655,-28608,10326,590,4480,8192,129,0,0,0,0,0,0,0,0,0,31082107,2018,0.35,962.25,3061.31,0,51.8,99.2,68.1,35.8,60.5,521.4,45,614.5,159.3,158.5,1044.8,361973,2081,13.21,87.4,1500,2.73,1.13,29.3,40.8,60,24.53,12184561,72605,78.88,3412.14,0,1200,400,720,240,4200,7500,8500,102,1.5,6000,0,0,0,0,0,73.89,30,74.16,58.93,76.2,0,0
2026-08-14T21:56:45.638000+09:00,2026-08-14T12:56:45.638000+00:00,094623,2208.9,1,0,0,0,0,13378,496,13378,0,0,0,0,4655,-26560,12438,6,20896,72,129,0,0,0,0,0,0,0,0,0,31082107,2018,0.44,969.57,3178.5,0,51.6,96.4,67.5,35.7,60.7,524.7,45.1,614.9,160.1,159.4,1055.4,361973,2081,13.28,89.2,1500,2.7,1.16,29.7,41.2,60,24.21,12184565,72605,70.7,3412.14,0,1200,400,720,240,4200,7500,8500,102,1.5,6000,0,0,0,0,0,71.87,30,63.96,61.4,76,0,0
2026-08-14T21:57:45.735000+09:00,2026-08-14T12:57:45.735000+00:00,094623,2360.3,1,0,0,0,0,13378,497,13378,0,0,0,0,4651,-28608,10326,6,4480,0,129,0,0,0,0,0,0,0,0,0,31082107,2018,0.47,1102.63,3462.94,0,51.7,99.2,66.9,35.6,60.8,524,44.3,618.7,161.6,160.8,1074.1,361973,2081,13.34,90.9,1500,2.71,1.16,30.3,40.3,60,24.42,12184569,72605,74.65,3412.14,0,1200,400,720,240,4200,7500,8500,102,1.5,6000,0,0,0,0,0,68.89,30,73.14,66.8,75.8,0,0
2026-08-14T21:58:45.827000+09:00,2026-08-14T12:58:45.827000+00:00,094623,1721.5,1,0,0,0,0,13378,500,13378,0,0,0,0,4655,-28608,18534,6,13188,528,129,0,0,0,0,0,0,0,0,0,31082107,2018,0.42,661.95,2383.5,0,51.8,97.1,67.3,35.6,61.1,526.9,43.8,621.3,162,161.2,1063.3,361973,2081,13.27,90.2,1500,2.79,1.1,23.9,35.5,60,14.44,12184573,72605,77.99,3412.14,0,1200,400,720,240,4200,7500,8500,102,1.5,6000,0,0,0,0,0,62.12,30,60.08,59.04,75.6,0,0
2026-08-14T21:59:45.988000+09:00,2026-08-14T12:59:45.988000+00:00,094623,1603.1,1,0,0,0,0,13378,522,13378,0,0,0,0,4655,-28608,10326,6,4992,0,129,0,0,0,0,0,0,0,0,0,31082107,2018,0.44,829.19,2432.32,0,51.4,97.9,68.4,35.6,60.6,520.8,44.3,605.1,148.8,147.8,1041.1,361974,2082,13,90.7,1570,2.91,1.11,25,36.4,60,9.92,12184575,72605,60.74,3412.14,0,1200,400,720,240,4200,7500,8500,102,1.5,6000,0,0,0,0,0,66.94,30,63.65,62.27,75.4,0,0
2026-08-14T22:00:46.070000+09:00,2026-08-14T13:00:46.070000+00:00,094623,1755.7,1,0,0,0,0,13378,494,13378,0,0,0,0,4655,-28608,10326,6,4480,0,129,0,0,0,0,0,0,0,0,0,31082107,2018,0.37,827.97,2583.7,0,51.3,97.9,68.6,35.7,59.8,517.3,44.8,602.2,146.8,145.6,1054.7,361974,2082,13.43,90.1,1490,2.73,1.2,27.6,41.5,60,18.8,12184577,72605,66.07,3412.14,0,1200,400,720,240,4200,7500,8500,102,1.5,6000,0,0,0,0,0,69.98,30,64.66,63.64,75.2,0,0
2026-08-14T22:01:46.161000+09:00,2026-08-14T13:01:46.161000+00:00,094623,2199.2,1,0,0,0,0,13378,499,13378,0,0,0,0,4655,-26560,12374,6,4512,72,129,0,0,0,0,0,0,0,0,0,31082107,2018,0.45,1079.44,3278.6,0,51.3,99.3,68,35.6,59.9,519.6,45.4,609.3,158.2,157.7,1083.1,361974,2082,13.35,89.6,1510,2.74,1.12,29.4,39.5,60,23.78,12184581,72605,74.93,3412.14,0,1200,400,720,240,4200,7500,8500,102,1.5,6000,0,0,0,0,0,71.87,30,72.83,65.28,75.1,0,0
2026-08-14T22:02:46.266000+09:00,2026-08-14T13:02:46.266000+00:00,094623,2186.9,1,0,0,0,0,13378,498,13378,0,0,0,0,4655,-28608,10326,6,4480,0,129,0,0,0,0,0,0,0,0,0,31082107,2018,0.42,1009.86,3196.81,0,51.3,96.7,68,35.6,60.2,524.8,45,613.1,160.3,159.7,1065.9,361974,2082,13.28,89.3,1500,2.74,1.14,29.4,40.1,60,24.6,12184585,72605,77.86,3412.14,0,1200,400,720,240,4200,7500,8500,102,1.5,6000,0,0,0,0,0,71.82,30,65.13,63.43,74.9,0,0
2026-08-14T22:03:46.363000+09:00,2026-08-14T13:03:46.363000+00:00,094623,2200.4,1,0,0,0,0,13378,497,13378,0,0,0,0,4655,-28608,18518,6,4480,528,129,0,0,0,0,0,0,0,0,0,31082107,2018,0.45,989.1,3189.49,0,51.4,98.3,67.7,35.5,60.4,526.1,44.9,610.8,160.6,159.9,1062.1,361974,2082,13.16,89,1500,2.73,1.15,29.6,41,60,24.39,12184589,72605,74.52,3412.15,0,1200,400,720,240,4200,7500,8500,102,1.5,6000,0,0,0,0,0,70.69,30,68.8,61.27,74.7,0,0
2026-08-14T22:04:46.466000+09:00,2026-08-14T13:04:46.466000+00:00,094623,2249.2,1,0,0,0,0,13378,495,13378,0,0,0,0,4655,-28608,10326,6,4480,0,129,0,0,0,0,0,0,0,0,0,31082107,2018,0.47,1006.2,3255.41,0,51.5,98.5,67.4,35.5,60.5,525.7,45.5,610.3,162.1,161.4,1052.2,361974,2082,13.47,89.4,1500,2.71,1.14,29.5,40.3,60,23.71,12184593,72605,73.13,3412.15,0,1200,400,720,240,4200,7500,8500,102,1.5,6000,0,0,0,0,0,69.01,30,70.52,60.91,74.5,0,0
2026-08-14T22:05:46.573000+09:00,2026-08-14T13:05:46.573000+00:00,094623,2328.6,1,0,0,0,0,13378,496,13378,0,0,0,0,4651,-26560,10326,6,4480,0,129,0,0,0,0,0,0,0,0,0,31082107,2018,0.5,1011.08,3339.64,0,51.6,97.4,67.4,35.6,60.5,526.1,45,613.4,162,161.2,1042.2,361975,2083,13.47,90.8,1500,2.71,1.15,29.9,40.5,60,24.54,12184597,72605,74.95,3412.15,0,1200,400,720,240,4200,7500,8500,102,1.5,6000,0,0,0,0,0,68.12,30,67.04,65.31,74.4,0,0
2026-08-14T22:06:46.689000+09:00,2026-08-14T13:06:46.689000+00:00,094623,2443.3,1,0,0,0,0,13378,497,13378,0,0,0,0,4655,-28608,12374,6,4512,72,129,0,0,0,0,0,0,0,0,0,31082107,2018,0.49,1096.53,3539.84,0,51.7,97.7,67.5,35.5,60.7,524.6,44.3,615.2,164.6,164,1060.1,361975,2083,13.49,90.5,1500,2.73,1.15,30,39.4,60,24.23,12184602,72605,79.18,3412.15,0,1200,400,720,240,4200,7500,8500,102,1.5,6000,0,0,0,0,0,67.55,30,67.16,65.66,74.2,0,0
2026-08-14T22:07:46.782000+09:00,2026-08-14T13:07:46.782000+00:00,094623,2456.7,1,0,0,0,0,13378,497,13378,0,0,0,0,4655,-28608,10326,590,4480,8192,129,0,0,0,0,0,0,0,0,0,31082107,2018,0.48,1059.91,3516.65,0,51.8,98.1,67.9,35.5,61,523.6,44.3,615.2,164.6,163.8,1066.8,361975,2083,13.44,89.9,1500,2.72,1.14,29.9,39.1,60,24.52,12184606,72605,76.88,3412.15,0,1200,400,720,240,4200,7500,8500,102,1.5,6000,0,0,0,0,0,68.39,30,68.26,64.02,74,0,0
2026-08-14T22:08:46.861000+09:00,2026-08-14T13:08:46.861000+00:00,094623,2279.7,1,0,0,0,0,13378,498,13378,0,0,0,0,4655,-28608,18518,6,4480,528,129,0,0,0,0,0,0,0,0,0,31082107,2018,0.46,906.09,3185.83,0,51.9,97.9,68.3,35.5,61.1,527.7,44.1,613,163.2,162.2,1057.3,361975,2083,13.33,89.3,1510,2.73,1.14,29.3,40.6,60,24.21,12184610,72605,76.7,3412.15,0,1200,400,720,240,4200,7500,8500,102,1.5,6000,0,0,0,0,0,69.79,30,67.8,61.66,73.8,0,0
2026-08-14T22:09:47.018000+09:00,2026-08-14T13:09:47.018000+00:00,094623,2498.2,1,0,0,0,0,13378,498,13378,0,0,0,0,4651,-28608,10326,6,4480,0,129,0,0,0,0,0,0,0,0,0,31082107,2018,0.49,1091.65,3589.89,0,51.9,97.6,68.3,35.5,61,524.5,44.5,616.4,163.7,162.9,1088,361975,2083,13.35,89.8,1500,2.73,1.15,30,39.2,60,23.68,12184614,72605,73.82,3412.15,0,1200,400,720,240,4200,7500,8500,102,1.5,6000,0,0,0,0,0,70.31,30,66.49,62.42,73.7,0,0
2026-08-14T22:10:47.060000+09:00,2026-08-14T13:10:47.060000+00:00,094623,2504.3,1,0,0,0,0,13378,497,13378,0,0,0,0,4651,-28608,10326,6,4480,0,129,0,0,0,0,0,0,0,0,0,31082107,2018,0.52,1044.04,3548.39,0,51.9,97.7,68.4,35.5,61.1,525.7,44.6,618.6,165.6,165,1086,361975,2083,13.28,90.2,1500,2.73,1.14,29.8,39.2,60,24.53,12184618,72605,75.97,3412.15,0,1200,400,720,240,4200,7500,8500,102,1.5,6000,0,0,0,0,0,71.04,30,66.24,63.93,73.5,0,0
2026-08-14T22:11:47.153000+09:00,2026-08-14T13:11:47.153000+00:00,094623,2523.9,1,0,0,0,0,13378,495,13378,0,0,0,0,4651,-28608,12374,518,4512,72,129,0,0,0,0,0,0,0,0,0,31082107,2018,0.52,1053.8,3577.68,0,51.9,98,68.6,35.5,61.3,525.3,44.6,618.3,164.3,163.5,1104.5,361976,2084,13.4,90.7,1490,2.69,1.15,30,39.1,60,24.11,12184622,72605,75.96,3412.16,0,1200,400,720,240,4200,7500,8500,102,1.5,6000,0,0,0,0,0,72.35,30,66.95,66.08,73.3,0,0
2026-08-14T22:12:47.244000+09:00,2026-08-14T13:12:47.244000+00:00,094623,1357.8,1,0,0,0,0,13378,517,13378,0,0,0,0,4655,-28608,10326,6,4992,0,129,0,0,0,0,0,0,0,0,0,31082107,2018,0.45,633.87,1991.64,0,51.9,98.5,68.7,35.5,61,523.3,45.4,609.1,154,153,1062.5,361976,2084,12.74,91.1,1550,2.93,1.03,21.8,33.8,60,14.39,12184624,72605,73.47,3412.16,0,1200,400,720,240,4200,7500,8500,102,1.5,6000,0,0,0,0,0,65.93,30,61.36,61.45,73.1,0,0
2026-08-14T22:13:47.342000+09:00,2026-08-14T13:13:47.342000+00:00,094623,1345.6,1,0,0,0,0,13378,518,13378,0,0,0,0,4655,-28608,18582,6,4992,0,129,0,0,0,0,0,0,0,0,0,31082107,2018,0.35,636.31,1981.87,0,51.7,98.4,68.4,35.6,60.2,521.1,47,603.1,146.6,145.6,1028.7,361976,2084,13.43,90.7,1560,2.93,1.05,22.5,35.1,60,15.77,12184626,72605,64.4,3412.16,0,1200,400,720,240,4200,7500,8500,102,1.5,6000,0,0,0,0,0,66.53,30,61.62,62.06,73,0,0
2026-08-14T22:14:47.445000+09:00,2026-08-14T13:14:47.445000+00:00,094623,1992.9,1,0,0,0,0,13378,497,13378,0,0,0,0,4651,-28608,10326,6,4480,0,129,0,0,0,0,0,0,0,0,0,31082107,2018,0.44,886.56,2879.42,0,51.5,98.7,68,35.6,59.6,521.7,45.6,610.3,151.5,150.6,1039,361976,2084,12.96,89.3,1500,2.74,1.15,29.3,42.5,60,24.31,12184630,72605,70.9,3412.16,0,1200,400,720,240,4200,7500,8500,102,1.5,6000,0,0,0,0,0,72.62,30,69.89,65.78,72.8,0,0
2026-08-14T22:15:47.539000+09:00,2026-08-14T13:15:47.539000+00:00,094623,2077.1,1,0,0,0,0,13378,497,13378,0,0,0,0,4655,-28608,10390,6,20864,0,129,0,0,0,0,0,0,0,0,0,31082107,2018,0.38,848.72,2925.81,0,51.6,97.6,67.6,35.6,59.7,526.6,44.7,612.4,155.5,154.9,1039.8,361976,2084,13.37,88.3,1500,2.74,1.14,29.1,42.1,60,24.56,12184634,72605,76.86,3412.16,0,1200,400,720,240,4200,7500,8500,102,1.5,6000,0,0,0,0,0,71.28,30,68.45,60.38,72.6,0,0
2026-08-14T22:16:47.645000+09:00,2026-08-14T13:16:47.645000+00:00,094623,2215.0,1,0,0,0,0,13378,497,13378,0,0,0,0,4651,-28608,12374,6,4512,72,129,0,0,0,0,0,0,0,0,0,31082107,2018,0.48,1006.2,3221.23,0,51.4,97.8,67.2,35.6,59.9,526.2,44.7,614.5,157.7,157.2,1045,361976,2084,13.15,89.4,1500,2.73,1.17,29.9,41.6,60,24.21,12184638,72605,69.86,3412.16,0,1200,400,720,240,4200,7500,8500,102,1.5,6000,0,0,0,0,0,69.17,30,67.39,61.68,72.5,0,0
2026-08-14T22:17:47.751000+09:00,2026-08-14T13:17:47.751000+00:00,094623,2472.6,1,0,0,0,0,13378,498,13378,0,0,0,0,4655,-28608,10342,6,12676,0,129,0,0,0,0,0,0,0,0,0,31082107,2018,0.49,1140.48,3613.09,0,51.4,98.6,67,35.6,60.1,522.4,45.2,616.2,163.1,162.9,1039.8,361977,2085,13.33,90.6,1510,2.73,1.14,30.1,39,60,24.34,12184642,72605,74.32,3412.16,0,1200,400,720,240,4200,7500,8500,102,1.5,6000,0,0,0,0,0,67.06,30,71.15,65.1,72.3,0,0
2026-08-14T22:18:47.850000+09:00,2026-08-14T13:18:47.850000+00:00,094623,1781.4,1,0,0,0,0,13378,501,13378,0,0,0,0,4655,-28608,10326,6,4992,0,129,0,0,0,0,0,0,0,0,0,31082107,2018,0.43,762.05,2543.41,0,51.5,97.2,67.7,35.5,60.6,526.1,45,616.1,161.2,160.7,1047.8,361977,2085,13.27,89.9,1510,2.81,1.1,24.2,35.1,60,14.71,12184645,72605,78.75,3412.16,0,1200,400,720,240,4200,7500,8500,102,1.5,6000,0,0,0,0,0,61.93,30,59.91,57.55,72.1,0,0
2026-08-14T22:19:47.943000+09:00,2026-08-14T13:19:47.943000+00:00,094623,1610.5,1,0,0,0,0,13378,491,13378,0,0,0,0,4651,-28608,10326,6,4992,0,129,0,0,0,0,0,0,0,0,0,31082107,2018,0.44,823.08,2433.55,0,51.3,97.8,68.8,35.6,60.1,525,44.8,603.2,147.1,146.2,1028.3,361977,2085,13.49,91.1,1570,2.78,1.15,25.6,37.9,60,10.06,12184648,72605,60.94,3412.17,0,1200,400,720,240,4200,7500,8500,102,1.5,6000,0,0,0,0,0,63.82,30,59.61,59.57,72,0,0
2026-08-14T22:20:48.041000+09:00,2026-08-14T13:20:48.041000+00:00,094623,1608.0,1,0,0,0,0,13378,493,13378,0,0,0,0,4651,-28608,10326,518,4480,0,129,0,0,0,0,0,0,0,0,0,31082107,2018,0.35,746.18,2354.2,0,51.2,98.2,68.8,35.6,59.3,520.8,46,595,142.6,141.5,1035.7,361977,2085,13.26,90.8,1490,2.74,1.2,27,42.5,60,18.2,12184650,72605,66.74,3412.17,0,1200,400,720,240,4200,7500,8500,102,1.5,6000,0,0,0,0,0,69.58,30,64.62,64.78,71.8,0,0
2026-08-14T22:21:48.138000+09:00,2026-08-14T13:21:48.138000+00:00,094623,2333.4,1,0,0,0,0,13378,498,13378,0,0,0,0,4655,-26560,12374,6,4512,8,129,0,0,0,0,0,0,0,0,0,31082107,2018,0.42,1081.88,3415.33,0,51.2,99.7,67.9,35.6,59.2,519.5,46.8,608.1,156.5,155.9,1047.6,361977,2085,13.26,88.9,1510,2.75,1.14,30,39.4,60,23.98,12184654,72605,77,3412.17,0,1200,400,720,240,4200,7500,8500,102,1.5,6000,0,0,0,0,0,70.98,30,73.61,63.11,71.7,0,0
2026-08-14T22:22:48.228000+09:00,2026-08-14T13:22:48.228000+00:00,094623,1937.6,1,0,0,0,0,13378,497,13378,0,0,0,0,4651,-28608,10326,6,4480,0,129,0,0,0,0,0,0,0,0,0,31082107,2018,0.4,784.02,2721.64,0,51.2,96.2,67.9,35.6,59.6,529.7,47.2,607.4,155.4,154.8,1028.4,361977,2085,13.26,88.7,1500,2.73,1.14,28.7,43.2,60,24.58,12184658,72605,75.67,3412.17,0,1200,400,720,240,4200,7500,8500,102,1.5,6000,0,0,0,0,0,70.83,30,63.61,60.01,71.5,0,0
2026-08-14T22:23:48.322000+09:00,2026-08-14T13:23:48.322000+00:00,094623,2110.1,1,0,0,0,0,13378,497,13378,0,0,0,0,4651,-28608,10326,6,4480,0,129,0,0,0,0,0,0,0,0,0,31082107,2018,0.5,859.71,2969.76,0,51.2,99.1,67.4,35.7,59.5,528.9,46.1,606.9,155.8,155.2,1016,361978,2086,13.38,90.1,1510,2.74,1.16,29.4,42.6,60,24.55,12184662,72605,69.8,3412.17,0,1200,400,720,240,4200,7500,8500,102,1.5,6000,0,0,0,0,0,68.75,30,71.12,63.31,71.4,0,0
2026-08-14T22:24:48.421000+09:00,2026-08-14T13:24:48.421000+00:00,094623,2337.1,1,0,0,0,0,13378,496,13378,0,0,0,0,4655,-28608,10326,6,4480,0,129,0,0,0,0,0,0,0,0,0,31082107,2018,0.45,1133.15,3470.26,0,51.4,97.6,67.2,35.7,59.6,525.1,47.1,609,158,157.4,1057.8,361978,2086,13.33,90.6,1500,2.73,1.16,30.1,40.1,60,24.56,12184666,72605,79.6,3412.17,0,1200,400,720,240,4200,7500,8500,102,1.5,6000,0,0,0,0,0,66.95,30,67.85,65.9,71.2,0,0
2026-08-14T22:25:48.520000+09:00,2026-08-14T13:25:48.520000+00:00,094623,2437.2,1,0,0,0,0,13378,497,13378,0,0,0,0,4651,-28608,10326,6,4480,0,129,0,0,0,0,0,0,0,0,0,31082107,2018,0.46,1098.97,3536.18,0,51.5,97.8,67.5,35.7,60,523.9,45.8,612.4,162.3,161.7,1061.2,361978,2086,13.22,89.6,1500,2.73,1.14,29.8,38.8,60,24.65,12184670,72605,76.68,3412.17,0,1200,400,720,240,4200,7500,8500,102,1.5,6000,0,0,0,0,0,66.77,30,67.35,63.29,71,0,0
2026-08-14T22:26:48.612000+09:00,2026-08-14T13:26:48.612000+00:00,094623,2547.1,1,0,0,0,0,13378,498,13378,0,0,0,0,4651,-28608,18518,6,4480,528,129,0,0,0,0,0,0,0,0,0,31082107,2018,0.48,1181.98,3729.06,0,51.5,98.9,67.8,35.7,60.4,521.9,47.3,612.2,163.5,163.1,1087,361978,2086,13.49,89,1500,2.73,1.15,30.4,38.7,60,24.4,12184674,72605,74.75,3412.17,0,1200,400,720,240,4200,7500,8500,102,1.5,6000,0,0,0,0,0,67.17,30,71.33,60.57,70.9,0,0
2026-08-14T22:27:48.715000+09:00,2026-08-14T13:27:48.715000+00:00,094623,1197.5,1,0,0,0,0,13378,498,13378,0,0,0,0,4651,-28608,10326,6,4992,0,129,0,0,0,0,0,0,0,0,0,31082107,2018,0.44,154.12,1351.66,0,51.5,97.4,68.6,35.6,60.4,526.9,46.3,603.1,154.4,153.7,1064,361978,2086,13.32,90.2,1470,2.8,0.84,23.1,37.5,60,11.41,12184677,72605,65.87,3412.18,0,1200,400,720,240,4200,7500,8500,102,1.5,6000,0,0,0,0,0,61.66,30,59.76,55.45,70.7,0,0
2026-08-14T22:28:48.827000+09:00,2026-08-14T13:28:48.827000+00:00,094623,1250.3,1,0,0,0,0,13378,497,13378,0,0,0,0,4651,-28608,10326,6,4992,0,129,0,0,0,0,0,0,0,0,0,31082107,2018,0.42,508.13,1758.48,0,51.2,98.5,69.2,35.6,59.6,527.1,48.4,594.6,144.8,143.8,1042.4,361978,2086,13.25,90.9,1500,2.78,1.13,22.5,38.9,60,11.35,12184679,72605,57.74,3412.18,0,1200,400,720,240,4200,7500,8500,102,1.5,6000,0,0,0,0,0,64.96,30,62.11,57.75,70.5,0,0
2026-08-14T22:29:48.934000+09:00,2026-08-14T13:29:48.934000+00:00,094623,2270.0,1,0,0,0,0,13378,499,13378,0,0,0,0,4651,-28608,8278,590,4480,8200,129,0,0,0,0,0,0,0,0,0,31082107,2018,0.43,1100.19,3370.16,0,51.1,96.5,68.7,35.7,59,516.5,47,598.8,150.7,150.1,1047.9,361979,2087,13.43,92.3,1500,2.74,1.16,29.9,39.9,60,23.45,12184682,72605,75.75,3412.18,0,1200,400,720,240,4200,7500,8500,102,1.5,6000,0,0,0,0,0,72.76,30,62.83,73.84,70.4,0,0
2026-08-14T22:30:49.040000+09:00,2026-08-14T13:30:49.040000+00:00,094623,2189.4,1,0,0,0,0,13378,497,13378,0,0,0,0,4651,-28608,10326,6,4480,0,129,0,0,0,0,0,0,0,0,0,31082107,2018,0.32,902.43,3091.83,0,51.3,98.6,68.3,35.7,59.5,523.4,46.8,608.7,158.8,158.3,1025,361979,2087,13.51,87.2,1500,2.73,1.14,29.5,40.9,60,24.6,12184686,72605,77.11,3412.18,0,1200,400,720,240,4200,7500,8500,102,1.5,6000,0,0,0,0,0,72.43,30,71.51,56.62,70.2,0,0
2026-08-14T22:31:49.138000+09:00,2026-08-14T13:31:49.138000+00:00,094623,2351.8,1,0,0,0,0,13378,495,13378,0,0,0,0,4655,-26560,18518,6,4481,528,129,0,0,0,0,0,0,0,0,0,31082107,2018,0.48,1120.94,3472.7,0,51.2,97.5,67.9,35.7,59.7,522.4,45.8,612.1,160.7,160.2,1023.5,361979,2087,13.5,89.7,1490,2.73,1.16,30,39.7,60,24.09,12184690,72605,67.51,3412.18,0,1200,400,720,240,4200,7500,8500,102,1.5,6000,0,0,0,0,0,71.43,30,65.91,61.72,70.1,0,0
2026-08-14T22:32:49.238000+09:00,2026-08-14T13:32:49.238000+00:00,094623,2487.3,1,0,0,0,0,13378,496,13378,0,0,0,0,4655,-28608,10390,582,20864,0,129,0,0,0,0,0,0,0,0,0,31082107,2018,0.46,1141.7,3628.96,0,51.3,98.3,67.6,35.6,60,522.2,47.3,611.6,163,162.4,1041.6,361979,2087,13.25,90.7,1490,2.73,1.15,30.1,38.6,60,23.78,12184694,72605,79.02,3412.18,0,1200,400,720,240,4200,7500,8500,102,1.5,6000,0,0,0,0,0,70.08,30,70.03,65.49,69.9,0,0
2026-08-14T22:33:49.344000+09:00,2026-08-14T13:33:49.344000+00:00,094623,1916.9,1,0,0,0,0,13378,518,13378,0,0,0,0,4651,-28608,10326,6,4992,0,129,0,0,0,0,0,0,0,0,0,31082107,2018,0.43,876.8,2793.66,0,51.4,98,67.9,35.5,60.2,522.7,46.8,607.3,156.1,155.5,1023.8,361979,2087,13.45,90.1,1580,2.92,1.09,26,35.9,60,12.07,12184697,72605,74.73,3412.18,0,1200,400,720,240,4200,7500,8500,102,1.5,6000,0,0,0,0,0,65.33,30,62.95,59.16,69.8,0,0
2026-08-14T22:34:49.449000+09:00,2026-08-14T13:34:49.449000+00:00,094623,1704.5,1,0,0,0,0,13378,475,13378,0,0,0,0,4651,-28608,12438,6,21408,72,129,0,0,0,0,0,0,0,0,0,31082107,2018,0.42,766.93,2471.39,0,51.1,97.2,68.5,35.6,59.5,525.5,48.2,597.2,144.3,143.4,1019.5,361979,2087,13.47,91.5,1490,2.61,1.23,26.2,38.7,60,11.18,12184699,72605,64.55,3412.18,0,1200,400,720,240,4200,7500,8500,102,1.5,6000,0,0,0,0,0,64.46,30,57.44,61.37,69.6,0,0
2026-08-14T22:35:49.538000+09:00,2026-08-14T13:35:49.538000+00:00,094623,2196.7,1,0,0,0,0,13378,495,13378,0,0,0,0,4651,-28608,10326,6,4480,0,129,0,0,0,0,0,0,0,0,0,31082107,2018,0.45,1046.48,3243.2,0,51.1,98.3,68.1,35.6,58.8,514.9,46.4,600.3,147.8,147,1036.8,361980,2088,13.09,91,1490,2.74,1.19,29.9,40.7,60,23.08,12184702,72605,63.78,3412.18,0,1200,400,720,240,4200,7500,8500,102,1.5,6000,0,0,0,0,0,71.33,30,67.93,68.63,69.5,0,0
2026-08-14T22:36:49.646000+09:00,2026-08-14T13:36:49.646000+00:00,094623,2327.3,1,0,0,0,0,13378,495,13378,0,0,0,0,4651,-28608,18534,6,12676,528,129,0,0,0,0,0,0,0,0,0,31082107,2018,0.4,1025.73,3353.07,0,51.2,99.2,68,35.5,59.2,521.2,47.2,608.7,158.5,157.9,1021.4,361980,2088,13.35,88.7,1500,2.75,1.16,30,40.3,60,24.23,12184706,72605,78.29,3412.19,0,1200,400,720,240,4200,7500,8500,102,1.5,6000,0,0,0,0,0,71.77,30,73.04,62.26,69.3,0,0
2026-08-14T22:37:49.742000+09:00,2026-08-14T13:37:49.742000+00:00,094623,2300.5,1,0,0,0,0,13378,496,13378,0,0,0,0,4651,-28608,10326,6,4480,0,129,0,0,0,0,0,0,0,0,0,31082107,2018,0.44,1084.32,3384.81,0,51.2,96.7,68,35.6,59.6,523.3,46.1,610.8,160.6,160.1,1094.4,361980,2088,13.23,89,1500,2.74,1.15,29.7,40,60,24.52,12184710,72605,71.1,3412.19,0,1200,400,720,240,4200,7500,8500,102,1.5,6000,0,0,0,0,0,71.9,30,64.59,60.89,69.2,0,0
2026-08-14T22:38:49.855000+09:00,2026-08-14T13:38:49.855000+00:00,094623,2501.9,1,0,0,0,0,13378,497,13378,0,0,0,0,4651,-28608,10326,6,4480,0,129,0,0,0,0,0,0,0,0,0,31082107,2018,0.51,1153.9,3655.81,0,51.2,99.2,67.7,35.5,59.8,522.3,44.9,610.9,162.6,162,1074.2,361980,2088,13.04,90.1,1500,2.75,1.16,30.4,39.1,60,24.54,12184714,72605,72.03,3412.19,0,1200,400,720,240,4200,7500,8500,102,1.5,6000,0,0,0,0,0,70.82,30,72.32,63.61,69.1,0,0
2026-08-14T22:39:49.940000+09:00,2026-08-14T13:39:49.940000+00:00,094623,2412.8,1,0,0,0,0,13378,495,13378,0,0,0,0,4651,-28608,12374,6,4512,72,129,0,0,0,0,0,0,0,0,0,31082107,2018,0.48,986.66,3399.46,0,51.3,97.6,67.7,35.5,60.1,524.1,44.9,611.9,163.3,162.8,1046.5,361980,2088,12.86,90.5,1500,2.73,1.15,29.8,39.8,60,24.54,12184718,72605,78.82,3412.19,0,1200,400,720,240,4200,7500,8500,102,1.5,6000,0,0,0,0,0,70.23,30,68.25,65.64,68.9,0,0
2026-08-14T22:40:50.029000+09:00,2026-08-14T13:40:50.029000+00:00,094623,2565.4,1,0,0,0,0,13378,497,13378,0,0,0,0,4655,-28608,10326,6,4480,0,129,0,0,0,0,0,0,0,0,0,31082107,2018,0.47,1213.72,3779.11,0,51.4,97.4,67.8,35.5,60.2,522.6,45.5,612.3,164.7,164.2,1051.2,361980,2088,13.32,89.9,1500,2.73,1.17,30.6,38.9,60,24.62,12184722,72605,78.58,3412.19,0,1200,400,720,240,4200,7500,8500,102,1.5,6000,0,0,0,0,0,70.28,30,66.41,64.29,68.7,0,0
2026-08-14T22:41:50.128000+09:00,2026-08-14T13:41:50.128000+00:00,094623,1512.8,1,0,0,0,0,13378,520,13378,0,0,0,0,4651,-28608,18518,6,4992,528,129,0,0,0,0,0,0,0,0,0,31082107,2018,0.42,647.3,2160.1,0,51.4,97.7,68.1,35.5,60.1,522.1,47.1,604.6,152.9,152.3,1043.6,361981,2089,13,90.3,1560,2.96,1.04,23.2,34.8,60,16.46,12184725,72605,66.89,3412.19,0,1200,400,720,240,4200,7500,8500,102,1.5,6000,0,0,0,0,0,64.79,30,61.52,59.2,68.6,0,0
2026-08-14T22:42:50.210000+09:00,2026-08-14T13:42:50.210000+00:00,094623,1461.5,1,0,0,0,0,13378,521,13378,0,0,0,0,4651,-28608,10326,6,4992,0,129,0,0,0,0,0,0,0,0,0,31082107,2018,0.38,632.65,2094.18,0,51.2,99.3,68.4,35.6,59.3,521.6,46.9,597.2,144.6,143.6,1021.4,361981,2089,13.57,90.3,1570,2.95,1.06,23.3,36.1,60,16.53,12184727,72605,57.47,3412.19,0,1200,400,720,240,4200,7500,8500,102,1.5,6000,0,0,0,0,0,66.75,30,66.14,59.45,68.5,0,0
2026-08-14T22:43:50.298000+09:00,2026-08-14T13:43:50.298000+00:00,094623,2171.1,1,0,0,0,0,13378,498,13378,0,0,0,0,4655,-28608,10326,590,4480,8192,129,0,0,0,0,2,0,0,0,0,31082107,2018,0.2,957.37,3128.45,0,51.1,98.1,68.2,35.6,58.8,518.9,46.8,601.4,150.5,149.7,1059.7,361981,2089,13.37,92.4,1500,2.75,1.17,29.9,41.7,60,24.27,12184730,72605,75.87,3412.19,0,1200,400,720,240,4200,7500,8500,102,1.5,6000,0,0,0,0,0,72.09,30,68.51,73.98,68.3,0,0
2026-08-14T22:44:50.392000+09:00,2026-08-14T13:44:50.392000+00:00,094623,2182.1,1,0,0,0,0,13378,497,13378,0,0,0,0,4651,-28608,12374,6,4512,72,129,0,0,0,0,2,0,0,0,0,31082107,2018,0.16,934.17,3116.24,0,51.3,97.8,68.2,35.7,59.2,524.2,46.9,605.2,156.7,156.1,1049.4,361981,2089,12.99,87.3,1500,2.75,1.15,29.4,41.6,60,24.33,12184734,72605,84.1,3412.2,0,1200,400,720,240,4200,7500,8500,102,1.5,6000,0,0,0,0,0,72.5,30,71,57.85,68.2,0,0
2026-08-14T22:45:50.489000+09:00,2026-08-14T13:45:50.489000+00:00,094623,2631.3,1,0,0,0,0,13378,497,13378,0,0,0,0,4655,-26560,10326,6,4480,0,129,0,0,0,0,2,0,0,0,0,31082107,2018,0.33,1229.59,3860.9,0,51.1,97.6,67.8,35.6,59.4,518.6,52.3,613.2,161.1,160.7,1070.8,361981,2089,13.37,89.4,1500,2.74,1.15,30.7,38.2,60,24.58,12184738,72605,66.51,3412.2,0,1200,400,720,240,4200,7500,8500,102,1.5,6000,0,0,0,0,0,71.42,30,67.01,61.82,68.1,0,0
2026-08-14T22:46:50.579000+09:00,2026-08-14T13:46:50.579000+00:00,094623,1747.2,1,0,0,0,0,13378,522,13378,0,0,0,0,4651,-28608,18518,6,4992,16,129,0,0,0,0,0,0,0,0,0,31082107,2018,0.4,847.5,2594.68,0,51.2,97.9,67.9,35.5,59.5,521.5,48.9,607,152.6,151.8,1042,361981,2089,13.54,92.1,1570,2.97,1.1,25.1,35.3,60,10.3,12184741,72605,71.75,3412.2,0,1200,400,720,240,4200,7500,8500,102,1.5,6000,0,0,0,0,0,66.43,30,64.57,67.41,67.9,0,0
2026-08-14T22:47:50.679000+09:00,2026-08-14T13:47:50.679000+00:00,094623,1760.6,1,0,0,0,0,13378,520,13378,0,0,0,0,4651,-26560,10326,6,4992,0,129,0,0,0,0,2,0,0,0,0,31082107,2018,0.26,917.08,2677.69,0,51.1,98.7,68.5,35.5,59.1,519.4,49,601.3,145.7,144.8,1035.4,361982,2090,13.49,90.1,1580,2.9,1.13,26.2,37,60,11.17,12184743,72605,62.92,3412.2,0,1200,400,720,240,4200,7500,8500,102,1.5,6000,0,0,0,0,0,68.78,30,65.82,62.57,67.8,0,0
2026-08-14T22:48:50.765000+09:00,2026-08-14T13:48:50.765000+00:00,094623,2201.6,1,0,0,0,0,13378,497,13378,0,0,0,0,4651,-28608,10326,6,4480,0,129,0,0,0,0,2,0,0,0,0,31082107,2018,0.26,1056.25,3257.85,0,50.9,97,68,35.6,58.7,516.2,47.5,606.4,153.6,152.9,1074.9,361982,2090,13.31,90.1,1500,2.74,1.15,29.7,40,60,24.31,12184746,72605,67.54,3412.2,0,1200,400,720,240,4200,7500,8500,102,1.5,6000,0,0,0,0,0,72.35,30,66.65,66.56,67.6,0,0
2026-08-14T22:49:50.867000+09:00,2026-08-14T13:49:50.867000+00:00,094623,1973.0,1,0,0,0,0,13378,497,13378,0,0,0,0,4655,-28608,12374,6,4512,72,129,0,0,0,0,2,0,0,0,0,31082107,2018,0.21,820.64,2793.66,0,51.1,98.2,67.5,35.6,59,527.9,50.7,607.9,154.9,154.3,1031.7,361982,2090,13.32,89.6,1500,2.74,1.15,28.8,43,60,23.33,12184750,72605,77.42,3412.2,0,1200,400,720,240,4200,7500,8500,102,1.5,6000,0,0,0,0,0,70.5,30,69.31,65.45,67.5,0,0
2026-08-14T22:50:50.974000+09:00,2026-08-14T13:50:50.974000+00:00,094623,2201.6,1,0,0,0,0,13378,496,13378,0,0,0,0,4655,-28608,10326,6,4480,0,129,0,0,0,0,2,0,0,0,0,31082107,2018,0.22,913.42,3115.02,0,51.1,98.8,67.2,35.6,58.9,525.8,49.5,611.7,155.9,155.3,1042.5,361982,2090,13.51,88.7,1500,2.75,1.16,29.6,42,60,24.53,12184754,72605,75.9,3412.2,0,1200,400,720,240,4200,7500,8500,102,1.5,6000,0,0,0,0,0,68.69,30,72.59,61.21,67.4,0,0
2026-08-14T22:51:51.076000+09:00,2026-08-14T13:51:51.076000+00:00,094623,2326.1,1,0,0,0,0,13378,495,13378,0,0,0,0,4655,-26560,10390,14,20864,8192,129,0,0,0,0,2,0,0,0,0,31082107,2018,0.29,991.55,3317.67,0,51.1,96.9,67,35.6,59.1,525.9,47.9,612.5,158.9,158.4,1022.6,361982,2090,13.38,89.5,1500,2.71,1.16,29.8,40.8,60,24.38,12184758,72605,73.18,3412.2,0,1200,400,720,240,4200,7500,8500,102,1.5,6000,0,0,0,0,0,66.59,30,66.57,61.87,67.2,0,0
2026-08-14T22:52:51.221000+09:00,2026-08-14T13:52:51.221000+00:00,094623,2624.0,1,0,0,0,0,13378,496,13378,0,0,0,0,4651,-28608,10326,6,4480,0,129,0,0,0,0,2,0,0,0,0,31082107,2018,0.26,1211.28,3835.26,0,51.2,98.1,67.5,35.6,59.5,521.3,47,611.7,162.8,162.4,1059.8,361982,2090,13.29,91.6,1490,2.72,1.15,30.5,38.3,60,24.54,12184762,72605,74.69,3412.21,0,1200,400,720,240,4200,7500,8500,102,1.5,6000,0,0,0,0,0,66.85,30,68.84,69.36,67.1,0,0
2026-08-14T22:53:51.286000+09:00,2026-08-14T13:53:51.286000+00:00,094623,1449.3,1,0,0,0,0,13378,495,13378,0,0,0,0,4655,-28608,10390,6,21376,0,129,0,0,0,0,2,0,0,0,0,31082107,2018,0.19,443.43,1892.76,0,51.2,98.2,68.5,35.6,59.7,524.8,48.5,605.4,155,154.1,1037.3,361983,2091,13.28,89.2,1420,2.78,1.65,24.1,38.7,60,11.24,12184765,72605,75.04,3412.21,0,1200,400,720,240,4200,7500,8500,102,1.5,6000,0,0,0,0,0,61.7,30,63.32,54.51,67,0,0
2026-08-14T22:54:51.371000+09:00,2026-08-14T13:54:51.371000+00:00,094623,1282.1,1,0,0,0,0,13378,498,13378,0,0,0,0,4651,-28608,12374,6,4992,0,129,0,0,0,0,2,0,0,0,0,31082107,2018,0.31,401.93,1684.01,0,50.9,97,69.4,35.6,59.1,523.5,48.2,602.6,146.1,145.1,1050.6,361983,2091,13.44,90.5,1490,2.81,0.87,23.3,39,60,11.08,12184767,72605,56.47,3412.21,0,1200,400,720,240,4200,7500,8500,102,1.5,6000,0,0,0,0,0,66.06,30,56.99,58.14,66.8,0,0
2026-08-14T22:55:51.475000+09:00,2026-08-14T13:55:51.475000+00:00,094623,2316.3,1,0,0,0,0,13378,498,13378,0,0,0,0,4651,-28608,10342,6,12676,0,129,0,0,0,0,2,0,0,0,0,31082107,2018,0.2,1089.21,3405.56,0,50.9,99.1,68.5,35.7,58.5,515.2,48.7,608.8,152.1,151.6,1051.5,361983,2091,13.26,91.2,1500,2.75,1.15,30,39.5,60,24.17,12184770,72605,74.1,3412.21,0,1200,400,720,240,4200,7500,8500,102,1.5,6000,0,0,0,0,0,72.63,30,72.02,70.65,66.7,0,0
2026-08-14T22:56:51.586000+09:00,2026-08-14T13:56:51.586000+00:00,094623,2024.3,1,0,0,0,0,13378,497,13378,0,0,0,0,4651,-28608,10326,6,4480,0,129,0,0,0,0,2,0,0,0,0,31082107,2018,0.22,744.96,2769.25,0,51.1,96.6,68.3,35.6,59,526.9,47.8,608,155.9,155.2,1029.5,361983,2091,13.25,87.6,1500,2.73,1.14,28.8,43.1,60,24.51,12184774,72605,82.55,3412.21,0,1200,400,720,240,4200,7500,8500,102,1.5,6000,0,0,0,0,0,72.7,30,66.72,58.2,66.6,0,0
2026-08-14T22:57:51.698000+09:00,2026-08-14T13:57:51.698000+00:00,094623,2173.5,1,0,0,0,0,13378,495,13378,0,0,0,0,4651,-28608,10326,6,4480,0,129,0,0,0,0,0,0,0,0,0,31082107,2018,0.49,874.35,3047.88,0,50.9,97.8,67.7,35.7,58.9,527.7,48,606.8,155,154.5,1033.5,361983,2091,13.31,89.3,1500,2.74,1.16,29.4,42.1,60,24.46,12184778,72605,65.91,3412.21,0,1200,400,720,240,4200,7500,8500,102,1.5,6000,0,0,0,0,0,70.89,30,66.94,60.57,66.4,0,0
2026-08-14T22:58:51.793000+09:00,2026-08-14T13:58:51.793000+00:00,094623,2417.7,1,0,0,0,0,13378,497,13378,0,0,0,0,4651,-28608,10326,6,4480,0,129,0,0,0,0,0,0,0,0,0,31082107,2018,0.47,1018.4,3436.08,0,51.1,97.8,67.1,35.6,59,524.8,48.2,610.5,157.9,157.3,1052.4,361983,2091,13.38,90.9,1500,2.73,1.16,29.9,39.9,60,24.57,12184782,72605,77,3412.21,0,1200,400,720,240,4200,7500,8500,102,1.5,6000,0,0,0,0,0,68.24,30,68.72,65.98,66.4,0,0
2026-08-14T22:59:51.954000+09:00,2026-08-14T13:59:51.954000+00:00,094623,2100.3,1,0,0,0,0,13378,502,13378,0,0,0,0,4651,-28608,18518,6,4992,528,129,0,0,0,0,0,0,0,0,0,31082107,2018,0.47,871.91,2972.2,0,51.2,98,67.3,35.6,59.4,526.1,47.8,614.9,160.6,160.1,1078.1,361984,2092,13.31,90.3,1510,2.81,1.1,26.1,35.9,60,18.74,12184786,72605,77.12,3412.21,0,1200,400,720,240,4200,7500,8500,102,1.5,6000,0,0,0,0,0,63.78,30,64.27,61.18,66.2,0,0
2026-08-14T23:00:52+09:00,2026-08-14T14:00:52+00:00,094623,1337.0,1,0,0,0,0,13378,499,13378,0,0,0,0,4655,-28608,10326,6,4992,0,129,0,0,0,0,0,0,0,0,0,31082107,2018,0.42,547.2,1884.21,0,51,97.1,68.5,35.5,59.1,523.2,49,604.1,147.4,146.4,1030,361984,2092,13.29,90.7,1490,2.85,1.05,21.5,34.5,60,11.74,12184788,72605,66.03,3412.21,0,1200,400,720,240,4200,7500,8500,102,1.5,6000,0,0,0,0,0,62.94,30,57.4,58.48,66.1,0,0
2026-08-14T23:01:52.098000+09:00,2026-08-14T14:01:52.098000+00:00,094623,1555.5,1,0,0,0,0,13378,494,13378,0,0,0,0,4651,-28608,10326,6,4480,0,129,0,0,0,0,0,0,0,0,0,31082107,2018,0.32,649.74,2205.27,0,50.9,99.9,68.7,35.6,58.5,521.7,48.5,600.8,143.5,142.7,1018.2,361984,2092,13.22,90.5,1490,2.8,1.18,25.1,40,60,14.1,12184790,72605,61.74,3412.22,0,1200,400,720,240,4200,7500,8500,102,1.5,6000,0,0,0,0,0,66.51,30,67.21,60.78,65.9,0,0
2026-08-14T23:02:52.204000+09:00,2026-08-14T14:02:52.204000+00:00,094623,2304.1,1,0,0,0,0,13378,498,13378,0,0,0,0,4655,-28608,10326,6,4480,0,129,0,0,0,0,2,0,0,0,0,31082107,2018,0.18,979.34,3283.49,0,50.9,98.3,68.2,35.6,58.5,519,48.2,612.5,153.7,153.5,1070.2,361984,2092,13.29,89.9,1500,2.78,1.14,29.5,39.8,60,24.6,12184794,72605,80.26,3412.22,0,1200,400,720,240,4200,7500,8500,102,1.5,6000,0,0,0,0,0,71.76,30,69.71,66.58,65.8,0,0
2026-08-14T23:03:52.316000+09:00,2026-08-14T14:03:52.316000+00:00,094623,2215.0,1,0,0,0,0,13378,494,13378,0,0,0,0,4655,-28608,10326,6,4480,0,129,0,0,0,0,2,0,0,0,0,31082107,2018,0.21,998.87,3213.9,0,50.9,98.6,68,35.6,58.9,524.3,47.6,609.7,156.1,155.5,1039,361984,2092,12.99,88.2,1490,2.75,1.17,29.7,41.3,60,24.12,12184798,72605,74.56,3412.22,0,1200,400,720,240,4200,7500,8500,102,1.5,6000,0,0,0,0,0,71.25,30,71.86,59.1,65.7,0,0
2026-08-14T23:04:52.402000+09:00,2026-08-14T14:04:52.402000+00:00,094623,2368.8,1,0,0,0,0,13378,496,13378,0,0,0,0,4651,-28608,18518,6,4480,528,129,0,0,0,0,2,0,0,0,0,31082107,2018,0.3,979.34,3348.19,0,50.9,96.6,67.6,35.6,59,524,46.8,609.8,157.5,157,1023.3,361984,2092,13.27,89.2,1500,2.75,1.16,29.8,40.5,60,24.46,12184802,72605,72.99,3412.22,0,1200,400,720,240,4200,7500,8500,102,1.5,6000,0,0,0,0,0,69.88,30,64.87,60.29,65.6,0,0
2026-08-14T23:05:52.502000+09:00,2026-08-14T14:05:52.502000+00:00,094623,2342.0,1,0,0,0,0,13378,502,13378,0,0,0,0,4651,-28608,10326,518,4992,0,129,0,0,0,0,2,0,0,0,0,31082107,2018,0.31,967.13,3309.12,0,51.1,98.1,67.3,35.6,59.3,522.9,48,611.7,161.1,160.5,1026.4,361985,2093,13.16,91.7,1510,2.8,1.09,27.6,36.4,60,21.9,12184806,72605,72.07,3412.22,0,1200,400,720,240,4200,7500,8500,102,1.5,6000,0,0,0,0,0,66.41,30,66.56,66.45,65.4,0,0
2026-08-14T23:06:52.607000+09:00,2026-08-14T14:06:52.607000+00:00,094623,1341.9,1,0,0,0,0,13378,493,13378,0,0,0,0,4651,-26560,10326,6,4992,0,129,0,0,0,0,2,0,0,0,0,31082107,2018,0.25,434.89,1776.79,0,51.1,97.3,68.2,35.6,59.1,525.9,48.8,599.7,148.2,147.4,1030.7,361985,2093,13.09,90.8,1460,2.84,1.39,23.3,38.7,60,10.57,12184808,72605,69.07,3412.22,0,1200,400,720,240,4200,7500,8500,102,1.5,6000,0,0,0,0,0,62.26,30,58.33,59.62,65.3,0,0
2026-08-14T23:07:52.716000+09:00,2026-08-14T14:07:52.716000+00:00,094623,1389.5,1,0,0,0,0,13378,499,13378,0,0,0,0,4655,-28608,12374,6,4512,8,129,0,0,0,0,2,0,0,0,0,31082107,2018,0.28,598.47,1987.98,0,50.8,98.7,68.7,35.6,58.5,521,47.5,599.9,144.8,144.1,1055.6,361985,2093,13.5,90,1500,2.85,1.13,23,36.7,60,11.4,12184810,72605,59.88,3412.22,0,1200,400,720,240,4200,7500,8500,102,1.5,6000,0,0,0,0,0,64.61,30,61.53,57.67,65.2,0,0
2026-08-14T23:08:52.830000+09:00,2026-08-14T14:08:52.830000+00:00,094623,2228.5,1,0,0,0,0,13378,495,13378,0,0,0,0,4655,-26560,10326,6,4480,0,129,0,0,0,0,2,0,0,0,0,31082107,2018,0.24,975.68,3204.14,0,50.8,99.1,68.3,35.6,58.4,519.4,48.9,606.9,153.3,152.8,1035.7,361985,2093,13.23,90.3,1500,2.74,1.15,29.7,40.8,60,24.41,12184814,72605,73.76,3412.22,0,1200,400,720,240,4200,7500,8500,102,1.5,6000,0,0,0,0,0,72.35,30,72.35,67.13,65,0,0
2026-08-14T23:09:52.923000+09:00,2026-08-14T14:09:52.923000+00:00,094623,2304.2,1,0,0,0,0,13378,498,13378,0,0,0,0,4651,-28608,18518,6,4480,528,129,0,0,0,0,2,0,0,0,0,31082107,2018,0.22,1055.02,3359.17,0,50.9,98.3,67.7,35.6,58.7,521.8,48.5,607.9,157,156.6,1034.7,361985,2093,13.14,88.9,1500,2.72,1.16,29.9,40.6,60,24.53,12184818,72605,78.07,3412.23,0,1200,400,720,240,4200,7500,8500,102,1.5,6000,0,0,0,0,0,70.69,30,71.48,62.46,64.9,0,0
2026-08-14T23:10:53.029000+09:00,2026-08-14T14:10:53.029000+00:00,094623,2282.2,1,0,0,0,0,13378,495,13378,0,0,0,0,4651,-28608,10390,590,20864,8192,129,0,0,0,0,2,0,0,0,0,31082107,2018,0.27,950.04,3232.21,0,51,96.9,67.4,35.5,59,524.8,48.2,609.3,158.9,158.3,1054.6,361985,2093,13.05,88.7,1490,2.73,1.15,29.3,40.3,60,24.48,12184822,72605,73.63,3412.23,0,1200,400,720,240,4200,7500,8500,102,1.5,6000,0,0,0,0,0,68.97,30,66.44,60.07,64.8,0,0
2026-08-14T23:11:53.131000+09:00,2026-08-14T14:11:53.131000+00:00,094623,2542.2,1,0,0,0,0,13378,495,13378,0,0,0,0,4651,-28608,10326,6,4480,0,129,0,0,0,0,2,0,0,0,0,31082107,2018,0.33,1130.71,3672.9,0,51.1,97.5,67,35.6,59.2,522.2,45.7,611.4,160.4,159.9,1060.6,361986,2094,13.34,90.7,1500,2.73,1.15,30.2,39,60,24.48,12184826,72605,70.31,3412.23,0,1200,400,720,240,4200,7500,8500,102,1.5,6000,0,0,0,0,0,66.61,30,67.03,65.14,64.7,0,0
2026-08-14T23:12:53.243000+09:00,2026-08-14T14:12:53.243000+00:00,094623,2322.5,1,0,0,0,0,13378,496,13378,0,0,0,0,4651,-28608,12390,6,12708,72,129,0,0,0,0,2,0,0,0,0,31082107,2018,0.24,871.91,3194.37,0,51.2,99.3,67.6,35.6,59.4,527,46.2,610.8,160.3,159.9,1058.2,361986,2094,13.32,90.3,1500,2.76,1.13,29,40.1,60,24.2,12184830,72605,80.37,3412.23,0,1200,400,720,240,4200,7500,8500,102,1.5,6000,0,0,0,0,0,67.31,30,72.99,66.06,64.6,0,0
2026-08-14T23:13:53.365000+09:00,2026-08-14T14:13:53.365000+00:00,094623,2536.1,1,0,0,0,0,13378,497,13378,0,0,0,0,4651,-28608,10326,590,4480,8192,129,0,0,0,0,2,0,0,0,0,31082107,2018,0.24,1106.3,3642.38,0,51.3,97.7,68.1,35.6,59.5,523.6,46.2,610.1,160.2,159.5,1065.4,361986,2094,13.5,88.8,1500,2.75,1.16,30.3,39.3,60,24.16,12184834,72605,77.37,3412.23,0,1200,400,720,240,4200,7500,8500,102,1.5,6000,0,0,0,0,0,68.7,30,69.58,60.6,64.5,0,0
2026-08-14T23:14:53.460000+09:00,2026-08-14T14:14:53.460000+00:00,094623,1505.5,1,0,0,0,0,13378,495,13378,0,0,0,0,4655,-28608,18518,6,4992,528,129,0,0,0,0,2,0,0,0,0,31082107,2018,0.34,636.31,2141.79,0,51.3,97.5,68.4,35.6,59.6,526.3,46.7,604.6,154.7,154,1061.4,361986,2094,13.08,88.9,1490,2.8,1.13,22.9,35.7,60,11.19,12184837,72605,64.68,3412.23,0,1200,400,720,240,4200,7500,8500,102,1.5,6000,0,0,0,0,0,61.84,30,59.56,51.25,64.4,0,0
2026-08-14T23:15:53.553000+09:00,2026-08-14T14:15:53.553000+00:00,094623,1387.1,1,0,0,0,0,13378,494,13378,0,0,0,0,4651,-28608,10326,6,4992,0,129,0,0,0,0,0,0,0,0,0,31082107,2018,0.46,682.7,2069.77,0,51,96.9,68.8,35.6,58.9,523.4,46.7,600.4,146.8,145.9,1104.8,361986,2094,13.39,91.5,1490,2.8,1.12,22.9,36.1,60,11.19,12184839,72605,54.23,3412.23,0,1200,400,720,240,4200,7500,8500,102,1.5,6000,0,0,0,0,0,63.95,30,56.42,58.76,64.2,0,0
2026-08-14T23:16:53.651000+09:00,2026-08-14T14:16:53.651000+00:00,094623,2199.2,1,0,0,0,0,13378,495,13378,0,0,0,0,4655,-26560,10326,6,4480,0,129,0,0,0,0,2,0,0,0,0,31082107,2018,0.21,1119.72,3318.89,0,50.9,99.5,68.7,35.6,58.5,518.3,48.7,606.1,151.7,150.9,1072.6,361986,2094,13.37,93,1500,2.75,1.17,29.9,40.3,60,23.81,12184842,72605,80.73,3412.23,0,1200,400,720,240,4200,7500,8500,102,1.5,6000,0,0,0,0,0,72.59,30,72.11,75.77,64.2,0,0
2026-08-14T23:17:53.742000+09:00,2026-08-14T14:17:53.742000+00:00,094623,2193.1,1,0,0,0,0,13378,497,13378,0,0,0,0,4655,-28608,12374,6,4512,72,129,0,0,0,0,2,0,0,0,0,31082107,2018,0.2,834.07,3027.13,0,51.1,97.2,68.4,35.6,58.9,524,48.3,610.8,156.3,155.8,1029.6,361987,2095,13.37,87.1,1500,2.77,1.13,29.1,41.2,60,24.28,12184846,72605,77.13,3412.24,0,1200,400,720,240,4200,7500,8500,102,1.5,6000,0,0,0,0,0,72.99,30,68.21,56.58,64,0,0
2026-08-14T23:18:53.861000+09:00,2026-08-14T14:18:53.861000+00:00,094623,2012.1,1,0,0,0,0,13378,496,13378,0,0,0,0,4655,-26560,10326,6,4480,0,129,0,0,0,0,2,0,0,0,0,31082107,2018,0.35,732.75,2744.83,0,50.9,97.1,67.4,35.6,58.8,531.9,48.3,607.9,152.4,151.8,1015.6,361987,2095,13.29,89.8,1500,2.75,1.14,28.4,43,60,23.82,12184850,72605,64.85,3412.24,0,1200,400,720,240,4200,7500,8500,102,1.5,6000,0,0,0,0,0,69.9,30,64.97,61.77,63.9,0,0
2026-08-14T23:19:53.954000+09:00,2026-08-14T14:19:53.954000+00:00,094623,2149.1,1,0,0,0,0,13378,496,13378,0,0,0,0,4651,-28608,18518,6,4480,528,129,0,0,0,0,2,0,0,0,0,31082107,2018,0.35,792.57,2941.68,0,51.1,98.6,66.6,35.6,58.5,531.4,47.4,609.6,152,151.3,1062,361987,2095,13.38,91.9,1500,2.76,1.16,29.1,42.6,60,24.5,12184854,72605,76.43,3412.24,0,1200,400,720,240,4200,7500,8500,102,1.5,6000,0,0,0,0,0,65.88,30,70.95,68.9,63.8,0,0
2026-08-14T23:20:54.068000+09:00,2026-08-14T14:20:54.068000+00:00,094623,2547.1,1,0,0,0,0,13378,495,13378,0,0,0,0,4651,-28608,10326,6,4480,0,129,0,0,0,0,2,0,0,0,0,31082107,2018,0.27,1172.22,3719.29,0,51.2,97.5,67.4,35.7,58.7,523.7,47.6,612,156.7,156.2,1055.1,361987,2095,13.33,89.5,1500,2.75,1.17,30.4,39.4,60,24.44,12184858,72605,84.47,3412.24,0,1200,400,720,240,4200,7500,8500,102,1.5,6000,0,0,0,0,0,66.56,30,67.08,64.14,63.6,0,0
2026-08-14T23:21:54.192000+09:00,2026-08-14T14:21:54.192000+00:00,094623,1499.4,1,0,0,0,0,13378,492,13378,0,0,0,0,4655,-28608,10326,590,4992,8192,129,0,0,0,0,2,0,0,0,0,31082107,2018,0.29,559.4,2058.78,0,51.2,98.2,68.1,35.6,59.1,524.1,49.2,609.8,151.8,150.9,1076.2,361987,2095,13.28,88.3,1480,2.78,1.08,22.2,34.5,60,11.19,12184861,72605,62.81,3412.24,0,1200,400,720,240,4200,7500,8500,102,1.5,6000,0,0,0,0,0,60.22,30,60.38,49.86,63.6,0,0
2026-08-14T23:22:54.303000+09:00,2026-08-14T14:22:54.303000+00:00,094623,1346.8,1,0,0,0,0,13378,491,13378,0,0,0,0,4651,-28608,12374,6,5024,72,129,0,0,0,0,2,0,0,0,0,31082107,2018,0.39,520.34,1867.12,0,51,97.2,68.8,35.6,58.7,523.1,47.6,604.2,144.2,143.4,1032.5,361987,2095,13.29,90.7,1470,2.79,1.08,22.1,35.8,60,11.1,12184863,72605,56.8,3412.24,0,1200,400,720,240,4200,7500,8500,102,1.5,6000,0,0,0,0,0,63.12,30,57.32,56.88,63.5,0,0
2026-08-14T23:23:54.388000+09:00,2026-08-14T14:23:54.388000+00:00,094623,2302.9,1,0,0,0,0,13378,496,13378,0,0,0,0,4651,-26560,10326,6,4480,0,129,0,0,0,0,2,0,0,0,0,31082107,2018,0.26,1094.09,3397.02,0,50.8,98.1,68.7,35.6,58.1,516.2,47,605.5,146.8,146.1,1047.1,361988,2096,13.33,92.4,1500,2.74,1.19,30.1,40.6,60,23.06,12184866,72605,72.69,3412.24,0,1200,400,720,240,4200,7500,8500,102,1.5,6000,0,0,0,0,0,71.78,30,66.48,72.76,63.4,0,0
2026-08-14T23:24:54.488000+09:00,2026-08-14T14:24:54.488000+00:00,094623,2404.2,1,0,0,0,0,13378,498,13378,0,0,0,0,4651,-28608,2134,6,4480,0,129,0,0,0,0,2,0,0,0,0,31082107,2018,0.25,1103.85,3508.1,0,50.9,99,68.4,35.6,58.6,520.5,46.2,610.2,156.4,156,1040,361988,2096,13.29,87.4,1510,2.77,1.14,29.8,39.2,60,24.44,12184870,72605,80.54,3412.24,0,1200,400,720,240,4200,7500,8500,102,1.5,6000,0,0,0,0,0,72.08,30,72.41,56.96,63.3,0,0
2026-08-14T23:25:54.593000+09:00,2026-08-14T14:25:54.593000+00:00,094623,2337.1,1,0,0,0,0,13378,496,13378,0,0,0,0,4651,-28608,10326,518,4480,0,129,0,0,0,0,2,0,0,0,0,31082107,2018,0.28,987.88,3324.99,0,50.7,96.9,68.1,35.6,58.8,526.2,46.8,610.9,156.1,155.5,1050.4,361988,2096,12.77,89.8,1500,2.75,1.17,29.8,40.9,60,23.82,12184874,72605,68.59,3412.24,0,1200,400,720,240,4200,7500,8500,102,1.5,6000,0,0,0,0,0,71.61,30,64.31,61.82,63.2,0,0
2026-08-14T23:26:54.681000+09:00,2026-08-14T14:26:54.681000+00:00,094623,1775.3,1,0,0,0,0,13378,501,13378,0,0,0,0,4651,-28608,10326,6,4992,0,129,0,0,0,0,2,0,0,0,0,31082107,2018,0.31,652.18,2427.44,0,50.8,99.6,67.9,35.6,58.9,528.4,46.2,611.9,157,156.6,1055.1,361988,2096,13.21,91,1510,2.83,1.1,24.1,36.1,60,15.42,12184878,72605,77.51,3412.25,0,1200,400,720,240,4200,7500,8500,102,1.5,6000,0,0,0,0,0,65.08,30,68.22,60.77,63.1,0,0
2026-08-14T23:27:54.770000+09:00,2026-08-14T14:27:54.770000+00:00,094623,1833.9,1,0,0,0,0,13378,432,13378,0,0,0,0,4655,-26560,12374,6,5024,8,129,0,0,0,0,2,0,0,0,0,31082107,2018,0.29,752.28,2586.14,0,50.8,96.4,68.1,35.7,58.5,526.1,47.4,600.9,143.6,142.8,1026.3,361988,2096,13.14,91.8,1380,2.46,1.42,27.6,39.6,60,10.02,12184880,72605,62.73,3412.25,0,1200,400,720,240,4200,7500,8500,102,1.5,6000,0,0,0,0,0,62.42,30,54.24,61.68,62.9,0,0
2026-08-14T23:28:54.866000+09:00,2026-08-14T14:28:54.866000+00:00,094623,1875.4,1,0,0,0,0,13378,494,13378,0,0,0,0,4651,-28608,10326,6,4480,0,129,0,0,0,0,2,0,0,0,0,31082107,2018,0.22,908.54,2783.9,0,50.6,99.6,68,35.6,57.9,516,46.7,603.3,143.3,142.5,1026.3,361988,2096,13.38,89.8,1490,2.76,1.19,27.4,39.8,60,18,12184882,72605,66.27,3412.25,0,1200,400,720,240,4200,7500,8500,102,1.5,6000,0,0,0,0,0,67.66,30,69.47,63.1,62.8,0,0
2026-08-14T23:29:54.959000+09:00,2026-08-14T14:29:54.959000+00:00,094623,2340.8,1,0,0,0,0,13378,497,13378,0,0,0,0,4655,-28608,10390,6,20864,0,129,0,0,0,0,2,0,0,0,0,31082107,2018,0.27,975.68,3316.45,0,50.7,97.3,67.9,35.5,58.2,520.6,48,614.8,153.7,153.7,1038.2,361989,2097,13.27,88,1500,2.77,1.15,29.7,40,60,24.51,12184886,72605,74.75,3412.25,0,1200,400,720,240,4200,7500,8500,102,1.5,6000,0,0,0,0,0,71.07,30,67.42,59.49,62.8,0,0
2026-08-14T23:30:55.045000+09:00,2026-08-14T14:30:55.045000+00:00,094623,2240.7,1,0,0,0,0,13378,496,13378,0,0,0,0,4651,-28608,10326,6,4480,0,129,0,0,0,0,2,0,0,0,0,31082107,2018,0.34,941.5,3182.16,0,50.7,97.8,68,35.6,58.5,525.4,47.9,615.4,154,153.7,1054.3,361989,2097,13.54,88.9,1500,2.75,1.14,29.1,40.6,60,24.55,12184890,72605,70.43,3412.25,0,1200,400,720,240,4200,7500,8500,102,1.5,6000,0,0,0,0,0,71.27,30,67.4,59.73,62.6,0,0
2026-08-14T23:31:55.130000+09:00,2026-08-14T14:31:55.130000+00:00,094623,2202.8,1,0,0,0,0,13378,498,13378,0,0,0,0,4655,-28608,10342,6,12676,0,129,0,0,0,0,2,0,0,0,0,31082107,2018,0.39,820.64,3023.47,0,50.7,98.9,68,35.7,58.5,530,47.8,614.7,153.4,152.9,1033.1,361989,2097,13.46,90.4,1500,2.75,1.15,29.2,42.1,60,24.36,12184894,72605,73.46,3412.25,0,1200,400,720,240,4200,7500,8500,102,1.5,6000,0,0,0,0,0,71.35,30,71.62,63.67,62.5,0,0
2026-08-14T23:32:55.240000+09:00,2026-08-14T14:32:55.240000+00:00,094623,2440.9,1,0,0,0,0,13378,497,13378,0,0,0,0,4651,-28608,12374,6,4480,0,129,0,0,0,0,0,0,0,0,0,31082107,2018,0.37,1006.2,3447.07,0,50.8,98.6,67.9,35.6,58.6,525.4,47.1,613.8,156.3,155.8,1045.6,361989,2097,13.37,90.5,1500,2.76,1.15,29.9,40,60,24.22,12184898,72605,77.14,3412.25,0,1200,400,720,240,4200,7500,8500,102,1.5,6000,0,0,0,0,0,70.93,30,71.56,65.26,62.4,0,0
2026-08-14T23:33:55.339000+09:00,2026-08-14T14:33:55.339000+00:00,094623,2425.0,1,0,0,0,0,13378,499,13378,0,0,0,0,4655,-28608,10326,518,4480,0,129,0,0,0,0,0,0,0,0,0,31082107,2018,0.36,962.25,3387.25,0,51,98.4,68.1,35.6,58.8,526.7,48.8,614.6,157.6,157,1037.5,361989,2097,13.02,89.9,1510,2.76,1.15,29.5,40,60,24.27,12184902,72605,76.87,3412.25,0,1200,400,720,240,4200,7500,8500,102,1.5,6000,0,0,0,0,0,71.57,30,71.86,63.68,62.3,0,0
2026-08-14T23:34:55.446000+09:00,2026-08-14T14:34:55.446000+00:00,094623,2593.5,1,0,0,0,0,13378,502,13378,0,0,0,0,4655,-28608,10326,6,4992,0,129,0,0,0,0,0,0,0,0,0,31082107,2018,0.33,1081.88,3675.34,0,51.2,96.9,68,35.5,59,523.7,47.5,620.2,159.6,159.1,1062.6,361989,2097,13.54,89.3,1520,2.78,1.14,29.6,38.1,60,24.06,12184906,72605,77.07,3412.25,0,1200,400,720,240,4200,7500,8500,102,1.5,6000,0,0,0,0,0,70.73,30,66.11,60.52,62.2,0,0
2026-08-14T23:35:55.540000+09:00,2026-08-14T14:35:55.540000+00:00,094623,1398.1,1,0,0,0,0,13378,493,13378,0,0,0,0,4651,-28608,10326,6,4992,0,129,0,0,0,0,0,0,0,0,0,31082107,2018,0.39,549.64,1947.69,0,51.1,97.6,67.9,35.5,58.9,526.8,48,610,148.7,148.1,1047,361990,2098,13.32,88.9,1490,2.79,1.11,22.6,36.7,60,11.18,12184909,72605,61.8,3412.26,0,1200,400,720,240,4200,7500,8500,102,1.5,6000,0,0,0,0,0,62.73,30,59.73,50.17,62.1,0,0
2026-08-14T23:36:55.646000+09:00,2026-08-14T14:36:55.646000+00:00,094623,1363.9,1,0,0,0,0,13378,490,13378,0,0,0,0,4651,-28608,10326,6,4992,0,129,0,0,0,0,0,0,0,0,0,31082107,2018,0.48,596.03,1959.9,0,50.8,97.5,68,35.5,58.3,523.2,47.5,603,143.5,142.7,1030.3,361990,2098,13.25,92.5,1480,2.77,1.1,22.5,36.1,60,11.21,12184911,72605,55.42,3412.26,0,1200,400,720,240,4200,7500,8500,102,1.5,6000,0,0,0,0,0,62.97,30,57.81,61.83,62,0,0
2026-08-14T23:37:55.725000+09:00,2026-08-14T14:37:55.725000+00:00,094623,2317.6,1,0,0,0,0,13378,498,13378,0,0,0,0,4655,-28608,18518,6,4480,528,129,0,0,0,0,2,0,0,0,0,31082107,2018,0.19,1057.47,3375.04,0,50.9,100.8,68.3,35.5,58,517.5,48.3,609,151.3,151.1,1055.6,361990,2098,12.8,89.9,1500,2.74,1.14,29.7,39.6,60,24.4,12184914,72605,89.69,3412.26,0,1200,400,720,240,4200,7500,8500,102,1.5,6000,0,0,0,0,0,72.19,30,77.12,66.84,61.9,0,0
2026-08-14T23:38:55.829000+09:00,2026-08-14T14:38:55.829000+00:00,094623,2152.8,1,0,0,0,0,13378,498,13378,0,0,0,0,4655,-28608,10326,6,4480,0,129,0,0,0,0,2,0,0,0,0,31082107,2018,0.22,884.12,3036.9,0,50.9,95.3,68.3,35.5,58.5,525.5,48.6,609.5,154.1,153.9,1044,361990,2098,13.16,87.3,1500,2.72,1.14,28.9,41.5,60,24.54,12184918,72605,75.76,3412.26,0,1200,400,720,240,4200,7500,8500,102,1.5,6000,0,0,0,0,0,72.8,30,62.07,56.09,61.8,0,0
2026-08-14T23:39:55.932000+09:00,2026-08-14T14:39:55.932000+00:00,094623,2226.0,1,0,0,0,0,13378,496,13378,0,0,0,0,4651,-28608,10326,6,4480,0,129,0,0,0,0,2,0,0,0,0,31082107,2018,0.37,895.11,3121.13,0,50.8,99,67.3,35.5,58.4,528.1,47.4,607.3,153.8,153.4,1035.4,361990,2098,13.22,89.4,1500,2.72,1.16,29.4,41.7,60,24.46,12184922,72605,66.49,3412.26,0,1200,400,720,240,4200,7500,8500,102,1.5,6000,0,0,0,0,0,69.51,30,71.11,60.58,61.7,0,0
2026-08-14T23:40:56.031000+09:00,2026-08-14T14:40:56.031000+00:00,094623,2478.7,1,0,0,0,0,13378,497,13378,0,0,0,0,4651,-28608,12374,6,4480,8,129,0,0,0,0,0,0,0,0,0,31082107,2018,0.37,1006.2,3484.91,0,51,97.5,66.8,35.5,58.5,524.4,47,611.5,155.2,154.7,1020.3,361990,2098,13.26,92.3,1500,2.75,1.16,30,39.9,60,24.6,12184926,72605,78.01,3412.26,0,1200,400,720,240,4200,7500,8500,102,1.5,6000,0,0,0,0,0,66.34,30,68.04,70.01,61.6,0,0
2026-08-14T23:41:56.130000+09:00,2026-08-14T14:41:56.130000+00:00,094623,1800.9,1,0,0,0,0,13378,522,13378,0,0,0,0,4651,-28608,10326,590,4992,8192,129,0,0,0,0,2,0,0,0,0,31082107,2018,0.2,803.55,2604.45,0,51.1,98.9,68,35.5,58.8,520,47.7,609.3,151.3,151.1,1044,361991,2099,13.46,89.1,1570,2.95,1.04,23.9,33.4,60,15.99,12184929,72605,82.56,3412.26,0,1200,400,720,240,4200,7500,8500,102,1.5,6000,0,0,0,0,0,63.62,30,66.45,57.79,61.5,0,0
2026-08-14T23:42:56.221000+09:00,2026-08-14T14:42:56.221000+00:00,094623,1659.3,1,0,0,0,0,13378,522,13378,0,0,0,0,4655,-28608,18518,6,4992,528,129,0,0,0,0,2,0,0,0,0,31082107,2018,0.28,769.37,2428.66,0,50.7,96.5,69,35.5,58.4,520.9,49.5,600.9,142,141.2,1039.1,361991,2099,13.55,90.4,1570,2.93,1.09,24.5,36,60,15.97,12184931,72605,56.04,3412.26,0,1200,400,720,240,4200,7500,8500,102,1.5,6000,0,0,0,0,0,67.94,30,58.73,60.98,61.4,0,0
2026-08-14T23:43:56.320000+09:00,2026-08-14T14:43:56.320000+00:00,094623,2302.9,1,0,0,0,0,13378,496,13378,0,0,0,0,4655,-26560,10326,6,4481,0,129,0,0,0,0,2,0,0,0,0,31082107,2018,0.28,1052.58,3355.51,0,50.7,98.7,68.6,35.5,57.8,513.9,48.5,606.8,146.9,146.5,1058.6,361991,2099,13,91.7,1500,2.73,1.16,29.7,39.6,60,23.38,12184934,72605,63.87,3412.27,0,1200,400,720,240,4200,7500,8500,102,1.5,6000,0,0,0,0,0,72.41,30,69.1,70.42,61.3,0,0
2026-08-14T23:44:56.451000+09:00,2026-08-14T14:44:56.451000+00:00,094623,2149.1,1,0,0,0,0,13378,498,13378,0,0,0,0,4655,-28608,10326,582,4480,0,129,0,0,0,0,2,0,0,0,0,31082107,2018,0.22,812.1,2961.21,0,50.9,98.2,68.1,35.4,58.2,525.5,49.4,613.2,152.6,152.2,1044.1,361991,2099,13.29,88.4,1500,2.74,1.13,28.8,41.3,60,24.66,12184938,72605,83.83,3412.27,0,1200,400,720,240,4200,7500,8500,102,1.5,6000,0,0,0,0,0,72.02,30,70.63,61.46,61.2,0,0
2026-08-14T23:45:56.541000+09:00,2026-08-14T14:45:56.541000+00:00,094623,2475.1,1,0,0,0,0,13378,497,13378,0,0,0,0,4655,-28608,12374,6,4512,72,129,0,0,0,0,2,0,0,0,0,31082107,2018,0.32,1070.89,3545.95,0,50.7,97.3,67.7,35.5,58.3,522.2,47.7,614.3,155.3,154.8,1056.6,361991,2099,13.4,88.7,1500,2.76,1.16,30.1,39.7,60,24.45,12184942,72605,67.56,3412.27,0,1200,400,720,240,4200,7500,8500,102,1.5,6000,0,0,0,0,0,70.78,30,65.87,59.57,61.1,0,0
2026-08-14T23:46:56.620000+09:00,2026-08-14T14:46:56.620000+00:00,094623,1641.0,1,0,0,0,0,13378,498,13378,0,0,0,0,4651,-28608,10390,6,21376,0,129,0,0,0,0,2,0,0,0,0,31082107,2018,0.34,574.05,2215.03,0,50.7,98.8,67.3,35.5,58.5,526.2,46.9,612.4,153.5,153.3,1039.9,361991,2099,13.47,90.9,1500,2.84,1.13,23.4,36.5,60,12.73,12184945,72605,72.08,3412.27,0,1200,400,720,240,4200,7500,8500,102,1.5,6000,0,0,0,0,0,61.4,30,64.41,58.61,61,0,0
2026-08-14T23:47:56.710000+09:00,2026-08-14T14:47:56.710000+00:00,094623,1462.8,1,0,0,0,0,13378,492,13378,0,0,0,0,4655,-26560,18518,6,4992,528,129,0,0,0,0,2,0,0,0,0,31082107,2018,0.37,665.61,2128.36,0,50.6,96.7,68.3,35.5,58.1,521.4,48.5,604.8,144.2,143.4,1057.8,361992,2100,13.44,91.3,1490,2.79,1.13,23.1,36.1,60,11.06,12184947,72605,58.27,3412.27,0,1200,400,720,240,4200,7500,8500,102,1.5,6000,0,0,0,0,0,63.46,30,56.03,59.64,60.9,0,0
2026-08-14T23:48:56.811000+09:00,2026-08-14T14:48:56.811000+00:00,094623,2190.6,1,0,0,0,0,13378,495,13378,0,0,0,0,4655,-28608,10390,590,20864,8192,129,0,0,0,0,2,0,0,0,0,31082107,2018,0.2,976.9,3167.52,0,50.5,99.3,68.5,35.5,57.7,512.7,47.9,607.3,146.1,145.5,1021.3,361992,2100,13.28,91.6,1490,2.75,1.18,29.4,40.2,60,21.75,12184950,72605,71.52,3412.27,0,1200,400,720,240,4200,7500,8500,102,1.5,6000,0,0,0,0,0,71.3,30,70.56,70.65,60.8,0,0
2026-08-14T23:49:56.904000+09:00,2026-08-14T14:49:56.904000+00:00,094623,2304.1,1,0,0,0,0,13378,496,13378,0,0,0,0,4655,-28608,10326,6,4480,0,129,0,0,0,0,2,0,0,0,0,31082107,2018,0.23,972.01,3276.16,0,50.7,97.5,68,35.5,58.1,520.3,46.7,608.9,154.7,154.4,1032.2,361992,2100,13.47,87.3,1500,2.74,1.15,29.8,40.7,60,24.48,12184954,72605,76.9,3412.27,0,1200,400,720,240,4200,7500,8500,102,1.5,6000,0,0,0,0,0,71.59,30,68.31,57.67,60.7,0,0
2026-08-14T23:50:57.007000+09:00,2026-08-14T14:50:57.007000+00:00,094623,2316.3,1,0,0,0,0,13378,498,13378,0,0,0,0,4655,-28608,12390,518,12708,72,129,0,0,0,0,2,0,0,0,0,31082107,2018,0.33,926.85,3243.2,0,50.6,97.4,67.3,35.5,58.3,523.9,48,611,156.5,156,1040.5,361992,2100,13.5,88.9,1500,2.75,1.14,29.4,40.5,60,24.18,12184958,72605,66.89,3412.27,0,1200,400,720,240,4200,7500,8500,102,1.5,6000,0,0,0,0,0,69.09,30,66.08,59.26,60.7,0,0
2026-08-14T23:51:57.086000+09:00,2026-08-14T14:51:57.086000+00:00,094623,2516.6,1,0,0,0,0,13378,495,13378,0,0,0,0,4655,-26560,10326,6,4480,0,129,0,0,0,0,0,0,0,0,0,31082107,2018,0.4,1130.71,3647.27,0,50.7,98.5,66.8,35.5,58.4,522.5,47.6,611,158.5,158.1,1042.7,361992,2100,12.91,91,1490,2.74,1.15,30.1,39.2,60,24.53,12184962,72605,76.67,3412.27,0,1200,400,720,240,4200,7500,8500,102,1.5,6000,0,0,0,0,0,66.02,30,70.29,65.39,60.6,0,0
2026-08-14T23:52:57.200000+09:00,2026-08-14T14:52:57.200000+00:00,094623,2122.3,1,0,0,0,0,13378,501,13378,0,0,0,0,4651,-28608,18518,6,4992,528,129,0,0,0,0,0,0,0,0,0,31082107,2018,0.32,884.12,3006.38,0,50.8,97.2,67.5,35.5,58.7,526.1,46.5,612.6,159.5,159.3,1030.1,361992,2100,13.35,90.7,1510,2.81,1.1,26.4,36.1,60,19.4,12184966,72605,79.55,3412.28,0,1200,400,720,240,4200,7500,8500,102,1.5,6000,0,0,0,0,0,63.4,30,62.38,63.15,60.5,0,0
2026-08-14T23:53:57.300000+09:00,2026-08-14T14:53:57.300000+00:00,094623,1455.4,1,0,0,0,0,13378,517,13378,0,0,0,0,4655,-28608,10326,6,4992,0,129,0,0,0,0,2,0,0,0,0,31082107,2018,0.33,619.22,2074.65,0,50.7,98.1,68.6,35.4,58.4,521.9,47.7,602.2,146.3,145.3,1028.3,361993,2101,12.99,89.6,1550,2.97,1.04,22,33.8,60,13.13,12184968,72605,63.57,3412.28,0,1200,400,720,240,4200,7500,8500,102,1.5,6000,0,0,0,0,0,62.41,30,60.81,55.57,60.4,0,0
2026-08-14T23:54:57.399000+09:00,2026-08-14T14:54:57.399000+00:00,094623,1609.2,1,0,0,0,0,13378,493,13378,0,0,0,0,4651,-28608,10326,6,4480,0,129,0,0,0,0,2,0,0,0,0,31082107,2018,0.36,641.19,2250.43,0,50.5,97.8,68.7,35.4,57.8,520.7,47.4,599.3,143.1,142.5,1032.7,361993,2101,13.14,91.8,1480,2.79,1.18,25,39.4,60,13,12184970,72605,58.71,3412.28,0,1200,400,720,240,4200,7500,8500,102,1.5,6000,0,0,0,0,0,65.13,30,60.21,64.05,60.2,0,0
2026-08-14T23:55:57.478000+09:00,2026-08-14T14:55:57.478000+00:00,094623,2208.9,1,0,0,0,0,13378,501,13378,0,0,0,0,4651,-28608,12374,6,5024,72,129,0,0,0,0,2,0,0,0,0,31082107,2018,0.21,913.42,3122.35,0,50.7,100.7,68.4,35.4,57.8,516.6,47.3,614.4,154.4,154.2,1042.7,361993,2101,13.37,88.7,1510,2.81,1.09,27,35.7,60,20.33,12184974,72605,83.42,3412.28,0,1200,400,720,240,4200,7500,8500,102,1.5,6000,0,0,0,0,0,68.58,30,74.14,60.22,60.3,0,0
2026-08-14T23:56:57.590000+09:00,2026-08-14T14:56:57.590000+00:00,094623,1520.1,1,0,0,0,0,13378,520,13378,0,0,0,0,4651,-28608,10326,6,4992,0,129,0,0,0,0,2,0,0,0,0,31082107,2018,0.28,608.23,2128.36,0,50.4,95.8,68.4,35.4,57.9,520,47.8,601.8,142,141.2,1015.9,361993,2101,13.32,89.3,1560,2.98,1.06,23,35.5,60,14.23,12184976,72605,53.39,3412.28,0,1200,400,720,240,4200,7500,8500,102,1.5,6000,0,0,0,0,0,66.07,30,56.08,55.94,60.1,0,0
2026-08-14T23:57:57.697000+09:00,2026-08-14T14:57:57.697000+00:00,094623,1537.2,1,0,0,0,0,13378,492,13378,0,0,0,0,4651,-28608,18518,6,4480,16,129,0,0,0,0,0,0,0,0,0,31082107,2018,0.39,630.21,2167.42,0,50.2,98.4,67.9,35.4,57.2,520.2,48.4,598.8,139.2,138.5,1024.8,361993,2101,13.21,91,1490,2.79,1.17,24.3,38.9,60,12.2,12184978,72605,57.84,3412.28,0,1200,400,720,240,4200,7500,8500,102,1.5,6000,0,0,0,0,0,63.92,30,61.64,59.98,60,0,0
2026-08-14T23:58:57.791000+09:00,2026-08-14T14:58:57.791000+00:00,094623,2407.9,1,0,0,0,0,13378,498,13378,0,0,0,0,4655,-28608,10326,518,4480,0,129,0,0,0,0,2,0,0,0,0,31082107,2018,0.21,1090.43,3498.34,0,50.3,100.6,67.7,35.4,57.2,517.7,49.1,610.5,151.2,150.8,1058.1,361993,2101,13.03,90.1,1510,2.78,1.15,29.9,39.4,60,24.29,12184981,72605,85.44,3412.28,0,1200,400,720,240,4200,7500,8500,102,1.5,6000,0,0,0,0,0,69.86,30,76.23,67.26,60,0,0
2026-08-14T23:59:57.896000+09:00,2026-08-14T14:59:57.896000+00:00,094623,2344.4,1,0,0,0,0,13378,495,13378,0,0,0,0,4655,-26560,10326,6,4481,0,129,0,0,0,0,2,0,0,0,0,31082107,2018,0.33,989.1,3333.54,0,50.4,95.4,68.2,35.4,57.8,522.2,47.6,610,154.3,153.9,1047.6,361994,2102,13.26,87.5,1500,2.75,1.16,29.8,40.4,60,24.51,12184986,72605,69.82,3412.28,0,1200,400,720,240,4200,7500,8500,102,1.5,6000,0,0,0,0,0,71.41,30,61.01,56.27,59.9,0,0
2026-08-15T00:00:58.023000+09:00,2026-08-14T15:00:58.023000+00:00,094623,2506.8,1,0,0,0,0,13378,495,13378,0,0,0,0,4651,-28608,12374,6,4512,8,129,0,0,0,0,0,0,0,0,0,31082107,2018,0.5,1073.34,3580.13,0,50.3,99.5,67.6,35.3,58,522.5,46.9,613.9,156.6,156.2,1052,361994,2102,13.26,90,1500,2.78,1.16,29.9,39.1,60,24.03,12184990,72605,65.71,3412.29,0,1200,400,720,240,4200,7500,8500,102,1.5,6000,0,0,0,0,0,69.43,30,72.1,61.84,59.8,0,0
2026-08-15T00:01:58.100000+09:00,2026-08-14T15:01:58.100000+00:00,094623,1955.9,1,0,0,0,0,13378,501,13378,0,0,0,0,4651,-28608,10326,6,4992,0,129,0,0,0,0,0,0,0,0,0,31082107,2018,0.43,788.9,2744.83,0,50.6,97.2,67.5,35.3,58.3,526.6,47.2,614.6,156.7,156.4,1049.8,361994,2102,13.44,90.6,1510,2.87,1.1,24.8,34.9,60,15.89,12184993,72605,80.43,3412.29,0,1200,400,720,240,4200,7500,8500,102,1.5,6000,0,0,0,0,0,62.87,30,60.5,59.26,59.7,0,0
2026-08-15T00:02:58.203000+09:00,2026-08-14T15:02:58.203000+00:00,094623,1395.6,1,0,0,0,0,13378,498,13378,0,0,0,0,4651,-28608,10326,6,4992,0,129,0,0,0,0,0,0,0,0,0,31082107,2018,0.43,371.41,1767.02,0,50.4,98.2,68.3,35.4,58.1,524.3,47,604.1,145,144.3,1037.6,361994,2102,13.39,91.2,1490,2.83,0.92,23.2,38.2,60,11.27,12184996,72605,60.91,3412.29,0,1200,400,720,240,4200,7500,8500,102,1.5,6000,0,0,0,0,0,62.72,30,60.56,59.36,59.6,0,0
2026-08-15T00:03:58.316000+09:00,2026-08-14T15:03:58.316000+00:00,094623,1731.3,1,0,0,0,0,13378,494,13378,0,0,0,0,4651,-28608,10326,518,4480,0,129,0,0,0,0,0,0,0,0,0,31082107,2018,0.43,707.11,2438.43,0,50.3,97.6,68.4,35.4,57.4,520.2,48,599.4,140.5,139.7,1019.9,361994,2102,12.82,90.4,1490,2.79,1.19,26.5,41.2,60,17.2,12184998,72605,64.83,3412.29,0,1200,400,720,240,4200,7500,8500,102,1.5,6000,0,0,0,0,0,67.6,30,62.78,62.3,59.5,0,0
2026-08-15T00:04:58.416000+09:00,2026-08-14T15:04:58.416000+00:00,094623,2417.7,1,0,0,0,0,13378,496,13378,0,0,0,0,4655,-28608,10326,6,4480,0,129,0,0,0,0,0,0,0,0,0,31082107,2018,0.45,1057.47,3475.14,0,50.3,99.4,67.9,35.5,57.4,519.4,47.2,609.5,151.8,151.4,1028.7,361994,2102,13.35,89.3,1500,2.8,1.15,29.9,39.3,60,24.56,12185001,72605,73.84,3412.29,0,1200,400,720,240,4200,7500,8500,102,1.5,6000,0,0,0,0,0,70.31,30,72.56,62.75,59.4,0,0
2026-08-15T00:05:58.530000+09:00,2026-08-14T15:05:58.530000+00:00,094623,2266.3,1,0,0,0,0,13378,498,13378,0,0,0,0,4651,-28608,12438,6,20864,0,129,0,0,0,0,0,0,0,0,0,31082107,2018,0.43,881.68,3147.98,0,50.4,96.4,68,35.3,57.8,526.2,48.3,610.4,154.6,154.2,1034.8,361995,2103,13,88.8,1500,2.8,1.14,29.1,40.8,60,24.35,12185006,72605,77.07,3412.29,0,1200,400,720,240,4200,7500,8500,102,1.5,6000,0,0,0,0,0,70.56,30,63.44,59.8,59.3,0,0
2026-08-15T00:06:58.623000+09:00,2026-08-14T15:06:58.623000+00:00,094623,2482.4,1,0,0,0,0,13378,498,13378,0,0,0,0,4651,-28608,10326,6,4480,0,129,0,0,0,0,0,0,0,0,0,31082107,2018,0.49,1019.62,3502,0,50.4,98.7,67.9,35.3,58,524.4,46.9,612.3,156.4,156,1079.5,361995,2103,13.44,89.3,1500,2.81,1.16,30,40.1,60,24.57,12185010,72605,72.26,3412.29,0,1200,400,720,240,4200,7500,8500,102,1.5,6000,0,0,0,0,0,70.22,30,69.38,59.79,59.3,0,0
2026-08-15T00:07:58.737000+09:00,2026-08-14T15:07:58.737000+00:00,094623,1652.0,1,0,0,0,0,13378,499,13378,0,0,0,0,4651,-28608,10390,518,21376,0,129,0,0,0,0,0,0,0,0,0,31082107,2018,0.46,543.53,2195.5,0,50.5,98,67.8,35.3,58.2,526.9,48.1,608,153.8,153.5,1027.9,361995,2103,13.5,90.6,1500,2.87,1.12,23.2,36.2,60,11.86,12185013,72605,72.94,3412.29,0,1200,400,720,240,4200,7500,8500,102,1.5,6000,0,0,0,0,0,62.32,30,61.27,55.87,59.2,0,0
2026-08-15T00:08:58.844000+09:00,2026-08-14T15:08:58.844000+00:00,094623,1505.5,1,0,0,0,0,13378,495,13378,0,0,0,0,4651,-28608,10326,6,4992,0,129,0,0,0,0,0,0,0,0,0,31082107,2018,0.46,664.39,2169.87,0,50.4,97.6,68.1,35.2,57.7,522.4,46.9,600.4,145.2,144.4,1056.3,361995,2103,12.81,90.8,1490,2.84,1.14,23.3,36,60,11.25,12185015,72605,64.73,3412.29,0,1200,400,720,240,4200,7500,8500,102,1.5,6000,0,0,0,0,0,62.45,30,58.28,57.44,59.1,0,0
2026-08-15T00:09:58.937000+09:00,2026-08-14T15:09:58.937000+00:00,094623,2239.4,1,0,0,0,0,13378,496,13378,0,0,0,0,4655,-28608,10342,6,12676,0,129,0,0,0,0,0,0,0,0,0,31082107,2018,0.49,993.99,3233.44,0,50.3,98.3,68.2,35.3,57.4,513.7,48.1,602.5,147.3,146.6,1018.3,361995,2103,13.39,92.1,1500,2.8,1.17,29.5,40,60,21.9,12185017,72605,66.41,3412.3,0,1200,400,720,240,4200,7500,8500,102,1.5,6000,0,0,0,0,0,69.68,30,67.65,70.61,59,0,0
2026-08-15T00:10:59.032000+09:00,2026-08-14T15:10:59.032000+00:00,094623,2254.1,1,0,0,0,0,13378,495,13378,0,0,0,0,4651,-28608,18518,518,4480,528,129,0,0,0,0,0,0,0,0,0,31082107,2018,0.42,946.38,3200.48,0,50.6,98.7,68.1,35.3,57.7,522.5,47.4,611.8,155.3,154.9,1040.7,361995,2103,13.44,87.7,1490,2.81,1.14,29.4,40.5,60,24.12,12185021,72605,75.54,3412.3,0,1200,400,720,240,4200,7500,8500,102,1.5,6000,0,0,0,0,0,70.89,30,71.38,57.75,58.9,0,0
2026-08-15T00:11:59.142000+09:00,2026-08-14T15:11:59.142000+00:00,094623,2172.3,1,0,0,0,0,13378,495,13378,0,0,0,0,4651,-28608,10326,6,4480,0,129,0,0,0,0,0,0,0,0,0,31082107,2018,0.48,853.6,3025.91,0,50.5,96.7,67.8,35.3,57.9,527.8,46.5,613.1,155.2,154.7,1077.3,361996,2104,13.39,89.6,1500,2.8,1.14,29,41.6,60,24.48,12185025,72605,69.46,3412.3,0,1200,400,720,240,4200,7500,8500,102,1.5,6000,0,0,0,0,0,69.94,30,64.08,61.36,58.9,0,0
2026-08-15T00:12:59.250000+09:00,2026-08-14T15:12:59.250000+00:00,094623,2277.3,1,0,0,0,0,13378,497,13378,0,0,0,0,4651,-28608,10326,6,4480,0,129,0,0,0,0,0,0,0,0,0,31082107,2018,0.52,845.06,3122.35,0,50.6,99.1,67.4,35.3,57.9,529,45.9,612.8,153.9,153.3,1043.1,361996,2104,13.31,90.6,1500,2.8,1.16,29.4,41.9,60,24.56,12185030,72605,72.99,3412.3,0,1200,400,720,240,4200,7500,8500,102,1.5,6000,0,0,0,0,0,68.24,30,71.25,64.96,58.8,0,0
2026-08-15T00:13:59.350000+09:00,2026-08-14T15:13:59.350000+00:00,094623,2543.4,1,0,0,0,0,13378,497,13378,0,0,0,0,4655,-28608,12374,6,4480,8,129,0,0,0,0,0,0,0,0,0,31082107,2018,0.48,1135.59,3679.01,0,50.8,98,67.3,35.4,58.1,524.3,46.1,613.9,158.4,157.8,1043.5,361996,2104,13.51,90.1,1500,2.8,1.16,30,38.9,60,24.59,12185034,72605,77.12,3412.3,0,1200,400,720,240,4200,7500,8500,102,1.5,6000,0,0,0,0,0,66.93,30,69.09,64.04,58.7,0,0
2026-08-15T00:14:59.445000+09:00,2026-08-14T15:14:59.445000+00:00,094623,1514.0,1,0,0,0,0,13378,498,13378,0,0,0,0,4655,-28608,10326,6,4992,0,129,0,0,0,0,0,0,0,0,0,31082107,2018,0.45,544.75,2058.78,0,50.7,97.5,68,35.3,58.2,527,47,608.2,151.3,150.6,1042.2,361996,2104,13.47,90,1500,2.88,1.13,22.9,36.7,60,11.32,12185037,72605,66.31,3412.3,0,1200,400,720,240,4200,7500,8500,102,1.5,6000,0,0,0,0,0,60.24,30,59,55.52,58.6,0,0
2026-08-15T00:15:59.555000+09:00,2026-08-14T15:15:59.555000+00:00,094623,1500.6,1,0,0,0,0,13378,497,13378,0,0,0,0,4651,-28608,18518,6,4992,528,129,0,0,0,0,0,0,0,0,0,31082107,2018,0.46,630.21,2130.8,0,50.5,97.5,68.7,35.3,57.8,521.7,46.1,602.2,145.4,144.6,1039.4,361996,2104,13.38,91.3,1500,2.88,1.13,23.2,36,60,11.07,12185039,72605,63.6,3412.3,0,1200,400,720,240,4200,7500,8500,102,1.5,6000,0,0,0,0,0,62.91,30,58.44,60.92,58.5,0,0
2026-08-15T00:16:59.647000+09:00,2026-08-14T15:16:59.647000+00:00,094623,2377.4,1,0,0,0,0,13378,497,13378,0,0,0,0,4655,-28608,10326,6,4480,0,129,0,0,0,0,0,0,0,0,0,31082107,2018,0.52,1123.39,3500.78,0,50.4,98.3,68.5,35.3,57.5,514.7,46.5,605.8,151,150.1,1035.4,361996,2104,13.21,89.7,1500,2.81,1.16,30.1,39.7,60,24.07,12185041,72605,67.54,3412.3,0,1200,400,720,240,4200,7500,8500,102,1.5,6000,0,0,0,0,0,71.12,30,68.49,64.27,58.4,0,0
2026-08-15T00:17:59.748000+09:00,2026-08-14T15:17:59.748000+00:00,094623,2327.3,1,0,0,0,0,13378,496,13378,0,0,0,0,4651,-28608,10326,6,4480,0,129,0,0,0,0,0,0,0,0,0,31082107,2018,0.48,910.98,3238.32,0,50.4,98.2,68.1,35.3,57.9,523.2,45.8,610.8,157.1,156.6,1027.8,361997,2105,13.31,89.3,1500,2.82,1.13,29.3,39.9,60,24.5,12185045,72605,76.47,3412.31,0,1200,400,720,240,4200,7500,8500,102,1.5,6000,0,0,0,0,0,70.51,30,69.81,62.45,58.4,0,0
2026-08-15T00:18:59.874000+09:00,2026-08-14T15:18:59.874000+00:00,094623,2208.9,1,0,0,0,0,13378,499,13378,0,0,0,0,4655,-28608,12374,518,4512,72,129,0,0,0,0,0,0,0,0,0,31082107,2018,0.49,862.15,3071.08,0,50.5,96.7,68,35.3,58,528.6,47.5,609.8,154.5,153.8,1030.9,361997,2105,13.32,89.8,1500,2.83,1.15,29,41.7,60,23.9,12185050,72605,76.11,3412.31,0,1200,400,720,240,4200,7500,8500,102,1.5,6000,0,0,0,0,0,70.45,30,63.85,63.52,58.3,0,0
2026-08-15T00:20:00.009000+09:00,2026-08-14T15:20:00.009000+00:00,094623,2542.2,1,0,0,0,0,13378,496,13378,0,0,0,0,4655,-26560,10326,518,4480,0,129,0,0,0,0,0,0,0,0,0,31082107,2018,0.52,1056.25,3598.44,0,50.6,99.1,67.5,35.3,58,524.7,46.6,611,157.3,156.8,1046.3,361997,2105,13.29,89.9,1500,2.81,1.15,30,39.3,60,24.52,12185054,72605,73.8,3412.31,0,1200,400,720,240,4200,7500,8500,102,1.5,6000,0,0,0,0,0,68.47,30,70.91,63.53,58.2,0,0
2026-08-15T00:21:00.084000+09:00,2026-08-14T15:21:00.084000+00:00,094623,2558.1,1,0,0,0,0,13378,496,13378,0,0,0,0,4655,-26560,18518,6,4480,528,129,0,0,0,0,0,0,0,0,0,31082107,2018,0.52,1112.4,3670.46,0,50.9,98.3,67.4,35.3,58.3,525.3,46.6,612.6,158.7,158.1,1042.9,361997,2105,13.31,90.1,1500,2.8,1.17,30.1,39.4,60,23.62,12185058,72605,74.75,3412.31,0,1200,400,720,240,4200,7500,8500,102,1.5,6000,0,0,0,0,0,67.22,30,69.83,64.08,58.1,0,0
2026-08-15T00:22:00.183000+09:00,2026-08-14T15:22:00.183000+00:00,094623,1543.3,1,0,0,0,0,13378,497,13378,0,0,0,0,4655,-28608,10326,6,4992,0,129,0,0,0,0,0,0,0,0,0,31082107,2018,0.45,576.49,2119.82,0,50.9,97.4,68,35.3,58.4,526.8,46.3,605.3,152,151.1,1026.1,361997,2105,12.82,90.5,1500,2.88,1.13,22.9,36.2,60,11.31,12185061,72605,71.3,3412.31,0,1200,400,720,240,4200,7500,8500,102,1.5,6000,0,0,0,0,0,60.35,30,59.01,57.92,58.1,0,0
2026-08-15T00:23:00.274000+09:00,2026-08-14T15:23:00.274000+00:00,094623,1438.3,1,0,0,0,0,13378,496,13378,0,0,0,0,4655,-28608,10326,6,4992,0,129,0,0,0,0,0,0,0,0,0,31082107,2018,0.44,585.04,2023.38,0,50.7,97.1,68.7,35.3,57.9,524.1,46.3,599,144.3,143.6,1042.3,361997,2105,13.37,90.9,1500,2.89,1.13,22.9,36.9,60,10.37,12185063,72605,63.02,3412.31,0,1200,400,720,240,4200,7500,8500,102,1.5,6000,0,0,0,0,0,63.11,30,57.05,60.41,57.9,0,0
2026-08-15T00:24:00.365000+09:00,2026-08-14T15:24:00.365000+00:00,094623,2455.5,1,0,0,0,0,13378,498,13378,0,0,0,0,4655,-28608,12374,6,4512,72,129,0,0,0,0,0,0,0,0,0,31082107,2018,0.51,1123.39,3578.91,0,50.6,98.6,68.5,35.3,57.6,514.9,45.7,602.2,150.6,150.1,1059.8,361998,2106,13.35,89.9,1500,2.83,1.16,30.1,39.2,60,23.78,12185065,72605,66.68,3412.31,0,1200,400,720,240,4200,7500,8500,102,1.5,6000,0,0,0,0,0,71.3,30,69.8,65.93,57.9,0,0
2026-08-15T00:25:00.462000+09:00,2026-08-14T15:25:00.462000+00:00,094623,2227.2,1,0,0,0,0,13378,497,13378,0,0,0,0,4651,-28608,10390,6,20864,0,129,0,0,0,0,0,0,0,0,0,31082107,2018,0.47,810.88,3038.12,0,50.7,98.6,68.1,35.4,58,527,46,605.1,155.6,155,1030.9,361998,2106,13.06,88.8,1500,2.84,1.14,28.9,41.3,60,24.53,12185069,72605,77.51,3412.31,0,1200,400,720,240,4200,7500,8500,102,1.5,6000,0,0,0,0,0,70.66,30,71.23,61.68,57.8,0,0
2026-08-15T00:26:00.564000+09:00,2026-08-14T15:26:00.564000+00:00,094623,2565.4,1,0,0,0,0,13378,499,13378,0,0,0,0,4655,-28608,18518,518,4480,528,129,0,0,0,0,0,0,0,0,0,31082107,2018,0.48,1089.21,3654.59,0,50.7,97.2,67.9,35.4,58,523.2,46.4,607.9,157.2,156.6,1044,361998,2106,13.35,88.9,1510,2.84,1.15,30.1,38.8,60,24.42,12185074,72605,74.45,3412.32,0,1200,400,720,240,4200,7500,8500,102,1.5,6000,0,0,0,0,0,70.17,30,66.74,60.27,57.7,0,0
2026-08-15T00:27:00.660000+09:00,2026-08-14T15:27:00.660000+00:00,094623,1417.6,1,0,0,0,0,13378,494,13378,0,0,0,0,4651,-28608,10342,6,13188,0,129,0,0,0,0,0,0,0,0,0,31082107,2018,0.47,460.52,1878.11,0,50.7,97.8,67.7,35.4,58.1,529.3,45.8,600.8,149.4,148.6,1015.6,361998,2106,13.44,89.9,1490,2.87,1.11,22.3,37.1,60,11.11,12185077,72605,67.35,3412.32,0,1200,400,720,240,4200,7500,8500,102,1.5,6000,0,0,0,0,0,61.05,30,59.34,53.9,57.7,0,0
2026-08-15T00:28:00.763000+09:00,2026-08-14T15:28:00.763000+00:00,094623,1435.9,1,0,0,0,0,13378,491,13378,0,0,0,0,4655,-28608,10326,6,4992,0,129,0,0,0,0,0,0,0,0,0,31082107,2018,0.54,577.71,2013.61,0,50.5,97.1,68,35.4,57.5,523.5,47.2,599.4,142.9,142,1035.1,361998,2106,13.39,91.2,1480,2.86,1.11,22.6,35.9,60,11.4,12185079,72605,60.5,3412.32,0,1200,400,720,240,4200,7500,8500,102,1.5,6000,0,0,0,0,0,61.67,30,56.53,58.4,57.6,0,0
2026-08-15T00:29:00.865000+09:00,2026-08-14T15:29:00.865000+00:00,094623,2433.5,1,0,0,0,0,13379,496,13379,0,0,0,0,4655,-28608,12374,6,4512,72,129,0,0,0,0,2,0,0,0,0,31082107,2018,0.2,1139.26,3572.8,0,50.4,98.8,68.2,35.4,57.2,515,47.1,605.2,149.1,148.7,1058.8,361998,2106,13.25,92.2,1500,2.83,1.16,29.9,38.9,60,23.66,12185081,72605,76.27,3412.32,0,1200,400,720,240,4200,7500,8500,102,1.5,6000,0,0,0,0,0,70.13,30,70.4,72.42,57.5,0,0
2026-08-15T00:30:00.977000+09:00,2026-08-14T15:30:00.977000+00:00,094623,2382.3,1,0,0,0,0,13379,498,13379,0,0,0,0,4655,-28608,10326,518,4480,0,129,0,0,0,0,2,0,0,0,0,31082107,2018,0.17,1025.73,3408,0,50.6,98.1,68.3,35.4,57.8,522.1,47.1,608.8,156.1,155.7,1070.1,361999,2107,13.27,87.1,1510,2.85,1.15,29.7,40,60,24.17,12185085,72605,78.18,3412.32,0,1200,400,720,240,4200,7500,8500,102,1.5,6000,0,0,0,0,0,71.2,30,70.31,56.07,57.4,0,0
2026-08-15T00:31:01.079000+09:00,2026-08-14T15:31:01.079000+00:00,094623,1869.3,1,0,0,0,0,13379,502,13379,0,0,0,0,4651,-28608,18518,6,4992,16,129,0,0,0,0,2,0,0,0,0,31082107,2018,0.33,683.92,2553.18,0,50.5,96.9,67.7,35.4,58.1,524.7,46.1,609.1,158.1,157.7,1025.9,361999,2107,13.49,88.7,1510,2.92,1.09,24.2,35,60,15.56,12185089,72605,66.64,3412.32,0,1200,400,720,240,4200,7500,8500,102,1.5,6000,0,0,0,0,0,63.55,30,58.62,52.04,57.3,0,0
2026-08-15T00:32:01.174000+09:00,2026-08-14T15:32:01.174000+00:00,094623,1676.4,1,0,0,0,0,13379,458,13379,0,0,0,0,4655,-28608,10326,6,4992,0,129,0,0,0,0,0,0,0,0,0,31082107,2018,0.47,583.82,2260.2,0,50.4,97.3,67.9,35.4,57.7,526.2,46.8,598.5,143.4,142.6,1016.8,361999,2107,13.34,91.3,1300,2.65,1.97,26.7,40.5,60,11.17,12185091,72605,55.81,3412.32,0,1200,400,720,240,4200,7500,8500,102,1.5,6000,0,0,0,0,0,60.92,30,56.71,56.23,57.3,0,0
2026-08-15T00:33:01.269000+09:00,2026-08-14T15:33:01.269000+00:00,094623,1959.6,1,0,0,0,0,13379,494,13379,0,0,0,0,4651,-28608,10326,6,4480,0,129,0,0,0,0,0,0,0,0,0,31082107,2018,0.29,843.84,2803.43,0,50.3,98.6,68,35.4,57.1,517,45.9,601.6,142.2,141.6,1024.6,361999,2107,13.31,94.6,1490,2.83,1.2,27.2,39.6,60,17.7,12185093,72605,68.55,3412.32,0,1200,400,720,240,4200,7500,8500,102,1.5,6000,0,0,0,0,0,65.87,30,64.32,75.4,57.2,0,0
2026-08-15T00:34:01.350000+09:00,2026-08-14T15:34:01.350000+00:00,094623,2509.2,1,0,0,0,0,13379,495,13379,0,0,0,0,4651,-28608,12374,6,4512,72,129,0,0,0,0,2,0,0,0,0,31082107,2018,0.16,1086.76,3596,0,50.5,99.3,68.4,35.4,57.4,516.7,45.6,606.8,155.4,155,1054.4,361999,2107,12.61,87.3,1490,2.83,1.16,30.2,39.1,60,24.2,12185097,72605,85.06,3412.32,0,1200,400,720,240,4200,7500,8500,102,1.5,6000,0,0,0,0,0,71.42,30,73.48,58.28,57.1,0,0
2026-08-15T00:35:01.452000+09:00,2026-08-14T15:35:01.452000+00:00,094623,1794.8,1,0,0,0,0,13379,469,13379,0,0,0,0,4651,-28608,10326,590,4992,8192,129,0,0,0,0,2,0,0,0,0,31082107,2018,0.29,631.43,2426.22,0,50.3,96.9,67.9,35.4,57.8,521.6,46.7,603.3,149.7,149.2,1063.2,361999,2107,12.69,88.8,1310,2.67,1.94,26.8,38.5,60,11.08,12185100,72605,54.33,3412.33,0,1200,400,720,240,4200,7500,8500,102,1.5,6000,0,0,0,0,0,61.68,30,56.15,50.42,57.1,0,0
2026-08-15T00:36:01.547000+09:00,2026-08-14T15:36:01.547000+00:00,094623,1383.4,1,0,0,0,0,13379,498,13379,0,0,0,0,4655,-28608,10326,6,4992,0,129,0,0,0,0,0,0,0,0,0,31082107,2018,0.47,483.72,1867.12,0,50.2,97.4,67.8,35.4,57.4,520.8,47.4,600.9,144,143.3,1051,362000,2108,12.96,90.8,1470,2.91,1.33,23.4,37.6,60,11.22,12185102,72605,53.61,3412.33,0,1200,400,720,240,4200,7500,8500,102,1.5,6000,0,0,0,0,0,61.61,30,57.73,55.4,57,0,0
2026-08-15T00:37:01.636000+09:00,2026-08-14T15:37:01.636000+00:00,094623,2320.0,1,0,0,0,0,13379,496,13379,0,0,0,0,4651,-28608,10326,6,4480,0,129,0,0,0,0,2,0,0,0,0,31082107,2018,0.19,981.78,3301.8,0,50.1,98.8,67.9,35.4,57.1,515.6,47.8,606.2,150.2,149.8,1034.8,362000,2108,13.32,93.3,1500,2.82,1.15,29.7,39.9,60,24.16,12185105,72605,73.64,3412.33,0,1200,400,720,240,4200,7500,8500,102,1.5,6000,0,0,0,0,0,69.44,30,68.86,75.25,57,0,0
2026-08-15T00:38:01.743000+09:00,2026-08-14T15:38:01.743000+00:00,094623,2213.8,1,0,0,0,0,13379,497,13379,0,0,0,0,4651,-28608,10326,6,4480,0,129,0,0,0,0,2,0,0,0,0,31082107,2018,0.29,902.43,3116.24,0,50.3,96.7,68.3,35.4,57.5,523.5,48.8,610.9,154.4,154,1051.6,362000,2108,12.87,87.5,1500,2.82,1.15,29.2,41.2,60,24.55,12185109,72605,77.87,3412.33,0,1200,400,720,240,4200,7500,8500,102,1.5,6000,0,0,0,0,0,71.17,30,65.34,56.19,56.9,0,0
2026-08-15T00:39:01.855000+09:00,2026-08-14T15:39:01.855000+00:00,094623,2289.5,1,0,0,0,0,13379,497,13379,0,0,0,0,4651,-28608,12374,6,4512,8,129,0,0,0,0,0,0,0,0,0,31082107,2018,0.45,941.5,3230.99,0,50.1,98.3,67.7,35.4,57.6,526.8,47.4,610,154.5,154.1,1030.4,362000,2108,13.39,89.9,1500,2.82,1.16,29.4,41.1,60,24.25,12185113,72605,65.82,3412.33,0,1200,400,720,240,4200,7500,8500,102,1.5,6000,0,0,0,0,0,69.42,30,67.52,61.17,56.8,0,0
2026-08-15T00:40:01.954000+09:00,2026-08-14T15:40:01.954000+00:00,094623,2366.4,1,0,0,0,0,13379,496,13379,0,0,0,0,4655,-28608,10326,526,4480,8192,129,0,0,0,0,0,0,0,0,0,31082107,2018,0.43,887.78,3254.19,0,50.5,97.9,67.2,35.4,57.6,527.4,48,608.4,155.9,155.5,1046,362000,2108,13.37,90.5,1500,2.81,1.14,29.2,40.3,60,24.04,12185117,72605,78,3412.33,0,1200,400,720,240,4200,7500,8500,102,1.5,6000,0,0,0,0,0,66.94,30,67.88,63.91,56.7,0,0
2026-08-15T00:41:02.053000+09:00,2026-08-14T15:41:02.053000+00:00,094623,2611.8,1,0,0,0,0,13379,497,13379,0,0,0,0,4651,-28608,10326,6,4480,0,129,0,0,0,0,0,0,0,0,0,31082107,2018,0.44,1072.12,3683.89,0,50.6,97.8,67.1,35.4,57.9,524.5,46.1,609.5,158.2,157.7,1110.6,362000,2108,13.33,89.6,1500,2.81,1.17,30.3,39.4,60,24.38,12185121,72605,75,3412.33,0,1200,400,720,240,4200,7500,8500,102,1.5,6000,0,0,0,0,0,65.47,30,66.48,61.25,56.7,0,0
2026-08-15T00:42:02.229000+09:00,2026-08-14T15:42:02.229000+00:00,094623,1832.6,1,0,0,0,0,13379,465,13379,0,0,0,0,4655,-26560,10326,590,4992,8192,129,0,0,0,0,0,0,0,0,0,31082107,2018,0.43,663.17,2495.8,0,50.6,97.7,68,35.3,58,526.7,46,604.1,150.5,149.9,1055,362001,2109,13.4,90.6,1320,2.57,1.76,27,38.7,60,11.4,12185124,72605,65.57,3412.33,0,1200,400,720,240,4200,7500,8500,102,1.5,6000,0,0,0,0,0,58.62,30,58.2,55.06,56.6,0,0
2026-08-15T00:43:02.329000+09:00,2026-08-14T15:43:02.329000+00:00,094623,1571.4,1,0,0,0,0,13379,496,13379,0,0,0,0,4651,-28608,10326,6,4992,0,129,0,0,0,0,0,0,0,0,0,31082107,2018,0.41,544.75,2116.15,0,50.5,98,68.8,35.3,57.6,522.8,46.7,600.8,144.9,144.2,1057.7,362001,2109,13.14,91.7,1390,2.84,1.8,25,38.7,60,11.32,12185126,72605,66.74,3412.33,0,1200,400,720,240,4200,7500,8500,102,1.5,6000,0,0,0,0,0,62.31,30,58.85,61.72,56.5,0,0
2026-08-15T00:44:02.419000+09:00,2026-08-14T15:44:02.419000+00:00,094623,2443.3,1,0,0,0,0,13379,497,13379,0,0,0,0,4655,-28608,18582,6,20864,528,129,0,0,0,0,0,0,0,0,0,31082107,2018,0.43,1008.64,3451.95,0,50.4,98.8,68.7,35.3,57.4,515.1,47.8,605.4,152.2,151.7,1033.5,362001,2109,13.29,89.3,1500,2.82,1.14,29.9,39.1,60,24.01,12185129,72605,69.19,3412.34,0,1200,400,720,240,4200,7500,8500,102,1.5,6000,0,0,0,0,0,71.1,30,70.2,62.65,56.4,0,0
2026-08-15T00:45:02.546000+09:00,2026-08-14T15:45:02.546000+00:00,094623,2315.1,1,0,0,0,0,13379,497,13379,0,0,0,0,4651,-28608,10326,6,4480,0,129,0,0,0,0,0,0,0,0,0,31082107,2018,0.43,862.15,3177.28,0,50.5,98,68.3,35.3,57.8,524.7,46.5,610.6,155.3,154.7,1064.6,362001,2109,12.93,88.9,1500,2.81,1.15,29.3,41,60,24.58,12185133,72605,74.57,3412.34,0,1200,400,720,240,4200,7500,8500,102,1.5,6000,0,0,0,0,0,70.76,30,68.91,60.16,56.4,0,0
2026-08-15T00:46:02.609000+09:00,2026-08-14T15:46:02.609000+00:00,094623,2417.7,1,0,0,0,0,13379,498,13379,0,0,0,0,4651,-28608,10342,6,12676,0,129,0,0,0,0,0,0,0,0,0,31082107,2018,0.47,891.45,3309.12,0,50.5,97.1,68,35.3,57.9,525.9,47.1,611.2,155.6,155.1,1044.5,362001,2109,13.37,89.8,1510,2.82,1.16,29.7,40.8,60,24.34,12185137,72605,72.7,3412.34,0,1200,400,720,240,4200,7500,8500,102,1.5,6000,0,0,0,0,0,70.11,30,65.33,61.74,56.3,0,0
2026-08-15T00:47:02.700000+09:00,2026-08-14T15:47:02.700000+00:00,094623,2647.2,1,0,0,0,0,13379,496,13379,0,0,0,0,4655,-28608,10326,6,4992,0,129,0,0,0,0,0,0,0,0,0,31082107,2018,0.5,1058.69,3705.86,0,50.6,97.8,67.7,35.4,58,523.7,47.2,614,158,157.4,1063.5,362001,2109,13.43,90.8,1490,2.78,1.17,30.2,39.2,60,24.49,12185141,72605,74.86,3412.34,0,1200,400,720,240,4200,7500,8500,102,1.5,6000,0,0,0,0,0,68.91,30,66.45,65.41,56.3,0,0
2026-08-15T00:48:02.808000+09:00,2026-08-14T15:48:02.808000+00:00,094623,1476.2,1,0,0,0,0,13379,497,13379,0,0,0,0,4655,-28608,10326,6,4992,0,129,0,0,0,0,0,0,0,0,0,31082107,2018,0.46,580.16,2056.34,0,50.7,98.3,68.1,35.3,58.1,522.5,47.6,607.4,150.1,149.2,1044.1,362002,2110,13.27,91.4,1480,2.87,1.06,21.9,33.6,60,11.36,12185144,72605,70,3412.34,0,1200,400,720,240,4200,7500,8500,102,1.5,6000,0,0,0,0,0,61.65,30,60.35,60.07,56.2,0,0
2026-08-15T00:49:02.896000+09:00,2026-08-14T15:49:02.896000+00:00,094623,1466.4,1,0,0,0,0,13379,498,13379,0,0,0,0,4651,-28608,18518,6,4992,528,129,0,0,0,0,0,0,0,0,0,31082107,2018,0.42,609.45,2075.87,0,50.5,97.8,68.7,35.3,57.6,520.1,49.6,604.7,144.2,143.3,1025,362002,2110,13.22,90.5,1490,2.9,1.05,21.7,33.2,60,11.49,12185146,72605,67.67,3412.34,0,1200,400,720,240,4200,7500,8500,102,1.5,6000,0,0,0,0,0,64.12,30,58.54,59.55,56.1,0,0
2026-08-15T00:50:03.003000+09:00,2026-08-14T15:50:03.003000+00:00,094623,2516.5,1,0,0,0,0,13379,496,13379,0,0,0,0,4651,-28608,10326,6,4992,0,129,0,0,0,0,0,0,0,0,0,31082107,2018,0.48,1206.4,3722.95,0,50.3,99.2,68.2,35.3,57.4,515.7,48.4,612.6,152.9,152.3,1031.3,362002,2110,13.05,89.5,1500,2.8,1.15,29.9,38.1,60,24.4,12185149,72605,68.62,3412.34,0,1200,400,720,240,4200,7500,8500,102,1.5,6000,0,0,0,0,0,71.36,30,71.53,64.42,56,0,0
2026-08-15T00:51:03.096000+09:00,2026-08-14T15:51:03.096000+00:00,094623,1335.8,1,0,0,0,0,13379,491,13379,0,0,0,0,4651,-28608,10326,6,4992,0,129,0,0,0,0,0,0,0,0,0,31082107,2018,0.39,449.54,1785.33,0,50.2,97,68.2,35.3,57.5,524.5,49.2,604.7,144,143.1,1035.3,362002,2110,13.27,90.2,1470,2.86,1.07,21.6,36.3,60,11.71,12185151,72605,70.01,3412.34,0,1200,400,720,240,4200,7500,8500,102,1.5,6000,0,0,0,0,0,63.66,30,57.65,57.82,56,0,0
2026-08-15T00:52:03.190000+09:00,2026-08-14T15:52:03.190000+00:00,094623,1345.6,1,0,0,0,0,13379,499,13379,0,0,0,0,4655,-28608,12374,6,4992,8,129,0,0,0,0,0,0,0,0,0,31082107,2018,0.35,497.15,1842.71,0,50,99.6,68,35.3,56.8,522.3,48.5,598.8,137.8,136.8,1034,362002,2110,13.1,90.1,1490,2.91,1.05,21.4,35,60,11.26,12185153,72605,58.7,3412.35,0,1200,400,720,240,4200,7500,8500,102,1.5,6000,0,0,0,0,0,63.32,30,64.73,57.49,55.9,0,0
2026-08-15T00:53:03.277000+09:00,2026-08-14T15:53:03.277000+00:00,094623,2519.0,1,0,0,0,0,13379,497,13379,0,0,0,0,4651,-28608,10326,6,4480,0,129,0,0,0,0,2,0,0,0,0,31082107,2018,0.2,1090.43,3609.42,0,49.9,97.9,67.7,35.3,56.5,515.6,47.1,604.3,148.4,147.9,1052,362002,2110,13.21,91.6,1500,2.82,1.15,30.1,39.1,60,24.38,12185157,72605,73.4,3412.35,0,1200,400,720,240,4200,7500,8500,102,1.5,6000,0,0,0,0,0,70.08,30,68.29,71.95,55.8,0,0
2026-08-15T00:54:03.387000+09:00,2026-08-14T15:54:03.387000+00:00,094623,2389.6,1,0,0,0,0,13379,497,13379,0,0,0,0,4651,-28608,18518,518,4480,528,129,0,0,0,0,2,0,0,0,0,31082107,2018,0.18,914.64,3304.24,0,50.1,97.8,67.9,35.3,57.2,522.8,48.3,607.8,154.6,154.2,1036.6,362003,2111,13.46,87.2,1500,2.82,1.15,29.5,40.2,60,24.23,12185161,72605,74.12,3412.35,0,1200,400,720,240,4200,7500,8500,102,1.5,6000,0,0,0,0,0,70.47,30,70.09,56.58,55.8,0,0
2026-08-15T00:55:03.487000+09:00,2026-08-14T15:55:03.487000+00:00,094623,2447.0,1,0,0,0,0,13379,495,13379,0,0,0,0,4655,-28608,10326,6,4480,0,129,0,0,0,0,2,0,0,0,0,31082107,2018,0.35,1008.64,3455.61,0,50,97.1,67.9,35.3,57.4,524.2,47.6,607,154.8,154.3,1044.3,362003,2111,13.21,89.2,1490,2.81,1.17,29.9,40.2,60,24.38,12185165,72605,65.55,3412.35,0,1200,400,720,240,4200,7500,8500,102,1.5,6000,0,0,0,0,0,70.43,30,65.3,60.19,55.8,0,0
2026-08-15T00:56:03.598000+09:00,2026-08-14T15:56:03.598000+00:00,094623,1748.4,1,0,0,0,0,13379,498,13379,0,0,0,0,4651,-28608,10326,6,4992,0,129,0,0,0,0,0,0,0,0,0,31082107,2018,0.37,569.17,2317.58,0,50.1,99.8,67.5,35.3,57.6,524.9,47.9,606.6,153.6,153.2,1026.1,362003,2111,13.52,91.9,1500,2.89,1.13,23.5,35.8,60,12.8,12185168,72605,73.35,3412.35,0,1200,400,720,240,4200,7500,8500,102,1.5,6000,0,0,0,0,0,61.42,30,67.58,61.84,55.7,0,0
2026-08-15T00:57:03.697000+09:00,2026-08-14T15:57:03.697000+00:00,094623,1487.2,1,0,0,0,0,13379,493,13379,0,0,0,0,4651,-28608,12374,6,5024,72,129,0,0,0,0,2,0,0,0,0,31082107,2018,0.22,572.83,2060,0,50.1,96.3,68.3,35.3,57.2,523.1,50.2,597.9,143.5,142.7,1038.5,362003,2111,13.47,92.2,1490,2.87,1.13,23.1,37,60,11.14,12185170,72605,71.61,3412.35,0,1200,400,720,240,4200,7500,8500,102,1.5,6000,0,0,0,0,0,63,30,55.29,65.85,55.6,0,0
2026-08-15T00:58:03.795000+09:00,2026-08-14T15:58:03.795000+00:00,094623,2287.1,1,0,0,0,0,13379,494,13379,0,0,0,0,4651,-28608,10326,6,4480,0,129,0,0,0,0,2,0,0,0,0,31082107,2018,0.19,1059.91,3346.96,0,50,99.4,68.4,35.4,56.8,511.7,48.1,599.4,145.2,144.7,1020.5,362003,2111,13.47,88.3,1490,2.81,1.21,29.7,40.2,60,21.89,12185173,72605,60.48,3412.35,0,1200,400,720,240,4200,7500,8500,102,1.5,6000,0,0,0,0,0,70.52,30,72.1,60.01,55.6,0,0
2026-08-15T00:59:03.899000+09:00,2026-08-14T15:59:03.899000+00:00,094623,2451.9,1,0,0,0,0,13379,496,13379,0,0,0,0,4655,-28608,18518,590,4480,8720,129,0,0,0,0,2,0,0,0,0,31082107,2018,0.27,972.01,3423.87,0,50.1,97.1,68.1,35.2,57.1,520.7,48.7,610.2,154.1,153.8,1047.5,362003,2111,13.31,89.7,1500,2.8,1.15,29.7,39.7,60,23.69,12185177,72605,73.09,3412.35,0,1200,400,720,240,4200,7500,8500,102,1.5,6000,0,0,0,0,0,71.35,30,66.7,64.26,55.5,0,0
2026-08-15T01:00:04.033000+09:00,2026-08-14T16:00:04.033000+00:00,094623,2425.0,1,0,0,0,0,13379,498,13379,0,0,0,0,4651,-28608,10326,6,4480,0,129,0,0,0,0,2,0,0,0,0,31082107,2018,0.3,972.01,3397.02,0,50.2,98.2,67.9,35.2,57.5,523.2,47.7,610.1,156.1,155.7,1037.3,362004,2112,13.54,89.9,1500,2.82,1.15,29.6,39.8,60,24.47,12185181,72605,74.47,3412.35,0,1200,400,720,240,4200,7500,8500,102,1.5,6000,0,0,0,0,0,70.79,30,68.67,64.53,55.5,0,0
2026-08-15T01:01:04.111000+09:00,2026-08-14T16:01:04.111000+00:00,094623,2453.1,1,0,0,0,0,13379,497,13379,0,0,0,0,4655,-28608,10390,6,20864,0,129,0,0,0,0,2,0,0,0,0,31082107,2018,0.26,957.37,3410.44,0,50.2,98.9,67.7,35.2,57.6,526.1,46.7,611.4,156,155.7,1043.5,362004,2112,13.14,90.8,1500,2.81,1.16,29.7,40.3,60,24.48,12185185,72605,80.14,3412.36,0,1200,400,720,240,4200,7500,8500,102,1.5,6000,0,0,0,0,0,69.89,30,72.12,68.16,55.4,0,0
