timestamp_jst,timestamp_utc,deviceId,diff_pressure_Pa,unit_status1,1101,1102,1103,1104,1105,1106,1107,1108,1109,1110,1111,1112,1113,1114,1115,1116,1117,1118,1119,1150,1151,1152,1153,1154,1155,1156,1157,serial_number,1202,circulation_pressure_bar,gas_pressure_before_filter_Pa,gas_pressure_before_engine_Pa,1210,1212,1214,1216,1218,1220,1222,gasifier_top_temp_C,gas_temp_after_gasifier_C,gas_temp_before_filter_primary_C,gas_temp_before_filter_secondary_C,gasifier_throat_temp_C,1234,1236,1238,cooling_circ_temp_in_engine_C,engine,oil_pressure_bar,1246,1248,1250,1252,power_kW_IEM3255,produced_energy_EM1_Wh,1258,1260,1262,1264,throat_temp_high_limit_C,gasifier_top_temp_high_limit_C,gas_temp_after_gasifier_high_limit_C,gas_temp_before_filter_high_limit_C,filter_dp_high_limit_Pa,gas_pressure_before_filter_high_limit_Pa,gas_pressure_before_engine_high_limit_Pa,cooling_circ_temp_high_limit_C,oil_pressure_low_limit_bar,1284,1286,1288,1290,1292,1294,1296,1298,1300,1302,1304,1306,1308
2026-09-01T09:00:41.356000+09:00,2026-09-01T00:00:41.356000+00:00,094623,2024.6,1,0,0,0,0,13447,494,13447,0,0,0,0,4655,-26560,10326,6,4480,0,129,0,0,0,0,0,0,0,0,0,31082107,2018,0.38,932.95,2957.55,0,53.8,97.6,68,37.7,63.5,511.5,37.2,604,145.7,144.8,1012.1,365367,5475,12.74,90.6,1490,2.66,1.19,30.3,42.9,65,21.69,12244176,72915,71.23,3435.02,0,1200,400,720,240,4200,7500,8500,102,1.5,6000,0,0,0,0,0,74.28,30,67.13,71.06,47.8,0,0
2026-09-01T09:01:41.449000+09:00,2026-09-01T00:01:41.449000+00:00,094623,2401.8,1,0,0,0,0,13447,497,13447,0,0,0,0,4655,-26560,10326,6,4480,0,129,0,0,0,0,0,0,0,0,0,31082107,2018,0.37,1086.76,3488.57,0,53.9,99.2,67.8,37.7,63.9,516.1,36.6,612,159,158.6,1028.6,365367,5475,12.87,88.1,1500,2.67,1.16,32.1,41.6,65,26.56,12244180,72915,78.08,3435.02,0,1200,400,720,240,4200,7500,8500,102,1.5,6000,0,0,0,0,0,75.87,30,75.38,64.21,47.8,0,0
2026-09-01T09:02:41.555000+09:00,2026-09-01T00:02:41.555000+00:00,094623,2298.0,1,0,0,0,0,13447,496,13447,0,0,0,0,4655,-26560,10326,6,4480,0,129,0,0,0,0,0,0,0,0,0,31082107,2018,0.4,959.81,3257.85,0,54,96.5,67.5,37.7,64.4,522,37.6,615,161.1,160.4,1021.5,365367,5475,12.92,88.5,1500,2.67,1.14,31.3,42.2,65,26.7,12244185,72915,74.84,3435.02,0,1200,400,720,240,4200,7500,8500,102,1.5,6000,0,0,0,0,0,74.43,30,66.62,62.51,47.8,0,0
2026-09-01T09:03:41.660000+09:00,2026-09-01T00:03:41.660000+00:00,094623,2359.1,1,0,0,0,0,13447,496,13447,0,0,0,0,4655,-28608,10326,6,4480,0,129,0,0,0,0,0,0,0,0,0,31082107,2018,0.47,1028.17,3387.25,0,54.1,98.4,67.3,37.7,64.6,523.2,37.1,615.6,162.6,161.9,1053,365367,5475,12.7,89.8,1500,2.64,1.16,31.8,42.4,65,26.63,12244189,72915,73.98,3435.02,0,1200,400,720,240,4200,7500,8500,102,1.5,6000,0,0,0,0,0,72.91,30,71.44,65.09,47.9,0,0
2026-09-01T09:04:41.753000+09:00,2026-09-01T00:04:41.753000+00:00,094623,2385.9,1,0,0,0,0,13447,504,13447,0,0,0,0,4651,-28608,18518,6,4992,528,129,0,0,0,0,0,0,0,0,0,31082107,2018,0.47,1074.56,3460.49,0,54.3,98.8,67.4,37.7,64.9,520.8,37.3,617.6,163.8,162.9,1066.3,365367,5475,12.75,91.1,1520,2.68,1.14,30.4,39.5,65,25.31,12244194,72915,78.68,3435.02,0,1200,400,720,240,4200,7500,8500,102,1.5,6000,0,0,0,0,0,70.94,30,72.75,68.58,47.9,0,0
2026-09-01T09:05:41.851000+09:00,2026-09-01T00:05:41.851000+00:00,094623,1261.3,1,0,0,0,0,13447,491,13447,0,0,0,0,4651,-28608,10326,6,4992,0,129,0,0,0,0,0,0,0,0,0,31082107,2018,0.39,494.7,1756.03,0,54.2,96.8,68.6,37.8,64.8,522.8,36.9,608.6,151.7,150.4,1020.4,365368,5476,12.82,90.7,1480,2.67,1.08,22.4,36.7,65,11.47,12244196,72915,68.32,3435.02,0,1200,400,720,240,4200,7500,8500,102,1.5,6000,0,0,0,0,0,66.2,30,58.46,60.09,47.8,0,0
2026-09-01T09:06:41.951000+09:00,2026-09-01T00:06:41.951000+00:00,094623,1161.2,1,0,0,0,0,13447,497,13447,0,0,0,0,4655,-28608,10326,6,4992,0,129,0,0,0,0,0,0,0,0,0,31082107,2018,0.42,440.99,1602.22,0,53.9,98,68.9,37.9,64.1,520.4,37.8,603.4,144.5,143.2,1007.3,365368,5476,12.75,91,1490,2.69,1.06,21.9,36.9,65,11.59,12244198,72915,63.43,3435.02,0,1200,400,720,240,4200,7500,8500,102,1.5,6000,0,0,0,0,0,68.49,30,60.87,62.25,47.8,0,0
2026-09-01T09:07:42.042000+09:00,2026-09-01T00:07:42.042000+00:00,094623,2195.5,1,0,0,0,0,13447,497,13447,0,0,0,0,4651,-28608,12374,6,4512,72,129,0,0,0,0,0,0,0,0,0,31082107,2018,0.45,1018.4,3213.9,0,54,98.6,68.2,37.9,63.7,517.4,37.2,606.8,151,150.1,1059.2,365368,5476,12.64,89.9,1500,2.64,1.16,31.6,43.1,65,26.39,12244201,72915,71.99,3435.03,0,1200,400,720,240,4200,7500,8500,102,1.5,6000,0,0,0,0,0,76.58,30,72.41,69.21,47.8,0,0
2026-09-01T09:08:42.143000+09:00,2026-09-01T00:08:42.143000+00:00,094623,2345.7,1,0,0,0,0,13447,498,13447,0,0,0,0,4655,-28608,10390,6,20864,0,129,0,0,0,0,0,0,0,0,0,31082107,2018,0.43,934.17,3279.82,0,54.2,98.5,67.8,37.9,64.1,520.4,36.8,611.7,158.7,158.2,1054.5,365368,5476,12.7,88.8,1500,2.61,1.15,31.7,42.4,65,26.7,12244206,72915,79.55,3435.03,0,1200,400,720,240,4200,7500,8500,102,1.5,6000,0,0,0,0,0,75.56,30,73.75,64.93,47.8,0,0
2026-09-01T09:09:42.210000+09:00,2026-09-01T00:09:42.210000+00:00,094623,2465.3,1,0,0,0,0,13447,498,13447,0,0,0,0,4655,-28608,18518,6,4480,528,129,0,0,0,0,0,0,0,0,0,31082107,2018,0.44,1194.19,3659.47,0,54.3,97.1,67.7,37.9,64.6,519.3,36.8,615.7,163.6,163.2,1051.7,365368,5476,12.8,89.2,1510,2.6,1.15,32.1,40.8,65,26.65,12244210,72915,74.86,3435.03,0,1200,400,720,240,4200,7500,8500,102,1.5,6000,0,0,0,0,0,74.87,30,69.01,64.61,47.9,0,0
2026-09-01T09:10:42.307000+09:00,2026-09-01T00:10:42.307000+00:00,094623,2429.9,1,0,0,0,0,13447,495,13447,0,0,0,0,4655,-28608,10342,6,12676,0,129,0,0,0,0,0,0,0,0,0,31082107,2018,0.49,998.87,3428.75,0,54.5,97.9,67.8,37.9,65,524,36.7,616.8,164.9,164.3,1054.3,365368,5476,12.48,89.9,1500,2.58,1.15,31.9,42,65,26.33,12244215,72915,74.95,3435.03,0,1200,400,720,240,4200,7500,8500,102,1.5,6000,0,0,0,0,0,74.62,30,70.41,66.03,47.9,0,0
2026-09-01T09:11:42.414000+09:00,2026-09-01T00:11:42.414000+00:00,094623,2448.2,1,0,0,0,0,13447,496,13447,0,0,0,0,4651,-28608,10326,6,4480,0,129,0,0,0,0,0,0,0,0,0,31082107,2018,0.52,995.21,3443.4,0,54.6,98.7,67.9,37.9,65.2,523.7,37.1,616.1,166.2,165.7,1046.6,365369,5477,12.8,90.6,1500,2.59,1.14,31.6,41.5,65,26.67,12244219,72915,77.34,3435.03,0,1200,400,720,240,4200,7500,8500,102,1.5,6000,0,0,0,0,0,74.81,30,73.37,68.52,47.9,0,0
2026-09-01T09:12:42.505000+09:00,2026-09-01T00:12:42.505000+00:00,094623,2439.7,1,0,0,0,0,13447,494,13447,0,0,0,0,4655,-28608,12374,6,4512,72,129,0,0,0,0,0,0,0,0,0,31082107,2018,0.52,1062.35,3502,0,54.8,98.7,68.2,37.9,65.4,524.7,36.9,614.7,167.3,166.8,1025.6,365369,5477,12.65,90.7,1490,2.58,1.16,31.9,41.6,65,26.21,12244224,72915,77.36,3435.03,0,1200,400,720,240,4200,7500,8500,102,1.5,6000,0,0,0,0,0,75.7,30,74.55,69.65,47.9,0,0
2026-09-01T09:13:42.597000+09:00,2026-09-01T00:13:42.597000+00:00,094623,2398.1,1,0,0,0,0,13447,495,13447,0,0,0,0,4651,-28608,10326,6,4480,0,129,0,0,0,0,0,0,0,0,0,31082107,2018,0.49,990.33,3388.47,0,55,98.5,68.5,37.9,65.6,526.3,36.4,616,166.8,166.1,1048.3,365369,5477,12.42,90.5,1490,2.58,1.15,31.4,41.8,65,26.68,12244228,72915,79.7,3435.03,0,1200,400,720,240,4200,7500,8500,102,1.5,6000,0,0,0,0,0,77.08,30,74.87,70.02,47.9,0,0
2026-09-01T09:14:42.702000+09:00,2026-09-01T00:14:42.702000+00:00,094623,2451.9,1,0,0,0,0,13447,502,13447,0,0,0,0,4651,-28608,18518,6,4992,528,129,0,0,0,0,0,0,0,0,0,31082107,2018,0.47,983,3434.86,0,55.1,97.8,68.5,37.8,65.7,524.6,36.3,615.2,168.5,167.8,1096.1,365369,5477,12.8,89.9,1520,2.6,1.14,31.2,41,65,26.34,12244232,72915,78.54,3435.03,0,1200,400,720,240,4200,7500,8500,102,1.5,6000,0,0,0,0,0,77.43,30,72.57,68.01,47.9,0,0
2026-09-01T09:15:42.801000+09:00,2026-09-01T00:15:42.801000+00:00,094623,1229.6,1,0,0,0,0,13447,516,13447,0,0,0,0,4651,-28608,10326,6,4992,0,129,0,0,0,0,0,0,0,0,0,31082107,2018,0.44,506.91,1736.5,0,55.1,97.3,68.5,37.8,65.5,524.3,37,605.4,154.2,152.9,1029,365369,5477,12.79,90.9,1530,2.72,1.04,21.8,35.4,65,12.09,12244235,72915,68.38,3435.04,0,1200,400,720,240,4200,7500,8500,102,1.5,6000,0,0,0,0,0,69.64,30,61.96,62.62,47.9,0,0
2026-09-01T09:16:42.899000+09:00,2026-09-01T00:16:42.899000+00:00,094623,1339.5,1,0,0,0,0,13447,518,13447,0,0,0,0,4651,-28608,10326,6,4992,0,129,0,0,0,0,0,0,0,0,0,31082107,2018,0.38,603.35,1942.81,0,54.8,97.3,68.3,37.9,64.7,518.7,36.5,599.2,147.4,146.2,997,365369,5477,12.76,91.2,1550,2.81,1.05,22.8,35.1,65,15.5,12244237,72915,69.27,3435.04,0,1200,400,720,240,4200,7500,8500,102,1.5,6000,0,0,0,0,0,69.95,30,60.58,66.4,48,0,0
2026-09-01T09:17:42.992000+09:00,2026-09-01T00:17:42.992000+00:00,094623,2384.7,1,0,0,0,0,13447,497,13447,0,0,0,0,4651,-28608,12374,6,4512,72,129,0,0,0,0,0,0,0,0,0,31082107,2018,0.41,1040.38,3425.09,0,54.6,98.8,68,37.9,64.4,513.6,37.3,605.9,156.1,155.4,1085.9,365370,5478,12.73,88.9,1500,2.65,1.15,32,41.5,65,25.95,12244240,72915,73.18,3435.04,0,1200,400,720,240,4200,7500,8500,102,1.5,6000,0,0,0,0,0,78.02,30,74.24,67.74,47.9,0,0
2026-09-01T09:18:43.108000+09:00,2026-09-01T00:18:43.108000+00:00,094623,2273.6,1,0,0,0,0,13447,496,13447,0,0,0,0,4651,-28608,10326,6,4480,0,129,0,0,0,0,0,0,0,0,0,31082107,2018,0.41,890.22,3163.85,0,54.7,98.1,67.7,37.9,64.9,523.1,37.2,615.8,161.5,160.8,1111.5,365370,5478,12.68,88.7,1500,2.64,1.15,31.3,42.9,65,26.64,12244245,72915,76.83,3435.04,0,1200,400,720,240,4200,7500,8500,102,1.5,6000,0,0,0,0,0,77.07,30,73.27,65.51,48,0,0
2026-09-01T09:19:43.213000+09:00,2026-09-01T00:19:43.213000+00:00,094623,2449.4,1,0,0,0,0,13447,494,13447,0,0,0,0,4655,-26560,18518,6,4480,16,129,0,0,0,0,0,0,0,0,0,31082107,2018,0.42,1040.38,3489.79,0,54.6,97.2,67.6,37.9,65.1,522.6,38,615.4,163.5,162.9,1080.3,365370,5478,12.8,89.2,1500,2.63,1.16,32.2,42,65,26.49,12244249,72915,76.81,3435.04,0,1200,400,720,240,4200,7500,8500,102,1.5,6000,0,0,0,0,0,76.1,30,69.85,65.33,47.9,0,0
2026-09-01T09:20:43.303000+09:00,2026-09-01T00:20:43.303000+00:00,094623,2531.2,1,0,0,0,0,13447,495,13447,0,0,0,0,4651,-28608,10326,6,4480,0,129,0,0,0,0,0,0,0,0,0,31082107,2018,0.46,1133.15,3664.36,0,54.6,97.7,67.6,37.9,65.4,521.8,37.2,616.9,166.8,166.2,1059.2,365370,5478,12.42,89.5,1490,2.61,1.15,32.2,40.8,65,26.63,12244253,72915,77.61,3435.04,0,1200,400,720,240,4200,7500,8500,102,1.5,6000,0,0,0,0,0,75.5,30,70.33,65.41,47.9,0,0
2026-09-01T09:21:43.394000+09:00,2026-09-01T00:21:43.394000+00:00,094623,1902.2,1,0,0,0,0,13447,446,13447,0,0,0,0,4651,-28608,10326,6,4992,0,129,0,0,0,0,0,0,0,0,0,31082107,2018,0.4,735.19,2637.41,0,54.7,98,67.9,37.9,65.5,525.2,37.1,609.9,159.9,159.2,1027.9,365370,5478,12.75,89.9,1460,2.46,1.25,27.3,38.5,65,11.54,12244257,72915,75.86,3435.04,0,1200,400,720,240,4200,7500,8500,102,1.5,6000,0,0,0,0,0,66.09,30,61.51,56.32,48,0,0
2026-09-01T09:22:43.500000+09:00,2026-09-01T00:22:43.500000+00:00,094623,1579.9,1,0,0,0,0,13447,443,13447,0,0,0,0,4655,-28608,12374,6,5024,72,129,0,0,0,0,0,0,0,0,0,31082107,2018,0.47,550.86,2130.8,0,54.3,97,68.4,38,64.8,524.3,37.3,603.4,148,146.9,1026.4,365370,5478,12.75,92.4,1320,2.45,1.73,27,41,65,11.08,12244259,72915,61.03,3435.04,0,1200,400,720,240,4200,7500,8500,102,1.5,6000,0,0,0,0,0,67.46,30,57.04,64.46,47.9,0,0
2026-09-01T09:23:43.594000+09:00,2026-09-01T00:23:43.594000+00:00,094623,2156.4,1,0,0,0,0,13447,493,13447,0,0,0,0,4655,-28608,10326,582,4480,0,129,0,0,0,0,0,0,0,0,0,31082107,2018,0.4,1020.84,3177.28,0,54.2,98.8,68.4,38.1,64.2,513.5,37.7,605.5,148.7,147.7,1050.1,365371,5479,12.47,90.1,1490,2.63,1.19,31.1,42.4,65,23.61,12244261,72915,72.78,3435.05,0,1200,400,720,240,4200,7500,8500,102,1.5,6000,0,0,0,0,0,76.78,30,71.07,69.55,48,0,0
2026-09-01T09:24:43.699000+09:00,2026-09-01T00:24:43.699000+00:00,094623,2374.9,1,0,0,0,0,13447,496,13447,0,0,0,0,4655,-26560,10326,6,4480,0,129,0,0,0,0,0,0,0,0,0,31082107,2018,0.38,1030.61,3405.56,0,54.4,99,67.9,38.1,64.6,519.3,38,611.6,161.2,160.7,1077.9,365371,5479,12.79,88.4,1500,2.63,1.15,31.7,41.8,65,26.52,12244266,72915,78.58,3435.05,0,1200,400,720,240,4200,7500,8500,102,1.5,6000,0,0,0,0,0,77,30,75.12,64.57,48,0,0
2026-09-01T09:25:43.818000+09:00,2026-09-01T00:25:43.818000+00:00,094623,2462.9,1,0,0,0,0,13447,497,13447,0,0,0,0,4655,-26560,10390,6,20864,0,129,0,0,0,0,0,0,0,0,0,31082107,2018,0.43,1084.32,3547.17,0,54.5,96.8,67.5,38.1,65,520.9,37.4,611.6,164.1,163.6,1072.7,365371,5479,12.68,88.9,1500,2.64,1.15,32,41.3,65,26.17,12244270,72915,75.04,3435.05,0,1200,400,720,240,4200,7500,8500,102,1.5,6000,0,0,0,0,0,75.46,30,67.84,63.76,48,0,0
2026-09-01T09:26:43.922000+09:00,2026-09-01T00:26:43.922000+00:00,094623,2456.7,1,0,0,0,0,13447,498,13447,0,0,0,0,4651,-26560,10326,6,4480,0,129,0,0,0,0,0,0,0,0,0,31082107,2018,0.49,1113.62,3570.36,0,54.5,98.7,67.5,38.1,65.3,521.7,37.6,616.3,164,163,1046.5,365371,5479,12.63,90.2,1500,2.63,1.15,31.7,40.9,65,26.75,12244274,72915,75.55,3435.05,0,1200,400,720,240,4200,7500,8500,102,1.5,6000,0,0,0,0,0,74.66,30,73.22,67.07,48,0,0
2026-09-01T09:27:44.010000+09:00,2026-09-01T00:27:44.010000+00:00,094623,2364.0,1,0,0,0,0,13447,497,13447,0,0,0,0,4655,-28608,12438,590,20896,8200,129,0,0,0,0,0,0,0,0,0,31082107,2018,0.47,926.85,3290.81,0,54.6,98.4,67.8,38,65.5,526.3,37.2,616.9,163,162.2,1032.7,365371,5479,12.47,90.8,1500,2.62,1.14,31.2,42.2,65,26.28,12244279,72915,78.69,3435.05,0,1200,400,720,240,4200,7500,8500,102,1.5,6000,0,0,0,0,0,74.97,30,73.57,69.87,48,0,0
2026-09-01T09:28:44.119000+09:00,2026-09-01T00:28:44.119000+00:00,094623,2370.1,1,0,0,0,0,13447,497,13447,0,0,0,0,4651,-28608,10326,6,4480,0,129,0,0,0,0,0,0,0,0,0,31082107,2018,0.46,1100.19,3470.26,0,54.8,97.7,68,38.1,65.5,527,37.4,615.7,163.3,162.4,1076.7,365371,5479,12.68,90.6,1500,2.63,1.16,31.7,42.2,65,26.69,12244283,72915,79.88,3435.05,0,1200,400,720,240,4200,7500,8500,102,1.5,6000,0,0,0,0,0,75.47,30,71.41,70.45,48,0,0
2026-09-01T09:29:44.221000+09:00,2026-09-01T00:29:44.221000+00:00,094623,1870.5,1,0,0,0,0,13447,502,13447,0,0,0,0,4655,-28608,10342,6,13188,0,129,0,0,0,0,0,0,0,0,0,31082107,2018,0.43,716.88,2587.36,0,55,98,68.1,38.1,65.7,527.1,37,616.2,164.8,164.2,1078.7,365372,5480,12.61,89.9,1510,2.67,1.09,25.8,37,65,17.47,12244288,72915,79.5,3435.05,0,1200,400,720,240,4200,7500,8500,102,1.5,6000,0,0,0,0,0,69.81,30,65.99,62.72,48,0,0
2026-09-01T09:30:44.329000+09:00,2026-09-01T00:30:44.329000+00:00,094623,1256.4,1,0,0,0,0,13447,495,13447,0,0,0,0,4651,-28608,10326,6,4992,0,129,0,0,0,0,0,0,0,0,0,31082107,2018,0.43,488.6,1745.05,0,54.8,97,68.7,38.2,65.3,524.7,37,603.6,150,148.9,1019.5,365372,5480,12.64,90.5,1490,2.67,1.12,23.1,38.7,65,11.21,12244290,72915,64.5,3435.05,0,1200,400,720,240,4200,7500,8500,102,1.5,6000,0,0,0,0,0,68.76,30,59.11,61.23,48,0,0
2026-09-01T09:31:44.444000+09:00,2026-09-01T00:31:44.444000+00:00,094623,1523.8,1,0,0,0,0,13447,494,13447,0,0,0,0,4651,-28608,10326,6,4480,0,129,0,0,0,0,0,0,0,0,0,31082107,2018,0.37,638.75,2162.54,0,54.6,98.6,68.5,38.2,64.6,520,38.1,600.3,145.4,144.3,995.1,365372,5480,12.79,91.9,1490,2.66,1.19,26.3,42.2,65,16.14,12244292,72915,66.04,3435.06,0,1200,400,720,240,4200,7500,8500,102,1.5,6000,0,0,0,0,0,72.1,30,65.95,70.33,48,0,0
2026-09-01T09:32:44.574000+09:00,2026-09-01T00:32:44.574000+00:00,094623,2332.2,1,0,0,0,0,13447,495,13447,0,0,0,0,4655,-28608,18518,6,4480,528,129,0,0,0,0,0,0,0,0,0,31082107,2018,0.4,1028.17,3360.39,0,54.7,99.6,68.1,38.3,64.6,517.6,37.5,608.7,157.3,156.9,1027.3,365372,5480,12.85,88.6,1500,2.63,1.14,31.6,41.8,65,26.37,12244296,72915,76.29,3435.06,0,1200,400,720,240,4200,7500,8500,102,1.5,6000,0,0,0,0,0,77.8,30,76.65,67.18,48,0,0
2026-09-01T09:33:44.669000+09:00,2026-09-01T00:33:44.669000+00:00,094623,2407.9,1,0,0,0,0,13447,497,13447,0,0,0,0,4651,-28608,10326,6,4480,0,129,0,0,0,0,0,0,0,0,0,31082107,2018,0.38,1118.5,3526.41,0,54.7,96.9,67.9,38.2,65.1,520.9,37.4,611.9,162.3,161.8,1022.5,365372,5480,12.74,88.3,1500,2.64,1.16,32.1,41.8,65,26.69,12244300,72915,77.38,3435.06,0,1200,400,720,240,4200,7500,8500,102,1.5,6000,0,0,0,0,0,77.24,30,69.31,63.78,48.1,0,0
2026-09-01T09:34:44.758000+09:00,2026-09-01T00:34:44.758000+00:00,094623,2464.1,1,0,0,0,0,13447,496,13447,0,0,0,0,4655,-28608,10326,6,4480,0,129,0,0,0,0,0,0,0,0,0,31082107,2018,0.47,1120.94,3585.01,0,54.6,98.1,67.6,38.2,65.3,522,37.2,613,164.4,163.8,1076.9,365372,5480,12.77,89.5,1500,2.62,1.15,32,41.4,65,26.52,12244305,72915,74.87,3435.06,0,1200,400,720,240,4200,7500,8500,102,1.5,6000,0,0,0,0,0,75.92,30,71.6,65.78,48.1,0,0
2026-09-01T09:35:44.853000+09:00,2026-09-01T00:35:44.853000+00:00,094623,2425.0,1,0,0,0,0,13447,496,13447,0,0,0,0,4651,-28608,8278,6,4480,8,129,0,0,0,0,0,0,0,0,0,31082107,2018,0.47,1022.06,3447.07,0,54.7,98.6,67.6,38.2,65.5,524.5,37.3,614.4,165.9,165.4,1093.9,365373,5481,12.64,90.7,1500,2.63,1.15,31.6,41.6,65,26.71,12244309,72915,78.75,3435.06,0,1200,400,720,240,4200,7500,8500,102,1.5,6000,0,0,0,0,0,75.2,30,74.17,69.29,48.1,0,0
2026-09-01T09:36:44.945000+09:00,2026-09-01T00:36:44.945000+00:00,094623,2444.5,1,0,0,0,0,13447,497,13447,0,0,0,0,4651,-28608,10326,6,4480,0,129,0,0,0,0,0,0,0,0,0,31082107,2018,0.46,1037.93,3482.47,0,54.8,97.6,67.7,38.1,65.6,525,37.7,613.9,166.1,165.4,1024.7,365373,5481,12.79,90.7,1500,2.61,1.15,31.6,41.6,65,26.54,12244313,72915,79.87,3435.06,0,1200,400,720,240,4200,7500,8500,102,1.5,6000,0,0,0,0,0,75.07,30,71.22,70.41,48.1,0,0
2026-09-01T09:37:45.038000+09:00,2026-09-01T00:37:45.038000+00:00,094623,2565.4,1,0,0,0,0,13447,497,13447,0,0,0,0,4651,-28608,18518,6,4480,528,129,0,0,0,0,0,0,0,0,0,31082107,2018,0.46,1189.31,3754.69,0,54.9,97.5,67.8,38.2,65.7,523.6,37.4,613.3,167.7,167.1,1043.5,365373,5481,12.71,90.5,1500,2.62,1.16,32.3,40.8,65,26.54,12244318,72915,77.5,3435.06,0,1200,400,720,240,4200,7500,8500,102,1.5,6000,0,0,0,0,0,74.99,30,70.31,70.59,48.1,0,0
2026-09-01T09:38:45.150000+09:00,2026-09-01T00:38:45.150000+00:00,094623,1449.3,1,0,0,0,0,13447,518,13447,0,0,0,0,4651,-28608,10326,6,4992,0,129,0,0,0,0,0,0,0,0,0,31082107,2018,0.41,567.95,2017.27,0,55,98,68.2,38.2,65.8,524.8,37.2,604.3,157.5,156.5,1038,365373,5481,12.73,89.6,1560,2.79,1.04,22.8,35.3,65,15.26,12244321,72915,72.12,3435.06,0,1200,400,720,240,4200,7500,8500,102,1.5,6000,0,0,0,0,0,67.77,30,63.28,59.49,48.1,0,0
2026-09-01T09:39:45.241000+09:00,2026-09-01T00:39:45.241000+00:00,094623,1415.2,1,0,0,0,0,13447,520,13447,0,0,0,0,4651,-28608,10326,6,4992,0,129,0,0,0,0,0,0,0,0,0,31082107,2018,0.46,610.67,2025.82,0,54.6,97.2,68.6,38.3,65,522.9,37,596.6,146.7,145.5,1018.5,365373,5481,12.76,91.2,1560,2.78,1.07,23.6,37,65,16.04,12244323,72915,62.79,3435.07,0,1200,400,720,240,4200,7500,8500,102,1.5,6000,0,0,0,0,0,70.35,30,60.63,65.39,48.1,0,0
2026-09-01T09:40:45.334000+09:00,2026-09-01T00:40:45.334000+00:00,094623,2295.6,1,0,0,0,0,13447,495,13447,0,0,0,0,4651,-26560,12374,6,4512,72,129,0,0,0,0,0,0,0,0,0,31082107,2018,0.43,1039.16,3334.76,0,54.4,98.6,68.4,38.3,64.4,513.8,37.4,603.1,150.3,149.4,1040.1,365373,5481,12.76,90.3,1500,2.61,1.17,31.7,42,65,24.01,12244326,72915,69.93,3435.07,0,1200,400,720,240,4200,7500,8500,102,1.5,6000,0,0,0,0,0,77.11,30,71.32,71.69,48.2,0,0
2026-09-01T09:41:45.431000+09:00,2026-09-01T00:41:45.431000+00:00,094623,2414.0,1,0,0,0,0,13447,495,13447,0,0,0,0,4651,-28608,10326,6,4480,0,129,0,0,0,0,0,0,0,0,0,31082107,2018,0.4,1096.53,3510.54,0,54.5,98.9,68.1,38.3,64.9,519.1,37.3,612.8,161.7,161.1,1041.4,365374,5482,12.74,88.6,1500,2.64,1.15,31.9,41.3,65,26.63,12244330,72915,79.99,3435.07,0,1200,400,720,240,4200,7500,8500,102,1.5,6000,0,0,0,0,0,77.38,30,74.92,66.31,48.2,0,0
2026-09-01T09:42:45.545000+09:00,2026-09-01T00:42:45.545000+00:00,094623,2437.2,1,0,0,0,0,13447,497,13447,0,0,0,0,4651,-28608,18518,6,4480,528,129,0,0,0,0,0,0,0,0,0,31082107,2018,0.42,1059.91,3497.12,0,54.6,96.8,67.8,38.3,65.3,523,37,612.3,163,162.3,1023.2,365374,5482,12.61,89,1500,2.62,1.16,32,42,65,26.55,12244334,72915,74.89,3435.07,0,1200,400,720,240,4200,7500,8500,102,1.5,6000,0,0,0,0,0,76.63,30,68.06,65.38,48.2,0,0
2026-09-01T09:43:45.642000+09:00,2026-09-01T00:43:45.642000+00:00,094623,2401.8,1,0,0,0,0,13447,502,13447,0,0,0,0,4655,-28608,10326,6,4992,0,129,0,0,0,0,0,0,0,0,0,31082107,2018,0.47,1000.09,3401.9,0,54.6,99,67.6,38.4,65.5,520.1,37.3,613.3,166.5,165.9,1006.4,365374,5482,12.71,89.4,1510,2.67,1.14,30.1,39.3,65,23.48,12244339,72915,76.48,3435.07,0,1200,400,720,240,4200,7500,8500,102,1.5,6000,0,0,0,0,0,73.43,30,72.32,63.11,48.2,0,0
2026-09-01T09:44:45.739000+09:00,2026-09-01T00:44:45.739000+00:00,094623,1232.0,1,0,0,0,0,13447,496,13447,0,0,0,0,4651,-28608,10390,6,21376,0,129,0,0,0,0,0,0,0,0,0,31082107,2018,0.44,437.33,1669.36,0,54.5,96.6,68.2,38.4,65.4,525.7,37.1,604,152.1,150.9,1020.4,365374,5482,12.91,90.3,1500,2.67,1.12,22.8,39.2,65,11.25,12244341,72915,64.64,3435.07,0,1200,400,720,240,4200,7500,8500,102,1.5,6000,0,0,0,0,0,67.61,30,58.26,58.13,48.2,0,0
2026-09-01T09:45:45.846000+09:00,2026-09-01T00:45:45.846000+00:00,094623,1206.4,1,0,0,0,0,13447,495,13447,0,0,0,0,4655,-28608,12374,6,5024,72,129,0,0,0,0,0,0,0,0,0,31082107,2018,0.35,453.2,1659.6,0,54.3,98.3,68.3,38.5,64.6,523.6,37.5,599.1,144.5,143.2,980.8,365374,5482,12.62,93,1490,2.68,1.12,22.9,39.5,65,11.05,12244343,72915,67.52,3435.07,0,1200,400,720,240,4200,7500,8500,102,1.5,6000,0,0,0,0,0,68.36,30,61.78,68.94,48.2,0,0
2026-09-01T09:46:45.928000+09:00,2026-09-01T00:46:45.928000+00:00,094623,2324.9,1,0,0,0,0,13447,497,13447,0,0,0,0,4655,-28608,10390,518,20864,0,129,0,0,0,0,0,0,0,0,0,31082107,2018,0.39,981.78,3306.68,0,54.4,99.1,68,38.6,64.2,516.5,37.3,606.6,153.8,153.3,997.4,365374,5482,12.69,88.7,1500,2.63,1.15,31.7,42.2,65,25.51,12244347,72915,75.8,3435.07,0,1200,400,720,240,4200,7500,8500,102,1.5,6000,0,0,0,0,0,77.13,30,74.5,66.37,48.2,0,0
2026-09-01T09:47:46.040000+09:00,2026-09-01T00:47:46.040000+00:00,094623,2302.9,1,0,0,0,0,13447,497,13447,0,0,0,0,4651,-28608,18518,6,4480,528,129,0,0,0,0,0,0,0,0,0,31082107,2018,0.38,910.98,3213.9,0,54.5,97.3,67.7,38.6,64.8,522,37.5,609.1,160.2,159.7,1062.3,365375,5483,12.63,88.3,1500,2.63,1.15,31.4,43,65,26.59,12244351,72915,75.83,3435.08,0,1200,400,720,240,4200,7500,8500,102,1.5,6000,0,0,0,0,0,76.11,30,70.18,62.66,48.2,0,0
2026-09-01T09:48:46.132000+09:00,2026-09-01T00:48:46.132000+00:00,094623,2444.5,1,0,0,0,0,13447,497,13447,0,0,0,0,4651,-28608,10342,6,12676,0,129,0,0,0,0,0,0,0,0,0,31082107,2018,0.46,1070.89,3515.43,0,54.6,97.7,67.4,38.6,65.1,522,37.2,614.1,162.3,161.8,1064.2,365375,5483,12.76,89.4,1500,2.61,1.15,32,41.9,65,26.61,12244356,72915,72.72,3435.08,0,1200,400,720,240,4200,7500,8500,102,1.5,6000,0,0,0,0,0,74.57,30,69.83,64.24,48.3,0,0
2026-09-01T09:49:46.228000+09:00,2026-09-01T00:49:46.228000+00:00,094623,2610.6,1,0,0,0,0,13447,495,13447,0,0,0,0,4651,-28608,10326,6,4480,0,129,0,0,0,0,0,0,0,0,0,31082107,2018,0.49,1208.84,3819.39,0,54.7,99,67.5,38.6,65.4,520.3,36.9,612.8,163.9,163.3,1082.7,365375,5483,12.65,90.8,1500,2.62,1.16,32.7,40.6,65,26.59,12244360,72915,76.68,3435.08,0,1200,400,720,240,4200,7500,8500,102,1.5,6000,0,0,0,0,0,74,30,74.71,68.5,48.3,0,0
2026-09-01T09:50:46.349000+09:00,2026-09-01T00:50:46.349000+00:00,094623,1851.0,1,0,0,0,0,13447,438,13447,0,0,0,0,4655,-26560,12374,590,5024,8264,129,0,0,0,0,0,0,0,0,0,31082107,2018,0.39,752.28,2603.23,0,54.7,97.2,68.4,38.7,65.5,522.2,37.4,608.9,155.2,154.2,1045.9,365375,5483,12.67,90.7,1410,2.41,1.34,27.7,38.9,65,10.95,12244363,72915,73.06,3435.08,0,1200,400,720,240,4200,7500,8500,102,1.5,6000,0,0,0,0,0,66.18,30,59.47,59.13,48.3,0,0
2026-09-01T09:51:46.435000+09:00,2026-09-01T00:51:46.435000+00:00,094623,1681.3,1,0,0,0,0,13447,439,13447,0,0,0,0,4651,-28608,10326,6,4992,0,129,0,0,0,0,0,0,0,0,0,31082107,2018,0.43,642.41,2323.68,0,54.4,97.8,68.7,38.7,65,518.5,38,604.1,148,146.9,1040.9,365375,5483,12.57,91.2,1290,2.44,1.82,27.9,40.3,65,11.36,12244365,72915,64.64,3435.08,0,1200,400,720,240,4200,7500,8500,102,1.5,6000,0,0,0,0,0,67.96,30,59.83,61.86,48.3,0,0
2026-09-01T09:52:46.531000+09:00,2026-09-01T00:52:46.531000+00:00,094623,2233.3,1,0,0,0,0,13447,496,13447,0,0,0,0,4651,-28608,18518,6,4480,16,129,0,0,0,0,0,0,0,0,0,31082107,2018,0.46,1006.2,3239.54,0,54.3,98.4,68.4,38.7,64.5,515,37.7,605.6,152.9,151.9,1025.4,365375,5483,12.87,90.1,1500,2.63,1.15,31.5,42.3,65,25.94,12244368,72915,71.84,3435.08,0,1200,400,720,240,4200,7500,8500,102,1.5,6000,0,0,0,0,0,78.04,30,72.1,70,48.3,0,0
2026-09-01T09:53:46.626000+09:00,2026-09-01T00:53:46.626000+00:00,094623,2241.9,1,0,0,0,0,13447,498,13447,0,0,0,0,4651,-28608,10326,6,4480,0,129,0,0,0,0,0,0,0,0,0,31082107,2018,0.42,901.21,3143.1,0,54.5,98.7,67.9,38.6,64.8,522.6,38.3,611.4,158.4,157.6,1084.7,365376,5484,12.75,88.9,1500,2.64,1.15,31.4,43.4,65,26.4,12244372,72915,78.23,3435.08,0,1200,400,720,240,4200,7500,8500,102,1.5,6000,0,0,0,0,0,77.04,30,74.75,65.93,48.3,0,0
2026-09-01T09:54:46.737000+09:00,2026-09-01T00:54:46.737000+00:00,094623,2497.0,1,0,0,0,0,13447,497,13447,0,0,0,0,4651,-28608,10326,590,4480,8192,129,0,0,0,0,0,0,0,0,0,31082107,2018,0.44,1011.08,3508.1,0,54.6,97.6,67.5,38.6,65.1,520.6,37.9,615.4,162.4,161.6,1078.8,365376,5484,12.63,89.1,1500,2.62,1.15,32.1,41.6,65,26.32,12244377,72915,75.96,3435.08,0,1200,400,720,240,4200,7500,8500,102,1.5,6000,0,0,0,0,0,75.28,30,71.43,64.94,48.3,0,0
2026-09-01T09:55:46.820000+09:00,2026-09-01T00:55:46.820000+00:00,094623,2407.9,1,0,0,0,0,13447,496,13447,0,0,0,0,4655,-26560,12374,6,4512,8,129,0,0,0,0,0,0,0,0,0,31082107,2018,0.46,975.68,3383.59,0,54.7,97.3,67.5,38.6,65.5,523.9,38.1,614.6,163.3,162.6,1047.6,365376,5484,12.35,89.7,1500,2.62,1.15,31.7,42.1,65,26.21,12244381,72915,76.51,3435.09,0,1200,400,720,240,4200,7500,8500,102,1.5,6000,0,0,0,0,0,74.46,30,69.66,65.77,48.3,0,0
2026-09-01T09:56:46.925000+09:00,2026-09-01T00:56:46.925000+00:00,094623,2527.5,1,0,0,0,0,13447,496,13447,0,0,0,0,4655,-28608,10326,6,4480,0,129,0,0,0,0,0,0,0,0,0,31082107,2018,0.51,1164.89,3692.43,0,54.8,97.8,67.7,38.6,65.7,522.3,38.2,616.4,164.8,164,1060.3,365376,5484,12.81,90.3,1500,2.62,1.15,32,40.4,65,25.95,12244386,72915,75.72,3435.09,0,1200,400,720,240,4200,7500,8500,102,1.5,6000,0,0,0,0,0,74.42,30,70.24,67.45,48.3,0,0
2026-09-01T09:57:47.024000+09:00,2026-09-01T00:57:47.024000+00:00,094623,1254.0,1,0,0,0,0,13447,496,13447,0,0,0,0,4651,-28608,10326,6,4992,0,129,0,0,0,0,0,0,0,0,0,31082107,2018,0.46,357.98,1611.99,0,54.8,97.8,68.3,38.6,65.6,527,37.8,607.2,154.2,153.1,1034.3,365376,5484,12.45,90.9,1490,2.64,1.09,23.2,39.4,65,11.18,12244388,72915,71.96,3435.09,0,1200,400,720,240,4200,7500,8500,102,1.5,6000,0,0,0,0,0,66.71,30,61.1,60.88,48.4,0,0
2026-09-01T09:58:47.136000+09:00,2026-09-01T00:58:47.136000+00:00,094623,762.0,1,0,0,0,0,13447,498,13447,0,0,0,0,4655,-28608,10326,6,4992,0,129,0,0,0,0,0,0,0,0,0,31082107,2018,0.39,0,762.05,0,54.5,97.5,68.7,38.7,64.9,523.9,38,602.5,146.2,144.9,1016.7,365376,5484,12.64,92,1500,2.69,1.14,23.2,39.2,65,11.34,12244390,72915,66.59,3435.09,0,1200,400,720,240,4200,7500,8500,102,1.5,6000,0,0,0,0,0,68.87,30,59.22,66.62,48.3,0,0
2026-09-01T09:59:47.246000+09:00,2026-09-01T00:59:47.246000+00:00,094623,2204.0,1,0,0,0,0,13447,495,13447,0,0,0,0,4655,-28608,10326,6,4480,0,129,0,0,0,0,0,0,0,0,0,31082107,2018,0.43,892.67,3096.71,0,54.5,98.7,68.4,38.7,64.4,517,37.6,606.6,149.8,148.9,1006.3,365377,5485,12.68,89.6,1500,2.62,1.16,31.4,43.6,65,25.85,12244393,72915,71.06,3435.09,0,1200,400,720,240,4200,7500,8500,102,1.5,6000,0,0,0,0,0,77.83,30,72.27,69.53,48.4,0,0
2026-09-01T10:00:47.352000+09:00,2026-09-01T01:00:47.352000+00:00,094623,2399.4,1,0,0,0,0,13447,497,13447,0,0,0,0,4655,-28608,10326,6,4480,528,129,0,0,0,0,0,0,0,0,0,31082107,2018,0.41,985.44,3384.81,0,54.7,98.6,67.7,38.7,64.8,520.7,37.4,611.4,160,159.4,1031.8,365377,5485,12.81,89.1,1510,2.62,1.15,31.9,42.2,65,26.25,12244398,72915,77.51,3435.09,0,1200,400,720,240,4200,7500,8500,102,1.5,6000,0,0,0,0,0,76.25,30,74.2,67.45,48.4,0,0
2026-09-01T10:01:47.444000+09:00,2026-09-01T01:01:47.444000+00:00,094623,2461.6,1,0,0,0,0,13447,494,13447,0,0,0,0,4651,-28608,10326,518,4480,0,129,0,0,0,0,0,0,0,0,0,31082107,2018,0.42,1090.43,3552.05,0,54.7,97.1,67.5,38.7,65.2,521.4,37.7,611.7,162.3,161.4,1028.1,365377,5485,12.75,89.1,1490,2.61,1.16,32.2,41.7,65,26.11,12244402,72915,78.09,3435.09,0,1200,400,720,240,4200,7500,8500,102,1.5,6000,0,0,0,0,0,74.92,30,69.1,65.87,48.3,0,0
2026-09-01T10:02:47.553000+09:00,2026-09-01T01:02:47.553000+00:00,094623,1693.5,1,0,0,0,0,13447,501,13447,0,0,0,0,4651,-28608,10326,590,4992,8192,129,0,0,0,0,0,0,0,0,0,31082107,2018,0.42,669.27,2362.74,0,54.8,98.1,67.7,38.7,65.6,524.7,38,614.3,162,160.9,1049.2,365377,5485,12.42,89.3,1510,2.69,1.1,24.6,36.4,65,14.64,12244406,72915,74.16,3435.09,0,1200,400,720,240,4200,7500,8500,102,1.5,6000,0,0,0,0,0,67.39,30,63.99,57.74,48.4,0,0
2026-09-01T10:03:47.647000+09:00,2026-09-01T01:03:47.647000+00:00,094623,1678.8,1,0,0,0,0,13447,496,13447,0,0,0,0,4655,-28608,10390,6,21376,0,129,0,0,0,0,0,0,0,0,0,31082107,2018,0.46,715.66,2394.48,0,54.5,97,68.6,38.7,65.1,523.9,37.6,605.2,147.4,146.1,1039.6,365377,5485,12.64,91.6,1570,2.69,1.15,26.2,38.9,65,9.91,12244408,72915,62.99,3435.09,0,1200,400,720,240,4200,7500,8500,102,1.5,6000,0,0,0,0,0,68.59,30,58.32,63.35,48.5,0,0
2026-09-01T10:04:47.750000+09:00,2026-09-01T01:04:47.750000+00:00,094623,1737.4,1,0,0,0,0,13447,493,13447,0,0,0,0,4651,-28608,10326,6,4480,0,129,0,0,0,0,0,0,0,0,0,31082107,2018,0.34,715.66,2453.08,0,54.3,98.6,68.5,38.7,64.4,516.7,37.1,600.1,144.9,143.7,1059.4,365377,5485,12.64,91.1,1490,2.64,1.21,27.9,42.6,65,17.81,12244410,72915,69.1,3435.1,0,1200,400,720,240,4200,7500,8500,102,1.5,6000,0,0,0,0,0,73.6,30,67.06,69.18,48.4,0,0
2026-09-01T10:05:47.850000+09:00,2026-09-01T01:05:47.850000+00:00,094623,2306.6,1,0,0,0,0,13447,496,13447,0,0,0,0,4655,-28608,18454,590,20864,8720,129,0,0,0,0,0,0,0,0,0,31082107,2018,0.39,956.14,3262.73,0,54.4,99.5,67.9,38.7,64.5,518.7,37.9,610.4,157.8,157.1,1057.3,365378,5486,12.79,88.7,1500,2.63,1.14,31.5,42.4,65,25.36,12244414,72915,76.55,3435.1,0,1200,400,720,240,4200,7500,8500,102,1.5,6000,0,0,0,0,0,77.03,30,76.11,66.36,48.4,0,0
2026-09-01T10:06:47.944000+09:00,2026-09-01T01:06:47.944000+00:00,094623,2374.9,1,0,0,0,0,13447,496,13447,0,0,0,0,4651,-28608,10326,6,4480,0,129,0,0,0,0,0,0,0,0,0,31082107,2018,0.39,1106.3,3481.25,0,54.6,97,67.5,38.7,64.9,522.1,37.4,611.3,160,159.3,1020.9,365378,5486,12.27,88.6,1500,2.63,1.16,32,42.2,65,26.58,12244419,72915,75.04,3435.1,0,1200,400,720,240,4200,7500,8500,102,1.5,6000,0,0,0,0,0,75.45,30,69.08,63.73,48.5,0,0
2026-09-01T10:07:48.047000+09:00,2026-09-01T01:07:48.047000+00:00,094623,2110.0,1,0,0,0,0,13447,501,13447,0,0,0,0,4655,-28608,10342,6,13188,0,129,0,0,0,0,0,0,0,0,0,31082107,2018,0.45,852.38,2962.43,0,54.7,98.3,67.2,38.6,65.3,522.4,37.6,613.4,163,162.2,1055.4,365378,5486,12.75,89.6,1510,2.68,1.1,27.2,36.7,65,20.18,12244423,72915,73.12,3435.1,0,1200,400,720,240,4200,7500,8500,102,1.5,6000,0,0,0,0,0,68.9,30,67.42,60.93,48.4,0,0
2026-09-01T10:08:48.139000+09:00,2026-09-01T01:08:48.139000+00:00,094623,1363.9,1,0,0,0,0,13447,518,13447,0,0,0,0,4651,-28608,8278,6,4992,8,129,0,0,0,0,0,0,0,0,0,31082107,2018,0.44,615.56,1979.43,0,54.5,97,68.3,38.7,65.1,519.8,37.6,601.6,149.2,147.9,1040.7,365378,5486,12.71,91.6,1560,2.8,1.06,22.9,35.2,65,15.76,12244425,72915,64.36,3435.1,0,1200,400,720,240,4200,7500,8500,102,1.5,6000,0,0,0,0,0,67.84,30,59.34,63.59,48.5,0,0
2026-09-01T10:09:48.244000+09:00,2026-09-01T01:09:48.244000+00:00,094623,1383.4,1,0,0,0,0,13447,493,13447,0,0,0,0,4651,-28608,10326,6,4480,0,129,0,0,0,0,0,0,0,0,0,31082107,2018,0.39,582.6,1966,0,54.3,98.3,68.7,38.8,64.5,519.6,37.5,596.3,144.9,143.9,1017,365378,5486,12.81,90.7,1490,2.65,1.17,24.8,40.4,65,12.72,12244427,72915,67.36,3435.1,0,1200,400,720,240,4200,7500,8500,102,1.5,6000,0,0,0,0,0,70.27,30,62.67,63.48,48.5,0,0
2026-09-01T10:10:48.340000+09:00,2026-09-01T01:10:48.340000+00:00,094623,2377.4,1,0,0,0,0,13447,497,13447,0,0,0,0,4655,-28608,18518,6,4480,528,129,0,0,0,0,0,0,0,0,0,31082107,2018,0.44,1026.95,3404.34,0,54.3,98.9,68.1,38.8,64.3,515.9,37.9,604.5,155.7,155.1,1058.8,365378,5486,12.68,89.5,1500,2.64,1.15,32.2,42.4,65,26.46,12244431,72915,75.21,3435.1,0,1200,400,720,240,4200,7500,8500,102,1.5,6000,0,0,0,0,0,77.26,30,73.65,67.89,48.5,0,0
2026-09-01T10:11:48.434000+09:00,2026-09-01T01:11:48.434000+00:00,094623,2252.9,1,0,0,0,0,13447,496,13447,0,0,0,0,4651,-28608,10326,6,4480,0,129,0,0,0,0,0,0,0,0,0,31082107,2018,0.45,1026.95,3279.82,0,54.6,98.7,67.6,38.8,64.8,522.9,37.8,608.3,159.8,159.2,1064,365379,5487,12.7,89.7,1490,2.63,1.16,31.5,42.9,65,26.66,12244436,72915,75.19,3435.1,0,1200,400,720,240,4200,7500,8500,102,1.5,6000,0,0,0,0,0,75.44,30,74.32,67.86,48.5,0,0
2026-09-01T10:12:48.568000+09:00,2026-09-01T01:12:48.568000+00:00,094623,2486.0,1,0,0,0,0,13447,497,13447,0,0,0,0,4651,-28608,10326,6,4480,0,129,0,0,0,0,0,0,0,0,0,31082107,2018,0.47,1096.53,3582.57,0,54.7,98.5,67.2,38.8,65.1,521.1,37.8,612.2,163.1,162.4,1058.9,365379,5487,12.63,90,1500,2.62,1.15,32.1,41.2,65,26.7,12244440,72915,75.58,3435.11,0,1200,400,720,240,4200,7500,8500,102,1.5,6000,0,0,0,0,0,73.32,30,74.67,68.49,48.6,0,0
2026-09-01T10:13:48.695000+09:00,2026-09-01T01:13:48.695000+00:00,094623,2512.9,1,0,0,0,0,13447,496,13447,0,0,0,0,4651,-28608,12374,6,4512,72,129,0,0,0,0,0,0,0,0,0,31082107,2018,0.47,1066.01,3578.91,0,54.9,97.8,67.6,38.8,65.5,522.2,37.6,614.6,166.4,165.8,1047.1,365379,5487,12.73,90.5,1500,2.61,1.15,31.9,41.1,65,26.62,12244444,72915,77.64,3435.11,0,1200,400,720,240,4200,7500,8500,102,1.5,6000,0,0,0,0,0,73.47,30,72.65,70.42,48.5,0,0
2026-09-01T10:14:48.795000+09:00,2026-09-01T01:14:48.795000+00:00,094623,2320.0,1,0,0,0,0,13447,502,13447,0,0,0,0,4651,-28608,10326,6,4992,0,129,0,0,0,0,0,0,0,0,0,31082107,2018,0.47,939.05,3259.07,0,55.1,98.1,68,38.8,65.8,522.5,37.6,613.4,167.4,166.6,1041.3,365379,5487,12.86,89.6,1520,2.66,1.12,29.5,39.4,65,23.65,12244449,72915,77.93,3435.11,0,1200,400,720,240,4200,7500,8500,102,1.5,6000,0,0,0,0,0,72.24,30,71.4,65.55,48.5,0,0
2026-09-01T10:15:48.888000+09:00,2026-09-01T01:15:48.888000+00:00,094623,1276.0,1,0,0,0,0,13447,496,13447,0,0,0,0,4651,-28608,18518,6,4992,528,129,0,0,0,0,0,0,0,0,0,31082107,2018,0.44,460.52,1736.5,0,55,96.8,68.8,38.9,65.6,525.7,37.8,604.7,152.7,151.5,1010.9,365379,5487,12.75,90.3,1500,2.66,1.13,23,38.9,65,11.15,12244451,72915,64.63,3435.11,0,1200,400,720,240,4200,7500,8500,102,1.5,6000,0,0,0,0,0,67.88,30,59.66,60.02,48.6,0,0
2026-09-01T10:16:48.977000+09:00,2026-09-01T01:16:48.977000+00:00,094623,1301.6,1,0,0,0,0,13447,496,13447,0,0,0,0,4651,-28608,10326,6,4992,0,129,0,0,0,0,0,0,0,0,0,31082107,2018,0.4,437.33,1738.94,0,54.8,97.7,68.9,39,64.9,522.2,38.5,599.7,146.3,144.9,1002.7,365379,5487,12.65,92.1,1490,2.67,1.12,23.1,38.6,65,11.03,12244453,72915,67.3,3435.11,0,1200,400,720,240,4200,7500,8500,102,1.5,6000,0,0,0,0,0,69.52,30,60.77,67.74,48.6,0,0
2026-09-01T10:17:49.068000+09:00,2026-09-01T01:17:49.068000+00:00,094623,2316.4,1,0,0,0,0,13447,496,13447,0,0,0,0,4655,-28608,10326,6,4480,0,129,0,0,0,0,0,0,0,0,0,31082107,2018,0.42,1018.4,3334.76,0,54.7,99,68.4,39.1,64.5,516.7,38.7,608.6,156.3,155.7,1008.9,365380,5488,12.82,89.4,1500,2.63,1.15,31.7,42.2,65,26.32,12244457,72915,74.47,3435.11,0,1200,400,720,240,4200,7500,8500,102,1.5,6000,0,0,0,0,0,78.46,30,74.76,69.71,49,0,0
2026-09-01T10:18:49.165000+09:00,2026-09-01T01:18:49.165000+00:00,094623,2466.5,1,0,0,0,0,13447,498,13447,0,0,0,0,4651,-28608,12374,6,4512,72,129,0,0,0,0,0,0,0,0,0,31082107,2018,0.41,1023.29,3489.79,0,54.9,98.2,67.8,39.1,65,520.8,38.6,610.7,161.9,161.2,1080.2,365380,5488,12.82,88.8,1500,2.61,1.16,32.3,42.1,65,26.39,12244461,72915,78.02,3435.11,0,1200,400,720,240,4200,7500,8500,102,1.5,6000,0,0,0,0,0,76.94,30,73.8,66.68,49.1,0,0
2026-09-01T10:19:49.275000+09:00,2026-09-01T01:19:49.275000+00:00,094623,1610.5,1,0,0,0,0,13447,499,13447,0,0,0,0,4651,-28608,10326,518,4992,0,129,0,0,0,0,0,0,0,0,0,31082107,2018,0.39,598.47,2208.93,0,55,97.5,67.5,39.1,65.5,521.3,38.7,609.5,162.3,161.7,1068.8,365380,5488,12.3,89.1,1510,2.68,1.11,24.1,36.4,65,12.49,12244465,72915,72.04,3435.11,0,1200,400,720,240,4200,7500,8500,102,1.5,6000,0,0,0,0,0,66.67,30,62.71,56.96,49.1,0,0
2026-09-01T10:20:49.379000+09:00,2026-09-01T01:20:49.379000+00:00,094623,1295.5,1,0,0,0,0,13447,492,13447,0,0,0,0,4651,-28608,18518,518,4992,528,129,0,0,0,0,0,0,0,0,0,31082107,2018,0.42,513.02,1808.53,0,54.7,97,68.3,39.2,65.1,521.2,38.4,601.3,150.1,148.9,1054.6,365380,5488,12.62,91.8,1490,2.65,1.11,23.1,37.8,65,10.89,12244467,72915,61.95,3435.12,0,1200,400,720,240,4200,7500,8500,102,1.5,6000,0,0,0,0,0,68.18,30,59.21,64.76,49.1,0,0
2026-09-01T10:21:49.472000+09:00,2026-09-01T01:21:49.472000+00:00,094623,1944.9,1,0,0,0,0,13447,493,13447,0,0,0,0,4651,-28608,10326,6,4480,0,129,0,0,0,0,0,0,0,0,0,31082107,2018,0.38,843.84,2788.78,0,54.6,98.3,68.5,39.2,64.6,513.8,38,600.9,148.8,147.8,1040.2,365380,5488,12.74,90,1490,2.62,1.2,29.9,43.4,65,21.73,12244469,72915,70.33,3435.12,0,1200,400,720,240,4200,7500,8500,102,1.5,6000,0,0,0,0,0,76.28,30,69.29,68.4,49.1,0,0
2026-09-01T10:22:49.576000+09:00,2026-09-01T01:22:49.576000+00:00,094623,2251.7,1,0,0,0,0,13447,496,13447,0,0,0,0,4655,-28608,10390,518,20864,0,129,0,0,0,0,0,0,0,0,0,31082107,2018,0.4,874.35,3126.01,0,54.7,99,68,39.2,64.7,521.6,38.7,609.1,159.3,158.9,1015.4,365380,5488,12.28,88.8,1500,2.63,1.14,31.3,43.2,65,25.94,12244473,72915,76.78,3435.12,0,1200,400,720,240,4200,7500,8500,102,1.5,6000,0,0,0,0,0,77.73,30,75.33,66.12,49.1,0,0
2026-09-01T10:23:49.691000+09:00,2026-09-01T01:23:49.691000+00:00,094623,2387.2,1,0,0,0,0,13447,495,13447,0,0,0,0,4655,-28608,12374,6,4512,72,129,0,0,0,0,0,0,0,0,0,31082107,2018,0.42,1035.49,3422.65,0,54.8,97.7,67.6,39.2,65,521.8,38.9,613.8,163.4,163,1026.9,365381,5489,12.32,89,1500,2.62,1.15,31.9,42.1,65,26.29,12244478,72915,75.31,3435.12,0,1200,400,720,240,4200,7500,8500,102,1.5,6000,0,0,0,0,0,76.18,30,71.85,64.83,49.1,0,0
2026-09-01T10:24:49.777000+09:00,2026-09-01T01:24:49.777000+00:00,094623,2112.5,1,0,0,0,0,13447,502,13447,0,0,0,0,4655,-28608,10342,6,13188,0,129,0,0,0,0,0,0,0,0,0,31082107,2018,0.44,804.77,2917.26,0,55,97.5,67.5,39.2,65.4,523.5,38.8,616,166.4,166,1036.1,365381,5489,12.77,89.8,1510,2.67,1.09,27.6,37.7,65,21.57,12244482,72915,75.81,3435.12,0,1200,400,720,240,4200,7500,8500,102,1.5,6000,0,0,0,0,0,71.72,30,67.08,62.94,49.1,0,0
2026-09-01T10:25:49.875000+09:00,2026-09-01T01:25:49.875000+00:00,094623,1686.1,1,0,0,0,0,13447,516,13447,0,0,0,0,4651,-28608,2134,6,4992,0,129,0,0,0,0,0,0,0,0,0,31082107,2018,0.43,749.84,2435.99,0,54.8,97.4,68.3,39.3,65.2,524.5,38.8,603.6,151.1,150,1035.1,365381,5489,12.93,91.1,1570,2.7,1.15,26.1,38.5,65,9.86,12244484,72915,66,3435.12,0,1200,400,720,240,4200,7500,8500,102,1.5,6000,0,0,0,0,0,69.46,30,61.83,63.04,49.2,0,0
2026-09-01T10:26:49.963000+09:00,2026-09-01T01:26:49.963000+00:00,094623,1377.3,1,0,0,0,0,13447,494,13447,0,0,0,0,4651,-28608,10326,6,4480,0,129,0,0,0,0,0,0,0,0,0,31082107,2018,0.41,525.22,1902.52,0,54.6,97.7,68.4,39.4,64.6,521.2,39.4,600.5,147.3,146.3,1034,365381,5489,12.52,91.9,1480,2.65,1.15,24,39.2,65,11.7,12244486,72915,64.87,3435.12,0,1200,400,720,240,4200,7500,8500,102,1.5,6000,0,0,0,0,0,69.43,30,60.78,66.83,49.2,0,0
2026-09-01T10:27:50.062000+09:00,2026-09-01T01:27:50.062000+00:00,094623,2421.3,1,0,0,0,0,13447,497,13447,0,0,0,0,4651,-28608,10326,6,4480,0,129,0,0,0,0,0,0,0,0,0,31082107,2018,0.43,1112.4,3533.74,0,54.6,99.4,68.1,39.4,64.5,514.9,39,609.8,157.2,156.6,1040.5,365381,5489,12.65,89.3,1500,2.63,1.16,32.1,41.5,65,26.63,12244490,72915,74.8,3435.12,0,1200,400,720,240,4200,7500,8500,102,1.5,6000,0,0,0,0,0,77.85,30,75.54,68.56,49.2,0,0
2026-09-01T10:28:50.159000+09:00,2026-09-01T01:28:50.159000+00:00,094623,2564.2,1,0,0,0,0,13447,499,13447,0,0,0,0,4655,-28608,12374,6,4512,8,129,0,0,0,0,0,0,0,0,0,31082107,2018,0.41,1168.55,3732.72,0,54.8,97.9,68,39.3,65.1,518.9,39,611.8,163.3,162.6,1070.7,365381,5489,12.27,88.7,1510,2.65,1.15,32.2,40.4,65,26.51,12244494,72915,78.77,3435.13,0,1200,400,720,240,4200,7500,8500,102,1.5,6000,0,0,0,0,0,77.72,30,72.51,65.23,49.2,0,0
2026-09-01T10:29:50.265000+09:00,2026-09-01T01:29:50.265000+00:00,094623,1396.8,1,0,0,0,0,13447,517,13447,0,0,0,0,4651,-28608,10326,6,4992,0,129,0,0,0,0,0,0,0,0,0,31082107,2018,0.43,536.21,1933.04,0,54.8,97.6,67.9,39.3,65.3,520.4,38.9,607.4,155.3,154.3,1101.6,365382,5490,12.5,89.8,1550,2.8,1.03,22.3,34.3,65,15.71,12244498,72915,67.78,3435.13,0,1200,400,720,240,4200,7500,8500,102,1.5,6000,0,0,0,0,0,68.24,30,61.69,57.97,49.3,0,0
2026-09-01T10:30:50.356000+09:00,2026-09-01T01:30:50.356000+00:00,094623,1276.0,1,0,0,0,0,13447,515,13447,0,0,0,0,4651,-28608,10326,6,4992,0,129,0,0,0,0,0,0,0,0,0,31082107,2018,0.44,534.99,1810.97,0,54.5,97.2,68.1,39.4,64.7,518.8,39.1,600.7,146,144.6,1036,365382,5490,12.76,91.6,1550,2.8,1.04,22.2,35.4,65,14.42,12244500,72915,63.74,3435.13,0,1200,400,720,240,4200,7500,8500,102,1.5,6000,0,0,0,0,0,68.73,30,59.65,64.78,49.3,0,0
2026-09-01T10:31:50.449000+09:00,2026-09-01T01:31:50.449000+00:00,094623,2072.2,1,0,0,0,0,13447,494,13447,0,0,0,0,4651,-28608,10326,6,4480,0,129,0,0,0,0,0,0,0,0,0,31082107,2018,0.43,838.95,2911.16,0,54.5,98.3,68.2,39.4,64.2,516.2,39,601.1,146.7,145.5,1017.7,365382,5490,12.64,90.1,1490,2.63,1.17,30.8,44.4,65,24.92,12244502,72915,69.5,3435.13,0,1200,400,720,240,4200,7500,8500,102,1.5,6000,0,0,0,0,0,77.46,30,70.33,70.51,49.3,0,0
2026-09-01T10:32:50.550000+09:00,2026-09-01T01:32:50.550000+00:00,094623,2288.3,1,0,0,0,0,13447,496,13447,0,0,0,0,4651,-28608,10326,6,4480,0,129,0,0,0,0,0,0,0,0,0,31082107,2018,0.41,957.37,3245.64,0,54.8,99,67.6,39.4,64.5,521.6,38.9,607.5,156.7,156.1,1038.9,365382,5490,12.69,88.9,1500,2.63,1.15,31.5,42.8,65,26.59,12244507,72915,77.57,3435.13,0,1200,400,720,240,4200,7500,8500,102,1.5,6000,0,0,0,0,0,76.42,30,75.21,66.87,49.3,0,0
2026-09-01T10:33:50.675000+09:00,2026-09-01T01:33:50.675000+00:00,094623,2366.4,1,0,0,0,0,13447,496,13447,0,0,0,0,4651,-28608,8278,6,4480,0,129,0,0,0,0,0,0,0,0,0,31082107,2018,0.42,1028.17,3394.57,0,55,97.2,67.4,39.4,65,522.5,39,610.7,161,160.4,1032.3,365382,5490,12.65,89,1500,2.63,1.15,31.8,42.3,65,26.34,12244511,72915,76.83,3435.13,0,1200,400,720,240,4200,7500,8500,102,1.5,6000,0,0,0,0,0,75.03,30,69.7,65.34,49.3,0,0
2026-09-01T10:34:50.773000+09:00,2026-09-01T01:34:50.773000+00:00,094623,2026.7,1,0,0,0,0,13447,502,13447,0,0,0,0,4651,-28608,10326,6,4992,0,129,0,0,0,0,0,0,0,0,0,31082107,2018,0.46,819.42,2846.16,0,55.1,98.1,67.6,39.4,65.4,523.2,38.6,613.7,164.1,163.6,1079.6,365382,5490,12.82,89.6,1510,2.68,1.1,26.8,37,65,19.49,12244515,72915,74.48,3435.13,0,1200,400,720,240,4200,7500,8500,102,1.5,6000,0,0,0,0,0,70.17,30,66.94,61.23,49.3,0,0
2026-09-01T10:35:50.875000+09:00,2026-09-01T01:35:50.875000+00:00,094623,1277.2,1,0,0,0,0,13447,505,13447,0,0,0,0,4651,-28608,10326,6,4992,0,129,0,0,0,0,0,0,0,0,0,31082107,2018,0.45,491.04,1768.24,0,54.9,97.4,68.5,39.5,65.2,520.7,38.6,601,150.3,149,1036.6,365383,5491,12.68,91.1,1510,2.73,1.05,22,35.2,65,11.78,12244518,72915,63.53,3435.13,0,1200,400,720,240,4200,7500,8500,102,1.5,6000,0,0,0,0,0,68.45,30,60.16,61.72,49.3,0,0
2026-09-01T10:36:50.969000+09:00,2026-09-01T01:36:50.969000+00:00,094623,1465.2,1,0,0,0,0,13447,493,13447,0,0,0,0,4651,-28608,10326,6,4480,0,129,0,0,0,0,0,0,0,0,0,31082107,2018,0.36,560.63,2025.82,0,54.8,98.4,68.7,39.6,64.6,519.4,38.3,597.7,145.7,144.3,1028,365383,5491,12.52,91.4,1490,2.66,1.17,25.4,41.3,65,13.82,12244520,72915,69.19,3435.14,0,1200,400,720,240,4200,7500,8500,102,1.5,6000,0,0,0,0,0,71.68,30,63.95,67.03,49.3,0,0
2026-09-01T10:37:51.064000+09:00,2026-09-01T01:37:51.064000+00:00,094623,2522.7,1,0,0,0,0,13447,495,13447,0,0,0,0,4651,-28608,10326,6,4480,0,129,0,0,0,0,0,0,0,0,0,31082107,2018,0.44,1216.16,3738.82,0,54.9,99.4,68.1,39.6,64.6,513.7,38.8,608.3,158.5,157.7,1081.4,365383,5491,12.16,89.4,1490,2.63,1.16,32.8,40.6,65,26.46,12244523,72915,72.51,3435.14,0,1200,400,720,240,4200,7500,8500,102,1.5,6000,0,0,0,0,0,78.09,30,75.78,68.73,49.3,0,0
2026-09-01T10:38:51.162000+09:00,2026-09-01T01:38:51.162000+00:00,094623,2306.6,1,0,0,0,0,13447,493,13447,0,0,0,0,4655,-28608,18518,582,4480,528,129,0,0,0,0,0,0,0,0,0,31082107,2018,0.43,1057.47,3364.06,0,55,97.9,67.8,39.6,65.2,522.1,39,613.7,162.8,162.2,1043.6,365383,5491,12.7,89.3,1490,2.62,1.16,31.7,42.3,65,26.33,12244528,72915,77.19,3435.14,0,1200,400,720,240,4200,7500,8500,102,1.5,6000,0,0,0,0,0,77.06,30,72.48,67.4,49.3,0,0
2026-09-01T10:39:51.249000+09:00,2026-09-01T01:39:51.249000+00:00,094623,2295.6,1,0,0,0,0,13447,495,13447,0,0,0,0,4655,-28608,10390,590,4480,8192,129,0,0,0,0,0,0,0,0,0,31082107,2018,0.45,874.35,3169.96,0,55.1,97.3,67.7,39.5,65.5,525.7,38.6,613.9,163,162.2,1067.3,365383,5491,12.84,89.7,1500,2.61,1.13,31,42.5,65,26.57,12244532,72915,76.14,3435.14,0,1200,400,720,240,4200,7500,8500,102,1.5,6000,0,0,0,0,0,76.48,30,69.83,67.89,49.4,0,0
2026-09-01T10:40:51.333000+09:00,2026-09-01T01:40:51.333000+00:00,094623,2338.3,1,0,0,0,0,13447,495,13447,0,0,0,0,4655,-28608,10326,6,4480,0,129,0,0,0,0,0,0,0,0,0,31082107,2018,0.46,907.31,3245.64,0,55,97.8,67.7,39.6,65.4,527.2,38.6,613.2,162.8,162,1042.2,365383,5491,12.91,90,1500,2.61,1.16,31.7,43.1,65,26.63,12244537,72915,78.5,3435.14,0,1200,400,720,240,4200,7500,8500,102,1.5,6000,0,0,0,0,0,76.02,30,70.62,68.68,49.4,0,0
2026-09-01T10:41:51.427000+09:00,2026-09-01T01:41:51.427000+00:00,094623,2483.6,1,0,0,0,0,13447,497,13447,0,0,0,0,4655,-28608,12438,6,20896,8,129,0,0,0,0,0,0,0,0,0,31082107,2018,0.49,991.55,3475.14,0,55.2,98.5,67.8,39.6,65.6,524.9,38.8,615.1,165.8,165.1,1025.6,365384,5492,12.63,90.4,1500,2.62,1.15,31.8,41.6,65,26.6,12244541,72915,77.87,3435.14,0,1200,400,720,240,4200,7500,8500,102,1.5,6000,0,0,0,0,0,75.95,30,72.93,70.3,49.4,0,0
2026-09-01T10:42:51.521000+09:00,2026-09-01T01:42:51.521000+00:00,094623,2047.5,1,0,0,0,0,13447,501,13447,0,0,0,0,4651,-28608,10326,6,4992,0,129,0,0,0,0,0,0,0,0,0,31082107,2018,0.46,808.43,2855.92,0,55.3,99.2,67.9,39.5,65.9,525.6,38.8,617.5,166.8,166,1028.9,365384,5492,12.77,89.9,1510,2.66,1.1,26.6,36.6,65,18.47,12244545,72915,80.56,3435.14,0,1200,400,720,240,4200,7500,8500,102,1.5,6000,0,0,0,0,0,70.92,30,71.22,64.13,49.4,0,0
2026-09-01T10:43:51.613000+09:00,2026-09-01T01:43:51.613000+00:00,094623,1285.7,1,0,0,0,0,13447,501,13447,0,0,0,0,4655,-28608,18534,6,13188,528,129,0,0,0,0,0,0,0,0,0,31082107,2018,0.42,483.72,1769.46,0,55,96.5,68.6,39.5,65.5,522.2,38.6,605.2,152.6,151.1,1026.3,365384,5492,12.8,90.5,1490,2.69,1.05,22,35.1,65,11.44,12244547,72915,64.65,3435.14,0,1200,400,720,240,4200,7500,8500,102,1.5,6000,0,0,0,0,0,69.17,30,58.39,61.88,49.4,0,0
2026-09-01T10:44:51.711000+09:00,2026-09-01T01:44:51.711000+00:00,094623,1440.8,1,0,0,0,0,13447,494,13447,0,0,0,0,4651,-28608,10326,6,4480,0,129,0,0,0,0,0,0,0,0,0,31082107,2018,0.38,589.92,2030.7,0,54.6,98.3,68.6,39.6,64.9,521.6,38.7,600.6,146.6,145.2,1007.8,365384,5492,12.52,91.3,1490,2.64,1.18,25.4,41.8,65,13.9,12244549,72915,67.1,3435.15,0,1200,400,720,240,4200,7500,8500,102,1.5,6000,0,0,0,0,0,72.04,30,64.37,68.1,49.4,0,0
2026-09-01T10:45:51.807000+09:00,2026-09-01T01:45:51.807000+00:00,094623,2417.7,1,0,0,0,0,13447,497,13447,0,0,0,0,4655,-28608,10326,6,4480,0,129,0,0,0,0,0,0,0,0,0,31082107,2018,0.43,1122.17,3539.84,0,54.7,99.1,68,39.6,64.7,516.9,38.6,612.4,159.2,158.3,1030.7,365384,5492,12.45,89.3,1500,2.62,1.14,31.7,40.5,65,26.72,12244553,72915,73.66,3435.15,0,1200,400,720,240,4200,7500,8500,102,1.5,6000,0,0,0,0,0,78.15,30,75.25,69.34,49.4,0,0
2026-09-01T10:46:51.914000+09:00,2026-09-01T01:46:51.914000+00:00,094623,2248.0,1,0,0,0,0,13447,497,13447,0,0,0,0,4651,-28608,12374,6,4512,72,129,0,0,0,0,0,0,0,0,0,31082107,2018,0.44,951.26,3199.25,0,54.7,98.3,67.5,39.6,65.2,525.1,38.3,613.3,162.5,161.7,1021.9,365384,5492,12.68,89.3,1500,2.63,1.15,31.3,42.9,65,26.63,12244558,72915,76.63,3435.15,0,1200,400,720,240,4200,7500,8500,102,1.5,6000,0,0,0,0,0,76.32,30,74.12,68.44,49.4,0,0
2026-09-01T10:47:52.008000+09:00,2026-09-01T01:47:52.008000+00:00,094623,2329.8,1,0,0,0,0,13447,496,13447,0,0,0,0,4655,-28608,10326,6,4480,0,129,0,0,0,0,0,0,0,0,0,31082107,2018,0.45,1063.57,3393.35,0,54.8,97.8,67.2,39.6,65.3,525.9,38.5,614,164.1,163.2,1029.5,365385,5493,12.59,89.7,1500,2.61,1.16,31.6,42.4,65,26.67,12244562,72915,77.12,3435.15,0,1200,400,720,240,4200,7500,8500,102,1.5,6000,0,0,0,0,0,74.33,30,72.58,68.89,49.5,0,0
2026-09-01T10:48:52.105000+09:00,2026-09-01T01:48:52.105000+00:00,094623,2350.5,1,0,0,0,0,13447,497,13447,0,0,0,0,4655,-28608,18518,6,4480,528,129,0,0,0,0,0,0,0,0,0,31082107,2018,0.47,968.35,3318.89,0,55,97.9,67.4,39.5,65.5,525.9,39.1,616.3,165.3,164.3,1052.5,365385,5493,12.71,90,1500,2.62,1.15,31.3,42.2,65,26.53,12244567,72915,77.74,3435.15,0,1200,400,720,240,4200,7500,8500,102,1.5,6000,0,0,0,0,0,73.89,30,72.73,69.66,49.5,0,0
2026-09-01T10:49:52.192000+09:00,2026-09-01T01:49:52.192000+00:00,094623,2512.9,1,0,0,0,0,13447,497,13447,0,0,0,0,4655,-28608,10326,590,4480,8192,129,0,0,0,0,0,0,0,0,0,31082107,2018,0.48,1053.8,3566.7,0,55.1,98.2,67.7,39.5,65.7,524.9,38.8,617.6,167.5,166.6,1046.2,365385,5493,12.77,90.1,1500,2.63,1.15,31.9,41.2,65,26.59,12244571,72915,77.15,3435.15,0,1200,400,720,240,4200,7500,8500,102,1.5,6000,0,0,0,0,0,74.13,30,73.68,70.2,49.5,0,0
2026-09-01T10:50:52.287000+09:00,2026-09-01T01:50:52.287000+00:00,094623,2029.5,1,0,0,0,0,13447,501,13447,0,0,0,0,4651,-28608,10326,6,4992,0,129,0,0,0,0,0,0,0,0,0,31082107,2018,0.46,852.38,2881.86,0,55.2,98.7,68.1,39.5,66,527.7,39,618.6,168,167.1,1086.6,365385,5493,12.69,89.7,1510,2.66,1.11,27.1,37.9,65,20.67,12244575,72915,78.9,3435.15,0,1200,400,720,240,4200,7500,8500,102,1.5,6000,0,0,0,0,0,70.93,30,71.63,64.61,49.6,0,0
2026-09-01T10:51:52.432000+09:00,2026-09-01T01:51:52.432000+00:00,094623,1417.6,1,0,0,0,0,13447,519,13447,0,0,0,0,4651,-28608,12374,518,5024,72,129,0,0,0,0,0,0,0,0,0,31082107,2018,0.44,620.44,2038.03,0,54.9,96.4,68.8,39.5,65.6,523.5,39.1,607.6,152.5,151,1038.5,365385,5493,12.46,89.9,1560,2.77,1.06,23.2,35.7,65,15.35,12244578,72915,65.07,3435.15,0,1200,400,720,240,4200,7500,8500,102,1.5,6000,0,0,0,0,0,70.08,30,60.35,61.25,49.5,0,0
2026-09-01T10:52:52.490000+09:00,2026-09-01T01:52:52.490000+00:00,094623,1362.7,1,0,0,0,0,13447,492,13447,0,0,0,0,4651,-28608,10326,6,4480,0,129,0,0,0,0,0,0,0,0,0,31082107,2018,0.43,481.28,1843.93,0,54.7,97.8,68.7,39.5,64.9,524.8,39.1,602,146.6,145.1,1008.9,365385,5493,12.62,91.5,1490,2.63,1.17,24.5,41.4,65,12.74,12244580,72915,65.59,3435.16,0,1200,400,720,240,4200,7500,8500,102,1.5,6000,0,0,0,0,0,70.56,30,62.59,67.29,49.6,0,0
2026-09-01T10:53:52.592000+09:00,2026-09-01T01:53:52.592000+00:00,094623,2450.6,1,0,0,0,0,13447,498,13447,0,0,0,0,4651,-28608,18518,518,4480,528,129,0,0,0,0,0,0,0,0,0,31082107,2018,0.44,1111.18,3561.81,0,54.8,99.3,68.2,39.6,64.7,517.6,39.3,610.7,159.2,158.4,1067.6,365386,5494,12.63,89.4,1510,2.63,1.15,32.1,41.2,65,25.87,12244583,72915,74.12,3435.16,0,1200,400,720,240,4200,7500,8500,102,1.5,6000,0,0,0,0,0,78.06,30,76.11,69.85,49.6,0,0
2026-09-01T10:54:52.691000+09:00,2026-09-01T01:54:52.691000+00:00,094623,2299.3,1,0,0,0,0,13447,496,13447,0,0,0,0,4651,-28608,10326,582,4480,0,129,0,0,0,0,0,0,0,0,0,31082107,2018,0.41,951.26,3250.53,0,54.9,98.1,67.9,39.6,65.2,524.6,40.3,612.1,163.2,162.3,1026.3,365386,5494,12.71,88.6,1500,2.62,1.15,31.4,42.8,65,26.03,12244588,72915,79.19,3435.16,0,1200,400,720,240,4200,7500,8500,102,1.5,6000,0,0,0,0,0,77.17,30,73.79,65.9,49.6,0,0
2026-09-01T10:55:52.795000+09:00,2026-09-01T01:55:52.795000+00:00,094623,2498.2,1,0,0,0,0,13447,497,13447,0,0,0,0,4651,-28608,10326,6,4480,0,129,0,0,0,0,0,0,0,0,0,31082107,2018,0.44,1130.71,3628.96,0,55,97.1,67.7,39.6,65.5,522.8,39.1,616.9,166.2,165.3,1027.4,365386,5494,12.7,89.3,1510,2.62,1.15,32.1,41.2,65,26.53,12244592,72915,75.68,3435.16,0,1200,400,720,240,4200,7500,8500,102,1.5,6000,0,0,0,0,0,76.27,30,70.04,66.37,49.6,0,0
2026-09-01T10:56:52.896000+09:00,2026-09-01T01:56:52.896000+00:00,094623,1564.1,1,0,0,0,0,13447,499,13447,0,0,0,0,4655,-28608,12374,6,5024,72,129,0,0,0,0,0,0,0,0,0,31082107,2018,0.42,558.18,2122.26,0,55.2,98.1,67.9,39.6,65.8,528.5,39.2,612.6,163.5,162.7,1028.2,365386,5494,12.74,90,1500,2.67,1.11,24,37.3,65,13.47,12244596,72915,73.37,3435.16,0,1200,400,720,240,4200,7500,8500,102,1.5,6000,0,0,0,0,0,68.36,30,64.18,59.68,49.7,0,0
2026-09-01T10:57:52.992000+09:00,2026-09-01T01:57:52.992000+00:00,094623,1265.0,1,0,0,0,0,13448,517,13448,0,0,0,0,4651,-28608,10326,6,4992,0,129,0,0,0,0,0,0,0,0,0,31082107,2018,0.45,527.67,1792.66,0,54.9,97,68.5,39.7,65.3,522.4,38.8,601.1,149.6,148.1,1021.5,365386,5494,12.71,91.5,1550,2.78,1.04,21.9,35.6,65,14.58,12244598,72915,63.16,3435.16,0,1200,400,720,240,4200,7500,8500,102,1.5,6000,0,0,0,0,0,69.59,30,59.38,64.3,49.7,0,0
2026-09-01T10:58:53.107000+09:00,2026-09-01T01:58:53.107000+00:00,094623,1860.7,1,0,0,0,0,13448,493,13448,0,0,0,0,4655,-28608,10390,6,20864,0,129,0,0,0,0,0,0,0,0,0,31082107,2018,0.39,793.79,2654.5,0,54.8,98.4,68.3,39.8,64.6,517.5,38.8,599.6,147.3,145.8,1016.3,365386,5494,12.63,90.7,1490,2.62,1.21,28.9,43.1,65,19.64,12244600,72915,69.35,3435.16,0,1200,400,720,240,4200,7500,8500,102,1.5,6000,0,0,0,0,0,74.83,30,67.88,69.49,49.7,0,0
2026-09-01T10:59:53.236000+09:00,2026-09-01T01:59:53.236000+00:00,094623,2462.8,1,0,0,0,0,13448,497,13448,0,0,0,0,4651,-28608,10326,6,4480,0,129,0,0,0,0,0,0,0,0,0,31082107,2018,0.42,1106.3,3569.14,0,55,99.5,67.9,39.8,64.9,518.6,39,613.2,161.3,160.4,1018.9,365387,5495,12.23,89.1,1510,2.63,1.14,32,40.9,65,26.65,12244604,72915,77.15,3435.16,0,1200,400,720,240,4200,7500,8500,102,1.5,6000,0,0,0,0,0,77.66,30,76.72,68.04,49.7,0,0
2026-09-01T11:00:53.343000+09:00,2026-09-01T02:00:53.343000+00:00,094623,2371.3,1,0,0,0,0,13448,496,13448,0,0,0,0,4655,-28608,10390,6,20864,0,129,0,0,0,0,0,0,0,0,0,31082107,2018,0.41,1001.31,3372.6,0,55.1,97,67.9,39.8,65.5,524.2,39,612.9,164.4,163.5,1030.6,365387,5495,12.73,88.9,1500,2.62,1.15,31.4,41.8,65,26.47,12244609,72915,77.35,3435.16,0,1200,400,720,240,4200,7500,8500,102,1.5,6000,0,0,0,0,0,77.58,30,69.54,65.69,49.7,0,0
2026-09-01T11:01:53.435000+09:00,2026-09-01T02:01:53.435000+00:00,094623,2107.6,1,0,0,0,0,13448,501,13448,0,0,0,0,4651,-28608,12374,6,5024,8,129,0,0,0,0,0,0,0,0,0,31082107,2018,0.44,784.02,2891.63,0,55.2,98.3,67.9,39.8,65.8,524.6,39,613.8,167.3,166.6,1048,365387,5495,12.74,89.4,1510,2.67,1.09,27.2,37.1,65,19.82,12244613,72915,74.55,3435.17,0,1200,400,720,240,4200,7500,8500,102,1.5,6000,0,0,0,0,0,73.12,30,68.15,61.64,49.7,0,0
2026-09-01T11:02:53.516000+09:00,2026-09-01T02:02:53.516000+00:00,094623,1423.7,1,0,0,0,0,13448,519,13448,0,0,0,0,4651,-28608,10342,6,13188,0,129,0,0,0,0,0,0,0,0,0,31082107,2018,0.47,607.01,2030.7,0,55,97.2,68.2,39.8,65.5,522.1,38.8,602.5,151.6,150,1042.8,365387,5495,12.75,91,1560,2.78,1.06,23.3,35.9,65,15.52,12244615,72915,62.12,3435.17,0,1200,400,720,240,4200,7500,8500,102,1.5,6000,0,0,0,0,0,70.46,30,61.16,62.88,49.7,0,0
2026-09-01T11:03:53.616000+09:00,2026-09-01T02:03:53.616000+00:00,094623,1374.9,1,0,0,0,0,13448,491,13448,0,0,0,0,4655,-28608,10326,6,4480,0,129,0,0,0,0,0,0,0,0,0,31082107,2018,0.33,515.46,1890.32,0,54.7,98.2,68.2,39.9,64.8,522.4,39.6,600.1,145.8,144.3,1051,365387,5495,12.84,91.6,1480,2.63,1.17,24.4,40.9,65,12.66,12244617,72915,72.28,3435.17,0,1200,400,720,240,4200,7500,8500,102,1.5,6000,0,0,0,0,0,70.41,30,62.85,67.7,49.7,0,0
2026-09-01T11:04:53.716000+09:00,2026-09-01T02:04:53.716000+00:00,094623,2316.3,1,0,0,0,0,13448,497,13448,0,0,0,0,4651,-28608,10326,6,4480,0,129,0,0,0,0,0,0,0,0,0,31082107,2018,0.4,1009.86,3326.21,0,54.7,99.4,67.9,39.8,64.6,519.6,39,608.9,156.6,155.9,1053.8,365387,5495,12.77,88.6,1500,2.64,1.15,31.5,42.3,65,26.57,12244621,72915,73.86,3435.17,0,1200,400,720,240,4200,7500,8500,102,1.5,6000,0,0,0,0,0,77.87,30,75.72,66.28,49.7,0,0
2026-09-01T11:05:53.818000+09:00,2026-09-01T02:05:53.818000+00:00,094623,2334.7,1,0,0,0,0,13448,496,13448,0,0,0,0,4651,-28608,10326,6,4480,0,129,0,0,0,0,0,0,0,0,0,31082107,2018,0.41,986.66,3321.33,0,54.9,97.5,67.5,39.8,65.1,523.2,39.1,612.3,163.1,162.3,1027.5,365388,5496,12.53,88.7,1500,2.62,1.15,31.5,42.5,65,26.51,12244625,72915,74.3,3435.17,0,1200,400,720,240,4200,7500,8500,102,1.5,6000,0,0,0,0,0,76.19,30,71.02,64.24,49.8,0,0
2026-09-01T11:06:53.909000+09:00,2026-09-01T02:06:53.909000+00:00,094623,2483.6,1,0,0,0,0,13448,495,13448,0,0,0,0,4651,-28608,18518,590,4480,8720,129,0,0,0,0,0,0,0,0,0,31082107,2018,0.47,1074.56,3558.15,0,55.1,97.6,67.3,39.8,65.5,522.6,39.6,614,166.8,166.1,1043.6,365388,5496,12.63,90.1,1490,2.6,1.15,32.1,41.4,65,26.21,12244630,72915,74.71,3435.17,0,1200,400,720,240,4200,7500,8500,102,1.5,6000,0,0,0,0,0,74.52,30,70.06,67.49,49.8,0,0
2026-09-01T11:07:54.006000+09:00,2026-09-01T02:07:54.006000+00:00,094623,2382.3,1,0,0,0,0,13448,495,13448,0,0,0,0,4651,-28608,10326,6,4480,0,129,0,0,0,0,0,0,0,0,0,31082107,2018,0.49,1017.18,3399.46,0,55.1,99,67.5,39.8,65.8,525.6,39.2,616.7,166.7,165.7,1013.7,365388,5496,12.86,90.5,1490,2.61,1.14,31.3,41.5,65,26.54,12244634,72915,78.63,3435.17,0,1200,400,720,240,4200,7500,8500,102,1.5,6000,0,0,0,0,0,74.15,30,74.78,69.5,49.8,0,0
2026-09-01T11:08:54.101000+09:00,2026-09-01T02:08:54.101000+00:00,094623,2499.5,1,0,0,0,0,13448,497,13448,0,0,0,0,4651,-28608,10326,6,4480,0,129,0,0,0,0,0,0,0,0,0,31082107,2018,0.46,1111.18,3610.64,0,55.2,98.4,67.9,39.8,66,525.4,39.5,618.6,168.2,167.2,1044.2,365388,5496,12.7,90.3,1500,2.61,1.15,31.8,41,65,26.56,12244639,72915,79.95,3435.17,0,1200,400,720,240,4200,7500,8500,102,1.5,6000,0,0,0,0,0,75.01,30,74.31,69.71,49.8,0,0
2026-09-01T11:09:54.200000+09:00,2026-09-01T02:09:54.200000+00:00,094623,1702.0,1,0,0,0,0,13448,502,13448,0,0,0,0,4651,-28608,10326,6,4992,0,129,0,0,0,0,0,0,0,0,0,31082107,2018,0.41,621.66,2323.68,0,55.4,97.8,68.3,39.9,66.2,528.9,39.2,616.4,165.6,164.4,1027.7,365388,5496,12.8,90,1510,2.67,1.1,24.6,36.7,65,15.47,12244643,72915,76.8,3435.18,0,1200,400,720,240,4200,7500,8500,102,1.5,6000,0,0,0,0,0,69.19,30,65.31,61.62,49.8,0,0
2026-09-01T11:10:54.305000+09:00,2026-09-01T02:10:54.305000+00:00,094623,1434.7,1,0,0,0,0,13448,467,13448,0,0,0,0,4651,-28608,10326,6,4992,0,129,0,0,0,0,0,0,0,0,0,31082107,2018,0.44,428.78,1863.46,0,55.3,97,68.8,39.9,65.7,526.2,39,604.3,151.6,149.7,1015.9,365388,5496,12.48,90.9,1370,2.61,1.91,25.6,41.5,65,11.36,12244645,72915,62.85,3435.18,0,1200,400,720,240,4200,7500,8500,102,1.5,6000,0,0,0,0,0,68.77,30,59.25,62.01,49.8,0,0
2026-09-01T11:11:54.402000+09:00,2026-09-01T02:11:54.402000+00:00,094623,1641.0,1,0,0,0,0,13448,493,13448,0,0,0,0,4655,-26560,18518,6,4480,528,129,0,0,0,0,0,0,0,0,0,31082107,2018,0.41,650.96,2291.94,0,55.2,97.9,68.6,40,65,520.3,39.8,599.9,147,145.2,1038,365389,5497,12.69,91.1,1490,2.62,1.2,27.2,42.9,65,16.2,12244647,72915,66.22,3435.18,0,1200,400,720,240,4200,7500,8500,102,1.5,6000,0,0,0,0,0,73.93,30,65.38,69.6,49.8,0,0
2026-09-01T11:12:54.502000+09:00,2026-09-01T02:12:54.502000+00:00,094623,2405.5,1,0,0,0,0,13448,496,13448,0,0,0,0,4651,-28608,10326,6,4480,0,129,0,0,0,0,0,0,0,0,0,31082107,2018,0.44,1125.83,3531.3,0,55.2,99.4,68.1,40,65.1,519.6,38.9,614.6,160.4,159.4,1037.8,365389,5497,12.67,89.5,1500,2.6,1.16,32,41.4,65,26.54,12244651,72915,75.68,3435.18,0,1200,400,720,240,4200,7500,8500,102,1.5,6000,0,0,0,0,0,78.19,30,76.34,69.88,49.8,0,0
2026-09-01T11:13:54.615000+09:00,2026-09-01T02:13:54.615000+00:00,094623,2333.4,1,0,0,0,0,13448,497,13448,0,0,0,0,4651,-28608,10326,518,4480,0,129,0,0,0,0,0,0,0,0,0,31082107,2018,0.43,919.52,3252.97,0,55.3,97.8,67.9,40,65.6,524.4,39.6,612.7,164.5,163.6,1048.5,365389,5497,12.61,89.4,1500,2.61,1.14,31.1,42.2,65,26.43,12244655,72915,77.35,3435.18,0,1200,400,720,240,4200,7500,8500,102,1.5,6000,0,0,0,0,0,77.65,30,72.56,68.73,49.9,0,0
2026-09-01T11:14:54.704000+09:00,2026-09-01T02:14:54.704000+00:00,094623,2344.4,1,0,0,0,0,13448,497,13448,0,0,0,0,4651,-28608,12374,6,4512,72,129,0,0,0,0,0,0,0,0,0,31082107,2018,0.44,952.48,3296.91,0,55.4,97.3,68,40,65.9,526.4,39,614.7,165,164.1,1014.2,365389,5497,12.71,89.6,1500,2.61,1.15,31.3,42.5,65,26.73,12244660,72915,77.21,3435.18,0,1200,400,720,240,4200,7500,8500,102,1.5,6000,0,0,0,0,0,77.75,30,70.12,68.52,49.9,0,0
2026-09-01T11:15:54.799000+09:00,2026-09-01T02:15:54.799000+00:00,094623,2053.6,1,0,0,0,0,13448,501,13448,0,0,0,0,4651,-28608,10326,6,4992,0,129,0,0,0,0,0,0,0,0,0,31082107,2018,0.46,740.07,2793.66,0,55.7,98,68.1,40,66.1,525.4,39.1,614.2,165.8,164.9,1062,365389,5497,12.12,89.6,1510,2.66,1.11,26.9,37.5,65,19.14,12244664,72915,77.11,3435.18,0,1200,400,720,240,4200,7500,8500,102,1.5,6000,0,0,0,0,0,73.03,30,66.56,62.98,49.9,0,0
2026-09-01T11:16:54.907000+09:00,2026-09-01T02:16:54.907000+00:00,094623,1277.2,1,0,0,0,0,13448,506,13448,0,0,0,0,4651,-28608,18518,6,4992,528,129,0,0,0,0,0,0,0,0,0,31082107,2018,0.45,576.49,1853.69,0,55.5,97.4,68.3,40,65.9,521.6,39.2,604.4,152.4,150.8,1055.8,365389,5497,12.63,90.8,1510,2.7,1.05,21.8,34.8,65,11.83,12244666,72915,65.79,3435.18,0,1200,400,720,240,4200,7500,8500,102,1.5,6000,0,0,0,0,0,69.66,30,60.56,62.46,49.9,0,0
2026-09-01T11:17:55.020000+09:00,2026-09-01T02:17:55.020000+00:00,094623,1495.7,1,0,0,0,0,13448,494,13448,0,0,0,0,4651,-28608,10390,518,20864,0,129,0,0,0,0,0,0,0,0,0,31082107,2018,0.38,608.23,2103.95,0,55.2,98.4,68.3,40.1,65.3,520.6,39.4,600.6,147.5,146.3,1024.4,365390,5498,12.58,91.5,1490,2.64,1.17,25.4,40.9,65,12.98,12244668,72915,66.9,3435.19,0,1200,400,720,240,4200,7500,8500,102,1.5,6000,0,0,0,0,0,71.98,30,64.52,68.59,49.9,0,0
2026-09-01T11:18:55.123000+09:00,2026-09-01T02:18:55.123000+00:00,094623,2443.3,1,0,0,0,0,13448,497,13448,0,0,0,0,4651,-28608,10326,518,4480,0,129,0,0,0,0,0,0,0,0,0,31082107,2018,0.43,1070.89,3514.21,0,55.2,99.3,68,40.1,65.1,517.1,39.3,613.2,158.3,157.5,1033.8,365390,5498,12.84,89.2,1500,2.61,1.14,31.8,40.8,65,25.98,12244672,72915,74.48,3435.19,0,1200,400,720,240,4200,7500,8500,102,1.5,6000,0,0,0,0,0,78.79,30,75.84,69.4,50,0,0
2026-09-01T11:19:55.221000+09:00,2026-09-01T02:19:55.221000+00:00,094623,2338.3,1,0,0,0,0,13448,496,13448,0,0,0,0,4655,-26560,12438,6,20896,72,129,0,0,0,0,0,0,0,0,0,31082107,2018,0.41,935.39,3273.72,0,55.2,98.1,67.9,40,65.6,524,40,615.6,163.3,162.6,1042.1,365390,5498,12.82,88.6,1490,2.63,1.14,31,41.8,65,26.14,12244676,72915,78.35,3435.19,0,1200,400,720,240,4200,7500,8500,102,1.5,6000,0,0,0,0,0,78.31,30,73.59,65.81,50,0,0
2026-09-01T11:20:55.355000+09:00,2026-09-01T02:20:55.355000+00:00,094623,2389.6,1,0,0,0,0,13448,497,13448,0,0,0,0,4651,-28608,10326,6,4480,0,129,0,0,0,0,0,0,0,0,0,31082107,2018,0.44,1000.09,3389.69,0,55.3,97,67.7,40,65.8,526,39.7,613.7,162.8,162,1027.3,365390,5498,12.51,89.4,1500,2.61,1.15,31.6,42.3,65,26.62,12244681,72915,75.88,3435.19,0,1200,400,720,240,4200,7500,8500,102,1.5,6000,0,0,0,0,0,77.43,30,69.43,66.64,50,0,0
2026-09-01T11:21:55.439000+09:00,2026-09-01T02:21:55.439000+00:00,094623,2108.8,1,0,0,0,0,13448,501,13448,0,0,0,0,4655,-26560,18534,6,13189,528,129,0,0,0,0,0,0,0,0,0,31082107,2018,0.48,882.9,2991.73,0,55.4,98.5,67.6,40,66,525.5,40,619.3,165.2,164.5,1046.9,365390,5498,12.75,90.4,1510,2.64,1.1,27.4,37.3,65,20.98,12244685,72915,76.53,3435.19,0,1200,400,720,240,4200,7500,8500,102,1.5,6000,0,0,0,0,0,72.5,30,69.31,65.43,50,0,0
2026-09-01T11:22:55.536000+09:00,2026-09-01T02:22:55.536000+00:00,094623,1518.9,1,0,0,0,0,13448,522,13448,0,0,0,0,4651,-28608,10326,6,4992,0,129,0,0,0,0,0,0,0,0,0,31082107,2018,0.44,685.14,2204.05,0,55.3,97.1,68.2,40,65.7,523.8,39.5,605.6,150.2,148.9,1024.3,365390,5498,12.32,90.6,1570,2.78,1.08,24.5,37.2,65,10.54,12244687,72915,66.32,3435.19,0,1200,400,720,240,4200,7500,8500,102,1.5,6000,0,0,0,0,0,71.51,30,62.45,64.19,50,0,0
2026-09-01T11:23:55.634000+09:00,2026-09-01T02:23:55.634000+00:00,094623,1344.3,1,0,0,0,0,13448,492,13448,0,0,0,0,4651,-28608,10326,6,4480,0,129,0,0,0,0,0,0,0,0,0,31082107,2018,0.41,603.35,1947.69,0,55.1,97.7,68.1,40.1,65,523.3,39.4,599.2,145.5,144.4,1004.6,365391,5499,12.41,91.3,1480,2.64,1.17,24.2,40,65,11.93,12244689,72915,65.24,3435.19,0,1200,400,720,240,4200,7500,8500,102,1.5,6000,0,0,0,0,0,69.63,30,61.29,66.28,50,0,0
2026-09-01T11:24:55.782000+09:00,2026-09-01T02:24:55.782000+00:00,094623,2448.2,1,0,0,0,0,13448,496,13448,0,0,0,0,4651,-28608,12374,6,4512,72,129,0,0,0,0,0,0,0,0,0,31082107,2018,0.45,1150.24,3598.44,0,55.2,99.3,67.9,40.1,64.9,518.2,39.2,607.3,156.7,156,1039.7,365391,5499,12.44,89.6,1500,2.61,1.16,32.2,41.1,65,26.16,12244693,72915,73.68,3435.19,0,1200,400,720,240,4200,7500,8500,102,1.5,6000,0,0,0,0,0,77.51,30,75.16,69.84,50,0,0
2026-09-01T11:25:55.868000+09:00,2026-09-01T02:25:55.868000+00:00,094623,2445.8,1,0,0,0,0,13448,497,13448,0,0,0,0,4651,-28608,10326,6,4480,0,129,0,0,0,0,0,0,0,0,0,31082107,2018,0.42,1138.04,3583.79,0,55.3,98.1,68,40.1,65.5,522.6,39.5,613.3,162.6,161.9,1034.8,365391,5499,12.32,89.1,1500,2.63,1.15,31.8,41.2,65,26.59,12244697,72915,78.46,3435.2,0,1200,400,720,240,4200,7500,8500,102,1.5,6000,0,0,0,0,0,77.86,30,73.14,67.35,50,0,0
2026-09-01T11:26:55.970000+09:00,2026-09-01T02:26:55.970000+00:00,094623,2566.6,1,0,0,0,0,13448,495,13448,0,0,0,0,4651,-28608,18518,6,4480,16,129,0,0,0,0,0,0,0,0,0,31082107,2018,0.44,1160.01,3726.61,0,55.4,97.3,68.1,40.1,65.9,522,39.3,616.5,165.7,164.9,1067.5,365391,5499,12.63,88.9,1500,2.58,1.15,32.1,40.5,65,26.45,12244702,72915,77.32,3435.2,0,1200,400,720,240,4200,7500,8500,102,1.5,6000,0,0,0,0,0,78.1,30,69.88,65.19,50,0,0
2026-09-01T11:27:56.079000+09:00,2026-09-01T02:27:56.079000+00:00,094623,1318.7,1,0,0,0,0,13448,492,13448,0,0,0,0,4651,-28608,10326,6,4992,0,129,0,0,0,0,0,0,0,0,0,31082107,2018,0.44,382.4,1701.1,0,55.3,97.9,68.2,40.1,65.9,525.5,39.5,609,155.6,154.3,1007.7,365391,5499,12.75,90.4,1470,2.64,1.3,23.5,38.9,65,11.4,12244705,72915,66.47,3435.2,0,1200,400,720,240,4200,7500,8500,102,1.5,6000,0,0,0,0,0,69.32,30,61.91,59.55,50,0,0
2026-09-01T11:28:56.171000+09:00,2026-09-01T02:28:56.171000+00:00,094623,987.6,1,0,0,0,0,13448,498,13448,0,0,0,0,4651,-28608,10326,6,4992,0,129,0,0,0,0,0,0,0,0,0,31082107,2018,0.39,193.18,1180.76,0,55.2,97,68.3,40.3,65.2,524.8,39.3,600.4,145.8,144.3,1047.9,365391,5499,12.68,92.5,1470,2.69,0.89,23,39.3,65,11.37,12244707,72915,64.65,3435.2,0,1200,400,720,240,4200,7500,8500,102,1.5,6000,0,0,0,0,0,70.11,30,58.29,68.13,50.1,0,0
2026-09-01T11:29:56.262000+09:00,2026-09-01T02:29:56.262000+00:00,094623,2240.7,1,0,0,0,0,13448,494,13448,0,0,0,0,4651,-28608,12374,6,4512,72,129,0,0,0,0,0,0,0,0,0,31082107,2018,0.44,1044.04,3284.71,0,55.1,98.9,68,40.3,64.7,517.2,39.2,603.7,150.9,149.8,1042.2,365392,5500,12.74,89.7,1500,2.61,1.16,31.4,42.3,65,25.54,12244710,72915,71.04,3435.2,0,1200,400,720,240,4200,7500,8500,102,1.5,6000,0,0,0,0,0,78.45,30,73.04,70.3,50.1,0,0
2026-09-01T11:30:56.363000+09:00,2026-09-01T02:30:56.363000+00:00,094623,2349.3,1,0,0,0,0,13448,498,13448,0,0,0,0,4651,-28608,10326,6,4480,0,129,0,0,0,0,0,0,0,0,0,31082107,2018,0.42,974.46,3323.77,0,55.3,98.6,67.4,40.3,65.2,521.7,39.1,612,160.4,159.7,1022.7,365392,5500,12.65,89.1,1510,2.62,1.14,31.3,41.9,65,26.66,12244714,72915,75.39,3435.2,0,1200,400,720,240,4200,7500,8500,102,1.5,6000,0,0,0,0,0,76.69,30,74.48,67.95,50.1,0,0
2026-09-01T11:31:56.460000+09:00,2026-09-01T02:31:56.460000+00:00,094623,2440.9,1,0,0,0,0,13448,494,13448,0,0,0,0,4655,-28608,10326,590,4480,8192,129,0,0,0,0,0,0,0,0,0,31082107,2018,0.42,1140.48,3581.35,0,55.4,97.4,67.5,40.3,65.6,524.9,39.7,617.3,162.6,161.9,1062.8,365392,5500,12.79,89.1,1490,2.61,1.17,32.3,42.1,65,26.41,12244719,72915,76.63,3435.2,0,1200,400,720,240,4200,7500,8500,102,1.5,6000,0,0,0,0,0,76.05,30,70.54,66.25,50.1,0,0
2026-09-01T11:32:56.564000+09:00,2026-09-01T02:32:56.564000+00:00,094623,1642.2,1,0,0,0,0,13448,499,13448,0,0,0,0,4655,-28608,10326,582,4992,0,129,0,0,0,0,0,0,0,0,0,31082107,2018,0.42,646.08,2288.28,0,55.6,98,67.7,40.3,65.9,525.9,39.6,612.7,161.5,160.9,1046.9,365392,5500,12.79,89.6,1500,2.67,1.13,24.3,36.5,65,13.57,12244722,72915,74.08,3435.2,0,1200,400,720,240,4200,7500,8500,102,1.5,6000,0,0,0,0,0,67.75,30,63.39,58.5,50.2,0,0
2026-09-01T11:33:56.658000+09:00,2026-09-01T02:33:56.658000+00:00,094623,1293.1,1,0,0,0,0,13448,505,13448,0,0,0,0,4651,-28608,10326,6,4992,0,129,0,0,0,0,0,0,0,0,0,31082107,2018,0.44,558.18,1851.25,0,55.4,97.1,68.6,40.4,65.5,519,39.3,603.7,150.2,149,1016.8,365392,5500,12.73,91.1,1510,2.71,1.04,22.1,34.8,65,12.72,12244724,72915,62.8,3435.21,0,1200,400,720,240,4200,7500,8500,102,1.5,6000,0,0,0,0,0,69.82,30,59.23,62.88,50.1,0,0
2026-09-01T11:34:56.794000+09:00,2026-09-01T02:34:56.794000+00:00,094623,1846.1,1,0,0,0,0,13448,492,13448,0,0,0,0,4655,-28608,12374,6,4512,8,129,0,0,0,0,0,0,0,0,0,31082107,2018,0.44,727.87,2573.93,0,55.3,98.5,68.6,40.4,65,516.2,39.4,599.9,147.5,146.3,1041.6,365392,5500,12.33,90.6,1490,2.61,1.2,29,43.7,65,19.01,12244727,72915,69.12,3435.21,0,1200,400,720,240,4200,7500,8500,102,1.5,6000,0,0,0,0,0,76.39,30,68.36,69.49,50.1,0,0
2026-09-01T11:35:56.875000+09:00,2026-09-01T02:35:56.875000+00:00,094623,2215.0,1,0,0,0,0,13448,498,13448,0,0,0,0,4651,-28608,10326,6,4480,0,129,0,0,0,0,0,0,0,0,0,31082107,2018,0.43,887.78,3102.82,0,55.4,99,68,40.4,65.1,522.8,39.2,613.1,157.4,156.8,1023.5,365393,5501,12.65,89.2,1500,2.63,1.15,31.1,43.5,65,26.58,12244731,72915,75.73,3435.21,0,1200,400,720,240,4200,7500,8500,102,1.5,6000,0,0,0,0,0,78.63,30,75.21,68.17,50.1,0,0
2026-09-01T11:36:56.974000+09:00,2026-09-01T02:36:56.974000+00:00,094623,2384.7,1,0,0,0,0,13448,495,13448,0,0,0,0,4655,-28608,10390,6,20864,0,129,0,0,0,0,0,0,0,0,0,31082107,2018,0.44,1072.12,3456.83,0,55.5,97.8,67.6,40.4,65.5,524.5,39.7,617.3,159.4,158.8,1041.3,365393,5501,12.73,89.3,1500,2.61,1.16,31.8,42.1,65,26.56,12244735,72915,75.39,3435.21,0,1200,400,720,240,4200,7500,8500,102,1.5,6000,0,0,0,0,0,76.98,30,72.01,67.22,50.2,0,0
2026-09-01T11:37:57.062000+09:00,2026-09-01T02:37:57.062000+00:00,094623,1876.6,1,0,0,0,0,13448,502,13448,0,0,0,0,4651,-28608,10326,6,4992,0,129,0,0,0,0,0,0,0,0,0,31082107,2018,0.43,744.96,2621.54,0,55.7,97.9,67.5,40.4,65.9,525,39,613,163.3,162.9,1082.4,365393,5501,12.75,89.5,1510,2.68,1.1,25.7,36.5,65,16.85,12244739,72915,76.55,3435.21,0,1200,400,720,240,4200,7500,8500,102,1.5,6000,0,0,0,0,0,69.59,30,65.58,60.57,50.2,0,0
2026-09-01T11:38:57.154000+09:00,2026-09-01T02:38:57.154000+00:00,094623,1351.7,1,0,0,0,0,13448,498,13448,0,0,0,0,4655,-28608,10342,6,13188,0,129,0,0,0,0,0,0,0,0,0,31082107,2018,0.46,505.69,1857.36,0,55.4,97.2,68.3,40.5,65.6,523.2,39.9,604.6,150.5,149.8,1030.3,365393,5501,12.64,90.8,1500,2.67,1.13,23.3,38,65,11.09,12244741,72915,62.18,3435.21,0,1200,400,720,240,4200,7500,8500,102,1.5,6000,0,0,0,0,0,68.93,30,59.96,61.58,50.2,0,0
2026-09-01T11:39:57.243000+09:00,2026-09-01T02:39:57.243000+00:00,094623,1656.8,1,0,0,0,0,13448,494,13448,0,0,0,0,4651,-28608,18518,6,4480,528,129,0,0,0,0,0,0,0,0,0,31082107,2018,0.41,727.87,2384.72,0,55.2,98.1,68.6,40.5,65,518,39.4,603.2,146.3,145.3,1023.6,365393,5501,12.63,91.5,1490,2.62,1.2,26.8,41.2,65,15.87,12244744,72915,67.84,3435.21,0,1200,400,720,240,4200,7500,8500,102,1.5,6000,0,0,0,0,0,73.78,30,64.93,69.44,50.2,0,0
2026-09-01T11:40:57.335000+09:00,2026-09-01T02:40:57.335000+00:00,094623,2459.2,1,0,0,0,0,13448,495,13448,0,0,0,0,4651,-28608,10326,6,4480,0,129,0,0,0,0,0,0,0,0,0,31082107,2018,0.43,1090.43,3549.61,0,55.3,99.5,68.1,40.5,65.2,518.1,40.3,616,159.8,159.4,1037.8,365393,5501,12.84,89.3,1500,2.61,1.14,31.8,40.6,65,26.57,12244748,72915,75.94,3435.21,0,1200,400,720,240,4200,7500,8500,102,1.5,6000,0,0,0,0,0,78.99,30,76.6,69.03,50.2,0,0
2026-09-01T11:41:57.435000+09:00,2026-09-01T02:41:57.435000+00:00,094623,2592.2,1,0,0,0,0,13448,496,13448,0,0,0,0,4655,-28608,10326,6,4992,0,129,0,0,0,0,0,0,0,0,0,31082107,2018,0.43,1272.32,3864.56,0,55.4,98,67.9,40.5,65.7,518.5,40,612.6,164.7,164.2,1041.5,365394,5502,12.67,89,1500,2.61,1.16,32.7,40.4,65,26.67,12244752,72915,77.8,3435.21,0,1200,400,720,240,4200,7500,8500,102,1.5,6000,0,0,0,0,0,78.39,30,73.13,66.75,50.2,0,0
2026-09-01T11:42:57.531000+09:00,2026-09-01T02:42:57.531000+00:00,094623,1429.8,1,0,0,0,0,13448,521,13448,0,0,0,0,4651,-28608,12374,6,5024,8,129,0,0,0,0,0,0,0,0,0,31082107,2018,0.42,611.9,2041.69,0,55.4,97.1,67.9,40.5,65.7,523.5,39.7,601,151.3,150.2,1019.9,365394,5502,12.74,89.8,1560,2.78,1.07,23.7,37.1,65,16.29,12244755,72915,67.95,3435.22,0,1200,400,720,240,4200,7500,8500,102,1.5,6000,0,0,0,0,0,71.24,30,62.85,60.84,50.2,0,0
2026-09-01T11:43:57.624000+09:00,2026-09-01T02:43:57.624000+00:00,094623,1600.7,1,0,0,0,0,13448,522,13448,0,0,0,0,4651,-28608,10326,6,4992,0,129,0,0,0,0,0,0,0,0,0,31082107,2018,0.43,744.96,2345.65,0,55,97.1,67.9,40.6,64.9,520.4,39.6,596,143.8,142.7,1076.2,365394,5502,12.42,92.4,1570,2.78,1.11,25.3,37.7,65,15.75,12244757,72915,63.53,3435.22,0,1200,400,720,240,4200,7500,8500,102,1.5,6000,0,0,0,0,0,72.09,30,62.15,71.4,50.3,0,0
2026-09-01T11:44:57.710000+09:00,2026-09-01T02:44:57.710000+00:00,094623,2354.2,1,0,0,0,0,13448,497,13448,0,0,0,0,4651,-28608,18518,6,4480,528,129,0,0,0,0,0,0,0,0,0,31082107,2018,0.42,1004.97,3359.17,0,55,98.9,68,40.6,64.6,515.8,39.9,605.6,152.5,151.9,1040.7,365394,5502,12.73,89.2,1500,2.62,1.15,31.7,41.9,65,26.11,12244760,72915,72.85,3435.22,0,1200,400,720,240,4200,7500,8500,102,1.5,6000,0,0,0,0,0,78.16,30,73.77,69.12,50.3,0,0
2026-09-01T11:45:57.818000+09:00,2026-09-01T02:45:57.818000+00:00,094623,2500.7,1,0,0,0,0,13448,498,13448,0,0,0,0,4651,-28608,10326,6,4480,0,129,0,0,0,0,0,0,0,0,0,31082107,2018,0.4,1125.83,3626.51,0,55.2,98.3,67.8,40.5,65.2,518.7,39.9,612.6,161.4,160.9,1044.6,365394,5502,12.74,88.4,1510,2.62,1.15,32.4,41.4,65,26.62,12244764,72915,77.87,3435.22,0,1200,400,720,240,4200,7500,8500,102,1.5,6000,0,0,0,0,0,77.67,30,73.81,65.3,50.3,0,0
2026-09-01T11:46:57.909000+09:00,2026-09-01T02:46:57.909000+00:00,094623,2310.2,1,0,0,0,0,13448,496,13448,0,0,0,0,4651,-28608,10326,6,4480,0,129,0,0,0,0,0,0,0,0,0,31082107,2018,0.43,1030.61,3340.86,0,55.3,97,67.8,40.5,65.6,524.2,39.7,618.7,164.1,163.6,1029.8,365394,5502,12.51,89.1,1500,2.62,1.14,31.2,41.8,65,26.57,12244769,72915,74.09,3435.22,0,1200,400,720,240,4200,7500,8500,102,1.5,6000,0,0,0,0,0,77.33,30,69.08,65.2,50.4,0,0
2026-09-01T11:47:58.009000+09:00,2026-09-01T02:47:58.009000+00:00,094623,2281.0,1,0,0,0,0,13448,496,13448,0,0,0,0,4655,-28608,12374,6,4512,72,129,0,0,0,0,0,0,0,0,0,31082107,2018,0.49,947.6,3228.55,0,55.5,97.9,67.9,40.5,65.8,528.1,39.7,613.9,163.2,162.5,1020.4,365395,5503,12.74,90.2,1500,2.61,1.16,31.2,43,65,26.62,12244773,72915,73.49,3435.22,0,1200,400,720,240,4200,7500,8500,102,1.5,6000,0,0,0,0,0,77.47,30,70.85,67.94,50.4,0,0
2026-09-01T11:48:58.139000+09:00,2026-09-01T02:48:58.139000+00:00,094623,2470.2,1,0,0,0,0,13448,497,13448,0,0,0,0,4651,-28608,10326,6,4480,0,129,0,0,0,0,0,0,0,0,0,31082107,2018,0.5,1073.34,3543.5,0,55.8,99.1,68,40.5,66,525.4,39.4,613.7,165.7,165.2,996.5,365395,5503,12.91,90.7,1500,2.62,1.16,31.9,41.3,65,26.65,12244777,72915,78.51,3435.22,0,1200,400,720,240,4200,7500,8500,102,1.5,6000,0,0,0,0,0,77.7,30,75.12,70.48,50.3,0,0
2026-09-01T11:49:58.222000+09:00,2026-09-01T02:49:58.222000+00:00,094623,1518.9,1,0,0,0,0,13448,499,13448,0,0,0,0,4651,-28608,18518,6,4992,528,129,0,0,0,0,0,0,0,0,0,31082107,2018,0.4,500.81,2019.71,0,56,98,68.4,40.5,66.2,528.5,40.4,609.3,161.2,160.3,1030.8,365395,5503,12.62,90.3,1500,2.67,1.13,23.7,38,65,12.45,12244781,72915,79.32,3435.22,0,1200,400,720,240,4200,7500,8500,102,1.5,6000,0,0,0,0,0,70.54,30,64.58,60.9,50.4,0,0
2026-09-01T11:50:58.323000+09:00,2026-09-01T02:50:58.323000+00:00,094623,1361.4,1,0,0,0,0,13448,494,13448,0,0,0,0,4651,-28608,10326,6,4992,0,129,0,0,0,0,0,0,0,0,0,31082107,2018,0.43,499.59,1861.02,0,55.6,97,68.3,40.6,65.6,523.1,39.8,601.3,150.2,149.1,1037.8,365395,5503,12.74,92.1,1490,2.65,1.12,23.3,37.8,65,11.17,12244783,72915,65.3,3435.23,0,1200,400,720,240,4200,7500,8500,102,1.5,6000,0,0,0,0,0,70.03,30,59.6,67.27,50.4,0,0
2026-09-01T11:51:58.417000+09:00,2026-09-01T02:51:58.417000+00:00,094623,2100.3,1,0,0,0,0,13448,493,13448,0,0,0,0,4655,-28608,10326,6,4480,0,129,0,0,0,0,0,0,0,0,0,31082107,2018,0.43,1012.3,3112.58,0,55.6,98.6,68.3,40.6,65.2,513.7,40.2,601.3,149.9,148.9,1007.6,365395,5503,12.57,89.8,1490,2.6,1.21,30.3,42.2,65,22.13,12244785,72915,68.59,3435.23,0,1200,400,720,240,4200,7500,8500,102,1.5,6000,0,0,0,0,0,77.34,30,71.28,69.03,50.4,0,0
2026-09-01T11:52:58.574000+09:00,2026-09-01T02:52:58.574000+00:00,094623,2504.3,1,0,0,0,0,13448,496,13448,0,0,0,0,4651,-28608,12374,6,4512,72,129,0,0,0,0,0,0,0,0,0,31082107,2018,0.44,1161.23,3665.58,0,55.6,98.8,68,40.6,65.4,518.7,40.1,611.5,162.4,161.7,1024.8,365395,5503,12.75,89.2,1500,2.62,1.14,31.9,40.5,65,26.11,12244790,72915,75.12,3435.23,0,1200,400,720,240,4200,7500,8500,102,1.5,6000,0,0,0,0,0,79.13,30,75.51,68.65,50.5,0,0
2026-09-01T11:53:58.613000+09:00,2026-09-01T02:53:58.613000+00:00,094623,2445.8,1,0,0,0,0,13448,494,13448,0,0,0,0,4655,-28608,10326,590,4480,8192,129,0,0,0,0,0,0,0,0,0,31082107,2018,0.44,1000.09,3445.84,0,55.7,97.6,67.8,40.6,65.9,524.3,40.6,615.9,164.6,164,1060.9,365396,5504,12.85,89.6,1490,2.59,1.15,31.7,41.8,65,26.37,12244794,72915,75.18,3435.23,0,1200,400,720,240,4200,7500,8500,102,1.5,6000,0,0,0,0,0,78.29,30,72.05,68.86,50.4,0,0
2026-09-01T11:54:58.703000+09:00,2026-09-01T02:54:58.703000+00:00,094623,2486.0,1,0,0,0,0,13448,495,13448,0,0,0,0,4655,-28608,18518,6,4480,528,129,0,0,0,0,0,0,0,0,0,31082107,2018,0.46,1045.26,3531.3,0,55.8,97.3,68,40.6,66.1,524.2,40.7,617.1,166.3,165.5,1060.6,365396,5504,12.69,90.1,1490,2.59,1.15,31.7,41.2,65,26.32,12244798,72915,76.45,3435.23,0,1200,400,720,240,4200,7500,8500,102,1.5,6000,0,0,0,0,0,78.81,30,70.26,70.13,50.5,0,0
2026-09-01T11:55:58.803000+09:00,2026-09-01T02:55:58.803000+00:00,094623,1927.8,1,0,0,0,0,13448,493,13448,0,0,0,0,4655,-28608,10390,6,21376,0,129,0,0,0,0,0,0,0,0,0,31082107,2018,0.42,730.31,2658.16,0,55.9,98.4,68.1,40.7,66.3,525.8,39.9,608.9,159.8,159.1,1050.4,365396,5504,12.74,90.2,1540,2.58,1.15,26.8,37.4,65,10.56,12244802,72915,75.42,3435.23,0,1200,400,720,240,4200,7500,8500,102,1.5,6000,0,0,0,0,0,69.99,30,64.12,61.63,50.5,0,0
2026-09-01T11:56:58.893000+09:00,2026-09-01T02:56:58.893000+00:00,094623,1688.6,1,0,0,0,0,13448,439,13448,0,0,0,0,4651,-28608,10326,6,4992,0,129,0,0,0,0,0,0,0,0,0,31082107,2018,0.43,555.74,2244.33,0,55.7,97,68.1,40.8,65.7,525.4,40.2,599.3,148.9,147.6,1024.2,365396,5504,12.39,91.1,1370,2.39,1.44,27.1,40.8,65,10.9,12244804,72915,63.85,3435.23,0,1200,400,720,240,4200,7500,8500,102,1.5,6000,0,0,0,0,0,69.17,30,58.38,63.98,50.5,0,0
2026-09-01T11:57:58.989000+09:00,2026-09-01T02:57:58.989000+00:00,094623,2052.7,1,0,0,0,0,13448,495,13448,0,0,0,0,4655,-28608,12390,6,12708,72,129,0,0,0,0,0,0,0,0,0,31082107,2018,0.45,827.97,2880.64,0,55.6,98.4,68,40.8,65,519,39.9,598,148.4,147.1,1040.1,365396,5504,12.81,90.4,1490,2.61,1.18,30.4,44.2,65,23.3,12244806,72915,67.25,3435.23,0,1200,400,720,240,4200,7500,8500,102,1.5,6000,0,0,0,0,0,77.82,30,70.78,72.3,50.5,0,0
2026-09-01T11:58:59.093000+09:00,2026-09-01T02:58:59.093000+00:00,094623,2552.0,1,0,0,0,0,13448,498,13448,0,0,0,0,4651,-28608,10326,6,4480,0,129,0,0,0,0,0,0,0,0,0,31082107,2018,0.43,1070.89,3622.85,0,55.8,99.2,67.8,40.9,65.4,518.7,39.8,608.4,161.7,161.2,1035.9,365396,5504,12.67,88.9,1500,2.61,1.15,32.3,41.2,65,26.55,12244811,72915,78.17,3435.24,0,1200,400,720,240,4200,7500,8500,102,1.5,6000,0,0,0,0,0,78.36,30,76.43,68.37,50.5,0,0
2026-09-01T11:59:59.198000+09:00,2026-09-01T02:59:59.198000+00:00,094623,1350.4,1,0,0,0,0,13448,498,13448,0,0,0,0,4651,-28608,10326,6,4992,0,129,0,0,0,0,0,0,0,0,0,31082107,2018,0.39,349.44,1699.88,0,55.6,97.1,67.9,40.9,65.7,524.1,39.7,602.2,154.2,153.3,996.5,365397,5505,12.45,89.4,1490,2.67,0.88,23.8,39.5,65,11.31,12244814,72915,67.63,3435.24,0,1200,400,720,240,4200,7500,8500,102,1.5,6000,0,0,0,0,0,69.13,30,60.76,58.82,50.5,0,0
2026-09-01T12:00:59.296000+09:00,2026-09-01T03:00:59.296000+00:00,094623,1333.4,1,0,0,0,0,13448,499,13448,0,0,0,0,4651,-28608,10326,6,4992,0,129,0,0,0,0,0,0,0,0,0,31082107,2018,0.43,524,1857.36,0,55.3,97.5,68.1,40.9,65.2,520.8,40.5,596.9,147.5,146.6,1010.9,365397,5505,12.55,92.1,1500,2.69,1.13,23.4,38.4,65,11.34,12244816,72915,62.7,3435.24,0,1200,400,720,240,4200,7500,8500,102,1.5,6000,0,0,0,0,0,69.76,30,60.49,67.91,50.5,0,0
2026-09-01T12:01:59.408000+09:00,2026-09-01T03:01:59.408000+00:00,094623,2387.2,1,0,0,0,0,13448,496,13448,0,0,0,0,4651,-28608,10326,6,4480,0,129,0,0,0,0,0,0,0,0,0,31082107,2018,0.43,1122.17,3509.32,0,55.3,98.6,68.1,41,64.9,513,40.6,604.4,154,153.4,1049.3,365397,5505,12.75,89.2,1500,2.61,1.15,31.7,41.1,65,25.88,12244819,72915,71.58,3435.24,0,1200,400,720,240,4200,7500,8500,102,1.5,6000,0,0,0,0,0,78.94,30,73.29,69.2,50.5,0,0
2026-09-01T12:02:59.501000+09:00,2026-09-01T03:02:59.501000+00:00,094623,2414.0,1,0,0,0,0,13448,497,13448,0,0,0,0,4651,-28608,12374,6,4512,8,129,0,0,0,0,0,0,0,0,0,31082107,2018,0.42,1102.63,3516.65,0,55.4,98.7,67.7,40.9,65.4,519.5,40.2,609.6,163.2,162.9,1098.9,365397,5505,12.63,88.8,1500,2.62,1.15,31.9,41.5,65,26.37,12244823,72915,78.53,3435.24,0,1200,400,720,240,4200,7500,8500,102,1.5,6000,0,0,0,0,0,78.03,30,75.54,66.82,50.6,0,0
2026-09-01T12:03:59.589000+09:00,2026-09-01T03:03:59.589000+00:00,094623,2362.7,1,0,0,0,0,13448,496,13448,0,0,0,0,4651,-28608,10326,6,4480,0,129,0,0,0,0,0,0,0,0,0,31082107,2018,0.43,1058.69,3421.43,0,55.5,97.4,67.4,40.9,65.7,524.3,40.2,609.8,165.3,165,1067.2,365397,5505,12.61,89.1,1500,2.61,1.15,31.4,41.7,65,26.63,12244827,72915,75.32,3435.24,0,1200,400,720,240,4200,7500,8500,102,1.5,6000,0,0,0,0,0,76.35,30,71.48,65.85,50.6,0,0
2026-09-01T12:04:59.680000+09:00,2026-09-01T03:04:59.680000+00:00,094623,2494.6,1,0,0,0,0,13448,497,13448,0,0,0,0,4651,-28608,10326,6,4480,0,129,0,0,0,0,0,0,0,0,0,31082107,2018,0.47,1096.53,3591.11,0,55.7,97.4,67.5,40.9,66,523.4,40,610.5,166.7,166,1040.5,365397,5505,12.59,89.9,1500,2.61,1.15,31.9,41,65,26.63,12244832,72915,75.9,3435.24,0,1200,400,720,240,4200,7500,8500,102,1.5,6000,0,0,0,0,0,75.97,30,70.47,67.49,50.6,0,0
2026-09-01T12:05:59.772000+09:00,2026-09-01T03:05:59.772000+00:00,094623,1717.9,1,0,0,0,0,13448,500,13448,0,0,0,0,4651,-28608,10326,6,4992,0,129,0,0,0,0,0,0,0,0,0,31082107,2018,0.43,632.65,2350.54,0,55.8,98.5,67.7,40.9,66.2,529,39.9,610.1,165.7,165.2,1035,365398,5506,12.84,90.1,1510,2.67,1.11,25,37.3,65,16,12244836,72915,75.35,3435.24,0,1200,400,720,240,4200,7500,8500,102,1.5,6000,0,0,0,0,0,68.99,30,67.01,61.07,50.6,0,0
2026-09-01T12:06:59.886000+09:00,2026-09-01T03:06:59.886000+00:00,094623,696.1,1,0,0,0,0,13448,499,13448,0,0,0,0,4651,-26560,10326,6,4992,0,129,0,0,0,0,0,0,0,0,0,31082107,2018,0.45,0,696.13,0,55.5,96.8,68.5,41,65.8,526.1,40.3,600,151.1,149.8,1011.9,365398,5506,12.77,91.9,1510,2.67,1.13,23.2,38.7,65,10.61,12244838,72915,64.24,3435.24,0,1200,400,720,240,4200,7500,8500,102,1.5,6000,0,0,0,0,0,69.07,30,58.67,65.07,50.6,0,0
2026-09-01T12:07:59.964000+09:00,2026-09-01T03:07:59.964000+00:00,094623,1645.9,1,0,0,0,0,13448,494,13448,0,0,0,0,4651,-28608,10326,518,4480,528,129,0,0,0,0,0,0,0,0,0,31082107,2018,0.4,694.91,2340.77,0,55.3,98.7,68.6,41,65.1,519.6,40.5,595.8,147.2,146,1014.1,365398,5506,12.75,90.9,1490,2.62,1.19,27.1,42.3,65,15.54,12244840,72915,67.56,3435.25,0,1200,400,720,240,4200,7500,8500,102,1.5,6000,0,0,0,0,0,73.94,30,67.34,68.32,50.6,0,0
2026-09-01T12:09:00.066000+09:00,2026-09-01T03:09:00.066000+00:00,094623,2322.5,1,0,0,0,0,13448,496,13448,0,0,0,0,4655,-26560,10326,6,4480,0,129,0,0,0,0,0,0,0,0,0,31082107,2018,0.45,1003.75,3326.21,0,55.4,99.3,68,41,65.2,521.5,40.6,606.4,158.6,158,1024.7,365398,5506,12.71,89.5,1500,2.62,1.15,31.6,42.4,65,25.86,12244844,72915,72.28,3435.25,0,1200,400,720,240,4200,7500,8500,102,1.5,6000,0,0,0,0,0,78.3,30,76.04,69.63,50.6,0,0
2026-09-01T12:10:00.172000+09:00,2026-09-01T03:10:00.172000+00:00,094623,2381.1,1,0,0,0,0,13448,495,13448,0,0,0,0,4651,-28608,10326,6,4480,0,129,0,0,0,0,0,0,0,0,0,31082107,2018,0.46,1050.14,3431.2,0,55.6,98.1,67.8,41,65.6,524,40.3,608.4,163.9,163.4,1041.6,365398,5506,12.33,90,1500,2.61,1.15,31.6,41.9,65,26.57,12244849,72915,75.28,3435.25,0,1200,400,720,240,4200,7500,8500,102,1.5,6000,0,0,0,0,0,77.51,30,73.55,70.66,50.6,0,0
2026-09-01T12:11:00.275000+09:00,2026-09-01T03:11:00.275000+00:00,094623,2479.9,1,0,0,0,0,13448,496,13448,0,0,0,0,4651,-28608,10326,518,4480,8,129,0,0,0,0,0,0,0,0,0,31082107,2018,0.46,1074.56,3554.49,0,55.8,97.8,67.9,41,66,524,40.3,608.5,166.6,166,1015.2,365398,5506,12.79,90,1500,2.58,1.15,32,41.4,65,26.41,12244853,72915,76.96,3435.25,0,1200,400,720,240,4200,7500,8500,102,1.5,6000,0,0,0,0,0,77.56,30,72.48,70.92,50.7,0,0
2026-09-01T12:12:00.370000+09:00,2026-09-01T03:12:00.370000+00:00,094623,2481.2,1,0,0,0,0,13448,496,13448,0,0,0,0,4651,-28608,10326,6,4480,0,129,0,0,0,0,0,0,0,0,0,31082107,2018,0.45,1098.97,3580.13,0,55.9,97.7,68.2,41,66.3,525.3,39.9,614.7,168,167.4,1071.1,365399,5507,12.68,89.8,1500,2.58,1.15,31.8,41.1,65,26.66,12244857,72915,78.95,3435.25,0,1200,400,720,240,4200,7500,8500,102,1.5,6000,0,0,0,0,0,78.46,30,71.83,70.06,50.7,0,0
2026-09-01T12:13:00.469000+09:00,2026-09-01T03:13:00.469000+00:00,094623,1927.8,1,0,0,0,0,13448,502,13448,0,0,0,0,4655,-26560,18582,590,21376,8720,129,0,0,0,0,0,0,0,0,0,31082107,2018,0.44,744.96,2672.81,0,56.1,97.9,68.4,41,66.6,528.8,40.5,612.6,167.8,167.1,1067.9,365399,5507,12.42,89.7,1510,2.65,1.1,26.1,37,65,18.41,12244862,72915,77.99,3435.25,0,1200,400,720,240,4200,7500,8500,102,1.5,6000,0,0,0,0,0,74.11,30,66.47,63.85,50.7,0,0
2026-09-01T12:14:00.581000+09:00,2026-09-01T03:14:00.581000+00:00,094623,1230.8,1,0,0,0,0,13448,491,13448,0,0,0,0,4651,-28608,10326,6,4992,0,129,0,0,0,0,0,0,0,0,0,31082107,2018,0.43,456.86,1687.67,0,55.7,97.4,68.4,41,66.1,527.1,40.6,601.8,151.9,150.5,1054.7,365399,5507,12.56,90.7,1480,2.64,1.1,22.4,38.2,65,11.22,12244864,72915,65.58,3435.25,0,1200,400,720,240,4200,7500,8500,102,1.5,6000,0,0,0,0,0,70.84,30,60.99,62.89,50.7,0,0
2026-09-01T12:15:00.730000+09:00,2026-09-01T03:15:00.730000+00:00,094623,1464.0,1,0,0,0,0,13448,494,13448,0,0,0,0,4651,-28608,10390,6,20864,0,129,0,0,0,0,0,0,0,0,0,31082107,2018,0.41,566.73,2030.7,0,55.5,97.5,68.1,41,65.3,523.9,40.4,598.1,146.2,144.9,1012.2,365399,5507,12.42,91.2,1490,2.62,1.19,25.6,42.2,65,14.83,12244866,72915,66.19,3435.25,0,1200,400,720,240,4200,7500,8500,102,1.5,6000,0,0,0,0,0,72.8,30,62.57,69.03,50.7,0,0
2026-09-01T12:16:00.783000+09:00,2026-09-01T03:16:00.783000+00:00,094623,2326.1,1,0,0,0,0,13448,495,13448,0,0,0,0,4651,-28608,12374,6,4512,72,129,0,0,0,0,0,0,0,0,0,31082107,2018,0.43,1045.26,3371.38,0,55.6,99.6,67.8,41,65.2,520.6,40.3,608.9,158,157.1,1029.7,365399,5507,12.68,89.1,1490,2.59,1.14,31.4,41.6,65,26.66,12244870,72915,72.99,3435.25,0,1200,400,720,240,4200,7500,8500,102,1.5,6000,0,0,0,0,0,78.61,30,76.62,69.22,50.7,0,0
2026-09-01T12:17:00.877000+09:00,2026-09-01T03:17:00.877000+00:00,094623,2351.8,1,0,0,0,0,13448,498,13448,0,0,0,0,4655,-28608,10342,6,12676,0,129,0,0,0,0,0,0,0,0,0,31082107,2018,0.42,1041.6,3393.35,0,55.7,97.4,67.6,41,65.6,525.5,40.6,610.4,160.6,159.6,1013.5,365399,5507,12.68,89.3,1500,2.6,1.15,31.4,42.1,65,26.22,12244874,72915,75.62,3435.26,0,1200,400,720,240,4200,7500,8500,102,1.5,6000,0,0,0,0,0,77.67,30,71.06,68.72,50.8,0,0
2026-09-01T12:18:00.976000+09:00,2026-09-01T03:18:00.976000+00:00,094623,2241.9,1,0,0,0,0,13448,503,13448,0,0,0,0,4651,-28608,18518,6,4992,528,129,0,0,0,0,0,0,0,0,0,31082107,2018,0.45,1025.73,3267.62,0,55.8,98,67.8,41.1,66.1,524,40.3,613.9,165.2,164.3,1061.6,365400,5508,12.7,89.3,1520,2.65,1.11,28.7,38.5,65,22.73,12244878,72915,76.93,3435.26,0,1200,400,720,240,4200,7500,8500,102,1.5,6000,0,0,0,0,0,75.02,30,69.25,64.9,50.8,0,0
2026-09-01T12:19:01.077000+09:00,2026-09-01T03:19:01.077000+00:00,094623,1008.3,1,0,0,0,0,13448,499,13448,0,0,0,0,4655,-28608,10326,6,4992,0,129,0,0,0,0,0,0,0,0,0,31082107,2018,0.44,79.65,1087.98,0,55.7,97.3,68.2,41.1,65.8,525.8,40.2,605.3,152.6,151.4,1009.7,365400,5508,12.69,90.4,1490,2.66,1.18,23.3,38.2,65,11.39,12244881,72915,65.19,3435.26,0,1200,400,720,240,4200,7500,8500,102,1.5,6000,0,0,0,0,0,69.49,30,60.42,60.89,50.8,0,0
2026-09-01T12:20:01.164000+09:00,2026-09-01T03:20:01.164000+00:00,094623,1328.5,1,0,0,0,0,13448,498,13448,0,0,0,0,4655,-28608,10326,6,4992,0,129,0,0,0,0,0,0,0,0,0,31082107,2018,0.41,550.86,1879.33,0,55.5,98,68.3,41.1,65.3,522.2,40.6,603,147,145.7,1073.5,365400,5508,12.84,91.8,1500,2.67,1.13,23.3,37.9,65,11.35,12244883,72915,66.05,3435.26,0,1200,400,720,240,4200,7500,8500,102,1.5,6000,0,0,0,0,0,70.15,30,61.43,67.27,50.8,0,0
2026-09-01T12:21:01.258000+09:00,2026-09-01T03:21:01.258000+00:00,094623,2483.6,1,0,0,0,0,13448,496,13448,0,0,0,0,4651,-28608,12374,6,4512,72,129,0,0,0,0,0,0,0,0,0,31082107,2018,0.44,1194.19,3677.79,0,55.5,99,68.1,41.2,65.2,515.4,40.4,611.9,157,156.2,1067.2,365400,5508,12.71,89.3,1500,2.59,1.15,32.1,40.3,65,26.11,12244886,72915,74.26,3435.26,0,1200,400,720,240,4200,7500,8500,102,1.5,6000,0,0,0,0,0,79.18,30,74.85,69.53,50.8,0,0
2026-09-01T12:22:01.359000+09:00,2026-09-01T03:22:01.359000+00:00,094623,2406.7,1,0,0,0,0,13448,497,13448,0,0,0,0,4651,-28608,10326,6,4480,0,129,0,0,0,0,0,0,0,0,0,31082107,2018,0.43,1031.83,3438.52,0,55.5,98.4,67.9,41.1,65.8,523.4,40,611.9,162.5,161.7,1055.5,365400,5508,12.63,89.2,1500,2.6,1.15,31.6,41.8,65,26.62,12244891,72915,78.03,3435.26,0,1200,400,720,240,4200,7500,8500,102,1.5,6000,0,0,0,0,0,78.66,30,74.51,68.16,50.8,0,0
2026-09-01T12:23:01.453000+09:00,2026-09-01T03:23:01.453000+00:00,094623,2406.7,1,0,0,0,0,13448,497,13448,0,0,0,0,4651,-28608,18518,6,4480,528,129,0,0,0,0,0,0,0,0,0,31082107,2018,0.45,1092.87,3499.56,0,55.7,97.5,68,41.1,66,526,40.3,611,163.7,162.8,1019.4,365400,5508,12.4,89.4,1500,2.61,1.16,31.6,41.8,65,26.59,12244895,72915,75.93,3435.26,0,1200,400,720,240,4200,7500,8500,102,1.5,6000,0,0,0,0,0,78.79,30,71.6,67.47,50.8,0,0
2026-09-01T12:24:01.539000+09:00,2026-09-01T03:24:01.539000+00:00,094623,1965.7,1,0,0,0,0,13448,501,13448,0,0,0,0,4651,-28608,10326,6,4992,0,129,0,0,0,0,0,0,0,0,0,31082107,2018,0.45,760.83,2726.52,0,56,97.7,67.9,41.1,66.3,528.6,40.2,611.9,164.2,163.3,1069.1,365401,5509,12.7,89.7,1510,2.64,1.11,26.6,37.9,65,19.88,12244899,72915,76.54,3435.26,0,1200,400,720,240,4200,7500,8500,102,1.5,6000,0,0,0,0,0,73.44,30,66.57,62.76,50.8,0,0
2026-09-01T12:25:01.677000+09:00,2026-09-01T03:25:01.677000+00:00,094623,1279.6,1,0,0,0,0,13448,510,13448,0,0,0,0,4651,-28608,10326,6,4992,0,129,0,0,0,0,0,0,0,0,0,31082107,2018,0.46,519.12,1798.76,0,55.8,97.4,68.1,41.1,66,523.4,40.3,602.1,150.3,148.9,1047.4,365401,5509,12.47,91.2,1510,2.71,1.04,21.8,35,65,11.76,12244902,72915,63.65,3435.27,0,1200,400,720,240,4200,7500,8500,102,1.5,6000,0,0,0,0,0,69.76,30,61.13,63.55,50.9,0,0
2026-09-01T12:26:01.778000+09:00,2026-09-01T03:26:01.778000+00:00,094623,1407.8,1,0,0,0,0,13448,494,13448,0,0,0,0,4651,-28608,12374,6,4512,72,129,0,0,0,0,0,0,0,0,0,31082107,2018,0.39,553.3,1961.12,0,55.7,98,68.3,41.2,65.4,522.2,40.4,597.7,145.9,144.6,1036.4,365401,5509,12.7,91.2,1490,2.62,1.17,24.9,41,65,13.14,12244904,72915,66.44,3435.27,0,1200,400,720,240,4200,7500,8500,102,1.5,6000,0,0,0,0,0,72.21,30,63.35,67.69,50.9,0,0
2026-09-01T12:27:01.883000+09:00,2026-09-01T03:27:01.883000+00:00,094623,2381.1,1,0,0,0,0,13448,496,13448,0,0,0,0,4655,-28608,10326,6,4480,0,129,0,0,0,0,0,0,0,0,0,31082107,2018,0.45,1160.01,3541.06,0,55.6,99.3,67.9,41.2,65.2,519.1,40.7,606.3,156.7,156,1035.6,365401,5509,12.68,89.4,1500,2.59,1.16,31.9,41.3,65,26.66,12244907,72915,74.33,3435.27,0,1200,400,720,240,4200,7500,8500,102,1.5,6000,0,0,0,0,0,78.89,30,75.88,69.88,50.9,0,0
2026-09-01T12:28:01.988000+09:00,2026-09-01T03:28:01.988000+00:00,094623,2488.5,1,0,0,0,0,13448,496,13448,0,0,0,0,4651,-28608,18518,6,4480,0,129,0,0,0,0,0,0,0,0,0,31082107,2018,0.43,1039.16,3527.63,0,55.7,98.3,67.8,41.2,65.7,522.5,40.4,608.1,161.9,160.9,1034,365401,5509,12.76,89.1,1500,2.61,1.15,31.9,41.4,65,26.31,12244912,72915,76.86,3435.27,0,1200,400,720,240,4200,7500,8500,102,1.5,6000,0,0,0,0,0,78.38,30,74.27,67.7,50.9,0,0
2026-09-01T12:29:02.114000+09:00,2026-09-01T03:29:02.114000+00:00,094623,2599.6,1,0,0,0,0,13448,499,13448,0,0,0,0,4651,-28608,10326,6,4992,0,129,0,0,0,0,0,0,0,0,0,31082107,2018,0.46,1272.32,3871.88,0,55.9,97.9,67.9,41.2,66.2,521.2,40.3,615.8,164.1,163.1,1079.2,365401,5509,12.77,89.2,1510,2.63,1.15,32.1,40,65,26.34,12244916,72915,76.54,3435.27,0,1200,400,720,240,4200,7500,8500,102,1.5,6000,0,0,0,0,0,78.2,30,72.83,66.36,50.9,0,0
2026-09-01T12:30:02.209000+09:00,2026-09-01T03:30:02.209000+00:00,094623,1438.3,1,0,0,0,0,13448,520,13448,0,0,0,0,4651,-28608,10326,6,4992,0,129,0,0,0,0,0,0,0,0,0,31082107,2018,0.45,580.16,2018.49,0,55.9,97.4,68.2,41.2,66.1,524.2,40.9,605.1,151.7,150.3,1012.5,365402,5510,12.41,90.2,1560,2.77,1.06,23.4,36.6,65,16.46,12244919,72915,66.6,3435.27,0,1200,400,720,240,4200,7500,8500,102,1.5,6000,0,0,0,0,0,72.14,30,63.91,61.68,50.9,0,0
2026-09-01T12:31:02.310000+09:00,2026-09-01T03:31:02.310000+00:00,094623,1482.3,1,0,0,0,0,13448,522,13448,0,0,0,0,4651,-28608,12374,6,5024,8,129,0,0,0,0,0,0,0,0,0,31082107,2018,0.38,674.15,2156.44,0,55.6,97.2,68.1,41.2,65.4,522.8,40.9,599.6,143.2,141.8,996.3,365402,5510,12.91,92.6,1570,2.77,1.09,24.5,38.1,65,14.65,12244921,72915,66.5,3435.27,0,1200,400,720,240,4200,7500,8500,102,1.5,6000,0,0,0,0,0,72.99,30,62.55,72.22,51,0,0
2026-09-01T12:32:02.400000+09:00,2026-09-01T03:32:02.400000+00:00,094623,2398.1,1,0,0,0,0,13448,495,13448,0,0,0,0,4655,-28608,10390,6,20864,0,129,0,0,0,0,0,0,0,0,0,31082107,2018,0.42,1039.16,3437.3,0,55.6,99,67.9,41.2,64.9,517.2,40.9,606.7,150.7,149.7,1010.3,365402,5510,12.86,89,1490,2.59,1.17,32.3,42.2,65,26.03,12244924,72915,73.57,3435.27,0,1200,400,720,240,4200,7500,8500,102,1.5,6000,0,0,0,0,0,78.52,30,74.48,68.53,51,0,0
2026-09-01T12:33:02.488000+09:00,2026-09-01T03:33:02.488000+00:00,094623,1645.9,1,0,0,0,0,13448,501,13448,0,0,0,0,4655,-28608,10326,6,4992,0,129,0,0,0,0,0,0,0,0,0,31082107,2018,0.36,609.45,2255.32,0,55.7,98,68,41.2,65.6,523.8,40.6,612.9,155,154.3,1034.1,365402,5510,12.35,88.4,1510,2.67,1.1,24.5,37.1,65,14.8,12244928,72915,76.52,3435.27,0,1200,400,720,240,4200,7500,8500,102,1.5,6000,0,0,0,0,0,71.38,30,65.81,57.43,51,0,0
2026-09-01T12:34:02.575000+09:00,2026-09-01T03:34:02.575000+00:00,094623,1615.4,1,0,0,0,0,13448,522,13448,0,0,0,0,4655,-28608,10390,6,21376,0,129,0,0,0,0,0,0,0,0,0,31082107,2018,0.45,703.45,2318.8,0,55.4,96.8,67.9,41.2,65.2,521.8,40.2,600.1,142.9,141.8,1001.5,365402,5510,12.7,91,1580,2.75,1.11,25.7,39.1,65,11.04,12244930,72915,58.78,3435.28,0,1200,400,720,240,4200,7500,8500,102,1.5,6000,0,0,0,0,0,72.64,30,62.39,66.4,51,0,0
2026-09-01T12:35:02.677000+09:00,2026-09-01T03:35:02.677000+00:00,094623,1807.0,1,0,0,0,0,13448,492,13448,0,0,0,0,4651,-28608,10326,518,4480,0,129,0,0,0,0,0,0,0,0,0,31082107,2018,0.39,797.45,2604.45,0,55.4,98.3,68,41.3,64.7,516,40.2,598,141.9,140.7,1049.8,365402,5510,12.74,90.6,1480,2.62,1.21,28.3,42.7,65,17.92,12244932,72915,70.37,3435.28,0,1200,400,720,240,4200,7500,8500,102,1.5,6000,0,0,0,0,0,73.83,30,67.29,68.85,51,0,0
2026-09-01T12:36:02.800000+09:00,2026-09-01T03:36:02.800000+00:00,094623,2368.8,1,0,0,0,0,13448,502,13448,0,0,0,0,4651,-28608,18534,6,13188,528,129,0,0,0,0,0,0,0,0,0,31082107,2018,0.4,1141.7,3510.54,0,55.4,99.4,67.9,41.3,65.1,514.5,40.1,613.9,157,156.5,1046.5,365403,5511,12.96,88.4,1520,2.65,1.13,29.6,37.7,65,22.49,12244936,72915,74.98,3435.28,0,1200,400,720,240,4200,7500,8500,102,1.5,6000,0,0,0,0,0,75.59,30,74.08,63.06,51.1,0,0
2026-09-01T12:37:02.909000+09:00,2026-09-01T03:37:02.909000+00:00,094623,1318.7,1,0,0,0,0,13448,499,13448,0,0,0,0,4651,-28608,10326,6,4992,0,129,0,0,0,0,0,0,0,0,0,31082107,2018,0.38,567.95,1886.65,0,55.3,96.4,67.9,41.3,65.2,520.7,40.2,604.2,146.6,145.4,1019.8,365403,5511,12.68,89.8,1500,2.69,1.14,23.3,38.1,65,11.38,12244939,72915,61.05,3435.28,0,1200,400,720,240,4200,7500,8500,102,1.5,6000,0,0,0,0,0,68.86,30,58.1,58.81,51.1,0,0
2026-09-01T12:38:03.001000+09:00,2026-09-01T03:38:03.001000+00:00,094623,1295.5,1,0,0,0,0,13448,498,13448,0,0,0,0,4651,-28608,10326,6,4992,0,129,0,0,0,0,0,0,0,0,0,31082107,2018,0.38,552.08,1847.59,0,55.1,98.4,67.8,41.3,64.7,519.9,40.5,600.3,141.6,140.4,1025.7,365403,5511,12.67,91.7,1500,2.69,1.14,23.3,38.3,65,11.28,12244941,72915,63.56,3435.28,0,1200,400,720,240,4200,7500,8500,102,1.5,6000,0,0,0,0,0,68.35,30,62.69,66.35,51.1,0,0
2026-09-01T12:39:03.101000+09:00,2026-09-01T03:39:03.101000+00:00,094623,2270.0,1,0,0,0,0,13448,498,13448,0,0,0,0,4651,-28608,8278,6,4480,8,129,0,0,0,0,0,0,0,0,0,31082107,2018,0.44,983,3252.97,0,55.2,98.9,67.8,41.4,64.6,517.6,40.7,606.7,151.6,150.8,1022.3,365403,5511,12.29,89.4,1510,2.61,1.15,31.5,42.8,65,26.45,12244944,72915,73.74,3435.28,0,1200,400,720,240,4200,7500,8500,102,1.5,6000,0,0,0,0,0,77.47,30,74.18,69.33,51.1,0,0
2026-09-01T12:40:03.248000+09:00,2026-09-01T03:40:03.248000+00:00,094623,2366.4,1,0,0,0,0,13448,498,13448,0,0,0,0,4651,-28608,10326,6,4480,0,129,0,0,0,0,0,0,0,0,0,31082107,2018,0.42,1083.1,3449.51,0,55.4,98.1,67.8,41.4,65.1,521.4,40.7,609.5,158.4,157.8,1016.4,365403,5511,12.87,88.6,1510,2.63,1.15,31.7,42,65,26.69,12244949,72915,76.46,3435.28,0,1200,400,720,240,4200,7500,8500,102,1.5,6000,0,0,0,0,0,77.25,30,73.17,65.39,51.1,0,0
2026-09-01T12:41:03.344000+09:00,2026-09-01T03:41:03.344000+00:00,094623,2436.0,1,0,0,0,0,13448,495,13448,0,0,0,0,4655,-28608,18518,6,4480,528,129,0,0,0,0,0,0,0,0,0,31082107,2018,0.44,1102.63,3538.62,0,55.5,97.1,67.7,41.4,65.5,522.8,40.9,612.4,159.7,158.7,1060.1,365403,5511,12.9,89.2,1500,2.61,1.15,32,41.6,65,26.44,12244953,72915,73.91,3435.28,0,1200,400,720,240,4200,7500,8500,102,1.5,6000,0,0,0,0,0,76.32,30,69.07,65.28,51.1,0,0
2026-09-01T12:42:03.446000+09:00,2026-09-01T03:42:03.446000+00:00,094623,2024.6,1,0,0,0,0,13448,501,13448,0,0,0,0,4651,-28608,10326,6,4992,0,129,0,0,0,0,0,0,0,0,0,31082107,2018,0.47,860.93,2885.52,0,55.8,98.2,68,41.4,65.8,525.7,40.6,612.7,161.8,160.9,1019.9,365404,5512,12.7,90.3,1510,2.65,1.1,27.1,37.4,65,20.35,12244957,72915,74.38,3435.29,0,1200,400,720,240,4200,7500,8500,102,1.5,6000,0,0,0,0,0,72.7,30,67.56,63.89,51.1,0,0
2026-09-01T12:43:03.546000+09:00,2026-09-01T03:43:03.546000+00:00,094623,1357.8,1,0,0,0,0,13448,520,13448,0,0,0,0,4651,-28608,10326,6,4992,0,129,0,0,0,0,0,0,0,0,0,31082107,2018,0.45,661.95,2019.71,0,55.8,97.4,68.4,41.4,65.6,522.7,40.7,602.1,146.9,145.6,1031.8,365404,5512,12.71,91.1,1560,2.78,1.06,22.9,35.8,65,14.96,12244959,72915,66.04,3435.29,0,1200,400,720,240,4200,7500,8500,102,1.5,6000,0,0,0,0,0,70.37,30,61.39,63.46,51.1,0,0
2026-09-01T12:44:03.644000+09:00,2026-09-01T03:44:03.644000+00:00,094623,1371.2,1,0,0,0,0,13448,493,13448,0,0,0,0,4651,-28608,12374,6,4512,72,129,0,0,0,0,0,0,0,0,0,31082107,2018,0.44,591.14,1962.34,0,55.7,98.3,68.4,41.4,65,522.6,40.5,599,142.8,141.5,1044.2,365404,5512,12.5,91.5,1480,2.64,1.17,24.5,40,65,12.91,12244961,72915,65.4,3435.29,0,1200,400,720,240,4200,7500,8500,102,1.5,6000,0,0,0,0,0,70.83,30,63.31,67.23,51.1,0,0
2026-09-01T12:45:03.736000+09:00,2026-09-01T03:45:03.736000+00:00,094623,2260.2,1,0,0,0,0,13448,499,13448,0,0,0,0,4651,-28608,10326,6,4480,0,129,0,0,0,0,0,0,0,0,0,31082107,2018,0.46,958.59,3218.79,0,55.8,99.2,68.1,41.6,65,520,41.2,604.9,152.3,151.3,1048.8,365404,5512,12.9,89.5,1500,2.62,1.15,31.3,42.6,65,26.62,12244965,72915,72.73,3435.29,0,1200,400,720,240,4200,7500,8500,102,1.5,6000,0,0,0,0,0,78.59,30,75.51,69.63,51.2,0,0
2026-09-01T12:46:03.829000+09:00,2026-09-01T03:46:03.829000+00:00,094623,2299.3,1,0,0,0,0,13448,497,13448,0,0,0,0,4651,-28608,18518,518,4480,528,129,0,0,0,0,0,0,0,0,0,31082107,2018,0.46,1011.08,3310.34,0,55.9,98.1,68,41.6,65.4,525.2,41.5,605.8,157.2,156.2,1034.7,365404,5512,12.65,89.4,1500,2.61,1.16,31.7,42.9,65,25.96,12244970,72915,75.07,3435.29,0,1200,400,720,240,4200,7500,8500,102,1.5,6000,0,0,0,0,0,78.37,30,73.37,68.51,51.2,0,0
2026-09-01T12:47:03.943000+09:00,2026-09-01T03:47:03.943000+00:00,094623,2445.8,1,0,0,0,0,13448,496,13448,0,0,0,0,4651,-28608,10326,6,4480,0,129,0,0,0,0,0,0,0,0,0,31082107,2018,0.47,1078.22,3523.97,0,56,97.6,68.1,41.5,65.8,523.9,41.2,608.3,159.6,158.5,1036.7,365404,5512,12.35,89.7,1500,2.6,1.15,31.8,41.3,65,26.49,12244974,72915,75.2,3435.29,0,1200,400,720,240,4200,7500,8500,102,1.5,6000,0,0,0,0,0,78.63,30,71.36,68.68,51.2,0,0
2026-09-01T12:48:04.038000+09:00,2026-09-01T03:48:04.038000+00:00,094623,2471.4,1,0,0,0,0,13448,495,13448,0,0,0,0,4655,-28608,10326,6,4480,0,129,0,0,0,0,0,0,0,0,0,31082107,2018,0.49,1069.67,3541.06,0,56.2,98,68.4,41.5,66.1,524.9,40.6,614.3,162.6,161.7,1027.2,365405,5513,12.64,90.4,1500,2.58,1.15,31.8,41.4,65,26.61,12244979,72915,77.02,3435.29,0,1200,400,720,240,4200,7500,8500,102,1.5,6000,0,0,0,0,0,79.95,30,72.14,70.86,51.2,0,0
2026-09-01T12:49:04.127000+09:00,2026-09-01T03:49:04.127000+00:00,094623,1566.5,1,0,0,0,0,13448,499,13448,0,0,0,0,4651,-28608,12374,518,5024,72,129,0,0,0,0,0,0,0,0,0,31082107,2018,0.43,553.3,2119.82,0,56.4,98.7,68.4,41.5,66.3,528.1,41.1,611,158.6,157.4,1021.4,365405,5513,12.71,90.4,1500,2.65,1.12,24,37.5,65,12.44,12244982,72915,76.65,3435.29,0,1200,400,720,240,4200,7500,8500,102,1.5,6000,0,0,0,0,0,72.17,30,66.45,63.16,51.3,0,0
2026-09-01T12:50:04.209000+09:00,2026-09-01T03:50:04.209000+00:00,094623,1247.9,1,0,0,0,0,13448,494,13448,0,0,0,0,4651,-28608,10326,6,4992,0,129,0,0,0,0,0,0,0,0,0,31082107,2018,0.44,503.25,1751.15,0,56.2,97,68.4,41.5,65.8,523.1,40.7,603.1,146,144.4,1032.5,365405,5513,12.51,91.4,1480,2.62,1.08,22.1,36.4,65,11.68,12244984,72915,65.84,3435.3,0,1200,400,720,240,4200,7500,8500,102,1.5,6000,0,0,0,0,0,71.77,30,59.99,66.47,51.2,0,0
2026-09-01T12:51:04.318000+09:00,2026-09-01T03:51:04.318000+00:00,094623,1930.3,1,0,0,0,0,13448,493,13448,0,0,0,0,4655,-28608,18582,6,20864,528,129,0,0,0,0,0,0,0,0,0,31082107,2018,0.45,868.25,2798.55,0,56.1,98.5,68.2,41.6,65.2,516.1,40.9,603.6,144.7,143.3,1017.8,365405,5513,12.74,89.9,1490,2.59,1.21,29.4,42.8,65,20.92,12244986,72915,66.42,3435.3,0,1200,400,720,240,4200,7500,8500,102,1.5,6000,0,0,0,0,0,77.72,30,70.32,69.71,51.3,0,0
2026-09-01T12:52:04.407000+09:00,2026-09-01T03:52:04.407000+00:00,094623,2381.1,1,0,0,0,0,13448,497,13448,0,0,0,0,4655,-28608,10326,6,4480,0,129,0,0,0,0,0,0,0,0,0,31082107,2018,0.46,1072.12,3453.17,0,56.2,99.1,67.9,41.6,65.5,520.9,40.6,613.1,156,155.1,1053.8,365405,5513,12.39,89.3,1500,2.59,1.15,31.9,42,65,26.6,12244991,72915,74.45,3435.3,0,1200,400,720,240,4200,7500,8500,102,1.5,6000,0,0,0,0,0,79.89,30,76.74,70.4,51.3,0,0
2026-09-01T12:53:04.513000+09:00,2026-09-01T03:53:04.513000+00:00,094623,2493.4,1,0,0,0,0,13448,496,13448,0,0,0,0,4655,-28608,10342,6,12676,0,129,0,0,0,0,0,0,0,0,0,31082107,2018,0.45,1106.3,3599.66,0,56.3,98.1,67.9,41.6,65.9,522.6,40.2,613.9,160.9,160,1044.7,365405,5513,12.24,89.6,1500,2.6,1.16,32.1,41.2,65,26.55,12244995,72915,76.08,3435.3,0,1200,400,720,240,4200,7500,8500,102,1.5,6000,0,0,0,0,0,79.68,30,74.62,70.57,51.3,0,0
2026-09-01T12:54:04.610000+09:00,2026-09-01T03:54:04.610000+00:00,094623,1680.1,1,0,0,0,0,13448,501,13448,0,0,0,0,4655,-28608,12374,6,5024,72,129,0,0,0,0,0,0,0,0,0,31082107,2018,0.41,638.75,2318.8,0,56.3,97.8,68.2,41.5,66.2,527.1,40.5,613,158.8,157.9,1105.1,365406,5514,12.7,89.8,1510,2.64,1.11,24.7,37.1,65,14.63,12244999,72915,77.29,3435.3,0,1200,400,720,240,4200,7500,8500,102,1.5,6000,0,0,0,0,0,73,30,65.89,63.21,51.3,0,0
2026-09-01T12:55:04.707000+09:00,2026-09-01T03:55:04.707000+00:00,094623,1758.2,1,0,0,0,0,13448,504,13448,0,0,0,0,4651,-28608,10326,6,13188,0,129,0,0,0,0,0,0,0,0,0,31082107,2018,0.43,787.68,2545.85,0,56.1,97.2,68.3,41.5,65.8,522.2,40.6,599.6,146.7,145.4,1027.4,365406,5514,12.75,90.7,1570,2.66,1.14,26.4,37.9,65,11.32,12245001,72915,66.08,3435.3,0,1200,400,720,240,4200,7500,8500,102,1.5,6000,0,0,0,0,0,72.05,30,61.8,64.59,51.3,0,0
2026-09-01T12:56:04.809000+09:00,2026-09-01T03:56:04.809000+00:00,094623,1749.6,1,0,0,0,0,13448,494,13448,0,0,0,0,4651,-28608,2134,6,4480,0,129,0,0,0,0,0,0,0,0,0,31082107,2018,0.45,737.63,2487.26,0,56,97.6,68.1,41.6,65.2,516.6,40.2,600.8,144.1,143,1026.5,365406,5514,12.65,90.5,1490,2.61,1.21,27.9,42.5,65,17.49,12245003,72915,65.9,3435.3,0,1200,400,720,240,4200,7500,8500,102,1.5,6000,0,0,0,0,0,76.06,30,66.06,69.6,51.3,0,0
2026-09-01T12:57:04.907000+09:00,2026-09-01T03:57:04.907000+00:00,094623,2390.8,1,0,0,0,0,13448,495,13448,0,0,0,0,4651,-28608,10326,6,4480,0,129,0,0,0,0,0,0,0,0,0,31082107,2018,0.45,1131.93,3522.75,0,56.1,99.5,67.8,41.6,65.4,518.4,40.9,610.6,157.8,157.1,1023.2,365406,5514,12.86,89.2,1490,2.6,1.14,31.7,41.1,65,26.51,12245007,72915,74.73,3435.3,0,1200,400,720,240,4200,7500,8500,102,1.5,6000,0,0,0,0,0,79.88,30,77.75,70.19,51.4,0,0
2026-09-01T12:58:05.004000+09:00,2026-09-01T03:58:05.004000+00:00,094623,2420.1,1,0,0,0,0,13448,497,13448,0,0,0,0,4651,-28608,10326,6,4480,0,129,0,0,0,0,0,0,0,0,0,31082107,2018,0.43,1098.97,3519.09,0,56.1,97.5,67.9,41.6,65.9,521.8,40.9,614.9,161,160.2,1045.8,365406,5514,12.76,89,1500,2.6,1.15,31.7,41.4,65,26.64,12245012,72915,78.06,3435.3,0,1200,400,720,240,4200,7500,8500,102,1.5,6000,0,0,0,0,0,79.95,30,72.5,68.36,51.4,0,0
2026-09-01T12:59:05.107000+09:00,2026-09-01T03:59:05.107000+00:00,094623,2426.2,1,0,0,0,0,13448,496,13448,0,0,0,0,4655,-28608,12374,6,4512,8,129,0,0,0,0,0,0,0,0,0,31082107,2018,0.47,1086.76,3512.99,0,56.3,97.8,67.9,41.5,66.2,524.8,41.2,613.5,163,162.2,1031.2,365406,5514,12.74,89,1500,2.61,1.15,31.7,41.3,65,26.28,12245016,72915,74.83,3435.31,0,1200,400,720,240,4200,7500,8500,102,1.5,6000,0,0,0,0,0,79.76,30,72.42,66.91,51.4,0,0
2026-09-01T13:00:05.203000+09:00,2026-09-01T04:00:05.203000+00:00,094623,2541.0,1,0,0,0,0,13448,498,13448,0,0,0,0,4651,-28608,10326,518,4480,0,129,0,0,0,0,0,0,0,0,0,31082107,2018,0.5,1150.24,3691.21,0,56.4,98.9,68.2,41.5,66.4,523.8,41.2,616.9,164.6,163.5,1035.8,365407,5515,12.26,89.7,1510,2.6,1.15,32.2,41,65,26.43,12245021,72915,76.43,3435.31,0,1200,400,720,240,4200,7500,8500,102,1.5,6000,0,0,0,0,0,80.92,30,76.35,68.21,51.4,0,0
2026-09-01T13:01:05.308000+09:00,2026-09-01T04:01:05.308000+00:00,094623,1648.3,1,0,0,0,0,13448,500,13448,0,0,0,0,4655,-28608,10326,6,4992,0,129,0,0,0,0,0,0,0,0,0,31082107,2018,0.42,605.79,2254.1,0,56.6,98.3,68.3,41.5,66.6,527.5,41.1,612.7,162.4,161.3,1027,365407,5515,12.87,90.3,1510,2.65,1.11,24.2,36.6,65,13.83,12245024,72915,76.94,3435.31,0,1200,400,720,240,4200,7500,8500,102,1.5,6000,0,0,0,0,0,73.29,30,67.7,61.73,51.4,0,0
2026-09-01T13:02:05.412000+09:00,2026-09-01T04:02:05.412000+00:00,094623,1287.0,1,0,0,0,0,13448,516,13448,0,0,0,0,4651,-28608,10326,6,4992,0,129,0,0,0,0,0,0,0,0,0,31082107,2018,0.43,517.9,1804.86,0,56.4,96.6,68.2,41.6,66.1,522.5,41,601,147.9,146.3,1037.4,365407,5515,12.58,92.5,1550,2.77,1.05,22,35.6,65,12.12,12245027,72915,64.66,3435.31,0,1200,400,720,240,4200,7500,8500,102,1.5,6000,0,0,0,0,0,72.39,30,60.34,69.18,51.4,0,0
2026-09-01T13:03:05.501000+09:00,2026-09-01T04:03:05.501000+00:00,094623,1973.0,1,0,0,0,0,13448,492,13448,0,0,0,0,4651,-28608,10326,6,4480,0,129,0,0,0,0,0,0,0,0,0,31082107,2018,0.41,876.8,2849.82,0,56.3,98.8,68.1,41.6,65.5,514.8,41,600.1,146.8,145.3,1039.4,365407,5515,12.7,89.6,1490,2.58,1.21,29.2,42.1,65,19.83,12245029,72915,66.21,3435.31,0,1200,400,720,240,4200,7500,8500,102,1.5,6000,0,0,0,0,0,77.63,30,71.58,67.48,51.4,0,0
2026-09-01T13:04:05.597000+09:00,2026-09-01T04:04:05.597000+00:00,094623,1827.8,1,0,0,0,0,13448,502,13448,0,0,0,0,4651,-28608,18518,6,4992,528,129,0,0,0,0,0,0,0,0,0,31082107,2018,0.42,759.61,2587.36,0,56.4,99.1,67.8,41.6,65.8,519.6,41.6,611.4,157.3,156.4,1084.7,365407,5515,12.84,89.4,1510,2.67,1.1,25.4,35.9,65,15.81,12245033,72915,71.76,3435.31,0,1200,400,720,240,4200,7500,8500,102,1.5,6000,0,0,0,0,0,73.61,30,70.65,62.85,51.4,0,0
2026-09-01T13:05:05.707000+09:00,2026-09-01T04:05:05.707000+00:00,094623,890.2,1,0,0,0,0,13448,500,13448,0,0,0,0,4655,-28608,10326,6,4992,0,129,0,0,0,0,0,0,0,0,0,31082107,2018,0.39,0,890.22,0,56.1,96.3,67.9,41.7,65.7,519.8,41.2,603.1,147.5,146.2,1015.6,365407,5515,12.75,90.7,1500,2.63,1.1,23.4,38,65,11.36,12245035,72915,65.56,3435.31,0,1200,400,720,240,4200,7500,8500,102,1.5,6000,0,0,0,0,0,71.18,30,59.02,64.24,51.4,0,0
2026-09-01T13:06:05.799000+09:00,2026-09-01T04:06:05.799000+00:00,094623,1681.3,1,0,0,0,0,13448,494,13448,0,0,0,0,4651,-28608,10326,518,4480,0,129,0,0,0,0,0,0,0,0,0,31082107,2018,0.42,713.22,2394.48,0,55.7,98.2,67.8,41.7,65.2,515.8,41.4,599.2,143.6,142.4,1034.1,365408,5516,12.75,90.6,1490,2.6,1.19,27,41.7,65,16.51,12245037,72915,65.95,3435.31,0,1200,400,720,240,4200,7500,8500,102,1.5,6000,0,0,0,0,0,74.41,30,67.56,68.66,51.4,0,0
2026-09-01T13:07:05.904000+09:00,2026-09-01T04:07:05.904000+00:00,094623,2302.9,1,0,0,0,0,13448,496,13448,0,0,0,0,4651,-28608,8278,518,4480,8,129,0,0,0,0,0,0,0,0,0,31082107,2018,0.45,1001.31,3304.24,0,55.5,99,67.7,41.7,65.1,519.3,41.1,608.6,156.1,155.3,1015,365408,5516,12.29,89.2,1500,2.61,1.14,31.4,42.3,65,26.32,12245041,72915,75.18,3435.32,0,1200,400,720,240,4200,7500,8500,102,1.5,6000,0,0,0,0,0,79.42,30,76.14,69.73,51.4,0,0
2026-09-01T13:08:06.011000+09:00,2026-09-01T04:08:06.011000+00:00,094623,2318.8,1,0,0,0,0,13448,496,13448,0,0,0,0,4651,-28608,10326,590,4480,8192,129,0,0,0,0,0,0,0,0,0,31082107,2018,0.44,962.25,3281.04,0,55.7,97.7,67.6,41.7,65.5,524,41.5,610.4,158.8,158,1053.2,365408,5516,12.63,89.1,1500,2.6,1.16,31.5,42.8,65,25.96,12245045,72915,75.21,3435.32,0,1200,400,720,240,4200,7500,8500,102,1.5,6000,0,0,0,0,0,78.59,30,72.84,68.07,51.5,0,0
2026-09-01T13:09:06.121000+09:00,2026-09-01T04:09:06.121000+00:00,094623,2237.0,1,0,0,0,0,13448,503,13448,0,0,0,0,4655,-28608,18518,6,4992,528,129,0,0,0,0,0,0,0,0,0,31082107,2018,0.44,986.66,3223.67,0,56,97.4,67.4,41.6,65.8,521.5,41.3,614.1,162.9,162.1,1033.3,365408,5516,12.91,89.2,1520,2.65,1.11,28.4,37.8,65,21.98,12245050,72915,76,3435.32,0,1200,400,720,240,4200,7500,8500,102,1.5,6000,0,0,0,0,0,74.04,30,67.91,63.87,51.5,0,0
2026-09-01T13:10:06.227000+09:00,2026-09-01T04:10:06.227000+00:00,094623,1560.4,1,0,0,0,0,13448,458,13448,0,0,0,0,4651,-28608,10390,6,21376,0,129,0,0,0,0,0,0,0,0,0,31082107,2018,0.45,494.7,2055.12,0,55.8,97.5,68,41.7,65.8,525.6,41.1,602.7,148.9,147.7,1005.2,365408,5516,12.36,90.2,1320,2.46,1.83,26.6,41.4,65,11.36,12245052,72915,62.43,3435.32,0,1200,400,720,240,4200,7500,8500,102,1.5,6000,0,0,0,0,0,68.66,30,61.06,59.74,51.5,0,0
2026-09-01T13:11:06.317000+09:00,2026-09-01T04:11:06.317000+00:00,094623,1251.6,1,0,0,0,0,13448,497,13448,0,0,0,0,4651,-28608,10326,6,4480,0,129,0,0,0,0,0,0,0,0,0,31082107,2018,0.36,487.38,1738.94,0,55.7,97.5,68.3,41.7,65,523.6,41,596.4,142.6,141.2,1044.1,365408,5516,12.77,92.3,1490,2.67,1.14,23.1,39.2,65,11.4,12245054,72915,65.19,3435.32,0,1200,400,720,240,4200,7500,8500,102,1.5,6000,0,0,0,0,0,70.76,30,60.44,69.21,51.5,0,0
2026-09-01T13:12:06.431000+09:00,2026-09-01T04:12:06.431000+00:00,094623,2523.9,1,0,0,0,0,13448,495,13448,0,0,0,0,4655,-28608,12390,6,12708,72,129,0,0,0,0,0,0,0,0,0,31082107,2018,0.44,1152.68,3676.56,0,55.8,99.6,68,41.7,65,514.6,41.2,605.3,155.1,154.4,1023.6,365409,5517,12.73,89.1,1490,2.61,1.15,32.3,40.5,65,26.13,12245057,72915,72.43,3435.32,0,1200,400,720,240,4200,7500,8500,102,1.5,6000,0,0,0,0,0,79.18,30,76.6,69.41,51.5,0,0
2026-09-01T13:13:06.507000+09:00,2026-09-01T04:13:06.507000+00:00,094623,2294.4,1,0,0,0,0,13448,497,13448,0,0,0,0,4655,-28608,10326,6,4480,0,129,0,0,0,0,0,0,0,0,0,31082107,2018,0.4,958.59,3252.97,0,56,97.9,67.8,41.7,65.6,523.6,41,611.2,160.4,159.6,1058.3,365409,5517,12.69,88.8,1500,2.61,1.15,31.2,42.6,65,26.6,12245062,72915,77.57,3435.32,0,1200,400,720,240,4200,7500,8500,102,1.5,6000,0,0,0,0,0,78.54,30,73.36,67.19,51.5,0,0
2026-09-01T13:14:06.595000+09:00,2026-09-01T04:14:06.595000+00:00,094623,2500.7,1,0,0,0,0,13448,496,13448,0,0,0,0,4651,-28608,18518,518,4480,528,129,0,0,0,0,0,0,0,0,0,31082107,2018,0.44,1062.35,3563.04,0,56.1,97.5,67.7,41.6,65.9,522.7,41.5,610.9,162.6,161.8,1034.1,365409,5517,12.77,89.1,1490,2.59,1.17,32.3,41.8,65,25.93,12245066,72915,74.02,3435.32,0,1200,400,720,240,4200,7500,8500,102,1.5,6000,0,0,0,0,0,77.83,30,71.09,66.44,51.5,0,0
2026-09-01T13:15:06.690000+09:00,2026-09-01T04:15:06.690000+00:00,094623,1912.0,1,0,0,0,0,13448,440,13448,0,0,0,0,4655,-28608,10326,6,4992,0,129,0,0,0,0,0,0,0,0,0,31082107,2018,0.41,732.75,2644.73,0,56.3,98.1,67.9,41.6,66.1,524.9,41,605.1,157.1,156.1,1023.4,365409,5517,12.75,89.8,1420,2.4,1.32,27.6,38.9,65,12.26,12245070,72915,70.11,3435.33,0,1200,400,720,240,4200,7500,8500,102,1.5,6000,0,0,0,0,0,68.26,30,63.01,57.65,51.6,0,0
2026-09-01T13:16:06.776000+09:00,2026-09-01T04:16:06.776000+00:00,094623,1632.4,1,0,0,0,0,13448,444,13448,0,0,0,0,4651,-28608,10326,6,4992,0,129,0,0,0,0,0,0,0,0,0,31082107,2018,0.44,583.82,2216.25,0,56,97,68.4,41.6,65.6,523.2,40.7,598,147.2,146.1,1018.2,365409,5517,12.58,92.4,1310,2.46,1.81,27,40.4,65,11.36,12245072,72915,64.05,3435.33,0,1200,400,720,240,4200,7500,8500,102,1.5,6000,0,0,0,0,0,69.7,30,58.34,66.84,51.6,0,0
2026-09-01T13:17:06.882000+09:00,2026-09-01T04:17:06.882000+00:00,094623,2180.9,1,0,0,0,0,13448,494,13448,0,0,0,0,4651,-28608,12374,6,4512,72,129,0,0,0,0,0,0,0,0,0,31082107,2018,0.44,918.3,3099.15,0,56,98.8,68.3,41.7,65.2,513.8,40.9,600.7,148.1,147,1019.6,365409,5517,12.63,89.8,1490,2.6,1.18,30.9,42.6,65,23.49,12245074,72915,68.51,3435.33,0,1200,400,720,240,4200,7500,8500,102,1.5,6000,0,0,0,0,0,78.65,30,72.71,69.72,51.6,0,0
2026-09-01T13:18:06.977000+09:00,2026-09-01T04:18:06.977000+00:00,094623,2399.4,1,0,0,0,0,13448,497,13448,0,0,0,0,4651,-28608,10326,6,4480,0,129,0,0,0,0,0,0,0,0,0,31082107,2018,0.46,1003.75,3403.12,0,56.1,99,67.8,41.6,65.5,520.2,41.2,610.5,160.4,159.7,1031.7,365410,5518,12.75,89.7,1510,2.61,1.14,31.4,41.6,65,26.62,12245079,72915,72.94,3435.33,0,1200,400,720,240,4200,7500,8500,102,1.5,6000,0,0,0,0,0,78.82,30,76.35,70.37,51.6,0,0
2026-09-01T13:19:07.073000+09:00,2026-09-01T04:19:07.073000+00:00,094623,2337.1,1,0,0,0,0,13448,496,13448,0,0,0,0,4651,-28608,18518,6,4480,528,129,0,0,0,0,0,0,0,0,0,31082107,2018,0.44,889,3226.11,0,56.3,97.6,67.9,41.7,65.9,525.2,41.5,610.6,161.6,160.6,1072.5,365410,5518,12.9,90.1,1500,2.62,1.14,31.3,42.6,65,26.55,12245083,72915,74.69,3435.33,0,1200,400,720,240,4200,7500,8500,102,1.5,6000,0,0,0,0,0,78.83,30,72.53,71.34,51.6,0,0
2026-09-01T13:20:07.173000+09:00,2026-09-01T04:20:07.173000+00:00,094623,2511.7,1,0,0,0,0,13448,495,13448,0,0,0,0,4651,-28608,10326,6,4480,0,129,0,0,0,0,0,0,0,0,0,31082107,2018,0.48,1098.97,3610.64,0,56.6,97.8,67.9,41.7,66.2,524.5,40.9,608.9,163.2,162.3,1081.1,365410,5518,12.64,90.1,1490,2.6,1.16,32.4,41.6,65,26.6,12245087,72915,76.56,3435.33,0,1200,400,720,240,4200,7500,8500,102,1.5,6000,0,0,0,0,0,78.54,30,72.3,71.65,51.6,0,0
2026-09-01T13:21:07.268000+09:00,2026-09-01T04:21:07.268000+00:00,094623,2411.6,1,0,0,0,0,13448,495,13448,0,0,0,0,4651,-28608,10326,6,4480,0,129,0,0,0,0,0,0,0,0,0,31082107,2018,0.48,1039.16,3450.73,0,56.7,99.2,68.2,41.7,66.5,526.5,41.2,611,165.1,164.3,1077.2,365410,5518,12.65,89.7,1490,2.58,1.15,31.5,41.6,65,26.59,12245092,72915,77.39,3435.33,0,1200,400,720,240,4200,7500,8500,102,1.5,6000,0,0,0,0,0,79.47,30,77.35,70.36,51.7,0,0
2026-09-01T13:22:07.364000+09:00,2026-09-01T04:22:07.364000+00:00,094623,2484.8,1,0,0,0,0,13448,496,13448,0,0,0,0,4655,-28608,12374,590,4512,8264,129,0,0,0,0,0,0,0,0,0,31082107,2018,0.46,1128.27,3613.09,0,57,98.1,68.6,41.7,66.7,526.5,41.3,612.2,166.1,165.3,1120.8,365410,5518,12.85,89.5,1500,2.58,1.15,31.9,41.1,65,25.46,12245096,72915,76.32,3435.33,0,1200,400,720,240,4200,7500,8500,102,1.5,6000,0,0,0,0,0,81.29,30,75.24,69.14,51.7,0,0
2026-09-01T13:23:07.490000+09:00,2026-09-01T04:23:07.490000+00:00,094623,2339.6,1,0,0,0,0,13448,496,13448,0,0,0,0,4651,-28608,10326,518,4480,0,129,0,0,0,0,0,0,0,0,0,31082107,2018,0.46,945.16,3284.71,0,57.1,97.7,68.6,41.7,66.9,529.8,41.1,613.2,165.3,164.2,1042.2,365410,5518,12.75,89.8,1500,2.59,1.14,30.9,42.3,65,26.35,12245101,72915,78.21,3435.33,0,1200,400,720,240,4200,7500,8500,102,1.5,6000,0,0,0,0,0,82.12,30,73.71,69.49,51.7,0,0
2026-09-01T13:24:07.591000+09:00,2026-09-01T04:24:07.591000+00:00,094623,2606.9,1,0,0,0,0,13448,495,13448,0,0,0,0,4651,-28608,18518,6,4480,0,129,0,0,0,0,0,0,0,0,0,31082107,2018,0.49,1091.65,3698.54,0,57.2,98,68.5,41.8,67,526.2,40.6,614.1,166.8,165.8,1056.8,365411,5519,12.53,90.1,1500,2.56,1.16,32.2,40.9,65,26.46,12245105,72915,76.6,3435.34,0,1200,400,720,240,4200,7500,8500,102,1.5,6000,0,0,0,0,0,82.63,30,74.14,70.3,51.7,0,0
2026-09-01T13:25:07.707000+09:00,2026-09-01T04:25:07.707000+00:00,094623,1181.7,1,0,0,0,0,13448,497,13448,0,0,0,0,4655,-26560,10326,6,4992,0,129,0,0,0,0,0,0,0,0,0,31082107,2018,0.44,244.45,1426.13,0,57.3,97.9,68.3,41.8,67,530.6,42.1,605.3,156,154.6,1017.2,365411,5519,12.5,91.6,1460,2.64,0.78,23.6,40.8,65,11.33,12245108,72915,72.37,3435.34,0,1200,400,720,240,4200,7500,8500,102,1.5,6000,0,0,0,0,0,73.44,30,65.13,66.4,51.7,0,0
2026-09-01T13:26:07.795000+09:00,2026-09-01T04:26:07.795000+00:00,094623,1254.0,1,0,0,0,0,13448,497,13448,0,0,0,0,4651,-28608,10326,6,4992,0,129,0,0,0,0,0,0,0,0,0,31082107,2018,0.4,444.65,1698.66,0,57,97.1,68.2,41.9,66.3,526.9,41,601.9,147,145.4,1028.2,365411,5519,12.22,91.5,1500,2.64,1.13,22.9,39.5,65,11.31,12245110,72915,65.82,3435.34,0,1200,400,720,240,4200,7500,8500,102,1.5,6000,0,0,0,0,0,73.56,30,61.42,68.29,51.7,0,0
2026-09-01T13:27:07.885000+09:00,2026-09-01T04:27:07.885000+00:00,094623,2411.6,1,0,0,0,0,13448,494,13448,0,0,0,0,4651,-28608,12438,6,20896,8,129,0,0,0,0,0,0,0,0,0,31082107,2018,0.47,1000.09,3411.66,0,56.8,98.9,67.9,42,65.8,517.5,41.1,607.5,151.9,150.6,1017.1,365411,5519,12.85,89.5,1500,2.58,1.17,32,42.2,65,25.52,12245113,72915,68.91,3435.34,0,1200,400,720,240,4200,7500,8500,102,1.5,6000,0,0,0,0,0,81.63,30,75.7,71.84,51.8,0,0
2026-09-01T13:28:07.993000+09:00,2026-09-01T04:28:07.993000+00:00,094623,1731.3,1,0,0,0,0,13448,500,13448,0,0,0,0,4651,-28608,10326,590,4992,8192,129,0,0,0,0,0,0,0,0,0,31082107,2018,0.4,650.96,2382.27,0,56.8,98.6,67.9,41.9,66.3,524.3,41.2,610.9,157.7,156.5,1044.9,365411,5519,12.87,89.7,1510,2.65,1.1,25,36.9,65,15.22,12245117,72915,76.5,3435.34,0,1200,400,720,240,4200,7500,8500,102,1.5,6000,0,0,0,0,0,74.52,30,69.59,65.06,51.8,0,0
2026-09-01T13:29:08.097000+09:00,2026-09-01T04:29:08.097000+00:00,094623,1592.1,1,0,0,0,0,13448,451,13448,0,0,0,0,4651,-28608,10390,6,21376,0,129,0,0,0,0,0,0,0,0,0,31082107,2018,0.38,534.99,2127.14,0,56.4,96.7,67.9,42,66.1,522.7,40.9,602.1,147.2,145.7,1017.8,365411,5519,12.52,90.3,1310,2.48,1.89,26.8,41,65,11.28,12245119,72915,65.56,3435.34,0,1200,400,720,240,4200,7500,8500,102,1.5,6000,0,0,0,0,0,71.45,30,59.94,63.91,51.8,0,0
2026-09-01T13:30:08.195000+09:00,2026-09-01T04:30:08.195000+00:00,094623,1684.9,1,0,0,0,0,13448,494,13448,0,0,0,0,4651,-28608,10326,6,4480,0,129,0,0,0,0,0,0,0,0,0,31082107,2018,0.44,730.31,2415.23,0,56.1,97.8,67.7,42,65.5,518,40.9,602.7,143.6,142.2,1076.3,365412,5520,12.79,90.5,1490,2.6,1.2,27.4,42.3,65,17.41,12245121,72915,64.09,3435.34,0,1200,400,720,240,4200,7500,8500,102,1.5,6000,0,0,0,0,0,75.57,30,67.07,70.04,51.8,0,0
2026-09-01T13:31:08.302000+09:00,2026-09-01T04:31:08.302000+00:00,094623,2527.5,1,0,0,0,0,13448,497,13448,0,0,0,0,4655,-28608,10342,6,12676,0,129,0,0,0,0,0,0,0,0,0,31082107,2018,0.47,1129.49,3657.03,0,56.2,99.2,67.6,42,65.5,517.4,41,613,155.1,154,1064.4,365412,5520,12.58,89.1,1500,2.59,1.15,32.1,40.5,65,26.49,12245125,72915,74.17,3435.34,0,1200,400,720,240,4200,7500,8500,102,1.5,6000,0,0,0,0,0,80.01,30,77.29,70.44,51.8,0,0
2026-09-01T13:32:08.393000+09:00,2026-09-01T04:32:08.393000+00:00,094623,2339.6,1,0,0,0,0,13448,497,13448,0,0,0,0,4655,-28608,2134,6,4480,528,129,0,0,0,0,0,0,0,0,0,31082107,2018,0.45,896.33,3235.88,0,56.4,98.1,67.8,42,66.2,524.2,41.2,614.6,160.4,159.5,1053.6,365412,5520,12.57,89.2,1500,2.6,1.14,31.3,42.6,65,26.44,12245130,72915,78.12,3435.35,0,1200,400,720,240,4200,7500,8500,102,1.5,6000,0,0,0,0,0,80.23,30,75.05,69.48,51.9,0,0
2026-09-01T13:33:08.501000+09:00,2026-09-01T04:33:08.501000+00:00,094623,2418.9,1,0,0,0,0,13448,497,13448,0,0,0,0,4655,-28608,10326,518,4480,0,129,0,0,0,0,0,0,0,0,0,31082107,2018,0.46,1063.57,3482.47,0,56.4,97.6,67.9,42,66.3,524.4,41.4,617,162.9,161.9,1022.5,365412,5520,12.71,89.5,1500,2.57,1.15,31.5,41.5,65,25.97,12245134,72915,75.66,3435.35,0,1200,400,720,240,4200,7500,8500,102,1.5,6000,0,0,0,0,0,80.35,30,73.2,69.39,51.8,0,0
2026-09-01T13:34:08.599000+09:00,2026-09-01T04:34:08.599000+00:00,094623,2339.6,1,0,0,0,0,13448,497,13448,0,0,0,0,4651,-28608,10326,6,4480,0,129,0,0,0,0,0,0,0,0,0,31082107,2018,0.47,940.27,3279.82,0,56.7,97.7,68.2,42,66.6,527.5,41.3,617.8,162.3,161.2,1062.9,365412,5520,12.68,89.9,1500,2.59,1.15,31.3,42.6,65,26.52,12245138,72915,76.77,3435.35,0,1200,400,720,240,4200,7500,8500,102,1.5,6000,0,0,0,0,0,81.34,30,72.92,70.25,51.8,0,0
2026-09-01T13:35:08.713000+09:00,2026-09-01T04:35:08.713000+00:00,094623,2421.3,1,0,0,0,0,13448,497,13448,0,0,0,0,4651,-28608,10326,6,4480,8,129,0,0,0,0,0,0,0,0,0,31082107,2018,0.49,1004.97,3426.31,0,56.7,98,68.2,42,66.6,527.5,41.2,618,163.1,162.2,1056.9,365412,5520,12.51,90.1,1500,2.59,1.15,31.3,41.9,65,26.71,12245143,72915,77.39,3435.35,0,1200,400,720,240,4200,7500,8500,102,1.5,6000,0,0,0,0,0,81.72,30,73.63,70.85,51.9,0,0
2026-09-01T13:36:08.828000+09:00,2026-09-01T04:36:08.828000+00:00,094623,2040.2,1,0,0,0,0,13448,502,13448,0,0,0,0,4651,-28608,10326,6,4992,0,129,0,0,0,0,0,0,0,0,0,31082107,2018,0.47,732.75,2772.91,0,57,98.5,68.2,42,66.9,527.4,41,618.9,164.6,163.6,998.5,365413,5521,12.8,90.7,1520,2.65,1.1,26.6,37.5,65,18.75,12245147,72915,75.75,3435.35,0,1200,400,720,240,4200,7500,8500,102,1.5,6000,0,0,0,0,0,76.87,30,70.36,68.41,51.9,0,0
2026-09-01T13:37:08.924000+09:00,2026-09-01T04:37:08.924000+00:00,094623,1274.8,1,0,0,0,0,13448,505,13448,0,0,0,0,4651,-28608,18518,6,4992,528,129,0,0,0,0,0,0,0,0,0,31082107,2018,0.42,503.25,1778.01,0,57,97.3,68.2,42.1,66.6,523.2,41,604.8,150.9,149.4,999.5,365413,5521,12.65,91.3,1510,2.67,1.04,21.9,35.4,65,11.89,12245149,72915,67.2,3435.35,0,1200,400,720,240,4200,7500,8500,102,1.5,6000,0,0,0,0,0,72.92,30,62.7,67.47,51.9,0,0
2026-09-01T13:38:09.017000+09:00,2026-09-01T04:38:09.017000+00:00,094623,1538.4,1,0,0,0,0,13448,494,13448,0,0,0,0,4651,-28608,10326,6,4480,0,129,0,0,0,0,0,0,0,0,0,31082107,2018,0.41,587.48,2125.92,0,56.7,97.9,68,42.1,66,519.8,40.9,600.9,146.3,145,1016.8,365413,5521,12.58,89.9,1490,2.62,1.18,25.6,40.9,65,13.69,12245151,72915,64.65,3435.35,0,1200,400,720,240,4200,7500,8500,102,1.5,6000,0,0,0,0,0,74.36,30,65.24,66.29,51.9,0,0
2026-09-01T13:39:09.139000+09:00,2026-09-01T04:39:09.139000+00:00,094623,2504.3,1,0,0,0,0,13448,499,13448,0,0,0,0,4655,-28608,10326,6,4992,0,129,0,0,0,0,0,0,0,0,0,31082107,2018,0.48,1205.18,3709.52,0,56.8,99.3,67.9,42.1,66,515.2,41.1,611,158.3,157.4,1040.3,365413,5521,12.71,89.3,1510,2.6,1.15,32.1,40.4,65,26.52,12245155,72915,72.59,3435.35,0,1200,400,720,240,4200,7500,8500,102,1.5,6000,0,0,0,0,0,81.15,30,77.43,70.74,51.9,0,0
2026-09-01T13:40:09.245000+09:00,2026-09-01T04:40:09.245000+00:00,094623,1449.3,1,0,0,0,0,13448,518,13448,0,0,0,0,4655,-28608,12374,6,5024,72,129,0,0,0,0,0,0,0,0,0,31082107,2018,0.39,627.77,2077.09,0,56.8,97,67.9,42.1,66.2,519,41.3,604.3,149.7,148.3,1015.2,365413,5521,12.15,89.8,1560,2.76,1.06,23.1,35.1,65,14.86,12245158,72915,68.44,3435.36,0,1200,400,720,240,4200,7500,8500,102,1.5,6000,0,0,0,0,0,73.03,30,63.42,63.54,52,0,0
2026-09-01T13:41:09.339000+09:00,2026-09-01T04:41:09.339000+00:00,094623,1512.8,1,0,0,0,0,13448,520,13448,0,0,0,0,4655,-28608,10326,6,4992,0,129,0,0,0,0,0,0,0,0,0,31082107,2018,0.43,703.45,2216.25,0,56.4,97.5,67.8,42.1,65.8,515.9,41.5,599.7,144.5,143.1,999.7,365413,5521,12.75,91.2,1560,2.76,1.06,23.9,35.4,65,15.97,12245160,72915,62.81,3435.36,0,1200,400,720,240,4200,7500,8500,102,1.5,6000,0,0,0,0,0,73.29,30,63.97,69.29,52,0,0
2026-09-01T13:42:09.423000+09:00,2026-09-01T04:42:09.423000+00:00,094623,2448.2,1,0,0,0,0,13448,495,13448,0,0,0,0,4651,-28608,18518,590,4480,8720,129,0,0,0,0,0,0,0,0,0,31082107,2018,0.47,1092.87,3541.06,0,56.5,98.9,67.9,42.1,65.5,513.3,41.2,603.7,152.1,150.8,1001.6,365414,5522,12.92,89.3,1500,2.6,1.16,32.1,41.3,65,25.62,12245163,72915,70.05,3435.36,0,1200,400,720,240,4200,7500,8500,102,1.5,6000,0,0,0,0,0,80.8,30,75.69,71.39,52,0,0
2026-09-01T13:43:09.528000+09:00,2026-09-01T04:43:09.528000+00:00,094623,1555.5,1,0,0,0,0,13448,500,13448,0,0,0,0,4651,-28608,10326,6,4992,0,129,0,0,0,0,0,0,0,0,0,31082107,2018,0.38,539.87,2095.4,0,56.6,98.4,67.8,42.1,66.1,522.4,40.9,608.9,155.8,154.7,1032.1,365414,5522,12.71,89.4,1500,2.66,1.12,24,37.2,65,13.33,12245167,72915,75.4,3435.36,0,1200,400,720,240,4200,7500,8500,102,1.5,6000,0,0,0,0,0,72.28,30,67.72,62.69,52,0,0
2026-09-01T13:44:09.624000+09:00,2026-09-01T04:44:09.624000+00:00,094623,1279.6,1,0,0,0,0,13448,506,13448,0,0,0,0,4651,-28608,10326,6,4992,0,129,0,0,0,0,0,0,0,0,0,31082107,2018,0.41,539.87,1819.51,0,56.4,96.6,67.9,42.2,65.8,517.7,41.3,601.2,145,143.4,1028.6,365414,5522,12.18,90.2,1500,2.69,1.05,22,35.1,65,11.77,12245169,72915,60.88,3435.36,0,1200,400,720,240,4200,7500,8500,102,1.5,6000,0,0,0,0,0,71.56,30,59.94,63.78,52,0,0
2026-09-01T13:45:09.720000+09:00,2026-09-01T04:45:09.720000+00:00,094623,1924.2,1,0,0,0,0,13448,493,13448,0,0,0,0,4655,-28608,12374,6,4512,72,129,0,0,0,0,0,0,0,0,0,31082107,2018,0.43,884.12,2808.31,0,56.2,98.4,68,42.2,65.3,512.6,41.1,602.5,144.4,143.1,1047.9,365414,5522,12.86,90.3,1490,2.6,1.2,29.3,42.6,65,20.17,12245171,72915,65.79,3435.36,0,1200,400,720,240,4200,7500,8500,102,1.5,6000,0,0,0,0,0,77.66,30,70.78,70.9,52,0,0
2026-09-01T13:46:09.814000+09:00,2026-09-01T04:46:09.814000+00:00,094623,2299.3,1,0,0,0,0,13448,497,13448,0,0,0,0,4655,-28608,10390,6,20864,0,129,0,0,0,0,0,0,0,0,0,31082107,2018,0.46,887.78,3187.05,0,56.4,99.4,67.9,42.2,65.5,520.7,41.2,610.5,154.9,153.9,1044,365414,5522,12.84,89.1,1510,2.61,1.14,31.4,43.1,65,26.59,12245175,72915,75.29,3435.36,0,1200,400,720,240,4200,7500,8500,102,1.5,6000,0,0,0,0,0,80.58,30,78.26,70.3,52,0,0
2026-09-01T13:47:09.911000+09:00,2026-09-01T04:47:09.911000+00:00,094623,2340.8,1,0,0,0,0,13448,496,13448,0,0,0,0,4651,-28608,18518,6,4480,528,129,0,0,0,0,0,0,0,0,0,31082107,2018,0.43,1064.79,3405.56,0,56.6,97.3,68,42.1,66,523.2,41.5,611.1,158.6,157.7,1087,365414,5522,12.77,89,1500,2.61,1.16,31.8,42.5,65,26.47,12245179,72915,77.15,3435.36,0,1200,400,720,240,4200,7500,8500,102,1.5,6000,0,0,0,0,0,80.67,30,72.39,68.3,52,0,0
2026-09-01T13:48:10.008000+09:00,2026-09-01T04:48:10.008000+00:00,094623,2483.6,1,0,0,0,0,13448,498,13448,0,0,0,0,4655,-28608,10390,6,20864,0,129,0,0,0,0,0,0,0,0,0,31082107,2018,0.48,1003.75,3487.35,0,56.4,97.9,68,42.1,66.2,523.1,42,614,162.9,161.9,1034.4,365415,5523,12.57,89.7,1500,2.6,1.14,31.5,41,65,26.7,12245184,72915,76.88,3435.36,0,1200,400,720,240,4200,7500,8500,102,1.5,6000,0,0,0,0,0,80.66,30,73.36,69.53,52,0,0
2026-09-01T13:49:10.115000+09:00,2026-09-01T04:49:10.115000+00:00,094623,2387.2,1,0,0,0,0,13448,501,13448,0,0,0,0,4651,-26560,10326,6,4993,0,129,0,0,0,0,0,0,0,0,0,31082107,2018,0.51,954.92,3342.08,0,56.6,98.9,68.3,42.1,66.5,523.1,41.9,616.7,164.5,163.2,1052.5,365415,5523,12.74,90.1,1510,2.63,1.13,30,39.8,65,24.53,12245188,72915,76.42,3435.37,0,1200,400,720,240,4200,7500,8500,102,1.5,6000,0,0,0,0,0,79.95,30,75.13,68.76,52.1,0,0
2026-09-01T13:50:10.209000+09:00,2026-09-01T04:50:10.209000+00:00,094623,1279.6,1,0,0,0,0,13448,493,13448,0,0,0,0,4651,-28608,12390,6,13220,72,129,0,0,0,0,0,0,0,0,0,31082107,2018,0.43,533.77,1813.41,0,56.6,97,68.2,42.1,66.3,526,42.4,604,150.7,149.1,1005.9,365415,5523,12.29,90.7,1490,2.62,1.12,22.8,38.1,65,10.86,12245191,72915,71.52,3435.37,0,1200,400,720,240,4200,7500,8500,102,1.5,6000,0,0,0,0,0,72.41,30,62.38,63.31,52.1,0,0
2026-09-01T13:51:10.298000+09:00,2026-09-01T04:51:10.298000+00:00,094623,1236.9,1,0,0,0,0,13448,492,13448,0,0,0,0,4651,-28608,10326,6,4992,0,129,0,0,0,0,0,0,0,0,0,31082107,2018,0.36,499.59,1736.5,0,56.4,97.4,67.9,42.3,65.7,523.6,41.8,595.3,143.2,141.6,1001.8,365415,5523,12.68,90.8,1480,2.62,1.11,22.7,38.2,65,11.3,12245193,72915,66.9,3435.37,0,1200,400,720,240,4200,7500,8500,102,1.5,6000,0,0,0,0,0,71.55,30,61.68,66.06,52.1,0,0
2026-09-01T13:52:10.396000+09:00,2026-09-01T04:52:10.396000+00:00,094623,2442.1,1,0,0,0,0,13448,496,13448,0,0,0,0,4651,-28608,18518,6,4480,0,129,0,0,0,0,0,0,0,0,0,31082107,2018,0.45,1160.01,3602.1,0,56.3,98.7,67.8,42.2,65.4,516.2,41.7,603.1,152.1,150.8,1072.8,365415,5523,12.64,89.5,1500,2.59,1.16,32.3,41.2,65,26.22,12245196,72915,70.05,3435.37,0,1200,400,720,240,4200,7500,8500,102,1.5,6000,0,0,0,0,0,80.29,30,75.39,71.19,52.1,0,0
2026-09-01T13:53:10.494000+09:00,2026-09-01T04:53:10.494000+00:00,094623,2357.9,1,0,0,0,0,13448,495,13448,0,0,0,0,4651,-28608,10326,6,4480,0,129,0,0,0,0,0,0,0,0,0,31082107,2018,0.44,1030.61,3388.47,0,56.5,98.5,67.9,42.2,66,522.4,41.6,614.4,158.3,157.1,1034,365415,5523,12.67,89.4,1490,2.59,1.14,31.4,41.9,65,26.65,12245201,72915,76.57,3435.37,0,1200,400,720,240,4200,7500,8500,102,1.5,6000,0,0,0,0,0,80.35,30,76.28,70.2,52.1,0,0
2026-09-01T13:54:10.600000+09:00,2026-09-01T04:54:10.600000+00:00,094623,2429.9,1,0,0,0,0,13448,496,13448,0,0,0,0,4655,-28608,10326,6,4480,0,129,0,0,0,0,0,0,0,0,0,31082107,2018,0.44,1055.02,3484.91,0,56.7,97.3,68.1,42.2,66.3,525.1,41.6,615.2,161,159.8,1044.1,365416,5524,12.45,89.8,1500,2.6,1.16,32,42.3,65,26.49,12245205,72915,77.73,3435.37,0,1200,400,720,240,4200,7500,8500,102,1.5,6000,0,0,0,0,0,80.99,30,72.4,70.73,52.1,0,0
2026-09-01T13:55:10.716000+09:00,2026-09-01T04:55:10.716000+00:00,094623,2191.8,1,0,0,0,0,13448,502,13448,0,0,0,0,4651,-28608,12374,6,5024,8,129,0,0,0,0,0,0,0,0,0,31082107,2018,0.46,918.3,3110.14,0,56.9,98.2,68.2,42.2,66.6,523.7,41.8,615.4,162.5,161.4,1053.8,365416,5524,12.65,90.1,1510,2.63,1.11,27.7,37.1,65,20.78,12245209,72915,76.8,3435.37,0,1200,400,720,240,4200,7500,8500,102,1.5,6000,0,0,0,0,0,77.61,30,70.55,67.63,52.1,0,0
2026-09-01T13:56:10.823000+09:00,2026-09-01T04:56:10.823000+00:00,094623,1665.4,1,0,0,0,0,13448,522,13448,0,0,0,0,4651,-28608,10326,6,4992,0,129,0,0,0,0,0,0,0,0,0,31082107,2018,0.42,707.11,2372.51,0,56.8,97.5,68.3,42.2,66.4,522,41.6,603.8,149.5,148.1,1001.1,365416,5524,12.71,90.6,1570,2.75,1.1,25.3,37.3,65,10.58,12245212,72915,69.26,3435.38,0,1200,400,720,240,4200,7500,8500,102,1.5,6000,0,0,0,0,0,76.15,30,66.37,67.4,52.2,0,0
2026-09-01T13:57:10.925000+09:00,2026-09-01T04:57:10.925000+00:00,094623,1388.3,1,0,0,0,0,13448,493,13448,0,0,0,0,4655,-28608,10326,6,4480,0,129,0,0,0,0,0,0,0,0,0,31082107,2018,0.44,544.75,1933.04,0,56.6,97.5,68.2,42.2,65.8,521.1,41.9,600.1,145,143.8,1008.9,365416,5524,12.67,90.9,1480,2.63,1.16,24.1,39.5,65,11.5,12245214,72915,64.04,3435.38,0,1200,400,720,240,4200,7500,8500,102,1.5,6000,0,0,0,0,0,73.71,30,62.64,66.93,52.2,0,0
2026-09-01T13:58:11.034000+09:00,2026-09-01T04:58:11.034000+00:00,094623,2591.0,1,0,0,0,0,13448,502,13448,0,0,0,0,4651,-28608,10326,6,4992,0,129,0,0,0,0,0,0,0,0,0,31082107,2018,0.49,1221.04,3812.07,0,56.7,99.8,67.9,42.2,65.8,513.6,41.7,610.1,156.8,155.9,1020.8,365416,5524,12.85,89.3,1520,2.62,1.14,31.9,39.4,65,26.48,12245217,72915,74.67,3435.38,0,1200,400,720,240,4200,7500,8500,102,1.5,6000,0,0,0,0,0,81.02,30,78.35,70.79,52.2,0,0
2026-09-01T13:59:11.140000+09:00,2026-09-01T04:59:11.140000+00:00,094623,1400.5,1,0,0,0,0,13448,516,13448,0,0,0,0,4651,-28608,10326,6,4992,0,129,0,0,0,0,0,0,0,0,0,31082107,2018,0.41,564.29,1964.78,0,56.7,96.9,67.9,42.2,66.1,517.7,41.8,603.1,150,148.8,992.7,365416,5524,12.85,89.7,1540,2.74,1.03,22.3,34.1,65,12.21,12245220,72915,68.25,3435.38,0,1200,400,720,240,4200,7500,8500,102,1.5,6000,0,0,0,0,0,72.28,30,62.17,62.39,52.2,0,0
2026-09-01T14:00:11.262000+09:00,2026-09-01T05:00:11.262000+00:00,094623,1368.8,1,0,0,0,0,13448,516,13448,0,0,0,0,4651,-28608,18518,6,4992,528,129,0,0,0,0,0,0,0,0,0,31082107,2018,0.4,586.26,1955.02,0,56.3,97.6,67.8,42.2,65.6,516.3,42.6,598.2,143.5,142.2,1014.8,365417,5525,12.7,91.3,1550,2.77,1.05,22.4,34.5,65,13.13,12245222,72915,62.78,3435.38,0,1200,400,720,240,4200,7500,8500,102,1.5,6000,0,0,0,0,0,71.74,30,62.51,68.29,52.2,0,0
2026-09-01T14:01:11.350000+09:00,2026-09-01T05:01:11.350000+00:00,094623,2548.3,1,0,0,0,0,13448,496,13448,0,0,0,0,4651,-28608,10326,6,4480,0,129,0,0,0,0,0,0,0,0,0,31082107,2018,0.46,1107.52,3655.81,0,56.3,98.7,68,42.2,65.4,511.7,42,606.4,151.8,151,1055.3,365417,5525,12.68,89.3,1500,2.61,1.16,32.7,41,65,26.25,12245225,72915,69.95,3435.38,0,1200,400,720,240,4200,7500,8500,102,1.5,6000,0,0,0,0,0,81.04,30,75.2,71.2,52.2,0,0
2026-09-01T14:02:11.452000+09:00,2026-09-01T05:02:11.452000+00:00,094623,1322.4,1,0,0,0,0,13448,510,13448,0,0,0,0,4651,-28608,10326,6,4992,0,129,0,0,0,0,0,0,0,0,0,31082107,2018,0.36,497.15,1819.51,0,56.5,97.7,67.9,42.2,65.8,518.4,41.9,602.7,150.4,149.3,1033.9,365417,5525,12.63,89.5,1510,2.72,1.03,21.8,34.5,65,13.38,12245228,72915,73.03,3435.38,0,1200,400,720,240,4200,7500,8500,102,1.5,6000,0,0,0,0,0,71.63,30,64.51,61.85,52.3,0,0
2026-09-01T14:03:11.559000+09:00,2026-09-01T05:03:11.559000+00:00,094623,1288.2,1,0,0,0,0,13448,512,13448,0,0,0,0,4651,-28608,10326,6,4992,8,129,0,0,0,0,0,0,0,0,0,31082107,2018,0.4,491.04,1779.23,0,56.1,97.1,67.8,42.2,65.4,518,41.8,597.9,142,140.8,1012.1,365417,5525,12.81,90.5,1530,2.75,1.05,22,35.6,65,14.16,12245230,72915,61.92,3435.38,0,1200,400,720,240,4200,7500,8500,102,1.5,6000,0,0,0,0,0,71.1,30,60.84,64.98,52.2,0,0
2026-09-01T14:04:11.766000+09:00,2026-09-01T05:04:11.766000+00:00,094623,2372.5,1,0,0,0,0,13448,495,13448,0,0,0,0,4651,-28608,10326,6,4480,0,129,0,0,0,0,0,0,0,0,0,31082107,2018,0.47,1163.67,3536.18,0,56,98.1,67.9,42.3,65,510.3,42.3,602.2,146.9,146,1071.5,365417,5525,12.67,90,1500,2.61,1.18,32,41.4,65,25.08,12245233,72915,65.83,3435.38,0,1200,400,720,240,4200,7500,8500,102,1.5,6000,0,0,0,0,0,79.45,30,72.16,72.5,52.3,0,0
2026-09-01T14:05:11.827000+09:00,2026-09-01T05:05:11.827000+00:00,094623,2383.5,1,0,0,0,0,13448,496,13448,0,0,0,0,4655,-28608,18582,6,20864,528,129,0,0,0,0,0,0,0,0,0,31082107,2018,0.45,1015.96,3399.46,0,56.2,99.2,67.8,42.2,65.5,519.4,42.2,610.9,159,158.4,1036.5,365417,5525,12.68,88.9,1500,2.6,1.15,31.7,41.9,65,26.43,12245237,72915,78.43,3435.39,0,1200,400,720,240,4200,7500,8500,102,1.5,6000,0,0,0,0,0,79.73,30,77.88,68.99,52.3,0,0
2026-09-01T14:06:11.931000+09:00,2026-09-01T05:06:11.931000+00:00,094623,2565.4,1,0,0,0,0,13448,495,13448,0,0,0,0,4651,-28608,10326,6,4480,0,129,0,0,0,0,0,0,0,0,0,31082107,2018,0.45,1162.45,3727.84,0,56.2,97.5,67.9,42.2,65.9,519.7,41.8,616.8,162.4,161.7,1072.4,365418,5526,12.82,88.7,1500,2.62,1.16,32.5,40.8,65,26.62,12245242,72915,76.51,3435.39,0,1200,400,720,240,4200,7500,8500,102,1.5,6000,0,0,0,0,0,79.74,30,73.2,66.27,52.3,0,0
2026-09-01T14:07:12.012000+09:00,2026-09-01T05:07:12.012000+00:00,094623,1367.5,1,0,0,0,0,13448,493,13448,0,0,0,0,4651,-28608,10310,6,4992,0,129,0,0,0,0,0,0,0,0,0,31082107,2018,0.46,473.95,1841.49,0,56.3,97.7,68,42.2,66.2,522.1,42.4,610.4,154.9,153.8,1059.1,365418,5526,12.58,90.1,1470,2.64,1.08,22.3,35.6,65,11.37,12245245,72915,68.65,3435.39,0,1200,400,720,240,4200,7500,8500,102,1.5,6000,0,0,0,0,0,70.61,30,63.58,60.18,52.3,0,0
2026-09-01T14:08:12.118000+09:00,2026-09-01T05:08:12.118000+00:00,094623,1287.0,1,0,0,0,0,13448,496,13448,0,0,0,0,4655,-28608,12374,6,5024,72,129,0,0,0,0,0,0,0,0,0,31082107,2018,0.42,525.22,1812.19,0,56.2,96.8,68.4,42.2,65.6,519.2,42.6,600.7,145.2,143.8,1045.7,365418,5526,12.64,92.4,1480,2.67,1.07,22.2,35.7,65,11.65,12245247,72915,64.65,3435.39,0,1200,400,720,240,4200,7500,8500,102,1.5,6000,0,0,0,0,0,72.12,30,59.74,69.22,52.3,0,0
2026-09-01T14:09:12.230000+09:00,2026-09-01T05:09:12.230000+00:00,094623,2442.1,1,0,0,0,0,13448,495,13448,0,0,0,0,4655,-26560,10342,6,12677,0,129,0,0,0,0,0,0,0,0,0,31082107,2018,0.44,1167.33,3609.42,0,56.2,98.7,68.1,42.3,65.2,511.8,42.2,604.1,150.2,149.2,1038.6,365418,5526,12.57,89.5,1500,2.61,1.16,32.2,41.2,65,25.12,12245250,72915,68.54,3435.39,0,1200,400,720,240,4200,7500,8500,102,1.5,6000,0,0,0,0,0,80.32,30,73.82,70.38,52.3,0,0
2026-09-01T14:10:12.303000+09:00,2026-09-01T05:10:12.303000+00:00,094623,2324.9,1,0,0,0,0,13448,496,13448,0,0,0,0,4655,-28608,18518,6,4480,528,129,0,0,0,0,0,0,0,0,0,31082107,2018,0.44,986.66,3311.56,0,56.4,98.8,67.7,42.2,65.7,521.3,41.8,611.5,160,159.4,1047.9,365418,5526,12.7,89.4,1500,2.6,1.15,31.4,42.4,65,26.56,12245254,72915,74.75,3435.39,0,1200,400,720,240,4200,7500,8500,102,1.5,6000,0,0,0,0,0,79.59,30,76.55,69.88,52.3,0,0
2026-09-01T14:11:12.397000+09:00,2026-09-01T05:11:12.397000+00:00,094623,2373.7,1,0,0,0,0,13448,495,13448,0,0,0,0,4651,-28608,10326,6,4480,0,129,0,0,0,0,0,0,0,0,0,31082107,2018,0.44,1003.75,3377.48,0,56.6,97.3,67.8,42.2,66,524.4,42.1,614.4,161.6,160.9,1037.8,365418,5526,12.84,90,1490,2.59,1.16,31.6,42.4,65,26.57,12245258,72915,75.85,3435.39,0,1200,400,720,240,4200,7500,8500,102,1.5,6000,0,0,0,0,0,79.38,30,71.88,71.08,52.3,0,0
2026-09-01T14:12:12.496000+09:00,2026-09-01T05:12:12.496000+00:00,094623,2558.1,1,0,0,0,0,13448,495,13448,0,0,0,0,4655,-28608,10326,6,4480,0,129,0,0,0,0,0,0,0,0,0,31082107,2018,0.47,1130.71,3688.77,0,56.8,98,68,42.2,66.3,522.5,41.8,615.9,163.7,162.9,1065.6,365419,5527,12.81,90.2,1490,2.59,1.16,32.4,41.1,65,26.58,12245263,72915,77.62,3435.39,0,1200,400,720,240,4200,7500,8500,102,1.5,6000,0,0,0,0,0,79.67,30,73.22,71.84,52.4,0,0
2026-09-01T14:13:12.593000+09:00,2026-09-01T05:13:12.593000+00:00,094623,1424.9,1,0,0,0,0,13448,491,13448,0,0,0,0,4651,-28608,12374,6,5024,72,129,0,0,0,0,0,0,0,0,0,31082107,2018,0.41,542.31,1967.22,0,56.9,98,68.3,42.3,66.5,523,41.7,611.6,156.7,155.4,1051.9,365419,5527,12.64,90.4,1470,2.62,1.08,22.5,35,65,11.03,12245266,72915,74.56,3435.4,0,1200,400,720,240,4200,7500,8500,102,1.5,6000,0,0,0,0,0,71.42,30,64.49,63.2,52.4,0,0
2026-09-01T14:14:12.746000+09:00,2026-09-01T05:14:12.746000+00:00,094623,1350.4,1,0,0,0,0,13448,494,13448,0,0,0,0,4651,-28608,10326,6,4992,0,129,0,0,0,0,0,0,0,0,0,31082107,2018,0.44,476.39,1826.84,0,56.7,97.1,68.6,42.3,66,521,42.3,606.2,147.3,145.8,1015.6,365419,5527,12.69,91.4,1470,2.63,1.09,22.6,36.6,65,11.42,12245268,72915,63.29,3435.4,0,1200,400,720,240,4200,7500,8500,102,1.5,6000,0,0,0,0,0,73.05,30,60.75,67.28,52.3,0,0
2026-09-01T14:15:12.786000+09:00,2026-09-01T05:15:12.786000+00:00,094623,2468.9,1,0,0,0,0,13448,494,13448,0,0,0,0,4651,-28608,18518,518,4480,528,129,0,0,0,0,0,0,0,0,0,31082107,2018,0.49,1128.27,3597.22,0,56.7,98.9,68.3,42.3,65.6,512.6,42.3,612.7,150.9,149.9,1055.7,365419,5527,12.79,89.7,1490,2.59,1.18,32.2,41.2,65,24.6,12245271,72915,67.53,3435.4,0,1200,400,720,240,4200,7500,8500,102,1.5,6000,0,0,0,0,0,81.54,30,74.63,71.92,52.4,0,0
2026-09-01T14:16:12.909000+09:00,2026-09-01T05:16:12.909000+00:00,094623,1907.1,1,0,0,0,0,13448,506,13448,0,0,0,0,4651,-28608,10326,6,4992,0,129,0,0,0,0,0,0,0,0,0,31082107,2018,0.38,770.59,2677.69,0,56.8,98.2,68.1,42.3,66,520.4,41.8,612.6,152.8,152.1,1021.6,365419,5527,12.81,89.8,1570,2.66,1.13,26.5,36.9,65,12.3,12245274,72915,72.89,3435.4,0,1200,400,720,240,4200,7500,8500,102,1.5,6000,0,0,0,0,0,72.76,30,65.98,63.07,52.4,0,0
2026-09-01T14:17:13.003000+09:00,2026-09-01T05:17:13.003000+00:00,094623,1888.8,1,0,0,0,0,13448,447,13448,0,0,0,0,4651,-28608,10326,6,4992,0,129,0,0,0,0,0,0,0,0,0,31082107,2018,0.43,705.89,2594.68,0,56.5,96.9,68,42.3,65.6,518.6,41.8,605.1,145.4,144.4,1015.3,365419,5527,12.79,91.2,1430,2.4,1.32,27.8,39.1,65,11.35,12245276,72915,63.12,3435.4,0,1200,400,720,240,4200,7500,8500,102,1.5,6000,0,0,0,0,0,71.45,30,59.56,66.68,52.5,0,0
2026-09-01T14:18:13.088000+09:00,2026-09-01T05:18:13.088000+00:00,094623,2304.1,1,0,0,0,0,13448,494,13448,0,0,0,0,4651,-28608,12374,6,4512,72,129,0,0,0,0,0,0,0,0,0,31082107,2018,0.46,992.77,3296.91,0,56.4,98.7,68,42.3,65.4,510,42,607.6,148,147.1,1001.5,365420,5528,12.32,89.6,1490,2.61,1.17,31.1,41.7,65,23.32,12245279,72915,66.89,3435.4,0,1200,400,720,240,4200,7500,8500,102,1.5,6000,0,0,0,0,0,80.03,30,73.55,71.44,52.5,0,0
2026-09-01T14:19:13.184000+09:00,2026-09-01T05:19:13.184000+00:00,094623,1676.4,1,0,0,0,0,13448,501,13448,0,0,0,0,4651,-28608,10326,6,4992,0,129,0,0,0,0,0,0,0,0,0,31082107,2018,0.42,621.66,2298.04,0,56.6,99,67.9,42.3,65.7,521.2,41.6,609.5,156.4,156.1,1062,365420,5528,12.57,89.4,1510,2.68,1.1,24.7,37.2,65,14.42,12245282,72915,72.76,3435.4,0,1200,400,720,240,4200,7500,8500,102,1.5,6000,0,0,0,0,0,73.53,30,69.79,63.79,52.5,0,0
2026-09-01T14:20:13.290000+09:00,2026-09-01T05:20:13.290000+00:00,094623,1687.4,1,0,0,0,0,13448,523,13448,0,0,0,0,4651,-28608,2134,6,4992,0,129,0,0,0,0,0,0,0,0,0,31082107,2018,0.42,729.09,2416.46,0,56.3,96.5,67.8,42.4,65.5,518.3,42,601.2,144.1,143.1,1042.1,365420,5528,12.77,90,1570,2.77,1.11,25.6,38,65,12.58,12245285,72915,64.36,3435.4,0,1200,400,720,240,4200,7500,8500,102,1.5,6000,0,0,0,0,0,74.75,30,63.04,66.83,52.5,0,0
2026-09-01T14:21:13.361000+09:00,2026-09-01T05:21:13.361000+00:00,094623,1860.7,1,0,0,0,0,13448,493,13448,0,0,0,0,4655,-28608,10326,518,4480,0,129,0,0,0,0,0,0,0,0,0,31082107,2018,0.45,746.18,2606.89,0,56,98.5,67.7,42.4,65,513.3,41.9,602.8,143.3,142.2,1030.7,365420,5528,12.34,90.3,1490,2.62,1.19,28.3,42.1,65,17.78,12245287,72915,64.4,3435.4,0,1200,400,720,240,4200,7500,8500,102,1.5,6000,0,0,0,0,0,75.24,30,69.51,69.8,52.5,0,0
2026-09-01T14:22:13.458000+09:00,2026-09-01T05:22:13.458000+00:00,094623,2399.4,1,0,0,0,0,13448,496,13448,0,0,0,0,4651,-28608,10326,6,4480,0,129,0,0,0,0,0,0,0,0,0,31082107,2018,0.47,947.6,3346.96,0,56.2,99.3,68,42.4,65.2,518.3,42,610.6,156.8,156.3,1054,365420,5528,12.17,89,1500,2.61,1.14,31.6,42.3,65,26.43,12245291,72915,75.43,3435.41,0,1200,400,720,240,4200,7500,8500,102,1.5,6000,0,0,0,0,0,80.48,30,77.47,69.97,52.5,0,0
2026-09-01T14:23:13.549000+09:00,2026-09-01T05:23:13.549000+00:00,094623,2389.6,1,0,0,0,0,13448,496,13448,0,0,0,0,4651,-28608,12374,6,4512,8,129,0,0,0,0,0,0,0,0,0,31082107,2018,0.46,1056.25,3445.84,0,56.4,98,67.8,42.4,65.7,521.6,42.1,615.1,161.5,161.1,1041.3,365420,5528,12.67,88.9,1500,2.62,1.15,31.5,41.7,65,26.38,12245295,72915,74.52,3435.41,0,1200,400,720,240,4200,7500,8500,102,1.5,6000,0,0,0,0,0,79.75,30,74.78,67.82,52.5,0,0
2026-09-01T14:24:13.645000+09:00,2026-09-01T05:24:13.645000+00:00,094623,2543.4,1,0,0,0,0,13448,496,13448,0,0,0,0,4655,-26560,10390,590,20864,8192,129,0,0,0,0,0,0,0,0,0,31082107,2018,0.47,1024.51,3567.92,0,56.6,97.2,67.9,42.3,66,522.7,42.6,617.7,163.9,163.5,1070.1,365421,5529,12.36,89.5,1500,2.61,1.15,32.1,41.4,65,26.54,12245300,72915,75.46,3435.41,0,1200,400,720,240,4200,7500,8500,102,1.5,6000,0,0,0,0,0,79.76,30,71.56,68.65,52.5,0,0
2026-09-01T14:25:13.738000+09:00,2026-09-01T05:25:13.738000+00:00,094623,1359.0,1,0,0,0,0,13448,509,13448,0,0,0,0,4651,-28608,10326,6,4992,0,129,0,0,0,0,0,0,0,0,0,31082107,2018,0.46,481.28,1840.27,0,56.7,98.1,68.2,42.3,66.2,523.2,42.7,607.9,155.8,154.8,1047.8,365421,5529,12.73,90.8,1510,2.71,1.03,21.8,34.6,65,12.4,12245303,72915,72.03,3435.41,0,1200,400,720,240,4200,7500,8500,102,1.5,6000,0,0,0,0,0,71.6,30,64.72,63.48,52.6,0,0
2026-09-01T14:26:13.829000+09:00,2026-09-01T05:26:13.829000+00:00,094623,1315.0,1,0,0,0,0,13448,512,13448,0,0,0,0,4651,-28608,10342,6,13188,0,129,0,0,0,0,0,0,0,0,0,31082107,2018,0.43,516.68,1831.72,0,56.4,97,68.3,42.4,65.7,520.2,41.8,602,146.3,145.1,1035.1,365421,5529,12.65,91.7,1530,2.74,1.04,22,35.2,65,13.12,12245305,72915,67.06,3435.41,0,1200,400,720,240,4200,7500,8500,102,1.5,6000,0,0,0,0,0,72.31,30,60.54,68.21,52.5,0,0
2026-09-01T14:27:13.929000+09:00,2026-09-01T05:27:13.929000+00:00,094623,2213.8,1,0,0,0,0,13448,495,13448,0,0,0,0,4651,-28608,10326,6,4480,0,129,0,0,0,0,0,0,0,0,0,31082107,2018,0.44,990.33,3204.14,0,56.3,98.6,68.2,42.4,65.2,515.8,42,602.4,148.3,147.3,1038.9,365421,5529,12.32,89.4,1490,2.59,1.17,31.2,42.9,65,24.98,12245308,72915,65.96,3435.41,0,1200,400,720,240,4200,7500,8500,102,1.5,6000,0,0,0,0,0,80.78,30,73.47,70.32,52.6,0,0
2026-09-01T14:28:14.038000+09:00,2026-09-01T05:28:14.038000+00:00,094623,2403.0,1,0,0,0,0,13448,497,13448,0,0,0,0,4651,-28608,10326,6,4480,528,129,0,0,0,0,0,0,0,0,0,31082107,2018,0.45,1018.4,3421.43,0,56.4,98.8,67.6,42.4,65.5,522.8,42,611.1,159.3,158.7,1058.8,365421,5529,12.81,89.4,1510,2.61,1.14,31.5,41.8,65,26.17,12245312,72915,76.64,3435.41,0,1200,400,720,240,4200,7500,8500,102,1.5,6000,0,0,0,0,0,79.75,30,76.57,70.35,52.6,0,0
2026-09-01T14:29:14.132000+09:00,2026-09-01T05:29:14.132000+00:00,094623,2498.2,1,0,0,0,0,13448,495,13448,0,0,0,0,4651,-28608,10326,6,4480,0,129,0,0,0,0,0,0,0,0,0,31082107,2018,0.44,1098.97,3597.22,0,56.4,97.2,67.6,42.3,65.9,522.4,41.8,614.8,163.7,163.2,1076.3,365421,5529,12.46,89.9,1490,2.6,1.16,32.1,41.4,65,26.75,12245316,72915,76.4,3435.41,0,1200,400,720,240,4200,7500,8500,102,1.5,6000,0,0,0,0,0,79.12,30,71.54,71.22,52.6,0,0
2026-09-01T14:30:14.231000+09:00,2026-09-01T05:30:14.231000+00:00,094623,1822.9,1,0,0,0,0,13448,521,13448,0,0,0,0,4651,-28608,10326,590,4992,8192,129,0,0,0,0,0,0,0,0,0,31082107,2018,0.41,793.79,2616.66,0,56.5,98.2,68,42.3,66.1,523.1,42.7,608.5,156.8,155.9,1047.1,365422,5530,12.77,90,1580,2.76,1.09,25.9,37,65,11.92,12245320,72915,73.57,3435.42,0,1200,400,720,240,4200,7500,8500,102,1.5,6000,0,0,0,0,0,74.34,30,68.35,65.96,52.6,0,0
2026-09-01T14:31:14.320000+09:00,2026-09-01T05:31:14.320000+00:00,094623,1717.9,1,0,0,0,0,13448,502,13448,0,0,0,0,4655,-28608,10326,6,4992,8,129,0,0,0,0,0,0,0,0,0,31082107,2018,0.43,796.23,2514.11,0,56.1,96.9,68.2,42.4,65.5,522.9,42.7,602.2,145.8,144.8,1056.9,365422,5530,12.39,90.9,1570,2.66,1.15,26.1,38.3,65,10.14,12245322,72915,63.57,3435.42,0,1200,400,720,240,4200,7500,8500,102,1.5,6000,0,0,0,0,0,71.66,30,60.13,65.57,52.7,0,0
2026-09-01T14:32:14.460000+09:00,2026-09-01T05:32:14.460000+00:00,094623,2260.2,1,0,0,0,0,13448,495,13448,0,0,0,0,4651,-28608,10326,6,4480,0,129,0,0,0,0,0,0,0,0,0,31082107,2018,0.49,1063.57,3323.77,0,56.1,98.5,68.1,42.4,65.1,514.2,42.2,605.3,148.1,147.1,1050.5,365422,5530,12.86,90.3,1490,2.62,1.18,31.1,41.8,65,24.26,12245324,72915,65.21,3435.42,0,1200,400,720,240,4200,7500,8500,102,1.5,6000,0,0,0,0,0,79.4,30,72.21,72.75,52.7,0,0
2026-09-01T14:33:14.496000+09:00,2026-09-01T05:33:14.496000+00:00,094623,1586.0,1,0,0,0,0,13448,501,13448,0,0,0,0,4651,-28608,18518,6,4992,528,129,0,0,0,0,0,0,0,0,0,31082107,2018,0.4,565.51,2151.55,0,56.4,98.8,67.9,42.3,65.5,524.7,42,610.1,155.6,154.9,1045.2,365422,5530,12.94,89.1,1510,2.68,1.1,24.3,37.8,65,14.54,12245328,72915,76.57,3435.42,0,1200,400,720,240,4200,7500,8500,102,1.5,6000,0,0,0,0,0,72.35,30,68.56,61.95,52.7,0,0
2026-09-01T14:34:14.597000+09:00,2026-09-01T05:34:14.597000+00:00,094623,1694.7,1,0,0,0,0,13448,523,13448,0,0,0,0,4651,-28608,10326,518,4992,0,129,0,0,0,0,0,0,0,0,0,31082107,2018,0.46,781.58,2476.27,0,56,96.7,67.9,42.4,65.3,518.8,42.5,599.8,144.6,143.6,1024.8,365422,5530,12.88,90.6,1570,2.76,1.11,25.8,37.9,65,9.71,12245330,72915,62.4,3435.42,0,1200,400,720,240,4200,7500,8500,102,1.5,6000,0,0,0,0,0,73.89,30,62.85,68.08,52.6,0,0
2026-09-01T14:35:14.696000+09:00,2026-09-01T05:35:14.696000+00:00,094623,1838.7,1,0,0,0,0,13448,494,13448,0,0,0,0,4651,-28608,10326,6,4480,0,129,0,0,0,0,0,0,0,0,0,31082107,2018,0.44,788.9,2627.64,0,55.9,98.7,67.9,42.4,64.8,515.2,43,596.7,143.3,142.1,1035.1,365422,5530,12.73,90.2,1490,2.6,1.2,28.2,42.3,65,18.39,12245332,72915,64.42,3435.42,0,1200,400,720,240,4200,7500,8500,102,1.5,6000,0,0,0,0,0,74.98,30,69.75,69.31,52.7,0,0
2026-09-01T14:36:14.799000+09:00,2026-09-01T05:36:14.799000+00:00,094623,2030.4,1,0,0,0,0,13448,502,13448,0,0,0,0,4651,-28608,12374,590,5024,8264,129,0,0,0,0,0,0,0,0,0,31082107,2018,0.45,812.1,2842.49,0,56,99.4,67.9,42.3,65.1,518.9,42.4,610,157.1,156.6,1031,365423,5531,12.84,89.1,1510,2.67,1.1,26.9,37,65,19.48,12245336,72915,75.78,3435.42,0,1200,400,720,240,4200,7500,8500,102,1.5,6000,0,0,0,0,0,74.78,30,72.84,65.37,52.7,0,0
2026-09-01T14:37:14.894000+09:00,2026-09-01T05:37:14.894000+00:00,094623,1341.9,1,0,0,0,0,13448,515,13448,0,0,0,0,4651,-28608,10326,6,4992,4,129,0,0,0,0,0,0,0,0,0,31082107,2018,0.4,519.12,1861.02,0,55.8,96.3,67.9,42.3,65.1,518.3,42.6,599.6,144.8,144,1024.7,365423,5531,12.45,89.9,1530,2.77,1.04,22.1,35,65,12.99,12245338,72915,62.48,3435.42,0,1200,400,720,240,4200,7500,8500,102,1.5,6000,0,0,0,0,0,70.35,30,59.04,62.53,52.7,0,0
2026-09-01T14:38:14.993000+09:00,2026-09-01T05:38:14.993000+00:00,094623,1512.8,1,0,0,0,0,13448,493,13448,0,0,0,0,4651,-28608,18518,6,4480,528,129,0,0,0,0,0,0,0,0,0,31082107,2018,0.39,576.49,2089.3,0,55.5,98.3,67.9,42.3,64.6,518.4,42.6,599.3,139.4,140.8,1045.2,365423,5531,12.69,90.9,1480,2.63,1.18,25.3,40.8,65,13.29,12245340,72915,62.64,3435.42,0,1200,400,720,240,4200,7500,8500,102,1.5,6000,0,0,0,0,0,71.45,30,65.13,67.79,52.7,0,0
2026-09-01T14:39:15.105000+09:00,2026-09-01T05:39:15.105000+00:00,094623,2552.0,1,0,0,0,0,13448,494,13448,0,0,0,0,4655,-28608,10326,590,4480,8192,129,0,0,0,0,0,0,0,0,0,31082107,2018,0.46,1048.92,3600.88,0,55.8,99.3,67.8,42.3,64.7,515,42.6,608.8,154.5,157.8,1051,365423,5531,12.61,89.2,1490,2.61,1.16,32.5,41.5,65,26.47,12245344,72915,70.04,3435.43,0,1200,400,720,240,4200,7500,8500,102,1.5,6000,0,0,0,0,0,78.75,30,76.37,70.08,52.8,0,0
2026-09-01T14:40:15.209000+09:00,2026-09-01T05:40:15.209000+00:00,094623,1329.7,1,0,0,0,0,13448,491,13448,0,0,0,0,4651,-28608,10326,6,4992,0,129,0,0,0,0,0,0,0,0,0,31082107,2018,0.36,462.96,1792.66,0,56,97.2,67.9,42.3,65.2,520,41.8,604,149.8,152.7,1047.8,365423,5531,12.53,89.4,1480,2.66,1.07,22.3,36.3,65,11.45,12245347,72915,68.92,3435.43,0,1200,400,720,240,4200,7500,8500,102,1.5,6000,0,0,0,0,0,69.62,30,61.76,60,52.8,0,0
2026-09-01T14:41:15.287000+09:00,2026-09-01T05:41:15.287000+00:00,094623,1301.6,1,0,0,0,0,13448,492,13448,0,0,0,0,4651,-28608,12374,582,5024,72,129,0,0,0,0,0,0,0,0,0,31082107,2018,0.43,483.72,1785.33,0,55.7,97.2,67.8,42.3,64.8,519.4,43,599.7,141.7,144.2,1046.7,365423,5531,12.71,90.9,1470,2.67,1.08,22.3,36.5,65,11.1,12245349,72915,60.49,3435.43,0,1200,400,720,240,4200,7500,8500,102,1.5,6000,0,0,0,0,0,69.05,30,59.92,64.66,52.8,0,0
2026-09-01T14:42:15.388000+09:00,2026-09-01T05:42:15.388000+00:00,094623,2431.1,1,0,0,0,0,13448,495,13448,0,0,0,0,4651,-28608,10326,518,4480,0,129,0,0,0,0,0,0,0,0,0,31082107,2018,0.48,1142.92,3574.02,0,55.7,98.5,68,42.3,64.4,511,42.8,606.5,148.7,152,1047.6,365424,5532,12.69,89.9,1500,2.62,1.16,32,41.1,65,25.05,12245352,72915,65.66,3435.43,0,1200,400,720,240,4200,7500,8500,102,1.5,6000,0,0,0,0,0,78.27,30,72.71,71.27,52.8,0,0
2026-09-01T14:43:15.504000+09:00,2026-09-01T05:43:15.504000+00:00,094623,1621.4,1,0,0,0,0,13448,500,13448,0,0,0,0,4651,-28608,18582,6,21376,528,129,0,0,0,0,0,0,0,0,0,31082107,2018,0.4,583.82,2205.27,0,55.7,98.6,68,42.2,64.9,522.8,42.7,609.6,156,159.7,1029.4,365424,5532,12.65,88.9,1510,2.69,1.12,24.6,37.7,65,14.38,12245356,72915,76.82,3435.43,0,1200,400,720,240,4200,7500,8500,102,1.5,6000,0,0,0,0,0,71.38,30,67.54,60.18,52.8,0,0
2026-09-01T14:44:15.593000+09:00,2026-09-01T05:44:15.593000+00:00,094623,1818.0,1,0,0,0,0,13448,510,13448,0,0,0,0,4651,-28608,10326,6,4992,0,129,0,0,0,0,0,0,0,0,0,31082107,2018,0.43,816.98,2634.97,0,55.5,96.6,67.9,42.2,64.6,518.9,42.4,600.6,143.6,146.2,1001.7,365424,5532,12.71,90.6,1570,2.76,1.13,26.5,38,65,11.1,12245358,72915,60.87,3435.43,0,1200,400,720,240,4200,7500,8500,102,1.5,6000,0,0,0,0,0,69.53,30,58.72,63.34,52.8,0,0
2026-09-01T14:45:15.694000+09:00,2026-09-01T05:45:15.694000+00:00,094623,1930.3,1,0,0,0,0,13448,494,13448,0,0,0,0,4651,-28608,10342,6,12676,0,129,0,0,0,0,0,0,0,0,0,31082107,2018,0.44,771.81,2702.11,0,55.5,98.3,68,42.3,64.3,512.7,42,600.1,143.8,146.4,1051.1,365424,5532,12.11,90.6,1490,2.63,1.2,28.3,41.3,65,18.04,12245360,72915,66.21,3435.43,0,1200,400,720,240,4200,7500,8500,102,1.5,6000,0,0,0,0,0,73.97,30,67.72,69.31,52.9,0,0
2026-09-01T14:46:15.803000+09:00,2026-09-01T05:46:15.803000+00:00,094623,1957.1,1,0,0,0,0,13448,501,13448,0,0,0,0,4651,-28608,12374,6,5024,72,129,0,0,0,0,0,0,0,0,0,31082107,2018,0.42,797.45,2754.6,0,55.7,99.2,68,42.2,64.6,517.6,42.4,610.2,157.2,161.4,1041,365424,5532,12.74,89.2,1510,2.69,1.09,26.3,36.8,65,18.34,12245364,72915,74.11,3435.43,0,1200,400,720,240,4200,7500,8500,102,1.5,6000,0,0,0,0,0,73.36,30,70.93,64,52.9,0,0
2026-09-01T14:47:15.907000+09:00,2026-09-01T05:47:15.907000+00:00,094623,1304.0,1,0,0,0,0,13448,492,13448,0,0,0,0,4651,-28608,10326,6,4992,0,129,0,0,0,0,0,0,0,0,0,31082107,2018,0.39,483.72,1787.77,0,55.6,96.5,68.1,42.2,64.7,518.4,43.2,601.8,144.5,147.1,1014.9,365424,5532,12.65,89.8,1470,2.66,1.08,22.3,36.3,65,11.68,12245366,72915,60.42,3435.43,0,1200,400,720,240,4200,7500,8500,102,1.5,6000,0,0,0,0,0,69.61,30,58.3,60.85,52.9,0,0
2026-09-01T14:48:15.987000+09:00,2026-09-01T05:48:15.987000+00:00,094623,1496.9,1,0,0,0,0,13448,494,13448,0,0,0,0,4651,-28608,18518,6,4480,16,129,0,0,0,0,0,0,0,0,0,31082107,2018,0.44,614.34,2111.27,0,55.5,98.1,68,42.2,64.2,518,42.8,597.6,140.2,142.8,1025.9,365425,5533,12.28,90.8,1490,2.65,1.18,25.5,41.3,65,14.45,12245368,72915,61.31,3435.44,0,1200,400,720,240,4200,7500,8500,102,1.5,6000,0,0,0,0,0,71.43,30,64.49,66.92,52.9,0,0
2026-09-01T14:49:16.090000+09:00,2026-09-01T05:49:16.090000+00:00,094623,2432.3,1,0,0,0,0,13448,495,13448,0,0,0,0,4651,-28608,10326,6,4480,0,129,0,0,0,0,0,0,0,0,0,31082107,2018,0.47,1037.93,3470.26,0,55.7,99.3,67.9,42.2,64.2,517.2,42.5,607.2,154.4,158.2,1041.2,365425,5533,12.61,89.1,1500,2.64,1.16,31.9,42,65,26.48,12245372,72915,73.46,3435.44,0,1200,400,720,240,4200,7500,8500,102,1.5,6000,0,0,0,0,0,78.07,30,75.74,68.98,52.9,0,0
2026-09-01T14:50:16.195000+09:00,2026-09-01T05:50:16.195000+00:00,094623,1760.6,1,0,0,0,0,13448,501,13448,0,0,0,0,4651,-28608,10326,6,4992,0,129,0,0,0,0,0,0,0,0,0,31082107,2018,0.41,766.93,2527.54,0,55.9,98.1,68,42.1,64.8,520,42.4,611.8,158.8,162.8,1073.1,365425,5533,12.86,88.8,1510,2.69,1.11,24.7,35.4,65,14.36,12245376,72915,73.72,3435.44,0,1200,400,720,240,4200,7500,8500,102,1.5,6000,0,0,0,0,0,70.62,30,66.03,58.71,52.9,0,0
2026-09-01T14:51:16.263000+09:00,2026-09-01T05:51:16.263000+00:00,094623,1648.3,1,0,0,0,0,13448,521,13448,0,0,0,0,4651,-28608,12374,6,5024,8,129,0,0,0,0,0,0,0,0,0,31082107,2018,0.47,827.97,2476.27,0,55.6,96.8,68.1,42.1,64.6,516.2,42.4,602.6,146.3,149,1020,365425,5533,12.73,90.8,1570,2.8,1.09,24.9,35.6,65,16.14,12245378,72915,59.5,3435.44,0,1200,400,720,240,4200,7500,8500,102,1.5,6000,0,0,0,0,0,71.87,30,61.71,65.23,53,0,0
2026-09-01T14:52:16.352000+09:00,2026-09-01T05:52:16.352000+00:00,094623,1902.2,1,0,0,0,0,13448,493,13448,0,0,0,0,4655,-28608,10326,6,4480,0,129,0,0,0,0,0,0,0,0,0,31082107,2018,0.43,730.31,2632.53,0,55.6,98.4,68.4,42.1,64.2,513,42.6,601.9,145.2,147.8,1047.3,365425,5533,12.5,90.9,1490,2.63,1.19,28.4,42.3,65,18.79,12245380,72915,68.2,3435.44,0,1200,400,720,240,4200,7500,8500,102,1.5,6000,0,0,0,0,0,75.56,30,68.24,70.49,53,0,0
2026-09-01T14:53:16.443000+09:00,2026-09-01T05:53:16.443000+00:00,094623,2344.4,1,0,0,0,0,13448,498,13448,0,0,0,0,4655,-28608,10326,6,4480,0,129,0,0,0,0,0,0,0,0,0,31082107,2018,0.43,947.6,3292.03,0,55.7,99.2,67.9,42.1,64.4,520.4,42.3,607.9,157,160.7,1027,365425,5533,12.77,89.4,1510,2.63,1.15,31.5,42.8,65,26.43,12245384,72915,75.96,3435.44,0,1200,400,720,240,4200,7500,8500,102,1.5,6000,0,0,0,0,0,78.84,30,76.43,70.06,52.9,0,0
2026-09-01T14:54:16.542000+09:00,2026-09-01T05:54:16.542000+00:00,094623,2566.6,1,0,0,0,0,13448,498,13448,0,0,0,0,4651,-28608,10326,518,4480,0,129,0,0,0,0,0,0,0,0,0,31082107,2018,0.44,1087.98,3654.59,0,55.8,98.2,67.5,42,64.8,519,43.1,613,163.2,168,1040,365426,5534,12.79,89.4,1500,2.63,1.15,32,40.7,65,26.02,12245389,72915,75.92,3435.44,0,1200,400,720,240,4200,7500,8500,102,1.5,6000,0,0,0,0,0,77.15,30,74.34,69.03,53,0,0
2026-09-01T14:55:16.646000+09:00,2026-09-01T05:55:16.646000+00:00,094623,1399.3,1,0,0,0,0,13448,497,13448,0,0,0,0,4655,-28608,10326,6,4992,0,129,0,0,0,0,0,0,0,0,0,31082107,2018,0.4,486.16,1885.43,0,55.9,97.1,68,42,65,524.3,42.8,608,152.3,155.2,1039.5,365426,5534,12.73,89.8,1500,2.69,1.13,23.2,38.2,65,11.32,12245392,72915,68.86,3435.44,0,1200,400,720,240,4200,7500,8500,102,1.5,6000,0,0,0,0,0,68.73,30,61.39,59.88,53,0,0
2026-09-01T14:56:16.741000+09:00,2026-09-01T05:56:16.741000+00:00,094623,1324.8,1,0,0,0,0,13448,497,13448,0,0,0,0,4655,-28608,8278,6,4992,0,129,0,0,0,0,0,0,0,0,0,31082107,2018,0.44,458.08,1782.89,0,55.7,97.3,68.4,42.1,64.5,522.8,42.9,601.5,143.9,146.2,1006,365426,5534,12.2,91.7,1500,2.68,1.13,23.1,38.8,65,10.94,12245394,72915,62.4,3435.44,0,1200,400,720,240,4200,7500,8500,102,1.5,6000,0,0,0,0,0,70.2,30,60.37,66.68,53,0,0
2026-09-01T14:57:16.859000+09:00,2026-09-01T05:57:16.859000+00:00,094623,2442.1,1,0,0,0,0,13448,495,13448,0,0,0,0,4651,-28608,10326,6,4480,0,129,0,0,0,0,0,0,0,0,0,31082107,2018,0.46,1095.31,3537.4,0,55.7,98.6,68.2,42.1,64.2,514,42.9,604.5,150.5,153.6,1049,365426,5534,12.55,89.6,1490,2.61,1.17,31.9,41.4,65,25.79,12245397,72915,68.69,3435.45,0,1200,400,720,240,4200,7500,8500,102,1.5,6000,0,0,0,0,0,78.99,30,73.15,70.45,53,0,0
2026-09-01T14:58:16.945000+09:00,2026-09-01T05:58:16.945000+00:00,094623,1630.0,1,0,0,0,0,13448,499,13448,0,0,0,0,4651,-28608,10326,6,4992,0,129,0,0,0,0,0,0,0,0,0,31082107,2018,0.38,559.4,2189.4,0,55.9,98.3,67.9,42,64.6,522.3,42.7,606.8,157.5,161.5,1066,365426,5534,12.87,89.5,1500,2.7,1.12,24.2,37.1,65,13.27,12245401,72915,75.14,3435.45,0,1200,400,720,240,4200,7500,8500,102,1.5,6000,0,0,0,0,0,70.22,30,65.94,61.63,53,0,0
2026-09-01T14:59:17.045000+09:00,2026-09-01T05:59:17.045000+00:00,094623,1339.5,1,0,0,0,0,13448,501,13448,0,0,0,0,4651,-28608,10326,6,4992,0,129,0,0,0,0,0,0,0,0,0,31082107,2018,0.4,515.46,1854.91,0,55.7,96.9,68,42.1,64.4,518,43.6,600.8,146.1,148.7,1059.6,365426,5534,12.86,90.3,1500,2.7,1.06,21.9,34.9,65,11.7,12245403,72915,61.02,3435.45,0,1200,400,720,240,4200,7500,8500,102,1.5,6000,0,0,0,0,0,69.39,30,59.35,62.74,53,0,0
2026-09-01T15:00:17.152000+09:00,2026-09-01T06:00:17.152000+00:00,094623,2073.4,1,0,0,0,0,13448,493,13448,0,0,0,0,4655,-28608,10390,518,20864,0,129,0,0,0,0,0,0,0,0,0,31082107,2018,0.48,895.11,2968.54,0,55.5,98,67.9,42.1,64.1,511.7,44.4,603.7,146.9,149.9,1059.1,365427,5535,12.59,90.4,1490,2.62,1.2,29.6,41.8,65,19.95,12245405,72915,63.99,3435.45,0,1200,400,720,240,4200,7500,8500,102,1.5,6000,0,0,0,0,0,74.9,30,67.75,69.5,53.1,0,0
2026-09-01T15:01:17.275000+09:00,2026-09-01T06:01:17.275000+00:00,094623,2395.7,1,0,0,0,0,13448,493,13448,0,0,0,0,4655,-28608,18518,590,4480,8720,129,0,0,0,0,0,0,0,0,0,31082107,2018,0.46,1034.27,3429.98,0,55.7,99.2,68,42.1,64.4,520.6,43.5,608.6,160.7,165.1,1085.4,365427,5535,12.84,89,1500,2.62,1.15,31.7,42.2,65,26.35,12245409,72915,76.1,3435.45,0,1200,400,720,240,4200,7500,8500,102,1.5,6000,0,0,0,0,0,78.62,30,76.05,68.17,53.1,0,0
2026-09-01T15:02:17.394000+09:00,2026-09-01T06:02:17.394000+00:00,094623,2019.4,1,0,0,0,0,13448,502,13448,0,0,0,0,4655,-28608,10390,590,21376,8192,129,0,0,0,0,0,0,0,0,0,31082107,2018,0.44,775.47,2794.88,0,55.9,98.2,67.9,42,64.8,522,43.6,610.1,165.2,169.8,1047.1,365427,5535,12.91,88.9,1510,2.69,1.1,26.3,36.4,65,17.28,12245413,72915,74.05,3435.45,0,1200,400,720,240,4200,7500,8500,102,1.5,6000,0,0,0,0,0,72.89,30,68.64,60.85,53.1,0,0
2026-09-01T15:03:17.485000+09:00,2026-09-01T06:03:17.485000+00:00,094623,1345.6,1,0,0,0,0,13448,490,13448,0,0,0,0,4651,-28608,10326,6,4992,0,129,0,0,0,0,0,0,0,0,0,31082107,2018,0.47,531.33,1876.89,0,55.8,96.9,68,42.1,64.7,521.1,43.2,601.5,150.4,153.2,1040.5,365427,5535,12.71,90.7,1470,2.64,1.1,22.6,36.3,65,11.42,12245415,72915,60.75,3435.45,0,1200,400,720,240,4200,7500,8500,102,1.5,6000,0,0,0,0,0,69.01,30,59.79,61.81,53.1,0,0
2026-09-01T15:04:17.585000+09:00,2026-09-01T06:04:17.585000+00:00,094623,1600.7,1,0,0,0,0,13448,494,13448,0,0,0,0,4651,-28608,12390,6,12708,72,129,0,0,0,0,0,0,0,0,0,31082107,2018,0.39,635.09,2235.79,0,55.7,98,68.4,42.1,64.3,518.1,44.8,601.1,146.4,149.2,1007.2,365427,5535,12.59,91.1,1490,2.64,1.19,26,40.9,65,14.23,12245417,72915,67.38,3435.45,0,1200,400,720,240,4200,7500,8500,102,1.5,6000,0,0,0,0,0,72.9,30,64.22,68.19,53.1,0,0
2026-09-01T15:05:17.679000+09:00,2026-09-01T06:05:17.679000+00:00,094623,2422.6,1,0,0,0,0,13448,495,13448,0,0,0,0,4651,-28608,10326,6,4480,0,129,0,0,0,0,0,0,0,0,0,31082107,2018,0.44,1097.75,3520.31,0,55.8,99.4,68,42.1,64.3,518.1,44.7,608.6,159.4,163.6,1069.5,365427,5535,12.7,89.1,1500,2.61,1.16,31.9,41.8,65,26.47,12245421,72915,73.9,3435.46,0,1200,400,720,240,4200,7500,8500,102,1.5,6000,0,0,0,0,0,79.15,30,76.57,68.48,53.1,0,0
2026-09-01T15:06:17.772000+09:00,2026-09-01T06:06:17.772000+00:00,094623,2526.3,1,0,0,0,0,13448,496,13448,0,0,0,0,4651,-28608,18518,518,4480,528,129,0,0,0,0,0,0,0,0,0,31082107,2018,0.42,1074.56,3600.88,0,55.8,97.6,67.7,42,64.8,521.7,44,611.9,166.2,170.6,1042.5,365428,5536,12.59,89,1500,2.61,1.15,31.7,40.8,65,26.26,12245426,72915,77.27,3435.46,0,1200,400,720,240,4200,7500,8500,102,1.5,6000,0,0,0,0,0,78.07,30,72.18,66.75,53.1,0,0
2026-09-01T15:07:17.866000+09:00,2026-09-01T06:07:17.866000+00:00,094623,1381.0,1,0,0,0,0,13448,498,13448,0,0,0,0,4651,-28608,10326,518,4992,0,129,0,0,0,0,0,0,0,0,0,31082107,2018,0.42,497.15,1878.11,0,55.8,97.5,67.8,42,64.9,525.4,44.2,605.5,155.3,158.4,1027.5,365428,5536,12.64,89.9,1500,2.68,1.13,23.2,38.2,65,11.15,12245429,72915,67.55,3435.46,0,1200,400,720,240,4200,7500,8500,102,1.5,6000,0,0,0,0,0,68.57,30,61.74,59.06,53.2,0,0
2026-09-01T15:08:17.971000+09:00,2026-09-01T06:08:17.971000+00:00,094623,1295.5,1,0,0,0,0,13448,497,13448,0,0,0,0,4651,-28608,10326,6,4992,0,129,0,0,0,0,0,0,0,0,0,31082107,2018,0.42,491.04,1786.55,0,55.6,96.9,68.2,42.1,64.4,523.9,43.5,599.3,146.3,148.8,1023.4,365428,5536,12.16,91.9,1500,2.68,1.13,23,38.8,65,11.27,12245431,72915,66.84,3435.46,0,1200,400,720,240,4200,7500,8500,102,1.5,6000,0,0,0,0,0,69.83,30,58.75,66.84,53.2,0,0
2026-09-01T15:09:18.070000+09:00,2026-09-01T06:09:18.070000+00:00,094623,2382.3,1,0,0,0,0,13448,495,13448,0,0,0,0,4651,-28608,12374,6,4512,72,129,0,0,0,0,0,0,0,0,0,31082107,2018,0.45,1041.6,3423.87,0,55.5,98.7,68,42.1,64,515,43,603.6,153,156.5,1032.7,365428,5536,12.63,89.6,1490,2.62,1.16,31.4,41.7,65,25.4,12245434,72915,68.34,3435.46,0,1200,400,720,240,4200,7500,8500,102,1.5,6000,0,0,0,0,0,78.42,30,72.75,70.18,53.2,0,0
2026-09-01T15:10:18.167000+09:00,2026-09-01T06:10:18.167000+00:00,094623,2400.6,1,0,0,0,0,13448,496,13448,0,0,0,0,4651,-28608,10326,6,4480,0,129,0,0,0,0,0,0,0,0,0,31082107,2018,0.44,1064.79,3465.38,0,55.7,98.6,67.8,42,64.5,523.3,42.9,608.1,164,168.3,1028.2,365428,5536,12.59,89.1,1500,2.61,1.16,31.6,41.9,65,26.59,12245438,72915,76.34,3435.46,0,1200,400,720,240,4200,7500,8500,102,1.5,6000,0,0,0,0,0,78.06,30,74.6,68.04,53.2,0,0
2026-09-01T15:11:18.279000+09:00,2026-09-01T06:11:18.279000+00:00,094623,1799.7,1,0,0,0,0,13448,500,13448,0,0,0,0,4651,-28608,18518,6,4992,528,129,0,0,0,0,0,0,0,0,0,31082107,2018,0.41,638.75,2438.43,0,55.8,97.7,67.7,42,64.9,524.7,42.7,609.8,165,169.5,1079.6,365428,5536,12.7,89.1,1510,2.68,1.11,25,36.5,65,15.35,12245442,72915,76.14,3435.46,0,1200,400,720,240,4200,7500,8500,102,1.5,6000,0,0,0,0,0,69.93,30,64.54,59.28,53.2,0,0
2026-09-01T15:12:18.427000+09:00,2026-09-01T06:12:18.427000+00:00,094623,1810.7,1,0,0,0,0,13448,494,13448,0,0,0,0,4651,-28608,10326,6,4992,0,129,0,0,0,0,0,0,0,0,0,31082107,2018,0.46,766.93,2577.59,0,55.6,97,68.2,42,64.6,522.4,44,602,150.7,153.7,1034.8,365429,5537,12.76,90.9,1550,2.61,1.17,26.6,38.5,65,10.02,12245444,72915,60.52,3435.46,0,1200,400,720,240,4200,7500,8500,102,1.5,6000,0,0,0,0,0,69.32,30,59.51,62.64,53.3,0,0
2026-09-01T15:13:18.471000+09:00,2026-09-01T06:13:18.471000+00:00,094623,1742.3,1,0,0,0,0,13448,493,13448,0,0,0,0,4651,-28608,10326,6,4480,0,129,0,0,0,0,0,0,0,0,0,31082107,2018,0.41,732.75,2475.05,0,55.4,97.9,68.3,42,64.2,519.3,43.6,597.7,146,148.6,1034.1,365429,5537,12.48,90.8,1490,2.61,1.22,27.6,42.6,65,18.3,12245446,72915,68.34,3435.46,0,1200,400,720,240,4200,7500,8500,102,1.5,6000,0,0,0,0,0,74.51,30,65.52,69.13,53.3,0,0
2026-09-01T15:14:18.574000+09:00,2026-09-01T06:14:18.574000+00:00,094623,2471.4,1,0,0,0,0,13448,496,13448,0,0,0,0,4651,-28608,12374,6,4512,72,129,0,0,0,0,0,0,0,0,0,31082107,2018,0.44,1024.51,3495.9,0,55.6,99.5,67.9,42,64.2,520.3,43.3,609.8,162.7,167,1059,365429,5537,12.58,89.3,1500,2.63,1.14,31.7,41.3,65,26.26,12245450,72915,72.04,3435.47,0,1200,400,720,240,4200,7500,8500,102,1.5,6000,0,0,0,0,0,78.46,30,76.7,69.01,53.3,0,0
2026-09-01T15:15:18.666000+09:00,2026-09-01T06:15:18.666000+00:00,094623,2307.8,1,0,0,0,0,13448,495,13448,0,0,0,0,4655,-28608,10326,590,4480,8192,129,0,0,0,0,0,0,0,0,0,31082107,2018,0.43,886.56,3194.37,0,55.8,97.2,67.9,42,64.8,526.4,44.8,612,164.7,168.9,1029.8,365429,5537,12.76,89.2,1500,2.6,1.15,31,42.9,65,26.36,12245455,72915,76.65,3435.47,0,1200,400,720,240,4200,7500,8500,102,1.5,6000,0,0,0,0,0,78.11,30,70.23,67.4,53.3,0,0
2026-09-01T15:16:18.758000+09:00,2026-09-01T06:16:18.758000+00:00,094623,2458.0,1,0,0,0,0,13448,495,13448,0,0,0,0,4655,-28608,18518,6,4480,16,129,0,0,0,0,0,0,0,0,0,31082107,2018,0.48,1003.75,3461.71,0,56,98,67.8,42,64.9,526.6,43.9,610.6,166.2,170.1,1095.4,365429,5537,12.82,89.4,1500,2.6,1.16,32,42.4,65,26.43,12245459,72915,74.95,3435.47,0,1200,400,720,240,4200,7500,8500,102,1.5,6000,0,0,0,0,0,77.54,30,71.69,66.85,53.3,0,0
2026-09-01T15:17:18.875000+09:00,2026-09-01T06:17:18.875000+00:00,094623,1676.4,1,0,0,0,0,13448,499,13448,0,0,0,0,4651,-28608,10326,6,4992,0,129,0,0,0,0,0,0,0,0,0,31082107,2018,0.43,515.46,2191.84,0,56.2,98.9,68.1,42,65.3,527.7,44,609.1,165.4,169.3,1064.5,365429,5537,12.57,89.8,1510,2.66,1.11,24.2,37.3,65,13.75,12245463,72915,73.95,3435.47,0,1200,400,720,240,4200,7500,8500,102,1.5,6000,0,0,0,0,0,70.2,30,67.29,59.13,53.3,0,0
2026-09-01T15:18:18.976000+09:00,2026-09-01T06:18:18.976000+00:00,094623,1295.5,1,0,0,0,0,13449,512,13449,0,0,0,0,4651,-28608,10326,6,4992,0,129,0,0,0,0,0,0,0,0,0,31082107,2018,0.47,472.73,1768.24,0,56,96.8,68.3,42,64.9,522.9,44.5,598.1,150.5,152.9,1032.4,365430,5538,12.68,91.9,1530,2.76,1.04,21.8,35.6,65,12.75,12245465,72915,61.15,3435.47,0,1200,400,720,240,4200,7500,8500,102,1.5,6000,0,0,0,0,0,70.21,30,59.23,65.49,53.3,0,0
2026-09-01T15:19:19.057000+09:00,2026-09-01T06:19:19.057000+00:00,094623,2113.7,1,0,0,0,0,13449,493,13449,0,0,0,0,4651,-28608,12438,590,20896,8200,129,0,0,0,0,0,0,0,0,0,31082107,2018,0.43,824.3,2938.02,0,55.9,98.8,68.3,42.1,64.4,515,48.4,596.5,150.6,153.1,1009.2,365430,5538,12.7,90.3,1490,2.61,1.21,29.7,42.1,65,19.74,12245467,72915,69.64,3435.47,0,1200,400,720,240,4200,7500,8500,102,1.5,6000,0,0,0,0,0,76.08,30,70.15,69.05,53.3,0,0
2026-09-01T15:20:19.164000+09:00,2026-09-01T06:20:19.164000+00:00,094623,1736.2,1,0,0,0,0,13449,501,13449,0,0,0,0,4651,-28608,10326,6,4992,0,129,0,0,0,0,0,0,0,0,0,31082107,2018,0.4,643.63,2379.83,0,56,99.1,68,42.1,64.8,523.8,45.2,606.7,162.5,166.6,1040.4,365430,5538,12.93,89,1510,2.67,1.1,25.1,37.4,65,16.01,12245471,72915,75.38,3435.47,0,1200,400,720,240,4200,7500,8500,102,1.5,6000,0,0,0,0,0,72.42,30,69.74,61.06,53.3,0,0
2026-09-01T15:21:19.266000+09:00,2026-09-01T06:21:19.266000+00:00,094623,1318.7,1,0,0,0,0,13449,498,13449,0,0,0,0,4651,-28608,10390,6,21376,0,129,0,0,0,0,0,0,0,0,0,31082107,2018,0.39,469.07,1787.77,0,55.8,96.4,67.9,42.1,64.6,524.6,45.7,598.3,148.4,151.1,1036.5,365430,5538,12.38,90.4,1500,2.68,1.14,22.9,38.7,65,11.22,12245473,72915,61.79,3435.47,0,1200,400,720,240,4200,7500,8500,102,1.5,6000,0,0,0,0,0,69.47,30,58.09,62.11,53.4,0,0
2026-09-01T15:22:19.376000+09:00,2026-09-01T06:22:19.376000+00:00,094623,1826.5,1,0,0,0,0,13449,493,13449,0,0,0,0,4655,-28608,10326,6,4480,0,129,0,0,0,0,0,0,0,0,0,31082107,2018,0.45,712,2538.53,0,55.6,98.5,67.8,42.1,64.1,516.5,46,597,146.9,149.5,1043,365430,5538,12.65,91,1490,2.62,1.2,27.5,41.1,65,16.8,12245475,72915,64.46,3435.48,0,1200,400,720,240,4200,7500,8500,102,1.5,6000,0,0,0,0,0,72.44,30,67.23,69,53.4,0,0
2026-09-01T15:23:19.460000+09:00,2026-09-01T06:23:19.460000+00:00,094623,1854.6,1,0,0,0,0,13449,501,13449,0,0,0,0,4651,-28608,10342,6,13188,0,129,0,0,0,0,0,0,0,0,0,31082107,2018,0.44,681.48,2536.09,0,55.8,99.2,67.9,42.1,64.4,521.9,45.9,607.8,161.9,166,1078.9,365430,5538,12.87,89,1510,2.66,1.09,25.7,37.3,65,18.13,12245479,72915,72.77,3435.48,0,1200,400,720,240,4200,7500,8500,102,1.5,6000,0,0,0,0,0,72.25,30,70.14,62.34,53.4,0,0
2026-09-01T15:24:19.561000+09:00,2026-09-01T06:24:19.561000+00:00,094623,1356.5,1,0,0,0,0,13449,491,13449,0,0,0,0,4651,-28608,10326,6,4992,528,129,0,0,0,0,0,0,0,0,0,31082107,2018,0.42,492.26,1848.81,0,55.6,96.4,67.9,42.1,64.4,521.7,46.5,599.1,148.9,151.6,1080.7,365431,5539,12.73,90.6,1490,2.65,1.12,23.1,37.9,65,11.13,12245481,72915,62.27,3435.48,0,1200,400,720,240,4200,7500,8500,102,1.5,6000,0,0,0,0,0,68.64,30,57.78,63.04,53.4,0,0
2026-09-01T15:25:19.662000+09:00,2026-09-01T06:25:19.662000+00:00,094623,1636.1,1,0,0,0,0,13449,494,13449,0,0,0,0,4651,-28608,10326,6,4480,0,129,0,0,0,0,0,0,0,0,0,31082107,2018,0.43,639.97,2276.07,0,55.5,98.5,67.9,42.2,64,516.9,45.6,599.5,146.3,149,1024.2,365431,5539,12.63,90.7,1490,2.65,1.18,26.1,40.8,65,15.28,12245483,72915,63.65,3435.48,0,1200,400,720,240,4200,7500,8500,102,1.5,6000,0,0,0,0,0,71.33,30,66.37,67.6,53.4,0,0
2026-09-01T15:26:19.761000+09:00,2026-09-01T06:26:19.761000+00:00,094623,2497.0,1,0,0,0,0,13449,496,13449,0,0,0,0,4655,-28608,10326,590,4480,8192,129,0,0,0,0,0,0,0,0,0,31082107,2018,0.46,1089.21,3586.23,0,55.7,99.2,67.9,42.2,64.2,516.4,45.3,608.5,162.1,166.6,1065.6,365431,5539,12.47,89.1,1500,2.62,1.14,31.8,40.8,65,25.92,12245487,72915,71.87,3435.48,0,1200,400,720,240,4200,7500,8500,102,1.5,6000,0,0,0,0,0,77.78,30,75.72,69.17,53.5,0,0
2026-09-01T15:27:19.876000+09:00,2026-09-01T06:27:19.876000+00:00,094623,2399.4,1,0,0,0,0,13449,498,13449,0,0,0,0,4655,-28608,10326,6,4480,8,129,0,0,0,0,0,0,0,0,0,31082107,2018,0.44,983,3382.37,0,55.9,98.2,68,42.1,64.8,523.5,44.9,610.1,166.2,171.1,1071,365431,5539,12.86,88.8,1510,2.62,1.14,31.2,41.8,65,26.67,12245491,72915,76.75,3435.48,0,1200,400,720,240,4200,7500,8500,102,1.5,6000,0,0,0,0,0,78.2,30,74.12,66.84,53.4,0,0
2026-09-01T15:28:19.959000+09:00,2026-09-01T06:28:19.959000+00:00,094623,2403.0,1,0,0,0,0,13449,496,13449,0,0,0,0,4651,-28608,10326,6,4480,0,129,0,0,0,0,0,0,0,0,0,31082107,2018,0.45,954.92,3357.95,0,55.9,97.4,68,42.1,65,527,45.2,609.2,166.3,170.9,1043.8,365431,5539,12.73,89.2,1500,2.62,1.16,31.4,42.6,65,26.58,12245496,72915,76.37,3435.48,0,1200,400,720,240,4200,7500,8500,102,1.5,6000,0,0,0,0,0,78.09,30,71.28,66.45,53.5,0,0
2026-09-01T15:29:20.055000+09:00,2026-09-01T06:29:20.055000+00:00,094623,2511.7,1,0,0,0,0,13449,496,13449,0,0,0,0,4655,-28608,18518,6,4480,528,129,0,0,0,0,0,0,0,0,0,31082107,2018,0.48,1023.29,3534.96,0,56.1,97.7,68.2,42.1,65.2,526.8,45.4,610.3,168.9,173.5,1056.2,365431,5539,12.64,89.5,1500,2.62,1.15,31.6,41.4,65,26.48,12245500,72915,74.82,3435.48,0,1200,400,720,240,4200,7500,8500,102,1.5,6000,0,0,0,0,0,78.87,30,71.32,66.42,53.5,0,0
2026-09-01T15:30:20.153000+09:00,2026-09-01T06:30:20.153000+00:00,094623,1609.2,1,0,0,0,0,13449,499,13449,0,0,0,0,4651,-28608,10326,6,4992,0,129,0,0,0,0,0,0,0,0,0,31082107,2018,0.45,554.52,2163.76,0,56.2,98.3,68.3,42.1,65.4,528.2,45.2,608.3,163.4,167.5,1058.9,365432,5540,12.69,90.3,1500,2.67,1.14,24.1,37.4,65,12.87,12245504,72915,71.25,3435.48,0,1200,400,720,240,4200,7500,8500,102,1.5,6000,0,0,0,0,0,71,30,64.7,59.82,53.4,0,0
2026-09-01T15:31:20.255000+09:00,2026-09-01T06:31:20.255000+00:00,094623,1417.6,1,0,0,0,0,13449,493,13449,0,0,0,0,4655,-28608,10326,6,4992,0,129,0,0,0,0,0,0,0,0,0,31082107,2018,0.47,544.75,1962.34,0,56,97.2,68.2,42.1,65,523.6,46.3,604,152.4,155,1049.8,365432,5540,12.58,92.7,1490,2.65,1.12,23.3,37.3,65,11.25,12245506,72915,63.58,3435.49,0,1200,400,720,240,4200,7500,8500,102,1.5,6000,0,0,0,0,0,70.25,30,60.16,68.15,53.5,0,0
2026-09-01T15:32:20.350000+09:00,2026-09-01T06:32:20.350000+00:00,094623,2185.7,1,0,0,0,0,13449,494,13449,0,0,0,0,4651,-28608,12374,6,4512,72,129,0,0,0,0,0,0,0,0,0,31082107,2018,0.43,935.39,3121.13,0,55.8,98.5,68.4,42.2,64.6,515.3,45.5,601.7,151.5,154.1,1036.5,365432,5540,12.81,89.7,1490,2.6,1.19,30.3,42.2,65,22.57,12245508,72915,71.54,3435.49,0,1200,400,720,240,4200,7500,8500,102,1.5,6000,0,0,0,0,0,78.5,30,70.71,68.63,53.5,0,0
2026-09-01T15:33:20.442000+09:00,2026-09-01T06:33:20.442000+00:00,094623,1601.9,1,0,0,0,0,13449,502,13449,0,0,0,0,4655,-28608,10326,6,4992,0,129,0,0,0,0,0,0,0,0,0,31082107,2018,0.39,532.55,2134.46,0,55.8,98.7,67.9,42.1,64.8,526.2,45.7,608,160.8,165,1040.7,365432,5540,12.47,88.9,1510,2.69,1.1,24.2,37.9,65,14.88,12245512,72915,75.14,3435.49,0,1200,400,720,240,4200,7500,8500,102,1.5,6000,0,0,0,0,0,71.86,30,67.7,59.49,53.5,0,0
2026-09-01T15:34:20.543000+09:00,2026-09-01T06:34:20.543000+00:00,094623,1810.7,1,0,0,0,0,13449,501,13449,0,0,0,0,4655,-28608,18518,6,4992,528,129,0,0,0,0,0,0,0,0,0,31082107,2018,0.44,854.82,2665.49,0,55.5,96.8,67.7,42.1,64.5,522.9,48.4,596.9,147,149.2,1012.8,365432,5540,12.74,91,1570,2.7,1.15,26.6,38.2,65,10.52,12245514,72915,59.5,3435.49,0,1200,400,720,240,4200,7500,8500,102,1.5,6000,0,0,0,0,0,69.24,30,59,63.64,53.5,0,0
2026-09-01T15:35:20.644000+09:00,2026-09-01T06:35:20.644000+00:00,094623,1957.2,1,0,0,0,0,13449,493,13449,0,0,0,0,4651,-28608,10326,6,4480,0,129,0,0,0,0,0,0,0,0,0,31082107,2018,0.45,814.54,2771.69,0,55.4,98.4,67.9,42,64.1,513.4,46.1,597.9,148.6,150.7,1027.8,365432,5540,12.68,90.6,1490,2.61,1.19,28.3,41,65,17.96,12245516,72915,67.66,3435.49,0,1200,400,720,240,4200,7500,8500,102,1.5,6000,0,0,0,0,0,73.65,30,67.78,68.84,53.5,0,0
2026-09-01T15:36:20.747000+09:00,2026-09-01T06:36:20.747000+00:00,094623,2020.6,1,0,0,0,0,13449,501,13449,0,0,0,0,4655,-28608,10326,6,4992,0,129,0,0,0,0,0,0,0,0,0,31082107,2018,0.43,827.97,2848.6,0,55.5,98.9,67.8,42,64.4,519.8,46,606.7,163.5,168.6,1063,365433,5541,12.9,89.2,1510,2.67,1.12,26.8,37.1,65,19.09,12245520,72915,73.49,3435.49,0,1200,400,720,240,4200,7500,8500,102,1.5,6000,0,0,0,0,0,72.68,30,69.92,63.47,53.5,0,0
2026-09-01T15:37:20.835000+09:00,2026-09-01T06:37:20.835000+00:00,094623,1404.2,1,0,0,0,0,13449,495,13449,0,0,0,0,4655,-28608,12374,6,5024,72,129,0,0,0,0,0,0,0,0,0,31082107,2018,0.41,576.49,1980.65,0,55.4,96.7,67.8,42,64.5,518.1,45.5,596.7,151.8,155,1061.7,365433,5541,12.65,90.1,1480,2.66,1.07,22.5,34.7,65,11.2,12245522,72915,60.92,3435.49,0,1200,400,720,240,4200,7500,8500,102,1.5,6000,0,0,0,0,0,68.33,30,58.62,61.34,53.6,0,0
2026-09-01T15:38:20.937000+09:00,2026-09-01T06:38:20.937000+00:00,094623,1572.6,1,0,0,0,0,13449,494,13449,0,0,0,0,4651,-28608,10390,6,20864,0,129,0,0,0,0,0,0,0,0,0,31082107,2018,0.41,574.05,2146.67,0,55.2,98.3,67.9,42,64.1,518.7,45.6,595.3,147.1,150,1036.4,365433,5541,12.24,91,1490,2.65,1.18,25.6,41.1,65,14.29,12245524,72915,63.3,3435.49,0,1200,400,720,240,4200,7500,8500,102,1.5,6000,0,0,0,0,0,70.65,30,64.86,67.42,53.6,0,0
2026-09-01T15:39:21.039000+09:00,2026-09-01T06:39:21.039000+00:00,094623,2500.7,1,0,0,0,0,13449,503,13449,0,0,0,0,4651,-28608,18518,6,4992,528,129,0,0,0,0,0,0,0,0,0,31082107,2018,0.45,1057.47,3558.15,0,55.4,99.4,67.8,41.9,64.1,515.8,45.8,610.3,162.6,167.9,1037.7,365433,5541,12.7,89,1520,2.66,1.13,30.9,40,65,25.64,12245528,72915,73.74,3435.49,0,1200,400,720,240,4200,7500,8500,102,1.5,6000,0,0,0,0,0,76.71,30,75.12,67.9,53.6,0,0
2026-09-01T15:40:21.170000+09:00,2026-09-01T06:40:21.170000+00:00,094623,1249.1,1,0,0,0,0,13449,510,13449,0,0,0,0,4655,-28608,10342,6,13188,0,129,0,0,0,0,0,0,0,0,0,31082107,2018,0.39,431.23,1680.35,0,55.3,96.6,68,41.9,64.3,522,45.8,601.1,149.7,152.4,1015.1,365433,5541,12.59,89.6,1510,2.74,1.05,21.5,35.9,65,11.95,12245531,72915,65.95,3435.5,0,1200,400,720,240,4200,7500,8500,102,1.5,6000,0,0,0,0,0,68.7,30,59,59.84,53.6,0,0
2026-09-01T15:41:21.251000+09:00,2026-09-01T06:41:21.251000+00:00,094623,1318.7,1,0,0,0,0,13449,515,13449,0,0,0,0,4651,-28608,10326,6,4992,0,129,0,0,0,0,0,0,0,0,0,31082107,2018,0.38,545.98,1864.68,0,54.9,98,67.8,41.9,63.7,519.8,45.6,596.9,143.2,145.7,1008.4,365433,5541,12.86,91.3,1540,2.78,1.04,21.9,35.2,65,15.24,12245533,72915,61.97,3435.5,0,1200,400,720,240,4200,7500,8500,102,1.5,6000,0,0,0,0,0,68.03,30,61.63,66.11,53.6,0,0
2026-09-01T15:42:21.353000+09:00,2026-09-01T06:42:21.353000+00:00,094623,2499.5,1,0,0,0,0,13449,496,13449,0,0,0,0,4651,-28608,12374,6,4512,72,129,0,0,0,0,0,0,0,0,0,31082107,2018,0.46,1070.89,3570.36,0,54.9,98.7,67.8,41.9,63.5,515.3,46.3,606.2,155.8,160.1,1047.6,365434,5542,12.63,89.2,1500,2.63,1.16,31.9,41.2,65,26.01,12245536,72915,70.96,3435.5,0,1200,400,720,240,4200,7500,8500,102,1.5,6000,0,0,0,0,0,76.59,30,72.93,69.2,53.6,0,0
2026-09-01T15:43:21.432000+09:00,2026-09-01T06:43:21.432000+00:00,094623,2494.6,1,0,0,0,0,13449,495,13449,0,0,0,0,4651,-28608,10326,6,4480,0,129,0,0,0,0,0,0,0,0,0,31082107,2018,0.43,1116.06,3610.64,0,55.1,98.4,67.9,41.8,64.1,521,45.7,609.3,165.4,170.6,1066.7,365434,5542,12.57,88.7,1490,2.6,1.16,31.8,41.2,65,26.55,12245541,72915,77.04,3435.5,0,1200,400,720,240,4200,7500,8500,102,1.5,6000,0,0,0,0,0,76.8,30,73.64,66.28,53.6,0,0
2026-09-01T15:44:21.541000+09:00,2026-09-01T06:44:21.541000+00:00,094623,2004.8,1,0,0,0,0,13449,514,13449,0,0,0,0,4655,-28608,2134,6,4992,0,129,0,0,0,0,0,0,0,0,0,31082107,2018,0.41,804.77,2809.53,0,55.2,97.4,67.8,41.7,64.4,521.5,45.9,604.8,159.6,163.8,1042.3,365434,5542,12.88,89.5,1580,2.75,1.11,26.6,36.5,65,10.57,12245544,72915,67.53,3435.5,0,1200,400,720,240,4200,7500,8500,102,1.5,6000,0,0,0,0,0,67.57,30,61.84,58.14,53.6,0,0
2026-09-01T15:45:21.634000+09:00,2026-09-01T06:45:21.634000+00:00,094623,1826.5,1,0,0,0,0,13449,465,13449,0,0,0,0,4655,-26560,10326,6,4992,0,129,0,0,0,0,0,0,0,0,0,31082107,2018,0.47,760.83,2587.36,0,55,97.4,68.3,41.7,64.1,522.2,45.6,599.4,149,152.1,1017,365434,5542,12.92,91.8,1490,2.51,1.23,26.8,38.4,65,10.97,12245546,72915,59.95,3435.5,0,1200,400,720,240,4200,7500,8500,102,1.5,6000,0,0,0,0,0,67.92,30,59.34,64.99,53.6,0,0
2026-09-01T15:46:21.729000+09:00,2026-09-01T06:46:21.729000+00:00,094623,2208.9,1,0,0,0,0,13449,495,13449,0,0,0,0,4651,-28608,10326,518,4480,0,129,0,0,0,0,0,0,0,0,0,31082107,2018,0.46,925.63,3134.56,0,55,98.2,68.3,41.7,63.6,515.2,45.1,601.1,150.4,153.1,1039.2,365434,5542,12.4,90.5,1490,2.63,1.17,30.5,42.2,65,23.93,12245548,72915,67.36,3435.5,0,1200,400,720,240,4200,7500,8500,102,1.5,6000,0,0,0,0,0,76.86,30,70.16,71.29,53.6,0,0
2026-09-01T15:47:21.818000+09:00,2026-09-01T06:47:21.818000+00:00,094623,2506.8,1,0,0,0,0,13449,499,13449,0,0,0,0,4655,-28608,12374,6,4512,8,129,0,0,0,0,0,0,0,0,0,31082107,2018,0.44,1130.71,3637.5,0,55,98.9,67.9,41.7,64,520.4,44.9,614,163,167.6,1079.5,365434,5542,12.58,88.9,1510,2.64,1.16,31.9,41.3,65,26.35,12245553,72915,78.45,3435.5,0,1200,400,720,240,4200,7500,8500,102,1.5,6000,0,0,0,0,0,77.21,30,75.09,67.2,53.6,0,0
2026-09-01T15:48:21.927000+09:00,2026-09-01T06:48:21.927000+00:00,094623,2383.5,1,0,0,0,0,13449,501,13449,0,0,0,0,4655,-28608,10326,6,4992,0,129,0,0,0,0,0,0,0,0,0,31082107,2018,0.43,1045.26,3428.75,0,55.2,97.1,67.8,41.6,64.4,523.3,44.8,616.3,167.2,171.6,1084,365435,5543,12.93,89,1510,2.67,1.13,29.5,38.7,65,23.66,12245557,72915,76,3435.5,0,1200,400,720,240,4200,7500,8500,102,1.5,6000,0,0,0,0,0,74.58,30,67.48,63.65,53.7,0,0
2026-09-01T15:49:22.026000+09:00,2026-09-01T06:49:22.026000+00:00,094623,1446.9,1,0,0,0,0,13449,494,13449,0,0,0,0,4651,-28608,10326,518,4992,0,129,0,0,0,0,0,0,0,0,0,31082107,2018,0.45,520.34,1967.22,0,55.1,97.5,68,41.6,64.4,524,45.7,606.7,154.4,157.4,1040.5,365435,5543,12.46,90.7,1490,2.66,1.12,23.2,37,65,10.99,12245560,72915,63.52,3435.51,0,1200,400,720,240,4200,7500,8500,102,1.5,6000,0,0,0,0,0,67.61,30,60.61,60.85,53.7,0,0
2026-09-01T15:50:22.124000+09:00,2026-09-01T06:50:22.124000+00:00,094623,1373.6,1,0,0,0,0,13449,493,13449,0,0,0,0,4651,-28608,10326,6,4992,0,129,0,0,0,0,0,0,0,0,0,31082107,2018,0.41,483.72,1857.36,0,55,97.6,68.3,41.7,63.9,522.1,47.7,600.5,148.4,150.8,1048.1,365435,5543,12.74,91.7,1490,2.66,1.12,23.1,37.8,65,11.17,12245562,72915,64.99,3435.51,0,1200,400,720,240,4200,7500,8500,102,1.5,6000,0,0,0,0,0,68.8,30,59.61,66.09,53.7,0,0
2026-09-01T15:51:22.227000+09:00,2026-09-01T06:51:22.227000+00:00,094623,2393.3,1,0,0,0,0,13449,497,13449,0,0,0,0,4651,-28608,10326,6,4480,0,129,0,0,0,0,0,0,0,0,0,31082107,2018,0.46,942.72,3335.98,0,55,99.1,68.1,41.7,63.8,519.5,46.8,606.8,157.3,161.2,1076.2,365435,5543,12.68,89.6,1500,2.62,1.15,31.4,42.3,65,26.43,12245565,72915,71.27,3435.51,0,1200,400,720,240,4200,7500,8500,102,1.5,6000,0,0,0,0,0,77.94,30,74.21,69.93,53.7,0,0
2026-09-01T15:52:22.329000+09:00,2026-09-01T06:52:22.329000+00:00,094623,2531.2,1,0,0,0,0,13449,505,13449,0,0,0,0,4651,-28608,10326,6,4992,528,129,0,0,0,0,0,0,0,0,0,31082107,2018,0.44,1135.59,3666.8,0,55.4,98,67.7,41.6,64.2,520.3,46.5,611.8,166.9,171.7,1065.5,365435,5543,12.73,89.3,1520,2.66,1.14,30.9,39.7,65,25.76,12245569,72915,75.04,3435.51,0,1200,400,720,240,4200,7500,8500,102,1.5,6000,0,0,0,0,0,75.82,30,71.48,67.4,53.7,0,0
2026-09-01T15:53:22.432000+09:00,2026-09-01T06:53:22.432000+00:00,094623,1328.5,1,0,0,0,0,13449,501,13449,0,0,0,0,4655,-26560,10326,6,4992,0,129,0,0,0,0,0,0,0,0,0,31082107,2018,0.42,516.68,1845.15,0,55.4,97.3,67.9,41.6,64.4,523.6,46.4,600.1,154.1,157.2,1020.8,365435,5543,12.91,89.9,1490,2.7,1.05,21.8,34.9,65,12.4,12245572,72915,63.18,3435.51,0,1200,400,720,240,4200,7500,8500,102,1.5,6000,0,0,0,0,0,67.47,30,60.24,59.74,53.8,0,0
2026-09-01T15:54:22.532000+09:00,2026-09-01T06:54:22.532000+00:00,094623,1385.8,1,0,0,0,0,13449,509,13449,0,0,0,0,4655,-28608,10326,6,4992,0,129,0,0,0,0,0,0,0,0,0,31082107,2018,0.46,515.46,1901.3,0,55.2,97.7,68.2,41.7,64,518.8,45.6,598.2,149.3,152.1,1045.4,365436,5544,12.85,91.1,1520,2.74,1.03,22,34.3,65,12.13,12245574,72915,62.37,3435.51,0,1200,400,720,240,4200,7500,8500,102,1.5,6000,0,0,0,0,0,68.68,30,60.54,64.78,53.8,0,0
2026-09-01T15:55:22.658000+09:00,2026-09-01T06:55:22.658000+00:00,094623,2451.9,1,0,0,0,0,13449,497,13449,0,0,0,0,4651,-28608,10326,6,4480,8,129,0,0,0,0,0,0,0,0,0,31082107,2018,0.48,1098.97,3550.83,0,55.3,99,68.2,41.7,63.8,516.5,45.6,606.6,159,163.2,1046.3,365436,5544,12.64,89.6,1500,2.61,1.15,31.6,41,65,26.28,12245577,72915,69.92,3435.51,0,1200,400,720,240,4200,7500,8500,102,1.5,6000,0,0,0,0,0,78.09,30,74.01,69.83,53.8,0,0
2026-09-01T15:56:22.750000+09:00,2026-09-01T06:56:22.750000+00:00,094623,2468.9,1,0,0,0,0,13449,497,13449,0,0,0,0,4651,-28608,10326,6,4480,0,129,0,0,0,0,0,0,0,0,0,31082107,2018,0.45,1164.89,3633.84,0,55.3,97.8,67.9,41.6,64.3,523.9,46.6,612.4,164.9,169.6,1051.6,365436,5544,12.45,89.9,1510,2.62,1.16,31.7,41.4,65,26.61,12245582,72915,76.02,3435.51,0,1200,400,720,240,4200,7500,8500,102,1.5,6000,0,0,0,0,0,77.35,30,71.65,70.43,53.8,0,0
2026-09-01T15:57:22.865000+09:00,2026-09-01T06:57:22.865000+00:00,094623,2331.0,1,0,0,0,0,13449,503,13449,0,0,0,0,4651,-28608,18582,6,21376,528,129,0,0,0,0,0,0,0,0,0,31082107,2018,0.47,846.28,3177.28,0,55.5,97.6,68,41.6,64.6,526.9,45.7,615.6,167.5,172.5,1081.2,365436,5544,12.88,89.4,1520,2.66,1.11,28.8,38.7,65,23.78,12245586,72915,75.28,3435.51,0,1200,400,720,240,4200,7500,8500,102,1.5,6000,0,0,0,0,0,75.57,30,68.04,66.31,53.8,0,0
2026-09-01T15:58:22.973000+09:00,2026-09-01T06:58:22.973000+00:00,094623,1370.0,1,0,0,0,0,13449,497,13449,0,0,0,0,4655,-28608,10326,6,4992,0,129,0,0,0,0,0,0,0,0,0,31082107,2018,0.46,484.94,1854.91,0,55.6,97.8,68.2,41.5,64.6,527.1,46.7,602.3,153.1,156.3,1069.1,365436,5544,12.52,90.2,1500,2.66,1.12,22.9,37.9,65,11.17,12245589,72915,64.68,3435.52,0,1200,400,720,240,4200,7500,8500,102,1.5,6000,0,0,0,0,0,68.95,30,61.39,61.04,53.9,0,0
2026-09-01T15:59:23.081000+09:00,2026-09-01T06:59:23.081000+00:00,094623,1412.7,1,0,0,0,0,13449,494,13449,0,0,0,0,4655,-28608,10342,6,13188,0,129,0,0,0,0,0,0,0,0,0,31082107,2018,0.4,559.4,1972.11,0,55.4,97.5,68.1,41.5,64.1,522,47.6,598.8,149.1,151.9,1038.4,365436,5544,12.73,91.5,1490,2.65,1.11,23.1,36.4,65,11.11,12245590,72915,65.94,3435.52,0,1200,400,720,240,4200,7500,8500,102,1.5,6000,0,0,0,0,0,68.8,30,59.47,66.62,53.8,0,0
2026-09-01T16:00:23.176000+09:00,2026-09-01T07:00:23.176000+00:00,094623,2454.3,1,0,0,0,0,13449,497,13449,0,0,0,0,4651,-28608,12374,6,4512,72,129,0,0,0,0,0,0,0,0,0,31082107,2018,0.46,1067.23,3521.53,0,55.4,99.1,68,41.6,64,518,47.5,608.8,159.7,164.2,1046.1,365437,5545,12.67,89.3,1500,2.62,1.15,31.4,40.9,65,26.26,12245594,72915,70.68,3435.52,0,1200,400,720,240,4200,7500,8500,102,1.5,6000,0,0,0,0,0,77.95,30,74.3,69.8,53.8,0,0
2026-09-01T16:01:23.272000+09:00,2026-09-01T07:01:23.272000+00:00,094623,2455.5,1,0,0,0,0,13449,497,13449,0,0,0,0,4651,-28608,10326,6,4480,0,129,0,0,0,0,0,0,0,0,0,31082107,2018,0.43,1025.73,3481.25,0,55.5,98.1,68,41.5,64.5,525.4,47.3,618.5,165.5,170.5,1064.8,365437,5545,11.52,88.9,1500,2.63,1.16,31.5,41.8,65,26.61,12245598,72915,77.07,3435.52,0,1200,400,720,240,4200,7500,8500,102,1.5,6000,0,0,0,0,0,78.08,30,72.84,67.28,53.9,0,0
2026-09-01T16:02:23.373000+09:00,2026-09-01T07:02:23.373000+00:00,094623,1886.4,1,0,0,0,0,13449,502,13449,0,0,0,0,4655,-28608,18518,6,4992,528,129,0,0,0,0,0,0,0,0,0,31082107,2018,0.43,688.8,2575.15,0,55.4,97.5,67.9,41.4,64.7,528.1,48,615.1,166.1,171,1085.6,365437,5545,11.98,89.1,1510,2.68,1.1,25.4,36.6,65,16.9,12245602,72915,75.18,3435.52,0,1200,400,720,240,4200,7500,8500,102,1.5,6000,0,0,0,0,0,71.3,30,64.02,59.9,53.9,0,0
2026-09-01T16:03:23.476000+09:00,2026-09-01T07:03:23.476000+00:00,094623,1268.7,1,0,0,0,0,13449,498,13449,0,0,0,0,4651,-28608,10326,6,4992,0,129,0,0,0,0,0,0,0,0,0,31082107,2018,0.45,428.78,1697.44,0,55.2,97.2,68.1,41.5,64.3,528.8,47.9,603.9,149.2,152,1025.3,365437,5545,12.77,91,1500,2.69,1.13,22.5,39.2,65,11.3,12245605,72915,62.69,3435.52,0,1200,400,720,240,4200,7500,8500,102,1.5,6000,0,0,0,0,0,68.89,30,59.58,62.53,53.9,0,0
2026-09-01T16:04:23.570000+09:00,2026-09-01T07:04:23.570000+00:00,094623,1688.6,1,0,0,0,0,13449,494,13449,0,0,0,0,4651,-28608,10326,518,4480,0,129,0,0,0,0,0,0,0,0,0,31082107,2018,0.4,615.56,2304.15,0,55,97.7,67.9,41.5,63.7,522.2,49.2,602.7,144.9,147.4,1036.1,365437,5545,12.69,91.2,1490,2.63,1.2,26.5,41.9,65,15.69,12245607,72915,67.81,3435.52,0,1200,400,720,240,4200,7500,8500,102,1.5,6000,0,0,0,0,0,71.59,30,63.05,68.81,53.9,0,0
2026-09-01T16:05:23.654000+09:00,2026-09-01T07:05:23.654000+00:00,094623,2338.3,1,0,0,0,0,13449,497,13449,0,0,0,0,4651,-28608,12374,518,4512,72,129,0,0,0,0,0,0,0,0,0,31082107,2018,0.43,964.69,3303.02,0,55,99.3,67.7,41.5,63.7,524.4,47.4,610.7,159,163.6,1013.5,365437,5545,12.68,89.2,1500,2.64,1.15,31.1,42.6,65,26.52,12245611,72915,75.12,3435.52,0,1200,400,720,240,4200,7500,8500,102,1.5,6000,0,0,0,0,0,76.74,30,75.1,68.77,53.9,0,0
2026-09-01T16:06:23.754000+09:00,2026-09-01T07:06:23.754000+00:00,094623,2522.7,1,0,0,0,0,13449,502,13449,0,0,0,0,4655,-28608,10326,6,4992,0,129,0,0,0,0,0,0,0,0,0,31082107,2018,0.42,1091.65,3614.31,0,55.2,97.2,67.8,41.5,64.1,523.2,47.3,612.6,166,171,1066.2,365438,5546,12.7,88.6,1510,2.65,1.15,30.8,40,65,25.47,12245615,72915,77.72,3435.53,0,1200,400,720,240,4200,7500,8500,102,1.5,6000,0,0,0,0,0,75.66,30,68.15,64.25,53.9,0,0
2026-09-01T16:07:23.857000+09:00,2026-09-01T07:07:23.857000+00:00,094623,1356.5,1,0,0,0,0,13449,501,13449,0,0,0,0,4651,-28608,18518,6,4992,528,129,0,0,0,0,0,0,0,0,0,31082107,2018,0.43,531.33,1887.87,0,55.1,98,67.9,41.4,64.3,523.5,47.9,602.2,154.8,158.1,1024.6,365438,5546,12.73,90,1490,2.68,1.05,21.8,34.5,65,11.79,12245618,72915,61.94,3435.53,0,1200,400,720,240,4200,7500,8500,102,1.5,6000,0,0,0,0,0,67.28,30,61.68,58.81,53.9,0,0
2026-09-01T16:08:23.976000+09:00,2026-09-01T07:08:23.976000+00:00,094623,1328.5,1,0,0,0,0,13449,505,13449,0,0,0,0,4651,-28608,10326,518,4992,0,129,0,0,0,0,0,0,0,0,0,31082107,2018,0.45,508.13,1836.6,0,54.9,97.2,68.2,41.4,63.8,521.3,48.5,598.5,147.6,150.3,1024,365438,5546,12.75,91.8,1500,2.71,1.05,21.9,35,65,11.6,12245620,72915,64.76,3435.53,0,1200,400,720,240,4200,7500,8500,102,1.5,6000,0,0,0,0,0,68.3,30,58.5,66.12,53.9,0,0
2026-09-01T16:09:24.093000+09:00,2026-09-01T07:09:24.093000+00:00,094623,2478.7,1,0,0,0,0,13449,495,13449,0,0,0,0,4655,-28608,10326,6,4480,0,129,0,0,0,0,0,0,0,0,0,31082107,2018,0.45,1127.05,3605.76,0,55,99.5,68.1,41.4,63.6,518.3,49,606,158.4,162.8,1045.1,365438,5546,12.69,89.5,1490,2.62,1.15,31.5,40.6,65,26.3,12245623,72915,72.23,3435.53,0,1200,400,720,240,4200,7500,8500,102,1.5,6000,0,0,0,0,0,77.45,30,74.51,69.63,53.9,0,0
2026-09-01T16:10:24.178000+09:00,2026-09-01T07:10:24.178000+00:00,094623,1688.6,1,0,0,0,0,13449,500,13449,0,0,0,0,4651,-28608,12374,6,5024,72,129,0,0,0,0,0,0,0,0,0,31082107,2018,0.38,614.34,2302.93,0,55.3,98,67.8,41.4,64.1,526.6,48.1,608.8,161.5,165.9,1037.3,365438,5546,12.64,89,1510,2.69,1.13,24.3,36.7,65,14.22,12245627,72915,75.72,3435.53,0,1200,400,720,240,4200,7500,8500,102,1.5,6000,0,0,0,0,0,68.79,30,64.3,59.14,54,0,0
2026-09-01T16:11:24.291000+09:00,2026-09-01T07:11:24.291000+00:00,094623,1638.5,1,0,0,0,0,13449,522,13449,0,0,0,0,4651,-28608,10326,6,4992,0,129,0,0,0,0,0,0,0,0,0,31082107,2018,0.44,731.53,2370.07,0,55,97,68,41.4,63.9,519.8,49,601.8,149.5,152.5,1049.9,365438,5546,12.76,91,1570,2.78,1.09,24.9,36.3,65,10.52,12245629,72915,58.57,3435.53,0,1200,400,720,240,4200,7500,8500,102,1.5,6000,0,0,0,0,0,70.91,30,61.67,66.63,54,0,0
2026-09-01T16:12:24.396000+09:00,2026-09-01T07:12:24.396000+00:00,094623,1813.1,1,0,0,0,0,13449,492,13449,0,0,0,0,4651,-28608,18518,6,4480,16,129,0,0,0,0,0,0,0,0,0,31082107,2018,0.44,780.36,2593.46,0,55,98.2,68.1,41.4,63.6,517.6,50,601.8,147.9,150.7,1019.3,365439,5547,12.75,90.7,1490,2.62,1.2,28.1,42.6,65,19.34,12245631,72915,66.28,3435.53,0,1200,400,720,240,4200,7500,8500,102,1.5,6000,0,0,0,0,0,73.13,30,67.04,69.43,54,0,0
2026-09-01T16:13:24.498000+09:00,2026-09-01T07:13:24.498000+00:00,094623,2261.4,1,0,0,0,0,13449,498,13449,0,0,0,0,4655,-26560,10326,6,4480,0,129,0,0,0,0,0,0,0,0,0,31082107,2018,0.44,920.74,3182.16,0,55.1,99.2,68,41.4,63.7,524.9,48.7,608.4,160.3,164.8,1051.5,365439,5547,12.76,88.8,1510,2.63,1.13,30.6,42.5,65,26.17,12245635,72915,73.77,3435.53,0,1200,400,720,240,4200,7500,8500,102,1.5,6000,0,0,0,0,0,77.35,30,75.39,67.5,54.1,0,0
2026-09-01T16:14:24.598000+09:00,2026-09-01T07:14:24.598000+00:00,094623,2477.5,1,0,0,0,0,13449,496,13449,0,0,0,0,4655,-26560,10390,6,20864,0,129,0,0,0,0,0,0,0,0,0,31082107,2018,0.43,1034.27,3511.76,0,55.3,97.1,67.7,41.4,64,526,48.7,612,165.4,170.3,1035.5,365439,5547,12.39,89,1500,2.62,1.16,31.7,41.9,65,26.14,12245639,72915,76.35,3435.53,0,1200,400,720,240,4200,7500,8500,102,1.5,6000,0,0,0,0,0,76.2,30,69.31,66.19,54,0,0
2026-09-01T16:15:24.688000+09:00,2026-09-01T07:15:24.688000+00:00,094623,1512.8,1,0,0,0,0,13449,499,13449,0,0,0,0,4655,-26560,12374,6,5025,8,129,0,0,0,0,0,0,0,0,0,31082107,2018,0.43,509.35,2022.16,0,55.5,98.2,67.9,41.4,64.4,529.3,50.3,610.4,161.7,166,1056.9,365439,5547,12.68,89.8,1500,2.69,1.13,23.5,37.9,65,12.54,12245643,72915,71.44,3435.54,0,1200,400,720,240,4200,7500,8500,102,1.5,6000,0,0,0,0,0,67.85,30,63.17,58.71,54,0,0
2026-09-01T16:16:24.786000+09:00,2026-09-01T07:16:24.786000+00:00,094623,1330.9,1,0,0,0,0,13449,492,13449,0,0,0,0,4655,-28608,10390,6,21376,0,129,0,0,0,0,0,0,0,0,0,31082107,2018,0.49,497.15,1828.06,0,55.3,97.1,68.3,41.4,64,525.8,49,598.5,148.9,151.6,1015.6,365439,5547,12.51,91.9,1490,2.66,1.12,22.8,37.9,65,11.19,12245645,72915,61.11,3435.54,0,1200,400,720,240,4200,7500,8500,102,1.5,6000,0,0,0,0,0,68.37,30,58.59,64.86,54.1,0,0
2026-09-01T16:17:24.882000+09:00,2026-09-01T07:17:24.882000+00:00,094623,2136.9,1,0,0,0,0,13449,493,13449,0,0,0,0,4651,-28608,10326,518,4480,0,129,0,0,0,0,0,0,0,0,0,31082107,2018,0.43,939.05,3075.96,0,55.2,98.7,68.3,41.4,63.6,516,50.5,599.2,150.3,153.6,1029.5,365439,5547,12.85,90.1,1490,2.61,1.2,30.1,42.1,65,21.05,12245647,72915,70.47,3435.54,0,1200,400,720,240,4200,7500,8500,102,1.5,6000,0,0,0,0,0,75.51,30,69.52,69.04,54.1,0,0
2026-09-01T16:18:24.967000+09:00,2026-09-01T07:18:24.967000+00:00,094623,2318.8,1,0,0,0,0,13449,495,13449,0,0,0,0,4651,-28608,10342,6,12676,0,129,0,0,0,0,0,0,0,0,0,31082107,2018,0.42,962.25,3281.04,0,55.4,99,68.1,41.4,64,525.7,50.3,606.8,163.7,168.8,1043.7,365440,5548,12.68,88.8,1500,2.63,1.15,30.9,42.3,65,26.39,12245652,72915,76.11,3435.54,0,1200,400,720,240,4200,7500,8500,102,1.5,6000,0,0,0,0,0,77.84,30,74.95,66.53,54.1,0,0
2026-09-01T16:19:25.060000+09:00,2026-09-01T07:19:25.060000+00:00,094623,2503.1,1,0,0,0,0,13449,495,13449,0,0,0,0,4655,-28608,10326,590,4480,8192,129,0,0,0,0,0,0,0,0,0,31082107,2018,0.43,1024.51,3527.63,0,55.6,97.2,67.8,41.3,64.4,526.2,50.7,610.4,167.2,172.3,1034.7,365440,5548,12.65,89.2,1500,2.6,1.16,31.7,41.8,65,26.17,12245656,72915,73.62,3435.54,0,1200,400,720,240,4200,7500,8500,102,1.5,6000,0,0,0,0,0,76.76,30,69.38,66.01,54.1,0,0
2026-09-01T16:20:25.161000+09:00,2026-09-01T07:20:25.161000+00:00,094623,2423.8,1,0,0,0,0,13449,502,13449,0,0,0,0,4651,-28608,2134,6,4992,528,129,0,0,0,0,0,0,0,0,0,31082107,2018,0.48,962.25,3386.03,0,55.7,98.1,67.8,41.3,64.7,526.7,49.4,616.2,171.4,176.7,1045.3,365440,5548,12.41,89.8,1520,2.65,1.14,30,40.2,65,24.94,12245661,72915,74.5,3435.54,0,1200,400,720,240,4200,7500,8500,102,1.5,6000,0,0,0,0,0,75.16,30,70.28,65.89,54.1,0,0
2026-09-01T16:21:25.255000+09:00,2026-09-01T07:21:25.255000+00:00,094623,1413.9,1,0,0,0,0,13449,493,13449,0,0,0,0,4655,-28608,10326,6,4992,0,129,0,0,0,0,0,0,0,0,0,31082107,2018,0.45,555.74,1969.66,0,55.7,97.5,68.3,41.4,64.6,525.1,49.5,602.2,157.1,160.4,1031.1,365440,5548,12.75,91,1470,2.65,1.08,22.4,35.1,65,11.45,12245663,72915,67.28,3435.54,0,1200,400,720,240,4200,7500,8500,102,1.5,6000,0,0,0,0,0,68.4,30,60.41,61.68,54.1,0,0
2026-09-01T16:22:25.346000+09:00,2026-09-01T07:22:25.346000+00:00,094623,1311.4,1,0,0,0,0,13449,499,13449,0,0,0,0,4651,-28608,10326,6,4992,0,129,0,0,0,0,0,0,0,0,0,31082107,2018,0.43,555.74,1867.12,0,55.4,98,68.6,41.4,64.2,522.8,51,598.7,150.1,153,1015.5,365440,5548,12.29,91.1,1490,2.68,1.07,21.9,34.9,65,11.63,12245665,72915,68.45,3435.54,0,1200,400,720,240,4200,7500,8500,102,1.5,6000,0,0,0,0,0,69.99,30,61.16,64.46,54.1,0,0
2026-09-01T16:23:25.449000+09:00,2026-09-01T07:23:25.449000+00:00,094623,2398.1,1,0,0,0,0,13449,496,13449,0,0,0,0,4651,-28608,10326,6,4480,8,129,0,0,0,0,0,0,0,0,0,31082107,2018,0.47,1013.52,3411.66,0,55.4,98.9,68.1,41.4,63.9,520.2,51.2,606.4,159.5,163.7,1026.2,365440,5548,12.18,89.7,1500,2.61,1.15,31.4,41.8,65,26.2,12245668,72915,71.47,3435.55,0,1200,400,720,240,4200,7500,8500,102,1.5,6000,0,0,0,0,0,78.3,30,73.82,70.01,54.2,0,0
2026-09-01T16:24:25.556000+09:00,2026-09-01T07:24:25.556000+00:00,094623,2376.2,1,0,0,0,0,13449,498,13449,0,0,0,0,4655,-28608,10326,590,4480,8192,129,0,0,0,0,0,0,0,0,0,31082107,2018,0.47,1015.96,3392.13,0,55.6,98.4,67.6,41.4,64.3,528.2,52.5,612.1,164,168.7,1062.6,365441,5549,12.75,89.9,1500,2.62,1.16,31.2,42.4,65,26.06,12245673,72915,76.31,3435.55,0,1200,400,720,240,4200,7500,8500,102,1.5,6000,0,0,0,0,0,76.76,30,73.88,70.47,54.2,0,0
2026-09-01T16:25:25.656000+09:00,2026-09-01T07:25:25.656000+00:00,094623,2185.7,1,0,0,0,0,13449,502,13449,0,0,0,0,4655,-28608,18518,518,4992,528,129,0,0,0,0,0,0,0,0,0,31082107,2018,0.46,891.45,3077.18,0,55.7,98.2,67.4,41.4,64.6,527.1,51.3,612.2,168.3,173.3,1067.3,365441,5549,12.88,89.8,1510,2.67,1.1,27.5,37.3,65,20.66,12245677,72915,77.09,3435.55,0,1200,400,720,240,4200,7500,8500,102,1.5,6000,0,0,0,0,0,71.62,30,69.83,66.34,54.2,0,0
2026-09-01T16:26:25.761000+09:00,2026-09-01T07:26:25.761000+00:00,094623,1766.7,1,0,0,0,0,13449,514,13449,0,0,0,0,4651,-28608,10326,6,4992,0,129,0,0,0,0,0,0,0,0,0,31082107,2018,0.44,733.97,2500.69,0,55.6,97,68.3,41.4,64.5,526.7,50.8,599.8,153.4,156.6,1041.5,365441,5549,12.77,90.4,1570,2.66,1.14,25.9,37.9,65,9.99,12245679,72915,64.06,3435.55,0,1200,400,720,240,4200,7500,8500,102,1.5,6000,0,0,0,0,0,68.93,30,60.61,62.89,54.2,0,0
2026-09-01T16:27:25.867000+09:00,2026-09-01T07:27:25.867000+00:00,094623,1434.7,1,0,0,0,0,13449,493,13449,0,0,0,0,4651,-28608,10326,6,4480,0,129,0,0,0,0,0,0,0,0,0,31082107,2018,0.44,537.43,1972.11,0,55.5,97.7,68.5,41.4,64.1,523.1,53.7,599.8,149.1,151.8,1048.9,365441,5549,12.65,91,1480,2.66,1.16,23.8,38.4,65,11.67,12245681,72915,65.29,3435.55,0,1200,400,720,240,4200,7500,8500,102,1.5,6000,0,0,0,0,0,70.01,30,61.22,65.89,54.2,0,0
2026-09-01T16:28:25.976000+09:00,2026-09-01T07:28:25.976000+00:00,094623,2425.0,1,0,0,0,0,13449,497,13449,0,0,0,0,4655,-28608,12374,6,4512,72,129,0,0,0,0,0,0,0,0,0,31082107,2018,0.46,1039.16,3464.16,0,55.7,99.2,68.1,41.4,64.1,521.9,51.2,609.5,162,166.7,1045.6,365441,5549,12.28,89.4,1510,2.62,1.16,31.6,42,65,26.35,12245685,72915,73.18,3435.55,0,1200,400,720,240,4200,7500,8500,102,1.5,6000,0,0,0,0,0,78.26,30,75.49,70.14,54.2,0,0
2026-09-01T16:29:26.065000+09:00,2026-09-01T07:29:26.065000+00:00,094623,2321.2,1,0,0,0,0,13449,502,13449,0,0,0,0,4651,-28608,10326,6,4992,0,129,0,0,0,0,0,0,0,0,0,31082107,2018,0.44,958.59,3279.82,0,55.8,98.5,67.8,41.4,64.5,524.2,51.2,610.6,168.8,174,1049.3,365441,5549,12.88,89,1520,2.68,1.12,28.6,38,65,22.38,12245689,72915,75.98,3435.55,0,1200,400,720,240,4200,7500,8500,102,1.5,6000,0,0,0,0,0,74.57,30,72.02,65,54.2,0,0
2026-09-01T16:30:26.159000+09:00,2026-09-01T07:30:26.159000+00:00,094623,1283.3,1,0,0,0,0,13449,499,13449,0,0,0,0,4651,-28608,18518,6,4992,528,129,0,0,0,0,0,0,0,0,0,31082107,2018,0.43,191.96,1475.26,0,55.5,96.7,68,41.4,64.5,526,51.2,599.6,155,158.4,1037.3,365442,5550,12.61,90.2,1480,2.68,0.89,23.1,37.9,65,11.28,12245692,72915,64.62,3435.55,0,1200,400,720,240,4200,7500,8500,102,1.5,6000,0,0,0,0,0,68.25,30,59.42,61.14,54.2,0,0
2026-09-01T16:31:26.251000+09:00,2026-09-01T07:31:26.251000+00:00,094623,1296.7,1,0,0,0,0,13449,498,13449,0,0,0,0,4651,-28608,10326,6,4992,0,129,0,0,0,0,0,0,0,0,0,31082107,2018,0.43,454.42,1751.15,0,55.2,97.6,68.3,41.5,63.9,526.3,54.4,593.3,147.7,150.5,1007.8,365442,5550,12.65,91.6,1500,2.68,1.13,22.8,39,65,11.3,12245694,72915,62.69,3435.55,0,1200,400,720,240,4200,7500,8500,102,1.5,6000,0,0,0,0,0,69.38,30,60.64,66.72,54.2,0,0
2026-09-01T16:32:26.335000+09:00,2026-09-01T07:32:26.335000+00:00,094623,2613.0,1,0,0,0,0,13449,495,13449,0,0,0,0,4651,-28608,10326,6,4480,0,129,0,0,0,0,0,0,0,0,0,31082107,2018,0.45,1111.18,3724.17,0,55.3,99.2,68,41.5,63.8,517.7,53.2,606,161.1,165.9,1040.2,365442,5550,12.57,89.3,1500,2.62,1.15,32,40.3,65,26.44,12245697,72915,72.08,3435.56,0,1200,400,720,240,4200,7500,8500,102,1.5,6000,0,0,0,0,0,77.98,30,75.09,69.56,54.3,0,0
2026-09-01T16:33:26.435000+09:00,2026-09-01T07:33:26.435000+00:00,094623,1807.0,1,0,0,0,0,13449,522,13449,0,0,0,0,4651,-28608,12438,590,21408,8264,129,0,0,0,0,0,0,0,0,0,31082107,2018,0.37,737.63,2544.63,0,55.3,97,67.8,41.5,64.1,521.1,54.4,601.4,154.4,158.1,1053.4,365442,5550,12.93,89.6,1570,2.79,1.1,25.4,36.1,65,13,12245700,72915,68.49,3435.56,0,1200,400,720,240,4200,7500,8500,102,1.5,6000,0,0,0,0,0,71.16,30,63.3,63.29,54.2,0,0
2026-09-01T16:34:26.547000+09:00,2026-09-01T07:34:26.547000+00:00,094623,1875.4,1,0,0,0,0,13449,519,13449,0,0,0,0,4655,-26560,10326,6,4992,0,129,0,0,0,0,0,0,0,0,0,31082107,2018,0.43,882.9,2758.26,0,55,97.7,67.8,41.5,63.8,518.2,54,595.5,149.4,152.9,1073.2,365442,5550,12.8,90.4,1580,2.78,1.12,26.5,37,65,10.42,12245702,72915,61.49,3435.56,0,1200,400,720,240,4200,7500,8500,102,1.5,6000,0,0,0,0,0,70.72,30,63.68,65.57,54.3,0,0
2026-09-01T16:35:26.647000+09:00,2026-09-01T07:35:26.647000+00:00,094623,2428.7,1,0,0,0,0,13449,496,13449,0,0,0,0,4655,-26560,18582,6,20864,528,129,0,0,0,0,0,0,0,0,0,31082107,2018,0.47,987.88,3416.55,0,54.8,98.3,67.9,41.5,63.6,517.2,56.4,600.4,157.9,162.2,1090,365442,5550,12.32,89.8,1500,2.62,1.15,31.3,41.4,65,25.95,12245705,72915,70.52,3435.56,0,1200,400,720,240,4200,7500,8500,102,1.5,6000,0,0,0,0,0,76.73,30,71.67,70.24,54.3,0,0
2026-09-01T16:36:26.738000+09:00,2026-09-01T07:36:26.738000+00:00,094623,2372.5,1,0,0,0,0,13449,496,13449,0,0,0,0,4655,-28608,10326,6,4480,0,129,0,0,0,0,0,0,0,0,0,31082107,2018,0.45,972.01,3344.52,0,55,98.8,67.7,41.4,64,525.7,53.5,606.8,165.5,170.2,1060.7,365443,5551,12.67,89.1,1500,2.62,1.16,31.2,42.5,65,26.56,12245710,72915,77.59,3435.56,0,1200,400,720,240,4200,7500,8500,102,1.5,6000,0,0,0,0,0,76.08,30,74.62,67.29,54.3,0,0
2026-09-01T16:37:26.835000+09:00,2026-09-01T07:37:26.835000+00:00,094623,2403.0,1,0,0,0,0,13449,502,13449,0,0,0,0,4651,-28608,10342,6,13188,0,129,0,0,0,0,0,0,0,0,0,31082107,2018,0.47,1106.3,3509.32,0,55.2,98.3,67.5,41.4,64.3,525.4,52,609.1,169.9,174.7,1098.7,365443,5551,12.7,89,1510,2.66,1.15,30,39.7,65,24.66,12245714,72915,73.93,3435.56,0,1200,400,720,240,4200,7500,8500,102,1.5,6000,0,0,0,0,0,73.63,30,72.57,63.99,54.3,0,0
2026-09-01T16:38:26.944000+09:00,2026-09-01T07:38:26.944000+00:00,094623,1341.9,1,0,0,0,0,13449,491,13449,0,0,0,0,4655,-28608,12374,6,5024,72,129,0,0,0,0,0,0,0,0,0,31082107,2018,0.46,456.86,1798.76,0,55.2,96.5,67.8,41.4,64.3,527.2,53.4,599.5,155.9,159.1,1036,365443,5551,12.67,90.3,1480,2.66,1.1,22.3,36.8,65,11.17,12245716,72915,62.28,3435.56,0,1200,400,720,240,4200,7500,8500,102,1.5,6000,0,0,0,0,0,65.72,30,58.38,59.11,54.3,0,0
2026-09-01T16:39:27.031000+09:00,2026-09-01T07:39:27.031000+00:00,094623,1310.2,1,0,0,0,0,13449,492,13449,0,0,0,0,4651,-28608,10326,6,4992,0,129,0,0,0,0,0,0,0,0,0,31082107,2018,0.39,443.43,1753.59,0,55,97.9,68.5,41.4,63.8,524.7,54.5,593.6,148.5,151.3,1025.9,365443,5551,12.35,92.6,1480,2.65,1.08,22.1,36.7,65,11.7,12245718,72915,64.27,3435.56,0,1200,400,720,240,4200,7500,8500,102,1.5,6000,0,0,0,0,0,68.1,30,60.79,68.7,54.3,0,0
2026-09-01T16:40:27.140000+09:00,2026-09-01T07:40:27.140000+00:00,094623,2530.0,1,0,0,0,0,13449,497,13449,0,0,0,0,4655,-26560,2134,78,4480,8192,129,0,0,0,0,0,0,0,0,0,31082107,2018,0.43,1037.93,3567.92,0,55.1,98.8,68.2,41.4,63.5,518.7,56.2,602.8,158.1,162.2,1031.8,365443,5551,12.64,89.1,1500,2.63,1.16,32,41.5,65,26.28,12245722,72915,73.51,3435.56,0,1200,400,720,240,4200,7500,8500,102,1.5,6000,0,0,0,0,0,77.12,30,73.52,68.46,54.3,0,0
2026-09-01T16:41:27.235000+09:00,2026-09-01T07:41:27.235000+00:00,094623,1671.5,1,0,0,0,0,13449,521,13449,0,0,0,0,4651,-28608,10326,6,4992,0,129,0,0,0,0,0,0,0,0,0,31082107,2018,0.35,688.8,2360.3,0,55.2,97.3,67.9,41.4,64,522,54.5,601.4,156.4,160.2,1036.1,365443,5551,12.27,88.8,1560,2.8,1.05,23.8,34.8,65,14.89,12245725,72915,68.63,3435.57,0,1200,400,720,240,4200,7500,8500,102,1.5,6000,0,0,0,0,0,69.39,30,63.19,58.68,54.3,0,0
2026-09-01T16:42:27.330000+09:00,2026-09-01T07:42:27.330000+00:00,094623,1737.4,1,0,0,0,0,13449,521,13449,0,0,0,0,4651,-28608,10326,6,4992,0,129,0,0,0,0,0,0,0,0,0,31082107,2018,0.41,777.92,2515.33,0,54.9,97.4,67.9,41.4,63.7,518.3,54.3,595.3,149.2,152.4,1033.3,365444,5552,12.91,91.3,1570,2.79,1.08,24.9,35.2,65,16.23,12245727,72915,57.16,3435.57,0,1200,400,720,240,4200,7500,8500,102,1.5,6000,0,0,0,0,0,69.4,30,61.67,66.5,54.3,0,0
2026-09-01T16:43:27.422000+09:00,2026-09-01T07:43:27.422000+00:00,094623,2335.9,1,0,0,0,0,13449,495,13449,0,0,0,0,4655,-28608,12374,6,4512,8,129,0,0,0,0,0,0,0,0,0,31082107,2018,0.44,937.83,3273.72,0,54.9,98.3,68.1,41.4,63.5,514.8,58.1,598.1,154.9,158.9,1033.5,365444,5552,12.55,89.9,1490,2.63,1.16,30.7,41.4,65,24.31,12245730,72915,69.9,3435.57,0,1200,400,720,240,4200,7500,8500,102,1.5,6000,0,0,0,0,0,75.72,30,70.39,70.06,54.4,0,0
2026-09-01T16:44:27.522000+09:00,2026-09-01T07:44:27.522000+00:00,094623,2273.6,1,0,0,0,0,13449,496,13449,0,0,0,0,4655,-28608,10326,6,4480,0,129,0,0,0,0,0,0,0,0,0,31082107,2018,0.43,942.72,3216.35,0,55,98.6,67.9,41.3,63.8,527.6,57.7,604.6,163,167.7,1081.4,365444,5552,12.47,89.2,1500,2.63,1.16,30.9,43.3,65,26.48,12245734,72915,74.47,3435.57,0,1200,400,720,240,4200,7500,8500,102,1.5,6000,0,0,0,0,0,76.29,30,73.64,68.17,54.4,0,0
2026-09-01T16:45:27.626000+09:00,2026-09-01T07:45:27.626000+00:00,094623,2490.9,1,0,0,0,0,13449,501,13449,0,0,0,0,4655,-28608,10326,6,4992,0,129,0,0,0,0,0,0,0,0,0,31082107,2018,0.43,1011.08,3502,0,55,97.7,67.5,41.3,64.1,523.6,56.9,607.5,169.3,174.5,1073.8,365444,5552,12.77,89,1510,2.66,1.15,29.8,38.8,65,24.14,12245738,72915,76.53,3435.57,0,1200,400,720,240,4200,7500,8500,102,1.5,6000,0,0,0,0,0,72.51,30,68.89,64.11,54.4,0,0
2026-09-01T16:46:27.734000+09:00,2026-09-01T07:46:27.734000+00:00,094623,1440.8,1,0,0,0,0,13449,494,13449,0,0,0,0,4651,-28608,10326,6,4992,0,129,0,0,0,0,0,0,0,0,0,31082107,2018,0.43,513.02,1953.79,0,54.9,97.3,68,41.3,64.1,525.3,55.7,599.6,157.5,161.1,1048.1,365444,5552,12.8,90.4,1490,2.68,1.12,23,36.8,65,11.18,12245741,72915,62.94,3435.57,0,1200,400,720,240,4200,7500,8500,102,1.5,6000,0,0,0,0,0,66.18,30,59.71,60.14,54.4,0,0
2026-09-01T16:47:27.828000+09:00,2026-09-01T07:47:27.828000+00:00,094623,1471.3,1,0,0,0,0,13449,492,13449,0,0,0,0,4651,-28608,10326,6,4992,0,129,0,0,0,0,0,0,0,0,0,31082107,2018,0.42,604.57,2075.87,0,54.8,97.6,68.4,41.3,63.7,522.5,57.2,593.8,151,153.9,1065.4,365444,5552,12.82,91,1490,2.66,1.12,23.2,36.3,65,11.16,12245743,72915,63.42,3435.57,0,1200,400,720,240,4200,7500,8500,102,1.5,6000,0,0,0,0,0,67.87,30,59.49,63.29,54.4,0,0
2026-09-01T16:48:27.949000+09:00,2026-09-01T07:48:27.949000+00:00,094623,2468.9,1,0,0,0,0,13449,495,13449,0,0,0,0,4651,-28608,10326,6,4480,528,129,0,0,0,0,0,0,0,0,0,31082107,2018,0.48,997.65,3466.6,0,54.9,99.3,68.2,41.3,63.6,520.7,62.5,602.4,162.7,167.4,1083.9,365445,5553,12.62,89.5,1500,2.61,1.15,31.2,41.1,65,26.24,12245746,72915,71.2,3435.57,0,1200,400,720,240,4200,7500,8500,102,1.5,6000,0,0,0,0,0,77.02,30,74.36,68.81,54.4,0,0
2026-09-01T16:49:28.043000+09:00,2026-09-01T07:49:28.043000+00:00,094623,2450.6,1,0,0,0,0,13449,501,13449,0,0,0,0,4655,-28608,10326,6,4992,0,129,0,0,0,0,0,0,0,0,0,31082107,2018,0.46,1058.69,3509.32,0,55,98.4,68,41.3,64,524.4,58.2,606,169.5,174.5,1057.2,365445,5553,12.81,89.4,1510,2.66,1.15,30.3,39.9,65,24.98,12245751,72915,75.42,3435.58,0,1200,400,720,240,4200,7500,8500,102,1.5,6000,0,0,0,0,0,75.37,30,72.1,66.57,54.4,0,0
2026-09-01T16:50:28.135000+09:00,2026-09-01T07:50:28.135000+00:00,094623,1299.2,1,0,0,0,0,13449,492,13449,0,0,0,0,4651,-28608,10326,6,4992,0,129,0,0,0,0,0,0,0,0,0,31082107,2018,0.43,412.92,1712.09,0,54.9,97.3,68,41.3,64,527.5,56.9,596.5,155,157.7,1012.1,365445,5553,12.8,90.4,1480,2.66,1.08,21.8,36.7,65,11.29,12245753,72915,64.8,3435.58,0,1200,400,720,240,4200,7500,8500,102,1.5,6000,0,0,0,0,0,67.16,30,60.3,61,54.4,0,0
2026-09-01T16:51:28.247000+09:00,2026-09-01T07:51:28.247000+00:00,094623,1356.5,1,0,0,0,0,13449,500,13449,0,0,0,0,4651,-28608,10326,6,4992,0,129,0,0,0,0,0,0,0,0,0,31082107,2018,0.41,544.75,1901.3,0,54.7,97.4,68,41.3,63.5,522.7,56.4,592.7,148.9,151.6,1020.1,365445,5553,12.76,91.3,1490,2.69,1.06,21.9,34.9,65,11.83,12245755,72915,64.99,3435.58,0,1200,400,720,240,4200,7500,8500,102,1.5,6000,0,0,0,0,0,67.28,30,59.33,65.55,54.5,0,0
2026-09-01T16:52:28.343000+09:00,2026-09-01T07:52:28.343000+00:00,094623,2625.2,1,0,0,0,0,13449,497,13449,0,0,0,0,4651,-28608,10390,6,20864,0,129,0,0,0,0,0,0,0,0,0,31082107,2018,0.47,1084.32,3709.52,0,54.7,99,67.8,41.3,63.4,518.3,57.2,600.1,162.2,166.7,1054.5,365445,5553,12.64,89.2,1510,2.63,1.15,32,40.6,65,26.3,12245759,72915,69.66,3435.58,0,1200,400,720,240,4200,7500,8500,102,1.5,6000,0,0,0,0,0,75.79,30,73.69,69.09,54.5,0,0
2026-09-01T16:53:28.444000+09:00,2026-09-01T07:53:28.444000+00:00,094623,1475.0,1,0,0,0,0,13449,497,13449,0,0,0,0,4651,-28608,18518,6,4992,528,129,0,0,0,0,0,0,0,0,0,31082107,2018,0.38,520.34,1995.3,0,54.9,97.2,68,41.3,63.7,524.6,57.7,597.9,157.5,161.2,1034.5,365445,5553,12.75,89.5,1500,2.69,1.13,23.1,36.9,65,11.18,12245762,72915,69.08,3435.58,0,1200,400,720,240,4200,7500,8500,102,1.5,6000,0,0,0,0,0,67.07,30,60.35,59.41,54.5,0,0
2026-09-01T16:54:28.525000+09:00,2026-09-01T07:54:28.525000+00:00,094623,1387.1,1,0,0,0,0,13449,496,13449,0,0,0,0,4655,-28608,10342,6,13188,0,129,0,0,0,0,0,0,0,0,0,31082107,2018,0.37,476.39,1863.46,0,54.6,98,68,41.3,63.4,524.4,56.4,592.8,149.3,152.1,1015.5,365446,5554,12.24,91.2,1490,2.68,1.12,22.9,38,65,11.08,12245764,72915,60.39,3435.58,0,1200,400,720,240,4200,7500,8500,102,1.5,6000,0,0,0,0,0,67.02,30,61.15,65.11,54.5,0,0
2026-09-01T16:55:28.633000+09:00,2026-09-01T07:55:28.633000+00:00,094623,2511.7,1,0,0,0,0,13449,495,13449,0,0,0,0,4655,-28608,10326,518,4480,0,129,0,0,0,0,0,0,0,0,0,31082107,2018,0.46,1084.32,3596,0,54.7,98.1,67.9,41.3,63.1,515.9,57.4,598.5,156.5,160.5,1031.1,365446,5554,12.86,89.4,1500,2.62,1.17,31.7,40.9,65,25.04,12245766,72915,67.81,3435.58,0,1200,400,720,240,4200,7500,8500,102,1.5,6000,0,0,0,0,0,75.59,30,70.28,69.79,54.5,0,0
2026-09-01T16:56:28.735000+09:00,2026-09-01T07:56:28.735000+00:00,094623,1686.1,1,0,0,0,0,13449,522,13449,0,0,0,0,4655,-28608,12374,6,5024,72,129,0,0,0,0,0,0,0,0,0,31082107,2018,0.35,713.22,2399.36,0,54.8,98,67.8,41.3,63.5,523.8,56.7,596.8,156.2,160,1024.7,365446,5554,12.84,88.7,1570,2.81,1.07,24.5,36.4,65,16.27,12245770,72915,73.57,3435.58,0,1200,400,720,240,4200,7500,8500,102,1.5,6000,0,0,0,0,0,69.24,30,65.82,60.35,54.5,0,0
2026-09-01T16:57:28.825000+09:00,2026-09-01T07:57:28.825000+00:00,094623,1785.0,1,0,0,0,0,13449,522,13449,0,0,0,0,4651,-28608,10326,6,4992,0,129,0,0,0,0,0,0,0,0,0,31082107,2018,0.38,781.58,2566.61,0,54.5,97.3,67.8,41.3,63.1,521.8,57.5,590.9,147.5,150.3,1018.2,365446,5554,12.71,90.8,1570,2.81,1.12,25.8,37.4,65,11.74,12245772,72915,56.77,3435.58,0,1200,400,720,240,4200,7500,8500,102,1.5,6000,0,0,0,0,0,69.49,30,62.15,66.58,54.5,0,0
2026-09-01T16:58:28.928000+09:00,2026-09-01T07:58:28.928000+00:00,094623,2454.3,1,0,0,0,0,13449,495,13449,0,0,0,0,4651,-28608,18518,6,4480,528,129,0,0,0,0,0,0,0,0,0,31082107,2018,0.45,1083.1,3537.4,0,54.5,97.8,67.9,41.3,62.8,514.5,58.1,594.3,153.8,157.1,1051.5,365446,5554,12.74,90.6,1490,2.64,1.18,31.2,40.9,65,24.31,12245774,72915,65.96,3435.59,0,1200,400,720,240,4200,7500,8500,102,1.5,6000,0,0,0,0,0,74.11,30,68.5,71.94,54.6,0,0
2026-09-01T16:59:29.016000+09:00,2026-09-01T07:59:29.016000+00:00,094623,1576.3,1,0,0,0,0,13449,500,13449,0,0,0,0,4651,-28608,10326,6,4992,0,129,0,0,0,0,0,0,0,0,0,31082107,2018,0.39,532.55,2108.83,0,54.7,98.9,67.9,41.2,63.3,527.4,58,600.6,161.6,166.2,1038,365446,5554,12.32,88.6,1500,2.7,1.11,23.9,38,65,14.15,12245778,72915,77.22,3435.59,0,1200,400,720,240,4200,7500,8500,102,1.5,6000,0,0,0,0,0,67.22,30,66.37,58.14,54.5,0,0
2026-09-01T17:00:29.135000+09:00,2026-09-01T08:00:29.135000+00:00,094623,1576.3,1,0,0,0,0,13449,521,13449,0,0,0,0,4651,-28608,10326,6,4992,0,129,0,0,0,0,0,0,0,0,0,31082107,2018,0.38,676.59,2252.88,0,54.3,96.8,68,41.2,63.1,521.2,59.4,590.9,148,150.9,1016.2,365447,5555,12.81,90.5,1570,2.83,1.08,24,36.2,65,11.39,12245780,72915,58.69,3435.59,0,1200,400,720,240,4200,7500,8500,102,1.5,6000,0,0,0,0,0,68.26,30,59.44,63.81,54.6,0,0
2026-09-01T17:01:29.230000+09:00,2026-09-01T08:01:29.230000+00:00,094623,1935.2,1,0,0,0,0,13449,493,13449,0,0,0,0,4651,-28608,12374,6,4512,72,129,0,0,0,0,0,0,0,0,0,31082107,2018,0.43,793.79,2728.96,0,54.3,97.7,67.9,41.2,62.7,516.3,60.1,592,149.3,152.3,1013.7,365447,5555,12.63,90.8,1490,2.64,1.19,28.1,41.5,65,18.66,12245782,72915,66.58,3435.59,0,1200,400,720,240,4200,7500,8500,102,1.5,6000,0,0,0,0,0,70.62,30,64.76,69.06,54.6,0,0
2026-09-01T17:02:29.345000+09:00,2026-09-01T08:02:29.345000+00:00,094623,2403.0,1,0,0,0,0,13449,495,13449,0,0,0,0,4655,-28608,10326,6,4480,0,129,0,0,0,0,0,0,0,0,0,31082107,2018,0.44,1045.26,3448.29,0,54.5,99.3,67.9,41.2,63,524.4,58.5,602.3,163.5,168.4,1060.3,365447,5555,12.61,89,1500,2.63,1.16,31.3,42,65,26.55,12245786,72915,73.37,3435.59,0,1200,400,720,240,4200,7500,8500,102,1.5,6000,0,0,0,0,0,74.72,30,74.5,67.32,54.6,0,0
2026-09-01T17:03:29.433000+09:00,2026-09-01T08:03:29.433000+00:00,094623,2057.6,1,0,0,0,0,13449,502,13449,0,0,0,0,4655,-28608,18518,6,4992,528,129,0,0,0,0,0,0,0,0,0,31082107,2018,0.41,824.3,2881.86,0,54.7,97.5,67.9,41.1,63.5,527.2,57.7,608.6,169.1,174.4,1097.3,365447,5555,12.69,88.7,1510,2.7,1.1,26.4,36.8,65,18.89,12245791,72915,75.77,3435.59,0,1200,400,720,240,4200,7500,8500,102,1.5,6000,0,0,0,0,0,69.7,30,64.68,59.79,54.6,0,0
2026-09-01T17:04:29.530000+09:00,2026-09-01T08:04:29.530000+00:00,094623,1324.8,1,0,0,0,0,13449,506,13449,0,0,0,0,4651,-28608,10326,590,4992,8192,129,0,0,0,0,0,0,0,0,0,31082107,2018,0.45,510.57,1835.38,0,54.5,97.4,68.2,41.1,63.4,524.3,59.2,596.5,153.5,156.7,1021.3,365447,5555,12.67,90.9,1500,2.74,1.05,21.6,34.7,65,12.46,12245793,72915,59.59,3435.59,0,1200,400,720,240,4200,7500,8500,102,1.5,6000,0,0,0,0,0,66.32,30,59.24,61.43,54.6,0,0
2026-09-01T17:05:29.635000+09:00,2026-09-01T08:05:29.635000+00:00,094623,1475.0,1,0,0,0,0,13449,494,13449,0,0,0,0,4651,-28608,10326,6,4480,0,129,0,0,0,0,0,0,0,0,0,31082107,2018,0.4,537.43,2012.39,0,54.4,97.8,68.2,41.1,63,524.9,58.1,592.6,147.8,150.8,1037.8,365447,5555,12.56,90.9,1490,2.66,1.17,24.8,41,65,13.5,12245795,72915,68.02,3435.59,0,1200,400,720,240,4200,7500,8500,102,1.5,6000,0,0,0,0,0,68.34,30,61.43,65.54,54.6,0,0
2026-09-01T17:06:29.737000+09:00,2026-09-01T08:06:29.737000+00:00,094623,2504.3,1,0,0,0,0,13449,496,13449,0,0,0,0,4651,-28608,12374,6,4512,72,129,0,0,0,0,0,0,0,0,0,31082107,2018,0.47,1079.44,3583.79,0,54.5,99.3,67.9,41.1,62.9,522.3,58.1,602.8,162.2,166.9,1022.8,365448,5556,12.52,89.4,1500,2.63,1.16,31.9,41.7,65,25.92,12245799,72915,71.42,3435.59,0,1200,400,720,240,4200,7500,8500,102,1.5,6000,0,0,0,0,0,75.13,30,73.99,68.26,54.6,0,0
2026-09-01T17:07:29.832000+09:00,2026-09-01T08:07:29.832000+00:00,094623,1667.8,1,0,0,0,0,13449,498,13449,0,0,0,0,4655,-26560,10326,6,4992,0,129,0,0,0,0,0,0,0,0,0,31082107,2018,0.4,578.94,2246.77,0,54.7,97.9,67.6,41,63.4,526.3,56.6,604.4,164.7,169.3,1047.3,365448,5556,12.69,89.6,1500,2.7,1.12,24,36.7,65,13.12,12245802,72915,75.67,3435.6,0,1200,400,720,240,4200,7500,8500,102,1.5,6000,0,0,0,0,0,65.32,30,62.54,59.68,54.7,0,0
2026-09-01T17:08:29.925000+09:00,2026-09-01T08:08:29.925000+00:00,094623,1352.9,1,0,0,0,0,13449,491,13449,0,0,0,0,4655,-28608,18518,6,4992,528,129,0,0,0,0,0,0,0,0,0,31082107,2018,0.43,531.33,1884.21,0,54.5,97.1,68.3,41.1,63.2,523.1,56.6,597.2,152.6,156,1078.4,365448,5556,12.36,90.7,1480,2.66,1.09,22.4,36.1,65,11.4,12245804,72915,59.82,3435.6,0,1200,400,720,240,4200,7500,8500,102,1.5,6000,0,0,0,0,0,66.27,30,57.91,61.99,54.7,0,0
2026-09-01T17:09:30.041000+09:00,2026-09-01T08:09:30.041000+00:00,094623,2036.5,1,0,0,0,0,13449,492,13449,0,0,0,0,4655,-28608,10326,590,4480,8192,129,0,0,0,0,0,0,0,0,0,31082107,2018,0.48,807.21,2843.71,0,54.4,98.2,68.3,41,62.9,518.3,57.8,595.1,152,155.4,1028.7,365448,5556,12.59,91,1490,2.63,1.19,29.2,42.4,65,21.45,12245807,72915,64.54,3435.6,0,1200,400,720,240,4200,7500,8500,102,1.5,6000,0,0,0,0,0,73.12,30,67.36,70.98,54.7,0,0
2026-09-01T17:10:30.125000+09:00,2026-09-01T08:10:30.125000+00:00,094623,2399.4,1,0,0,0,0,13449,496,13449,0,0,0,0,4651,-28608,10326,6,4480,0,129,0,0,0,0,0,0,0,0,0,31082107,2018,0.44,976.9,3376.26,0,54.5,99.1,68,41,63.1,525.2,56.7,604.2,166,171,1043.3,365448,5556,12.67,88.8,1500,2.64,1.14,30.9,41.8,65,26.54,12245811,72915,77.19,3435.6,0,1200,400,720,240,4200,7500,8500,102,1.5,6000,0,0,0,0,0,75.28,30,74.25,66.78,54.7,0,0
2026-09-01T17:11:30.230000+09:00,2026-09-01T08:11:30.230000+00:00,094623,2444.5,1,0,0,0,0,13449,496,13449,0,0,0,0,4651,-28608,12438,6,20896,72,129,0,0,0,0,0,0,0,0,0,31082107,2018,0.45,935.39,3379.92,0,54.6,97.8,68,40.9,63.5,528.6,56.7,607.3,168.7,173.5,1031.3,365448,5556,12.65,88.8,1500,2.62,1.15,31.1,42,65,26.22,12245815,72915,75.5,3435.6,0,1200,400,720,240,4200,7500,8500,102,1.5,6000,0,0,0,0,0,75.34,30,71.02,64.86,54.7,0,0
2026-09-01T17:12:30.325000+09:00,2026-09-01T08:12:30.325000+00:00,094623,2539.8,1,0,0,0,0,13449,498,13449,0,0,0,0,4651,-28608,10326,6,4992,0,129,0,0,0,0,0,0,0,0,0,31082107,2018,0.49,1103.85,3643.6,0,54.8,97.3,67.9,40.9,63.8,527.6,55.7,609.3,171.9,176.8,1032.8,365449,5557,12.94,89.8,1510,2.64,1.15,31.2,40.7,65,26.55,12245820,72915,73.27,3435.6,0,1200,400,720,240,4200,7500,8500,102,1.5,6000,0,0,0,0,0,74.61,30,68.41,66.43,54.7,0,0
2026-09-01T17:13:30.427000+09:00,2026-09-01T08:13:30.427000+00:00,094623,1595.8,1,0,0,0,0,13449,519,13449,0,0,0,0,4655,-28608,10342,6,13188,0,129,0,0,0,0,0,0,0,0,0,31082107,2018,0.47,652.18,2247.99,0,54.8,98,68.1,40.9,63.9,524.7,55.9,602.1,158.8,162.2,1023.8,365449,5557,12.84,90.5,1560,2.82,1.05,23.2,34.1,65,14.56,12245822,72915,66.76,3435.6,0,1200,400,720,240,4200,7500,8500,102,1.5,6000,0,0,0,0,0,67.5,30,62.53,61.05,54.7,0,0
2026-09-01T17:14:30.562000+09:00,2026-09-01T08:14:30.562000+00:00,094623,1528.7,1,0,0,0,0,13449,520,13449,0,0,0,0,4651,-28608,10326,6,4992,0,129,0,0,0,0,0,0,0,0,0,31082107,2018,0.43,679.04,2207.71,0,54.5,97.2,68.4,40.9,63.4,522.9,56.5,595.6,150.4,153.2,1033.3,365449,5557,12.73,92.2,1560,2.81,1.07,23.5,35.6,65,16.8,12245825,72915,63.91,3435.6,0,1200,400,720,240,4200,7500,8500,102,1.5,6000,0,0,0,0,0,69.55,30,59.73,68.89,54.8,0,0
2026-09-01T17:15:30.645000+09:00,2026-09-01T08:15:30.645000+00:00,094623,2439.7,1,0,0,0,0,13449,495,13449,0,0,0,0,4651,-28608,10326,518,4480,0,129,0,0,0,0,0,0,0,0,0,31082107,2018,0.45,980.56,3420.21,0,54.3,99.1,68.2,40.9,63.1,520.9,59.9,602.7,160.7,164.9,1059.7,365449,5557,12.86,89.6,1500,2.63,1.15,31.2,41.6,65,25.93,12245828,72915,70.01,3435.6,0,1200,400,720,240,4200,7500,8500,102,1.5,6000,0,0,0,0,0,76.54,30,72.91,69.32,54.7,0,0
2026-09-01T17:16:30.741000+09:00,2026-09-01T08:16:30.741000+00:00,094623,2422.6,1,0,0,0,0,13449,496,13449,0,0,0,0,4651,-28608,12374,6,4480,0,129,0,0,0,0,0,0,0,0,0,31082107,2018,0.43,973.23,3395.79,0,54.5,98,67.9,40.8,63.4,528.6,57.4,609,167.2,171.7,1024.8,365449,5557,12.85,89.5,1500,2.63,1.15,31.1,42.3,65,26.26,12245832,72915,75.2,3435.61,0,1200,400,720,240,4200,7500,8500,102,1.5,6000,0,0,0,0,0,75.93,30,71.57,68.56,54.8,0,0
2026-09-01T17:17:30.837000+09:00,2026-09-01T08:17:30.837000+00:00,094623,1999.9,1,0,0,0,0,13449,502,13449,0,0,0,0,4655,-28608,10326,518,4992,0,129,0,0,0,0,0,0,0,0,0,31082107,2018,0.44,808.43,2808.31,0,54.6,97.7,67.7,40.8,63.9,529.3,57.2,613,170.4,175.1,1051.9,365449,5557,12.79,89.6,1510,2.69,1.1,25.7,36.2,65,17.21,12245836,72915,76.4,3435.61,0,1200,400,720,240,4200,7500,8500,102,1.5,6000,0,0,0,0,0,69.22,30,63.7,62.36,54.8,0,0
2026-09-01T17:18:30.930000+09:00,2026-09-01T08:18:30.930000+00:00,094623,1420.0,1,0,0,0,0,13449,491,13449,0,0,0,0,4655,-26560,10326,6,4992,0,129,0,0,0,0,0,0,0,0,0,31082107,2018,0.42,564.29,1984.31,0,54.4,97.2,68,40.8,63.6,525.3,59.1,600.6,155.9,158.9,1041.2,365450,5558,12.73,90.6,1480,2.66,1.11,22.9,36.4,65,10.61,12245838,72915,62.09,3435.61,0,1200,400,720,240,4200,7500,8500,102,1.5,6000,0,0,0,0,0,66.26,30,58.54,61.42,54.8,0,0
2026-09-01T17:19:31.030000+09:00,2026-09-01T08:19:31.030000+00:00,094623,1714.2,1,0,0,0,0,13449,494,13449,0,0,0,0,4651,-28608,10326,6,4480,0,129,0,0,0,0,0,0,0,0,0,31082107,2018,0.4,683.92,2398.14,0,54.3,98.6,68.1,40.8,63.2,520.7,59,596.5,152.1,155.2,1050.4,365450,5558,12.24,90.7,1490,2.65,1.19,26.2,40.2,65,15.13,12245840,72915,64.97,3435.61,0,1200,400,720,240,4200,7500,8500,102,1.5,6000,0,0,0,0,0,69.57,30,64.8,66.12,54.8,0,0
2026-09-01T17:20:31.128000+09:00,2026-09-01T08:20:31.128000+00:00,094623,2259.0,1,0,0,0,0,13449,496,13449,0,0,0,0,4651,-28608,10326,6,4480,0,129,0,0,0,0,0,0,0,0,0,31082107,2018,0.46,898.77,3157.75,0,54.5,99,67.9,40.8,63.2,527.2,57.5,604.3,163.3,167.6,1020.2,365450,5558,12.86,89.2,1500,2.63,1.14,30.6,43.1,65,26.48,12245844,72915,73.17,3435.61,0,1200,400,720,240,4200,7500,8500,102,1.5,6000,0,0,0,0,0,75.65,30,73.59,68.27,54.8,0,0
2026-09-01T17:21:31.221000+09:00,2026-09-01T08:21:31.221000+00:00,094623,2606.9,1,0,0,0,0,13449,496,13449,0,0,0,0,4651,-28608,18518,6,4480,528,129,0,0,0,0,0,0,0,0,0,31082107,2018,0.45,1179.54,3786.43,0,54.8,98.3,67.5,40.7,63.6,526.2,56.9,605.2,169.2,173.9,1070.5,365450,5558,12.7,88.8,1500,2.62,1.16,31.9,40.8,65,26.44,12245849,72915,74.79,3435.61,0,1200,400,720,240,4200,7500,8500,102,1.5,6000,0,0,0,0,0,74.07,30,72.74,65.35,54.8,0,0
2026-09-01T17:22:31.311000+09:00,2026-09-01T08:22:31.311000+00:00,094623,1498.2,1,0,0,0,0,13449,498,13449,0,0,0,0,4651,-28608,10326,6,4992,0,129,0,0,0,0,0,0,0,0,0,31082107,2018,0.45,517.9,2016.05,0,54.7,97.2,67.6,40.7,63.8,528.1,58.3,602.2,160.8,164.4,1025.9,365450,5558,12.45,89.8,1500,2.69,1.13,23.2,37.2,65,11.36,12245852,72915,63.8,3435.61,0,1200,400,720,240,4200,7500,8500,102,1.5,6000,0,0,0,0,0,64.33,30,59.84,57.88,54.8,0,0
2026-09-01T17:23:31.427000+09:00,2026-09-01T08:23:31.427000+00:00,094623,1410.3,1,0,0,0,0,13449,499,13449,0,0,0,0,4651,-28608,10326,6,4992,0,129,0,0,0,0,0,0,0,0,0,31082107,2018,0.46,598.47,2008.73,0,54.5,97.1,68.4,40.7,63.5,525.3,58.6,595.7,152.6,155.7,1025.8,365450,5558,12.69,92.7,1510,2.7,1.14,23.3,37.3,65,11.38,12245854,72915,62.8,3435.61,0,1200,400,720,240,4200,7500,8500,102,1.5,6000,0,0,0,0,0,66.9,30,58.11,68.09,54.8,0,0
2026-09-01T17:24:31.529000+09:00,2026-09-01T08:24:31.529000+00:00,094623,2289.5,1,0,0,0,0,13449,496,13449,0,0,0,0,4655,-28608,12374,6,4512,8,129,0,0,0,0,0,0,0,0,0,31082107,2018,0.42,981.78,3271.28,0,54.6,99,68.4,40.7,63.2,521.4,59.3,600.6,157.3,161.1,1030.1,365451,5559,12.82,88.9,1500,2.63,1.16,30.6,42.2,65,25.75,12245857,72915,72.24,3435.62,0,1200,400,720,240,4200,7500,8500,102,1.5,6000,0,0,0,0,0,76.62,30,72.77,67.04,54.8,0,0
2026-09-01T17:25:31.622000+09:00,2026-09-01T08:25:31.622000+00:00,094623,2350.5,1,0,0,0,0,13449,497,13449,0,0,0,0,4651,-28608,10326,6,4480,0,129,0,0,0,0,0,0,0,0,0,31082107,2018,0.43,981.78,3332.32,0,54.7,98.6,67.8,40.7,63.5,529.2,57.2,607.3,164.8,169.6,1059.1,365451,5559,12.73,88.8,1500,2.64,1.16,31,42.5,65,26.52,12245861,72915,74.46,3435.62,0,1200,400,720,240,4200,7500,8500,102,1.5,6000,0,0,0,0,0,75.38,30,73.58,65.35,54.9,0,0
2026-09-01T17:26:31.711000+09:00,2026-09-01T08:26:31.711000+00:00,094623,1788.7,1,0,0,0,0,13449,501,13449,0,0,0,0,4651,-28608,18518,6,4992,528,129,0,0,0,0,0,0,0,0,0,31082107,2018,0.41,642.41,2431.1,0,54.8,97.7,67.3,40.6,63.8,529.6,56.5,606.2,165.6,170.6,1055,365451,5559,12.4,89.4,1510,2.69,1.11,24.3,36.1,65,14.73,12245865,72915,73.33,3435.62,0,1200,400,720,240,4200,7500,8500,102,1.5,6000,0,0,0,0,0,65.33,30,63.3,57.94,54.9,0,0
2026-09-01T17:27:31.852000+09:00,2026-09-01T08:27:31.852000+00:00,094623,1760.6,1,0,0,0,0,13449,522,13449,0,0,0,0,4651,-28608,10326,6,4992,0,129,0,0,0,0,0,0,0,0,0,31082107,2018,0.46,797.45,2558.06,0,54.5,97,68.3,40.6,63.6,523.4,57.1,596.9,152.1,155.5,1035.8,365451,5559,12.62,91.5,1570,2.78,1.11,25.7,37,65,10.99,12245867,72915,61.28,3435.62,0,1200,400,720,240,4200,7500,8500,102,1.5,6000,0,0,0,0,0,69.97,30,61.83,66.78,54.9,0,0
2026-09-01T17:28:31.928000+09:00,2026-09-01T08:28:31.928000+00:00,094623,1704.5,1,0,0,0,0,13449,493,13449,0,0,0,0,4655,-28608,10390,6,20864,0,129,0,0,0,0,0,0,0,0,0,31082107,2018,0.39,628.99,2333.44,0,54.3,98.4,68.5,40.7,63.1,523.9,57.9,591.8,147.4,150.1,1021.3,365451,5559,12.55,90.7,1490,2.63,1.18,27.1,43.3,65,18.69,12245869,72915,69.54,3435.62,0,1200,400,720,240,4200,7500,8500,102,1.5,6000,0,0,0,0,0,72.43,30,66.45,68.12,54.9,0,0
2026-09-01T17:29:32.027000+09:00,2026-09-01T08:29:32.027000+00:00,094623,2519.0,1,0,0,0,0,13449,497,13449,0,0,0,0,4651,-28608,12374,6,4512,72,129,0,0,0,0,0,0,0,0,0,31082107,2018,0.44,1047.7,3566.7,0,54.5,99.2,67.9,40.7,63.2,523.9,58.9,604.7,162.7,167.6,1099.6,365451,5559,12.7,89,1500,2.63,1.15,31.3,41.1,65,26.57,12245873,72915,73.04,3435.62,0,1200,400,720,240,4200,7500,8500,102,1.5,6000,0,0,0,0,0,75.64,30,74.68,66.78,54.9,0,0
2026-09-01T17:30:32.158000+09:00,2026-09-01T08:30:32.158000+00:00,094623,1727.6,1,0,0,0,0,13449,499,13449,0,0,0,0,4651,-28608,10390,6,21376,0,129,0,0,0,0,0,0,0,0,0,31082107,2018,0.4,619.22,2346.87,0,54.6,97.6,67.5,40.6,63.6,527.8,57,606.5,163.9,168.8,1079.1,365452,5560,12.7,89.2,1500,2.68,1.12,24.1,36.2,65,13.5,12245877,72915,71.93,3435.62,0,1200,400,720,240,4200,7500,8500,102,1.5,6000,0,0,0,0,0,65.48,30,62.37,57.62,54.9,0,0
2026-09-01T17:31:32.240000+09:00,2026-09-01T08:31:32.240000+00:00,094623,1357.8,1,0,0,0,0,13449,508,13449,0,0,0,0,4651,-28608,18518,6,4992,528,129,0,0,0,0,0,0,0,0,0,31082107,2018,0.48,558.18,1915.95,0,54.3,97.2,68.1,40.6,63.4,522.4,61.4,596.3,152,155.4,1022,365452,5560,12.48,90.9,1510,2.73,1.04,21.7,34.1,65,13.98,12245879,72915,58.9,3435.62,0,1200,400,720,240,4200,7500,8500,102,1.5,6000,0,0,0,0,0,66.04,30,58.89,61.68,54.9,0,0
2026-09-01T17:32:32.351000+09:00,2026-09-01T08:32:32.351000+00:00,094623,1865.6,1,0,0,0,0,13449,494,13449,0,0,0,0,4655,-28608,10342,6,12676,0,129,0,0,0,0,0,0,0,0,0,31082107,2018,0.46,731.53,2597.13,0,54.2,98,68.4,40.6,63,520.8,63.3,592.5,149.4,152.6,1021.3,365452,5560,12.7,91.3,1490,2.64,1.18,28.3,43.2,65,19.04,12245881,72915,67.61,3435.63,0,1200,400,720,240,4200,7500,8500,102,1.5,6000,0,0,0,0,0,72.95,30,66.44,71.14,55,0,0
2026-09-01T17:33:32.455000+09:00,2026-09-01T08:33:32.455000+00:00,094623,2575.1,1,0,0,0,0,13449,495,13449,0,0,0,0,4655,-28608,10326,6,4480,0,129,0,0,0,0,0,0,0,0,0,31082107,2018,0.43,1195.41,3770.56,0,54.5,99.2,67.9,40.6,63.1,522.8,59.6,604.8,163.8,168.7,1078.2,365452,5560,12.84,88.8,1490,2.63,1.16,31.8,40.7,65,26.52,12245885,72915,77.49,3435.63,0,1200,400,720,240,4200,7500,8500,102,1.5,6000,0,0,0,0,0,75.28,30,74.85,66.72,55,0,0
2026-09-01T17:34:32.566000+09:00,2026-09-01T08:34:32.566000+00:00,094623,1424.9,1,0,0,0,0,13449,492,13449,0,0,0,0,4655,-28608,12374,6,5024,72,129,0,0,0,0,0,0,0,0,0,31082107,2018,0.38,520.34,1945.25,0,54.5,97.1,67.9,40.5,63.5,526.4,59.3,602.5,158.1,162.1,1057.9,365452,5560,12.57,89.5,1470,2.66,1.08,22.2,35.3,65,10.51,12245889,72915,70.25,3435.63,0,1200,400,720,240,4200,7500,8500,102,1.5,6000,0,0,0,0,0,65.71,30,59.79,57.59,55,0,0
2026-09-01T17:35:32.653000+09:00,2026-09-01T08:35:32.653000+00:00,094623,1350.4,1,0,0,0,0,13449,496,13449,0,0,0,0,4651,-28608,10326,6,4992,0,129,0,0,0,0,0,0,0,0,0,31082107,2018,0.42,517.9,1868.34,0,54.2,97.4,67.9,40.5,63.1,523.1,60.5,594.8,149,152,1025.5,365452,5560,12.56,91.4,1480,2.67,1.08,22.1,35.6,65,11.7,12245891,72915,61.41,3435.63,0,1200,400,720,240,4200,7500,8500,102,1.5,6000,0,0,0,0,0,65.58,30,58.92,64.29,55,0,0
2026-09-01T17:36:32.752000+09:00,2026-09-01T08:36:32.752000+00:00,094623,2338.3,1,0,0,0,0,13449,496,13449,0,0,0,0,4651,-28608,18518,6,4480,528,129,0,0,0,0,0,0,0,0,0,31082107,2018,0.45,929.29,3267.62,0,54.2,98.3,68.1,40.5,62.8,517.7,63.4,598.4,155.3,159.3,1049.1,365453,5561,12.28,90,1500,2.64,1.15,30.6,41.6,65,25.11,12245893,72915,67.85,3435.63,0,1200,400,720,240,4200,7500,8500,102,1.5,6000,0,0,0,0,0,74.96,30,70.37,70.55,55,0,0
2026-09-01T17:37:32.843000+09:00,2026-09-01T08:37:32.843000+00:00,094623,2628.9,1,0,0,0,0,13449,497,13449,0,0,0,0,4655,-28608,10326,6,4480,0,129,0,0,0,0,0,0,0,0,0,31082107,2018,0.43,1160.01,3788.87,0,54.5,98.8,68,40.5,63.2,523,61.1,604,165.5,170.4,1056,365453,5561,12.85,88.5,1500,2.64,1.17,32.2,40.9,65,26.61,12245898,72915,77.19,3435.63,0,1200,400,720,240,4200,7500,8500,102,1.5,6000,0,0,0,0,0,75.33,30,73.92,65.25,55,0,0
2026-09-01T17:38:32.982000+09:00,2026-09-01T08:38:32.982000+00:00,094623,1464.0,1,0,0,0,0,13449,498,13449,0,0,0,0,4651,-28608,10326,6,4992,0,129,0,0,0,0,0,0,0,0,0,31082107,2018,0.39,515.46,1979.43,0,54.4,97,67.9,40.5,63.5,527.1,59.1,601.2,158.8,162.8,1043.4,365453,5561,12.79,89.9,1500,2.71,1.13,23,37,65,11.43,12245901,72915,66.45,3435.63,0,1200,400,720,240,4200,7500,8500,102,1.5,6000,0,0,0,0,0,65.62,30,59.1,58.4,55,0,0
2026-09-01T17:39:33.105000+09:00,2026-09-01T08:39:33.105000+00:00,094623,1424.9,1,0,0,0,0,13449,498,13449,0,0,0,0,4651,-28608,12374,6,5024,72,129,0,0,0,0,0,0,0,0,0,31082107,2018,0.39,592.36,2017.27,0,54.1,97.9,68.1,40.5,63.1,523.9,65,596.3,150.2,153.6,1056.8,365453,5561,12.69,91.3,1500,2.71,1.13,23.3,37.1,65,11.04,12245903,72915,63.94,3435.63,0,1200,400,720,240,4200,7500,8500,102,1.5,6000,0,0,0,0,0,66.24,30,60.46,64.3,55,0,0
2026-09-01T17:40:33.205000+09:00,2026-09-01T08:40:33.205000+00:00,094623,2246.8,1,0,0,0,0,13449,495,13449,0,0,0,0,4651,-28608,10326,6,4480,0,129,0,0,0,0,0,0,0,0,0,31082107,2018,0.46,896.33,3143.1,0,54.1,98.4,68.1,40.5,62.8,521,62.8,599.6,155.1,159.1,1088.2,365453,5561,12.82,89.8,1500,2.64,1.15,30.3,42.5,65,25.68,12245906,72915,66.41,3435.63,0,1200,400,720,240,4200,7500,8500,102,1.5,6000,0,0,0,0,0,75.37,30,71.07,69.33,55,0,0
2026-09-01T17:41:33.297000+09:00,2026-09-01T08:41:33.297000+00:00,094623,2357.9,1,0,0,0,0,13449,494,13449,0,0,0,0,4651,-28608,10326,6,4480,0,129,0,0,0,0,0,0,0,0,0,31082107,2018,0.46,1080.66,3438.52,0,54.2,98.7,67.7,40.5,63,528.5,61,604.5,162.4,167.1,1068.2,365453,5561,12.88,89.6,1500,2.62,1.16,31.2,42.3,65,26.4,12245910,72915,75.07,3435.64,0,1200,400,720,240,4200,7500,8500,102,1.5,6000,0,0,0,0,0,74.48,30,73.63,68.51,55,0,0
2026-09-01T17:42:33.382000+09:00,2026-09-01T08:42:33.382000+00:00,094623,1896.1,1,0,0,0,0,13449,501,13449,0,0,0,0,4651,-28608,10326,6,4992,0,129,0,0,0,0,0,0,0,0,0,31082107,2018,0.44,736.41,2632.53,0,54.4,98,67.4,40.4,63.3,530.8,58.3,605.6,166.5,171.4,1037,365454,5562,12.86,90,1510,2.7,1.11,25.2,36.6,65,17.28,12245914,72915,73.65,3435.64,0,1200,400,720,240,4200,7500,8500,102,1.5,6000,0,0,0,0,0,66.63,30,65.69,63.23,55,0,0
2026-09-01T17:43:33.484000+09:00,2026-09-01T08:43:33.484000+00:00,094623,1370.0,1,0,0,0,0,13449,497,13449,0,0,0,0,4651,-28608,10326,6,4992,0,129,0,0,0,0,0,0,0,0,0,31082107,2018,0.42,466.63,1836.6,0,54.3,97.1,68.2,40.4,63.2,528.4,60.3,596.6,151.9,155.1,1015.4,365454,5562,12.61,90.4,1500,2.68,1.12,22.8,38,65,11.23,12245916,72915,63.58,3435.64,0,1200,400,720,240,4200,7500,8500,102,1.5,6000,0,0,0,0,0,65.66,30,59.03,61.65,55,0,0
2026-09-01T17:44:33.582000+09:00,2026-09-01T08:44:33.582000+00:00,094623,1652.0,1,0,0,0,0,13449,494,13449,0,0,0,0,4655,-28608,12374,6,4480,0,129,0,0,0,0,0,0,0,0,0,31082107,2018,0.47,650.96,2302.93,0,54.1,98.2,68.4,40.4,62.7,523.7,68.6,590.9,147,149.9,1012.3,365454,5562,12.5,91,1490,2.65,1.19,26.3,41.8,65,15.84,12245918,72915,62.87,3435.64,0,1200,400,720,240,4200,7500,8500,102,1.5,6000,0,0,0,0,0,70.1,30,65.04,67.95,55,0,0
2026-09-01T17:45:33.679000+09:00,2026-09-01T08:45:33.679000+00:00,094623,2555.6,1,0,0,0,0,13449,494,13449,0,0,0,0,4655,-28608,10326,582,4480,0,129,0,0,0,0,0,0,0,0,0,31082107,2018,0.47,1181.98,3737.6,0,54.2,99.3,68,40.3,62.8,522.5,67.4,602.1,163.5,168.6,1031.9,365454,5562,12.76,89.1,1490,2.63,1.17,31.9,40.7,65,26.57,12245922,72915,73.22,3435.64,0,1200,400,720,240,4200,7500,8500,102,1.5,6000,0,0,0,0,0,75.31,30,75.18,68.44,55,0,0
2026-09-01T17:46:33.785000+09:00,2026-09-01T08:46:33.785000+00:00,094623,1381.0,1,0,0,0,0,13449,498,13449,0,0,0,0,4655,-28608,10326,6,4992,0,129,0,0,0,0,0,0,0,0,0,31082107,2018,0.41,537.43,1918.39,0,54.3,97.2,68.1,40.3,63.2,525.8,64,599.2,157.6,161.4,1020.2,365454,5562,12.65,89.4,1490,2.71,1.06,21.6,34.4,65,11.8,12245925,72915,70.22,3435.64,0,1200,400,720,240,4200,7500,8500,102,1.5,6000,0,0,0,0,0,66.51,30,60.34,58.68,55,0,0
2026-09-01T17:47:33.880000+09:00,2026-09-01T08:47:33.880000+00:00,094623,1340.7,1,0,0,0,0,13449,504,13449,0,0,0,0,4655,-28608,10390,590,21376,8192,129,0,0,0,0,0,0,0,0,0,31082107,2018,0.48,549.64,1890.32,0,54.1,97.5,67.9,40.3,62.8,523,63.7,593.7,149.1,152.3,1025.9,365454,5562,12.71,91.7,1500,2.76,1.05,21.7,34.3,65,11.35,12245927,72915,58.36,3435.64,0,1200,400,720,240,4200,7500,8500,102,1.5,6000,0,0,0,0,0,66.06,30,59.84,65.92,55,0,0
2026-09-01T17:48:33.979000+09:00,2026-09-01T08:48:33.979000+00:00,094623,2257.8,1,0,0,0,0,13449,494,13449,0,0,0,0,4655,-28608,10326,6,4480,0,129,0,0,0,0,0,0,0,0,0,31082107,2018,0.42,1037.93,3295.69,0,54.1,98.4,68.1,40.3,62.4,519.6,61.6,596.5,152.4,156,1037,365455,5563,12.7,89.5,1490,2.64,1.17,30.6,42.3,65,24.97,12245930,72915,70.84,3435.64,0,1200,400,720,240,4200,7500,8500,102,1.5,6000,0,0,0,0,0,75.02,30,71.19,69.77,55,0,0
2026-09-01T17:49:34.093000+09:00,2026-09-01T08:49:34.093000+00:00,094623,2481.2,1,0,0,0,0,13449,498,13449,0,0,0,0,4651,-28608,18582,6,20864,528,129,0,0,0,0,0,0,0,0,0,31082107,2018,0.41,996.43,3477.58,0,54.2,98.8,67.8,40.3,62.9,525.9,60.7,603.6,165.6,170.7,1035.4,365455,5563,12.9,88.4,1500,2.65,1.14,31,41.2,65,26.54,12245935,72915,75.99,3435.64,0,1200,400,720,240,4200,7500,8500,102,1.5,6000,0,0,0,0,0,74.85,30,74.69,65.52,55.1,0,0
2026-09-01T17:50:34.197000+09:00,2026-09-01T08:50:34.197000+00:00,094623,1686.2,1,0,0,0,0,13449,500,13449,0,0,0,0,4651,-28608,10326,6,4992,0,129,0,0,0,0,0,0,0,0,0,31082107,2018,0.41,626.54,2312.69,0,54.3,97.2,67.9,40.2,63.4,528.7,59.4,604,165,169.6,1076.2,365455,5563,12.93,89.2,1500,2.71,1.12,23.9,36.2,65,13.73,12245938,72915,71.03,3435.65,0,1200,400,720,240,4200,7500,8500,102,1.5,6000,0,0,0,0,0,66.92,30,61.1,57.75,55.1,0,0
2026-09-01T17:51:34.295000+09:00,2026-09-01T08:51:34.295000+00:00,094623,1476.2,1,0,0,0,0,13449,518,13449,0,0,0,0,4651,-28608,10342,6,13188,0,129,0,0,0,0,0,0,0,0,0,31082107,2018,0.48,655.84,2132.02,0,54.2,97.5,68.1,40.2,63.1,522.8,60,593.3,151.6,154.7,1071.4,365455,5563,12.8,91.7,1550,2.81,1.05,22.5,34,65,15.96,12245940,72915,61.03,3435.65,0,1200,400,720,240,4200,7500,8500,102,1.5,6000,0,0,0,0,0,66.79,30,60.8,65.32,55.1,0,0
2026-09-01T17:52:34.402000+09:00,2026-09-01T08:52:34.402000+00:00,094623,1996.2,1,0,0,0,0,13449,494,13449,0,0,0,0,4655,-28608,10326,590,4480,8200,129,0,0,0,0,0,0,0,0,0,31082107,2018,0.42,835.29,2831.51,0,54.1,98.3,68.4,40.2,62.7,517.3,63.6,594.7,151.8,155,1064.8,365455,5563,12.5,90.7,1490,2.65,1.19,28.4,40.9,65,19.5,12245943,72915,67.28,3435.65,0,1200,400,720,240,4200,7500,8500,102,1.5,6000,0,0,0,0,0,72.88,30,67.09,69.55,55,0,0
2026-09-01T17:53:34.485000+09:00,2026-09-01T08:53:34.485000+00:00,094623,2186.9,1,0,0,0,0,13449,495,13449,0,0,0,0,4655,-28608,10326,6,4480,0,129,0,0,0,0,0,0,0,0,0,31082107,2018,0.43,925.63,3112.58,0,54.2,99.3,68,40.2,62.9,529.6,60.8,600.7,162.7,167.4,1040.7,365455,5563,12.58,89.2,1500,2.64,1.16,30.4,43.6,65,26.48,12245947,72915,75.2,3435.65,0,1200,400,720,240,4200,7500,8500,102,1.5,6000,0,0,0,0,0,75.92,30,75.44,68.62,55.1,0,0
2026-09-01T17:54:34.588000+09:00,2026-09-01T08:54:34.588000+00:00,094623,2323.7,1,0,0,0,0,13449,501,13449,0,0,0,0,4655,-26560,18518,590,4992,8720,129,0,0,0,0,0,0,0,0,0,31082107,2018,0.43,1035.49,3359.17,0,54.4,97.8,67.7,40.1,63.2,525.7,61,604.6,169.6,174.9,1101.1,365456,5564,12.73,88.7,1510,2.67,1.12,28.1,37,65,22.27,12245951,72915,74.77,3435.65,0,1200,400,720,240,4200,7500,8500,102,1.5,6000,0,0,0,0,0,71.45,30,68.28,62.15,55.1,0,0
2026-09-01T17:55:34.695000+09:00,2026-09-01T08:55:34.695000+00:00,094623,1742.3,1,0,0,0,0,13449,441,13449,0,0,0,0,4651,-28608,10326,518,4992,0,129,0,0,0,0,0,0,0,0,0,31082107,2018,0.44,605.79,2348.09,0,54.3,97.1,67.9,40,63.3,528.7,61.3,593.5,155.1,158.6,1024,365456,5564,12.65,90.4,1330,2.45,1.65,26.8,39.5,65,11.13,12245953,72915,59.33,3435.65,0,1200,400,720,240,4200,7500,8500,102,1.5,6000,0,0,0,0,0,64.63,30,58.41,59.25,55.1,0,0
2026-09-01T17:56:34.804000+09:00,2026-09-01T08:56:34.804000+00:00,094623,1417.6,1,0,0,0,0,13449,497,13449,0,0,0,0,4651,-28608,10326,6,4480,0,129,0,0,0,0,0,0,0,0,0,31082107,2018,0.41,561.85,1979.43,0,54.2,97.8,68.1,40,62.8,525,59,592.8,150.3,153.5,1042.2,365456,5564,12.65,92.2,1490,2.71,1.14,23.4,37.9,65,11.37,12245955,72915,63.29,3435.65,0,1200,400,720,240,4200,7500,8500,102,1.5,6000,0,0,0,0,0,66.39,30,60.56,67.92,55.1,0,0
2026-09-01T17:57:34.917000+09:00,2026-09-01T08:57:34.917000+00:00,094623,2418.9,1,0,0,0,0,13449,497,13449,0,0,0,0,4651,-28608,12374,518,4512,72,129,0,0,0,0,0,0,0,0,0,31082107,2018,0.44,963.47,3382.37,0,54.2,99.3,68.1,40,62.8,522.5,59.3,603.2,162.8,167.8,1047.2,365456,5564,12.57,89.5,1500,2.65,1.14,30.8,41.3,65,26.17,12245959,72915,73.11,3435.65,0,1200,400,720,240,4200,7500,8500,102,1.5,6000,0,0,0,0,0,75.92,30,74.99,69.93,55.2,0,0
2026-09-01T17:58:35.001000+09:00,2026-09-01T08:58:35.001000+00:00,094623,2316.4,1,0,0,0,0,13449,495,13449,0,0,0,0,4655,-28608,10326,6,4480,0,129,0,0,0,0,0,0,0,0,0,31082107,2018,0.41,963.47,3279.82,0,54.5,97.7,68,40,63.1,531.3,58.1,602,163.7,168.4,1020.4,365456,5564,12.3,88.7,1500,2.64,1.16,31,43.2,65,26.53,12245963,72915,75.74,3435.66,0,1200,400,720,240,4200,7500,8500,102,1.5,6000,0,0,0,0,0,75.8,30,71.45,66.05,55.2,0,0
2026-09-01T17:59:35.096000+09:00,2026-09-01T08:59:35.096000+00:00,094623,1783.8,1,0,0,0,0,13449,500,13449,0,0,0,0,4655,-28608,18518,6,4992,528,129,0,0,0,0,0,0,0,0,0,31082107,2018,0.44,710.78,2494.58,0,54.6,97.8,67.7,39.9,63.4,531.9,57.8,604,166.5,171.4,1037.7,365457,5565,12.74,89.1,1510,2.7,1.12,24.8,36.8,65,15.95,12245967,72915,73.06,3435.66,0,1200,400,720,240,4200,7500,8500,102,1.5,6000,0,0,0,0,0,67.7,30,63.68,58.5,55.2,0,0
2026-09-01T18:00:35.187000+09:00,2026-09-01T09:00:35.187000+00:00,094623,1377.3,1,0,0,0,0,13449,495,13449,0,0,0,0,4651,-28608,10326,6,4992,0,129,0,0,0,0,0,0,0,0,0,31082107,2018,0.47,353.1,1730.4,0,54.4,97.2,68.1,39.9,63.2,527.7,58.9,595.7,153,156.3,1048.7,365457,5565,12.47,91.7,1490,2.69,0.93,23.5,39,65,11.37,12245970,72915,61.41,3435.66,0,1200,400,720,240,4200,7500,8500,102,1.5,6000,0,0,0,0,0,66.26,30,59.14,64.4,55.1,0,0
2026-09-01T18:01:35.277000+09:00,2026-09-01T09:01:35.277000+00:00,094623,1660.5,1,0,0,0,0,13449,494,13449,0,0,0,0,4651,-28608,10326,6,4480,0,129,0,0,0,0,0,0,0,0,0,31082107,2018,0.41,658.28,2318.8,0,54.3,98.5,68.4,39.9,62.8,522.6,58.3,592.3,149.7,152.8,1074.7,365457,5565,12.55,90.2,1490,2.65,1.18,26.5,42.1,65,16.86,12245972,72915,68.64,3435.66,0,1200,400,720,240,4200,7500,8500,102,1.5,6000,0,0,0,0,0,71.46,30,66.36,66.19,55.2,0,0
2026-09-01T18:02:35.373000+09:00,2026-09-01T09:02:35.373000+00:00,094623,2337.1,1,0,0,0,0,13449,494,13449,0,0,0,0,4651,-28608,12374,6,4512,72,129,0,0,0,0,0,0,0,0,0,31082107,2018,0.43,962.25,3299.36,0,54.3,98.7,67.8,39.8,62.8,526.4,57.3,600.9,161.3,166,1022.2,365457,5565,12.46,89.1,1490,2.62,1.16,30.8,42.3,65,26.52,12245976,72915,74.07,3435.66,0,1200,400,720,240,4200,7500,8500,102,1.5,6000,0,0,0,0,0,75.47,30,73.51,67.4,55.2,0,0
2026-09-01T18:03:35.488000+09:00,2026-09-01T09:03:35.488000+00:00,094623,1941.3,1,0,0,0,0,13449,501,13449,0,0,0,0,4651,-28608,10326,6,4992,0,129,0,0,0,0,0,0,0,0,0,31082107,2018,0.43,712,2653.28,0,54.4,98.6,67.4,39.8,63.2,528.3,55.9,605.9,166,170.9,1056.4,365457,5565,12.94,89.2,1510,2.7,1.1,25.3,35.8,65,16.5,12245980,72915,74.86,3435.66,0,1200,400,720,240,4200,7500,8500,102,1.5,6000,0,0,0,0,0,67.31,30,68.03,60.08,55.2,0,0
2026-09-01T18:04:35.594000+09:00,2026-09-01T09:04:35.594000+00:00,094623,1359.0,1,0,0,0,0,13449,498,13449,0,0,0,0,4655,-28608,18518,518,4992,528,129,0,0,0,0,0,0,0,0,0,31082107,2018,0.45,502.03,1861.02,0,54.2,96.5,68.2,39.7,63,528.2,61.4,595.6,150.6,153.7,1029.3,365457,5565,12.59,90.9,1500,2.7,1.14,22.8,38.2,65,10.57,12245982,72915,60.38,3435.66,0,1200,400,720,240,4200,7500,8500,102,1.5,6000,0,0,0,0,0,66.37,30,57.58,62.1,55.2,0,0
2026-09-01T18:05:35.685000+09:00,2026-09-01T09:05:35.685000+00:00,094623,1731.3,1,0,0,0,0,13449,494,13449,0,0,0,0,4651,-28608,10326,6,4480,0,129,0,0,0,0,0,0,0,0,0,31082107,2018,0.39,677.82,2409.13,0,54,98.7,68.2,39.7,62.6,521.4,58.9,594.3,147.5,150.5,1016.7,365458,5566,12.62,91.3,1490,2.65,1.18,26.4,40.8,65,16.39,12245984,72915,65.4,3435.66,0,1200,400,720,240,4200,7500,8500,102,1.5,6000,0,0,0,0,0,70.11,30,66.74,68.88,55.2,0,0
2026-09-01T18:06:35.795000+09:00,2026-09-01T09:06:35.795000+00:00,094623,2573.9,1,0,0,0,0,13449,497,13449,0,0,0,0,4655,-28608,10390,6,20864,0,129,0,0,0,0,0,0,0,0,0,31082107,2018,0.44,1119.72,3693.65,0,54.2,99.2,67.8,39.6,62.6,522.4,61.6,600.8,162.3,167.4,1052.6,365458,5566,12.68,89.3,1510,2.64,1.17,31.8,40.9,65,26.54,12245988,72915,74.21,3435.66,0,1200,400,720,240,4200,7500,8500,102,1.5,6000,0,0,0,0,0,75.2,30,75.11,68.95,55.2,0,0
2026-09-01T18:07:35.893000+09:00,2026-09-01T09:07:35.893000+00:00,094623,1433.5,1,0,0,0,0,13449,491,13449,0,0,0,0,4655,-28608,12374,6,5024,72,129,0,0,0,0,0,0,0,0,0,31082107,2018,0.36,509.35,1942.81,0,54.2,97,67.8,39.6,63.1,526.5,62.5,597.1,156.8,161,1092.4,365458,5566,12.87,89.2,1480,2.68,1.1,22.5,36.4,65,10.99,12245991,72915,72.02,3435.67,0,1200,400,720,240,4200,7500,8500,102,1.5,6000,0,0,0,0,0,65.43,30,60.01,57.55,55.3,0,0
2026-09-01T18:08:35.998000+09:00,2026-09-01T09:08:35.998000+00:00,094623,1424.9,1,0,0,0,0,13449,490,13449,0,0,0,0,4655,-28608,10342,6,4992,0,129,0,0,0,0,0,0,0,0,0,31082107,2018,0.4,517.9,1942.81,0,53.9,98,67.9,39.6,62.6,523.1,60.3,592.5,148.9,151.9,1044.2,365458,5566,12.61,91.4,1470,2.66,1.1,22.7,36,65,11.09,12245993,72915,59.52,3435.67,0,1200,400,720,240,4200,7500,8500,102,1.5,6000,0,0,0,0,0,65.62,30,61.2,64.58,55.2,0,0
2026-09-01T18:09:36.134000+09:00,2026-09-01T09:09:36.134000+00:00,094623,2494.6,1,0,0,0,0,13449,495,13449,0,0,0,0,4651,-28608,10326,518,4480,0,129,0,0,0,0,0,0,0,0,0,31082107,2018,0.45,1070.89,3565.48,0,53.9,98.1,68,39.6,62.4,516.1,58.3,598.4,156.1,160.3,1044.5,365458,5566,12.48,89.8,1500,2.65,1.15,31.2,40.4,65,24.69,12245996,72915,69.17,3435.67,0,1200,400,720,240,4200,7500,8500,102,1.5,6000,0,0,0,0,0,74.76,30,70.29,70.25,55.3,0,0
2026-09-01T18:10:36.234000+09:00,2026-09-01T09:10:36.234000+00:00,094623,2045.0,1,0,0,0,0,13449,501,13449,0,0,0,0,4651,-28608,10342,518,13188,0,129,0,0,0,0,0,0,0,0,0,31082107,2018,0.39,781.58,2826.62,0,54,98.3,68,39.5,62.8,526.2,56.2,605.7,162.9,167.7,1061.8,365458,5566,12.9,88.4,1510,2.7,1.1,26.1,36.5,65,18.62,12246000,72915,78.68,3435.67,0,1200,400,720,240,4200,7500,8500,102,1.5,6000,0,0,0,0,0,70.02,30,67.56,59.71,55.2,0,0
2026-09-01T18:11:36.320000+09:00,2026-09-01T09:11:36.320000+00:00,094623,1363.9,1,0,0,0,0,13449,496,13449,0,0,0,0,4651,-28608,10326,6,4992,0,129,0,0,0,0,0,0,0,0,0,31082107,2018,0.43,520.34,1884.21,0,53.7,97.1,67.9,39.5,62.7,523.3,56.4,596.5,150.5,153.9,1040.5,365459,5567,12.69,90.3,1480,2.7,1.07,21.9,34.8,65,11.73,12246002,72915,58.44,3435.67,0,1200,400,720,240,4200,7500,8500,102,1.5,6000,0,0,0,0,0,65.66,30,58.67,60.06,55.2,0,0
2026-09-01T18:12:36.414000+09:00,2026-09-01T09:12:36.414000+00:00,094623,1590.9,1,0,0,0,0,13449,493,13449,0,0,0,0,4651,-28608,12374,518,4512,8,129,0,0,0,0,0,0,0,0,0,31082107,2018,0.42,609.45,2200.38,0,53.7,98.3,68.1,39.5,62.3,522.3,57.7,592.8,146.5,149.6,1020.9,365459,5567,12.61,91.1,1490,2.68,1.18,25.3,40.3,65,13.6,12246004,72915,68.18,3435.67,0,1200,400,720,240,4200,7500,8500,102,1.5,6000,0,0,0,0,0,68.35,30,64,66.85,55.3,0,0
2026-09-01T18:13:36.507000+09:00,2026-09-01T09:13:36.507000+00:00,094623,2564.2,1,0,0,0,0,13449,497,13449,0,0,0,0,4651,-26560,10326,6,4480,0,129,0,0,0,0,0,0,0,0,0,31082107,2018,0.44,1127.05,3691.21,0,53.8,98.9,67.9,39.5,62.3,520.9,55.9,604.7,159.7,164.6,1055,365459,5567,12.65,89.2,1500,2.66,1.16,31.5,40.5,65,26.56,12246008,72915,74.02,3435.67,0,1200,400,720,240,4200,7500,8500,102,1.5,6000,0,0,0,0,0,75.03,30,73.79,68.13,55.3,0,0
2026-09-01T18:14:36.615000+09:00,2026-09-01T09:14:36.615000+00:00,094623,1302.8,1,0,0,0,0,13449,491,13449,0,0,0,0,4651,-28608,10326,6,4992,0,129,0,0,0,0,0,0,0,0,0,31082107,2018,0.38,368.97,1671.8,0,53.9,97.1,67.9,39.4,62.6,527.7,58.2,597.4,151.8,155.5,1027.4,365459,5567,12.91,89.7,1480,2.7,1.19,23,38.9,65,11.42,12246011,72915,69.07,3435.67,0,1200,400,720,240,4200,7500,8500,102,1.5,6000,0,0,0,0,0,65.31,30,59.31,58.83,55.3,0,0
2026-09-01T18:15:36.706000+09:00,2026-09-01T09:15:36.706000+00:00,094623,1038.8,1,0,0,0,0,13449,498,13449,0,0,0,0,4651,-28608,10326,6,4992,0,129,0,0,0,0,0,0,0,0,0,31082107,2018,0.37,118.72,1157.57,0,53.7,97.9,67.9,39.4,62.2,524.8,63.9,592.3,145.4,148.6,1023.8,365459,5567,12.74,91.7,1470,2.73,0.97,23.1,38.7,65,11.42,12246013,72915,61.42,3435.67,0,1200,400,720,240,4200,7500,8500,102,1.5,6000,0,0,0,0,0,65.32,30,60.32,65.88,55.3,0,0
2026-09-01T18:16:36.807000+09:00,2026-09-01T09:16:36.807000+00:00,094623,2324.9,1,0,0,0,0,13449,497,13449,0,0,0,0,4655,-28608,10326,6,4480,0,129,0,0,0,0,0,0,0,0,0,31082107,2018,0.43,928.07,3252.97,0,53.6,98.4,68,39.4,61.9,519.8,58.7,595.2,151.7,155.4,1046.2,365459,5567,12.61,89.3,1500,2.66,1.16,30.7,42.5,65,25.98,12246016,72915,68.62,3435.68,0,1200,400,720,240,4200,7500,8500,102,1.5,6000,0,0,0,0,0,74.56,30,71.07,68.74,55.3,0,0
2026-09-01T18:17:36.908000+09:00,2026-09-01T09:17:36.908000+00:00,094623,2012.1,1,0,0,0,0,13449,501,13449,0,0,0,0,4651,-28608,10326,6,4992,528,129,0,0,0,0,0,0,0,0,0,31082107,2018,0.39,803.55,2815.64,0,53.8,98.5,67.8,39.3,62.4,523.7,57.8,603.8,161.6,166.6,1061.2,365460,5568,12.67,88.4,1510,2.72,1.09,25.6,35.6,65,17,12246020,72915,74.6,3435.68,0,1200,400,720,240,4200,7500,8500,102,1.5,6000,0,0,0,0,0,68.1,30,67.08,58.63,55.3,0,0
2026-09-01T18:18:37+09:00,2026-09-01T09:18:37+00:00,094623,1284.5,1,0,0,0,0,13449,495,13449,0,0,0,0,4651,-28608,10326,6,4992,0,129,0,0,0,0,0,0,0,0,0,31082107,2018,0.41,486.16,1770.68,0,53.6,96.6,68.1,39.3,62.3,527.3,57.4,594.7,146.7,150,1054.9,365460,5568,12.67,91.1,1490,2.71,1.11,22.3,38.2,65,11.19,12246022,72915,56.86,3435.68,0,1200,400,720,240,4200,7500,8500,102,1.5,6000,0,0,0,0,0,65.49,30,56.82,62.39,55.3,0,0
2026-09-01T18:19:37.100000+09:00,2026-09-01T09:19:37.100000+00:00,094623,1695.9,1,0,0,0,0,13449,493,13449,0,0,0,0,4651,-28608,10326,6,4480,0,129,0,0,0,0,0,0,0,0,0,31082107,2018,0.42,597.25,2293.16,0,53.5,98.7,68.1,39.3,61.8,521.7,67.1,590.7,143.5,146.7,1054.3,365460,5568,12.68,91,1490,2.68,1.19,26.1,41.2,65,15.9,12246024,72915,64.41,3435.68,0,1200,400,720,240,4200,7500,8500,102,1.5,6000,0,0,0,0,0,68.61,30,65.65,67.15,55.3,0,0
2026-09-01T18:20:37.216000+09:00,2026-09-01T09:20:37.216000+00:00,094623,2268.8,1,0,0,0,0,13449,495,13449,0,0,0,0,4651,-28608,10326,6,4480,0,129,0,0,0,0,0,0,0,0,0,31082107,2018,0.43,937.83,3206.58,0,53.6,98.9,67.8,39.2,61.8,526.7,61.7,600.8,156.9,162.2,1027.4,365460,5568,12.64,88.9,1500,2.66,1.15,30.7,43.1,65,26.46,12246028,72915,73.76,3435.68,0,1200,400,720,240,4200,7500,8500,102,1.5,6000,0,0,0,0,0,74.03,30,73.29,66.9,55.3,0,0
2026-09-01T18:21:37.332000+09:00,2026-09-01T09:21:37.332000+00:00,094623,2244.3,1,0,0,0,0,13449,502,13449,0,0,0,0,4655,-28608,10326,6,4992,0,129,0,0,0,0,0,0,0,0,0,31082107,2018,0.41,802.33,3046.66,0,53.8,98.4,67.6,39.2,62.4,524.3,60,603,163.9,169.5,1034.9,365460,5568,12.75,88.4,1510,2.71,1.1,26.9,36.1,65,19.88,12246032,72915,75.59,3435.68,0,1200,400,720,240,4200,7500,8500,102,1.5,6000,0,0,0,0,0,68.51,30,68.31,58.84,55.3,0,0
2026-09-01T18:22:37.424000+09:00,2026-09-01T09:22:37.424000+00:00,094623,1415.1,1,0,0,0,0,13449,516,13449,0,0,0,0,4651,-28608,18518,6,4992,528,129,0,0,0,0,0,0,0,0,0,31082107,2018,0.47,594.81,2009.95,0,53.6,96.8,68,39.1,62.4,522,59.2,594.8,149.8,153,1032.8,365460,5568,12.7,90.5,1540,2.84,1.03,21.8,33.7,65,14.65,12246035,72915,58.91,3435.68,0,1200,400,720,240,4200,7500,8500,102,1.5,6000,0,0,0,0,0,64.96,30,58.13,59.71,55.3,0,0
2026-09-01T18:23:37.498000+09:00,2026-09-01T09:23:37.498000+00:00,094623,1505.5,1,0,0,0,0,13449,494,13449,0,0,0,0,4655,-28608,10326,6,4480,0,129,0,0,0,0,0,0,0,0,0,31082107,2018,0.36,552.08,2057.56,0,53.5,98.5,68.3,39.1,62,524.2,59.8,591.4,144.6,147.7,1016.6,365461,5569,11.89,92.3,1490,2.69,1.17,24.6,40.2,65,12.98,12246037,72915,65.88,3435.68,0,1200,400,720,240,4200,7500,8500,102,1.5,6000,0,0,0,0,0,67.29,30,63.38,68.93,55.4,0,0
2026-09-01T18:24:37.599000+09:00,2026-09-01T09:24:37.599000+00:00,094623,2367.6,1,0,0,0,0,13449,496,13449,0,0,0,0,4651,-28608,10326,6,4480,0,129,0,0,0,0,0,0,0,0,0,31082107,2018,0.4,942.72,3310.34,0,53.7,99,68,39.1,61.9,523.8,57.4,598.5,156.3,160.8,1034.7,365461,5569,11.84,88.9,1500,2.66,1.14,30.7,42.1,65,26.57,12246040,72915,73.31,3435.68,0,1200,400,720,240,4200,7500,8500,102,1.5,6000,0,0,0,0,0,74.63,30,73.52,67,55.3,0,0
2026-09-01T18:25:37.702000+09:00,2026-09-01T09:25:37.702000+00:00,094623,2624.0,1,0,0,0,0,13449,502,13449,0,0,0,0,4651,-28608,12438,6,21408,72,129,0,0,0,0,0,0,0,0,0,31082107,2018,0.41,1078.22,3702.2,0,53.8,97.6,67.5,39.1,62.3,524.2,58.5,602.7,163.8,168.8,1042.7,365461,5569,12.56,88.3,1520,2.68,1.15,30.9,39.2,65,26.07,12246045,72915,75.26,3435.69,0,1200,400,720,240,4200,7500,8500,102,1.5,6000,0,0,0,0,0,72.07,30,69.58,62.11,55.4,0,0
2026-09-01T18:26:37.787000+09:00,2026-09-01T09:26:37.787000+00:00,094623,1382.2,1,0,0,0,0,13449,514,13449,0,0,0,0,4651,-26560,10326,6,4992,0,129,0,0,0,0,0,0,0,0,0,31082107,2018,0.44,502.03,1884.21,0,53.7,97.4,67.8,39,62.4,525,60,594.6,150.9,154.5,1048.1,365461,5569,12.79,90.3,1530,2.82,1.03,21.6,34.4,65,13.03,12246048,72915,60.32,3435.69,0,1200,400,720,240,4200,7500,8500,102,1.5,6000,0,0,0,0,0,63.77,30,59.45,58.31,55.4,0,0
2026-09-01T18:27:37.886000+09:00,2026-09-01T09:27:37.886000+00:00,094623,1493.3,1,0,0,0,0,13449,518,13449,0,0,0,0,4651,-28608,18534,6,13188,528,129,0,0,0,0,0,0,0,0,0,31082107,2018,0.44,613.12,2106.39,0,53.5,97.7,68.4,39,62,521.6,60.8,590.5,144.9,147.8,1029.6,365461,5569,12.74,91.6,1550,2.84,1.04,22.5,34.1,65,14.79,12246049,72915,66.8,3435.69,0,1200,400,720,240,4200,7500,8500,102,1.5,6000,0,0,0,0,0,66.09,30,59.93,64.88,55.4,0,0
2026-09-01T18:28:37.978000+09:00,2026-09-01T09:28:37.978000+00:00,094623,2418.9,1,0,0,0,0,13449,497,13449,0,0,0,0,4651,-28608,10326,6,4480,0,129,0,0,0,0,0,0,0,0,0,31082107,2018,0.45,1041.6,3460.49,0,53.5,98.9,68.2,39,61.8,521.5,59.7,596.8,154.4,158.6,1037.1,365461,5569,12.68,89.6,1500,2.67,1.16,31,41.6,65,26.14,12246053,72915,68.06,3435.69,0,1200,400,720,240,4200,7500,8500,102,1.5,6000,0,0,0,0,0,74.7,30,72.37,68.19,55.4,0,0
2026-09-01T18:29:38.074000+09:00,2026-09-01T09:29:38.074000+00:00,094623,1736.2,1,0,0,0,0,13449,501,13449,0,0,0,0,4651,-28608,10326,6,4992,0,129,0,0,0,0,0,0,0,0,0,31082107,2018,0.41,669.27,2405.47,0,53.6,98.1,67.8,39,62.2,528.9,57.7,602,159.3,163.9,1040.3,365462,5570,12.58,89.5,1510,2.72,1.11,24.3,36.6,65,14.96,12246057,72915,74.06,3435.69,0,1200,400,720,240,4200,7500,8500,102,1.5,6000,0,0,0,0,0,66.09,30,63.76,59.88,55.4,0,0
2026-09-01T18:30:38.193000+09:00,2026-09-01T09:30:38.193000+00:00,094623,1991.3,1,0,0,0,0,13449,517,13449,0,0,0,0,4651,-28608,12374,6,5024,72,129,0,0,0,0,0,0,0,0,0,31082107,2018,0.46,788.9,2780.24,0,53.5,97.3,68.1,38.9,62,522.9,58.5,594.4,147.4,150.8,1031.1,365462,5570,12.74,90.9,1580,2.77,1.13,26.6,37,65,9.9,12246059,72915,59.63,3435.69,0,1200,400,720,240,4200,7500,8500,102,1.5,6000,0,0,0,0,0,66.98,30,60.41,64.06,55.4,0,0
2026-09-01T18:31:38.301000+09:00,2026-09-01T09:31:38.301000+00:00,094623,1899.8,1,0,0,0,0,13449,493,13449,0,0,0,0,4651,-28608,10326,6,4480,0,129,0,0,0,0,0,0,0,0,0,31082107,2018,0.42,692.46,2592.24,0,53.5,98,68.3,38.9,61.8,519.3,60.2,594,146.1,149.4,1018.5,365462,5570,12.57,90.7,1490,2.67,1.2,27.6,41.7,65,18.42,12246061,72915,66.26,3435.69,0,1200,400,720,240,4200,7500,8500,102,1.5,6000,0,0,0,0,0,70.5,30,65.35,67.9,55.4,0,0
2026-09-01T18:32:38.393000+09:00,2026-09-01T09:32:38.393000+00:00,094623,1815.5,1,0,0,0,0,13449,501,13449,0,0,0,0,4651,-28608,18518,6,4992,528,129,0,0,0,0,0,0,0,0,0,31082107,2018,0.4,619.22,2434.77,0,53.6,99.3,67.9,38.9,62,526,70.8,601.5,158,162.7,1027.6,365462,5570,12.23,89.1,1510,2.74,1.09,25.2,37.5,65,16.9,12246065,72915,73.02,3435.69,0,1200,400,720,240,4200,7500,8500,102,1.5,6000,0,0,0,0,0,68.06,30,68.52,61.15,55.5,0,0
2026-09-01T18:33:38.485000+09:00,2026-09-01T09:33:38.485000+00:00,094623,1349.2,1,0,0,0,0,13449,495,13449,0,0,0,0,4651,-28608,10326,6,4992,0,129,0,0,0,0,0,0,0,0,0,31082107,2018,0.37,477.61,1826.84,0,53.4,96.4,67.9,38.9,61.8,526.3,72.3,590.7,144.4,147.5,1019.6,365462,5570,12.65,90.2,1490,2.71,1.13,22.8,38.5,65,11.23,12246067,72915,59.95,3435.7,0,1200,400,720,240,4200,7500,8500,102,1.5,6000,0,0,0,0,0,64.8,30,55.96,60.26,55.4,0,0
2026-09-01T18:34:38.586000+09:00,2026-09-01T09:34:38.586000+00:00,094623,1771.6,1,0,0,0,0,13449,494,13449,0,0,0,0,4651,-28608,10326,6,4480,0,129,0,0,0,0,0,0,0,0,0,31082107,2018,0.42,682.7,2454.3,0,53.3,98.2,67.8,38.9,61.4,518.7,65.5,589.5,143.8,146.9,1093.7,365462,5570,12.75,90.4,1490,2.68,1.2,26.5,40.2,65,15.5,12246069,72915,65.73,3435.7,0,1200,400,720,240,4200,7500,8500,102,1.5,6000,0,0,0,0,0,67.23,30,64.02,65.12,55.4,0,0
2026-09-01T18:35:38.673000+09:00,2026-09-01T09:35:38.673000+00:00,094623,2450.6,1,0,0,0,0,13449,495,13449,0,0,0,0,4655,-28608,12374,6,4512,72,129,0,0,0,0,0,0,0,0,0,31082107,2018,0.44,972.01,3422.65,0,53.4,99.2,67.8,38.9,61.7,522.2,63.3,601.5,158.8,163.7,1056.2,365463,5571,12.62,89,1500,2.66,1.15,31,41.5,65,25.61,12246073,72915,73.3,3435.7,0,1200,400,720,240,4200,7500,8500,102,1.5,6000,0,0,0,0,0,73.4,30,73.81,66.78,55.4,0,0
2026-09-01T18:36:38.774000+09:00,2026-09-01T09:36:38.774000+00:00,094623,2549.5,1,0,0,0,0,13449,501,13449,0,0,0,0,4651,-28608,10326,6,4992,0,129,0,0,0,0,0,0,0,0,0,31082107,2018,0.43,1089.21,3638.72,0,53.5,97.3,67.9,38.8,62.2,521.8,59.8,604.9,163.9,169,1092.7,365463,5571,12.48,88.7,1510,2.69,1.15,29.7,38.2,65,23.07,12246077,72915,76.7,3435.7,0,1200,400,720,240,4200,7500,8500,102,1.5,6000,0,0,0,0,0,71.41,30,66.52,61.75,55.4,0,0
2026-09-01T18:37:38.866000+09:00,2026-09-01T09:37:38.866000+00:00,094623,1464.0,1,0,0,0,0,13449,497,13449,0,0,0,0,4655,-26560,18518,6,4993,528,129,0,0,0,0,0,0,0,0,0,31082107,2018,0.44,537.43,2001.4,0,53.4,97.8,68,38.8,62.3,525.2,58.8,599.3,153,156.8,1028.1,365463,5571,12.65,90.2,1500,2.73,1.13,23.1,36.6,65,11.15,12246080,72915,58.55,3435.7,0,1200,400,720,240,4200,7500,8500,102,1.5,6000,0,0,0,0,0,64.51,30,60.12,58.16,55.4,0,0
2026-09-01T18:38:38.979000+09:00,2026-09-01T09:38:38.979000+00:00,094623,1357.8,1,0,0,0,0,13449,495,13449,0,0,0,0,4655,-28608,10326,6,4992,0,129,0,0,0,0,0,0,0,0,0,31082107,2018,0.46,482.5,1840.27,0,53.3,97.3,68.3,38.8,61.9,524.9,58.8,594.6,145.9,149,1038.7,365463,5571,12.8,92.6,1490,2.71,1.12,22.8,37.8,65,11.2,12246082,72915,60.71,3435.7,0,1200,400,720,240,4200,7500,8500,102,1.5,6000,0,0,0,0,0,65.6,30,58.07,67.16,55.4,0,0
2026-09-01T18:39:39.076000+09:00,2026-09-01T09:39:39.076000+00:00,094623,2337.1,1,0,0,0,0,13449,495,13449,0,0,0,0,4655,-28608,10326,518,4480,0,129,0,0,0,0,0,0,0,0,0,31082107,2018,0.43,930.51,3267.62,0,53.5,99.6,68.1,38.7,61.7,521.9,59.9,599.6,155.4,159.8,1034.7,365463,5571,12.88,89.2,1500,2.67,1.14,30.6,41.9,65,25.65,12246085,72915,72.48,3435.7,0,1200,400,720,240,4200,7500,8500,102,1.5,6000,0,0,0,0,0,74.68,30,74.11,67.91,55.5,0,0
2026-09-01T18:40:39.174000+09:00,2026-09-01T09:40:39.174000+00:00,094623,2569.1,1,0,0,0,0,13449,496,13449,0,0,0,0,4651,-28608,12374,6,4512,72,129,0,0,0,0,0,0,0,0,0,31082107,2018,0.39,1109.96,3679.01,0,53.7,97,67.9,38.7,62.1,525.4,57.8,605.9,161.5,166.2,1045.1,365463,5571,12.39,88.4,1500,2.66,1.17,31.7,41.2,65,26.27,12246089,72915,76.56,3435.7,0,1200,400,720,240,4200,7500,8500,102,1.5,6000,0,0,0,0,0,74.2,30,67.7,63.55,55.5,0,0
2026-09-01T18:41:39.264000+09:00,2026-09-01T09:41:39.264000+00:00,094623,1482.3,1,0,0,0,0,13449,490,13449,0,0,0,0,4651,-28608,10326,590,4992,8192,129,0,0,0,0,0,0,0,0,0,31082107,2018,0.43,534.99,2017.27,0,53.7,98.2,67.9,38.7,62.3,525.8,58.7,604.2,155.2,159.2,1047.5,365464,5572,12.63,89.8,1470,2.69,1.09,22.6,35.3,65,11.06,12246093,72915,62.76,3435.7,0,1200,400,720,240,4200,7500,8500,102,1.5,6000,0,0,0,0,0,64.41,30,60.83,56.5,55.5,0,0
2026-09-01T18:42:39.366000+09:00,2026-09-01T09:42:39.366000+00:00,094623,1322.4,1,0,0,0,0,13449,491,13449,0,0,0,0,4655,-28608,10390,6,4992,0,129,0,0,0,0,0,0,0,0,0,31082107,2018,0.45,440.99,1763.36,0,53.5,97.3,68.3,38.7,62,525.6,59,596.4,145.4,148.5,1044.9,365464,5572,12.35,92,1480,2.68,1.08,22.1,36.9,65,11.2,12246095,72915,63.1,3435.71,0,1200,400,720,240,4200,7500,8500,102,1.5,6000,0,0,0,0,0,65.74,30,58,64.95,55.4,0,0
2026-09-01T18:43:39.482000+09:00,2026-09-01T09:43:39.482000+00:00,094623,2261.4,1,0,0,0,0,13449,495,13449,0,0,0,0,4651,-28608,10326,6,4480,0,129,0,0,0,0,0,0,0,0,0,31082107,2018,0.45,937.83,3199.25,0,53.5,98.5,68.2,38.7,61.5,519.8,58.4,596.2,149.1,152.6,1053.1,365464,5572,12.88,89.9,1490,2.65,1.17,30.4,42.5,65,25.43,12246097,72915,65.97,3435.71,0,1200,400,720,240,4200,7500,8500,102,1.5,6000,0,0,0,0,0,74.74,30,70.07,68.82,55.4,0,0
2026-09-01T18:44:39.582000+09:00,2026-09-01T09:44:39.582000+00:00,094623,1971.8,1,0,0,0,0,13449,501,13449,0,0,0,0,4655,-26560,10390,6,21376,0,129,0,0,0,0,0,0,0,0,0,31082107,2018,0.41,735.19,2706.99,0,53.6,98.8,67.5,38.6,61.9,525.1,59,604,160.4,165.5,1067.3,365464,5572,12.36,89.3,1510,2.72,1.11,25.4,35.9,65,15.89,12246101,72915,76.63,3435.71,0,1200,400,720,240,4200,7500,8500,102,1.5,6000,0,0,0,0,0,66.5,30,66.82,60.55,55.5,0,0
2026-09-01T18:45:39.701000+09:00,2026-09-01T09:45:39.701000+00:00,094623,1426.1,1,0,0,0,0,13449,498,13449,0,0,0,0,4655,-26560,12374,6,5024,8,129,0,0,0,0,0,0,0,0,0,31082107,2018,0.41,555.74,1981.87,0,53.4,96.9,68.1,38.6,61.9,524,58.9,596.6,148.3,151.7,1036.9,365464,5572,12.39,90.7,1500,2.73,1.13,23.1,37.2,65,10.75,12246104,72915,58.25,3435.71,0,1200,400,720,240,4200,7500,8500,102,1.5,6000,0,0,0,0,0,65.14,30,57.24,61.45,55.4,0,0
2026-09-01T18:46:39.790000+09:00,2026-09-01T09:46:39.790000+00:00,094623,1725.2,1,0,0,0,0,13449,494,13449,0,0,0,0,4655,-28608,10342,6,12676,0,129,0,0,0,0,0,0,0,0,0,31082107,2018,0.42,654.62,2379.83,0,53.3,97.7,68.3,38.7,61.6,520,58.8,593.3,145,148.1,1056.3,365464,5572,12.34,91.2,1490,2.68,1.18,26.4,41.1,65,15.78,12246106,72915,65.06,3435.71,0,1200,400,720,240,4200,7500,8500,102,1.5,6000,0,0,0,0,0,69.42,30,63.16,67.93,55.4,0,0
2026-09-01T18:47:39.893000+09:00,2026-09-01T09:47:39.893000+00:00,094623,2499.5,1,0,0,0,0,13449,497,13449,0,0,0,0,4651,-28608,10326,6,4480,0,129,0,0,0,0,0,0,0,0,0,31082107,2018,0.41,1096.53,3596,0,53.4,99.7,67.8,38.6,61.7,521.6,58.3,604.2,159,164,1047,365465,5573,12.74,88.7,1500,2.67,1.15,31.2,41,65,26.46,12246110,72915,74.26,3435.71,0,1200,400,720,240,4200,7500,8500,102,1.5,6000,0,0,0,0,0,74.04,30,75.1,66.37,55.4,0,0
2026-09-01T18:48:39.999000+09:00,2026-09-01T09:48:39.999000+00:00,094623,2588.6,1,0,0,0,0,13449,496,13449,0,0,0,0,4655,-28608,10326,6,4480,0,129,0,0,0,0,0,0,0,0,0,31082107,2018,0.41,1085.54,3674.12,0,53.6,96.5,67.9,38.5,62.2,526.1,61.4,606.6,163.3,168.3,1070.5,365465,5573,12.29,88.4,1500,2.67,1.16,31.4,40.9,65,26.65,12246114,72915,74,3435.71,0,1200,400,720,240,4200,7500,8500,102,1.5,6000,0,0,0,0,0,74.15,30,66.27,62.97,55.4,0,0
2026-09-01T18:49:40.097000+09:00,2026-09-01T09:49:40.097000+00:00,094623,1416.4,1,0,0,0,0,13449,492,13449,0,0,0,0,4651,-28608,10326,6,4992,0,129,0,0,0,0,0,0,0,0,0,31082107,2018,0.43,499.59,1915.95,0,53.6,98.3,67.9,38.4,62.3,529.4,58.8,600.7,153.9,157.9,1050.2,365465,5573,12.61,90.1,1490,2.7,1.12,22.6,37.1,65,11.2,12246117,72915,64.32,3435.71,0,1200,400,720,240,4200,7500,8500,102,1.5,6000,0,0,0,0,0,64.45,30,61.16,57.2,55.5,0,0
2026-09-01T18:50:40.208000+09:00,2026-09-01T09:50:40.208000+00:00,094623,1390.7,1,0,0,0,0,13449,493,13449,0,0,0,0,4651,-28608,18518,518,4992,528,129,0,0,0,0,0,0,0,0,0,31082107,2018,0.42,548.42,1939.15,0,53.4,97.1,68.3,38.5,61.8,525.6,63.1,595.9,146.2,149.6,1039.4,365465,5573,12.79,92.1,1490,2.71,1.12,22.9,36.8,65,10.32,12246119,72915,64.62,3435.71,0,1200,400,720,240,4200,7500,8500,102,1.5,6000,0,0,0,0,0,65.73,30,56.92,65.54,55.5,0,0
2026-09-01T18:51:40.282000+09:00,2026-09-01T09:51:40.282000+00:00,094623,2277.3,1,0,0,0,0,13449,497,13449,0,0,0,0,4651,-26560,10326,518,4480,0,129,0,0,0,0,0,0,0,0,0,31082107,2018,0.44,906.09,3183.39,0,53.4,98.7,68.2,38.4,61.5,520.2,61,600.1,150.6,154.3,1049.4,365465,5573,12.8,89.8,1500,2.66,1.16,30.6,42.6,65,25.53,12246122,72915,69.35,3435.72,0,1200,400,720,240,4200,7500,8500,102,1.5,6000,0,0,0,0,0,74.75,30,70.85,68.88,55.5,0,0
2026-09-01T18:52:40.374000+09:00,2026-09-01T09:52:40.374000+00:00,094623,2423.8,1,0,0,0,0,13449,497,13449,0,0,0,0,4655,-28608,10326,6,4480,0,129,0,0,0,0,0,0,0,0,0,31082107,2018,0.44,1020.84,3444.62,0,53.6,98.8,67.5,38.4,61.8,527.7,58.8,603.5,159.3,163.8,1059.7,365465,5573,12.76,89.4,1500,2.66,1.16,31.1,42.2,65,26.48,12246126,72915,74.37,3435.72,0,1200,400,720,240,4200,7500,8500,102,1.5,6000,0,0,0,0,0,72.99,30,73.11,67.55,55.4,0,0
2026-09-01T18:53:40.463000+09:00,2026-09-01T09:53:40.463000+00:00,094623,1764.3,1,0,0,0,0,13449,501,13449,0,0,0,0,4651,-28608,10326,6,4992,0,129,0,0,0,0,0,0,0,0,0,31082107,2018,0.42,613.12,2377.39,0,53.8,98,67.2,38.3,62.2,531,57.9,604.7,159.9,164.6,1050.1,365466,5574,12.63,89.3,1510,2.73,1.11,24.4,36.7,65,15.43,12246130,72915,74.53,3435.72,0,1200,400,720,240,4200,7500,8500,102,1.5,6000,0,0,0,0,0,63.6,30,64.03,58.86,55.5,0,0
2026-09-01T18:54:40.554000+09:00,2026-09-01T09:54:40.554000+00:00,094623,1877.8,1,0,0,0,0,13449,458,13449,0,0,0,0,4651,-28608,10326,6,4992,0,129,0,0,0,0,0,0,0,0,0,31082107,2018,0.46,758.38,2636.19,0,53.5,96.9,68.3,38.4,62,525.9,58.7,597.5,147.3,150.7,1034.5,365466,5574,12.76,90.7,1510,2.56,1.21,26.7,38.1,65,11.33,12246132,72915,59.3,3435.72,0,1200,400,720,240,4200,7500,8500,102,1.5,6000,0,0,0,0,0,63.96,30,56.85,60.26,55.5,0,0
2026-09-01T18:55:40.681000+09:00,2026-09-01T09:55:40.681000+00:00,094623,1848.5,1,0,0,0,0,13449,493,13449,0,0,0,0,4651,-28608,18518,6,4480,528,129,0,0,0,0,0,0,0,0,0,31082107,2018,0.43,732.75,2581.26,0,53.4,97.8,68.5,38.4,61.6,520.4,66.5,593.1,145,148.2,1025.3,365466,5574,12.82,91.3,1490,2.67,1.2,27.5,41.5,65,18.28,12246134,72915,67.79,3435.72,0,1200,400,720,240,4200,7500,8500,102,1.5,6000,0,0,0,0,0,70.38,30,64.35,69.39,55.5,0,0
2026-09-01T18:56:40.766000+09:00,2026-09-01T09:56:40.766000+00:00,094623,2449.4,1,0,0,0,0,13449,496,13449,0,0,0,0,4651,-28608,10326,6,4480,0,129,0,0,0,0,0,0,0,0,0,31082107,2018,0.41,998.87,3448.29,0,53.5,99.4,68.1,38.4,61.7,524.2,61.1,601.6,160.5,165.3,1042.2,365466,5574,12.7,88.6,1500,2.67,1.15,30.9,41.4,65,26.67,12246139,72915,76.15,3435.72,0,1200,400,720,240,4200,7500,8500,102,1.5,6000,0,0,0,0,0,74.53,30,74.85,65.63,55.5,0,0
2026-09-01T18:57:40.859000+09:00,2026-09-01T09:57:40.859000+00:00,094623,2215.0,1,0,0,0,0,13449,501,13449,0,0,0,0,4651,-28608,10326,6,4992,0,129,0,0,0,0,0,0,0,0,0,31082107,2018,0.42,869.47,3084.51,0,53.7,97,67.6,38.3,62.2,525.2,58.2,604.2,164.7,169.9,1078.9,365466,5574,12.69,88.7,1510,2.72,1.1,26.7,35.9,65,19.4,12246143,72915,75.39,3435.72,0,1200,400,720,240,4200,7500,8500,102,1.5,6000,0,0,0,0,0,67.88,30,62.96,58.66,55.5,0,0
2026-09-01T18:58:40.964000+09:00,2026-09-01T09:58:40.964000+00:00,094623,1337.0,1,0,0,0,0,13449,505,13449,0,0,0,0,4651,-28608,12374,6,5024,8,129,0,0,0,0,0,0,0,0,0,31082107,2018,0.46,498.37,1835.38,0,53.5,97.7,68.1,38.3,62.2,523.7,60,596.1,150.2,153.6,1068.5,365466,5574,12.71,90.8,1510,2.77,1.03,21.5,34.3,65,12.69,12246145,72915,59.06,3435.72,0,1200,400,720,240,4200,7500,8500,102,1.5,6000,0,0,0,0,0,64.7,30,60,60.13,55.5,0,0
2026-09-01T18:59:41.067000+09:00,2026-09-01T09:59:41.067000+00:00,094623,1488.4,1,0,0,0,0,13449,494,13449,0,0,0,0,4651,-28608,10326,6,4480,0,129,0,0,0,0,0,0,0,0,0,31082107,2018,0.37,532.55,2020.94,0,53.5,97.4,68.4,38.4,61.7,525.5,62.9,591.5,143.6,146.7,1026.6,365467,5575,12.57,91.5,1490,2.69,1.18,24.7,40.9,65,13.54,12246147,72915,68.25,3435.72,0,1200,400,720,240,4200,7500,8500,102,1.5,6000,0,0,0,0,0,67.79,30,59.97,66.59,55.4,0,0
2026-09-01T19:00:41.166000+09:00,2026-09-01T10:00:41.166000+00:00,094623,2464.1,1,0,0,0,0,13449,497,13449,0,0,0,0,4651,-28608,18518,6,4480,528,129,0,0,0,0,0,0,0,0,0,31082107,2018,0.44,1048.92,3512.99,0,53.5,99.4,67.9,38.3,61.5,523.6,61.4,599.6,156.5,161,1035.5,365467,5575,12.74,89.3,1500,2.67,1.15,31.2,41.7,65,26.46,12246151,72915,73.13,3435.73,0,1200,400,720,240,4200,7500,8500,102,1.5,6000,0,0,0,0,0,74.14,30,73.9,67.95,55.5,0,0
2026-09-01T19:01:41.277000+09:00,2026-09-01T10:01:41.277000+00:00,094623,1930.3,1,0,0,0,0,13449,501,13449,0,0,0,0,4651,-28608,10390,6,21376,0,129,0,0,0,0,0,0,0,0,0,31082107,2018,0.4,740.07,2670.37,0,53.7,97.8,67.7,38.3,62,527.6,58.8,602.2,162.1,167.1,1054.5,365467,5575,12.73,88.5,1510,2.73,1.11,25.2,35.8,65,16.05,12246155,72915,74.77,3435.73,0,1200,400,720,240,4200,7500,8500,102,1.5,6000,0,0,0,0,0,66.46,30,63.64,57.05,55.5,0,0
2026-09-01T19:02:41.368000+09:00,2026-09-01T10:02:41.368000+00:00,094623,2095.1,1,0,0,0,0,13449,499,13449,0,0,0,0,4651,-28608,10326,6,4992,0,129,0,0,0,0,0,0,0,0,0,31082107,2018,0.45,371.41,2466.51,0,53.5,97.4,68,38.3,61.9,524.8,58.3,593,149.8,153.5,1097,365467,5575,12.59,91.2,1500,2.73,1.14,23.2,37.2,65,11.37,12246157,72915,57.82,3435.73,0,1200,400,720,240,4200,7500,8500,102,1.5,6000,0,0,0,0,0,64.66,30,58.86,62.13,55.4,0,0
2026-09-01T19:03:41.466000+09:00,2026-09-01T10:03:41.466000+00:00,094623,1746.0,1,0,0,0,0,13449,494,13449,0,0,0,0,4651,-28608,12438,6,20896,72,129,0,0,0,0,0,0,0,0,0,31082107,2018,0.42,643.63,2389.6,0,53.4,98,68.4,38.2,61.6,520.2,58.4,589.1,146.3,149.7,1034.8,365467,5575,12.61,90.9,1490,2.68,1.18,26.6,41.3,65,16.66,12246159,72915,66.54,3435.73,0,1200,400,720,240,4200,7500,8500,102,1.5,6000,0,0,0,0,0,69.77,30,64.03,67.29,55.4,0,0
2026-09-01T19:04:41.554000+09:00,2026-09-01T10:04:41.554000+00:00,094623,2324.9,1,0,0,0,0,13449,495,13449,0,0,0,0,4651,-28608,10326,6,4480,0,129,0,0,0,0,0,0,0,0,0,31082107,2018,0.43,957.37,3282.27,0,53.5,99,67.9,38.2,61.7,525.7,57.9,598.8,158.5,163.3,1036.7,365467,5575,12.81,89,1500,2.66,1.15,30.7,42.4,65,26.53,12246163,72915,72.28,3435.73,0,1200,400,720,240,4200,7500,8500,102,1.5,6000,0,0,0,0,0,74.25,30,73.54,66.65,55.4,0,0
2026-09-01T19:05:41.644000+09:00,2026-09-01T10:05:41.644000+00:00,094623,2583.7,1,0,0,0,0,13449,497,13449,0,0,0,0,4655,-28608,18534,6,13188,528,129,0,0,0,0,0,0,0,0,0,31082107,2018,0.44,1057.47,3641.16,0,53.7,98.1,67.5,38.2,62,526.1,58.7,603.9,164.4,169.5,1047,365468,5576,12.73,88.9,1500,2.66,1.16,31.3,40.8,65,26.44,12246167,72915,74.67,3435.73,0,1200,400,720,240,4200,7500,8500,102,1.5,6000,0,0,0,0,0,72.63,30,71.59,64.77,55.4,0,0
2026-09-01T19:06:41.733000+09:00,2026-09-01T10:06:41.733000+00:00,094623,1663.0,1,0,0,0,0,13449,521,13449,0,0,0,0,4651,-28608,10326,6,4992,0,129,0,0,0,0,0,0,0,0,0,31082107,2018,0.44,727.87,2390.82,0,53.6,97.2,67.9,38.2,62.1,524.2,59.7,595.2,152.3,156.1,1039.7,365468,5576,12.59,89.9,1570,2.84,1.07,24.2,35.5,65,10.19,12246170,72915,62.87,3435.73,0,1200,400,720,240,4200,7500,8500,102,1.5,6000,0,0,0,0,0,66.44,30,61.63,59.8,55.4,0,0
2026-09-01T19:07:41.822000+09:00,2026-09-01T10:07:41.822000+00:00,094623,1799.7,1,0,0,0,0,13449,523,13449,0,0,0,0,4655,-28608,10326,6,4992,0,129,0,0,0,0,0,0,0,0,0,31082107,2018,0.42,787.68,2587.36,0,53.4,97.6,68.4,38.2,61.7,521.4,60.7,590.9,146.1,149.5,1033.2,365468,5576,12.93,91.9,1570,2.84,1.11,25.4,36.5,65,16.48,12246172,72915,62.26,3435.73,0,1200,400,720,240,4200,7500,8500,102,1.5,6000,0,0,0,0,0,69.24,30,62.55,68.67,55.4,0,0
2026-09-01T19:08:41.914000+09:00,2026-09-01T10:08:41.914000+00:00,094623,2348.1,1,0,0,0,0,13449,495,13449,0,0,0,0,4651,-28608,12374,6,4512,72,129,0,0,0,0,0,0,0,0,0,31082107,2018,0.43,1019.62,3367.72,0,53.4,98.5,68.2,38.2,61.5,521.4,58.5,597.1,154.6,158.9,1049.7,365468,5576,12.81,89.8,1500,2.65,1.16,30.8,42.1,65,25.85,12246175,72915,71.55,3435.74,0,1200,400,720,240,4200,7500,8500,102,1.5,6000,0,0,0,0,0,74.77,30,71.21,69.32,55.5,0,0
2026-09-01T19:09:42.007000+09:00,2026-09-01T10:09:42.007000+00:00,094623,1975.5,1,0,0,0,0,13449,501,13449,0,0,0,0,4651,-28608,10326,6,4992,0,129,0,0,0,0,0,0,0,0,0,31082107,2018,0.39,775.47,2750.94,0,53.6,98.5,67.8,38.2,61.9,525.6,60.6,602.4,163.7,168.8,1085.2,365468,5576,12.55,88.7,1510,2.74,1.1,25.3,35.7,65,16.74,12246179,72915,76.87,3435.74,0,1200,400,720,240,4200,7500,8500,102,1.5,6000,0,0,0,0,0,67.17,30,66.22,58.51,55.4,0,0
2026-09-01T19:10:42.142000+09:00,2026-09-01T10:10:42.142000+00:00,094623,1394.4,1,0,0,0,0,13449,497,13449,0,0,0,0,4651,-28608,18518,6,4992,528,129,0,0,0,0,0,0,0,0,0,31082107,2018,0.41,494.7,1889.1,0,53.4,96.8,68,38.1,61.8,526,61.8,592.5,149.8,153.4,1042.1,365468,5576,12.64,90.7,1500,2.73,1.13,22.8,37.7,65,11.2,12246181,72915,57.01,3435.74,0,1200,400,720,240,4200,7500,8500,102,1.5,6000,0,0,0,0,0,64.82,30,57.26,60.86,55.5,0,0
2026-09-01T19:11:42.228000+09:00,2026-09-01T10:11:42.228000+00:00,094623,1743.5,1,0,0,0,0,13449,494,13449,0,0,0,0,4651,-28608,10326,6,4480,0,129,0,0,0,0,0,0,0,0,0,31082107,2018,0.4,660.73,2404.25,0,53.3,98.4,68.1,38.1,61.4,521.4,58.7,591.3,145.1,148.2,1018,365469,5577,12.79,91,1490,2.68,1.19,26.5,41.3,65,16.15,12246183,72915,65.78,3435.74,0,1200,400,720,240,4200,7500,8500,102,1.5,6000,0,0,0,0,0,68.57,30,65.1,67.01,55.5,0,0
2026-09-01T19:12:42.319000+09:00,2026-09-01T10:12:42.319000+00:00,094623,2221.1,1,0,0,0,0,13449,501,13449,0,0,0,0,4651,-28608,10326,6,4992,0,129,0,0,0,0,0,0,0,0,0,31082107,2018,0.42,917.08,3138.22,0,53.4,99.4,67.8,38.1,61.6,521.5,57,603,161.5,166.4,1040.5,365469,5577,12.82,88.9,1510,2.73,1.11,27.2,36.5,65,20.24,12246187,72915,74.82,3435.74,0,1200,400,720,240,4200,7500,8500,102,1.5,6000,0,0,0,0,0,69.44,30,70.47,62.31,55.5,0,0
2026-09-01T19:13:42.429000+09:00,2026-09-01T10:13:42.429000+00:00,094623,1662.9,1,0,0,0,0,13449,521,13449,0,0,0,0,4651,-28608,12374,6,5024,72,129,0,0,0,0,0,0,0,0,0,31082107,2018,0.4,714.44,2377.39,0,53.3,96.4,68.1,38.1,61.6,520,58.6,594.5,149.7,153.4,1004.7,365469,5577,12.87,89.8,1570,2.84,1.07,23.9,34.8,65,16.25,12246190,72915,61.05,3435.74,0,1200,400,720,240,4200,7500,8500,102,1.5,6000,0,0,0,0,0,67.22,30,58.5,60.67,55.4,0,0
2026-09-01T19:14:42.523000+09:00,2026-09-01T10:14:42.523000+00:00,094623,1429.8,1,0,0,0,0,13449,492,13449,0,0,0,0,4651,-28608,10326,6,4480,0,129,0,0,0,0,0,0,0,0,0,31082107,2018,0.4,553.3,1983.09,0,53.1,98.4,68.1,38.1,61.3,524.1,62,589.7,144.1,147.4,1014,365469,5577,12.65,91.3,1480,2.7,1.16,23.9,39.7,65,12.53,12246192,72915,61.09,3435.74,0,1200,400,720,240,4200,7500,8500,102,1.5,6000,0,0,0,0,0,66.12,30,62.62,65.01,55.4,0,0
2026-09-01T19:15:42.624000+09:00,2026-09-01T10:15:42.624000+00:00,094623,2492.1,1,0,0,0,0,13449,501,13449,0,0,0,0,4655,-28608,18518,518,4992,16,129,0,0,0,0,0,0,0,0,0,31082107,2018,0.42,1100.19,3592.33,0,53.2,99.3,67.7,38.1,61.2,519.9,62.5,598.7,158.9,163.4,1037.7,365469,5577,12.18,88.9,1520,2.72,1.14,30.6,40.1,65,25.2,12246195,72915,73.47,3435.74,0,1200,400,720,240,4200,7500,8500,102,1.5,6000,0,0,0,0,0,72.64,30,72.97,66.48,55.4,0,0
2026-09-01T19:16:42.707000+09:00,2026-09-01T10:16:42.707000+00:00,094623,1333.3,1,0,0,0,0,13449,509,13449,0,0,0,0,4655,-28608,10326,6,4992,0,129,0,0,0,0,0,0,0,0,0,31082107,2018,0.37,547.2,1880.55,0,53.2,96.5,67.8,38.1,61.4,524,61,593.5,148.6,152.1,1029,365469,5577,12.4,89.3,1520,2.81,1.04,21.4,34.4,65,12.89,12246198,72915,62.15,3435.74,0,1200,400,720,240,4200,7500,8500,102,1.5,6000,0,0,0,0,0,64.06,30,56.87,57.01,55.4,0,0
2026-09-01T19:17:42.817000+09:00,2026-09-01T10:17:42.817000+00:00,094623,1475.0,1,0,0,0,0,13449,516,13449,0,0,0,0,4655,-28608,10326,590,4992,8192,129,0,0,0,0,0,0,0,0,0,31082107,2018,0.43,654.62,2129.58,0,52.8,98.5,67.9,38,61,519.3,67.8,589.9,144.3,147.6,1036.1,365470,5578,12.74,91.8,1550,2.85,1.04,22.3,33.5,65,16.21,12246200,72915,59.62,3435.75,0,1200,400,720,240,4200,7500,8500,102,1.5,6000,0,0,0,0,0,64.38,30,61.82,65.21,55.4,0,0
2026-09-01T19:18:42.901000+09:00,2026-09-01T10:18:42.901000+00:00,094623,2317.6,1,0,0,0,0,13449,497,13449,0,0,0,0,4655,-28608,12374,582,4512,8,129,0,0,0,0,0,0,0,0,0,31082107,2018,0.41,976.9,3294.47,0,53,98.9,68,38.1,60.9,521.4,65.7,597.2,154.5,158.9,1037.4,365470,5578,12.67,89.2,1500,2.68,1.15,30.6,42.1,65,26.06,12246203,72915,72.13,3435.75,0,1200,400,720,240,4200,7500,8500,102,1.5,6000,0,0,0,0,0,73.52,30,72.17,68.18,55.5,0,0
2026-09-01T19:19:43.016000+09:00,2026-09-01T10:19:43.016000+00:00,094623,2578.8,1,0,0,0,0,13449,497,13449,0,0,0,0,4651,-28608,10326,6,4480,0,129,0,0,0,0,0,0,0,0,0,31082107,2018,0.39,1189.31,3768.12,0,53.1,97.8,67.9,38,61.4,524.3,61.8,602.6,163.1,168,1060.5,365470,5578,12.65,88.1,1500,2.68,1.16,31.5,40.5,65,26.51,12246208,72915,73.29,3435.75,0,1200,400,720,240,4200,7500,8500,102,1.5,6000,0,0,0,0,0,73.3,30,70.41,62.42,55.4,0,0
2026-09-01T19:20:43.116000+09:00,2026-09-01T10:20:43.116000+00:00,094623,1481.1,1,0,0,0,0,13449,499,13449,0,0,0,0,4655,-28608,10390,590,21376,8192,129,0,0,0,0,0,0,0,0,0,31082107,2018,0.41,527.67,2008.73,0,53.1,97.7,67.8,37.9,61.6,528.5,67.2,594.5,154.1,158.1,1046.5,365470,5578,12.35,90,1500,2.75,1.13,23,37.1,65,10.83,12246211,72915,60.97,3435.75,0,1200,400,720,240,4200,7500,8500,102,1.5,6000,0,0,0,0,0,63.52,30,59.61,57.04,55.5,0,0
2026-09-01T19:21:43.201000+09:00,2026-09-01T10:21:43.201000+00:00,094623,1420.0,1,0,0,0,0,13449,498,13449,0,0,0,0,4651,-26560,10326,6,4992,0,129,0,0,0,0,0,0,0,0,0,31082107,2018,0.42,544.75,1964.78,0,53,97.9,68.1,38,61.2,525.2,62.9,590.6,147.5,150.8,1033.2,365470,5578,12.77,91.8,1500,2.75,1.14,23.1,37.4,65,11.32,12246213,72915,63.83,3435.75,0,1200,400,720,240,4200,7500,8500,102,1.5,6000,0,0,0,0,0,64.34,30,60.34,64.72,55.5,0,0
2026-09-01T19:22:43.307000+09:00,2026-09-01T10:22:43.307000+00:00,094623,2478.7,1,0,0,0,0,13449,494,13449,0,0,0,0,4651,-28608,10390,6,20864,0,129,0,0,0,0,0,0,0,0,0,31082107,2018,0.46,1097.75,3576.46,0,53,98.2,68.2,38,61.1,516.8,63.4,596.5,156.6,161.2,1029.5,365470,5578,12.67,89.6,1490,2.67,1.16,31.2,40.5,65,25.6,12246215,72915,67.3,3435.75,0,1200,400,720,240,4200,7500,8500,102,1.5,6000,0,0,0,0,0,73.89,30,69.55,67.79,55.4,0,0
2026-09-01T19:23:43.404000+09:00,2026-09-01T10:23:43.404000+00:00,094623,2544.6,1,0,0,0,0,13449,494,13449,0,0,0,0,4655,-26560,12374,6,4512,8,129,0,0,0,0,0,0,0,0,0,31082107,2018,0.43,1164.89,3709.52,0,53.2,98,67.9,38,61.5,525.2,65.9,602.1,163.7,168.7,1041.7,365471,5579,12.23,89.2,1490,2.67,1.16,31.5,40.9,65,26.37,12246220,72915,74.86,3435.75,0,1200,400,720,240,4200,7500,8500,102,1.5,6000,0,0,0,0,0,73.36,30,70.73,66.08,55.4,0,0
2026-09-01T19:24:43.489000+09:00,2026-09-01T10:24:43.489000+00:00,094623,1831.4,1,0,0,0,0,13449,522,13449,0,0,0,0,4651,-28608,10342,6,13188,0,129,0,0,0,0,0,0,0,0,0,31082107,2018,0.43,831.63,2663.04,0,53.4,97.9,67.9,37.8,61.9,523.8,62,597.3,157.4,161.7,1022.5,365471,5579,12.46,89.6,1570,2.86,1.07,24.5,34.4,65,11.2,12246223,72915,67.06,3435.75,0,1200,400,720,240,4200,7500,8500,102,1.5,6000,0,0,0,0,0,66.86,30,63.18,60.03,55.4,0,0
2026-09-01T19:25:43.590000+09:00,2026-09-01T10:25:43.590000+00:00,094623,1833.8,1,0,0,0,0,13449,522,13449,0,0,0,0,4655,-28608,10326,6,4992,0,129,0,0,0,0,0,0,0,0,0,31082107,2018,0.47,875.58,2709.43,0,53.2,97.6,68.2,37.9,61.5,522,61.4,592.9,148.9,152.3,1029.6,365471,5579,12.91,91.1,1570,2.85,1.11,25.5,35.7,65,11.95,12246225,72915,62.66,3435.75,0,1200,400,720,240,4200,7500,8500,102,1.5,6000,0,0,0,0,0,68.31,30,62.63,65.84,55.4,0,0
2026-09-01T19:26:43.679000+09:00,2026-09-01T10:26:43.679000+00:00,094623,2259.0,1,0,0,0,0,13449,495,13449,0,0,0,0,4655,-28608,10326,6,4480,0,129,0,0,0,0,0,0,0,0,0,31082107,2018,0.44,915.86,3174.84,0,53.2,98.1,68.3,37.9,61.3,518.4,61.5,595.1,152.2,155.7,1058.2,365471,5579,12.51,90.7,1500,2.66,1.17,30.2,42,65,24.48,12246228,72915,67.6,3435.75,0,1200,400,720,240,4200,7500,8500,102,1.5,6000,0,0,0,0,0,73.78,30,68.39,71.44,55.4,0,0
2026-09-01T19:27:43.775000+09:00,2026-09-01T10:27:43.775000+00:00,094623,2289.5,1,0,0,0,0,13449,496,13449,0,0,0,0,4651,-28608,10326,6,4480,0,129,0,0,0,0,0,0,0,0,0,31082107,2018,0.39,884.12,3173.62,0,53.5,98.9,67.9,37.8,61.6,529.2,63.6,601.2,160.2,164.9,1028.6,365471,5579,12.65,88.5,1500,2.68,1.15,30.6,43.2,65,26.52,12246232,72915,78.15,3435.76,0,1200,400,720,240,4200,7500,8500,102,1.5,6000,0,0,0,0,0,73.82,30,73.58,65.01,55.4,0,0
2026-09-01T19:28:43.862000+09:00,2026-09-01T10:28:43.862000+00:00,094623,2401.8,1,0,0,0,0,13449,496,13449,0,0,0,0,4655,-28608,18518,6,4480,528,129,0,0,0,0,0,0,0,0,0,31082107,2018,0.44,1004.97,3406.78,0,53.5,96.9,67.6,37.8,61.8,530.7,60.9,603.1,163.1,167.9,1024.2,365471,5579,12.34,89,1500,2.68,1.16,30.8,42.1,65,26.46,12246237,72915,73.58,3435.76,0,1200,400,720,240,4200,7500,8500,102,1.5,6000,0,0,0,0,0,72.65,30,66.6,64.32,55.4,0,0
2026-09-01T19:29:43.962000+09:00,2026-09-01T10:29:43.962000+00:00,094623,1872.9,1,0,0,0,0,13449,501,13449,0,0,0,0,4651,-28608,10326,6,4992,0,129,0,0,0,0,0,0,0,0,0,31082107,2018,0.46,679.04,2551.96,0,53.6,99.4,67.4,37.7,62.1,530.4,58.9,602.9,163.2,168,1047.8,365472,5580,12.8,89.6,1510,2.75,1.11,24.4,35.5,65,14.83,12246240,72915,73.54,3435.76,0,1200,400,720,240,4200,7500,8500,102,1.5,6000,0,0,0,0,0,63.64,30,67.09,57.31,55.4,0,0
2026-09-01T19:30:44.061000+09:00,2026-09-01T10:30:44.061000+00:00,094623,1829.0,1,0,0,0,0,13449,514,13449,0,0,0,0,4651,-28608,10326,6,4992,0,129,0,0,0,0,0,0,0,0,0,31082107,2018,0.45,777.92,2606.89,0,53.5,96.7,68.5,37.8,61.9,525.8,60.2,594.5,149.5,152.9,1013.3,365472,5580,12.86,91.6,1580,2.82,1.11,26,37.6,65,11.19,12246242,72915,60.43,3435.76,0,1200,400,720,240,4200,7500,8500,102,1.5,6000,0,0,0,0,0,65.84,30,57.28,63.24,55.4,0,0
2026-09-01T19:31:44.171000+09:00,2026-09-01T10:31:44.171000+00:00,094623,1805.8,1,0,0,0,0,13449,493,13449,0,0,0,0,4651,-28608,10326,6,4480,8,129,0,0,0,0,0,0,0,0,0,31082107,2018,0.4,677.82,2483.6,0,53.4,98.2,68.7,37.7,61.4,522.4,58.6,589.9,145.9,148.9,1043.5,365472,5580,12.7,91,1490,2.67,1.19,27.2,42,65,18.55,12246245,72915,68.63,3435.76,0,1200,400,720,240,4200,7500,8500,102,1.5,6000,0,0,0,0,0,71.29,30,65.64,68.01,55.4,0,0
2026-09-01T19:32:44.259000+09:00,2026-09-01T10:32:44.259000+00:00,094623,2497.0,1,0,0,0,0,13449,494,13449,0,0,0,0,4651,-28608,10326,6,4480,0,129,0,0,0,0,0,0,0,0,0,31082107,2018,0.41,976.9,3473.92,0,53.5,99.1,67.9,37.7,61.5,525.4,57.4,601.5,159.7,164.5,1030.1,365472,5580,12.74,88.9,1490,2.66,1.15,31.1,41.4,65,26.51,12246249,72915,73.16,3435.76,0,1200,400,720,240,4200,7500,8500,102,1.5,6000,0,0,0,0,0,74.03,30,73.91,65.8,55.4,0,0
2026-09-01T19:33:44.355000+09:00,2026-09-01T10:33:44.355000+00:00,094623,1632.4,1,0,0,0,0,13449,499,13449,0,0,0,0,4651,-28608,18518,6,4992,528,129,0,0,0,0,0,0,0,0,0,31082107,2018,0.38,582.6,2215.03,0,53.6,97.3,67.6,37.7,61.8,528.6,56.5,598.3,157.5,161.9,1053.7,365472,5580,12.91,88.7,1500,2.74,1.14,23.6,37,65,12.58,12246252,72915,72.75,3435.76,0,1200,400,720,240,4200,7500,8500,102,1.5,6000,0,0,0,0,0,63.98,30,60.37,54.66,55.4,0,0
2026-09-01T19:34:44.455000+09:00,2026-09-01T10:34:44.455000+00:00,094623,1438.3,1,0,0,0,0,13449,497,13449,0,0,0,0,4651,-28608,10326,6,4992,0,129,0,0,0,0,0,0,0,0,0,31082107,2018,0.46,555.74,1994.08,0,53.3,97.5,68,37.7,61.5,525.8,56.8,592.2,149,152.5,1030.8,365472,5580,12.69,91.9,1500,2.74,1.13,23.1,37,65,11.22,12246254,72915,59.03,3435.76,0,1200,400,720,240,4200,7500,8500,102,1.5,6000,0,0,0,0,0,64.27,30,59.07,64.03,55.4,0,0
2026-09-01T19:35:44.564000+09:00,2026-09-01T10:35:44.564000+00:00,094623,2165.0,1,0,0,0,0,13449,494,13449,0,0,0,0,4655,-28608,10326,518,4480,0,129,0,0,0,0,0,0,0,0,0,31082107,2018,0.44,889,3053.99,0,53.2,98.2,68.4,37.6,61.2,519.2,61.5,591.6,149.4,153,1062.5,365473,5581,12.24,89.9,1490,2.67,1.19,29.7,42.1,65,22.26,12246257,72915,69.73,3435.76,0,1200,400,720,240,4200,7500,8500,102,1.5,6000,0,0,0,0,0,72.98,30,68.22,67.25,55.4,0,0
2026-09-01T19:36:44.658000+09:00,2026-09-01T10:36:44.658000+00:00,094623,2416.5,1,0,0,0,0,13449,497,13449,0,0,0,0,4655,-28608,12374,6,4512,72,129,0,0,0,0,0,0,0,0,0,31082107,2018,0.42,957.37,3373.82,0,53.3,98.6,67.9,37.6,61.5,527.2,58.1,600.1,161.3,166.3,1070.7,365473,5581,12.68,88.8,1500,2.68,1.15,30.8,42,65,26.54,12246261,72915,75.86,3435.77,0,1200,400,720,240,4200,7500,8500,102,1.5,6000,0,0,0,0,0,73.84,30,72.7,64.87,55.4,0,0
2026-09-01T19:37:44.758000+09:00,2026-09-01T10:37:44.758000+00:00,094623,2357.9,1,0,0,0,0,13449,500,13449,0,0,0,0,4655,-28608,10326,590,4992,8192,129,0,0,0,0,0,0,0,0,0,31082107,2018,0.43,998.87,3356.73,0,53.4,97.1,67.8,37.6,61.8,528.1,58.3,601.6,163.6,168.9,1069.2,365473,5581,12.87,89.1,1510,2.7,1.12,28.4,37.9,65,22.92,12246265,72915,73.87,3435.77,0,1200,400,720,240,4200,7500,8500,102,1.5,6000,0,0,0,0,0,70.44,30,64.9,61.25,55.4,0,0
2026-09-01T19:38:44.854000+09:00,2026-09-01T10:38:44.854000+00:00,094623,1037.6,1,0,0,0,0,13449,499,13449,0,0,0,0,4651,-28608,18518,6,4992,528,129,0,0,0,0,0,0,0,0,0,31082107,2018,0.49,45.47,1083.1,0,53.3,98,68,37.6,61.8,528.6,56.8,592.7,150.5,153.9,1049.1,365473,5581,12.77,90.5,1490,2.73,1.16,22.9,37.3,65,11.24,12246268,72915,60.4,3435.77,0,1200,400,720,240,4200,7500,8500,102,1.5,6000,0,0,0,0,0,64.18,30,60.6,58.61,55.3,0,0
2026-09-01T19:39:44.965000+09:00,2026-09-01T10:39:44.965000+00:00,094623,1466.4,1,0,0,0,0,13449,498,13449,0,0,0,0,4655,-26560,10390,590,21376,8192,129,0,0,0,0,0,0,0,0,0,31082107,2018,0.38,552.08,2018.49,0,53.2,97.1,68.3,37.6,61.3,525.8,70,590.4,145.8,149,1028.2,365473,5581,12.74,92.6,1500,2.74,1.14,23.2,37.3,65,11.32,12246270,72915,66.54,3435.77,0,1200,400,720,240,4200,7500,8500,102,1.5,6000,0,0,0,0,0,65.39,30,57.11,67.94,55.4,0,0
2026-09-01T19:40:45.072000+09:00,2026-09-01T10:40:45.072000+00:00,094623,2361.5,1,0,0,0,0,13449,495,13449,0,0,0,0,4651,-28608,10326,6,4480,0,129,0,0,0,0,0,0,0,0,0,31082107,2018,0.39,967.13,3328.65,0,53.3,99.5,68.1,37.6,61.3,523.2,61.7,599.1,156.9,161.7,1028.2,365473,5581,12.57,88.4,1490,2.66,1.15,30.6,41.8,65,26.5,12246273,72915,74.16,3435.77,0,1200,400,720,240,4200,7500,8500,102,1.5,6000,0,0,0,0,0,74.49,30,74.24,64.75,55.3,0,0
2026-09-01T19:41:45.173000+09:00,2026-09-01T10:41:45.173000+00:00,094623,2490.9,1,0,0,0,0,13449,501,13449,0,0,0,0,4655,-28608,12390,582,13220,72,129,0,0,0,0,0,0,0,0,0,31082107,2018,0.39,1100.19,3591.11,0,53.5,97.1,67.7,37.5,61.7,525.6,59.5,602.2,163.6,168.6,1067.6,365474,5582,12.74,88.5,1510,2.7,1.15,29.7,38.7,65,23.93,12246278,72915,73.48,3435.77,0,1200,400,720,240,4200,7500,8500,102,1.5,6000,0,0,0,0,0,71.69,30,66.34,60.88,55.4,0,0
2026-09-01T19:42:45.267000+09:00,2026-09-01T10:42:45.267000+00:00,094623,1485.9,1,0,0,0,0,13449,491,13449,0,0,0,0,4655,-28608,10326,6,4992,0,129,0,0,0,0,0,0,0,0,0,31082107,2018,0.44,565.51,2051.45,0,53.3,98.2,67.9,37.5,61.8,525.9,57.2,592.6,152.3,155.9,1047.8,365474,5582,12.71,91,1480,2.7,1.12,22.9,35.9,65,11.2,12246280,72915,58.32,3435.77,0,1200,400,720,240,4200,7500,8500,102,1.5,6000,0,0,0,0,0,63.92,30,60.97,59.87,55.3,0,0
2026-09-01T19:43:45.367000+09:00,2026-09-01T10:43:45.367000+00:00,094623,1434.7,1,0,0,0,0,13449,491,13449,0,0,0,0,4655,-28608,18518,6,4992,528,129,0,0,0,0,0,0,0,0,0,31082107,2018,0.4,596.03,2030.7,0,53.2,97.6,68.5,37.5,61.4,523.8,59.8,590.1,146.6,149.8,1041.2,365474,5582,12.68,91.3,1480,2.7,1.11,22.7,35.8,65,11.09,12246282,72915,69.22,3435.77,0,1200,400,720,240,4200,7500,8500,102,1.5,6000,0,0,0,0,0,66.02,30,59.25,63.41,55.3,0,0
2026-09-01T19:44:45.455000+09:00,2026-09-01T10:44:45.455000+00:00,094623,2342.0,1,0,0,0,0,13449,494,13449,0,0,0,0,4651,-28608,10326,6,4480,0,129,0,0,0,0,0,0,0,0,0,31082107,2018,0.45,950.04,3292.03,0,53.2,99.1,68.1,37.5,61.3,523.9,58.7,597.4,156,160.5,1039.4,365474,5582,12.56,89.5,1490,2.67,1.14,30.4,42.3,65,26.31,12246286,72915,68.47,3435.77,0,1200,400,720,240,4200,7500,8500,102,1.5,6000,0,0,0,0,0,74.65,30,72.73,67.45,55.3,0,0
2026-09-01T19:45:45.550000+09:00,2026-09-01T10:45:45.550000+00:00,094623,2353.0,1,0,0,0,0,13449,503,13449,0,0,0,0,4651,-28608,10326,6,4992,0,129,0,0,0,0,0,0,0,0,0,31082107,2018,0.43,961.03,3314,0,53.4,97.8,67.6,37.5,61.6,525.3,65.5,597.9,164.2,169.3,1049,365474,5582,12.74,89.7,1520,2.72,1.1,27.8,36.6,65,21.93,12246290,72915,74.25,3435.78,0,1200,400,720,240,4200,7500,8500,102,1.5,6000,0,0,0,0,0,69.88,30,66.98,64.32,55.3,0,0
2026-09-01T19:46:45.645000+09:00,2026-09-01T10:46:45.645000+00:00,094623,1658.1,1,0,0,0,0,13449,445,13449,0,0,0,0,4651,-28608,12374,6,5024,72,129,0,0,0,0,0,0,0,0,0,31082107,2018,0.44,558.18,2216.25,0,53.3,97.4,67.9,37.5,61.6,528.7,60.4,589.2,149.3,152.7,1023.5,365474,5582,12.67,90.6,1320,2.51,1.79,26.5,40.8,65,11.08,12246292,72915,63.53,3435.78,0,1200,400,720,240,4200,7500,8500,102,1.5,6000,0,0,0,0,0,63.22,30,58,59.77,55.3,0,0
2026-09-01T19:47:45.747000+09:00,2026-09-01T10:47:45.747000+00:00,094623,1435.9,1,0,0,0,0,13449,497,13449,0,0,0,0,4655,-28608,10326,518,4480,0,129,0,0,0,0,0,0,0,0,0,31082107,2018,0.44,534.99,1970.88,0,53.1,97.8,68.2,37.4,61.1,525.2,61.6,589.2,144.4,147.4,1033.4,365475,5583,12.56,91.5,1490,2.72,1.14,23.2,38,65,10.89,12246294,72915,62.84,3435.78,0,1200,400,720,240,4200,7500,8500,102,1.5,6000,0,0,0,0,0,65.51,30,59.76,65.23,55.3,0,0
2026-09-01T19:48:45.835000+09:00,2026-09-01T10:48:45.835000+00:00,094623,2371.3,1,0,0,0,0,13449,497,13449,0,0,0,0,4651,-28608,10326,6,4480,0,129,0,0,0,0,0,0,0,0,0,31082107,2018,0.44,945.16,3316.45,0,53.2,99.2,67.9,37.4,61.1,523.7,59.1,600,155.7,160.4,1035.1,365475,5583,12.68,89.4,1500,2.68,1.14,30.4,41.6,65,26.46,12246298,72915,71.79,3435.78,0,1200,400,720,240,4200,7500,8500,102,1.5,6000,0,0,0,0,0,73.7,30,73.42,68.56,55.3,0,0
2026-09-01T19:49:45.936000+09:00,2026-09-01T10:49:45.936000+00:00,094623,2456.7,1,0,0,0,0,13449,497,13449,0,0,0,0,4651,-28608,10326,6,4480,0,129,0,0,0,0,0,0,0,0,0,31082107,2018,0.41,993.99,3450.73,0,53.4,97.8,67.7,37.3,61.5,528.3,62,601.4,161.2,166.2,1031.1,365475,5583,12.33,88.6,1500,2.67,1.15,30.8,41.5,65,26.67,12246302,72915,77.19,3435.78,0,1200,400,720,240,4200,7500,8500,102,1.5,6000,0,0,0,0,0,72.98,30,70.35,64.58,55.3,0,0
2026-09-01T19:50:46.037000+09:00,2026-09-01T10:50:46.037000+00:00,094623,1907.1,1,0,0,0,0,13449,501,13449,0,0,0,0,4651,-28608,10326,6,4992,0,129,0,0,0,0,0,0,0,0,0,31082107,2018,0.43,746.18,2653.28,0,53.5,97.5,67.5,37.3,61.8,528.6,60.3,603.8,161.6,166.6,1045.7,365475,5583,12.81,89,1510,2.73,1.11,24.7,35.3,65,15.47,12246306,72915,72.22,3435.78,0,1200,400,720,240,4200,7500,8500,102,1.5,6000,0,0,0,0,0,64.45,30,60.99,56.54,55.3,0,0
2026-09-01T19:51:46.138000+09:00,2026-09-01T10:51:46.138000+00:00,094623,1771.6,1,0,0,0,0,13449,439,13449,0,0,0,0,4655,-26560,12374,6,5025,8,129,0,0,0,0,0,0,0,0,0,31082107,2018,0.47,625.32,2396.92,0,53.3,97.6,68.3,37.3,61.6,528.1,61.7,594,147.1,150.7,1013.4,365475,5583,12.79,91,1320,2.44,1.67,27.2,39.9,65,11.06,12246308,72915,58.53,3435.78,0,1200,400,720,240,4200,7500,8500,102,1.5,6000,0,0,0,0,0,63.6,30,58.02,59.46,55.3,0,0
2026-09-01T19:52:46.238000+09:00,2026-09-01T10:52:46.238000+00:00,094623,1832.6,1,0,0,0,0,13449,493,13449,0,0,0,0,4651,-28608,10326,6,4480,0,129,0,0,0,0,0,0,0,0,0,31082107,2018,0.39,674.15,2506.79,0,53.2,98.2,68.5,37.4,61.2,522.6,59.3,590.3,143.8,146.9,1017.3,365475,5583,12.55,91.8,1490,2.68,1.2,27.2,41.8,65,17.42,12246310,72915,68.19,3435.78,0,1200,400,720,240,4200,7500,8500,102,1.5,6000,0,0,0,0,0,70.21,30,64.47,70.21,55.3,0,0
2026-09-01T19:53:46.365000+09:00,2026-09-01T10:53:46.365000+00:00,094623,2064.9,1,0,0,0,0,13449,501,13449,0,0,0,0,4655,-28608,10326,6,4992,0,129,0,0,0,0,0,0,0,0,0,31082107,2018,0.39,859.71,2924.59,0,53.3,99.7,68,37.3,61.3,524.4,65.3,600.7,159,164.1,1064,365476,5584,12.81,88.6,1510,2.74,1.1,26.3,36.3,65,18.71,12246314,72915,76.25,3435.79,0,1200,400,720,240,4200,7500,8500,102,1.5,6000,0,0,0,0,0,69.01,30,70.32,60.38,55.3,0,0
2026-09-01T19:54:46.484000+09:00,2026-09-01T10:54:46.484000+00:00,094623,1396.8,1,0,0,0,0,13449,498,13449,0,0,0,0,4655,-26560,10326,6,4992,0,129,0,0,0,0,0,0,0,0,0,31082107,2018,0.39,517.9,1914.73,0,53,96.5,68,37.4,61.3,522.9,63.4,592.9,147.8,151.4,1049.3,365476,5584,12.75,90.3,1480,2.74,1.06,21.9,34.7,65,11.17,12246316,72915,58.34,3435.79,0,1200,400,720,240,4200,7500,8500,102,1.5,6000,0,0,0,0,0,64.72,30,56.26,59.92,55.3,0,0
2026-09-01T19:55:46.561000+09:00,2026-09-01T10:55:46.561000+00:00,094623,1687.4,1,0,0,0,0,13449,493,13449,0,0,0,0,4651,-28608,10326,6,4480,0,129,0,0,0,0,0,0,0,0,0,31082107,2018,0.39,714.44,2401.81,0,52.9,98.4,68,37.4,61,519.9,58.8,591.8,145,148.5,1036.9,365476,5584,12.52,91.3,1490,2.7,1.19,25.7,39.3,65,14.25,12246318,72915,66,3435.79,0,1200,400,720,240,4200,7500,8500,102,1.5,6000,0,0,0,0,0,66.81,30,63.8,66.67,55.3,0,0
2026-09-01T19:56:46.658000+09:00,2026-09-01T10:56:46.658000+00:00,094623,2555.6,1,0,0,0,0,13449,494,13449,0,0,0,0,4655,-28608,10326,6,4480,528,129,0,0,0,0,0,0,0,0,0,31082107,2018,0.42,1155.13,3710.75,0,53,99.4,67.9,37.4,61.1,520.5,61.7,600.8,158.4,163.5,1062.9,365476,5584,12.75,88.5,1500,2.67,1.15,31.4,40.2,65,26.33,12246322,72915,75.49,3435.79,0,1200,400,720,240,4200,7500,8500,102,1.5,6000,0,0,0,0,0,73.61,30,74.14,65.37,55.3,0,0
2026-09-01T19:57:46.743000+09:00,2026-09-01T10:57:46.743000+00:00,094623,1389.5,1,0,0,0,0,13449,491,13449,0,0,0,0,4651,-28608,10326,6,4992,0,129,0,0,0,0,0,0,0,0,0,31082107,2018,0.33,472.73,1862.24,0,53,96.9,68,37.4,61.4,527.4,61.5,596.9,151.4,155.3,1019.6,365476,5584,12.77,89.2,1490,2.71,1.11,22.5,37.3,65,11.22,12246325,72915,67.19,3435.79,0,1200,400,720,240,4200,7500,8500,102,1.5,6000,0,0,0,0,0,64.53,30,57.93,55.77,55.3,0,0
2026-09-01T19:58:46.835000+09:00,2026-09-01T10:58:46.835000+00:00,094623,1372.4,1,0,0,0,0,13449,491,13449,0,0,0,0,4655,-28608,10390,6,21376,0,129,0,0,0,0,0,0,0,0,0,31082107,2018,0.38,515.46,1887.87,0,52.7,98.1,67.8,37.4,60.9,524.2,63.8,591.4,143.4,146.7,1028.4,365476,5584,12.69,91.7,1480,2.71,1.11,22.6,36.8,65,11.47,12246327,72915,60.49,3435.79,0,1200,400,720,240,4200,7500,8500,102,1.5,6000,0,0,0,0,0,63.75,30,60.14,64.21,55.3,0,0
2026-09-01T19:59:46.935000+09:00,2026-09-01T10:59:46.935000+00:00,094623,2167.4,1,0,0,0,0,13449,495,13449,0,0,0,0,4651,-28608,10326,6,4480,8,129,0,0,0,0,0,0,0,0,0,31082107,2018,0.41,882.9,3050.32,0,52.7,97.4,67.9,37.4,60.6,520,61.4,595.3,147.8,151.7,1022,365477,5585,12.58,89.6,1490,2.67,1.16,30.1,43,65,25.61,12246330,72915,69.93,3435.79,0,1200,400,720,240,4200,7500,8500,102,1.5,6000,0,0,0,0,0,72.6,30,66.6,68.47,55.3,0,0
2026-09-01T20:00:47.039000+09:00,2026-09-01T11:00:47.039000+00:00,094623,2453.1,1,0,0,0,0,13450,494,13450,0,0,0,0,4655,-26560,10342,590,12676,8192,129,0,0,0,0,0,0,0,0,0,31082107,2018,0.38,1066.01,3519.09,0,52.9,98.6,67.6,37.3,60.9,526.3,59.9,601.6,157.3,162.2,1054,365477,5585,12.68,88.2,1490,2.67,1.16,31.2,41.8,65,26.33,12246334,72915,77.21,3435.79,0,1200,400,720,240,4200,7500,8500,102,1.5,6000,0,0,0,0,0,71.83,30,72.01,63.04,55.3,0,0
2026-09-01T20:01:47.139000+09:00,2026-09-01T11:01:47.139000+00:00,094623,1735.0,1,0,0,0,0,13450,499,13450,0,0,0,0,4651,-28608,18518,6,4992,528,129,0,0,0,0,0,0,0,0,0,31082107,2018,0.42,608.23,2343.21,0,52.9,97.3,67.5,37.3,61.3,528.4,58,600.9,157.8,162.5,1034.1,365477,5585,12.67,88.8,1510,2.75,1.11,24,36.3,65,13.53,12246338,72915,71.48,3435.79,0,1200,400,720,240,4200,7500,8500,102,1.5,6000,0,0,0,0,0,62.62,30,59.08,54.23,55.3,0,0
2026-09-01T20:02:47.242000+09:00,2026-09-01T11:02:47.242000+00:00,094623,1379.7,1,0,0,0,0,13450,515,13450,0,0,0,0,4655,-28608,10326,6,4992,0,129,0,0,0,0,0,0,0,0,0,31082107,2018,0.45,558.18,1937.92,0,52.7,97.7,68.2,37.3,61.1,523.2,58.5,591.5,145.7,149,1025.6,365477,5585,12.75,92.1,1540,2.85,1.03,21.8,34,65,13.69,12246340,72915,61.9,3435.8,0,1200,400,720,240,4200,7500,8500,102,1.5,6000,0,0,0,0,0,63.67,30,59.15,64.16,55.3,0,0
2026-09-01T20:03:47.337000+09:00,2026-09-01T11:03:47.337000+00:00,094623,1929.1,1,0,0,0,0,13450,493,13450,0,0,0,0,4651,-28608,10326,6,4480,0,129,0,0,0,0,0,0,0,0,0,31082107,2018,0.39,768.15,2697.23,0,52.7,98.1,68.5,37.3,60.7,519.5,57.6,591.4,143.9,147.2,1021,365477,5585,12.76,90,1490,2.67,1.2,28.4,42.6,65,20.01,12246343,72915,67.83,3435.8,0,1200,400,720,240,4200,7500,8500,102,1.5,6000,0,0,0,0,0,70.66,30,64.93,65.58,55.2,0,0
2026-09-01T20:04:47.436000+09:00,2026-09-01T11:04:47.436000+00:00,094623,2581.3,1,0,0,0,0,13450,496,13450,0,0,0,0,4651,-28608,12374,6,4512,72,129,0,0,0,0,0,0,0,0,0,31082107,2018,0.42,1080.66,3661.92,0,52.7,99.3,67.9,37.3,60.9,522.2,66.3,600.6,158.4,163.3,1057.7,365477,5585,12.36,89.2,1500,2.7,1.16,31.5,40.8,65,26.55,12246347,72915,73.63,3435.8,0,1200,400,720,240,4200,7500,8500,102,1.5,6000,0,0,0,0,0,72.72,30,73.38,66.1,55.2,0,0
2026-09-01T20:05:47.532000+09:00,2026-09-01T11:05:47.532000+00:00,094623,1390.7,1,0,0,0,0,13450,497,13450,0,0,0,0,4651,-28608,10326,6,4992,0,129,0,0,0,0,0,0,0,0,0,31082107,2018,0.38,503.25,1893.98,0,52.8,97.2,68,37.2,61.2,528.2,61.7,597.6,149.4,153.4,1040.2,365478,5586,12.62,89.5,1500,2.74,1.12,22.7,37.6,65,11.35,12246350,72915,68.2,3435.8,0,1200,400,720,240,4200,7500,8500,102,1.5,6000,0,0,0,0,0,63.57,30,57.91,56.55,55.2,0,0
2026-09-01T20:06:47.627000+09:00,2026-09-01T11:06:47.627000+00:00,094623,1335.8,1,0,0,0,0,13450,495,13450,0,0,0,0,4651,-28608,18518,6,4992,528,129,0,0,0,0,0,0,0,0,0,31082107,2018,0.45,536.21,1872,0,52.6,98,68,37.2,60.7,525.7,61,591.3,142.3,145.5,1019.2,365478,5586,12.5,91.3,1490,2.74,1.12,22.8,37.8,65,11.15,12246352,72915,60.86,3435.8,0,1200,400,720,240,4200,7500,8500,102,1.5,6000,0,0,0,0,0,63.63,30,59.68,62.68,55.2,0,0
2026-09-01T20:07:47.708000+09:00,2026-09-01T11:07:47.708000+00:00,094623,2338.3,1,0,0,0,0,13450,495,13450,0,0,0,0,4651,-28608,10326,6,4480,0,129,0,0,0,0,0,0,0,0,0,31082107,2018,0.44,1000.09,3338.42,0,52.7,98.3,67.9,37.2,60.5,519.2,60.8,595.1,147.6,151.5,1024.4,365478,5586,12.87,90.1,1490,2.68,1.16,30.9,42,65,25.6,12246355,72915,69.1,3435.8,0,1200,400,720,240,4200,7500,8500,102,1.5,6000,0,0,0,0,0,72.19,30,69.37,69.83,55.3,0,0
2026-09-01T20:08:47.808000+09:00,2026-09-01T11:08:47.808000+00:00,094623,2613.0,1,0,0,0,0,13450,497,13450,0,0,0,0,4655,-28608,10326,590,4480,8192,129,0,0,0,0,0,0,0,0,0,31082107,2018,0.39,1241.8,3854.79,0,52.9,98.1,67.9,37.1,61,522.5,59.2,601.7,159.1,164.2,1073.3,365478,5586,12.69,88,1500,2.7,1.16,31.8,40.2,65,26.43,12246359,72915,76.73,3435.8,0,1200,400,720,240,4200,7500,8500,102,1.5,6000,0,0,0,0,0,72.58,30,70.64,62.24,55.2,0,0
2026-09-01T20:09:47.909000+09:00,2026-09-01T11:09:47.909000+00:00,094623,1805.8,1,0,0,0,0,13450,501,13450,0,0,0,0,4651,-28608,12374,6,5024,72,129,0,0,0,0,0,0,0,0,0,31082107,2018,0.42,796.23,2602.01,0,52.9,97.6,68,37.1,61.2,526.9,57.9,596,149,153.1,1062.4,365478,5586,12.77,89.6,1550,2.68,1.17,26.2,37.6,65,11.27,12246362,72915,58.52,3435.8,0,1200,400,720,240,4200,7500,8500,102,1.5,6000,0,0,0,0,0,63.59,30,58.88,55.53,55.2,0,0
2026-09-01T20:10:48.015000+09:00,2026-09-01T11:10:48.015000+00:00,094623,1861.9,1,0,0,0,0,13450,447,13450,0,0,0,0,4655,-26560,10326,6,4992,0,129,0,0,0,0,0,0,0,0,0,31082107,2018,0.44,807.21,2669.15,0,52.7,97.8,68.2,37.1,60.8,523.7,64.2,592.7,143.4,146.9,1048.7,365478,5586,12.74,92.6,1410,2.46,1.36,27.6,38.8,65,11.28,12246364,72915,65.65,3435.8,0,1200,400,720,240,4200,7500,8500,102,1.5,6000,0,0,0,0,0,63.42,30,58.58,65.91,55.2,0,0
2026-09-01T20:11:48.108000+09:00,2026-09-01T11:11:48.108000+00:00,094623,2169.9,1,0,0,0,0,13450,497,13450,0,0,0,0,4651,-28608,18518,6,4480,528,129,0,0,0,0,0,0,0,0,0,31082107,2018,0.42,914.64,3084.51,0,52.8,98.5,68.2,37.1,60.6,521.9,59.8,596.6,149.3,153.6,1036.8,365479,5587,12.81,89.3,1500,2.7,1.14,30.2,42.8,65,25.96,12246367,72915,70.51,3435.81,0,1200,400,720,240,4200,7500,8500,102,1.5,6000,0,0,0,0,0,73.81,30,70.11,67.36,55.2,0,0
2026-09-01T20:12:48.203000+09:00,2026-09-01T11:12:48.203000+00:00,094623,2526.3,1,0,0,0,0,13450,498,13450,0,0,0,0,4655,-26560,10326,6,4480,0,129,0,0,0,0,0,0,0,0,0,31082107,2018,0.39,1147.8,3674.12,0,53,98.1,67.5,37.1,60.8,526,58,601.4,158.5,163.9,1071.6,365479,5587,12.65,88.4,1500,2.7,1.16,31.4,41.1,65,26.26,12246371,72915,75.79,3435.81,0,1200,400,720,240,4200,7500,8500,102,1.5,6000,0,0,0,0,0,71.76,30,70.66,63.16,55.2,0,0
2026-09-01T20:13:48.294000+09:00,2026-09-01T11:13:48.294000+00:00,094623,1897.3,1,0,0,0,0,13450,442,13450,0,0,0,0,4651,-28608,10326,6,4992,0,129,0,0,0,0,0,0,0,0,0,31082107,2018,0.41,661.95,2559.28,0,53.1,97.7,67.4,37,61.2,528.9,59.6,599.6,154.6,159.6,1029.1,365479,5587,12.64,89.5,1350,2.46,1.55,27.4,38.8,65,12.24,12246375,72915,66.9,3435.81,0,1200,400,720,240,4200,7500,8500,102,1.5,6000,0,0,0,0,0,60.45,30,58.35,54.55,55.2,0,0
2026-09-01T20:14:48.387000+09:00,2026-09-01T11:14:48.387000+00:00,094623,1550.7,1,0,0,0,0,13450,473,13450,0,0,0,0,4651,-28608,12374,6,5024,72,129,0,0,0,0,0,0,0,0,0,31082107,2018,0.44,487.38,2038.03,0,52.8,97.4,68.2,37.1,60.9,527.1,59.1,593.2,144.9,148.6,1021,365479,5587,12.5,92,1360,2.69,1.88,25.4,39.6,65,11.09,12246377,72915,61.27,3435.81,0,1200,400,720,240,4200,7500,8500,102,1.5,6000,0,0,0,0,0,62.83,30,57.39,63.42,55.2,0,0
2026-09-01T20:15:48.497000+09:00,2026-09-01T11:15:48.497000+00:00,094623,2058.8,1,0,0,0,0,13450,494,13450,0,0,0,0,4655,-28608,10390,518,20864,0,129,0,0,0,0,0,0,0,0,0,31082107,2018,0.4,867.03,2925.81,0,52.8,98.4,68.5,37.1,60.5,520.3,57.9,592.8,145.7,149.5,1011.6,365479,5587,12.76,90,1490,2.68,1.19,29.9,43.7,65,22.82,12246379,72915,69.03,3435.81,0,1200,400,720,240,4200,7500,8500,102,1.5,6000,0,0,0,0,0,72.5,30,67.84,67.78,55.1,0,0
2026-09-01T20:16:48.608000+09:00,2026-09-01T11:16:48.608000+00:00,094623,2582.5,1,0,0,0,0,13450,496,13450,0,0,0,0,4655,-26560,18518,6,4481,16,129,0,0,0,0,0,0,0,0,0,31082107,2018,0.41,1173.44,3755.91,0,52.9,99.1,68,37.1,60.8,522.8,55.6,602.4,160.5,165.9,1040.3,365479,5587,12.84,88.5,1500,2.69,1.15,31.6,40.4,65,26.47,12246384,72915,75.59,3435.81,0,1200,400,720,240,4200,7500,8500,102,1.5,6000,0,0,0,0,0,73.02,30,73.14,63.55,55.1,0,0
2026-09-01T20:17:48.713000+09:00,2026-09-01T11:17:48.713000+00:00,094623,1455.4,1,0,0,0,0,13450,497,13450,0,0,0,0,4655,-28608,10390,6,21376,0,129,0,0,0,0,0,0,0,0,0,31082107,2018,0.4,561.85,2017.27,0,52.9,97.2,68,37,61.1,528,55.4,598.2,152.9,157.4,1044.7,365480,5588,12.77,89.7,1500,2.74,1.13,23,36.8,65,11.09,12246387,72915,61.42,3435.81,0,1200,400,720,240,4200,7500,8500,102,1.5,6000,0,0,0,0,0,63.6,30,57.77,55.7,55.1,0,0
2026-09-01T20:18:48.872000+09:00,2026-09-01T11:18:48.872000+00:00,094623,1420.0,1,0,0,0,0,13450,497,13450,0,0,0,0,4655,-28608,10326,6,4992,0,129,0,0,0,0,0,0,0,0,0,31082107,2018,0.46,577.71,1997.74,0,52.6,97.9,68.2,37,60.8,524.4,55.6,594.4,146.3,149.9,1030.7,365480,5588,12.81,92.4,1500,2.73,1.13,23.2,36.9,65,11.3,12246389,72915,62.73,3435.81,0,1200,400,720,240,4200,7500,8500,102,1.5,6000,0,0,0,0,0,64.27,30,59.17,65.36,55.1,0,0
2026-09-01T20:19:48.917000+09:00,2026-09-01T11:19:48.917000+00:00,094623,2270.0,1,0,0,0,0,13450,497,13450,0,0,0,0,4655,-28608,12390,6,12708,8,129,0,0,0,0,0,0,0,0,0,31082107,2018,0.42,1046.48,3316.45,0,52.6,98.6,68.2,37,60.6,519.4,56.2,599.6,151.6,155.8,1038.4,365480,5588,12.81,89.6,1500,2.69,1.15,30.6,41.6,65,25.15,12246391,72915,71,3435.81,0,1200,400,720,240,4200,7500,8500,102,1.5,6000,0,0,0,0,0,73.6,30,70.44,68.09,55.2,0,0
2026-09-01T20:20:49.020000+09:00,2026-09-01T11:20:49.020000+00:00,094623,2252.9,1,0,0,0,0,13450,496,13450,0,0,0,0,4655,-28608,10326,6,4480,0,129,0,0,0,0,0,0,0,0,0,31082107,2018,0.38,958.59,3211.46,0,52.8,98.3,67.7,37,60.8,529.1,56.6,599.9,157.9,162.5,1062.4,365480,5588,12.9,88.4,1500,2.69,1.16,30.7,43,65,26.53,12246396,72915,76.07,3435.82,0,1200,400,720,240,4200,7500,8500,102,1.5,6000,0,0,0,0,0,72.48,30,71.22,63.33,55.1,0,0
2026-09-01T20:21:49.189000+09:00,2026-09-01T11:21:49.189000+00:00,094623,2543.4,1,0,0,0,0,13450,497,13450,0,0,0,0,4651,-28608,10326,6,4480,0,129,0,0,0,0,0,0,0,0,0,31082107,2018,0.42,1123.39,3666.8,0,52.9,97.4,67.1,37,61.1,526.9,54,603.7,163.8,168.8,1109.2,365480,5588,12.68,88.8,1500,2.68,1.15,31.3,40.7,65,26.56,12246400,72915,73.84,3435.82,0,1200,400,720,240,4200,7500,8500,102,1.5,6000,0,0,0,0,0,69.81,30,68.09,62.28,55.2,0,0
2026-09-01T20:22:49.277000+09:00,2026-09-01T11:22:49.277000+00:00,094623,1578.7,1,0,0,0,0,13450,499,13450,0,0,0,0,4651,-28608,10326,6,4992,0,129,0,0,0,0,0,0,0,0,0,31082107,2018,0.44,570.39,2149.11,0,53.1,97.8,67.4,36.9,61.5,529.4,53.9,600.2,158,162.6,1046.2,365480,5588,12.73,89.8,1500,2.75,1.13,23.5,37.1,65,12.57,12246404,72915,70.11,3435.82,0,1200,400,720,240,4200,7500,8500,102,1.5,6000,0,0,0,0,0,60.6,30,59.58,55.36,55.1,0,0
2026-09-01T20:23:49.371000+09:00,2026-09-01T11:23:49.371000+00:00,094623,1398.0,1,0,0,0,0,13450,498,13450,0,0,0,0,4655,-28608,10326,6,4992,0,129,0,0,0,0,0,0,0,0,0,31082107,2018,0.46,553.3,1951.35,0,52.7,97.8,68.7,37,61.1,527.4,57.4,595.5,147,150.3,1023.4,365481,5589,12.8,92.1,1500,2.75,1.14,23.1,37.5,65,11.32,12246406,72915,63.1,3435.82,0,1200,400,720,240,4200,7500,8500,102,1.5,6000,0,0,0,0,0,64.16,30,58.91,63.62,55.1,0,0
2026-09-01T20:24:49.474000+09:00,2026-09-01T11:24:49.474000+00:00,094623,2001.1,1,0,0,0,0,13450,494,13450,0,0,0,0,4651,-28608,12374,6,4480,0,129,0,0,0,0,0,0,0,0,0,31082107,2018,0.44,824.3,2825.4,0,52.7,98,68.8,37,60.7,521.2,56.1,591.6,145.9,149.2,1014.7,365481,5589,12.86,90,1490,2.67,1.18,29.4,44.1,65,22.75,12246408,72915,67.97,3435.82,0,1200,400,720,240,4200,7500,8500,102,1.5,6000,0,0,0,0,0,73.03,30,66.37,67.01,55.1,0,0
2026-09-01T20:25:49.572000+09:00,2026-09-01T11:25:49.572000+00:00,094623,2578.8,1,0,0,0,0,13450,495,13450,0,0,0,0,4655,-26560,10326,6,4480,0,129,0,0,0,0,0,0,0,0,0,31082107,2018,0.43,1236.92,3815.73,0,52.8,98.9,67.8,37,60.8,523.7,56.5,603.1,158.8,163.7,1057.9,365481,5589,12.59,89.2,1500,2.66,1.17,31.8,40.4,65,26.29,12246413,72915,76.98,3435.82,0,1200,400,720,240,4200,7500,8500,102,1.5,6000,0,0,0,0,0,72.32,30,72.43,65.91,55.1,0,0
2026-09-01T20:26:49.667000+09:00,2026-09-01T11:26:49.667000+00:00,094623,1476.2,1,0,0,0,0,13450,493,13450,0,0,0,0,4655,-28608,10326,6,4992,0,129,0,0,0,0,0,0,0,0,0,31082107,2018,0.39,576.49,2052.67,0,52.9,97.2,67.9,36.9,61.1,526.7,56.4,597.6,153,157.1,1069.7,365481,5589,12.71,89.6,1490,2.72,1.12,22.9,36,65,11.18,12246416,72915,66.54,3435.82,0,1200,400,720,240,4200,7500,8500,102,1.5,6000,0,0,0,0,0,62.77,30,57.94,56.58,55.1,0,0
2026-09-01T20:27:49.760000+09:00,2026-09-01T11:27:49.760000+00:00,094623,1321.2,1,0,0,0,0,13450,491,13450,0,0,0,0,4655,-28608,10326,6,4992,0,129,0,0,0,0,0,0,0,0,0,31082107,2018,0.39,539.87,1861.02,0,52.6,98.2,68.3,36.9,60.8,525,56.7,593.3,145.3,148.8,1032.6,365481,5589,12.62,91.5,1480,2.71,1.11,22.7,37.3,65,10.48,12246418,72915,61.59,3435.82,0,1200,400,720,240,4200,7500,8500,102,1.5,6000,0,0,0,0,0,64.1,30,60.06,63.29,55,0,0
2026-09-01T20:28:49.864000+09:00,2026-09-01T11:28:49.864000+00:00,094623,2272.4,1,0,0,0,0,13450,497,13450,0,0,0,0,4651,-28608,10326,6,4480,0,129,0,0,0,0,0,0,0,0,0,31082107,2018,0.43,993.99,3266.4,0,52.6,98.1,68.3,36.9,60.5,519.4,55,595.5,150,154.1,1026.2,365481,5589,12.62,90,1500,2.69,1.16,30.6,42,65,25.61,12246420,72915,71.07,3435.83,0,1200,400,720,240,4200,7500,8500,102,1.5,6000,0,0,0,0,0,73.6,30,68.9,69.45,55,0,0
2026-09-01T20:29:49.967000+09:00,2026-09-01T11:29:49.967000+00:00,094623,2460.4,1,0,0,0,0,13450,496,13450,0,0,0,0,4651,-28608,18518,6,4480,528,129,0,0,0,0,0,0,0,0,0,31082107,2018,0.39,1092.87,3553.27,0,52.7,98.5,67.8,36.8,60.9,524.8,56.7,603.9,161.6,166.7,1043.2,365482,5590,12.61,88.3,1500,2.68,1.15,31,40.9,65,26.45,12246425,72915,77.95,3435.83,0,1200,400,720,240,4200,7500,8500,102,1.5,6000,0,0,0,0,0,72.49,30,71.87,63.32,55,0,0
2026-09-01T20:30:50.062000+09:00,2026-09-01T11:30:50.062000+00:00,094623,2511.7,1,0,0,0,0,13450,495,13450,0,0,0,0,4655,-28608,10326,6,4480,0,129,0,0,0,0,0,0,0,0,0,31082107,2018,0.43,1135.59,3647.27,0,52.9,96.8,67.7,36.8,61.3,527.6,56.4,606.9,164.2,169.3,1066.4,365482,5590,12.73,88.9,1500,2.68,1.16,31.5,41.2,65,26.23,12246429,72915,73.81,3435.83,0,1200,400,720,240,4200,7500,8500,102,1.5,6000,0,0,0,0,0,71.88,30,66.03,62.67,55,0,0
2026-09-01T20:31:50.176000+09:00,2026-09-01T11:31:50.176000+00:00,094623,1970.6,1,0,0,0,0,13450,469,13450,0,0,0,0,4655,-28608,10326,6,4992,0,129,0,0,0,0,0,0,0,0,0,31082107,2018,0.44,818.2,2788.78,0,52.9,98.1,67.6,36.7,61.5,529.3,57.5,600.8,157.7,162.2,1073.4,365482,5590,12.75,90.3,1510,2.58,1.19,26.7,37,65,11.97,12246433,72915,70.47,3435.83,0,1200,400,720,240,4200,7500,8500,102,1.5,6000,0,0,0,0,0,61.43,30,59.5,56.52,55,0,0
2026-09-01T20:32:50.286000+09:00,2026-09-01T11:32:50.286000+00:00,094623,1735.0,1,0,0,0,0,13450,447,13450,0,0,0,0,4655,-28608,8278,6,4992,8,129,0,0,0,0,0,0,0,0,0,31082107,2018,0.43,682.7,2417.68,0,52.7,97.5,68.5,36.8,61,528,58.1,592.7,146.1,149.4,1041.5,365482,5590,12.8,92,1340,2.45,1.53,27,39.3,65,11.3,12246435,72915,64.52,3435.83,0,1200,400,720,240,4200,7500,8500,102,1.5,6000,0,0,0,0,0,63.54,30,56.73,63.06,55,0,0
2026-09-01T20:33:50.367000+09:00,2026-09-01T11:33:50.367000+00:00,094623,2174.8,1,0,0,0,0,13450,495,13450,0,0,0,0,4651,-28608,10326,6,4480,0,129,0,0,0,0,0,0,0,0,0,31082107,2018,0.44,954.92,3129.67,0,52.7,98.5,68.5,36.8,60.6,519.5,57.5,594,148.5,152.2,1038.6,365482,5590,12.65,90.3,1500,2.68,1.18,30.3,42.5,65,24.05,12246437,72915,66.5,3435.83,0,1200,400,720,240,4200,7500,8500,102,1.5,6000,0,0,0,0,0,73.14,30,68.73,68.74,55,0,0
2026-09-01T20:34:50.469000+09:00,2026-09-01T11:34:50.469000+00:00,094623,2362.8,1,0,0,0,0,13450,496,13450,0,0,0,0,4655,-28608,18582,6,20864,528,129,0,0,0,0,0,0,0,0,0,31082107,2018,0.42,1034.27,3397.02,0,52.8,98.8,67.9,36.8,60.9,527.2,56.9,600.2,160.4,165.2,1039.2,365482,5590,12.27,89.1,1500,2.68,1.15,31,42,65,26.49,12246441,72915,77.12,3435.83,0,1200,400,720,240,4200,7500,8500,102,1.5,6000,0,0,0,0,0,72.9,30,72.3,65.85,55,0,0
2026-09-01T20:35:50.566000+09:00,2026-09-01T11:35:50.566000+00:00,094623,1854.6,1,0,0,0,0,13450,501,13450,0,0,0,0,4651,-28608,10326,6,4992,0,129,0,0,0,0,0,0,0,0,0,31082107,2018,0.41,742.51,2597.13,0,53,97.4,67.8,36.8,61.4,530,54.6,602.7,163.2,168.2,1066.5,365483,5591,12.68,88.8,1510,2.74,1.1,25.3,36.6,65,17.25,12246446,72915,75.25,3435.83,0,1200,400,720,240,4200,7500,8500,102,1.5,6000,0,0,0,0,0,66.29,30,62.02,57.09,55,0,0
2026-09-01T20:36:50.681000+09:00,2026-09-01T11:36:50.681000+00:00,094623,1296.7,1,0,0,0,0,13450,494,13450,0,0,0,0,4655,-28608,10390,6,21376,0,129,0,0,0,0,0,0,0,0,0,31082107,2018,0.48,471.51,1768.24,0,52.6,97.6,68,36.8,61.1,529.9,63.1,592.2,146.8,150.2,1040.7,365483,5591,12.57,90.6,1490,2.73,1.12,22.4,38.2,65,11.13,12246448,72915,58.09,3435.83,0,1200,400,720,240,4200,7500,8500,102,1.5,6000,0,0,0,0,0,63.38,30,58.73,58.67,55,0,0
2026-09-01T20:37:50.787000+09:00,2026-09-01T11:37:50.787000+00:00,094623,1633.7,1,0,0,0,0,13450,494,13450,0,0,0,0,4651,-28608,12374,6,4512,72,129,0,0,0,0,0,0,0,0,0,31082107,2018,0.35,627.77,2261.42,0,52.5,97.8,68.1,36.8,60.5,523.4,61,587.2,143.4,146.5,1043.3,365483,5591,12.76,92.5,1490,2.69,1.18,25.9,41.2,65,15.22,12246450,72915,66.82,3435.84,0,1200,400,720,240,4200,7500,8500,102,1.5,6000,0,0,0,0,0,66.59,30,61.27,70.48,55,0,0
2026-09-01T20:38:50.890000+09:00,2026-09-01T11:38:50.890000+00:00,094623,2354.2,1,0,0,0,0,13450,497,13450,0,0,0,0,4655,-28608,10342,6,12676,0,129,0,0,0,0,0,0,0,0,0,31082107,2018,0.37,1067.23,3421.43,0,52.7,99.4,67.9,36.8,60.5,525.3,58.7,593.8,156.4,160.7,1045.5,365483,5591,12.65,88.2,1500,2.69,1.16,31.1,42.4,65,25.93,12246454,72915,75.26,3435.84,0,1200,400,720,240,4200,7500,8500,102,1.5,6000,0,0,0,0,0,72.58,30,73.63,63.94,55,0,0
2026-09-01T20:39:50.990000+09:00,2026-09-01T11:39:50.990000+00:00,094623,1869.3,1,0,0,0,0,13450,502,13450,0,0,0,0,4651,-28608,18518,6,4992,528,129,0,0,0,0,0,0,0,0,0,31082107,2018,0.38,747.4,2616.66,0,52.8,97.3,67.6,36.7,61.1,527.1,58,600.4,162.3,167.5,1067.5,365483,5591,12.74,88.3,1510,2.75,1.09,25,35.8,65,16.05,12246458,72915,71.48,3435.84,0,1200,400,720,240,4200,7500,8500,102,1.5,6000,0,0,0,0,0,64.68,30,61.31,54.59,55,0,0
2026-09-01T20:40:51.085000+09:00,2026-09-01T11:40:51.085000+00:00,094623,1293.1,1,0,0,0,0,13450,499,13450,0,0,0,0,4651,-28608,10326,6,4992,0,129,0,0,0,0,0,0,0,0,0,31082107,2018,0.44,489.82,1782.89,0,52.5,97.5,68,36.7,60.9,529.2,61.7,590.8,146.7,150.2,1024.8,365483,5591,12.81,91.4,1500,2.76,1.12,22.5,38.2,65,11.33,12246460,72915,57.92,3435.84,0,1200,400,720,240,4200,7500,8500,102,1.5,6000,0,0,0,0,0,62.8,30,58.17,60.69,55,0,0
2026-09-01T20:41:51.190000+09:00,2026-09-01T11:41:51.190000+00:00,094623,1686.1,1,0,0,0,0,13450,494,13450,0,0,0,0,4655,-28608,10326,6,4480,0,129,0,0,0,0,0,0,0,0,0,31082107,2018,0.38,647.3,2333.44,0,52.4,97.9,68.2,36.8,60.4,522.2,60.1,587.4,143.3,146.5,1043.3,365484,5592,12.32,91.4,1490,2.69,1.19,26.5,41.6,65,16.33,12246462,72915,69.36,3435.84,0,1200,400,720,240,4200,7500,8500,102,1.5,6000,0,0,0,0,0,66.88,30,62.28,67.1,54.9,0,0
2026-09-01T20:42:51.301000+09:00,2026-09-01T11:42:51.301000+00:00,094623,2384.7,1,0,0,0,0,13450,498,13450,0,0,0,0,4651,-28608,12374,6,4512,72,129,0,0,0,0,0,0,0,0,0,31082107,2018,0.4,1079.44,3464.16,0,52.4,99.2,67.9,36.7,60.4,524.2,56.6,596.5,157.6,162.3,1043.9,365484,5592,12.88,89,1510,2.7,1.16,31.3,41.9,65,26.24,12246466,72915,73.68,3435.84,0,1200,400,720,240,4200,7500,8500,102,1.5,6000,0,0,0,0,0,72.11,30,72.85,65.66,55,0,0
2026-09-01T20:43:51.393000+09:00,2026-09-01T11:43:51.393000+00:00,094623,1836.3,1,0,0,0,0,13450,502,13450,0,0,0,0,4651,-28608,10326,6,4992,0,129,0,0,0,0,0,0,0,0,0,31082107,2018,0.4,708.33,2544.63,0,52.6,97.3,67.8,36.7,60.9,528,57.4,598.7,160.9,166.1,1050.1,365484,5592,12.71,88.5,1510,2.75,1.1,24.8,35.8,65,16.05,12246470,72915,74.89,3435.84,0,1200,400,720,240,4200,7500,8500,102,1.5,6000,0,0,0,0,0,64.66,30,60.63,55.14,54.9,0,0
2026-09-01T20:44:51.483000+09:00,2026-09-01T11:44:51.483000+00:00,094623,1352.9,1,0,0,0,0,13450,498,13450,0,0,0,0,4651,-28608,18518,6,4992,528,129,0,0,0,0,0,0,0,0,0,31082107,2018,0.45,373.85,1726.74,0,52.4,97.8,68.1,36.6,60.8,525.8,56.9,590.9,147.7,151.3,1028.2,365484,5592,12.79,91.7,1490,2.75,0.94,23.4,39,65,11.25,12246472,72915,58.23,3435.84,0,1200,400,720,240,4200,7500,8500,102,1.5,6000,0,0,0,0,0,63.1,30,58.93,62.15,54.9,0,0
2026-09-01T20:45:51.585000+09:00,2026-09-01T11:45:51.585000+00:00,094623,1731.3,1,0,0,0,0,13450,494,13450,0,0,0,0,4651,-28608,10326,6,4480,0,129,0,0,0,0,0,0,0,0,0,31082107,2018,0.42,697.35,2428.66,0,52.3,97.9,68.3,36.6,60.5,520.2,56.2,590.8,145.2,148.8,1049.3,365484,5592,12.7,91,1490,2.71,1.18,26.8,41.4,65,17.28,12246474,72915,70.08,3435.84,0,1200,400,720,240,4200,7500,8500,102,1.5,6000,0,0,0,0,0,67.8,30,63.03,66.77,54.9,0,0
2026-09-01T20:46:51.686000+09:00,2026-09-01T11:46:51.686000+00:00,094623,2312.7,1,0,0,0,0,13450,496,13450,0,0,0,0,4655,-28608,10326,590,4480,8192,129,0,0,0,0,0,0,0,0,0,31082107,2018,0.41,969.57,3282.27,0,52.4,99,67.9,36.6,60.5,525.8,54.5,598.1,158.5,163.4,1051.1,365484,5592,12.22,88.8,1500,2.69,1.15,30.7,42.4,65,25.81,12246478,72915,75.38,3435.85,0,1200,400,720,240,4200,7500,8500,102,1.5,6000,0,0,0,0,0,72.44,30,72.52,65.18,54.9,0,0
2026-09-01T20:47:51.795000+09:00,2026-09-01T11:47:51.795000+00:00,094623,2558.1,1,0,0,0,0,13450,498,13450,0,0,0,0,4651,-28608,12374,6,4512,72,129,0,0,0,0,0,0,0,0,0,31082107,2018,0.42,1179.54,3737.6,0,52.6,97.9,67.5,36.6,60.9,525,54.2,602.3,163.1,168.5,1084.8,365485,5593,12.71,88.6,1500,2.68,1.16,31.6,40.9,65,26.38,12246483,72915,74.66,3435.85,0,1200,400,720,240,4200,7500,8500,102,1.5,6000,0,0,0,0,0,70.89,30,69.99,62.81,54.9,0,0
2026-09-01T20:48:51.893000+09:00,2026-09-01T11:48:51.893000+00:00,094623,1438.3,1,0,0,0,0,13450,491,13450,0,0,0,0,4655,-28608,10326,6,4992,0,129,0,0,0,0,0,0,0,0,0,31082107,2018,0.41,563.07,2001.4,0,52.7,97.3,67.7,36.5,61.1,528.3,55.3,596.8,155.3,159.6,1061.9,365485,5593,12.9,89.8,1480,2.72,1.11,22.6,35.9,65,11.16,12246486,72915,66.51,3435.85,0,1200,400,720,240,4200,7500,8500,102,1.5,6000,0,0,0,0,0,61.22,30,58.22,55.41,54.9,0,0
2026-09-01T20:49:52.029000+09:00,2026-09-01T11:49:52.029000+00:00,094623,1339.5,1,0,0,0,0,13450,491,13450,0,0,0,0,4651,-28608,10326,6,4992,0,129,0,0,0,0,0,0,0,0,0,31082107,2018,0.46,493.48,1832.94,0,52.5,97.6,68.4,36.5,60.7,525.6,60,592.8,146.3,149.7,1028.8,365485,5593,12.67,92.2,1480,2.72,1.1,22.5,37.2,65,11.24,12246488,72915,63.47,3435.85,0,1200,400,720,240,4200,7500,8500,102,1.5,6000,0,0,0,0,0,63.42,30,58.26,64.13,54.9,0,0
2026-09-01T20:50:52.132000+09:00,2026-09-01T11:50:52.132000+00:00,094623,2234.6,1,0,0,0,0,13450,498,13450,0,0,0,0,4655,-28608,10326,6,4480,0,129,0,0,0,0,0,0,0,0,0,31082107,2018,0.43,943.94,3178.5,0,52.5,98.5,68.5,36.5,60.4,520.3,57.7,594.9,150.6,154.3,1042,365485,5593,12.65,89.5,1510,2.71,1.16,30.4,42.5,65,25.39,12246490,72915,69.59,3435.85,0,1200,400,720,240,4200,7500,8500,102,1.5,6000,0,0,0,0,0,73.42,30,69.49,66.92,54.9,0,0
2026-09-01T20:51:52.209000+09:00,2026-09-01T11:51:52.209000+00:00,094623,2481.2,1,0,0,0,0,13450,495,13450,0,0,0,0,4655,-28608,10326,590,4480,8192,129,0,0,0,0,0,0,0,0,0,31082107,2018,0.4,1125.83,3606.98,0,52.6,98.2,67.8,36.5,60.7,525.3,57.9,600.8,160.6,165.6,1037.4,365485,5593,12.81,88.5,1490,2.68,1.16,31.5,41.4,65,26.55,12246495,72915,75.88,3435.85,0,1200,400,720,240,4200,7500,8500,102,1.5,6000,0,0,0,0,0,71.96,30,70.5,62.81,54.9,0,0
2026-09-01T20:52:52.306000+09:00,2026-09-01T11:52:52.306000+00:00,094623,2000.2,1,0,0,0,0,13450,508,13450,0,0,0,0,4651,-28608,12374,6,5024,8,129,0,0,0,0,0,0,0,0,0,31082107,2018,0.41,873.13,2873.32,0,52.7,97.5,67.7,36.5,61.1,524.3,55,596.3,157.2,161.7,1024.6,365485,5593,12.84,89.5,1580,2.82,1.1,26.3,36,65,10.36,12246498,72915,66.51,3435.85,0,1200,400,720,240,4200,7500,8500,102,1.5,6000,0,0,0,0,0,62.25,30,58.77,54.91,54.9,0,0
2026-09-01T20:53:52.380000+09:00,2026-09-01T11:53:52.380000+00:00,094623,1864.4,1,0,0,0,0,13450,494,13450,0,0,0,0,4655,-28608,10390,590,21376,8192,129,0,0,0,0,0,0,0,0,0,31082107,2018,0.46,776.7,2641.07,0,52.5,97.7,68.2,36.5,60.7,524.9,62.4,589.1,146.3,149.9,1012.3,365486,5594,12.42,92.2,1570,2.74,1.15,26.2,37.6,65,9.61,12246500,72915,61.97,3435.85,0,1200,400,720,240,4200,7500,8500,102,1.5,6000,0,0,0,0,0,63.39,30,58.7,64.17,54.8,0,0
2026-09-01T20:54:52.488000+09:00,2026-09-01T11:54:52.488000+00:00,094623,2161.3,1,0,0,0,0,13450,496,13450,0,0,0,0,4655,-28608,10326,6,4480,0,129,0,0,0,0,0,0,0,0,0,31082107,2018,0.44,852.38,3013.7,0,52.4,98.1,68.4,36.5,60.4,518.3,57.5,592.5,150,153.7,1006.4,365486,5594,12.68,89.8,1500,2.69,1.17,30,43,65,24.1,12246503,72915,68.88,3435.86,0,1200,400,720,240,4200,7500,8500,102,1.5,6000,0,0,0,0,0,72.59,30,67.45,66.97,54.8,0,0
2026-09-01T20:55:52.576000+09:00,2026-09-01T11:55:52.576000+00:00,094623,2396.9,1,0,0,0,0,13450,497,13450,0,0,0,0,4655,-28608,10342,6,12676,0,129,0,0,0,0,0,0,0,0,0,31082107,2018,0.41,964.69,3361.61,0,52.5,98.3,67.8,36.5,60.6,526.1,58,600.8,160.3,165.2,1036.4,365486,5594,12.85,89,1500,2.69,1.16,31,42.3,65,26.45,12246507,72915,76.03,3435.86,0,1200,400,720,240,4200,7500,8500,102,1.5,6000,0,0,0,0,0,72.28,30,70.69,64.75,54.9,0,0
2026-09-01T20:56:52.707000+09:00,2026-09-01T11:56:52.707000+00:00,094623,1822.9,1,0,0,0,0,13450,500,13450,0,0,0,0,4651,-28608,10326,518,4992,0,129,0,0,0,0,0,0,0,0,0,31082107,2018,0.42,627.77,2450.64,0,52.7,97.6,67.6,36.4,61,526.6,55.5,602.1,161.4,166.3,1034.8,365486,5594,12.55,89,1510,2.77,1.11,24.4,36,65,14.32,12246511,72915,73.41,3435.86,0,1200,400,720,240,4200,7500,8500,102,1.5,6000,0,0,0,0,0,63.31,30,59.93,55.46,54.8,0,0
2026-09-01T20:57:52.765000+09:00,2026-09-01T11:57:52.765000+00:00,094623,1759.4,1,0,0,0,0,13450,522,13450,0,0,0,0,4655,-26560,10326,6,4992,528,129,0,0,0,0,0,0,0,0,0,31082107,2018,0.49,814.54,2573.93,0,52.5,97.8,68.2,36.4,61,518.6,56.2,595.5,149.6,153.2,1024.7,365486,5594,12.77,91.4,1570,2.87,1.07,24.7,34.9,65,16.47,12246513,72915,60.02,3435.86,0,1200,400,720,240,4200,7500,8500,102,1.5,6000,0,0,0,0,0,66.49,30,61.98,64.44,54.8,0,0
2026-09-01T20:58:52.860000+09:00,2026-09-01T11:58:52.860000+00:00,094623,1988.9,1,0,0,0,0,13450,494,13450,0,0,0,0,4655,-28608,10326,6,4480,0,129,0,0,0,0,0,0,0,0,0,31082107,2018,0.46,842.62,2831.51,0,52.4,97.8,68.5,36.4,60.6,516.7,55.2,596.7,148.4,151.7,1038.7,365486,5594,12.74,91.2,1490,2.71,1.21,28.3,41.1,65,19.04,12246515,72915,66.18,3435.86,0,1200,400,720,240,4200,7500,8500,102,1.5,6000,0,0,0,0,0,70.17,30,63.64,68.41,54.8,0,0
2026-09-01T20:59:52.955000+09:00,2026-09-01T11:59:52.955000+00:00,094623,2208.9,1,0,0,0,0,13450,498,13450,0,0,0,0,4655,-28608,10326,6,4480,0,129,0,0,0,0,0,0,0,0,0,31082107,2018,0.4,871.91,3080.84,0,52.5,99.2,68,36.4,60.8,527.3,54.7,603.7,159.9,164.9,1028.1,365487,5595,12.84,89.1,1510,2.7,1.14,29.9,42.9,65,26.68,12246519,72915,78.75,3435.86,0,1200,400,720,240,4200,7500,8500,102,1.5,6000,0,0,0,0,0,73.33,30,73.4,66.33,54.8,0,0
2026-09-01T21:00:53.061000+09:00,2026-09-01T12:00:53.061000+00:00,094623,2536.1,1,0,0,0,0,13450,499,13450,0,0,0,0,4655,-28608,10326,6,4480,8,129,0,0,0,0,0,0,0,0,0,31082107,2018,0.42,1041.6,3577.68,0,52.7,96.9,67.5,36.3,61,526.4,58.2,603.8,163.2,168.3,1042.6,365487,5595,12.44,88.6,1510,2.69,1.15,31.3,41.3,65,26.66,12246524,72915,75.34,3435.86,0,1200,400,720,240,4200,7500,8500,102,1.5,6000,0,0,0,0,0,71.58,30,66.07,62.86,54.8,0,0
2026-09-01T21:01:53.160000+09:00,2026-09-01T12:01:53.160000+00:00,094623,2636.2,1,0,0,0,0,13450,495,13450,0,0,0,0,4655,-28608,10326,6,4480,0,129,0,0,0,0,0,0,0,0,0,31082107,2018,0.47,1008.64,3644.83,0,52.8,98.5,67.1,36.3,61.3,527.9,55.8,604.6,165.1,170.3,1073.2,365487,5595,12.68,89.5,1500,2.67,1.16,31.6,41.3,65,26.5,12246528,72915,73.31,3435.86,0,1200,400,720,240,4200,7500,8500,102,1.5,6000,0,0,0,0,0,69.16,30,70.37,63.88,54.8,0,0
2026-09-01T21:02:53.246000+09:00,2026-09-01T12:02:53.246000+00:00,094623,1901.0,1,0,0,0,0,13450,438,13450,0,0,0,0,4655,-28608,18518,6,4992,528,129,0,0,0,0,0,0,0,0,0,31082107,2018,0.44,675.37,2576.37,0,52.8,97.4,68,36.3,61.5,527.7,55.9,598.9,156.1,160.1,1078.7,365487,5595,12.7,91,1340,2.43,1.56,27.8,39.3,65,10.55,12246531,72915,68.73,3435.86,0,1200,400,720,240,4200,7500,8500,102,1.5,6000,0,0,0,0,0,60.42,30,57.34,57.93,54.8,0,0
2026-09-01T21:03:53.345000+09:00,2026-09-01T12:03:53.345000+00:00,094623,1830.2,1,0,0,0,0,13450,431,13450,0,0,0,0,4651,-28608,10326,6,4992,0,129,0,0,0,0,0,0,0,0,0,31082107,2018,0.36,669.27,2499.47,0,52.5,98.8,68.8,36.3,61.1,524.6,55.3,596.1,149.8,153.1,1054.6,365487,5595,12.82,92.1,1300,2.43,1.68,27.9,39.5,65,11.26,12246533,72915,62.3,3435.87,0,1200,400,720,240,4200,7500,8500,102,1.5,6000,0,0,0,0,0,63.65,30,60.69,63.38,54.8,0,0
2026-09-01T21:04:53.496000+09:00,2026-09-01T12:04:53.496000+00:00,094623,2334.7,1,0,0,0,0,13450,496,13450,0,0,0,0,4651,-28608,10326,6,4480,0,129,0,0,0,0,0,0,0,0,0,31082107,2018,0.41,945.16,3279.82,0,52.6,97.8,68.5,36.3,60.8,519.4,56.9,599.6,156.4,160.5,1022,365487,5595,12.88,89.5,1500,2.7,1.14,30.4,41.8,65,26.1,12246536,72915,72.49,3435.87,0,1200,400,720,240,4200,7500,8500,102,1.5,6000,0,0,0,0,0,74.14,30,68.1,67.4,54.8,0,0
2026-09-01T21:05:53.600000+09:00,2026-09-01T12:05:53.600000+00:00,094623,2431.1,1,0,0,0,0,13450,497,13450,0,0,0,0,4651,-28608,12374,6,4512,72,129,0,0,0,0,0,0,0,0,0,31082107,2018,0.38,1045.26,3476.36,0,52.7,98.3,67.8,36.3,61,527.1,55.3,604.2,163,167.6,1031.9,365488,5596,12.8,88.3,1500,2.69,1.16,31.1,41.8,65,26.61,12246540,72915,76.82,3435.87,0,1200,400,720,240,4200,7500,8500,102,1.5,6000,0,0,0,0,0,72.54,30,71.35,62.32,54.7,0,0
2026-09-01T21:06:53.681000+09:00,2026-09-01T12:06:53.681000+00:00,094623,1987.7,1,0,0,0,0,13450,502,13450,0,0,0,0,4651,-28608,10326,6,4992,0,129,0,0,0,0,0,0,0,0,0,31082107,2018,0.43,764.49,2752.16,0,52.8,97.3,67.3,36.3,61.4,527.4,52.9,605.2,165.2,170,1087.8,365488,5596,12.77,89.1,1510,2.76,1.11,25.4,35.6,65,16.82,12246544,72915,72.76,3435.87,0,1200,400,720,240,4200,7500,8500,102,1.5,6000,0,0,0,0,0,63.74,30,60.46,56.06,54.7,0,0
2026-09-01T21:07:53.789000+09:00,2026-09-01T12:07:53.789000+00:00,094623,1417.6,1,0,0,0,0,13450,498,13450,0,0,0,0,4655,-28608,18518,6,4992,528,129,0,0,0,0,0,0,0,0,0,31082107,2018,0.46,528.89,1946.47,0,52.6,97.7,68.1,36.3,61.3,525.6,55.2,595.7,151.2,154.6,1049.9,365488,5596,12.62,91.5,1500,2.75,1.13,23,37.4,65,11.24,12246546,72915,59.15,3435.87,0,1200,400,720,240,4200,7500,8500,102,1.5,6000,0,0,0,0,0,62.83,30,58.75,60.69,54.2,0,0
2026-09-01T21:08:53.888000+09:00,2026-09-01T12:08:53.888000+00:00,094623,1758.2,1,0,0,0,0,13450,494,13450,0,0,0,0,4651,-28608,10326,6,4480,0,129,0,0,0,0,0,0,0,0,0,31082107,2018,0.37,648.52,2406.69,0,52.6,98.2,68.6,36.3,60.8,520.5,53.6,592.6,146.8,149.7,1041.7,365488,5596,12.65,91.2,1490,2.69,1.19,26.7,41.5,65,16.37,12246549,72915,67.36,3435.87,0,1200,400,720,240,4200,7500,8500,102,1.5,6000,0,0,0,0,0,68.5,30,63,66.09,54.2,0,0
2026-09-01T21:09:53.978000+09:00,2026-09-01T12:09:53.978000+00:00,094623,2562.9,1,0,0,0,0,13450,497,13450,0,0,0,0,4655,-26560,10326,590,4480,8192,129,0,0,0,0,0,0,0,0,0,31082107,2018,0.42,1299.17,3862.12,0,52.6,99.4,68,36.3,60.9,520.4,54,602.2,162.6,167.1,1074.2,365488,5596,12.76,88.9,1500,2.69,1.17,31.8,40.4,65,26.58,12246553,72915,74.25,3435.87,0,1200,400,720,240,4200,7500,8500,102,1.5,6000,0,0,0,0,0,73.05,30,73.47,64.95,54.2,0,0
2026-09-01T21:10:54.071000+09:00,2026-09-01T12:10:54.071000+00:00,094623,1492.0,1,0,0,0,0,13450,490,13450,0,0,0,0,4651,-28608,12374,518,5024,72,129,0,0,0,0,0,0,0,0,0,31082107,2018,0.38,533.77,2025.82,0,52.6,97,67.9,36.2,61.2,524.7,53.2,598,156.8,160.6,1040.7,365488,5596,12.62,89.3,1480,2.72,1.1,22.7,35.5,65,10.82,12246556,72915,66.85,3435.87,0,1200,400,720,240,4200,7500,8500,102,1.5,6000,0,0,0,0,0,63.27,30,57.32,54.83,54.2,0,0
2026-09-01T21:11:54.172000+09:00,2026-09-01T12:11:54.172000+00:00,094623,1357.8,1,0,0,0,0,13450,491,13450,0,0,0,0,4651,-28608,10326,6,4992,0,129,0,0,0,0,0,0,0,0,0,31082107,2018,0.48,530.11,1887.87,0,52.3,97.9,68,36.3,60.8,522.9,53,593.5,148.1,151,1032.8,365489,5597,12.62,92,1470,2.72,1.1,22.5,36.4,65,11.31,12246558,72915,60.37,3435.88,0,1200,400,720,240,4200,7500,8500,102,1.5,6000,0,0,0,0,0,63.53,30,59.04,63.67,54.2,0,0
2026-09-01T21:12:54.256000+09:00,2026-09-01T12:12:54.256000+00:00,094623,2298.1,1,0,0,0,0,13450,497,13450,0,0,0,0,4651,-28608,18582,6,20864,528,129,0,0,0,0,0,0,0,0,0,31082107,2018,0.42,920.74,3218.79,0,52.3,98.4,68.1,36.3,60.5,517.4,53.5,597.2,153.7,157.5,1039.7,365489,5597,12.81,90,1500,2.69,1.14,30.4,41.5,65,25.29,12246560,72915,72.15,3435.88,0,1200,400,720,240,4200,7500,8500,102,1.5,6000,0,0,0,0,0,72.86,30,69.44,69.25,54.2,0,0
2026-09-01T21:13:54.365000+09:00,2026-09-01T12:13:54.365000+00:00,094623,2235.8,1,0,0,0,0,13450,496,13450,0,0,0,0,4655,-28608,10326,6,4480,0,129,0,0,0,0,0,0,0,0,0,31082107,2018,0.38,912.2,3147.98,0,52.5,98.2,67.8,36.3,60.8,528.2,53,601.3,160.6,164.6,1059.4,365489,5597,12.68,88.1,1500,2.69,1.16,30.6,43.5,65,26.61,12246565,72915,75.28,3435.88,0,1200,400,720,240,4200,7500,8500,102,1.5,6000,0,0,0,0,0,72.51,30,70.77,62.2,54.2,0,0
2026-09-01T21:14:54.457000+09:00,2026-09-01T12:14:54.457000+00:00,094623,2458.0,1,0,0,0,0,13450,502,13450,0,0,0,0,4655,-26560,10342,590,13188,8192,129,0,0,0,0,0,0,0,0,0,31082107,2018,0.42,1051.36,3509.32,0,52.6,97,67.4,36.2,61.1,524.8,54.7,604.7,167.4,171.8,1040.7,365489,5597,12.69,89,1510,2.73,1.14,29.4,38.5,65,23.82,12246569,72915,73.24,3435.88,0,1200,400,720,240,4200,7500,8500,102,1.5,6000,0,0,0,0,0,68.83,30,64.16,60.68,54.2,0,0
2026-09-01T21:15:54.562000+09:00,2026-09-01T12:15:54.562000+00:00,094623,1348.0,1,0,0,0,0,13450,493,13450,0,0,0,0,4651,-28608,12374,6,5024,72,129,0,0,0,0,0,0,0,0,0,31082107,2018,0.45,471.51,1819.51,0,52.5,98,67.9,36.2,61.2,528,53.7,597,153.6,156.7,1060.5,365489,5597,12.71,91,1490,2.72,1.11,22.5,37.7,65,10.78,12246572,72915,59.71,3435.88,0,1200,400,720,240,4200,7500,8500,102,1.5,6000,0,0,0,0,0,61.94,30,59.3,58.64,54.1,0,0
2026-09-01T21:16:54.669000+09:00,2026-09-01T12:16:54.669000+00:00,094623,1435.9,1,0,0,0,0,13450,491,13450,0,0,0,0,4651,-28608,10326,518,4992,0,129,0,0,0,0,0,0,0,0,0,31082107,2018,0.41,576.49,2012.39,0,52.4,97.6,68.4,36.2,60.7,522.2,57.1,593.2,148.8,151.8,1072.3,365489,5597,12.86,92.5,1480,2.72,1.11,22.9,36.2,65,10.79,12246574,72915,64.93,3435.88,0,1200,400,720,240,4200,7500,8500,102,1.5,6000,0,0,0,0,0,63.73,30,57.41,66.04,54.2,0,0
2026-09-01T21:17:54.784000+09:00,2026-09-01T12:17:54.784000+00:00,094623,2331.0,1,0,0,0,0,13450,497,13450,0,0,0,0,4651,-28608,18518,6,4480,528,129,0,0,0,0,0,0,0,0,0,31082107,2018,0.4,1001.31,3332.32,0,52.4,99,68.2,36.2,60.6,521,54.2,600.5,158.9,163.3,1051.8,365490,5598,12.79,89.1,1500,2.69,1.14,30.7,41.7,65,26.38,12246577,72915,72.43,3435.88,0,1200,400,720,240,4200,7500,8500,102,1.5,6000,0,0,0,0,0,73.13,30,71.58,66.03,54.1,0,0
2026-09-01T21:18:54.927000+09:00,2026-09-01T12:18:54.927000+00:00,094623,2476.3,1,0,0,0,0,13450,495,13450,0,0,0,0,4655,-26560,10326,6,4481,0,129,0,0,0,0,0,0,0,0,0,31082107,2018,0.39,1077,3553.27,0,52.6,97.6,67.9,36.2,61,525.4,54.3,604,165.3,170,1044.1,365490,5598,12.76,88.3,1500,2.7,1.15,31.1,40.9,65,26.62,12246581,72915,75.99,3435.88,0,1200,400,720,240,4200,7500,8500,102,1.5,6000,0,0,0,0,0,72.44,30,68.61,61.47,54.2,0,0
2026-09-01T21:19:55.059000+09:00,2026-09-01T12:19:55.059000+00:00,094623,2224.8,1,0,0,0,0,13450,501,13450,0,0,0,0,4651,-28608,10326,6,4992,0,129,0,0,0,0,0,0,0,0,0,31082107,2018,0.46,950.04,3174.84,0,52.7,97.5,67.5,36.1,61.4,526.5,52.8,606.1,169,173.6,1068.7,365490,5598,12.75,89.5,1510,2.73,1.1,27.3,36.7,65,20.51,12246586,72915,72.76,3435.89,0,1200,400,720,240,4200,7500,8500,102,1.5,6000,0,0,0,0,0,66.71,30,62.82,59.41,54.2,0,0
2026-09-01T21:20:55.157000+09:00,2026-09-01T12:20:55.157000+00:00,094623,1564.1,1,0,0,0,0,13450,521,13450,0,0,0,0,4651,-28608,12374,6,5024,72,129,0,0,0,0,0,0,0,0,0,31082107,2018,0.49,653.4,2217.47,0,52.5,97.8,68.1,36.1,61.2,527,53.3,592.7,150.7,153.7,1023.8,365490,5598,12.93,90.8,1570,2.88,1.08,23.9,36.7,65,15.28,12246588,72915,60.17,3435.89,0,1200,400,720,240,4200,7500,8500,102,1.5,6000,0,0,0,0,0,65.42,30,61.22,61,54.1,0,0
2026-09-01T21:21:55.251000+09:00,2026-09-01T12:21:55.251000+00:00,094623,1494.5,1,0,0,0,0,13450,493,13450,0,0,0,0,4651,-28608,10326,6,4480,0,129,0,0,0,0,0,0,0,0,0,31082107,2018,0.36,556.96,2051.45,0,52.4,98.3,68.4,36.2,60.7,525.1,53.5,589.3,146.5,149.2,1033.4,365490,5598,12.8,92.5,1480,2.72,1.17,24.1,39.5,65,12.28,12246590,72915,65.91,3435.89,0,1200,400,720,240,4200,7500,8500,102,1.5,6000,0,0,0,0,0,65,30,60.28,67.34,54.1,0,0
2026-09-01T21:22:55.373000+09:00,2026-09-01T12:22:55.373000+00:00,094623,2483.6,1,0,0,0,0,13450,495,13450,0,0,0,0,4655,-28608,2134,6,4480,0,129,0,0,0,0,0,0,0,0,0,31082107,2018,0.39,1075.78,3559.37,0,52.4,99.3,68,36.1,60.6,521.6,53.8,599.4,161.3,165.5,1051.1,365490,5598,12.81,88.8,1500,2.69,1.15,31.2,41,65,26.35,12246594,72915,74.09,3435.89,0,1200,400,720,240,4200,7500,8500,102,1.5,6000,0,0,0,0,0,72.63,30,72.76,65.16,54.1,0,0
2026-09-01T21:23:55.461000+09:00,2026-09-01T12:23:55.461000+00:00,094623,1811.9,1,0,0,0,0,13450,501,13450,0,0,0,0,4651,-28608,10326,6,4992,0,129,0,0,0,0,0,0,0,0,0,31082107,2018,0.37,699.79,2511.67,0,52.6,97.4,67.7,36.1,61.2,525.5,53.4,600,164.1,168.8,1057.5,365491,5599,12.48,88.1,1510,2.77,1.11,24.3,35.1,65,14.06,12246598,72915,73.89,3435.89,0,1200,400,720,240,4200,7500,8500,102,1.5,6000,0,0,0,0,0,63.8,30,60.2,52.71,54.2,0,0
2026-09-01T21:24:55.570000+09:00,2026-09-01T12:24:55.570000+00:00,094623,1645.9,1,0,0,0,0,13450,522,13450,0,0,0,0,4651,-28608,10326,6,4992,0,129,0,0,0,0,0,0,0,0,0,31082107,2018,0.45,719.32,2365.18,0,52.3,97.7,68,36.1,61,522.8,54.4,590.7,149.2,152.4,1012.8,365491,5599,12.51,91.9,1570,2.86,1.08,24.3,36.1,65,16.84,12246600,72915,56.32,3435.89,0,1200,400,720,240,4200,7500,8500,102,1.5,6000,0,0,0,0,0,65.8,30,61.46,65.21,54.1,0,0
2026-09-01T21:25:55.681000+09:00,2026-09-01T12:25:55.681000+00:00,094623,1964.5,1,0,0,0,0,13450,494,13450,0,0,0,0,4655,-28608,12374,590,4512,8200,129,0,0,0,0,0,0,0,0,0,31082107,2018,0.42,823.08,2787.56,0,52.2,97.6,68.3,36.1,60.5,517.3,55.1,590.7,148.6,151.7,1039.5,365491,5599,12.71,90.5,1490,2.7,1.18,28.1,41,65,18.5,12246602,72915,69.84,3435.89,0,1200,400,720,240,4200,7500,8500,102,1.5,6000,0,0,0,0,0,68.94,30,63.04,65.69,54.1,0,0
2026-09-01T21:26:55.757000+09:00,2026-09-01T12:26:55.757000+00:00,094623,2407.9,1,0,0,0,0,13450,497,13450,0,0,0,0,4655,-26560,10326,6,4480,0,129,0,0,0,0,0,0,0,0,0,31082107,2018,0.4,1056.25,3464.16,0,52.2,98.9,67.9,36.1,60.7,525,53.2,599.7,162,166.5,1037.2,365491,5599,12.65,88.9,1500,2.69,1.16,31,41.7,65,26.54,12246606,72915,74.29,3435.89,0,1200,400,720,240,4200,7500,8500,102,1.5,6000,0,0,0,0,0,72.42,30,72.22,64.55,54.1,0,0
2026-09-01T21:27:55.864000+09:00,2026-09-01T12:27:55.864000+00:00,094623,2617.9,1,0,0,0,0,13450,496,13450,0,0,0,0,4651,-28608,10326,6,4480,0,129,0,0,0,0,0,0,0,0,0,31082107,2018,0.42,1103.85,3721.73,0,52.3,97,67.8,36,61,525.7,52.8,601.9,166.5,171.2,1027.7,365491,5599,12.51,88.8,1500,2.68,1.16,31.6,40.8,65,26.48,12246610,72915,75.42,3435.89,0,1200,400,720,240,4200,7500,8500,102,1.5,6000,0,0,0,0,0,71.91,30,66.31,62.32,54.1,0,0
2026-09-01T21:28:55.951000+09:00,2026-09-01T12:28:55.951000+00:00,094623,1539.7,1,0,0,0,0,13450,500,13450,0,0,0,0,4651,-28608,10326,6,4992,0,129,0,0,0,0,0,0,0,0,0,31082107,2018,0.44,564.29,2103.95,0,52.4,98.1,67.8,36,61.2,526.4,53.7,596.7,157.6,161.2,1042.3,365491,5599,12.92,90.2,1500,2.76,1.13,23.2,36.3,65,11.38,12246613,72915,64.22,3435.9,0,1200,400,720,240,4200,7500,8500,102,1.5,6000,0,0,0,0,0,62.17,30,59.48,55.94,54.1,0,0
2026-09-01T21:29:56.048000+09:00,2026-09-01T12:29:56.048000+00:00,094623,1393.2,1,0,0,0,0,13450,498,13450,0,0,0,0,4651,-28608,10390,526,21376,8192,129,0,0,0,0,0,0,0,0,0,31082107,2018,0.44,525.22,1918.39,0,52.2,97.4,68.3,36,60.8,525.8,53.4,591.2,149,151.9,1015.8,365492,5600,12.69,92.9,1500,2.75,1.13,22.9,37.7,65,10.52,12246615,72915,65.9,3435.9,0,1200,400,720,240,4200,7500,8500,102,1.5,6000,0,0,0,0,0,63.77,30,57.34,66.33,54.1,0,0
2026-09-01T21:30:56.143000+09:00,2026-09-01T12:30:56.143000+00:00,094623,2495.8,1,0,0,0,0,13450,495,13450,0,0,0,0,4655,-28608,2134,6,4480,528,129,0,0,0,0,0,0,0,0,0,31082107,2018,0.4,1117.28,3613.09,0,52.2,98.8,68.2,36,60.5,516.8,53.1,596.1,156.7,160.7,1063.1,365492,5600,12.56,88.8,1490,2.69,1.16,31.1,40.3,65,25.64,12246618,72915,72.78,3435.9,0,1200,400,720,240,4200,7500,8500,102,1.5,6000,0,0,0,0,0,72.85,30,70.18,64.67,54.1,0,0
2026-09-01T21:31:56.239000+09:00,2026-09-01T12:31:56.239000+00:00,094623,2479.9,1,0,0,0,0,13450,496,13450,0,0,0,0,4655,-28608,10390,6,20864,0,129,0,0,0,0,0,0,0,0,0,31082107,2018,0.38,1011.08,3491.01,0,52.2,97.4,67.7,36,60.9,526.3,52.4,603.5,164.4,168.9,1053.9,365492,5600,12.67,88.3,1500,2.7,1.16,31.2,41.8,65,26.59,12246623,72915,73.87,3435.9,0,1200,400,720,240,4200,7500,8500,102,1.5,6000,0,0,0,0,0,71.75,30,67.8,61.03,54,0,0
2026-09-01T21:32:56.338000+09:00,2026-09-01T12:32:56.338000+00:00,094623,1511.6,1,0,0,0,0,13450,499,13450,0,0,0,0,4651,-28608,10326,6,4992,0,129,0,0,0,0,0,0,0,0,0,31082107,2018,0.43,502.03,2013.61,0,52.3,98.1,67.5,35.9,61.1,530.3,53.2,601.9,159.3,163.3,1029.6,365492,5600,12.65,89.8,1500,2.76,1.13,23.2,37.8,65,12.58,12246626,72915,69.09,3435.9,0,1200,400,720,240,4200,7500,8500,102,1.5,6000,0,0,0,0,0,61.7,30,59.68,55.48,54.1,0,0
2026-09-01T21:33:56.436000+09:00,2026-09-01T12:33:56.436000+00:00,094623,1363.9,1,0,0,0,0,13450,497,13450,0,0,0,0,4655,-28608,8294,518,13188,8,129,0,0,0,0,0,0,0,0,0,31082107,2018,0.43,527.67,1891.54,0,52.1,97.3,68.1,36,60.6,527.5,55,592.1,147.3,149.9,1016.1,365492,5600,12.87,92.1,1500,2.75,1.14,22.8,38,65,11.06,12246628,72915,65.01,3435.9,0,1200,400,720,240,4200,7500,8500,102,1.5,6000,0,0,0,0,0,62.55,30,56.79,63.51,54,0,0
2026-09-01T21:34:56.515000+09:00,2026-09-01T12:34:56.515000+00:00,094623,2151.6,1,0,0,0,0,13450,494,13450,0,0,0,0,4651,-28608,10326,6,4480,0,129,0,0,0,0,0,0,0,0,0,31082107,2018,0.39,898.77,3050.32,0,52,98.5,68.4,36,60.2,518,51.3,593.7,149.4,152.5,1019,365492,5600,12.65,89.9,1490,2.68,1.19,29.9,42.9,65,23.15,12246631,72915,69.65,3435.9,0,1200,400,720,240,4200,7500,8500,102,1.5,6000,0,0,0,0,0,71.13,30,67.19,66.72,54,0,0
2026-09-01T21:35:56.621000+09:00,2026-09-01T12:35:56.621000+00:00,094623,2409.1,1,0,0,0,0,13450,496,13450,0,0,0,0,4655,-26560,18518,6,4481,528,129,0,0,0,0,0,0,0,0,0,31082107,2018,0.38,1001.31,3410.44,0,52.2,98.8,67.8,35.9,60.5,525.7,51.2,603,162.1,166.3,1052.9,365493,5601,12.29,88.1,1500,2.69,1.15,30.9,41.9,65,25.67,12246635,72915,75.32,3435.9,0,1200,400,720,240,4200,7500,8500,102,1.5,6000,0,0,0,0,0,71.52,30,71.59,61.61,54,0,0
2026-09-01T21:36:56.730000+09:00,2026-09-01T12:36:56.730000+00:00,094623,1793.6,1,0,0,0,0,13450,501,13450,0,0,0,0,4655,-28608,10326,6,4992,0,129,0,0,0,0,0,0,0,0,0,31082107,2018,0.42,666.83,2460.4,0,52.2,97,67.6,35.9,60.9,530.8,50.9,601.2,163.9,168.4,1030.8,365493,5601,12.73,89.1,1510,2.76,1.11,24.8,37.3,65,16.38,12246639,72915,71.64,3435.91,0,1200,400,720,240,4200,7500,8500,102,1.5,6000,0,0,0,0,0,63.74,30,58.94,55.48,54,0,0
2026-09-01T21:37:56.815000+09:00,2026-09-01T12:37:56.815000+00:00,094623,1361.4,1,0,0,0,0,13450,497,13450,0,0,0,0,4651,-28608,10326,6,4992,0,129,0,0,0,0,0,0,0,0,0,31082107,2018,0.46,502.03,1863.46,0,52.1,98.1,67.9,35.9,60.6,527.5,51.3,592.4,149.7,152.5,1025.9,365493,5601,12.74,92.3,1500,2.75,1.14,22.8,37.9,65,11.34,12246641,72915,59.18,3435.91,0,1200,400,720,240,4200,7500,8500,102,1.5,6000,0,0,0,0,0,61.66,30,59.32,63.28,54,0,0
2026-09-01T21:38:56.915000+09:00,2026-09-01T12:38:56.915000+00:00,094623,1761.8,1,0,0,0,0,13450,494,13450,0,0,0,0,4651,-28608,12374,6,4512,72,129,0,0,0,0,0,0,0,0,0,31082107,2018,0.4,749.84,2511.67,0,52.1,97.4,68.3,35.9,60.3,520,53,591,146.8,149.5,1029,365493,5601,12.53,90.9,1490,2.7,1.19,26.7,40.8,65,16.56,12246643,72915,67.55,3435.91,0,1200,400,720,240,4200,7500,8500,102,1.5,6000,0,0,0,0,0,66.66,30,60.22,65.36,54,0,0
2026-09-01T21:39:57.028000+09:00,2026-09-01T12:39:57.028000+00:00,094623,2323.7,1,0,0,0,0,13450,497,13450,0,0,0,0,4651,-26560,10326,6,4480,0,129,0,0,0,0,0,0,0,0,0,31082107,2018,0.41,1015.96,3339.64,0,52,99.3,67.9,35.9,60.4,524.1,52.6,600.3,161.9,166.3,1050,365493,5601,12.68,89.1,1500,2.7,1.14,30.5,41.7,65,26.27,12246647,72915,74.68,3435.91,0,1200,400,720,240,4200,7500,8500,102,1.5,6000,0,0,0,0,0,71.58,30,72.57,65.25,54,0,0
2026-09-01T21:40:57.125000+09:00,2026-09-01T12:40:57.125000+00:00,094623,2548.3,1,0,0,0,0,13450,496,13450,0,0,0,0,4655,-26560,18518,6,4480,528,129,0,0,0,0,0,0,0,0,0,31082107,2018,0.42,1133.15,3681.45,0,52.2,96.8,67.7,35.9,60.7,526.3,52.1,603.3,164.6,169,1068.8,365493,5601,12.71,89.3,1500,2.69,1.16,31.4,41,65,26.48,12246652,72915,75.53,3435.91,0,1200,400,720,240,4200,7500,8500,102,1.5,6000,0,0,0,0,0,70.68,30,64.76,64.63,54,0,0
2026-09-01T21:41:57.224000+09:00,2026-09-01T12:41:57.224000+00:00,094623,1692.2,1,0,0,0,0,13450,522,13450,0,0,0,0,4651,-28608,10326,6,4992,0,129,0,0,0,0,0,0,0,0,0,31082107,2018,0.44,713.22,2405.47,0,52.3,98.3,67.7,35.8,61,525.9,51.4,595.5,156.3,160.1,1061.3,365494,5602,12.79,89.4,1570,2.88,1.06,23.9,35.1,65,17.43,12246655,72915,71.4,3435.91,0,1200,400,720,240,4200,7500,8500,102,1.5,6000,0,0,0,0,0,63.41,30,62.33,57.29,53.9,0,0
2026-09-01T21:42:57.316000+09:00,2026-09-01T12:42:57.316000+00:00,094623,1780.2,1,0,0,0,0,13450,523,13450,0,0,0,0,4651,-28608,10326,6,4992,0,129,0,0,0,0,0,0,0,0,0,31082107,2018,0.47,873.13,2653.28,0,52.1,97.5,68.3,35.8,60.6,521.9,51.8,591,147.2,150.1,1048.2,365494,5602,12.92,91.7,1570,2.87,1.11,25.3,35.8,65,15.43,12246657,72915,59.88,3435.91,0,1200,400,720,240,4200,7500,8500,102,1.5,6000,0,0,0,0,0,65.81,30,59.96,65.93,54,0,0
2026-09-01T21:43:57.414000+09:00,2026-09-01T12:43:57.414000+00:00,094623,2331.0,1,0,0,0,0,13450,495,13450,0,0,0,0,4651,-26560,12374,6,4512,72,129,0,0,0,0,0,0,0,0,0,31082107,2018,0.42,1072.12,3403.12,0,52,98.6,68.5,35.8,60.3,516.3,53.3,595.4,153.5,157,1051.9,365494,5602,12.65,90.2,1500,2.68,1.16,30.4,40.9,65,23.5,12246660,72915,70.24,3435.91,0,1200,400,720,240,4200,7500,8500,102,1.5,6000,0,0,0,0,0,72.01,30,68.88,68.74,53.9,0,0
2026-09-01T21:44:57.521000+09:00,2026-09-01T12:44:57.521000+00:00,094623,2312.7,1,0,0,0,0,13450,496,13450,0,0,0,0,4655,-28608,10326,6,4480,0,129,0,0,0,0,0,0,0,0,0,31082107,2018,0.38,921.96,3234.66,0,52.2,98.7,68.1,35.8,60.7,527.3,55,601.1,162.1,166.4,1047,365494,5602,12.67,88.3,1500,2.69,1.14,30.4,42.4,65,26.59,12246664,72915,78.25,3435.91,0,1200,400,720,240,4200,7500,8500,102,1.5,6000,0,0,0,0,0,72.2,30,71.5,62.75,53.9,0,0
2026-09-01T21:45:57.619000+09:00,2026-09-01T12:45:57.619000+00:00,094623,2537.3,1,0,0,0,0,13450,496,13450,0,0,0,0,4651,-28608,18518,6,4480,528,129,0,0,0,0,0,0,0,0,0,31082107,2018,0.42,1068.45,3605.76,0,52.3,96.8,67.8,35.8,60.9,527.1,53.6,602.6,165.4,169.6,1049.6,365494,5602,12.73,88.6,1500,2.68,1.15,31.1,41,65,26.39,12246668,72915,72.37,3435.92,0,1200,400,720,240,4200,7500,8500,102,1.5,6000,0,0,0,0,0,71.27,30,65.14,61.11,53.9,0,0
2026-09-01T21:46:57.779000+09:00,2026-09-01T12:46:57.779000+00:00,094623,1396.8,1,0,0,0,0,13450,494,13450,0,0,0,0,4655,-26560,10326,6,4992,0,129,0,0,0,0,0,0,0,0,0,31082107,2018,0.43,526.44,1923.28,0,52.4,98.2,67.7,35.7,61.1,528.5,54.6,596.8,156.2,159.5,1033.1,365494,5602,12.93,90.3,1480,2.73,1.07,21.7,34.9,65,11.82,12246671,72915,64.79,3435.92,0,1200,400,720,240,4200,7500,8500,102,1.5,6000,0,0,0,0,0,61.08,30,59.25,55.88,53.8,0,0
2026-09-01T21:47:57.834000+09:00,2026-09-01T12:47:57.834000+00:00,094623,1346.8,1,0,0,0,0,13450,497,13450,0,0,0,0,4655,-28608,10326,6,4992,0,129,0,0,0,0,0,0,0,0,0,31082107,2018,0.4,536.21,1882.99,0,52.2,97.7,68.3,35.8,60.7,523.5,53.6,593.5,148.3,151,1029.1,365495,5603,12.76,91.8,1490,2.75,1.06,21.9,35,65,12.08,12246673,72915,64.81,3435.92,0,1200,400,720,240,4200,7500,8500,102,1.5,6000,0,0,0,0,0,62.85,30,57.45,62.88,53.9,0,0
2026-09-01T21:48:57.927000+09:00,2026-09-01T12:48:57.927000+00:00,094623,2317.6,1,0,0,0,0,13450,495,13450,0,0,0,0,4655,-26560,12438,590,20896,8264,129,0,0,0,0,0,0,0,0,0,31082107,2018,0.43,1111.18,3428.75,0,52.1,98.2,68.4,35.8,60.4,518.2,53.7,595.6,152.4,155.6,1029.7,365495,5603,12.68,90.1,1490,2.67,1.16,30.7,41.3,65,25.05,12246676,72915,66.67,3435.92,0,1200,400,720,240,4200,7500,8500,102,1.5,6000,0,0,0,0,0,72.47,30,68.1,68.2,53.9,0,0
2026-09-01T21:49:58.018000+09:00,2026-09-01T12:49:58.018000+00:00,094623,2471.4,1,0,0,0,0,13450,499,13450,0,0,0,0,4651,-28608,10326,6,4480,0,129,0,0,0,0,0,0,0,0,0,31082107,2018,0.4,1074.56,3545.95,0,52.3,98.6,67.9,35.8,60.7,525.2,51.9,602,164.2,168.5,1065.4,365495,5603,12.87,88.6,1500,2.69,1.15,30.9,41,65,26.62,12246681,72915,78.07,3435.92,0,1200,400,720,240,4200,7500,8500,102,1.5,6000,0,0,0,0,0,71.9,30,71.46,63.4,53.9,0,0
2026-09-01T21:50:58.103000+09:00,2026-09-01T12:50:58.103000+00:00,094623,2099.1,1,0,0,0,0,13450,502,13450,0,0,0,0,4655,-28608,18582,6,21376,0,129,0,0,0,0,0,0,0,0,0,31082107,2018,0.42,853.6,2952.67,0,52.4,97,67.8,35.7,61.1,529.4,51.4,602.8,167.1,171.6,1054.8,365495,5603,12.94,88.9,1510,2.75,1.1,26.4,36.5,65,19.83,12246685,72915,73.91,3435.92,0,1200,400,720,240,4200,7500,8500,102,1.5,6000,0,0,0,0,0,66.82,30,61.16,57.61,53.9,0,0
2026-09-01T21:51:58.205000+09:00,2026-09-01T12:51:58.205000+00:00,094623,1426.1,1,0,0,0,0,13450,518,13450,0,0,0,0,4651,-28608,10326,6,4992,0,129,0,0,0,0,0,0,0,0,0,31082107,2018,0.49,624.1,2050.23,0,52.2,98,67.9,35.7,60.9,524.6,52.8,594.5,150.6,153.3,1042.6,365495,5603,12.82,91.7,1550,2.87,1.05,22.3,34.2,65,15.79,12246687,72915,58.32,3435.92,0,1200,400,720,240,4200,7500,8500,102,1.5,6000,0,0,0,0,0,62.67,30,59.74,61.37,53.8,0,0
2026-09-01T21:52:58.304000+09:00,2026-09-01T12:52:58.304000+00:00,094623,1494.5,1,0,0,0,0,13450,493,13450,0,0,0,0,4651,-28608,10342,6,12676,0,129,0,0,0,0,0,0,0,0,0,31082107,2018,0.33,599.69,2094.18,0,52.1,97.9,68.3,35.7,60.4,523.8,52.7,592.1,146.5,149.3,1033.2,365495,5603,12.64,92.1,1490,2.72,1.17,24.6,39.6,65,12.66,12246689,72915,68.62,3435.92,0,1200,400,720,240,4200,7500,8500,102,1.5,6000,0,0,0,0,0,64.69,30,59.29,66.69,53.8,0,0
2026-09-01T21:53:58.392000+09:00,2026-09-01T12:53:58.392000+00:00,094623,2194.3,1,0,0,0,0,13450,495,13450,0,0,0,0,4651,-28608,12374,6,4512,72,129,0,0,0,0,0,0,0,0,0,31082107,2018,0.37,893.89,3088.17,0,52.1,99.4,68.1,35.7,60.4,525.5,51.7,598.6,158.1,162.1,1014.9,365496,5604,12.62,88.5,1500,2.68,1.14,30.3,43.3,65,26.25,12246693,72915,74.48,3435.92,0,1200,400,720,240,4200,7500,8500,102,1.5,6000,0,0,0,0,0,72.51,30,72.71,63.8,53.8,0,0
2026-09-01T21:54:58.519000+09:00,2026-09-01T12:54:58.519000+00:00,094623,2364.0,1,0,0,0,0,13450,496,13450,0,0,0,0,4655,-28608,10326,6,4480,0,129,0,0,0,0,0,0,0,0,0,31082107,2018,0.39,1014.74,3378.7,0,52.2,96.6,67.8,35.7,60.7,528.8,50.8,599.2,162.2,166.2,1031.8,365496,5604,12.9,88.4,1500,2.69,1.17,30.9,42.5,65,26.62,12246697,72915,72.39,3435.93,0,1200,400,720,240,4200,7500,8500,102,1.5,6000,0,0,0,0,0,71.58,30,64.69,60.75,53.8,0,0
2026-09-01T21:55:58.644000+09:00,2026-09-01T12:55:58.644000+00:00,094623,1660.5,1,0,0,0,0,13450,499,13450,0,0,0,0,4651,-28608,10326,6,4992,0,129,0,0,0,0,0,0,0,0,0,31082107,2018,0.45,555.74,2216.25,0,52.2,98.5,67.4,35.7,61,530.6,52.7,599.6,161.3,165.4,1047.9,365496,5604,12.63,89.8,1500,2.76,1.12,23.8,37,65,14.02,12246701,72915,70.62,3435.93,0,1200,400,720,240,4200,7500,8500,102,1.5,6000,0,0,0,0,0,61.68,30,61.46,55.66,53.8,0,0
2026-09-01T21:56:58.736000+09:00,2026-09-01T12:56:58.736000+00:00,094623,1512.8,1,0,0,0,0,13450,519,13450,0,0,0,0,4655,-26560,10326,6,4992,0,129,0,0,0,0,0,0,0,0,0,31082107,2018,0.43,676.59,2189.4,0,52.1,97.3,68.2,35.7,60.7,523.4,53.5,592.5,147.1,149.9,1036.6,365496,5604,12.81,92.4,1560,2.87,1.06,23,34.8,65,17.01,12246703,72915,62.34,3435.93,0,1200,400,720,240,4200,7500,8500,102,1.5,6000,0,0,0,0,0,63.95,30,57.75,65.47,53.7,0,0
2026-09-01T21:57:58.836000+09:00,2026-09-01T12:57:58.836000+00:00,094623,1899.8,1,0,0,0,0,13450,493,13450,0,0,0,0,4651,-28608,10326,6,4480,0,129,0,0,0,0,0,0,0,0,0,31082107,2018,0.39,774.25,2674.03,0,52.1,98.4,68.5,35.7,60.3,518.9,54,593.4,146.8,149.7,1040.9,365496,5604,12.58,89.9,1490,2.69,1.18,28,42.1,65,19.08,12246705,72915,67.83,3435.93,0,1200,400,720,240,4200,7500,8500,102,1.5,6000,0,0,0,0,0,69.2,30,65.31,63.85,53.8,0,0
2026-09-01T21:58:58.931000+09:00,2026-09-01T12:58:58.931000+00:00,094623,2361.5,1,0,0,0,0,13450,498,13450,0,0,0,0,4651,-26560,2134,6,4480,528,129,0,0,0,0,0,0,0,0,0,31082107,2018,0.42,1045.26,3406.78,0,52.2,98.9,67.8,35.7,60.4,525.3,52.3,598,158.2,162.6,1039.9,365496,5604,12.9,89.2,1510,2.7,1.14,30.6,41.7,65,26.54,12246709,72915,71.26,3435.93,0,1200,400,720,240,4200,7500,8500,102,1.5,6000,0,0,0,0,0,71.6,30,71.83,65.06,53.7,0,0
2026-09-01T21:59:59.021000+09:00,2026-09-01T12:59:59.021000+00:00,094623,2374.9,1,0,0,0,0,13450,502,13450,0,0,0,0,4651,-28608,10326,590,4992,8192,129,0,0,0,0,0,0,0,0,0,31082107,2018,0.42,1034.27,3409.22,0,52.3,97.3,67.6,35.6,60.9,524.8,51.8,602.1,164,168.4,1066.6,365497,5605,12.33,89.4,1510,2.73,1.12,28.3,37.2,65,22.03,12246714,72915,75.56,3435.93,0,1200,400,720,240,4200,7500,8500,102,1.5,6000,0,0,0,0,0,67.49,30,64.12,61.45,53.7,0,0
2026-09-01T22:00:59.115000+09:00,2026-09-01T13:00:59.115000+00:00,094623,1323.6,1,0,0,0,0,13450,497,13450,0,0,0,0,4651,-28608,10326,6,4992,0,129,0,0,0,0,0,0,0,0,0,31082107,2018,0.42,398.27,1721.85,0,52.2,98,68,35.6,60.9,526.4,50.3,594.3,151.7,154.8,1079,365497,5605,12.76,90.9,1510,2.73,1.08,22.8,37.7,65,11.33,12246716,72915,59.42,3435.93,0,1200,400,720,240,4200,7500,8500,102,1.5,6000,0,0,0,0,0,61.89,30,59.31,59.23,53.8,0,0
2026-09-01T22:01:59.202000+09:00,2026-09-01T13:01:59.202000+00:00,094623,1284.5,1,0,0,0,0,13450,498,13450,0,0,0,0,4655,-28608,10326,6,4480,0,129,0,0,0,0,0,0,0,0,0,31082107,2018,0.4,513.02,1797.54,0,52.1,97.4,68.3,35.7,60.5,526.1,56.3,591.6,144.9,147.7,1030.2,365497,5605,12.69,91.6,1500,2.75,1.13,22.6,38.2,65,11.11,12246718,72915,65.36,3435.93,0,1200,400,720,240,4200,7500,8500,102,1.5,6000,0,0,0,0,0,63.1,30,57.19,63.72,53.7,0,0
2026-09-01T22:02:59.298000+09:00,2026-09-01T13:02:59.298000+00:00,094623,2206.5,1,0,0,0,0,13450,499,13450,0,0,0,0,4655,-28608,10326,6,4480,0,129,0,0,0,0,0,0,0,0,0,31082107,2018,0.44,887.78,3094.27,0,52.1,99.3,68,35.7,60.2,525.3,53.2,596.3,154.2,157.9,1015.5,365497,5605,12.69,89.4,1510,2.7,1.15,30.3,42.9,65,26.42,12246722,72915,69.54,3435.93,0,1200,400,720,240,4200,7500,8500,102,1.5,6000,0,0,0,0,0,72.02,30,72.01,67.1,53.7,0,0
2026-09-01T22:03:59.397000+09:00,2026-09-01T13:03:59.397000+00:00,094623,2532.4,1,0,0,0,0,13450,494,13450,0,0,0,0,4651,-28608,18518,6,4480,528,129,0,0,0,0,0,0,0,0,0,31082107,2018,0.4,1127.05,3659.47,0,52.3,97.1,67.7,35.6,60.5,525.6,51.3,599.6,161.1,165.2,1033.2,365497,5605,12.85,88.5,1490,2.67,1.16,31.6,41.2,65,26.4,12246726,72915,76.64,3435.94,0,1200,400,720,240,4200,7500,8500,102,1.5,6000,0,0,0,0,0,70.78,30,66.36,62.43,53.7,0,0
2026-09-01T22:04:59.491000+09:00,2026-09-01T13:04:59.491000+00:00,094623,1822.9,1,0,0,0,0,13450,522,13450,0,0,0,0,4651,-28608,10326,6,4992,0,129,0,0,0,0,0,0,0,0,0,31082107,2018,0.45,776.7,2599.57,0,52.3,98.3,67.7,35.6,60.9,523.6,51.4,594.9,156.7,160.5,1030.4,365497,5605,12.77,89.1,1570,2.86,1.07,24.8,35,65,15.4,12246729,72915,65.46,3435.94,0,1200,400,720,240,4200,7500,8500,102,1.5,6000,0,0,0,0,0,64,30,62.81,56.01,53.7,0,0
2026-09-01T22:05:59.590000+09:00,2026-09-01T13:05:59.590000+00:00,094623,1778.9,1,0,0,0,0,13450,521,13450,0,0,0,0,4651,-28608,10326,590,4992,8192,129,0,0,0,0,0,0,0,0,0,31082107,2018,0.51,808.43,2587.36,0,52.1,97.4,68.2,35.6,60.6,523.4,53.6,589.7,146,148.9,1030.1,365498,5606,12.77,92,1570,2.85,1.12,25.5,36.8,65,10.57,12246731,72915,60.47,3435.94,0,1200,400,720,240,4200,7500,8500,102,1.5,6000,0,0,0,0,0,65.72,30,60.33,65.93,53.7,0,0
2026-09-01T22:06:59.686000+09:00,2026-09-01T13:06:59.686000+00:00,094623,2227.2,1,0,0,0,0,13450,495,13450,0,0,0,0,4655,-28608,12374,6,4480,8,129,0,0,0,0,0,0,0,0,0,31082107,2018,0.4,923.18,3150.43,0,52,98.6,68.5,35.6,60.3,517.1,51.7,591.2,149.9,153,1020.9,365498,5606,12.47,90,1500,2.69,1.17,30.2,42.3,65,24.44,12246734,72915,73.17,3435.94,0,1200,400,720,240,4200,7500,8500,102,1.5,6000,0,0,0,0,0,72.04,30,68.16,68.05,53.6,0,0
2026-09-01T22:07:59.788000+09:00,2026-09-01T13:07:59.788000+00:00,094623,2495.8,1,0,0,0,0,13450,497,13450,0,0,0,0,4655,-28608,10390,6,20864,0,129,0,0,0,0,0,0,0,0,0,31082107,2018,0.37,1034.27,3530.08,0,52.1,98.5,68,35.6,60.5,523.7,52.9,598.8,161.5,165.9,1062.9,365498,5606,12.82,87.8,1500,2.69,1.14,31.1,41.1,65,26.68,12246738,72915,75.67,3435.94,0,1200,400,720,240,4200,7500,8500,102,1.5,6000,0,0,0,0,0,72.12,30,70.85,60.58,53.7,0,0
2026-09-01T22:08:59.890000+09:00,2026-09-01T13:08:59.890000+00:00,094623,2097.8,1,0,0,0,0,13450,501,13450,0,0,0,0,4651,-28608,18518,6,4992,528,129,0,0,0,0,0,0,0,0,0,31082107,2018,0.43,852.38,2950.22,0,52.1,97.1,67.8,35.5,60.9,527.7,53.1,599.8,164.2,168.4,1054.4,365498,5606,12.87,89.3,1510,2.74,1.11,26.3,37.1,65,19.76,12246743,72915,70.46,3435.94,0,1200,400,720,240,4200,7500,8500,102,1.5,6000,0,0,0,0,0,66.93,30,60.85,58.32,53.6,0,0
2026-09-01T22:09:59.997000+09:00,2026-09-01T13:09:59.997000+00:00,094623,1461.5,1,0,0,0,0,13450,517,13450,0,0,0,0,4655,-28608,10390,6,21376,0,129,0,0,0,0,0,0,0,0,0,31082107,2018,0.46,619.22,2080.75,0,52,98.1,67.9,35.5,60.8,522.1,54.3,590.6,150.6,153.6,1028.7,365498,5606,12.74,91.7,1550,2.88,1.04,22.3,33.4,65,12.9,12246745,72915,60.4,3435.94,0,1200,400,720,240,4200,7500,8500,102,1.5,6000,0,0,0,0,0,62.28,30,59.34,61.31,53.7,0,0
2026-09-01T22:11:00.088000+09:00,2026-09-01T13:11:00.088000+00:00,094623,1439.6,1,0,0,0,0,13450,493,13450,0,0,0,0,4651,-26560,10326,6,4480,0,129,0,0,0,0,0,0,0,0,0,31082107,2018,0.35,531.33,1970.88,0,51.9,97.9,68.3,35.5,60.4,524.5,55.8,586.5,144.9,147.7,1023.2,365498,5606,12.77,90.9,1490,2.73,1.16,24.2,40.3,65,13.1,12246747,72915,69.45,3435.94,0,1200,400,720,240,4200,7500,8500,102,1.5,6000,0,0,0,0,0,64.67,30,59.24,62.65,53.6,0,0
2026-09-01T22:12:00.191000+09:00,2026-09-01T13:12:00.191000+00:00,094623,2268.8,1,0,0,0,0,13450,495,13450,0,0,0,0,4655,-28608,12390,6,12708,72,129,0,0,0,0,0,0,0,0,0,31082107,2018,0.43,950.04,3218.79,0,51.9,99,67.9,35.5,60.1,525.4,53.3,593.1,155.2,158.8,1009.3,365499,5607,12.87,89.4,1500,2.68,1.15,30.3,42.5,65,26.5,12246751,72915,71.38,3435.95,0,1200,400,720,240,4200,7500,8500,102,1.5,6000,0,0,0,0,0,71.68,30,71.08,66.07,53.6,0,0
2026-09-01T22:13:00.281000+09:00,2026-09-01T13:13:00.281000+00:00,094623,2505.6,1,0,0,0,0,13450,502,13450,0,0,0,0,4651,-28608,10326,6,4992,0,129,0,0,0,0,0,0,0,0,0,31082107,2018,0.4,1103.85,3609.42,0,52,97.6,67.4,35.5,60.5,523.8,52.3,597.7,162.8,167.1,1043.3,365499,5607,12.94,89.1,1510,2.72,1.15,30.1,39.5,65,25.44,12246755,72915,75.4,3435.95,0,1200,400,720,240,4200,7500,8500,102,1.5,6000,0,0,0,0,0,68.47,30,66.62,62.91,53.6,0,0
2026-09-01T22:14:00.387000+09:00,2026-09-01T13:14:00.387000+00:00,094623,1368.8,1,0,0,0,0,13450,494,13450,0,0,0,0,4651,-28608,18518,6,4992,528,129,0,0,0,0,0,0,0,0,0,31082107,2018,0.42,532.55,1901.3,0,51.9,97.8,67.8,35.5,60.6,525.4,50.7,588.6,151.2,154.3,1011.4,365499,5607,12.8,90.2,1480,2.73,1.07,22,35.2,65,11.49,12246757,72915,62.59,3435.95,0,1200,400,720,240,4200,7500,8500,102,1.5,6000,0,0,0,0,0,60.73,30,58.28,57.03,53.6,0,0
2026-09-01T22:15:00.491000+09:00,2026-09-01T13:15:00.491000+00:00,094623,1348.0,1,0,0,0,0,13450,496,13450,0,0,0,0,4655,-26560,10326,6,4992,0,129,0,0,0,0,0,0,0,0,0,31082107,2018,0.42,545.98,1893.98,0,51.8,97.3,68.3,35.5,60.2,522.4,52.7,584.8,145.5,148,1034.5,365499,5607,12.28,92,1480,2.75,1.07,21.8,34.7,65,11.82,12246759,72915,62.39,3435.95,0,1200,400,720,240,4200,7500,8500,102,1.5,6000,0,0,0,0,0,62.45,30,56.15,64.14,53.6,0,0
2026-09-01T22:16:00.594000+09:00,2026-09-01T13:16:00.594000+00:00,094623,2284.6,1,0,0,0,0,13450,495,13450,0,0,0,0,4651,-28608,10326,518,4480,0,129,0,0,0,0,0,0,0,0,0,31082107,2018,0.4,961.03,3245.64,0,51.8,98.9,68.2,35.5,60,521.7,52.5,591,155.2,158.8,1054.4,365499,5607,12.79,89.3,1490,2.68,1.15,30.5,42.2,65,25.93,12246763,72915,73.37,3435.95,0,1200,400,720,240,4200,7500,8500,102,1.5,6000,0,0,0,0,0,71.8,30,70.39,66.89,53.6,0,0
2026-09-01T22:17:00.690000+09:00,2026-09-01T13:17:00.690000+00:00,094623,2409.1,1,0,0,0,0,13450,496,13450,0,0,0,0,4651,-28608,12374,6,4512,72,129,0,0,0,0,0,0,0,0,0,31082107,2018,0.38,968.35,3377.48,0,51.9,97.6,67.9,35.5,60.4,526.8,51,594.4,161.7,166,1031.3,365499,5607,12.92,88,1500,2.69,1.15,30.8,42.2,65,26.25,12246767,72915,77.24,3435.95,0,1200,400,720,240,4200,7500,8500,102,1.5,6000,0,0,0,0,0,71.12,30,68,60.76,53.6,0,0
2026-09-01T22:18:00.790000+09:00,2026-09-01T13:18:00.790000+00:00,094623,2166.2,1,0,0,0,0,13450,500,13450,0,0,0,0,4651,-28608,10326,6,4992,0,129,0,0,0,0,0,0,0,0,0,31082107,2018,0.43,903.65,3069.86,0,52,97.6,67.7,35.4,60.7,528.4,51,598,166.1,170.3,1040.6,365500,5608,12.71,89.1,1510,2.74,1.11,27.2,37.4,65,20.81,12246772,72915,72.06,3435.95,0,1200,400,720,240,4200,7500,8500,102,1.5,6000,0,0,0,0,0,66.37,30,62.45,57.93,53.6,0,0
2026-09-01T22:19:00.894000+09:00,2026-09-01T13:19:00.894000+00:00,094623,1731.3,1,0,0,0,0,13450,522,13450,0,0,0,0,4655,-26560,18518,590,4992,8720,129,0,0,0,0,0,0,0,0,0,31082107,2018,0.46,812.1,2543.41,0,52,97.9,67.9,35.4,60.6,525.5,54.3,588.9,150.5,153.6,1029.2,365500,5608,12.35,91.1,1570,2.85,1.1,25.3,36.4,65,10.87,12246774,72915,58.95,3435.95,0,1200,400,720,240,4200,7500,8500,102,1.5,6000,0,0,0,0,0,64.4,30,61.31,61.62,53.5,0,0
2026-09-01T22:20:01.029000+09:00,2026-09-01T13:20:01.029000+00:00,094623,1442.0,1,0,0,0,0,13450,493,13450,0,0,0,0,4651,-28608,10326,6,4480,0,129,0,0,0,0,0,0,0,0,0,31082107,2018,0.36,630.21,2072.21,0,51.9,97.9,68.3,35.4,60.3,524,52.2,587.3,146.8,149.6,1038.4,365500,5608,12.73,92.3,1480,2.73,1.16,24,38.6,65,11.99,12246776,72915,67.9,3435.95,0,1200,400,720,240,4200,7500,8500,102,1.5,6000,0,0,0,0,0,63.43,30,58.43,66.27,53.5,0,0
2026-09-01T22:21:01.107000+09:00,2026-09-01T13:21:01.107000+00:00,094623,2321.2,1,0,0,0,0,13450,496,13450,0,0,0,0,4651,-28608,10326,6,4480,0,129,0,0,0,0,0,0,0,0,0,31082107,2018,0.38,989.1,3310.34,0,51.9,99.3,68.1,35.4,60.2,523.5,51.4,595.2,157.3,161.2,1043,365500,5608,12.76,88.5,1500,2.7,1.14,30.6,41.9,65,26.44,12246779,72915,73.51,3435.96,0,1200,400,720,240,4200,7500,8500,102,1.5,6000,0,0,0,0,0,71.78,30,71.97,63.3,53.5,0,0
2026-09-01T22:22:01.200000+09:00,2026-09-01T13:22:01.200000+00:00,094623,2227.2,1,0,0,0,0,13450,494,13450,0,0,0,0,4651,-28608,12374,6,4512,72,129,0,0,0,0,0,0,0,0,0,31082107,2018,0.39,984.22,3211.46,0,52.1,96.8,67.7,35.4,60.5,531.8,50.7,596.1,159.6,163.5,1052.4,365500,5608,12.67,88.8,1490,2.69,1.16,30.4,43.1,65,26.16,12246784,72915,74.82,3435.96,0,1200,400,720,240,4200,7500,8500,102,1.5,6000,0,0,0,0,0,70.43,30,65.09,61.73,53.5,0,0
2026-09-01T22:23:01.285000+09:00,2026-09-01T13:23:01.285000+00:00,094623,2488.5,1,0,0,0,0,13450,497,13450,0,0,0,0,4651,-28608,10326,6,4480,0,129,0,0,0,0,0,0,0,0,0,31082107,2018,0.48,1008.64,3497.12,0,52.1,98.4,67.2,35.4,60.7,529.9,51.2,598.9,164,168.2,1032.7,365500,5608,12.48,90.1,1500,2.68,1.15,30.8,41.1,65,26.61,12246788,72915,72.4,3435.96,0,1200,400,720,240,4200,7500,8500,102,1.5,6000,0,0,0,0,0,68.2,30,68.75,64.86,53.5,0,0
2026-09-01T22:24:01.389000+09:00,2026-09-01T13:24:01.389000+00:00,094623,1842.4,1,0,0,0,0,13450,502,13450,0,0,0,0,4651,-28608,2134,6,4992,0,129,0,0,0,0,0,0,0,0,0,31082107,2018,0.45,722.98,2565.39,0,52.3,98.4,67.3,35.4,61,531.7,52.1,600.4,164.9,169.3,1079.5,365501,5609,12.75,90.7,1510,2.76,1.09,24.6,35.9,65,16.04,12246792,72915,75.93,3435.96,0,1200,400,720,240,4200,7500,8500,102,1.5,6000,0,0,0,0,0,60.21,30,63.18,60.4,53.5,0,0
2026-09-01T22:25:01.478000+09:00,2026-09-01T13:25:01.478000+00:00,094623,1210.1,1,0,0,0,0,13450,498,13450,0,0,0,0,4655,-28608,10326,518,4992,0,129,0,0,0,0,0,0,0,0,0,31082107,2018,0.45,345.77,1555.83,0,52.1,97.4,68.7,35.4,60.7,530.8,53.1,590.5,148.3,151.1,1011.2,365501,5609,12.76,91.2,1490,2.71,1.03,22.7,40.3,65,10.58,12246794,72915,62.13,3435.96,0,1200,400,720,240,4200,7500,8500,102,1.5,6000,0,0,0,0,0,61.98,30,56.83,60.47,53.5,0,0
2026-09-01T22:26:01.608000+09:00,2026-09-01T13:26:01.608000+00:00,094623,1682.5,1,0,0,0,0,13450,494,13450,0,0,0,0,4651,-28608,10326,6,4480,0,129,0,0,0,0,0,0,0,0,0,31082107,2018,0.41,690.02,2372.51,0,51.9,98.2,68.7,35.4,60.2,522.6,50.6,590.6,145.1,147.9,1015.9,365501,5609,12.7,91.7,1490,2.7,1.2,26.7,41.6,65,16.68,12246796,72915,67.39,3435.96,0,1200,400,720,240,4200,7500,8500,102,1.5,6000,0,0,0,0,0,67.11,30,63.54,68.54,53.4,0,0
2026-09-01T22:27:01.706000+09:00,2026-09-01T13:27:01.706000+00:00,094623,2348.1,1,0,0,0,0,13450,497,13450,0,0,0,0,4655,-26560,12438,6,20896,8,129,0,0,0,0,0,0,0,0,0,31082107,2018,0.38,1052.58,3400.68,0,52.1,99.2,68.2,35.3,60.3,525.2,50.5,601,157.9,162.1,1002,365501,5609,12.7,88.4,1500,2.7,1.15,30.8,41.8,65,26.23,12246800,72915,75.39,3435.96,0,1200,400,720,240,4200,7500,8500,102,1.5,6000,0,0,0,0,0,71.94,30,72.79,63.73,53.5,0,0
2026-09-01T22:28:01.808000+09:00,2026-09-01T13:28:01.808000+00:00,094623,2470.2,1,0,0,0,0,13450,495,13450,0,0,0,0,4655,-28608,10326,518,4480,0,129,0,0,0,0,0,0,0,0,0,31082107,2018,0.4,1096.53,3566.7,0,52.2,96.9,68,35.3,60.7,526.9,51.8,602.8,164.2,168.6,1011.1,365501,5609,12.77,88.4,1500,2.69,1.15,31,41.1,65,26.06,12246805,72915,73.85,3435.96,0,1200,400,720,240,4200,7500,8500,102,1.5,6000,0,0,0,0,0,71.45,30,66.01,60.98,53.4,0,0
2026-09-01T22:29:01.904000+09:00,2026-09-01T13:29:01.904000+00:00,094623,2073.4,1,0,0,0,0,13450,502,13450,0,0,0,0,4651,-28608,10342,518,13188,0,129,0,0,0,0,0,0,0,0,0,31082107,2018,0.45,845.06,2918.48,0,52.2,97.9,67.7,35.3,61.1,531.1,51.2,602.3,164.5,168.9,1023.8,365501,5609,12.9,90.1,1510,2.74,1.11,26.5,37.2,65,19.2,12246809,72915,72.61,3435.97,0,1200,400,720,240,4200,7500,8500,102,1.5,6000,0,0,0,0,0,65.84,30,63.13,60.46,53.4,0,0
2026-09-01T22:30:02.026000+09:00,2026-09-01T13:30:02.026000+00:00,094623,1293.1,1,0,0,0,0,13450,515,13450,0,0,0,0,4651,-28608,10326,6,4992,0,129,0,0,0,0,0,0,0,0,0,31082107,2018,0.43,516.68,1809.75,0,52.1,97.7,68.2,35.3,60.8,526.7,50.3,590.9,148,150.9,1019.3,365502,5610,12.7,90.9,1540,2.84,1.04,21.6,35.1,65,14.21,12246811,72915,65.49,3435.97,0,1200,400,720,240,4200,7500,8500,102,1.5,6000,0,0,0,0,0,62.59,30,58.04,59.54,53.5,0,0
2026-09-01T22:31:02.157000+09:00,2026-09-01T13:31:02.157000+00:00,094623,1431.0,1,0,0,0,0,13450,493,13450,0,0,0,0,4651,-28608,10326,6,4480,0,129,0,0,0,0,0,0,0,0,0,31082107,2018,0.38,553.3,1984.31,0,52,98.3,68.4,35.3,60.3,526.1,50.9,589.5,143.2,146,1036.4,365502,5610,12.55,91.2,1490,2.72,1.17,24.4,40.8,65,13.12,12246813,72915,63.96,3435.97,0,1200,400,720,240,4200,7500,8500,102,1.5,6000,0,0,0,0,0,64.96,30,60.52,63.43,53.4,0,0
2026-09-01T22:32:02.246000+09:00,2026-09-01T13:32:02.246000+00:00,094623,2361.5,1,0,0,0,0,13450,495,13450,0,0,0,0,4651,-28608,18518,6,4480,528,129,0,0,0,0,0,0,0,0,0,31082107,2018,0.42,1052.58,3414.11,0,52,99,67.9,35.3,60.1,522.8,50.3,597.7,156.7,160.9,1055.6,365502,5610,12.8,89.3,1490,2.68,1.15,31,41.7,65,26.35,12246817,72915,74.18,3435.97,0,1200,400,720,240,4200,7500,8500,102,1.5,6000,0,0,0,0,0,71.56,30,71.29,65.98,53.4,0,0
2026-09-01T22:33:02.337000+09:00,2026-09-01T13:33:02.337000+00:00,094623,2573.9,1,0,0,0,0,13450,495,13450,0,0,0,0,4655,-28608,10326,6,4480,0,129,0,0,0,0,0,0,0,0,0,31082107,2018,0.41,1186.86,3760.8,0,52.1,97.8,67.8,35.2,60.6,524.7,51.4,602.2,161.3,165.9,1044.5,365502,5610,12.68,88.6,1490,2.68,1.16,31.6,40.5,65,26.56,12246822,72915,77.61,3435.97,0,1200,400,720,240,4200,7500,8500,102,1.5,6000,0,0,0,0,0,71.06,30,68.88,62.15,53.4,0,0
2026-09-01T22:34:02.425000+09:00,2026-09-01T13:34:02.425000+00:00,094623,2196.4,1,0,0,0,0,13450,498,13450,0,0,0,0,4651,-28608,10326,518,4992,0,129,0,0,0,0,0,0,0,0,0,31082107,2018,0.41,327.46,2523.88,0,52,97.7,67.9,35.2,60.8,526.8,50.4,598.6,151,154.3,1035.7,365502,5610,12.51,90,1500,2.76,1.14,23.2,37,65,10.54,12246825,72915,60.99,3435.97,0,1200,400,720,240,4200,7500,8500,102,1.5,6000,0,0,0,0,0,61.78,30,58.33,55.72,53.4,0,0
2026-09-01T22:35:02.520000+09:00,2026-09-01T13:35:02.520000+00:00,094623,1472.5,1,0,0,0,0,13450,499,13450,0,0,0,0,4651,-28608,8278,6,4992,8,129,0,0,0,0,0,0,0,0,0,31082107,2018,0.48,572.83,2045.35,0,51.9,97.7,68.4,35.2,60.5,523.3,49.7,597.2,145.3,148,1057.9,365502,5610,12.67,92,1500,2.76,1.14,23.3,36.8,65,11.34,12246827,72915,60.5,3435.97,0,1200,400,720,240,4200,7500,8500,102,1.5,6000,0,0,0,0,0,63.56,30,58.5,62.88,53.3,0,0
2026-09-01T22:36:02.620000+09:00,2026-09-01T13:36:02.620000+00:00,094623,2459.2,1,0,0,0,0,13450,496,13450,0,0,0,0,4651,-28608,10326,6,4480,0,129,0,0,0,0,0,0,0,0,0,31082107,2018,0.41,1028.17,3487.35,0,51.9,98.5,68.5,35.2,60.3,516.8,53.1,602.6,151.7,155.2,1070.5,365503,5611,12.74,90,1500,2.69,1.15,31.1,41.3,65,25.83,12246829,72915,74.96,3435.97,0,1200,400,720,240,4200,7500,8500,102,1.5,6000,0,0,0,0,0,73.53,30,69.09,69,53.3,0,0
2026-09-01T22:37:02.711000+09:00,2026-09-01T13:37:02.711000+00:00,094623,2312.7,1,0,0,0,0,13450,498,13450,0,0,0,0,4651,-28608,18518,6,4480,528,129,0,0,0,0,0,0,0,0,0,31082107,2018,0.35,854.82,3167.52,0,52.1,97.7,68,35.2,60.6,527.9,50.8,606.5,156.9,161.1,1055.9,365503,5611,12.91,87.7,1510,2.72,1.15,30.4,43,65,26.54,12246834,72915,76.82,3435.97,0,1200,400,720,240,4200,7500,8500,102,1.5,6000,0,0,0,0,0,72.83,30,69.02,60.04,53.4,0,0
2026-09-01T22:38:02.809000+09:00,2026-09-01T13:38:02.809000+00:00,094623,2548.3,1,0,0,0,0,13450,496,13450,0,0,0,0,4651,-28608,10326,518,4480,0,129,0,0,0,0,0,0,0,0,0,31082107,2018,0.47,1072.12,3620.41,0,52.1,97.6,67.4,35.2,60.8,526.6,50.9,607.3,159.3,163.4,1050.2,365503,5611,12.88,89.6,1500,2.67,1.16,31.5,41.5,65,25.98,12246838,72915,70.08,3435.98,0,1200,400,720,240,4200,7500,8500,102,1.5,6000,0,0,0,0,0,70.57,30,66.64,63.81,53.3,0,0
2026-09-01T22:39:02.920000+09:00,2026-09-01T13:39:02.920000+00:00,094623,1421.2,1,0,0,0,0,13450,491,13450,0,0,0,0,4651,-28608,10326,6,4992,0,129,0,0,0,0,0,0,0,0,0,31082107,2018,0.41,530.11,1951.35,0,52.2,98.9,67.6,35.2,60.9,528.7,49.1,601.1,152.4,155.8,1041.4,365503,5611,12.7,90.7,1480,2.72,1.09,22.4,36.3,65,11.39,12246841,72915,72.4,3435.98,0,1200,400,720,240,4200,7500,8500,102,1.5,6000,0,0,0,0,0,60.64,30,62.69,58.11,53.3,0,0
2026-09-01T22:40:03.014000+09:00,2026-09-01T13:40:03.014000+00:00,094623,1338.2,1,0,0,0,0,13450,491,13450,0,0,0,0,4655,-28608,12374,6,5024,72,129,0,0,0,0,0,0,0,0,0,31082107,2018,0.29,591.14,1929.38,0,52.1,97.8,68.4,35.2,60.5,524,52.5,595.2,145.3,148,1037.9,365503,5611,12.69,91.6,1480,2.72,1.1,22.6,36,65,10.86,12246843,72915,62.82,3435.98,0,1200,400,720,240,4200,7500,8500,102,1.5,6000,0,0,0,0,0,63.24,30,58.24,62.66,53.3,0,0
2026-09-01T22:41:03.117000+09:00,2026-09-01T13:41:03.117000+00:00,094623,2311.5,1,0,0,0,0,13450,495,13450,0,0,0,0,4655,-26560,10326,6,4480,0,129,0,0,0,0,2,0,0,0,0,31082107,2018,0.18,1090.43,3401.9,0,52,98.1,68.5,35.2,60.3,516.4,52,602.3,151.3,154.8,1072.8,365503,5611,12.38,90.6,1500,2.68,1.16,31.1,41.5,65,25.4,12246846,72915,71.61,3435.98,0,1200,400,720,240,4200,7500,8500,102,1.5,6000,0,0,0,0,0,73.02,30,69.14,70.89,53.3,0,0
2026-09-01T22:42:03.209000+09:00,2026-09-01T13:42:03.209000+00:00,094623,2310.2,1,0,0,0,0,13450,496,13450,0,0,0,0,4651,-28608,18518,518,4480,528,129,0,0,0,0,2,0,0,0,0,31082107,2018,0.18,965.91,3276.16,0,52.3,98.4,68.1,35.2,60.7,525.7,50.2,605.6,158.9,163.3,1049.3,365504,5612,12.88,88,1500,2.7,1.15,30.7,42.3,65,25.85,12246851,72915,79.32,3435.98,0,1200,400,720,240,4200,7500,8500,102,1.5,6000,0,0,0,0,0,72.89,30,72.41,61.95,53.3,0,0
2026-09-01T22:43:03.289000+09:00,2026-09-01T13:43:03.289000+00:00,094623,2436.0,1,0,0,0,0,13450,495,13450,0,0,0,0,4651,-28608,10326,6,4480,0,129,0,0,0,0,2,0,0,0,0,31082107,2018,0.24,1120.94,3556.93,0,52.3,96.6,67.7,35.2,61,526.7,48.4,605,162.8,167.1,1037.6,365504,5612,12.79,89.7,1500,2.68,1.16,31.2,41.3,65,26.59,12246855,72915,72.13,3435.98,0,1200,400,720,240,4200,7500,8500,102,1.5,6000,0,0,0,0,0,71.54,30,64.78,65.22,53.2,0,0
2026-09-01T22:44:03.370000+09:00,2026-09-01T13:44:03.370000+00:00,094623,1919.3,1,0,0,0,0,13450,502,13450,0,0,0,0,4655,-28608,10390,518,4992,0,129,0,0,0,0,2,0,0,0,0,31082107,2018,0.25,765.71,2685.02,0,52.4,99.8,67.4,35.1,61.2,528.9,48.8,607.9,163.9,168.6,1050.7,365504,5612,12.68,90.4,1510,2.76,1.1,25.2,36.2,65,16.32,12246859,72915,77.1,3435.98,0,1200,400,720,240,4200,7500,8500,102,1.5,6000,0,0,0,0,0,63.53,30,68.83,61.1,53.2,0,0
2026-09-01T22:45:03.524000+09:00,2026-09-01T13:45:03.524000+00:00,094623,1372.4,1,0,0,0,0,13450,497,13450,0,0,0,0,4651,-28608,12374,6,5024,72,129,0,0,0,0,2,0,0,0,0,31082107,2018,0.23,570.39,1942.81,0,52.4,96.3,68.5,35.2,61,525.8,48.9,596.5,149.8,152.9,1018.5,365504,5612,12.92,91.6,1500,2.75,1.14,23,37.3,65,11.15,12246861,72915,64.19,3435.98,0,1200,400,720,240,4200,7500,8500,102,1.5,6000,0,0,0,0,0,63.69,30,54.46,63.38,53.2,0,0
2026-09-01T22:46:03.620000+09:00,2026-09-01T13:46:03.620000+00:00,094623,1622.7,1,0,0,0,0,13450,494,13450,0,0,0,0,4655,-28608,10390,6,20864,0,129,0,0,0,0,2,0,0,0,0,31082107,2018,0.18,676.59,2299.26,0,52.2,99,68.6,35.2,60.6,520.5,50.8,597.2,146.1,149,1040.8,365504,5612,12.92,89.2,1490,2.7,1.19,26.2,41,65,16.22,12246863,72915,63.13,3435.99,0,1200,400,720,240,4200,7500,8500,102,1.5,6000,0,0,0,0,0,68.19,30,65.32,60.42,53.2,0,0
2026-09-01T22:47:03.718000+09:00,2026-09-01T13:47:03.718000+00:00,094623,2124.7,1,0,0,0,0,13450,495,13450,0,0,0,0,4651,-28608,18518,6,4480,528,129,0,0,0,0,2,0,0,0,0,31082107,2018,0.23,902.43,3027.13,0,52.3,98.6,67.9,35.2,60.5,525.9,50,604.8,157.6,161.7,1025.2,365504,5612,12.64,89.3,1500,2.68,1.14,30.2,43.3,65,26.38,12246867,72915,73.86,3435.99,0,1200,400,720,240,4200,7500,8500,102,1.5,6000,0,0,0,0,0,72.72,30,71.7,65.87,53.2,0,0
2026-09-01T22:48:03.807000+09:00,2026-09-01T13:48:03.807000+00:00,094623,2456.7,1,0,0,0,0,13450,495,13450,0,0,0,0,4655,-26560,10342,6,12676,0,129,0,0,0,0,2,0,0,0,0,31082107,2018,0.24,1113.62,3570.36,0,52.4,97.1,67.1,35.1,60.8,525.7,49.1,607.1,162.3,166.4,1025.8,365505,5613,12.67,89.8,1500,2.68,1.16,31.4,41.4,65,26.1,12246872,72915,75.16,3435.99,0,1200,400,720,240,4200,7500,8500,102,1.5,6000,0,0,0,0,0,69.5,30,66.91,66.82,53.2,0,0
2026-09-01T22:49:03.924000+09:00,2026-09-01T13:49:03.924000+00:00,094623,1627.5,1,0,0,0,0,13450,500,13450,0,0,0,0,4651,-28608,10326,6,4992,0,129,0,0,0,0,2,0,0,0,0,31082107,2018,0.25,574.05,2201.6,0,52.5,98.2,67.3,35.1,61.2,527.2,48.3,603.2,160.2,164.4,1050,365505,5613,12.3,89.7,1510,2.75,1.11,23.6,36.5,65,13.18,12246875,72915,75.63,3435.99,0,1200,400,720,240,4200,7500,8500,102,1.5,6000,0,0,0,0,0,60.25,30,61.05,57.8,53.1,0,0
2026-09-01T22:50:04.026000+09:00,2026-09-01T13:50:04.026000+00:00,094623,1207.6,1,0,0,0,0,13450,498,13450,0,0,0,0,4651,-28608,12374,518,5024,72,129,0,0,0,0,2,0,0,0,0,31082107,2018,0.26,481.28,1688.89,0,52.2,96.8,68.6,35.1,60.8,525.7,50.9,592.4,145,147.5,1014,365505,5613,12.73,91.8,1480,2.73,1.08,21.7,37.1,65,10.75,12246877,72915,60.89,3435.99,0,1200,400,720,240,4200,7500,8500,102,1.5,6000,0,0,0,0,0,63.25,30,54.81,64.22,53.1,0,0
2026-09-01T22:51:04.128000+09:00,2026-09-01T13:51:04.128000+00:00,094623,1890.0,1,0,0,0,0,13450,493,13450,0,0,0,0,4655,-28608,10326,6,4480,0,129,0,0,0,0,2,0,0,0,0,31082107,2018,0.18,816.98,2706.99,0,52.1,99.6,68.6,35.1,60.3,518.1,50.6,592.8,144.3,147.1,1015.5,365505,5613,12.5,89.5,1490,2.68,1.19,28.8,43,65,20.88,12246880,72915,66.29,3435.99,0,1200,400,720,240,4200,7500,8500,102,1.5,6000,0,0,0,0,0,70.48,30,69.55,65.02,53.2,0,0
2026-09-01T22:52:04.219000+09:00,2026-09-01T13:52:04.219000+00:00,094623,2312.7,1,0,0,0,0,13450,497,13450,0,0,0,0,4651,-28608,18518,6,4480,16,129,0,0,0,0,2,0,0,0,0,31082107,2018,0.25,1101.41,3414.11,0,52.1,98,67.9,35.1,60.4,523.5,49.7,601.2,159.4,163.8,1019.3,365505,5613,12.68,88.8,1500,2.69,1.15,30.9,41.8,65,26.49,12246884,72915,75.68,3435.99,0,1200,400,720,240,4200,7500,8500,102,1.5,6000,0,0,0,0,0,71.99,30,69.47,64.53,53.1,0,0
2026-09-01T22:53:04.346000+09:00,2026-09-01T13:53:04.346000+00:00,094623,2527.6,1,0,0,0,0,13450,503,13450,0,0,0,0,4651,-28608,10326,6,4992,0,129,0,0,0,0,2,0,0,0,0,31082107,2018,0.3,1134.37,3661.92,0,52.1,97.1,67.5,35.1,60.8,521.4,48.8,605,165.1,169.9,1081.8,365505,5613,12.73,89.1,1520,2.73,1.15,30.5,39.2,65,25.37,12246888,72915,73.98,3435.99,0,1200,400,720,240,4200,7500,8500,102,1.5,6000,0,0,0,0,0,69.37,30,64.87,62.83,53.1,0,0
2026-09-01T22:54:04.447000+09:00,2026-09-01T13:54:04.447000+00:00,094623,1316.3,1,0,0,0,0,13450,499,13450,0,0,0,0,4651,-28608,10326,6,4992,0,129,0,0,0,0,2,0,0,0,0,31082107,2018,0.31,506.91,1823.18,0,52.1,98.1,68,35.1,60.9,524.2,49.1,593.4,152,155.3,1047.7,365506,5614,12.71,89.8,1490,2.76,1.06,21.7,34.8,65,11.86,12246891,72915,62.55,3435.99,0,1200,400,720,240,4200,7500,8500,102,1.5,6000,0,0,0,0,0,61.87,30,59.32,55.6,53.1,0,0
2026-09-01T22:55:04.540000+09:00,2026-09-01T13:55:04.540000+00:00,094623,1266.2,1,0,0,0,0,13450,507,13450,0,0,0,0,4655,-28608,12374,6,5024,8,129,0,0,0,0,2,0,0,0,0,31082107,2018,0.25,556.96,1823.18,0,51.9,97.2,68.4,35.1,60.4,522,50.6,588.7,144.1,146.7,1064.9,365506,5614,12.4,92.8,1500,2.78,1.05,21.6,35.2,65,12.77,12246893,72915,65.26,3436,0,1200,400,720,240,4200,7500,8500,102,1.5,6000,0,0,0,0,0,63.61,30,55.51,67.54,53.1,0,0
2026-09-01T22:56:04.646000+09:00,2026-09-01T13:56:04.646000+00:00,094623,2562.9,1,0,0,0,0,13450,497,13450,0,0,0,0,4655,-26560,10326,6,4480,0,129,0,0,0,0,2,0,0,0,0,31082107,2018,0.26,1201.51,3764.46,0,51.9,99.8,68.2,35.1,60.2,514.6,55.3,594,157.4,161.5,1073.2,365506,5614,12.76,88,1510,2.7,1.15,31.8,40,65,26.33,12246896,72915,73.68,3436,0,1200,400,720,240,4200,7500,8500,102,1.5,6000,0,0,0,0,0,72.76,30,73.92,62.58,53,0,0
2026-09-01T22:57:04.750000+09:00,2026-09-01T13:57:04.750000+00:00,094623,2277.3,1,0,0,0,0,13450,494,13450,0,0,0,0,4655,-26560,10326,590,4480,8192,129,0,0,0,0,2,0,0,0,0,31082107,2018,0.26,1029.39,3306.68,0,52,96.7,67.7,35,60.8,526.1,52.3,596.3,162.3,166.8,1044.7,365506,5614,12.75,88.2,1500,2.69,1.15,30.9,42.3,65,26.48,12246900,72915,72.7,3436,0,1200,400,720,240,4200,7500,8500,102,1.5,6000,0,0,0,0,0,71.22,30,64.96,59.91,53,0,0
2026-09-01T22:58:04.838000+09:00,2026-09-01T13:58:04.838000+00:00,094623,2412.8,1,0,0,0,0,13450,497,13450,0,0,0,0,4651,-28608,10326,6,4480,0,129,0,0,0,0,2,0,0,0,0,31082107,2018,0.35,1125.83,3538.62,0,52,98.4,67,35,61,526.3,50.8,598.1,165.3,169.8,1079.9,365506,5614,12.92,90.1,1500,2.69,1.15,30.9,40.9,65,26.68,12246905,72915,70.56,3436,0,1200,400,720,240,4200,7500,8500,102,1.5,6000,0,0,0,0,0,68.16,30,68.99,64.45,53,0,0
2026-09-01T22:59:05.001000+09:00,2026-09-01T13:59:05.001000+00:00,094623,2543.4,1,0,0,0,0,13450,496,13450,0,0,0,0,4655,-26560,10326,6,4480,0,129,0,0,0,0,0,0,0,0,0,31082107,2018,0.37,1074.56,3617.97,0,52.2,98.8,67.1,35,61.2,526.8,53.4,600.2,167.4,171.9,1089.4,365506,5614,12.41,90.7,1500,2.68,1.15,31.2,40.6,65,26.57,12246909,72915,79.17,3436,0,1200,400,720,240,4200,7500,8500,102,1.5,6000,0,0,0,0,0,66.91,30,71.51,67.41,53,0,0
2026-09-01T23:00:05.086000+09:00,2026-09-01T14:00:05.086000+00:00,094623,1328.5,1,0,0,0,0,13450,497,13450,0,0,0,0,4655,-28608,12374,6,5024,8,129,0,0,0,0,0,0,0,0,0,31082107,2018,0.31,532.55,1861.02,0,52.2,97.4,68.3,35,61.3,531.3,53.1,592.4,154.3,157.5,1040.9,365507,5615,12.74,90.4,1490,2.75,1.13,22.6,37.7,65,10.96,12246912,72915,73.44,3436,0,1200,400,720,240,4200,7500,8500,102,1.5,6000,0,0,0,0,0,60.59,30,58.29,57.86,53,0,0
2026-09-01T23:01:05.174000+09:00,2026-09-01T14:01:05.174000+00:00,094623,1360.2,1,0,0,0,0,13450,496,13450,0,0,0,0,4651,-28608,10326,6,4992,0,129,0,0,0,0,0,0,0,0,0,31082107,2018,0.29,567.95,1928.16,0,52,97.3,68.8,35,60.7,524.9,53.2,586.8,146.8,149.5,1025.6,365507,5615,12.65,92.6,1490,2.74,1.13,22.9,37.1,65,11.18,12246914,72915,60.06,3436,0,1200,400,720,240,4200,7500,8500,102,1.5,6000,0,0,0,0,0,63.01,30,56.69,66.08,53,0,0
2026-09-01T23:02:05.294000+09:00,2026-09-01T14:02:05.294000+00:00,094623,2333.4,1,0,0,0,0,13450,498,13450,0,0,0,0,4655,-28608,10326,518,4480,0,129,0,0,0,0,2,0,0,0,0,31082107,2018,0.26,1090.43,3423.87,0,52.1,99.3,68.6,35.1,60.4,518.4,53.7,590.6,151.9,155.3,1049.2,365507,5615,12.35,89.1,1500,2.69,1.16,30.8,41.4,65,24.97,12246917,72915,70.79,3436,0,1200,400,720,240,4200,7500,8500,102,1.5,6000,0,0,0,0,0,72.55,30,71.83,66.25,53,0,0
2026-09-01T23:03:05.397000+09:00,2026-09-01T14:03:05.397000+00:00,094623,2357.9,1,0,0,0,0,13450,496,13450,0,0,0,0,4655,-26560,10390,6,20864,0,129,0,0,0,0,2,0,0,0,0,31082107,2018,0.3,1070.89,3428.75,0,52.1,98.2,68.1,35.1,60.7,526.3,52.7,595.2,162.5,166.9,1083.2,365507,5615,12.82,87.7,1500,2.67,1.15,30.9,41.7,65,26.58,12246922,72915,76.44,3436,0,1200,400,720,240,4200,7500,8500,102,1.5,6000,0,0,0,0,0,71.9,30,70.37,59.78,53,0,0
2026-09-01T23:04:05.495000+09:00,2026-09-01T14:04:05.495000+00:00,094623,2497.0,1,0,0,0,0,13450,502,13450,0,0,0,0,4655,-28608,10326,590,4992,8192,129,0,0,0,0,2,0,0,0,0,31082107,2018,0.28,1194.19,3691.21,0,52.1,97,67.8,35,61.1,524.9,53.2,602.2,167.1,171.6,1092.4,365507,5615,12.76,89.1,1520,2.71,1.15,30.5,39.4,65,24.85,12246926,72915,73.96,3436.01,0,1200,400,720,240,4200,7500,8500,102,1.5,6000,0,0,0,0,0,70.13,30,65.17,60.87,53,0,0
2026-09-01T23:05:05.593000+09:00,2026-09-01T14:05:05.593000+00:00,094623,1302.8,1,0,0,0,0,13450,500,13450,0,0,0,0,4655,-28608,18582,6,21376,528,129,0,0,0,0,2,0,0,0,0,31082107,2018,0.35,498.37,1801.2,0,52,97.6,68,35,61.1,525.8,51.3,592.2,153.1,156.2,1025.8,365507,5615,12.75,91.1,1490,2.75,1.05,21.5,34.9,65,11.57,12246929,72915,62.7,3436.01,0,1200,400,720,240,4200,7500,8500,102,1.5,6000,0,0,0,0,0,61.86,30,57.85,58.36,53,0,0
2026-09-01T23:06:05.684000+09:00,2026-09-01T14:06:05.684000+00:00,094623,1293.1,1,0,0,0,0,13450,509,13450,0,0,0,0,4651,-28608,10326,6,4992,0,129,0,0,0,0,2,0,0,0,0,31082107,2018,0.19,544.75,1837.82,0,51.9,98,68.5,35.1,60.5,521.8,51.1,588.6,145.7,148.3,1015.3,365508,5616,12.86,92,1520,2.81,1.04,21.6,34.4,65,12.06,12246931,72915,70.6,3436.01,0,1200,400,720,240,4200,7500,8500,102,1.5,6000,0,0,0,0,0,63.86,30,58.01,65.39,52.9,0,0
2026-09-01T23:07:05.770000+09:00,2026-09-01T14:07:05.770000+00:00,094623,2151.6,1,0,0,0,0,13450,495,13450,0,0,0,0,4655,-28608,10342,6,12676,0,129,0,0,0,0,2,0,0,0,0,31082107,2018,0.25,923.18,3074.74,0,52,98.6,68.1,35.1,60.2,522.6,51,591.2,152.3,155.9,1052.4,365508,5616,12.56,88.2,1500,2.69,1.15,30.2,42.9,65,26.09,12246934,72915,69.31,3436.01,0,1200,400,720,240,4200,7500,8500,102,1.5,6000,0,0,0,0,0,72.35,30,70.59,62.13,53,0,0
2026-09-01T23:08:05.863000+09:00,2026-09-01T14:08:05.863000+00:00,094623,2422.6,1,0,0,0,0,13450,496,13450,0,0,0,0,4655,-26560,10326,6,4480,0,129,0,0,0,0,2,0,0,0,0,31082107,2018,0.28,1145.36,3567.92,0,52,97,67.5,35.1,60.6,524.3,52.8,599.7,161.9,166.4,1034.5,365508,5616,12.77,88.6,1500,2.67,1.15,31.2,41.3,65,26.64,12246938,72915,71.72,3436.01,0,1200,400,720,240,4200,7500,8500,102,1.5,6000,0,0,0,0,0,70.37,30,65.24,60.78,52.9,0,0
2026-09-01T23:09:05.973000+09:00,2026-09-01T14:09:05.973000+00:00,094623,2096.6,1,0,0,0,0,13450,501,13450,0,0,0,0,4651,-28608,10326,6,4992,0,129,0,0,0,0,2,0,0,0,0,31082107,2018,0.32,887.78,2984.4,0,52.1,98,67.2,35,61,527.2,50.9,603,166.2,171,1030.6,365508,5616,12.7,89.6,1510,2.74,1.09,26.4,35.9,65,19.67,12246942,72915,74.06,3436.01,0,1200,400,720,240,4200,7500,8500,102,1.5,6000,0,0,0,0,0,63.73,30,62.64,57.73,52.9,0,0
2026-09-01T23:10:06.093000+09:00,2026-09-01T14:10:06.093000+00:00,094623,1311.4,1,0,0,0,0,13450,506,13450,0,0,0,0,4651,-28608,18518,6,4992,528,129,0,0,0,0,2,0,0,0,0,31082107,2018,0.35,580.16,1891.54,0,51.9,97.4,68.2,35,60.9,523.8,51.4,593.2,150.2,153.2,1020.7,365508,5616,12.8,91.6,1510,2.78,1.04,21.6,34.3,65,11.55,12246945,72915,61.63,3436.01,0,1200,400,720,240,4200,7500,8500,102,1.5,6000,0,0,0,0,0,61.81,30,56.56,59.79,52.9,0,0
2026-09-01T23:11:06.187000+09:00,2026-09-01T14:11:06.187000+00:00,094623,1459.1,1,0,0,0,0,13450,493,13450,0,0,0,0,4651,-28608,10326,6,4480,0,129,0,0,0,0,2,0,0,0,0,31082107,2018,0.23,608.23,2067.32,0,51.8,98.5,68.7,35.1,60.4,523.2,52.5,588.7,145.3,148.1,1033.6,365508,5616,12.05,92,1490,2.71,1.17,24.9,40.5,65,13.6,12246947,72915,70.01,3436.01,0,1200,400,720,240,4200,7500,8500,102,1.5,6000,0,0,0,0,0,65.71,30,60.61,66.99,52.9,0,0
2026-09-01T23:12:06.290000+09:00,2026-09-01T14:12:06.290000+00:00,094623,2191.8,1,0,0,0,0,13450,498,13450,0,0,0,0,4651,-28608,10326,6,4480,0,129,0,0,0,0,2,0,0,0,0,31082107,2018,0.31,995.21,3187.05,0,51.9,99.2,68.1,35.1,60.2,524.8,51.6,598.5,155.6,159.6,1047.4,365509,5617,12.71,87.6,1510,2.68,1.15,30.4,42.8,65,26.57,12246950,72915,75.14,3436.01,0,1200,400,720,240,4200,7500,8500,102,1.5,6000,0,0,0,0,0,72.31,30,72.24,60.08,52.9,0,0
2026-09-01T23:13:06.398000+09:00,2026-09-01T14:13:06.398000+00:00,094623,2407.9,1,0,0,0,0,13450,496,13450,0,0,0,0,4651,-28608,12374,6,4512,72,129,0,0,0,0,2,0,0,0,0,31082107,2018,0.32,1130.71,3538.62,0,51.9,97.2,67.3,35,60.5,526.4,50.7,603.7,162.2,166.5,1033.5,365509,5617,12.65,89,1500,2.69,1.15,31.1,41.5,65,26.63,12246955,72915,70.64,3436.02,0,1200,400,720,240,4200,7500,8500,102,1.5,6000,0,0,0,0,0,69.38,30,66.46,61.18,52.9,0,0
2026-09-01T23:14:06.488000+09:00,2026-09-01T14:14:06.488000+00:00,094623,2461.6,1,0,0,0,0,13450,497,13450,0,0,0,0,4655,-26560,10326,590,4480,8192,129,0,0,0,0,2,0,0,0,0,31082107,2018,0.38,1061.13,3522.75,0,52,97.7,66.9,35,60.9,527.9,49.9,603.9,163.8,168.3,1010.8,365509,5617,12.73,90.9,1500,2.69,1.16,31.1,41.2,65,26.72,12246959,72915,72.83,3436.02,0,1200,400,720,240,4200,7500,8500,102,1.5,6000,0,0,0,0,0,66.68,30,66.81,66.65,52.8,0,0
2026-09-01T23:15:06.580000+09:00,2026-09-01T14:15:06.580000+00:00,094623,1837.5,1,0,0,0,0,13450,501,13450,0,0,0,0,4655,-28608,18518,6,4992,528,129,0,0,0,0,2,0,0,0,0,31082107,2018,0.32,732.75,2570.27,0,52.2,98.7,67.5,35,61.2,530.7,52,600.8,164,168.6,1064,365509,5617,12.69,90.3,1510,2.73,1.11,25,36.4,65,16.25,12246963,72915,78.6,3436.02,0,1200,400,720,240,4200,7500,8500,102,1.5,6000,0,0,0,0,0,60.45,30,63.49,59.49,52.8,0,0
2026-09-01T23:16:06.685000+09:00,2026-09-01T14:16:06.685000+00:00,094623,1350.4,1,0,0,0,0,13450,498,13450,0,0,0,0,4651,-28608,10326,6,4992,0,129,0,0,0,0,2,0,0,0,0,31082107,2018,0.3,549.64,1900.08,0,51.9,97.4,68.8,35,60.9,527.5,51.4,588.3,149.2,152.2,1040.2,365509,5617,12.81,91,1500,2.74,1.13,22.8,37.6,65,11.3,12246965,72915,62.14,3436.02,0,1200,400,720,240,4200,7500,8500,102,1.5,6000,0,0,0,0,0,62.06,30,56.88,59.53,52.8,0,0
2026-09-01T23:17:06.787000+09:00,2026-09-01T14:17:06.787000+00:00,094623,1722.8,1,0,0,0,0,13450,495,13450,0,0,0,0,4655,-28608,10326,6,4480,0,129,0,0,0,0,2,0,0,0,0,31082107,2018,0.27,752.28,2475.05,0,51.9,98.1,68.9,35,60.4,519.3,51.1,585.7,146.9,149.9,1043.4,365509,5617,12.82,91.1,1490,2.71,1.19,26.6,40.2,65,16.46,12246968,72915,68.35,3436.02,0,1200,400,720,240,4200,7500,8500,102,1.5,6000,0,0,0,0,0,67.13,30,61.52,66.17,52.8,0,0
2026-09-01T23:18:06.888000+09:00,2026-09-01T14:18:06.888000+00:00,094623,2102.7,1,0,0,0,0,13450,497,13450,0,0,0,0,4655,-28608,12374,6,4512,72,129,0,0,0,0,2,0,0,0,0,31082107,2018,0.32,878.02,2980.74,0,52,99.2,68.3,35,60.5,526.4,51.3,594.7,158.9,163,1054.9,365510,5618,12.59,88.3,1500,2.68,1.14,29.9,43,65,26.4,12246972,72915,75.86,3436.02,0,1200,400,720,240,4200,7500,8500,102,1.5,6000,0,0,0,0,0,72.19,30,72.27,62.65,52.8,0,0
2026-09-01T23:19:06.983000+09:00,2026-09-01T14:19:06.983000+00:00,094623,2317.6,1,0,0,0,0,13450,496,13450,0,0,0,0,4651,-28608,10326,6,4480,0,129,0,0,0,0,2,0,0,0,0,31082107,2018,0.32,1001.31,3318.89,0,52,97.7,67.8,35,60.7,529.1,50.9,593.5,159.9,163.8,1044.5,365510,5618,12.76,88.6,1500,2.68,1.17,31.1,43,65,26.63,12246976,72915,74.76,3436.02,0,1200,400,720,240,4200,7500,8500,102,1.5,6000,0,0,0,0,0,70.78,30,68.5,60.85,52.8,0,0
2026-09-01T23:20:07.095000+09:00,2026-09-01T14:20:07.095000+00:00,094623,2334.7,1,0,0,0,0,13450,503,13450,0,0,0,0,4655,-26560,18518,6,4992,528,129,0,0,0,0,2,0,0,0,0,31082107,2018,0.35,1042.82,3377.48,0,52.1,97.3,67.2,35,60.9,524.1,56.2,597.9,166,170.6,1070.9,365510,5618,12.27,90.4,1510,2.72,1.11,27.8,36.1,65,21.7,12246980,72915,72.86,3436.02,0,1200,400,720,240,4200,7500,8500,102,1.5,6000,0,0,0,0,0,64.57,30,62.81,61.83,52.8,0,0
2026-09-01T23:21:07.194000+09:00,2026-09-01T14:21:07.194000+00:00,094623,1772.8,1,0,0,0,0,13450,491,13450,0,0,0,0,4651,-28608,10326,6,4992,0,129,0,0,0,0,2,0,0,0,0,31082107,2018,0.3,795.01,2567.83,0,52,98,68.3,34.9,60.9,526.1,55.2,588.8,150.4,153.6,1050,365510,5618,12.93,92.3,1530,2.63,1.18,26.2,37.7,65,10.23,12246983,72915,66.04,3436.03,0,1200,400,720,240,4200,7500,8500,102,1.5,6000,0,0,0,0,0,61.52,30,58.83,63.89,52.8,0,0
2026-09-01T23:22:07.282000+09:00,2026-09-01T14:22:07.282000+00:00,094623,1350.5,1,0,0,0,0,13450,495,13450,0,0,0,0,4651,-28608,10390,6,20864,0,129,0,0,0,0,2,0,0,0,0,31082107,2018,0.18,543.53,1893.98,0,51.9,98.2,68.8,35,60.5,524.9,52.9,584.5,144.9,147.7,1033.3,365510,5618,12.71,90,1490,2.72,1.15,23.3,38.8,65,11.88,12246985,72915,66.92,3436.03,0,1200,400,720,240,4200,7500,8500,102,1.5,6000,0,0,0,0,0,64.39,30,59.39,59.6,52.8,0,0
2026-09-01T23:23:07.374000+09:00,2026-09-01T14:23:07.374000+00:00,094623,2407.9,1,0,0,0,0,13450,497,13450,0,0,0,0,4651,-28608,12374,6,4512,72,129,0,0,0,0,2,0,0,0,0,31082107,2018,0.29,1079.44,3487.35,0,51.9,98.7,68.1,35,60.3,520,54.9,593.8,158.3,162.5,1042.5,365510,5618,12.7,89.4,1510,2.68,1.14,30.9,40.8,65,26.24,12246988,72915,72.58,3436.03,0,1200,400,720,240,4200,7500,8500,102,1.5,6000,0,0,0,0,0,72.11,30,70.93,66.24,52.7,0,0
2026-09-01T23:24:07.482000+09:00,2026-09-01T14:24:07.482000+00:00,094623,2190.6,1,0,0,0,0,13450,495,13450,0,0,0,0,4655,-28608,10390,6,20864,0,129,0,0,0,0,2,0,0,0,0,31082107,2018,0.31,848.72,3039.34,0,52.1,98,67.4,35,60.7,530.5,53.8,593.9,160.7,165,1040.8,365511,5619,12.51,88.9,1500,2.67,1.15,30.2,43.6,65,26.37,12246993,72915,74.93,3436.03,0,1200,400,720,240,4200,7500,8500,102,1.5,6000,0,0,0,0,0,69.58,30,69.23,63.18,52.7,0,0
2026-09-01T23:25:07.583000+09:00,2026-09-01T14:25:07.583000+00:00,094623,2417.7,1,0,0,0,0,13450,496,13450,0,0,0,0,4651,-28608,18518,6,4480,528,129,0,0,0,0,2,0,0,0,0,31082107,2018,0.33,1012.3,3429.98,0,52.1,98.2,67,35,60.8,527.4,53.5,595.5,164.4,168.8,1042.2,365511,5619,12.81,88.9,1490,2.68,1.14,30.8,41.3,65,26.56,12246997,72915,75.03,3436.03,0,1200,400,720,240,4200,7500,8500,102,1.5,6000,0,0,0,0,0,67.12,30,69.93,61.5,52.7,0,0
2026-09-01T23:26:07.681000+09:00,2026-09-01T14:26:07.681000+00:00,094623,2460.4,1,0,0,0,0,13450,496,13450,0,0,0,0,4651,-28608,10342,6,12676,0,129,0,0,0,0,2,0,0,0,0,31082107,2018,0.38,1040.38,3500.78,0,52.3,98,67.2,35,61.1,529.1,52.5,599.7,165.1,169.2,1048.9,365511,5619,12.76,90.3,1500,2.67,1.15,31.1,41.4,65,26.6,12247001,72915,73.12,3436.03,0,1200,400,720,240,4200,7500,8500,102,1.5,6000,0,0,0,0,0,66.29,30,69.57,64.92,52.7,0,0
2026-09-01T23:27:07.765000+09:00,2026-09-01T14:27:07.765000+00:00,094623,2560.5,1,0,0,0,0,13450,494,13450,0,0,0,0,4655,-28608,10326,6,4480,0,129,0,0,0,0,2,0,0,0,0,31082107,2018,0.35,1114.84,3675.34,0,52.5,98.1,67.9,34.9,61.4,528.8,53,603.6,167.1,171.3,1049.8,365511,5619,12.64,90.8,1500,2.67,1.16,31.4,40.9,65,26.62,12247006,72915,80.37,3436.03,0,1200,400,720,240,4200,7500,8500,102,1.5,6000,0,0,0,0,0,67.58,30,69.68,67.93,52.7,0,0
2026-09-01T23:28:07.876000+09:00,2026-09-01T14:28:07.876000+00:00,094623,1475.0,1,0,0,0,0,13450,514,13450,0,0,0,0,4651,-28608,12374,6,5024,72,129,0,0,0,0,2,0,0,0,0,31082107,2018,0.29,618,2092.96,0,52.5,97.8,68.7,34.9,61.6,526.2,51.3,595.6,158.7,162.3,1049.3,365511,5619,12.46,89.6,1530,2.83,1.02,21.7,32.7,65,12.31,12247009,72915,75.01,3436.03,0,1200,400,720,240,4200,7500,8500,102,1.5,6000,0,0,0,0,0,61.28,30,60.2,55.38,52.7,0,0
2026-09-01T23:29:07.967000+09:00,2026-09-01T14:29:07.967000+00:00,094623,1350.4,1,0,0,0,0,13450,517,13450,0,0,0,0,4655,-28608,10326,6,4992,0,129,0,0,0,0,2,0,0,0,0,31082107,2018,0.31,646.08,1996.52,0,52.2,97.2,69.1,34.9,61.1,522.4,54.2,589.2,149.1,151.9,1043.3,365511,5619,12.69,91.8,1550,2.84,1.03,22,33.8,65,13.33,12247011,72915,58.38,3436.04,0,1200,400,720,240,4200,7500,8500,102,1.5,6000,0,0,0,0,0,64.01,30,57.06,62.62,52.7,0,0
2026-09-01T23:30:08.072000+09:00,2026-09-01T14:30:08.072000+00:00,094623,2008.7,1,0,0,0,0,13450,495,13450,0,0,0,0,4655,-26560,2134,6,4480,0,129,0,0,0,0,2,0,0,0,0,31082107,2018,0.21,871.91,2880.64,0,52.2,99.3,68.9,34.9,60.6,521.8,53.7,587.6,149.7,152.5,1046.5,365512,5620,12.7,90.2,1500,2.68,1.17,29.8,43.8,65,24.58,12247014,72915,72.43,3436.04,0,1200,400,720,240,4200,7500,8500,102,1.5,6000,0,0,0,0,0,72.98,30,71.61,69.12,52.6,0,0
2026-09-01T23:31:08.169000+09:00,2026-09-01T14:31:08.169000+00:00,094623,2145.5,1,0,0,0,0,13450,497,13450,0,0,0,0,4655,-28608,10326,6,4480,0,129,0,0,0,0,2,0,0,0,0,31082107,2018,0.27,968.35,3113.8,0,52.3,97.8,68,34.9,60.7,529.9,52,595.1,157.7,161.5,1006.8,365512,5620,12.62,87.6,1500,2.68,1.16,30.4,44,65,26.5,12247018,72915,75.57,3436.04,0,1200,400,720,240,4200,7500,8500,102,1.5,6000,0,0,0,0,0,71.91,30,69.41,60.25,52.6,0,0
2026-09-01T23:32:08.261000+09:00,2026-09-01T14:32:08.261000+00:00,094623,2488.5,1,0,0,0,0,13450,497,13450,0,0,0,0,4651,-28608,10326,590,4480,8192,129,0,0,0,0,2,0,0,0,0,31082107,2018,0.3,1142.92,3631.4,0,52.2,97.2,67.1,34.9,60.9,526,51,599,164.1,168.3,1032.7,365512,5620,12.61,88.7,1500,2.68,1.15,31.3,40.9,65,26.07,12247023,72915,71.52,3436.04,0,1200,400,720,240,4200,7500,8500,102,1.5,6000,0,0,0,0,0,68.49,30,66.26,60.75,52.6,0,0
2026-09-01T23:33:08.372000+09:00,2026-09-01T14:33:08.372000+00:00,094623,1896.1,1,0,0,0,0,13450,502,13450,0,0,0,0,4651,-28608,12374,6,5024,8,129,0,0,0,0,0,0,0,0,0,31082107,2018,0.38,771.81,2667.93,0,52.3,98.5,67,34.8,61.3,530.2,50.1,597.6,164.6,168.9,1056.7,365512,5620,12.76,90.6,1510,2.73,1.1,25.5,36.6,65,16.88,12247027,72915,71.88,3436.04,0,1200,400,720,240,4200,7500,8500,102,1.5,6000,0,0,0,0,0,60.46,30,63.99,59.86,52.6,0,0
2026-09-01T23:34:08.461000+09:00,2026-09-01T14:34:08.461000+00:00,094623,1317.5,1,0,0,0,0,13450,495,13450,0,0,0,0,4655,-26560,10326,590,4992,8192,129,0,0,0,0,2,0,0,0,0,31082107,2018,0.26,534.99,1852.47,0,52.1,97.3,68.7,34.8,61.1,527.3,51.9,586.8,149.5,152.6,1017.7,365512,5620,12.51,93,1490,2.72,1.12,22.7,37.5,65,11.11,12247029,72915,67.23,3436.04,0,1200,400,720,240,4200,7500,8500,102,1.5,6000,0,0,0,0,0,62.06,30,56.69,66.64,52.6,0,0
2026-09-01T23:35:08.578000+09:00,2026-09-01T14:35:08.578000+00:00,094623,1537.2,1,0,0,0,0,13450,494,13450,0,0,0,0,4651,-28608,10326,6,4480,0,129,0,0,0,0,2,0,0,0,0,31082107,2018,0.24,607.01,2144.23,0,51.9,98.8,68.9,34.9,60.5,523.3,50.7,585.1,144,146.7,1021.6,365512,5620,12.81,89.1,1490,2.69,1.18,25.6,41.8,65,15.36,12247031,72915,67.74,3436.04,0,1200,400,720,240,4200,7500,8500,102,1.5,6000,0,0,0,0,0,66.96,30,63.76,59.42,52.6,0,0
2026-09-01T23:36:08.672000+09:00,2026-09-01T14:36:08.672000+00:00,094623,2310.2,1,0,0,0,0,13450,496,13450,0,0,0,0,4651,-28608,10326,6,4480,0,129,0,0,0,0,2,0,0,0,0,31082107,2018,0.32,941.5,3251.75,0,51.9,98.4,68,34.9,60.4,524.3,49.7,593.3,157.8,162,1076.7,365513,5621,12.67,89.2,1500,2.67,1.15,30.8,42.3,65,26.53,12247035,72915,70.87,3436.04,0,1200,400,720,240,4200,7500,8500,102,1.5,6000,0,0,0,0,0,71.46,30,70.14,64.62,52.6,0,0
2026-09-01T23:37:08.768000+09:00,2026-09-01T14:37:08.768000+00:00,094623,2495.8,1,0,0,0,0,13450,496,13450,0,0,0,0,4655,-26560,10326,590,4480,8192,129,0,0,0,0,2,0,0,0,0,31082107,2018,0.37,1052.58,3548.39,0,51.9,98.6,67.6,34.8,60.8,525.1,55.2,595.1,163.1,167.8,1053.5,365513,5621,12.77,89.7,1500,2.66,1.15,31.2,41.1,65,26.75,12247039,72915,74.83,3436.04,0,1200,400,720,240,4200,7500,8500,102,1.5,6000,0,0,0,0,0,69.95,30,71.29,65.4,52.6,0,0
2026-09-01T23:38:08.869000+09:00,2026-09-01T14:38:08.869000+00:00,094623,2551.9,1,0,0,0,0,13450,497,13450,0,0,0,0,4655,-28608,18518,582,4480,528,129,0,0,0,0,2,0,0,0,0,31082107,2018,0.34,1223.49,3775.44,0,52,98.4,67.6,34.8,61.2,526.1,52.9,597.7,165.5,169.8,1057.8,365513,5621,12.88,90,1500,2.67,1.16,31.4,40.3,65,26.39,12247044,72915,77.68,3436.05,0,1200,400,720,240,4200,7500,8500,102,1.5,6000,0,0,0,0,0,69.41,30,71.68,66.02,52.6,0,0
2026-09-01T23:39:08.957000+09:00,2026-09-01T14:39:08.957000+00:00,094623,1333.3,1,0,0,0,0,13450,495,13450,0,0,0,0,4651,-28608,10326,6,4992,0,129,0,0,0,0,2,0,0,0,0,31082107,2018,0.31,484.94,1818.29,0,52.1,96.9,68,34.8,61.2,531.5,51.2,588.8,153.6,156.7,1022.9,365513,5621,12.44,90.4,1490,2.72,1.11,22.3,37.7,65,11.26,12247047,72915,72.1,3436.05,0,1200,400,720,240,4200,7500,8500,102,1.5,6000,0,0,0,0,0,60.71,30,57.57,57.98,52.5,0,0
2026-09-01T23:40:09.070000+09:00,2026-09-01T14:40:09.070000+00:00,094623,1294.3,1,0,0,0,0,13450,493,13450,0,0,0,0,4651,-28608,10326,518,4992,0,129,0,0,0,0,2,0,0,0,0,31082107,2018,0.26,509.35,1803.64,0,51.9,97.3,68.5,34.8,60.6,526.8,54.3,583.4,144.4,147.1,1030,365513,5621,12.76,92.6,1490,2.7,1.12,22.6,37.8,65,11.21,12247049,72915,63.06,3436.05,0,1200,400,720,240,4200,7500,8500,102,1.5,6000,0,0,0,0,0,62.58,30,57,67.04,52.5,0,0
2026-09-01T23:41:09.185000+09:00,2026-09-01T14:41:09.185000+00:00,094623,2185.7,1,0,0,0,0,13450,496,13450,0,0,0,0,4655,-28608,12438,6,20864,8,129,0,0,0,0,2,0,0,0,0,31082107,2018,0.28,869.47,3055.21,0,51.9,99.1,68.4,34.9,60.2,520.1,52.2,586.5,149.9,153.2,1029.7,365513,5621,12.63,88.4,1500,2.68,1.15,30.2,42.9,65,25.5,12247052,72915,68.35,3436.05,0,1200,400,720,240,4200,7500,8500,102,1.5,6000,0,0,0,0,0,72.01,30,71.78,63.83,52.5,0,0
2026-09-01T23:42:09.288000+09:00,2026-09-01T14:42:09.288000+00:00,094623,2324.9,1,0,0,0,0,13450,495,13450,0,0,0,0,4655,-28608,10326,582,4480,0,129,0,0,0,0,2,0,0,0,0,31082107,2018,0.29,1024.51,3349.41,0,52,97.5,67.7,34.8,60.4,527.1,53,591.5,158.2,162.3,1063.2,365514,5622,12.58,88,1490,2.66,1.17,31,42.5,65,26.55,12247056,72915,73.42,3436.05,0,1200,400,720,240,4200,7500,8500,102,1.5,6000,0,0,0,0,0,70.44,30,67.96,60.01,52.5,0,0
2026-09-01T23:43:09.390000+09:00,2026-09-01T14:43:09.390000+00:00,094623,2602.0,1,0,0,0,0,13450,495,13450,0,0,0,0,4651,-28608,18534,590,12676,8720,129,0,0,0,0,2,0,0,0,0,31082107,2018,0.35,1179.54,3781.55,0,52,97.4,67.3,34.8,60.8,524.8,52.1,595.9,164.5,168.9,1033.5,365514,5622,12.81,89.6,1500,2.67,1.16,31.6,40.3,65,26.06,12247060,72915,71.42,3436.05,0,1200,400,720,240,4200,7500,8500,102,1.5,6000,0,0,0,0,0,68.41,30,66.48,62.92,52.5,0,0
2026-09-01T23:44:09.486000+09:00,2026-09-01T14:44:09.486000+00:00,094623,1348.0,1,0,0,0,0,13450,494,13450,0,0,0,0,4655,-28608,10326,6,4992,0,129,0,0,0,0,2,0,0,0,0,31082107,2018,0.33,339.67,1687.67,0,52,97.9,68,34.8,60.9,528.2,50.9,593.6,152.6,155.9,1041.4,365514,5622,12.79,92.1,1490,2.73,0.92,23.2,38.8,65,11.41,12247063,72915,68.85,3436.05,0,1200,400,720,240,4200,7500,8500,102,1.5,6000,0,0,0,0,0,60.25,30,58.5,62.28,52.5,0,0
2026-09-01T23:45:09.598000+09:00,2026-09-01T14:45:09.598000+00:00,094623,1289.4,1,0,0,0,0,13450,498,13450,0,0,0,0,4651,-28608,10326,6,4992,1,129,0,0,0,0,2,0,0,0,0,31082107,2018,0.22,489.82,1779.23,0,51.9,97.9,68.9,34.8,60.5,525.5,50.6,587.6,144.2,147.1,1064.4,365514,5622,12.73,90.4,1500,2.74,1.13,22.6,38.3,65,11.37,12247065,72915,68.58,3436.05,0,1200,400,720,240,4200,7500,8500,102,1.5,6000,0,0,0,0,0,63.9,30,57.75,60.68,52.5,0,0
2026-09-01T23:46:09.704000+09:00,2026-09-01T14:46:09.704000+00:00,094623,2313.9,1,0,0,0,0,13450,497,13450,0,0,0,0,4651,-28608,12374,6,4512,72,129,0,0,0,0,2,0,0,0,0,31082107,2018,0.27,1091.65,3405.56,0,51.7,98.5,68.5,34.8,60.1,518.6,51.6,589.9,149.9,153.3,1040.4,365514,5622,12.92,89.6,1500,2.68,1.17,31,41.9,65,25.91,12247068,72915,64.52,3436.05,0,1200,400,720,240,4200,7500,8500,102,1.5,6000,0,0,0,0,0,72.81,30,70.02,66.56,52.5,0,0
2026-09-01T23:47:09.793000+09:00,2026-09-01T14:47:09.793000+00:00,094623,2390.8,1,0,0,0,0,13450,497,13450,0,0,0,0,4651,-28608,10326,6,4480,0,129,0,0,0,0,2,0,0,0,0,31082107,2018,0.32,1101.41,3492.23,0,51.9,98.3,67.8,34.7,60.5,526.4,50.5,597.2,159.8,164.2,1043.1,365514,5622,12.59,89.4,1500,2.68,1.16,31.1,41.9,65,26.6,12247073,72915,76.24,3436.06,0,1200,400,720,240,4200,7500,8500,102,1.5,6000,0,0,0,0,0,71.15,30,70.11,65.72,52.5,0,0
2026-09-01T23:48:09.900000+09:00,2026-09-01T14:48:09.900000+00:00,094623,1947.4,1,0,0,0,0,13450,501,13450,0,0,0,0,4651,-28608,18518,6,4992,528,129,0,0,0,0,2,0,0,0,0,31082107,2018,0.31,824.3,2771.69,0,51.9,98.6,67.6,34.7,60.9,527.2,49.7,598,163,167.9,1055.6,365515,5623,12.7,89.3,1510,2.74,1.11,25.4,35.7,65,17.58,12247077,72915,76.39,3436.06,0,1200,400,720,240,4200,7500,8500,102,1.5,6000,0,0,0,0,0,63.84,30,65.78,58.16,52.4,0,0
2026-09-01T23:49:10.031000+09:00,2026-09-01T14:49:10.031000+00:00,094623,1304.1,1,0,0,0,0,13450,496,13450,0,0,0,0,4651,-26560,10326,6,4992,0,129,0,0,0,0,2,0,0,0,0,31082107,2018,0.33,516.68,1820.73,0,51.7,96.7,68.2,34.7,60.7,526.4,50.3,587.2,147.6,150.6,1012.1,365515,5623,12.68,90.3,1490,2.73,1.12,22.6,37.8,65,11.2,12247079,72915,56.77,3436.06,0,1200,400,720,240,4200,7500,8500,102,1.5,6000,0,0,0,0,0,62.21,30,55.86,57.1,52.4,0,0
2026-09-01T23:50:10.140000+09:00,2026-09-01T14:50:10.140000+00:00,094623,1558.0,1,0,0,0,0,13450,493,13450,0,0,0,0,4655,-28608,10326,590,4480,8192,129,0,0,0,0,2,0,0,0,0,31082107,2018,0.26,644.86,2202.83,0,51.6,97.7,68.4,34.7,60.1,522.3,51.7,582.8,142.3,145.1,1031,365515,5623,12.33,92.7,1490,2.71,1.19,25.9,42,65,15.6,12247081,72915,67.64,3436.06,0,1200,400,720,240,4200,7500,8500,102,1.5,6000,0,0,0,0,0,66.35,30,60.55,70.96,52.4,0,0
2026-09-01T23:51:10.226000+09:00,2026-09-01T14:51:10.226000+00:00,094623,2213.8,1,0,0,0,0,13450,497,13450,0,0,0,0,4655,-28608,12374,526,4512,8264,129,0,0,0,0,2,0,0,0,0,31082107,2018,0.29,969.57,3183.39,0,51.8,99.5,68,34.7,60.1,524.3,50.7,591.2,156,160.2,1037.7,365515,5623,12.77,87.7,1500,2.69,1.15,30.4,42.5,65,25.88,12247085,72915,76.53,3436.06,0,1200,400,720,240,4200,7500,8500,102,1.5,6000,0,0,0,0,0,71.84,30,73.62,61.58,52.4,0,0
2026-09-01T23:52:10.320000+09:00,2026-09-01T14:52:10.320000+00:00,094623,2519.0,1,0,0,0,0,13450,497,13450,0,0,0,0,4651,-28608,10326,6,4480,0,129,0,0,0,0,2,0,0,0,0,31082107,2018,0.27,1179.54,3698.54,0,51.7,96.7,67.5,34.7,60.4,523.5,48.8,596.5,161.4,165.9,1053.7,365515,5623,12.64,88.2,1500,2.67,1.16,31.4,40.7,65,26.61,12247089,72915,71.51,3436.06,0,1200,400,720,240,4200,7500,8500,102,1.5,6000,0,0,0,0,0,70.02,30,65.43,59.73,52.4,0,0
2026-09-01T23:53:10.428000+09:00,2026-09-01T14:53:10.428000+00:00,094623,1505.5,1,0,0,0,0,13450,499,13450,0,0,0,0,4651,-28608,18518,6,4992,528,129,0,0,0,0,2,0,0,0,0,31082107,2018,0.33,554.52,2060,0,51.7,98.3,67.5,34.6,60.7,530.1,48.2,596,158.2,162.6,1035.1,365515,5623,12.44,90.3,1500,2.74,1.12,23.3,37.5,65,13.11,12247093,72915,70.11,3436.06,0,1200,400,720,240,4200,7500,8500,102,1.5,6000,0,0,0,0,0,60.6,30,60.56,56.21,52.3,0,0
2026-09-01T23:54:10.511000+09:00,2026-09-01T14:54:10.511000+00:00,094623,1254.0,1,0,0,0,0,13450,491,13450,0,0,0,0,4651,-28608,10326,6,4992,0,129,0,0,0,0,2,0,0,0,0,31082107,2018,0.31,509.35,1763.36,0,51.5,97,68.3,34.7,60.2,526.4,48.5,585.5,144.4,147.1,1038.1,365516,5624,12.64,93.2,1480,2.71,1.09,22,36.8,65,11.56,12247095,72915,61.3,3436.06,0,1200,400,720,240,4200,7500,8500,102,1.5,6000,0,0,0,0,0,61.91,30,55.31,66.17,52.3,0,0
2026-09-01T23:55:10.603000+09:00,2026-09-01T14:55:10.603000+00:00,094623,1965.7,1,0,0,0,0,13450,492,13450,0,0,0,0,4651,-28608,10326,6,4480,0,129,0,0,0,0,2,0,0,0,0,31082107,2018,0.18,887.78,2853.48,0,51.5,99.1,68.6,34.7,59.7,517.9,49.9,584.4,144.7,147.7,1033.5,365516,5624,12.8,89.4,1480,2.68,1.2,29.1,42.4,65,20.91,12247097,72915,70.3,3436.07,0,1200,400,720,240,4200,7500,8500,102,1.5,6000,0,0,0,0,0,69.97,30,67.65,64.31,52.3,0,0
2026-09-01T23:56:10.728000+09:00,2026-09-01T14:56:10.728000+00:00,094623,2257.8,1,0,0,0,0,13450,496,13450,0,0,0,0,4655,-26560,12374,6,4512,72,129,0,0,0,0,2,0,0,0,0,31082107,2018,0.28,998.87,3256.63,0,51.6,98.5,67.9,34.7,60,525.6,50.1,593.2,156.8,161.2,1040.7,365516,5624,12.63,87.6,1500,2.69,1.15,30.8,42.6,65,26.34,12247102,72915,72.35,3436.07,0,1200,400,720,240,4200,7500,8500,102,1.5,6000,0,0,0,0,0,71.32,30,70.63,59.11,52.3,0,0
2026-09-01T23:57:10.873000+09:00,2026-09-01T14:57:10.873000+00:00,094623,2313.9,1,0,0,0,0,13450,497,13450,0,0,0,0,4651,-28608,10326,6,4480,0,129,0,0,0,0,2,0,0,0,0,31082107,2018,0.31,1018.4,3332.32,0,51.6,97,67.4,34.6,60.4,528.7,50.4,597.4,157.1,161.5,1045,365516,5624,12.69,89,1500,2.69,1.16,30.8,42.4,65,26.4,12247106,72915,72.25,3436.07,0,1200,400,720,240,4200,7500,8500,102,1.5,6000,0,0,0,0,0,69.28,30,65.35,60.85,52.3,0,0
2026-09-01T23:58:10.983000+09:00,2026-09-01T14:58:10.983000+00:00,094623,2506.8,1,0,0,0,0,13450,495,13450,0,0,0,0,4655,-28608,18518,6,4480,0,129,0,0,0,0,0,0,0,0,0,31082107,2018,0.4,1008.64,3515.43,0,51.8,98.4,67.2,34.6,60.7,527.7,49.8,599.8,160.4,165,1047.1,365516,5624,12.74,91.3,1490,2.67,1.15,30.9,40.8,65,26.51,12247110,72915,75.13,3436.07,0,1200,400,720,240,4200,7500,8500,102,1.5,6000,0,0,0,0,0,67.54,30,68.82,68,52.3,0,0
2026-09-01T23:59:11.079000+09:00,2026-09-01T14:59:11.079000+00:00,094623,1634.9,1,0,0,0,0,13450,499,13450,0,0,0,0,4651,-28608,10326,6,4992,0,129,0,0,0,0,0,0,0,0,0,31082107,2018,0.3,610.67,2245.55,0,52,99,67.8,34.6,61,530,49.1,597.1,158,162.3,1031,365516,5624,12.75,90.1,1500,2.75,1.13,23.6,36.5,65,13.32,12247114,72915,78.13,3436.07,0,1200,400,720,240,4200,7500,8500,102,1.5,6000,0,0,0,0,0,60.1,30,63.98,57.38,52.3,0,0
2026-09-02T00:00:11.242000+09:00,2026-09-01T15:00:11.242000+00:00,094623,1250.3,1,0,0,0,0,13450,492,13450,0,0,0,0,4651,-28608,10390,6,21376,0,129,0,0,0,0,0,0,0,0,0,31082107,2018,0.3,559.4,1809.75,0,51.8,96.8,68.8,34.6,60.6,525.1,50,590.1,145.6,148.5,1020.6,365517,5625,12.64,91.8,1480,2.72,1.08,21.9,35.7,65,11.45,12247116,72915,59.23,3436.07,0,1200,400,720,240,4200,7500,8500,102,1.5,6000,0,0,0,0,0,62.66,30,55.39,62.21,52.3,0,0
2026-09-02T00:01:11.309000+09:00,2026-09-01T15:01:11.309000+00:00,094623,1890.0,1,0,0,0,0,13450,494,13450,0,0,0,0,4655,-28608,12374,6,4512,8,129,0,0,0,0,2,0,0,0,0,31082107,2018,0.25,843.84,2733.85,0,51.8,98.5,68.8,34.6,60.1,519,50.6,587.8,144.3,147.3,1017.3,365517,5625,12.67,90.1,1490,2.68,1.19,28.6,42.3,65,20.83,12247118,72915,69.02,3436.07,0,1200,400,720,240,4200,7500,8500,102,1.5,6000,0,0,0,0,0,70.15,30,66.03,66.48,52.3,0,0
2026-09-02T00:02:11.399000+09:00,2026-09-01T15:02:11.399000+00:00,094623,2030.7,1,0,0,0,0,13450,496,13450,0,0,0,0,4655,-28608,10342,6,12676,0,129,0,0,0,0,2,0,0,0,0,31082107,2018,0.29,827.97,2858.67,0,51.9,98.8,68.2,34.6,60.2,530.2,49.8,599.9,154.6,159,1026.3,365517,5625,12.59,87.8,1500,2.68,1.14,30,44.7,65,26.39,12247123,72915,76,3436.07,0,1200,400,720,240,4200,7500,8500,102,1.5,6000,0,0,0,0,0,72.21,30,71.87,60.51,52.3,0,0
2026-09-02T00:03:11.501000+09:00,2026-09-01T15:03:11.501000+00:00,094623,2365.2,1,0,0,0,0,13450,497,13450,0,0,0,0,4651,-28608,10326,518,4480,0,129,0,0,0,0,2,0,0,0,0,31082107,2018,0.3,1039.16,3404.34,0,51.8,96.7,67.6,34.6,60.4,527.3,49,598.9,158.6,163.1,1061.2,365517,5625,12.69,88.6,1500,2.67,1.15,30.9,41.8,65,25.63,12247127,72915,71.46,3436.08,0,1200,400,720,240,4200,7500,8500,102,1.5,6000,0,0,0,0,0,70.33,30,64.88,60.2,52.2,0,0
2026-09-02T00:04:11.604000+09:00,2026-09-01T15:04:11.604000+00:00,094623,2495.8,1,0,0,0,0,13450,496,13450,0,0,0,0,4651,-28608,10326,6,4480,0,129,0,0,0,0,0,0,0,0,0,31082107,2018,0.39,1157.57,3653.37,0,51.9,98.4,67.2,34.5,60.6,527.8,48.5,598.9,162.8,167.4,1023.3,365517,5625,12.9,90.6,1500,2.65,1.16,31.3,40.8,65,26.58,12247131,72915,73.07,3436.08,0,1200,400,720,240,4200,7500,8500,102,1.5,6000,0,0,0,0,0,68.2,30,69.3,65.52,52.2,0,0
2026-09-02T00:05:11.693000+09:00,2026-09-01T15:05:11.693000+00:00,094623,1715.4,1,0,0,0,0,13450,499,13450,0,0,0,0,4651,-28608,10326,6,4992,0,129,0,0,0,0,0,0,0,0,0,31082107,2018,0.28,646.08,2361.52,0,52.1,98.7,67.8,34.5,61,526.8,49.9,598.4,156.6,160.4,1050.5,365517,5625,12.5,90.8,1500,2.73,1.13,24,36,65,12.76,12247135,72915,81.73,3436.08,0,1200,400,720,240,4200,7500,8500,102,1.5,6000,0,0,0,0,0,60.27,30,63.1,59.58,52.2,0,0
2026-09-02T00:06:11.793000+09:00,2026-09-01T15:06:11.793000+00:00,094623,1362.7,1,0,0,0,0,13450,492,13450,0,0,0,0,4651,-28608,18518,6,4992,528,129,0,0,0,0,2,0,0,0,0,31082107,2018,0.29,553.3,1915.95,0,51.9,97.2,69,34.5,60.8,523.9,49.2,591.6,146.8,149.9,1048.3,365518,5626,12.8,90.8,1490,2.71,1.12,22.8,36.7,65,10.95,12247137,72915,61.08,3436.08,0,1200,400,720,240,4200,7500,8500,102,1.5,6000,0,0,0,0,0,63.9,30,56.74,59.9,52.2,0,0
2026-09-02T00:07:11.875000+09:00,2026-09-01T15:07:11.875000+00:00,094623,2024.6,1,0,0,0,0,13450,493,13450,0,0,0,0,4651,-28608,10326,6,4480,0,129,0,0,0,0,2,0,0,0,0,31082107,2018,0.21,845.06,2869.66,0,51.8,99,68.7,34.6,60.2,516.6,48.5,590.8,146.2,149.2,1009.5,365518,5626,12.74,90.4,1490,2.66,1.19,29.4,42.5,65,21.67,12247139,72915,67.36,3436.08,0,1200,400,720,240,4200,7500,8500,102,1.5,6000,0,0,0,0,0,71.14,30,69.06,67.49,52.2,0,0
2026-09-02T00:08:11.986000+09:00,2026-09-01T15:08:11.986000+00:00,094623,2189.4,1,0,0,0,0,13450,496,13450,0,0,0,0,4651,-28608,10326,6,4480,0,129,0,0,0,0,2,0,0,0,0,31082107,2018,0.25,908.54,3097.93,0,51.9,98,67.9,34.6,60.4,527.4,48.6,597.4,155.1,159.4,1026.5,365518,5626,12.53,89.1,1500,2.68,1.16,30.3,43.2,65,26.71,12247144,72915,77.24,3436.08,0,1200,400,720,240,4200,7500,8500,102,1.5,6000,0,0,0,0,0,71.77,30,69.86,65.58,52.2,0,0
2026-09-02T00:09:12.090000+09:00,2026-09-01T15:09:12.090000+00:00,094623,2521.4,1,0,0,0,0,13450,501,13450,0,0,0,0,4651,-28608,10326,6,4992,0,129,0,0,0,0,2,0,0,0,0,31082107,2018,0.29,1062.35,3583.79,0,52,97.2,67.4,34.6,60.6,521.2,48.1,602.6,161.8,166.5,1075.7,365518,5626,12.41,88.5,1510,2.71,1.14,29.7,38.2,65,24.38,12247148,72915,76.1,3436.08,0,1200,400,720,240,4200,7500,8500,102,1.5,6000,0,0,0,0,0,67.91,30,64.58,59.88,52.2,0,0
2026-09-02T00:10:12.175000+09:00,2026-09-01T15:10:12.175000+00:00,094623,1415.1,1,0,0,0,0,13450,495,13450,0,0,0,0,4651,-28608,10326,6,4992,0,129,0,0,0,0,2,0,0,0,0,31082107,2018,0.34,532.55,1947.69,0,51.8,97.7,67.9,34.5,60.7,524.7,47.8,593.2,150,153.4,1079,365518,5626,12.09,90.1,1490,2.72,1.13,23.1,37.4,65,11.2,12247151,72915,58.89,3436.08,0,1200,400,720,240,4200,7500,8500,102,1.5,6000,0,0,0,0,0,61.25,30,58.35,55.79,52.1,0,0
2026-09-02T00:11:12.285000+09:00,2026-09-01T15:11:12.285000+00:00,094623,1376.1,1,0,0,0,0,13450,493,13450,0,0,0,0,4651,-28608,18518,6,4992,528,129,0,0,0,0,2,0,0,0,0,31082107,2018,0.23,530.11,1906.19,0,51.6,97.5,68.4,34.5,60.3,521.5,49.2,590.7,145.5,148.7,1050.7,365518,5626,12.77,93.4,1490,2.73,1.12,23.1,36.9,65,11.05,12247153,72915,63.49,3436.08,0,1200,400,720,240,4200,7500,8500,102,1.5,6000,0,0,0,0,0,63.09,30,56.49,69.16,52.2,0,0
2026-09-02T00:12:12.391000+09:00,2026-09-01T15:12:12.391000+00:00,094623,2162.6,1,0,0,0,0,13450,496,13450,0,0,0,0,4651,-28608,10326,6,4480,0,129,0,0,0,0,2,0,0,0,0,31082107,2018,0.24,921.96,3084.51,0,51.7,99.1,68.5,34.5,60.1,520.9,48.5,595.6,154.1,158.4,1018.4,365519,5627,12.91,87.9,1500,2.69,1.15,30.5,43.3,65,26.5,12247156,72915,77.7,3436.09,0,1200,400,720,240,4200,7500,8500,102,1.5,6000,0,0,0,0,0,73.54,30,72.28,62.06,52.1,0,0
2026-09-02T00:13:12.489000+09:00,2026-09-01T15:13:12.489000+00:00,094623,2479.9,1,0,0,0,0,13450,496,13450,0,0,0,0,4651,-28608,10326,6,4480,0,129,0,0,0,0,2,0,0,0,0,31082107,2018,0.27,1047.7,3527.63,0,51.7,96.8,67.7,34.5,60.4,522.1,48,601.2,160,164.9,1051.1,365519,5627,12.63,88.5,1490,2.67,1.16,31.5,41.5,65,26.71,12247160,72915,70.58,3436.09,0,1200,400,720,240,4200,7500,8500,102,1.5,6000,0,0,0,0,0,71.36,30,64.97,60.62,52.1,0,0
2026-09-02T00:14:12.592000+09:00,2026-09-01T15:14:12.592000+00:00,094623,2067.3,1,0,0,0,0,13450,455,13450,0,0,0,0,4651,-28608,12374,6,5024,72,129,0,0,0,0,2,0,0,0,0,31082107,2018,0.34,831.63,2898.95,0,51.8,98.5,67.5,34.5,60.7,522.7,47.8,597.6,156,161,1044.8,365519,5627,12.75,90.6,1480,2.54,1.24,27.7,37.6,65,11.94,12247164,72915,69.03,3436.09,0,1200,400,720,240,4200,7500,8500,102,1.5,6000,0,0,0,0,0,60.18,30,59.98,56.13,52.1,0,0
2026-09-02T00:15:12.695000+09:00,2026-09-01T15:15:12.695000+00:00,094623,1936.4,1,0,0,0,0,13450,453,13450,0,0,0,0,4655,-28608,10326,6,4992,0,129,0,0,0,0,2,0,0,0,0,31082107,2018,0.3,760.83,2697.23,0,51.5,97.2,68.3,34.5,60.4,519.5,55.6,593,149,152.7,1047.6,365519,5627,12.94,93.3,1430,2.48,1.29,27.7,38.1,65,10.69,12247166,72915,61.43,3436.09,0,1200,400,720,240,4200,7500,8500,102,1.5,6000,0,0,0,0,0,62.26,30,55.21,66.25,52.1,0,0
2026-09-02T00:16:12.795000+09:00,2026-09-01T15:16:12.795000+00:00,094623,2111.3,1,0,0,0,0,13450,495,13450,0,0,0,0,4651,-28608,18518,518,4480,528,129,0,0,0,0,2,0,0,0,0,31082107,2018,0.28,908.54,3019.81,0,51.5,99.6,68.6,34.5,60.2,514.9,62.9,594.2,149.1,152.5,1019.4,365519,5627,12.3,89,1490,2.69,1.19,30.2,43.4,65,23.53,12247168,72915,69.27,3436.09,0,1200,400,720,240,4200,7500,8500,102,1.5,6000,0,0,0,0,0,72.57,30,71.42,63.97,52.1,0,0
2026-09-02T00:17:12.879000+09:00,2026-09-01T15:17:12.879000+00:00,094623,2349.3,1,0,0,0,0,13450,496,13450,0,0,0,0,4655,-28608,10390,518,20864,0,129,0,0,0,0,2,0,0,0,0,31082107,2018,0.3,932.95,3282.27,0,51.7,97.8,67.6,34.5,60.3,523.4,54.6,599.4,159.2,163.8,1052.7,365519,5627,12.64,87.9,1500,2.69,1.15,31,42.6,65,25.85,12247173,72915,74.22,3436.09,0,1200,400,720,240,4200,7500,8500,102,1.5,6000,0,0,0,0,0,71.1,30,68.51,59.32,52.1,0,0
2026-09-02T00:18:12.975000+09:00,2026-09-01T15:18:12.975000+00:00,094623,2552.0,1,0,0,0,0,13450,502,13450,0,0,0,0,4655,-26560,10326,582,4992,0,129,0,0,0,0,2,0,0,0,0,31082107,2018,0.31,1158.79,3710.75,0,51.7,97.4,67.1,34.4,60.7,521.3,51.4,604.8,164.8,169.9,1080.4,365520,5628,12.75,89.2,1510,2.72,1.15,30.9,39.8,65,26.26,12247177,72915,72.6,3436.09,0,1200,400,720,240,4200,7500,8500,102,1.5,6000,0,0,0,0,0,67.84,30,65.62,60.23,52,0,0
2026-09-02T00:19:13.059000+09:00,2026-09-01T15:19:13.059000+00:00,094623,1406.6,1,0,0,0,0,13450,510,13450,0,0,0,0,4655,-28608,12438,6,21408,72,129,0,0,0,0,2,0,0,0,0,31082107,2018,0.36,575.27,1981.87,0,51.7,98,67.9,34.4,60.7,522.3,50.2,596.2,153,156.7,1051.5,365520,5628,12.68,91.1,1520,2.82,1.04,21.9,33.6,65,14.12,12247180,72915,62.95,3436.09,0,1200,400,720,240,4200,7500,8500,102,1.5,6000,0,0,0,0,0,60.8,30,58.96,57.78,52,0,0
2026-09-02T00:20:13.156000+09:00,2026-09-01T15:20:13.156000+00:00,094623,1385.8,1,0,0,0,0,13450,517,13450,0,0,0,0,4655,-26560,10326,6,4992,0,129,0,0,0,0,2,0,0,0,0,31082107,2018,0.21,600.91,1986.75,0,51.5,97.6,68.7,34.4,60.3,518.4,50,591.2,147.1,150.3,1029.9,365520,5628,12.57,92.7,1550,2.87,1.03,22.1,34,65,15.44,12247182,72915,69.92,3436.09,0,1200,400,720,240,4200,7500,8500,102,1.5,6000,0,0,0,0,0,63.82,30,57.14,66.91,52,0,0
2026-09-02T00:21:13.238000+09:00,2026-09-01T15:21:13.238000+00:00,094623,2356.6,1,0,0,0,0,13450,495,13450,0,0,0,0,4655,-28608,18534,6,12676,528,129,0,0,0,0,2,0,0,0,0,31082107,2018,0.26,1083.1,3439.74,0,51.5,98.9,68.4,34.4,60.1,517,51,598.3,156.3,160.6,1045.3,365520,5628,12.74,89.1,1490,2.7,1.15,31,40.9,65,26.02,12247185,72915,70.22,3436.1,0,1200,400,720,240,4200,7500,8500,102,1.5,6000,0,0,0,0,0,72.82,30,71.37,64.7,52,0,0
2026-09-02T00:22:13.340000+09:00,2026-09-01T15:22:13.340000+00:00,094623,2451.9,1,0,0,0,0,13450,496,13450,0,0,0,0,4655,-28608,10326,6,4480,0,129,0,0,0,0,2,0,0,0,0,31082107,2018,0.28,1026.95,3478.8,0,51.7,97,67.6,34.4,60.4,522.8,49.6,603.8,164,169,1036.1,365520,5628,12.56,89.4,1500,2.69,1.15,31.2,41.5,65,26.61,12247189,72915,74.3,3436.1,0,1200,400,720,240,4200,7500,8500,102,1.5,6000,0,0,0,0,0,70.48,30,65.54,64.63,52,0,0
2026-09-02T00:23:13.430000+09:00,2026-09-01T15:23:13.430000+00:00,094623,2482.4,1,0,0,0,0,13450,495,13450,0,0,0,0,4651,-28608,10326,6,4480,0,129,0,0,0,0,2,0,0,0,0,31082107,2018,0.36,1194.19,3676.56,0,51.7,98.6,67.2,34.4,60.8,525.9,49.1,603.3,165.6,170.5,1064.2,365520,5628,12.35,89.8,1500,2.68,1.17,31.5,41.2,65,26.58,12247194,72915,75.15,3436.1,0,1200,400,720,240,4200,7500,8500,102,1.5,6000,0,0,0,0,0,68.35,30,69.68,65.24,52,0,0
2026-09-02T00:24:13.527000+09:00,2026-09-01T15:24:13.527000+00:00,094623,1645.9,1,0,0,0,0,13450,501,13450,0,0,0,0,4655,-26560,12374,6,5024,72,129,0,0,0,0,2,0,0,0,0,31082107,2018,0.33,588.7,2234.56,0,51.8,98.4,67.6,34.3,61,526.1,56.5,603.6,162.4,167,1062,365521,5629,12.67,90.3,1500,2.77,1.13,23.5,35.9,65,11.67,12247197,72915,75.55,3436.1,0,1200,400,720,240,4200,7500,8500,102,1.5,6000,0,0,0,0,0,59.65,30,62.05,58.43,52,0,0
2026-09-02T00:25:13.639000+09:00,2026-09-01T15:25:13.639000+00:00,094623,1301.6,1,0,0,0,0,13451,496,13451,0,0,0,0,4651,-28608,10326,590,4992,8192,129,0,0,0,0,2,0,0,0,0,31082107,2018,0.27,497.15,1798.76,0,51.6,96.9,68.9,34.4,60.6,526.2,54.2,593.7,148.4,151.7,1048.7,365521,5629,12.86,92.6,1500,2.76,1.13,22.7,38.2,65,11.05,12247199,72915,61.7,3436.1,0,1200,400,720,240,4200,7500,8500,102,1.5,6000,0,0,0,0,0,63.31,30,55.5,66.38,52,0,0
2026-09-02T00:26:13.741000+09:00,2026-09-01T15:26:13.741000+00:00,094623,1977.9,1,0,0,0,0,13451,494,13451,0,0,0,0,4651,-28608,18518,6,4480,16,129,0,0,0,0,2,0,0,0,0,31082107,2018,0.27,847.5,2825.4,0,51.6,99,68.7,34.4,60,518.4,51.6,592.9,147.4,150.5,1027.7,365521,5629,12.5,89.1,1490,2.69,1.2,29.7,43.9,65,22.55,12247202,72915,67.48,3436.1,0,1200,400,720,240,4200,7500,8500,102,1.5,6000,0,0,0,0,0,71.31,30,69.1,64.48,52,0,0
2026-09-02T00:27:13.846000+09:00,2026-09-01T15:27:13.846000+00:00,094623,2265.1,1,0,0,0,0,13451,496,13451,0,0,0,0,4655,-28608,10326,6,4480,0,129,0,0,0,0,2,0,0,0,0,31082107,2018,0.32,952.48,3217.57,0,51.7,98.6,67.9,34.4,60.3,524.3,52.8,606.1,161,165.7,1069.2,365521,5629,12.59,88.1,1500,2.7,1.13,30.4,41.9,65,26.67,12247206,72915,73.56,3436.1,0,1200,400,720,240,4200,7500,8500,102,1.5,6000,0,0,0,0,0,71.42,30,71.19,61.3,52,0,0
2026-09-02T00:28:13.961000+09:00,2026-09-01T15:28:13.961000+00:00,094623,2324.9,1,0,0,0,0,13451,497,13451,0,0,0,0,4651,-28608,10326,6,4480,0,129,0,0,0,0,2,0,0,0,0,31082107,2018,0.33,1050.14,3375.04,0,51.7,98.1,67.6,34.4,60.5,527.7,50.8,610.5,162.7,167.4,1049.4,365521,5629,12.74,88.9,1500,2.69,1.15,30.8,42.2,65,26.67,12247210,72915,73.71,3436.1,0,1200,400,720,240,4200,7500,8500,102,1.5,6000,0,0,0,0,0,70.24,30,70.33,61.14,52,0,0
2026-09-02T00:29:14.071000+09:00,2026-09-01T15:29:14.071000+00:00,094623,2548.3,1,0,0,0,0,13451,496,13451,0,0,0,0,4651,-28608,12374,590,4512,8264,129,0,0,0,0,2,0,0,0,0,31082107,2018,0.37,1119.72,3668.02,0,51.7,97.9,67.3,34.3,60.7,527.4,51.2,611.9,166.4,170.9,1081.2,365521,5629,12.87,91.1,1500,2.67,1.16,31.5,40.8,65,26.08,12247215,72915,73.18,3436.11,0,1200,400,720,240,4200,7500,8500,102,1.5,6000,0,0,0,0,0,68.55,30,69.79,67.46,51.9,0,0
2026-09-02T00:30:14.164000+09:00,2026-09-01T15:30:14.164000+00:00,094623,1644.7,1,0,0,0,0,13451,521,13451,0,0,0,0,4651,-28608,10326,6,4992,0,129,0,0,0,0,2,0,0,0,0,31082107,2018,0.29,705.89,2350.54,0,51.9,97.7,67.9,34.3,60.9,525.2,48.6,604,157.8,161.8,1030.1,365522,5630,12.81,90.5,1570,2.86,1.05,23.6,34.6,65,17.6,12247218,72915,76.92,3436.11,0,1200,400,720,240,4200,7500,8500,102,1.5,6000,0,0,0,0,0,62.66,30,62.16,60.56,51.9,0,0
2026-09-02T00:31:14.242000+09:00,2026-09-01T15:31:14.242000+00:00,094623,1514.0,1,0,0,0,0,13451,520,13451,0,0,0,0,4651,-28608,10326,6,4992,0,129,0,0,0,0,2,0,0,0,0,31082107,2018,0.28,672.93,2186.96,0,51.7,97.5,68.7,34.4,60.5,523.2,48.9,595.5,146.9,149.8,1024.4,365522,5630,12.74,91.4,1570,2.88,1.07,23.6,36,65,16.44,12247220,72915,62.43,3436.11,0,1200,400,720,240,4200,7500,8500,102,1.5,6000,0,0,0,0,0,65.32,30,60.08,64.21,51.9,0,0
2026-09-02T00:32:14.375000+09:00,2026-09-01T15:32:14.375000+00:00,094623,2197.9,1,0,0,0,0,13451,495,13451,0,0,0,0,4651,-28608,10326,518,4480,0,129,0,0,0,0,2,0,0,0,0,31082107,2018,0.22,993.99,3191.93,0,51.6,98.6,68.5,34.4,60,518.2,50,597.6,149.3,152.5,1058.4,365522,5630,12.87,90.2,1490,2.68,1.18,30.6,42.4,65,24.53,12247223,72915,67.72,3436.11,0,1200,400,720,240,4200,7500,8500,102,1.5,6000,0,0,0,0,0,71.82,30,69.13,68.75,51.9,0,0
2026-09-02T00:33:14.468000+09:00,2026-09-01T15:33:14.468000+00:00,094623,2378.6,1,0,0,0,0,13451,497,13451,0,0,0,0,4651,-28608,10326,6,4480,0,129,0,0,0,0,2,0,0,0,0,31082107,2018,0.29,1150.24,3528.85,0,51.8,98.5,68,34.4,60.4,524.3,48.4,607,161.4,165.8,1048.3,365522,5630,12.84,88.2,1500,2.69,1.15,31,41.1,65,26.65,12247227,72915,77.45,3436.11,0,1200,400,720,240,4200,7500,8500,102,1.5,6000,0,0,0,0,0,71.74,30,71.46,62.41,51.9,0,0
2026-09-02T00:34:14.559000+09:00,2026-09-01T15:34:14.559000+00:00,094623,2288.3,1,0,0,0,0,13451,502,13451,0,0,0,0,4651,-28608,12374,518,5024,8,129,0,0,0,0,2,0,0,0,0,31082107,2018,0.28,965.91,3254.19,0,51.8,96.9,67.9,34.3,60.7,525.8,48.9,611,163.8,168.5,1048.5,365522,5630,12.79,88.5,1510,2.74,1.1,28,37.3,65,21.95,12247232,72915,72.62,3436.11,0,1200,400,720,240,4200,7500,8500,102,1.5,6000,0,0,0,0,0,68.57,30,63.28,57.8,51.9,0,0
2026-09-02T00:35:14.657000+09:00,2026-09-01T15:35:14.657000+00:00,094623,1173.1,1,0,0,0,0,13451,498,13451,0,0,0,0,4655,-28608,10326,582,4992,0,129,0,0,0,0,2,0,0,0,0,31082107,2018,0.36,218.82,1391.95,0,51.6,97.7,68,34.3,60.6,528.2,47.8,599.2,148.8,152,1018.5,365522,5630,12.57,91.3,1480,2.74,0.91,22.8,38.7,65,11.37,12247234,72915,59.34,3436.11,0,1200,400,720,240,4200,7500,8500,102,1.5,6000,0,0,0,0,0,62.2,30,58.45,59.15,51.8,0,0
2026-09-02T00:36:14.757000+09:00,2026-09-01T15:36:14.757000+00:00,094623,1305.3,1,0,0,0,0,13451,498,13451,0,0,0,0,4651,-28608,10390,6,20864,0,129,0,0,0,0,2,0,0,0,0,31082107,2018,0.22,480.06,1785.33,0,51.5,97.5,68.2,34.3,60,525.1,48.1,596.2,143.4,146.3,1015.4,365523,5631,12.85,92.2,1500,2.76,1.13,22.8,38.4,65,11.35,12247236,72915,70.95,3436.11,0,1200,400,720,240,4200,7500,8500,102,1.5,6000,0,0,0,0,0,63.04,30,56.78,66.42,51.9,0,0
2026-09-02T00:37:14.846000+09:00,2026-09-01T15:37:14.846000+00:00,094623,2356.6,1,0,0,0,0,13451,495,13451,0,0,0,0,4651,-28608,10326,518,4480,0,129,0,0,0,0,2,0,0,0,0,31082107,2018,0.29,1067.23,3423.87,0,51.5,99.2,68,34.4,59.8,520,48.6,605.2,154.5,158.7,1048.2,365523,5631,12.61,87.6,1500,2.69,1.16,31.3,41.8,65,26.19,12247239,72915,73.23,3436.12,0,1200,400,720,240,4200,7500,8500,102,1.5,6000,0,0,0,0,0,72,30,72.17,60.68,51.8,0,0
2026-09-02T00:38:14.948000+09:00,2026-09-01T15:38:14.948000+00:00,094623,2335.9,1,0,0,0,0,13451,494,13451,0,0,0,0,4655,-28608,10390,6,20864,0,129,0,0,0,0,2,0,0,0,0,31082107,2018,0.27,1025.73,3361.61,0,51.5,97.1,67.6,34.3,60.2,527.6,49.6,609.7,160.9,165.8,1035.5,365523,5631,12.7,88.2,1490,2.66,1.16,31,42.3,65,26.52,12247244,72915,70.39,3436.12,0,1200,400,720,240,4200,7500,8500,102,1.5,6000,0,0,0,0,0,70.52,30,66.38,58.96,51.9,0,0
2026-09-02T00:39:15.052000+09:00,2026-09-01T15:39:15.052000+00:00,094623,2532.4,1,0,0,0,0,13451,497,13451,0,0,0,0,4651,-28608,18518,6,4480,528,129,0,0,0,0,2,0,0,0,0,31082107,2018,0.36,1125.83,3658.25,0,51.6,97.8,67.2,34.3,60.5,526.2,48.1,613.7,166.1,171.1,1109.1,365523,5631,12.76,91.2,1500,2.69,1.15,31.3,40.5,65,26.44,12247248,72915,72.02,3436.12,0,1200,400,720,240,4200,7500,8500,102,1.5,6000,0,0,0,0,0,68.52,30,67.28,67.42,51.8,0,0
2026-09-02T00:40:15.176000+09:00,2026-09-01T15:40:15.176000+00:00,094623,1362.7,1,0,0,0,0,13451,512,13451,0,0,0,0,4651,-28608,10342,6,13188,0,129,0,0,0,0,2,0,0,0,0,31082107,2018,0.29,553.3,1915.95,0,51.8,98.4,67.9,34.3,60.8,526.7,47.5,602.2,156.5,160.3,1040.8,365523,5631,12.53,90.6,1520,2.83,1.03,21.4,33.8,65,13.42,12247251,72915,78.86,3436.12,0,1200,400,720,240,4200,7500,8500,102,1.5,6000,0,0,0,0,0,60.57,30,61.07,58.37,51.8,0,0
2026-09-02T00:41:15.271000+09:00,2026-09-01T15:41:15.271000+00:00,094623,1276.0,1,0,0,0,0,13451,510,13451,0,0,0,0,4655,-28608,10326,6,4992,0,129,0,0,0,0,2,0,0,0,0,31082107,2018,0.29,591.14,1867.12,0,51.5,97.7,68.6,34.3,60.3,522.7,48.5,595,146,149.1,1049.4,365523,5631,12.87,91.4,1520,2.82,1.05,21.7,34.4,65,12.44,12247253,72915,59.14,3436.12,0,1200,400,720,240,4200,7500,8500,102,1.5,6000,0,0,0,0,0,63.11,30,57.75,62.15,51.8,0,0
2026-09-02T00:42:15.373000+09:00,2026-09-01T15:42:15.373000+00:00,094623,2190.6,1,0,0,0,0,13451,496,13451,0,0,0,0,4655,-28608,8278,6,4480,8,129,0,0,0,0,2,0,0,0,0,31082107,2018,0.22,1026.95,3217.57,0,51.5,99.1,68.6,34.3,59.9,517.2,48.4,604.8,151.2,154.9,1060.4,365524,5632,12.69,90.1,1490,2.68,1.16,30.3,41.5,65,25.13,12247256,72915,70.88,3436.12,0,1200,400,720,240,4200,7500,8500,102,1.5,6000,0,0,0,0,0,72.32,30,70.95,68.91,51.8,0,0
2026-09-02T00:43:15.472000+09:00,2026-09-01T15:43:15.472000+00:00,094623,2168.7,1,0,0,0,0,13451,496,13451,0,0,0,0,4651,-28608,10326,6,4480,0,129,0,0,0,0,2,0,0,0,0,31082107,2018,0.26,923.18,3091.83,0,51.8,97.6,68.1,34.3,60.2,527.8,48.9,607.4,159.8,164.3,1038,365524,5632,12.77,87.7,1500,2.71,1.14,30.3,43,65,26.64,12247261,72915,76.78,3436.12,0,1200,400,720,240,4200,7500,8500,102,1.5,6000,0,0,0,0,0,72.03,30,68.34,60.69,51.8,0,0
2026-09-02T00:44:15.558000+09:00,2026-09-01T15:44:15.558000+00:00,094623,2298.0,1,0,0,0,0,13451,496,13451,0,0,0,0,4655,-28608,18518,6,4480,528,129,0,0,0,0,2,0,0,0,0,31082107,2018,0.33,1008.64,3306.68,0,51.7,97.3,67.7,34.3,60.5,529.1,49.9,606.5,162,166.5,1051.4,365524,5632,12.7,88.8,1500,2.69,1.16,30.6,42.3,65,26.64,12247265,72915,71.54,3436.12,0,1200,400,720,240,4200,7500,8500,102,1.5,6000,0,0,0,0,0,70.7,30,65.99,61.14,51.7,0,0
2026-09-02T00:45:15.645000+09:00,2026-09-01T15:45:15.645000+00:00,094623,2396.9,1,0,0,0,0,13451,497,13451,0,0,0,0,4651,-28608,10326,6,4480,0,129,0,0,0,0,2,0,0,0,0,31082107,2018,0.39,1055.02,3451.95,0,51.8,99.1,67.3,34.2,60.6,529.2,48.3,608,164.5,169.1,1084.1,365524,5632,12.65,91.1,1500,2.68,1.16,31,41.7,65,26.66,12247269,72915,72.7,3436.13,0,1200,400,720,240,4200,7500,8500,102,1.5,6000,0,0,0,0,0,68.73,30,71.9,67.89,51.7,0,0
2026-09-02T00:46:15.742000+09:00,2026-09-01T15:46:15.742000+00:00,094623,2290.7,1,0,0,0,0,13451,497,13451,0,0,0,0,4651,-28608,10326,6,4480,0,129,0,0,0,0,2,0,0,0,0,31082107,2018,0.32,990.33,3281.04,0,52,98.1,67.5,34.2,60.9,532.8,47.4,608.2,165.5,170.1,1062.6,365524,5632,12.73,90.3,1500,2.68,1.15,30.4,42.3,65,26.7,12247274,72915,81.81,3436.13,0,1200,400,720,240,4200,7500,8500,102,1.5,6000,0,0,0,0,0,68.39,30,70.01,67.01,51.7,0,0
2026-09-02T00:47:15.826000+09:00,2026-09-01T15:47:15.826000+00:00,094623,2523.9,1,0,0,0,0,13451,497,13451,0,0,0,0,4655,-28608,12374,6,4512,72,129,0,0,0,0,2,0,0,0,0,31082107,2018,0.3,1136.81,3660.69,0,52.2,97.6,67.7,34.3,61.1,529.5,46.7,607.4,166.7,171.3,1050.2,365524,5632,12.3,89.3,1500,2.69,1.16,31.2,40.8,65,26.54,12247278,72915,79.4,3436.13,0,1200,400,720,240,4200,7500,8500,102,1.5,6000,0,0,0,0,0,68.45,30,68.17,63.68,51.7,0,0
2026-09-02T00:48:15.915000+09:00,2026-09-01T15:48:15.915000+00:00,094623,1402.9,1,0,0,0,0,13451,496,13451,0,0,0,0,4651,-28608,10326,6,4992,0,129,0,0,0,0,2,0,0,0,0,31082107,2018,0.34,390.94,1793.88,0,52.3,98,68.1,34.2,61.3,531.8,46.5,601.8,160,164.3,1057.6,365525,5633,12.63,89.1,1480,2.73,1.27,23.4,38.5,65,12.44,12247282,72915,71,3436.13,0,1200,400,720,240,4200,7500,8500,102,1.5,6000,0,0,0,0,0,60.55,30,60.11,53,51.7,0,0
2026-09-02T00:49:16.061000+09:00,2026-09-01T15:49:16.061000+00:00,094623,1169.5,1,0,0,0,0,13451,497,13451,0,0,0,0,4655,-28608,18518,6,4992,528,129,0,0,0,0,2,0,0,0,0,31082107,2018,0.35,110.17,1279.64,0,51.8,96.8,68.9,34.3,60.7,529.1,52.4,594.3,147.8,150.9,1124.3,365525,5633,12.62,93.7,1480,2.73,0.95,23.2,38.9,65,11.26,12247284,72915,58.15,3436.13,0,1200,400,720,240,4200,7500,8500,102,1.5,6000,0,0,0,0,0,63.25,30,55,67.46,51.7,0,0
2026-09-02T00:50:16.109000+09:00,2026-09-01T15:50:16.109000+00:00,094623,2046.6,1,0,0,0,0,13451,495,13451,0,0,0,0,4651,-28608,10326,6,4480,0,129,0,0,0,0,2,0,0,0,0,31082107,2018,0.21,939.05,2985.63,0,51.9,100,69,34.3,60.2,519.6,50.1,596.3,149.2,152.5,1050.1,365525,5633,12.81,89.4,1490,2.68,1.19,29.7,42.6,65,23.24,12247286,72915,76.31,3436.13,0,1200,400,720,240,4200,7500,8500,102,1.5,6000,0,0,0,0,0,72.7,30,72.57,66.17,51.7,0,0
2026-09-02T00:51:16.198000+09:00,2026-09-01T15:51:16.198000+00:00,094623,2407.9,1,0,0,0,0,13451,496,13451,0,0,0,0,4651,-28608,10326,518,4480,0,129,0,0,0,0,2,0,0,0,0,31082107,2018,0.24,1124.61,3532.52,0,51.9,97.4,68,34.2,60.4,524.5,50,606.6,161.1,165.5,1056.1,365525,5633,12.79,87.4,1500,2.68,1.16,31.3,41.2,65,26.47,12247290,72915,74.58,3436.13,0,1200,400,720,240,4200,7500,8500,102,1.5,6000,0,0,0,0,0,72.25,30,67.95,58.78,51.6,0,0
2026-09-02T00:52:16.289000+09:00,2026-09-01T15:52:16.289000+00:00,094623,2495.8,1,0,0,0,0,13451,496,13451,0,0,0,0,4655,-28608,12374,6,4512,72,129,0,0,0,0,2,0,0,0,0,31082107,2018,0.31,1168.55,3664.36,0,51.8,97.6,67.2,34.2,60.8,525.2,48.3,606,166.4,171,1054.8,365525,5633,12.29,89.2,1500,2.67,1.15,31.2,40.2,65,26.35,12247295,72915,70.48,3436.13,0,1200,400,720,240,4200,7500,8500,102,1.5,6000,0,0,0,0,0,69.11,30,67.1,61.51,51.7,0,0
2026-09-02T00:53:16.395000+09:00,2026-09-01T15:53:16.395000+00:00,094623,2473.8,1,0,0,0,0,13451,496,13451,0,0,0,0,4655,-28608,10326,6,4480,0,129,0,0,0,0,0,0,0,0,0,31082107,2018,0.37,1178.32,3652.15,0,51.9,98.7,67.1,34.2,61.1,528.1,49.8,605.4,167.1,171.5,1085.9,365525,5633,12.74,91.5,1490,2.67,1.17,31.3,40.9,65,26.69,12247299,72915,78.3,3436.14,0,1200,400,720,240,4200,7500,8500,102,1.5,6000,0,0,0,0,0,67.33,30,70.91,69.23,51.6,0,0
2026-09-02T00:54:16.494000+09:00,2026-09-01T15:54:16.494000+00:00,094623,2537.3,1,0,0,0,0,13451,495,13451,0,0,0,0,4655,-28608,18518,6,4480,528,129,0,0,0,0,0,0,0,0,0,31082107,2018,0.34,1162.45,3699.76,0,52,98.5,67.7,34.1,61.4,529,48.2,605.1,167.8,172.2,1084.3,365526,5634,12.85,89.7,1500,2.67,1.17,31.5,40.9,65,26.43,12247304,72915,80.91,3436.14,0,1200,400,720,240,4200,7500,8500,102,1.5,6000,0,0,0,0,0,68.17,30,71.64,64.85,51.7,0,0
2026-09-02T00:55:16.611000+09:00,2026-09-01T15:55:16.611000+00:00,094623,1661.7,1,0,0,0,0,13451,523,13451,0,0,0,0,4655,-26560,10390,6,21376,0,129,0,0,0,0,0,0,0,0,0,31082107,2018,0.32,693.69,2355.42,0,52,97.4,68.3,34.1,61.4,528.8,49.7,598.2,157.9,162,1029.1,365526,5634,12.84,89.6,1570,2.85,1.06,24.2,35.8,65,12.71,12247307,72915,70.1,3436.14,0,1200,400,720,240,4200,7500,8500,102,1.5,6000,0,0,0,0,0,63.93,30,62.41,57.32,51.6,0,0
2026-09-02T00:56:16.706000+09:00,2026-09-01T15:56:16.706000+00:00,094623,1556.8,1,0,0,0,0,13451,522,13451,0,0,0,0,4651,-28608,10326,6,4992,0,129,0,0,0,0,0,0,0,0,0,31082107,2018,0.34,736.41,2293.16,0,51.7,96.6,68.8,34.2,60.7,527.9,51.8,591.6,145.5,148.1,1019.4,365526,5634,12.52,93.2,1570,2.85,1.12,25.1,38.5,65,10.54,12247309,72915,59.85,3436.14,0,1200,400,720,240,4200,7500,8500,102,1.5,6000,0,0,0,0,0,66.4,30,58.2,69.64,51.6,0,0
2026-09-02T00:57:16.804000+09:00,2026-09-01T15:57:16.804000+00:00,094623,2062.4,1,0,0,0,0,13451,495,13451,0,0,0,0,4651,-28608,12390,6,4512,72,129,0,0,0,0,2,0,0,0,0,31082107,2018,0.21,943.94,3006.38,0,51.7,99.9,68.9,34.2,60.1,520.7,48.5,592.7,148.4,151.3,1021.8,365526,5634,12.24,88.8,1490,2.67,1.17,30,43.2,65,24.1,12247312,72915,75.7,3436.14,0,1200,400,720,240,4200,7500,8500,102,1.5,6000,0,0,0,0,0,72.82,30,73.17,64.26,51.6,0,0
2026-09-02T00:58:16.898000+09:00,2026-09-01T15:58:16.898000+00:00,094623,2152.8,1,0,0,0,0,13451,496,13451,0,0,0,0,4655,-28608,10326,6,4480,0,129,0,0,0,0,2,0,0,0,0,31082107,2018,0.22,1070.89,3223.67,0,51.7,97,67.9,34.1,60.3,530,48.2,598.2,158.3,162.2,1082,365526,5634,12.88,87.9,1500,2.67,1.16,30.3,42.7,65,26.65,12247316,72915,75.72,3436.14,0,1200,400,720,240,4200,7500,8500,102,1.5,6000,0,0,0,0,0,71.49,30,66.61,59.8,51.6,0,0
2026-09-02T00:59:17.007000+09:00,2026-09-01T15:59:17.007000+00:00,094623,2523.9,1,0,0,0,0,13451,497,13451,0,0,0,0,4655,-28608,18518,6,13188,0,129,0,0,0,0,2,0,0,0,0,31082107,2018,0.34,1161.23,3685.11,0,51.6,98,67.1,34.1,60.6,526.4,47.5,601.9,166,170.4,1067.4,365526,5634,12.85,89.3,1500,2.65,1.15,31.2,40.1,65,26.61,12247320,72915,70.87,3436.14,0,1200,400,720,240,4200,7500,8500,102,1.5,6000,0,0,0,0,0,68.39,30,68.05,62.09,51.6,0,0
2026-09-02T01:00:17.103000+09:00,2026-09-01T16:00:17.103000+00:00,094623,1644.6,1,0,0,0,0,13451,522,13451,0,0,0,0,4651,-28608,10326,6,4992,0,129,0,0,0,0,2,0,0,0,0,31082107,2018,0.34,782.8,2427.44,0,51.5,97.6,67.8,34.1,60.7,526.3,47.3,593.6,153.2,156.5,1091.9,365527,5635,12.29,91,1570,2.83,1.1,25,36.6,65,14,12247323,72915,66.47,3436.14,0,1200,400,720,240,4200,7500,8500,102,1.5,6000,0,0,0,0,0,63.19,30,61.71,61.14,51.5,0,0
2026-09-02T01:01:17.205000+09:00,2026-09-01T16:01:17.205000+00:00,094623,1714.2,1,0,0,0,0,13451,522,13451,0,0,0,0,4651,-28608,10326,6,4992,0,129,0,0,0,0,2,0,0,0,0,31082107,2018,0.24,829.19,2543.41,0,51.3,97.1,68.7,34.2,60.2,523.9,50.5,590.5,145.4,148.3,1045.6,365527,5635,12.71,92.6,1580,2.83,1.12,26.2,38.2,65,10.06,12247325,72915,66.57,3436.14,0,1200,400,720,240,4200,7500,8500,102,1.5,6000,0,0,0,0,0,66.84,30,58.78,70.18,51.6,0,0
2026-09-02T01:02:17.305000+09:00,2026-09-01T16:02:17.305000+00:00,094623,2158.9,1,0,0,0,0,13451,497,13451,0,0,0,0,4655,-28608,12374,6,4512,8,129,0,0,0,0,2,0,0,0,0,31082107,2018,0.28,943.94,3102.82,0,51.4,99.1,68.5,34.1,59.9,520.7,48.6,599.1,152.2,155.6,1029.8,365527,5635,12.86,88.1,1500,2.7,1.15,30.5,42.8,65,26.01,12247328,72915,68.57,3436.15,0,1200,400,720,240,4200,7500,8500,102,1.5,6000,0,0,0,0,0,72.76,30,71.43,61.78,51.5,0,0
2026-09-02T01:03:17.396000+09:00,2026-09-01T16:03:17.396000+00:00,094623,2119.8,1,0,0,0,0,13451,496,13451,0,0,0,0,4655,-28608,10326,6,4480,0,129,0,0,0,0,2,0,0,0,0,31082107,2018,0.28,928.07,3047.88,0,51.4,97.7,67.6,34.1,60.1,530.9,48.3,600.4,157.3,161,1046.3,365527,5635,12.82,88.1,1500,2.68,1.16,30.4,44,65,26.55,12247333,72915,73.03,3436.15,0,1200,400,720,240,4200,7500,8500,102,1.5,6000,0,0,0,0,0,70.21,30,68.14,58.8,51.5,0,0
2026-09-02T01:04:17.485000+09:00,2026-09-01T16:04:17.485000+00:00,094623,2467.7,1,0,0,0,0,13451,495,13451,0,0,0,0,4655,-28608,10326,6,4480,0,129,0,0,0,0,2,0,0,0,0,31082107,2018,0.33,1123.39,3591.11,0,51.5,97.1,67,34.1,60.3,527.3,48.6,604.4,162.3,166.2,1091.8,365527,5635,12.71,89.8,1510,2.66,1.16,31.4,41.4,65,26.5,12247337,72915,74.19,3436.15,0,1200,400,720,240,4200,7500,8500,102,1.5,6000,0,0,0,0,0,67.31,30,65.29,62.52,51.4,0,0
2026-09-02T01:05:17.573000+09:00,2026-09-01T16:05:17.573000+00:00,094623,1560.4,1,0,0,0,0,13451,500,13451,0,0,0,0,4655,-28608,10326,6,4992,0,129,0,0,0,0,2,0,0,0,0,31082107,2018,0.33,603.35,2163.76,0,51.5,98.3,67.4,34.1,60.7,531.1,48.8,603.7,161.5,165.6,1059,365527,5635,12.76,91.6,1510,2.75,1.12,23.5,36.8,65,13.51,12247341,72915,74.54,3436.15,0,1200,400,720,240,4200,7500,8500,102,1.5,6000,0,0,0,0,0,58.77,30,60.12,60.94,51.5,0,0
2026-09-02T01:06:17.676000+09:00,2026-09-01T16:06:17.676000+00:00,094623,1276.0,1,0,0,0,0,13451,513,13451,0,0,0,0,4655,-28608,10326,6,4992,0,129,0,0,0,0,2,0,0,0,0,31082107,2018,0.24,528.89,1804.86,0,51.4,97.3,68.8,34.1,60.3,524.5,48.1,592.1,146.2,148.9,1063.3,365528,5636,12.27,91.6,1520,2.82,1.04,21.6,35,65,13.14,12247343,72915,65.69,3436.15,0,1200,400,720,240,4200,7500,8500,102,1.5,6000,0,0,0,0,0,62.37,30,56.13,62.85,51.5,0,0
2026-09-02T01:07:17.769000+09:00,2026-09-01T16:07:17.769000+00:00,094623,1923.0,1,0,0,0,0,13451,493,13451,0,0,0,0,4651,-28608,10326,6,4480,528,129,0,0,0,0,2,0,0,0,0,31082107,2018,0.24,838.95,2761.92,0,51.4,99.2,68.6,34.1,59.9,517.9,47.7,593.3,146.5,149.3,1037.1,365528,5636,12.86,89.4,1490,2.68,1.2,28.7,42.1,65,20.28,12247345,72915,61.48,3436.15,0,1200,400,720,240,4200,7500,8500,102,1.5,6000,0,0,0,0,0,68.57,30,67.87,62.17,51.5,0,0
2026-09-02T01:08:17.860000+09:00,2026-09-01T16:08:17.860000+00:00,094623,2373.7,1,0,0,0,0,13451,497,13451,0,0,0,0,4655,-26560,10326,6,4481,0,129,0,0,0,0,2,0,0,0,0,31082107,2018,0.3,1138.04,3511.76,0,51.4,98.4,67.9,34.1,60.1,523.1,50.6,603.2,159.2,163.2,1044,365528,5636,12.57,89.3,1500,2.69,1.15,31.2,41.3,65,26.56,12247349,72915,73.37,3436.15,0,1200,400,720,240,4200,7500,8500,102,1.5,6000,0,0,0,0,0,70.35,30,69.84,64.45,51.4,0,0
2026-09-02T01:09:17.953000+09:00,2026-09-01T16:09:17.953000+00:00,094623,2476.3,1,0,0,0,0,13451,496,13451,0,0,0,0,4651,-28608,10326,6,4480,0,129,0,0,0,0,2,0,0,0,0,31082107,2018,0.32,1123.39,3599.66,0,51.5,98.2,67.7,34.1,60.5,525,48.1,605.2,164,168.3,1060.6,365528,5636,12.73,89.3,1500,2.67,1.15,31.1,40.3,65,26.56,12247354,72915,77.58,3436.15,0,1200,400,720,240,4200,7500,8500,102,1.5,6000,0,0,0,0,0,69.41,30,69.86,63.3,51.4,0,0
2026-09-02T01:10:18.052000+09:00,2026-09-01T16:10:18.052000+00:00,094623,2522.7,1,0,0,0,0,13451,497,13451,0,0,0,0,4651,-28608,10326,6,4480,0,129,0,0,0,0,2,0,0,0,0,31082107,2018,0.31,1146.58,3669.24,0,51.5,97.8,67.7,34,60.9,526.7,48.3,603.8,164.8,169.1,1043.4,365528,5636,12.63,90.1,1500,2.67,1.15,31.3,40.5,65,26.55,12247358,72915,76.81,3436.16,0,1200,400,720,240,4200,7500,8500,102,1.5,6000,0,0,0,0,0,69.07,30,68.59,65.29,51.4,0,0
2026-09-02T01:11:18.156000+09:00,2026-09-01T16:11:18.156000+00:00,094623,2405.5,1,0,0,0,0,13451,497,13451,0,0,0,0,4655,-26560,10326,590,4480,8192,129,0,0,0,0,2,0,0,0,0,31082107,2018,0.29,1120.94,3526.41,0,51.8,97.9,67.8,34,61,530,47.7,602.1,164.6,168.8,1092,365528,5636,12.48,90.4,1500,2.67,1.16,30.9,41.3,65,26.56,12247363,72915,79.26,3436.16,0,1200,400,720,240,4200,7500,8500,102,1.5,6000,0,0,0,0,0,68.93,30,68.44,67.08,51.4,0,0
2026-09-02T01:12:18.248000+09:00,2026-09-01T16:12:18.248000+00:00,094623,2577.6,1,0,0,0,0,13451,501,13451,0,0,0,0,4655,-28608,18518,590,4992,8720,129,0,0,0,0,2,0,0,0,0,31082107,2018,0.28,1195.41,3773,0,52,98.5,67.9,34,61.2,528.1,46.5,603.7,166.8,171,1085.5,365529,5637,12.76,89.5,1520,2.7,1.15,30.8,39.5,65,25.4,12247367,72915,77.7,3436.16,0,1200,400,720,240,4200,7500,8500,102,1.5,6000,0,0,0,0,0,68.41,30,69.93,63.39,51.4,0,0
2026-09-02T01:13:18.357000+09:00,2026-09-01T16:13:18.357000+00:00,094623,1301.6,1,0,0,0,0,13451,511,13451,0,0,0,0,4655,-28608,10326,6,4992,0,129,0,0,0,0,2,0,0,0,0,31082107,2018,0.32,548.42,1850.03,0,52,96.7,68.3,34,61.1,527.6,47.5,594.6,152.9,155.8,1052.5,365529,5637,12.45,89.4,1530,2.82,1.03,21.4,34.2,65,12.14,12247370,72915,63.38,3436.16,0,1200,400,720,240,4200,7500,8500,102,1.5,6000,0,0,0,0,0,61.09,30,56.02,53.43,51.4,0,0
2026-09-02T01:14:18.460000+09:00,2026-09-01T16:14:18.460000+00:00,094623,1360.2,1,0,0,0,0,13451,516,13451,0,0,0,0,4655,-28608,10390,590,21376,8192,129,0,0,0,0,2,0,0,0,0,31082107,2018,0.27,593.58,1953.79,0,51.7,97.7,68.6,34,60.5,523.9,48.6,590.6,144.9,147.4,1042,365529,5637,12.42,93.5,1550,2.86,1.04,22,34.4,65,12.77,12247372,72915,61.3,3436.16,0,1200,400,720,240,4200,7500,8500,102,1.5,6000,0,0,0,0,0,62.92,30,57.2,68.3,51.4,0,0
2026-09-02T01:15:18.568000+09:00,2026-09-01T16:15:18.568000+00:00,094623,2280.9,1,0,0,0,0,13451,497,13451,0,0,0,0,4651,-28608,12374,6,4512,8,129,0,0,0,0,2,0,0,0,0,31082107,2018,0.22,984.22,3265.17,0,51.8,99.6,68.5,34,60.2,521.6,46.8,598,152.5,156.1,1040.7,365529,5637,12.81,88.5,1510,2.68,1.14,30.4,41.8,65,26.26,12247375,72915,75.79,3436.16,0,1200,400,720,240,4200,7500,8500,102,1.5,6000,0,0,0,0,0,72.51,30,73.43,63.79,51.4,0,0
2026-09-02T01:16:18.662000+09:00,2026-09-01T16:16:18.662000+00:00,094623,2316.4,1,0,0,0,0,13451,495,13451,0,0,0,0,4655,-28608,10342,6,12676,0,129,0,0,0,0,2,0,0,0,0,31082107,2018,0.25,986.66,3303.02,0,51.7,96.1,68,34,60.5,528.2,48,598.5,159.1,163.2,1016.6,365529,5637,12.88,87.8,1490,2.68,1.16,30.9,42.5,65,26.33,12247379,72915,71.85,3436.16,0,1200,400,720,240,4200,7500,8500,102,1.5,6000,0,0,0,0,0,71.55,30,62.64,58.33,51.4,0,0
2026-09-02T01:17:18.749000+09:00,2026-09-01T16:17:18.749000+00:00,094623,2107.6,1,0,0,0,0,13451,502,13451,0,0,0,0,4651,-28608,18518,6,4992,528,129,0,0,0,0,2,0,0,0,0,31082107,2018,0.37,893.89,3001.5,0,51.7,99.4,67.4,34,60.7,526.8,47.3,604.4,160.9,165.1,1048,365529,5637,12.76,90,1510,2.74,1.1,26.5,36.1,65,19.36,12247383,72915,71.22,3436.16,0,1200,400,720,240,4200,7500,8500,102,1.5,6000,0,0,0,0,0,64.36,30,66.93,58.33,51.3,0,0
2026-09-02T01:18:18.844000+09:00,2026-09-01T16:18:18.844000+00:00,094623,1284.5,1,0,0,0,0,13451,505,13451,0,0,0,0,4651,-28608,10326,590,4992,8192,129,0,0,0,0,2,0,0,0,0,31082107,2018,0.32,558.18,1842.71,0,51.6,96.5,68.2,34,60.6,525.3,48.5,595.1,146.8,149.6,1052.6,365530,5638,12.55,92.3,1500,2.78,1.05,21.5,34.5,65,10.82,12247386,72915,64.95,3436.17,0,1200,400,720,240,4200,7500,8500,102,1.5,6000,0,0,0,0,0,61.86,30,55.01,62.35,51.3,0,0
2026-09-02T01:19:18.952000+09:00,2026-09-01T16:19:18.952000+00:00,094623,1532.3,1,0,0,0,0,13451,493,13451,0,0,0,0,4651,-28608,10326,518,4480,0,129,0,0,0,0,2,0,0,0,0,31082107,2018,0.19,646.08,2178.41,0,51.5,98.7,68.6,34,60.1,522.1,48,595.2,143.4,146.2,1059.1,365530,5638,12.42,89.1,1480,2.71,1.18,25.1,39.7,65,13.4,12247388,72915,70.26,3436.17,0,1200,400,720,240,4200,7500,8500,102,1.5,6000,0,0,0,0,0,65.44,30,61.75,57.92,51.3,0,0
2026-09-02T01:20:19.069000+09:00,2026-09-01T16:20:19.069000+00:00,094623,2266.3,1,0,0,0,0,13451,499,13451,0,0,0,0,4655,-28608,12374,518,4512,72,129,0,0,0,0,2,0,0,0,0,31082107,2018,0.25,1067.23,3333.54,0,51.5,98.1,68,34,60.1,523.8,47.5,599.2,153.7,157.6,1058.7,365530,5638,12.88,89,1510,2.7,1.14,30.5,41.8,65,25.66,12247391,72915,72.2,3436.17,0,1200,400,720,240,4200,7500,8500,102,1.5,6000,0,0,0,0,0,71.9,30,69.17,63.67,51.4,0,0
2026-09-02T01:21:19.162000+09:00,2026-09-01T16:21:19.162000+00:00,094623,2531.2,1,0,0,0,0,13451,497,13451,0,0,0,0,4651,-28608,10326,6,4480,0,129,0,0,0,0,2,0,0,0,0,31082107,2018,0.33,1111.18,3642.38,0,51.6,96.9,67.3,34,60.4,524.1,46.3,600.7,159.8,163.9,1051.9,365530,5638,12.5,89.8,1500,2.67,1.15,31.4,40.8,65,26.75,12247396,72915,73.67,3436.17,0,1200,400,720,240,4200,7500,8500,102,1.5,6000,0,0,0,0,0,69.19,30,64.35,65.16,51.3,0,0
2026-09-02T01:22:19.255000+09:00,2026-09-01T16:22:19.255000+00:00,094623,1510.4,1,0,0,0,0,13451,498,13451,0,0,0,0,4651,-28608,18518,6,4992,528,129,0,0,0,0,2,0,0,0,0,31082107,2018,0.3,525.22,2035.58,0,51.6,98.6,67.5,34,60.7,528.4,46.5,599.2,154.9,158.7,1018.8,365530,5638,12.39,90,1500,2.74,1.12,23.2,37.5,65,12.61,12247399,72915,73.95,3436.17,0,1200,400,720,240,4200,7500,8500,102,1.5,6000,0,0,0,0,0,59.83,30,60.68,56.78,51.3,0,0
2026-09-02T01:23:19.362000+09:00,2026-09-01T16:23:19.362000+00:00,094623,1251.6,1,0,0,0,0,13451,498,13451,0,0,0,0,4651,-28608,10326,6,4992,0,129,0,0,0,0,2,0,0,0,0,31082107,2018,0.29,486.16,1737.72,0,51.4,97.2,68.4,34,60.2,527.4,47.2,591.3,143.2,145.9,1023.3,365530,5638,12.82,92.2,1500,2.75,1.13,22.5,38.8,65,11.37,12247401,72915,61.31,3436.17,0,1200,400,720,240,4200,7500,8500,102,1.5,6000,0,0,0,0,0,62,30,55.18,63.94,51.3,0,0
2026-09-02T01:24:19.466000+09:00,2026-09-01T16:24:19.466000+00:00,094623,2223.6,1,0,0,0,0,13451,495,13451,0,0,0,0,4655,-28608,10326,6,4480,0,129,0,0,0,0,2,0,0,0,0,31082107,2018,0.19,1067.23,3290.81,0,51.4,99.7,68.5,34,59.7,514.9,46.8,594,146.2,149.1,1041.5,365531,5639,12.79,89.4,1500,2.69,1.19,30.4,41.5,65,23.04,12247404,72915,69.48,3436.17,0,1200,400,720,240,4200,7500,8500,102,1.5,6000,0,0,0,0,0,70.41,30,70.38,65.35,51.3,0,0
2026-09-02T01:25:19.567000+09:00,2026-09-01T16:25:19.567000+00:00,094623,2519.0,1,0,0,0,0,13451,499,13451,0,0,0,0,4655,-26560,12374,6,4512,72,129,0,0,0,0,2,0,0,0,0,31082107,2018,0.25,1208.84,3727.84,0,51.5,97.4,68.1,34,60.2,520.2,47,601.9,159.8,164.2,1089.1,365531,5639,12.71,87.5,1510,2.71,1.15,31.5,40.2,65,25.59,12247408,72915,74.86,3436.17,0,1200,400,720,240,4200,7500,8500,102,1.5,6000,0,0,0,0,0,71.59,30,66.85,58.77,51.3,0,0
2026-09-02T01:26:19.672000+09:00,2026-09-01T16:26:19.672000+00:00,094623,1645.9,1,0,0,0,0,13451,477,13451,0,0,0,0,4655,-28608,10326,6,4992,0,129,0,0,0,0,2,0,0,0,0,31082107,2018,0.3,483.72,2129.58,0,51.4,98.1,67.9,34,60.5,527.1,48,597.8,154.9,159,1054.1,365531,5639,12.38,89.4,1360,2.7,1.86,25.7,39.4,65,12.42,12247412,72915,68.5,3436.17,0,1200,400,720,240,4200,7500,8500,102,1.5,6000,0,0,0,0,0,61.66,30,58.25,52.3,51.3,0,0
2026-09-02T01:27:19.773000+09:00,2026-09-01T16:27:19.773000+00:00,094623,1236.9,1,0,0,0,0,13451,496,13451,0,0,0,0,4651,-28608,18518,590,4992,8720,129,0,0,0,0,2,0,0,0,0,31082107,2018,0.35,364.08,1601,0,51.1,96.8,67.9,34,60,525.8,51.4,585.6,143.8,146.8,1034.6,365531,5639,12.74,93.4,1510,2.74,1.07,22.8,39.1,65,10.81,12247414,72915,61,3436.18,0,1200,400,720,240,4200,7500,8500,102,1.5,6000,0,0,0,0,0,61.45,30,54.08,65.73,51.2,0,0
2026-09-02T01:28:19.879000+09:00,2026-09-01T16:28:19.879000+00:00,094623,1993.8,1,0,0,0,0,13451,495,13451,0,0,0,0,4651,-28608,10326,6,4480,0,129,0,0,0,0,2,0,0,0,0,31082107,2018,0.17,832.85,2826.62,0,51.2,99.7,68.2,34,59.6,517.3,49,585,145.3,148.5,1030.9,365531,5639,12.73,89.3,1490,2.7,1.18,29.7,43.6,65,23.74,12247416,72915,75.11,3436.18,0,1200,400,720,240,4200,7500,8500,102,1.5,6000,0,0,0,0,0,70.04,30,70.1,65.04,51.3,0,0
2026-09-02T01:29:19.981000+09:00,2026-09-01T16:29:19.981000+00:00,094623,2313.9,1,0,0,0,0,13451,498,13451,0,0,0,0,4651,-28608,10326,6,4480,0,129,0,0,0,0,2,0,0,0,0,31082107,2018,0.26,1031.83,3345.74,0,51.3,98.3,67.8,34,59.8,523.8,48.2,593.8,156,160.3,1077.5,365531,5639,12.73,87.2,1500,2.71,1.16,30.9,41.9,65,26.63,12247420,72915,70.88,3436.18,0,1200,400,720,240,4200,7500,8500,102,1.5,6000,0,0,0,0,0,70.62,30,69.42,57.13,51.2,0,0
2026-09-02T01:30:20.082000+09:00,2026-09-01T16:30:20.082000+00:00,094623,2383.5,1,0,0,0,0,13451,497,13451,0,0,0,0,4651,-28608,12374,6,4512,72,129,0,0,0,0,2,0,0,0,0,31082107,2018,0.29,1107.52,3491.01,0,51.3,97,67.3,33.9,60.2,525.4,47.9,598.2,162.6,167,1050.9,365532,5640,12.63,89.7,1500,2.68,1.15,30.8,40.9,65,26.41,12247425,72915,70.83,3436.18,0,1200,400,720,240,4200,7500,8500,102,1.5,6000,0,0,0,0,0,68.29,30,64.65,62.18,51.3,0,0
2026-09-02T01:31:20.177000+09:00,2026-09-01T16:31:20.177000+00:00,094623,2521.4,1,0,0,0,0,13451,495,13451,0,0,0,0,4655,-28608,10390,6,20864,0,129,0,0,0,0,2,0,0,0,0,31082107,2018,0.34,1217.38,3738.82,0,51.5,97.8,67.2,33.9,60.5,525.1,47.7,600.5,162.7,167,1051.5,365532,5640,12.69,90.7,1490,2.68,1.15,31.3,40,65,26.54,12247429,72915,80.18,3436.18,0,1200,400,720,240,4200,7500,8500,102,1.5,6000,0,0,0,0,0,66.65,30,65.96,66.41,51.2,0,0
2026-09-02T01:32:20.294000+09:00,2026-09-01T16:32:20.294000+00:00,094623,1332.1,1,0,0,0,0,13451,511,13451,0,0,0,0,4651,-28608,18518,6,4992,16,129,0,0,0,0,2,0,0,0,0,31082107,2018,0.29,505.69,1837.82,0,51.6,98.2,68.1,33.8,60.7,526.4,47.5,594,153.3,156.3,1021.5,365532,5640,12.22,89.7,1510,2.78,1.03,21.4,34.2,65,12.44,12247432,72915,70.2,3436.18,0,1200,400,720,240,4200,7500,8500,102,1.5,6000,0,0,0,0,0,59.53,30,58.75,54.45,51.2,0,0
2026-09-02T01:33:20.391000+09:00,2026-09-01T16:33:20.391000+00:00,094623,1124.6,1,0,0,0,0,13451,513,13451,0,0,0,0,4651,-28608,10390,6,21376,0,129,0,0,0,0,2,0,0,0,0,31082107,2018,0.32,454.42,1579.03,0,51.4,97.3,68.7,33.9,60.1,526.6,48.5,584.6,142,144.5,1005.9,365532,5640,12.68,91.8,1520,2.83,1.05,21.1,36.6,65,13.35,12247434,72915,58.59,3436.18,0,1200,400,720,240,4200,7500,8500,102,1.5,6000,0,0,0,0,0,62.04,30,55.2,61.43,51.2,0,0
2026-09-02T01:34:20.476000+09:00,2026-09-01T16:34:20.476000+00:00,094623,2024.6,1,0,0,0,0,13451,495,13451,0,0,0,0,4655,-26560,10326,6,4480,0,129,0,0,0,0,2,0,0,0,0,31082107,2018,0.29,925.63,2950.22,0,51.4,98.7,68.5,33.9,59.5,521.1,49,586.1,144.6,147.6,1077.8,365532,5640,11.94,90,1490,2.68,1.17,30.1,43.6,65,24.27,12247437,72915,70.69,3436.18,0,1200,400,720,240,4200,7500,8500,102,1.5,6000,0,0,0,0,0,70.59,30,67.42,67.55,51.2,0,0
2026-09-02T01:35:20.573000+09:00,2026-09-01T16:35:20.573000+00:00,094623,2206.5,1,0,0,0,0,13451,496,13451,0,0,0,0,4655,-28608,12390,6,12708,8,129,0,0,0,0,2,0,0,0,0,31082107,2018,0.27,998.87,3205.36,0,51.5,98.7,67.8,33.9,59.7,528.1,48.2,593.7,155.3,159.4,1051.7,365532,5640,12.7,87.6,1500,2.68,1.16,30.6,42.6,65,26.13,12247442,72915,77.02,3436.19,0,1200,400,720,240,4200,7500,8500,102,1.5,6000,0,0,0,0,0,69.61,30,70.48,58.82,51.1,0,0
2026-09-02T01:36:20.674000+09:00,2026-09-01T16:36:20.674000+00:00,094623,2482.4,1,0,0,0,0,13451,497,13451,0,0,0,0,4651,-28608,10326,590,4480,8192,129,0,0,0,0,2,0,0,0,0,31082107,2018,0.33,1080.66,3563.04,0,51.4,96.8,67.4,33.8,60.2,525.4,49.3,599.1,162.1,166.4,1053.8,365533,5641,12.69,89.1,1510,2.68,1.14,31.2,40.7,65,26.34,12247446,72915,69.22,3436.19,0,1200,400,720,240,4200,7500,8500,102,1.5,6000,0,0,0,0,0,67.85,30,63.74,60.55,51.2,0,0
2026-09-02T01:37:20.763000+09:00,2026-09-01T16:37:20.763000+00:00,094623,2450.6,1,0,0,0,0,13451,502,13451,0,0,0,0,4651,-28608,10326,518,4992,0,129,0,0,0,0,0,0,0,0,0,31082107,2018,0.37,1227.15,3677.79,0,51.5,98.8,67.3,33.8,60.5,524,48.3,601.6,166.4,170.8,1036.8,365533,5641,12.94,91.4,1520,2.71,1.14,30,38.4,65,23.99,12247450,72915,76.29,3436.19,0,1200,400,720,240,4200,7500,8500,102,1.5,6000,0,0,0,0,0,65.04,30,67.82,66.65,51.1,0,0
2026-09-02T01:38:20.840000+09:00,2026-09-01T16:38:20.840000+00:00,094623,1361.4,1,0,0,0,0,13451,491,13451,0,0,0,0,4651,-28608,10326,6,4992,0,129,0,0,0,0,0,0,0,0,0,31082107,2018,0.3,635.09,1996.52,0,51.6,97.4,68.4,33.8,60.6,525.3,47.6,592.7,152.6,155.9,1072.6,365533,5641,12.53,90.8,1480,2.71,1.11,22.7,35.9,65,11.19,12247453,72915,69.72,3436.19,0,1200,400,720,240,4200,7500,8500,102,1.5,6000,0,0,0,0,0,60,30,57.08,57.93,51.1,0,0
2026-09-02T01:39:20.944000+09:00,2026-09-01T16:39:20.944000+00:00,094623,1239.3,1,0,0,0,0,13451,491,13451,0,0,0,0,4651,-28608,10326,6,4992,0,129,0,0,0,0,2,0,0,0,0,31082107,2018,0.26,547.2,1786.55,0,51.4,97.6,68.9,33.9,60.2,524.2,47.6,587.4,145.8,148.7,1043,365533,5641,12.71,92.3,1480,2.72,1.09,22.3,36.7,65,11.5,12247455,72915,63.29,3436.19,0,1200,400,720,240,4200,7500,8500,102,1.5,6000,0,0,0,0,0,62.69,30,56.19,64.73,51.1,0,0
2026-09-02T01:40:21.041000+09:00,2026-09-01T16:40:21.041000+00:00,094623,2263.9,1,0,0,0,0,13451,497,13451,0,0,0,0,4651,-28608,10326,6,4480,528,129,0,0,0,0,2,0,0,0,0,31082107,2018,0.25,1072.12,3335.98,0,51.4,99.5,68.4,33.9,59.9,519.8,46.4,593.4,154.8,158.7,1035.3,365533,5641,12.84,89,1500,2.7,1.14,30.8,41.4,65,26.09,12247458,72915,74.88,3436.19,0,1200,400,720,240,4200,7500,8500,102,1.5,6000,0,0,0,0,0,71.7,30,72.35,64.94,51.1,0,0
2026-09-02T01:41:21.136000+09:00,2026-09-01T16:41:21.136000+00:00,094623,2089.3,1,0,0,0,0,13451,494,13451,0,0,0,0,4655,-26560,10326,6,4480,0,129,0,0,0,0,2,0,0,0,0,31082107,2018,0.26,961.03,3050.32,0,51.5,97.2,67.7,33.9,60.2,529.8,46.6,593.6,158.3,162.3,1024.8,365533,5641,12.63,88.2,1490,2.69,1.15,30.1,43.4,65,26.11,12247463,72915,76.82,3436.19,0,1200,400,720,240,4200,7500,8500,102,1.5,6000,0,0,0,0,0,69.55,30,66.14,60.05,51.1,0,0
2026-09-02T01:42:21.254000+09:00,2026-09-01T16:42:21.254000+00:00,094623,2335.9,1,0,0,0,0,13451,496,13451,0,0,0,0,4655,-28608,10326,590,4480,8192,129,0,0,0,0,2,0,0,0,0,31082107,2018,0.32,1080.66,3416.55,0,51.5,97.5,67,33.9,60.3,528,47.7,594.7,161.5,165.5,1058.4,365534,5642,12.7,89.2,1500,2.67,1.15,30.9,41.6,65,26.23,12247467,72915,71.61,3436.19,0,1200,400,720,240,4200,7500,8500,102,1.5,6000,0,0,0,0,0,66.48,30,65.53,60.99,51.1,0,0
2026-09-02T01:43:21.351000+09:00,2026-09-01T16:43:21.351000+00:00,094623,2227.2,1,0,0,0,0,13451,496,13451,0,0,0,0,4651,-28608,10326,6,4480,0,129,0,0,0,0,2,0,0,0,0,31082107,2018,0.38,962.25,3189.49,0,51.6,98.7,67.1,33.9,60.6,531.7,46.4,594.7,163.1,167,1059.8,365534,5642,12.57,91.5,1500,2.67,1.14,30.2,42.3,65,26.62,12247471,72915,75.32,3436.19,0,1200,400,720,240,4200,7500,8500,102,1.5,6000,0,0,0,0,0,65.18,30,69.45,68.16,51.1,0,0
2026-09-02T01:44:21.451000+09:00,2026-09-01T16:44:21.451000+00:00,094623,2378.6,1,0,0,0,0,13451,497,13451,0,0,0,0,4655,-28608,10326,590,4480,8192,129,0,0,0,0,2,0,0,0,0,31082107,2018,0.31,1134.37,3512.99,0,51.7,98.8,67.8,33.8,60.7,530.1,46.7,595.2,163.1,166.9,1036.7,365534,5642,12.7,89.8,1500,2.68,1.16,31,41.4,65,26.69,12247476,72915,80.58,3436.2,0,1200,400,720,240,4200,7500,8500,102,1.5,6000,0,0,0,0,0,66.52,30,71.05,64.28,51,0,0
2026-09-02T01:45:21.534000+09:00,2026-09-01T16:45:21.534000+00:00,094623,2565.4,1,0,0,0,0,13451,498,13451,0,0,0,0,4655,-26560,18518,590,4480,8720,129,0,0,0,0,2,0,0,0,0,31082107,2018,0.31,1186.86,3752.25,0,51.9,98,68.3,33.8,61,527.5,46.6,597.2,167.3,171.4,1081.4,365534,5642,12.61,89,1510,2.67,1.15,31.2,39.9,65,26.43,12247480,72915,76.49,3436.2,0,1200,400,720,240,4200,7500,8500,102,1.5,6000,0,0,0,0,0,68.15,30,69.39,61.07,51,0,0
2026-09-02T01:46:21.666000+09:00,2026-09-01T16:46:21.666000+00:00,094623,1688.6,1,0,0,0,0,13451,493,13451,0,0,0,0,4651,-28608,10326,6,4992,0,129,0,0,0,0,2,0,0,0,0,31082107,2018,0.34,751.06,2439.65,0,51.8,97.4,68.7,33.8,61,532.1,47,587.7,153,156.2,1040.1,365534,5642,12.74,89.8,1510,2.59,1.19,25.9,38.5,65,11.08,12247483,72915,61.7,3436.2,0,1200,400,720,240,4200,7500,8500,102,1.5,6000,0,0,0,0,0,60.61,30,57.54,52.89,51,0,0
2026-09-02T01:47:21.764000+09:00,2026-09-01T16:47:21.764000+00:00,094623,1647.1,1,0,0,0,0,13451,439,13451,0,0,0,0,4651,-28608,10326,6,4992,0,129,0,0,0,0,2,0,0,0,0,31082107,2018,0.29,715.66,2362.74,0,51.6,97.1,68.9,33.8,60.3,528.2,46.4,582.8,145.3,148,1024.6,365534,5642,12.57,94.5,1360,2.44,1.49,27.1,40,65,11.01,12247485,72915,64.94,3436.2,0,1200,400,720,240,4200,7500,8500,102,1.5,6000,0,0,0,0,0,61.51,30,54.05,69.21,51,0,0
2026-09-02T01:48:21.873000+09:00,2026-09-01T16:48:21.873000+00:00,094623,2217.5,1,0,0,0,0,13451,497,13451,0,0,0,0,4651,-28608,12374,6,4512,8,129,0,0,0,0,2,0,0,0,0,31082107,2018,0.23,1006.2,3223.67,0,51.6,99.9,68.7,33.8,60,520.3,50.4,592.3,152.8,156.4,1031.3,365535,5643,12.69,88.4,1500,2.68,1.15,30.7,42,65,26.14,12247488,72915,75.95,3436.2,0,1200,400,720,240,4200,7500,8500,102,1.5,6000,0,0,0,0,0,72.35,30,73.74,63.02,51,0,0
2026-09-02T01:49:21.972000+09:00,2026-09-01T16:49:21.972000+00:00,094623,2094.2,1,0,0,0,0,13451,498,13451,0,0,0,0,4655,-28608,10326,6,4480,0,129,0,0,0,0,2,0,0,0,0,31082107,2018,0.24,893.89,2988.07,0,51.6,96.4,68,33.8,60.3,530.1,49.3,599.1,157.7,161,1030.2,365535,5643,12.68,88.1,1500,2.69,1.15,30.2,43.7,65,26.63,12247492,72915,74.48,3436.2,0,1200,400,720,240,4200,7500,8500,102,1.5,6000,0,0,0,0,0,71.04,30,63.73,59.16,51,0,0
2026-09-02T01:50:22.071000+09:00,2026-09-01T16:50:22.071000+00:00,094623,2357.9,1,0,0,0,0,13451,495,13451,0,0,0,0,4655,-28608,18582,6,20864,528,129,0,0,0,0,2,0,0,0,0,31082107,2018,0.37,1105.08,3462.94,0,51.6,98.3,67.2,33.8,60.4,528.8,47.3,599.4,160,163.7,1017.8,365535,5643,12.65,90,1500,2.67,1.16,31.1,41.6,65,26.43,12247497,72915,71.34,3436.2,0,1200,400,720,240,4200,7500,8500,102,1.5,6000,0,0,0,0,0,67.94,30,67.83,63.09,51,0,0
2026-09-02T01:51:22.171000+09:00,2026-09-01T16:51:22.171000+00:00,094623,2486.0,1,0,0,0,0,13451,497,13451,0,0,0,0,4651,-28608,10326,6,4480,0,129,0,0,0,0,0,0,0,0,0,31082107,2018,0.33,1127.05,3613.09,0,51.8,99,67.2,33.8,60.8,527.1,46.3,602.7,163.4,167.3,1040.7,365535,5643,12.92,90.5,1500,2.69,1.15,31.1,40.3,65,26.74,12247501,72915,83.2,3436.2,0,1200,400,720,240,4200,7500,8500,102,1.5,6000,0,0,0,0,0,66.58,30,71.52,66.37,51,0,0
2026-09-02T01:52:22.274000+09:00,2026-09-01T16:52:22.274000+00:00,094623,2508.0,1,0,0,0,0,13451,495,13451,0,0,0,0,4655,-28608,10390,6,20864,0,129,0,0,0,0,0,0,0,0,0,31082107,2018,0.31,1157.57,3665.58,0,51.9,98.4,67.9,33.8,61.1,528.8,46.1,601.5,165.1,169.2,1058.9,365535,5643,12.93,88.8,1500,2.67,1.16,31.3,40.5,65,26.59,12247506,72915,80.2,3436.21,0,1200,400,720,240,4200,7500,8500,102,1.5,6000,0,0,0,0,0,67.98,30,70.72,60.86,50.9,0,0
2026-09-02T01:53:22.362000+09:00,2026-09-01T16:53:22.362000+00:00,094623,1543.3,1,0,0,0,0,13451,497,13451,0,0,0,0,4651,-28608,12374,6,5024,72,129,0,0,0,0,2,0,0,0,0,31082107,2018,0.32,476.39,2019.71,0,51.9,97.4,68.3,33.8,61.3,531.2,46.3,598,158.7,162.4,1045.5,365535,5643,12.39,89.5,1390,2.71,1.75,24.8,39.2,65,12.46,12247509,72915,68.92,3436.21,0,1200,400,720,240,4200,7500,8500,102,1.5,6000,0,0,0,0,0,60.41,30,58.89,52.59,50.9,0,0
2026-09-02T01:54:22.452000+09:00,2026-09-01T16:54:22.452000+00:00,094623,1232.0,1,0,0,0,0,13451,496,13451,0,0,0,0,4655,-28608,10342,6,13188,0,129,0,0,0,0,2,0,0,0,0,31082107,2018,0.35,316.48,1548.51,0,51.6,96.7,68.8,33.8,60.6,529.3,48.3,587.9,146.2,148.9,1027.9,365536,5644,12.74,93.4,1500,2.7,0.97,22.8,39.7,65,11.34,12247511,72915,58.06,3436.21,0,1200,400,720,240,4200,7500,8500,102,1.5,6000,0,0,0,0,0,62.34,30,54.57,65.31,50.9,0,0
2026-09-02T01:55:22.563000+09:00,2026-09-01T16:55:22.563000+00:00,094623,1995.3,1,0,0,0,0,13451,495,13451,0,0,0,0,4655,-28608,18518,6,4480,528,129,0,0,0,0,2,0,0,0,0,31082107,2018,0.22,886.56,2881.86,0,51.6,99.6,68.9,33.9,60.1,520.1,47.4,588.3,146.7,149.6,1052.9,365536,5644,12.87,89.4,1490,2.69,1.19,29.7,43.6,65,23.61,12247514,72915,76.02,3436.21,0,1200,400,720,240,4200,7500,8500,102,1.5,6000,0,0,0,0,0,71.61,30,70.81,64.68,51,0,0
2026-09-02T01:56:22.658000+09:00,2026-09-01T16:56:22.658000+00:00,094623,2172.3,1,0,0,0,0,13451,497,13451,0,0,0,0,4651,-28608,10326,6,4480,0,129,0,0,0,0,2,0,0,0,0,31082107,2018,0.23,898.77,3071.08,0,51.6,97.5,68,33.9,60.3,527.4,46.6,594.7,158.2,162.2,1045.3,365536,5644,12.77,87.7,1500,2.68,1.14,30.2,42.8,65,26.68,12247518,72915,74.18,3436.21,0,1200,400,720,240,4200,7500,8500,102,1.5,6000,0,0,0,0,0,71.25,30,67.52,58.42,50.9,0,0
2026-09-02T01:57:22.750000+09:00,2026-09-01T16:57:22.750000+00:00,094623,2332.2,1,0,0,0,0,13451,496,13451,0,0,0,0,4651,-28608,10326,6,4480,0,129,0,0,0,0,2,0,0,0,0,31082107,2018,0.32,1023.29,3355.51,0,51.6,97.2,67.2,33.9,60.5,529.1,46.1,596.6,160.6,164.3,1062.2,365536,5644,12.81,89.5,1500,2.68,1.17,31.1,42.5,65,26.61,12247522,72915,69.58,3436.21,0,1200,400,720,240,4200,7500,8500,102,1.5,6000,0,0,0,0,0,68.26,30,64.74,61.64,50.9,0,0
2026-09-02T01:58:22.866000+09:00,2026-09-01T16:58:22.866000+00:00,094623,2547.1,1,0,0,0,0,13451,497,13451,0,0,0,0,4651,-28608,12374,6,4512,72,129,0,0,0,0,2,0,0,0,0,31082107,2018,0.33,1123.39,3670.46,0,51.6,99.4,66.9,33.8,60.8,526.7,46.4,601.4,165.4,169.7,1053.4,365536,5644,12.7,91,1500,2.67,1.15,31.5,40.4,65,26.25,12247527,72915,77.48,3436.21,0,1200,400,720,240,4200,7500,8500,102,1.5,6000,0,0,0,0,0,65.74,30,72.41,66.85,50.9,0,0
2026-09-02T01:59:22.957000+09:00,2026-09-01T16:59:22.957000+00:00,094623,1593.4,1,0,0,0,0,13451,500,13451,0,0,0,0,4651,-28608,10326,6,4992,0,129,0,0,0,0,2,0,0,0,0,31082107,2018,0.31,583.82,2177.19,0,51.8,97.5,68,33.8,61.1,530,45.7,594.8,159,162.8,1044.9,365536,5644,12.85,90.4,1500,2.75,1.12,23.6,36.7,65,13.19,12247530,72915,80.2,3436.21,0,1200,400,720,240,4200,7500,8500,102,1.5,6000,0,0,0,0,0,59.68,30,58.75,57.56,50.9,0,0
2026-09-02T02:00:23.048000+09:00,2026-09-01T17:00:23.048000+00:00,094623,1200.3,1,0,0,0,0,13451,492,13451,0,0,0,0,4651,-28608,18518,6,4992,528,129,0,0,0,0,2,0,0,0,0,31082107,2018,0.28,476.39,1676.69,0,51.6,97.4,68.8,33.8,60.6,527.8,45.6,585.6,145.8,148.4,1024.9,365537,5645,12.75,92.2,1480,2.71,1.09,22.1,37.8,65,11.37,12247533,72915,61.99,3436.22,0,1200,400,720,240,4200,7500,8500,102,1.5,6000,0,0,0,0,0,61.76,30,56.47,63.65,50.9,0,0
2026-09-02T02:01:23.146000+09:00,2026-09-01T17:01:23.146000+00:00,094623,1857.1,1,0,0,0,0,13451,492,13451,0,0,0,0,4651,-28608,10326,6,4480,0,129,0,0,0,0,2,0,0,0,0,31082107,2018,0.21,889,2746.06,0,51.5,98.8,68.7,33.9,60,520.7,46.6,582.9,143.6,146.2,1024.5,365537,5645,12.68,89.7,1480,2.67,1.21,29,43.2,65,21.29,12247535,72915,68.1,3436.22,0,1200,400,720,240,4200,7500,8500,102,1.5,6000,0,0,0,0,0,69.2,30,66.65,64.92,50.8,0,0
2026-09-02T02:02:23.243000+09:00,2026-09-01T17:02:23.243000+00:00,094623,2307.8,1,0,0,0,0,13451,498,13451,0,0,0,0,4651,-28608,10326,6,4480,0,129,0,0,0,0,2,0,0,0,0,31082107,2018,0.24,1040.38,3348.19,0,51.6,98.6,68.3,33.8,60.2,524,47.5,597.6,157.8,161.8,1034.5,365537,5645,12.32,87.8,1500,2.69,1.14,30.6,41.2,65,26.65,12247539,72915,76.61,3436.22,0,1200,400,720,240,4200,7500,8500,102,1.5,6000,0,0,0,0,0,71.64,30,70.62,60.07,50.8,0,0
2026-09-02T02:03:23.323000+09:00,2026-09-01T17:03:23.323000+00:00,094623,2356.6,1,0,0,0,0,13451,497,13451,0,0,0,0,4655,-28608,12374,590,4512,8264,129,0,0,0,0,2,0,0,0,0,31082107,2018,0.28,1123.39,3480.03,0,51.6,96.7,68.1,33.8,60.5,527.7,47,597.9,160.1,164,1043.8,365537,5645,12.69,88.7,1500,2.69,1.16,31.1,41.5,65,25.64,12247543,72915,74.13,3436.22,0,1200,400,720,240,4200,7500,8500,102,1.5,6000,0,0,0,0,0,71.39,30,64.23,60.02,50.8,0,0
2026-09-02T02:04:23.416000+09:00,2026-09-01T17:04:23.416000+00:00,094623,2515.3,1,0,0,0,0,13451,497,13451,0,0,0,0,4651,-28608,10326,6,4480,0,129,0,0,0,0,2,0,0,0,0,31082107,2018,0.38,1224.71,3740.04,0,51.6,98.2,67.6,33.8,60.8,526.4,45.2,601.1,164.3,168.5,1041.8,365537,5645,12.8,90.7,1500,2.68,1.15,31.3,40,65,26.54,12247548,72915,73.37,3436.22,0,1200,400,720,240,4200,7500,8500,102,1.5,6000,0,0,0,0,0,69.62,30,67.79,65.22,50.8,0,0
2026-09-02T02:05:23.559000+09:00,2026-09-01T17:05:23.559000+00:00,094623,2494.6,1,0,0,0,0,13451,497,13451,0,0,0,0,4655,-26560,2134,6,4480,0,129,0,0,0,0,2,0,0,0,0,31082107,2018,0.31,1101.41,3596,0,51.8,99.2,67.7,33.8,61.1,528.4,49.4,600.7,165.1,169.3,1052,365537,5645,12.55,90.6,1500,2.67,1.15,31.2,40.7,65,25.83,12247552,72915,82.13,3436.22,0,1200,400,720,240,4200,7500,8500,102,1.5,6000,0,0,0,0,0,69.38,30,72.12,66.46,50.8,0,0
2026-09-02T02:06:23.654000+09:00,2026-09-01T17:06:23.654000+00:00,094623,2398.2,1,0,0,0,0,13451,496,13451,0,0,0,0,4651,-28608,10326,6,4480,0,129,0,0,0,0,2,0,0,0,0,31082107,2018,0.27,1019.62,3417.77,0,52.1,97.7,68.1,33.8,61.3,530.7,47,604.2,165.9,169.9,1025.1,365538,5646,12.61,89.2,1500,2.67,1.14,30.5,41.1,65,26.61,12247557,72915,79.09,3436.22,0,1200,400,720,240,4200,7500,8500,102,1.5,6000,0,0,0,0,0,70.47,30,68.28,61.88,50.8,0,0
2026-09-02T02:07:23.743000+09:00,2026-09-01T17:07:23.743000+00:00,094623,2349.3,1,0,0,0,0,13451,496,13451,0,0,0,0,4651,-28608,10326,518,4480,0,129,0,0,0,0,2,0,0,0,0,31082107,2018,0.34,993.99,3343.3,0,52.3,97.1,68,33.8,61.4,532.5,45.8,600.3,163.4,167.2,1046.8,365538,5646,12.69,89.4,1500,2.66,1.15,30.6,41.7,65,26.39,12247561,72915,72.61,3436.22,0,1200,400,720,240,4200,7500,8500,102,1.5,6000,0,0,0,0,0,70.24,30,65.28,61.2,50.8,0,0
2026-09-02T02:08:23.877000+09:00,2026-09-01T17:08:23.877000+00:00,094623,2400.6,1,0,0,0,0,13451,495,13451,0,0,0,0,4655,-28608,12374,6,4512,8,129,0,0,0,0,2,0,0,0,0,31082107,2018,0.31,1015.96,3416.55,0,52.4,99,67.9,33.8,61.5,531.8,46.2,599.2,165.1,168.9,1046.2,365538,5646,12.64,92,1490,2.66,1.14,30.4,41,65,26.28,12247566,72915,75.97,3436.23,0,1200,400,720,240,4200,7500,8500,102,1.5,6000,0,0,0,0,0,69.83,30,70.88,69.96,50.8,0,0
2026-09-02T02:09:23.982000+09:00,2026-09-01T17:09:23.982000+00:00,094623,2425.0,1,0,0,0,0,13451,495,13451,0,0,0,0,4651,-28608,10390,6,20864,0,129,0,0,0,0,2,0,0,0,0,31082107,2018,0.24,1047.7,3472.7,0,52.6,98.6,68.2,33.8,61.6,533.1,46.8,597.9,163.8,167.5,1053.2,365538,5646,12.69,90.2,1490,2.65,1.16,30.8,41.5,65,26.45,12247570,72915,83.13,3436.23,0,1200,400,720,240,4200,7500,8500,102,1.5,6000,0,0,0,0,0,70.73,30,71.43,66.22,50.7,0,0
2026-09-02T02:10:24.086000+09:00,2026-09-01T17:10:24.086000+00:00,094623,2451.8,1,0,0,0,0,13451,502,13451,0,0,0,0,4651,-28608,10326,518,4992,0,129,0,0,0,0,2,0,0,0,0,31082107,2018,0.23,1058.69,3510.54,0,52.6,97.1,68.4,33.8,61.8,529.9,46.3,599.8,166.2,170,1061.6,365538,5646,12.75,89.1,1520,2.7,1.12,29.3,38.5,65,24.69,12247574,72915,78.11,3436.23,0,1200,400,720,240,4200,7500,8500,102,1.5,6000,0,0,0,0,0,70.47,30,65.24,60.56,50.7,0,0
2026-09-02T02:11:24.183000+09:00,2026-09-01T17:11:24.183000+00:00,094623,1210.1,1,0,0,0,0,13451,491,13451,0,0,0,0,4655,-28608,10310,518,4992,0,129,0,0,0,0,2,0,0,0,0,31082107,2018,0.33,458.08,1668.14,0,52.3,97.4,68.3,33.7,61.5,532.9,47.2,587.7,150.4,153.1,1042.6,365538,5646,12.69,90.5,1480,2.68,1.09,21.9,37.8,65,10.35,12247577,72915,62.41,3436.23,0,1200,400,720,240,4200,7500,8500,102,1.5,6000,0,0,0,0,0,62.74,30,57.44,56.02,50.7,0,0
2026-09-02T02:12:24.310000+09:00,2026-09-01T17:12:24.310000+00:00,094623,1294.3,1,0,0,0,0,13451,492,13451,0,0,0,0,4651,-28608,10326,518,4992,0,129,0,0,0,0,2,0,0,0,0,31082107,2018,0.2,592.36,1886.65,0,52.1,97.5,68.2,33.8,60.8,525,47.1,583.3,145.3,147.7,1040.3,365539,5647,12.7,93.4,1470,2.69,1.09,22.2,35.4,65,11.28,12247579,72915,68.98,3436.23,0,1200,400,720,240,4200,7500,8500,102,1.5,6000,0,0,0,0,0,62.83,30,56.16,68.76,50.7,0,0
2026-09-02T02:13:24.345000+09:00,2026-09-01T17:13:24.345000+00:00,094623,2305.4,1,0,0,0,0,13451,494,13451,0,0,0,0,4651,-28608,2150,6,12676,528,129,0,0,0,0,2,0,0,0,0,31082107,2018,0.2,1097.75,3403.12,0,52,99.2,68.3,33.8,60.5,521.8,45.8,593.7,154.8,158.3,1049.3,365539,5647,12.53,87.9,1490,2.65,1.15,30.9,41.4,65,26.06,12247582,72915,75.8,3436.23,0,1200,400,720,240,4200,7500,8500,102,1.5,6000,0,0,0,0,0,72.83,30,72.57,61.47,50.7,0,0
2026-09-02T02:14:24.444000+09:00,2026-09-01T17:14:24.444000+00:00,094623,2288.3,1,0,0,0,0,13451,498,13451,0,0,0,0,4651,-28608,10326,6,4480,0,129,0,0,0,0,2,0,0,0,0,31082107,2018,0.26,1044.04,3332.32,0,51.9,96.4,67.6,33.8,60.9,527.7,46.1,599.2,161,165,1068.2,365539,5647,12.61,88.4,1500,2.68,1.15,30.6,41.8,65,26.71,12247587,72915,71.2,3436.23,0,1200,400,720,240,4200,7500,8500,102,1.5,6000,0,0,0,0,0,70.97,30,63.47,59.93,50.7,0,0
2026-09-02T02:15:24.543000+09:00,2026-09-01T17:15:24.543000+00:00,094623,2294.4,1,0,0,0,0,13451,496,13451,0,0,0,0,4655,-28608,10326,6,4480,0,129,0,0,0,0,2,0,0,0,0,31082107,2018,0.38,1087.98,3382.37,0,51.8,98.7,66.9,33.7,61,531.4,45.1,596.1,161.1,164.9,1042.3,365539,5647,12.74,90.6,1500,2.65,1.16,30.6,41.8,65,26.58,12247591,72915,72.11,3436.23,0,1200,400,720,240,4200,7500,8500,102,1.5,6000,0,0,0,0,0,67.72,30,69.6,65.46,50.7,0,0
2026-09-02T02:16:24.644000+09:00,2026-09-01T17:16:24.644000+00:00,094623,2437.2,1,0,0,0,0,13451,502,13451,0,0,0,0,4651,-28608,10326,6,4992,0,129,0,0,0,0,2,0,0,0,0,31082107,2018,0.32,1091.65,3528.85,0,52,98.9,67.1,33.8,61.2,528,45.5,598.5,164.3,168.4,1069.6,365539,5647,12.56,90.5,1520,2.7,1.13,29.8,39,65,25.82,12247595,72915,82.85,3436.24,0,1200,400,720,240,4200,7500,8500,102,1.5,6000,0,0,0,0,0,65.56,30,70.46,66.01,50.7,0,0
2026-09-02T02:17:24.741000+09:00,2026-09-01T17:17:24.741000+00:00,094623,1194.2,1,0,0,0,0,13451,495,13451,0,0,0,0,4651,-28608,10326,6,4992,0,129,0,0,0,0,2,0,0,0,0,31082107,2018,0.27,459.3,1653.49,0,51.8,96.9,68.3,33.8,61.1,529.7,45.8,591.6,149,151.8,1017.2,365539,5647,12.67,89.9,1480,2.73,1.06,21.2,36,65,11.56,12247598,72915,67.93,3436.24,0,1200,400,720,240,4200,7500,8500,102,1.5,6000,0,0,0,0,0,60.32,30,56.36,55.55,50.7,0,0
2026-09-02T02:18:24.836000+09:00,2026-09-01T17:18:24.836000+00:00,094623,1200.3,1,0,0,0,0,13451,505,13451,0,0,0,0,4651,-28608,18518,6,4992,528,129,0,0,0,0,2,0,0,0,0,31082107,2018,0.27,571.61,1771.9,0,51.5,97.2,68.6,33.8,60.4,526.2,47.1,586.6,141.4,143.7,1025.9,365540,5648,12.71,92.9,1500,2.77,1.06,21.4,35.2,65,11.71,12247600,72915,60.15,3436.24,0,1200,400,720,240,4200,7500,8500,102,1.5,6000,0,0,0,0,0,62.1,30,55.58,66.65,50.7,0,0
2026-09-02T02:19:24.967000+09:00,2026-09-01T17:19:24.967000+00:00,094623,2382.3,1,0,0,0,0,13451,498,13451,0,0,0,0,4655,-28608,10326,518,4480,0,129,0,0,0,0,2,0,0,0,0,31082107,2018,0.24,1179.54,3561.81,0,51.6,99.8,68.3,33.8,60.1,520.7,47.3,593,152.7,156.5,1057.4,365540,5648,12.67,88.8,1510,2.67,1.14,30.9,40.2,65,25.82,12247603,72915,75.63,3436.24,0,1200,400,720,240,4200,7500,8500,102,1.5,6000,0,0,0,0,0,71.1,30,73.49,65.07,50.6,0,0
2026-09-02T02:20:25.055000+09:00,2026-09-01T17:20:25.055000+00:00,094623,2298.1,1,0,0,0,0,13451,496,13451,0,0,0,0,4651,-28608,10326,518,4480,0,129,0,0,0,0,2,0,0,0,0,31082107,2018,0.23,986.66,3284.71,0,51.7,96.7,68.1,33.8,60.5,528.9,46.4,600.1,158,161.8,1049.8,365540,5648,12.32,87.7,1500,2.68,1.15,30.6,42.1,65,26.15,12247608,72915,76.27,3436.24,0,1200,400,720,240,4200,7500,8500,102,1.5,6000,0,0,0,0,0,70.88,30,64.66,58.78,50.7,0,0
2026-09-02T02:21:25.159000+09:00,2026-09-01T17:21:25.159000+00:00,094623,2291.9,1,0,0,0,0,13451,496,13451,0,0,0,0,4655,-28608,12374,6,4480,8,129,0,0,0,0,2,0,0,0,0,31082107,2018,0.34,1026.95,3318.89,0,51.6,98,67.7,33.7,60.7,532.1,45.9,600.9,160.6,164.2,1033.8,365540,5648,12.79,89.3,1500,2.67,1.16,30.4,42.1,65,26.58,12247612,72915,70.86,3436.24,0,1200,400,720,240,4200,7500,8500,102,1.5,6000,0,0,0,0,0,69.66,30,67.12,61.58,50.6,0,0
2026-09-02T02:22:25.260000+09:00,2026-09-01T17:22:25.260000+00:00,094623,2426.2,1,0,0,0,0,13451,496,13451,0,0,0,0,4655,-28608,10326,6,4480,0,129,0,0,0,0,2,0,0,0,0,31082107,2018,0.37,1109.96,3536.18,0,51.7,98.9,67.4,33.7,60.8,530.5,45.6,600.7,161.9,165.7,1037.4,365540,5648,12.69,91.1,1500,2.66,1.15,30.8,40.9,65,26.62,12247617,72915,76.21,3436.24,0,1200,400,720,240,4200,7500,8500,102,1.5,6000,0,0,0,0,0,68.02,30,70.96,67.06,50.6,0,0
2026-09-02T02:23:25.454000+09:00,2026-09-01T17:23:25.454000+00:00,094623,2478.7,1,0,0,0,0,13451,495,13451,0,0,0,0,4651,-28608,18518,6,4480,528,129,0,0,0,0,2,0,0,0,0,31082107,2018,0.3,1128.27,3606.98,0,52,97.8,67.6,33.7,61,530.6,46.1,601.8,164.6,168.4,1035.3,365540,5648,12.85,90.1,1500,2.65,1.15,31,40.7,65,26.49,12247621,72915,80.08,3436.24,0,1200,400,720,240,4200,7500,8500,102,1.5,6000,0,0,0,0,0,67.79,30,67.89,65.47,50.6,0,0
2026-09-02T02:24:25.552000+09:00,2026-09-01T17:24:25.552000+00:00,094623,2467.7,1,0,0,0,0,13451,495,13451,0,0,0,0,4651,-26560,10326,518,4480,0,129,0,0,0,0,2,0,0,0,0,31082107,2018,0.29,1084.32,3552.05,0,52.1,97.6,67.8,33.7,61.3,531.8,47.3,601.9,164.5,168.4,1039,365541,5649,12.74,89.2,1500,2.65,1.16,30.9,41,65,26.58,12247625,72915,78.96,3436.24,0,1200,400,720,240,4200,7500,8500,102,1.5,6000,0,0,0,0,0,68.04,30,66.78,62.27,50.6,0,0
2026-09-02T02:25:25.647000+09:00,2026-09-01T17:25:25.647000+00:00,094623,1666.6,1,0,0,0,0,13451,500,13451,0,0,0,0,4651,-28608,10326,6,4992,0,129,0,0,0,0,2,0,0,0,0,31082107,2018,0.33,605.79,2272.41,0,52.2,98.1,68,33.7,61.4,533,46.8,598.6,161.3,165,1057.6,365541,5649,12.91,89.3,1510,2.73,1.12,23.6,36.2,65,13.86,12247629,72915,72.15,3436.25,0,1200,400,720,240,4200,7500,8500,102,1.5,6000,0,0,0,0,0,60.39,30,59.66,53.4,50.6,0,0
2026-09-02T02:26:25.745000+09:00,2026-09-01T17:26:25.745000+00:00,094623,1175.9,1,0,0,0,0,13451,514,13451,0,0,0,0,4655,-28608,12374,6,5024,72,129,0,0,0,0,2,0,0,0,0,31082107,2018,0.35,516.68,1692.56,0,51.9,97,68.7,33.7,61,528.1,46.5,585.8,146.5,149.2,1042.2,365541,5649,12.71,93.3,1530,2.8,1.04,21.3,35.4,65,15.23,12247631,72915,58.54,3436.25,0,1200,400,720,240,4200,7500,8500,102,1.5,6000,0,0,0,0,0,62.1,30,54.98,65.69,50.6,0,0
2026-09-02T02:27:25.827000+09:00,2026-09-01T17:27:25.827000+00:00,094623,1688.6,1,0,0,0,0,13451,493,13451,0,0,0,0,4655,-28608,10326,6,4480,0,129,0,0,0,0,2,0,0,0,0,31082107,2018,0.2,798.67,2487.26,0,51.9,99.5,68.9,33.8,60.3,523.2,47.3,583.8,143.5,146,1030.7,365541,5649,12.64,89.6,1490,2.67,1.21,28,43.5,65,19.58,12247633,72915,75.2,3436.25,0,1200,400,720,240,4200,7500,8500,102,1.5,6000,0,0,0,0,0,69.42,30,67.46,63.78,50.6,0,0
2026-09-02T02:28:25.925000+09:00,2026-09-01T17:28:25.925000+00:00,094623,2135.7,1,0,0,0,0,13451,496,13451,0,0,0,0,4655,-28608,18582,6,20864,528,129,0,0,0,0,2,0,0,0,0,31082107,2018,0.24,937.83,3073.52,0,51.8,98.5,68.1,33.8,60.3,527.8,46.9,592.9,155.5,159.4,1030.1,365541,5649,12.9,87.5,1500,2.66,1.14,30.2,42.6,65,26.52,12247638,72915,75.67,3436.25,0,1200,400,720,240,4200,7500,8500,102,1.5,6000,0,0,0,0,0,71.41,30,70.14,58.54,50.6,0,0
2026-09-02T02:29:26.012000+09:00,2026-09-01T17:29:26.012000+00:00,094623,2204.0,1,0,0,0,0,13451,495,13451,0,0,0,0,4651,-28608,10326,6,4480,0,129,0,0,0,0,2,0,0,0,0,31082107,2018,0.3,976.9,3180.94,0,51.8,96.8,67.5,33.8,60.6,531,46.6,594.4,158.3,162.1,1015.9,365541,5649,12.75,89,1490,2.67,1.15,30.5,42.8,65,25.8,12247642,72915,73.12,3436.25,0,1200,400,720,240,4200,7500,8500,102,1.5,6000,0,0,0,0,0,69.24,30,63.99,60.49,50.5,0,0
2026-09-02T02:30:26.112000+09:00,2026-09-01T17:30:26.112000+00:00,094623,2453.1,1,0,0,0,0,13451,495,13451,0,0,0,0,4655,-28608,10342,6,12676,0,129,0,0,0,0,2,0,0,0,0,31082107,2018,0.38,1190.53,3643.6,0,51.8,98.7,67,33.7,60.8,528.2,45.8,596.7,160.9,164.8,1042.3,365542,5650,12.74,91,1490,2.64,1.15,30.9,40.1,65,26.45,12247646,72915,74.74,3436.25,0,1200,400,720,240,4200,7500,8500,102,1.5,6000,0,0,0,0,0,66.52,30,69.33,66.31,50.5,0,0
2026-09-02T02:31:26.210000+09:00,2026-09-01T17:31:26.210000+00:00,094623,1676.4,1,0,0,0,0,13451,500,13451,0,0,0,0,4655,-28608,12374,6,5024,72,129,0,0,0,0,2,0,0,0,0,31082107,2018,0.29,683.92,2360.3,0,52,98.6,67.7,33.7,61.2,531,45.6,595.7,160.5,164.5,1051.9,365542,5650,12.62,90.5,1500,2.71,1.11,23.8,35.5,65,13.89,12247650,72915,81.57,3436.25,0,1200,400,720,240,4200,7500,8500,102,1.5,6000,0,0,0,0,0,59.52,30,62.73,58.4,50.5,0,0
2026-09-02T02:32:26.311000+09:00,2026-09-01T17:32:26.311000+00:00,094623,1378.5,1,0,0,0,0,13451,519,13451,0,0,0,0,4655,-28608,10326,6,4992,0,129,0,0,0,0,2,0,0,0,0,31082107,2018,0.28,652.18,2030.7,0,51.8,96.8,68.8,33.7,60.8,525.3,46,586.1,145.7,148.4,1027.7,365542,5650,12.7,91.9,1560,2.83,1.06,22.8,35.4,65,15.37,12247652,72915,62.15,3436.25,0,1200,400,720,240,4200,7500,8500,102,1.5,6000,0,0,0,0,0,63.43,30,56.34,64.15,50.5,0,0
2026-09-02T02:33:26.421000+09:00,2026-09-01T17:33:26.421000+00:00,094623,1749.6,1,0,0,0,0,13451,494,13451,0,0,0,0,4655,-28608,18518,6,4480,528,129,0,0,0,0,2,0,0,0,0,31082107,2018,0.16,808.43,2558.06,0,51.7,99.3,68.8,33.7,60.2,521,45.3,586.6,143.7,146.4,1042,365542,5650,12.63,89.9,1490,2.65,1.2,28,42.7,65,19.43,12247655,72915,67.72,3436.25,0,1200,400,720,240,4200,7500,8500,102,1.5,6000,0,0,0,0,0,68.62,30,67.11,64.41,50.5,0,0
2026-09-02T02:34:26.523000+09:00,2026-09-01T17:34:26.523000+00:00,094623,2176.0,1,0,0,0,0,13451,496,13451,0,0,0,0,4655,-26560,10326,6,4480,0,129,0,0,0,0,2,0,0,0,0,31082107,2018,0.24,981.78,3157.75,0,51.8,98.3,68.1,33.7,60.3,526.1,47.6,595.7,156.7,160.7,1024.5,365542,5650,12.75,88.1,1510,2.68,1.14,30.4,42.5,65,26.58,12247659,72915,76.37,3436.26,0,1200,400,720,240,4200,7500,8500,102,1.5,6000,0,0,0,0,0,71.35,30,70.09,61.31,50.5,0,0
2026-09-02T02:35:26.612000+09:00,2026-09-01T17:35:26.612000+00:00,094623,2412.8,1,0,0,0,0,13451,496,13451,0,0,0,0,4651,-28608,10326,518,4480,0,129,0,0,0,0,2,0,0,0,0,31082107,2018,0.27,1142.92,3555.71,0,51.7,96.9,67.5,33.7,60.6,526.1,47,595.6,159.6,163.5,1053.1,365542,5650,12.69,88.4,1500,2.65,1.16,31.4,41.4,65,26.08,12247663,72915,71.88,3436.26,0,1200,400,720,240,4200,7500,8500,102,1.5,6000,0,0,0,0,0,69.32,30,64.68,59.32,50.5,0,0
2026-09-02T02:36:26.714000+09:00,2026-09-01T17:36:26.714000+00:00,094623,2262.6,1,0,0,0,0,13451,495,13451,0,0,0,0,4651,-28608,12374,6,4512,72,129,0,0,0,0,2,0,0,0,0,31082107,2018,0.31,981.78,3244.42,0,51.7,98.7,67.1,33.6,60.8,530.5,46.6,595.9,161.2,165.1,1045.7,365543,5651,12.63,91.5,1500,2.66,1.14,30.2,41.9,65,26.38,12247668,72915,74.16,3436.26,0,1200,400,720,240,4200,7500,8500,102,1.5,6000,0,0,0,0,0,66.92,30,69.85,68.42,50.5,0,0
2026-09-02T02:37:26.813000+09:00,2026-09-01T17:37:26.813000+00:00,094623,2339.6,1,0,0,0,0,13451,495,13451,0,0,0,0,4651,-28608,10326,6,4480,0,129,0,0,0,0,2,0,0,0,0,31082107,2018,0.26,998.87,3338.42,0,51.9,98.6,67.4,33.7,60.9,531,47.5,595.6,161.2,165,1048.7,365543,5651,12.36,90.4,1490,2.65,1.16,30.8,42,65,26.59,12247672,72915,81.99,3436.26,0,1200,400,720,240,4200,7500,8500,102,1.5,6000,0,0,0,0,0,66.66,30,71.1,66.61,50.4,0,0
2026-09-02T02:38:26.923000+09:00,2026-09-01T17:38:26.923000+00:00,094623,2516.6,1,0,0,0,0,13451,501,13451,0,0,0,0,4651,-28608,10326,6,4992,0,129,0,0,0,0,2,0,0,0,0,31082107,2018,0.25,1073.34,3589.89,0,52,97.3,67.7,33.6,61.2,526.6,46.2,597.7,152.2,153.7,1068.1,365543,5651,12.74,89,1510,2.68,1.15,30.4,39.4,65,25.53,12247677,72915,77.23,3436.26,0,1200,400,720,240,4200,7500,8500,102,1.5,6000,0,0,0,0,0,65.85,30,66.11,60.85,50.4,0,0
2026-09-02T02:39:27.035000+09:00,2026-09-01T17:39:27.035000+00:00,094623,1321.1,1,0,0,0,0,13451,504,13451,0,0,0,0,4655,-26560,10326,6,4992,0,129,0,0,0,0,2,0,0,0,0,31082107,2018,0.33,561.85,1882.99,0,51.9,97.6,68.7,33.7,61.2,525.1,49.2,590.6,136,136.1,1040.3,365543,5651,12.36,89.8,1500,2.74,1.04,21.6,34,65,11.04,12247679,72915,60.74,3436.26,0,1200,400,720,240,4200,7500,8500,102,1.5,6000,0,0,0,0,0,60.87,30,57.93,53.86,50.5,0,0
2026-09-02T02:40:27.133000+09:00,2026-09-01T17:40:27.133000+00:00,094623,1250.3,1,0,0,0,0,13451,511,13451,0,0,0,0,4655,-28608,10326,6,4992,0,129,0,0,0,0,2,0,0,0,0,31082107,2018,0.27,580.16,1830.5,0,51.7,97.4,69.2,33.7,60.6,522.6,47.5,586.1,129.3,129,1027.7,365543,5651,12.68,93.7,1520,2.8,1.03,21.6,34.4,65,11.93,12247681,72915,68.13,3436.26,0,1200,400,720,240,4200,7500,8500,102,1.5,6000,0,0,0,0,0,63.98,30,56.12,68.8,50.4,0,0
2026-09-02T02:41:27.284000+09:00,2026-09-01T17:41:27.284000+00:00,094623,2237.0,1,0,0,0,0,13451,497,13451,0,0,0,0,4651,-28608,12374,518,4512,8,129,0,0,0,0,2,0,0,0,0,31082107,2018,0.22,1022.06,3259.07,0,51.8,99.5,68.7,33.7,60.3,520.3,48,592.7,134.1,134.4,1066.9,365543,5651,12.86,88.2,1500,2.67,1.15,30.8,42,65,25.3,12247684,72915,76.17,3436.26,0,1200,400,720,240,4200,7500,8500,102,1.5,6000,0,0,0,0,0,73,30,72.82,62.15,50.4,0,0
2026-09-02T02:42:27.353000+09:00,2026-09-01T17:42:27.353000+00:00,094623,2050.2,1,0,0,0,0,13451,495,13451,0,0,0,0,4651,-28608,10326,6,4480,0,129,0,0,0,0,2,0,0,0,0,31082107,2018,0.24,829.19,2879.42,0,51.7,96.6,67.8,33.7,60.5,531.5,46.5,595.5,137.2,138.9,1060.9,365544,5652,12.68,88.6,1490,2.65,1.15,30,44.3,65,26.64,12247689,72915,73.82,3436.27,0,1200,400,720,240,4200,7500,8500,102,1.5,6000,0,0,0,0,0,70.76,30,64.44,60.41,50.4,0,0
2026-09-02T02:43:27.442000+09:00,2026-09-01T17:43:27.442000+00:00,094623,2580.0,1,0,0,0,0,13451,496,13451,0,0,0,0,4655,-28608,10326,518,4480,0,129,0,0,0,0,2,0,0,0,0,31082107,2018,0.37,1214.94,3794.98,0,51.8,98.7,66.8,33.7,60.6,525,50.3,598.4,140.1,141.7,1063.7,365544,5652,12.7,90.7,1500,2.66,1.16,31.8,40.2,65,25.76,12247693,72915,70.48,3436.27,0,1200,400,720,240,4200,7500,8500,102,1.5,6000,0,0,0,0,0,66.75,30,69.53,65.9,50.4,0,0
2026-09-02T02:44:27.547000+09:00,2026-09-01T17:44:27.547000+00:00,094623,1294.3,1,0,0,0,0,13451,493,13451,0,0,0,0,4655,-28608,10326,6,4992,0,129,0,0,0,0,2,0,0,0,0,31082107,2018,0.29,483.72,1778.01,0,51.9,97.4,67.9,33.6,60.8,528.2,48.6,592.9,134.8,136.1,1029.5,365544,5652,12.44,91.2,1480,2.72,1.05,21.7,35.8,65,11.37,12247696,72915,76.21,3436.27,0,1200,400,720,240,4200,7500,8500,102,1.5,6000,0,0,0,0,0,59.34,30,57.65,59.56,50.4,0,0
2026-09-02T02:45:27.644000+09:00,2026-09-01T17:45:27.644000+00:00,094623,1221.0,1,0,0,0,0,13451,501,13451,0,0,0,0,4655,-28608,10326,590,4992,8192,129,0,0,0,0,2,0,0,0,0,31082107,2018,0.26,530.11,1751.15,0,51.6,97.5,68.8,33.6,60.3,524.2,49.2,587,127.6,127.9,1015.5,365544,5652,12.22,91.6,1490,2.74,1.06,21.6,35.5,65,11.56,12247698,72915,62.15,3436.27,0,1200,400,720,240,4200,7500,8500,102,1.5,6000,0,0,0,0,0,62.84,30,56.61,62.62,50.4,0,0
2026-09-02T02:46:27.731000+09:00,2026-09-01T17:46:27.731000+00:00,094623,2094.2,1,0,0,0,0,13451,495,13451,0,0,0,0,4651,-28608,10326,6,4480,528,129,0,0,0,0,2,0,0,0,0,31082107,2018,0.24,980.56,3074.74,0,51.6,99.1,68.5,33.6,59.8,518.7,47.2,590.1,130.4,131.1,1039.2,365544,5652,12.91,89.7,1490,2.66,1.17,30.3,42.7,65,24.97,12247701,72915,66.23,3436.27,0,1200,400,720,240,4200,7500,8500,102,1.5,6000,0,0,0,0,0,71.5,30,70.7,66.84,50.4,0,0
2026-09-02T02:47:27.829000+09:00,2026-09-01T17:47:27.829000+00:00,094623,2241.9,1,0,0,0,0,13451,496,13451,0,0,0,0,4655,-28608,10390,6,20864,0,129,0,0,0,0,2,0,0,0,0,31082107,2018,0.26,986.66,3228.55,0,51.7,97.7,67.9,33.6,60.1,526.4,48.5,592.8,138,139.5,1025.1,365544,5652,12.56,88.3,1500,2.68,1.15,30.6,42.3,65,26.61,12247705,72915,77.29,3436.27,0,1200,400,720,240,4200,7500,8500,102,1.5,6000,0,0,0,0,0,70.59,30,68.01,61.79,50.3,0,0
2026-09-02T02:48:27.904000+09:00,2026-09-01T17:48:27.904000+00:00,094623,2468.9,1,0,0,0,0,13451,495,13451,0,0,0,0,4655,-28608,10326,6,4480,0,129,0,0,0,0,2,0,0,0,0,31082107,2018,0.32,1224.71,3693.65,0,51.7,97.2,67.8,33.5,60.4,524.6,47.7,597.6,142.7,145,1099.8,365545,5653,12.7,88.9,1490,2.66,1.16,31.4,40.5,65,26.7,12247710,72915,72.22,3436.27,0,1200,400,720,240,4200,7500,8500,102,1.5,6000,0,0,0,0,0,70.03,30,65.41,61.1,50.3,0,0
2026-09-02T02:49:28.010000+09:00,2026-09-01T17:49:28.010000+00:00,094623,2320.0,1,0,0,0,0,13451,498,13451,0,0,0,0,4651,-28608,10342,518,12676,8,129,0,0,0,0,2,0,0,0,0,31082107,2018,0.34,1025.73,3345.74,0,51.7,97.8,67.7,33.5,60.7,529.5,48.2,598.4,144.5,147.1,1054.7,365545,5653,12.84,90.2,1510,2.68,1.14,30.4,41.4,65,26.37,12247714,72915,74.77,3436.27,0,1200,400,720,240,4200,7500,8500,102,1.5,6000,0,0,0,0,0,69.46,30,66.54,64.5,50.3,0,0
2026-09-02T02:50:28.113000+09:00,2026-09-01T17:50:28.113000+00:00,094623,2495.8,1,0,0,0,0,13451,497,13451,0,0,0,0,4651,-28608,10326,518,4480,0,129,0,0,0,0,2,0,0,0,0,31082107,2018,0.31,1179.54,3675.34,0,51.9,98.4,67.8,33.5,60.8,528.1,47,599.8,145,147.5,1093,365545,5653,12.86,90.5,1500,2.66,1.15,31.3,40.6,65,26.42,12247719,72915,80.61,3436.28,0,1200,400,720,240,4200,7500,8500,102,1.5,6000,0,0,0,0,0,69.3,30,68.21,66.75,50.3,0,0
2026-09-02T02:51:28.212000+09:00,2026-09-01T17:51:28.212000+00:00,094623,2339.6,1,0,0,0,0,13451,495,13451,0,0,0,0,4655,-28608,18518,6,4480,528,129,0,0,0,0,2,0,0,0,0,31082107,2018,0.29,1096.53,3436.08,0,52,99,68.1,33.5,61,531.8,46.4,600.9,145.7,148.3,1069.2,365545,5653,12.34,89.3,1500,2.65,1.14,30.5,41,65,26.46,12247723,72915,80.26,3436.28,0,1200,400,720,240,4200,7500,8500,102,1.5,6000,0,0,0,0,0,70.09,30,71.48,62.87,50.3,0,0
2026-09-02T02:52:28.322000+09:00,2026-09-01T17:52:28.322000+00:00,094623,2406.7,1,0,0,0,0,13451,502,13451,0,0,0,0,4655,-28608,10326,6,4992,0,129,0,0,0,0,2,0,0,0,0,31082107,2018,0.29,1042.82,3449.51,0,52.1,97.4,68.1,33.5,61.1,528.4,48,601.5,147.3,149.9,1048,365545,5653,12.75,89,1520,2.7,1.13,29.5,38.8,65,24.95,12247728,72915,76.86,3436.28,0,1200,400,720,240,4200,7500,8500,102,1.5,6000,0,0,0,0,0,68.81,30,65.49,59.12,50.3,0,0
2026-09-02T02:53:28.431000+09:00,2026-09-01T17:53:28.431000+00:00,094623,1232.0,1,0,0,0,0,13451,492,13451,0,0,0,0,4651,-28608,10326,518,4992,0,129,0,0,0,0,2,0,0,0,0,31082107,2018,0.36,536.21,1768.24,0,52,97.4,68.3,33.5,60.9,531.1,51.8,589.6,135.3,136.3,1035.4,365545,5653,12.8,91.4,1480,2.7,1.1,22.2,37.6,65,10.84,12247730,72915,61.4,3436.28,0,1200,400,720,240,4200,7500,8500,102,1.5,6000,0,0,0,0,0,61.74,30,56.99,58.08,50.2,0,0
2026-09-02T02:54:28.539000+09:00,2026-09-01T17:54:28.539000+00:00,094623,1213.7,1,0,0,0,0,13451,491,13451,0,0,0,0,4651,-28608,12374,6,5024,72,129,0,0,0,0,2,0,0,0,0,31082107,2018,0.2,577.71,1791.44,0,51.8,98,68.6,33.6,60.2,525.9,48.5,587.1,130,130.1,1034.2,365546,5654,12.79,92.4,1480,2.71,1.09,22.3,36.7,65,11.5,12247732,72915,74.22,3436.28,0,1200,400,720,240,4200,7500,8500,102,1.5,6000,0,0,0,0,0,63.23,30,57.37,65.92,50.3,0,0
2026-09-02T02:55:28.630000+09:00,2026-09-01T17:55:28.630000+00:00,094623,2096.6,1,0,0,0,0,13451,497,13451,0,0,0,0,4651,-28608,10326,518,4480,0,129,0,0,0,0,2,0,0,0,0,31082107,2018,0.24,969.57,3066.19,0,51.7,98.8,68.3,33.6,59.9,523.9,47.6,595.5,136.5,136.8,1047.1,365546,5654,12.77,88.5,1500,2.68,1.13,30.1,42.3,65,25.9,12247735,72915,70.43,3436.28,0,1200,400,720,240,4200,7500,8500,102,1.5,6000,0,0,0,0,0,72.52,30,70.94,62.46,50.3,0,0
2026-09-02T02:56:28.742000+09:00,2026-09-01T17:56:28.742000+00:00,094623,2096.6,1,0,0,0,0,13451,495,13451,0,0,0,0,4655,-28608,18518,6,4480,528,129,0,0,0,0,2,0,0,0,0,31082107,2018,0.28,841.39,2938.02,0,51.6,96.7,67.5,33.6,60,531.6,46.8,596.6,139.1,140.6,1054,365546,5654,12.69,90,1500,2.67,1.15,30.3,44.1,65,26.47,12247740,72915,74.45,3436.28,0,1200,400,720,240,4200,7500,8500,102,1.5,6000,0,0,0,0,0,70.04,30,63.73,65.59,50.2,0,0
2026-09-02T02:57:28.833000+09:00,2026-09-01T17:57:28.833000+00:00,094623,2283.4,1,0,0,0,0,13451,495,13451,0,0,0,0,4651,-28608,10326,6,4480,0,129,0,0,0,0,2,0,0,0,0,31082107,2018,0.31,1019.62,3303.02,0,51.6,99.3,67,33.5,60.1,530.3,46.1,594.3,141.2,143.2,1040.8,365546,5654,12.73,90,1500,2.65,1.16,31,42.6,65,26.63,12247744,72915,79.53,3436.28,0,1200,400,720,240,4200,7500,8500,102,1.5,6000,0,0,0,0,0,67.44,30,71.31,66.14,50.2,0,0
2026-09-02T02:58:28.934000+09:00,2026-09-01T17:58:28.934000+00:00,094623,2232.1,1,0,0,0,0,13451,501,13451,0,0,0,0,4655,-28608,10326,6,4992,0,129,0,0,0,0,2,0,0,0,0,31082107,2018,0.28,1033.05,3265.17,0,51.8,98.1,67.2,33.5,60.5,526.3,45.9,600,146.3,148.4,1071.3,365546,5654,12.82,89.2,1510,2.71,1.11,27.6,36.3,65,21.8,12247749,72915,79.11,3436.29,0,1200,400,720,240,4200,7500,8500,102,1.5,6000,0,0,0,0,0,63.05,30,65.8,59.82,50.3,0,0
2026-09-02T02:59:29.028000+09:00,2026-09-01T17:59:29.028000+00:00,094623,1713.0,1,0,0,0,0,13451,461,13451,0,0,0,0,4651,-28608,12374,6,5024,72,129,0,0,0,0,2,0,0,0,0,31082107,2018,0.31,801.11,2514.11,0,51.5,97.2,68.4,33.4,60.4,528.1,47.1,591.2,134.5,135.5,1032.4,365546,5654,12.76,89.6,1490,2.57,1.22,26.5,38.2,65,11.23,12247751,72915,59.69,3436.29,0,1200,400,720,240,4200,7500,8500,102,1.5,6000,0,0,0,0,0,59.98,30,55.93,53.41,50.2,0,0
2026-09-02T03:00:29.163000+09:00,2026-09-01T18:00:29.163000+00:00,094623,1234.5,1,0,0,0,0,13451,494,13451,0,0,0,0,4651,-28608,10326,6,4480,0,129,0,0,0,0,2,0,0,0,0,31082107,2018,0.26,513.02,1747.49,0,51.3,97.3,68.7,33.4,59.8,527.5,48.5,586.6,128.7,129.2,1042.4,365547,5655,12.24,93.7,1480,2.72,1.14,23,39.2,65,11.41,12247753,72915,62.79,3436.29,0,1200,400,720,240,4200,7500,8500,102,1.5,6000,0,0,0,0,0,62.78,30,55.74,69.23,50.2,0,0
2026-09-02T03:01:29.249000+09:00,2026-09-01T18:01:29.249000+00:00,094623,2055.1,1,0,0,0,0,13451,495,13451,0,0,0,0,4655,-28608,18518,6,4480,528,129,0,0,0,0,2,0,0,0,0,31082107,2018,0.22,919.52,2974.64,0,51.4,99.9,68.4,33.4,59.5,525.4,47.6,593.3,136,137.2,1058.1,365547,5655,12.41,88.3,1500,2.67,1.15,30.2,43.5,65,26.38,12247756,72915,80.31,3436.29,0,1200,400,720,240,4200,7500,8500,102,1.5,6000,0,0,0,0,0,71.75,30,73.78,63.34,50.2,0,0
2026-09-02T03:02:29.359000+09:00,2026-09-01T18:02:29.359000+00:00,094623,2349.3,1,0,0,0,0,13451,497,13451,0,0,0,0,4651,-28608,10326,518,4480,0,129,0,0,0,0,2,0,0,0,0,31082107,2018,0.24,1091.65,3440.96,0,51.3,96.3,67.6,33.4,59.7,526.2,46.4,593.9,140.8,142.5,1061.6,365547,5655,12.57,87.9,1500,2.68,1.17,31.3,41.9,65,25.86,12247761,72915,71.37,3436.29,0,1200,400,720,240,4200,7500,8500,102,1.5,6000,0,0,0,0,0,69.58,30,62.89,58.62,50.1,0,0
2026-09-02T03:03:29.475000+09:00,2026-09-01T18:03:29.475000+00:00,094623,2033.1,1,0,0,0,0,13451,501,13451,0,0,0,0,4655,-28608,10326,518,4992,0,129,0,0,0,0,2,0,0,0,0,31082107,2018,0.35,897.55,2930.69,0,51.3,99.3,66.9,33.4,60.1,527.3,47.2,598.2,144.6,146.1,1107.6,365547,5655,12.71,89.4,1510,2.73,1.1,26.6,36.7,65,19.24,12247765,72915,70.4,3436.29,0,1200,400,720,240,4200,7500,8500,102,1.5,6000,0,0,0,0,0,61.81,30,66.81,56.47,50.2,0,0
2026-09-02T03:04:29.570000+09:00,2026-09-01T18:04:29.570000+00:00,094623,1352.9,1,0,0,0,0,13451,518,13451,0,0,0,0,4651,-28608,12438,6,21408,72,129,0,0,0,0,2,0,0,0,0,31082107,2018,0.35,627.77,1980.65,0,51.1,96.4,68.2,33.4,59.9,524,45.9,587.3,132.9,133.6,1041.5,365547,5655,12.79,91.9,1550,2.86,1.05,22.3,34.5,65,14.71,12247767,72915,61.05,3436.29,0,1200,400,720,240,4200,7500,8500,102,1.5,6000,0,0,0,0,0,60.67,30,54.24,60.27,50.2,0,0
2026-09-02T03:05:29.675000+09:00,2026-09-01T18:05:29.675000+00:00,094623,1412.7,1,0,0,0,0,13451,493,13451,0,0,0,0,4651,-28608,10326,6,4480,0,129,0,0,0,0,2,0,0,0,0,31082107,2018,0.22,627.77,2040.47,0,51,98.8,68.8,33.4,59.4,522.7,46.3,584,129.8,130.5,1046.2,365547,5655,12.56,90.9,1490,2.71,1.16,24.6,39.8,65,12.98,12247769,72915,75.29,3436.29,0,1200,400,720,240,4200,7500,8500,102,1.5,6000,0,0,0,0,0,64,30,60.77,62.49,50.2,0,0
2026-09-02T03:06:29.782000+09:00,2026-09-01T18:06:29.782000+00:00,094623,2248.0,1,0,0,0,0,13451,499,13451,0,0,0,0,4655,-28608,18582,6,20864,528,129,0,0,0,0,2,0,0,0,0,31082107,2018,0.26,992.77,3240.76,0,51,98.2,68.1,33.4,59.3,521.8,46.6,592.6,139.2,140.8,1034.4,365548,5656,12.36,87.7,1510,2.7,1.14,30.8,42,65,26.35,12247773,72915,74.43,3436.29,0,1200,400,720,240,4200,7500,8500,102,1.5,6000,0,0,0,0,0,70.82,30,68.84,59.07,50.1,0,0
2026-09-02T03:07:29.872000+09:00,2026-09-01T18:07:29.872000+00:00,094623,2302.9,1,0,0,0,0,13451,497,13451,0,0,0,0,4651,-28608,10326,6,4480,0,129,0,0,0,0,2,0,0,0,0,31082107,2018,0.27,1089.21,3392.13,0,51.1,97,67.4,33.4,59.6,526.2,47.9,594.5,141.3,142.9,1058.6,365548,5656,12.88,88.8,1500,2.69,1.16,31,41.8,65,26.6,12247777,72915,70.42,3436.3,0,1200,400,720,240,4200,7500,8500,102,1.5,6000,0,0,0,0,0,68.35,30,64.21,59.35,50.2,0,0
2026-09-02T03:08:29.979000+09:00,2026-09-01T18:08:29.979000+00:00,094623,2498.2,1,0,0,0,0,13451,496,13451,0,0,0,0,4651,-28608,10342,6,12676,0,129,0,0,0,0,2,0,0,0,0,31082107,2018,0.37,1125.83,3624.07,0,51.2,98.2,67,33.4,59.9,525.6,46.7,597.5,145.2,147,1045,365548,5656,12.73,91,1500,2.69,1.15,31.2,40.1,65,26.46,12247782,72915,73.55,3436.3,0,1200,400,720,240,4200,7500,8500,102,1.5,6000,0,0,0,0,0,65.88,30,67.05,65.55,50.1,0,0
2026-09-02T03:09:30.094000+09:00,2026-09-01T18:09:30.094000+00:00,094623,2489.7,1,0,0,0,0,13451,496,13451,0,0,0,0,4651,-28608,12374,6,4512,72,129,0,0,0,0,2,0,0,0,0,31082107,2018,0.35,1199.07,3688.77,0,51.4,99.2,67.5,33.3,60.3,526.7,46.5,599,146.9,149,1071.7,365548,5656,12.7,90.2,1500,2.69,1.15,31.1,40,65,26.4,12247786,72915,81.29,3436.3,0,1200,400,720,240,4200,7500,8500,102,1.5,6000,0,0,0,0,0,66.21,30,71.22,64.68,50.1,0,0
2026-09-02T03:10:30.201000+09:00,2026-09-01T18:10:30.201000+00:00,094623,2469.0,1,0,0,0,0,13451,494,13451,0,0,0,0,4655,-26560,10326,6,4480,0,129,0,0,0,0,2,0,0,0,0,31082107,2018,0.32,1177.1,3646.05,0,51.6,98.4,67.9,33.3,60.6,528.8,47.1,600,147.6,149.8,1056.4,365548,5656,12.62,89.2,1500,2.66,1.15,31.1,40.3,65,25.81,12247791,72915,79.94,3436.3,0,1200,400,720,240,4200,7500,8500,102,1.5,6000,0,0,0,0,0,66.96,30,69.98,61.28,50.1,0,0
2026-09-02T03:11:30.291000+09:00,2026-09-01T18:11:30.291000+00:00,094623,1798.5,1,0,0,0,0,13451,501,13451,0,0,0,0,4655,-28608,10326,6,4992,0,129,0,0,0,0,2,0,0,0,0,31082107,2018,0.32,708.33,2506.79,0,51.8,97.5,68.2,33.3,60.8,533.6,46.9,600,146.3,148.5,1071.5,365548,5656,12.88,89.5,1510,2.73,1.1,25.1,37.2,65,17.85,12247795,72915,76.14,3436.3,0,1200,400,720,240,4200,7500,8500,102,1.5,6000,0,0,0,0,0,62.25,30,61.34,55.28,50,0,0
2026-09-02T03:12:30.388000+09:00,2026-09-01T18:12:30.388000+00:00,094623,1175.9,1,0,0,0,0,13451,493,13451,0,0,0,0,4651,-28608,10326,6,4992,0,129,0,0,0,0,2,0,0,0,0,31082107,2018,0.37,448.32,1624.19,0,51.6,96.9,68.8,33.3,60.3,532.1,46,585.3,132.6,133.2,1040,365549,5657,12.65,92.8,1490,2.71,1.11,22.1,38.9,65,11.2,12247797,72915,58.55,3436.3,0,1200,400,720,240,4200,7500,8500,102,1.5,6000,0,0,0,0,0,61.26,30,55.01,62.41,50.1,0,0
2026-09-02T03:13:30.504000+09:00,2026-09-01T18:13:30.504000+00:00,094623,1473.7,1,0,0,0,0,13451,494,13451,0,0,0,0,4651,-28608,10326,6,4480,0,129,0,0,0,0,2,0,0,0,0,31082107,2018,0.2,615.56,2089.3,0,51.6,99,68.9,33.4,59.6,525.7,46.7,585.2,128.3,128.4,1043.6,365549,5657,12.57,90.6,1490,2.7,1.19,25.5,41.9,65,15.81,12247799,72915,73.33,3436.3,0,1200,400,720,240,4200,7500,8500,102,1.5,6000,0,0,0,0,0,65.73,30,63.21,63.57,50.1,0,0
2026-09-02T03:14:30.622000+09:00,2026-09-01T18:14:30.622000+00:00,094623,2270.0,1,0,0,0,0,13451,496,13451,0,0,0,0,4651,-26560,12374,6,4512,8,129,0,0,0,0,2,0,0,0,0,31082107,2018,0.24,1040.38,3310.34,0,51.6,98.4,68.2,33.4,59.5,524,46,596.8,140,141.2,1043.7,365549,5657,12.73,87.6,1500,2.68,1.14,30.7,41.5,65,25.91,12247803,72915,76.16,3436.3,0,1200,400,720,240,4200,7500,8500,102,1.5,6000,0,0,0,0,0,71.17,30,70.01,59.03,50.1,0,0
2026-09-02T03:15:30.712000+09:00,2026-09-01T18:15:30.712000+00:00,094623,2393.3,1,0,0,0,0,13451,497,13451,0,0,0,0,4651,-28608,10326,6,4480,0,129,0,0,0,0,2,0,0,0,0,31082107,2018,0.31,1100.19,3493.45,0,51.5,96.8,67.5,33.3,59.9,526,47.9,599,144.3,146.1,1038.8,365549,5657,12.88,89.2,1500,2.67,1.15,31.1,41,65,26.71,12247807,72915,71.45,3436.31,0,1200,400,720,240,4200,7500,8500,102,1.5,6000,0,0,0,0,0,68.91,30,64.17,61.23,50.1,0,0
2026-09-02T03:16:30.804000+09:00,2026-09-01T18:16:30.804000+00:00,094623,2355.4,1,0,0,0,0,13451,498,13451,0,0,0,0,4655,-28608,10326,6,4480,0,129,0,0,0,0,2,0,0,0,0,31082107,2018,0.36,1103.85,3459.27,0,51.5,98.9,67.2,33.3,60.2,528.3,45.7,601.3,146.2,148.4,1060.3,365549,5657,12.75,90.9,1500,2.67,1.14,30.7,41,65,26.65,12247812,72915,75.19,3436.31,0,1200,400,720,240,4200,7500,8500,102,1.5,6000,0,0,0,0,0,67.05,30,70.29,66.86,50.1,0,0
2026-09-02T03:17:30.913000+09:00,2026-09-01T18:17:30.913000+00:00,094623,2387.1,1,0,0,0,0,13451,495,13451,0,0,0,0,4651,-28608,10326,6,4480,0,129,0,0,0,0,2,0,0,0,0,31082107,2018,0.33,1073.34,3460.49,0,51.7,98.5,67.6,33.3,60.4,530.1,46.1,602.6,146,148.3,1052.4,365549,5657,12.76,90.4,1490,2.66,1.16,31,41.5,65,26.62,12247816,72915,80.28,3436.31,0,1200,400,720,240,4200,7500,8500,102,1.5,6000,0,0,0,0,0,67.17,30,70.34,66.32,50,0,0
2026-09-02T03:18:31.020000+09:00,2026-09-01T18:18:31.020000+00:00,094623,2342.0,1,0,0,0,0,13451,496,13451,0,0,0,0,4651,-28608,10326,6,4480,0,129,0,0,0,0,2,0,0,0,0,31082107,2018,0.31,991.55,3333.54,0,51.8,98.1,67.9,33.3,60.6,531.3,45.6,604.6,147.7,150.5,1029.1,365550,5658,12.93,89.9,1500,2.66,1.14,30.4,41.6,65,26.58,12247821,72915,77.04,3436.31,0,1200,400,720,240,4200,7500,8500,102,1.5,6000,0,0,0,0,0,67.66,30,69.53,64.84,50,0,0
2026-09-02T03:19:31.118000+09:00,2026-09-01T18:19:31.118000+00:00,094623,2567.8,1,0,0,0,0,13451,498,13451,0,0,0,0,4655,-26560,18518,6,4481,528,129,0,0,0,0,2,0,0,0,0,31082107,2018,0.31,1107.52,3675.34,0,51.9,97.8,68.2,33.3,60.8,529,46.8,606.6,146.9,148.4,1064.5,365550,5658,12.69,89.9,1510,2.68,1.15,31.3,40.4,65,26.47,12247825,72915,77.79,3436.31,0,1200,400,720,240,4200,7500,8500,102,1.5,6000,0,0,0,0,0,68.84,30,68.64,64.7,50,0,0
2026-09-02T03:20:31.229000+09:00,2026-09-01T18:20:31.229000+00:00,094623,2514.1,1,0,0,0,0,13451,502,13451,0,0,0,0,4651,-28608,10326,6,4992,0,129,0,0,0,0,2,0,0,0,0,31082107,2018,0.32,1152.68,3666.8,0,52,98.3,68.5,33.3,61,528.8,46.4,608.7,149.4,152,1072.7,365550,5658,12.77,90.2,1520,2.69,1.15,30.2,39.1,65,25.56,12247830,72915,78.79,3436.31,0,1200,400,720,240,4200,7500,8500,102,1.5,6000,0,0,0,0,0,69.26,30,69.16,64.76,50,0,0
2026-09-02T03:21:31.326000+09:00,2026-09-01T18:21:31.326000+00:00,094623,1229.6,1,0,0,0,0,13451,500,13451,0,0,0,0,4655,-28608,10326,6,4992,0,129,0,0,0,0,2,0,0,0,0,31082107,2018,0.29,548.42,1778.01,0,51.9,97.1,68.8,33.3,60.8,528.8,45.8,598.1,138.6,139.7,1045.8,365550,5658,12.68,91.1,1490,2.73,1.06,21.4,34.9,65,12.46,12247832,72915,68.97,3436.31,0,1200,400,720,240,4200,7500,8500,102,1.5,6000,0,0,0,0,0,62.8,30,57,59.53,49.9,0,0
2026-09-02T03:22:31.393000+09:00,2026-09-01T18:22:31.393000+00:00,094623,1258.9,1,0,0,0,0,13451,511,13451,0,0,0,0,4655,-28608,10326,6,4992,0,129,0,0,0,0,2,0,0,0,0,31082107,2018,0.19,603.35,1862.24,0,51.7,98,68.7,33.3,60.2,522.6,46.1,592.9,133.5,133.8,1046.8,365550,5658,12.7,91.3,1520,2.8,1.04,21.7,34.1,65,13.78,12247834,72915,70.24,3436.31,0,1200,400,720,240,4200,7500,8500,102,1.5,6000,0,0,0,0,0,63.79,30,58.53,63.62,50,0,0
2026-09-02T03:23:31.498000+09:00,2026-09-01T18:23:31.498000+00:00,094623,2157.7,1,0,0,0,0,13451,497,13451,0,0,0,0,4655,-26560,10390,590,20864,8192,129,0,0,0,0,2,0,0,0,0,31082107,2018,0.23,964.69,3122.35,0,51.6,98.3,68.4,33.3,59.9,522,46.2,598.6,138.6,139.1,1050.6,365550,5658,12.61,88.3,1500,2.68,1.14,30.2,41.9,65,26.44,12247837,72915,71.44,3436.32,0,1200,400,720,240,4200,7500,8500,102,1.5,6000,0,0,0,0,0,72.85,30,70.01,62.72,50,0,0
2026-09-02T03:24:31.585000+09:00,2026-09-01T18:24:31.585000+00:00,094623,2143.0,1,0,0,0,0,13451,496,13451,0,0,0,0,4651,-28608,18518,6,4480,528,129,0,0,0,0,2,0,0,0,0,31082107,2018,0.23,952.48,3095.49,0,51.5,96.9,67.9,33.3,60.1,530.9,45.7,601.5,141.3,142.9,1030.7,365551,5659,12.73,88.6,1500,2.68,1.16,30.5,43.6,65,26.52,12247842,72915,75.86,3436.32,0,1200,400,720,240,4200,7500,8500,102,1.5,6000,0,0,0,0,0,71.67,30,65.24,61.17,50,0,0
