timestamp_jst,timestamp_utc,deviceId,diff_pressure_Pa,unit_status1,1101,1102,1103,1104,1105,1106,1107,1108,1109,1110,1111,1112,1113,1114,1115,1116,1117,1118,1119,1150,1151,1152,1153,1154,1155,1156,1157,serial_number,1202,circulation_pressure_bar,gas_pressure_before_filter_Pa,gas_pressure_before_engine_Pa,1210,1212,1214,1216,1218,1220,1222,gasifier_top_temp_C,gas_temp_after_gasifier_C,gas_temp_before_filter_primary_C,gas_temp_before_filter_secondary_C,gasifier_throat_temp_C,1234,1236,1238,cooling_circ_temp_in_engine_C,engine,oil_pressure_bar,1246,1248,1250,1252,power_kW_IEM3255,produced_energy_EM1_Wh,1258,1260,1262,1264,throat_temp_high_limit_C,gasifier_top_temp_high_limit_C,gas_temp_after_gasifier_high_limit_C,gas_temp_before_filter_high_limit_C,filter_dp_high_limit_Pa,gas_pressure_before_filter_high_limit_Pa,gas_pressure_before_engine_high_limit_Pa,cooling_circ_temp_high_limit_C,oil_pressure_low_limit_bar,1284,1286,1288,1290,1292,1294,1296,1298,1300,1302,1304,1306,1308
2026-08-30T09:00:59.351000+09:00,2026-08-30T00:00:59.351000+00:00,094623,2094.2,1,0,0,0,0,13434,495,13434,0,0,0,0,4651,-28608,10326,6,4480,0,129,0,0,0,0,2,0,0,0,0,31082107,2018,0.24,1114.84,3209.02,0,54.1,97.9,68.1,33.8,64.8,530.5,40.3,604.5,168.8,168.8,1051.7,364887,4995,12.74,90.1,1490,2.6,1.16,31.3,42.8,65,26.64,12232299,72915,80.27,3431.3,0,1200,400,720,240,4200,7500,8500,102,1.5,6000,0,0,0,0,0,72.66,30,71.1,68.46,40.2,0,0
2026-08-30T09:01:59.419000+09:00,2026-08-30T00:01:59.419000+00:00,094623,2111.3,1,0,0,0,0,13434,495,13434,0,0,0,0,4651,-28608,10326,6,4480,0,129,0,0,0,0,2,0,0,0,0,31082107,2018,0.24,1075.78,3187.05,0,54.1,97.9,68,33.8,64.8,529.8,39.8,605.7,169.1,169.2,1049.5,364887,4995,12.55,89.7,1500,2.6,1.14,31,42.2,65,26.62,12232303,72915,80.85,3431.3,0,1200,400,720,240,4200,7500,8500,102,1.5,6000,0,0,0,0,0,72.54,30,71.11,67.14,40.2,0,0
2026-08-30T09:02:59.530000+09:00,2026-08-30T00:02:59.530000+00:00,094623,2071.0,1,0,0,0,0,13434,495,13434,0,0,0,0,4655,-28608,12374,6,4480,8,129,0,0,0,0,2,0,0,0,0,31082107,2018,0.26,1017.18,3088.17,0,53.9,97.8,68,33.8,64.8,530,40.2,606.2,168.3,168.6,1039.7,364887,4995,12.74,89.8,1490,2.59,1.14,30.8,42.8,65,26.61,12232308,72915,79.11,3431.3,0,1200,400,720,240,4200,7500,8500,102,1.5,6000,0,0,0,0,0,72.57,30,70.61,66.96,40.3,0,0
2026-08-30T09:03:59.631000+09:00,2026-08-30T00:03:59.631000+00:00,094623,2256.5,1,0,0,0,0,13434,497,13434,0,0,0,0,4655,-26560,10326,6,4480,0,129,0,0,0,0,2,0,0,0,0,31082107,2018,0.26,1144.14,3400.68,0,53.9,97.5,67.9,33.8,64.7,528.1,41.3,606.5,168.7,169,1047,364887,4995,12.73,90,1500,2.6,1.14,31.4,41.3,65,26.66,12232312,72915,80.31,3431.31,0,1200,400,720,240,4200,7500,8500,102,1.5,6000,0,0,0,0,0,72.29,30,69.16,67.41,40.2,0,0
2026-08-30T09:04:59.735000+09:00,2026-08-30T00:04:59.735000+00:00,094623,2111.3,1,0,0,0,0,13434,497,13434,0,0,0,0,4655,-28608,18518,6,4480,528,129,0,0,0,0,2,0,0,0,0,31082107,2018,0.24,1055.02,3166.29,0,53.8,98.5,67.9,33.8,64.7,530.3,41,604.2,167.5,167.7,1028.4,364887,4995,12.71,89.8,1500,2.6,1.15,31,42.6,65,26.56,12232317,72915,80.28,3431.31,0,1200,400,720,240,4200,7500,8500,102,1.5,6000,0,0,0,0,0,72.02,30,72.21,66.62,40.2,0,0
2026-08-30T09:05:59.820000+09:00,2026-08-30T00:05:59.820000+00:00,094623,2178.4,1,0,0,0,0,13434,497,13434,0,0,0,0,4651,-28608,10326,590,4480,8192,129,0,0,0,0,2,0,0,0,0,31082107,2018,0.24,1103.85,3282.27,0,53.6,99,67.7,33.8,64.6,529.2,41.4,605.2,169,169.3,1064.6,364888,4996,12.86,89.5,1500,2.61,1.15,31.3,42.1,65,26.47,12232321,72915,81.54,3431.31,0,1200,400,720,240,4200,7500,8500,102,1.5,6000,0,0,0,0,0,71.11,30,75.08,65.23,40.2,0,0
2026-08-30T09:06:59.963000+09:00,2026-08-30T00:06:59.963000+00:00,094623,2211.4,1,0,0,0,0,13434,494,13434,0,0,0,0,4651,-28608,10326,6,4480,0,129,0,0,0,0,2,0,0,0,0,31082107,2018,0.25,1002.53,3213.9,0,53.4,97.2,67.7,33.8,64.6,529.1,40.5,606.4,169.3,169.5,1107.1,364888,4996,12.63,89.7,1500,2.61,1.15,31.3,42.5,65,26.59,12232326,72915,80.22,3431.31,0,1200,400,720,240,4200,7500,8500,102,1.5,6000,0,0,0,0,0,70.51,30,69.89,65,40.3,0,0
2026-08-30T09:08:00.007000+09:00,2026-08-30T00:08:00.007000+00:00,094623,2233.3,1,0,0,0,0,13434,498,13434,0,0,0,0,4651,-28608,12374,518,4512,72,129,0,0,0,0,2,0,0,0,0,31082107,2018,0.23,1026.95,3260.29,0,53.3,97.8,67.8,33.8,64.5,527.6,40.2,607.2,170.1,170.2,1057.7,364888,4996,12.56,89.8,1510,2.62,1.15,31.2,41.9,65,26.32,12232330,72915,78.35,3431.31,0,1200,400,720,240,4200,7500,8500,102,1.5,6000,0,0,0,0,0,70.59,30,70.1,64.84,40.3,0,0
2026-08-30T09:09:00.090000+09:00,2026-08-30T00:09:00.090000+00:00,094623,2139.4,1,0,0,0,0,13434,497,13434,0,0,0,0,4651,-28608,10326,6,4480,0,129,0,0,0,0,2,0,0,0,0,31082107,2018,0.24,1045.26,3184.61,0,53.2,98.4,67.9,33.8,64.4,530,40.1,605.1,168,168.2,1010.9,364888,4996,12.77,90.2,1500,2.61,1.17,31,42.7,65,26.71,12232334,72915,81.38,3431.31,0,1200,400,720,240,4200,7500,8500,102,1.5,6000,0,0,0,0,0,70.64,30,73.06,65.88,40.2,0,0
2026-08-30T09:10:00.176000+09:00,2026-08-30T00:10:00.176000+00:00,094623,2169.9,1,0,0,0,0,13434,498,13434,0,0,0,0,4651,-28608,18518,6,4480,528,129,0,0,0,0,2,0,0,0,0,31082107,2018,0.22,1097.75,3267.62,0,53,96.9,67.8,33.8,64.3,530.2,40.3,606.3,168.7,168.7,1061.6,364888,4996,12.81,90.3,1510,2.62,1.15,31.1,42.3,65,26.38,12232339,72915,79.12,3431.31,0,1200,400,720,240,4200,7500,8500,102,1.5,6000,0,0,0,0,0,70.16,30,67.51,66.53,40.2,0,0
2026-08-30T09:11:00.258000+09:00,2026-08-30T00:11:00.258000+00:00,094623,2102.7,1,0,0,0,0,13434,495,13434,0,0,0,0,4651,-28608,10390,518,20864,0,129,0,0,0,0,2,0,0,0,0,31082107,2018,0.22,986.66,3089.39,0,52.8,98.9,67.6,33.8,64.2,532.5,40.8,605.5,167.2,167.2,1074.8,364888,4996,12.74,89.9,1500,2.6,1.16,30.8,43.3,65,26.4,12232343,72915,80.12,3431.31,0,1200,400,720,240,4200,7500,8500,102,1.5,6000,0,0,0,0,0,68.97,30,73.29,65.53,40.3,0,0
2026-08-30T09:12:00.347000+09:00,2026-08-30T00:12:00.347000+00:00,094623,2182.1,1,0,0,0,0,13434,497,13434,0,0,0,0,4651,-28608,10326,6,4480,0,129,0,0,0,0,2,0,0,0,0,31082107,2018,0.22,1103.85,3285.93,0,52.8,98,67.6,33.9,64,529.4,40.5,605.5,168.6,168.8,1051.6,364889,4997,12.52,89.7,1500,2.62,1.15,31,42,65,26.7,12232348,72915,81.05,3431.32,0,1200,400,720,240,4200,7500,8500,102,1.5,6000,0,0,0,0,0,68.45,30,71.7,64.71,40.2,0,0
2026-08-30T09:13:00.447000+09:00,2026-08-30T00:13:00.447000+00:00,094623,2082.0,1,0,0,0,0,13434,496,13434,0,0,0,0,4655,-28608,12438,6,20896,72,129,0,0,0,0,2,0,0,0,0,31082107,2018,0.24,920.74,3002.72,0,52.7,96.9,67.8,33.9,64.1,532.9,40.9,603.1,167.6,167.8,1019.1,364889,4997,12.7,90.1,1500,2.6,1.14,30.4,43.1,65,26.36,12232352,72915,80.39,3431.32,0,1200,400,720,240,4200,7500,8500,102,1.5,6000,0,0,0,0,0,68.51,30,67.36,65.68,40.2,0,0
2026-08-30T09:14:00.557000+09:00,2026-08-30T00:14:00.557000+00:00,094623,2102.7,1,0,0,0,0,13434,497,13434,0,0,0,0,4651,-28608,10326,518,4480,0,129,0,0,0,0,2,0,0,0,0,31082107,2018,0.22,1047.7,3150.43,0,52.6,97.8,67.9,33.9,63.9,532.6,40.4,602.5,166,166.2,1030.5,364889,4997,12.2,89.9,1500,2.61,1.16,31,43.4,65,26.55,12232356,72915,79.33,3431.32,0,1200,400,720,240,4200,7500,8500,102,1.5,6000,0,0,0,0,0,68.56,30,68.95,65.12,40.3,0,0
2026-08-30T09:15:00.654000+09:00,2026-08-30T00:15:00.654000+00:00,094623,2348.1,1,0,0,0,0,13434,496,13434,0,0,0,0,4655,-28608,18534,590,12676,8720,129,0,0,0,0,2,0,0,0,0,31082107,2018,0.23,1128.27,3476.36,0,52.6,98.9,67.9,33.8,63.9,528.4,40.7,604.3,169.3,169.6,1050.4,364889,4997,12.86,89.4,1500,2.6,1.14,31.5,40.9,65,26.17,12232361,72915,79.7,3431.32,0,1200,400,720,240,4200,7500,8500,102,1.5,6000,0,0,0,0,0,68.29,30,72.73,63.12,40.3,0,0
2026-08-30T09:16:00.743000+09:00,2026-08-30T00:16:00.743000+00:00,094623,2216.2,1,0,0,0,0,13434,496,13434,0,0,0,0,4655,-28608,10326,6,4480,0,129,0,0,0,0,2,0,0,0,0,31082107,2018,0.23,1062.35,3278.6,0,52.7,98.5,68.1,33.8,64,530.4,40.2,603.6,168.1,168.3,1031.1,364889,4997,12.77,89.7,1500,2.6,1.15,31,42,65,26.68,12232365,72915,78.27,3431.32,0,1200,400,720,240,4200,7500,8500,102,1.5,6000,0,0,0,0,0,68.89,30,72.77,63.32,40.3,0,0
2026-08-30T09:17:00.848000+09:00,2026-08-30T00:17:00.848000+00:00,094623,2260.2,1,0,0,0,0,13434,499,13434,0,0,0,0,4651,-28608,10326,518,4480,0,129,0,0,0,0,2,0,0,0,0,31082107,2018,0.24,1109.96,3370.16,0,52.8,97.9,68.1,33.8,64.1,529.6,40,603.6,169.1,169.1,1010.8,364889,4997,12.62,89.7,1510,2.62,1.16,31.3,41.8,65,25.57,12232370,72915,77.68,3431.32,0,1200,400,720,240,4200,7500,8500,102,1.5,6000,0,0,0,0,0,69.15,30,71.25,62.94,40.2,0,0
2026-08-30T09:18:00.937000+09:00,2026-08-30T00:18:00.937000+00:00,094623,2294.4,1,0,0,0,0,13434,496,13434,0,0,0,0,4651,-28608,12374,6,4512,72,129,0,0,0,0,2,0,0,0,0,31082107,2018,0.25,1103.85,3398.24,0,52.9,97.9,68.1,33.8,64.1,528.4,40.4,603.1,169.1,169.2,1030.8,364890,4998,12.69,90.1,1500,2.61,1.16,31.4,41.6,65,26.23,12232374,72915,77.51,3431.32,0,1200,400,720,240,4200,7500,8500,102,1.5,6000,0,0,0,0,0,69.22,30,70.91,63.83,40.2,0,0
2026-08-30T09:19:01.031000+09:00,2026-08-30T00:19:01.031000+00:00,094623,2232.1,1,0,0,0,0,13434,495,13434,0,0,0,0,4655,-28608,10326,518,4480,0,129,0,0,0,0,2,0,0,0,0,31082107,2018,0.25,1035.49,3267.62,0,53,98,68.2,33.8,64.3,529.6,41.2,603.1,169.8,169.9,1053.6,364890,4998,12.71,90.3,1490,2.61,1.14,30.9,41.6,65,26.1,12232379,72915,79.1,3431.33,0,1200,400,720,240,4200,7500,8500,102,1.5,6000,0,0,0,0,0,69.8,30,71.09,64.58,40.2,0,0
2026-08-30T09:20:01.136000+09:00,2026-08-30T00:20:01.136000+00:00,094623,2205.3,1,0,0,0,0,13434,496,13434,0,0,0,0,4651,-28608,18518,6,4480,528,129,0,0,0,0,2,0,0,0,0,31082107,2018,0.26,1036.71,3241.98,0,53.1,98.1,68.3,33.8,64.3,530.3,40.5,602.3,169,169.1,1048.1,364890,4998,12.91,91.1,1500,2.61,1.15,30.8,42.1,65,26.54,12232383,72915,77.61,3431.33,0,1200,400,720,240,4200,7500,8500,102,1.5,6000,0,0,0,0,0,70.58,30,71.46,67.84,40.2,0,0
2026-08-30T09:21:01.243000+09:00,2026-08-30T00:21:01.243000+00:00,094623,2257.8,1,0,0,0,0,13434,496,13434,0,0,0,0,4655,-26560,10326,590,4480,8192,129,0,0,0,0,2,0,0,0,0,31082107,2018,0.24,1024.51,3282.27,0,53.2,98.1,68.4,33.8,64.3,531.3,40.8,601.2,168.8,168.9,1025.7,364890,4998,12.39,90.4,1500,2.61,1.15,31.1,42.3,65,26.61,12232387,72915,79.29,3431.33,0,1200,400,720,240,4200,7500,8500,102,1.5,6000,0,0,0,0,0,71.41,30,71.37,66.99,40.2,0,0
2026-08-30T09:22:01.376000+09:00,2026-08-30T00:22:01.376000+00:00,094623,2207.7,1,0,0,0,0,13434,497,13434,0,0,0,0,4651,-28608,10326,6,4480,0,129,0,0,0,0,2,0,0,0,0,31082107,2018,0.24,972.01,3179.72,0,53.3,98.3,68.4,33.8,64.3,532.2,40.7,600.2,168.4,168.6,1050.9,364890,4998,12.26,89.9,1500,2.59,1.16,30.8,42.7,65,26.72,12232392,72915,77.87,3431.33,0,1200,400,720,240,4200,7500,8500,102,1.5,6000,0,0,0,0,0,72.01,30,72.3,65.62,40.2,0,0
2026-08-30T09:23:01.467000+09:00,2026-08-30T00:23:01.467000+00:00,094623,2304.1,1,0,0,0,0,13434,496,13434,0,0,0,0,4651,-28608,12374,6,4512,72,129,0,0,0,0,2,0,0,0,0,31082107,2018,0.23,1105.08,3409.22,0,53.4,98.4,68.4,33.8,64.3,529.9,40.6,600.7,170,170.1,1038.9,364890,4998,12.55,89.7,1500,2.61,1.15,31.2,41.6,65,26.39,12232396,72915,78.98,3431.33,0,1200,400,720,240,4200,7500,8500,102,1.5,6000,0,0,0,0,0,72.56,30,73,64.77,40.2,0,0
2026-08-30T09:24:01.563000+09:00,2026-08-30T00:24:01.563000+00:00,094623,2237.0,1,0,0,0,0,13434,496,13434,0,0,0,0,4651,-28608,10326,6,4480,0,129,0,0,0,0,2,0,0,0,0,31082107,2018,0.26,1098.97,3335.98,0,53.4,98.3,68.5,33.8,64.4,531,40.9,601,168.1,168.3,1085.1,364891,4999,12.46,89.7,1500,2.61,1.15,30.9,42,65,26.66,12232401,72915,79.88,3431.33,0,1200,400,720,240,4200,7500,8500,102,1.5,6000,0,0,0,0,0,73.5,30,73.45,64.31,40.2,0,0
2026-08-30T09:25:01.651000+09:00,2026-08-30T00:25:01.651000+00:00,094623,2320.0,1,0,0,0,0,13434,499,13434,0,0,0,0,4651,-28608,18518,6,4480,16,129,0,0,0,0,2,0,0,0,0,31082107,2018,0.26,1116.06,3436.08,0,53.4,97.4,68.3,33.8,64.3,529.3,41,602.3,168.7,168.8,1058.4,364891,4999,12.73,89.7,1500,2.61,1.15,31.1,41.3,65,26.65,12232405,72915,78.28,3431.33,0,1200,400,720,240,4200,7500,8500,102,1.5,6000,0,0,0,0,0,73.61,30,70.5,63.85,40.2,0,0
2026-08-30T09:26:01.740000+09:00,2026-08-30T00:26:01.740000+00:00,094623,2301.7,1,0,0,0,0,13434,498,13434,0,0,0,0,4651,-28608,10326,6,4480,0,129,0,0,0,0,2,0,0,0,0,31082107,2018,0.27,1089.21,3390.91,0,53.3,97.2,68.1,33.8,64.3,531,41,598.9,166.3,166.6,1043.3,364891,4999,12.74,90.4,1500,2.62,1.15,31.1,41.8,65,26.68,12232410,72915,79.5,3431.33,0,1200,400,720,240,4200,7500,8500,102,1.5,6000,0,0,0,0,0,73.39,30,68.83,66.02,40.2,0,0
2026-08-30T09:27:01.845000+09:00,2026-08-30T00:27:01.845000+00:00,094623,2426.2,1,0,0,0,0,13434,497,13434,0,0,0,0,4655,-28608,10326,6,4480,0,129,0,0,0,0,2,0,0,0,0,31082107,2018,0.26,1134.37,3560.59,0,53.3,98,67.9,33.8,64.4,527.4,40.3,599.8,169.4,169.6,1064.4,364891,4999,12.59,90.7,1500,2.61,1.15,31.6,40.9,65,26.63,12232414,72915,79.12,3431.34,0,1200,400,720,240,4200,7500,8500,102,1.5,6000,0,0,0,0,0,72.74,30,70.29,67.74,40.2,0,0
2026-08-30T09:28:01.941000+09:00,2026-08-30T00:28:01.941000+00:00,094623,2343.2,1,0,0,0,0,13434,495,13434,0,0,0,0,4651,-28608,12374,6,4512,72,129,0,0,0,0,2,0,0,0,0,31082107,2018,0.24,1083.1,3426.31,0,53.4,98.8,67.8,33.9,64.5,529.4,40.8,598.7,169.1,169.3,1028.1,364891,4999,12.58,90.2,1500,2.61,1.16,31.5,41.7,65,26.27,12232419,72915,78.95,3431.34,0,1200,400,720,240,4200,7500,8500,102,1.5,6000,0,0,0,0,0,72.13,30,73.13,67.25,40.2,0,0
2026-08-30T09:29:02.038000+09:00,2026-08-30T00:29:02.038000+00:00,094623,2313.9,1,0,0,0,0,13434,497,13434,0,0,0,0,4651,-28608,10326,518,4480,0,129,0,0,0,0,2,0,0,0,0,31082107,2018,0.25,1085.54,3399.46,0,53.6,98.4,67.7,33.9,64.6,529.9,40.7,599.1,169.3,169.6,1066,364891,4999,12.18,89.6,1500,2.61,1.15,31.2,41.9,65,26.1,12232423,72915,78.54,3431.34,0,1200,400,720,240,4200,7500,8500,102,1.5,6000,0,0,0,0,0,71.52,30,73.3,65.25,40.2,0,0
2026-08-30T09:30:02.145000+09:00,2026-08-30T00:30:02.145000+00:00,094623,2543.4,1,0,0,0,0,13434,497,13434,0,0,0,0,4655,-28608,10390,582,20864,0,129,0,0,0,0,2,0,0,0,0,31082107,2018,0.26,1061.13,3604.54,0,53.7,97,67.7,33.9,64.7,526.6,40.4,602,169.5,169.8,1047.2,364892,5000,12.35,89.3,1500,2.61,1.14,31.7,40.4,65,26.01,12232427,72915,78.41,3431.34,0,1200,400,720,240,4200,7500,8500,102,1.5,6000,0,0,0,0,0,71.11,30,68.5,63.51,40.2,0,0
2026-08-30T09:31:02.236000+09:00,2026-08-30T00:31:02.236000+00:00,094623,1150.2,1,0,0,0,0,13434,521,13434,0,0,0,0,4655,-28608,10326,6,4992,0,129,0,0,0,0,2,0,0,0,0,31082107,2018,0.32,752.28,1902.52,0,53.6,97.5,68.3,34,64.5,531.1,40.4,594.4,154.5,154.4,1055.8,364892,5000,12.81,90.9,1570,2.77,1.11,25.1,40.7,65,10.83,12232430,72915,68.05,3431.34,0,1200,400,720,240,4200,7500,8500,102,1.5,6000,0,0,0,0,0,66.53,30,62.87,61.89,40.2,0,0
2026-08-30T09:32:02.422000+09:00,2026-08-30T00:32:02.422000+00:00,094623,1075.8,1,0,0,0,0,13434,494,13434,0,0,0,0,4651,-28608,10390,6,21376,0,129,0,0,0,0,2,0,0,0,0,31082107,2018,0.2,823.08,1898.86,0,53.3,97.9,68.8,34,63.6,525.8,40.3,589.1,146.9,146.7,1030.3,364892,5000,12.92,92.3,1550,2.63,1.17,26,42,65,9.92,12232432,72915,65.3,3431.34,0,1200,400,720,240,4200,7500,8500,102,1.5,6000,0,0,0,0,0,65.97,30,59.77,66.43,40.2,0,0
2026-08-30T09:33:02.511000+09:00,2026-08-30T00:33:02.511000+00:00,094623,1560.4,1,0,0,0,0,13434,496,13434,0,0,0,0,4651,-28608,12374,6,4512,8,129,0,0,0,0,2,0,0,0,0,31082107,2018,0.18,1097.75,2658.16,0,53.3,98.7,68.4,34,63.1,518.1,41,595.6,153.7,154.1,1046.4,364892,5000,12.8,88.9,1500,2.63,1.16,31.2,45.3,65,25.89,12232435,72915,70.61,3431.34,0,1200,400,720,240,4200,7500,8500,102,1.5,6000,0,0,0,0,0,74.91,30,72.94,65.23,40.2,0,0
2026-08-30T09:34:02.609000+09:00,2026-08-30T00:34:02.609000+00:00,094623,1567.7,1,0,0,0,0,13434,497,13434,0,0,0,0,4651,-28608,10342,6,12676,0,129,0,0,0,0,2,0,0,0,0,31082107,2018,0.26,1061.13,2628.86,0,53.3,97.9,67.9,34,63.5,525.1,40.5,601.5,161.8,162.4,1036.8,364892,5000,12.73,89.1,1500,2.63,1.15,30.8,45.4,65,26.72,12232440,72915,75.58,3431.34,0,1200,400,720,240,4200,7500,8500,102,1.5,6000,0,0,0,0,0,73.84,30,71.28,64.56,40.2,0,0
2026-08-30T09:35:02.696000+09:00,2026-08-30T00:35:02.696000+00:00,094623,1654.4,1,0,0,0,0,13434,495,13434,0,0,0,0,4651,-28608,10326,6,4480,0,129,0,0,0,0,2,0,0,0,0,31082107,2018,0.25,1153.9,2808.31,0,53.4,98.2,67.5,34,63.7,525.9,40.5,601.3,163.9,164.4,1064.5,364892,5000,12.8,90.4,1490,2.61,1.16,31.3,44.9,65,26.62,12232444,72915,77.08,3431.35,0,1200,400,720,240,4200,7500,8500,102,1.5,6000,0,0,0,0,0,72.03,30,72.12,68.17,40.2,0,0
2026-08-30T09:36:02.795000+09:00,2026-08-30T00:36:02.795000+00:00,094623,1782.9,1,0,0,0,0,13434,496,13434,0,0,0,0,4651,-28608,10326,6,4480,0,129,0,0,0,0,2,0,0,0,0,31082107,2018,0.24,1269.88,3052.77,0,53.5,98.6,67.4,34,64,524.7,40.6,603.7,166.6,166.9,1051.5,364893,5001,12.85,90.1,1500,2.61,1.15,31.5,43.1,65,26.64,12232448,72915,78.2,3431.35,0,1200,400,720,240,4200,7500,8500,102,1.5,6000,0,0,0,0,0,70.87,30,74.22,67.53,40.1,0,0
2026-08-30T09:37:02.885000+09:00,2026-08-30T00:37:02.885000+00:00,094623,1736.5,1,0,0,0,0,13434,497,13434,0,0,0,0,4651,-28608,10326,6,4480,0,129,0,0,0,0,2,0,0,0,0,31082107,2018,0.25,1123.39,2859.89,0,53.6,98.1,67.6,34,64.3,527.5,41.3,606.1,165.8,166.1,1051.3,364893,5001,12.73,89.6,1500,2.62,1.15,31.1,44,65,26.72,12232453,72915,77.62,3431.35,0,1200,400,720,240,4200,7500,8500,102,1.5,6000,0,0,0,0,0,70.86,30,73.21,65.87,40.2,0,0
2026-08-30T09:38:02.976000+09:00,2026-08-30T00:38:02.976000+00:00,094623,1661.7,1,0,0,0,0,13434,496,13434,0,0,0,0,4651,-28608,10326,6,4480,528,129,0,0,0,0,2,0,0,0,0,31082107,2018,0.24,965.91,2627.64,0,53.8,97.6,67.9,34,64.4,530.6,40.7,606,165.8,166,1021.4,364893,5001,12.69,89.5,1500,2.64,1.14,30.5,45.3,65,26.42,12232457,72915,77.11,3431.35,0,1200,400,720,240,4200,7500,8500,102,1.5,6000,0,0,0,0,0,71.43,30,71.32,65.02,40.2,0,0
2026-08-30T09:39:03.072000+09:00,2026-08-30T00:39:03.072000+00:00,094623,1863.5,1,0,0,0,0,13434,498,13434,0,0,0,0,4655,-28608,10326,6,4480,0,129,0,0,0,0,2,0,0,0,0,31082107,2018,0.25,1128.27,2991.73,0,53.8,97.5,68,34,64.3,527,41.2,603.4,166.6,166.9,1046.4,364893,5001,12.46,89.7,1510,2.63,1.16,31.7,44.3,65,26.66,12232462,72915,77.34,3431.35,0,1200,400,720,240,4200,7500,8500,102,1.5,6000,0,0,0,0,0,71.67,30,70.31,65,40.2,0,0
2026-08-30T09:40:03.167000+09:00,2026-08-30T00:40:03.167000+00:00,094623,1885.4,1,0,0,0,0,13434,496,13434,0,0,0,0,4655,-28608,10326,6,4480,0,129,0,0,0,0,2,0,0,0,0,31082107,2018,0.24,1180.76,3066.19,0,53.9,97.8,68.1,33.9,64.5,525.6,41.9,605.2,168.4,168.6,1063.8,364893,5001,12.45,89.6,1500,2.62,1.15,31.5,43.2,65,26.69,12232466,72915,79.31,3431.35,0,1200,400,720,240,4200,7500,8500,102,1.5,6000,0,0,0,0,0,71.93,30,70.66,64.13,40.2,0,0
2026-08-30T09:41:03.250000+09:00,2026-08-30T00:41:03.250000+00:00,094623,1873.2,1,0,0,0,0,13434,495,13434,0,0,0,0,4655,-28608,10326,6,4480,0,129,0,0,0,0,2,0,0,0,0,31082107,2018,0.28,1194.19,3067.42,0,53.8,97.8,68.3,33.9,64.7,525.9,41.9,604.1,168.7,168.8,1048,364893,5001,12.71,89.6,1490,2.62,1.15,31.4,43.1,65,26.59,12232471,72915,76.77,3431.35,0,1200,400,720,240,4200,7500,8500,102,1.5,6000,0,0,0,0,0,72.78,30,70.5,63.34,40.2,0,0
2026-08-30T09:42:03.359000+09:00,2026-08-30T00:42:03.359000+00:00,094623,1962.3,1,0,0,0,0,13434,496,13434,0,0,0,0,4655,-26560,10326,590,4480,8192,129,0,0,0,0,2,0,0,0,0,31082107,2018,0.27,1279.64,3241.98,0,53.6,97.4,68.3,33.9,64.7,525.4,41.4,606.1,169.9,170.2,1053.1,364894,5002,12.65,90.8,1500,2.61,1.16,31.7,42.3,65,26.63,12232475,72915,77.7,3431.35,0,1200,400,720,240,4200,7500,8500,102,1.5,6000,0,0,0,0,0,73.28,30,68.65,67.45,40.1,0,0
2026-08-30T09:43:03.455000+09:00,2026-08-30T00:43:03.455000+00:00,094623,1903.7,1,0,0,0,0,13434,497,13434,0,0,0,0,4655,-28608,18518,582,4480,528,129,0,0,0,0,2,0,0,0,0,31082107,2018,0.24,1089.21,2992.95,0,53.6,98.1,68.4,34,64.8,527,42.1,607.3,169.2,169.5,1039,364894,5002,12.67,90.3,1510,2.6,1.14,31,42.8,65,25.98,12232479,72915,80.23,3431.36,0,1200,400,720,240,4200,7500,8500,102,1.5,6000,0,0,0,0,0,74.06,30,70.29,67.04,40.2,0,0
2026-08-30T09:44:03.553000+09:00,2026-08-30T00:44:03.553000+00:00,094623,1793.6,1,0,0,0,0,13434,495,13434,0,0,0,0,4651,-28608,10326,518,4480,0,129,0,0,0,0,2,0,0,0,0,31082107,2018,0.22,991.55,2785.12,0,53.5,98.4,68.4,34,64.6,530.3,41.8,604.7,167.5,167.7,1035.9,364894,5002,12.77,89.7,1500,2.6,1.15,30.7,44.4,65,26.45,12232484,72915,79.93,3431.36,0,1200,400,720,240,4200,7500,8500,102,1.5,6000,0,0,0,0,0,74.63,30,71.68,65.16,40.1,0,0
2026-08-30T09:45:03.659000+09:00,2026-08-30T00:45:03.659000+00:00,094623,1840.0,1,0,0,0,0,13434,499,13434,0,0,0,0,4651,-28608,10326,6,4480,0,129,0,0,0,0,2,0,0,0,0,31082107,2018,0.24,976.9,2816.86,0,53.4,98.6,68.1,34,64.5,529.5,42,604.5,167.3,167.5,1047.6,364894,5002,12.9,89.6,1510,2.63,1.15,30.7,44.2,65,26.75,12232488,72915,80.2,3431.36,0,1200,400,720,240,4200,7500,8500,102,1.5,6000,0,0,0,0,0,74.22,30,73.13,64.33,40.2,0,0
2026-08-30T09:46:03.752000+09:00,2026-08-30T00:46:03.752000+00:00,094623,1898.9,1,0,0,0,0,13434,497,13434,0,0,0,0,4651,-28608,12374,6,4512,72,129,0,0,0,0,2,0,0,0,0,31082107,2018,0.25,1123.39,3022.25,0,53.4,98.2,67.9,34,64.4,529,41.1,606.2,167.2,167.5,1053.1,364894,5002,12.73,89.6,1500,2.61,1.15,31.2,43.5,65,26.64,12232493,72915,78.27,3431.36,0,1200,400,720,240,4200,7500,8500,102,1.5,6000,0,0,0,0,0,73.55,30,72.36,63.61,40.2,0,0
2026-08-30T09:47:03.846000+09:00,2026-08-30T00:47:03.846000+00:00,094623,1918.4,1,0,0,0,0,13434,494,13434,0,0,0,0,4655,-28608,10326,6,4480,0,129,0,0,0,0,2,0,0,0,0,31082107,2018,0.26,975.68,2894.07,0,53.4,98.1,67.7,34,64.4,530,41.4,605.6,167.9,168.2,1051.9,364894,5002,12.71,90.1,1490,2.59,1.15,31,43.9,65,26.59,12232497,72915,77.46,3431.36,0,1200,400,720,240,4200,7500,8500,102,1.5,6000,0,0,0,0,0,72.54,30,72.15,64.85,40.2,0,0
2026-08-30T09:48:03.956000+09:00,2026-08-30T00:48:03.956000+00:00,094623,2010.0,1,0,0,0,0,13434,496,13434,0,0,0,0,4655,-26560,18518,6,4481,528,129,0,0,0,0,2,0,0,0,0,31082107,2018,0.26,1162.45,3172.4,0,53.3,98.1,67.6,34,64.4,526.6,41.6,604.6,169.4,169.7,1070.3,364895,5003,12.68,91.1,1500,2.6,1.15,31.3,42.3,65,26.71,12232502,72915,80.44,3431.36,0,1200,400,720,240,4200,7500,8500,102,1.5,6000,0,0,0,0,0,71.79,30,72.36,68.84,40.2,0,0
2026-08-30T09:49:04.048000+09:00,2026-08-30T00:49:04.048000+00:00,094623,1955.0,1,0,0,0,0,13434,497,13434,0,0,0,0,4651,-28608,10390,6,20864,0,129,0,0,0,0,2,0,0,0,0,31082107,2018,0.23,957.37,2912.38,0,53.2,98.5,67.7,34,64.5,529.1,40.8,605.8,169.5,169.7,1037.9,364895,5003,12.84,89.9,1510,2.62,1.13,30.8,43.5,65,26.64,12232506,72915,80.96,3431.36,0,1200,400,720,240,4200,7500,8500,102,1.5,6000,0,0,0,0,0,71.58,30,74.25,66.05,40.2,0,0
2026-08-30T09:50:04.152000+09:00,2026-08-30T00:50:04.152000+00:00,094623,1875.4,1,0,0,0,0,13434,497,13434,0,0,0,0,4655,-28608,10326,6,4480,0,129,0,0,0,0,2,0,0,0,0,31082107,2018,0.2,962.25,2837.61,0,53,97.4,67.8,34,64.4,530.8,41.3,604.5,167.4,167.6,1029.6,364895,5003,12.9,89.4,1500,2.62,1.15,30.8,44.7,65,26.61,12232510,72915,82.28,3431.37,0,1200,400,720,240,4200,7500,8500,102,1.5,6000,0,0,0,0,0,71.54,30,70.84,64.05,40.1,0,0
2026-08-30T09:51:04.239000+09:00,2026-08-30T00:51:04.239000+00:00,094623,1961.1,1,0,0,0,0,13434,496,13434,0,0,0,0,4651,-28608,12390,6,12708,72,129,0,0,0,0,2,0,0,0,0,31082107,2018,0.23,989.1,2950.22,0,52.8,97,67.7,34,64.2,530.6,41.8,603.5,167.3,167.4,1021.3,364895,5003,12.64,90,1500,2.61,1.16,31.2,44.2,65,26.11,12232515,72915,78.31,3431.37,0,1200,400,720,240,4200,7500,8500,102,1.5,6000,0,0,0,0,0,70.83,30,68.04,65.21,40.1,0,0
2026-08-30T09:52:04.333000+09:00,2026-08-30T00:52:04.333000+00:00,094623,2062.4,1,0,0,0,0,13434,498,13434,0,0,0,0,4655,-28608,10326,6,4480,0,129,0,0,0,0,2,0,0,0,0,31082107,2018,0.21,1158.79,3221.23,0,52.7,98.9,67.5,34,64.2,526.3,42.3,606.2,170.2,170.6,1048.2,364895,5003,12.87,89.8,1500,2.63,1.15,31.3,42,65,26.52,12232519,72915,80.23,3431.37,0,1200,400,720,240,4200,7500,8500,102,1.5,6000,0,0,0,0,0,69.66,30,73.71,64.53,40.1,0,0
2026-08-30T09:53:04.412000+09:00,2026-08-30T00:53:04.412000+00:00,094623,2174.8,1,0,0,0,0,13434,495,13434,0,0,0,0,4651,-28608,18518,6,4480,528,129,0,0,0,0,2,0,0,0,0,31082107,2018,0.23,1339.46,3514.21,0,52.7,97.9,67.6,34,64.3,524.6,41.6,607.9,172.8,173.1,1075.1,364895,5003,12.85,89.6,1500,2.6,1.15,31.9,40.8,65,26.53,12232524,72915,79.63,3431.37,0,1200,400,720,240,4200,7500,8500,102,1.5,6000,0,0,0,0,0,69.13,30,71.42,63.31,40.2,0,0
2026-08-30T09:54:04.520000+09:00,2026-08-30T00:54:04.520000+00:00,094623,1939.1,1,0,0,0,0,13434,498,13434,0,0,0,0,4651,-28608,10326,6,4480,0,129,0,0,0,0,2,0,0,0,0,31082107,2018,0.23,959.81,2898.95,0,52.7,96.7,67.7,34,64.4,530.5,42.2,607.3,169.2,169,1060.7,364896,5004,12.46,89.9,1500,2.62,1.14,30.6,43.5,65,26.71,12232528,72915,78.53,3431.37,0,1200,400,720,240,4200,7500,8500,102,1.5,6000,0,0,0,0,0,68.96,30,66.57,63.75,40.1,0,0
2026-08-30T09:55:04.623000+09:00,2026-08-30T00:55:04.623000+00:00,094623,1868.0,1,0,0,0,0,13434,498,13434,0,0,0,0,4651,-28608,10326,6,4480,0,129,0,0,0,0,2,0,0,0,0,31082107,2018,0.26,893.89,2761.92,0,52.7,99,67.7,34,64.2,533.5,41.7,605,166.4,166.1,1032.3,364896,5004,12.46,90.3,1510,2.62,1.14,30.5,44.9,65,26.56,12232532,72915,77.56,3431.37,0,1200,400,720,240,4200,7500,8500,102,1.5,6000,0,0,0,0,0,68.51,30,73.63,65.13,40.2,0,0
2026-08-30T09:56:04.710000+09:00,2026-08-30T00:56:04.710000+00:00,094623,1799.7,1,0,0,0,0,13434,495,13434,0,0,0,0,4651,-28608,12374,6,4512,72,129,0,0,0,0,2,0,0,0,0,31082107,2018,0.24,923.18,2722.86,0,52.8,97.5,67.9,34,64,534.4,41,605.3,164.1,164.1,999.7,364896,5004,12.75,90.8,1490,2.61,1.16,30.4,45.6,65,26.7,12232537,72915,79.21,3431.37,0,1200,400,720,240,4200,7500,8500,102,1.5,6000,0,0,0,0,0,68.68,30,69.25,67.84,40.1,0,0
2026-08-30T09:57:04.809000+09:00,2026-08-30T00:57:04.809000+00:00,094623,2042.9,1,0,0,0,0,13434,497,13434,0,0,0,0,4651,-28608,10326,6,4480,0,129,0,0,0,0,2,0,0,0,0,31082107,2018,0.22,1059.91,3102.82,0,52.8,97.6,68,34.1,63.9,529.7,41.1,605.1,165.7,165.5,1051.3,364896,5004,12.81,89.5,1510,2.61,1.16,31.6,43.8,65,26.58,12232541,72915,81.38,3431.38,0,1200,400,720,240,4200,7500,8500,102,1.5,6000,0,0,0,0,0,69.05,30,68.73,64.36,40.1,0,0
2026-08-30T09:58:04.892000+09:00,2026-08-30T00:58:04.892000+00:00,094623,2187.0,1,0,0,0,0,13434,498,13434,0,0,0,0,4655,-28608,18518,6,4480,528,129,0,0,0,0,2,0,0,0,0,31082107,2018,0.24,1234.47,3421.43,0,52.8,97.9,68.1,34,64.1,524.8,40.9,609.1,170.1,170.2,1064.1,364896,5004,12.81,89.1,1510,2.62,1.14,31.7,41.4,65,26.59,12232546,72915,77.86,3431.38,0,1200,400,720,240,4200,7500,8500,102,1.5,6000,0,0,0,0,0,69.38,30,69.32,62.02,40.1,0,0
2026-08-30T09:59:04.983000+09:00,2026-08-30T00:59:04.983000+00:00,094623,2185.7,1,0,0,0,0,13434,497,13434,0,0,0,0,4651,-28608,10326,6,4480,0,129,0,0,0,0,2,0,0,0,0,31082107,2018,0.27,1216.16,3401.9,0,52.7,97.4,68.3,34,64.3,526,41.2,609.8,171.4,171.6,1081.5,364896,5004,12.75,89.9,1500,2.62,1.15,31.7,41.5,65,26.57,12232550,72915,76.61,3431.38,0,1200,400,720,240,4200,7500,8500,102,1.5,6000,0,0,0,0,0,70.2,30,67.15,63.68,40.1,0,0
2026-08-30T10:00:05.112000+09:00,2026-08-30T01:00:05.112000+00:00,094623,2064.9,1,0,0,0,0,13434,496,13434,0,0,0,0,4651,-28608,10326,6,4480,0,129,0,0,0,0,2,0,0,0,0,31082107,2018,0.23,1044.04,3108.92,0,52.8,98.5,68.5,34,64.4,528.9,41.3,611.9,170,170.1,1024.8,364897,5005,12.74,90.5,1500,2.61,1.14,31,42.5,65,26.67,12232555,72915,80.83,3431.38,0,1200,400,720,240,4200,7500,8500,102,1.5,6000,0,0,0,0,0,71.28,30,70.26,66.54,40.1,0,0
2026-08-30T10:01:05.276000+09:00,2026-08-30T01:01:05.276000+00:00,094623,2168.6,1,0,0,0,0,13434,498,13434,0,0,0,0,4655,-28608,12374,6,4512,72,129,0,0,0,0,2,0,0,0,0,31082107,2018,0.24,1119.72,3288.37,0,52.9,99.2,68.6,34,64.4,527.7,40.3,610.8,169.5,169.6,1027.4,364897,5005,12.65,89.6,1500,2.61,1.15,31.5,42.1,65,26.4,12232559,72915,79.91,3431.38,0,1200,400,720,240,4200,7500,8500,102,1.5,6000,0,0,0,0,0,72.59,30,74.14,64.15,40.2,0,0
2026-08-30T10:02:05.320000+09:00,2026-08-30T01:02:05.320000+00:00,094623,2139.4,1,0,0,0,0,13434,495,13434,0,0,0,0,4655,-28608,10326,6,4480,0,129,0,0,0,0,2,0,0,0,0,31082107,2018,0.25,1101.41,3240.76,0,53,97.5,68.6,34,64.4,528.7,41.5,610.5,169.3,169.4,1085.8,364897,5005,12.77,89.3,1500,2.6,1.16,31.5,42.5,65,26.29,12232563,72915,77.58,3431.38,0,1200,400,720,240,4200,7500,8500,102,1.5,6000,0,0,0,0,0,73.44,30,69.43,62.13,40.2,0,0
2026-08-30T10:03:05.422000+09:00,2026-08-30T01:03:05.422000+00:00,094623,2095.4,1,0,0,0,0,13434,495,13434,0,0,0,0,4651,-28608,18518,6,4480,528,129,0,0,0,0,2,0,0,0,0,31082107,2018,0.29,1066.01,3161.41,0,53.1,97.6,68.3,34,64.5,529.3,40.5,609.7,169.9,170,1052.3,364897,5005,12.69,90.4,1500,2.61,1.14,31.1,42.3,65,26.51,12232568,72915,75.68,3431.38,0,1200,400,720,240,4200,7500,8500,102,1.5,6000,0,0,0,0,0,73.25,30,68.55,65.06,40.1,0,0
2026-08-30T10:04:05.530000+09:00,2026-08-30T01:04:05.530000+00:00,094623,2135.7,1,0,0,0,0,13434,496,13434,0,0,0,0,4651,-28608,10326,6,4480,0,129,0,0,0,0,2,0,0,0,0,31082107,2018,0.25,1047.7,3183.39,0,53.1,99.1,68.2,34,64.5,529.5,40.7,611.7,169.6,169.8,1103.9,364897,5005,12.74,90.9,1500,2.6,1.15,31.2,42.6,65,26.73,12232572,72915,80.19,3431.38,0,1200,400,720,240,4200,7500,8500,102,1.5,6000,0,0,0,0,0,73.41,30,73.73,67.99,40.1,0,0
2026-08-30T10:05:05.624000+09:00,2026-08-30T01:05:05.624000+00:00,094623,2006.3,1,0,0,0,0,13434,496,13434,0,0,0,0,4651,-28608,10326,6,4480,0,129,0,0,0,0,2,0,0,0,0,31082107,2018,0.24,1004.97,3011.26,0,53.3,98.3,68.3,34,64.5,531.4,40.7,613.3,169.1,169.1,1076.1,364897,5005,12.68,90.2,1500,2.62,1.15,30.7,43.4,65,26.63,12232577,72915,82.25,3431.39,0,1200,400,720,240,4200,7500,8500,102,1.5,6000,0,0,0,0,0,74.09,30,72.83,66.58,40.1,0,0
2026-08-30T10:06:05.718000+09:00,2026-08-30T01:06:05.718000+00:00,094623,2200.4,1,0,0,0,0,13434,496,13434,0,0,0,0,4651,-28608,12310,6,4512,72,129,0,0,0,0,2,0,0,0,0,31082107,2018,0.23,1223.49,3423.87,0,53.4,97.1,68,34,64.5,528.4,41.2,611.5,168.9,169,1034.3,364898,5006,12.7,89.5,1500,2.61,1.16,31.8,42,65,26.14,12232581,72915,77.66,3431.39,0,1200,400,720,240,4200,7500,8500,102,1.5,6000,0,0,0,0,0,73.47,30,68.36,64.11,40.1,0,0
2026-08-30T10:07:05.822000+09:00,2026-08-30T01:07:05.822000+00:00,094623,2246.8,1,0,0,0,0,13434,497,13434,0,0,0,0,4651,-28608,10326,6,4480,0,129,0,0,0,0,2,0,0,0,0,31082107,2018,0.26,1184.42,3431.2,0,53.5,99.1,67.9,34,64.7,527.2,41.3,612.2,170.9,171,1033.7,364898,5006,12.85,89.6,1500,2.61,1.15,31.5,41.4,65,26.69,12232586,72915,76.3,3431.39,0,1200,400,720,240,4200,7500,8500,102,1.5,6000,0,0,0,0,0,73.09,30,74.43,63.54,40.1,0,0
2026-08-30T10:08:05.908000+09:00,2026-08-30T01:08:05.908000+00:00,094623,2174.8,1,0,0,0,0,13434,495,13434,0,0,0,0,4655,-28608,2198,6,20864,0,129,0,0,0,0,2,0,0,0,0,31082107,2018,0.26,1107.52,3282.27,0,53.7,97.6,68.1,33.9,64.8,528.5,40.7,611.1,171.4,171.5,1035,364898,5006,12.87,90.6,1490,2.6,1.15,31.2,41.8,65,26.55,12232590,72915,79.07,3431.39,0,1200,400,720,240,4200,7500,8500,102,1.5,6000,0,0,0,0,0,73.67,30,70.81,66.41,40.1,0,0
2026-08-30T10:09:06.019000+09:00,2026-08-30T01:09:06.019000+00:00,094623,2201.6,1,0,0,0,0,13434,496,13434,0,0,0,0,4651,-28608,10326,6,4480,0,129,0,0,0,0,2,0,0,0,0,31082107,2018,0.27,1158.79,3360.39,0,53.8,97.6,68.1,34,64.9,528.4,40.4,611.2,171.2,171.3,1027.1,364898,5006,12.75,90.5,1500,2.6,1.15,31.5,41.7,65,26.63,12232594,72915,76.66,3431.39,0,1200,400,720,240,4200,7500,8500,102,1.5,6000,0,0,0,0,0,73.93,30,69.6,67.05,40.1,0,0
2026-08-30T10:10:06.106000+09:00,2026-08-30T01:10:06.106000+00:00,094623,2125.9,1,0,0,0,0,13434,498,13434,0,0,0,0,4655,-28608,10342,6,12676,0,129,0,0,0,0,2,0,0,0,0,31082107,2018,0.26,1012.3,3138.22,0,53.8,99.4,68.3,34,64.9,530,40.9,610.7,171.4,171.5,1042.1,364898,5006,12.74,90.2,1500,2.6,1.14,30.8,42.2,65,26.57,12232599,72915,79.55,3431.39,0,1200,400,720,240,4200,7500,8500,102,1.5,6000,0,0,0,0,0,74.83,30,75.9,67.04,40.1,0,0
2026-08-30T10:11:06.208000+09:00,2026-08-30T01:11:06.208000+00:00,094623,2022.2,1,0,0,0,0,13434,497,13434,0,0,0,0,4655,-28608,12374,6,4512,72,129,0,0,0,0,2,0,0,0,0,31082107,2018,0.3,945.16,2967.31,0,53.8,96.5,68.3,34,64.9,531.7,41.6,610.1,168.5,168.9,1025.5,364898,5006,12.73,90,1500,2.61,1.15,30.6,43.6,65,26.45,12232603,72915,81.06,3431.39,0,1200,400,720,240,4200,7500,8500,102,1.5,6000,0,0,0,0,0,75.29,30,67.15,66.66,40.1,0,0
2026-08-30T10:12:06.303000+09:00,2026-08-30T01:12:06.303000+00:00,094623,2069.8,1,0,0,0,0,13434,495,13434,0,0,0,0,4655,-28608,10326,6,4480,0,129,0,0,0,0,0,0,0,0,0,31082107,2018,0.43,1091.65,3161.41,0,53.8,98.8,68,34,64.7,532.1,42.2,608.8,167.5,167.5,1037.7,364899,5007,12.88,89.6,1500,2.6,1.16,31.1,43.2,65,26.32,12232608,72915,78.28,3431.4,0,1200,400,720,240,4200,7500,8500,102,1.5,6000,0,0,0,0,0,74.6,30,72.82,65.23,40.1,0,0
2026-08-30T10:13:06.398000+09:00,2026-08-30T01:13:06.398000+00:00,094623,2274.8,1,0,0,0,0,13434,496,13434,0,0,0,0,4651,-28608,10326,6,4480,0,129,0,0,0,0,0,0,0,0,0,31082107,2018,0.4,1122.17,3397.02,0,53.9,98.3,67.9,34,64.7,528,41.3,610.2,169.5,169.5,1030.5,364899,5007,12.68,89.2,1500,2.61,1.16,31.7,41.8,65,26.56,12232612,72915,78.45,3431.4,0,1200,400,720,240,4200,7500,8500,102,1.5,6000,0,0,0,0,0,74.14,30,72.92,63.01,40.1,0,0
2026-08-30T10:14:06.497000+09:00,2026-08-30T01:14:06.497000+00:00,094623,2168.6,1,0,0,0,0,13434,496,13434,0,0,0,0,4651,-28608,10326,6,4480,0,129,0,0,0,0,0,0,0,0,0,31082107,2018,0.4,1074.56,3243.2,0,54,97.1,67.8,34,64.9,531.1,42.7,609.3,170.1,170.3,1036,364899,5007,12.64,89.5,1500,2.61,1.15,31.1,42.3,65,26.62,12232617,72915,76.89,3431.4,0,1200,400,720,240,4200,7500,8500,102,1.5,6000,0,0,0,0,0,73.67,30,68.64,63.06,40.1,0,0
2026-08-30T10:15:06.585000+09:00,2026-08-30T01:15:06.585000+00:00,094623,2311.5,1,0,0,0,0,13434,497,13434,0,0,0,0,4655,-28608,10326,518,4480,0,129,0,0,0,0,0,0,0,0,0,31082107,2018,0.45,1136.81,3448.29,0,54.1,97.9,67.8,34,65,527.4,42,609.4,170.1,170.4,1038.2,364899,5007,12.68,90.4,1500,2.6,1.15,31.5,41,65,26.04,12232621,72915,76.1,3431.4,0,1200,400,720,240,4200,7500,8500,102,1.5,6000,0,0,0,0,0,73.44,30,70.21,65.72,40.1,0,0
2026-08-30T10:16:06.686000+09:00,2026-08-30T01:16:06.686000+00:00,094623,2151.6,1,0,0,0,0,13434,495,13434,0,0,0,0,4651,-28608,12374,6,4512,8,129,0,0,0,0,0,0,0,0,0,31082107,2018,0.46,1015.96,3167.52,0,54.2,98.5,68,34,65.1,531.2,41.6,610.2,170.3,170.5,1047.2,364899,5007,12.84,90.9,1500,2.6,1.15,30.9,42.5,65,26.28,12232625,72915,77.02,3431.4,0,1200,400,720,240,4200,7500,8500,102,1.5,6000,0,0,0,0,0,73.79,30,72.34,68.22,40.1,0,0
2026-08-30T10:17:06.783000+09:00,2026-08-30T01:17:06.783000+00:00,094623,2262.7,1,0,0,0,0,13434,497,13434,0,0,0,0,4655,-26560,10326,6,4481,0,129,0,0,0,0,0,0,0,0,0,31082107,2018,0.46,1184.42,3447.07,0,54.3,98.9,68,34,65.1,529.3,42.5,610.3,170.2,170.4,1064.2,364899,5007,12.75,90.1,1500,2.6,1.16,31.6,41.8,65,26.62,12232630,72915,80.16,3431.4,0,1200,400,720,240,4200,7500,8500,102,1.5,6000,0,0,0,0,0,73.9,30,74.64,66.75,40.1,0,0
2026-08-30T10:18:06.883000+09:00,2026-08-30T01:18:06.883000+00:00,094623,2313.9,1,0,0,0,0,13434,498,13434,0,0,0,0,4655,-28608,10326,590,4480,8192,129,0,0,0,0,0,0,0,0,0,31082107,2018,0.45,1197.85,3511.76,0,54.3,98.5,68.3,34,65.2,529,42.6,613.2,171.6,171.8,1060.2,364900,5008,12.58,89.8,1510,2.6,1.15,31.6,41.2,65,26.52,12232634,72915,78.26,3431.4,0,1200,400,720,240,4200,7500,8500,102,1.5,6000,0,0,0,0,0,75.07,30,74.63,65.71,40.1,0,0
2026-08-30T10:19:06.971000+09:00,2026-08-30T01:19:06.971000+00:00,094623,2234.6,1,0,0,0,0,13434,497,13434,0,0,0,0,4655,-26560,10326,590,4480,8192,129,0,0,0,0,0,0,0,0,0,31082107,2018,0.44,1123.39,3357.95,0,54.4,98.1,68.4,34.1,65.3,530.8,41.7,612.4,170.1,170.4,1049.3,364900,5008,12.71,89.7,1510,2.61,1.15,31.4,42.2,65,26.65,12232639,72915,79.74,3431.4,0,1200,400,720,240,4200,7500,8500,102,1.5,6000,0,0,0,0,0,75.88,30,73.81,64.91,40.1,0,0
2026-08-30T10:20:07.070000+09:00,2026-08-30T01:20:07.070000+00:00,094623,2195.5,1,0,0,0,0,13434,497,13434,0,0,0,0,4651,-28608,10326,6,4480,0,129,0,0,0,0,0,0,0,0,0,31082107,2018,0.46,1067.23,3262.73,0,54.4,98.2,68.3,34.1,65.2,531.1,41.4,613.8,169.8,169.9,1035.4,364900,5008,12.63,89.7,1510,2.63,1.15,31,42.2,65,26.48,12232643,72915,79.29,3431.41,0,1200,400,720,240,4200,7500,8500,102,1.5,6000,0,0,0,0,0,76.09,30,74.34,64.39,40.1,0,0
2026-08-30T10:21:07.162000+09:00,2026-08-30T01:21:07.162000+00:00,094623,2230.9,1,0,0,0,0,13434,497,13434,0,0,0,0,4651,-28608,18518,518,4480,528,129,0,0,0,0,0,0,0,0,0,31082107,2018,0.46,1062.35,3293.25,0,54.4,98.1,68,34.2,65.1,531.3,41.4,612,169.1,169.2,1028.8,364900,5008,12.69,90.1,1500,2.6,1.15,31.3,42.4,65,25.9,12232647,72915,78.71,3431.41,0,1200,400,720,240,4200,7500,8500,102,1.5,6000,0,0,0,0,0,75.4,30,74.27,65.5,40.1,0,0
2026-08-30T10:22:07.260000+09:00,2026-08-30T01:22:07.260000+00:00,094623,2287.1,1,0,0,0,0,13434,495,13434,0,0,0,0,4655,-28608,10326,6,4480,0,129,0,0,0,0,0,0,0,0,0,31082107,2018,0.49,1127.05,3414.11,0,54.5,98.3,67.9,34.2,65.2,529.4,41,613.3,171.5,171.8,1053.3,364900,5008,12.36,90.7,1500,2.6,1.14,31.3,41.3,65,26.61,12232652,72915,77.65,3431.41,0,1200,400,720,240,4200,7500,8500,102,1.5,6000,0,0,0,0,0,74.97,30,75.08,67.85,40.1,0,0
2026-08-30T10:23:07.369000+09:00,2026-08-30T01:23:07.369000+00:00,094623,2359.1,1,0,0,0,0,13434,496,13434,0,0,0,0,4655,-26560,10326,6,4480,0,129,0,0,0,0,0,0,0,0,0,31082107,2018,0.43,1081.88,3440.96,0,54.6,97.7,68,34.2,65.3,529.1,41,612.5,171.3,171.7,1035.4,364900,5008,12.58,91.6,1500,2.59,1.16,31.7,41.5,65,26.66,12232656,72915,80.11,3431.41,0,1200,400,720,240,4200,7500,8500,102,1.5,6000,0,0,0,0,0,75.2,30,73.57,72.22,40.1,0,0
2026-08-30T10:24:07.468000+09:00,2026-08-30T01:24:07.468000+00:00,094623,2213.8,1,0,0,0,0,13434,496,13434,0,0,0,0,4655,-28608,10326,6,4480,8,129,0,0,0,0,0,0,0,0,0,31082107,2018,0.42,1128.27,3342.08,0,54.8,97.8,68.3,34.2,65.5,530.2,41.5,614.2,171,171.3,1047,364901,5009,12.82,89.8,1500,2.59,1.15,31,41.5,65,26.09,12232661,72915,80.14,3431.41,0,1200,400,720,240,4200,7500,8500,102,1.5,6000,0,0,0,0,0,76.21,30,73.34,67.72,40.1,0,0
2026-08-30T10:25:07.569000+09:00,2026-08-30T01:25:07.569000+00:00,094623,2301.7,1,0,0,0,0,13434,495,13434,0,0,0,0,4655,-26560,10390,6,20864,0,129,0,0,0,0,0,0,0,0,0,31082107,2018,0.42,1067.23,3368.94,0,54.9,97.8,68.3,34.3,65.6,530.4,42,612.9,170.8,170.9,1039.9,364901,5009,12.9,89.3,1490,2.6,1.15,31.3,41.6,65,26.41,12232665,72915,78.98,3431.41,0,1200,400,720,240,4200,7500,8500,102,1.5,6000,0,0,0,0,0,76.78,30,73.04,65.32,40.1,0,0
2026-08-30T10:26:07.661000+09:00,2026-08-30T01:26:07.661000+00:00,094623,2311.5,1,0,0,0,0,13434,498,13434,0,0,0,0,4651,-28608,18518,6,4480,528,129,0,0,0,0,0,0,0,0,0,31082107,2018,0.43,1105.08,3416.55,0,55,97.6,68.2,34.3,65.6,529.8,42.2,612.6,171.1,171.3,1067.3,364901,5009,12.92,89.7,1510,2.61,1.14,31.1,41.4,65,26.6,12232669,72915,78.22,3431.41,0,1200,400,720,240,4200,7500,8500,102,1.5,6000,0,0,0,0,0,76.91,30,72.04,65.98,40.2,0,0
2026-08-30T10:27:07.748000+09:00,2026-08-30T01:27:07.748000+00:00,094623,2223.6,1,0,0,0,0,13434,496,13434,0,0,0,0,4651,-28608,10390,590,20864,8192,129,0,0,0,0,0,0,0,0,0,31082107,2018,0.44,961.03,3184.61,0,55,97.7,68.1,34.3,65.6,531.2,42.6,611.8,171,171.1,1031.6,364901,5009,12.71,90.1,1500,2.61,1.14,30.8,42.1,65,26.29,12232674,72915,77.29,3431.42,0,1200,400,720,240,4200,7500,8500,102,1.5,6000,0,0,0,0,0,76.68,30,71.65,67.07,40,0,0
2026-08-30T10:28:07.857000+09:00,2026-08-30T01:28:07.857000+00:00,094623,2248.0,1,0,0,0,0,13434,496,13434,0,0,0,0,4651,-28608,10326,6,4480,0,129,0,0,0,0,0,0,0,0,0,31082107,2018,0.46,1028.17,3276.16,0,55,97.7,68,34.3,65.6,531.4,41.2,611.3,169.7,169.8,1038.9,364901,5009,12.64,90.4,1500,2.61,1.16,31.4,42.6,65,26.65,12232678,72915,78.87,3431.42,0,1200,400,720,240,4200,7500,8500,102,1.5,6000,0,0,0,0,0,76.44,30,71.2,68.4,40.1,0,0
2026-08-30T10:29:07.967000+09:00,2026-08-30T01:29:07.967000+00:00,094623,2344.4,1,0,0,0,0,13434,495,13434,0,0,0,0,4655,-28608,12390,582,12708,72,129,0,0,0,0,0,0,0,0,0,31082107,2018,0.46,1089.21,3433.64,0,55,98,68,34.4,65.6,529.4,42,611.4,171.8,172,1044.6,364901,5009,12.88,90.4,1500,2.6,1.15,31.5,41.5,65,26.6,12232683,72915,79.15,3431.42,0,1200,400,720,240,4200,7500,8500,102,1.5,6000,0,0,0,0,0,76.39,30,71.86,68.88,40.1,0,0
2026-08-30T10:30:08.066000+09:00,2026-08-30T01:30:08.066000+00:00,094623,2427.4,1,0,0,0,0,13434,496,13434,0,0,0,0,4655,-26560,10326,6,4480,0,129,0,0,0,0,0,0,0,0,0,31082107,2018,0.46,1164.89,3592.33,0,55.1,98.1,68,34.4,65.7,528,43,611,172.1,172.2,1067.8,364902,5010,12.74,90.6,1500,2.58,1.15,31.7,40.9,65,26.72,12232687,72915,80.24,3431.42,0,1200,400,720,240,4200,7500,8500,102,1.5,6000,0,0,0,0,0,76.4,30,72.27,70.57,40.1,0,0
2026-08-30T10:31:08.154000+09:00,2026-08-30T01:31:08.154000+00:00,094623,2284.6,1,0,0,0,0,13434,496,13434,0,0,0,0,4655,-28608,18518,518,4480,528,129,0,0,0,0,0,0,0,0,0,31082107,2018,0.46,1041.6,3326.21,0,55.1,98.3,68.1,34.4,65.7,530.3,42.7,609.9,171.7,171.7,1027.3,364902,5010,12.75,90,1500,2.59,1.15,31.2,42.1,65,26.03,12232692,72915,79.8,3431.42,0,1200,400,720,240,4200,7500,8500,102,1.5,6000,0,0,0,0,0,76.74,30,73.15,69.36,40.1,0,0
2026-08-30T10:32:08.241000+09:00,2026-08-30T01:32:08.241000+00:00,094623,2215.0,1,0,0,0,0,13434,496,13434,0,0,0,0,4651,-28608,10326,6,4480,0,129,0,0,0,0,0,0,0,0,0,31082107,2018,0.45,1014.74,3229.77,0,55.2,98.4,68.2,34.5,65.8,531.3,41.5,607.8,170.6,170.6,1050,364902,5010,12.53,89.7,1500,2.59,1.15,30.9,42.5,65,26.62,12232696,72915,79.25,3431.42,0,1200,400,720,240,4200,7500,8500,102,1.5,6000,0,0,0,0,0,77.27,30,74.02,68.35,40.1,0,0
2026-08-30T10:33:08.353000+09:00,2026-08-30T01:33:08.353000+00:00,094623,2373.7,1,0,0,0,0,13434,494,13434,0,0,0,0,4655,-28608,10326,6,4480,0,129,0,0,0,0,0,0,0,0,0,31082107,2018,0.46,1152.68,3526.41,0,55.3,98.5,68.1,34.5,65.8,529.6,41.7,606.7,171.6,171.7,1078,364902,5010,12.79,89.5,1490,2.57,1.15,31.6,41.3,65,26.63,12232700,72915,77.48,3431.42,0,1200,400,720,240,4200,7500,8500,102,1.5,6000,0,0,0,0,0,77.12,30,74.92,67.28,40.1,0,0
2026-08-30T10:34:08.449000+09:00,2026-08-30T01:34:08.449000+00:00,094623,2374.9,1,0,0,0,0,13434,497,13434,0,0,0,0,4651,-28608,12374,6,4512,72,129,0,0,0,0,0,0,0,0,0,31082107,2018,0.46,1098.97,3473.92,0,55.4,98.7,68.2,34.5,66,529.2,41.4,607.5,172.9,173.1,1069.9,364902,5010,12.5,89.5,1510,2.6,1.15,31.4,41.1,65,26.6,12232705,72915,77.27,3431.42,0,1200,400,720,240,4200,7500,8500,102,1.5,6000,0,0,0,0,0,77.71,30,76.56,66.53,40.1,0,0
2026-08-30T10:35:08.556000+09:00,2026-08-30T01:35:08.556000+00:00,094623,2322.5,1,0,0,0,0,13434,496,13434,0,0,0,0,4655,-28608,10326,6,4480,0,129,0,0,0,0,0,0,0,0,0,31082107,2018,0.47,1008.64,3331.1,0,55.5,98.3,68.2,34.5,66,530.5,41.2,606,172.2,172.3,1064.6,364902,5010,12.76,89.6,1500,2.6,1.14,30.9,41.5,65,25.86,12232709,72915,77.21,3431.43,0,1200,400,720,240,4200,7500,8500,102,1.5,6000,0,0,0,0,0,78.01,30,76.03,66.19,40.1,0,0
2026-08-30T10:36:08.650000+09:00,2026-08-30T01:36:08.650000+00:00,094623,2263.9,1,0,0,0,0,13434,496,13434,0,0,0,0,4651,-28608,18518,6,4480,528,129,0,0,0,0,0,0,0,0,0,31082107,2018,0.45,962.25,3226.11,0,55.5,98.2,68.1,34.6,65.9,532.3,40.4,606.1,170,170,1075,364903,5011,12.71,90.3,1500,2.58,1.16,31.2,42.7,65,26.51,12232714,72915,77.52,3431.43,0,1200,400,720,240,4200,7500,8500,102,1.5,6000,0,0,0,0,0,78,30,76.09,68.17,40.1,0,0
2026-08-30T10:37:08.739000+09:00,2026-08-30T01:37:08.739000+00:00,094623,2343.2,1,0,0,0,0,13434,497,13434,0,0,0,0,4655,-28608,10326,6,4480,0,129,0,0,0,0,0,0,0,0,0,31082107,2018,0.45,1078.22,3421.43,0,55.5,98.3,68.1,34.6,65.9,529.8,41.7,606.2,171.9,172,1049.9,364903,5011,12.84,91.2,1500,2.61,1.14,31.1,41.2,65,26.75,12232718,72915,77.88,3431.43,0,1200,400,720,240,4200,7500,8500,102,1.5,6000,0,0,0,0,0,78.16,30,76.81,72.03,40.1,0,0
2026-08-30T10:38:08.840000+09:00,2026-08-30T01:38:08.840000+00:00,094623,2251.7,1,0,0,0,0,13434,496,13434,0,0,0,0,4651,-28608,10326,6,4480,0,129,0,0,0,0,0,0,0,0,0,31082107,2018,0.44,976.9,3228.55,0,55.6,98.4,68.2,34.7,66,531.4,40.6,603.1,170.6,170.6,1054,364903,5011,12.74,90.2,1500,2.6,1.14,30.8,42.2,65,26.62,12232723,72915,80.99,3431.43,0,1200,400,720,240,4200,7500,8500,102,1.5,6000,0,0,0,0,0,78.64,30,77.56,70.17,40.1,0,0
2026-08-30T10:39:08.924000+09:00,2026-08-30T01:39:08.924000+00:00,094623,2324.9,1,0,0,0,0,13434,496,13434,0,0,0,0,4655,-28608,12374,6,4512,72,129,0,0,0,0,0,0,0,0,0,31082107,2018,0.42,1077,3401.9,0,55.7,97.9,68,34.7,65.9,531.1,41,600.4,170.6,170.7,1042.6,364903,5011,12.69,89.5,1490,2.59,1.17,31.5,42.2,65,26.51,12232727,72915,79.58,3431.43,0,1200,400,720,240,4200,7500,8500,102,1.5,6000,0,0,0,0,0,78.24,30,76.18,67.93,40.1,0,0
2026-08-30T10:40:09.043000+09:00,2026-08-30T01:40:09.043000+00:00,094623,2470.2,1,0,0,0,0,13434,496,13434,0,0,0,0,4651,-28608,10326,6,4480,0,129,0,0,0,0,0,0,0,0,0,31082107,2018,0.43,1203.96,3674.12,0,55.8,97.7,67.9,34.8,66.1,528.1,41.4,602.3,172.6,172.8,1022.3,364903,5011,12.68,89.4,1500,2.58,1.16,32.1,41.1,65,26.47,12232731,72915,76.94,3431.43,0,1200,400,720,240,4200,7500,8500,102,1.5,6000,0,0,0,0,0,77.82,30,75.28,66.91,40.1,0,0
2026-08-30T10:41:09.136000+09:00,2026-08-30T01:41:09.136000+00:00,094623,2346.9,1,0,0,0,0,13434,496,13434,0,0,0,0,4655,-28608,18518,6,4480,528,129,0,0,0,0,0,0,0,0,0,31082107,2018,0.42,1061.13,3408,0,55.8,97.6,67.8,34.8,66.2,530.3,40.7,603.8,172.9,173.1,1029.4,364903,5011,12.76,89.6,1500,2.6,1.15,31.1,41.6,65,26.46,12232736,72915,77.24,3431.43,0,1200,400,720,240,4200,7500,8500,102,1.5,6000,0,0,0,0,0,77.35,30,74.56,66.72,40.1,0,0
2026-08-30T10:42:09.214000+09:00,2026-08-30T01:42:09.214000+00:00,094623,2451.9,1,0,0,0,0,13434,496,13434,0,0,0,0,4655,-28608,10326,6,4480,0,129,0,0,0,0,0,0,0,0,0,31082107,2018,0.41,1117.28,3569.14,0,55.8,97.3,67.8,34.8,66.2,529.6,41.3,603.8,172.6,172.8,1062.8,364904,5012,12.88,90.5,1500,2.59,1.16,31.7,41.3,65,26.61,12232740,72915,78.1,3431.43,0,1200,400,720,240,4200,7500,8500,102,1.5,6000,0,0,0,0,0,77.06,30,72.8,69.15,40.1,0,0
2026-08-30T10:43:09.322000+09:00,2026-08-30T01:43:09.322000+00:00,094623,2371.3,1,0,0,0,0,13434,495,13434,0,0,0,0,4655,-28608,10326,6,4480,0,129,0,0,0,0,0,0,0,0,0,31082107,2018,0.42,1123.39,3494.67,0,55.8,97.6,67.9,34.8,66.2,529.9,41.1,604.7,173.4,173.5,1093.6,364904,5012,12.68,91.2,1490,2.57,1.16,31.3,41.4,65,26.58,12232745,72915,80.71,3431.44,0,1200,400,720,240,4200,7500,8500,102,1.5,6000,0,0,0,0,0,77.11,30,72.65,73.04,40.1,0,0
2026-08-30T10:44:09.430000+09:00,2026-08-30T01:44:09.430000+00:00,094623,2323.7,1,0,0,0,0,13434,496,13434,0,0,0,0,4655,-26560,12438,590,20896,8264,129,0,0,0,0,0,0,0,0,0,31082107,2018,0.43,980.56,3304.24,0,55.9,98.7,67.9,34.9,66.3,531.5,41.4,604.1,172.8,172.9,1034.5,364904,5012,12.73,89.4,1500,2.6,1.14,30.9,41.9,65,26.37,12232749,72915,79.26,3431.44,0,1200,400,720,240,4200,7500,8500,102,1.5,6000,0,0,0,0,0,77.07,30,76.3,67.83,40.1,0,0
2026-08-30T10:45:09.585000+09:00,2026-08-30T01:45:09.585000+00:00,094623,2492.1,1,0,0,0,0,13434,497,13434,0,0,0,0,4651,-28608,10326,6,4480,0,129,0,0,0,0,0,0,0,0,0,31082107,2018,0.43,1212.5,3704.64,0,55.9,98.5,67.9,34.9,66.3,528.9,41.3,607.3,172.7,172.7,1036.5,364904,5012,12.9,89.4,1500,2.6,1.16,31.9,40.6,65,26.73,12232754,72915,78.23,3431.44,0,1200,400,720,240,4200,7500,8500,102,1.5,6000,0,0,0,0,0,77,30,76.78,66.89,40.1,0,0
2026-08-30T10:46:09.658000+09:00,2026-08-30T01:46:09.658000+00:00,094623,1288.2,1,0,0,0,0,13434,496,13434,0,0,0,0,4651,-28608,18582,6,21376,16,129,0,0,0,0,0,0,0,0,0,31082107,2018,0.37,381.18,1669.36,0,55.6,97.5,68,35.1,66.3,530.9,41.5,602.6,166.3,166.7,1009.8,364904,5012,12.77,90,1490,2.64,0.91,23.8,38.8,65,12.29,12232757,72915,78.49,3431.44,0,1200,400,720,240,4200,7500,8500,102,1.5,6000,0,0,0,0,0,68.26,30,65.31,59.12,40.1,0,0
2026-08-30T10:47:09.741000+09:00,2026-08-30T01:47:09.741000+00:00,094623,864.3,1,0,0,0,0,13434,497,13434,0,0,0,0,4655,-28608,10326,6,4992,2,129,0,0,0,0,0,0,0,0,0,31082107,2018,0.39,527.67,1391.95,0,55.2,96.3,68.2,35.1,65.4,528.5,42.1,589.9,153,152.7,1022,364904,5012,12.71,91.6,1500,2.65,1.13,22.9,42.3,65,11.34,12232759,72915,61.6,3431.44,0,1200,400,720,240,4200,7500,8500,102,1.5,6000,0,0,0,0,0,68.63,30,58.89,63.81,40.1,0,0
2026-08-30T10:48:09.835000+09:00,2026-08-30T01:48:09.835000+00:00,094623,1438.3,1,0,0,0,0,13434,496,13434,0,0,0,0,4655,-26560,10342,6,12676,0,129,0,0,0,0,2,0,0,0,0,31082107,2018,0.17,996.43,2434.77,0,54.9,98.9,68.2,35.2,64.6,517.8,42.8,590.8,154.7,154.8,1099.2,364905,5013,12.36,90.4,1500,2.61,1.19,30.3,46,65,22.67,12232762,72915,72.6,3431.44,0,1200,400,720,240,4200,7500,8500,102,1.5,6000,0,0,0,0,0,76.53,30,74.46,71.04,40.1,0,0
2026-08-30T10:49:09.927000+09:00,2026-08-30T01:49:09.927000+00:00,094623,1589.7,1,0,0,0,0,13434,495,13434,0,0,0,0,4651,-28608,12374,6,4512,72,129,0,0,0,0,2,0,0,0,0,31082107,2018,0.2,1057.47,2647.18,0,54.9,98.6,67.8,35.2,65,522.9,43.1,600.5,167.8,168.3,1045.2,364905,5013,12.81,88.2,1500,2.6,1.13,30.8,44.8,65,26.14,12232766,72915,78.63,3431.44,0,1200,400,720,240,4200,7500,8500,102,1.5,6000,0,0,0,0,0,77.02,30,76.49,64.89,40.1,0,0
2026-08-30T10:50:10.006000+09:00,2026-08-30T01:50:10.006000+00:00,094623,1542.1,1,0,0,0,0,13434,496,13434,0,0,0,0,4655,-28608,10326,6,4480,0,129,0,0,0,0,2,0,0,0,0,31082107,2018,0.26,931.73,2473.83,0,54.9,96.5,67.3,35.2,65.2,529.7,42.9,598.8,166.7,167,1054.8,364905,5013,12.86,88.8,1500,2.6,1.15,30.6,46.8,65,26.69,12232770,72915,73.86,3431.44,0,1200,400,720,240,4200,7500,8500,102,1.5,6000,0,0,0,0,0,74.95,30,69.56,64.05,40.1,0,0
2026-08-30T10:51:10.098000+09:00,2026-08-30T01:51:10.098000+00:00,094623,1729.2,1,0,0,0,0,13434,496,13434,0,0,0,0,4651,-28608,10326,6,4480,0,129,0,0,0,0,2,0,0,0,0,31082107,2018,0.28,1129.49,2858.67,0,54.9,98.1,67,35.2,65.2,527.1,42,600,168.4,168.8,1066.7,364905,5013,12.85,90.8,1500,2.59,1.16,31.4,44.9,65,26.63,12232775,72915,72.86,3431.45,0,1200,400,720,240,4200,7500,8500,102,1.5,6000,0,0,0,0,0,72.77,30,72.86,69.92,40.1,0,0
2026-08-30T10:52:10.233000+09:00,2026-08-30T01:52:10.233000+00:00,094623,1782.9,1,0,0,0,0,13434,499,13434,0,0,0,0,4655,-28608,10326,6,4480,0,129,0,0,0,0,2,0,0,0,0,31082107,2018,0.27,1127.05,2909.94,0,55.1,98.5,67.2,35.3,65.5,527.3,43.2,602,171.5,171.9,1058.9,364905,5013,12.71,90.5,1510,2.61,1.15,31.3,44.1,65,26.64,12232779,72915,79.89,3431.45,0,1200,400,720,240,4200,7500,8500,102,1.5,6000,0,0,0,0,0,72.03,30,75.65,70.03,40.1,0,0
2026-08-30T10:53:10.314000+09:00,2026-08-30T01:53:10.314000+00:00,094623,1787.8,1,0,0,0,0,13434,495,13434,0,0,0,0,4651,-26560,10326,518,4480,0,129,0,0,0,0,2,0,0,0,0,31082107,2018,0.26,1109.96,2897.73,0,55.2,97,67.6,35.3,65.7,527.8,42.7,603.6,172,172.3,1052,364905,5013,12.85,90.3,1500,2.59,1.15,31.2,44,65,26.68,12232783,72915,78.21,3431.45,0,1200,400,720,240,4200,7500,8500,102,1.5,6000,0,0,0,0,0,72.19,30,70.03,69.95,40.1,0,0
2026-08-30T10:54:10.418000+09:00,2026-08-30T01:54:10.418000+00:00,094623,1829.3,1,0,0,0,0,13434,496,13434,0,0,0,0,4655,-28608,12374,6,4512,8,129,0,0,0,0,2,0,0,0,0,31082107,2018,0.22,1078.22,2907.5,0,55.3,98.9,67.9,35.4,65.9,527.8,41.8,605,172.8,173.1,1049.9,364906,5014,12.82,89.5,1500,2.6,1.15,31.2,43.8,65,26.34,12232788,72915,78.28,3431.45,0,1200,400,720,240,4200,7500,8500,102,1.5,6000,0,0,0,0,0,72.73,30,75.6,67.26,40.1,0,0
2026-08-30T10:55:10.499000+09:00,2026-08-30T01:55:10.499000+00:00,094623,1783.8,1,0,0,0,0,13434,496,13434,0,0,0,0,4651,-28608,10326,6,4480,0,129,0,0,0,0,2,0,0,0,0,31082107,2018,0.25,993.99,2777.79,0,55.4,97.8,68.3,35.3,66,529.4,41.6,605.9,171.9,172,1034.9,364906,5014,12.81,89,1500,2.6,1.15,31.1,45,65,26.59,12232792,72915,79.34,3431.45,0,1200,400,720,240,4200,7500,8500,102,1.5,6000,0,0,0,0,0,74.19,30,73.59,64.55,40.1,0,0
2026-08-30T10:56:10.617000+09:00,2026-08-30T01:56:10.617000+00:00,094623,1809.8,1,0,0,0,0,13434,496,13434,0,0,0,0,4651,-26560,10326,518,4480,0,129,0,0,0,0,2,0,0,0,0,31082107,2018,0.28,1053.8,2863.55,0,55.3,97.1,68.4,35.4,65.9,529.6,42.2,603,172.3,172.4,1041.2,364906,5014,12.76,90.6,1500,2.6,1.14,30.9,44.1,65,26.6,12232797,72915,75.52,3431.45,0,1200,400,720,240,4200,7500,8500,102,1.5,6000,0,0,0,0,0,74.99,30,69.94,69.15,40.1,0,0
2026-08-30T10:57:10.698000+09:00,2026-08-30T01:57:10.698000+00:00,094623,1830.5,1,0,0,0,0,13434,495,13434,0,0,0,0,4651,-28608,10326,6,4480,0,129,0,0,0,0,2,0,0,0,0,31082107,2018,0.24,1114.84,2945.34,0,55.4,99,68.5,35.4,65.9,528.9,42.9,603.3,171.1,171.3,1083.7,364906,5014,12.69,90.4,1500,2.58,1.16,31.2,44.1,65,26.72,12232801,72915,77.81,3431.45,0,1200,400,720,240,4200,7500,8500,102,1.5,6000,0,0,0,0,0,75.83,30,75.52,69.57,40.1,0,0
2026-08-30T10:58:10.798000+09:00,2026-08-30T01:58:10.798000+00:00,094623,1919.6,1,0,0,0,0,13434,496,13434,0,0,0,0,4651,-28608,10326,6,4480,0,129,0,0,0,0,2,0,0,0,0,31082107,2018,0.25,1201.51,3121.13,0,55.6,98.3,68.6,35.4,66,527.9,43.2,605.9,172.7,173.1,1043.1,364906,5014,12.77,89.8,1500,2.59,1.15,31.3,42.9,65,26.78,12232806,72915,78.61,3431.46,0,1200,400,720,240,4200,7500,8500,102,1.5,6000,0,0,0,0,0,77.03,30,75.06,67.96,40.1,0,0
2026-08-30T10:59:10.983000+09:00,2026-08-30T01:59:10.983000+00:00,094623,1906.2,1,0,0,0,0,13434,495,13434,0,0,0,0,4651,-28608,18518,6,4480,528,129,0,0,0,0,2,0,0,0,0,31082107,2018,0.26,1163.67,3069.86,0,55.7,97.2,68.5,35.5,66.2,529.4,42.9,604.8,172.7,172.9,1048.2,364906,5014,12.77,89.9,1490,2.58,1.16,31.1,43.1,65,26.41,12232810,72915,78.34,3431.46,0,1200,400,720,240,4200,7500,8500,102,1.5,6000,0,0,0,0,0,77.46,30,70.93,67.6,40.1,0,0
2026-08-30T11:00:10.994000+09:00,2026-08-30T02:00:10.994000+00:00,094623,1958.7,1,0,0,0,0,13434,495,13434,0,0,0,0,4651,-28608,10326,6,4480,0,129,0,0,0,0,2,0,0,0,0,31082107,2018,0.26,1059.91,3018.59,0,55.7,98.7,68.4,35.5,66.3,529.3,42.3,606.9,172.9,173,1063.4,364907,5015,12.74,89.8,1500,2.59,1.14,31.1,43.1,65,26.63,12232814,72915,76.86,3431.46,0,1200,400,720,240,4200,7500,8500,102,1.5,6000,0,0,0,0,0,77.86,30,75.29,67.13,40.1,0,0
2026-08-30T11:01:11.095000+09:00,2026-08-30T02:01:11.095000+00:00,094623,1975.8,1,0,0,0,0,13434,495,13434,0,0,0,0,4651,-28608,10326,6,4480,0,129,0,0,0,0,2,0,0,0,0,31082107,2018,0.28,1017.18,2992.95,0,55.8,98.4,68.4,35.5,66.3,529.7,41.9,605.3,168.4,168.6,1046.3,364907,5015,12.38,90,1500,2.58,1.15,31.3,43.7,65,26.57,12232819,72915,78.78,3431.46,0,1200,400,720,240,4200,7500,8500,102,1.5,6000,0,0,0,0,0,78.45,30,75.75,67.45,40.1,0,0
2026-08-30T11:02:11.204000+09:00,2026-08-30T02:02:11.204000+00:00,094623,1994.1,1,0,0,0,0,13434,496,13434,0,0,0,0,4651,-28608,10326,6,4480,0,129,0,0,0,0,2,0,0,0,0,31082107,2018,0.29,1084.32,3078.4,0,55.8,97.4,68.4,35.5,66.3,529.7,41.8,608.4,170.7,170.8,1061.6,364907,5015,12.8,90,1500,2.58,1.15,31.2,43.2,65,26.59,12232823,72915,78.31,3431.46,0,1200,400,720,240,4200,7500,8500,102,1.5,6000,0,0,0,0,0,79.11,30,72.48,67.44,40.1,0,0
2026-08-30T11:03:11.319000+09:00,2026-08-30T02:03:11.319000+00:00,094623,1937.9,1,0,0,0,0,13434,496,13434,0,0,0,0,4655,-26560,10390,6,20864,0,129,0,0,0,0,2,0,0,0,0,31082107,2018,0.35,967.13,2905.06,0,55.8,97.2,68.1,35.5,66.3,531.7,43,606.3,170.8,170.9,1053.9,364907,5015,12.3,90.9,1500,2.57,1.14,30.8,43.8,65,25.84,12232828,72915,77.47,3431.46,0,1200,400,720,240,4200,7500,8500,102,1.5,6000,0,0,0,0,0,78.57,30,70.86,70.74,40.1,0,0
2026-08-30T11:04:11.398000+09:00,2026-08-30T02:04:11.398000+00:00,094623,2086.9,1,0,0,0,0,13434,497,13434,0,0,0,0,4651,-28608,18518,6,4480,528,129,0,0,0,0,0,0,0,0,0,31082107,2018,0.43,1117.28,3204.14,0,55.8,98.4,67.9,35.6,66.3,528.5,43.3,604.9,170.3,170.4,1043.3,364907,5015,12.44,90.4,1500,2.59,1.16,31.7,42.9,65,26.56,12232832,72915,79.09,3431.46,0,1200,400,720,240,4200,7500,8500,102,1.5,6000,0,0,0,0,0,78.06,30,73.96,70.35,40.1,0,0
2026-08-30T11:05:11.556000+09:00,2026-08-30T02:05:11.556000+00:00,094623,2201.6,1,0,0,0,0,13434,498,13434,0,0,0,0,4655,-28608,10342,590,12676,8192,129,0,0,0,0,0,0,0,0,0,31082107,2018,0.43,1136.81,3338.42,0,55.8,99.1,67.9,35.5,66.4,527.3,42.8,606.2,171.1,171.3,1068.6,364907,5015,12.64,89.5,1510,2.59,1.14,31.7,41.4,65,25.94,12232836,72915,78.99,3431.46,0,1200,400,720,240,4200,7500,8500,102,1.5,6000,0,0,0,0,0,77.91,30,77.59,67.43,40.1,0,0
2026-08-30T11:06:11.654000+09:00,2026-08-30T02:06:11.654000+00:00,094623,2136.9,1,0,0,0,0,13434,496,13434,0,0,0,0,4655,-28608,10326,518,4480,0,129,0,0,0,0,0,0,0,0,0,31082107,2018,0.41,1150.24,3287.15,0,55.8,97.8,68,35.5,66.5,527.7,42.7,605.7,171.8,171.9,1057.1,364908,5016,12.85,89.2,1500,2.59,1.14,31.3,41.6,65,25.93,12232841,72915,79.47,3431.47,0,1200,400,720,240,4200,7500,8500,102,1.5,6000,0,0,0,0,0,78.04,30,74.22,65.51,40.1,0,0
2026-08-30T11:07:11.686000+09:00,2026-08-30T02:07:11.686000+00:00,094623,2044.1,1,0,0,0,0,13434,495,13434,0,0,0,0,4655,-28608,12374,6,4512,8,129,0,0,0,0,0,0,0,0,0,31082107,2018,0.41,1056.25,3100.38,0,55.8,97.2,68,35.6,66.5,530.9,42.3,608.9,170.7,170.8,1042.2,364908,5016,12.58,89.9,1490,2.58,1.15,30.9,42.6,65,26.68,12232845,72915,77.78,3431.47,0,1200,400,720,240,4200,7500,8500,102,1.5,6000,0,0,0,0,0,78.01,30,71.44,66.67,40.1,0,0
2026-08-30T11:08:11.791000+09:00,2026-08-30T02:08:11.791000+00:00,094623,2010.0,1,0,0,0,0,13434,497,13434,0,0,0,0,4655,-28608,10326,590,4480,8192,129,0,0,0,0,0,0,0,0,0,31082107,2018,0.46,1050.14,3060.09,0,55.8,97.9,67.8,35.6,66.4,531.3,42.7,606.5,169.3,169.4,1051.6,364908,5016,12.92,90.7,1500,2.58,1.15,31,43.3,65,26.39,12232850,72915,76.05,3431.47,0,1200,400,720,240,4200,7500,8500,102,1.5,6000,0,0,0,0,0,77.44,30,72.77,69.6,40.1,0,0
2026-08-30T11:09:11.938000+09:00,2026-08-30T02:09:11.938000+00:00,094623,2024.6,1,0,0,0,0,13434,496,13434,0,0,0,0,4651,-28608,18518,6,4480,528,129,0,0,0,0,0,0,0,0,0,31082107,2018,0.48,1003.75,3028.35,0,55.8,98.8,67.7,35.7,66.3,532.3,42.2,606.6,169.5,169.5,1044,364908,5016,12.7,90.7,1500,2.58,1.15,31,43.5,65,26.47,12232854,72915,80.7,3431.47,0,1200,400,720,240,4200,7500,8500,102,1.5,6000,0,0,0,0,0,76.82,30,76.04,70.94,40.1,0,0
2026-08-30T11:10:11.974000+09:00,2026-08-30T02:10:11.974000+00:00,094623,2011.2,1,0,0,0,0,13434,495,13434,0,0,0,0,4651,-28608,10326,6,4480,0,129,0,0,0,0,0,0,0,0,0,31082107,2018,0.45,980.56,2991.73,0,55.8,98.6,67.9,35.7,66.4,532.1,41.8,610.7,166.2,166.5,1014.9,364908,5016,12.79,90,1500,2.57,1.15,31,43.8,65,26.66,12232859,72915,80.88,3431.47,0,1200,400,720,240,4200,7500,8500,102,1.5,6000,0,0,0,0,0,76.96,30,76.73,69.15,40.1,0,0
2026-08-30T11:11:12.080000+09:00,2026-08-30T02:11:12.080000+00:00,094623,2179.6,1,0,0,0,0,13434,495,13434,0,0,0,0,4655,-28608,10326,6,4480,0,129,0,0,0,0,0,0,0,0,0,31082107,2018,0.44,1111.18,3290.81,0,55.9,97.9,68,35.8,66.4,529.1,42,612.8,169,169.2,1061,364908,5016,12.8,89.4,1500,2.58,1.15,31.5,42.2,65,26.65,12232863,72915,80.16,3431.47,0,1200,400,720,240,4200,7500,8500,102,1.5,6000,0,0,0,0,0,77.21,30,74.85,66.74,40.1,0,0
2026-08-30T11:12:12.208000+09:00,2026-08-30T02:12:12.208000+00:00,094623,2177.2,1,0,0,0,0,13434,495,13434,0,0,0,0,4655,-26560,12374,6,4512,72,129,0,0,0,0,0,0,0,0,0,31082107,2018,0.43,1107.52,3284.71,0,55.9,97.6,68.2,35.8,66.5,529,43.4,611.7,168.4,168.4,1042.7,364909,5017,12.74,89.7,1500,2.58,1.16,31.7,42.6,65,25.88,12232867,72915,78.28,3431.47,0,1200,400,720,240,4200,7500,8500,102,1.5,6000,0,0,0,0,0,77.9,30,73.51,66.99,40.1,0,0
2026-08-30T11:13:12.358000+09:00,2026-08-30T02:13:12.358000+00:00,094623,2326.1,1,0,0,0,0,13434,495,13434,0,0,0,0,4655,-28608,10326,6,4480,0,129,0,0,0,0,0,0,0,0,0,31082107,2018,0.43,1249.12,3575.24,0,55.9,97.5,68.2,35.8,66.6,525.9,43.3,609.3,171.4,171.6,1084.8,364909,5017,12.32,89.7,1490,2.58,1.15,31.8,40.5,65,26.64,12232872,72915,79.5,3431.47,0,1200,400,720,240,4200,7500,8500,102,1.5,6000,0,0,0,0,0,78.2,30,72.48,66.46,40.1,0,0
2026-08-30T11:14:12.440000+09:00,2026-08-30T02:14:12.440000+00:00,094623,2304.2,1,0,0,0,0,13434,498,13434,0,0,0,0,4651,-28608,18518,6,4480,528,129,0,0,0,0,0,0,0,0,0,31082107,2018,0.45,1196.63,3500.78,0,55.9,98.1,68.3,35.8,66.8,526.5,45.4,613.6,171.4,171.6,1079.9,364909,5017,12.8,90.2,1510,2.59,1.14,31.8,41,65,26.6,12232876,72915,79.36,3431.48,0,1200,400,720,240,4200,7500,8500,102,1.5,6000,0,0,0,0,0,79.05,30,73.99,68.03,40.2,0,0
2026-08-30T11:15:12.544000+09:00,2026-08-30T02:15:12.544000+00:00,094623,2091.7,1,0,0,0,0,13434,496,13434,0,0,0,0,4655,-28608,10326,6,4480,0,129,0,0,0,0,0,0,0,0,0,31082107,2018,0.47,964.69,3056.43,0,55.9,98.3,68.3,35.9,66.7,532,43.4,613.2,169.2,169.3,1043.7,364909,5017,12.86,90.9,1500,2.57,1.15,30.9,43.1,65,26.62,12232881,72915,77.94,3431.48,0,1200,400,720,240,4200,7500,8500,102,1.5,6000,0,0,0,0,0,79.55,30,74.87,70.88,40.1,0,0
2026-08-30T11:16:12.625000+09:00,2026-08-30T02:16:12.625000+00:00,094623,2009.9,1,0,0,0,0,13434,495,13434,0,0,0,0,4655,-28608,10326,6,4480,0,129,0,0,0,0,0,0,0,0,0,31082107,2018,0.47,913.42,2923.37,0,55.9,98.6,68,35.9,66.6,534.1,42.8,609,166.7,166.8,1019.2,364909,5017,12.73,91.1,1500,2.56,1.15,30.7,44.1,65,26.65,12232885,72915,79.35,3431.48,0,1200,400,720,240,4200,7500,8500,102,1.5,6000,0,0,0,0,0,78.88,30,76.47,73.03,40.2,0,0
2026-08-30T11:17:12.714000+09:00,2026-08-30T02:17:12.714000+00:00,094623,2097.8,1,0,0,0,0,13434,495,13434,0,0,0,0,4651,-28608,12374,6,4512,72,129,0,0,0,0,0,0,0,0,0,31082107,2018,0.45,954.92,3052.77,0,56,98.8,67.9,35.9,66.4,532.5,42.4,610.3,166.9,167.2,1024.9,364909,5017,12.81,89.7,1500,2.57,1.15,31,43.4,65,26.66,12232890,72915,79.66,3431.48,0,1200,400,720,240,4200,7500,8500,102,1.5,6000,0,0,0,0,0,78.5,30,78.24,69.43,40.2,0,0
2026-08-30T11:18:12.815000+09:00,2026-08-30T02:18:12.815000+00:00,094623,2256.5,1,0,0,0,0,13434,496,13434,0,0,0,0,4651,-28608,10326,6,4480,0,129,0,0,0,0,0,0,0,0,0,31082107,2018,0.42,1059.91,3316.45,0,56.1,97.7,67.8,35.9,66.5,528.6,42,610.8,168.5,168.9,1064.4,364910,5018,12.67,89.4,1500,2.56,1.15,31.5,42.1,65,26.75,12232894,72915,77.9,3431.48,0,1200,400,720,240,4200,7500,8500,102,1.5,6000,0,0,0,0,0,77.93,30,75.59,67.56,40.2,0,0
2026-08-30T11:19:12.918000+09:00,2026-08-30T02:19:12.918000+00:00,094623,2334.7,1,0,0,0,0,13434,498,13434,0,0,0,0,4655,-28608,18518,518,4480,528,129,0,0,0,0,0,0,0,0,0,31082107,2018,0.42,1167.33,3502,0,56.1,97,67.8,36,66.6,527.4,43.1,611.9,170.6,170.8,1065,364910,5018,12.93,89.6,1510,2.6,1.15,31.8,41.4,65,25.73,12232898,72915,77.66,3431.48,0,1200,400,720,240,4200,7500,8500,102,1.5,6000,0,0,0,0,0,77.69,30,72.34,67.53,40.1,0,0
2026-08-30T11:20:13.019000+09:00,2026-08-30T02:20:13.019000+00:00,094623,2368.9,1,0,0,0,0,13434,498,13434,0,0,0,0,4655,-26560,10326,6,4480,0,129,0,0,0,0,0,0,0,0,0,31082107,2018,0.48,1147.8,3516.65,0,56.1,98.4,67.9,36,66.7,526.9,43.5,613.3,172.5,172.8,1110.5,364910,5018,12.7,89.9,1500,2.58,1.15,31.8,40.9,65,25.96,12232903,72915,79.12,3431.48,0,1200,400,720,240,4200,7500,8500,102,1.5,6000,0,0,0,0,0,77.87,30,76.11,68.32,40.2,0,0
2026-08-30T11:21:13.121000+09:00,2026-08-30T02:21:13.121000+00:00,094623,2211.4,1,0,0,0,0,13434,498,13434,0,0,0,0,4655,-26560,10326,6,4480,0,129,0,0,0,0,0,0,0,0,0,31082107,2018,0.46,1064.79,3276.16,0,56.1,98.3,68.1,36,66.8,529.7,43.9,610.4,171.4,171.7,1083.6,364910,5018,12.68,89.9,1510,2.59,1.14,31.1,42.1,65,26.11,12232907,72915,78.98,3431.49,0,1200,400,720,240,4200,7500,8500,102,1.5,6000,0,0,0,0,0,78.47,30,76.76,68.34,40.2,0,0
2026-08-30T11:22:13.224000+09:00,2026-08-30T02:22:13.224000+00:00,094623,2182.1,1,0,0,0,0,13434,495,13434,0,0,0,0,4655,-28608,12438,6,20896,72,129,0,0,0,0,0,0,0,0,0,31082107,2018,0.43,932.95,3115.02,0,56.1,97.5,68.1,36.1,66.7,531.3,43.1,609.7,170.4,170.8,1035.5,364910,5018,12.62,90,1500,2.57,1.13,30.9,42.6,65,26.32,12232912,72915,79.98,3431.49,0,1200,400,720,240,4200,7500,8500,102,1.5,6000,0,0,0,0,0,78.51,30,73.95,68.54,40.2,0,0
2026-08-30T11:23:13.317000+09:00,2026-08-30T02:23:13.317000+00:00,094623,2276.1,1,0,0,0,0,13434,497,13434,0,0,0,0,4655,-28608,10326,6,4480,0,129,0,0,0,0,0,0,0,0,0,31082107,2018,0.44,1056.25,3332.32,0,56.1,97.5,68,36.1,66.6,529.3,43.1,609.8,170.1,170.3,1081.2,364910,5018,12.74,90.7,1500,2.58,1.15,31.4,42.1,65,26.68,12232916,72915,77.49,3431.49,0,1200,400,720,240,4200,7500,8500,102,1.5,6000,0,0,0,0,0,78.3,30,73.1,71.34,40.2,0,0
2026-08-30T11:24:13.463000+09:00,2026-08-30T02:24:13.463000+00:00,094623,2228.5,1,0,0,0,0,13434,497,13434,0,0,0,0,4651,-28608,18534,6,12676,0,129,0,0,0,0,0,0,0,0,0,31082107,2018,0.46,1039.16,3267.62,0,56.2,98.2,67.9,36.1,66.7,529.8,42.7,610.7,170.9,171,1071.4,364911,5019,12.62,90.6,1500,2.59,1.14,31.1,42,65,26.47,12232921,72915,78.71,3431.49,0,1200,400,720,240,4200,7500,8500,102,1.5,6000,0,0,0,0,0,77.92,30,75,72.19,40.2,0,0
2026-08-30T11:25:13.542000+09:00,2026-08-30T02:25:13.542000+00:00,094623,2304.2,1,0,0,0,0,13434,497,13434,0,0,0,0,4655,-28608,10326,6,4480,0,129,0,0,0,0,0,0,0,0,0,31082107,2018,0.46,1151.46,3455.61,0,56.2,98.7,68,36.1,66.7,529.1,43.4,609,170.8,171,1066.9,364911,5019,12.73,89.7,1510,2.57,1.16,31.7,41.8,65,26.67,12232925,72915,80.28,3431.49,0,1200,400,720,240,4200,7500,8500,102,1.5,6000,0,0,0,0,0,78.2,30,77.25,69.71,40.2,0,0
2026-08-30T11:26:13.632000+09:00,2026-08-30T02:26:13.632000+00:00,094623,2276.1,1,0,0,0,0,13434,496,13434,0,0,0,0,4651,-28608,10326,518,4480,0,129,0,0,0,0,0,0,0,0,0,31082107,2018,0.44,1074.56,3350.63,0,56.2,98.3,68,36.1,66.8,530.2,43.3,609.1,172.1,172.5,1026.8,364911,5019,12.64,89.5,1500,2.58,1.14,31.2,41.6,65,26.44,12232929,72915,78.07,3431.49,0,1200,400,720,240,4200,7500,8500,102,1.5,6000,0,0,0,0,0,78.1,30,77.06,68.25,40.2,0,0
2026-08-30T11:27:13.718000+09:00,2026-08-30T02:27:13.718000+00:00,094623,2279.7,1,0,0,0,0,13434,497,13434,0,0,0,0,4651,-28608,12374,518,4512,72,129,0,0,0,0,0,0,0,0,0,31082107,2018,0.44,1097.75,3377.48,0,56.1,97.6,68,36.1,66.8,529.3,42.8,610.5,171.2,171.5,1049.9,364911,5019,12.81,89.7,1500,2.58,1.15,31.3,41.7,65,25.74,12232934,72915,77.8,3431.49,0,1200,400,720,240,4200,7500,8500,102,1.5,6000,0,0,0,0,0,78.1,30,74.82,68.25,40.2,0,0
2026-08-30T11:28:13.813000+09:00,2026-08-30T02:28:13.813000+00:00,094623,2346.9,1,0,0,0,0,13434,495,13434,0,0,0,0,4655,-28608,10326,6,4480,0,129,0,0,0,0,0,0,0,0,0,31082107,2018,0.44,1166.11,3512.99,0,56.2,97.5,68,36.2,66.8,529.5,42.3,610.1,171.7,171.9,1058,364911,5019,12.9,89.9,1500,2.58,1.16,31.7,41.3,65,26.7,12232938,72915,80.36,3431.49,0,1200,400,720,240,4200,7500,8500,102,1.5,6000,0,0,0,0,0,77.98,30,73.67,68.39,40.2,0,0
2026-08-30T11:29:13.906000+09:00,2026-08-30T02:29:13.906000+00:00,094623,2239.4,1,0,0,0,0,13434,495,13434,0,0,0,0,4651,-28608,10326,6,4480,0,129,0,0,0,0,0,0,0,0,0,31082107,2018,0.43,1164.89,3404.34,0,56.2,97.6,68,36.2,66.9,530.3,44.2,610.9,171.6,171.8,1068.1,364911,5019,12.63,90.5,1490,2.56,1.15,31.1,41.5,65,26.69,12232943,72915,77.9,3431.5,0,1200,400,720,240,4200,7500,8500,102,1.5,6000,0,0,0,0,0,78.04,30,73.34,70.51,40.2,0,0
2026-08-30T11:30:13.982000+09:00,2026-08-30T02:30:13.982000+00:00,094623,2241.9,1,0,0,0,0,13434,495,13434,0,0,0,0,4655,-26560,10326,14,4480,8192,129,0,0,0,0,0,0,0,0,0,31082107,2018,0.43,1035.49,3277.38,0,56.2,97.7,67.9,36.2,66.8,532.1,43.3,608.8,171,171.3,1028.3,364912,5020,12.64,90.8,1490,2.57,1.16,31,42.1,65,26.67,12232947,72915,78.94,3431.5,0,1200,400,720,240,4200,7500,8500,102,1.5,6000,0,0,0,0,0,77.74,30,73.05,72.64,40.2,0,0
2026-08-30T11:31:14.091000+09:00,2026-08-30T02:31:14.091000+00:00,094623,2127.1,1,0,0,0,0,13434,497,13434,0,0,0,0,4655,-26560,10326,6,4480,0,129,0,0,0,0,0,0,0,0,0,31082107,2018,0.44,923.18,3050.32,0,56.4,98.3,68,36.2,66.8,533.3,43.7,608.5,169.4,169.6,1031,364912,5020,12.86,89.8,1500,2.57,1.14,30.5,43,65,25.91,12232951,72915,80.11,3431.5,0,1200,400,720,240,4200,7500,8500,102,1.5,6000,0,0,0,0,0,78.15,30,75.01,70.1,40.2,0,0
2026-08-30T11:32:14.188000+09:00,2026-08-30T02:32:14.188000+00:00,094623,2228.5,1,0,0,0,0,13434,496,13434,0,0,0,0,4651,-28608,12374,6,4512,8,129,0,0,0,0,0,0,0,0,0,31082107,2018,0.45,1052.58,3281.04,0,56.4,98.6,68,36.2,66.7,531.8,42.6,606.1,168.9,169.1,1028.6,364912,5020,12.45,89.2,1500,2.57,1.16,31.3,42.6,65,26.4,12232956,72915,78.74,3431.5,0,1200,400,720,240,4200,7500,8500,102,1.5,6000,0,0,0,0,0,78.03,30,76.6,67.19,40.2,0,0
2026-08-30T11:33:14.289000+09:00,2026-08-30T02:33:14.289000+00:00,094623,2353.0,1,0,0,0,0,13434,497,13434,0,0,0,0,4655,-26560,10326,6,4480,0,129,0,0,0,0,0,0,0,0,0,31082107,2018,0.46,1116.06,3469.04,0,56.4,98.5,67.9,36.1,66.7,529.7,45.7,608.3,170.1,170.3,1031.7,364912,5020,12.79,89.7,1500,2.57,1.15,31.4,41.1,65,26,12232960,72915,76.34,3431.5,0,1200,400,720,240,4200,7500,8500,102,1.5,6000,0,0,0,0,0,77.6,30,77.12,67.9,40.2,0,0
2026-08-30T11:34:14.390000+09:00,2026-08-30T02:34:14.390000+00:00,094623,2232.1,1,0,0,0,0,13434,496,13434,0,0,0,0,4655,-28608,10326,6,4480,0,129,0,0,0,0,0,0,0,0,0,31082107,2018,0.48,1023.29,3255.41,0,56.4,98.3,68,36.2,66.9,532.1,44.2,608.3,170,170.2,1030,364912,5020,12.71,90,1500,2.57,1.15,30.9,42.1,65,26.64,12232965,72915,78.97,3431.5,0,1200,400,720,240,4200,7500,8500,102,1.5,6000,0,0,0,0,0,77.85,30,77.14,68.69,40.3,0,0
2026-08-30T11:35:14.475000+09:00,2026-08-30T02:35:14.475000+00:00,094623,2304.2,1,0,0,0,0,13434,498,13434,0,0,0,0,4651,-28608,10326,6,4480,0,129,0,0,0,0,0,0,0,0,0,31082107,2018,0.48,1017.18,3321.33,0,56.4,98.2,68,36.1,66.8,531.8,43.6,606.8,169.3,169.4,1029.3,364912,5020,12.75,90.5,1510,2.57,1.16,31.4,42.5,65,26.66,12232969,72915,79.08,3431.5,0,1200,400,720,240,4200,7500,8500,102,1.5,6000,0,0,0,0,0,77.96,30,77.3,70.69,40.2,0,0
2026-08-30T11:36:14.575000+09:00,2026-08-30T02:36:14.575000+00:00,094623,2447.0,1,0,0,0,0,13434,497,13434,0,0,0,0,4655,-26560,10326,590,4480,8192,129,0,0,0,0,0,0,0,0,0,31082107,2018,0.47,1172.22,3619.19,0,56.4,98.3,68,36.2,66.9,528.8,43.7,606.5,172.2,172.5,1044.8,364913,5021,12.36,90.7,1500,2.57,1.14,31.6,40.4,65,26.74,12232974,72915,80.07,3431.5,0,1200,400,720,240,4200,7500,8500,102,1.5,6000,0,0,0,0,0,77.9,30,77.95,72.42,40.2,0,0
2026-08-30T11:37:14.680000+09:00,2026-08-30T02:37:14.680000+00:00,094623,2365.2,1,0,0,0,0,13434,497,13434,0,0,0,0,4651,-28608,18518,518,4480,528,129,0,0,0,0,0,0,0,0,0,31082107,2018,0.45,1025.73,3390.91,0,56.5,98,68.1,36.2,67,531.1,44,605.5,168.9,169.2,1046.1,364913,5021,12.76,90.4,1510,2.56,1.15,31.4,41.7,65,26.28,12232978,72915,79.96,3431.51,0,1200,400,720,240,4200,7500,8500,102,1.5,6000,0,0,0,0,0,78.25,30,77.33,72.45,40.2,0,0
2026-08-30T11:38:14.770000+09:00,2026-08-30T02:38:14.770000+00:00,094623,2423.8,1,0,0,0,0,13434,497,13434,0,0,0,0,4655,-28608,10326,518,4480,0,129,0,0,0,0,0,0,0,0,0,31082107,2018,0.45,1138.04,3561.81,0,56.6,98,68.3,36.3,67,528.7,44.1,607.2,170.4,170.6,1029.8,364913,5021,12.41,90,1500,2.57,1.15,31.8,41.3,65,26.03,12232982,72915,78.37,3431.51,0,1200,400,720,240,4200,7500,8500,102,1.5,6000,0,0,0,0,0,79.16,30,77.33,71.43,40.3,0,0
2026-08-30T11:39:14.870000+09:00,2026-08-30T02:39:14.870000+00:00,094623,2471.4,1,0,0,0,0,13434,498,13434,0,0,0,0,4655,-28608,10390,6,20864,0,129,0,0,0,0,0,0,0,0,0,31082107,2018,0.45,1139.26,3610.64,0,56.6,98.2,68.4,36.3,67.2,527.7,44.1,606.2,171.6,172.1,1019.7,364913,5021,12.87,89.2,1510,2.58,1.14,31.7,40.6,65,25.83,12232987,72915,80.01,3431.51,0,1200,400,720,240,4200,7500,8500,102,1.5,6000,0,0,0,0,0,80.04,30,78.16,68.33,40.2,0,0
2026-08-30T11:40:14.974000+09:00,2026-08-30T02:40:14.974000+00:00,094623,2459.2,1,0,0,0,0,13434,495,13434,0,0,0,0,4655,-28608,10326,6,4480,8,129,0,0,0,0,0,0,0,0,0,31082107,2018,0.46,1015.96,3475.14,0,56.6,98,68.5,36.3,67.2,528.7,43.5,605.9,171.8,171.9,1053,364913,5021,12.81,89.5,1490,2.55,1.15,31.5,41.2,65,26.57,12232991,72915,78.7,3431.51,0,1200,400,720,240,4200,7500,8500,102,1.5,6000,0,0,0,0,0,80.94,30,77.57,68.13,40.3,0,0
2026-08-30T11:41:15.060000+09:00,2026-08-30T02:41:15.060000+00:00,094623,2202.8,1,0,0,0,0,13434,497,13434,0,0,0,0,4651,-28608,10390,6,20864,0,129,0,0,0,0,0,0,0,0,0,31082107,2018,0.45,935.39,3138.22,0,56.6,98,68.3,36.3,67.2,533.5,43.1,603.6,169.2,169.3,1065.1,364913,5021,12.76,90.5,1500,2.58,1.15,30.7,42.8,65,26.65,12232996,72915,80.04,3431.51,0,1200,400,720,240,4200,7500,8500,102,1.5,6000,0,0,0,0,0,80.98,30,77.63,71.14,40.3,0,0
2026-08-30T11:42:15.163000+09:00,2026-08-30T02:42:15.163000+00:00,094623,2339.5,1,0,0,0,0,13434,496,13434,0,0,0,0,4655,-28608,18518,6,4480,528,129,0,0,0,0,0,0,0,0,0,31082107,2018,0.43,1048.92,3388.47,0,56.6,97.9,68,36.4,67,532.2,43.1,603.3,168.7,168.7,1079.7,364914,5022,12.7,90.9,1500,2.56,1.16,31.4,42.3,65,26.5,12233000,72915,78.76,3431.51,0,1200,400,720,240,4200,7500,8500,102,1.5,6000,0,0,0,0,0,80.28,30,77.17,73.74,40.3,0,0
2026-08-30T11:43:15.256000+09:00,2026-08-30T02:43:15.256000+00:00,094623,2471.4,1,0,0,0,0,13434,503,13434,0,0,0,0,4655,-28608,10342,6,13188,0,129,0,0,0,0,0,0,0,0,0,31082107,2018,0.43,1131.93,3603.32,0,56.7,98.5,68,36.4,67.1,527.7,42.6,605.7,171.6,171.8,1107,364914,5022,12.69,89.6,1520,2.6,1.14,30.7,39.4,65,25.77,12233005,72915,80.24,3431.51,0,1200,400,720,240,4200,7500,8500,102,1.5,6000,0,0,0,0,0,79.34,30,78.25,69.18,40.3,0,0
2026-08-30T11:44:15.355000+09:00,2026-08-30T02:44:15.355000+00:00,094623,946.4,1,0,0,0,0,13434,499,13434,0,0,0,0,4651,-28608,10326,6,4992,0,129,0,0,0,0,0,0,0,0,0,31082107,2018,0.39,515.46,1461.84,0,56.5,96.2,68,36.5,66.9,528,42.7,594.5,157.9,157.9,1060.4,364914,5022,12.29,89.9,1490,2.64,1.04,21.7,37.3,65,11.86,12233007,72915,69.78,3431.51,0,1200,400,720,240,4200,7500,8500,102,1.5,6000,0,0,0,0,0,70.97,30,62.42,61.02,40.3,0,0
2026-08-30T11:45:15.449000+09:00,2026-08-30T02:45:15.449000+00:00,094623,787.4,1,0,0,0,0,13434,502,13434,0,0,0,0,4651,-28608,12374,6,5024,72,129,0,0,0,0,0,0,0,0,0,31082107,2018,0.36,502.03,1289.41,0,55.9,96.9,67.9,36.6,65.9,525.5,44,587.6,149.4,149.1,1038.9,364914,5022,12.64,91.8,1500,2.66,1.06,21.6,39.5,65,12.66,12233009,72915,66.54,3431.52,0,1200,400,720,240,4200,7500,8500,102,1.5,6000,0,0,0,0,0,70.64,30,61.73,68.51,40.2,0,0
2026-08-30T11:46:15.539000+09:00,2026-08-30T02:46:15.539000+00:00,094623,1737.7,1,0,0,0,0,13434,495,13434,0,0,0,0,4651,-28608,10326,6,4480,0,129,0,0,0,0,0,0,0,0,0,31082107,2018,0.41,1205.18,2942.9,0,55.8,98.8,67.7,36.6,65.4,518.5,43.2,597.1,157.8,158.3,1048.1,364914,5022,12.71,89.2,1500,2.58,1.17,32.1,44.1,65,26.22,12233012,72915,70.52,3431.52,0,1200,400,720,240,4200,7500,8500,102,1.5,6000,0,0,0,0,0,78.97,30,76.4,70.15,40.3,0,0
2026-08-30T11:47:15.674000+09:00,2026-08-30T02:47:15.674000+00:00,094623,1634.9,1,0,0,0,0,13434,494,13434,0,0,0,0,4655,-28608,18518,6,4480,528,129,0,0,0,0,0,0,0,0,0,31082107,2018,0.39,1047.7,2682.58,0,55.9,98.1,67.6,36.6,65.9,527,42.9,601.1,165.8,166.3,1028.6,364914,5022,12.65,88.7,1490,2.59,1.15,30.8,45.2,65,26.54,12233017,72915,77.61,3431.52,0,1200,400,720,240,4200,7500,8500,102,1.5,6000,0,0,0,0,0,78.22,30,75.54,67.02,40.3,0,0
2026-08-30T11:48:15.765000+09:00,2026-08-30T02:48:15.765000+00:00,094623,1800.0,1,0,0,0,0,13434,495,13434,0,0,0,0,4655,-28608,10326,582,4480,0,129,0,0,0,0,0,0,0,0,0,31082107,2018,0.4,1118.5,2918.48,0,55.8,96.9,67.4,36.6,66.1,525.7,42.8,600.5,166.6,167,1041.4,364915,5023,12.62,89,1490,2.57,1.16,31.7,44.5,65,26.6,12233021,72915,76.24,3431.52,0,1200,400,720,240,4200,7500,8500,102,1.5,6000,0,0,0,0,0,76.84,30,71.06,66.03,40.3,0,0
2026-08-30T11:49:15.851000+09:00,2026-08-30T02:49:15.851000+00:00,094623,1895.2,1,0,0,0,0,13434,497,13434,0,0,0,0,4655,-28608,10326,6,4480,0,129,0,0,0,0,0,0,0,0,0,31082107,2018,0.45,1188.08,3083.28,0,55.9,98.1,67.5,36.6,66.3,526,42,602.8,168.2,168.7,1073,364915,5023,12.68,89.3,1500,2.58,1.15,31.5,42.9,65,26.67,12233026,72915,76.33,3431.52,0,1200,400,720,240,4200,7500,8500,102,1.5,6000,0,0,0,0,0,76.4,30,73.97,65.76,40.3,0,0
2026-08-30T11:50:15.938000+09:00,2026-08-30T02:50:15.938000+00:00,094623,1843.6,1,0,0,0,0,13434,496,13434,0,0,0,0,4655,-28608,12374,6,4512,72,129,0,0,0,0,0,0,0,0,0,31082107,2018,0.45,997.65,2841.27,0,56,98.8,67.6,36.6,66.5,528.7,42.2,602.6,168.3,168.8,1032,364915,5023,12.7,89.8,1500,2.58,1.15,31.1,44.2,65,26.57,12233030,72915,76.38,3431.52,0,1200,400,720,240,4200,7500,8500,102,1.5,6000,0,0,0,0,0,76.05,30,77.02,66.52,40.3,0,0
2026-08-30T11:51:16.071000+09:00,2026-08-30T02:51:16.071000+00:00,094623,1885.4,1,0,0,0,0,13434,497,13434,0,0,0,0,4655,-28608,10326,518,4480,0,129,0,0,0,0,0,0,0,0,0,31082107,2018,0.45,1113.62,2999.05,0,56.1,97.7,67.7,36.6,66.5,527.9,42.5,602.1,169,169.5,1053,364915,5023,12.04,90.4,1500,2.56,1.16,31.5,43.8,65,26.06,12233034,72915,76.65,3431.52,0,1200,400,720,240,4200,7500,8500,102,1.5,6000,0,0,0,0,0,75.85,30,74.13,68.47,40.3,0,0
2026-08-30T11:52:16.127000+09:00,2026-08-30T02:52:16.127000+00:00,094623,1962.3,1,0,0,0,0,13434,497,13434,0,0,0,0,4655,-28608,18518,6,4480,528,129,0,0,0,0,0,0,0,0,0,31082107,2018,0.44,1125.83,3088.17,0,56.1,97.3,67.8,36.7,66.6,527.3,42.3,603.3,169.2,169.6,1073.4,364915,5023,12.69,90.4,1500,2.59,1.16,31.8,43.6,65,26.6,12233039,72915,78.9,3431.52,0,1200,400,720,240,4200,7500,8500,102,1.5,6000,0,0,0,0,0,75.77,30,72.08,69.58,40.2,0,0
2026-08-30T11:53:16.217000+09:00,2026-08-30T02:53:16.217000+00:00,094623,2091.7,1,0,0,0,0,13434,498,13434,0,0,0,0,4655,-28608,10326,518,4480,0,129,0,0,0,0,0,0,0,0,0,31082107,2018,0.48,1205.18,3296.91,0,56.2,98.3,67.9,36.7,66.8,525,42.8,605.7,173.4,173.7,1067.4,364915,5023,12.76,90.8,1510,2.58,1.14,31.8,41.5,65,26.08,12233043,72915,77.22,3431.53,0,1200,400,720,240,4200,7500,8500,102,1.5,6000,0,0,0,0,0,75.91,30,74.78,71.54,40.3,0,0
2026-08-30T11:54:16.319000+09:00,2026-08-30T02:54:16.319000+00:00,094623,1890.3,1,0,0,0,0,13434,497,13434,0,0,0,0,4651,-26560,10326,6,4481,0,129,0,0,0,0,0,0,0,0,0,31082107,2018,0.47,974.46,2864.77,0,56.2,98.8,68.2,36.6,66.9,531,43.1,606,170.7,171.1,1043.6,364916,5024,12.76,90.3,1500,2.57,1.14,30.9,43.9,65,26.69,12233048,72915,79.63,3431.53,0,1200,400,720,240,4200,7500,8500,102,1.5,6000,0,0,0,0,0,76.82,30,77.19,70.65,40.3,0,0
2026-08-30T11:55:16.399000+09:00,2026-08-30T02:55:16.399000+00:00,094623,1909.8,1,0,0,0,0,13434,497,13434,0,0,0,0,4651,-28608,12374,6,4512,72,129,0,0,0,0,0,0,0,0,0,31082107,2018,0.47,962.25,2872.1,0,56.3,98.3,68.3,36.7,66.8,531.5,42,606.2,170,170.2,1052,364916,5024,12.73,89.8,1500,2.57,1.16,31.2,44.5,65,26.47,12233052,72915,77.58,3431.53,0,1200,400,720,240,4200,7500,8500,102,1.5,6000,0,0,0,0,0,77.53,30,76.52,69.19,40.3,0,0
2026-08-30T11:56:16.500000+09:00,2026-08-30T02:56:16.500000+00:00,094623,2009.9,1,0,0,0,0,13434,495,13434,0,0,0,0,4655,-26560,10326,6,4480,0,129,0,0,0,0,0,0,0,0,0,31082107,2018,0.47,1056.25,3066.19,0,56.4,98.4,68.3,36.7,66.8,529.9,43.6,606.2,170.8,171,1037.2,364916,5024,12.69,89.7,1500,2.57,1.15,31.5,43.6,65,26.62,12233057,72915,79.17,3431.53,0,1200,400,720,240,4200,7500,8500,102,1.5,6000,0,0,0,0,0,77.92,30,77.29,68.61,40.3,0,0
2026-08-30T11:57:16.599000+09:00,2026-08-30T02:57:16.599000+00:00,094623,1914.7,1,0,0,0,0,13434,496,13434,0,0,0,0,4655,-28608,18518,6,4480,528,129,0,0,0,0,0,0,0,0,0,31082107,2018,0.46,1019.62,2934.35,0,56.4,98.1,68.4,36.7,66.9,530.4,43.9,605.5,171.2,171.6,1023.8,364916,5024,12.7,89.9,1500,2.58,1.14,30.9,43.7,65,26.64,12233061,72915,79.32,3431.53,0,1200,400,720,240,4200,7500,8500,102,1.5,6000,0,0,0,0,0,78.7,30,76.93,68.93,40.3,0,0
2026-08-30T11:58:16.748000+09:00,2026-08-30T02:58:16.748000+00:00,094623,2035.6,1,0,0,0,0,13434,497,13434,0,0,0,0,4651,-28608,10390,6,20864,0,129,0,0,0,0,0,0,0,0,0,31082107,2018,0.44,1012.3,3047.88,0,56.4,97.6,68.4,36.7,66.9,530.1,42.9,604.7,170.8,171,1056.2,364916,5024,12.8,89.8,1500,2.58,1.14,31.3,43.3,65,26.66,12233065,72915,77.72,3431.53,0,1200,400,720,240,4200,7500,8500,102,1.5,6000,0,0,0,0,0,79.36,30,75.14,68.58,40.4,0,0
2026-08-30T11:59:16.796000+09:00,2026-08-30T02:59:16.796000+00:00,094623,1941.6,1,0,0,0,0,13434,496,13434,0,0,0,0,4651,-28608,10326,6,4480,0,129,0,0,0,0,0,0,0,0,0,31082107,2018,0.44,1058.69,3000.27,0,56.5,97.5,68.4,36.7,66.9,531.7,42.8,605.3,170.4,170.8,1036.3,364916,5024,12.35,90.1,1500,2.56,1.15,31.1,43.8,65,26.57,12233070,72915,77.55,3431.53,0,1200,400,720,240,4200,7500,8500,102,1.5,6000,0,0,0,0,0,79.94,30,74.04,69.35,40.4,0,0
2026-08-30T12:00:16.899000+09:00,2026-08-30T03:00:16.899000+00:00,094623,2123.5,1,0,0,0,0,13434,496,13434,0,0,0,0,4651,-28608,12438,6,20896,72,129,0,0,0,0,0,0,0,0,0,31082107,2018,0.42,1073.34,3196.81,0,56.5,97.7,68.2,36.7,66.9,528.4,42.8,607.9,172.6,173,1078.5,364917,5025,12.35,90.6,1500,2.57,1.14,31.3,41.9,65,26.27,12233074,72915,77.52,3431.54,0,1200,400,720,240,4200,7500,8500,102,1.5,6000,0,0,0,0,0,79.82,30,74.04,71.53,40.4,0,0
2026-08-30T12:01:17.030000+09:00,2026-08-30T03:01:17.030000+00:00,094623,2136.9,1,0,0,0,0,13434,495,13434,0,0,0,0,4655,-28608,10326,6,4480,0,129,0,0,0,0,0,0,0,0,0,31082107,2018,0.44,1079.44,3216.35,0,56.6,97.9,68.3,36.7,67.1,528.2,43.2,608.6,173.7,174,1096.8,364917,5025,12.91,90.6,1500,2.56,1.15,31.7,42.4,65,26.53,12233079,72915,80,3431.54,0,1200,400,720,240,4200,7500,8500,102,1.5,6000,0,0,0,0,0,80.45,30,74.3,72.88,40.4,0,0
2026-08-30T12:02:17.164000+09:00,2026-08-30T03:02:17.164000+00:00,094623,1999.0,1,0,0,0,0,13434,495,13434,0,0,0,0,4651,-28608,18534,6,12676,16,129,0,0,0,0,0,0,0,0,0,31082107,2018,0.44,1046.48,3045.44,0,56.6,98.4,68.3,36.7,67.2,530.6,43,608.9,172.3,172.4,1073.4,364917,5025,12.86,89.8,1490,2.57,1.14,30.8,42.7,65,26.38,12233083,72915,78.87,3431.54,0,1200,400,720,240,4200,7500,8500,102,1.5,6000,0,0,0,0,0,80.91,30,75.93,70.85,40.4,0,0
2026-08-30T12:03:17.257000+09:00,2026-08-30T03:03:17.257000+00:00,094623,1986.8,1,0,0,0,0,13435,497,13435,0,0,0,0,4651,-28608,10326,6,4480,0,129,0,0,0,0,0,0,0,0,0,31082107,2018,0.45,1023.29,3010.04,0,56.7,98.4,68.2,36.8,67.2,531.6,42.6,608.7,170.5,170.7,1037.5,364917,5025,12.74,89.2,1500,2.57,1.15,30.9,43.6,65,26.69,12233088,72915,79.79,3431.54,0,1200,400,720,240,4200,7500,8500,102,1.5,6000,0,0,0,0,0,81.12,30,76.59,68.45,40.4,0,0
2026-08-30T12:04:17.345000+09:00,2026-08-30T03:04:17.345000+00:00,094623,1978.2,1,0,0,0,0,13435,496,13435,0,0,0,0,4655,-28608,10326,6,4480,0,129,0,0,0,0,0,0,0,0,0,31082107,2018,0.45,1051.36,3029.57,0,56.7,98.3,68.1,36.8,67.1,532.1,43,608.1,170.5,170.7,1053.9,364917,5025,12.38,89.5,1490,2.57,1.16,31,43.4,65,26.7,12233092,72915,78.73,3431.54,0,1200,400,720,240,4200,7500,8500,102,1.5,6000,0,0,0,0,0,81.05,30,76.78,68.46,40.4,0,0
2026-08-30T12:05:17.408000+09:00,2026-08-30T03:05:17.408000+00:00,094623,2052.7,1,0,0,0,0,13435,498,13435,0,0,0,0,4655,-28608,12374,6,4512,8,129,0,0,0,0,0,0,0,0,0,31082107,2018,0.46,1039.16,3091.83,0,56.7,98.1,68,36.8,67,531.2,43.1,605.1,170.1,170.3,1031.5,364917,5025,12.92,89.7,1510,2.59,1.16,31.4,43.6,65,26.36,12233096,72915,77.21,3431.54,0,1200,400,720,240,4200,7500,8500,102,1.5,6000,0,0,0,0,0,80.9,30,76.46,68.61,40.5,0,0
2026-08-30T12:06:17.507000+09:00,2026-08-30T03:06:17.507000+00:00,094623,2108.8,1,0,0,0,0,13435,497,13435,0,0,0,0,4651,-28608,10326,6,4480,0,129,0,0,0,0,0,0,0,0,0,31082107,2018,0.47,1134.37,3243.2,0,56.7,98.3,67.9,36.8,67.1,530.5,42.7,606.4,172.1,172.3,1052.9,364918,5026,12.71,90.1,1500,2.58,1.14,31.2,41.9,65,26.63,12233101,72915,79.07,3431.54,0,1200,400,720,240,4200,7500,8500,102,1.5,6000,0,0,0,0,0,80.5,30,77.3,69.64,40.4,0,0
2026-08-30T12:07:17.608000+09:00,2026-08-30T03:07:17.608000+00:00,094623,2058.8,1,0,0,0,0,13435,496,13435,0,0,0,0,4651,-28608,10326,6,4480,0,129,0,0,0,0,0,0,0,0,0,31082107,2018,0.46,1019.62,3078.4,0,56.7,98.2,67.9,36.8,67.1,532.7,42.8,605.8,170.9,171.1,1014.2,364918,5026,12.65,89.9,1500,2.57,1.15,31.1,43.3,65,26.52,12233105,72915,78.97,3431.54,0,1200,400,720,240,4200,7500,8500,102,1.5,6000,0,0,0,0,0,80.29,30,77.38,68.84,40.4,0,0
2026-08-30T12:08:17.685000+09:00,2026-08-30T03:08:17.685000+00:00,094623,2029.5,1,0,0,0,0,13435,496,13435,0,0,0,0,4651,-28608,10326,6,4480,0,129,0,0,0,0,0,0,0,0,0,31082107,2018,0.47,1051.36,3080.84,0,56.6,98.3,67.9,36.8,67.1,532.5,43,604.8,170.6,170.8,1030.3,364918,5026,12.67,90.3,1500,2.56,1.15,30.9,43.1,65,26.53,12233110,72915,77.99,3431.55,0,1200,400,720,240,4200,7500,8500,102,1.5,6000,0,0,0,0,0,80.2,30,78.08,70.19,40.5,0,0
2026-08-30T12:09:17.793000+09:00,2026-08-30T03:09:17.793000+00:00,094623,2040.5,1,0,0,0,0,13435,495,13435,0,0,0,0,4651,-28608,10326,590,4480,8192,129,0,0,0,0,0,0,0,0,0,31082107,2018,0.45,1062.35,3102.82,0,56.6,98,67.8,36.8,66.9,533.2,42.9,604.4,169.4,169.6,1035.2,364918,5026,12.71,91.1,1500,2.56,1.17,31.3,43.7,65,25.96,12233114,72915,78.09,3431.55,0,1200,400,720,240,4200,7500,8500,102,1.5,6000,0,0,0,0,0,79.64,30,77.47,73.72,40.5,0,0
2026-08-30T12:10:17.904000+09:00,2026-08-30T03:10:17.904000+00:00,094623,2186.9,1,0,0,0,0,13435,496,13435,0,0,0,0,4655,-28608,12374,590,4512,8200,129,0,0,0,0,0,0,0,0,0,31082107,2018,0.44,1192.97,3379.92,0,56.8,97.9,67.8,36.9,67,529.8,43.2,607.1,172,172.2,1046.8,364918,5026,12.86,90,1500,2.56,1.15,31.7,42,65,25.42,12233118,72915,79.61,3431.55,0,1200,400,720,240,4200,7500,8500,102,1.5,6000,0,0,0,0,0,79.4,30,77.1,71.42,40.5,0,0
2026-08-30T12:11:18.009000+09:00,2026-08-30T03:11:18.009000+00:00,094623,2194.3,1,0,0,0,0,13435,496,13435,0,0,0,0,4651,-28608,10326,6,4480,0,129,0,0,0,0,0,0,0,0,0,31082107,2018,0.44,1109.96,3304.24,0,56.8,98.1,68,36.9,67.2,529.7,43.4,606.3,171.8,172,1083.9,364918,5026,12.74,89.6,1500,2.57,1.15,31.5,42,65,26.59,12233123,72915,78.29,3431.55,0,1200,400,720,240,4200,7500,8500,102,1.5,6000,0,0,0,0,0,79.87,30,77.8,69.85,40.5,0,0
2026-08-30T12:12:18.143000+09:00,2026-08-30T03:12:18.143000+00:00,094623,2156.4,1,0,0,0,0,13435,496,13435,0,0,0,0,4655,-28608,10326,590,4480,8192,129,0,0,0,0,0,0,0,0,0,31082107,2018,0.45,1113.62,3270.06,0,56.8,97.8,68.1,36.9,67.3,530.9,43.6,605.9,172.1,172.3,1075.7,364919,5027,12.73,89.5,1500,2.57,1.15,31.2,42.1,65,26,12233127,72915,77.14,3431.55,0,1200,400,720,240,4200,7500,8500,102,1.5,6000,0,0,0,0,0,80.2,30,76.91,68.51,40.5,0,0
2026-08-30T12:13:18.222000+09:00,2026-08-30T03:13:18.222000+00:00,094623,2123.5,1,0,0,0,0,13435,497,13435,0,0,0,0,4651,-28608,10326,6,4480,0,129,0,0,0,0,0,0,0,0,0,31082107,2018,0.44,984.22,3107.7,0,56.8,97.5,68.2,37,67.3,531.3,42.5,607,171.7,172,1066.1,364919,5027,12.65,89.8,1500,2.58,1.14,30.9,42.7,65,26.66,12233132,72915,78.31,3431.55,0,1200,400,720,240,4200,7500,8500,102,1.5,6000,0,0,0,0,0,80.86,30,75.6,69.06,40.5,0,0
2026-08-30T12:14:18.323000+09:00,2026-08-30T03:14:18.323000+00:00,094623,2107.6,1,0,0,0,0,13435,495,13435,0,0,0,0,4655,-28608,10326,6,4480,0,129,0,0,0,0,0,0,0,0,0,31082107,2018,0.43,1108.74,3216.35,0,56.8,97.4,68.2,37,67.2,531.3,42.8,607.8,170.8,171.2,1071.3,364919,5027,12.87,91,1490,2.54,1.15,31,42.4,65,26.66,12233136,72915,78.79,3431.55,0,1200,400,720,240,4200,7500,8500,102,1.5,6000,0,0,0,0,0,80.98,30,74.36,72.81,40.5,0,0
2026-08-30T12:15:18.409000+09:00,2026-08-30T03:15:18.409000+00:00,094623,2144.2,1,0,0,0,0,13435,496,13435,0,0,0,0,4651,-28608,10326,6,4480,528,129,0,0,0,0,0,0,0,0,0,31082107,2018,0.42,1022.06,3166.29,0,56.9,97.5,68.2,37,67.3,531.4,42.4,607,171.4,171.6,1028.3,364919,5027,12.86,90.7,1500,2.55,1.14,30.9,42.3,65,26.33,12233141,72915,79.23,3431.55,0,1200,400,720,240,4200,7500,8500,102,1.5,6000,0,0,0,0,0,81.39,30,73.89,73.52,40.6,0,0
2026-08-30T12:16:18.512000+09:00,2026-08-30T03:16:18.512000+00:00,094623,2274.8,1,0,0,0,0,13435,495,13435,0,0,0,0,4655,-28608,10326,6,4480,0,129,0,0,0,0,0,0,0,0,0,31082107,2018,0.43,1158.79,3433.64,0,56.9,97.7,68.2,37,67.3,529.5,42.6,606,171.6,171.7,1033,364919,5027,12.7,89.7,1500,2.57,1.16,31.9,42,65,26.58,12233145,72915,79.58,3431.56,0,1200,400,720,240,4200,7500,8500,102,1.5,6000,0,0,0,0,0,81.64,30,73.81,70.73,40.5,0,0
2026-08-30T12:17:18.604000+09:00,2026-08-30T03:17:18.604000+00:00,094623,2287.1,1,0,0,0,0,13435,495,13435,0,0,0,0,4655,-28608,10390,6,20864,0,129,0,0,0,0,0,0,0,0,0,31082107,2018,0.44,1117.28,3404.34,0,56.9,98.4,68.1,37.1,67.4,529.6,42.9,608.2,173.7,174,1050.1,364919,5027,12.63,89.3,1500,2.56,1.14,31.3,41.3,65,26.57,12233149,72915,79.45,3431.56,0,1200,400,720,240,4200,7500,8500,102,1.5,6000,0,0,0,0,0,81.54,30,76.06,68.73,40.5,0,0
2026-08-30T12:18:18.689000+09:00,2026-08-30T03:18:18.689000+00:00,094623,2110.1,1,0,0,0,0,13435,496,13435,0,0,0,0,4651,-28608,10326,6,4480,0,129,0,0,0,0,0,0,0,0,0,31082107,2018,0.45,1042.82,3152.87,0,56.9,97.9,68.1,37.1,67.4,533.1,42.8,607,170.2,170.3,1059.2,364920,5028,12.51,89.6,1500,2.56,1.15,31,43.1,65,26.55,12233154,72915,76.36,3431.56,0,1200,400,720,240,4200,7500,8500,102,1.5,6000,0,0,0,0,0,81.79,30,74.98,68.68,40.5,0,0
2026-08-30T12:19:18.794000+09:00,2026-08-30T03:19:18.794000+00:00,094623,2217.5,1,0,0,0,0,13435,498,13435,0,0,0,0,4655,-28608,10342,6,12676,0,129,0,0,0,0,0,0,0,0,0,31082107,2018,0.45,995.21,3212.68,0,56.9,97.7,67.9,37.1,67.3,531.8,42.8,607,170.9,171,1041.9,364920,5028,12.8,90.3,1500,2.57,1.15,31.2,42.4,65,26.69,12233158,72915,78.32,3431.56,0,1200,400,720,240,4200,7500,8500,102,1.5,6000,0,0,0,0,0,81.2,30,74.03,70.59,40.5,0,0
2026-08-30T12:20:18.907000+09:00,2026-08-30T03:20:18.907000+00:00,094623,2133.2,1,0,0,0,0,13435,495,13435,0,0,0,0,4655,-28608,18518,6,4480,528,129,0,0,0,0,0,0,0,0,0,31082107,2018,0.44,1020.84,3154.09,0,56.9,98.1,67.8,37.2,67.3,532.4,43.1,605,169.4,169.6,1024.1,364920,5028,12.68,91.1,1500,2.55,1.15,31,43,65,26.51,12233163,72915,78.96,3431.56,0,1200,400,720,240,4200,7500,8500,102,1.5,6000,0,0,0,0,0,80.58,30,74.9,74.06,40.5,0,0
2026-08-30T12:21:19.008000+09:00,2026-08-30T03:21:19.008000+00:00,094623,2211.4,1,0,0,0,0,13435,496,13435,0,0,0,0,4651,-28608,10326,6,12676,0,129,0,0,0,0,0,0,0,0,0,31082107,2018,0.45,1183.2,3394.57,0,57,98.8,67.8,37.2,67.2,531.6,42.6,604,170.2,170.2,1067.3,364920,5028,12.81,89.8,1500,2.55,1.16,31.3,41.8,65,26.65,12233167,72915,80.13,3431.56,0,1200,400,720,240,4200,7500,8500,102,1.5,6000,0,0,0,0,0,80.35,30,77.59,70.71,40.6,0,0
2026-08-30T12:22:19.106000+09:00,2026-08-30T03:22:19.106000+00:00,094623,2327.3,1,0,0,0,0,13435,497,13435,0,0,0,0,4655,-28608,10326,6,4480,0,129,0,0,0,0,0,0,0,0,0,31082107,2018,0.44,1111.18,3438.52,0,57,98.8,67.9,37.2,67.4,530,42.5,608.1,171.8,172,1111,364920,5028,12.79,89.4,1500,2.57,1.15,31.5,41.5,65,26.16,12233171,72915,78.82,3431.56,0,1200,400,720,240,4200,7500,8500,102,1.5,6000,0,0,0,0,0,80.35,30,79.01,68.72,40.6,0,0
2026-08-30T12:23:19.201000+09:00,2026-08-30T03:23:19.201000+00:00,094623,2058.8,1,0,0,0,0,13435,497,13435,0,0,0,0,4651,-28608,12374,518,4512,8,129,0,0,0,0,0,0,0,0,0,31082107,2018,0.4,1000.09,3058.87,0,57.1,97.4,68,37.2,67.4,534.5,42.2,604.9,169,169.2,1051.2,364920,5028,12.76,89.6,1500,2.55,1.15,30.5,43.2,65,26.35,12233176,72915,76.89,3431.57,0,1200,400,720,240,4200,7500,8500,102,1.5,6000,0,0,0,0,0,80.57,30,74.89,68.55,40.6,0,0
2026-08-30T12:24:19.289000+09:00,2026-08-30T03:24:19.289000+00:00,094623,2411.6,1,0,0,0,0,13435,497,13435,0,0,0,0,4651,-28608,10326,6,4480,0,129,0,0,0,0,0,0,0,0,0,31082107,2018,0.43,1289.41,3700.98,0,57.1,97.5,67.9,37.2,67.3,528.7,42.2,604.5,170.1,170.1,1056.5,364921,5029,12.64,90.2,1500,2.56,1.16,32.4,41.2,65,26.53,12233180,72915,77.31,3431.57,0,1200,400,720,240,4200,7500,8500,102,1.5,6000,0,0,0,0,0,80.26,30,74.04,70.05,40.5,0,0
2026-08-30T12:25:19.380000+09:00,2026-08-30T03:25:19.380000+00:00,094623,2250.4,1,0,0,0,0,13435,496,13435,0,0,0,0,4655,-28608,18518,6,4480,528,129,0,0,0,0,0,0,0,0,0,31082107,2018,0.46,1134.37,3384.81,0,56.9,98.3,67.9,37.2,67.4,530.4,44.6,604.2,172.5,172.6,1047.4,364921,5029,12.7,90.6,1500,2.55,1.14,31,41.4,65,26.57,12233185,72915,79.31,3431.57,0,1200,400,720,240,4200,7500,8500,102,1.5,6000,0,0,0,0,0,80.05,30,76.38,71.92,40.6,0,0
2026-08-30T12:26:19.478000+09:00,2026-08-30T03:26:19.478000+00:00,094623,2272.4,1,0,0,0,0,13435,497,13435,0,0,0,0,4651,-28608,10326,6,4480,0,129,0,0,0,0,0,0,0,0,0,31082107,2018,0.47,1118.5,3390.91,0,56.9,98.3,67.9,37.2,67.4,530.6,43.2,605.8,171.2,171.3,1065.5,364921,5029,12.88,90.4,1500,2.55,1.15,31.2,41.3,65,26.68,12233189,72915,80.48,3431.57,0,1200,400,720,240,4200,7500,8500,102,1.5,6000,0,0,0,0,0,79.96,30,76.9,72.36,40.6,0,0
2026-08-30T12:27:19.578000+09:00,2026-08-30T03:27:19.578000+00:00,094623,2304.2,1,0,0,0,0,13435,496,13435,0,0,0,0,4651,-28608,10326,6,4480,0,129,0,0,0,0,0,0,0,0,0,31082107,2018,0.48,1103.85,3408,0,56.9,98.7,68,37.2,67.4,530.3,43.3,609.2,172.3,172.3,1038.9,364921,5029,12.8,90,1500,2.56,1.14,31.1,41,65,26.45,12233194,72915,81.18,3431.57,0,1200,400,720,240,4200,7500,8500,102,1.5,6000,0,0,0,0,0,80.13,30,78.91,71.47,40.6,0,0
2026-08-30T12:28:19.676000+09:00,2026-08-30T03:28:19.676000+00:00,094623,2260.2,1,0,0,0,0,13435,496,13435,0,0,0,0,4655,-28608,12374,590,4512,8264,129,0,0,0,0,0,0,0,0,0,31082107,2018,0.45,1050.14,3310.34,0,57,98.2,68,37.2,67.5,532.3,43.7,607,170.4,170.3,1038,364921,5029,12.67,89.7,1500,2.56,1.15,31.1,41.8,65,26.63,12233198,72915,79.47,3431.57,0,1200,400,720,240,4200,7500,8500,102,1.5,6000,0,0,0,0,0,80.19,30,78.19,70.35,40.6,0,0
2026-08-30T12:29:19.782000+09:00,2026-08-30T03:29:19.782000+00:00,094623,2255.3,1,0,0,0,0,13435,497,13435,0,0,0,0,4651,-28608,10326,6,4480,0,129,0,0,0,0,0,0,0,0,0,31082107,2018,0.46,1055.02,3310.34,0,57,97.9,68,37.3,67.4,532.1,42.8,606.8,169.6,169.7,1028.9,364921,5029,12.69,89.6,1500,2.55,1.15,31.3,42.2,65,26.7,12233202,72915,79.13,3431.57,0,1200,400,720,240,4200,7500,8500,102,1.5,6000,0,0,0,0,0,80.19,30,77.35,69.42,40.7,0,0
2026-08-30T12:30:19.873000+09:00,2026-08-30T03:30:19.873000+00:00,094623,2293.2,1,0,0,0,0,13435,497,13435,0,0,0,0,4651,-28608,18518,6,4480,528,129,0,0,0,0,0,0,0,0,0,31082107,2018,0.46,1051.36,3344.52,0,57,98,68.1,37.3,67.4,530.6,42.6,606.1,166.2,166.4,1022.4,364922,5030,12.67,89.6,1500,2.56,1.14,31.2,41.9,65,26.59,12233207,72915,78.05,3431.57,0,1200,400,720,240,4200,7500,8500,102,1.5,6000,0,0,0,0,0,80.52,30,77.54,68.75,40.6,0,0
2026-08-30T12:31:19.968000+09:00,2026-08-30T03:31:19.968000+00:00,094623,2367.6,1,0,0,0,0,13435,498,13435,0,0,0,0,4651,-28608,10326,6,4480,0,129,0,0,0,0,0,0,0,0,0,31082107,2018,0.46,1073.34,3440.96,0,57,97.9,68.1,37.3,67.4,529.7,42.7,608.6,169.4,169.5,1038.5,364922,5030,12.57,90.1,1500,2.55,1.15,31.5,41.4,65,26.59,12233211,72915,78.82,3431.58,0,1200,400,720,240,4200,7500,8500,102,1.5,6000,0,0,0,0,0,80.74,30,77.19,69.83,40.7,0,0
2026-08-30T12:32:20.077000+09:00,2026-08-30T03:32:20.077000+00:00,094623,2429.9,1,0,0,0,0,13435,495,13435,0,0,0,0,4655,-28608,10326,518,4480,0,129,0,0,0,0,0,0,0,0,0,31082107,2018,0.43,1167.33,3597.22,0,57,97.9,68.1,37.4,67.5,529.2,42.9,607.7,169.1,169.3,1030.5,364922,5030,12.69,90.7,1500,2.55,1.15,31.9,41.2,65,25.95,12233216,72915,79.02,3431.58,0,1200,400,720,240,4200,7500,8500,102,1.5,6000,0,0,0,0,0,80.83,30,76.99,72.25,40.6,0,0
2026-08-30T12:33:20.190000+09:00,2026-08-30T03:33:20.190000+00:00,094623,2429.9,1,0,0,0,0,13435,495,13435,0,0,0,0,4655,-28608,12374,6,4512,72,129,0,0,0,0,0,0,0,0,0,31082107,2018,0.43,1097.75,3527.63,0,57,97.7,68.1,37.4,67.5,529.6,42.5,605.6,170.2,170.3,1062.3,364922,5030,12.74,90.9,1500,2.55,1.16,31.9,41.5,65,25.77,12233220,72915,80.54,3431.58,0,1200,400,720,240,4200,7500,8500,102,1.5,6000,0,0,0,0,0,80.92,30,76.03,74.24,40.7,0,0
2026-08-30T12:34:20.281000+09:00,2026-08-30T03:34:20.281000+00:00,094623,2161.3,1,0,0,0,0,13435,496,13435,0,0,0,0,4655,-26560,10326,6,4481,0,129,0,0,0,0,0,0,0,0,0,31082107,2018,0.44,984.22,3145.54,0,57.1,98.2,68.3,37.4,67.6,533.2,43.1,607.6,167.9,168.2,1011.3,364922,5030,12.76,89.8,1500,2.56,1.15,30.7,42.9,65,25.84,12233224,72915,79.92,3431.58,0,1200,400,720,240,4200,7500,8500,102,1.5,6000,0,0,0,0,0,81.87,30,77.57,71.59,40.7,0,0
2026-08-30T12:35:20.375000+09:00,2026-08-30T03:35:20.375000+00:00,094623,2232.1,1,0,0,0,0,13435,496,13435,0,0,0,0,4651,-28608,18518,6,4480,528,129,0,0,0,0,0,0,0,0,0,31082107,2018,0.45,957.37,3189.49,0,57.3,98.3,68.2,37.5,67.5,533.5,42.8,607.6,167.1,167.1,1033.4,364922,5030,12.24,89.4,1500,2.56,1.15,31.2,43.2,65,26.46,12233229,72915,78.54,3431.58,0,1200,400,720,240,4200,7500,8500,102,1.5,6000,0,0,0,0,0,82.06,30,78.4,69.63,40.7,0,0
2026-08-30T12:36:20.475000+09:00,2026-08-30T03:36:20.475000+00:00,094623,2323.7,1,0,0,0,0,13435,495,13435,0,0,0,0,4655,-26560,10390,6,20864,0,129,0,0,0,0,0,0,0,0,0,31082107,2018,0.45,1077,3400.68,0,57.2,98.2,68.1,37.6,67.4,531.4,43,606.2,167.8,167.9,1075.4,364923,5031,12.76,89.3,1490,2.55,1.16,31.6,42.1,65,26.65,12233233,72915,77.43,3431.58,0,1200,400,720,240,4200,7500,8500,102,1.5,6000,0,0,0,0,0,81.87,30,78.39,68.32,40.7,0,0
2026-08-30T12:37:20.567000+09:00,2026-08-30T03:37:20.567000+00:00,094623,1836.3,1,0,0,0,0,13435,502,13435,0,0,0,0,4655,-28608,10326,6,4992,0,129,0,0,0,0,0,0,0,0,0,31082107,2018,0.41,810.88,2647.18,0,57.2,98.1,68.1,37.6,67.5,531.3,43.2,605.5,169.1,169.4,1070.9,364923,5031,12.94,90.2,1510,2.61,1.1,25.6,36.5,65,17.71,12233238,72915,77.61,3431.58,0,1200,400,720,240,4200,7500,8500,102,1.5,6000,0,0,0,0,0,76.08,30,72.42,64.67,40.7,0,0
2026-08-30T12:38:20.665000+09:00,2026-08-30T03:38:20.665000+00:00,094623,924.4,1,0,0,0,0,13435,495,13435,0,0,0,0,4655,-28608,12390,6,13220,72,129,0,0,0,0,0,0,0,0,0,31082107,2018,0.42,516.68,1441.08,0,56.9,96,68,37.6,67,530,43,591.3,152.9,152.9,1031.4,364923,5031,12.76,91.3,1490,2.61,1.11,22.6,40.9,65,10.66,12233240,72915,64.65,3431.58,0,1200,400,720,240,4200,7500,8500,102,1.5,6000,0,0,0,0,0,72.54,30,61.3,64.76,40.7,0,0
2026-08-30T12:39:20.758000+09:00,2026-08-30T03:39:20.758000+00:00,094623,1051.4,1,0,0,0,0,13435,493,13435,0,0,0,0,4655,-28608,10326,6,4480,0,129,0,0,0,0,0,0,0,0,0,31082107,2018,0.34,696.13,1747.49,0,56.6,98,67.7,37.7,66.2,523.6,44.3,588.3,148,148,1106.4,364923,5031,12.65,91.2,1490,2.57,1.21,26.1,45.4,65,15.15,12233242,72915,70.24,3431.59,0,1200,400,720,240,4200,7500,8500,102,1.5,6000,0,0,0,0,0,74.23,30,68.03,70.71,40.7,0,0
2026-08-30T12:40:20.866000+09:00,2026-08-30T03:40:20.866000+00:00,094623,1753.6,1,0,0,0,0,13435,497,13435,0,0,0,0,4655,-28608,18518,6,4480,528,129,0,0,0,0,0,0,0,0,0,31082107,2018,0.39,1162.45,2916.04,0,56.6,98.9,67.6,37.8,66.1,521.7,43.1,597.5,161.9,162.5,1075.1,364923,5031,12.74,88.9,1510,2.58,1.15,31.6,43.8,65,26.47,12233246,72915,74.1,3431.59,0,1200,400,720,240,4200,7500,8500,102,1.5,6000,0,0,0,0,0,80.02,30,78.25,69.99,40.8,0,0
2026-08-30T12:41:20.971000+09:00,2026-08-30T03:41:20.971000+00:00,094623,1736.2,1,0,0,0,0,13435,497,13435,0,0,0,0,4651,-28608,10326,6,4480,0,129,0,0,0,0,0,0,0,0,0,31082107,2018,0.38,1089.21,2825.4,0,56.6,97.5,67.6,37.8,66.5,525.9,43,601.3,166,166.4,1044.4,364923,5031,12.91,88.6,1500,2.58,1.15,31.2,44.3,65,26.67,12233250,72915,75.69,3431.59,0,1200,400,720,240,4200,7500,8500,102,1.5,6000,0,0,0,0,0,79.41,30,74.66,67.06,40.8,0,0
2026-08-30T12:42:21.063000+09:00,2026-08-30T03:42:21.063000+00:00,094623,1895.2,1,0,0,0,0,13435,497,13435,0,0,0,0,4655,-26560,10326,6,4480,0,129,0,0,0,0,0,0,0,0,0,31082107,2018,0.43,1192.97,3088.17,0,56.5,97.2,67.7,37.8,66.7,524.4,44.3,601.2,168.9,169.4,1053.3,364924,5032,12.52,89.2,1500,2.58,1.15,31.6,42.8,65,26.25,12233254,72915,75.26,3431.59,0,1200,400,720,240,4200,7500,8500,102,1.5,6000,0,0,0,0,0,79.21,30,72.27,66.96,40.8,0,0
2026-08-30T12:43:21.168000+09:00,2026-08-30T03:43:21.168000+00:00,094623,1761.8,1,0,0,0,0,13435,496,13435,0,0,0,0,4651,-28608,12374,6,4512,72,129,0,0,0,0,0,0,0,0,0,31082107,2018,0.46,1017.18,2779.02,0,56.6,98.3,67.8,37.8,66.9,529.7,44.2,603.1,168,168.4,1089.3,364924,5032,12.73,89.9,1500,2.57,1.15,31.1,44.9,65,26.34,12233259,72915,76.42,3431.59,0,1200,400,720,240,4200,7500,8500,102,1.5,6000,0,0,0,0,0,79.11,30,75.26,68.4,40.8,0,0
2026-08-30T12:44:21.253000+09:00,2026-08-30T03:44:21.253000+00:00,094623,1782.6,1,0,0,0,0,13435,498,13435,0,0,0,0,4655,-28608,10326,590,4480,8192,129,0,0,0,0,0,0,0,0,0,31082107,2018,0.47,1047.7,2830.29,0,56.6,98.8,67.8,37.8,67,530.7,43.2,603.2,168.9,169.4,1049.4,364924,5032,12.65,90.8,1500,2.57,1.15,30.8,44.4,65,26.71,12233263,72915,78.42,3431.59,0,1200,400,720,240,4200,7500,8500,102,1.5,6000,0,0,0,0,0,78.93,30,77.65,71.86,40.8,0,0
2026-08-30T12:45:21.373000+09:00,2026-08-30T03:45:21.373000+00:00,094623,1933.0,1,0,0,0,0,13435,499,13435,0,0,0,0,4655,-28608,18518,518,4480,0,129,0,0,0,0,0,0,0,0,0,31082107,2018,0.46,1166.11,3099.15,0,56.8,98.2,67.9,37.8,67,529.4,43.4,602.4,168.5,169,1068.5,364924,5032,12.55,90.4,1510,2.58,1.15,31.4,43,65,25.88,12233268,72915,78.65,3431.59,0,1200,400,720,240,4200,7500,8500,102,1.5,6000,0,0,0,0,0,78.98,30,76.7,71.43,40.8,0,0
2026-08-30T12:46:21.467000+09:00,2026-08-30T03:46:21.467000+00:00,094623,1859.8,1,0,0,0,0,13435,495,13435,0,0,0,0,4655,-28608,10326,6,4480,0,129,0,0,0,0,0,0,0,0,0,31082107,2018,0.46,1142.92,3002.72,0,56.9,98.1,68,37.8,67.1,531.9,42.5,602.5,169.6,169.9,1088.9,364924,5032,12.75,90.3,1500,2.56,1.15,31,43.4,65,26.59,12233272,72915,78.2,3431.6,0,1200,400,720,240,4200,7500,8500,102,1.5,6000,0,0,0,0,0,79.03,30,76.47,71.52,40.8,0,0
2026-08-30T12:47:21.574000+09:00,2026-08-30T03:47:21.574000+00:00,094623,1908.6,1,0,0,0,0,13435,498,13435,0,0,0,0,4655,-28608,10326,6,4480,0,129,0,0,0,0,0,0,0,0,0,31082107,2018,0.46,1095.31,3003.94,0,56.9,98,68.1,37.8,67.1,531.3,42.5,602.8,168.9,169.3,1038.7,364924,5032,12.29,90.3,1510,2.57,1.15,31.3,43.8,65,26.62,12233277,72915,78.65,3431.6,0,1200,400,720,240,4200,7500,8500,102,1.5,6000,0,0,0,0,0,79.47,30,76.38,72.12,40.9,0,0
2026-08-30T12:48:21.666000+09:00,2026-08-30T03:48:21.666000+00:00,094623,1947.7,1,0,0,0,0,13435,496,13435,0,0,0,0,4651,-28608,12374,6,4512,8,129,0,0,0,0,0,0,0,0,0,31082107,2018,0.46,1052.58,3000.27,0,57,98.5,68.3,37.8,67.2,530.4,42.3,603.9,170.4,170.7,1046.8,364925,5033,12.73,89.5,1500,2.56,1.14,31.1,43.3,65,26.44,12233281,72915,79.47,3431.6,0,1200,400,720,240,4200,7500,8500,102,1.5,6000,0,0,0,0,0,80.26,30,78.11,69.35,40.8,0,0
2026-08-30T12:49:21.754000+09:00,2026-08-30T03:49:21.754000+00:00,094623,1953.8,1,0,0,0,0,13435,497,13435,0,0,0,0,4651,-28608,10326,518,4480,0,129,0,0,0,0,0,0,0,0,0,31082107,2018,0.46,1052.58,3006.38,0,57,98.3,68.4,37.8,67.2,530.3,43.2,603.8,170.2,170.5,1078.2,364925,5033,12.73,89.6,1500,2.56,1.15,31.2,43.5,65,26.64,12233285,72915,78.61,3431.6,0,1200,400,720,240,4200,7500,8500,102,1.5,6000,0,0,0,0,0,81.17,30,78.31,68.91,40.9,0,0
2026-08-30T12:50:21.868000+09:00,2026-08-30T03:50:21.868000+00:00,094623,2031.9,1,0,0,0,0,13435,497,13435,0,0,0,0,4651,-28608,10326,6,4480,0,129,0,0,0,0,0,0,0,0,0,31082107,2018,0.44,1173.44,3205.36,0,57.1,97.9,68.3,37.8,67.3,528.9,43,604.4,171.3,171.7,1060.9,364925,5033,12.81,89.9,1500,2.55,1.16,31.5,42.6,65,26.58,12233290,72915,78.26,3431.6,0,1200,400,720,240,4200,7500,8500,102,1.5,6000,0,0,0,0,0,81.37,30,77.16,69.38,40.9,0,0
2026-08-30T12:51:21.963000+09:00,2026-08-30T03:51:21.963000+00:00,094623,2067.3,1,0,0,0,0,13435,496,13435,0,0,0,0,4655,-28608,10326,6,4480,0,129,0,0,0,0,0,0,0,0,0,31082107,2018,0.46,1216.16,3283.49,0,57.1,98,68.2,37.8,67.4,529.2,43,602.9,170,170.7,1079.1,364925,5033,12.87,90.3,1500,2.55,1.16,31.6,42.2,65,26.62,12233294,72915,76.73,3431.6,0,1200,400,720,240,4200,7500,8500,102,1.5,6000,0,0,0,0,0,81.49,30,77.4,70.67,40.9,0,0
2026-08-30T12:52:22.059000+09:00,2026-08-30T03:52:22.059000+00:00,094623,1967.2,1,0,0,0,0,13435,496,13435,0,0,0,0,4651,-28608,10326,6,4480,0,129,0,0,0,0,0,0,0,0,0,31082107,2018,0.44,1070.89,3038.12,0,57.2,98.1,68.2,37.8,67.5,531.4,42.8,604.9,168.6,168.8,1097,364925,5033,12.63,91,1500,2.55,1.15,30.9,43.1,65,26.62,12233299,72915,78.34,3431.6,0,1200,400,720,240,4200,7500,8500,102,1.5,6000,0,0,0,0,0,81.79,30,77.82,73.86,40.9,0,0
2026-08-30T12:53:22.171000+09:00,2026-08-30T03:53:22.171000+00:00,094623,2080.8,1,0,0,0,0,13435,496,13435,0,0,0,0,4651,-28608,8342,6,20864,0,129,0,0,0,0,0,0,0,0,0,31082107,2018,0.45,1098.97,3179.72,0,57.2,98.3,68.3,37.9,67.5,530.6,44.7,604.6,169.5,169.8,1089.3,364925,5033,12.77,90.8,1500,2.55,1.15,31.4,42.5,65,26.33,12233303,72915,78.34,3431.6,0,1200,400,720,240,4200,7500,8500,102,1.5,6000,0,0,0,0,0,82.46,30,78.64,74.38,40.9,0,0
2026-08-30T12:54:22.249000+09:00,2026-08-30T03:54:22.249000+00:00,094623,2106.4,1,0,0,0,0,13435,496,13435,0,0,0,0,4655,-28608,10326,6,4480,0,129,0,0,0,0,0,0,0,0,0,31082107,2018,0.45,1233.25,3339.64,0,57.3,98.4,68.2,37.8,67.6,528.5,44.3,604.9,170.8,171.1,1123.6,364926,5034,12.92,90,1500,2.55,1.15,31.4,41.7,65,26.66,12233307,72915,79.77,3431.61,0,1200,400,720,240,4200,7500,8500,102,1.5,6000,0,0,0,0,0,82.6,30,79.59,72.56,40.9,0,0
2026-08-30T12:55:22.349000+09:00,2026-08-30T03:55:22.349000+00:00,094623,2111.3,1,0,0,0,0,13435,494,13435,0,0,0,0,4651,-28608,10390,6,20864,0,129,0,0,0,0,0,0,0,0,0,31082107,2018,0.44,991.55,3102.82,0,57.3,97.9,68.2,37.8,67.7,530.3,42.6,606,170.5,170.8,1051.7,364926,5034,12.46,89.9,1500,2.55,1.14,31.3,42.8,65,26.6,12233312,72915,79.74,3431.61,0,1200,400,720,240,4200,7500,8500,102,1.5,6000,0,0,0,0,0,82.9,30,78.28,72.2,40.9,0,0
2026-08-30T12:56:22.445000+09:00,2026-08-30T03:56:22.445000+00:00,094623,2118.6,1,0,0,0,0,13435,498,13435,0,0,0,0,4651,-28608,10326,6,4480,0,129,0,0,0,0,0,0,0,0,0,31082107,2018,0.44,1214.94,3333.54,0,57.3,97.7,68.2,37.9,67.7,529.5,42.6,604.8,170,170.2,1053.2,364926,5034,12.69,89.6,1500,2.57,1.16,31.4,42.1,65,26.65,12233316,72915,79.57,3431.61,0,1200,400,720,240,4200,7500,8500,102,1.5,6000,0,0,0,0,0,83.31,30,77.44,71.06,40.9,0,0
2026-08-30T12:57:22.554000+09:00,2026-08-30T03:57:22.554000+00:00,094623,2075.9,1,0,0,0,0,13435,497,13435,0,0,0,0,4655,-26560,10342,6,12677,0,129,0,0,0,0,0,0,0,0,0,31082107,2018,0.44,1042.82,3118.69,0,57.4,97.8,68.2,37.8,67.7,531.3,42.5,605.5,170.5,170.7,1022.3,364926,5034,12.24,89.7,1500,2.56,1.14,30.9,42.4,65,26.59,12233321,72915,79.5,3431.61,0,1200,400,720,240,4200,7500,8500,102,1.5,6000,0,0,0,0,0,83.55,30,77.26,70.73,40.9,0,0
2026-08-30T12:58:22.646000+09:00,2026-08-30T03:58:22.646000+00:00,094623,2128.4,1,0,0,0,0,13435,497,13435,0,0,0,0,4651,-28608,18518,518,4480,528,129,0,0,0,0,0,0,0,0,0,31082107,2018,0.45,1125.83,3254.19,0,57.4,97.8,68,37.9,67.6,530.7,43.4,605.1,168.9,169.1,1053.4,364926,5034,12.87,89.9,1510,2.56,1.15,31.5,42.6,65,26.08,12233325,72915,79.16,3431.61,0,1200,400,720,240,4200,7500,8500,102,1.5,6000,0,0,0,0,0,83.07,30,76.96,70.96,40.9,0,0
2026-08-30T12:59:22.744000+09:00,2026-08-30T03:59:22.744000+00:00,094623,2105.2,1,0,0,0,0,13435,495,13435,0,0,0,0,4651,-28608,10326,6,4480,0,129,0,0,0,0,0,0,0,0,0,31082107,2018,0.45,1030.61,3135.78,0,57.3,97.9,67.9,37.9,67.6,531.8,42.5,604.9,169.3,169.6,1082.3,364926,5034,12.75,90,1500,2.54,1.15,31.3,42.9,65,26.53,12233330,72915,78.11,3431.61,0,1200,400,720,240,4200,7500,8500,102,1.5,6000,0,0,0,0,0,82.61,30,76.93,71.23,41,0,0
2026-08-30T13:00:22.850000+09:00,2026-08-30T04:00:22.850000+00:00,094623,2160.1,1,0,0,0,0,13435,496,13435,0,0,0,0,4651,-28608,10326,6,4480,0,129,0,0,0,0,0,0,0,0,0,31082107,2018,0.44,1149.02,3309.12,0,57.3,97.8,67.9,37.9,67.6,530.4,42,605,168.9,169.1,1055.8,364927,5035,12.73,90.3,1490,2.54,1.16,31.5,42.3,65,26.68,12233334,72915,79.47,3431.61,0,1200,400,720,240,4200,7500,8500,102,1.5,6000,0,0,0,0,0,82.46,30,76.41,72.31,41,0,0
2026-08-30T13:01:22.929000+09:00,2026-08-30T04:01:22.929000+00:00,094623,2179.6,1,0,0,0,0,13435,497,13435,0,0,0,0,4651,-28608,10326,6,4480,8,129,0,0,0,0,0,0,0,0,0,31082107,2018,0.45,1101.41,3281.04,0,57.4,97.9,67.9,38,67.7,530.4,42.1,606.7,170.3,170.6,1071.3,364927,5035,12.3,90.4,1500,2.55,1.16,31.3,42.1,65,26.65,12233338,72915,77.47,3431.61,0,1200,400,720,240,4200,7500,8500,102,1.5,6000,0,0,0,0,0,82.34,30,76.52,73.21,41,0,0
2026-08-30T13:02:23.024000+09:00,2026-08-30T04:02:23.024000+00:00,094623,2230.9,1,0,0,0,0,13435,496,13435,0,0,0,0,4651,-28608,10326,6,4480,0,129,0,0,0,0,0,0,0,0,0,31082107,2018,0.45,1128.27,3359.17,0,57.4,98,67.9,38,67.7,528.8,42,607.5,170.7,171,1102.3,364927,5035,12.67,90,1500,2.56,1.14,31.6,41.8,65,26.59,12233343,72915,79.81,3431.62,0,1200,400,720,240,4200,7500,8500,102,1.5,6000,0,0,0,0,0,82.17,30,76.74,72.3,40.9,0,0
2026-08-30T13:03:23.114000+09:00,2026-08-30T04:03:23.114000+00:00,094623,2169.9,1,0,0,0,0,13435,497,13435,0,0,0,0,4651,-26560,18518,6,4480,528,129,0,0,0,0,0,0,0,0,0,31082107,2018,0.45,1085.54,3255.41,0,57.4,97.9,68,38,67.8,529.7,43.4,608.4,171.5,171.8,1127.7,364927,5035,12.77,90.1,1500,2.56,1.14,31.1,41.9,65,25.83,12233347,72915,78.85,3431.62,0,1200,400,720,240,4200,7500,8500,102,1.5,6000,0,0,0,0,0,82.33,30,76.33,72.79,41,0,0
2026-08-30T13:04:23.197000+09:00,2026-08-30T04:04:23.197000+00:00,094623,2361.5,1,0,0,0,0,13435,496,13435,0,0,0,0,4655,-28608,10326,6,4480,0,129,0,0,0,0,0,0,0,0,0,31082107,2018,0.45,1157.57,3519.09,0,57.3,97.8,68,38,67.8,527.6,43.3,607.1,170.7,171,1125.4,364927,5035,12.24,90.3,1500,2.53,1.16,32.2,41.5,65,26.63,12233352,72915,79.4,3431.62,0,1200,400,720,240,4200,7500,8500,102,1.5,6000,0,0,0,0,0,82.27,30,75.79,73.75,41,0,0
2026-08-30T13:05:23.294000+09:00,2026-08-30T04:05:23.294000+00:00,094623,2147.9,1,0,0,0,0,13435,499,13435,0,0,0,0,4651,-28608,10326,6,4480,0,129,0,0,0,0,0,0,0,0,0,31082107,2018,0.45,1122.17,3270.06,0,57.3,98.1,68.1,38,67.9,530.4,42.7,608.2,171.4,171.7,1067.4,364927,5035,12.7,90.2,1510,2.57,1.14,30.9,41.9,65,26.64,12233356,72915,80.32,3431.62,0,1200,400,720,240,4200,7500,8500,102,1.5,6000,0,0,0,0,0,82.7,30,76.74,74.13,41,0,0
2026-08-30T13:06:23.392000+09:00,2026-08-30T04:06:23.392000+00:00,094623,2138.1,1,0,0,0,0,13435,496,13435,0,0,0,0,4651,-28608,12374,6,4512,72,129,0,0,0,0,0,0,0,0,0,31082107,2018,0.44,1066.01,3204.14,0,57.3,97.9,68,38,67.8,531.9,43.6,607.7,168.5,168.6,1058,364928,5036,12.73,89.7,1500,2.54,1.15,31.2,42.8,65,26.65,12233360,72915,79.75,3431.62,0,1200,400,720,240,4200,7500,8500,102,1.5,6000,0,0,0,0,0,82.43,30,76.02,72.58,41,0,0
2026-08-30T13:07:23.478000+09:00,2026-08-30T04:07:23.478000+00:00,094623,2136.9,1,0,0,0,0,13435,496,13435,0,0,0,0,4655,-28608,10326,6,4480,0,129,0,0,0,0,0,0,0,0,0,31082107,2018,0.45,1000.09,3137,0,57.3,97.9,67.9,38,67.7,532.6,43.6,606.3,169.2,169.4,1036.9,364928,5036,12.64,89.6,1500,2.54,1.15,31.1,42.9,65,26.55,12233365,72915,79.54,3431.62,0,1200,400,720,240,4200,7500,8500,102,1.5,6000,0,0,0,0,0,82.19,30,75.84,71.74,41,0,0
2026-08-30T13:08:23.564000+09:00,2026-08-30T04:08:23.564000+00:00,094623,2111.3,1,0,0,0,0,13435,497,13435,0,0,0,0,4655,-26560,18518,6,4480,528,129,0,0,0,0,0,0,0,0,0,31082107,2018,0.45,969.57,3080.84,0,57.3,97.9,67.8,38.1,67.6,534.3,44.8,604.4,167.2,167.2,1062.9,364928,5036,12.74,89.8,1500,2.56,1.16,31.1,43.7,65,25.74,12233369,72915,79.78,3431.62,0,1200,400,720,240,4200,7500,8500,102,1.5,6000,0,0,0,0,0,81.73,30,75.69,71.84,41.1,0,0
2026-08-30T13:09:23.678000+09:00,2026-08-30T04:09:23.678000+00:00,094623,2223.6,1,0,0,0,0,13435,498,13435,0,0,0,0,4655,-28608,10326,6,4480,0,129,0,0,0,0,0,0,0,0,0,31082107,2018,0.45,1081.88,3305.46,0,57.3,98,67.7,38.1,67.5,531.3,43.8,603.1,169.2,169.5,1036.5,364928,5036,12.67,89.9,1500,2.57,1.15,31.3,42.2,65,26.69,12233374,72915,79.3,3431.63,0,1200,400,720,240,4200,7500,8500,102,1.5,6000,0,0,0,0,0,81.13,30,75.93,72.17,41,0,0
2026-08-30T13:10:23.757000+09:00,2026-08-30T04:10:23.757000+00:00,094623,2295.6,1,0,0,0,0,13435,500,13435,0,0,0,0,4655,-26560,10326,6,4480,0,129,0,0,0,0,0,0,0,0,0,31082107,2018,0.46,1120.94,3416.55,0,57.3,98.1,67.7,38.1,67.6,529.9,45.6,603.1,169.6,169.8,1050.6,364928,5036,12.74,89.7,1510,2.57,1.15,31.4,41.6,65,26.38,12233378,72915,79.26,3431.63,0,1200,400,720,240,4200,7500,8500,102,1.5,6000,0,0,0,0,0,80.73,30,76.41,71.31,41.1,0,0
2026-08-30T13:11:23.848000+09:00,2026-08-30T04:11:23.848000+00:00,094623,2299.3,1,0,0,0,0,13435,497,13435,0,0,0,0,4651,-28608,12374,6,4512,72,129,0,0,0,0,0,0,0,0,0,31082107,2018,0.46,1111.18,3410.44,0,57.4,98.1,67.8,38.1,67.7,530.5,45.3,603.8,168.5,169,1054.7,364928,5036,12.84,89.7,1500,2.55,1.15,31.5,41.7,65,26.55,12233383,72915,79.36,3431.63,0,1200,400,720,240,4200,7500,8500,102,1.5,6000,0,0,0,0,0,80.52,30,76.44,70.75,41.1,0,0
2026-08-30T13:12:23.963000+09:00,2026-08-30T04:12:23.963000+00:00,094623,2251.7,1,0,0,0,0,13435,496,13435,0,0,0,0,4655,-28608,10390,6,20864,0,129,0,0,0,0,0,0,0,0,0,31082107,2018,0.46,1041.6,3293.25,0,57.4,98,67.9,38.1,67.7,532,44.4,604.5,168.5,168.7,1025.7,364929,5037,12.84,89.9,1500,2.56,1.16,31.4,42.4,65,26.52,12233387,72915,78.64,3431.63,0,1200,400,720,240,4200,7500,8500,102,1.5,6000,0,0,0,0,0,80.56,30,76.16,70.87,41,0,0
2026-08-30T13:13:24.061000+09:00,2026-08-30T04:13:24.061000+00:00,094623,2334.7,1,0,0,0,0,13435,495,13435,0,0,0,0,4651,-28608,18518,518,4480,528,129,0,0,0,0,0,0,0,0,0,31082107,2018,0.47,1152.68,3487.35,0,57.4,98,67.9,38.1,67.7,530.2,43.9,605,168.5,168.7,1040.4,364929,5037,12.7,90.3,1500,2.54,1.16,31.8,41.6,65,26.21,12233391,72915,78.88,3431.63,0,1200,400,720,240,4200,7500,8500,102,1.5,6000,0,0,0,0,0,80.36,30,76.05,72.36,41.1,0,0
2026-08-30T13:14:24.158000+09:00,2026-08-30T04:14:24.158000+00:00,094623,2361.5,1,0,0,0,0,13435,497,13435,0,0,0,0,4655,-28608,10390,590,20864,8192,129,0,0,0,0,0,0,0,0,0,31082107,2018,0.46,1085.54,3447.07,0,57.4,98,67.9,38.1,67.8,530.2,44.5,605,169.4,169.8,1076.9,364929,5037,12.74,90.9,1500,2.55,1.14,31.3,41,65,25.67,12233396,72915,79.74,3431.63,0,1200,400,720,240,4200,7500,8500,102,1.5,6000,0,0,0,0,0,80.27,30,76.14,75.14,41.1,0,0
2026-08-30T13:15:24.305000+09:00,2026-08-30T04:15:24.305000+00:00,094623,2298.0,1,0,0,0,0,13435,496,13435,0,0,0,0,4655,-28608,10326,6,4480,0,129,0,0,0,0,0,0,0,0,0,31082107,2018,0.45,1109.96,3408,0,57.4,98,68.1,38.1,67.8,531.1,44.3,605,168.5,168.8,1098.7,364929,5037,12.82,90.2,1500,2.55,1.15,31.5,41.8,65,26.56,12233400,72915,79.98,3431.63,0,1200,400,720,240,4200,7500,8500,102,1.5,6000,0,0,0,0,0,80.9,30,76.18,73.69,41.1,0,0
2026-08-30T13:16:24.365000+09:00,2026-08-30T04:16:24.365000+00:00,094623,2180.9,1,0,0,0,0,13435,496,13435,0,0,0,0,4655,-26560,12390,6,12708,72,129,0,0,0,0,0,0,0,0,0,31082107,2018,0.44,1004.97,3185.83,0,57.4,98,68.1,38.2,67.8,533.4,44.3,603.7,167.8,167.9,1049.4,364929,5037,12.86,90,1500,2.55,1.15,31,42.7,65,25.43,12233405,72915,79.81,3431.64,0,1200,400,720,240,4200,7500,8500,102,1.5,6000,0,0,0,0,0,81.05,30,76.18,73.47,41.2,0,0
2026-08-30T13:17:24.468000+09:00,2026-08-30T04:17:24.468000+00:00,094623,2266.3,1,0,0,0,0,13435,498,13435,0,0,0,0,4651,-28608,10326,6,4480,0,129,0,0,0,0,0,0,0,0,0,31082107,2018,0.45,1167.33,3433.64,0,57.4,98,68,38.1,67.7,531.1,44,602.6,168.1,168.2,1051.5,364929,5037,12.9,89.7,1500,2.56,1.15,31.3,41.8,65,26.69,12233409,72915,79.29,3431.64,0,1200,400,720,240,4200,7500,8500,102,1.5,6000,0,0,0,0,0,80.78,30,76.18,72.22,41.1,0,0
2026-08-30T13:18:24.562000+09:00,2026-08-30T04:18:24.562000+00:00,094623,2276.1,1,0,0,0,0,13435,496,13435,0,0,0,0,4655,-28608,18518,6,4480,528,129,0,0,0,0,0,0,0,0,0,31082107,2018,0.46,1150.24,3426.31,0,57.4,98.2,67.9,38.1,67.7,531.7,44.2,602.5,169.1,169.3,1038.5,364930,5038,12.73,89.5,1500,2.55,1.15,31.3,41.5,65,26.61,12233414,72915,79.43,3431.64,0,1200,400,720,240,4200,7500,8500,102,1.5,6000,0,0,0,0,0,80.37,30,76.91,70.99,41.1,0,0
2026-08-30T13:19:24.648000+09:00,2026-08-30T04:19:24.648000+00:00,094623,2346.9,1,0,0,0,0,13435,497,13435,0,0,0,0,4655,-28608,10326,6,4480,0,129,0,0,0,0,0,0,0,0,0,31082107,2018,0.47,1200.29,3547.17,0,57.4,98.1,67.9,38.1,67.7,530.4,43.9,604.7,168.8,168.8,1054.1,364930,5038,12.86,89.5,1510,2.54,1.16,31.7,41.5,65,26.7,12233418,72915,79.16,3431.64,0,1200,400,720,240,4200,7500,8500,102,1.5,6000,0,0,0,0,0,80.28,30,76.93,70.09,41.2,0,0
2026-08-30T13:20:24.736000+09:00,2026-08-30T04:20:24.736000+00:00,094623,2377.4,1,0,0,0,0,13435,496,13435,0,0,0,0,4651,-28608,10326,518,4480,0,129,0,0,0,0,0,0,0,0,0,31082107,2018,0.46,1097.75,3475.14,0,57.4,98.1,67.9,38.1,67.8,530.2,43.6,605,169.7,169.8,1024.5,364930,5038,12.82,90.1,1500,2.55,1.14,31.4,41.1,65,25.88,12233422,72915,78.54,3431.64,0,1200,400,720,240,4200,7500,8500,102,1.5,6000,0,0,0,0,0,80.13,30,77.08,71.32,41.2,0,0
2026-08-30T13:21:24.821000+09:00,2026-08-30T04:21:24.821000+00:00,094623,2263.9,1,0,0,0,0,13435,496,13435,0,0,0,0,4651,-28608,12374,6,4512,72,129,0,0,0,0,0,0,0,0,0,31082107,2018,0.43,1047.7,3311.56,0,57.4,98,67.9,38.1,67.8,532,43.2,604.4,168.4,168.6,1022.2,364930,5038,12.76,91,1500,2.54,1.15,31.1,42.1,65,26.35,12233427,72915,79.43,3431.64,0,1200,400,720,240,4200,7500,8500,102,1.5,6000,0,0,0,0,0,79.98,30,76.85,75.26,41.2,0,0
2026-08-30T13:22:24.907000+09:00,2026-08-30T04:22:24.907000+00:00,094623,2284.6,1,0,0,0,0,13435,496,13435,0,0,0,0,4651,-28608,10326,6,4480,0,129,0,0,0,0,0,0,0,0,0,31082107,2018,0.44,1074.56,3359.17,0,57.4,98,67.9,38.1,67.7,532.2,43.4,603.1,167.8,167.9,1045.5,364930,5038,12.74,90.6,1500,2.54,1.15,31.2,41.9,65,26.64,12233431,72915,80.39,3431.64,0,1200,400,720,240,4200,7500,8500,102,1.5,6000,0,0,0,0,0,79.83,30,76.81,75.27,41.2,0,0
2026-08-30T13:23:25.013000+09:00,2026-08-30T04:23:25.013000+00:00,094623,2364.0,1,0,0,0,0,13435,494,13435,0,0,0,0,4651,-28608,18518,6,4480,16,129,0,0,0,0,0,0,0,0,0,31082107,2018,0.44,1084.32,3448.29,0,57.5,98.2,67.9,38.2,67.7,530.4,44.3,602.8,168.9,169,1062.2,364930,5038,12.58,89.6,1500,2.54,1.15,31.6,41.7,65,26.47,12233436,72915,79.84,3431.64,0,1200,400,720,240,4200,7500,8500,102,1.5,6000,0,0,0,0,0,79.63,30,77.44,72.35,41.2,0,0
2026-08-30T13:24:25.105000+09:00,2026-08-30T04:24:25.105000+00:00,094623,2371.3,1,0,0,0,0,13435,496,13435,0,0,0,0,4655,-28608,10326,590,4480,8192,129,0,0,0,0,0,0,0,0,0,31082107,2018,0.44,1101.41,3472.7,0,57.5,98.4,68,38.2,67.8,530.2,43.7,603,169.9,169.9,1057.7,364931,5039,12.79,89.3,1500,2.55,1.15,31.4,41.4,65,26.1,12233440,72915,79.02,3431.65,0,1200,400,720,240,4200,7500,8500,102,1.5,6000,0,0,0,0,0,79.82,30,78.55,70.48,41.2,0,0
2026-08-30T13:25:25.197000+09:00,2026-08-30T04:25:25.197000+00:00,094623,2283.4,1,0,0,0,0,13435,495,13435,0,0,0,0,4651,-28608,10326,518,4480,0,129,0,0,0,0,0,0,0,0,0,31082107,2018,0.45,1026.95,3310.34,0,57.4,98,68,38.3,67.8,532.3,43.4,601.7,168.7,168.7,1040.4,364931,5039,12.7,89.6,1500,2.55,1.16,31.3,42.6,65,26.09,12233444,72915,79.29,3431.65,0,1200,400,720,240,4200,7500,8500,102,1.5,6000,0,0,0,0,0,79.82,30,77.66,70.54,41.3,0,0
2026-08-30T13:26:25.289000+09:00,2026-08-30T04:26:25.289000+00:00,094623,2373.7,1,0,0,0,0,13435,495,13435,0,0,0,0,4655,-28608,12374,590,4512,8200,129,0,0,0,0,0,0,0,0,0,31082107,2018,0.45,1123.39,3497.12,0,57.4,98,67.9,38.2,67.8,529.8,43.4,602.3,170.4,170.3,1045.9,364931,5039,12.64,89.7,1500,2.55,1.15,31.4,41.2,65,25.34,12233449,72915,79.09,3431.65,0,1200,400,720,240,4200,7500,8500,102,1.5,6000,0,0,0,0,0,79.43,30,77.66,70.23,41.3,0,0
2026-08-30T13:27:25.383000+09:00,2026-08-30T04:27:25.383000+00:00,094623,2471.4,1,0,0,0,0,13435,495,13435,0,0,0,0,4651,-28608,10326,6,4480,0,129,0,0,0,0,0,0,0,0,0,31082107,2018,0.45,1091.65,3563.04,0,57.4,98,67.9,38.2,67.9,529.1,43.2,601.9,170.1,170.3,1044.4,364931,5039,12.57,89.7,1490,2.53,1.15,31.8,41,65,26.62,12233453,72915,79.19,3431.65,0,1200,400,720,240,4200,7500,8500,102,1.5,6000,0,0,0,0,0,79.28,30,77.66,69.66,41.2,0,0
2026-08-30T13:28:25.473000+09:00,2026-08-30T04:28:25.473000+00:00,094623,2382.3,1,0,0,0,0,13435,497,13435,0,0,0,0,4651,-26560,10326,6,4480,0,129,0,0,0,0,0,0,0,0,0,31082107,2018,0.46,1124.61,3506.88,0,57.4,98,67.9,38.3,68,529.2,43.8,602.5,170.1,170.1,1063.1,364931,5039,12.68,90.3,1500,2.55,1.15,31.3,41.2,65,25.73,12233458,72915,78.81,3431.65,0,1200,400,720,240,4200,7500,8500,102,1.5,6000,0,0,0,0,0,79.19,30,77.72,71.36,41.3,0,0
2026-08-30T13:29:25.596000+09:00,2026-08-30T04:29:25.596000+00:00,094623,2416.4,1,0,0,0,0,13435,497,13435,0,0,0,0,4655,-26560,10326,6,4480,0,129,0,0,0,0,0,0,0,0,0,31082107,2018,0.44,1094.09,3510.54,0,57.4,97.8,67.9,38.3,67.9,530.5,44.6,602.4,169,169.2,1029.8,364931,5039,12.62,91,1500,2.55,1.15,31.4,41.2,65,25.9,12233462,72915,79.22,3431.65,0,1200,400,720,240,4200,7500,8500,102,1.5,6000,0,0,0,0,0,79.04,30,77.02,74.57,41.3,0,0
2026-08-30T13:30:25.685000+09:00,2026-08-30T04:30:25.685000+00:00,094623,2257.8,1,0,0,0,0,13435,494,13435,0,0,0,0,4651,-28608,10326,6,4480,0,129,0,0,0,0,0,0,0,0,0,31082107,2018,0.43,912.2,3169.96,0,57.4,97.8,67.9,38.3,67.8,534.4,44.3,600.3,167.5,167.5,1030.9,364932,5040,12.69,90.4,1490,2.55,1.14,30.9,43,65,26.71,12233466,72915,79.98,3431.65,0,1200,400,720,240,4200,7500,8500,102,1.5,6000,0,0,0,0,0,78.77,30,76.63,73.88,41.3,0,0
2026-08-30T13:31:25.776000+09:00,2026-08-30T04:31:25.776000+00:00,094623,2293.2,1,0,0,0,0,13435,496,13435,0,0,0,0,4655,-28608,12438,6,20864,8,129,0,0,0,0,0,0,0,0,0,31082107,2018,0.43,987.88,3281.04,0,57.5,97.8,67.9,38.3,67.7,533.6,44.2,598,166.8,166.9,1027.5,364932,5040,12.61,90,1500,2.53,1.15,31.2,42.6,65,26.38,12233471,72915,79.7,3431.66,0,1200,400,720,240,4200,7500,8500,102,1.5,6000,0,0,0,0,0,78.74,30,76.41,73.24,41.3,0,0
2026-08-30T13:32:25.882000+09:00,2026-08-30T04:32:25.882000+00:00,094623,2425.0,1,0,0,0,0,13435,496,13435,0,0,0,0,4651,-28608,10326,6,4480,0,129,0,0,0,0,0,0,0,0,0,31082107,2018,0.44,1094.09,3519.09,0,57.5,97.9,67.9,38.3,67.7,530.1,43.5,599.5,169,168.8,1028.1,364932,5040,12.81,89.5,1500,2.55,1.15,31.5,41.2,65,26.67,12233475,72915,79.59,3431.66,0,1200,400,720,240,4200,7500,8500,102,1.5,6000,0,0,0,0,0,78.53,30,76.37,71.36,41.3,0,0
2026-08-30T13:33:25.969000+09:00,2026-08-30T04:33:25.969000+00:00,094623,2500.7,1,0,0,0,0,13435,496,13435,0,0,0,0,4655,-28608,10342,6,12676,0,129,0,0,0,0,0,0,0,0,0,31082107,2018,0.45,1068.45,3569.14,0,57.5,98,68,38.3,67.8,530,43.5,599.9,170.2,170.2,1048.7,364932,5040,12.74,89.4,1500,2.54,1.15,31.7,41,65,26.38,12233480,72915,77.97,3431.66,0,1200,400,720,240,4200,7500,8500,102,1.5,6000,0,0,0,0,0,78.86,30,76.63,70.29,41.3,0,0
2026-08-30T13:34:26.068000+09:00,2026-08-30T04:34:26.068000+00:00,094623,2372.5,1,0,0,0,0,13435,496,13435,0,0,0,0,4651,-28608,10326,6,4480,0,129,0,0,0,0,0,0,0,0,0,31082107,2018,0.45,1018.4,3390.91,0,57.5,97.8,68.1,38.3,67.9,531.2,44.3,601.5,169.4,169.4,1050.9,364932,5040,12.7,89.5,1500,2.53,1.15,31.3,41.8,65,26.59,12233484,72915,78.54,3431.66,0,1200,400,720,240,4200,7500,8500,102,1.5,6000,0,0,0,0,0,79.22,30,75.87,69.64,41.4,0,0
2026-08-30T13:35:26.194000+09:00,2026-08-30T04:35:26.194000+00:00,094623,2368.8,1,0,0,0,0,13435,495,13435,0,0,0,0,4651,-28608,10342,518,12676,0,129,0,0,0,0,0,0,0,0,0,31082107,2018,0.45,1008.64,3377.48,0,57.4,97.6,68.1,38.3,67.9,531.9,44.2,602,168.9,168.8,1045.2,364932,5040,12.64,90.3,1500,2.55,1.14,31.1,41.7,65,26.33,12233489,72915,78.6,3431.66,0,1200,400,720,240,4200,7500,8500,102,1.5,6000,0,0,0,0,0,79.36,30,74.75,71.71,41.4,0,0
2026-08-30T13:36:26.287000+09:00,2026-08-30T04:36:26.287000+00:00,094623,2355.4,1,0,0,0,0,13435,496,13435,0,0,0,0,4651,-28608,18518,6,4480,528,129,0,0,0,0,0,0,0,0,0,31082107,2018,0.44,1013.52,3368.94,0,57.4,97.8,68.1,38.4,67.8,532.7,43.6,601.3,165,164.8,1061.3,364933,5041,12.41,90.7,1500,2.53,1.16,31.3,42.3,65,26.38,12233493,72915,77.2,3431.66,0,1200,400,720,240,4200,7500,8500,102,1.5,6000,0,0,0,0,0,79.51,30,74.86,73.47,41.5,0,0
2026-08-30T13:37:26.388000+09:00,2026-08-30T04:37:26.388000+00:00,094623,2338.3,1,0,0,0,0,13435,502,13435,0,0,0,0,4655,-28608,10326,590,4992,8192,129,0,0,0,0,0,0,0,0,0,31082107,2018,0.45,1019.62,3357.95,0,57.5,98.2,68.1,38.4,67.8,529.6,44.2,605.4,166.6,166.6,1049.6,364933,5041,12.94,90.5,1520,2.58,1.14,29.8,39.5,65,24.79,12233497,72915,80.66,3431.66,0,1200,400,720,240,4200,7500,8500,102,1.5,6000,0,0,0,0,0,78.16,30,74.58,72.93,41.4,0,0
2026-08-30T13:38:26.495000+09:00,2026-08-30T04:38:26.495000+00:00,094623,953.7,1,0,0,0,0,13435,491,13435,0,0,0,0,4655,-28608,10326,590,4992,8192,129,0,0,0,0,0,0,0,0,0,31082107,2018,0.38,498.37,1452.07,0,57.3,97.2,68.5,38.4,67.5,531.5,45.3,595.8,153.2,153,1036.7,364933,5041,12.7,90,1480,2.58,1.09,22.4,40.3,65,11.2,12233500,72915,70.85,3431.66,0,1200,400,720,240,4200,7500,8500,102,1.5,6000,0,0,0,0,0,71.74,30,63.67,63.52,41.4,0,0
2026-08-30T13:39:26.584000+09:00,2026-08-30T04:39:26.584000+00:00,094623,825.2,1,0,0,0,0,13435,492,13435,0,0,0,0,4655,-28608,8278,6,4992,8,129,0,0,0,0,0,0,0,0,0,31082107,2018,0.4,581.38,1406.6,0,56.8,97.1,68.4,38.5,66.6,525.7,44.4,589.7,147.2,146.9,1057,364933,5041,12.65,91.3,1480,2.58,1.09,22.4,40.2,65,11.24,12233502,72915,63.48,3431.67,0,1200,400,720,240,4200,7500,8500,102,1.5,6000,0,0,0,0,0,72.21,30,61.54,68.15,41.4,0,0
2026-08-30T13:40:26.678000+09:00,2026-08-30T04:40:26.678000+00:00,094623,1645.9,1,0,0,0,0,13435,496,13435,0,0,0,0,4651,-28608,10326,6,4480,0,129,0,0,0,0,0,0,0,0,0,31082107,2018,0.44,1108.74,2754.6,0,56.7,99.3,68.1,38.5,66.2,521.3,43.5,595.5,156.2,156.6,1046.2,364933,5041,12.85,89.3,1500,2.55,1.16,31.4,45.1,65,26.35,12233505,72915,71.82,3431.67,0,1200,400,720,240,4200,7500,8500,102,1.5,6000,0,0,0,0,0,81.05,30,77.86,72.03,41.4,0,0
2026-08-30T13:41:26.753000+09:00,2026-08-30T04:41:26.753000+00:00,094623,1689.8,1,0,0,0,0,13435,497,13435,0,0,0,0,4651,-28608,18518,6,4480,528,129,0,0,0,0,0,0,0,0,0,31082107,2018,0.4,1002.53,2692.34,0,56.8,98.2,67.8,38.5,66.7,527,44.8,601.7,159.6,160,1040.3,364933,5041,12.8,88.9,1500,2.57,1.14,30.8,45,65,26.55,12233510,72915,76.73,3431.67,0,1200,400,720,240,4200,7500,8500,102,1.5,6000,0,0,0,0,0,80.19,30,76.38,69.63,41.4,0,0
2026-08-30T13:42:26.861000+09:00,2026-08-30T04:42:26.861000+00:00,094623,1817.1,1,0,0,0,0,13435,495,13435,0,0,0,0,4651,-28608,10326,6,4480,0,129,0,0,0,0,0,0,0,0,0,31082107,2018,0.43,1091.65,2908.72,0,56.9,97.3,67.8,38.5,66.9,526.7,44.1,605,162,162.4,1026.1,364934,5042,12.38,89,1490,2.57,1.15,31.3,44.1,65,26.6,12233514,72915,74.47,3431.67,0,1200,400,720,240,4200,7500,8500,102,1.5,6000,0,0,0,0,0,79.83,30,72.72,68.14,41.4,0,0
2026-08-30T13:43:26.938000+09:00,2026-08-30T04:43:26.938000+00:00,094623,1952.6,1,0,0,0,0,13435,496,13435,0,0,0,0,4651,-28608,10326,6,4480,0,129,0,0,0,0,0,0,0,0,0,31082107,2018,0.46,1239.36,3191.93,0,57,98.6,67.9,38.5,67.1,526,44,605.8,164.7,165.1,1041.5,364934,5042,12.59,89.3,1500,2.57,1.15,31.7,42.6,65,26.64,12233518,72915,75.65,3431.67,0,1200,400,720,240,4200,7500,8500,102,1.5,6000,0,0,0,0,0,79.91,30,76.67,67.9,41.4,0,0
2026-08-30T13:44:27.051000+09:00,2026-08-30T04:44:27.051000+00:00,094623,1901.3,1,0,0,0,0,13435,497,13435,0,0,0,0,4651,-28608,12374,6,4512,8,129,0,0,0,0,0,0,0,0,0,31082107,2018,0.47,1117.28,3018.59,0,57.1,98.7,68.1,38.5,67.3,528.5,43.8,606.2,166.3,166.6,1053.7,364934,5042,12.67,89.8,1500,2.57,1.15,31.3,43.6,65,26.67,12233523,72915,75.43,3431.67,0,1200,400,720,240,4200,7500,8500,102,1.5,6000,0,0,0,0,0,80.48,30,78.24,68.67,41.5,0,0
2026-08-30T13:45:27.151000+09:00,2026-08-30T04:45:27.151000+00:00,094623,1884.2,1,0,0,0,0,13435,498,13435,0,0,0,0,4655,-26560,10326,590,4480,8192,129,0,0,0,0,0,0,0,0,0,31082107,2018,0.44,1112.4,2996.61,0,57.2,97.6,68.2,38.6,67.4,530.1,44,604.7,165.8,166.2,1059.9,364934,5042,12.38,90.7,1510,2.56,1.14,31.2,43.5,65,26.68,12233527,72915,77.95,3431.67,0,1200,400,720,240,4200,7500,8500,102,1.5,6000,0,0,0,0,0,81.01,30,75.06,71.96,41.4,0,0
2026-08-30T13:46:27.241000+09:00,2026-08-30T04:46:27.241000+00:00,094623,1805.8,1,0,0,0,0,13435,496,13435,0,0,0,0,4651,-28608,18518,6,4480,528,129,0,0,0,0,0,0,0,0,0,31082107,2018,0.43,1030.61,2836.39,0,57.3,97.4,68.2,38.6,67.3,533.6,44.5,603.6,164.2,164.6,1003.7,364934,5042,12.71,90.9,1500,2.56,1.15,30.8,44.7,65,26.27,12233532,72915,79.56,3431.67,0,1200,400,720,240,4200,7500,8500,102,1.5,6000,0,0,0,0,0,81.19,30,73.53,73.65,41.5,0,0
2026-08-30T13:47:27.341000+09:00,2026-08-30T04:47:27.341000+00:00,094623,1970.9,1,0,0,0,0,13435,495,13435,0,0,0,0,4655,-26560,10326,6,4480,0,129,0,0,0,0,0,0,0,0,0,31082107,2018,0.45,1167.33,3138.22,0,57.4,97.7,68.3,38.6,67.3,530,44.9,603.5,166.6,166.8,1033.7,364935,5043,12.61,90.2,1500,2.55,1.16,31.6,43.4,65,25.81,12233536,72915,79.28,3431.68,0,1200,400,720,240,4200,7500,8500,102,1.5,6000,0,0,0,0,0,81.92,30,73.74,72.5,42,0,0
2026-08-30T13:48:27.439000+09:00,2026-08-30T04:48:27.439000+00:00,094623,1881.5,1,0,0,0,0,13435,494,13435,0,0,0,0,4655,-28608,10326,518,4480,0,129,0,0,0,0,0,0,0,0,0,31082107,2018,0.47,975.68,2857.14,0,57.5,98.4,68.3,38.6,67.4,533.6,44.8,602.4,165.9,166.2,1068,364935,5043,12.64,90,1500,2.55,1.15,31.1,44.9,65,25.84,12233541,72915,77.39,3431.68,0,1200,400,720,240,4200,7500,8500,102,1.5,6000,0,0,0,0,0,82.32,30,75.97,72.07,42,0,0
2026-08-30T13:49:27.534000+09:00,2026-08-30T04:49:27.534000+00:00,094623,2123.5,1,0,0,0,0,13435,497,13435,0,0,0,0,4651,-28608,12374,6,4512,72,129,0,0,0,0,0,0,0,0,0,31082107,2018,0.48,1225.93,3349.41,0,57.6,98.8,68.3,38.7,67.5,526.8,44.5,604.1,169,169.4,1064.6,364935,5043,12.7,89.5,1500,2.57,1.15,32,42,65,26.73,12233545,72915,79.14,3431.68,0,1200,400,720,240,4200,7500,8500,102,1.5,6000,0,0,0,0,0,82.89,30,78.14,70.15,42,0,0
2026-08-30T13:50:27.639000+09:00,2026-08-30T04:50:27.639000+00:00,094623,2103.9,1,0,0,0,0,13435,495,13435,0,0,0,0,4651,-28608,10390,6,20864,0,129,0,0,0,0,0,0,0,0,0,31082107,2018,0.47,1074.56,3178.5,0,57.6,99,68.4,38.7,67.7,528.1,44.8,605.5,170,170.4,1064.2,364935,5043,12.67,89.7,1490,2.55,1.14,31.5,42.3,65,26.62,12233549,72915,79.22,3431.68,0,1200,400,720,240,4200,7500,8500,102,1.5,6000,0,0,0,0,0,83.69,30,80.15,70,42,0,0
2026-08-30T13:51:27.732000+09:00,2026-08-30T04:51:27.732000+00:00,094623,2050.2,1,0,0,0,0,13435,496,13435,0,0,0,0,4651,-28608,18518,6,4480,528,129,0,0,0,0,0,0,0,0,0,31082107,2018,0.43,1191.75,3241.98,0,57.6,97.8,68.4,38.7,67.8,529.1,45,604.2,169.7,169.8,1065.9,364935,5043,12.62,89.8,1500,2.54,1.14,31.3,42.2,65,26.5,12233554,72915,78.87,3431.68,0,1200,400,720,240,4200,7500,8500,102,1.5,6000,0,0,0,0,0,84.37,30,77.13,69.78,42.1,0,0
2026-08-30T13:52:27.819000+09:00,2026-08-30T04:52:27.819000+00:00,094623,2012.4,1,0,0,0,0,13435,497,13435,0,0,0,0,4651,-28608,10342,6,12676,0,129,0,0,0,0,0,0,0,0,0,31082107,2018,0.43,1026.95,3039.34,0,57.7,97.2,68.2,38.7,67.8,532.2,44.6,603.9,168.6,168.7,1068.5,364935,5043,12.64,90.9,1500,2.56,1.14,30.9,42.8,65,26.22,12233558,72915,77.18,3431.68,0,1200,400,720,240,4200,7500,8500,102,1.5,6000,0,0,0,0,0,84.32,30,74.59,73.23,42,0,0
2026-08-30T13:53:27.918000+09:00,2026-08-30T04:53:27.918000+00:00,094623,2095.4,1,0,0,0,0,13435,495,13435,0,0,0,0,4651,-28608,10326,6,4480,0,129,0,0,0,0,0,0,0,0,0,31082107,2018,0.46,1138.04,3233.44,0,57.7,98,68.1,38.7,67.8,530.7,44.5,603.7,169,169.1,1061.7,364936,5044,12.8,90.7,1500,2.54,1.15,31.4,42.3,65,26.66,12233563,72915,78.36,3431.68,0,1200,400,720,240,4200,7500,8500,102,1.5,6000,0,0,0,0,0,84.16,30,76.05,74.07,42.1,0,0
2026-08-30T13:54:28.025000+09:00,2026-08-30T04:54:28.025000+00:00,094623,2171.1,1,0,0,0,0,13435,498,13435,0,0,0,0,4651,-28608,12374,6,4512,72,129,0,0,0,0,0,0,0,0,0,31082107,2018,0.49,1178.32,3349.41,0,57.8,99,68,38.7,67.8,529.6,44.5,605.2,169.5,169.7,1079.2,364936,5044,12.8,90.4,1500,2.55,1.14,31.6,41.7,65,26.43,12233567,72915,79.52,3431.68,0,1200,400,720,240,4200,7500,8500,102,1.5,6000,0,0,0,0,0,83.98,30,79.99,74.43,42.1,0,0
2026-08-30T13:55:28.121000+09:00,2026-08-30T04:55:28.121000+00:00,094623,2124.7,1,0,0,0,0,13435,498,13435,0,0,0,0,4655,-26560,10326,6,4480,0,129,0,0,0,0,0,0,0,0,0,31082107,2018,0.43,1169.77,3294.47,0,57.8,98.3,68.2,38.8,67.9,530.2,44.5,603.1,169,169.2,1048.8,364936,5044,12.71,89.7,1510,2.55,1.15,31.5,42.2,65,26.44,12233571,72915,79.3,3431.69,0,1200,400,720,240,4200,7500,8500,102,1.5,6000,0,0,0,0,0,84.72,30,79.21,72.33,42.1,0,0
2026-08-30T13:56:28.254000+09:00,2026-08-30T04:56:28.254000+00:00,094623,2119.8,1,0,0,0,0,13435,493,13435,0,0,0,0,4655,-28608,18518,6,4480,528,129,0,0,0,0,0,0,0,0,0,31082107,2018,0.41,1140.48,3260.29,0,57.7,97.3,68.3,38.8,68,530.5,44.6,605.7,169,169.2,1043.2,364936,5044,12.22,89.4,1490,2.53,1.15,31.6,42.5,65,26.39,12233576,72915,80.66,3431.69,0,1200,400,720,240,4200,7500,8500,102,1.5,6000,0,0,0,0,0,85.23,30,75.52,70.65,42.1,0,0
2026-08-30T13:57:28.374000+09:00,2026-08-30T04:57:28.374000+00:00,094623,2097.8,1,0,0,0,0,13435,498,13435,0,0,0,0,4651,-28608,10326,6,4480,0,129,0,0,0,0,0,0,0,0,0,31082107,2018,0.44,1073.34,3171.18,0,57.7,97.5,68.2,38.8,67.9,531.2,44.2,606,167.8,168,1071.5,364936,5044,12.57,89.4,1500,2.55,1.15,31.3,42.8,65,26.64,12233580,72915,78.12,3431.69,0,1200,400,720,240,4200,7500,8500,102,1.5,6000,0,0,0,0,0,85.49,30,75.32,69.94,42.1,0,0
2026-08-30T13:58:28.455000+09:00,2026-08-30T04:58:28.455000+00:00,094623,2121.0,1,0,0,0,0,13435,498,13435,0,0,0,0,4651,-28608,10326,518,4480,0,129,0,0,0,0,0,0,0,0,0,31082107,2018,0.47,1091.65,3212.68,0,57.8,98,67.9,38.8,67.9,530.7,44.7,607.5,169.4,169.6,1049,364936,5044,12.88,90.2,1500,2.56,1.14,31.2,42.2,65,26.47,12233585,72915,78.53,3431.69,0,1200,400,720,240,4200,7500,8500,102,1.5,6000,0,0,0,0,0,84.65,30,76.46,72.09,42.1,0,0
2026-08-30T13:59:28.542000+09:00,2026-08-30T04:59:28.542000+00:00,094623,2049.0,1,0,0,0,0,13435,496,13435,0,0,0,0,4651,-28608,12374,6,4512,72,129,0,0,0,0,0,0,0,0,0,31082107,2018,0.46,1094.09,3143.1,0,57.8,98.2,67.9,38.9,67.9,533.5,44.3,605.8,167.2,167.3,1077.4,364937,5045,12.81,91,1500,2.54,1.16,31.3,43.6,65,26.25,12233589,72915,77.76,3431.69,0,1200,400,720,240,4200,7500,8500,102,1.5,6000,0,0,0,0,0,84.44,30,77.18,75.68,42.1,0,0
2026-08-30T14:00:28.649000+09:00,2026-08-30T05:00:28.649000+00:00,094623,2240.7,1,0,0,0,0,13435,497,13435,0,0,0,0,4651,-28608,10326,6,4480,0,129,0,0,0,0,0,0,0,0,0,31082107,2018,0.47,1101.41,3342.08,0,57.9,98.7,67.9,38.9,67.9,529,44.3,607.3,170.7,170.9,1085.5,364937,5045,12.62,90.5,1500,2.55,1.14,31.5,41.4,65,26.67,12233593,72915,80.86,3431.69,0,1200,400,720,240,4200,7500,8500,102,1.5,6000,0,0,0,0,0,84.28,30,79.27,75.36,42.2,0,0
2026-08-30T14:01:28.726000+09:00,2026-08-30T05:01:28.726000+00:00,094623,2093.0,1,0,0,0,0,13435,495,13435,0,0,0,0,4651,-28608,18518,6,4480,16,129,0,0,0,0,0,0,0,0,0,31082107,2018,0.43,1059.91,3152.87,0,58,98.6,68.1,38.8,68,532.5,44.4,605.5,168.6,168.7,1051.1,364937,5045,12.87,89.3,1500,2.55,1.16,31.2,43.3,65,26.49,12233598,72915,80.58,3431.69,0,1200,400,720,240,4200,7500,8500,102,1.5,6000,0,0,0,0,0,84.85,30,80.34,71.25,42.2,0,0
2026-08-30T14:02:28.830000+09:00,2026-08-30T05:02:28.830000+00:00,094623,2266.3,1,0,0,0,0,13435,497,13435,0,0,0,0,4655,-28608,10326,6,4480,0,129,0,0,0,0,0,0,0,0,0,31082107,2018,0.4,1206.4,3472.7,0,58,97.2,68.1,38.9,68,528.8,44.3,604.9,169.8,169.9,1042.9,364937,5045,12.82,89.5,1500,2.56,1.16,31.9,41.5,65,26.69,12233602,72915,77.05,3431.7,0,1200,400,720,240,4200,7500,8500,102,1.5,6000,0,0,0,0,0,85.06,30,75.86,71.01,42.2,0,0
2026-08-30T14:03:28.917000+09:00,2026-08-30T05:03:28.917000+00:00,094623,2082.0,1,0,0,0,0,13435,497,13435,0,0,0,0,4655,-28608,10326,518,4480,0,129,0,0,0,0,0,0,0,0,0,31082107,2018,0.44,1007.42,3089.39,0,58,97.6,68.2,38.9,68.2,531.8,44.7,605.1,169.3,169.3,1076,364937,5045,12.76,89.7,1500,2.55,1.14,30.8,42.7,65,25.77,12233607,72915,78.39,3431.7,0,1200,400,720,240,4200,7500,8500,102,1.5,6000,0,0,0,0,0,85.61,30,75.96,70.93,42.2,0,0
2026-08-30T14:04:29.011000+09:00,2026-08-30T05:04:29.011000+00:00,094623,2094.2,1,0,0,0,0,13435,495,13435,0,0,0,0,4655,-28608,12374,6,4512,72,129,0,0,0,0,0,0,0,0,0,31082107,2018,0.44,1044.04,3138.22,0,58,97.9,68.1,38.9,68,533,44.6,605.3,167.9,167.8,1065.5,364937,5045,12.5,90.2,1490,2.54,1.16,31.1,43,65,26.28,12233611,72915,77.62,3431.7,0,1200,400,720,240,4200,7500,8500,102,1.5,6000,0,0,0,0,0,85.53,30,76.52,72.3,42.2,0,0
2026-08-30T14:05:29.118000+09:00,2026-08-30T05:05:29.118000+00:00,094623,2229.7,1,0,0,0,0,13435,495,13435,0,0,0,0,4655,-26560,10326,6,4480,0,129,0,0,0,0,0,0,0,0,0,31082107,2018,0.46,1052.58,3282.27,0,58,98.1,68.1,39,68,530.7,45,605,166.5,166.6,1051.8,364938,5046,12.74,90.3,1500,2.53,1.14,31.3,41.8,65,26.59,12233616,72915,78.94,3431.7,0,1200,400,720,240,4200,7500,8500,102,1.5,6000,0,0,0,0,0,85.68,30,77.03,72.91,42.2,0,0
2026-08-30T14:06:29.214000+09:00,2026-08-30T05:06:29.214000+00:00,094623,2107.6,1,0,0,0,0,13435,496,13435,0,0,0,0,4655,-28608,10326,6,4480,0,129,0,0,0,0,0,0,0,0,0,31082107,2018,0.47,989.1,3096.71,0,58.1,98.3,68.1,39,68.1,533.4,44.7,604.2,167,167.1,1033.8,364938,5046,12.85,90.4,1500,2.53,1.15,31.1,43.2,65,26.51,12233620,72915,77.44,3431.7,0,1200,400,720,240,4200,7500,8500,102,1.5,6000,0,0,0,0,0,85.9,30,77.9,73.53,42.2,0,0
2026-08-30T14:07:29.294000+09:00,2026-08-30T05:07:29.294000+00:00,094623,2186.9,1,0,0,0,0,13435,497,13435,0,0,0,0,4655,-28608,10390,6,20864,0,129,0,0,0,0,0,0,0,0,0,31082107,2018,0.49,992.77,3179.72,0,58.1,98.6,67.9,39,68.1,532.3,45,603.5,167.2,167.4,1045.6,364938,5046,12.74,90.8,1500,2.55,1.14,31.2,42.5,65,26.64,12233624,72915,78.9,3431.7,0,1200,400,720,240,4200,7500,8500,102,1.5,6000,0,0,0,0,0,85.43,30,79.49,75.71,42.3,0,0
2026-08-30T14:08:29.402000+09:00,2026-08-30T05:08:29.402000+00:00,094623,2218.7,1,0,0,0,0,13435,495,13435,0,0,0,0,4651,-28608,10326,6,4480,0,129,0,0,0,0,0,0,0,0,0,31082107,2018,0.48,1278.42,3497.12,0,58.2,98.9,68,39.1,68.1,531.6,44.4,604,167,167.1,1040.2,364938,5046,12.67,90.3,1500,2.53,1.16,31.7,41.7,65,26.52,12233629,72915,80.71,3431.7,0,1200,400,720,240,4200,7500,8500,102,1.5,6000,0,0,0,0,0,85.61,30,81.56,75.07,42.2,0,0
2026-08-30T14:09:29.497000+09:00,2026-08-30T05:09:29.497000+00:00,094623,2217.5,1,0,0,0,0,13435,496,13435,0,0,0,0,4655,-28608,12438,6,20896,8,129,0,0,0,0,0,0,0,0,0,31082107,2018,0.44,1023.29,3240.76,0,58.2,98.1,68.1,39,68.2,532.3,45.2,604.6,169.2,169.2,1040.6,364938,5046,12.68,89.7,1500,2.53,1.14,31.1,41.8,65,26.31,12233633,72915,80.3,3431.7,0,1200,400,720,240,4200,7500,8500,102,1.5,6000,0,0,0,0,0,85.93,30,79.93,73.29,42.3,0,0
2026-08-30T14:10:29.595000+09:00,2026-08-30T05:10:29.595000+00:00,094623,2168.7,1,0,0,0,0,13435,496,13435,0,0,0,0,4651,-28608,10326,6,4480,0,129,0,0,0,0,0,0,0,0,0,31082107,2018,0.42,1064.79,3233.44,0,58.3,97.6,68.2,39.1,68.2,532.8,45,604.5,167.3,167.3,1054.8,364938,5046,12.61,89.6,1500,2.55,1.14,31,42.2,65,26.64,12233638,72915,76.33,3431.71,0,1200,400,720,240,4200,7500,8500,102,1.5,6000,0,0,0,0,0,86.46,30,78.26,72.2,42.3,0,0
2026-08-30T14:11:29.695000+09:00,2026-08-30T05:11:29.695000+00:00,094623,2147.9,1,0,0,0,0,13435,496,13435,0,0,0,0,4655,-28608,10342,6,12676,0,129,0,0,0,0,0,0,0,0,0,31082107,2018,0.4,983,3130.89,0,58.4,97.2,68.2,39.1,68.2,534.2,44.4,603.9,167.1,167.1,1051.9,364939,5047,12.73,90.7,1500,2.53,1.14,30.9,42.7,65,26.41,12233642,72915,78.25,3431.71,0,1200,400,720,240,4200,7500,8500,102,1.5,6000,0,0,0,0,0,86.82,30,76.18,75.78,42.3,0,0
2026-08-30T14:12:29.784000+09:00,2026-08-30T05:12:29.784000+00:00,094623,2121.0,1,0,0,0,0,13435,496,13435,0,0,0,0,4655,-28608,10326,6,4480,0,129,0,0,0,0,0,0,0,0,0,31082107,2018,0.43,1070.89,3191.93,0,58.3,97.7,68.2,39.1,68.1,534.6,44.8,603.8,165.8,165.8,1060.8,364939,5047,12.69,90.1,1500,2.54,1.16,31.2,43.1,65,26.63,12233646,72915,80.44,3431.71,0,1200,400,720,240,4200,7500,8500,102,1.5,6000,0,0,0,0,0,87.06,30,76.57,74.79,42.3,0,0
2026-08-30T14:13:29.898000+09:00,2026-08-30T05:13:29.898000+00:00,094623,2251.7,1,0,0,0,0,13435,494,13435,0,0,0,0,4655,-26560,10326,6,4480,0,129,0,0,0,0,0,0,0,0,0,31082107,2018,0.46,1096.53,3348.19,0,58.2,98.9,68,39.1,68.1,531.3,45.2,603.4,167.9,168.1,1048.8,364939,5047,12.11,89.6,1500,2.53,1.14,31.3,41.7,65,25.86,12233651,72915,79.52,3431.71,0,1200,400,720,240,4200,7500,8500,102,1.5,6000,0,0,0,0,0,86.6,30,80.52,73.13,42.3,0,0
2026-08-30T14:14:30.087000+09:00,2026-08-30T05:14:30.087000+00:00,094623,2404.2,1,0,0,0,0,13435,497,13435,0,0,0,0,4651,-28608,10326,6,4480,528,129,0,0,0,0,0,0,0,0,0,31082107,2018,0.45,1205.18,3609.42,0,58.3,98.5,67.9,39.2,68.2,528.4,44.6,603.3,169.7,169.8,1048.3,364939,5047,12.69,89.4,1500,2.55,1.15,32.1,40.9,65,26.5,12233655,72915,78.55,3431.71,0,1200,400,720,240,4200,7500,8500,102,1.5,6000,0,0,0,0,0,86.4,30,80.88,71.79,42.4,0,0
2026-08-30T14:15:30.103000+09:00,2026-08-30T05:15:30.103000+00:00,094623,2232.1,1,0,0,0,0,13435,495,13435,0,0,0,0,4655,-28608,10326,6,4480,0,129,0,0,0,0,0,0,0,0,0,31082107,2018,0.42,1080.66,3312.78,0,58.3,97.6,67.9,39.2,68.4,531.1,44.7,604.3,170.1,170.2,1040.8,364939,5047,12.79,89.9,1500,2.53,1.15,31.3,41.9,65,26.58,12233660,72915,77.24,3431.71,0,1200,400,720,240,4200,7500,8500,102,1.5,6000,0,0,0,0,0,86.2,30,78.07,72.77,42.4,0,0
2026-08-30T14:16:30.203000+09:00,2026-08-30T05:16:30.203000+00:00,094623,2197.9,1,0,0,0,0,13435,499,13435,0,0,0,0,4655,-26560,10326,6,4480,0,129,0,0,0,0,0,0,0,0,0,31082107,2018,0.43,1098.97,3296.91,0,58.4,97.2,68,39.2,68.4,532.7,44.7,605.2,168.1,168.1,1055.1,364939,5047,12.67,90.9,1510,2.54,1.15,31.3,42.6,65,26.2,12233664,72915,78.38,3431.71,0,1200,400,720,240,4200,7500,8500,102,1.5,6000,0,0,0,0,0,86.52,30,76.08,76.49,42.4,0,0
2026-08-30T14:17:30.300000+09:00,2026-08-30T05:17:30.300000+00:00,094623,2265.1,1,0,0,0,0,13435,496,13435,0,0,0,0,4655,-28608,10326,6,4480,8,129,0,0,0,0,0,0,0,0,0,31082107,2018,0.46,1074.56,3339.64,0,58.5,98.4,68,39.3,68.3,532,45.6,605,168.2,168.3,1081.3,364940,5048,12.69,90.4,1500,2.53,1.15,31.4,42.3,65,26.67,12233669,72915,79.58,3431.72,0,1200,400,720,240,4200,7500,8500,102,1.5,6000,0,0,0,0,0,86.46,30,79.13,75.97,42.4,0,0
2026-08-30T14:18:30.395000+09:00,2026-08-30T05:18:30.395000+00:00,094623,2278.5,1,0,0,0,0,13435,496,13435,0,0,0,0,4651,-28608,10326,6,4480,0,129,0,0,0,0,0,0,0,0,0,31082107,2018,0.45,1073.34,3351.85,0,58.5,99,68,39.4,68.4,530.9,45.5,605.6,169.7,169.8,1075.5,364940,5048,12.8,89.6,1500,2.53,1.14,31.2,41.7,65,26.37,12233673,72915,80.64,3431.72,0,1200,400,720,240,4200,7500,8500,102,1.5,6000,0,0,0,0,0,86.4,30,82.3,73.49,42.4,0,0
2026-08-30T14:19:30.496000+09:00,2026-08-30T05:19:30.496000+00:00,094623,2270.0,1,0,0,0,0,13435,497,13435,0,0,0,0,4651,-28608,18518,6,4480,528,129,0,0,0,0,0,0,0,0,0,31082107,2018,0.39,1066.01,3335.98,0,58.4,97.4,68.2,39.4,68.4,531.4,45.8,605.6,169.5,169.5,1078.2,364940,5048,12.82,89.4,1500,2.54,1.15,31.2,42,65,26.32,12233678,72915,80.4,3431.72,0,1200,400,720,240,4200,7500,8500,102,1.5,6000,0,0,0,0,0,87.24,30,77.7,72.1,42.4,0,0
2026-08-30T14:20:30.603000+09:00,2026-08-30T05:20:30.603000+00:00,094623,2260.2,1,0,0,0,0,13435,496,13435,0,0,0,0,4651,-28608,10326,518,4480,0,129,0,0,0,0,0,0,0,0,0,31082107,2018,0.43,1055.02,3315.23,0,58.2,97.3,68.1,39.4,68.4,531,45.7,603.8,168.7,168.6,1035.1,364940,5048,12.87,89.8,1500,2.52,1.15,31.2,41.9,65,26.19,12233682,72915,78.93,3431.72,0,1200,400,720,240,4200,7500,8500,102,1.5,6000,0,0,0,0,0,87.11,30,76.01,72.39,42.5,0,0
2026-08-30T14:21:30.704000+09:00,2026-08-30T05:21:30.704000+00:00,094623,2366.4,1,0,0,0,0,13435,497,13435,0,0,0,0,4655,-26560,10326,6,4480,0,129,0,0,0,0,0,0,0,0,0,31082107,2018,0.45,1113.62,3480.03,0,58.3,98.4,67.9,39.3,68.3,530.6,46.1,603.7,169.5,169.5,1017.5,364940,5048,12.64,90.9,1510,2.54,1.15,31.7,41.5,65,25.98,12233686,72915,78.27,3431.72,0,1200,400,720,240,4200,7500,8500,102,1.5,6000,0,0,0,0,0,86.56,30,79.22,76.17,42.4,0,0
2026-08-30T14:22:30.795000+09:00,2026-08-30T05:22:30.795000+00:00,094623,2307.8,1,0,0,0,0,13435,496,13435,0,0,0,0,4655,-28608,12374,6,4512,72,129,0,0,0,0,0,0,0,0,0,31082107,2018,0.47,1053.8,3361.61,0,58.3,99,67.8,39.3,68.4,531.8,45.4,603.4,168,168,1041.4,364940,5048,12.81,90.6,1500,2.52,1.16,31.5,42.2,65,26.55,12233691,72915,80.24,3431.72,0,1200,400,720,240,4200,7500,8500,102,1.5,6000,0,0,0,0,0,85.99,30,82.12,76.46,42.5,0,0
2026-08-30T14:23:30.891000+09:00,2026-08-30T05:23:30.891000+00:00,094623,2455.5,1,0,0,0,0,13435,498,13435,0,0,0,0,4651,-28608,10326,6,4480,0,129,0,0,0,0,0,0,0,0,0,31082107,2018,0.45,1147.8,3603.32,0,58.4,98.4,67.9,39.4,68.4,528.4,44.8,603.9,169.3,169.5,1045.4,364941,5049,12.86,89.9,1510,2.54,1.15,31.9,40.8,65,26.7,12233695,72915,80.03,3431.72,0,1200,400,720,240,4200,7500,8500,102,1.5,6000,0,0,0,0,0,86.09,30,81.42,74.63,42.5,0,0
2026-08-30T14:24:31.003000+09:00,2026-08-30T05:24:31.003000+00:00,094623,2340.8,1,0,0,0,0,13435,497,13435,0,0,0,0,4651,-28608,18518,6,4480,528,129,0,0,0,0,0,0,0,0,0,31082107,2018,0.45,1090.43,3431.2,0,58.4,98.2,68.1,39.4,68.5,530.8,45.2,601.7,168.7,168.8,1029.2,364941,5049,12.86,89.5,1500,2.54,1.15,31.3,41.6,65,26.64,12233700,72915,78.45,3431.72,0,1200,400,720,240,4200,7500,8500,102,1.5,6000,0,0,0,0,0,86.6,30,81.14,72.91,42.5,0,0
2026-08-30T14:25:31.095000+09:00,2026-08-30T05:25:31.095000+00:00,094623,2388.4,1,0,0,0,0,13435,496,13435,0,0,0,0,4651,-28608,10326,518,4480,0,129,0,0,0,0,0,0,0,0,0,31082107,2018,0.43,1103.85,3492.23,0,58.3,97.8,68.1,39.5,68.5,530.4,46.1,602,169,169,1043.7,364941,5049,12.74,89.5,1500,2.53,1.16,31.5,41.4,65,26.43,12233704,72915,79.03,3431.73,0,1200,400,720,240,4200,7500,8500,102,1.5,6000,0,0,0,0,0,86.75,30,79.93,72.2,42.5,0,0
2026-08-30T14:26:31.193000+09:00,2026-08-30T05:26:31.193000+00:00,094623,2410.3,1,0,0,0,0,13435,496,13435,0,0,0,0,4651,-28608,10390,6,20864,0,129,0,0,0,0,0,0,0,0,0,31082107,2018,0.43,995.21,3405.56,0,58.3,97.6,68,39.5,68.5,530.8,44.9,603,168.4,168.6,1061.2,364941,5049,12.84,89.6,1500,2.52,1.15,31.6,41.8,65,26.58,12233708,72915,77.78,3431.73,0,1200,400,720,240,4200,7500,8500,102,1.5,6000,0,0,0,0,0,86.51,30,78.87,71.73,42.6,0,0
2026-08-30T14:27:31.295000+09:00,2026-08-30T05:27:31.295000+00:00,094623,1986.8,1,0,0,0,0,13435,501,13435,0,0,0,0,4651,-28608,12374,6,5024,72,129,0,0,0,0,0,0,0,0,0,31082107,2018,0.41,895.11,2881.86,0,58.3,97.7,68,39.5,68.6,527.6,45,603.3,170.5,170.7,1048.8,364941,5049,12.8,90.3,1510,2.58,1.11,26.3,35.7,65,16.8,12233713,72915,81.26,3431.73,0,1200,400,720,240,4200,7500,8500,102,1.5,6000,0,0,0,0,0,80.53,30,72.64,67.62,42.6,0,0
2026-08-30T14:28:31.388000+09:00,2026-08-30T05:28:31.388000+00:00,094623,936.6,1,0,0,0,0,13435,496,13435,0,0,0,0,4655,-28608,10390,590,21376,8192,129,0,0,0,0,0,0,0,0,0,31082107,2018,0.38,555.74,1492.35,0,57.8,96.6,67.8,39.5,68.2,527,45.3,593.5,155.6,155.1,1027.7,364941,5049,12.71,92,1490,2.58,1.1,22.8,39.6,65,11.26,12233715,72915,69.06,3431.73,0,1200,400,720,240,4200,7500,8500,102,1.5,6000,0,0,0,0,0,76.36,30,64.84,70.77,42.6,0,0
2026-08-30T14:29:31.488000+09:00,2026-08-30T05:29:31.488000+00:00,094623,989.1,1,0,0,0,0,13435,494,13435,0,0,0,0,4655,-28608,18518,6,4480,528,129,0,0,0,0,0,0,0,0,0,31082107,2018,0.36,666.83,1655.93,0,57.5,97.7,67.5,39.5,67.3,524.2,45.3,590,148.7,148.3,1031.1,364942,5050,12.64,89.9,1490,2.56,1.18,25.9,45.8,65,15.62,12233717,72915,67.89,3431.73,0,1200,400,720,240,4200,7500,8500,102,1.5,6000,0,0,0,0,0,77.77,30,69.23,69.22,42.6,0,0
2026-08-30T14:30:31.575000+09:00,2026-08-30T05:30:31.575000+00:00,094623,1545.8,1,0,0,0,0,13435,496,13435,0,0,0,0,4651,-28608,10342,518,12676,0,129,0,0,0,0,0,0,0,0,0,31082107,2018,0.42,943.94,2489.7,0,57.3,98.5,67.2,39.4,67,525.9,45.9,597.6,159.2,159.5,1016.1,364942,5050,12.69,89.1,1500,2.54,1.15,30.8,46.2,65,25.85,12233721,72915,72.17,3431.73,0,1200,400,720,240,4200,7500,8500,102,1.5,6000,0,0,0,0,0,82.34,30,78.51,72.21,42.6,0,0
2026-08-30T14:31:31.659000+09:00,2026-08-30T05:31:31.659000+00:00,094623,1398.1,1,0,0,0,0,13435,496,13435,0,0,0,0,4655,-28608,10326,6,4480,0,129,0,0,0,0,0,0,0,0,0,31082107,2018,0.42,832.85,2230.9,0,57.2,97.6,67.2,39.4,67,534.4,46.6,598.5,159.4,159.5,1032.6,364942,5050,12.94,89.4,1500,2.56,1.15,29.9,48.3,65,26.63,12233725,72915,76.93,3431.73,0,1200,400,720,240,4200,7500,8500,102,1.5,6000,0,0,0,0,0,81.15,30,75.95,72.17,42.6,0,0
2026-08-30T14:32:31.748000+09:00,2026-08-30T05:32:31.748000+00:00,094623,1592.2,1,0,0,0,0,13435,496,13435,0,0,0,0,4655,-28608,12374,582,4512,72,129,0,0,0,0,0,0,0,0,0,31082107,2018,0.43,954.92,2547.07,0,57.2,97.3,67.3,39.4,66.9,532.1,46,599.6,160.9,161.1,1024.1,364942,5050,12.73,89.6,1500,2.55,1.16,30.9,46.8,65,26.54,12233729,72915,77.61,3431.73,0,1200,400,720,240,4200,7500,8500,102,1.5,6000,0,0,0,0,0,80.35,30,74.17,72.08,42.6,0,0
2026-08-30T14:33:31.859000+09:00,2026-08-30T05:33:31.859000+00:00,094623,1780.5,1,0,0,0,0,13435,495,13435,0,0,0,0,4655,-28608,10326,6,4480,0,129,0,0,0,0,0,0,0,0,0,31082107,2018,0.45,1083.1,2863.55,0,57.2,97.7,67.3,39.4,67,529.3,45.7,600.6,164.4,164.5,1027.9,364942,5050,12.7,89.8,1500,2.54,1.16,31.6,45.2,65,26.6,12233734,72915,76.31,3431.74,0,1200,400,720,240,4200,7500,8500,102,1.5,6000,0,0,0,0,0,79.25,30,74.58,72.17,42.7,0,0
2026-08-30T14:34:31.960000+09:00,2026-08-30T05:34:31.960000+00:00,094623,1941.6,1,0,0,0,0,13435,495,13435,0,0,0,0,4655,-26560,18518,78,4480,8720,129,0,0,0,0,0,0,0,0,0,31082107,2018,0.46,1261.33,3202.92,0,57.2,98.2,67.5,39.4,67.3,526.4,45.4,603.5,168.7,168.8,1028.8,364942,5050,12.77,89.7,1500,2.54,1.15,32,42.9,65,26.52,12233738,72915,77.53,3431.74,0,1200,400,720,240,4200,7500,8500,102,1.5,6000,0,0,0,0,0,78.92,30,76.03,71.48,42.7,0,0
2026-08-30T14:35:32.058000+09:00,2026-08-30T05:35:32.058000+00:00,094623,1842.7,1,0,0,0,0,13435,496,13435,0,0,0,0,4651,-28608,10326,6,4480,0,129,0,0,0,0,0,0,0,0,0,31082107,2018,0.46,1040.38,2883.08,0,57.2,98.2,67.9,39.3,67.5,529.6,44.8,604.7,158.6,159.4,1048.7,364943,5051,12.42,89.8,1500,2.54,1.15,31.2,44.3,65,26.63,12233743,72915,78.36,3431.74,0,1200,400,720,240,4200,7500,8500,102,1.5,6000,0,0,0,0,0,79.63,30,76.36,71.4,42.7,0,0
2026-08-30T14:36:32.138000+09:00,2026-08-30T05:36:32.138000+00:00,094623,1811.9,1,0,0,0,0,13435,497,13435,0,0,0,0,4655,-28608,10326,6,4480,0,129,0,0,0,0,0,0,0,0,0,31082107,2018,0.48,1006.2,2818.08,0,57.4,98.3,68,39.4,67.5,532,45.1,603.6,156.1,156.9,1014.7,364943,5051,12.82,90,1500,2.54,1.15,31.1,45.1,65,26.53,12233747,72915,78.08,3431.74,0,1200,400,720,240,4200,7500,8500,102,1.5,6000,0,0,0,0,0,79.96,30,77.05,71.92,42.7,0,0
2026-08-30T14:37:32.246000+09:00,2026-08-30T05:37:32.246000+00:00,094623,1907.4,1,0,0,0,0,13435,495,13435,0,0,0,0,4651,-28608,12374,6,4512,72,129,0,0,0,0,0,0,0,0,0,31082107,2018,0.48,1101.41,3008.82,0,57.5,98.4,68,39.4,67.5,529.9,45,603.9,156.6,157.5,1015.7,364943,5051,12.65,90.4,1490,2.53,1.16,31.5,44,65,26.29,12233752,72915,77.84,3431.74,0,1200,400,720,240,4200,7500,8500,102,1.5,6000,0,0,0,0,0,79.85,30,77.74,73.16,42.7,0,0
2026-08-30T14:38:32.335000+09:00,2026-08-30T05:38:32.335000+00:00,094623,2085.6,1,0,0,0,0,13435,497,13435,0,0,0,0,4655,-28608,10326,6,4480,0,129,0,0,0,0,0,0,0,0,0,31082107,2018,0.48,1232.03,3317.67,0,57.6,98.8,68.2,39.5,67.7,526.3,45.3,605.7,159.8,160.9,1058.9,364943,5051,12.61,90.3,1510,2.54,1.14,31.8,41.9,65,26.63,12233756,72915,79,3431.74,0,1200,400,720,240,4200,7500,8500,102,1.5,6000,0,0,0,0,0,80.69,30,80.07,73.48,42.7,0,0
2026-08-30T14:39:32.448000+09:00,2026-08-30T05:39:32.448000+00:00,094623,1961.1,1,0,0,0,0,13435,495,13435,0,0,0,0,4651,-28608,18518,6,4480,16,129,0,0,0,0,0,0,0,0,0,31082107,2018,0.46,1058.69,3019.81,0,57.7,98.1,68.5,39.5,67.9,529,45.1,605.9,159.7,160.4,1048.7,364943,5051,12.64,90,1490,2.52,1.15,31.3,43.2,65,26.49,12233760,72915,79.62,3431.74,0,1200,400,720,240,4200,7500,8500,102,1.5,6000,0,0,0,0,0,81.97,30,78.54,72.69,42.7,0,0
2026-08-30T14:40:32.551000+09:00,2026-08-30T05:40:32.551000+00:00,094623,1992.9,1,0,0,0,0,13435,497,13435,0,0,0,0,4651,-28608,10326,6,4480,0,129,0,0,0,0,0,0,0,0,0,31082107,2018,0.47,1162.45,3155.31,0,57.8,97.9,68.7,39.5,67.9,529.8,44.7,606,159.6,160.5,1042.6,364943,5051,12.76,89.9,1500,2.54,1.16,31.6,43.2,65,26.68,12233765,72915,77.48,3431.74,0,1200,400,720,240,4200,7500,8500,102,1.5,6000,0,0,0,0,0,83.51,30,78.02,72.4,42.8,0,0
2026-08-30T14:41:32.648000+09:00,2026-08-30T05:41:32.648000+00:00,094623,1994.1,1,0,0,0,0,13435,498,13435,0,0,0,0,4651,-28608,10326,6,4480,0,129,0,0,0,0,0,0,0,0,0,31082107,2018,0.47,1064.79,3058.87,0,57.8,98.3,68.6,39.5,68,529.7,46.2,607.5,160,160.6,1045.7,364944,5052,12.82,90.6,1500,2.55,1.14,31.2,43,65,26.58,12233769,72915,78.83,3431.75,0,1200,400,720,240,4200,7500,8500,102,1.5,6000,0,0,0,0,0,84.14,30,79.37,74.86,42.8,0,0
2026-08-30T14:42:32.743000+09:00,2026-08-30T05:42:32.743000+00:00,094623,1988.0,1,0,0,0,0,13435,497,13435,0,0,0,0,4651,-28608,12374,6,4512,8,129,0,0,0,0,0,0,0,0,0,31082107,2018,0.45,1101.41,3089.39,0,57.9,98.3,68.5,39.5,68,530.4,46.4,607.3,159.8,160.9,1081.7,364944,5052,12.7,90.4,1510,2.54,1.15,31.4,43.4,65,26.06,12233774,72915,78.55,3431.75,0,1200,400,720,240,4200,7500,8500,102,1.5,6000,0,0,0,0,0,84.72,30,79.98,75.08,42.8,0,0
2026-08-30T14:43:32.836000+09:00,2026-08-30T05:43:32.836000+00:00,094623,1925.7,1,0,0,0,0,13435,495,13435,0,0,0,0,4651,-28608,10326,6,4480,0,129,0,0,0,0,0,0,0,0,0,31082107,2018,0.44,1001.31,2927.03,0,58.1,97.9,68.4,39.4,67.9,533.5,45.5,604.6,157.9,158.8,1059.2,364944,5052,12.71,90.3,1490,2.53,1.16,31.1,44.2,65,26.51,12233778,72915,79.47,3431.75,0,1200,400,720,240,4200,7500,8500,102,1.5,6000,0,0,0,0,0,85.09,30,78.8,75.35,42.8,0,0
2026-08-30T14:44:32.923000+09:00,2026-08-30T05:44:32.923000+00:00,094623,1857.1,1,0,0,0,0,13435,496,13435,0,0,0,0,4651,-28608,10326,6,4480,0,129,0,0,0,0,0,0,0,0,0,31082107,2018,0.44,886.56,2743.61,0,58.2,98,68.4,39.5,67.9,534.7,45.8,605.4,157.9,158.9,1019.7,364944,5052,12.85,89.8,1490,2.53,1.15,30.6,45.2,65,26.53,12233782,72915,79.79,3431.75,0,1200,400,720,240,4200,7500,8500,102,1.5,6000,0,0,0,0,0,85.64,30,79.01,73.83,42.8,0,0
2026-08-30T14:45:33.008000+09:00,2026-08-30T05:45:33.008000+00:00,094623,2047.8,1,0,0,0,0,13435,496,13435,0,0,0,0,4655,-28608,10390,6,20864,0,129,0,0,0,0,0,0,0,0,0,31082107,2018,0.46,1109.96,3157.75,0,58.3,98.1,68.3,39.5,67.8,530.4,46.1,604.4,158.4,159.4,1017.3,364944,5052,12.85,90.1,1500,2.53,1.16,31.6,43.3,65,26.5,12233787,72915,78.65,3431.75,0,1200,400,720,240,4200,7500,8500,102,1.5,6000,0,0,0,0,0,85.87,30,79.4,74.62,42.8,0,0
2026-08-30T14:46:33.113000+09:00,2026-08-30T05:46:33.113000+00:00,094623,2195.5,1,0,0,0,0,13435,498,13435,0,0,0,0,4655,-28608,10326,590,4480,8192,129,0,0,0,0,0,0,0,0,0,31082107,2018,0.47,1223.49,3418.99,0,58.3,98.6,68.2,39.5,68,526.8,45.6,605.8,161.6,162.5,1020.2,364944,5052,12.74,90,1500,2.54,1.15,31.7,41.2,65,26.39,12233791,72915,78.45,3431.75,0,1200,400,720,240,4200,7500,8500,102,1.5,6000,0,0,0,0,0,85.96,30,81.52,74.31,42.9,0,0
2026-08-30T14:47:33.215000+09:00,2026-08-30T05:47:33.215000+00:00,094623,2077.1,1,0,0,0,0,13435,497,13435,0,0,0,0,4655,-28608,8214,590,20864,8192,129,0,0,0,0,0,0,0,0,0,31082107,2018,0.41,1063.57,3140.66,0,58.2,97.8,68.4,39.5,68.1,530.7,45.5,606.1,161.4,163.1,1027.5,364945,5053,12.44,89.8,1510,2.55,1.13,31.1,42.2,65,26.12,12233796,72915,80.51,3431.75,0,1200,400,720,240,4200,7500,8500,102,1.5,6000,0,0,0,0,0,86.96,30,79.49,73.44,42.8,0,0
2026-08-30T14:48:33.297000+09:00,2026-08-30T05:48:33.297000+00:00,094623,2040.5,1,0,0,0,0,13435,496,13435,0,0,0,0,4651,-28608,10326,6,4480,0,129,0,0,0,0,0,0,0,0,0,31082107,2018,0.41,1033.05,3073.52,0,58.2,97.3,68.3,39.5,68,532.2,45.1,606.6,159.6,161.1,1113.4,364945,5053,12.81,89.8,1500,2.54,1.16,31.3,43.6,65,26.51,12233800,72915,78.59,3431.75,0,1200,400,720,240,4200,7500,8500,102,1.5,6000,0,0,0,0,0,87.18,30,77.26,73.04,42.9,0,0
2026-08-30T14:49:33.375000+09:00,2026-08-30T05:49:33.375000+00:00,094623,2091.7,1,0,0,0,0,13435,497,13435,0,0,0,0,4655,-28608,10342,6,12676,0,129,0,0,0,0,0,0,0,0,0,31082107,2018,0.42,1056.25,3147.98,0,58.1,97.3,68,39.5,67.9,531.2,45.2,604.6,159.7,161.2,1099.7,364945,5053,12.86,90.1,1510,2.53,1.15,31.4,43.2,65,26.63,12233804,72915,78.16,3431.76,0,1200,400,720,240,4200,7500,8500,102,1.5,6000,0,0,0,0,0,86.52,30,76.1,73.95,42.9,0,0
2026-08-30T14:50:33.478000+09:00,2026-08-30T05:50:33.478000+00:00,094623,2160.1,1,0,0,0,0,13435,497,13435,0,0,0,0,4655,-28608,10326,6,4480,0,129,0,0,0,0,0,0,0,0,0,31082107,2018,0.46,1177.1,3337.2,0,58.1,98.1,67.8,39.5,67.9,529.3,45.4,603.4,161.3,162.8,1049.9,364945,5053,12.82,90.5,1500,2.55,1.16,31.8,42.2,65,26.63,12233809,72915,77.91,3431.76,0,1200,400,720,240,4200,7500,8500,102,1.5,6000,0,0,0,0,0,85.73,30,78.01,75.43,42.9,0,0
2026-08-30T14:51:33.578000+09:00,2026-08-30T05:51:33.578000+00:00,094623,2191.8,1,0,0,0,0,13435,496,13435,0,0,0,0,4655,-28608,10326,518,4480,0,129,0,0,0,0,0,0,0,0,0,31082107,2018,0.46,1125.83,3317.67,0,58.1,98.7,67.8,39.5,68.1,528.5,45.3,603.5,163.5,165.1,1037.2,364945,5053,12.64,90.2,1500,2.54,1.14,31.5,41.6,65,26.62,12233813,72915,78.73,3431.76,0,1200,400,720,240,4200,7500,8500,102,1.5,6000,0,0,0,0,0,85.37,30,80.49,74.96,42.9,0,0
2026-08-30T14:52:33.668000+09:00,2026-08-30T05:52:33.668000+00:00,094623,2044.1,1,0,0,0,0,13435,497,13435,0,0,0,0,4651,-28608,2134,518,4480,528,129,0,0,0,0,0,0,0,0,0,31082107,2018,0.46,1149.02,3193.15,0,58.1,98.5,67.9,39.5,68.1,532.2,45.8,602.1,161,162.8,1046.3,364945,5053,12.65,90.1,1500,2.54,1.15,30.9,42.4,65,26.35,12233818,72915,78.32,3431.76,0,1200,400,720,240,4200,7500,8500,102,1.5,6000,0,0,0,0,0,85.53,30,81.03,74.78,42.9,0,0
2026-08-30T14:53:33.757000+09:00,2026-08-30T05:53:33.757000+00:00,094623,2234.6,1,0,0,0,0,13435,496,13435,0,0,0,0,4655,-28608,10326,6,4480,0,129,0,0,0,0,0,0,0,0,0,31082107,2018,0.42,1127.05,3361.61,0,58.2,97.6,67.8,39.5,68,529.8,45.6,602.6,162.3,163.7,1047.4,364946,5054,12.9,89.9,1500,2.55,1.15,31.7,41.8,65,26.66,12233822,72915,77.91,3431.76,0,1200,400,720,240,4200,7500,8500,102,1.5,6000,0,0,0,0,0,84.92,30,78.25,74.04,42.9,0,0
2026-08-30T14:54:33.858000+09:00,2026-08-30T05:54:33.858000+00:00,094623,2123.5,1,0,0,0,0,13435,496,13435,0,0,0,0,4651,-28608,10326,6,4480,0,129,0,0,0,0,0,0,0,0,0,31082107,2018,0.41,1075.78,3199.25,0,58.2,97.4,67.8,39.4,68.1,530.8,46.1,603,162.9,164.6,1036.3,364946,5054,12.71,89.9,1500,2.52,1.15,31.2,42.4,65,26.63,12233827,72915,78.39,3431.76,0,1200,400,720,240,4200,7500,8500,102,1.5,6000,0,0,0,0,0,84.62,30,76.89,73.8,43,0,0
2026-08-30T14:55:33.953000+09:00,2026-08-30T05:55:33.953000+00:00,094623,2123.5,1,0,0,0,0,13435,495,13435,0,0,0,0,4655,-28608,10326,590,4480,8200,129,0,0,0,0,0,0,0,0,0,31082107,2018,0.41,1053.8,3177.28,0,58.2,97.3,67.9,39.4,68,531.7,45.5,601.8,162.4,164.3,1044.5,364946,5054,12.69,90.2,1500,2.52,1.15,31.2,42.6,65,26.62,12233831,72915,79.27,3431.76,0,1200,400,720,240,4200,7500,8500,102,1.5,6000,0,0,0,0,0,84.68,30,75.51,74.61,42.9,0,0
2026-08-30T14:56:34.060000+09:00,2026-08-30T05:56:34.060000+00:00,094623,2089.3,1,0,0,0,0,13435,497,13435,0,0,0,0,4651,-28608,10326,6,4480,0,129,0,0,0,0,0,0,0,0,0,31082107,2018,0.46,1074.56,3163.85,0,58.2,98.2,67.8,39.4,68,532.3,45.5,602,161.4,163.3,1063.8,364946,5054,12.65,90.5,1510,2.53,1.15,31.1,43,65,26.69,12233835,72915,77.71,3431.76,0,1200,400,720,240,4200,7500,8500,102,1.5,6000,0,0,0,0,0,84.36,30,77.99,76.23,43,0,0
2026-08-30T14:57:34.158000+09:00,2026-08-30T05:57:34.158000+00:00,094623,2172.3,1,0,0,0,0,13435,494,13435,0,0,0,0,4651,-28608,18518,6,4480,528,129,0,0,0,0,0,0,0,0,0,31082107,2018,0.46,1129.49,3301.8,0,58.2,99.2,67.8,39.3,67.9,531.8,45.2,602.1,161.5,163.4,1046.2,364946,5054,12.76,89.2,1500,2.54,1.15,31.4,42.3,65,26.38,12233840,72915,81.06,3431.77,0,1200,400,720,240,4200,7500,8500,102,1.5,6000,0,0,0,0,0,83.96,30,81.82,72.57,43,0,0
2026-08-30T14:58:34.251000+09:00,2026-08-30T05:58:34.251000+00:00,094623,2151.6,1,0,0,0,0,13435,495,13435,0,0,0,0,4651,-28608,10326,6,4480,0,129,0,0,0,0,0,0,0,0,0,31082107,2018,0.4,1106.3,3257.85,0,58.3,97.5,67.9,39.3,67.9,531.7,45,603.4,161.8,163.4,1068.8,364946,5054,12.75,89.8,1490,2.53,1.15,31.2,42.3,65,26.59,12233844,72915,78.45,3431.77,0,1200,400,720,240,4200,7500,8500,102,1.5,6000,0,0,0,0,0,83.99,30,77.54,73.59,43,0,0
2026-08-30T14:59:34.332000+09:00,2026-08-30T05:59:34.332000+00:00,094623,2111.3,1,0,0,0,0,13435,495,13435,0,0,0,0,4651,-28608,10326,6,4480,0,129,0,0,0,0,0,0,0,0,0,31082107,2018,0.41,1040.38,3151.65,0,58.2,97.3,67.9,39.4,67.9,533,44.6,603.1,161.5,163.4,1019.8,364947,5055,12.71,90.2,1500,2.53,1.15,31,42.8,65,26.75,12233849,72915,78.18,3431.77,0,1200,400,720,240,4200,7500,8500,102,1.5,6000,0,0,0,0,0,83.89,30,75.64,75.33,43,0,0
2026-08-30T15:00:34.438000+09:00,2026-08-30T06:00:34.438000+00:00,094623,2224.8,1,0,0,0,0,13435,497,13435,0,0,0,0,4651,-28608,12374,518,4512,72,129,0,0,0,0,0,0,0,0,0,31082107,2018,0.45,1128.27,3353.07,0,58.2,98.6,67.9,39.3,67.9,531.6,47.3,601.8,161.3,162.8,1037.6,364947,5055,12.36,89.5,1500,2.54,1.16,31.6,42.4,65,26.22,12233853,72915,80.75,3431.77,0,1200,400,720,240,4200,7500,8500,102,1.5,6000,0,0,0,0,0,83.8,30,79.6,73.1,43,0,0
2026-08-30T15:01:34.541000+09:00,2026-08-30T06:01:34.541000+00:00,094623,2238.2,1,0,0,0,0,13435,496,13435,0,0,0,0,4655,-28608,10326,6,4480,0,129,0,0,0,0,0,0,0,0,0,31082107,2018,0.44,1079.44,3317.67,0,58.2,98.6,67.9,39.3,68,530.3,46.5,603.8,161.9,163.4,1099,364947,5055,12.76,89.7,1500,2.54,1.14,31.2,41.8,65,26.45,12233857,72915,79.55,3431.77,0,1200,400,720,240,4200,7500,8500,102,1.5,6000,0,0,0,0,0,83.59,30,80.82,72.98,43,0,0
2026-08-30T15:02:34.647000+09:00,2026-08-30T06:02:34.647000+00:00,094623,2227.2,1,0,0,0,0,13435,498,13435,0,0,0,0,4655,-28608,18518,590,4480,8720,129,0,0,0,0,0,0,0,0,0,31082107,2018,0.43,1019.62,3246.86,0,58.2,97.6,68,39.3,68,530.7,46.1,603.5,161.8,162.9,1063.6,364947,5055,12.81,89.9,1500,2.54,1.14,31.3,42.3,65,25.88,12233862,72915,78.32,3431.77,0,1200,400,720,240,4200,7500,8500,102,1.5,6000,0,0,0,0,0,83.97,30,77.93,73.31,43.1,0,0
2026-08-30T15:03:34.743000+09:00,2026-08-30T06:03:34.743000+00:00,094623,2238.2,1,0,0,0,0,13435,494,13435,0,0,0,0,4655,-28608,10326,6,4480,0,129,0,0,0,0,0,0,0,0,0,31082107,2018,0.43,1150.24,3388.47,0,58.2,97.4,68.1,39.3,68,530,45.7,603.1,161.2,162.1,1088.6,364947,5055,12.74,89.7,1490,2.52,1.16,31.8,42.3,65,26.61,12233866,72915,78.18,3431.77,0,1200,400,720,240,4200,7500,8500,102,1.5,6000,0,0,0,0,0,84.19,30,76.34,72.16,43.1,0,0
2026-08-30T15:04:34.846000+09:00,2026-08-30T06:04:34.846000+00:00,094623,2107.6,1,0,0,0,0,13435,496,13435,0,0,0,0,4655,-28608,10390,518,20864,0,129,0,0,0,0,0,0,0,0,0,31082107,2018,0.45,967.13,3074.74,0,58.2,97.9,68.1,39.3,68,533.2,45.6,603.4,160.2,161.8,1042.8,364947,5055,12.23,89.9,1500,2.53,1.14,30.6,42.6,65,25.93,12233871,72915,78.93,3431.78,0,1200,400,720,240,4200,7500,8500,102,1.5,6000,0,0,0,0,0,84.4,30,77.22,72.63,43.1,0,0
2026-08-30T15:05:34.941000+09:00,2026-08-30T06:05:34.941000+00:00,094623,2227.2,1,0,0,0,0,13435,496,13435,0,0,0,0,4651,-28608,12374,6,4512,72,129,0,0,0,0,0,0,0,0,0,31082107,2018,0.47,1052.58,3279.82,0,58.2,98.4,67.9,39.2,67.9,532,45.4,603.6,159.7,161.9,1054.5,364948,5056,12.75,90.2,1500,2.54,1.15,31.3,42.4,65,26.6,12233875,72915,79.03,3431.78,0,1200,400,720,240,4200,7500,8500,102,1.5,6000,0,0,0,0,0,83.8,30,78.96,73.48,43.1,0,0
2026-08-30T15:06:35.042000+09:00,2026-08-30T06:06:35.042000+00:00,094623,2329.8,1,0,0,0,0,13435,498,13435,0,0,0,0,4655,-28608,10342,6,12676,0,129,0,0,0,0,0,0,0,0,0,31082107,2018,0.49,1084.32,3414.11,0,58.3,98.8,67.9,39.2,68,529.9,45.8,606,160.1,161.9,1046.2,364948,5056,12.67,90,1510,2.54,1.14,31.3,41.3,65,26.58,12233880,72915,79.41,3431.78,0,1200,400,720,240,4200,7500,8500,102,1.5,6000,0,0,0,0,0,83.65,30,81.07,73.11,43.1,0,0
2026-08-30T15:07:35.125000+09:00,2026-08-30T06:07:35.125000+00:00,094623,2344.4,1,0,0,0,0,13435,497,13435,0,0,0,0,4651,-28608,18518,6,4480,528,129,0,0,0,0,0,0,0,0,0,31082107,2018,0.46,1163.67,3508.1,0,58.3,98.4,68.1,39.2,68,529.2,46.1,608.6,160.7,162.1,1070.3,364948,5056,12.69,90,1500,2.53,1.15,31.8,41.4,65,26.55,12233884,72915,79.75,3431.78,0,1200,400,720,240,4200,7500,8500,102,1.5,6000,0,0,0,0,0,84.21,30,80.99,73.31,43.1,0,0
2026-08-30T15:08:35.238000+09:00,2026-08-30T06:08:35.238000+00:00,094623,2190.6,1,0,0,0,0,13435,495,13435,0,0,0,0,4651,-28608,10326,6,4480,0,129,0,0,0,0,0,0,0,0,0,31082107,2018,0.42,1012.3,3202.92,0,58.3,97.7,68.2,39.3,68.1,532.3,46.1,608.5,161,162.1,1026.5,364948,5056,12.76,90.2,1500,2.53,1.14,30.9,42.4,65,26.51,12233889,72915,79.4,3431.78,0,1200,400,720,240,4200,7500,8500,102,1.5,6000,0,0,0,0,0,84.65,30,78.88,73.88,43.2,0,0
2026-08-30T15:09:35.326000+09:00,2026-08-30T06:09:35.326000+00:00,094623,2144.2,1,0,0,0,0,13435,496,13435,0,0,0,0,4651,-28608,10326,6,4480,0,129,0,0,0,0,0,0,0,0,0,31082107,2018,0.4,993.99,3138.22,0,58.4,97.1,68.2,39.3,68,534.3,45.8,605.6,159.6,159.6,1031,364948,5056,12.64,91,1500,2.53,1.15,31,43.3,65,26.52,12233893,72915,79.48,3431.78,0,1200,400,720,240,4200,7500,8500,102,1.5,6000,0,0,0,0,0,85,30,76.24,77.43,43.2,0,0
2026-08-30T15:10:35.412000+09:00,2026-08-30T06:10:35.412000+00:00,094623,2234.6,1,0,0,0,0,13435,497,13435,0,0,0,0,4655,-28608,12374,6,4512,72,129,0,0,0,0,0,0,0,0,0,31082107,2018,0.45,1025.73,3260.29,0,58.4,98.2,68.2,39.3,67.9,532.8,45.3,604.4,160.7,160.2,1082.7,364948,5056,12.73,90,1500,2.54,1.15,31.3,42.8,65,26.36,12233897,72915,79.47,3431.78,0,1200,400,720,240,4200,7500,8500,102,1.5,6000,0,0,0,0,0,85.3,30,78.74,74.77,43.2,0,0
2026-08-30T15:11:35.507000+09:00,2026-08-30T06:11:35.507000+00:00,094623,2283.4,1,0,0,0,0,13435,494,13435,0,0,0,0,4651,-28608,10326,6,4480,0,129,0,0,0,0,0,0,0,0,0,31082107,2018,0.45,1080.66,3364.06,0,58.4,98.9,68.2,39.3,68,530.7,45.3,605.6,161.3,161.1,1063.3,364949,5057,12.74,89.6,1490,2.55,1.15,31.3,41.9,65,26.62,12233902,72915,79.38,3431.78,0,1200,400,720,240,4200,7500,8500,102,1.5,6000,0,0,0,0,0,85.47,30,81.9,72.82,43.2,0,0
2026-08-30T15:12:35.610000+09:00,2026-08-30T06:12:35.610000+00:00,094623,2295.6,1,0,0,0,0,13435,495,13435,0,0,0,0,4651,-28608,18518,6,4480,528,129,0,0,0,0,0,0,0,0,0,31082107,2018,0.44,1114.84,3410.44,0,58.4,97.8,68.2,39.3,68,531,45.9,605.2,161.6,161.8,1039.9,364949,5057,12.79,89.8,1500,2.53,1.15,31.4,41.7,65,26.54,12233906,72915,79.28,3431.79,0,1200,400,720,240,4200,7500,8500,102,1.5,6000,0,0,0,0,0,85.83,30,79.11,73.12,43.2,0,0
2026-08-30T15:13:35.706000+09:00,2026-08-30T06:13:35.706000+00:00,094623,2350.5,1,0,0,0,0,13435,496,13435,0,0,0,0,4651,-28608,10326,6,4480,0,129,0,0,0,0,0,0,0,0,0,31082107,2018,0.43,1155.13,3505.66,0,58.4,97.6,68.2,39.3,68,530.3,45.6,605.3,162.3,162.4,1088.8,364949,5057,12.36,89.8,1500,2.52,1.15,31.7,41.5,65,26.61,12233910,72915,79.54,3431.79,0,1200,400,720,240,4200,7500,8500,102,1.5,6000,0,0,0,0,0,86.18,30,78.07,72.92,43.2,0,0
2026-08-30T15:14:35.805000+09:00,2026-08-30T06:14:35.805000+00:00,094623,2322.5,1,0,0,0,0,13435,496,13435,0,0,0,0,4651,-28608,10326,6,4480,0,129,0,0,0,0,0,0,0,0,0,31082107,2018,0.42,1094.09,3416.55,0,58.4,97.6,68.2,39.4,68.1,530.7,45.2,605.5,163.2,164,1055.1,364949,5057,12.35,90,1500,2.54,1.15,31.3,41.4,65,26.6,12233915,72915,79.51,3431.79,0,1200,400,720,240,4200,7500,8500,102,1.5,6000,0,0,0,0,0,86.39,30,77.27,73.2,43.2,0,0
2026-08-30T15:15:35.965000+09:00,2026-08-30T06:15:35.965000+00:00,094623,2272.4,1,0,0,0,0,13435,495,13435,0,0,0,0,4655,-28608,12374,6,4512,72,129,0,0,0,0,0,0,0,0,0,31082107,2018,0.42,1130.71,3403.12,0,58.4,97.5,68.2,39.3,68.1,531.1,45,604.4,162.2,163.2,1073.2,364949,5057,12.65,90.5,1490,2.52,1.15,31.3,41.9,65,26.35,12233919,72915,77.88,3431.79,0,1200,400,720,240,4200,7500,8500,102,1.5,6000,0,0,0,0,0,86.68,30,76.22,75.04,43.2,0,0
2026-08-30T15:16:36.108000+09:00,2026-08-30T06:16:36.108000+00:00,094623,2344.4,1,0,0,0,0,13435,497,13435,0,0,0,0,4655,-28608,10326,6,4480,0,129,0,0,0,0,0,0,0,0,0,31082107,2018,0.44,1120.94,3465.38,0,58.4,97.7,68.1,39.4,68.1,530.3,45.9,604.4,162.5,163.5,1041.5,364949,5057,12.84,90.4,1500,2.54,1.14,31.2,41,65,26.71,12233924,72915,79.13,3431.79,0,1200,400,720,240,4200,7500,8500,102,1.5,6000,0,0,0,0,0,86.6,30,76.3,75.58,43.3,0,0
2026-08-30T15:17:36.172000+09:00,2026-08-30T06:17:36.172000+00:00,094623,2317.6,1,0,0,0,0,13435,495,13435,0,0,0,0,4651,-28608,10326,6,4480,0,129,0,0,0,0,0,0,0,0,0,31082107,2018,0.45,1028.17,3345.74,0,58.4,98,68.1,39.4,68.1,531,46.4,602.9,162.6,163.4,1034.2,364950,5058,12.74,90.2,1490,2.54,1.14,31.2,41.6,65,26.37,12233928,72915,77.87,3431.79,0,1200,400,720,240,4200,7500,8500,102,1.5,6000,0,0,0,0,0,86.64,30,76.93,75.36,43.2,0,0
2026-08-30T15:18:36.258000+09:00,2026-08-30T06:18:36.258000+00:00,094623,2396.9,1,0,0,0,0,13435,494,13435,0,0,0,0,4655,-26560,10326,6,4480,0,129,0,0,0,0,0,0,0,0,0,31082107,2018,0.46,1184.42,3581.35,0,58.5,98.2,68.1,39.4,68.1,530.5,46.1,602.9,162.8,163.7,1032.6,364950,5058,12.4,89.9,1500,2.51,1.15,31.7,40.9,65,26.45,12233933,72915,78.75,3431.79,0,1200,400,720,240,4200,7500,8500,102,1.5,6000,0,0,0,0,0,86.82,30,77.69,74.56,43.3,0,0
2026-08-30T15:19:36.349000+09:00,2026-08-30T06:19:36.349000+00:00,094623,2304.2,1,0,0,0,0,13435,495,13435,0,0,0,0,4651,-28608,10326,6,4480,0,129,0,0,0,0,0,0,0,0,0,31082107,2018,0.47,1019.62,3323.77,0,58.6,98.5,68.2,39.4,68.2,531.8,46,603.1,163.3,164.5,1102.6,364950,5058,12.68,89.9,1490,2.51,1.15,31.2,41.8,65,26.34,12233937,72915,78.51,3431.8,0,1200,400,720,240,4200,7500,8500,102,1.5,6000,0,0,0,0,0,87.37,30,79.16,74.51,43.3,0,0
2026-08-30T15:20:36.470000+09:00,2026-08-30T06:20:36.470000+00:00,094623,2326.1,1,0,0,0,0,13435,497,13435,0,0,0,0,4651,-28608,12374,6,4512,8,129,0,0,0,0,0,0,0,0,0,31082107,2018,0.47,1059.91,3386.03,0,58.7,98.6,68.2,39.4,68.2,531.8,44.7,602,163,164.4,1044.4,364950,5058,12.61,90,1500,2.54,1.14,31.2,41.7,65,26.4,12233941,72915,79.26,3431.8,0,1200,400,720,240,4200,7500,8500,102,1.5,6000,0,0,0,0,0,87.73,30,80.34,74.76,43.3,0,0
2026-08-30T15:21:36.553000+09:00,2026-08-30T06:21:36.553000+00:00,094623,2188.2,1,0,0,0,0,13435,495,13435,0,0,0,0,4651,-28608,10390,6,4480,0,129,0,0,0,0,0,0,0,0,0,31082107,2018,0.48,924.41,3112.58,0,58.7,98.7,68.2,39.4,68.2,535,44.9,600.2,160.9,162.2,1018.1,364950,5058,12.9,90.4,1500,2.52,1.15,30.9,43.3,65,26.58,12233946,72915,79.09,3431.8,0,1200,400,720,240,4200,7500,8500,102,1.5,6000,0,0,0,0,0,88,30,81.62,76,43.3,0,0
2026-08-30T15:22:36.646000+09:00,2026-08-30T06:22:36.646000+00:00,094623,2343.2,1,0,0,0,0,13435,497,13435,0,0,0,0,4655,-28608,10326,590,4480,8192,129,0,0,0,0,0,0,0,0,0,31082107,2018,0.46,1106.3,3449.51,0,58.7,98.7,68.1,39.5,68.1,531.3,45.3,600.6,161.8,162.8,1033.4,364950,5058,12.44,90.5,1500,2.54,1.16,31.6,42,65,26.58,12233950,72915,78.28,3431.8,0,1200,400,720,240,4200,7500,8500,102,1.5,6000,0,0,0,0,0,87.98,30,82.72,76.88,43.3,0,0
2026-08-30T15:23:36.753000+09:00,2026-08-30T06:23:36.753000+00:00,094623,2466.5,1,0,0,0,0,13435,497,13435,0,0,0,0,4655,-28608,10390,590,20864,8192,129,0,0,0,0,0,0,0,0,0,31082107,2018,0.43,1122.17,3588.67,0,58.7,98.1,68.1,39.6,68.2,529.3,46,601,163.5,164.6,1037.8,364951,5059,12.33,90,1500,2.54,1.14,31.5,40.4,65,26.76,12233955,72915,81.22,3431.8,0,1200,400,720,240,4200,7500,8500,102,1.5,6000,0,0,0,0,0,88.06,30,81.4,76.09,43.3,0,0
2026-08-30T15:24:36.887000+09:00,2026-08-30T06:24:36.887000+00:00,094623,2344.4,1,0,0,0,0,13435,496,13435,0,0,0,0,4655,-28608,10326,6,4480,0,129,0,0,0,0,0,0,0,0,0,31082107,2018,0.42,1211.28,3555.71,0,58.7,98,68.3,39.6,68.3,531.1,46.4,601.9,163,164.3,1038.1,364951,5059,12.44,89.2,1500,2.54,1.15,31.3,40.8,65,26.62,12233959,72915,80.5,3431.8,0,1200,400,720,240,4200,7500,8500,102,1.5,6000,0,0,0,0,0,88.91,30,81.23,73.01,43.4,0,0
2026-08-30T15:25:36.948000+09:00,2026-08-30T06:25:36.948000+00:00,094623,2274.8,1,0,0,0,0,13435,497,13435,0,0,0,0,4651,-28608,18534,6,12676,528,129,0,0,0,0,0,0,0,0,0,31082107,2018,0.41,959.81,3234.66,0,58.6,97.2,68.1,39.6,68.3,533.9,45.6,600.8,161.1,163.1,1015.7,364951,5059,12.85,90.6,1500,2.54,1.14,30.9,42.3,65,26.28,12233963,72915,78.38,3431.8,0,1200,400,720,240,4200,7500,8500,102,1.5,6000,0,0,0,0,0,88.59,30,78.3,76.75,43.4,0,0
2026-08-30T15:26:37.031000+09:00,2026-08-30T06:26:37.031000+00:00,094623,2251.7,1,0,0,0,0,13435,497,13435,0,0,0,0,4651,-28608,10326,6,4480,0,129,0,0,0,0,0,0,0,0,0,31082107,2018,0.41,1033.05,3284.71,0,58.7,97.3,68.1,39.6,68.2,533.5,45.9,600.6,160,161.8,1013.4,364951,5059,12.87,90.3,1500,2.52,1.15,31,42.4,65,26.67,12233968,72915,79.16,3431.8,0,1200,400,720,240,4200,7500,8500,102,1.5,6000,0,0,0,0,0,88.73,30,77.12,76.77,43.3,0,0
2026-08-30T15:27:37.137000+09:00,2026-08-30T06:27:37.137000+00:00,094623,2523.9,1,0,0,0,0,13436,498,13436,0,0,0,0,4651,-28608,10326,518,4480,0,129,0,0,0,0,0,0,0,0,0,31082107,2018,0.45,1181.98,3705.86,0,58.7,98.5,68,39.6,68.2,529.5,45.4,601.9,162.1,164,1026.4,364951,5059,12.46,89.7,1510,2.54,1.16,32.1,40.9,65,25.99,12233972,72915,80.22,3431.81,0,1200,400,720,240,4200,7500,8500,102,1.5,6000,0,0,0,0,0,88.52,30,80.64,74.97,43.4,0,0
2026-08-30T15:28:37.224000+09:00,2026-08-30T06:28:37.224000+00:00,094623,2470.2,1,0,0,0,0,13436,498,13436,0,0,0,0,4651,-28608,10326,6,4480,0,129,0,0,0,0,0,0,0,0,0,31082107,2018,0.45,1210.06,3680.23,0,58.7,98.8,68.1,39.5,68.3,528,45.5,602.4,163,164.9,1038.2,364951,5059,12.69,89.3,1500,2.54,1.14,31.5,40.2,65,26.59,12233977,72915,78.99,3431.81,0,1200,400,720,240,4200,7500,8500,102,1.5,6000,0,0,0,0,0,88.87,30,82.79,72.74,43.4,0,0
2026-08-30T15:29:37.319000+09:00,2026-08-30T06:29:37.319000+00:00,094623,2383.5,1,0,0,0,0,13436,496,13436,0,0,0,0,4651,-28608,10326,6,4480,0,129,0,0,0,0,0,0,0,0,0,31082107,2018,0.42,1096.53,3480.03,0,58.7,97.7,68.1,39.5,68.4,531.6,45,602.8,162.1,164.2,1054.2,364952,5060,12.74,89.6,1500,2.52,1.14,31.2,41.2,65,26.67,12233981,72915,76.97,3431.81,0,1200,400,720,240,4200,7500,8500,102,1.5,6000,0,0,0,0,0,89.06,30,79.71,72.63,43.4,0,0
2026-08-30T15:30:37.410000+09:00,2026-08-30T06:30:37.410000+00:00,094623,2406.7,1,0,0,0,0,13436,493,13436,0,0,0,0,4651,-28608,18518,6,4480,528,129,0,0,0,0,0,0,0,0,0,31082107,2018,0.42,1122.17,3528.85,0,58.7,97.4,68,39.5,68.3,531,45.2,603.5,161.8,163.5,1051.3,364952,5060,12.71,90.2,1490,2.51,1.16,31.9,41.8,65,26.38,12233985,72915,78.89,3431.81,0,1200,400,720,240,4200,7500,8500,102,1.5,6000,0,0,0,0,0,88.72,30,77.97,73.96,43.4,0,0
2026-08-30T15:31:37.510000+09:00,2026-08-30T06:31:37.510000+00:00,094623,2331.0,1,0,0,0,0,13436,498,13436,0,0,0,0,4651,-26560,10326,6,4480,0,129,0,0,0,0,0,0,0,0,0,31082107,2018,0.42,1013.52,3344.52,0,58.7,97.5,67.9,39.6,68.3,532.5,45,602.8,161.7,163.6,1032.9,364952,5060,12.42,90.7,1510,2.54,1.15,31,42.1,65,26.65,12233990,72915,79.22,3431.81,0,1200,400,720,240,4200,7500,8500,102,1.5,6000,0,0,0,0,0,88.48,30,77.48,77.02,43.5,0,0
2026-08-30T15:32:37.621000+09:00,2026-08-30T06:32:37.621000+00:00,094623,2306.6,1,0,0,0,0,13436,494,13436,0,0,0,0,4651,-28608,10326,6,4480,0,129,0,0,0,0,0,0,0,0,0,31082107,2018,0.44,1041.6,3348.19,0,58.7,98.2,67.9,39.6,68.2,532.8,45.3,601.9,160.7,162.5,1073.4,364952,5060,12.41,89.8,1490,2.53,1.16,31.3,42.6,65,26.41,12233994,72915,78.85,3431.81,0,1200,400,720,240,4200,7500,8500,102,1.5,6000,0,0,0,0,0,88.16,30,79.24,74.43,43.5,0,0
2026-08-30T15:33:37.720000+09:00,2026-08-30T06:33:37.720000+00:00,094623,2376.2,1,0,0,0,0,13436,498,13436,0,0,0,0,4651,-28608,12374,6,4512,72,129,0,0,0,0,0,0,0,0,0,31082107,2018,0.45,1075.78,3451.95,0,58.6,98.4,67.9,39.6,68.2,531.2,45.3,602,161.5,163.5,1029.3,364952,5060,12.57,89.6,1510,2.52,1.15,31.3,41.7,65,26.64,12233999,72915,78.17,3431.81,0,1200,400,720,240,4200,7500,8500,102,1.5,6000,0,0,0,0,0,88.19,30,80.69,73.29,43.4,0,0
2026-08-30T15:34:37.811000+09:00,2026-08-30T06:34:37.811000+00:00,094623,2549.5,1,0,0,0,0,13436,497,13436,0,0,0,0,4651,-28608,10326,518,4480,0,129,0,0,0,0,0,0,0,0,0,31082107,2018,0.45,1267.43,3816.95,0,58.6,98.1,67.8,39.6,68.2,528.1,45.8,600.8,162.9,164.1,1057.7,364952,5060,12.42,90.3,1500,2.53,1.15,32,40.2,65,26.2,12234003,72915,78.72,3431.82,0,1200,400,720,240,4200,7500,8500,102,1.5,6000,0,0,0,0,0,87.59,30,80.09,75.25,43.5,0,0
2026-08-30T15:35:37.908000+09:00,2026-08-30T06:35:37.908000+00:00,094623,1348.0,1,0,0,0,0,13436,447,13436,0,0,0,0,4655,-28608,18518,6,4992,528,129,0,0,0,0,0,0,0,0,0,31082107,2018,0.39,764.49,2112.49,0,58.4,97.2,67.7,39.7,68,531.4,45.9,591.6,152.5,153.5,1027.9,364953,5061,12.75,90.6,1410,2.35,1.33,26.5,40.1,65,11.28,12234006,72915,74.33,3431.82,0,1200,400,720,240,4200,7500,8500,102,1.5,6000,0,0,0,0,0,76.76,30,67.07,66.71,43.5,0,0
2026-08-30T15:36:38.022000+09:00,2026-08-30T06:36:38.022000+00:00,094623,1013.5,1,0,0,0,0,13436,478,13436,0,0,0,0,4651,-28608,10326,6,4992,0,129,0,0,0,0,0,0,0,0,0,31082107,2018,0.35,587.48,1601,0,58,96.7,67.5,39.7,67.3,527.1,46.2,586,144.8,144.1,1010.6,364953,5061,12.68,91.1,1340,2.44,1.81,26.1,44.3,65,11.34,12234008,72915,66.26,3431.82,0,1200,400,720,240,4200,7500,8500,102,1.5,6000,0,0,0,0,0,76.02,30,63.83,70.36,43.5,0,0
2026-08-30T15:37:38.114000+09:00,2026-08-30T06:37:38.114000+00:00,094623,1560.4,1,0,0,0,0,13436,496,13436,0,0,0,0,4651,-28608,10326,6,4480,0,129,0,0,0,0,0,0,0,0,0,31082107,2018,0.44,1083.1,2643.51,0,57.8,98.6,67.2,39.7,66.7,518.7,45.5,589.4,150.5,149.9,1018.6,364953,5061,12.71,89.2,1500,2.54,1.16,31.4,45.2,65,26.01,12234011,72915,70.15,3431.82,0,1200,400,720,240,4200,7500,8500,102,1.5,6000,0,0,0,0,0,83.56,30,78.51,73.97,43.5,0,0
2026-08-30T15:38:38.196000+09:00,2026-08-30T06:38:38.196000+00:00,094623,1544.5,1,0,0,0,0,13436,496,13436,0,0,0,0,4655,-26560,12374,6,4512,72,129,0,0,0,0,0,0,0,0,0,31082107,2018,0.42,1047.7,2592.24,0,57.7,98.2,67.3,39.7,67,527.8,45.8,594.4,156.7,157.1,1031.9,364953,5061,12.87,89.3,1500,2.55,1.16,31.2,46.2,65,25.92,12234015,72915,76.81,3431.82,0,1200,400,720,240,4200,7500,8500,102,1.5,6000,0,0,0,0,0,83.11,30,78.73,73.46,43.5,0,0
2026-08-30T15:39:38.300000+09:00,2026-08-30T06:39:38.300000+00:00,094623,1701.1,1,0,0,0,0,13436,495,13436,0,0,0,0,4651,-28608,10326,590,4480,8192,129,0,0,0,0,0,0,0,0,0,31082107,2018,0.43,1171,2872.1,0,57.6,97.5,67.5,39.7,67.2,525.4,45.9,597.7,160.3,160.8,1024.1,364953,5061,12.68,89.4,1500,2.53,1.16,31.6,44.3,65,25.96,12234020,72915,77.8,3431.82,0,1200,400,720,240,4200,7500,8500,102,1.5,6000,0,0,0,0,0,82.73,30,76.18,72.7,43.5,0,0
2026-08-30T15:40:38.401000+09:00,2026-08-30T06:40:38.401000+00:00,094623,1711.8,1,0,0,0,0,13436,495,13436,0,0,0,0,4655,-28608,18582,6,20864,528,129,0,0,0,0,0,0,0,0,0,31082107,2018,0.44,1140.48,2852.26,0,57.6,97.4,67.8,39.6,67.4,527.5,45.8,600.4,161.3,161.8,1050.2,364953,5061,12.63,89.4,1490,2.54,1.16,31.3,44.3,65,25.72,12234024,72915,78.36,3431.82,0,1200,400,720,240,4200,7500,8500,102,1.5,6000,0,0,0,0,0,83.14,30,75.11,71.82,43.5,0,0
2026-08-30T15:41:38.482000+09:00,2026-08-30T06:41:38.482000+00:00,094623,1698.4,1,0,0,0,0,13436,498,13436,0,0,0,0,4655,-28608,10326,6,4480,0,129,0,0,0,0,0,0,0,0,0,31082107,2018,0.44,1024.51,2722.86,0,57.7,97.5,68,39.7,67.5,530.7,45.2,601.1,160.7,161.1,1042.6,364954,5062,12.69,89.6,1510,2.55,1.15,31.2,45.6,65,26.56,12234029,72915,77.91,3431.82,0,1200,400,720,240,4200,7500,8500,102,1.5,6000,0,0,0,0,0,83.71,30,74.65,71.84,43.6,0,0
2026-08-30T15:42:38.595000+09:00,2026-08-30T06:42:38.595000+00:00,094623,1815.8,1,0,0,0,0,13436,497,13436,0,0,0,0,4651,-28608,10390,6,20864,0,129,0,0,0,0,0,0,0,0,0,31082107,2018,0.46,1072.12,2887.97,0,57.8,98,68,39.4,67.5,528.5,45.8,600.6,161.3,162.2,1042.2,364954,5062,12.86,89.8,1500,2.54,1.15,31.4,44.2,65,26.63,12234033,72915,77.22,3431.83,0,1200,400,720,240,4200,7500,8500,102,1.5,6000,0,0,0,0,0,83.59,30,75.73,71.98,43.6,0,0
2026-08-30T15:43:38.688000+09:00,2026-08-30T06:43:38.688000+00:00,094623,1831.7,1,0,0,0,0,13436,497,13436,0,0,0,0,4651,-28608,12374,590,4512,8264,129,0,0,0,0,0,0,0,0,0,31082107,2018,0.48,1123.39,2955.11,0,57.8,98.4,68.1,39.4,67.6,528.9,46.8,601.1,162.5,163.3,1099.8,364954,5062,12.4,89.9,1500,2.54,1.15,31.6,44.3,65,26.19,12234038,72915,77.21,3431.83,0,1200,400,720,240,4200,7500,8500,102,1.5,6000,0,0,0,0,0,83.91,30,77.28,72.12,43.6,0,0
2026-08-30T15:44:38.789000+09:00,2026-08-30T06:44:38.789000+00:00,094623,1884.2,1,0,0,0,0,13436,499,13436,0,0,0,0,4651,-28608,10342,6,12676,0,129,0,0,0,0,0,0,0,0,0,31082107,2018,0.49,1098.97,2983.18,0,58,98.7,68.2,39.6,67.7,529.2,45.8,602.2,163.8,164.4,1069.8,364954,5062,12.46,90.1,1510,2.54,1.14,31.2,43.6,65,26.35,12234042,72915,78.72,3431.83,0,1200,400,720,240,4200,7500,8500,102,1.5,6000,0,0,0,0,0,84.47,30,79.08,72.84,43.6,0,0
2026-08-30T15:45:38.875000+09:00,2026-08-30T06:45:38.875000+00:00,094623,1981.9,1,0,0,0,0,13436,497,13436,0,0,0,0,4651,-28608,18518,518,4480,0,129,0,0,0,0,0,0,0,0,0,31082107,2018,0.48,1228.37,3210.24,0,58,98.6,68.2,39.6,67.8,526.5,45.9,602.4,163.7,163.7,1047.1,364954,5062,12.73,90.5,1500,2.54,1.16,31.9,42.7,65,26.21,12234046,72915,79.1,3431.83,0,1200,400,720,240,4200,7500,8500,102,1.5,6000,0,0,0,0,0,84.68,30,79.92,74.46,43.5,0,0
2026-08-30T15:46:38.972000+09:00,2026-08-30T06:46:38.972000+00:00,094623,1917.2,1,0,0,0,0,13436,496,13436,0,0,0,0,4655,-28608,10326,590,4480,8192,129,0,0,0,0,0,0,0,0,0,31082107,2018,0.45,1177.1,3094.27,0,58.1,98.1,68.3,39.7,67.9,529.2,45.9,605.2,162.9,163.8,1057.5,364954,5062,12.82,90,1500,2.53,1.15,31.5,43.1,65,26.6,12234051,72915,78.02,3431.83,0,1200,400,720,240,4200,7500,8500,102,1.5,6000,0,0,0,0,0,85.35,30,78.92,73.44,43.6,0,0
2026-08-30T15:47:39.068000+09:00,2026-08-30T06:47:39.068000+00:00,094623,1972.1,1,0,0,0,0,13436,496,13436,0,0,0,0,4651,-28608,10326,6,4480,0,129,0,0,0,0,0,0,0,0,0,31082107,2018,0.46,1206.4,3178.5,0,58.2,98.1,68.2,39.7,68,528.7,45,603,162.9,163.9,1063.9,364955,5063,12.84,90.5,1500,2.54,1.15,31.7,42.9,65,26.56,12234055,72915,77.65,3431.83,0,1200,400,720,240,4200,7500,8500,102,1.5,6000,0,0,0,0,0,85.54,30,78.95,75.09,43.6,0,0
2026-08-30T15:48:39.174000+09:00,2026-08-30T06:48:39.174000+00:00,094623,1836.3,1,0,0,0,0,13436,496,13436,0,0,0,0,4651,-28608,12374,6,4512,8,129,0,0,0,0,0,0,0,0,0,31082107,2018,0.45,1006.2,2842.49,0,58.2,98.4,68.2,39.6,68,532.4,45,603.3,161.8,163,1037.2,364955,5063,12.71,90,1500,2.54,1.15,30.8,44.3,65,26.28,12234060,72915,80.16,3431.83,0,1200,400,720,240,4200,7500,8500,102,1.5,6000,0,0,0,0,0,85.81,30,80.13,74.09,43.6,0,0
2026-08-30T15:49:39.244000+09:00,2026-08-30T06:49:39.244000+00:00,094623,1879.3,1,0,0,0,0,13436,495,13436,0,0,0,0,4651,-28608,10326,6,4480,0,129,0,0,0,0,0,0,0,0,0,31082107,2018,0.46,1003.75,2883.08,0,58.3,98.4,68.2,39.7,67.9,532.9,45.1,603.4,160.1,161,1046.1,364955,5063,12.74,89.9,1500,2.54,1.16,31.2,44.8,65,26.57,12234064,72915,77.6,3431.83,0,1200,400,720,240,4200,7500,8500,102,1.5,6000,0,0,0,0,0,86.13,30,80.73,73.54,43.6,0,0
2026-08-30T15:50:39.359000+09:00,2026-08-30T06:50:39.359000+00:00,094623,2036.8,1,0,0,0,0,13436,496,13436,0,0,0,0,4651,-28608,10326,6,4480,0,129,0,0,0,0,0,0,0,0,0,31082107,2018,0.47,1138.04,3174.84,0,58.3,98.5,68.1,39.6,67.9,528.3,45.1,605.6,162.7,164.2,1064.8,364955,5063,12.52,89.9,1500,2.54,1.15,31.6,42.5,65,26.55,12234068,72915,77.54,3431.84,0,1200,400,720,240,4200,7500,8500,102,1.5,6000,0,0,0,0,0,86.06,30,81.73,73.33,43.6,0,0
2026-08-30T15:51:39.457000+09:00,2026-08-30T06:51:39.457000+00:00,094623,1877.8,1,0,0,0,0,13436,494,13436,0,0,0,0,4651,-28608,10326,6,4480,0,129,0,0,0,0,0,0,0,0,0,31082107,2018,0.42,974.46,2852.26,0,58.3,97.7,68.2,39.6,68,532.5,45,602.7,161.1,162.4,1027.7,364955,5063,12.63,90.2,1490,2.52,1.15,30.8,44.3,65,26.67,12234073,72915,79.68,3431.84,0,1200,400,720,240,4200,7500,8500,102,1.5,6000,0,0,0,0,0,86.54,30,79.32,74.16,43.7,0,0
2026-08-30T15:52:39.561000+09:00,2026-08-30T06:52:39.561000+00:00,094623,2089.3,1,0,0,0,0,13436,495,13436,0,0,0,0,4651,-28608,10326,6,4480,0,129,0,0,0,0,0,0,0,0,0,31082107,2018,0.42,1151.46,3240.76,0,58.4,97.2,68.1,39.6,67.9,528.9,45.8,602.1,162.1,163.6,1049.9,364955,5063,12.71,90.9,1500,2.53,1.15,31.8,42.5,65,26.54,12234077,72915,79.27,3431.84,0,1200,400,720,240,4200,7500,8500,102,1.5,6000,0,0,0,0,0,86.59,30,76.99,77.09,43.7,0,0
2026-08-30T15:53:39.652000+09:00,2026-08-30T06:53:39.652000+00:00,094623,2085.6,1,0,0,0,0,13436,497,13436,0,0,0,0,4651,-28608,8278,6,4480,0,129,0,0,0,0,0,0,0,0,0,31082107,2018,0.41,1199.07,3284.71,0,58.4,97.5,68.1,39.6,68.1,528.4,45.4,603.5,163.1,164,1037.4,364956,5064,12.71,90.4,1510,2.55,1.14,31.5,42.2,65,26.37,12234082,72915,80.44,3431.84,0,1200,400,720,240,4200,7500,8500,102,1.5,6000,0,0,0,0,0,86.8,30,76.9,76.43,43.7,0,0
2026-08-30T15:54:39.741000+09:00,2026-08-30T06:54:39.741000+00:00,094623,2074.7,1,0,0,0,0,13436,497,13436,0,0,0,0,4651,-28608,10326,6,4480,0,129,0,0,0,0,0,0,0,0,0,31082107,2018,0.43,1085.54,3160.19,0,58.4,97.6,68.2,39.5,68.2,529.5,44.9,602.9,163.3,164.9,1033,364956,5064,12.7,89.8,1500,2.53,1.15,31.4,42.5,65,26.62,12234086,72915,79.78,3431.84,0,1200,400,720,240,4200,7500,8500,102,1.5,6000,0,0,0,0,0,87.4,30,76.57,74.53,43.7,0,0
2026-08-30T15:55:39.823000+09:00,2026-08-30T06:55:39.823000+00:00,094623,1934.3,1,0,0,0,0,13436,496,13436,0,0,0,0,4655,-28608,10326,6,4480,0,129,0,0,0,0,0,0,0,0,0,31082107,2018,0.43,1037.93,2972.2,0,58.4,97.9,68.2,39.5,68.2,532.6,45.1,603.2,161.8,163.3,1026.7,364956,5064,12.67,89.6,1500,2.54,1.15,30.9,43.8,65,26.56,12234091,72915,78.49,3431.84,0,1200,400,720,240,4200,7500,8500,102,1.5,6000,0,0,0,0,0,87.67,30,77.2,73.31,43.7,0,0
2026-08-30T15:56:39.945000+09:00,2026-08-30T06:56:39.945000+00:00,094623,1942.8,1,0,0,0,0,13436,498,13436,0,0,0,0,4655,-28608,10326,6,4480,0,129,0,0,0,0,0,0,0,0,0,31082107,2018,0.43,1031.83,2974.64,0,58.4,97.6,67.9,39.5,68,533.4,45.6,601.6,161.3,162.8,1038.2,364956,5064,12.74,89.6,1510,2.53,1.15,30.9,43.9,65,26.56,12234095,72915,76.7,3431.84,0,1200,400,720,240,4200,7500,8500,102,1.5,6000,0,0,0,0,0,86.91,30,76.07,72.29,43.7,0,0
2026-08-30T15:57:40.042000+09:00,2026-08-30T06:57:40.042000+00:00,094623,1953.8,1,0,0,0,0,13436,497,13436,0,0,0,0,4655,-28608,10326,518,4480,0,129,0,0,0,0,0,0,0,0,0,31082107,2018,0.45,1012.3,2966.09,0,58.3,98.1,67.7,39.5,67.8,533.7,45.6,600.3,160.8,162.3,1011.4,364956,5064,12.3,90.7,1500,2.54,1.15,31.1,44.1,65,26.65,12234099,72915,79.2,3431.84,0,1200,400,720,240,4200,7500,8500,102,1.5,6000,0,0,0,0,0,85.94,30,77.04,76.4,43.7,0,0
2026-08-30T15:58:40.141000+09:00,2026-08-30T06:58:40.141000+00:00,094623,2028.3,1,0,0,0,0,13436,494,13436,0,0,0,0,4655,-28608,18518,6,4480,528,129,0,0,0,0,0,0,0,0,0,31082107,2018,0.47,1087.98,3116.24,0,58.3,99.2,67.7,39.5,67.9,531.7,45.2,600,161.4,162.9,1020.1,364956,5064,12.7,89.4,1500,2.53,1.16,31.5,43.6,65,26.36,12234104,72915,80.57,3431.85,0,1200,400,720,240,4200,7500,8500,102,1.5,6000,0,0,0,0,0,85.35,30,81.2,72.49,43.7,0,0
2026-08-30T15:59:40.230000+09:00,2026-08-30T06:59:40.230000+00:00,094623,2172.3,1,0,0,0,0,13436,498,13436,0,0,0,0,4651,-28608,10390,6,20864,0,129,0,0,0,0,0,0,0,0,0,31082107,2018,0.42,1097.75,3270.06,0,58.4,98.1,67.7,39.5,67.9,529.7,45.8,600.8,163,164.3,1035.1,364957,5065,12.57,89.8,1510,2.55,1.15,31.7,42.4,65,26.58,12234108,72915,77.81,3431.85,0,1200,400,720,240,4200,7500,8500,102,1.5,6000,0,0,0,0,0,85,30,79.49,73.24,43.8,0,0
2026-08-30T16:00:40.315000+09:00,2026-08-30T07:00:40.315000+00:00,094623,2127.1,1,0,0,0,0,13436,498,13436,0,0,0,0,4651,-28608,10326,6,4480,0,129,0,0,0,0,0,0,0,0,0,31082107,2018,0.41,1200.29,3327.43,0,58.4,97.3,67.8,39.5,68,529.3,44.7,601.2,163.5,165.1,1066.1,364957,5065,12.74,89.7,1500,2.55,1.15,31.6,42,65,26.6,12234113,72915,77.37,3431.85,0,1200,400,720,240,4200,7500,8500,102,1.5,6000,0,0,0,0,0,84.88,30,76.38,72.44,43.8,0,0
2026-08-30T16:01:40.423000+09:00,2026-08-30T07:01:40.423000+00:00,094623,2007.5,1,0,0,0,0,13436,496,13436,0,0,0,0,4655,-28608,12438,6,20896,8,129,0,0,0,0,0,0,0,0,0,31082107,2018,0.42,926.85,2934.35,0,58.4,97.7,67.9,39.4,68.1,533.3,44.9,600.9,162.4,164,1056.4,364957,5065,12.65,89.7,1500,2.53,1.14,30.8,43.7,65,26.4,12234117,72915,77.78,3431.85,0,1200,400,720,240,4200,7500,8500,102,1.5,6000,0,0,0,0,0,84.86,30,76.83,71.94,43.8,0,0
2026-08-30T16:02:40.503000+09:00,2026-08-30T07:02:40.503000+00:00,094623,2163.8,1,0,0,0,0,13436,496,13436,0,0,0,0,4651,-28608,10326,6,4480,0,129,0,0,0,0,0,0,0,0,0,31082107,2018,0.44,1142.92,3306.68,0,58.4,97.7,67.8,39.5,68,529.5,44.2,602,163.1,164.6,1031.4,364957,5065,12.69,90,1500,2.53,1.15,31.6,42.3,65,26.64,12234121,72915,79.07,3431.85,0,1200,400,720,240,4200,7500,8500,102,1.5,6000,0,0,0,0,0,84.34,30,76.27,72.59,43.8,0,0
2026-08-30T16:03:40.619000+09:00,2026-08-30T07:03:40.619000+00:00,094623,2147.9,1,0,0,0,0,13436,494,13436,0,0,0,0,4651,-28608,18534,6,12676,528,129,0,0,0,0,0,0,0,0,0,31082107,2018,0.47,1194.19,3342.08,0,58.4,98.1,67.8,39.4,68.1,530.5,44.2,601.2,163.4,164.8,1041.4,364957,5065,12.73,90.1,1500,2.52,1.15,31.7,42.3,65,26.48,12234126,72915,79.02,3431.85,0,1200,400,720,240,4200,7500,8500,102,1.5,6000,0,0,0,0,0,84.02,30,77.03,72.77,43.8,0,0
2026-08-30T16:04:40.705000+09:00,2026-08-30T07:04:40.705000+00:00,094623,2008.7,1,0,0,0,0,13436,495,13436,0,0,0,0,4651,-28608,10326,6,4480,0,129,0,0,0,0,0,0,0,0,0,31082107,2018,0.48,1025.73,3034.46,0,58.4,99,67.8,39.5,68,533.8,44.5,601.6,162.2,163.4,1051.5,364957,5065,12.88,90.2,1500,2.52,1.16,31,43.7,65,26.53,12234130,72915,79.83,3431.85,0,1200,400,720,240,4200,7500,8500,102,1.5,6000,0,0,0,0,0,83.82,30,80.73,73.29,43.8,0,0
2026-08-30T16:05:40.811000+09:00,2026-08-30T07:05:40.811000+00:00,094623,2200.4,1,0,0,0,0,13436,497,13436,0,0,0,0,4655,-28608,10326,6,4480,0,129,0,0,0,0,0,0,0,0,0,31082107,2018,0.48,1160.01,3360.39,0,58.3,98.8,67.7,39.5,67.9,530.2,45.2,600.5,163.3,164.8,1025.2,364958,5066,12.34,90,1500,2.54,1.15,31.5,41.9,65,26.66,12234135,72915,78.62,3431.86,0,1200,400,720,240,4200,7500,8500,102,1.5,6000,0,0,0,0,0,83.26,30,81.66,72.85,43.8,0,0
2026-08-30T16:06:40.905000+09:00,2026-08-30T07:06:40.905000+00:00,094623,2204.1,1,0,0,0,0,13436,498,13436,0,0,0,0,4651,-28608,12374,6,4512,72,129,0,0,0,0,0,0,0,0,0,31082107,2018,0.45,1118.5,3322.55,0,58.3,98.1,67.8,39.5,68,528.8,44.8,602,164.4,166.3,1032,364958,5066,12.63,89.8,1500,2.54,1.14,31.2,41.5,65,26.62,12234139,72915,78.01,3431.86,0,1200,400,720,240,4200,7500,8500,102,1.5,6000,0,0,0,0,0,83.23,30,80.17,72.09,43.9,0,0
2026-08-30T16:07:41.015000+09:00,2026-08-30T07:07:41.015000+00:00,094623,2125.9,1,0,0,0,0,13436,495,13436,0,0,0,0,4655,-28608,10326,6,4480,0,129,0,0,0,0,0,0,0,0,0,31082107,2018,0.45,1120.94,3246.86,0,58.3,97.9,67.7,39.5,68,531.5,44.6,598.8,163.6,165.4,1032.5,364958,5066,12.84,90.1,1500,2.53,1.15,31.3,42.5,65,26.67,12234143,72915,78.92,3431.86,0,1200,400,720,240,4200,7500,8500,102,1.5,6000,0,0,0,0,0,82.49,30,79.47,72.67,43.9,0,0
2026-08-30T16:08:41.120000+09:00,2026-08-30T07:08:41.120000+00:00,094623,2174.7,1,0,0,0,0,13436,498,13436,0,0,0,0,4651,-28608,18518,6,4480,528,129,0,0,0,0,0,0,0,0,0,31082107,2018,0.41,1073.34,3248.08,0,58.2,97.3,67.8,39.4,68,530.7,44.2,601.1,164,165.8,1032.5,364958,5066,12.86,91.2,1500,2.54,1.15,31.3,42.3,65,26.59,12234148,72915,79.86,3431.86,0,1200,400,720,240,4200,7500,8500,102,1.5,6000,0,0,0,0,0,82.53,30,77.16,77.2,43.9,0,0
2026-08-30T16:09:41.211000+09:00,2026-08-30T07:09:41.211000+00:00,094623,2150.3,1,0,0,0,0,13436,497,13436,0,0,0,0,4651,-28608,10326,6,4480,0,129,0,0,0,0,0,0,0,0,0,31082107,2018,0.42,1113.62,3263.95,0,58.2,97.5,67.9,39.4,68,531.8,44.1,600.7,163.8,165.6,1027.6,364958,5066,12.76,90,1510,2.54,1.16,31.4,42.9,65,26.58,12234152,72915,81.3,3431.86,0,1200,400,720,240,4200,7500,8500,102,1.5,6000,0,0,0,0,0,82.6,30,76.72,74.5,43.9,0,0
2026-08-30T16:10:41.305000+09:00,2026-08-30T07:10:41.305000+00:00,094623,2129.6,1,0,0,0,0,13436,496,13436,0,0,0,0,4651,-28608,10326,6,4480,0,129,0,0,0,0,0,0,0,0,0,31082107,2018,0.42,1042.82,3172.4,0,58.2,97.8,67.9,39.3,67.9,531.9,43.9,598.6,161.7,162.6,1071.5,364958,5066,12.71,89.8,1500,2.51,1.15,31.3,43,65,26.57,12234157,72915,79.48,3431.86,0,1200,400,720,240,4200,7500,8500,102,1.5,6000,0,0,0,0,0,82.32,30,77.03,73.28,43.9,0,0
2026-08-30T16:11:41.398000+09:00,2026-08-30T07:11:41.398000+00:00,094623,2196.7,1,0,0,0,0,13436,494,13436,0,0,0,0,4655,-28608,12374,6,4512,72,129,0,0,0,0,0,0,0,0,0,31082107,2018,0.44,1070.89,3267.62,0,58.2,97.6,67.9,39.3,67.9,531,43.6,598.2,162.9,164.3,1034.9,364959,5067,12.58,89.6,1500,2.52,1.15,31.5,42.8,65,26.24,12234161,72915,79.66,3431.86,0,1200,400,720,240,4200,7500,8500,102,1.5,6000,0,0,0,0,0,82.12,30,75.95,72.29,43.9,0,0
2026-08-30T16:12:41.486000+09:00,2026-08-30T07:12:41.486000+00:00,094623,2235.8,1,0,0,0,0,13436,496,13436,0,0,0,0,4651,-28608,10326,6,4480,0,129,0,0,0,0,0,0,0,0,0,31082107,2018,0.44,1072.12,3307.9,0,58.1,97.7,67.8,39.2,67.9,529.8,44.1,599.8,163.3,165,1035.3,364959,5067,12.93,89.6,1500,2.52,1.16,31.8,42.6,65,26.44,12234166,72915,80.31,3431.86,0,1200,400,720,240,4200,7500,8500,102,1.5,6000,0,0,0,0,0,81.59,30,75.85,71.84,43.9,0,0
2026-08-30T16:13:41.587000+09:00,2026-08-30T07:13:41.587000+00:00,094623,2226.0,1,0,0,0,0,13436,495,13436,0,0,0,0,4651,-28608,18518,6,4480,528,129,0,0,0,0,0,0,0,0,0,31082107,2018,0.45,1149.02,3375.04,0,57.9,97.8,67.8,39.2,67.9,529.6,44.2,600.8,164.4,166.3,1068.4,364959,5067,12.53,89.6,1500,2.53,1.15,31.7,42.2,65,26.42,12234170,72915,78.36,3431.87,0,1200,400,720,240,4200,7500,8500,102,1.5,6000,0,0,0,0,0,81.24,30,75.68,71.16,43.9,0,0
2026-08-30T16:14:41.678000+09:00,2026-08-30T07:14:41.678000+00:00,094623,2322.4,1,0,0,0,0,13436,496,13436,0,0,0,0,4655,-28608,10326,6,4480,0,129,0,0,0,0,0,0,0,0,0,31082107,2018,0.45,1155.13,3477.58,0,57.8,98,67.8,39.1,67.9,528.3,44.1,600,165.3,167.4,1066.3,364959,5067,12.17,89.7,1500,2.53,1.15,31.8,41.3,65,26.61,12234174,72915,79.18,3431.87,0,1200,400,720,240,4200,7500,8500,102,1.5,6000,0,0,0,0,0,81.09,30,76.29,70.95,43.9,0,0
2026-08-30T16:15:41.792000+09:00,2026-08-30T07:15:41.792000+00:00,094623,2256.5,1,0,0,0,0,13436,497,13436,0,0,0,0,4655,-28608,10326,6,4480,0,129,0,0,0,0,0,0,0,0,0,31082107,2018,0.47,1075.78,3332.32,0,57.9,98.2,67.8,39.1,68,529.8,43.8,600.4,166,168.1,1051,364959,5067,12.57,89.8,1500,2.54,1.15,31.4,41.8,65,26.65,12234179,72915,77.85,3431.87,0,1200,400,720,240,4200,7500,8500,102,1.5,6000,0,0,0,0,0,80.8,30,77.07,70.94,44,0,0
2026-08-30T16:16:41.880000+09:00,2026-08-30T07:16:41.880000+00:00,094623,2204.0,1,0,0,0,0,13436,495,13436,0,0,0,0,4655,-28608,12374,6,4512,72,129,0,0,0,0,0,0,0,0,0,31082107,2018,0.46,1059.91,3263.95,0,57.8,97.9,67.9,39,67.9,531.8,43.9,598.5,164.5,166.4,1045.7,364959,5067,12.69,90.2,1500,2.54,1.15,31.3,42.6,65,26.21,12234183,72915,77.48,3431.87,0,1200,400,720,240,4200,7500,8500,102,1.5,6000,0,0,0,0,0,80.73,30,76.22,71.84,44,0,0
2026-08-30T16:17:41.992000+09:00,2026-08-30T07:17:41.992000+00:00,094623,2221.1,1,0,0,0,0,13436,494,13436,0,0,0,0,4655,-28608,10326,518,4480,0,129,0,0,0,0,0,0,0,0,0,31082107,2018,0.44,1090.43,3311.56,0,57.7,97.5,67.9,39,67.8,531,44.3,596.9,164.5,166.4,1033.3,364960,5068,12.73,91.3,1500,2.53,1.15,31.4,42.4,65,26.57,12234188,72915,79.56,3431.87,0,1200,400,720,240,4200,7500,8500,102,1.5,6000,0,0,0,0,0,80.56,30,74.48,76.4,44,0,0
2026-08-30T16:18:42.091000+09:00,2026-08-30T07:18:42.091000+00:00,094623,2184.5,1,0,0,0,0,13436,495,13436,0,0,0,0,4651,-28608,10390,6,20864,0,129,0,0,0,0,0,0,0,0,0,31082107,2018,0.47,969.57,3154.09,0,57.7,98.5,67.9,38.9,67.8,531.5,44,596.5,165.2,167.2,1048,364960,5068,12.61,89.7,1500,2.52,1.14,31,42.9,65,26.43,12234192,72915,80.22,3431.87,0,1200,400,720,240,4200,7500,8500,102,1.5,6000,0,0,0,0,0,80.41,30,77.36,72.69,44,0,0
2026-08-30T16:19:42.179000+09:00,2026-08-30T07:19:42.179000+00:00,094623,2334.7,1,0,0,0,0,13436,495,13436,0,0,0,0,4651,-28608,10326,518,4480,0,129,0,0,0,0,0,0,0,0,0,31082107,2018,0.47,1151.46,3486.13,0,57.8,99,67.9,39,67.8,528.3,44.3,596.8,165.5,167.5,1064.8,364960,5068,12.71,89.3,1490,2.53,1.16,32,41.6,65,26.39,12234196,72915,77.72,3431.87,0,1200,400,720,240,4200,7500,8500,102,1.5,6000,0,0,0,0,0,80.35,30,80.14,70.46,44,0,0
2026-08-30T16:20:42.282000+09:00,2026-08-30T07:20:42.282000+00:00,094623,2284.6,1,0,0,0,0,13436,494,13436,0,0,0,0,4651,-28608,10342,518,12676,0,129,0,0,0,0,0,0,0,0,0,31082107,2018,0.44,1069.67,3354.29,0,57.7,97.9,67.8,38.9,67.8,530,44.2,598.6,167.1,169.2,1060.3,364960,5068,12.73,89.7,1490,2.53,1.14,31.2,41.6,65,26.22,12234201,72915,78.83,3431.88,0,1200,400,720,240,4200,7500,8500,102,1.5,6000,0,0,0,0,0,79.81,30,77.78,70.58,44,0,0
2026-08-30T16:21:42.388000+09:00,2026-08-30T07:21:42.388000+00:00,094623,2233.4,1,0,0,0,0,13436,497,13436,0,0,0,0,4651,-28608,12374,6,4480,0,129,0,0,0,0,0,0,0,0,0,31082107,2018,0.43,1017.18,3250.53,0,57.6,97.1,67.9,38.9,67.8,530.3,43.9,599.5,165.9,167.3,1066.3,364960,5068,12.64,90.2,1500,2.54,1.15,31.4,42.6,65,26.32,12234205,72915,77.59,3431.88,0,1200,400,720,240,4200,7500,8500,102,1.5,6000,0,0,0,0,0,80.16,30,74.52,72.12,44,0,0
2026-08-30T16:22:42.468000+09:00,2026-08-30T07:22:42.468000+00:00,094623,2241.9,1,0,0,0,0,13436,495,13436,0,0,0,0,4655,-28608,10326,6,4480,0,129,0,0,0,0,0,0,0,0,0,31082107,2018,0.46,1028.17,3270.06,0,57.6,98,67.9,38.9,67.8,530.5,44.4,600.8,165.7,167.4,1051.8,364960,5068,12.48,90.8,1490,2.52,1.15,31.3,42.3,65,26.61,12234210,72915,81.34,3431.88,0,1200,400,720,240,4200,7500,8500,102,1.5,6000,0,0,0,0,0,79.88,30,76.37,74.86,44,0,0
2026-08-30T16:23:42.569000+09:00,2026-08-30T07:23:42.569000+00:00,094623,2333.4,1,0,0,0,0,13436,495,13436,0,0,0,0,4651,-28608,10326,6,4480,0,129,0,0,0,0,0,0,0,0,0,31082107,2018,0.46,1122.17,3455.61,0,57.6,98.9,67.9,38.9,67.8,529.2,44.9,601.7,165.6,167,1041,364961,5069,12.57,89.6,1500,2.53,1.15,31.6,41.7,65,26.59,12234214,72915,81.52,3431.88,0,1200,400,720,240,4200,7500,8500,102,1.5,6000,0,0,0,0,0,79.63,30,79.68,72.09,44,0,0
2026-08-30T16:24:42.642000+09:00,2026-08-30T07:24:42.642000+00:00,094623,2359.1,1,0,0,0,0,13436,498,13436,0,0,0,0,4651,-28608,10326,6,4480,0,129,0,0,0,0,0,0,0,0,0,31082107,2018,0.44,1218.6,3577.68,0,57.7,98.1,68,38.9,67.8,529.1,44.7,600.8,167,168.2,1060.7,364961,5069,12.8,89.3,1510,2.54,1.16,31.7,41.2,65,26.66,12234219,72915,78.4,3431.88,0,1200,400,720,240,4200,7500,8500,102,1.5,6000,0,0,0,0,0,79.96,30,78.49,70.22,44,0,0
2026-08-30T16:25:42.745000+09:00,2026-08-30T07:25:42.745000+00:00,094623,2260.2,1,0,0,0,0,13436,497,13436,0,0,0,0,4651,-28608,10326,6,4480,0,129,0,0,0,0,0,0,0,0,0,31082107,2018,0.42,1011.08,3271.28,0,57.6,97,68.1,38.9,67.8,531.3,44.5,601.6,165.1,166.9,1040.4,364961,5069,12.87,89.7,1500,2.55,1.15,31.2,42.4,65,26.54,12234223,72915,78.74,3431.88,0,1200,400,720,240,4200,7500,8500,102,1.5,6000,0,0,0,0,0,80.22,30,74.2,70.64,44,0,0
2026-08-30T16:26:42.839000+09:00,2026-08-30T07:26:42.839000+00:00,094623,2288.3,1,0,0,0,0,13436,496,13436,0,0,0,0,4655,-28608,10326,6,4480,528,129,0,0,0,0,0,0,0,0,0,31082107,2018,0.45,1136.81,3425.09,0,57.6,97.7,68,38.8,67.8,530.4,44,600.4,164.6,166.3,1081.6,364961,5069,12.59,90,1490,2.52,1.16,31.4,41.9,65,26.5,12234227,72915,77.69,3431.88,0,1200,400,720,240,4200,7500,8500,102,1.5,6000,0,0,0,0,0,80.01,30,75.25,71.12,44,0,0
2026-08-30T16:27:42.919000+09:00,2026-08-30T07:27:42.919000+00:00,094623,2373.7,1,0,0,0,0,13436,496,13436,0,0,0,0,4655,-28608,10326,6,4480,0,129,0,0,0,0,0,0,0,0,0,31082107,2018,0.48,1098.97,3472.7,0,57.6,98,68,38.8,67.8,529,44.2,601.5,165.5,166.9,1041.7,364961,5069,12.69,90.4,1500,2.54,1.15,31.6,41.5,65,26.63,12234232,72915,79.49,3431.89,0,1200,400,720,240,4200,7500,8500,102,1.5,6000,0,0,0,0,0,80.02,30,75.96,72.62,44,0,0
2026-08-30T16:28:43.098000+09:00,2026-08-30T07:28:43.098000+00:00,094623,2313.9,1,0,0,0,0,13436,495,13436,0,0,0,0,4651,-28608,10326,6,4480,0,129,0,0,0,0,0,0,0,0,0,31082107,2018,0.48,1111.18,3425.09,0,57.6,98.2,68,38.8,67.8,530.5,43.7,601.6,166,166.8,1018.8,364961,5069,12.77,90.5,1490,2.53,1.15,31.4,41.6,65,26.62,12234236,72915,79.57,3431.89,0,1200,400,720,240,4200,7500,8500,102,1.5,6000,0,0,0,0,0,80.02,30,76.75,73.75,44,0,0
2026-08-30T16:29:43.117000+09:00,2026-08-30T07:29:43.117000+00:00,094623,2256.5,1,0,0,0,0,13436,497,13436,0,0,0,0,4651,-28608,10326,6,4480,8,129,0,0,0,0,0,0,0,0,0,31082107,2018,0.48,1030.61,3287.15,0,57.6,98.4,68.1,38.7,67.8,531.9,44.1,602.8,164.3,165.7,1031.8,364962,5070,12.85,90.6,1500,2.55,1.15,31.1,42.3,65,26.59,12234241,72915,80.35,3431.89,0,1200,400,720,240,4200,7500,8500,102,1.5,6000,0,0,0,0,0,80.45,30,77.82,74.96,44,0,0
2026-08-30T16:30:43.211000+09:00,2026-08-30T07:30:43.211000+00:00,094623,2321.2,1,0,0,0,0,13436,497,13436,0,0,0,0,4655,-26560,10326,590,4480,8192,129,0,0,0,0,0,0,0,0,0,31082107,2018,0.48,1041.6,3362.83,0,57.6,98.5,68.1,38.8,67.7,531.1,44.2,602.2,164.7,166,1053,364962,5070,12.68,90,1500,2.54,1.15,31.4,42,65,26.63,12234245,72915,80.32,3431.89,0,1200,400,720,240,4200,7500,8500,102,1.5,6000,0,0,0,0,0,80.6,30,78.76,73.46,44,0,0
2026-08-30T16:31:43.299000+09:00,2026-08-30T07:31:43.299000+00:00,094623,2268.8,1,0,0,0,0,13436,497,13436,0,0,0,0,4651,-28608,18518,6,4480,528,129,0,0,0,0,0,0,0,0,0,31082107,2018,0.46,969.57,3238.32,0,57.6,98.4,68,38.8,67.6,533.1,43.7,599.3,163.5,164.6,1027.5,364962,5070,12.68,89.5,1500,2.54,1.16,31.3,43,65,26.52,12234249,72915,78.57,3431.89,0,1200,400,720,240,4200,7500,8500,102,1.5,6000,0,0,0,0,0,80.45,30,79.28,71.55,44.1,0,0
2026-08-30T16:32:43.392000+09:00,2026-08-30T07:32:43.392000+00:00,094623,2405.5,1,0,0,0,0,13436,497,13436,0,0,0,0,4651,-28608,10326,6,4480,0,129,0,0,0,0,0,0,0,0,0,31082107,2018,0.47,1096.53,3502,0,57.6,98.3,68.1,38.7,67.7,529.5,43.1,603.3,161.9,162.3,1059.4,364962,5070,12.81,89.6,1500,2.55,1.14,31.6,41.4,65,26.61,12234254,72915,79.05,3431.89,0,1200,400,720,240,4200,7500,8500,102,1.5,6000,0,0,0,0,0,80.86,30,79.47,71.06,44.1,0,0
2026-08-30T16:33:43.485000+09:00,2026-08-30T07:33:43.485000+00:00,094623,2444.5,1,0,0,0,0,13436,496,13436,0,0,0,0,4655,-28608,10326,590,4480,8192,129,0,0,0,0,0,0,0,0,0,31082107,2018,0.47,1063.57,3508.1,0,57.6,98.1,68.2,38.7,67.8,529.1,44.7,601.6,163.4,163.4,1035.8,364962,5070,12.91,89.9,1500,2.56,1.15,31.8,41.4,65,26.57,12234258,72915,79.83,3431.89,0,1200,400,720,240,4200,7500,8500,102,1.5,6000,0,0,0,0,0,81.34,30,79.06,71.46,44.1,0,0
2026-08-30T16:34:43.591000+09:00,2026-08-30T07:34:43.591000+00:00,094623,2553.2,1,0,0,0,0,13436,497,13436,0,0,0,0,4651,-28608,12374,6,4512,72,129,0,0,0,0,0,0,0,0,0,31082107,2018,0.47,1317.48,3870.66,0,57.4,98,68.2,38.6,67.8,526.5,43.7,603.5,165.8,166.5,1044.2,364962,5070,12.11,90.4,1500,2.55,1.16,32.4,40.1,65,26.6,12234263,72915,81.35,3431.89,0,1200,400,720,240,4200,7500,8500,102,1.5,6000,0,0,0,0,0,81.7,30,78.9,73.3,44.1,0,0
2026-08-30T16:35:43.679000+09:00,2026-08-30T07:35:43.679000+00:00,094623,1037.9,1,0,0,0,0,13436,507,13436,0,0,0,0,4655,-28608,10326,6,4992,0,129,0,0,0,0,0,0,0,0,0,31082107,2018,0.39,482.5,1520.43,0,57.1,96.9,68.3,38.6,67.6,530.8,44,594.6,155.1,155.2,1003,364963,5071,12.67,90.4,1500,2.63,1.03,21.3,36.6,65,12.12,12234266,72915,79.12,3431.9,0,1200,400,720,240,4200,7500,8500,102,1.5,6000,0,0,0,0,0,73.16,30,66,64.83,44.1,0,0
2026-08-30T16:36:43.787000+09:00,2026-08-30T07:36:43.787000+00:00,094623,802.0,1,0,0,0,0,13436,514,13436,0,0,0,0,4651,-28608,18518,6,4992,528,129,0,0,0,0,0,0,0,0,0,31082107,2018,0.36,558.18,1360.21,0,56.5,96.4,68,38.7,66.6,525.7,44,587.2,144.8,143.7,1020.4,364963,5071,12.68,91.3,1530,2.69,1.05,21.8,39.2,65,14.83,12234268,72915,68.19,3431.9,0,1200,400,720,240,4200,7500,8500,102,1.5,6000,0,0,0,0,0,72.59,30,61.82,69.28,44.1,0,0
2026-08-30T16:37:43.902000+09:00,2026-08-30T07:37:43.902000+00:00,094623,1493.3,1,0,0,0,0,13436,495,13436,0,0,0,0,4655,-28608,10390,518,20864,0,129,0,0,0,0,0,0,0,0,0,31082107,2018,0.41,967.13,2460.4,0,56.2,98.2,67.6,38.7,65.8,518.6,44.3,592.8,148.1,146.9,1022.7,364963,5071,12.9,89.4,1490,2.56,1.16,30.6,46,65,24.7,12234271,72915,66.29,3431.9,0,1200,400,720,240,4200,7500,8500,102,1.5,6000,0,0,0,0,0,79.38,30,74.76,71.73,44.1,0,0
2026-08-30T16:38:43.987000+09:00,2026-08-30T07:38:43.987000+00:00,094623,1565.3,1,0,0,0,0,13436,495,13436,0,0,0,0,4651,-28608,10326,6,4480,0,129,0,0,0,0,0,0,0,0,0,31082107,2018,0.41,984.22,2549.52,0,55.9,98.6,67.3,38.6,66,526.3,43.3,600.2,156.8,157.1,1027.1,364963,5071,12.73,89.1,1500,2.56,1.15,31.1,46.3,65,26.58,12234275,72915,76.14,3431.9,0,1200,400,720,240,4200,7500,8500,102,1.5,6000,0,0,0,0,0,78.48,30,77.37,70.43,44.2,0,0
2026-08-30T16:39:44.097000+09:00,2026-08-30T07:39:44.097000+00:00,094623,1782.9,1,0,0,0,0,13436,498,13436,0,0,0,0,4651,-28608,12390,6,12708,72,129,0,0,0,0,0,0,0,0,0,31082107,2018,0.42,1091.65,2874.54,0,55.7,97.6,67.2,38.5,66.2,525.7,43.5,602.9,160.5,160.6,1046.7,364963,5071,12.22,89.2,1500,2.59,1.14,31.5,44.3,65,26.28,12234279,72915,77.69,3431.9,0,1200,400,720,240,4200,7500,8500,102,1.5,6000,0,0,0,0,0,77.16,30,74.62,69.46,44.1,0,0
2026-08-30T16:40:44.190000+09:00,2026-08-30T07:40:44.190000+00:00,094623,1873.2,1,0,0,0,0,13436,495,13436,0,0,0,0,4655,-28608,10326,6,4480,0,129,0,0,0,0,0,0,0,0,0,31082107,2018,0.43,1282.08,3155.31,0,55.7,97.3,67.4,38.4,66.4,522.4,45.7,606,163.1,162.9,1053.6,364963,5071,12.5,89.2,1490,2.56,1.15,31.7,42.5,65,26.57,12234284,72915,79.08,3431.9,0,1200,400,720,240,4200,7500,8500,102,1.5,6000,0,0,0,0,0,76.58,30,72.67,68.1,44.2,0,0
2026-08-30T16:41:44.290000+09:00,2026-08-30T07:41:44.290000+00:00,094623,1872.0,1,0,0,0,0,13436,495,13436,0,0,0,0,4655,-26560,18518,590,4480,8720,129,0,0,0,0,0,0,0,0,0,31082107,2018,0.44,1191.75,3063.75,0,55.8,97.4,67.5,38.4,66.6,526.3,44.5,607.8,161.7,161.8,1071.5,364964,5072,12.7,89.4,1500,2.56,1.16,31.8,43.8,65,26.5,12234288,72915,77.69,3431.9,0,1200,400,720,240,4200,7500,8500,102,1.5,6000,0,0,0,0,0,76.08,30,72.02,67.7,44.2,0,0
2026-08-30T16:42:44.374000+09:00,2026-08-30T07:42:44.374000+00:00,094623,1896.4,1,0,0,0,0,13436,497,13436,0,0,0,0,4655,-28608,10326,6,4480,0,129,0,0,0,0,0,0,0,0,0,31082107,2018,0.46,1026.95,2923.37,0,55.7,98.1,67.6,38.3,66.7,527.1,44.1,609.1,162.2,162.7,1057.6,364964,5072,12.74,89.5,1500,2.57,1.15,31.5,44.2,65,26.69,12234293,72915,78.74,3431.9,0,1200,400,720,240,4200,7500,8500,102,1.5,6000,0,0,0,0,0,75.73,30,73.87,67.2,44.1,0,0
2026-08-30T16:43:44.486000+09:00,2026-08-30T07:43:44.486000+00:00,094623,1857.4,1,0,0,0,0,13436,497,13436,0,0,0,0,4651,-28608,10326,6,4480,0,129,0,0,0,0,0,0,0,0,0,31082107,2018,0.47,1047.7,2905.06,0,55.5,98.1,67.6,38.3,66.5,529.3,43.8,608.6,161.5,162.4,1059.3,364964,5072,12.61,89.9,1500,2.59,1.15,31.3,44.5,65,26.65,12234297,72915,81.49,3431.91,0,1200,400,720,240,4200,7500,8500,102,1.5,6000,0,0,0,0,0,75.16,30,74.18,68.13,44.1,0,0
2026-08-30T16:44:44.583000+09:00,2026-08-30T07:44:44.583000+00:00,094623,1818.0,1,0,0,0,0,13436,497,13436,0,0,0,0,4651,-28608,12374,6,4512,72,129,0,0,0,0,0,0,0,0,0,31082107,2018,0.46,1024.51,2842.49,0,55.3,97.7,67.7,38.2,66.3,530.4,44.7,608.3,160.8,161.4,1056.1,364964,5072,12.59,90.2,1500,2.56,1.14,31,44.7,65,26.36,12234301,72915,80.09,3431.91,0,1200,400,720,240,4200,7500,8500,102,1.5,6000,0,0,0,0,0,74.82,30,72.8,69.14,44.2,0,0
2026-08-30T16:45:44.688000+09:00,2026-08-30T07:45:44.688000+00:00,094623,1912.3,1,0,0,0,0,13436,498,13436,0,0,0,0,4651,-28608,10326,518,4480,0,129,0,0,0,0,0,0,0,0,0,31082107,2018,0.47,1111.18,3023.47,0,55.4,97.5,67.6,38.2,66.2,529.1,44.8,608.8,160.8,161.6,1028.7,364964,5072,12.75,90.4,1500,2.58,1.16,31.5,44,65,26.5,12234306,72915,77.36,3431.91,0,1200,400,720,240,4200,7500,8500,102,1.5,6000,0,0,0,0,0,73.96,30,71.59,70.33,44.2,0,0
2026-08-30T16:46:44.779000+09:00,2026-08-30T07:46:44.779000+00:00,094623,1895.2,1,0,0,0,0,13436,495,13436,0,0,0,0,4651,-28608,18518,582,4480,16,129,0,0,0,0,0,0,0,0,0,31082107,2018,0.48,1045.26,2940.46,0,55.5,97.8,67.7,38.2,66.3,529.7,44.8,606.9,159.7,160,1057.3,364964,5072,12.86,90.3,1490,2.56,1.14,31.2,43.9,65,25.81,12234310,72915,80.52,3431.91,0,1200,400,720,240,4200,7500,8500,102,1.5,6000,0,0,0,0,0,73.59,30,71.8,70.38,44.2,0,0
2026-08-30T16:47:44.873000+09:00,2026-08-30T07:47:44.873000+00:00,094623,1868.0,1,0,0,0,0,13436,496,13436,0,0,0,0,4651,-28608,10326,6,4480,0,129,0,0,0,0,0,0,0,0,0,31082107,2018,0.48,936.61,2804.65,0,55.2,97.8,68,38.2,66.2,531,43.5,606.4,161.3,162.4,1028.2,364965,5073,12.74,90.3,1500,2.58,1.14,30.9,45,65,26.73,12234315,72915,80.62,3431.91,0,1200,400,720,240,4200,7500,8500,102,1.5,6000,0,0,0,0,0,74.25,30,71.56,70.88,44.2,0,0
2026-08-30T16:48:44.981000+09:00,2026-08-30T07:48:44.981000+00:00,094623,2068.5,1,0,0,0,0,13436,495,13436,0,0,0,0,4651,-28608,10326,6,4480,0,129,0,0,0,0,0,0,0,0,0,31082107,2018,0.48,1179.54,3248.08,0,55.1,98,68.1,38.1,66.1,526.8,43.3,605.6,161.3,162.3,1055.5,364965,5073,12.74,90,1500,2.57,1.16,32.1,42.9,65,26.62,12234319,72915,80.87,3431.91,0,1200,400,720,240,4200,7500,8500,102,1.5,6000,0,0,0,0,0,74.56,30,71.73,70.24,44.2,0,0
2026-08-30T16:49:45.125000+09:00,2026-08-30T07:49:45.125000+00:00,094623,2061.2,1,0,0,0,0,13436,495,13436,0,0,0,0,4651,-28608,12374,6,4512,8,129,0,0,0,0,0,0,0,0,0,31082107,2018,0.48,1185.64,3246.86,0,55.2,98.8,68.1,38.1,66.2,527.7,43.3,605.6,163.5,164.5,1049.3,364965,5073,12.76,89.4,1500,2.57,1.15,31.6,42.3,65,26.26,12234324,72915,79.42,3431.91,0,1200,400,720,240,4200,7500,8500,102,1.5,6000,0,0,0,0,0,74.78,30,74.74,67.97,44.2,0,0
2026-08-30T16:50:45.173000+09:00,2026-08-30T07:50:45.173000+00:00,094623,2049.0,1,0,0,0,0,13436,496,13436,0,0,0,0,4651,-28608,10326,6,4480,0,129,0,0,0,0,0,0,0,0,0,31082107,2018,0.48,1160.01,3209.02,0,55.3,98.8,68,38.1,66.3,528,44,605.5,163.9,164.8,1042.2,364965,5073,12.82,89.4,1500,2.58,1.15,31.5,42.5,65,26.54,12234328,72915,78.78,3431.92,0,1200,400,720,240,4200,7500,8500,102,1.5,6000,0,0,0,0,0,74.57,30,76.11,67.02,44.2,0,0
2026-08-30T16:51:45.272000+09:00,2026-08-30T07:51:45.272000+00:00,094623,2012.4,1,0,0,0,0,13436,496,13436,0,0,0,0,4651,-28608,10326,6,4480,0,129,0,0,0,0,0,0,0,0,0,31082107,2018,0.49,959.81,2972.2,0,55,98.1,68,38,66.2,529.6,43.7,606.1,164.1,165.2,1055.3,364965,5073,12.85,89.8,1500,2.58,1.14,31.2,43.6,65,26.52,12234332,72915,81.35,3431.92,0,1200,400,720,240,4200,7500,8500,102,1.5,6000,0,0,0,0,0,74.57,30,74.63,67.45,44.2,0,0
2026-08-30T16:52:45.361000+09:00,2026-08-30T07:52:45.361000+00:00,094623,1975.8,1,0,0,0,0,13436,495,13436,0,0,0,0,4655,-28608,10326,6,4480,0,129,0,0,0,0,0,0,0,0,0,31082107,2018,0.48,993.99,2969.76,0,54.2,97.4,68.1,37.9,65.9,530.1,43.4,606,161.7,162.1,1066.2,364965,5073,12.7,90.2,1500,2.57,1.14,31.2,43.7,65,26.59,12234337,72915,83.5,3431.92,0,1200,400,720,240,4200,7500,8500,102,1.5,6000,0,0,0,0,0,74.91,30,72.1,68.63,44.2,0,0
2026-08-30T16:53:45.470000+09:00,2026-08-30T07:53:45.470000+00:00,094623,1944.0,1,0,0,0,0,13436,496,13436,0,0,0,0,4655,-26560,10326,6,4480,0,129,0,0,0,0,0,0,0,0,0,31082107,2018,0.46,1096.53,3040.56,0,53.8,97.1,67.9,37.9,65.5,531,43.7,604.9,161.9,162.4,1053.7,364966,5074,12.9,90.2,1500,2.6,1.14,31,43.7,65,26.7,12234341,72915,83.99,3431.92,0,1200,400,720,240,4200,7500,8500,102,1.5,6000,0,0,0,0,0,74.38,30,69.83,69.54,44.2,0,0
2026-08-30T16:54:45.574000+09:00,2026-08-30T07:54:45.574000+00:00,094623,2102.7,1,0,0,0,0,13436,496,13436,0,0,0,0,4655,-26560,8342,6,20864,0,129,0,0,0,0,0,0,0,0,0,31082107,2018,0.43,1146.58,3249.31,0,53.4,97.8,67.4,37.9,65.2,528.8,43.6,606.2,162,162.4,1055,364966,5074,12.8,89.4,1500,2.59,1.15,31.8,42.8,65,26.32,12234346,72915,84.77,3431.92,0,1200,400,720,240,4200,7500,8500,102,1.5,6000,0,0,0,0,0,72.45,30,71.15,66.86,44.2,0,0
2026-08-30T16:55:45.676000+09:00,2026-08-30T07:55:45.676000+00:00,094623,2205.3,1,0,0,0,0,13436,497,13436,0,0,0,0,4651,-28608,10326,6,4480,0,129,0,0,0,0,0,0,0,0,0,31082107,2018,0.43,1239.36,3444.62,0,53.2,97.4,67.2,37.9,65.2,525.9,42.6,608.1,164.1,164.6,1071.4,364966,5074,12.69,89.3,1500,2.59,1.15,32.1,41.9,65,26.62,12234350,72915,82.37,3431.92,0,1200,400,720,240,4200,7500,8500,102,1.5,6000,0,0,0,0,0,70.8,30,69.63,65.32,44.3,0,0
2026-08-30T16:56:45.764000+09:00,2026-08-30T07:56:45.764000+00:00,094623,2036.8,1,0,0,0,0,13436,496,13436,0,0,0,0,4651,-28608,10390,6,20864,0,129,0,0,0,0,0,0,0,0,0,31082107,2018,0.45,1213.72,3250.53,0,53.1,97.5,67.6,37.9,65.2,529,42.8,607.1,163.6,164.9,1042.9,364966,5074,12.63,89.4,1500,2.58,1.16,31.4,42.6,65,26.46,12234354,72915,79.31,3431.92,0,1200,400,720,240,4200,7500,8500,102,1.5,6000,0,0,0,0,0,70.94,30,68.76,64.76,44.3,0,0
2026-08-30T16:57:45.862000+09:00,2026-08-30T07:57:45.862000+00:00,094623,2044.1,1,0,0,0,0,13436,497,13436,0,0,0,0,4651,-28608,10326,6,4480,0,129,0,0,0,0,0,0,0,0,0,31082107,2018,0.48,1096.53,3140.66,0,53.1,98.5,67.8,37.8,65.2,530.9,42,609.3,162.6,163.5,1052.9,364966,5074,12.61,89.6,1500,2.6,1.16,31.4,43.4,65,26.54,12234359,72915,78.85,3431.93,0,1200,400,720,240,4200,7500,8500,102,1.5,6000,0,0,0,0,0,71.05,30,71.82,64.59,44.3,0,0
2026-08-30T16:58:45.955000+09:00,2026-08-30T07:58:45.955000+00:00,094623,2114.9,1,0,0,0,0,13436,497,13436,0,0,0,0,4651,-28608,10342,6,12676,0,129,0,0,0,0,0,0,0,0,0,31082107,2018,0.48,1196.63,3311.56,0,53,98.7,67.8,37.8,65,529.5,42.6,608.2,162.7,163.4,1063,364966,5074,12.34,89.9,1500,2.59,1.16,31.7,42.6,65,26.53,12234363,72915,80.88,3431.93,0,1200,400,720,240,4200,7500,8500,102,1.5,6000,0,0,0,0,0,70.77,30,73.46,65.15,44.3,0,0
2026-08-30T16:59:46.057000+09:00,2026-08-30T07:59:46.057000+00:00,094623,2118.6,1,0,0,0,0,13436,495,13436,0,0,0,0,4651,-28608,18518,6,4480,528,129,0,0,0,0,0,0,0,0,0,31082107,2018,0.48,1207.62,3326.21,0,53,97.9,67.8,37.8,65,529.6,42.6,607.3,163.2,164.8,1084.2,364967,5075,12.33,90.2,1500,2.59,1.15,31.5,42.2,65,26.35,12234368,72915,79.66,3431.93,0,1200,400,720,240,4200,7500,8500,102,1.5,6000,0,0,0,0,0,70.42,30,71.57,66.03,44.3,0,0
2026-08-30T17:00:46.139000+09:00,2026-08-30T08:00:46.139000+00:00,094623,2010.0,1,0,0,0,0,13436,496,13436,0,0,0,0,4651,-28608,10326,6,4480,0,129,0,0,0,0,0,0,0,0,0,31082107,2018,0.5,1117.28,3127.23,0,53.1,97.4,67.9,37.8,65,532.1,42.4,606,161.8,163.7,1042.8,364967,5075,12.33,90.3,1500,2.6,1.15,30.9,42.8,65,26.6,12234372,72915,78.43,3431.93,0,1200,400,720,240,4200,7500,8500,102,1.5,6000,0,0,0,0,0,70.63,30,69.56,66.8,44.3,0,0
2026-08-30T17:01:46.239000+09:00,2026-08-30T08:01:46.239000+00:00,094623,2035.6,1,0,0,0,0,13436,496,13436,0,0,0,0,4651,-28608,10326,6,4480,0,129,0,0,0,0,0,0,0,0,0,31082107,2018,0.5,1055.02,3090.61,0,53.2,97.3,67.8,37.7,64.9,533,42.3,605.4,160.8,162.4,1056.9,364967,5075,12.63,91.1,1500,2.6,1.15,31.1,43.5,65,26.67,12234376,72915,78.74,3431.93,0,1200,400,720,240,4200,7500,8500,102,1.5,6000,0,0,0,0,0,70.12,30,68.23,70.18,44.2,0,0
2026-08-30T17:02:46.339000+09:00,2026-08-30T08:02:46.339000+00:00,094623,2163.8,1,0,0,0,0,13436,496,13436,0,0,0,0,4651,-28608,8278,6,4480,8,129,0,0,0,0,0,0,0,0,0,31082107,2018,0.47,1167.33,3331.1,0,53.3,98.9,67.8,37.7,64.9,530.1,42.1,604.7,162.5,164.2,1050.5,364967,5075,12.46,89.9,1500,2.59,1.15,31.5,42.2,65,26.58,12234381,72915,81.17,3431.93,0,1200,400,720,240,4200,7500,8500,102,1.5,6000,0,0,0,0,0,69.76,30,73.04,67.47,44.3,0,0
2026-08-30T17:03:46.448000+09:00,2026-08-30T08:03:46.448000+00:00,094623,2179.6,1,0,0,0,0,13436,497,13436,0,0,0,0,4651,-28608,10326,6,4480,0,129,0,0,0,0,0,0,0,0,0,31082107,2018,0.45,1147.8,3327.43,0,53.1,98.4,68,37.6,64.9,528.9,42.1,607,161.7,163.2,1059.1,364967,5075,12.35,89.2,1510,2.6,1.15,31.6,42.3,65,26.67,12234385,72915,80.81,3431.93,0,1200,400,720,240,4200,7500,8500,102,1.5,6000,0,0,0,0,0,70.13,30,73.06,64.44,44.3,0,0
2026-08-30T17:04:46.537000+09:00,2026-08-30T08:04:46.537000+00:00,094623,2128.4,1,0,0,0,0,13436,496,13436,0,0,0,0,4655,-28608,18518,6,4480,528,129,0,0,0,0,0,0,0,0,0,31082107,2018,0.45,1168.55,3296.91,0,52.9,97,68.1,37.6,64.8,531.3,41.8,605,161,162.7,1029.3,364967,5075,12.7,89.6,1500,2.6,1.15,31.3,42.3,65,26.57,12234390,72915,79.5,3431.93,0,1200,400,720,240,4200,7500,8500,102,1.5,6000,0,0,0,0,0,70.51,30,68.33,64.83,44.3,0,0
2026-08-30T17:05:46.640000+09:00,2026-08-30T08:05:46.640000+00:00,094623,2204.0,1,0,0,0,0,13436,496,13436,0,0,0,0,4651,-28608,10326,6,4480,0,129,0,0,0,0,0,0,0,0,0,31082107,2018,0.49,1077,3281.04,0,52.9,98,68,37.5,64.8,529.5,41.6,606.5,162.4,163.9,1045.9,364968,5076,12.32,89.9,1500,2.61,1.15,31.3,42,65,26.67,12234394,72915,79.02,3431.94,0,1200,400,720,240,4200,7500,8500,102,1.5,6000,0,0,0,0,0,70.33,30,70.27,65.16,44.3,0,0
2026-08-30T17:06:46.735000+09:00,2026-08-30T08:06:46.735000+00:00,094623,2262.7,1,0,0,0,0,13436,498,13436,0,0,0,0,4651,-28608,10326,6,4480,0,129,0,0,0,0,0,0,0,0,0,31082107,2018,0.5,1069.67,3332.32,0,52.9,98.8,68,37.4,64.8,529.1,41.8,606.6,162.5,163.8,1037.3,364968,5076,12.8,90,1510,2.62,1.14,31.6,42,65,26.72,12234398,72915,79.7,3431.94,0,1200,400,720,240,4200,7500,8500,102,1.5,6000,0,0,0,0,0,70.41,30,73.48,65.48,44.3,0,0
2026-08-30T17:07:46.836000+09:00,2026-08-30T08:07:46.836000+00:00,094623,2165.0,1,0,0,0,0,13436,495,13436,0,0,0,0,4651,-28608,12374,6,4512,72,129,0,0,0,0,0,0,0,0,0,31082107,2018,0.49,1068.45,3233.44,0,52.8,97.9,67.9,37.5,64.8,530.4,41.8,604.4,159.6,160.7,1040.8,364968,5076,12.84,90.4,1500,2.6,1.16,31.5,42.9,65,26.55,12234403,72915,80.25,3431.94,0,1200,400,720,240,4200,7500,8500,102,1.5,6000,0,0,0,0,0,69.9,30,71.48,66.84,44.3,0,0
2026-08-30T17:08:46.931000+09:00,2026-08-30T08:08:46.931000+00:00,094623,2166.2,1,0,0,0,0,13436,497,13436,0,0,0,0,4655,-28608,10326,590,4480,8192,129,0,0,0,0,0,0,0,0,0,31082107,2018,0.49,1095.31,3261.51,0,52.9,97.1,67.9,37.5,64.7,530.5,42.7,602.8,159.8,161.9,1067.1,364968,5076,12.5,90.6,1500,2.61,1.15,31.3,42.6,65,26.14,12234407,72915,80.81,3431.94,0,1200,400,720,240,4200,7500,8500,102,1.5,6000,0,0,0,0,0,69.77,30,68.15,67.97,44.2,0,0
2026-08-30T17:09:47.035000+09:00,2026-08-30T08:09:47.035000+00:00,094623,2287.1,1,0,0,0,0,13436,497,13436,0,0,0,0,4651,-28608,18518,518,4480,528,129,0,0,0,0,0,0,0,0,0,31082107,2018,0.48,1138.04,3425.09,0,53,98.4,67.9,37.5,64.7,529,42,604.1,160.1,162.7,1092.8,364968,5076,12.51,90.5,1510,2.61,1.15,31.6,41.6,65,26.24,12234412,72915,81.32,3431.94,0,1200,400,720,240,4200,7500,8500,102,1.5,6000,0,0,0,0,0,69.47,30,71.58,68.69,44.3,0,0
2026-08-30T17:10:47.132000+09:00,2026-08-30T08:10:47.132000+00:00,094623,2141.8,1,0,0,0,0,13436,495,13436,0,0,0,0,4651,-28608,10326,6,4480,0,129,0,0,0,0,0,0,0,0,0,31082107,2018,0.45,1059.91,3201.7,0,52.8,98.8,68.1,37.4,64.8,530.4,41.9,604.8,160.1,163,1052.8,364968,5076,12.42,89.2,1500,2.61,1.14,31,42.4,65,26.72,12234416,72915,82.26,3431.94,0,1200,400,720,240,4200,7500,8500,102,1.5,6000,0,0,0,0,0,69.95,30,73.81,64.43,44.3,0,0
2026-08-30T17:11:47.299000+09:00,2026-08-30T08:11:47.299000+00:00,094623,2023.4,1,0,0,0,0,13436,496,13436,0,0,0,0,4651,-28608,10326,6,4480,0,129,0,0,0,0,0,0,0,0,0,31082107,2018,0.45,975.68,2999.05,0,52.6,97.2,68.2,37.4,64.6,534.3,41.5,602.7,157.5,160,1064.9,364969,5077,12.82,89.4,1500,2.6,1.16,30.9,44.3,65,26.62,12234421,72915,80.35,3431.94,0,1200,400,720,240,4200,7500,8500,102,1.5,6000,0,0,0,0,0,70.53,30,69.04,64.06,44.3,0,0
2026-08-30T17:12:47.329000+09:00,2026-08-30T08:12:47.329000+00:00,094623,2141.8,1,0,0,0,0,13436,496,13436,0,0,0,0,4651,-28608,12374,6,4512,72,129,0,0,0,0,0,0,0,0,0,31082107,2018,0.48,1074.56,3216.35,0,52.5,97.4,68.1,37.4,64.3,531.9,41.4,603.3,157.8,160.2,1047.1,364969,5077,12.59,89.8,1500,2.61,1.16,31.5,43.3,65,26.35,12234425,72915,79.11,3431.95,0,1200,400,720,240,4200,7500,8500,102,1.5,6000,0,0,0,0,0,70.5,30,68.2,64.62,44.3,0,0
2026-08-30T17:13:47.422000+09:00,2026-08-30T08:13:47.422000+00:00,094623,2301.7,1,0,0,0,0,13436,497,13436,0,0,0,0,4651,-28608,10390,6,20864,0,129,0,0,0,0,0,0,0,0,0,31082107,2018,0.5,1120.94,3422.65,0,52.5,98.9,67.9,37.3,64.4,528.4,41.8,605.2,160.7,163.7,1036.6,364969,5077,12.69,90,1500,2.61,1.14,31.5,41.6,65,26.63,12234430,72915,79.58,3431.95,0,1200,400,720,240,4200,7500,8500,102,1.5,6000,0,0,0,0,0,70.01,30,73.11,65.1,44.3,0,0
2026-08-30T17:14:47.556000+09:00,2026-08-30T08:14:47.556000+00:00,094623,2210.2,1,0,0,0,0,13436,497,13436,0,0,0,0,4651,-28608,18518,6,4480,528,129,0,0,0,0,0,0,0,0,0,31082107,2018,0.51,1136.81,3346.96,0,52.4,97.9,67.9,37.3,64.4,530.1,41.6,601.3,160.7,163.4,1054.7,364969,5077,12.7,90.5,1500,2.61,1.15,31.3,42.1,65,26.54,12234434,72915,80.91,3431.95,0,1200,400,720,240,4200,7500,8500,102,1.5,6000,0,0,0,0,0,69.9,30,71.1,66.98,44.3,0,0
2026-08-30T17:15:47.654000+09:00,2026-08-30T08:15:47.654000+00:00,094623,2357.9,1,0,0,0,0,13436,495,13436,0,0,0,0,4655,-28608,10390,518,20864,0,129,0,0,0,0,0,0,0,0,0,31082107,2018,0.46,1188.08,3545.95,0,52.3,97.2,67.8,37.3,64.4,527.7,42,602.3,161.7,164.9,1037.3,364969,5077,12.74,90.8,1500,2.61,1.15,31.9,41.1,65,25.56,12234438,72915,80.98,3431.95,0,1200,400,720,240,4200,7500,8500,102,1.5,6000,0,0,0,0,0,69.35,30,67.89,69.17,44.3,0,0
2026-08-30T17:16:47.744000+09:00,2026-08-30T08:16:47.744000+00:00,094623,2207.7,1,0,0,0,0,13436,498,13436,0,0,0,0,4651,-28608,10326,6,4480,0,129,0,0,0,0,0,0,0,0,0,31082107,2018,0.42,1064.79,3272.5,0,52.3,98.4,68,37.2,64.5,529.6,41.6,605.2,160.9,163.7,1026.4,364969,5077,12.74,89.1,1500,2.63,1.14,31,42.1,65,26.56,12234443,72915,83.14,3431.95,0,1200,400,720,240,4200,7500,8500,102,1.5,6000,0,0,0,0,0,69.97,30,71.38,63.99,44.3,0,0
2026-08-30T17:17:47.832000+09:00,2026-08-30T08:17:47.832000+00:00,094623,2394.5,1,0,0,0,0,13436,498,13436,0,0,0,0,4651,-28608,12390,518,12708,72,129,0,0,0,0,0,0,0,0,0,31082107,2018,0.44,1245.46,3639.94,0,52.1,98.1,67.9,37.2,64.4,527,42,604.8,161.6,164.4,1018.5,364970,5078,12.77,89.5,1510,2.63,1.15,31.8,40.6,65,26.15,12234447,72915,80.16,3431.95,0,1200,400,720,240,4200,7500,8500,102,1.5,6000,0,0,0,0,0,69.63,30,70.92,64.11,44.3,0,0
2026-08-30T17:18:48.015000+09:00,2026-08-30T08:18:48.015000+00:00,094623,2309.0,1,0,0,0,0,13436,495,13436,0,0,0,0,4655,-28608,10326,6,4480,0,129,0,0,0,0,0,0,0,0,0,31082107,2018,0.45,1014.74,3323.77,0,52.1,97.8,67.8,37.2,64.4,529.8,41.6,606,161,164.3,1090.4,364970,5078,12.8,89.7,1490,2.61,1.15,31.8,42.4,65,26.54,12234452,72915,79.67,3431.95,0,1200,400,720,240,4200,7500,8500,102,1.5,6000,0,0,0,0,0,68.95,30,69.76,64.04,44.3,0,0
2026-08-30T17:19:48.055000+09:00,2026-08-30T08:19:48.055000+00:00,094623,2272.4,1,0,0,0,0,13436,496,13436,0,0,0,0,4655,-28608,18518,6,4480,0,129,0,0,0,0,0,0,0,0,0,31082107,2018,0.46,1077,3349.41,0,51.8,97.6,67.8,37.1,64.3,528.9,41.4,606.1,161.7,164.9,1059.8,364970,5078,12.59,89.9,1500,2.62,1.15,31.3,41.9,65,26.48,12234456,72915,82.04,3431.95,0,1200,400,720,240,4200,7500,8500,102,1.5,6000,0,0,0,0,0,68.66,30,68.69,64.47,44.3,0,0
2026-08-30T17:20:48.159000+09:00,2026-08-30T08:20:48.159000+00:00,094623,2180.8,1,0,0,0,0,13436,496,13436,0,0,0,0,4655,-28608,10326,6,4480,0,129,0,0,0,0,0,0,0,0,0,31082107,2018,0.47,995.21,3176.06,0,51.6,97.3,67.7,37.1,64.1,531.3,41.4,604.3,160.1,163.3,1044.8,364970,5078,12.86,90.2,1500,2.64,1.15,30.9,42.9,65,26.67,12234460,72915,81.7,3431.96,0,1200,400,720,240,4200,7500,8500,102,1.5,6000,0,0,0,0,0,67.97,30,67.02,65.46,44.3,0,0
2026-08-30T17:21:48.243000+09:00,2026-08-30T08:21:48.243000+00:00,094623,2245.6,1,0,0,0,0,13436,496,13436,0,0,0,0,4655,-28608,10326,582,4480,0,129,0,0,0,0,0,0,0,0,0,31082107,2018,0.49,1123.39,3368.94,0,51.1,98.1,67.7,37,63.9,530.6,41.9,604.4,159.7,162.7,1048.7,364970,5078,12.76,90.7,1500,2.62,1.16,31.5,42.4,65,25.9,12234465,72915,80.71,3431.96,0,1200,400,720,240,4200,7500,8500,102,1.5,6000,0,0,0,0,0,67.72,30,68.7,67.76,44.3,0,0
2026-08-30T17:22:48.333000+09:00,2026-08-30T08:22:48.333000+00:00,094623,2365.2,1,0,0,0,0,13436,495,13436,0,0,0,0,4651,-28608,12374,6,4512,72,129,0,0,0,0,0,0,0,0,0,31082107,2018,0.47,1161.23,3526.41,0,51,99.1,67.7,37,63.8,528.4,41,606.3,161.4,164.5,1032.8,364970,5078,12.73,90,1500,2.62,1.15,31.6,41.1,65,26.24,12234469,72915,81.95,3431.96,0,1200,400,720,240,4200,7500,8500,102,1.5,6000,0,0,0,0,0,67.23,30,72.81,66.16,44.4,0,0
2026-08-30T17:23:48.429000+09:00,2026-08-30T08:23:48.429000+00:00,094623,2382.3,1,0,0,0,0,13436,497,13436,0,0,0,0,4655,-28608,10326,6,4480,0,129,0,0,0,0,0,0,0,0,0,31082107,2018,0.43,1116.06,3498.34,0,51.1,97.4,68,37,63.8,527.9,40.6,606.7,162.7,166,1036.1,364971,5079,12.86,89.6,1510,2.64,1.14,31.5,41.1,65,26.69,12234474,72915,81.71,3431.96,0,1200,400,720,240,4200,7500,8500,102,1.5,6000,0,0,0,0,0,68.03,30,68.04,64.84,44.3,0,0
2026-08-30T17:24:48.543000+09:00,2026-08-30T08:24:48.543000+00:00,094623,2260.2,1,0,0,0,0,13436,497,13436,0,0,0,0,4651,-28608,10326,6,4480,0,129,0,0,0,0,0,0,0,0,0,31082107,2018,0.47,1015.96,3276.16,0,51.3,97.3,68.1,37,63.9,530.4,40.6,604.1,158.2,160.5,1033.6,364971,5079,12.73,89.8,1500,2.65,1.16,31.5,42.9,65,26.66,12234478,72915,78.01,3431.96,0,1200,400,720,240,4200,7500,8500,102,1.5,6000,0,0,0,0,0,68.47,30,66.54,64.79,44.4,0,0
2026-08-30T17:25:48.624000+09:00,2026-08-30T08:25:48.624000+00:00,094623,2266.3,1,0,0,0,0,13436,495,13436,0,0,0,0,4655,-28608,10326,6,4480,0,129,0,0,0,0,0,0,0,0,0,31082107,2018,0.51,1128.27,3394.57,0,51.4,98.7,67.9,37,63.8,530.1,41,604.1,159,162,1069.4,364971,5079,12.34,90.2,1500,2.63,1.15,31.4,42.1,65,26.53,12234482,72915,78.98,3431.96,0,1200,400,720,240,4200,7500,8500,102,1.5,6000,0,0,0,0,0,67.82,30,70.71,65.88,44.3,0,0
2026-08-30T17:26:48.727000+09:00,2026-08-30T08:26:48.727000+00:00,094623,2285.8,1,0,0,0,0,13436,495,13436,0,0,0,0,4651,-28608,10326,518,4480,0,129,0,0,0,0,0,0,0,0,0,31082107,2018,0.51,1057.47,3343.3,0,51.7,98.5,67.9,37,63.9,529.6,41.8,603.9,159.3,162.1,1051.7,364971,5079,12.69,90.7,1500,2.64,1.14,31.2,42.1,65,25.84,12234487,72915,78.39,3431.96,0,1200,400,720,240,4200,7500,8500,102,1.5,6000,0,0,0,0,0,67.63,30,71.47,68.05,44.3,0,0
2026-08-30T17:27:48.831000+09:00,2026-08-30T08:27:48.831000+00:00,094623,2260.2,1,0,0,0,0,13436,497,13436,0,0,0,0,4651,-28608,12374,6,4512,8,129,0,0,0,0,0,0,0,0,0,31082107,2018,0.45,995.21,3255.41,0,51.9,97.4,68.1,37,63.9,530.9,41.3,601.6,159.5,162.6,1045.1,364971,5079,12.32,90.4,1500,2.65,1.15,31.2,42.6,65,26.41,12234491,72915,81.71,3431.97,0,1200,400,720,240,4200,7500,8500,102,1.5,6000,0,0,0,0,0,68.29,30,67.96,68.37,44.4,0,0
2026-08-30T17:28:48.915000+09:00,2026-08-30T08:28:48.915000+00:00,094623,2396.9,1,0,0,0,0,13436,495,13436,0,0,0,0,4651,-28608,10326,6,4480,0,129,0,0,0,0,0,0,0,0,0,31082107,2018,0.44,1018.4,3415.33,0,52.1,97.9,68.3,37,64,529.3,41.4,601.4,159.7,162.7,1080.1,364971,5079,12.52,89.4,1500,2.62,1.16,31.9,42.2,65,26.51,12234496,72915,80.42,3431.97,0,1200,400,720,240,4200,7500,8500,102,1.5,6000,0,0,0,0,0,69.13,30,68.67,65.3,44.3,0,0
2026-08-30T17:29:49.051000+09:00,2026-08-30T08:29:49.051000+00:00,094623,2049.0,1,0,0,0,0,13436,502,13436,0,0,0,0,4651,-28608,10326,518,4992,0,129,0,0,0,0,0,0,0,0,0,31082107,2018,0.44,948.82,2997.83,0,52.2,98.5,68.4,37,64.3,525.4,42.1,605.9,161.5,164.6,1081.8,364972,5080,12.76,89.2,1510,2.71,1.09,27,36.5,65,19.49,12234500,72915,76.75,3431.97,0,1200,400,720,240,4200,7500,8500,102,1.5,6000,0,0,0,0,0,65.45,30,66.36,58.78,44.3,0,0
2026-08-30T17:30:49.138000+09:00,2026-08-30T08:30:49.138000+00:00,094623,948.8,1,0,0,0,0,13436,516,13436,0,0,0,0,4651,-28608,10326,6,4992,0,129,0,0,0,0,0,0,0,0,0,31082107,2018,0.47,603.35,1552.17,0,52,97.1,69,37,63.9,525.9,41.7,592.6,147.6,148.2,1034.1,364972,5080,12.96,90.2,1540,2.81,1.05,22.1,37.5,65,13.46,12234502,72915,61.56,3431.97,0,1200,400,720,240,4200,7500,8500,102,1.5,6000,0,0,0,0,0,63.85,30,57.43,56.6,44.3,0,0
2026-08-30T17:31:49.232000+09:00,2026-08-30T08:31:49.232000+00:00,094623,950.0,1,0,0,0,0,13436,493,13436,0,0,0,0,4651,-28608,10326,518,4480,0,129,0,0,0,0,0,0,0,0,0,31082107,2018,0.37,665.61,1615.65,0,51.6,98.4,69,37,63,523.2,41.5,589.4,143,143,1029.5,364972,5080,12.64,93.2,1490,2.66,1.17,24.8,43.6,65,12.72,12234504,72915,70.97,3431.97,0,1200,400,720,240,4200,7500,8500,102,1.5,6000,0,0,0,0,0,66.48,30,61.72,70.1,44.3,0,0
2026-08-30T17:32:49.334000+09:00,2026-08-30T08:32:49.334000+00:00,094623,1634.9,1,0,0,0,0,13436,495,13436,0,0,0,0,4655,-28608,18582,6,20864,528,129,0,0,0,0,0,0,0,0,0,31082107,2018,0.35,1101.41,2736.29,0,51.8,99.4,68.3,36.9,62.9,520.4,41.4,597.7,152.2,152.7,1043.3,364972,5080,12.69,88.2,1500,2.64,1.15,31.5,44.9,65,26.37,12234508,72915,79.79,3431.97,0,1200,400,720,240,4200,7500,8500,102,1.5,6000,0,0,0,0,0,73.4,30,74.01,63.22,44.4,0,0
2026-08-30T17:33:49.417000+09:00,2026-08-30T08:33:49.417000+00:00,094623,1638.5,1,0,0,0,0,13436,497,13436,0,0,0,0,4655,-28608,10326,590,4480,8192,129,0,0,0,0,0,0,0,0,0,31082107,2018,0.37,1035.49,2674.03,0,51.9,96.7,67.5,36.9,63.3,525.8,41.5,604.2,155.8,158,1039.5,364972,5080,12.71,88.3,1510,2.67,1.14,30.9,45.5,65,26.62,12234512,72915,74.88,3431.97,0,1200,400,720,240,4200,7500,8500,102,1.5,6000,0,0,0,0,0,71,30,66.47,60.53,44.3,0,0
2026-08-30T17:34:49.501000+09:00,2026-08-30T08:34:49.501000+00:00,094623,1649.5,1,0,0,0,0,13436,496,13436,0,0,0,0,4651,-28608,10342,6,12676,0,129,0,0,0,0,0,0,0,0,0,31082107,2018,0.47,991.55,2641.07,0,51.9,98.3,66.7,36.8,63.3,529.4,41.1,605.3,156.3,158.4,1021.2,364972,5080,12.9,89.6,1500,2.64,1.14,30.9,45.5,65,26.43,12234517,72915,71.82,3431.97,0,1200,400,720,240,4200,7500,8500,102,1.5,6000,0,0,0,0,0,67.07,30,69.8,62.63,44.3,0,0
2026-08-30T17:35:49.643000+09:00,2026-08-30T08:35:49.643000+00:00,094623,1887.9,1,0,0,0,0,13436,497,13436,0,0,0,0,4655,-26560,8278,6,4480,8,129,0,0,0,0,0,0,0,0,0,31082107,2018,0.46,1188.08,3075.96,0,52,98.3,67.1,36.8,63.5,525.3,41.2,602.7,158.6,161.1,1055.7,364973,5081,12.76,90.9,1510,2.63,1.14,31.6,43.3,65,26.6,12234521,72915,78.4,3431.98,0,1200,400,720,240,4200,7500,8500,102,1.5,6000,0,0,0,0,0,66.53,30,70.91,67.05,44.3,0,0
2026-08-30T17:36:49.724000+09:00,2026-08-30T08:36:49.724000+00:00,094623,1876.9,1,0,0,0,0,13436,498,13436,0,0,0,0,4651,-28608,10326,6,4480,0,129,0,0,0,0,0,0,0,0,0,31082107,2018,0.43,1149.02,3025.91,0,52,97.6,68,36.7,63.7,526.3,40.9,604.8,159.8,162.5,1042.7,364973,5081,12.67,89.9,1510,2.65,1.15,31.5,43.5,65,26.65,12234525,72915,79.93,3431.98,0,1200,400,720,240,4200,7500,8500,102,1.5,6000,0,0,0,0,0,68.68,30,68.67,64.74,44.3,0,0
2026-08-30T17:37:49.820000+09:00,2026-08-30T08:37:49.820000+00:00,094623,1823.2,1,0,0,0,0,13436,497,13436,0,0,0,0,4651,-28608,18518,6,4480,528,129,0,0,0,0,0,0,0,0,0,31082107,2018,0.43,1063.57,2886.75,0,52,97.3,68.7,36.7,63.9,528.1,40.4,605,160.1,162.7,1058.9,364973,5081,12.63,89.2,1500,2.64,1.15,31.2,44.2,65,26.51,12234530,72915,78.1,3431.98,0,1200,400,720,240,4200,7500,8500,102,1.5,6000,0,0,0,0,0,71.32,30,66.91,61.83,44.3,0,0
2026-08-30T17:38:49.929000+09:00,2026-08-30T08:38:49.929000+00:00,094623,1894.0,1,0,0,0,0,13436,497,13436,0,0,0,0,4651,-28608,10326,6,4480,0,129,0,0,0,0,0,0,0,0,0,31082107,2018,0.47,1138.04,3032.01,0,52.2,98.1,68.6,36.7,63.9,528,40.7,604.3,159.5,161.9,1045.8,364973,5081,12.79,89.7,1510,2.63,1.15,31.6,44,65,26.53,12234534,72915,75.59,3431.98,0,1200,400,720,240,4200,7500,8500,102,1.5,6000,0,0,0,0,0,72.09,30,68.61,62.31,44.3,0,0
2026-08-30T17:39:50.013000+09:00,2026-08-30T08:39:50.013000+00:00,094623,1918.4,1,0,0,0,0,13436,497,13436,0,0,0,0,4655,-28608,10326,6,4480,0,129,0,0,0,0,0,0,0,0,0,31082107,2018,0.5,1146.58,3064.97,0,52.5,99.1,68.4,36.7,64,527.9,40.4,604.7,159.9,162.3,1036.2,364973,5081,12.65,90.9,1500,2.63,1.16,31.7,43.7,65,26.55,12234539,72915,76.48,3431.98,0,1200,400,720,240,4200,7500,8500,102,1.5,6000,0,0,0,0,0,72.24,30,72.83,66.09,44.3,0,0
2026-08-30T17:40:50.112000+09:00,2026-08-30T08:40:50.112000+00:00,094623,2027.0,1,0,0,0,0,13436,497,13436,0,0,0,0,4655,-28608,12374,6,4512,72,129,0,0,0,0,0,0,0,0,0,31082107,2018,0.48,1222.27,3249.31,0,52.7,98.3,68.4,36.7,64.2,526,40.6,605.8,160.5,163.6,1064.4,364973,5081,12.69,90.8,1500,2.63,1.15,32,42.4,65,26.46,12234543,72915,80.83,3431.98,0,1200,400,720,240,4200,7500,8500,102,1.5,6000,0,0,0,0,0,72.83,30,71.33,67.4,44.3,0,0
2026-08-30T17:41:50.204000+09:00,2026-08-30T08:41:50.204000+00:00,094623,1973.3,1,0,0,0,0,13436,495,13436,0,0,0,0,4651,-28608,10326,518,4480,0,129,0,0,0,0,0,0,0,0,0,31082107,2018,0.47,1177.1,3150.43,0,52.9,98.3,68.4,36.7,64.4,527.4,40.8,605,160.8,163.9,1062.1,364974,5082,12.62,90.3,1490,2.63,1.15,31.7,43,65,26.19,12234548,72915,80.07,3431.98,0,1200,400,720,240,4200,7500,8500,102,1.5,6000,0,0,0,0,0,73.39,30,71.62,66.89,44.3,0,0
2026-08-30T17:42:50.294000+09:00,2026-08-30T08:42:50.294000+00:00,094623,1928.2,1,0,0,0,0,13436,496,13436,0,0,0,0,4651,-28608,18518,6,4480,528,129,0,0,0,0,0,0,0,0,0,31082107,2018,0.46,1090.43,3018.59,0,53.2,98.5,68.3,36.7,64.5,529.1,40.3,603.9,161.3,164.2,1065.9,364974,5082,12.51,89.9,1500,2.6,1.15,31.3,43.5,65,26.5,12234552,72915,77.95,3431.98,0,1200,400,720,240,4200,7500,8500,102,1.5,6000,0,0,0,0,0,73.65,30,72.83,65.87,44.4,0,0
2026-08-30T17:43:50.398000+09:00,2026-08-30T08:43:50.398000+00:00,094623,2018.5,1,0,0,0,0,13436,496,13436,0,0,0,0,4655,-28608,10326,590,4480,8192,129,0,0,0,0,0,0,0,0,0,31082107,2018,0.47,1239.36,3257.85,0,53.4,98.7,68,36.6,64.7,525.8,41.9,605,162.5,165.3,1026.3,364974,5082,12.73,89.9,1500,2.62,1.14,31.4,41.8,65,26.42,12234556,72915,79.36,3431.99,0,1200,400,720,240,4200,7500,8500,102,1.5,6000,0,0,0,0,0,72.98,30,74.37,65.74,44.3,0,0
2026-08-30T17:44:50.489000+09:00,2026-08-30T08:44:50.489000+00:00,094623,1975.8,1,0,0,0,0,13436,498,13436,0,0,0,0,4655,-28608,10326,6,4480,0,129,0,0,0,0,0,0,0,0,0,31082107,2018,0.47,1128.27,3104.04,0,53.5,98,68.1,36.6,64.8,528.4,41,604.7,162.8,165.7,1070.1,364974,5082,12.7,90.1,1500,2.62,1.14,31.2,42.8,65,26.66,12234561,72915,77.87,3431.99,0,1200,400,720,240,4200,7500,8500,102,1.5,6000,0,0,0,0,0,73.48,30,72.81,66.49,44.3,0,0
2026-08-30T17:45:50.580000+09:00,2026-08-30T08:45:50.580000+00:00,094623,1906.2,1,0,0,0,0,13436,497,13436,0,0,0,0,4651,-28608,12374,6,4512,72,129,0,0,0,0,0,0,0,0,0,31082107,2018,0.47,1011.08,2917.26,0,53.7,97.7,68.1,36.6,64.8,531.4,41.2,603.5,161.1,163.5,1043.9,364974,5082,12.8,90.1,1500,2.63,1.15,31,44.2,65,26.66,12234565,72915,79.16,3431.99,0,1200,400,720,240,4200,7500,8500,102,1.5,6000,0,0,0,0,0,73.63,30,71.59,66.61,44.3,0,0
2026-08-30T17:46:50.683000+09:00,2026-08-30T08:46:50.683000+00:00,094623,2060.0,1,0,0,0,0,13436,496,13436,0,0,0,0,4651,-28608,10326,6,4480,0,129,0,0,0,0,0,0,0,0,0,31082107,2018,0.5,1113.62,3173.62,0,53.7,97.7,68.1,36.6,64.8,528.7,40.7,604.9,162.2,164.7,1034.1,364974,5082,12.88,90.2,1500,2.6,1.16,31.7,43,65,26.66,12234570,72915,79.08,3431.99,0,1200,400,720,240,4200,7500,8500,102,1.5,6000,0,0,0,0,0,73.79,30,71.05,67.36,44.3,0,0
2026-08-30T17:47:50.778000+09:00,2026-08-30T08:47:50.778000+00:00,094623,1988.0,1,0,0,0,0,13436,495,13436,0,0,0,0,4655,-28608,18518,6,4480,528,129,0,0,0,0,0,0,0,0,0,31082107,2018,0.49,1042.82,3030.79,0,53.9,97.9,68.2,36.6,64.9,530.4,40.3,605,161.3,163.5,1037.6,364975,5083,12.62,90.4,1500,2.61,1.15,31.3,43.6,65,26.53,12234574,72915,80.07,3431.99,0,1200,400,720,240,4200,7500,8500,102,1.5,6000,0,0,0,0,0,74.31,30,71.24,68.74,44.3,0,0
2026-08-30T17:48:50.881000+09:00,2026-08-30T08:48:50.881000+00:00,094623,2046.6,1,0,0,0,0,13436,495,13436,0,0,0,0,4651,-28608,10326,6,4480,0,129,0,0,0,0,0,0,0,0,0,31082107,2018,0.47,1042.82,3089.39,0,54.1,98.5,68.3,36.6,65,529,40.7,605.8,161.6,164.2,1063.5,364975,5083,12.7,89.6,1500,2.6,1.14,31.2,42.9,65,26.44,12234579,72915,78.96,3431.99,0,1200,400,720,240,4200,7500,8500,102,1.5,6000,0,0,0,0,0,75.13,30,73.28,66.36,44.3,0,0
2026-08-30T17:49:50.981000+09:00,2026-08-30T08:49:50.981000+00:00,094623,1903.4,1,0,0,0,0,13436,495,13436,0,0,0,0,4655,-28608,10326,6,4480,0,129,0,0,0,0,0,0,0,0,0,31082107,2018,0.46,950.04,2853.48,0,54.2,98.6,68.2,36.6,65,532.5,40.5,603.9,160.2,162.7,1040.8,364975,5083,12.79,89.6,1500,2.61,1.15,30.8,44.5,65,26.56,12234583,72915,77.68,3431.99,0,1200,400,720,240,4200,7500,8500,102,1.5,6000,0,0,0,0,0,75.19,30,74.56,65.47,44.3,0,0
2026-08-30T17:50:51.068000+09:00,2026-08-30T08:50:51.068000+00:00,094623,2103.9,1,0,0,0,0,13436,495,13436,0,0,0,0,4655,-28608,12374,6,4512,72,129,0,0,0,0,0,0,0,0,0,31082107,2018,0.46,1212.5,3316.45,0,54.2,97.4,68,36.6,65,528.6,40.5,604.2,161.7,164.2,1040.3,364975,5083,12.84,89.9,1500,2.61,1.16,31.9,42.4,65,26.15,12234587,72915,77.37,3431.99,0,1200,400,720,240,4200,7500,8500,102,1.5,6000,0,0,0,0,0,74.77,30,70.77,65.99,44.3,0,0
2026-08-30T17:51:51.167000+09:00,2026-08-30T08:51:51.167000+00:00,094623,2173.5,1,0,0,0,0,13436,495,13436,0,0,0,0,4655,-26560,10390,6,20864,0,129,0,0,0,0,0,0,0,0,0,31082107,2018,0.47,1145.36,3318.89,0,54.3,97.4,68.1,36.6,65.2,527.1,40.6,605.2,163.8,166.6,1041.9,364975,5083,12.82,90.8,1500,2.61,1.15,31.9,41.9,65,26.54,12234592,72915,78.91,3432,0,1200,400,720,240,4200,7500,8500,102,1.5,6000,0,0,0,0,0,75.15,30,69.7,69.15,44.3,0,0
2026-08-30T17:52:51.261000+09:00,2026-08-30T08:52:51.261000+00:00,094623,1991.6,1,0,0,0,0,13436,496,13436,0,0,0,0,4651,-28608,18518,6,4480,528,129,0,0,0,0,0,0,0,0,0,31082107,2018,0.45,1030.61,3022.25,0,54.4,97.8,68.4,36.6,65.4,530.9,40.6,606.4,161.8,164.4,1035.3,364975,5083,12.73,90.6,1500,2.62,1.15,31,43.6,65,26.39,12234596,72915,80.44,3432,0,1200,400,720,240,4200,7500,8500,102,1.5,6000,0,0,0,0,0,76.39,30,70.33,69.98,44.3,0,0
2026-08-30T17:53:51.357000+09:00,2026-08-30T08:53:51.357000+00:00,094623,1955.0,1,0,0,0,0,13436,497,13436,0,0,0,0,4651,-28608,10342,6,12676,0,129,0,0,0,0,0,0,0,0,0,31082107,2018,0.43,976.9,2931.91,0,54.5,98.2,68.3,36.5,65.3,532.7,41.7,604.1,160.4,162.9,1037.7,364976,5084,12.74,89.5,1500,2.61,1.14,30.8,43.9,65,26.46,12234600,72915,79.42,3432,0,1200,400,720,240,4200,7500,8500,102,1.5,6000,0,0,0,0,0,76.58,30,71.56,66.65,44.3,0,0
2026-08-30T17:54:51.451000+09:00,2026-08-30T08:54:51.451000+00:00,094623,2090.5,1,0,0,0,0,13436,499,13436,0,0,0,0,4651,-28608,10326,6,4480,0,129,0,0,0,0,0,0,0,0,0,31082107,2018,0.46,979.34,3069.86,0,54.6,98.3,68.1,36.5,65.2,529,41.3,605,160.1,162.5,1023.5,364976,5084,12.69,89.4,1510,2.61,1.14,31.2,43.3,65,26.63,12234605,72915,77.19,3432,0,1200,400,720,240,4200,7500,8500,102,1.5,6000,0,0,0,0,0,76.31,30,72.37,65.48,44.4,0,0
2026-08-30T17:55:51.558000+09:00,2026-08-30T08:55:51.558000+00:00,094623,2141.8,1,0,0,0,0,13436,496,13436,0,0,0,0,4651,-28608,12374,6,4512,72,129,0,0,0,0,0,0,0,0,0,31082107,2018,0.47,1128.27,3270.06,0,54.6,98.3,68,36.5,65.3,529,40.5,604.7,161.4,163.9,1023.3,364976,5084,12.59,89.7,1500,2.6,1.15,31.8,42.8,65,26.28,12234609,72915,77.62,3432,0,1200,400,720,240,4200,7500,8500,102,1.5,6000,0,0,0,0,0,76.07,30,72.77,65.78,44.3,0,0
2026-08-30T17:56:51.661000+09:00,2026-08-30T08:56:51.661000+00:00,094623,2163.8,1,0,0,0,0,13436,496,13436,0,0,0,0,4651,-28608,10326,6,4480,0,129,0,0,0,0,0,0,0,0,0,31082107,2018,0.48,1101.41,3265.17,0,54.7,98.3,68.1,36.5,65.4,527.8,41.1,604.4,162.4,164.8,1034.4,364976,5084,12.73,90.1,1500,2.6,1.15,31.6,42.2,65,26.7,12234614,72915,77.75,3432,0,1200,400,720,240,4200,7500,8500,102,1.5,6000,0,0,0,0,0,76.34,30,73.12,66.94,44.3,0,0
2026-08-30T17:57:51.785000+09:00,2026-08-30T08:57:51.785000+00:00,094623,2158.9,1,0,0,0,0,13436,496,13436,0,0,0,0,4651,-28608,18518,6,4480,16,129,0,0,0,0,0,0,0,0,0,31082107,2018,0.49,1188.08,3346.96,0,54.7,98.3,68.2,36.5,65.5,528.4,40.3,604.7,162,164.6,1065.8,364976,5084,12.69,90.4,1500,2.59,1.14,31.3,41.5,65,26.59,12234618,72915,77.93,3432,0,1200,400,720,240,4200,7500,8500,102,1.5,6000,0,0,0,0,0,76.9,30,73.63,68.37,44.3,0,0
2026-08-30T17:58:51.866000+09:00,2026-08-30T08:58:51.866000+00:00,094623,2007.5,1,0,0,0,0,13436,495,13436,0,0,0,0,4655,-28608,10326,6,4480,0,129,0,0,0,0,0,0,0,0,0,31082107,2018,0.5,897.55,2905.06,0,54.8,98.5,68,36.5,65.5,532.7,40.3,605.8,160.7,163.3,1066.9,364976,5084,12.67,90.6,1500,2.59,1.14,30.7,43.9,65,26.61,12234623,72915,77.85,3432,0,1200,400,720,240,4200,7500,8500,102,1.5,6000,0,0,0,0,0,76.34,30,74.75,69.81,44.2,0,0
2026-08-30T17:59:51.960000+09:00,2026-08-30T08:59:51.960000+00:00,094623,2178.4,1,0,0,0,0,13436,498,13436,0,0,0,0,4651,-28608,10326,6,4480,0,129,0,0,0,0,0,0,0,0,0,31082107,2018,0.49,1169.77,3348.19,0,55,98.6,67.8,36.5,65.5,529.9,40.3,602.6,160.1,162.5,1057.7,364977,5085,12.63,90.6,1510,2.61,1.15,31.7,42.4,65,26.7,12234627,72915,79.24,3432.01,0,1200,400,720,240,4200,7500,8500,102,1.5,6000,0,0,0,0,0,75.77,30,76.05,70.97,44.2,0,0
2026-08-30T18:00:52.053000+09:00,2026-08-30T09:00:52.053000+00:00,094623,2201.6,1,0,0,0,0,13436,498,13436,0,0,0,0,4651,-28608,12374,6,4512,8,129,0,0,0,0,0,0,0,0,0,31082107,2018,0.46,1196.63,3398.24,0,55,98.1,67.8,36.4,65.6,527.8,41.8,602.2,161.5,164.2,1050.4,364977,5085,12.71,90.2,1500,2.61,1.14,31.5,41.6,65,26.43,12234632,72915,80.6,3432.01,0,1200,400,720,240,4200,7500,8500,102,1.5,6000,0,0,0,0,0,75.41,30,75,70.27,44.3,0,0
2026-08-30T18:01:52.138000+09:00,2026-08-30T09:01:52.138000+00:00,094623,2139.3,1,0,0,0,0,13436,496,13436,0,0,0,0,4651,-28608,10326,6,4480,0,129,0,0,0,0,0,0,0,0,0,31082107,2018,0.45,1085.54,3224.89,0,55.1,97.7,67.9,36.4,65.7,530.1,40.6,601.3,161.7,164.2,1052.6,364977,5085,12.69,89.9,1500,2.61,1.15,31.3,42.5,65,26.67,12234636,72915,78.48,3432.01,0,1200,400,720,240,4200,7500,8500,102,1.5,6000,0,0,0,0,0,75.43,30,73.57,69.25,44.2,0,0
2026-08-30T18:02:52.241000+09:00,2026-08-30T09:02:52.241000+00:00,094623,2239.4,1,0,0,0,0,13436,496,13436,0,0,0,0,4655,-26560,10326,590,4480,8192,129,0,0,0,0,0,0,0,0,0,31082107,2018,0.47,1201.51,3440.96,0,55.2,97.6,68,36.4,65.7,527.4,40.7,603.6,162.5,164.9,1176.3,364977,5085,12.46,89.9,1500,2.59,1.16,31.9,41.7,65,26.63,12234640,72915,79.68,3432.01,0,1200,400,720,240,4200,7500,8500,102,1.5,6000,0,0,0,0,0,75.65,30,72.71,69.07,44.2,0,0
2026-08-30T18:03:52.321000+09:00,2026-08-30T09:03:52.321000+00:00,094623,2152.8,1,0,0,0,0,13436,495,13436,0,0,0,0,4651,-28608,10326,6,4480,0,129,0,0,0,0,0,0,0,0,0,31082107,2018,0.46,1139.26,3292.03,0,55.2,97.7,68.1,36.4,65.9,529.9,39.8,605.1,163.1,165.5,1089,364977,5085,12.84,90,1490,2.6,1.15,31.3,42.1,65,26.55,12234645,72915,78.52,3432.01,0,1200,400,720,240,4200,7500,8500,102,1.5,6000,0,0,0,0,0,76.05,30,72.49,69.14,44.2,0,0
2026-08-30T18:04:52.417000+09:00,2026-08-30T09:04:52.417000+00:00,094623,2251.7,1,0,0,0,0,13436,496,13436,0,0,0,0,4651,-28608,10326,6,4480,0,129,0,0,0,0,0,0,0,0,0,31082107,2018,0.46,1048.92,3300.58,0,55.3,97.6,68.2,36.3,65.9,529,40.3,605,161.6,163.8,1052.3,364977,5085,12.63,90,1500,2.59,1.15,31.8,42.2,65,26.62,12234649,72915,78.14,3432.01,0,1200,400,720,240,4200,7500,8500,102,1.5,6000,0,0,0,0,0,76.68,30,71.72,69.17,44.2,0,0
2026-08-30T18:05:52.511000+09:00,2026-08-30T09:05:52.511000+00:00,094623,2201.6,1,0,0,0,0,13436,496,13436,0,0,0,0,4655,-28608,12374,6,4480,8,129,0,0,0,0,0,0,0,0,0,31082107,2018,0.45,1178.32,3379.92,0,55.3,97.7,68.4,36.3,66,529.1,40.7,605.3,162.4,165.2,1062.3,364978,5086,12.65,89.8,1500,2.6,1.15,31.4,41.9,65,26.31,12234654,72915,78.59,3432.01,0,1200,400,720,240,4200,7500,8500,102,1.5,6000,0,0,0,0,0,77.74,30,71.48,68.31,44.2,0,0
2026-08-30T18:06:52.620000+09:00,2026-08-30T09:06:52.620000+00:00,094623,2121.0,1,0,0,0,0,13436,496,13436,0,0,0,0,4655,-28608,10326,6,4480,0,129,0,0,0,0,0,0,0,0,0,31082107,2018,0.47,1074.56,3195.59,0,55.4,97.8,68.2,36.3,65.9,532.4,40.6,604.4,160.9,162.9,1062.6,364978,5086,12.68,89.8,1500,2.6,1.16,31.3,43.1,65,26.71,12234658,72915,77.87,3432.02,0,1200,400,720,240,4200,7500,8500,102,1.5,6000,0,0,0,0,0,77.6,30,71.32,67.88,44.2,0,0
2026-08-30T18:07:52.710000+09:00,2026-08-30T09:07:52.710000+00:00,094623,2177.2,1,0,0,0,0,13436,494,13436,0,0,0,0,4651,-26560,10326,6,4481,0,129,0,0,0,0,0,0,0,0,0,31082107,2018,0.48,1001.31,3178.5,0,55.4,98.3,68,36.3,65.8,530.9,41.3,605.2,161.7,163.9,1062.4,364978,5086,12.84,89.7,1500,2.59,1.15,31.1,42.6,65,26.53,12234662,72915,79.71,3432.02,0,1200,400,720,240,4200,7500,8500,102,1.5,6000,0,0,0,0,0,77.07,30,72.88,67.21,44.2,0,0
2026-08-30T18:08:52.821000+09:00,2026-08-30T09:08:52.821000+00:00,094623,2113.7,1,0,0,0,0,13436,496,13436,0,0,0,0,4651,-28608,10390,6,20864,0,129,0,0,0,0,0,0,0,0,0,31082107,2018,0.47,968.35,3082.06,0,55.4,98.4,67.9,36.3,65.8,533.1,40.2,602.7,160,162,1044.8,364978,5086,12.92,89.8,1500,2.61,1.15,31,43.5,65,26.47,12234667,72915,79.61,3432.02,0,1200,400,720,240,4200,7500,8500,102,1.5,6000,0,0,0,0,0,76.75,30,73.95,67.16,44.2,0,0
2026-08-30T18:09:52.923000+09:00,2026-08-30T09:09:52.923000+00:00,094623,2395.7,1,0,0,0,0,13436,496,13436,0,0,0,0,4655,-28608,10326,590,4480,8192,129,0,0,0,0,0,0,0,0,0,31082107,2018,0.51,1333.35,3729.06,0,55.4,98.6,67.8,36.3,65.7,525.7,41.8,603.1,162.4,164.6,1059.9,364978,5086,12.82,90,1500,2.59,1.17,32.6,41,65,26.6,12234671,72915,79.5,3432.02,0,1200,400,720,240,4200,7500,8500,102,1.5,6000,0,0,0,0,0,76.13,30,75.19,67.42,44.2,0,0
2026-08-30T18:10:53.036000+09:00,2026-08-30T09:10:53.036000+00:00,094623,2218.7,1,0,0,0,0,13436,497,13436,0,0,0,0,4655,-28608,2198,6,20864,528,129,0,0,0,0,0,0,0,0,0,31082107,2018,0.49,1024.51,3243.2,0,55.4,98.6,67.9,36.3,66,530.1,41.4,603.6,163.7,166.2,1070,364978,5086,12.52,90.2,1510,2.61,1.14,31.2,42.2,65,26.51,12234676,72915,78.48,3432.02,0,1200,400,720,240,4200,7500,8500,102,1.5,6000,0,0,0,0,0,76.31,30,76.4,68.31,44.2,0,0
2026-08-30T18:11:53.110000+09:00,2026-08-30T09:11:53.110000+00:00,094623,2226.0,1,0,0,0,0,13436,495,13436,0,0,0,0,4651,-28608,10326,6,4480,0,129,0,0,0,0,0,0,0,0,0,31082107,2018,0.45,1129.49,3355.51,0,55.3,98.1,67.9,36.3,65.9,529.5,41.2,602.9,162.6,164.9,1040,364979,5087,12.85,90.8,1490,2.6,1.16,31.5,42.3,65,26.54,12234680,72915,80.06,3432.02,0,1200,400,720,240,4200,7500,8500,102,1.5,6000,0,0,0,0,0,76.05,30,75.21,70.92,44.2,0,0
2026-08-30T18:12:53.217000+09:00,2026-08-30T09:12:53.217000+00:00,094623,2295.6,1,0,0,0,0,13436,497,13436,0,0,0,0,4655,-28608,10342,6,12676,0,129,0,0,0,0,0,0,0,0,0,31082107,2018,0.44,1175.88,3471.48,0,55.3,97.8,67.9,36.3,65.9,529.3,40.8,604.2,163.8,166.3,1069.8,364979,5087,12.8,90.6,1500,2.6,1.15,31.6,41.5,65,26.5,12234684,72915,80.67,3432.02,0,1200,400,720,240,4200,7500,8500,102,1.5,6000,0,0,0,0,0,76.02,30,74.27,71.58,44.2,0,0
2026-08-30T18:13:53.310000+09:00,2026-08-30T09:13:53.310000+00:00,094623,2302.9,1,0,0,0,0,13436,497,13436,0,0,0,0,4651,-28608,10326,6,4480,0,129,0,0,0,0,0,0,0,0,0,31082107,2018,0.44,1158.79,3461.71,0,55.4,97.8,68,36.3,65.9,528.9,42.3,604.5,163.6,165.7,1057.7,364979,5087,12.74,89.9,1500,2.6,1.14,31.5,41.4,65,26.58,12234689,72915,80.12,3432.02,0,1200,400,720,240,4200,7500,8500,102,1.5,6000,0,0,0,0,0,76.18,30,73.92,69.81,44.2,0,0
2026-08-30T18:14:53.394000+09:00,2026-08-30T09:14:53.394000+00:00,094623,2196.7,1,0,0,0,0,13436,497,13436,0,0,0,0,4651,-28608,10326,6,4480,0,129,0,0,0,0,0,0,0,0,0,31082107,2018,0.44,1044.04,3240.76,0,55.4,97.7,68,36.3,66,530.6,41.5,605.3,163.7,165.9,1050.7,364979,5087,12.68,89.4,1500,2.6,1.14,31.1,42.2,65,26.61,12234693,72915,78.35,3432.03,0,1200,400,720,240,4200,7500,8500,102,1.5,6000,0,0,0,0,0,76.17,30,73.18,67.61,44.2,0,0
2026-08-30T18:15:53.487000+09:00,2026-08-30T09:15:53.487000+00:00,094623,2339.6,1,0,0,0,0,13436,496,13436,0,0,0,0,4651,-28608,18518,6,4480,528,129,0,0,0,0,0,0,0,0,0,31082107,2018,0.44,1190.53,3530.08,0,55.4,97.6,68,36.3,65.9,528.7,40.9,604.9,163,164.9,1042.7,364979,5087,12.28,89.3,1500,2.6,1.16,31.9,41.6,65,26.37,12234698,72915,79.13,3432.03,0,1200,400,720,240,4200,7500,8500,102,1.5,6000,0,0,0,0,0,76.17,30,72.38,66.29,44.2,0,0
2026-08-30T18:16:53.576000+09:00,2026-08-30T09:16:53.576000+00:00,094623,2257.8,1,0,0,0,0,13436,495,13436,0,0,0,0,4651,-28608,10326,6,4480,0,129,0,0,0,0,0,0,0,0,0,31082107,2018,0.46,1139.26,3397.02,0,55.4,97.5,67.9,36.3,66,529.5,41.1,604.6,163.4,165.8,1037.2,364979,5087,12.86,89.7,1500,2.58,1.15,31.3,41.7,65,26.53,12234702,72915,77.33,3432.03,0,1200,400,720,240,4200,7500,8500,102,1.5,6000,0,0,0,0,0,75.67,30,71.4,66.76,44.1,0,0
2026-08-30T18:17:53.685000+09:00,2026-08-30T09:17:53.685000+00:00,094623,2349.3,1,0,0,0,0,13436,498,13436,0,0,0,0,4651,-28608,10326,590,4480,8192,129,0,0,0,0,0,0,0,0,0,31082107,2018,0.46,1177.1,3526.41,0,55.4,97.8,67.9,36.3,66,527.9,41.3,604.2,163,165,1044.1,364980,5088,12.28,90,1510,2.61,1.15,31.7,41.2,65,26.23,12234707,72915,78.82,3432.03,0,1200,400,720,240,4200,7500,8500,102,1.5,6000,0,0,0,0,0,75.67,30,71.7,67.7,44.1,0,0
2026-08-30T18:18:53.762000+09:00,2026-08-30T09:18:53.762000+00:00,094623,2218.7,1,0,0,0,0,13436,498,13436,0,0,0,0,4655,-26560,12374,6,4480,8,129,0,0,0,0,0,0,0,0,0,31082107,2018,0.46,1079.44,3298.13,0,55.4,98.2,67.9,36.3,66,531.2,40.9,602.9,162.4,164.4,1024.7,364980,5088,12.41,90.9,1510,2.6,1.15,31.1,42.3,65,26.67,12234711,72915,79.54,3432.03,0,1200,400,720,240,4200,7500,8500,102,1.5,6000,0,0,0,0,0,75.52,30,73.01,71.29,44.1,0,0
2026-08-30T18:19:53.893000+09:00,2026-08-30T09:19:53.893000+00:00,094623,2393.3,1,0,0,0,0,13436,496,13436,0,0,0,0,4651,-28608,10326,6,4480,0,129,0,0,0,0,0,0,0,0,0,31082107,2018,0.46,1155.13,3548.39,0,55.5,98.6,67.9,36.3,65.9,528.3,40.4,602.7,162.6,164.6,1101.1,364980,5088,12.67,90.2,1500,2.59,1.15,31.9,41.3,65,26.56,12234715,72915,81.39,3432.03,0,1200,400,720,240,4200,7500,8500,102,1.5,6000,0,0,0,0,0,75.26,30,74.62,70.07,44.1,0,0
2026-08-30T18:20:53.990000+09:00,2026-08-30T09:20:53.990000+00:00,094623,2307.8,1,0,0,0,0,13436,498,13436,0,0,0,0,4651,-28608,18518,6,4480,528,129,0,0,0,0,0,0,0,0,0,31082107,2018,0.45,1084.32,3392.13,0,55.5,98.8,68,36.3,66.1,529.1,40.1,603.4,163.7,166.2,1099.3,364980,5088,12.75,89.2,1500,2.6,1.14,31.3,41.4,65,26.53,12234720,72915,78.48,3432.03,0,1200,400,720,240,4200,7500,8500,102,1.5,6000,0,0,0,0,0,75.54,30,76.6,66.36,44.1,0,0
2026-08-30T18:21:54.088000+09:00,2026-08-30T09:21:54.088000+00:00,094623,2298.0,1,0,0,0,0,13436,495,13436,0,0,0,0,4651,-28608,10326,6,4480,0,129,0,0,0,0,0,0,0,0,0,31082107,2018,0.44,1095.31,3393.35,0,55.5,97.8,68,36.3,66.1,529.2,40.5,605.4,163.4,165.7,1080,364980,5088,12.75,89.4,1500,2.6,1.15,31.3,41.5,65,26.6,12234724,72915,78.92,3432.03,0,1200,400,720,240,4200,7500,8500,102,1.5,6000,0,0,0,0,0,75.48,30,73.91,65.87,44.1,0,0
2026-08-30T18:22:54.179000+09:00,2026-08-30T09:22:54.179000+00:00,094623,2331.0,1,0,0,0,0,13436,495,13436,0,0,0,0,4655,-28608,10326,6,4480,0,129,0,0,0,0,0,0,0,0,0,31082107,2018,0.44,1196.63,3527.63,0,55.5,97.3,68,36.3,66.1,529.6,40,604.8,163.2,165.3,1061.9,364980,5088,12.68,90,1500,2.59,1.15,31.6,41.3,65,26.52,12234729,72915,77.26,3432.04,0,1200,400,720,240,4200,7500,8500,102,1.5,6000,0,0,0,0,0,75.48,30,71.65,67.23,44.1,0,0
2026-08-30T18:23:54.263000+09:00,2026-08-30T09:23:54.263000+00:00,094623,2374.9,1,0,0,0,0,13436,497,13436,0,0,0,0,4655,-26560,12374,6,4513,72,129,0,0,0,0,0,0,0,0,0,31082107,2018,0.45,1185.64,3560.59,0,55.5,97.7,67.9,36.2,66.1,528.9,40.4,604.8,163.7,165.6,1050.2,364981,5089,12.34,91.2,1500,2.59,1.16,31.8,41.2,65,26.64,12234733,72915,77.22,3432.04,0,1200,400,720,240,4200,7500,8500,102,1.5,6000,0,0,0,0,0,75.21,30,72.08,71.46,44.1,0,0
2026-08-30T18:24:54.352000+09:00,2026-08-30T09:24:54.352000+00:00,094623,2310.2,1,0,0,0,0,13436,496,13436,0,0,0,0,4655,-26560,10326,6,4480,0,129,0,0,0,0,0,0,0,0,0,31082107,2018,0.44,1174.66,3484.91,0,55.6,98.1,68,36.2,66.2,529.6,40.4,606.2,164.9,167,1048.1,364981,5089,12.52,90.7,1500,2.59,1.14,31.2,41.1,65,25.82,12234737,72915,79.56,3432.04,0,1200,400,720,240,4200,7500,8500,102,1.5,6000,0,0,0,0,0,75.36,30,73,71.2,44.1,0,0
2026-08-30T18:25:54.436000+09:00,2026-08-30T09:25:54.436000+00:00,094623,2333.4,1,0,0,0,0,13436,496,13436,0,0,0,0,4651,-28608,18518,518,4480,528,129,0,0,0,0,0,0,0,0,0,31082107,2018,0.44,1139.26,3472.7,0,55.6,98.3,68,36.2,66.1,530.9,40.4,605.1,163.6,165.3,1053.2,364981,5089,12.82,89.7,1500,2.59,1.16,31.6,41.9,65,25.99,12234742,72915,80.25,3432.04,0,1200,400,720,240,4200,7500,8500,102,1.5,6000,0,0,0,0,0,75.41,30,73.98,68.36,44.1,0,0
2026-08-30T18:26:54.555000+09:00,2026-08-30T09:26:54.555000+00:00,094623,2210.1,1,0,0,0,0,13436,494,13436,0,0,0,0,4655,-28608,10326,6,4480,0,129,0,0,0,0,0,0,0,0,0,31082107,2018,0.44,1045.26,3255.41,0,55.6,98.4,68.1,36.2,66.1,532.3,40.2,605,163.7,165.6,1040,364981,5089,12.5,89.3,1500,2.58,1.15,31,42.5,65,25.83,12234746,72915,78.01,3432.04,0,1200,400,720,240,4200,7500,8500,102,1.5,6000,0,0,0,0,0,75.76,30,74.86,66.21,44.1,0,0
2026-08-30T18:27:54.641000+09:00,2026-08-30T09:27:54.641000+00:00,094623,2354.2,1,0,0,0,0,13436,499,13436,0,0,0,0,4655,-28608,10390,6,20864,0,129,0,0,0,0,0,0,0,0,0,31082107,2018,0.46,1113.62,3467.82,0,55.6,98.2,68,36.2,66.1,530,41.3,602,163.9,165.7,1052,364981,5089,12.73,89.6,1510,2.6,1.15,31.4,41.5,65,25.77,12234751,72915,78.91,3432.04,0,1200,400,720,240,4200,7500,8500,102,1.5,6000,0,0,0,0,0,75.65,30,74.8,66.39,44,0,0
2026-08-30T18:28:54.781000+09:00,2026-08-30T09:28:54.781000+00:00,094623,2362.8,1,0,0,0,0,13436,495,13436,0,0,0,0,4655,-28608,12374,6,4512,72,129,0,0,0,0,0,0,0,0,0,31082107,2018,0.47,1202.73,3565.48,0,55.5,98.1,67.9,36.2,66.1,529.7,40.5,603.8,163.7,165.6,1060.8,364981,5089,12.87,89.7,1500,2.57,1.16,31.8,41.6,65,26.11,12234755,72915,77.8,3432.04,0,1200,400,720,240,4200,7500,8500,102,1.5,6000,0,0,0,0,0,75.11,30,74.56,66.23,44,0,0
2026-08-30T18:29:54.872000+09:00,2026-08-30T09:29:54.872000+00:00,094623,2313.9,1,0,0,0,0,13436,497,13436,0,0,0,0,4651,-28608,10390,518,20864,0,129,0,0,0,0,0,0,0,0,0,31082107,2018,0.47,1012.3,3326.21,0,55.5,98.1,67.9,36.1,66.1,532.2,41.1,602.9,163.4,165.4,1064.1,364982,5090,12.75,89.9,1500,2.59,1.14,31.1,42,65,25.73,12234760,72915,78.14,3432.05,0,1200,400,720,240,4200,7500,8500,102,1.5,6000,0,0,0,0,0,75.07,30,74.77,66.65,44,0,0
2026-08-30T18:30:54.948000+09:00,2026-08-30T09:30:54.948000+00:00,094623,2467.7,1,0,0,0,0,13436,497,13436,0,0,0,0,4651,-28608,18518,6,4480,528,129,0,0,0,0,0,0,0,0,0,31082107,2018,0.48,1244.24,3711.97,0,55.5,98.1,67.9,36.1,66.1,528,40.9,603.6,164.1,166.5,1040.8,364982,5090,12.47,90.2,1500,2.59,1.15,31.9,40.6,65,26.58,12234764,72915,79.64,3432.05,0,1200,400,720,240,4200,7500,8500,102,1.5,6000,0,0,0,0,0,74.92,30,74.85,67.51,44.1,0,0
2026-08-30T18:31:55.053000+09:00,2026-08-30T09:31:55.053000+00:00,094623,2296.8,1,0,0,0,0,13436,497,13436,0,0,0,0,4655,-28608,10342,6,12676,0,129,0,0,0,0,0,0,0,0,0,31082107,2018,0.48,1070.89,3367.72,0,55.4,98.2,68,36.1,66.2,531.1,40.2,604.5,163.6,165.9,1041.1,364982,5090,12.33,90.3,1500,2.6,1.15,31.2,41.9,65,26.51,12234768,72915,79.47,3432.05,0,1200,400,720,240,4200,7500,8500,102,1.5,6000,0,0,0,0,0,75.1,30,75.41,68.04,44.1,0,0
2026-08-30T18:32:55.142000+09:00,2026-08-30T09:32:55.142000+00:00,094623,2353.0,1,0,0,0,0,13436,497,13436,0,0,0,0,4655,-28608,10326,6,4480,0,129,0,0,0,0,0,0,0,0,0,31082107,2018,0.47,1062.35,3415.33,0,55.5,98.2,67.9,36.1,66.1,530.7,40.2,604.6,163,165.2,1051,364982,5090,12.91,91.2,1500,2.6,1.15,31.5,42,65,26.67,12234773,72915,78.01,3432.05,0,1200,400,720,240,4200,7500,8500,102,1.5,6000,0,0,0,0,0,74.75,30,75.64,71.79,44,0,0
2026-08-30T18:33:55.229000+09:00,2026-08-30T09:33:55.229000+00:00,094623,2425.0,1,0,0,0,0,13436,497,13436,0,0,0,0,4651,-28608,12374,6,4512,72,129,0,0,0,0,0,0,0,0,0,31082107,2018,0.44,1077,3502,0,55.5,98.5,68,36.1,66.2,529,40.2,604.6,164.4,166.8,1037.6,364982,5090,12.87,90.1,1500,2.58,1.14,31.5,41.1,65,26.3,12234777,72915,82.66,3432.05,0,1200,400,720,240,4200,7500,8500,102,1.5,6000,0,0,0,0,0,74.91,30,77.02,69.86,44,0,0
2026-08-30T18:34:55.316000+09:00,2026-08-30T09:34:55.316000+00:00,094623,2392.0,1,0,0,0,0,13436,497,13436,0,0,0,0,4655,-28608,10326,6,4480,0,129,0,0,0,0,0,0,0,0,0,31082107,2018,0.42,1203.96,3596,0,55.6,97.6,68.1,36.1,66.3,528.2,41.4,605.8,164.1,166.6,1062.7,364982,5090,12.71,89.4,1500,2.58,1.15,31.5,41,65,26.6,12234782,72915,78.38,3432.05,0,1200,400,720,240,4200,7500,8500,102,1.5,6000,0,0,0,0,0,75.29,30,74.69,66.99,44,0,0
2026-08-30T18:35:55.420000+09:00,2026-08-30T09:35:55.420000+00:00,094623,2409.1,1,0,0,0,0,13436,497,13436,0,0,0,0,4651,-28608,18518,6,4480,528,129,0,0,0,0,0,0,0,0,0,31082107,2018,0.43,1100.19,3509.32,0,55.6,96.9,68.1,36.1,66.3,529.5,40.5,605.7,163.7,166.3,1036.1,364983,5091,12.67,89.9,1500,2.58,1.14,31.4,41.1,65,26.5,12234786,72915,78.13,3432.05,0,1200,400,720,240,4200,7500,8500,102,1.5,6000,0,0,0,0,0,75.44,30,71.21,67.79,44,0,0
2026-08-30T18:36:55.510000+09:00,2026-08-30T09:36:55.510000+00:00,094623,2205.3,1,0,0,0,0,13436,495,13436,0,0,0,0,4655,-28608,10326,6,4480,0,129,0,0,0,0,0,0,0,0,0,31082107,2018,0.45,1028.17,3233.44,0,55.6,97.8,68.1,36.1,66.2,533.1,40.8,604.8,162,164.4,1021.3,364983,5091,12.56,90.5,1500,2.58,1.15,30.7,42.6,65,26.61,12234790,72915,78.61,3432.05,0,1200,400,720,240,4200,7500,8500,102,1.5,6000,0,0,0,0,0,75.53,30,72.9,69.76,44,0,0
2026-08-30T18:37:55.601000+09:00,2026-08-30T09:37:55.601000+00:00,094623,2207.7,1,0,0,0,0,13436,497,13436,0,0,0,0,4655,-28608,10326,6,4480,0,129,0,0,0,0,0,0,0,0,0,31082107,2018,0.47,1080.66,3288.37,0,55.6,98.1,68,36.1,66,533.8,40.7,603.8,160.8,162.8,1009.5,364983,5091,12.84,90.6,1500,2.59,1.15,30.7,42.3,65,26.69,12234795,72915,78.85,3432.06,0,1200,400,720,240,4200,7500,8500,102,1.5,6000,0,0,0,0,0,75.39,30,73.89,71.02,44,0,0
2026-08-30T18:38:55.691000+09:00,2026-08-30T09:38:55.691000+00:00,094623,2444.5,1,0,0,0,0,13436,495,13436,0,0,0,0,4651,-28608,12374,6,4512,72,129,0,0,0,0,0,0,0,0,0,31082107,2018,0.47,1120.94,3565.48,0,55.6,98.6,67.9,36,66,529.8,40.3,602.8,160.9,163.1,1050.4,364983,5091,12.68,89.9,1490,2.58,1.16,31.8,41.4,65,26.26,12234799,72915,80.01,3432.06,0,1200,400,720,240,4200,7500,8500,102,1.5,6000,0,0,0,0,0,74.92,30,75.96,69.3,44,0,0
2026-08-30T18:39:55.794000+09:00,2026-08-30T09:39:55.794000+00:00,094623,2445.8,1,0,0,0,0,13436,498,13436,0,0,0,0,4655,-28608,10326,6,4480,0,129,0,0,0,0,0,0,0,0,0,31082107,2018,0.45,1191.75,3637.5,0,55.6,98.2,67.9,36,66.1,528.9,40.1,602.1,163.6,166.3,1056.8,364983,5091,12.48,89.5,1500,2.61,1.15,31.5,40.6,65,26.68,12234804,72915,80.29,3432.06,0,1200,400,720,240,4200,7500,8500,102,1.5,6000,0,0,0,0,0,74.89,30,75.74,67.69,44,0,0
2026-08-30T18:40:55.891000+09:00,2026-08-30T09:40:55.891000+00:00,094623,2313.9,1,0,0,0,0,13436,496,13436,0,0,0,0,4655,-28608,18518,6,4480,0,129,0,0,0,0,0,0,0,0,0,31082107,2018,0.43,1091.65,3405.56,0,55.6,97.2,67.9,36,66.2,531.9,40.7,600.7,162.1,164.4,1085.9,364983,5091,12.73,89.2,1500,2.58,1.15,31,41.7,65,26.52,12234808,72915,77.9,3432.06,0,1200,400,720,240,4200,7500,8500,102,1.5,6000,0,0,0,0,0,74.65,30,72.18,65.71,44,0,0
2026-08-30T18:41:55.993000+09:00,2026-08-30T09:41:55.993000+00:00,094623,2389.6,1,0,0,0,0,13436,496,13436,0,0,0,0,4655,-28608,10326,6,4480,0,129,0,0,0,0,0,0,0,0,0,31082107,2018,0.44,1083.1,3472.7,0,55.6,97.5,67.9,36,66.1,530.9,40.5,602.2,162.7,165.3,1072.6,364984,5092,12.77,90.1,1490,2.57,1.15,31.3,41.4,65,26.62,12234812,72915,77.96,3432.06,0,1200,400,720,240,4200,7500,8500,102,1.5,6000,0,0,0,0,0,74.5,30,71.82,67.75,44,0,0
2026-08-30T18:42:56.077000+09:00,2026-08-30T09:42:56.077000+00:00,094623,2278.5,1,0,0,0,0,13436,496,13436,0,0,0,0,4655,-28608,10326,6,4480,0,129,0,0,0,0,0,0,0,0,0,31082107,2018,0.44,1036.71,3315.23,0,55.5,97.9,67.9,36,66.1,532.6,41.1,601.6,162.1,164.3,1033,364984,5092,12.73,91.3,1500,2.59,1.15,31,42.3,65,26.27,12234817,72915,80.8,3432.06,0,1200,400,720,240,4200,7500,8500,102,1.5,6000,0,0,0,0,0,74.38,30,72.7,72.63,44,0,0
2026-08-30T18:43:56.185000+09:00,2026-08-30T09:43:56.185000+00:00,094623,2371.3,1,0,0,0,0,13436,496,13436,0,0,0,0,4655,-28608,12374,6,4512,8,129,0,0,0,0,0,0,0,0,0,31082107,2018,0.43,1173.44,3544.72,0,55.6,98.5,67.9,36,66,532.1,40.6,600.9,162,163.9,1041.3,364984,5092,12.68,89.9,1500,2.58,1.16,31.4,41.5,65,26.32,12234821,72915,81.33,3432.06,0,1200,400,720,240,4200,7500,8500,102,1.5,6000,0,0,0,0,0,74.23,30,74.79,69.39,44,0,0
2026-08-30T18:44:56.282000+09:00,2026-08-30T09:44:56.282000+00:00,094623,2547.1,1,0,0,0,0,13436,495,13436,0,0,0,0,4655,-28608,10326,6,4480,0,129,0,0,0,0,0,0,0,0,0,31082107,2018,0.43,1179.54,3726.61,0,55.6,98.6,67.9,35.9,66,529.6,41,600.6,161.5,163.8,1030.2,364984,5092,12.39,89.2,1500,2.58,1.16,32.1,40.8,65,26.56,12234826,72915,78,3432.07,0,1200,400,720,240,4200,7500,8500,102,1.5,6000,0,0,0,0,0,74.04,30,76.07,66.28,44,0,0
2026-08-30T18:45:56.384000+09:00,2026-08-30T09:45:56.384000+00:00,094623,1498.2,1,0,0,0,0,13436,522,13436,0,0,0,0,4651,-28608,10326,6,4992,0,129,0,0,0,0,0,0,0,0,0,31082107,2018,0.39,801.11,2299.26,0,55.4,97.1,68.3,35.9,66,526.4,40.4,600.1,153.9,155.5,1027.2,364984,5092,12.79,89.5,1570,2.74,1.05,24.7,36.1,65,15.57,12234829,72915,70.33,3432.07,0,1200,400,720,240,4200,7500,8500,102,1.5,6000,0,0,0,0,0,69.07,30,65.42,59.99,44,0,0
2026-08-30T18:46:56.477000+09:00,2026-08-30T09:46:56.477000+00:00,094623,1168.6,1,0,0,0,0,13436,515,13436,0,0,0,0,4655,-26560,10390,6,21377,0,129,0,0,0,0,0,0,0,0,0,31082107,2018,0.45,801.11,1969.66,0,54.8,96.9,68.8,36,65.3,524.8,41.2,592.3,144.6,145.2,1016.5,364984,5092,12.92,92.5,1570,2.71,1.12,25.6,40.4,65,10.17,12234831,72915,61.42,3432.07,0,1200,400,720,240,4200,7500,8500,102,1.5,6000,0,0,0,0,0,69.29,30,60.6,67.45,43.9,0,0
2026-08-30T18:47:56.581000+09:00,2026-08-30T09:47:56.581000+00:00,094623,1548.2,1,0,0,0,0,13436,495,13436,0,0,0,0,4651,-28608,10326,6,4480,0,129,0,0,0,0,0,0,0,0,0,31082107,2018,0.38,1015.96,2564.17,0,54.7,98.7,68.7,36,64.6,517.7,41.1,595.2,145.9,146.2,1045.5,364985,5093,12.63,89.4,1490,2.6,1.17,30.7,45.4,65,24.19,12234834,72915,73.1,3432.07,0,1200,400,720,240,4200,7500,8500,102,1.5,6000,0,0,0,0,0,77.57,30,72.86,68.32,43.9,0,0
2026-08-30T18:48:56.664000+09:00,2026-08-30T09:48:56.664000+00:00,094623,1801.2,1,0,0,0,0,13436,496,13436,0,0,0,0,4655,-28608,8294,6,12676,0,129,0,0,0,0,0,0,0,0,0,31082107,2018,0.38,1189.31,2990.51,0,54.7,98.5,67.9,35.9,64.8,522.2,41.6,602.8,154.4,156.5,1072.4,364985,5093,12.69,88.4,1500,2.6,1.16,31.7,43.4,65,26.05,12234838,72915,77.87,3432.07,0,1200,400,720,240,4200,7500,8500,102,1.5,6000,0,0,0,0,0,76.81,30,74.88,64.38,43.9,0,0
2026-08-30T18:49:56.759000+09:00,2026-08-30T09:49:56.759000+00:00,094623,1737.4,1,0,0,0,0,13436,496,13436,0,0,0,0,4651,-28608,10326,6,4480,0,129,0,0,0,0,0,0,0,0,0,31082107,2018,0.39,1007.42,2744.83,0,54.7,96.9,67.3,35.9,65.1,526.7,41.2,600,157.6,160.1,1046.3,364985,5093,12.73,88.8,1500,2.61,1.14,30.8,44.4,65,26.73,12234842,72915,75,3432.07,0,1200,400,720,240,4200,7500,8500,102,1.5,6000,0,0,0,0,0,74.43,30,69.59,63.43,43.9,0,0
2026-08-30T18:50:56.861000+09:00,2026-08-30T09:50:56.861000+00:00,094623,1720.3,1,0,0,0,0,13436,495,13436,0,0,0,0,4655,-28608,10326,6,4480,0,129,0,0,0,0,0,0,0,0,0,31082107,2018,0.45,1011.08,2731.41,0,54.8,97.7,67,35.9,65.2,530.2,41.1,598.2,157,159,1029.7,364985,5093,12.87,90.3,1500,2.6,1.15,30.9,45.3,65,26.54,12234847,72915,74.08,3432.07,0,1200,400,720,240,4200,7500,8500,102,1.5,6000,0,0,0,0,0,72.25,30,70.68,67.28,43.9,0,0
2026-08-30T18:51:56.951000+09:00,2026-08-30T09:51:56.951000+00:00,094623,1825.6,1,0,0,0,0,13436,495,13436,0,0,0,0,4651,-28608,10326,6,4480,0,129,0,0,0,0,0,0,0,0,0,31082107,2018,0.46,1086.76,2912.38,0,54.8,98.5,67.1,35.9,65.1,529.3,40.9,599.6,157.3,158.9,1073.6,364985,5093,12.92,90.5,1500,2.6,1.16,31.4,44.7,65,26.55,12234851,72915,79.55,3432.07,0,1200,400,720,240,4200,7500,8500,102,1.5,6000,0,0,0,0,0,71.09,30,73.2,68.88,43.9,0,0
2026-08-30T18:52:57.037000+09:00,2026-08-30T09:52:57.037000+00:00,094623,1887.9,1,0,0,0,0,13436,497,13436,0,0,0,0,4651,-28608,10326,6,4480,0,129,0,0,0,0,0,0,0,0,0,31082107,2018,0.44,1106.3,2994.17,0,54.8,98.7,67.6,35.9,65.2,528.5,40.8,604.4,159.2,161.4,1047.1,364985,5093,12.47,89.7,1500,2.59,1.14,31.2,43.3,65,26.46,12234856,72915,78.15,3432.08,0,1200,400,720,240,4200,7500,8500,102,1.5,6000,0,0,0,0,0,71.71,30,75.01,66.62,43.9,0,0
2026-08-30T18:53:57.144000+09:00,2026-08-30T09:53:57.144000+00:00,094623,1967.2,1,0,0,0,0,13436,495,13436,0,0,0,0,4651,-28608,18518,6,4480,528,129,0,0,0,0,0,0,0,0,0,31082107,2018,0.43,1190.53,3157.75,0,55,97.3,68.1,35.8,65.4,527.2,40.4,605.9,160.3,162.5,1041.7,364986,5094,12.84,89.5,1500,2.58,1.16,31.8,43.2,65,26.27,12234860,72915,79.1,3432.08,0,1200,400,720,240,4200,7500,8500,102,1.5,6000,0,0,0,0,0,72.92,30,70.63,65.29,43.9,0,0
2026-08-30T18:54:57.238000+09:00,2026-08-30T09:54:57.238000+00:00,094623,1919.6,1,0,0,0,0,13437,496,13437,0,0,0,0,4651,-28608,10326,6,4480,0,129,0,0,0,0,0,0,0,0,0,31082107,2018,0.46,1097.75,3017.36,0,55,97.6,68.3,35.8,65.6,529.4,40,604,160.6,162.8,1053.2,364986,5094,12.53,89.6,1500,2.58,1.15,31.3,43.5,65,26.53,12234864,72915,78.34,3432.08,0,1200,400,720,240,4200,7500,8500,102,1.5,6000,0,0,0,0,0,73.87,30,70.52,64.99,43.9,0,0
2026-08-30T18:55:57.326000+09:00,2026-08-30T09:55:57.326000+00:00,094623,1785.0,1,0,0,0,0,13437,495,13437,0,0,0,0,4651,-28608,10326,6,4480,0,129,0,0,0,0,0,0,0,0,0,31082107,2018,0.48,972.01,2757.04,0,55,98.5,68.5,35.8,65.6,531.6,39.8,606.7,159.2,161,1019.9,364986,5094,12.41,89.9,1490,2.6,1.14,30.6,44.8,65,26.67,12234869,72915,76.7,3432.08,0,1200,400,720,240,4200,7500,8500,102,1.5,6000,0,0,0,0,0,75.03,30,73.34,65.39,43.8,0,0
2026-08-30T18:56:57.400000+09:00,2026-08-30T09:56:57.400000+00:00,094623,1958.7,1,0,0,0,0,13437,496,13437,0,0,0,0,4651,-28608,10326,6,4480,0,129,0,0,0,0,0,0,0,0,0,31082107,2018,0.49,1116.06,3074.74,0,55,98.5,68.5,35.7,65.4,530.3,40.3,605.2,158.5,160.6,1017.6,364986,5094,12.05,90.4,1500,2.59,1.16,31.6,43.8,65,26.64,12234873,72915,78.68,3432.08,0,1200,400,720,240,4200,7500,8500,102,1.5,6000,0,0,0,0,0,75.82,30,74.1,67.12,43.8,0,0
2026-08-30T18:57:57.502000+09:00,2026-08-30T09:57:57.502000+00:00,094623,2167.4,1,0,0,0,0,13437,496,13437,0,0,0,0,4655,-28608,10326,6,4480,0,129,0,0,0,0,0,0,0,0,0,31082107,2018,0.49,1240.58,3408,0,55,98.5,68.5,35.7,65.5,525.5,40.5,607.6,162.1,164.3,1054.1,364986,5094,12.63,90.9,1500,2.58,1.16,32.2,41.8,65,26.58,12234878,72915,77.74,3432.08,0,1200,400,720,240,4200,7500,8500,102,1.5,6000,0,0,0,0,0,76.57,30,75.02,69.28,43.8,0,0
2026-08-30T18:58:57.609000+09:00,2026-08-30T09:58:57.609000+00:00,094623,2049.0,1,0,0,0,0,13437,499,13437,0,0,0,0,4651,-28608,18518,6,4480,528,129,0,0,0,0,0,0,0,0,0,31082107,2018,0.46,1186.86,3235.88,0,55.1,97.8,68.5,35.7,65.7,527.5,40.4,608.7,162.3,164.5,1062.9,364986,5094,12.88,91.1,1510,2.6,1.14,31.2,42,65,26.56,12234882,72915,80.06,3432.08,0,1200,400,720,240,4200,7500,8500,102,1.5,6000,0,0,0,0,0,77.44,30,73.11,71.09,43.8,0,0
2026-08-30T18:59:57.706000+09:00,2026-08-30T09:59:57.706000+00:00,094623,1824.1,1,0,0,0,0,13437,494,13437,0,0,0,0,4651,-26560,10326,6,4480,0,129,0,0,0,0,0,0,0,0,0,31082107,2018,0.44,930.51,2754.6,0,55.3,97.7,68.4,35.7,65.7,534,40.2,607,159.4,161.5,1016.3,364987,5095,12.84,90.7,1490,2.58,1.15,30.6,44.9,65,26.24,12234886,72915,81.19,3432.08,0,1200,400,720,240,4200,7500,8500,102,1.5,6000,0,0,0,0,0,77.65,30,72.19,71.25,43.8,0,0
2026-08-30T19:00:57.790000+09:00,2026-08-30T10:00:57.790000+00:00,094623,2030.7,1,0,0,0,0,13437,498,13437,0,0,0,0,4651,-28608,10326,6,4480,0,129,0,0,0,0,0,0,0,0,0,31082107,2018,0.44,1048.92,3079.62,0,55.4,98,68,35.7,65.6,529.6,40.9,605.6,159.8,161.8,1032.1,364987,5095,12.55,89.8,1500,2.6,1.15,31.2,43.2,65,26.65,12234891,72915,80.67,3432.09,0,1200,400,720,240,4200,7500,8500,102,1.5,6000,0,0,0,0,0,76.87,30,72.86,68.93,43.7,0,0
2026-08-30T19:01:57.900000+09:00,2026-08-30T10:01:57.900000+00:00,094623,2051.5,1,0,0,0,0,13437,496,13437,0,0,0,0,4655,-28608,12374,6,4512,72,129,0,0,0,0,0,0,0,0,0,31082107,2018,0.45,1200.29,3251.75,0,55.4,98.3,67.9,35.7,65.7,528.9,40.7,607.2,160.1,162.2,1069.5,364987,5095,12.52,89.1,1500,2.58,1.15,31.3,42.3,65,26.6,12234895,72915,79.78,3432.09,0,1200,400,720,240,4200,7500,8500,102,1.5,6000,0,0,0,0,0,76.41,30,73.98,65.99,43.8,0,0
2026-08-30T19:02:57.997000+09:00,2026-08-30T10:02:57.997000+00:00,094623,1924.5,1,0,0,0,0,13437,497,13437,0,0,0,0,4651,-28608,10326,6,4480,0,129,0,0,0,0,0,0,0,0,0,31082107,2018,0.46,1034.27,2958.77,0,55.4,97.8,67.9,35.7,65.7,533.1,40.3,607.9,159.4,161.7,1046.5,364987,5095,12.33,89.8,1500,2.58,1.15,30.9,44.1,65,26.65,12234900,72915,78.27,3432.09,0,1200,400,720,240,4200,7500,8500,102,1.5,6000,0,0,0,0,0,76.32,30,72.77,67.27,43.8,0,0
2026-08-30T19:03:58.088000+09:00,2026-08-30T10:03:58.088000+00:00,094623,2146.7,1,0,0,0,0,13437,494,13437,0,0,0,0,4651,-28608,18518,518,4480,528,129,0,0,0,0,0,0,0,0,0,31082107,2018,0.47,1074.56,3221.23,0,55.3,97.6,67.8,35.6,65.6,529.2,40.2,606.9,161,163.3,1031.1,364987,5095,12.7,90.3,1490,2.58,1.15,31.6,42.5,65,25.86,12234904,72915,77.81,3432.09,0,1200,400,720,240,4200,7500,8500,102,1.5,6000,0,0,0,0,0,75.68,30,71.53,68.46,43.8,0,0
2026-08-30T19:04:58.203000+09:00,2026-08-30T10:04:58.203000+00:00,094623,2112.5,1,0,0,0,0,13437,495,13437,0,0,0,0,4651,-28608,10326,518,4480,0,129,0,0,0,0,0,0,0,0,0,31082107,2018,0.46,1105.08,3217.57,0,55.3,97.8,67.8,35.7,65.7,529.2,40.8,605.7,161.5,164.2,1016.1,364987,5095,12.64,90.8,1500,2.59,1.14,31.4,42.4,65,25.93,12234909,72915,80.33,3432.09,0,1200,400,720,240,4200,7500,8500,102,1.5,6000,0,0,0,0,0,75.44,30,71.82,71.06,43.7,0,0
2026-08-30T19:05:58.308000+09:00,2026-08-30T10:05:58.308000+00:00,094623,2046.6,1,0,0,0,0,13437,493,13437,0,0,0,0,4655,-28608,10390,518,20864,0,129,0,0,0,0,0,0,0,0,0,31082107,2018,0.44,1022.06,3068.64,0,55.3,98,67.9,35.6,65.7,530.5,40.2,606,160.2,162.8,1041.1,364988,5096,12.76,89.7,1490,2.57,1.14,31.2,43.1,65,25.84,12234913,72915,81.43,3432.09,0,1200,400,720,240,4200,7500,8500,102,1.5,6000,0,0,0,0,0,75.51,30,72.3,68.15,43.2,0,0
2026-08-30T19:06:58.374000+09:00,2026-08-30T10:06:58.374000+00:00,094623,2179.6,1,0,0,0,0,13437,499,13437,0,0,0,0,4651,-28608,12374,6,4512,72,129,0,0,0,0,0,0,0,0,0,31082107,2018,0.44,1073.34,3252.97,0,55.3,98,67.8,35.6,65.7,527.4,39.5,606.5,161.8,164.4,1020.7,364988,5096,12.77,89.2,1510,2.6,1.15,31.6,42.4,65,26.5,12234917,72915,78.05,3432.09,0,1200,400,720,240,4200,7500,8500,102,1.5,6000,0,0,0,0,0,75.2,30,72.5,65.86,43.2,0,0
2026-08-30T19:07:58.472000+09:00,2026-08-30T10:07:58.472000+00:00,094623,2086.8,1,0,0,0,0,13437,497,13437,0,0,0,0,4655,-28608,10342,6,12676,0,129,0,0,0,0,0,0,0,0,0,31082107,2018,0.45,1122.17,3209.02,0,55.3,97.8,67.8,35.6,65.7,529.1,39.9,605.9,161.7,164,1040.2,364988,5096,12.84,89.6,1500,2.6,1.14,31,42.1,65,26.61,12234922,72915,78.99,3432.09,0,1200,400,720,240,4200,7500,8500,102,1.5,6000,0,0,0,0,0,74.85,30,71.71,65.93,43.2,0,0
2026-08-30T19:08:58.561000+09:00,2026-08-30T10:08:58.561000+00:00,094623,2091.7,1,0,0,0,0,13437,496,13437,0,0,0,0,4651,-28608,18518,6,4480,528,129,0,0,0,0,0,0,0,0,0,31082107,2018,0.48,1019.62,3111.36,0,55.2,97.6,67.6,35.6,65.7,530.1,39.5,604.8,161.5,163.7,1059.8,364988,5096,12.93,90.2,1490,2.59,1.15,31.4,43.3,65,26.58,12234926,72915,78.49,3432.1,0,1200,400,720,240,4200,7500,8500,102,1.5,6000,0,0,0,0,0,73.72,30,70.44,67.49,43.2,0,0
2026-08-30T19:09:58.646000+09:00,2026-08-30T10:09:58.646000+00:00,094623,2063.7,1,0,0,0,0,13437,497,13437,0,0,0,0,4655,-26560,10326,6,4480,0,129,0,0,0,0,0,0,0,0,0,31082107,2018,0.48,1101.41,3165.07,0,55.2,98,67.7,35.6,65.7,530.7,40.2,604.3,161.7,163.9,1044.7,364988,5096,12.42,91.1,1500,2.58,1.16,31.1,42.9,65,26.58,12234931,72915,79.85,3432.1,0,1200,400,720,240,4200,7500,8500,102,1.5,6000,0,0,0,0,0,73.5,30,71.45,71.27,43.2,0,0
2026-08-30T19:10:58.744000+09:00,2026-08-30T10:10:58.744000+00:00,094623,2080.8,1,0,0,0,0,13437,497,13437,0,0,0,0,4651,-28608,10326,590,4480,8192,129,0,0,0,0,0,0,0,0,0,31082107,2018,0.47,1067.23,3147.98,0,55.2,98.5,67.8,35.6,65.6,530.3,40.1,605.8,161.4,163.3,1041,364988,5096,12.81,90.1,1500,2.59,1.15,31.3,43.3,65,26.22,12234935,72915,81.06,3432.1,0,1200,400,720,240,4200,7500,8500,102,1.5,6000,0,0,0,0,0,73.45,30,73.35,68.93,43.2,0,0
2026-08-30T19:11:58.838000+09:00,2026-08-30T10:11:58.838000+00:00,094623,2248.0,1,0,0,0,0,13437,495,13437,0,0,0,0,4655,-28608,12374,6,4512,72,129,0,0,0,0,0,0,0,0,0,31082107,2018,0.47,1277.2,3525.19,0,55.2,98.8,67.9,35.6,65.6,527.8,39.3,607.8,161.7,163.6,1031.7,364989,5097,12.91,89.5,1500,2.58,1.16,32.1,41.5,65,26.24,12234939,72915,80.3,3432.1,0,1200,400,720,240,4200,7500,8500,102,1.5,6000,0,0,0,0,0,73.5,30,75.18,66.67,43.2,0,0
2026-08-30T19:12:58.931000+09:00,2026-08-30T10:12:58.931000+00:00,094623,2150.3,1,0,0,0,0,13437,496,13437,0,0,0,0,4655,-28608,10326,6,4480,0,129,0,0,0,0,0,0,0,0,0,31082107,2018,0.47,1118.5,3268.84,0,55.3,98.5,68,35.6,65.7,529.5,38.9,605.5,161.9,164.5,1035.6,364989,5097,12.61,89.7,1500,2.58,1.15,31.5,42.7,65,26.53,12234944,72915,77.47,3432.1,0,1200,400,720,240,4200,7500,8500,102,1.5,6000,0,0,0,0,0,73.71,30,75.46,66.82,43.2,0,0
2026-08-30T19:13:59.023000+09:00,2026-08-30T10:13:59.023000+00:00,094623,2315.1,1,0,0,0,0,13437,497,13437,0,0,0,0,4651,-28608,18518,6,4480,528,129,0,0,0,0,0,0,0,0,0,31082107,2018,0.48,1140.48,3455.61,0,55.3,97.9,68,35.6,65.8,526.6,39.6,603.9,161.9,164.5,1033.8,364989,5097,12.74,89.9,1500,2.61,1.14,31.7,41.1,65,26.51,12234948,72915,79.3,3432.1,0,1200,400,720,240,4200,7500,8500,102,1.5,6000,0,0,0,0,0,73.71,30,73.84,67.14,43.2,0,0
2026-08-30T19:14:59.135000+09:00,2026-08-30T10:14:59.135000+00:00,094623,2062.4,1,0,0,0,0,13437,494,13437,0,0,0,0,4651,-28608,10326,6,4480,0,129,0,0,0,0,0,0,0,0,0,31082107,2018,0.45,995.21,3057.65,0,55.3,97.7,68.1,35.6,65.8,532.1,39.1,603.1,160.9,163.6,1043.4,364989,5097,12.63,90.3,1490,2.59,1.14,31,43.5,65,26.6,12234953,72915,79.62,3432.1,0,1200,400,720,240,4200,7500,8500,102,1.5,6000,0,0,0,0,0,73.93,30,72.79,68.42,43.2,0,0
2026-08-30T19:15:59.233000+09:00,2026-08-30T10:15:59.233000+00:00,094623,2172.3,1,0,0,0,0,13437,494,13437,0,0,0,0,4651,-28608,10326,6,4480,0,129,0,0,0,0,0,0,0,0,0,31082107,2018,0.43,1128.27,3300.58,0,55.3,97.6,68,35.6,65.7,529.6,39.1,602,161.4,164.2,1058.4,364989,5097,12.85,90.8,1500,2.58,1.15,31.4,42.3,65,26.44,12234957,72915,78.96,3432.11,0,1200,400,720,240,4200,7500,8500,102,1.5,6000,0,0,0,0,0,73.72,30,71.89,71.15,43.2,0,0
2026-08-30T19:16:59.312000+09:00,2026-08-30T10:16:59.312000+00:00,094623,2145.4,1,0,0,0,0,13437,496,13437,0,0,0,0,4651,-28608,12374,6,4512,72,129,0,0,0,0,0,0,0,0,0,31082107,2018,0.43,1042.82,3188.27,0,55.4,97.7,68.1,35.5,65.8,530.7,39.1,599,161.3,164.2,1067.6,364989,5097,12.77,89.7,1500,2.59,1.15,31.3,42.9,65,26.25,12234962,72915,80.81,3432.11,0,1200,400,720,240,4200,7500,8500,102,1.5,6000,0,0,0,0,0,74.16,30,71.76,68.34,43.2,0,0
2026-08-30T19:17:59.400000+09:00,2026-08-30T10:17:59.400000+00:00,094623,2213.8,1,0,0,0,0,13437,496,13437,0,0,0,0,4651,-28608,10326,6,4480,0,129,0,0,0,0,0,0,0,0,0,31082107,2018,0.44,1129.49,3343.3,0,55.4,97.7,68,35.5,65.8,529.3,39,599.8,161.8,164.7,1049.5,364990,5098,12.62,89.4,1500,2.58,1.15,31.3,41.9,65,26.54,12234966,72915,77.17,3432.11,0,1200,400,720,240,4200,7500,8500,102,1.5,6000,0,0,0,0,0,73.93,30,71.44,66.49,43.1,0,0
2026-08-30T19:18:59.513000+09:00,2026-08-30T10:18:59.513000+00:00,094623,2326.1,1,0,0,0,0,13437,496,13437,0,0,0,0,4655,-26560,18518,6,4481,528,129,0,0,0,0,0,0,0,0,0,31082107,2018,0.45,1152.68,3478.8,0,55.3,97.7,67.9,35.5,65.8,527.6,38.8,601,162.8,165.5,1069.6,364990,5098,12.7,89.7,1500,2.59,1.14,31.5,40.9,65,26.45,12234970,72915,77.44,3432.11,0,1200,400,720,240,4200,7500,8500,102,1.5,6000,0,0,0,0,0,73.57,30,70.92,66.66,43.1,0,0
2026-08-30T19:19:59.610000+09:00,2026-08-30T10:19:59.610000+00:00,094623,2186.9,1,0,0,0,0,13437,496,13437,0,0,0,0,4651,-28608,10326,6,4480,0,129,0,0,0,0,0,0,0,0,0,31082107,2018,0.46,1222.27,3409.22,0,55.3,97.9,68,35.5,65.9,529.6,38.3,602.8,163.1,166.1,1045.6,364990,5098,12.82,89.8,1500,2.6,1.14,31.1,41.3,65,26.55,12234975,72915,78.08,3432.11,0,1200,400,720,240,4200,7500,8500,102,1.5,6000,0,0,0,0,0,73.91,30,71.34,66.55,43.2,0,0
2026-08-30T19:20:59.709000+09:00,2026-08-30T10:20:59.709000+00:00,094623,2176.0,1,0,0,0,0,13437,495,13437,0,0,0,0,4651,-28608,10326,6,4480,0,129,0,0,0,0,0,0,0,0,0,31082107,2018,0.46,1051.36,3227.33,0,55.3,97.8,68,35.5,65.8,532,38.4,599.6,161.8,164.4,1043.7,364990,5098,12.93,89.8,1500,2.57,1.15,31.2,42.4,65,26.54,12234979,72915,79.48,3432.11,0,1200,400,720,240,4200,7500,8500,102,1.5,6000,0,0,0,0,0,73.98,30,70.75,66.11,43.1,0,0
2026-08-30T19:21:59.802000+09:00,2026-08-30T10:21:59.802000+00:00,094623,2257.8,1,0,0,0,0,13437,495,13437,0,0,0,0,4655,-28608,12374,6,4512,72,129,0,0,0,0,0,0,0,0,0,31082107,2018,0.49,1080.66,3338.42,0,55.2,98.1,67.9,35.5,65.7,530.6,38.5,597.1,161.8,164.4,1063.5,364990,5098,12.73,90.4,1500,2.57,1.15,31.5,42.3,65,26.19,12234984,72915,78.89,3432.11,0,1200,400,720,240,4200,7500,8500,102,1.5,6000,0,0,0,0,0,73.56,30,71.33,67.96,43.1,0,0
2026-08-30T19:22:59.894000+09:00,2026-08-30T10:22:59.894000+00:00,094623,2177.2,1,0,0,0,0,13437,495,13437,0,0,0,0,4651,-28608,10390,6,20864,0,129,0,0,0,0,0,0,0,0,0,31082107,2018,0.51,976.9,3154.09,0,55.2,98.9,67.8,35.5,65.7,532.4,38.6,598.1,161.8,164.1,1057.8,364990,5098,12.32,90.7,1490,2.57,1.15,31.2,43,65,26.53,12234988,72915,77.92,3432.11,0,1200,400,720,240,4200,7500,8500,102,1.5,6000,0,0,0,0,0,73.02,30,74.61,69.94,43.1,0,0
2026-08-30T19:24:00.035000+09:00,2026-08-30T10:24:00.035000+00:00,094623,2405.5,1,0,0,0,0,13437,499,13437,0,0,0,0,4655,-28608,2134,6,4480,0,129,0,0,0,0,0,0,0,0,0,31082107,2018,0.49,1284.52,3689.99,0,55.2,98.7,67.7,35.5,65.7,525.9,38.7,598.7,163.4,166.1,1058.2,364991,5099,12.46,90.5,1510,2.6,1.15,32,40.6,65,26.58,12234992,72915,80.72,3432.12,0,1200,400,720,240,4200,7500,8500,102,1.5,6000,0,0,0,0,0,72.4,30,75.5,70.46,43.1,0,0
2026-08-30T19:25:00.152000+09:00,2026-08-30T10:25:00.152000+00:00,094623,2284.6,1,0,0,0,0,13437,496,13437,0,0,0,0,4655,-28608,10390,6,20864,0,129,0,0,0,0,0,0,0,0,0,31082107,2018,0.47,1013.52,3298.13,0,55.2,98.2,68,35.5,65.9,529,39.4,599.4,164.6,167.4,1027.7,364991,5099,12.7,89.9,1500,2.58,1.15,31.3,41.9,65,26.51,12234997,72915,80.31,3432.12,0,1200,400,720,240,4200,7500,8500,102,1.5,6000,0,0,0,0,0,72.96,30,74.5,68.97,43.1,0,0
2026-08-30T19:26:00.256000+09:00,2026-08-30T10:26:00.256000+00:00,094623,2274.9,1,0,0,0,0,13437,494,13437,0,0,0,0,4651,-28608,10326,590,4480,8192,129,0,0,0,0,0,0,0,0,0,31082107,2018,0.47,1190.53,3465.38,0,55.2,97.8,68.1,35.5,65.9,528.4,39.3,599.1,163.8,166.4,1047.7,364991,5099,12.64,89.7,1490,2.57,1.15,31.5,41.4,65,26.12,12235001,72915,79.93,3432.12,0,1200,400,720,240,4200,7500,8500,102,1.5,6000,0,0,0,0,0,73.3,30,73.19,67.95,43,0,0
2026-08-30T19:27:00.345000+09:00,2026-08-30T10:27:00.345000+00:00,094623,2277.3,1,0,0,0,0,13437,495,13437,0,0,0,0,4655,-26560,12390,6,12708,8,129,0,0,0,0,0,0,0,0,0,31082107,2018,0.47,1074.56,3351.85,0,55.2,97.7,68.2,35.4,66,528.8,38.9,599.3,164.3,167,1035.5,364991,5099,12.65,89.6,1500,2.58,1.15,31.2,41.8,65,25.77,12235006,72915,79.82,3432.12,0,1200,400,720,240,4200,7500,8500,102,1.5,6000,0,0,0,0,0,73.94,30,72.55,67,43.1,0,0
2026-08-30T19:28:00.426000+09:00,2026-08-30T10:28:00.426000+00:00,094623,2244.3,1,0,0,0,0,13437,496,13437,0,0,0,0,4655,-28608,10326,6,4480,0,129,0,0,0,0,0,0,0,0,0,31082107,2018,0.46,1055.02,3299.36,0,55.2,97.6,68.3,35.4,65.9,529.9,38.6,597.9,163.3,165.6,1059.6,364991,5099,12.48,89.9,1500,2.59,1.15,31.2,42.3,65,26.53,12235010,72915,79.62,3432.12,0,1200,400,720,240,4200,7500,8500,102,1.5,6000,0,0,0,0,0,74.73,30,71.81,67.61,43.1,0,0
2026-08-30T19:29:00.521000+09:00,2026-08-30T10:29:00.521000+00:00,094623,2301.7,1,0,0,0,0,13437,497,13437,0,0,0,0,4655,-28608,10326,6,4480,0,129,0,0,0,0,0,0,0,0,0,31082107,2018,0.46,1168.55,3470.26,0,55.2,97.5,68.2,35.4,65.9,529,38.3,597,163.4,165.8,1041.1,364991,5099,12.84,89.7,1500,2.6,1.16,31.7,42,65,26.69,12235014,72915,78.18,3432.12,0,1200,400,720,240,4200,7500,8500,102,1.5,6000,0,0,0,0,0,74.8,30,70.91,66.78,43,0,0
2026-08-30T19:30:00.612000+09:00,2026-08-30T10:30:00.612000+00:00,094623,2200.4,1,0,0,0,0,13437,496,13437,0,0,0,0,4651,-28608,10326,6,4480,0,129,0,0,0,0,0,0,0,0,0,31082107,2018,0.47,1059.91,3260.29,0,55.2,97.7,68.2,35.4,65.8,531.1,38.1,596,161.9,164.2,1032.4,364992,5100,12.87,89.6,1490,2.58,1.16,31.2,42.7,65,26.56,12235019,72915,79,3432.12,0,1200,400,720,240,4200,7500,8500,102,1.5,6000,0,0,0,0,0,75.03,30,70.89,65.74,43,0,0
2026-08-30T19:31:00.704000+09:00,2026-08-30T10:31:00.704000+00:00,094623,2245.6,1,0,0,0,0,13437,496,13437,0,0,0,0,4655,-28608,10326,6,4480,0,129,0,0,0,0,0,0,0,0,0,31082107,2018,0.46,1135.59,3381.15,0,55.1,97.8,68.1,35.4,65.8,530.3,39,596.4,162.6,164.8,1044.5,364992,5100,12.69,90.3,1500,2.59,1.15,31.2,41.8,65,26.58,12235023,72915,79.07,3432.13,0,1200,400,720,240,4200,7500,8500,102,1.5,6000,0,0,0,0,0,74.9,30,70.76,67.8,43,0,0
2026-08-30T19:32:00.797000+09:00,2026-08-30T10:32:00.797000+00:00,094623,2351.8,1,0,0,0,0,13437,497,13437,0,0,0,0,4655,-28608,10326,582,4480,528,129,0,0,0,0,0,0,0,0,0,31082107,2018,0.45,1138.04,3489.79,0,55.1,97.7,68.1,35.4,65.8,529.2,39,597.5,161.3,163.8,1068.2,364992,5100,12.62,90.8,1500,2.59,1.16,31.7,41.7,65,26.22,12235028,72915,80.3,3432.13,0,1200,400,720,240,4200,7500,8500,102,1.5,6000,0,0,0,0,0,75.11,30,70.18,70.6,43,0,0
2026-08-30T19:33:00.882000+09:00,2026-08-30T10:33:00.882000+00:00,094623,2477.5,1,0,0,0,0,13437,497,13437,0,0,0,0,4651,-28608,10326,6,4480,0,129,0,0,0,0,0,0,0,0,0,31082107,2018,0.47,1188.08,3665.58,0,55.1,98.7,68.1,35.4,65.9,526.6,38.7,599.4,163.6,166.7,1050.7,364992,5100,12.85,90.2,1500,2.61,1.15,32,40.4,65,26.49,12235032,72915,78.59,3432.13,0,1200,400,720,240,4200,7500,8500,102,1.5,6000,0,0,0,0,0,75.2,30,73.29,69.57,43,0,0
2026-08-30T19:34:00.977000+09:00,2026-08-30T10:34:00.977000+00:00,094623,2366.4,1,0,0,0,0,13437,496,13437,0,0,0,0,4651,-28608,10326,6,4480,0,129,0,0,0,0,0,0,0,0,0,31082107,2018,0.45,1067.23,3433.64,0,55,98.9,68.2,35.3,66,528.4,38.4,598.9,164,167.5,1066.8,364992,5100,12.86,89.6,1500,2.6,1.14,31.3,41.2,65,26.57,12235037,72915,80.75,3432.13,0,1200,400,720,240,4200,7500,8500,102,1.5,6000,0,0,0,0,0,75.64,30,75.29,67.36,43,0,0
2026-08-30T19:35:01.078000+09:00,2026-08-30T10:35:01.078000+00:00,094623,2409.1,1,0,0,0,0,13437,496,13437,0,0,0,0,4655,-28608,10326,6,4480,0,129,0,0,0,0,0,0,0,0,0,31082107,2018,0.45,1155.13,3564.26,0,55,97.9,68.3,35.3,66,528.1,39.1,598.5,163.8,167.4,1067.6,364992,5100,12.41,89.4,1500,2.59,1.15,31.6,41.1,65,26.53,12235041,72915,79.17,3432.13,0,1200,400,720,240,4200,7500,8500,102,1.5,6000,0,0,0,0,0,76.34,30,72.82,65.82,43,0,0
2026-08-30T19:36:01.168000+09:00,2026-08-30T10:36:01.168000+00:00,094623,2403.0,1,0,0,0,0,13437,496,13437,0,0,0,0,4651,-28608,10326,6,4480,0,129,0,0,0,0,0,0,0,0,0,31082107,2018,0.46,1097.75,3500.78,0,55.1,97.4,68.2,35.3,66,527.5,38.8,599.5,164.3,167.9,1078.2,364993,5101,12.74,89.8,1500,2.59,1.14,31.4,40.9,65,26.61,12235045,72915,79.1,3432.13,0,1200,400,720,240,4200,7500,8500,102,1.5,6000,0,0,0,0,0,76.4,30,70.81,66.54,43,0,0
2026-08-30T19:37:01.282000+09:00,2026-08-30T10:37:01.282000+00:00,094623,2184.5,1,0,0,0,0,13437,496,13437,0,0,0,0,4651,-28608,18518,6,4480,528,129,0,0,0,0,0,0,0,0,0,31082107,2018,0.47,1026.95,3211.46,0,55,97.6,68.1,35.3,65.9,532.7,39.2,595.8,161.3,164.9,1070.4,364993,5101,12.9,90.3,1500,2.6,1.15,30.8,43,65,26.39,12235050,72915,77.52,3432.13,0,1200,400,720,240,4200,7500,8500,102,1.5,6000,0,0,0,0,0,76.34,30,70.63,68,43,0,0
2026-08-30T19:38:01.365000+09:00,2026-08-30T10:38:01.365000+00:00,094623,2267.5,1,0,0,0,0,13437,496,13437,0,0,0,0,4651,-28608,10326,6,4480,0,129,0,0,0,0,0,0,0,0,0,31082107,2018,0.46,1055.02,3322.55,0,55,97.8,67.9,35.3,65.7,532.4,39.2,595.7,160.6,163.4,1024.3,364993,5101,12.87,91,1500,2.59,1.15,31.2,42.6,65,26.57,12235054,72915,78.32,3432.14,0,1200,400,720,240,4200,7500,8500,102,1.5,6000,0,0,0,0,0,75.71,30,70.83,71.17,43,0,0
2026-08-30T19:39:01.473000+09:00,2026-08-30T10:39:01.473000+00:00,094623,2470.2,1,0,0,0,0,13437,497,13437,0,0,0,0,4655,-28608,10326,6,4480,0,129,0,0,0,0,0,0,0,0,0,31082107,2018,0.45,1145.36,3615.53,0,55,98.2,67.8,35.3,65.7,528,39.1,597.3,163.2,166.7,1035.2,364993,5101,12.71,90.4,1500,2.6,1.15,31.8,40.8,65,26.61,12235059,72915,78.93,3432.14,0,1200,400,720,240,4200,7500,8500,102,1.5,6000,0,0,0,0,0,75.3,30,72.03,70.5,43,0,0
2026-08-30T19:40:01.570000+09:00,2026-08-30T10:40:01.570000+00:00,094623,2417.7,1,0,0,0,0,13437,495,13437,0,0,0,0,4655,-26560,10326,6,4480,8,129,0,0,0,0,0,0,0,0,0,31082107,2018,0.45,1116.06,3533.74,0,55.1,98.8,67.9,35.3,65.9,528.7,39.9,598.4,164.4,167.9,1039.2,364993,5101,12.73,89,1500,2.59,1.15,31.7,41.3,65,26.03,12235063,72915,79,3432.14,0,1200,400,720,240,4200,7500,8500,102,1.5,6000,0,0,0,0,0,75.32,30,74.57,65.58,43,0,0
2026-08-30T19:41:01.666000+09:00,2026-08-30T10:41:01.666000+00:00,094623,2329.8,1,0,0,0,0,13437,497,13437,0,0,0,0,4655,-26560,10326,6,4480,0,129,0,0,0,0,0,0,0,0,0,31082107,2018,0.46,1106.3,3436.08,0,55.1,98.5,67.9,35.3,65.9,530.3,39.8,598.3,163.3,166.5,1050.4,364993,5101,12.85,89.2,1500,2.6,1.16,31.2,41.8,65,26.09,12235067,72915,77.65,3432.14,0,1200,400,720,240,4200,7500,8500,102,1.5,6000,0,0,0,0,0,75.23,30,74.73,64.96,42.9,0,0
2026-08-30T19:42:01.752000+09:00,2026-08-30T10:42:01.752000+00:00,094623,2483.6,1,0,0,0,0,13437,498,13437,0,0,0,0,4655,-28608,18582,590,20864,8720,129,0,0,0,0,0,0,0,0,0,31082107,2018,0.47,1149.02,3632.62,0,55,98.1,67.9,35.3,65.9,527.8,39.4,598.8,164.4,168,1058.3,364994,5102,12.71,89.7,1510,2.59,1.14,31.7,40.5,65,26.45,12235072,72915,77.08,3432.14,0,1200,400,720,240,4200,7500,8500,102,1.5,6000,0,0,0,0,0,75.14,30,73.94,65.79,43,0,0
2026-08-30T19:43:01.852000+09:00,2026-08-30T10:43:01.852000+00:00,094623,2437.2,1,0,0,0,0,13437,495,13437,0,0,0,0,4655,-26560,10326,14,4480,8192,129,0,0,0,0,0,0,0,0,0,31082107,2018,0.48,1117.28,3554.49,0,55,98,67.9,35.3,65.9,528.9,38.4,599.7,164.8,168.2,1093.4,364994,5102,12.29,90.1,1500,2.6,1.14,31.3,40.6,65,26.55,12235076,72915,77.55,3432.14,0,1200,400,720,240,4200,7500,8500,102,1.5,6000,0,0,0,0,0,74.88,30,73.62,66.69,42.9,0,0
2026-08-30T19:44:01.941000+09:00,2026-08-30T10:44:01.941000+00:00,094623,2432.3,1,0,0,0,0,13437,494,13437,0,0,0,0,4655,-28608,10390,6,20864,0,129,0,0,0,0,0,0,0,0,0,31082107,2018,0.49,1008.64,3440.96,0,55,98,67.8,35.3,65.9,530.1,38.8,598.8,165.4,168.3,1088.5,364994,5102,12.65,90.9,1490,2.58,1.15,31.3,41.3,65,26.46,12235081,72915,79.24,3432.14,0,1200,400,720,240,4200,7500,8500,102,1.5,6000,0,0,0,0,0,74.38,30,73.62,69.83,42.9,0,0
2026-08-30T19:45:02.029000+09:00,2026-08-30T10:45:02.029000+00:00,094623,2359.1,1,0,0,0,0,13437,497,13437,0,0,0,0,4651,-28608,12374,6,4512,72,129,0,0,0,0,0,0,0,0,0,31082107,2018,0.46,1190.53,3549.61,0,55,98.2,67.9,35.3,65.9,530.2,38.8,598.7,164.4,167.4,1084.6,364994,5102,12.71,90.8,1500,2.59,1.15,31.2,41.1,65,26.66,12235085,72915,79.55,3432.14,0,1200,400,720,240,4200,7500,8500,102,1.5,6000,0,0,0,0,0,74.45,30,74.41,71.12,42.9,0,0
2026-08-30T19:46:02.141000+09:00,2026-08-30T10:46:02.141000+00:00,094623,2377.4,1,0,0,0,0,13437,498,13437,0,0,0,0,4655,-26560,10342,6,12676,0,129,0,0,0,0,0,0,0,0,0,31082107,2018,0.44,1164.89,3542.28,0,55,98.4,67.9,35.3,65.9,530.2,39.2,598.5,164.4,167,1056.9,364994,5102,12.75,89.8,1500,2.6,1.15,31.1,40.8,65,26.34,12235089,72915,81.03,3432.15,0,1200,400,720,240,4200,7500,8500,102,1.5,6000,0,0,0,0,0,74.3,30,75.43,68.74,42.9,0,0
2026-08-30T19:47:02.238000+09:00,2026-08-30T10:47:02.238000+00:00,094623,2320.0,1,0,0,0,0,13437,494,13437,0,0,0,0,4655,-28608,18518,590,4480,8720,129,0,0,0,0,0,0,0,0,0,31082107,2018,0.44,1040.38,3360.39,0,55,97.9,67.9,35.3,65.9,531,38.7,597.5,164.1,166.9,1044.3,364994,5102,12.36,89.2,1490,2.59,1.15,31.2,42.1,65,26.53,12235094,72915,78.9,3432.15,0,1200,400,720,240,4200,7500,8500,102,1.5,6000,0,0,0,0,0,74.04,30,74.31,65.77,42.9,0,0
2026-08-30T19:48:02.325000+09:00,2026-08-30T10:48:02.325000+00:00,094623,2388.4,1,0,0,0,0,13437,497,13437,0,0,0,0,4655,-28608,10326,6,4480,0,129,0,0,0,0,0,0,0,0,0,31082107,2018,0.44,1064.79,3453.17,0,55,97.1,67.8,35.3,65.8,531.2,38.8,597.1,163.6,166.4,1026.4,364995,5103,12.68,89.4,1500,2.59,1.15,31.4,41.9,65,26.53,12235098,72915,78.73,3432.15,0,1200,400,720,240,4200,7500,8500,102,1.5,6000,0,0,0,0,0,73.66,30,71.19,65.52,42.9,0,0
2026-08-30T19:49:02.413000+09:00,2026-08-30T10:49:02.413000+00:00,094623,2477.5,1,0,0,0,0,13437,496,13437,0,0,0,0,4655,-26560,10326,6,4480,0,129,0,0,0,0,0,0,0,0,0,31082107,2018,0.44,1216.16,3693.65,0,55,97.5,67.8,35.2,65.8,527.9,41.6,598.4,164.9,167.9,1076.9,364995,5103,12.65,90.6,1500,2.58,1.15,31.7,40.6,65,25.88,12235103,72915,77.39,3432.15,0,1200,400,720,240,4200,7500,8500,102,1.5,6000,0,0,0,0,0,73.3,30,71.12,68.76,42.9,0,0
2026-08-30T19:50:02.510000+09:00,2026-08-30T10:50:02.510000+00:00,094623,2438.4,1,0,0,0,0,13437,497,13437,0,0,0,0,4655,-28608,12374,6,4512,72,129,0,0,0,0,0,0,0,0,0,31082107,2018,0.45,1184.42,3622.85,0,54.9,97.6,67.8,35.2,65.9,529.5,41,597.7,165,167.8,1108.2,364995,5103,12.57,90.5,1500,2.58,1.15,31.5,41.1,65,26.28,12235107,72915,80.75,3432.15,0,1200,400,720,240,4200,7500,8500,102,1.5,6000,0,0,0,0,0,73.07,30,70.85,69.83,42.9,0,0
2026-08-30T19:51:02.610000+09:00,2026-08-30T10:51:02.610000+00:00,094623,2536.1,1,0,0,0,0,13437,496,13437,0,0,0,0,4655,-28608,10326,6,4480,0,129,0,0,0,0,0,0,0,0,0,31082107,2018,0.44,1098.97,3635.06,0,54.9,97.8,67.8,35.2,65.9,527.4,40,598.7,165.6,168.6,1146.5,364995,5103,12.85,89.9,1500,2.6,1.15,31.7,40.7,65,26.59,12235112,72915,80.1,3432.15,0,1200,400,720,240,4200,7500,8500,102,1.5,6000,0,0,0,0,0,72.77,30,70.97,68.43,42.8,0,0
2026-08-30T19:52:02.708000+09:00,2026-08-30T10:52:02.708000+00:00,094623,2421.3,1,0,0,0,0,13437,496,13437,0,0,0,0,4655,-28608,18518,6,4480,528,129,0,0,0,0,0,0,0,0,0,31082107,2018,0.44,1058.69,3480.03,0,55,97.9,67.9,35.2,66,530.2,39.9,598.9,165,168.1,1052.9,364995,5103,12.65,89.4,1500,2.59,1.15,31.3,41.5,65,26.47,12235116,72915,78.74,3432.15,0,1200,400,720,240,4200,7500,8500,102,1.5,6000,0,0,0,0,0,72.89,30,71.14,66.29,42.9,0,0
2026-08-30T19:53:02.819000+09:00,2026-08-30T10:53:02.819000+00:00,094623,2438.4,1,0,0,0,0,13437,497,13437,0,0,0,0,4651,-28608,10326,6,4480,0,129,0,0,0,0,0,0,0,0,0,31082107,2018,0.46,1055.02,3493.45,0,54.9,97.6,67.8,35.2,65.8,530.2,39.3,597.7,163.7,166.4,1040.3,364995,5103,12.47,89.7,1500,2.59,1.16,31.6,41.8,65,26.65,12235120,72915,77.33,3432.16,0,1200,400,720,240,4200,7500,8500,102,1.5,6000,0,0,0,0,0,72.42,30,69.83,66.45,42.8,0,0
2026-08-30T19:54:02.926000+09:00,2026-08-30T10:54:02.926000+00:00,094623,2429.9,1,0,0,0,0,13437,498,13437,0,0,0,0,4655,-28608,10326,6,4480,0,129,0,0,0,0,0,0,0,0,0,31082107,2018,0.47,1157.57,3587.45,0,54.9,98.3,67.8,35.2,65.8,530.1,39.1,599,164.5,167.7,1030.1,364996,5104,12.76,90,1500,2.6,1.16,31.4,41.1,65,26.66,12235125,72915,79,3432.16,0,1200,400,720,240,4200,7500,8500,102,1.5,6000,0,0,0,0,0,72.18,30,71.9,67.2,42.9,0,0
2026-08-30T19:55:03.028000+09:00,2026-08-30T10:55:03.028000+00:00,094623,2079.5,1,0,0,0,0,13437,501,13437,0,0,0,0,4655,-26560,12374,590,5024,8264,129,0,0,0,0,0,0,0,0,0,31082107,2018,0.46,920.74,3000.27,0,54.9,98.6,67.8,35.2,65.8,530,39.3,599.3,163.2,166.1,1035.1,364996,5104,12.86,90.2,1510,2.64,1.09,27,36.8,65,19.9,12235129,72915,79.35,3432.16,0,1200,400,720,240,4200,7500,8500,102,1.5,6000,0,0,0,0,0,67.56,30,69.26,63.73,42.8,0,0
2026-08-30T19:56:03.111000+09:00,2026-08-30T10:56:03.111000+00:00,094623,996.4,1,0,0,0,0,13437,520,13437,0,0,0,0,4651,-28608,10326,6,4992,0,129,0,0,0,0,0,0,0,0,0,31082107,2018,0.45,705.89,1702.32,0,54.5,97,68.8,35.2,65.3,527.7,38.9,586.8,148.8,149.9,1016.1,364996,5104,12.8,90.6,1560,2.77,1.08,23.5,39.1,65,15.67,12235131,72915,64.3,3432.16,0,1200,400,720,240,4200,7500,8500,102,1.5,6000,0,0,0,0,0,67.73,30,60.85,61.98,42.8,0,0
2026-08-30T19:57:03.238000+09:00,2026-08-30T10:57:03.238000+00:00,094623,880.5,1,0,0,0,0,13437,492,13437,0,0,0,0,4655,-28608,18518,6,4480,528,129,0,0,0,0,0,0,0,0,0,31082107,2018,0.36,627.77,1508.22,0,54.2,98.5,68.9,35.3,64.5,525.3,39.1,582.3,144.2,144.5,1004,364996,5104,12.57,91.5,1480,2.63,1.16,24.3,43.9,65,12.56,12235133,72915,69.22,3432.16,0,1200,400,720,240,4200,7500,8500,102,1.5,6000,0,0,0,0,0,68.49,30,63.6,66.61,42.8,0,0
2026-08-30T19:58:03.322000+09:00,2026-08-30T10:58:03.322000+00:00,094623,1544.5,1,0,0,0,0,13437,497,13437,0,0,0,0,4651,-28608,10326,6,4480,0,129,0,0,0,0,0,0,0,0,0,31082107,2018,0.38,1081.88,2626.42,0,54.2,99.3,68.3,35.3,64.2,522.9,39.2,590.1,153.4,155.6,1032.8,364996,5104,12.74,88.3,1510,2.61,1.15,31.1,45.8,65,26.48,12235137,72915,74.48,3432.16,0,1200,400,720,240,4200,7500,8500,102,1.5,6000,0,0,0,0,0,76.06,30,75.48,64.69,42.8,0,0
2026-08-30T19:59:03.403000+09:00,2026-08-30T10:59:03.403000+00:00,094623,1507.9,1,0,0,0,0,13437,495,13437,0,0,0,0,4651,-28608,10326,590,4480,8192,129,0,0,0,0,0,0,0,0,0,31082107,2018,0.39,957.37,2465.28,0,54.2,97.4,67.6,35.2,64.5,528.6,39.3,592.1,157.6,160.1,1014.8,364996,5104,12.67,88.6,1490,2.6,1.15,30.6,46.5,65,26.37,12235141,72915,74.72,3432.16,0,1200,400,720,240,4200,7500,8500,102,1.5,6000,0,0,0,0,0,73.85,30,70.44,62.95,42.8,0,0
2026-08-30T20:00:03.509000+09:00,2026-08-30T11:00:03.509000+00:00,094623,1622.7,1,0,0,0,0,13437,495,13437,0,0,0,0,4655,-28608,12374,590,4512,8264,129,0,0,0,0,0,0,0,0,0,31082107,2018,0.45,1161.23,2783.9,0,54.1,97.4,67,35.2,64.5,528.5,38.8,594.1,158.9,161.7,1034,364997,5105,12.35,89.6,1500,2.61,1.16,31.2,45.6,65,26.2,12235146,72915,74.48,3432.16,0,1200,400,720,240,4200,7500,8500,102,1.5,6000,0,0,0,0,0,70.94,30,68.99,64.33,42.8,0,0
2026-08-30T20:01:03.613000+09:00,2026-08-30T11:01:03.613000+00:00,094623,1736.5,1,0,0,0,0,13437,495,13437,0,0,0,0,4655,-26560,10390,6,20864,0,129,0,0,0,0,0,0,0,0,0,31082107,2018,0.49,1131.93,2868.43,0,54.1,98.7,67.1,35.2,64.7,527.1,38.7,596.9,161.1,164,1044,364997,5105,12.79,90.6,1500,2.61,1.14,31.2,43.9,65,26.64,12235150,72915,74.92,3432.16,0,1200,400,720,240,4200,7500,8500,102,1.5,6000,0,0,0,0,0,69.64,30,73.15,67.44,42.8,0,0
2026-08-30T20:02:03.712000+09:00,2026-08-30T11:02:03.712000+00:00,094623,1705.7,1,0,0,0,0,13437,496,13437,0,0,0,0,4651,-28608,18518,6,4480,0,129,0,0,0,0,0,0,0,0,0,31082107,2018,0.48,1094.09,2799.77,0,54.2,98.4,67.6,35.2,64.9,529.1,38.6,597.2,161.5,164.5,1024.5,364997,5105,12.75,90.6,1500,2.6,1.15,31.2,44.9,65,26.66,12235155,72915,79.56,3432.17,0,1200,400,720,240,4200,7500,8500,102,1.5,6000,0,0,0,0,0,70.13,30,73.36,68.34,42.8,0,0
2026-08-30T20:03:03.839000+09:00,2026-08-30T11:03:03.839000+00:00,094623,1705.7,1,0,0,0,0,13437,497,13437,0,0,0,0,4651,-28608,10342,590,4480,8192,129,0,0,0,0,0,0,0,0,0,31082107,2018,0.46,967.13,2672.81,0,54.3,98.1,67.9,35.2,65,530.3,39.2,597.4,162.2,165.3,1034.5,364997,5105,12.73,89.9,1500,2.62,1.14,30.8,45.3,65,25.96,12235159,72915,77.91,3432.17,0,1200,400,720,240,4200,7500,8500,102,1.5,6000,0,0,0,0,0,70.76,30,72.84,66.76,42.7,0,0
2026-08-30T20:04:03.922000+09:00,2026-08-30T11:04:03.922000+00:00,094623,1812.2,1,0,0,0,0,13437,494,13437,0,0,0,0,4655,-28608,10326,6,4480,0,129,0,0,0,0,0,0,0,0,0,31082107,2018,0.46,1167.33,2979.52,0,54.4,98.2,68.1,35.1,65.1,527.1,39.2,598.3,163.3,166.4,1025.6,364997,5105,12.52,89.5,1490,2.58,1.16,31.4,43.7,65,26.61,12235163,72915,78.83,3432.17,0,1200,400,720,240,4200,7500,8500,102,1.5,6000,0,0,0,0,0,71.27,30,73.18,65,42.7,0,0
2026-08-30T20:05:04.017000+09:00,2026-08-30T11:05:04.017000+00:00,094623,1941.6,1,0,0,0,0,13437,498,13437,0,0,0,0,4655,-26560,12374,6,12708,72,129,0,0,0,0,0,0,0,0,0,31082107,2018,0.46,1255.23,3196.81,0,54.5,98.4,68.3,35.1,65.3,525.4,38.8,601.5,165.8,169.4,1039.6,364997,5105,12.92,89.3,1510,2.62,1.14,31.4,41.8,65,26.42,12235168,72915,76.93,3432.17,0,1200,400,720,240,4200,7500,8500,102,1.5,6000,0,0,0,0,0,72.3,30,74.39,63.77,42.7,0,0
2026-08-30T20:06:04.102000+09:00,2026-08-30T11:06:04.102000+00:00,094623,1800.0,1,0,0,0,0,13437,496,13437,0,0,0,0,4651,-28608,10326,518,4480,0,129,0,0,0,0,0,0,0,0,0,31082107,2018,0.49,1080.66,2880.64,0,54.5,98,68.5,35.1,65.5,529.7,39.1,601.5,163.9,167.4,1042.1,364998,5106,12.76,89.9,1500,2.59,1.14,31,44,65,26.33,12235172,72915,75.37,3432.17,0,1200,400,720,240,4200,7500,8500,102,1.5,6000,0,0,0,0,0,73.45,30,73.54,64.81,42.7,0,0
2026-08-30T20:07:04.194000+09:00,2026-08-30T11:07:04.194000+00:00,094623,1916.0,1,0,0,0,0,13437,495,13437,0,0,0,0,4655,-28608,10326,6,4480,0,129,0,0,0,0,0,0,0,0,0,31082107,2018,0.48,1162.45,3078.4,0,54.5,97.9,68.6,35.1,65.4,528.9,38.4,599.8,162.3,165.2,1043.7,364998,5106,12.52,91.4,1500,2.59,1.15,31.3,42.9,65,26.62,12235177,72915,77.84,3432.17,0,1200,400,720,240,4200,7500,8500,102,1.5,6000,0,0,0,0,0,74.59,30,73,70.09,42.7,0,0
2026-08-30T20:08:04.280000+09:00,2026-08-30T11:08:04.280000+00:00,094623,1819.2,1,0,0,0,0,13437,497,13437,0,0,0,0,4651,-28608,10326,6,4480,0,129,0,0,0,0,0,0,0,0,0,31082107,2018,0.45,950.04,2769.25,0,54.5,98.5,68.7,35.1,65.4,531.9,39.3,597.9,160.3,163,1058,364998,5106,12.73,90.4,1500,2.6,1.15,30.9,45.3,65,26.59,12235181,72915,82.51,3432.17,0,1200,400,720,240,4200,7500,8500,102,1.5,6000,0,0,0,0,0,75.99,30,75.14,68.86,42.7,0,0
2026-08-30T20:09:04.372000+09:00,2026-08-30T11:09:04.372000+00:00,094623,1924.5,1,0,0,0,0,13437,495,13437,0,0,0,0,4655,-28608,10326,6,4480,0,129,0,0,0,0,0,0,0,0,0,31082107,2018,0.43,1186.86,3111.36,0,54.7,98.2,68.5,35.1,65.4,529.2,39,602,159.4,162,1045.3,364998,5106,12.94,89.3,1490,2.6,1.17,31.5,43.5,65,26.67,12235186,72915,80.79,3432.18,0,1200,400,720,240,4200,7500,8500,102,1.5,6000,0,0,0,0,0,76.27,30,74.87,65.1,42.7,0,0
2026-08-30T20:10:04.451000+09:00,2026-08-30T11:10:04.451000+00:00,094623,1985.5,1,0,0,0,0,13437,497,13437,0,0,0,0,4655,-28608,12374,6,4512,8,129,0,0,0,0,0,0,0,0,0,31082107,2018,0.45,1113.62,3099.15,0,54.7,97.7,68.3,35.1,65.5,527.7,39.4,606.1,162.1,165,1086.5,364998,5106,12.8,89.6,1510,2.61,1.14,31.3,42.9,65,26.37,12235190,72915,78.14,3432.18,0,1200,400,720,240,4200,7500,8500,102,1.5,6000,0,0,0,0,0,76.25,30,73.32,65.13,42.7,0,0
2026-08-30T20:11:04.549000+09:00,2026-08-30T11:11:04.549000+00:00,094623,1972.1,1,0,0,0,0,13437,497,13437,0,0,0,0,4655,-28608,10326,6,4480,0,129,0,0,0,0,0,0,0,0,0,31082107,2018,0.45,1169.77,3141.88,0,54.7,97.2,68.2,35.1,65.5,529.6,39.5,603.9,161,163.8,1090.2,364998,5106,12.7,89.8,1500,2.61,1.16,31.6,43.3,65,26.52,12235194,72915,78.59,3432.18,0,1200,400,720,240,4200,7500,8500,102,1.5,6000,0,0,0,0,0,76.4,30,71.02,65.49,42.6,0,0
2026-08-30T20:12:04.655000+09:00,2026-08-30T11:12:04.655000+00:00,094623,2066.1,1,0,0,0,0,13437,496,13437,0,0,0,0,4655,-26560,10326,6,4480,0,129,0,0,0,0,0,0,0,0,0,31082107,2018,0.46,1084.32,3150.43,0,54.7,97.3,68.2,35,65.5,527.7,39.7,603.3,162.5,165.6,1032.5,364999,5107,12.73,91,1500,2.59,1.15,31.6,43,65,25.82,12235199,72915,79.18,3432.18,0,1200,400,720,240,4200,7500,8500,102,1.5,6000,0,0,0,0,0,76.64,30,70.08,69.32,42.7,0,0
2026-08-30T20:13:04.751000+09:00,2026-08-30T11:13:04.751000+00:00,094623,1980.6,1,0,0,0,0,13437,496,13437,0,0,0,0,4651,-28608,10326,6,4480,0,129,0,0,0,0,0,0,0,0,0,31082107,2018,0.46,1045.26,3025.91,0,54.7,98.1,68.1,35,65.6,529.3,38.9,603.1,162.5,165.5,1027.4,364999,5107,12.81,90.8,1500,2.61,1.14,31,42.9,65,26.75,12235203,72915,80.24,3432.18,0,1200,400,720,240,4200,7500,8500,102,1.5,6000,0,0,0,0,0,76.55,30,71.98,70.23,42.7,0,0
2026-08-30T20:14:04.842000+09:00,2026-08-30T11:14:04.842000+00:00,094623,1977.0,1,0,0,0,0,13437,499,13437,0,0,0,0,4651,-28608,10326,6,4480,0,129,0,0,0,0,0,0,0,0,0,31082107,2018,0.45,1096.53,3073.52,0,54.7,98.7,68,35,65.5,529.6,38.8,601.4,161.4,164.4,1048.4,364999,5107,12.73,89.5,1510,2.6,1.15,31.2,43.5,65,26.79,12235208,72915,80.86,3432.18,0,1200,400,720,240,4200,7500,8500,102,1.5,6000,0,0,0,0,0,76.4,30,74.51,66.6,42.6,0,0
2026-08-30T20:15:04.944000+09:00,2026-08-30T11:15:04.944000+00:00,094623,2061.2,1,0,0,0,0,13437,497,13437,0,0,0,0,4651,-28608,10326,6,4480,528,129,0,0,0,0,0,0,0,0,0,31082107,2018,0.45,1169.77,3230.99,0,54.7,98.5,67.8,35.1,65.5,528.3,38.6,604.4,162.8,165.5,1047.7,364999,5107,12.74,89.3,1500,2.6,1.15,31.4,42.4,65,26.28,12235212,72915,76.96,3432.18,0,1200,400,720,240,4200,7500,8500,102,1.5,6000,0,0,0,0,0,75.56,30,74.95,64.86,42.6,0,0
2026-08-30T20:16:05.038000+09:00,2026-08-30T11:16:05.038000+00:00,094623,2080.8,1,0,0,0,0,13437,495,13437,0,0,0,0,4651,-28608,10326,6,4480,0,129,0,0,0,0,0,0,0,0,0,31082107,2018,0.46,1151.46,3232.21,0,54.7,97.9,67.7,35,65.6,528.4,38.4,605.5,162.8,165.3,1038,364999,5107,12.7,89.9,1500,2.59,1.16,31.7,42.7,65,26.59,12235216,72915,77.06,3432.18,0,1200,400,720,240,4200,7500,8500,102,1.5,6000,0,0,0,0,0,74.78,30,73.31,66.05,42.7,0,0
2026-08-30T20:17:05.178000+09:00,2026-08-30T11:17:05.178000+00:00,094623,2084.4,1,0,0,0,0,13437,499,13437,0,0,0,0,4655,-28608,10326,6,4480,0,129,0,0,0,0,0,0,0,0,0,31082107,2018,0.47,1177.1,3261.51,0,54.7,97.7,67.7,35,65.6,527.8,39.2,608.7,163.5,166.5,1034.8,364999,5107,12.7,90.4,1500,2.61,1.14,31.2,42,65,25.86,12235221,72915,79.42,3432.19,0,1200,400,720,240,4200,7500,8500,102,1.5,6000,0,0,0,0,0,74.44,30,72.47,67.95,42.7,0,0
2026-08-30T20:18:05.258000+09:00,2026-08-30T11:18:05.258000+00:00,094623,2072.2,1,0,0,0,0,13437,498,13437,0,0,0,0,4655,-28608,10326,6,4480,0,129,0,0,0,0,0,0,0,0,0,31082107,2018,0.46,1190.53,3262.73,0,54.6,97.7,67.8,35,65.5,530.4,38,605.6,161.7,164,1042.7,365000,5108,12.71,91,1510,2.59,1.16,31.5,42.6,65,26.64,12235225,72915,79.63,3432.19,0,1200,400,720,240,4200,7500,8500,102,1.5,6000,0,0,0,0,0,74.35,30,72.01,71.02,42.6,0,0
2026-08-30T20:19:05.346000+09:00,2026-08-30T11:19:05.346000+00:00,094623,2022.1,1,0,0,0,0,13437,496,13437,0,0,0,0,4651,-28608,10326,6,4480,0,129,0,0,0,0,0,0,0,0,0,31082107,2018,0.44,1160.01,3182.16,0,54.7,98.1,67.9,35,65.5,530.5,38.4,605.7,162.3,164.9,1053.1,365000,5108,12.34,89.6,1500,2.59,1.15,31,42.5,65,26.66,12235230,72915,80.21,3432.19,0,1200,400,720,240,4200,7500,8500,102,1.5,6000,0,0,0,0,0,74.3,30,72.96,67.33,42.6,0,0
2026-08-30T20:20:05.458000+09:00,2026-08-30T11:20:05.458000+00:00,094623,1995.3,1,0,0,0,0,13437,496,13437,0,0,0,0,4655,-28608,18582,6,20864,528,129,0,0,0,0,0,0,0,0,0,31082107,2018,0.44,1028.17,3023.47,0,54.8,98.1,67.8,35,65.5,531.9,39.4,603.5,161.6,164.3,1038,365000,5108,12.62,89.2,1490,2.57,1.15,30.8,43.2,65,26.49,12235234,72915,78.94,3432.19,0,1200,400,720,240,4200,7500,8500,102,1.5,6000,0,0,0,0,0,73.69,30,73.12,65,42.6,0,0
2026-08-30T20:21:05.557000+09:00,2026-08-30T11:21:05.557000+00:00,094623,2215.0,1,0,0,0,0,13437,496,13437,0,0,0,0,4651,-28608,10326,6,4480,0,129,0,0,0,0,0,0,0,0,0,31082107,2018,0.46,1169.77,3384.81,0,54.8,97.8,67.7,35,65.5,527.9,38.9,605.6,162.4,164.8,1101.2,365000,5108,12.68,89.7,1500,2.58,1.15,32,41.9,65,26.62,12235239,72915,78.15,3432.19,0,1200,400,720,240,4200,7500,8500,102,1.5,6000,0,0,0,0,0,72.95,30,72.05,65.58,42.5,0,0
2026-08-30T20:22:05.645000+09:00,2026-08-30T11:22:05.645000+00:00,094623,2006.3,1,0,0,0,0,13437,495,13437,0,0,0,0,4655,-28608,10342,6,12676,0,129,0,0,0,0,0,0,0,0,0,31082107,2018,0.48,1011.08,3017.36,0,54.8,97.7,67.8,35,65.6,531.5,38.9,606.1,162.1,165,1063.5,365000,5108,12.81,90.4,1500,2.59,1.15,30.9,43.5,65,26.42,12235243,72915,78.94,3432.19,0,1200,400,720,240,4200,7500,8500,102,1.5,6000,0,0,0,0,0,72.82,30,71.33,67.81,42.6,0,0
2026-08-30T20:23:05.730000+09:00,2026-08-30T11:23:05.730000+00:00,094623,2024.6,1,0,0,0,0,13437,496,13437,0,0,0,0,4651,-28608,12374,6,4512,8,129,0,0,0,0,0,0,0,0,0,31082107,2018,0.45,1042.82,3067.42,0,54.8,97.7,67.8,35,65.4,532.4,38.8,604.3,160.3,163,1049.3,365000,5108,12.57,91.2,1510,2.59,1.16,31,43.8,65,26.58,12235248,72915,79.02,3432.19,0,1200,400,720,240,4200,7500,8500,102,1.5,6000,0,0,0,0,0,72.58,30,70.82,71.43,42.6,0,0
2026-08-30T20:24:05.818000+09:00,2026-08-30T11:24:05.818000+00:00,094623,2085.6,1,0,0,0,0,13437,494,13437,0,0,0,0,4655,-28608,10326,6,4480,0,129,0,0,0,0,0,0,0,0,0,31082107,2018,0.44,1135.59,3221.23,0,54.8,98,67.9,35.1,65.4,530,38.6,604.3,162,164.6,1069.5,365001,5109,12.7,89.8,1490,2.59,1.15,31.4,42.8,65,26.58,12235252,72915,80.46,3432.2,0,1200,400,720,240,4200,7500,8500,102,1.5,6000,0,0,0,0,0,72.46,30,71.36,67.74,42.5,0,0
2026-08-30T20:25:05.927000+09:00,2026-08-30T11:25:05.927000+00:00,094623,2111.3,1,0,0,0,0,13437,496,13437,0,0,0,0,4655,-28608,18518,6,4480,528,129,0,0,0,0,0,0,0,0,0,31082107,2018,0.44,1160.01,3271.28,0,54.9,98.1,68.1,35.1,65.5,529.7,39.5,603.9,161.2,163.5,1064.5,365001,5109,12.77,89.2,1500,2.58,1.16,31.5,42.7,65,26.51,12235256,72915,77.63,3432.2,0,1200,400,720,240,4200,7500,8500,102,1.5,6000,0,0,0,0,0,73.11,30,71.95,65.1,42.6,0,0
2026-08-30T20:26:06.040000+09:00,2026-08-30T11:26:06.040000+00:00,094623,2246.8,1,0,0,0,0,13437,496,13437,0,0,0,0,4651,-28608,10326,6,4480,0,129,0,0,0,0,0,0,0,0,0,31082107,2018,0.46,1284.52,3531.3,0,54.9,97.8,68.1,35,65.6,526.6,39.4,603.9,163,165.4,1060.1,365001,5109,12.9,89.7,1500,2.6,1.15,31.7,40.9,65,26.75,12235261,72915,76.54,3432.2,0,1200,400,720,240,4200,7500,8500,102,1.5,6000,0,0,0,0,0,73.32,30,70.99,65.65,42.6,0,0
2026-08-30T20:27:06.147000+09:00,2026-08-30T11:27:06.147000+00:00,094623,2135.7,1,0,0,0,0,13437,495,13437,0,0,0,0,4655,-28608,10326,6,4480,0,129,0,0,0,0,0,0,0,0,0,31082107,2018,0.47,1079.44,3215.12,0,54.8,97.5,68.3,35,65.7,529.1,39.3,603.6,162.3,164.7,1035.8,365001,5109,12.81,90.1,1500,2.59,1.15,31.3,42.5,65,26.67,12235265,72915,77.6,3432.2,0,1200,400,720,240,4200,7500,8500,102,1.5,6000,0,0,0,0,0,74.14,30,69.45,66.64,42.5,0,0
2026-08-30T20:28:06.240000+09:00,2026-08-30T11:28:06.240000+00:00,094623,2102.7,1,0,0,0,0,13437,494,13437,0,0,0,0,4655,-26560,12374,6,4513,72,129,0,0,0,0,0,0,0,0,0,31082107,2018,0.48,1177.1,3279.82,0,54.8,98,68.3,35.1,65.6,530.8,39.3,602.8,162,163.8,1047.9,365001,5109,12.7,91,1490,2.6,1.16,31.3,42.5,65,26.68,12235269,72915,78.88,3432.2,0,1200,400,720,240,4200,7500,8500,102,1.5,6000,0,0,0,0,0,74.54,30,70.51,70.29,42.5,0,0
2026-08-30T20:29:06.326000+09:00,2026-08-30T11:29:06.326000+00:00,094623,2212.6,1,0,0,0,0,13437,495,13437,0,0,0,0,4655,-26560,10326,6,4480,0,129,0,0,0,0,0,0,0,0,0,31082107,2018,0.45,1196.63,3409.22,0,54.8,98.4,68.3,35,65.6,527.9,39.1,603.6,163.2,164.4,1053.7,365001,5109,12.88,90,1490,2.58,1.15,31.5,41.5,65,25.78,12235274,72915,79.79,3432.2,0,1200,400,720,240,4200,7500,8500,102,1.5,6000,0,0,0,0,0,75.06,30,71.96,68.12,42.5,0,0
2026-08-30T20:30:06.407000+09:00,2026-08-30T11:30:06.407000+00:00,094623,2147.9,1,0,0,0,0,13437,495,13437,0,0,0,0,4651,-26560,18518,518,4480,528,129,0,0,0,0,0,0,0,0,0,31082107,2018,0.45,1113.62,3261.51,0,54.8,98.7,68.3,35,65.7,529.3,39.2,605.9,162.9,164.8,1029.5,365002,5110,12.86,89.1,1490,2.58,1.15,31.1,42.1,65,26.49,12235278,72915,80.48,3432.2,0,1200,400,720,240,4200,7500,8500,102,1.5,6000,0,0,0,0,0,75.51,30,73.76,64.59,42.5,0,0
2026-08-30T20:31:06.495000+09:00,2026-08-30T11:31:06.495000+00:00,094623,2199.2,1,0,0,0,0,13437,496,13437,0,0,0,0,4651,-28608,10326,6,4480,0,129,0,0,0,0,0,0,0,0,0,31082107,2018,0.47,1256.45,3455.61,0,54.8,98.3,68.3,35,65.6,528.8,38.4,606.3,162.8,164.4,1034.1,365002,5110,12.81,89.5,1500,2.6,1.15,31.5,41.4,65,26.61,12235283,72915,78.69,3432.2,0,1200,400,720,240,4200,7500,8500,102,1.5,6000,0,0,0,0,0,76.03,30,73.32,64.87,42.5,0,0
2026-08-30T20:32:06.590000+09:00,2026-08-30T11:32:06.590000+00:00,094623,2066.1,1,0,0,0,0,13437,497,13437,0,0,0,0,4651,-28608,10326,518,4480,0,129,0,0,0,0,0,0,0,0,0,31082107,2018,0.47,1041.6,3107.7,0,54.8,98.1,68.2,35,65.6,533.2,38.9,603.9,162,163.6,1013.2,365002,5110,12.65,89.9,1510,2.59,1.15,30.9,43.1,65,26.42,12235287,72915,79.21,3432.21,0,1200,400,720,240,4200,7500,8500,102,1.5,6000,0,0,0,0,0,76.03,30,72.99,65.77,42.5,0,0
2026-08-30T20:33:06.671000+09:00,2026-08-30T11:33:06.671000+00:00,094623,2180.8,1,0,0,0,0,13437,495,13437,0,0,0,0,4655,-26560,12374,6,4512,72,129,0,0,0,0,0,0,0,0,0,31082107,2018,0.49,1191.75,3372.6,0,54.7,98,68.1,34.9,65.4,529.4,39.2,601.3,162.1,163.6,1064.2,365002,5110,12.26,90.1,1490,2.58,1.15,31.4,41.8,65,25.93,12235292,72915,78.35,3432.21,0,1200,400,720,240,4200,7500,8500,102,1.5,6000,0,0,0,0,0,75.95,30,72.63,66.29,42.5,0,0
2026-08-30T20:34:06.763000+09:00,2026-08-30T11:34:06.763000+00:00,094623,2187.0,1,0,0,0,0,13437,496,13437,0,0,0,0,4651,-28608,10326,6,4480,0,129,0,0,0,0,0,0,0,0,0,31082107,2018,0.49,1101.41,3288.37,0,54.7,98.1,68,35,65.5,530.1,38.6,603.3,162.5,164.3,1063.1,365002,5110,12.74,90.7,1500,2.59,1.15,31.1,41.8,65,26.54,12235296,72915,79.42,3432.21,0,1200,400,720,240,4200,7500,8500,102,1.5,6000,0,0,0,0,0,75.77,30,73.07,68.76,42.5,0,0
2026-08-30T20:35:06.874000+09:00,2026-08-30T11:35:06.874000+00:00,094623,2277.3,1,0,0,0,0,13437,495,13437,0,0,0,0,4651,-28608,18518,6,4480,528,129,0,0,0,0,0,0,0,0,0,31082107,2018,0.47,1092.87,3370.16,0,54.7,98.4,68.1,35,65.5,529.1,38.6,605.1,163.1,163.9,1060.2,365002,5110,12.69,90.8,1500,2.59,1.15,31.8,42,65,26.46,12235300,72915,81.73,3432.21,0,1200,400,720,240,4200,7500,8500,102,1.5,6000,0,0,0,0,0,76.08,30,74.2,70.43,42.5,0,0
2026-08-30T20:36:06.984000+09:00,2026-08-30T11:36:06.984000+00:00,094623,2340.8,1,0,0,0,0,13437,497,13437,0,0,0,0,4655,-28608,10326,6,4480,0,129,0,0,0,0,0,0,0,0,0,31082107,2018,0.44,1120.94,3461.71,0,54.7,98.8,68.3,34.9,65.6,526,38.6,609.5,163.4,166,1078.7,365003,5111,12.65,89.3,1500,2.59,1.14,31.6,41.1,65,26.62,12235305,72915,81.27,3432.21,0,1200,400,720,240,4200,7500,8500,102,1.5,6000,0,0,0,0,0,77.05,30,76.4,65.92,42.5,0,0
2026-08-30T20:37:07.080000+09:00,2026-08-30T11:37:07.080000+00:00,094623,2138.1,1,0,0,0,0,13437,497,13437,0,0,0,0,4655,-28608,10390,590,20864,8192,129,0,0,0,0,0,0,0,0,0,31082107,2018,0.43,1000.09,3138.22,0,54.8,97.6,68.2,34.9,65.7,531.1,38.4,608.1,160.9,163.7,1123.1,365003,5111,12.65,89.5,1500,2.58,1.14,30.9,42.7,65,26.36,12235309,72915,79.97,3432.21,0,1200,400,720,240,4200,7500,8500,102,1.5,6000,0,0,0,0,0,77.16,30,73.09,65.56,42.4,0,0
2026-08-30T20:38:07.178000+09:00,2026-08-30T11:38:07.178000+00:00,094623,2232.1,1,0,0,0,0,13437,496,13437,0,0,0,0,4655,-28608,12374,6,4512,72,129,0,0,0,0,0,0,0,0,0,31082107,2018,0.44,1089.21,3321.33,0,54.8,97,68,34.9,65.5,529.8,37.9,604.8,160,163,1088.1,365003,5111,12.69,89.8,1500,2.57,1.16,31.4,42.3,65,26.25,12235314,72915,77.25,3432.21,0,1200,400,720,240,4200,7500,8500,102,1.5,6000,0,0,0,0,0,76.65,30,69.93,65.69,42.4,0,0
2026-08-30T20:39:07.276000+09:00,2026-08-30T11:39:07.276000+00:00,094623,2121.0,1,0,0,0,0,13437,497,13437,0,0,0,0,4655,-28608,10390,6,20864,0,129,0,0,0,0,0,0,0,0,0,31082107,2018,0.47,969.57,3090.61,0,54.8,98,67.8,34.9,65.5,532.3,37.8,605.8,159.6,162.6,1057.4,365003,5111,12.4,91.3,1500,2.6,1.14,30.8,43,65,26.54,12235318,72915,79.01,3432.22,0,1200,400,720,240,4200,7500,8500,102,1.5,6000,0,0,0,0,0,75.86,30,72.23,70.96,42.4,0,0
2026-08-30T20:40:07.438000+09:00,2026-08-30T11:40:07.438000+00:00,094623,2287.1,1,0,0,0,0,13437,498,13437,0,0,0,0,4651,-28608,18518,590,4480,8208,129,0,0,0,0,0,0,0,0,0,31082107,2018,0.46,1192.97,3480.03,0,54.9,98.8,67.7,34.9,65.4,529.1,39,604.8,159.8,162.8,1040.4,365003,5111,12.68,90.4,1500,2.59,1.15,31.6,41.5,65,25.76,12235322,72915,81.17,3432.22,0,1200,400,720,240,4200,7500,8500,102,1.5,6000,0,0,0,0,0,75.19,30,75.2,69.69,42.4,0,0
2026-08-30T20:41:07.487000+09:00,2026-08-30T11:41:07.487000+00:00,094623,2306.6,1,0,0,0,0,13437,497,13437,0,0,0,0,4655,-28608,10342,6,12676,0,129,0,0,0,0,0,0,0,0,0,31082107,2018,0.44,1098.97,3405.56,0,55,98.6,67.8,35,65.5,527.8,38.6,608.8,161.8,164.4,1082.7,365003,5111,12.65,89.3,1500,2.6,1.14,31.3,41.3,65,26.51,12235327,72915,79.65,3432.22,0,1200,400,720,240,4200,7500,8500,102,1.5,6000,0,0,0,0,0,75.04,30,75.86,66.01,42.4,0,0
2026-08-30T20:42:07.594000+09:00,2026-08-30T11:42:07.594000+00:00,094623,2221.1,1,0,0,0,0,13437,497,13437,0,0,0,0,4651,-28608,10326,6,4480,0,129,0,0,0,0,0,0,0,0,0,31082107,2018,0.44,1162.45,3383.59,0,54.9,97.4,67.9,34.9,65.6,529.5,38.6,609.5,159.7,163.3,1063.9,365004,5112,12.67,89.5,1500,2.59,1.15,31.1,41.6,65,26.67,12235331,72915,79.21,3432.22,0,1200,400,720,240,4200,7500,8500,102,1.5,6000,0,0,0,0,0,75.03,30,72.17,65.64,42.5,0,0
2026-08-30T20:43:07.675000+09:00,2026-08-30T11:43:07.675000+00:00,094623,2239.5,1,0,0,0,0,13437,497,13437,0,0,0,0,4651,-28608,12374,6,4512,72,129,0,0,0,0,0,0,0,0,0,31082107,2018,0.45,1136.81,3376.26,0,54.9,97.1,67.9,35,65.5,531.1,38.6,604.6,159.4,163.2,1038.7,365004,5112,12.88,89.8,1500,2.6,1.15,31.2,41.7,65,26.37,12235336,72915,77.76,3432.22,0,1200,400,720,240,4200,7500,8500,102,1.5,6000,0,0,0,0,0,74.89,30,69.98,65.96,42.4,0,0
2026-08-30T20:44:07.821000+09:00,2026-08-30T11:44:07.821000+00:00,094623,2412.8,1,0,0,0,0,13437,496,13437,0,0,0,0,4655,-28608,10326,582,4480,0,129,0,0,0,0,0,0,0,0,0,31082107,2018,0.5,1321.15,3733.94,0,54.9,98.2,67.9,35,65.5,526.6,39.5,608.2,157.6,161,1062.7,365004,5112,12.23,90.6,1500,2.6,1.16,32.2,40.7,65,26.58,12235340,72915,79.24,3432.22,0,1200,400,720,240,4200,7500,8500,102,1.5,6000,0,0,0,0,0,74.74,30,72.82,68.65,42.4,0,0
2026-08-30T20:45:07.869000+09:00,2026-08-30T11:45:07.869000+00:00,094623,2340.8,1,0,0,0,0,13437,497,13437,0,0,0,0,4651,-28608,10326,6,4480,0,129,0,0,0,0,0,0,0,0,0,31082107,2018,0.49,1196.63,3537.4,0,54.9,98.8,68,35,65.6,529.2,38.9,612.2,159.6,163.3,1053.2,365004,5112,12.76,90.6,1500,2.6,1.14,31.4,40.8,65,26.55,12235345,72915,80.69,3432.22,0,1200,400,720,240,4200,7500,8500,102,1.5,6000,0,0,0,0,0,74.93,30,75.53,69.93,42.4,0,0
2026-08-30T20:46:07.960000+09:00,2026-08-30T11:46:07.960000+00:00,094623,2272.4,1,0,0,0,0,13437,496,13437,0,0,0,0,4655,-28608,10326,6,4480,0,129,0,0,0,0,0,0,0,0,0,31082107,2018,0.48,1018.4,3290.81,0,55,98.6,68.1,34.9,65.6,530.8,39.7,610.3,158.3,161.8,1046.9,365004,5112,12.84,90.1,1500,2.61,1.15,31.3,42.4,65,26.59,12235349,72915,80.75,3432.22,0,1200,400,720,240,4200,7500,8500,102,1.5,6000,0,0,0,0,0,75.33,30,75.95,69.27,42.4,0,0
2026-08-30T20:47:08.057000+09:00,2026-08-30T11:47:08.057000+00:00,094623,2383.5,1,0,0,0,0,13437,497,13437,0,0,0,0,4655,-28608,10326,6,4480,0,129,0,0,0,0,0,0,0,0,0,31082107,2018,0.46,1122.17,3505.66,0,55,97.9,68.1,35,65.6,529,39.1,609.4,158.9,162.5,1037.8,365004,5112,12.41,90.1,1500,2.6,1.15,31.6,41.2,65,25.74,12235353,72915,80.72,3432.23,0,1200,400,720,240,4200,7500,8500,102,1.5,6000,0,0,0,0,0,75.48,30,74.24,69.4,42.4,0,0
2026-08-30T20:48:08.147000+09:00,2026-08-30T11:48:08.147000+00:00,094623,2403.0,1,0,0,0,0,13437,497,13437,0,0,0,0,4651,-28608,12374,6,4512,8,129,0,0,0,0,0,0,0,0,0,31082107,2018,0.46,1050.14,3453.17,0,55,97.5,68.2,35,65.6,527.8,38.5,613.9,159.7,163.1,1111.2,365005,5113,12.36,90,1500,2.59,1.15,31.7,41.6,65,26.38,12235358,72915,80.62,3432.23,0,1200,400,720,240,4200,7500,8500,102,1.5,6000,0,0,0,0,0,75.96,30,72.53,69.01,42.3,0,0
2026-08-30T20:49:08.248000+09:00,2026-08-30T11:49:08.248000+00:00,094623,2190.6,1,0,0,0,0,13437,497,13437,0,0,0,0,4651,-28608,10326,6,4480,0,129,0,0,0,0,0,0,0,0,0,31082107,2018,0.45,989.1,3179.72,0,55,97.4,68.3,34.9,65.7,531.5,38.1,614.1,158.4,161.7,1039.5,365005,5113,12.64,90.2,1500,2.6,1.14,30.8,42.6,65,26.65,12235362,72915,79.29,3432.23,0,1200,400,720,240,4200,7500,8500,102,1.5,6000,0,0,0,0,0,76.6,30,71.47,69.64,42.4,0,0
2026-08-30T20:50:08.351000+09:00,2026-08-30T11:50:08.351000+00:00,094623,2401.8,1,0,0,0,0,13437,496,13437,0,0,0,0,4651,-28608,10326,6,4480,0,129,0,0,0,0,0,0,0,0,0,31082107,2018,0.45,1146.58,3548.39,0,55,97.4,68.2,34.9,65.5,527.2,38,611.1,156.5,159.2,1062.4,365005,5113,12.84,90,1500,2.59,1.15,31.8,41.2,65,26.56,12235367,72915,78.71,3432.23,0,1200,400,720,240,4200,7500,8500,102,1.5,6000,0,0,0,0,0,76.71,30,70.57,69.15,42.3,0,0
2026-08-30T20:51:08.458000+09:00,2026-08-30T11:51:08.458000+00:00,094623,2440.9,1,0,0,0,0,13437,498,13437,0,0,0,0,4655,-28608,10326,6,4480,0,129,0,0,0,0,0,0,0,0,0,31082107,2018,0.46,1228.37,3669.24,0,54.9,97.8,68.2,34.9,65.6,526.2,38.4,608.7,158.8,162.2,1027.7,365005,5113,12.86,89.7,1510,2.61,1.14,31.5,40.1,65,26.73,12235371,72915,79.18,3432.23,0,1200,400,720,240,4200,7500,8500,102,1.5,6000,0,0,0,0,0,77.07,30,71.29,68.16,42.3,0,0
2026-08-30T20:52:08.548000+09:00,2026-08-30T11:52:08.548000+00:00,094623,2129.6,1,0,0,0,0,13437,496,13437,0,0,0,0,4651,-28608,10326,6,4480,0,129,0,0,0,0,0,0,0,0,0,31082107,2018,0.45,942.72,3072.3,0,54.9,97.7,68.2,34.9,65.6,533.3,38.6,604.8,156.3,158.9,1036.4,365005,5113,12.7,89.6,1500,2.59,1.16,30.8,43.9,65,26.49,12235375,72915,79.04,3432.23,0,1200,400,720,240,4200,7500,8500,102,1.5,6000,0,0,0,0,0,77.31,30,70.66,67.25,42.3,0,0
2026-08-30T20:53:08.648000+09:00,2026-08-30T11:53:08.648000+00:00,094623,2416.5,1,0,0,0,0,13437,496,13437,0,0,0,0,4651,-28608,12374,518,4480,0,129,0,0,0,0,0,0,0,0,0,31082107,2018,0.47,1212.5,3628.96,0,54.9,98,67.9,34.9,65.4,527.2,39,603.8,157.2,160,1056,365005,5113,12.67,89.5,1500,2.6,1.15,31.8,40.9,65,25.74,12235380,72915,78.14,3432.23,0,1200,400,720,240,4200,7500,8500,102,1.5,6000,0,0,0,0,0,76.59,30,71.16,66.24,42.3,0,0
2026-08-30T20:54:08.738000+09:00,2026-08-30T11:54:08.738000+00:00,094623,2418.9,1,0,0,0,0,13437,497,13437,0,0,0,0,4651,-28608,10326,518,4480,0,129,0,0,0,0,0,0,0,0,0,31082107,2018,0.49,1135.59,3554.49,0,54.9,98.7,67.8,34.8,65.5,528.8,39.1,605.2,158.5,161.5,1024.9,365006,5114,12.71,89.8,1500,2.6,1.15,31.6,41.1,65,26.06,12235384,72915,79.01,3432.24,0,1200,400,720,240,4200,7500,8500,102,1.5,6000,0,0,0,0,0,76.11,30,73.85,66.5,42.3,0,0
2026-08-30T20:55:08.851000+09:00,2026-08-30T11:55:08.851000+00:00,094623,2322.5,1,0,0,0,0,13437,496,13437,0,0,0,0,4651,-28608,10326,6,4480,0,129,0,0,0,0,0,0,0,0,0,31082107,2018,0.5,1066.01,3388.47,0,54.8,98.7,67.8,34.8,65.5,529.7,38.9,606.2,158.9,161.9,1019.3,365006,5114,12.85,90.6,1500,2.6,1.15,31.2,41.7,65,26.73,12235389,72915,78.01,3432.24,0,1200,400,720,240,4200,7500,8500,102,1.5,6000,0,0,0,0,0,75.75,30,74.85,68.92,42.3,0,0
2026-08-30T20:56:08.940000+09:00,2026-08-30T11:56:08.940000+00:00,094623,2343.2,1,0,0,0,0,13437,496,13437,0,0,0,0,4655,-28608,10390,6,20864,0,129,0,0,0,0,0,0,0,0,0,31082107,2018,0.48,1069.67,3412.88,0,54.8,98.5,67.8,34.9,65.4,529.8,38.8,605.7,158.6,161.5,1017.7,365006,5114,12.76,90.9,1500,2.62,1.15,31.3,41.7,65,26.64,12235393,72915,81.17,3432.24,0,1200,400,720,240,4200,7500,8500,102,1.5,6000,0,0,0,0,0,75.52,30,75.14,71.2,42.3,0,0
2026-08-30T20:57:09.042000+09:00,2026-08-30T11:57:09.042000+00:00,094623,2385.9,1,0,0,0,0,13437,497,13437,0,0,0,0,4651,-28608,10326,6,4480,0,129,0,0,0,0,0,0,0,0,0,31082107,2018,0.44,1116.06,3502,0,54.8,98.6,67.9,34.9,65.4,528.4,38.5,609.1,159.6,162.3,1034.5,365006,5114,12.74,89.6,1500,2.6,1.14,31.4,41.2,65,26.55,12235398,72915,79.93,3432.24,0,1200,400,720,240,4200,7500,8500,102,1.5,6000,0,0,0,0,0,75.53,30,76.34,67.76,42.3,0,0
2026-08-30T20:58:09.133000+09:00,2026-08-30T11:58:09.133000+00:00,094623,2501.9,1,0,0,0,0,13437,494,13437,0,0,0,0,4651,-28608,18582,518,20864,528,129,0,0,0,0,0,0,0,0,0,31082107,2018,0.44,1079.44,3581.35,0,54.9,97.8,67.9,34.8,65.5,528,38.2,609.3,160.5,163.1,1065.3,365006,5114,12.68,89.2,1490,2.59,1.14,31.6,40.8,65,25.5,12235402,72915,78.17,3432.24,0,1200,400,720,240,4200,7500,8500,102,1.5,6000,0,0,0,0,0,75.27,30,74.08,65.46,42.3,0,0
2026-08-30T20:59:09.239000+09:00,2026-08-30T11:59:09.239000+00:00,094623,2311.5,1,0,0,0,0,13437,496,13437,0,0,0,0,4655,-26560,10326,590,4480,8192,129,0,0,0,0,0,0,0,0,0,31082107,2018,0.44,1089.21,3400.68,0,54.8,97.2,67.9,34.9,65.5,529.6,38.2,608.3,159.7,162.5,1039.9,365006,5114,12.51,89.5,1500,2.6,1.15,31,41.5,65,26.78,12235406,72915,79.14,3432.24,0,1200,400,720,240,4200,7500,8500,102,1.5,6000,0,0,0,0,0,75.06,30,71.51,65.57,42.3,0,0
2026-08-30T21:00:09.321000+09:00,2026-08-30T12:00:09.321000+00:00,094623,2398.1,1,0,0,0,0,13437,496,13437,0,0,0,0,4651,-28608,10342,6,12676,0,129,0,0,0,0,0,0,0,0,0,31082107,2018,0.44,1063.57,3461.71,0,54.8,97.3,67.8,34.8,65.4,529.6,38,609.8,160,162.4,1056.4,365007,5115,12.81,90.6,1500,2.6,1.15,31.4,41.3,65,26.4,12235411,72915,79.15,3432.24,0,1200,400,720,240,4200,7500,8500,102,1.5,6000,0,0,0,0,0,74.48,30,70.54,68.67,42.3,0,0
2026-08-30T21:01:09.416000+09:00,2026-08-30T12:01:09.416000+00:00,094623,2320.0,1,0,0,0,0,13437,495,13437,0,0,0,0,4651,-28608,8278,6,4480,8,129,0,0,0,0,0,0,0,0,0,31082107,2018,0.45,1059.91,3379.92,0,54.8,98,67.8,34.8,65.4,530.6,37.7,608.8,159.2,161.7,1035.2,365007,5115,12.64,90.9,1500,2.59,1.15,31.2,42,65,26.5,12235415,72915,81.03,3432.24,0,1200,400,720,240,4200,7500,8500,102,1.5,6000,0,0,0,0,0,74.18,30,72.17,70.81,42.3,0,0
2026-08-30T21:02:09.515000+09:00,2026-08-30T12:02:09.515000+00:00,094623,2432.3,1,0,0,0,0,13437,494,13437,0,0,0,0,4651,-28608,10326,518,4480,0,129,0,0,0,0,0,0,0,0,0,31082107,2018,0.44,1178.32,3610.64,0,54.8,98.3,67.8,34.8,65.4,529.7,39,605.9,160,162.4,1043.6,365007,5115,12.68,89.9,1500,2.6,1.15,31.6,40.9,65,25.84,12235420,72915,79.33,3432.25,0,1200,400,720,240,4200,7500,8500,102,1.5,6000,0,0,0,0,0,73.83,30,73.19,68.29,42.2,0,0
2026-08-30T21:03:09.609000+09:00,2026-08-30T12:03:09.609000+00:00,094623,2326.1,1,0,0,0,0,13437,497,13437,0,0,0,0,4655,-28608,18518,6,4480,528,129,0,0,0,0,0,0,0,0,0,31082107,2018,0.44,1046.48,3372.6,0,54.8,98.5,67.7,34.8,65.4,529.3,38.7,605.3,160.1,162.6,1036.7,365007,5115,12.68,89.3,1500,2.61,1.14,30.9,41.6,65,26.61,12235424,72915,79.62,3432.25,0,1200,400,720,240,4200,7500,8500,102,1.5,6000,0,0,0,0,0,73.23,30,74.6,65.82,42.2,0,0
2026-08-30T21:04:09.712000+09:00,2026-08-30T12:04:09.712000+00:00,094623,2374.9,1,0,0,0,0,13437,495,13437,0,0,0,0,4655,-28608,10326,6,4480,0,129,0,0,0,0,0,0,0,0,0,31082107,2018,0.46,1128.27,3503.22,0,54.8,98.2,67.7,34.8,65.4,529.9,37.9,605,159.2,161.5,1050.5,365007,5115,12.79,89.8,1490,2.6,1.16,31.3,41.4,65,26.59,12235428,72915,77.46,3432.25,0,1200,400,720,240,4200,7500,8500,102,1.5,6000,0,0,0,0,0,72.72,30,74.23,66.55,42.2,0,0
2026-08-30T21:05:09.802000+09:00,2026-08-30T12:05:09.802000+00:00,094623,2486.0,1,0,0,0,0,13437,497,13437,0,0,0,0,4655,-28608,10326,6,4480,0,129,0,0,0,0,0,0,0,0,0,31082107,2018,0.46,1160.01,3646.05,0,54.8,98.1,67.7,34.8,65.4,527.4,38.1,607.5,161.1,163.5,1050,365007,5115,12.68,89.7,1500,2.58,1.15,31.6,40.4,65,26.66,12235433,72915,79.49,3432.25,0,1200,400,720,240,4200,7500,8500,102,1.5,6000,0,0,0,0,0,72.23,30,74.27,65.92,42.2,0,0
2026-08-30T21:06:09.899000+09:00,2026-08-30T12:06:09.899000+00:00,094623,2486.0,1,0,0,0,0,13437,497,13437,0,0,0,0,4651,-28608,12374,6,4512,72,129,0,0,0,0,0,0,0,0,0,31082107,2018,0.46,1129.49,3615.53,0,54.7,97.9,68,34.8,65.5,528,38.1,608.2,161.5,164.3,1036.5,365008,5116,12.74,89.9,1500,2.61,1.14,31.4,40.5,65,26.63,12235437,72915,78.28,3432.25,0,1200,400,720,240,4200,7500,8500,102,1.5,6000,0,0,0,0,0,72.99,30,73.7,66.18,42.3,0,0
2026-08-30T21:07:10+09:00,2026-08-30T12:07:10+00:00,094623,2448.2,1,0,0,0,0,13437,496,13437,0,0,0,0,4651,-28608,10326,6,4480,0,129,0,0,0,0,0,0,0,0,0,31082107,2018,0.47,1041.6,3489.79,0,54.7,97.7,68.2,34.8,65.5,529.4,38.2,607.7,160.2,163.1,1049.5,365008,5116,12.73,89.8,1500,2.6,1.16,31.5,41.6,65,26.54,12235442,72915,79.31,3432.25,0,1200,400,720,240,4200,7500,8500,102,1.5,6000,0,0,0,0,0,73.77,30,72.8,65.63,42.2,0,0
2026-08-30T21:08:10.095000+09:00,2026-08-30T12:08:10.095000+00:00,094623,2348.1,1,0,0,0,0,13437,495,13437,0,0,0,0,4655,-28608,18518,6,4480,528,129,0,0,0,0,0,0,0,0,0,31082107,2018,0.47,958.59,3306.68,0,54.8,97.8,68.3,34.8,65.5,531.1,38.6,606.2,160.2,163.1,1025.6,365008,5116,12.82,90.6,1500,2.6,1.15,31,42.3,65,26.39,12235446,72915,79.28,3432.25,0,1200,400,720,240,4200,7500,8500,102,1.5,6000,0,0,0,0,0,74.43,30,72.71,68.28,42.2,0,0
2026-08-30T21:09:10.190000+09:00,2026-08-30T12:09:10.190000+00:00,094623,2398.2,1,0,0,0,0,13437,497,13437,0,0,0,0,4651,-28608,10326,6,4480,0,129,0,0,0,0,0,0,0,0,0,31082107,2018,0.46,1067.23,3465.38,0,54.8,97.9,68.2,34.8,65.4,530.4,38.1,606.3,159.1,161.4,1052.9,365008,5116,12.82,90.8,1500,2.6,1.16,31.3,41.8,65,26.67,12235450,72915,79.55,3432.25,0,1200,400,720,240,4200,7500,8500,102,1.5,6000,0,0,0,0,0,74.51,30,72.92,70.33,42.1,0,0
2026-08-30T21:10:10.284000+09:00,2026-08-30T12:10:10.284000+00:00,094623,2116.2,1,0,0,0,0,13437,501,13437,0,0,0,0,4651,-28608,10326,6,4992,0,129,0,0,0,0,0,0,0,0,0,31082107,2018,0.43,898.77,3014.92,0,54.9,98.2,68.3,34.8,65.5,529.3,38.9,608.5,160.7,163.3,1057.3,365008,5116,12.71,89.9,1510,2.64,1.1,27.2,37,65,21.23,12235455,72915,79.15,3432.26,0,1200,400,720,240,4200,7500,8500,102,1.5,6000,0,0,0,0,0,71,30,69.71,64.14,42.2,0,0
2026-08-30T21:11:10.380000+09:00,2026-08-30T12:11:10.380000+00:00,094623,1053.8,1,0,0,0,0,13437,521,13437,0,0,0,0,4655,-28608,12374,6,5024,72,129,0,0,0,0,0,0,0,0,0,31082107,2018,0.42,867.03,1920.83,0,54.5,96.8,68.5,34.8,65,526.2,38.9,592.5,146.8,147.7,1012.5,365008,5116,12.76,89.9,1570,2.77,1.1,24.3,38.8,65,15.19,12235457,72915,64.35,3432.26,0,1200,400,720,240,4200,7500,8500,102,1.5,6000,0,0,0,0,0,69.15,30,61.88,60.65,42.2,0,0
2026-08-30T21:12:10.461000+09:00,2026-08-30T12:12:10.461000+00:00,094623,875.6,1,0,0,0,0,13437,493,13437,0,0,0,0,4651,-28608,10326,6,4480,0,129,0,0,0,0,0,0,0,0,0,31082107,2018,0.33,600.91,1476.49,0,54.1,98.2,68.5,34.8,64.2,523.8,38.8,589.4,142.6,143.3,1037.8,365009,5117,12.77,92.5,1480,2.64,1.15,24,43.1,65,12.18,12235459,72915,64.77,3432.26,0,1200,400,720,240,4200,7500,8500,102,1.5,6000,0,0,0,0,0,68.59,30,63.48,69.29,42.1,0,0
2026-08-30T21:13:10.561000+09:00,2026-08-30T12:13:10.561000+00:00,094623,1605.6,1,0,0,0,0,13437,497,13437,0,0,0,0,4655,-26560,18518,590,4480,8720,129,0,0,0,0,0,0,0,0,0,31082107,2018,0.37,1169.77,2775.35,0,54.1,99.3,68.2,34.8,64,520.3,38.9,595.2,150.6,152.2,1038.3,365009,5117,12.86,88.5,1500,2.61,1.15,31.5,45,65,26.34,12235463,72915,75.84,3432.26,0,1200,400,720,240,4200,7500,8500,102,1.5,6000,0,0,0,0,0,76.73,30,75.94,66.27,42.1,0,0
2026-08-30T21:14:10.637000+09:00,2026-08-30T12:14:10.637000+00:00,094623,1570.2,1,0,0,0,0,13437,495,13437,0,0,0,0,4651,-28608,10326,6,4480,0,129,0,0,0,0,0,0,0,0,0,31082107,2018,0.36,976.9,2547.07,0,54.1,97,67.6,34.8,64.3,526.6,38.1,600.3,154.1,157.5,1021.8,365009,5117,12.82,88.1,1500,2.63,1.15,30.7,46.1,65,26.57,12235467,72915,77.24,3432.26,0,1200,400,720,240,4200,7500,8500,102,1.5,6000,0,0,0,0,0,74.77,30,69.88,62.26,42.1,0,0
2026-08-30T21:15:10.736000+09:00,2026-08-30T12:15:10.736000+00:00,094623,1700.8,1,0,0,0,0,13437,494,13437,0,0,0,0,4655,-28608,10390,6,20864,0,129,0,0,0,0,0,0,0,0,0,31082107,2018,0.43,1069.67,2770.47,0,54,97.5,66.9,34.8,64.3,526.8,38.2,600,155.4,159.1,1026,365009,5117,12.69,89.2,1490,2.61,1.16,31.3,45,65,26.49,12235471,72915,73.1,3432.26,0,1200,400,720,240,4200,7500,8500,102,1.5,6000,0,0,0,0,0,71.42,30,69.54,63.42,42.1,0,0
2026-08-30T21:16:10.847000+09:00,2026-08-30T12:16:10.847000+00:00,094623,1853.7,1,0,0,0,0,13437,495,13437,0,0,0,0,4651,-28608,12374,6,4512,72,129,0,0,0,0,0,0,0,0,0,31082107,2018,0.47,1269.88,3123.57,0,54,98.7,67.1,34.8,64.5,524.3,38,605.6,159.1,163.1,1050.6,365009,5117,12.92,89.9,1500,2.61,1.16,31.9,42.9,65,26.39,12235476,72915,75.16,3432.26,0,1200,400,720,240,4200,7500,8500,102,1.5,6000,0,0,0,0,0,70.37,30,73.57,64.91,42.2,0,0
2026-08-30T21:17:10.950000+09:00,2026-08-30T12:17:10.950000+00:00,094623,1684.9,1,0,0,0,0,13437,497,13437,0,0,0,0,4651,-28608,10326,6,20864,0,129,0,0,0,0,0,0,0,0,0,31082107,2018,0.47,956.14,2641.07,0,53.9,98,67.6,34.7,64.8,528.8,37.9,606,159.9,163.6,1035.7,365009,5117,12.85,90.6,1500,2.61,1.13,30.5,44.8,65,26.55,12235480,72915,76.92,3432.26,0,1200,400,720,240,4200,7500,8500,102,1.5,6000,0,0,0,0,0,70.95,30,72.18,67.38,42.1,0,0
2026-08-30T21:18:11.035000+09:00,2026-08-30T12:18:11.035000+00:00,094623,1678.8,1,0,0,0,0,13437,495,13437,0,0,0,0,4655,-28608,18518,6,4480,528,129,0,0,0,0,0,0,0,0,0,31082107,2018,0.45,1017.18,2696,0,54,97.6,68,34.7,64.7,530.8,38.3,602.8,157.8,160.9,1031.3,365010,5118,12.58,90.6,1490,2.6,1.16,30.9,45.7,65,26.61,12235485,72915,79.63,3432.27,0,1200,400,720,240,4200,7500,8500,102,1.5,6000,0,0,0,0,0,71.83,30,70.52,68.23,42.2,0,0
2026-08-30T21:19:11.146000+09:00,2026-08-30T12:19:11.146000+00:00,094623,1808.5,1,0,0,0,0,13437,495,13437,0,0,0,0,4655,-28608,10342,6,12676,0,129,0,0,0,0,0,0,0,0,0,31082107,2018,0.46,1124.61,2933.13,0,54.1,97.9,68.1,34.7,64.7,528.1,38,602.6,159.4,162.5,1029,365010,5118,11.76,89.9,1500,2.61,1.15,31.2,43.8,65,26.73,12235489,72915,79.12,3432.27,0,1200,400,720,240,4200,7500,8500,102,1.5,6000,0,0,0,0,0,72.18,30,70.97,66.39,42.1,0,0
2026-08-30T21:20:11.242000+09:00,2026-08-30T12:20:11.242000+00:00,094623,1881.8,1,0,0,0,0,13437,496,13437,0,0,0,0,4651,-28608,10326,6,4480,0,129,0,0,0,0,0,0,0,0,0,31082107,2018,0.46,1184.42,3066.19,0,54.2,98.1,68.3,34.7,64.8,527.3,38.7,604.9,160.2,163.3,1039.5,365010,5118,12.74,89.6,1500,2.62,1.16,31.6,43.5,65,26.42,12235494,72915,77.55,3432.27,0,1200,400,720,240,4200,7500,8500,102,1.5,6000,0,0,0,0,0,73.19,30,71.6,65.25,42.1,0,0
2026-08-30T21:21:11.340000+09:00,2026-08-30T12:21:11.340000+00:00,094623,1929.4,1,0,0,0,0,13437,494,13437,0,0,0,0,4655,-26560,12374,590,4512,8264,129,0,0,0,0,0,0,0,0,0,31082107,2018,0.47,1205.18,3134.56,0,54.2,98.2,68.5,34.7,64.9,526.2,38.3,606.1,161.8,165.4,1030.6,365010,5118,12.84,89.5,1500,2.6,1.15,31.6,42.7,65,26.25,12235498,72915,78.91,3432.27,0,1200,400,720,240,4200,7500,8500,102,1.5,6000,0,0,0,0,0,74.23,30,72.01,64.22,42.1,0,0
2026-08-30T21:22:11.421000+09:00,2026-08-30T12:22:11.421000+00:00,094623,1791.4,1,0,0,0,0,13437,495,13437,0,0,0,0,4655,-28608,10326,590,4480,8192,129,0,0,0,0,0,0,0,0,0,31082107,2018,0.47,1105.08,2896.51,0,54.3,98.4,68.6,34.7,65,529.7,39,604,160.1,163.3,1047.9,365010,5118,12.73,89.7,1500,2.61,1.15,31,44.1,65,26.52,12235502,72915,77.75,3432.27,0,1200,400,720,240,4200,7500,8500,102,1.5,6000,0,0,0,0,0,75.46,30,73.17,64.25,42.1,0,0
2026-08-30T21:23:11.538000+09:00,2026-08-30T12:23:11.538000+00:00,094623,1948.9,1,0,0,0,0,13437,497,13437,0,0,0,0,4655,-28608,18518,6,4480,16,129,0,0,0,0,0,0,0,0,0,31082107,2018,0.49,1230.81,3179.72,0,54.2,98.5,68.3,34.7,64.9,528,38.4,604.4,161.2,164.2,1031.4,365010,5118,12.7,89.9,1500,2.61,1.15,31.6,42.8,65,26.47,12235507,72915,79.46,3432.27,0,1200,400,720,240,4200,7500,8500,102,1.5,6000,0,0,0,0,0,75.33,30,74.21,64.69,42.1,0,0
2026-08-30T21:24:11.633000+09:00,2026-08-30T12:24:11.633000+00:00,094623,1977.0,1,0,0,0,0,13437,494,13437,0,0,0,0,4651,-26560,10326,6,4480,0,129,0,0,0,0,0,0,0,0,0,31082107,2018,0.5,1166.11,3143.1,0,54.3,98.3,68,34.7,65,526.8,40.1,608.1,162.2,165.2,1040,365011,5119,12.62,90.2,1490,2.59,1.15,31.6,42.6,65,26.67,12235511,72915,77.61,3432.27,0,1200,400,720,240,4200,7500,8500,102,1.5,6000,0,0,0,0,0,74.49,30,74.12,65.55,42.1,0,0
2026-08-30T21:25:11.733000+09:00,2026-08-30T12:25:11.733000+00:00,094623,1873.2,1,0,0,0,0,13437,497,13437,0,0,0,0,4651,-28608,10326,6,4480,0,129,0,0,0,0,0,0,0,0,0,31082107,2018,0.5,992.77,2865.99,0,54.4,98.3,67.9,34.7,65.1,530.6,38.4,608.3,161.6,164.4,1026.4,365011,5119,12.88,91,1500,2.61,1.15,30.8,43.9,65,26.68,12235516,72915,79.43,3432.27,0,1200,400,720,240,4200,7500,8500,102,1.5,6000,0,0,0,0,0,74.3,30,74.73,69.03,42,0,0
2026-08-30T21:26:11.842000+09:00,2026-08-30T12:26:11.842000+00:00,094623,1945.2,1,0,0,0,0,13437,496,13437,0,0,0,0,4655,-28608,12374,6,4512,8,129,0,0,0,0,0,0,0,0,0,31082107,2018,0.45,1109.96,3055.21,0,54.5,98,68,34.7,65,528.8,40.2,606.9,160.7,163.6,1027.6,365011,5119,12.57,90.6,1500,2.6,1.15,31.3,43.4,65,26.32,12235520,72915,82.94,3432.28,0,1200,400,720,240,4200,7500,8500,102,1.5,6000,0,0,0,0,0,74.47,30,73.94,69.65,42.1,0,0
2026-08-30T21:27:11.938000+09:00,2026-08-30T12:27:11.938000+00:00,094623,1999.0,1,0,0,0,0,13437,497,13437,0,0,0,0,4651,-28608,10326,6,4480,0,129,0,0,0,0,0,0,0,0,0,31082107,2018,0.43,1127.05,3126.01,0,54.5,98,68,34.6,65.1,527.3,39.3,607.3,162.4,165.5,1047.1,365011,5119,12.69,89.3,1500,2.61,1.14,31.3,42.6,65,26.62,12235525,72915,80.98,3432.28,0,1200,400,720,240,4200,7500,8500,102,1.5,6000,0,0,0,0,0,74.47,30,73.94,65.54,42.1,0,0
2026-08-30T21:28:12.032000+09:00,2026-08-30T12:28:12.032000+00:00,094623,2016.1,1,0,0,0,0,13437,497,13437,0,0,0,0,4655,-28608,10326,6,4480,0,129,0,0,0,0,0,0,0,0,0,31082107,2018,0.44,1036.71,3052.77,0,54.6,97.5,68.1,34.6,65.2,528.6,39.2,610.6,159.3,160.8,1020.9,365011,5119,12.64,89.5,1500,2.61,1.16,31.8,43.8,65,26.23,12235529,72915,78.33,3432.28,0,1200,400,720,240,4200,7500,8500,102,1.5,6000,0,0,0,0,0,74.89,30,72.15,65.19,42.1,0,0
2026-08-30T21:29:12.137000+09:00,2026-08-30T12:29:12.137000+00:00,094623,2053.9,1,0,0,0,0,13437,496,13437,0,0,0,0,4651,-28608,10326,6,4480,0,129,0,0,0,0,0,0,0,0,0,31082107,2018,0.46,1173.44,3227.33,0,54.6,97.4,68.4,34.6,65.3,526.4,38.3,619.3,162.7,165.4,1034.1,365011,5119,12.84,89.7,1500,2.61,1.15,31.6,42.3,65,26.54,12235533,72915,79.22,3432.28,0,1200,400,720,240,4200,7500,8500,102,1.5,6000,0,0,0,0,0,76.16,30,70.98,65.21,42,0,0
2026-08-30T21:30:12.238000+09:00,2026-08-30T12:30:12.238000+00:00,094623,2066.1,1,0,0,0,0,13437,495,13437,0,0,0,0,4655,-28608,10326,6,4480,0,129,0,0,0,0,0,0,0,0,0,31082107,2018,0.46,1140.48,3206.58,0,54.6,97.4,68.5,34.6,65.4,527.7,39,617.7,162.6,165.1,1048,365012,5120,12.9,90,1500,2.59,1.15,31.7,42.7,65,26.55,12235538,72915,78.59,3432.28,0,1200,400,720,240,4200,7500,8500,102,1.5,6000,0,0,0,0,0,77.08,30,70.02,65.83,42,0,0
2026-08-30T21:31:12.344000+09:00,2026-08-30T12:31:12.344000+00:00,094623,2034.4,1,0,0,0,0,13437,496,13437,0,0,0,0,4651,-28608,12374,6,4512,8,129,0,0,0,0,0,0,0,0,0,31082107,2018,0.48,1138.04,3172.4,0,54.6,98,68.2,34.6,65.4,527.8,38.2,618.9,163.3,165.9,1037.3,365012,5120,12.63,91.2,1500,2.61,1.15,31.3,42.5,65,26.3,12235542,72915,78.32,3432.28,0,1200,400,720,240,4200,7500,8500,102,1.5,6000,0,0,0,0,0,76.71,30,71.32,70.4,42,0,0
2026-08-30T21:32:12.435000+09:00,2026-08-30T12:32:12.435000+00:00,094623,2072.2,1,0,0,0,0,13437,498,13437,0,0,0,0,4651,-28608,10326,6,4480,0,129,0,0,0,0,0,0,0,0,0,31082107,2018,0.46,1061.13,3133.33,0,54.6,98.5,68.2,34.7,65.3,528.2,37.9,619.2,163.6,166.1,1052.4,365012,5120,12.71,90.2,1510,2.61,1.14,31.3,42.7,65,26.66,12235547,72915,80.24,3432.28,0,1200,400,720,240,4200,7500,8500,102,1.5,6000,0,0,0,0,0,77.12,30,73.29,68.74,42,0,0
2026-08-30T21:33:12.533000+09:00,2026-08-30T12:33:12.533000+00:00,094623,2057.6,1,0,0,0,0,13437,497,13437,0,0,0,0,4651,-28608,10326,6,4480,0,129,0,0,0,0,0,0,0,0,0,31082107,2018,0.44,1098.97,3156.53,0,54.6,98.8,68.2,34.7,65.3,528.5,37.3,618.7,162.7,165.4,1041,365012,5120,12.84,89.1,1500,2.62,1.16,31.5,43.1,65,26.63,12235551,72915,79.43,3432.29,0,1200,400,720,240,4200,7500,8500,102,1.5,6000,0,0,0,0,0,77.36,30,75.18,65.06,42,0,0
2026-08-30T21:34:12.641000+09:00,2026-08-30T12:34:12.641000+00:00,094623,2095.4,1,0,0,0,0,13437,495,13437,0,0,0,0,4655,-28608,10390,6,20864,0,129,0,0,0,0,0,0,0,0,0,31082107,2018,0.46,1111.18,3206.58,0,54.6,98.1,68.1,34.6,65.3,528.6,37.6,617.7,163.3,165.8,1027.5,365012,5120,12.74,89.7,1500,2.6,1.15,31.4,42.4,65,26.51,12235555,72915,76.66,3432.29,0,1200,400,720,240,4200,7500,8500,102,1.5,6000,0,0,0,0,0,77.2,30,73.73,65.96,42,0,0
2026-08-30T21:35:12.741000+09:00,2026-08-30T12:35:12.741000+00:00,094623,2190.6,1,0,0,0,0,13437,499,13437,0,0,0,0,4655,-26560,10326,6,4480,0,129,0,0,0,0,0,0,0,0,0,31082107,2018,0.48,1260.11,3450.73,0,54.6,97.8,67.9,34.6,65.4,526.1,37.6,615.9,164.1,167.6,1052.5,365012,5120,12.65,90.3,1510,2.62,1.14,31.5,41,65,25.96,12235560,72915,77.95,3432.29,0,1200,400,720,240,4200,7500,8500,102,1.5,6000,0,0,0,0,0,76.69,30,72.78,67.8,41.9,0,0
2026-08-30T21:36:12.838000+09:00,2026-08-30T12:36:12.838000+00:00,094623,2049.0,1,0,0,0,0,13437,495,13437,0,0,0,0,4655,-28608,18534,6,12676,528,129,0,0,0,0,0,0,0,0,0,31082107,2018,0.47,1059.91,3108.92,0,54.6,97.8,68,34.6,65.4,530,37.8,612.3,162.6,165.9,1041.4,365013,5121,12.71,90.9,1500,2.6,1.14,31.2,42.9,65,26.26,12235564,72915,81,3432.29,0,1200,400,720,240,4200,7500,8500,102,1.5,6000,0,0,0,0,0,76.74,30,72.36,70.66,42,0,0
2026-08-30T21:37:12.929000+09:00,2026-08-30T12:37:12.929000+00:00,094623,2110.1,1,0,0,0,0,13437,497,13437,0,0,0,0,4651,-28608,10326,518,4480,0,129,0,0,0,0,0,0,0,0,0,31082107,2018,0.45,1084.32,3194.37,0,54.6,98.1,68,34.6,65.3,528.9,38.1,615.6,161.9,165.2,1069,365013,5121,12.8,90.1,1500,2.6,1.15,31.4,42.7,65,26.4,12235569,72915,81.55,3432.29,0,1200,400,720,240,4200,7500,8500,102,1.5,6000,0,0,0,0,0,76.8,30,73.19,68.98,42,0,0
2026-08-30T21:38:13.045000+09:00,2026-08-30T12:38:13.045000+00:00,094623,2056.3,1,0,0,0,0,13437,497,13437,0,0,0,0,4651,-28608,10326,6,4480,0,129,0,0,0,0,0,0,0,0,0,31082107,2018,0.44,1086.76,3143.1,0,54.7,98.2,67.9,34.6,65.3,530.8,37.9,613.7,161.7,164.9,1046.8,365013,5121,12.79,89.4,1510,2.61,1.14,31,42.8,65,26.55,12235573,72915,79.03,3432.29,0,1200,400,720,240,4200,7500,8500,102,1.5,6000,0,0,0,0,0,76.43,30,73.74,66.5,41.9,0,0
2026-08-30T21:39:13.140000+09:00,2026-08-30T12:39:13.140000+00:00,094623,2141.8,1,0,0,0,0,13437,496,13437,0,0,0,0,4655,-28608,10326,6,4480,0,129,0,0,0,0,0,0,0,0,0,31082107,2018,0.46,1116.06,3257.85,0,54.7,98,67.9,34.6,65.3,528.9,38.3,613.9,161,164.3,1079.6,365013,5121,12.71,89.4,1500,2.6,1.16,31.7,42.7,65,26.54,12235577,72915,79.32,3432.29,0,1200,400,720,240,4200,7500,8500,102,1.5,6000,0,0,0,0,0,76.28,30,73.34,65.51,41.9,0,0
2026-08-30T21:40:13.247000+09:00,2026-08-30T12:40:13.247000+00:00,094623,2062.4,1,0,0,0,0,13437,497,13437,0,0,0,0,4655,-28608,10326,6,4480,0,129,0,0,0,0,0,0,0,0,0,31082107,2018,0.47,1059.91,3122.35,0,54.6,97.9,67.8,34.6,65.3,530.6,38.4,611.6,160.9,164.4,1075.6,365013,5121,12.58,89.6,1500,2.61,1.15,31.2,43.1,65,26.63,12235582,72915,78.6,3432.29,0,1200,400,720,240,4200,7500,8500,102,1.5,6000,0,0,0,0,0,75.77,30,73.06,65.28,42,0,0
2026-08-30T21:41:13.343000+09:00,2026-08-30T12:41:13.343000+00:00,094623,2184.5,1,0,0,0,0,13437,496,13437,0,0,0,0,4655,-28608,18518,6,4480,528,129,0,0,0,0,0,0,0,0,0,31082107,2018,0.48,1167.33,3351.85,0,54.6,97.7,67.7,34.6,65.2,528.1,38.5,610.7,160.6,164.1,1098.4,365013,5121,12.69,90.7,1500,2.59,1.16,31.9,42.4,65,26.52,12235586,72915,79.12,3432.3,0,1200,400,720,240,4200,7500,8500,102,1.5,6000,0,0,0,0,0,75.01,30,72,68.6,42,0,0
2026-08-30T21:42:13.424000+09:00,2026-08-30T12:42:13.424000+00:00,094623,2290.7,1,0,0,0,0,13437,496,13437,0,0,0,0,4651,-28608,10326,6,4480,0,129,0,0,0,0,0,0,0,0,0,31082107,2018,0.45,1169.77,3460.49,0,54.6,98.1,67.7,34.6,65.3,525.9,38,607.7,162.1,166,1056.4,365014,5122,12.75,90.6,1500,2.6,1.16,32.1,41.6,65,26.62,12235591,72915,82.17,3432.3,0,1200,400,720,240,4200,7500,8500,102,1.5,6000,0,0,0,0,0,74.56,30,73.1,69.66,41.9,0,0
2026-08-30T21:43:13.531000+09:00,2026-08-30T12:43:13.531000+00:00,094623,2255.3,1,0,0,0,0,13437,497,13437,0,0,0,0,4655,-26560,10326,6,4480,0,129,0,0,0,0,0,0,0,0,0,31082107,2018,0.44,1139.26,3394.57,0,54.7,98.6,67.9,34.6,65.6,525.6,40.3,605.4,163,167.3,1053.8,365014,5122,12.47,89.3,1500,2.61,1.14,31.6,41.4,65,26.45,12235595,72915,79.81,3432.3,0,1200,400,720,240,4200,7500,8500,102,1.5,6000,0,0,0,0,0,74.93,30,75.27,65.63,41.9,0,0
2026-08-30T21:44:13.696000+09:00,2026-08-30T12:44:13.696000+00:00,094623,2067.3,1,0,0,0,0,13437,498,13437,0,0,0,0,4655,-28608,12374,518,4480,8,129,0,0,0,0,0,0,0,0,0,31082107,2018,0.45,935.39,3002.72,0,54.6,98.1,67.9,34.6,65.5,530.6,39.7,602.7,160.6,164.8,1039.7,365014,5122,12.64,89.5,1510,2.6,1.14,30.7,43.2,65,26.09,12235600,72915,79.19,3432.3,0,1200,400,720,240,4200,7500,8500,102,1.5,6000,0,0,0,0,0,74.84,30,74.47,65.27,41.9,0,0
2026-08-30T21:45:13.723000+09:00,2026-08-30T12:45:13.723000+00:00,094623,2174.8,1,0,0,0,0,13437,496,13437,0,0,0,0,4651,-28608,10326,6,4480,0,129,0,0,0,0,0,0,0,0,0,31082107,2018,0.45,1033.05,3207.8,0,54.5,97.5,67.7,34.5,65.3,529.7,38.8,599.9,158.7,162.8,1036.7,365014,5122,12.59,89.8,1500,2.59,1.17,31.7,43.2,65,26.5,12235604,72915,79.19,3432.3,0,1200,400,720,240,4200,7500,8500,102,1.5,6000,0,0,0,0,0,73.96,30,72.22,65.52,41.9,0,0
2026-08-30T21:46:13.820000+09:00,2026-08-30T12:46:13.820000+00:00,094623,2316.4,1,0,0,0,0,13437,497,13437,0,0,0,0,4655,-28608,18518,6,4480,528,129,0,0,0,0,0,0,0,0,0,31082107,2018,0.46,1135.59,3451.95,0,54.6,97.7,67.6,34.6,65.3,525.9,39,602,162.1,167.1,1018.4,365014,5122,12.7,89.9,1500,2.61,1.15,31.9,41.5,65,26.43,12235608,72915,79.35,3432.3,0,1200,400,720,240,4200,7500,8500,102,1.5,6000,0,0,0,0,0,73.1,30,72.15,65.44,42,0,0
2026-08-30T21:47:13.912000+09:00,2026-08-30T12:47:13.912000+00:00,094623,2162.5,1,0,0,0,0,13437,495,13437,0,0,0,0,4651,-28608,10326,6,4480,0,129,0,0,0,0,0,0,0,0,0,31082107,2018,0.48,1074.56,3237.1,0,54.5,97.8,67.6,34.5,65.5,528.9,38.5,601.1,161.1,165.7,1057.3,365014,5122,12.74,90,1490,2.6,1.15,31.2,42.3,65,26.49,12235613,72915,78.8,3432.3,0,1200,400,720,240,4200,7500,8500,102,1.5,6000,0,0,0,0,0,72.44,30,72.06,65.51,41.9,0,0
2026-08-30T21:48:14.003000+09:00,2026-08-30T12:48:14.003000+00:00,094623,2201.6,1,0,0,0,0,13437,497,13437,0,0,0,0,4655,-28608,10326,590,4480,8192,129,0,0,0,0,0,0,0,0,0,31082107,2018,0.47,1108.74,3310.34,0,54.4,97.6,67.6,34.5,65.4,528.3,38.4,600.9,161.2,165.8,1027.5,365015,5123,12.68,91.1,1500,2.59,1.15,31.4,42.1,65,26.04,12235617,72915,79.29,3432.3,0,1200,400,720,240,4200,7500,8500,102,1.5,6000,0,0,0,0,0,71.9,30,71.09,69.69,41.9,0,0
2026-08-30T21:49:14.127000+09:00,2026-08-30T12:49:14.127000+00:00,094623,2234.6,1,0,0,0,0,13437,497,13437,0,0,0,0,4655,-26560,12374,6,4512,72,129,0,0,0,0,0,0,0,0,0,31082107,2018,0.44,1129.49,3364.06,0,54.5,97.5,67.8,34.5,65.4,528.3,37.7,601.5,161.2,165.9,1035,365015,5123,12.76,90.6,1500,2.61,1.15,31.4,41.7,65,26.06,12235622,72915,80.94,3432.31,0,1200,400,720,240,4200,7500,8500,102,1.5,6000,0,0,0,0,0,72.01,30,70.1,69.7,41.9,0,0
2026-08-30T21:50:14.211000+09:00,2026-08-30T12:50:14.211000+00:00,094623,2228.5,1,0,0,0,0,13437,495,13437,0,0,0,0,4651,-28608,10326,6,4480,0,129,0,0,0,0,0,0,0,0,0,31082107,2018,0.44,1151.46,3379.92,0,54.5,98.1,67.9,34.5,65.4,528.2,38,601.8,161.3,165.7,1014.4,365015,5123,12.84,89.5,1500,2.6,1.16,31.7,42.1,65,26.52,12235626,72915,79,3432.31,0,1200,400,720,240,4200,7500,8500,102,1.5,6000,0,0,0,0,0,71.97,30,71.51,66.62,41.9,0,0
2026-08-30T21:51:14.307000+09:00,2026-08-30T12:51:14.307000+00:00,094623,2157.7,1,0,0,0,0,13437,496,13437,0,0,0,0,4655,-28608,18582,6,20864,528,129,0,0,0,0,0,0,0,0,0,31082107,2018,0.45,972.01,3129.67,0,54.5,98.3,67.9,34.5,65.4,529.4,37.9,601.4,161.6,166.1,996.2,365015,5123,12.9,89.3,1500,2.6,1.14,30.9,42.4,65,26.59,12235630,72915,77.51,3432.31,0,1200,400,720,240,4200,7500,8500,102,1.5,6000,0,0,0,0,0,71.82,30,72.47,64.98,41.9,0,0
2026-08-30T21:52:14.408000+09:00,2026-08-30T12:52:14.408000+00:00,094623,2295.6,1,0,0,0,0,13437,496,13437,0,0,0,0,4651,-28608,10326,6,4480,0,129,0,0,0,0,0,0,0,0,0,31082107,2018,0.47,1133.15,3428.75,0,54.5,98,67.9,34.5,65.4,527.2,37.2,601.1,161.4,165.6,1022,365015,5123,12.67,89.7,1500,2.6,1.15,31.7,41.9,65,26.66,12235635,72915,78.33,3432.31,0,1200,400,720,240,4200,7500,8500,102,1.5,6000,0,0,0,0,0,71.67,30,71.87,65.22,41.9,0,0
2026-08-30T21:53:14.499000+09:00,2026-08-30T12:53:14.499000+00:00,094623,2271.2,1,0,0,0,0,13437,496,13437,0,0,0,0,4651,-28608,10390,518,20864,0,129,0,0,0,0,0,0,0,0,0,31082107,2018,0.48,1072.12,3343.3,0,54.4,97.8,67.9,34.5,65.4,527.6,37.7,600.8,162.5,167,1044.7,365015,5123,12.44,90,1500,2.6,1.14,31.3,41.7,65,25.88,12235639,72915,78.94,3432.31,0,1200,400,720,240,4200,7500,8500,102,1.5,6000,0,0,0,0,0,71.51,30,71.21,65.87,41.8,0,0
2026-08-30T21:54:14.638000+09:00,2026-08-30T12:54:14.638000+00:00,094623,2166.2,1,0,0,0,0,13437,494,13437,0,0,0,0,4655,-28608,12374,590,4512,8264,129,0,0,0,0,0,0,0,0,0,31082107,2018,0.47,1059.91,3226.11,0,54.4,97.7,68.1,34.4,65.4,529.8,37.5,599,161.5,165.6,1029.3,365016,5124,12.35,91.1,1490,2.6,1.15,31,42.3,65,26.19,12235644,72915,79.46,3432.31,0,1200,400,720,240,4200,7500,8500,102,1.5,6000,0,0,0,0,0,71.99,30,70.36,69.65,41.9,0,0
2026-08-30T21:55:14.729000+09:00,2026-08-30T12:55:14.729000+00:00,094623,2364.0,1,0,0,0,0,13437,495,13437,0,0,0,0,4651,-28608,10342,6,12676,0,129,0,0,0,0,0,0,0,0,0,31082107,2018,0.44,1092.87,3456.83,0,54.4,97.9,68.1,34.5,65.3,527.1,37.5,600.5,162.1,166.3,1035.1,365016,5124,12.44,90.1,1500,2.6,1.15,31.7,41.4,65,26.4,12235648,72915,80.65,3432.31,0,1200,400,720,240,4200,7500,8500,102,1.5,6000,0,0,0,0,0,72.19,30,70.61,67.92,41.8,0,0
2026-08-30T21:56:14.812000+09:00,2026-08-30T12:56:14.812000+00:00,094623,2354.2,1,0,0,0,0,13437,496,13437,0,0,0,0,4651,-28608,18518,6,4480,528,129,0,0,0,0,0,0,0,0,0,31082107,2018,0.44,1273.54,3627.73,0,54.5,98.2,68.4,34.4,65.4,526,37.3,596,161.1,164.7,1070,365016,5124,12.75,89.3,1500,2.61,1.16,32,41.1,65,26.45,12235653,72915,78.02,3432.32,0,1200,400,720,240,4200,7500,8500,102,1.5,6000,0,0,0,0,0,73.43,30,71.69,64.79,41.8,0,0
2026-08-30T21:57:14.913000+09:00,2026-08-30T12:57:14.913000+00:00,094623,2416.5,1,0,0,0,0,13437,498,13437,0,0,0,0,4651,-26560,10326,6,4480,0,129,0,0,0,0,0,0,0,0,0,31082107,2018,0.44,1266.21,3682.67,0,54.4,97.9,68.5,34.4,65.6,525.1,37.8,605,162.6,166.6,1058.1,365016,5124,12.71,89.5,1500,2.62,1.15,31.8,40.3,65,26.73,12235657,72915,78.95,3432.32,0,1200,400,720,240,4200,7500,8500,102,1.5,6000,0,0,0,0,0,74.52,30,71.05,64.53,41.8,0,0
2026-08-30T21:58:15.006000+09:00,2026-08-30T12:58:15.006000+00:00,094623,2302.9,1,0,0,0,0,13437,496,13437,0,0,0,0,4651,-28608,10326,6,4480,0,129,0,0,0,0,0,0,0,0,0,31082107,2018,0.46,1135.59,3438.52,0,54.4,97.7,68.7,34.4,65.6,527.9,37.8,605.7,159.8,164,1060.6,365016,5124,12.48,89.7,1500,2.6,1.14,31.2,41.2,65,26.58,12235661,72915,79.67,3432.32,0,1200,400,720,240,4200,7500,8500,102,1.5,6000,0,0,0,0,0,75.93,30,70.09,64.63,41.8,0,0
2026-08-30T21:59:15.107000+09:00,2026-08-30T12:59:15.107000+00:00,094623,2322.5,1,0,0,0,0,13437,497,13437,0,0,0,0,4655,-28608,12374,6,4512,72,129,0,0,0,0,0,0,0,0,0,31082107,2018,0.47,1184.42,3506.88,0,54.4,97.6,68.6,34.4,65.5,528.3,37.9,607,159.2,163.3,1055.2,365016,5124,12.84,89.9,1500,2.61,1.15,31.5,41.3,65,26.36,12235666,72915,78.08,3432.32,0,1200,400,720,240,4200,7500,8500,102,1.5,6000,0,0,0,0,0,76.6,30,69.17,65,41.8,0,0
2026-08-30T22:00:15.203000+09:00,2026-08-30T13:00:15.203000+00:00,094623,2261.4,1,0,0,0,0,13437,497,13437,0,0,0,0,4651,-28608,10326,590,4480,8192,129,0,0,0,0,0,0,0,0,0,31082107,2018,0.52,1108.74,3370.16,0,54.4,98.9,68.3,34.4,65.4,529.6,38,608,157.1,162.4,1035.7,365017,5125,12.75,90.4,1500,2.6,1.16,31.4,42.2,65,25.97,12235670,72915,78.02,3432.32,0,1200,400,720,240,4200,7500,8500,102,1.5,6000,0,0,0,0,0,76.37,30,73.51,66.78,41.8,0,0
2026-08-30T22:01:15.293000+09:00,2026-08-30T13:01:15.293000+00:00,094623,2232.1,1,0,0,0,0,13437,497,13437,0,0,0,0,4655,-28608,18518,590,4480,8720,129,0,0,0,0,0,0,0,0,0,31082107,2018,0.5,1070.89,3303.02,0,54.3,98.6,68.1,34.4,65.4,530.3,37.8,606.1,157.2,162.2,1036.2,365017,5125,12.51,91.1,1500,2.6,1.15,31.1,42.2,65,25.95,12235675,72915,81.18,3432.32,0,1200,400,720,240,4200,7500,8500,102,1.5,6000,0,0,0,0,0,76.13,30,74.1,69.99,41.8,0,0
2026-08-30T22:02:15.388000+09:00,2026-08-30T13:02:15.388000+00:00,094623,2372.5,1,0,0,0,0,13437,499,13437,0,0,0,0,4655,-28608,10326,6,4480,0,129,0,0,0,0,0,0,0,0,0,31082107,2018,0.45,1160.01,3532.52,0,54.4,97.9,68.1,34.4,65.3,527.2,37.6,607.4,156.7,160.9,1065.1,365017,5125,12.81,90.2,1510,2.61,1.15,31.4,41.1,65,26.64,12235679,72915,81.03,3432.32,0,1200,400,720,240,4200,7500,8500,102,1.5,6000,0,0,0,0,0,76.34,30,72.19,68.58,41.7,0,0
2026-08-30T22:03:15.472000+09:00,2026-08-30T13:03:15.472000+00:00,094623,2251.7,1,0,0,0,0,13437,496,13437,0,0,0,0,4651,-28608,10326,6,4480,0,129,0,0,0,0,0,0,0,0,0,31082107,2018,0.43,1091.65,3343.3,0,54.4,97.9,68.2,34.4,65.4,530.3,37.9,609.7,159.9,163.3,1081.6,365017,5125,12.81,89.4,1500,2.6,1.15,31.1,41.9,65,26.65,12235683,72915,79.68,3432.32,0,1200,400,720,240,4200,7500,8500,102,1.5,6000,0,0,0,0,0,76.79,30,71.92,65.63,41.8,0,0
2026-08-30T22:04:15.556000+09:00,2026-08-30T13:04:15.556000+00:00,094623,2293.2,1,0,0,0,0,13437,497,13437,0,0,0,0,4651,-28608,12374,6,4512,72,129,0,0,0,0,0,0,0,0,0,31082107,2018,0.44,1096.53,3389.69,0,54.4,97.5,67.9,34.4,65.3,529.4,38.1,609.3,159.9,163.6,1048.7,365017,5125,12.73,89.5,1500,2.61,1.15,31.3,41.7,65,26.45,12235688,72915,79.05,3432.33,0,1200,400,720,240,4200,7500,8500,102,1.5,6000,0,0,0,0,0,76,30,70.39,65.17,41.8,0,0
2026-08-30T22:05:15.654000+09:00,2026-08-30T13:05:15.654000+00:00,094623,2377.4,1,0,0,0,0,13437,496,13437,0,0,0,0,4651,-28608,10326,6,4480,0,129,0,0,0,0,0,0,0,0,0,31082107,2018,0.48,1033.05,3410.44,0,54.5,97.9,67.9,34.4,65.3,527.4,38.5,618.8,158,160.7,1058.1,365017,5125,12.7,89.7,1500,2.61,1.14,31.4,41.4,65,26.63,12235692,72915,77.51,3432.33,0,1200,400,720,240,4200,7500,8500,102,1.5,6000,0,0,0,0,0,75.66,30,70.88,65.04,41.8,0,0
2026-08-30T22:06:15.745000+09:00,2026-08-30T13:06:15.745000+00:00,094623,2377.4,1,0,0,0,0,13437,497,13437,0,0,0,0,4651,-28608,18518,6,4480,0,129,0,0,0,0,0,0,0,0,0,31082107,2018,0.51,1034.27,3411.66,0,54.4,98.4,68,34.4,65.3,528.6,37.9,614.3,157,160.5,1064.1,365018,5126,12.7,90.5,1500,2.6,1.15,31.7,42,65,26.35,12235697,72915,78.03,3432.33,0,1200,400,720,240,4200,7500,8500,102,1.5,6000,0,0,0,0,0,75.97,30,72.81,67.72,41.7,0,0
2026-08-30T22:07:15.841000+09:00,2026-08-30T13:07:15.841000+00:00,094623,2217.5,1,0,0,0,0,13437,495,13437,0,0,0,0,4651,-28608,10326,6,4480,0,129,0,0,0,0,0,0,0,0,0,31082107,2018,0.48,1040.38,3257.85,0,54.4,98.8,67.9,34.5,65.3,530.5,37.4,610.4,158.1,162,1037.9,365018,5126,12.69,91.2,1490,2.6,1.15,31.1,42.6,65,26.54,12235701,72915,79.34,3432.33,0,1200,400,720,240,4200,7500,8500,102,1.5,6000,0,0,0,0,0,75.44,30,74.74,71.17,41.7,0,0
2026-08-30T22:08:15.946000+09:00,2026-08-30T13:08:15.946000+00:00,094623,2547.1,1,0,0,0,0,13437,495,13437,0,0,0,0,4651,-28608,10326,590,4480,8192,129,0,0,0,0,0,0,0,0,0,31082107,2018,0.44,1134.37,3681.45,0,54.5,98.8,67.8,34.4,65.2,526.2,37.9,610.7,160.1,163.6,1090.6,365018,5126,12.76,89.8,1500,2.6,1.16,32.2,40.7,65,26.36,12235706,72915,80.69,3432.33,0,1200,400,720,240,4200,7500,8500,102,1.5,6000,0,0,0,0,0,74.98,30,76.03,67.6,41.7,0,0
2026-08-30T22:09:16.053000+09:00,2026-08-30T13:09:16.053000+00:00,094623,1355.3,1,0,0,0,0,13437,521,13437,0,0,0,0,4655,-28608,12374,6,5024,8,129,0,0,0,0,0,0,0,0,0,31082107,2018,0.39,786.46,2141.79,0,54.4,97.2,68,34.4,65.3,525,38.5,603.4,153.2,156,1058.8,365018,5126,12.75,89.4,1570,2.78,1.04,23.9,36,65,10,12235709,72915,74.11,3432.33,0,1200,400,720,240,4200,7500,8500,102,1.5,6000,0,0,0,0,0,68.6,30,64.71,58.85,41.7,0,0
2026-08-30T22:10:16.166000+09:00,2026-08-30T13:10:16.166000+00:00,094623,1051.4,1,0,0,0,0,13437,522,13437,0,0,0,0,4655,-28608,10390,518,21376,0,129,0,0,0,0,0,0,0,0,0,31082107,2018,0.4,701.01,1752.37,0,53.9,97,68.3,34.5,64.4,525.5,38.4,594.4,142.9,143.8,1036.9,365018,5126,12.7,92.3,1570,2.78,1.1,24.8,41.3,65,9.51,12235711,72915,60.99,3432.33,0,1200,400,720,240,4200,7500,8500,102,1.5,6000,0,0,0,0,0,69.95,30,62.25,68.39,41.7,0,0
2026-08-30T22:11:16.249000+09:00,2026-08-30T13:11:16.249000+00:00,094623,1457.9,1,0,0,0,0,13437,496,13437,0,0,0,0,4655,-28608,10326,6,4480,0,129,0,0,0,0,0,0,0,0,0,31082107,2018,0.36,1063.57,2521.44,0,53.8,98.2,68.3,34.5,63.6,516.5,37.8,593.7,145.5,145.7,1029.3,365018,5126,12.77,89.6,1500,2.62,1.18,30.7,45.7,65,24.7,12235713,72915,73.97,3432.33,0,1200,400,720,240,4200,7500,8500,102,1.5,6000,0,0,0,0,0,75.76,30,71.01,68.42,41.7,0,0
2026-08-30T22:12:16.338000+09:00,2026-08-30T13:12:16.338000+00:00,094623,1623.9,1,0,0,0,0,13437,496,13437,0,0,0,0,4651,-28608,10390,6,20864,0,129,0,0,0,0,0,0,0,0,0,31082107,2018,0.34,1074.56,2698.45,0,53.8,98.1,67.8,34.5,63.9,522.9,37.6,603.9,155.8,157.7,1029.6,365019,5127,12.67,88,1500,2.62,1.14,31,44.8,65,26.56,12235718,72915,77.87,3432.34,0,1200,400,720,240,4200,7500,8500,102,1.5,6000,0,0,0,0,0,75.49,30,73.11,62.43,41.7,0,0
2026-08-30T22:13:16.436000+09:00,2026-08-30T13:13:16.436000+00:00,094623,1743.8,1,0,0,0,0,13437,496,13437,0,0,0,0,4651,-26560,10326,6,4480,0,129,0,0,0,0,0,0,0,0,0,31082107,2018,0.42,1162.45,2906.28,0,53.7,96.9,67.3,34.5,64.2,522.4,38,607.3,158.5,161.6,1048.1,365019,5127,12.74,89,1500,2.62,1.15,31.7,44.1,65,26.72,12235722,72915,72.48,3432.34,0,1200,400,720,240,4200,7500,8500,102,1.5,6000,0,0,0,0,0,73.29,30,67.78,62.85,41.7,0,0
2026-08-30T22:14:16.510000+09:00,2026-08-30T13:14:16.510000+00:00,094623,1721.5,1,0,0,0,0,13437,498,13437,0,0,0,0,4651,-28608,12390,518,12676,0,129,0,0,0,0,0,0,0,0,0,31082107,2018,0.46,1069.67,2791.22,0,53.7,98.9,67,34.5,64.4,525.6,38.7,608.7,159.7,162.9,1020.2,365019,5127,12.8,89.9,1510,2.62,1.14,31,44.1,65,25.92,12235727,72915,76.14,3432.34,0,1200,400,720,240,4200,7500,8500,102,1.5,6000,0,0,0,0,0,71.11,30,73.92,64.73,41.8,0,0
2026-08-30T22:15:16.608000+09:00,2026-08-30T13:15:16.608000+00:00,094623,1757.2,1,0,0,0,0,13437,498,13437,0,0,0,0,4651,-28608,10326,6,4480,0,129,0,0,0,0,0,0,0,0,0,31082107,2018,0.45,1123.39,2880.64,0,53.7,98.1,67.2,34.5,64.5,526,37.7,610.5,159.5,162.9,1041.8,365019,5127,12.82,91.1,1500,2.64,1.15,31.2,44.1,65,26.68,12235731,72915,78.62,3432.34,0,1200,400,720,240,4200,7500,8500,102,1.5,6000,0,0,0,0,0,70.36,30,72.4,69.15,41.7,0,0
2026-08-30T22:16:16.686000+09:00,2026-08-30T13:16:16.686000+00:00,094623,1750.8,1,0,0,0,0,13437,497,13437,0,0,0,0,4655,-26560,10326,590,4480,8192,129,0,0,0,0,0,0,0,0,0,31082107,2018,0.42,1042.82,2793.66,0,53.8,97.7,67.8,34.4,64.6,528.4,38.2,612.2,159.7,163.3,1030.8,365019,5127,12.93,89.8,1500,2.62,1.15,31.2,44.8,65,26.65,12235735,72915,80.27,3432.34,0,1200,400,720,240,4200,7500,8500,102,1.5,6000,0,0,0,0,0,71.35,30,70.93,65.74,41.7,0,0
2026-08-30T22:17:16.789000+09:00,2026-08-30T13:17:16.789000+00:00,094623,1746.0,1,0,0,0,0,13437,497,13437,0,0,0,0,4655,-28608,10326,6,4480,0,129,0,0,0,0,0,0,0,0,0,31082107,2018,0.43,1063.57,2809.53,0,53.9,97.6,68.2,34.4,64.6,527.4,37.8,614,159.6,163.6,1103.9,365019,5127,12.81,89.3,1500,2.62,1.15,30.9,44.5,65,26.67,12235740,72915,79.02,3432.34,0,1200,400,720,240,4200,7500,8500,102,1.5,6000,0,0,0,0,0,72.5,30,70.07,63.54,41.7,0,0
2026-08-30T22:18:16.879000+09:00,2026-08-30T13:18:16.879000+00:00,094623,1946.5,1,0,0,0,0,13437,495,13437,0,0,0,0,4651,-28608,10326,6,4480,0,129,0,0,0,0,0,0,0,0,0,31082107,2018,0.45,1228.37,3174.84,0,54,97.5,68.3,34.4,64.7,524.7,38,614.2,161.3,165.5,1038,365020,5128,12.67,89.6,1500,2.6,1.15,31.8,42.5,65,26.59,12235744,72915,79.5,3432.34,0,1200,400,720,240,4200,7500,8500,102,1.5,6000,0,0,0,0,0,73.14,30,69.02,63.4,41.7,0,0
2026-08-30T22:19:16.969000+09:00,2026-08-30T13:19:16.969000+00:00,094623,1905.0,1,0,0,0,0,13437,498,13437,0,0,0,0,4651,-28608,18518,590,4480,8720,129,0,0,0,0,0,0,0,0,0,31082107,2018,0.46,1207.62,3112.58,0,54,97.6,68.6,34.4,64.8,525.5,40.3,615.6,161.5,165.7,1034.6,365020,5128,12.61,90.1,1510,2.61,1.15,31.6,43,65,26.38,12235749,72915,77.53,3432.35,0,1200,400,720,240,4200,7500,8500,102,1.5,6000,0,0,0,0,0,74.79,30,68.66,64.82,41.7,0,0
2026-08-30T22:20:17.068000+09:00,2026-08-30T13:20:17.068000+00:00,094623,1923.3,1,0,0,0,0,13438,496,13438,0,0,0,0,4655,-28608,10326,6,4480,0,129,0,0,0,0,0,0,0,0,0,31082107,2018,0.49,1138.04,3061.31,0,54,98.3,68.6,34.4,64.9,526.9,38.3,614.6,161.9,166,1060.1,365020,5128,12.86,90.5,1500,2.6,1.15,31.5,43.2,65,26.58,12235753,72915,78.92,3432.35,0,1200,400,720,240,4200,7500,8500,102,1.5,6000,0,0,0,0,0,75.71,30,70.63,66.43,41.7,0,0
2026-08-30T22:21:17.169000+09:00,2026-08-30T13:21:17.169000+00:00,094623,1779.2,1,0,0,0,0,13438,495,13438,0,0,0,0,4655,-26560,10326,6,4480,0,129,0,0,0,0,0,0,0,0,0,31082107,2018,0.5,1100.19,2879.42,0,54,98.8,68.4,34.4,64.9,529.5,39.3,615,160,164,1134.6,365020,5128,12.65,90.7,1500,2.61,1.14,30.9,44,65,26.67,12235757,72915,78.74,3432.35,0,1200,400,720,240,4200,7500,8500,102,1.5,6000,0,0,0,0,0,75.76,30,72.97,67.97,41.7,0,0
2026-08-30T22:22:17.254000+09:00,2026-08-30T13:22:17.254000+00:00,094623,1854.9,1,0,0,0,0,13438,498,13438,0,0,0,0,4655,-28608,10326,6,4480,8,129,0,0,0,0,0,0,0,0,0,31082107,2018,0.49,1167.33,3022.25,0,54.1,98.8,68.2,34.4,64.8,529.4,38.8,614.2,159.7,163.6,1073.4,365020,5128,12.79,90.6,1500,2.61,1.15,31.1,43.4,65,26.62,12235762,72915,80.77,3432.35,0,1200,400,720,240,4200,7500,8500,102,1.5,6000,0,0,0,0,0,75.72,30,74.41,68.85,41.6,0,0
2026-08-30T22:23:17.374000+09:00,2026-08-30T13:23:17.374000+00:00,094623,1801.2,1,0,0,0,0,13438,496,13438,0,0,0,0,4651,-28608,10326,518,4480,0,129,0,0,0,0,0,0,0,0,0,31082107,2018,0.47,1062.35,2863.55,0,54.2,98.1,68.1,34.4,64.8,530.8,38.9,614,159.4,163.3,1017.9,365020,5128,12.87,90,1500,2.6,1.15,30.8,44.2,65,26.43,12235766,72915,80.12,3432.35,0,1200,400,720,240,4200,7500,8500,102,1.5,6000,0,0,0,0,0,75.54,30,72.83,67.32,41.7,0,0
2026-08-30T22:24:17.446000+09:00,2026-08-30T13:24:17.446000+00:00,094623,2027.0,1,0,0,0,0,13438,496,13438,0,0,0,0,4651,-28608,18518,6,4480,528,129,0,0,0,0,0,0,0,0,0,31082107,2018,0.48,1255.23,3282.27,0,54.3,97.8,68.1,34.4,64.8,526.8,37.6,613.2,160.5,164.3,1026.5,365021,5129,12.7,89.7,1500,2.6,1.16,32,42.5,65,26.55,12235771,72915,78.02,3432.35,0,1200,400,720,240,4200,7500,8500,102,1.5,6000,0,0,0,0,0,75.74,30,71.85,66.44,41.6,0,0
2026-08-30T22:25:17.556000+09:00,2026-08-30T13:25:17.556000+00:00,094623,1933.0,1,0,0,0,0,13438,497,13438,0,0,0,0,4651,-28608,10326,6,4480,0,129,0,0,0,0,0,0,0,0,0,31082107,2018,0.49,1144.14,3077.18,0,54.3,98.1,68.1,34.3,65,528.6,38.6,613.3,161.5,165.7,1050.3,365021,5129,12.68,90.1,1500,2.6,1.15,31.3,43.1,65,26.65,12235775,72915,78.13,3432.35,0,1200,400,720,240,4200,7500,8500,102,1.5,6000,0,0,0,0,0,75.89,30,72.75,67.52,41.6,0,0
2026-08-30T22:26:17.649000+09:00,2026-08-30T13:26:17.649000+00:00,094623,1889.1,1,0,0,0,0,13438,497,13438,0,0,0,0,4651,-28608,10326,6,4480,0,129,0,0,0,0,0,0,0,0,0,31082107,2018,0.49,1059.91,2949,0,54.3,98.2,68.1,34.3,65.1,529.4,37.7,612.8,161.6,165.6,1059.3,365021,5129,12.84,90.8,1500,2.61,1.14,30.9,43.4,65,26.58,12235780,72915,80.5,3432.35,0,1200,400,720,240,4200,7500,8500,102,1.5,6000,0,0,0,0,0,76.04,30,73.3,70.25,41.6,0,0
2026-08-30T22:27:17.758000+09:00,2026-08-30T13:27:17.758000+00:00,094623,2047.8,1,0,0,0,0,13438,497,13438,0,0,0,0,4655,-28608,12374,582,4512,72,129,0,0,0,0,0,0,0,0,0,31082107,2018,0.48,1185.64,3233.44,0,54.3,98.3,68.1,34.3,65,527.4,41,612.8,161.2,165,1097.4,365021,5129,12.84,90.1,1500,2.62,1.16,31.8,42.5,65,26.66,12235784,72915,79.65,3432.36,0,1200,400,720,240,4200,7500,8500,102,1.5,6000,0,0,0,0,0,76.19,30,74,68.86,41.6,0,0
2026-08-30T22:28:17.843000+09:00,2026-08-30T13:28:17.843000+00:00,094623,2053.9,1,0,0,0,0,13438,497,13438,0,0,0,0,4655,-28608,10326,6,4480,0,129,0,0,0,0,0,0,0,0,0,31082107,2018,0.46,1217.38,3271.28,0,54.3,98.5,68.2,34.3,65.1,527.2,40.8,613.1,162.6,166.9,1057.1,365021,5129,12.67,89.5,1500,2.61,1.15,31.5,42.1,65,26.61,12235788,72915,80.63,3432.36,0,1200,400,720,240,4200,7500,8500,102,1.5,6000,0,0,0,0,0,76.65,30,75.23,66.85,41.6,0,0
2026-08-30T22:29:17.931000+09:00,2026-08-30T13:29:17.931000+00:00,094623,1986.8,1,0,0,0,0,13438,496,13438,0,0,0,0,4655,-28608,18582,590,20864,8720,129,0,0,0,0,0,0,0,0,0,31082107,2018,0.44,1053.8,3040.56,0,54.3,97.4,68.1,34.3,65.2,529,39.2,611.3,162.2,166.3,1055.3,365021,5129,12.64,89.5,1500,2.61,1.15,31.2,43,65,26.27,12235793,72915,78.6,3432.36,0,1200,400,720,240,4200,7500,8500,102,1.5,6000,0,0,0,0,0,76.59,30,71.87,65.93,41.6,0,0
2026-08-30T22:30:18.026000+09:00,2026-08-30T13:30:18.026000+00:00,094623,2035.6,1,0,0,0,0,13438,496,13438,0,0,0,0,4651,-28608,10326,6,4480,0,129,0,0,0,0,0,0,0,0,0,31082107,2018,0.46,1174.66,3210.24,0,54.4,97.2,67.9,34.4,65.2,527.5,38.3,610,162.2,166.3,1127,365022,5130,12.91,89.8,1500,2.62,1.15,31.4,42.6,65,26.69,12235797,72915,78.2,3432.36,0,1200,400,720,240,4200,7500,8500,102,1.5,6000,0,0,0,0,0,75.87,30,69.95,66.33,41.6,0,0
2026-08-30T22:31:18.141000+09:00,2026-08-30T13:31:18.141000+00:00,094623,2013.6,1,0,0,0,0,13438,496,13438,0,0,0,0,4655,-28608,10390,6,20864,0,129,0,0,0,0,0,0,0,0,0,31082107,2018,0.47,1078.22,3091.83,0,54.4,97.9,67.8,34.3,65.2,529,38.2,608.6,162.2,166.4,1099.9,365022,5130,12.77,90.4,1500,2.6,1.14,31.1,42.7,65,26.36,12235802,72915,78.47,3432.36,0,1200,400,720,240,4200,7500,8500,102,1.5,6000,0,0,0,0,0,75.29,30,71.48,68.33,41.5,0,0
2026-08-30T22:32:18.236000+09:00,2026-08-30T13:32:18.236000+00:00,094623,1925.7,1,0,0,0,0,13438,496,13438,0,0,0,0,4651,-28608,12374,6,4512,72,129,0,0,0,0,0,0,0,0,0,31082107,2018,0.47,989.1,2914.82,0,54.4,98,67.6,34.4,65.2,531.2,39.7,605.5,158.9,161.8,1070.5,365022,5130,12.35,90.7,1500,2.62,1.14,30.9,44.1,65,26.08,12235806,72915,80.18,3432.36,0,1200,400,720,240,4200,7500,8500,102,1.5,6000,0,0,0,0,0,74.29,30,71.78,70.33,41.6,0,0
2026-08-30T22:33:18.333000+09:00,2026-08-30T13:33:18.333000+00:00,094623,2075.9,1,0,0,0,0,13438,496,13438,0,0,0,0,4655,-26560,10342,6,12676,0,129,0,0,0,0,0,0,0,0,0,31082107,2018,0.46,1123.39,3199.25,0,54.4,98.3,67.5,34.4,65.1,528.3,38.9,603.2,160.4,164.2,1082.5,365022,5130,12.67,90,1500,2.61,1.15,31.5,42.7,65,26.61,12235810,72915,79.78,3432.36,0,1200,400,720,240,4200,7500,8500,102,1.5,6000,0,0,0,0,0,73.33,30,72.71,69.03,41.6,0,0
2026-08-30T22:34:18.409000+09:00,2026-08-30T13:34:18.409000+00:00,094623,1991.6,1,0,0,0,0,13438,497,13438,0,0,0,0,4651,-28608,18518,6,4480,528,129,0,0,0,0,0,0,0,0,0,31082107,2018,0.45,1018.4,3010.04,0,54.5,98.7,67.5,34.4,65.2,529.5,38.6,601.2,160.7,165,1059,365022,5130,12.45,89.2,1500,2.61,1.15,31,43.4,65,26.52,12235815,72915,79.04,3432.36,0,1200,400,720,240,4200,7500,8500,102,1.5,6000,0,0,0,0,0,72.63,30,74.73,66.11,41.6,0,0
2026-08-30T22:35:18.510000+09:00,2026-08-30T13:35:18.510000+00:00,094623,1970.9,1,0,0,0,0,13438,496,13438,0,0,0,0,4655,-28608,10326,6,4480,0,129,0,0,0,0,0,0,0,0,0,31082107,2018,0.46,1062.35,3033.23,0,54.4,98.3,67.5,34.4,65.1,530.6,38.3,598.7,159.8,163.7,1036.7,365022,5130,12.69,89.4,1500,2.6,1.15,31,43.3,65,26.58,12235819,72915,77.38,3432.37,0,1200,400,720,240,4200,7500,8500,102,1.5,6000,0,0,0,0,0,71.88,30,74.37,65.61,41.5,0,0
2026-08-30T22:36:18.611000+09:00,2026-08-30T13:36:18.611000+00:00,094623,2078.3,1,0,0,0,0,13438,496,13438,0,0,0,0,4655,-28608,10326,590,4480,8192,129,0,0,0,0,0,0,0,0,0,31082107,2018,0.46,1135.59,3213.9,0,54.4,97.9,67.6,34.4,65,529.5,38,599.2,159.8,163.8,1038.7,365023,5131,12.5,89.4,1500,2.61,1.15,31.6,43.1,65,25.8,12235824,72915,79.12,3432.37,0,1200,400,720,240,4200,7500,8500,102,1.5,6000,0,0,0,0,0,71.39,30,73.19,64.71,41.5,0,0
2026-08-30T22:37:18.722000+09:00,2026-08-30T13:37:18.722000+00:00,094623,2219.9,1,0,0,0,0,13438,497,13438,0,0,0,0,4655,-26560,12374,6,4513,72,129,0,0,0,0,0,0,0,0,0,31082107,2018,0.48,1206.4,3426.31,0,54.3,97.6,67.8,34.4,65.1,527,38.2,601,161.7,166,1044,365023,5131,12.74,89.8,1510,2.63,1.14,31.8,41.4,65,26.26,12235828,72915,77.12,3432.37,0,1200,400,720,240,4200,7500,8500,102,1.5,6000,0,0,0,0,0,71.66,30,71.97,65.43,41.5,0,0
2026-08-30T22:38:18.823000+09:00,2026-08-30T13:38:18.823000+00:00,094623,1951.3,1,0,0,0,0,13438,496,13438,0,0,0,0,4651,-28608,10326,6,4480,0,129,0,0,0,0,0,0,0,0,0,31082107,2018,0.45,1000.09,2951.44,0,54.3,97.5,68,34.4,65.2,531.6,38.8,602.8,160.7,164.7,1029,365023,5131,12.73,91.1,1500,2.61,1.15,30.7,43.8,65,26.52,12235833,72915,78.23,3432.37,0,1200,400,720,240,4200,7500,8500,102,1.5,6000,0,0,0,0,0,72.05,30,70.94,70.29,41.5,0,0
2026-08-30T22:39:18.924000+09:00,2026-08-30T13:39:18.924000+00:00,094623,2084.4,1,0,0,0,0,13438,494,13438,0,0,0,0,4655,-28608,18518,518,4480,16,129,0,0,0,0,0,0,0,0,0,31082107,2018,0.43,1095.31,3179.72,0,54.3,97.4,68.1,34.3,65,529.6,38.5,602.6,160.5,164.1,1054.2,365023,5131,12.85,89.7,1490,2.61,1.15,31.5,43,65,25.82,12235837,72915,81.42,3432.37,0,1200,400,720,240,4200,7500,8500,102,1.5,6000,0,0,0,0,0,72.34,30,69.66,66.76,41.5,0,0
2026-08-30T22:40:19.006000+09:00,2026-08-30T13:40:19.006000+00:00,094623,2133.2,1,0,0,0,0,13438,497,13438,0,0,0,0,4651,-28608,10326,6,4480,0,129,0,0,0,0,0,0,0,0,0,31082107,2018,0.42,1172.22,3305.46,0,54.3,97.6,68.2,34.3,65.1,528.3,37.8,603.9,161.3,165.2,1033.6,365023,5131,12.71,89.1,1500,2.6,1.15,31.5,42.5,65,26.54,12235841,72915,77.08,3432.37,0,1200,400,720,240,4200,7500,8500,102,1.5,6000,0,0,0,0,0,73.02,30,69.71,64.06,41.4,0,0
2026-08-30T22:41:19.109000+09:00,2026-08-30T13:41:19.109000+00:00,094623,2195.5,1,0,0,0,0,13438,497,13438,0,0,0,0,4655,-28608,10326,6,4480,0,129,0,0,0,0,0,0,0,0,0,31082107,2018,0.46,1201.51,3397.02,0,54.3,97.9,68.1,34.3,65.1,527.6,38.4,604.3,162.5,166.5,1029,365023,5131,12.56,89.4,1500,2.62,1.16,31.6,41.7,65,26.62,12235846,72915,76.78,3432.37,0,1200,400,720,240,4200,7500,8500,102,1.5,6000,0,0,0,0,0,72.9,30,70.07,63.93,41.5,0,0
2026-08-30T22:42:19.209000+09:00,2026-08-30T13:42:19.209000+00:00,094623,2156.4,1,0,0,0,0,13438,497,13438,0,0,0,0,4651,-28608,12374,6,4512,72,129,0,0,0,0,0,0,0,0,0,31082107,2018,0.48,1232.03,3388.47,0,54.2,98.2,68,34.3,65.2,528.7,37.8,604.3,162.2,166,1047.8,365024,5132,12.24,89.7,1500,2.6,1.16,31.5,41.9,65,26.34,12235850,72915,76.78,3432.38,0,1200,400,720,240,4200,7500,8500,102,1.5,6000,0,0,0,0,0,72.68,30,71.16,64.12,41.5,0,0
2026-08-30T22:43:19.299000+09:00,2026-08-30T13:43:19.299000+00:00,094623,2144.2,1,0,0,0,0,13438,497,13438,0,0,0,0,4651,-28608,10326,6,4480,0,129,0,0,0,0,0,0,0,0,0,31082107,2018,0.5,1064.79,3209.02,0,54.1,98.2,68,34.3,65.1,529.5,38.3,605.1,162.4,166.3,1042,365024,5132,12.87,91,1500,2.61,1.15,31.2,42.3,65,26.64,12235855,72915,77.32,3432.38,0,1200,400,720,240,4200,7500,8500,102,1.5,6000,0,0,0,0,0,72.68,30,71.46,68.31,41.5,0,0
2026-08-30T22:44:19.390000+09:00,2026-08-30T13:44:19.390000+00:00,094623,2118.6,1,0,0,0,0,13438,494,13438,0,0,0,0,4651,-28608,18518,518,4480,0,129,0,0,0,0,0,0,0,0,0,31082107,2018,0.49,1064.79,3183.39,0,54.2,98.5,68,34.3,65.1,529.7,38.4,603.5,161.4,165.2,1047.7,365024,5132,12.86,91.3,1490,2.6,1.15,31.2,42.5,65,25.81,12235859,72915,80.77,3432.38,0,1200,400,720,240,4200,7500,8500,102,1.5,6000,0,0,0,0,0,72.57,30,72.68,70.83,41.4,0,0
2026-08-30T22:45:19.503000+09:00,2026-08-30T13:45:19.503000+00:00,094623,2119.8,1,0,0,0,0,13438,496,13438,0,0,0,0,4655,-28608,10326,590,4480,8192,129,0,0,0,0,0,0,0,0,0,31082107,2018,0.44,1072.12,3191.93,0,54.3,98.9,68,34.3,65.1,530.2,37.8,604.6,162.2,165.7,1047.5,365024,5132,12.65,89.8,1500,2.61,1.15,31.1,42.6,65,26.6,12235863,72915,79.99,3432.38,0,1200,400,720,240,4200,7500,8500,102,1.5,6000,0,0,0,0,0,72.68,30,75.21,67.32,41.5,0,0
2026-08-30T22:46:19.601000+09:00,2026-08-30T13:46:19.601000+00:00,094623,1995.3,1,0,0,0,0,13438,494,13438,0,0,0,0,4651,-28608,10326,6,4480,0,129,0,0,0,0,0,0,0,0,0,31082107,2018,0.43,967.13,2962.43,0,54.4,97.8,68.1,34.3,65.1,532.4,37.1,602.6,160.3,163.6,1047.1,365024,5132,12.81,89.2,1490,2.6,1.14,30.5,43.3,65,26.69,12235868,72915,79.33,3432.38,0,1200,400,720,240,4200,7500,8500,102,1.5,6000,0,0,0,0,0,73.01,30,72.29,64.49,41.4,0,0
2026-08-30T22:47:19.704000+09:00,2026-08-30T13:47:19.704000+00:00,094623,2055.1,1,0,0,0,0,13438,495,13438,0,0,0,0,4655,-28608,12374,6,4512,8,129,0,0,0,0,0,0,0,0,0,31082107,2018,0.44,1139.26,3194.37,0,54.3,97,68,34.3,65,531.2,38,602,159.8,163.2,1078.7,365024,5132,12.9,89.5,1490,2.6,1.17,31.3,43,65,26.34,12235872,72915,78.13,3432.38,0,1200,400,720,240,4200,7500,8500,102,1.5,6000,0,0,0,0,0,72.87,30,68.83,64.59,41.4,0,0
2026-08-30T22:48:19.786000+09:00,2026-08-30T13:48:19.786000+00:00,094623,2201.6,1,0,0,0,0,13438,497,13438,0,0,0,0,4655,-26560,10390,6,20864,0,129,0,0,0,0,0,0,0,0,0,31082107,2018,0.5,1150.24,3351.85,0,54.3,98.4,67.9,34.2,65,527.8,38.4,603.2,162.2,166.1,1050.5,365025,5133,12.87,90.3,1500,2.61,1.15,31.3,41.5,65,25.95,12235877,72915,78.23,3432.38,0,1200,400,720,240,4200,7500,8500,102,1.5,6000,0,0,0,0,0,72.55,30,72.55,66.71,41.4,0,0
2026-08-30T22:49:19.887000+09:00,2026-08-30T13:49:19.887000+00:00,094623,2288.3,1,0,0,0,0,13438,497,13438,0,0,0,0,4655,-26560,10326,6,4480,0,129,0,0,0,0,0,0,0,0,0,31082107,2018,0.5,1216.16,3504.44,0,54.2,98.8,68,34.3,65.1,526.9,38.5,604.9,163.1,167.2,1049.2,365025,5133,12.73,90.6,1510,2.62,1.14,31.7,41,65,26.53,12235881,72915,79.68,3432.39,0,1200,400,720,240,4200,7500,8500,102,1.5,6000,0,0,0,0,0,72.79,30,74.91,68.77,41.4,0,0
2026-08-30T22:50:19.977000+09:00,2026-08-30T13:50:19.977000+00:00,094623,2251.7,1,0,0,0,0,13438,496,13438,0,0,0,0,4655,-28608,10342,6,12676,0,129,0,0,0,0,0,0,0,0,0,31082107,2018,0.46,1228.37,3480.03,0,54.3,97.7,68.2,34.3,65.2,528.1,38.4,604.8,163.9,167.9,1064.5,365025,5133,12.29,90.3,1500,2.59,1.16,31.6,41.1,65,26.58,12235885,72915,79.14,3432.39,0,1200,400,720,240,4200,7500,8500,102,1.5,6000,0,0,0,0,0,73.55,30,71.97,68.66,41.5,0,0
2026-08-30T22:51:20.086000+09:00,2026-08-30T13:51:20.086000+00:00,094623,2211.4,1,0,0,0,0,13438,495,13438,0,0,0,0,4655,-26560,10326,6,4480,0,129,0,0,0,0,0,0,0,0,0,31082107,2018,0.45,1217.38,3428.75,0,54.3,97.3,68.3,34.3,65.3,528.4,38,606.3,162.7,166.6,1067.8,365025,5133,12.84,89.9,1500,2.61,1.15,31.4,41.5,65,26.61,12235890,72915,78.63,3432.39,0,1200,400,720,240,4200,7500,8500,102,1.5,6000,0,0,0,0,0,74.15,30,69.96,67.59,41.4,0,0
2026-08-30T22:52:20.179000+09:00,2026-08-30T13:52:20.179000+00:00,094623,2114.9,1,0,0,0,0,13438,497,13438,0,0,0,0,4651,-28608,10326,6,4480,528,129,0,0,0,0,0,0,0,0,0,31082107,2018,0.46,1052.58,3167.52,0,54.4,97.6,68.3,34.3,65.3,531.7,37.6,605.3,161.6,165.3,1060,365025,5133,12.67,90.1,1500,2.61,1.15,30.9,42.7,65,26.43,12235894,72915,79.47,3432.39,0,1200,400,720,240,4200,7500,8500,102,1.5,6000,0,0,0,0,0,74.66,30,70.01,68.37,41.4,0,0
2026-08-30T22:53:20.275000+09:00,2026-08-30T13:53:20.275000+00:00,094623,2222.4,1,0,0,0,0,13438,496,13438,0,0,0,0,4655,-26560,10326,6,4481,0,129,0,0,0,0,0,0,0,0,0,31082107,2018,0.46,1070.89,3293.25,0,54.4,97.7,68.3,34.3,65.2,529.7,38.6,605.3,162,165.4,1070.2,365025,5133,12.73,90,1500,2.59,1.15,31.3,42.1,65,26.34,12235899,72915,78.29,3432.39,0,1200,400,720,240,4200,7500,8500,102,1.5,6000,0,0,0,0,0,75.05,30,69.71,68.07,41.4,0,0
2026-08-30T22:54:20.383000+09:00,2026-08-30T13:54:20.383000+00:00,094623,2223.6,1,0,0,0,0,13438,498,13438,0,0,0,0,4651,-28608,10326,6,4480,0,129,0,0,0,0,0,0,0,0,0,31082107,2018,0.48,1048.92,3272.5,0,54.5,97.8,68.2,34.3,65.2,530,38.3,603.6,162.4,165.7,1032,365026,5134,12.69,90.1,1510,2.62,1.15,31.3,42.4,65,26.66,12235903,72915,79.77,3432.39,0,1200,400,720,240,4200,7500,8500,102,1.5,6000,0,0,0,0,0,75.17,30,69.81,68.48,41.3,0,0
2026-08-30T22:55:20.458000+09:00,2026-08-30T13:55:20.458000+00:00,094623,2235.8,1,0,0,0,0,13438,496,13438,0,0,0,0,4655,-28608,10326,518,4480,0,129,0,0,0,0,0,0,0,0,0,31082107,2018,0.48,1020.84,3256.63,0,54.4,97.9,68.2,34.3,65.2,529.5,40.1,604.1,160.8,164.2,1052.6,365026,5134,12.68,90.1,1500,2.62,1.16,31.5,42.5,65,25.94,12235908,72915,79.8,3432.39,0,1200,400,720,240,4200,7500,8500,102,1.5,6000,0,0,0,0,0,75.41,30,69.88,68.3,41.4,0,0
2026-08-30T22:56:20.554000+09:00,2026-08-30T13:56:20.554000+00:00,094623,2356.6,1,0,0,0,0,13438,496,13438,0,0,0,0,4655,-28608,10326,6,4480,0,129,0,0,0,0,0,0,0,0,0,31082107,2018,0.48,1235.69,3592.33,0,54.4,98.1,68.3,34.3,65.3,525.8,38.3,603.4,162.7,166.7,1055.3,365026,5134,12.73,89.8,1500,2.61,1.15,31.7,40.5,65,26.69,12235912,72915,78.74,3432.39,0,1200,400,720,240,4200,7500,8500,102,1.5,6000,0,0,0,0,0,76.16,30,70.46,67.32,41.4,0,0
2026-08-30T22:57:20.660000+09:00,2026-08-30T13:57:20.660000+00:00,094623,2230.9,1,0,0,0,0,13438,496,13438,0,0,0,0,4651,-28608,18518,6,4480,528,129,0,0,0,0,0,0,0,0,0,31082107,2018,0.49,1102.63,3333.54,0,54.4,98.3,68.2,34.2,65.4,529,39.3,599.6,162.2,165.9,1060.6,365026,5134,12.67,89.8,1500,2.6,1.15,31.2,41.7,65,26.45,12235916,72915,78.32,3432.4,0,1200,400,720,240,4200,7500,8500,102,1.5,6000,0,0,0,0,0,76.17,30,71.36,66.95,41.3,0,0
2026-08-30T22:58:20.755000+09:00,2026-08-30T13:58:20.755000+00:00,094623,2244.3,1,0,0,0,0,13438,496,13438,0,0,0,0,4655,-28608,10326,6,4480,0,129,0,0,0,0,0,0,0,0,0,31082107,2018,0.49,1019.62,3263.95,0,54.5,98.4,67.9,34.2,65.4,529.6,38.6,599,162.2,165.8,1024.9,365026,5134,12.68,90.3,1500,2.61,1.14,31.1,41.8,65,26.59,12235921,72915,78.16,3432.4,0,1200,400,720,240,4200,7500,8500,102,1.5,6000,0,0,0,0,0,75.3,30,72.14,68.35,41.3,0,0
2026-08-30T22:59:20.835000+09:00,2026-08-30T13:59:20.835000+00:00,094623,2146.7,1,0,0,0,0,13438,496,13438,0,0,0,0,4651,-28608,10326,6,4480,0,129,0,0,0,0,0,0,0,0,0,31082107,2018,0.49,1028.17,3174.84,0,54.4,98.4,67.7,34.3,65.3,531.9,38.5,599.1,160.7,164.2,1031.5,365026,5134,12.3,90.6,1500,2.62,1.15,30.9,42.7,65,26.59,12235925,72915,79.64,3432.4,0,1200,400,720,240,4200,7500,8500,102,1.5,6000,0,0,0,0,0,74.46,30,72.76,70.14,41.3,0,0
2026-08-30T23:00:20.918000+09:00,2026-08-30T14:00:20.918000+00:00,094623,2229.7,1,0,0,0,0,13438,496,13438,0,0,0,0,4651,-28608,10326,6,4480,8,129,0,0,0,0,0,0,0,0,0,31082107,2018,0.47,1077,3306.68,0,54.5,98.6,67.6,34.3,65.2,529.9,39.2,598.8,161.3,164.6,1034.3,365027,5135,12.84,90.1,1500,2.62,1.15,31.1,41.9,65,26.67,12235930,72915,80.35,3432.4,0,1200,400,720,240,4200,7500,8500,102,1.5,6000,0,0,0,0,0,73.56,30,73.99,69.17,41.3,0,0
2026-08-30T23:01:20.997000+09:00,2026-08-30T14:01:20.997000+00:00,094623,2139.4,1,0,0,0,0,13438,495,13438,0,0,0,0,4651,-28608,10326,518,4480,0,129,0,0,0,0,0,0,0,0,0,31082107,2018,0.46,930.51,3069.86,0,54.5,98.6,67.5,34.3,65.1,533.4,38.7,601.9,159.3,162.4,1033.3,365027,5135,12.58,89.6,1500,2.62,1.15,30.9,43.5,65,26.03,12235934,72915,78.6,3432.4,0,1200,400,720,240,4200,7500,8500,102,1.5,6000,0,0,0,0,0,72.62,30,74.95,67.45,41.3,0,0
2026-08-30T23:02:21.112000+09:00,2026-08-30T14:02:21.112000+00:00,094623,2106.4,1,0,0,0,0,13438,494,13438,0,0,0,0,4655,-28608,18518,6,4480,528,129,0,0,0,0,0,0,0,0,0,31082107,2018,0.44,993.99,3100.38,0,54.5,97.7,67.4,34.3,65,533.6,38,600.8,159,162.1,1018.9,365027,5135,12.68,89.5,1490,2.61,1.15,30.8,43.3,65,26.46,12235939,72915,79.6,3432.4,0,1200,400,720,240,4200,7500,8500,102,1.5,6000,0,0,0,0,0,71.51,30,72.65,66.18,41.3,0,0
2026-08-30T23:03:21.177000+09:00,2026-08-30T14:03:21.177000+00:00,094623,2351.8,1,0,0,0,0,13438,494,13438,0,0,0,0,4655,-26560,10326,6,4480,0,129,0,0,0,0,0,0,0,0,0,31082107,2018,0.46,1252.78,3604.54,0,54.5,97.1,67.6,34.3,65,528.1,38.3,605.4,159,161.8,1031.8,365027,5135,12.12,89.8,1490,2.58,1.17,31.9,41.2,65,26.61,12235943,72915,77.07,3432.4,0,1200,400,720,240,4200,7500,8500,102,1.5,6000,0,0,0,0,0,71.34,30,69.64,66.51,41.3,0,0
2026-08-30T23:04:21.278000+09:00,2026-08-30T14:04:21.278000+00:00,094623,2362.7,1,0,0,0,0,13438,497,13438,0,0,0,0,4651,-28608,10326,6,4480,0,129,0,0,0,0,0,0,0,0,0,31082107,2018,0.47,1236.92,3599.66,0,54.5,98.4,68,34.3,65.2,527.4,38.4,608.5,161.8,165,1071.8,365027,5135,12.75,89.8,1500,2.62,1.15,31.5,40.5,65,26.68,12235947,72915,78.02,3432.41,0,1200,400,720,240,4200,7500,8500,102,1.5,6000,0,0,0,0,0,72.42,30,73.31,66.23,41.2,0,0
2026-08-30T23:05:21.388000+09:00,2026-08-30T14:05:21.388000+00:00,094623,2329.8,1,0,0,0,0,13438,495,13438,0,0,0,0,4655,-28608,12438,6,4512,72,129,0,0,0,0,0,0,0,0,0,31082107,2018,0.47,1058.69,3388.47,0,54.4,98.6,68.3,34.3,65.3,529,38,610.5,162.2,165.5,1080.9,365027,5135,12.86,89.6,1490,2.59,1.14,31.2,41.2,65,26.68,12235952,72915,80.53,3432.41,0,1200,400,720,240,4200,7500,8500,102,1.5,6000,0,0,0,0,0,73.49,30,74.71,65.06,41.3,0,0
2026-08-30T23:06:21.458000+09:00,2026-08-30T14:06:21.458000+00:00,094623,2205.3,1,0,0,0,0,13438,497,13438,0,0,0,0,4651,-28608,10326,6,4480,0,129,0,0,0,0,0,0,0,0,0,31082107,2018,0.48,1092.87,3298.13,0,54.4,98,68.4,34.3,65.3,531.3,37.5,611.3,161.4,164.3,1034.9,365028,5136,12.62,89.9,1500,2.61,1.15,31,42.2,65,26.74,12235956,72915,77.59,3432.41,0,1200,400,720,240,4200,7500,8500,102,1.5,6000,0,0,0,0,0,74.41,30,73.43,65.52,41.2,0,0
2026-08-30T23:07:21.554000+09:00,2026-08-30T14:07:21.554000+00:00,094623,2389.6,1,0,0,0,0,13438,496,13438,0,0,0,0,4655,-28608,18582,6,20864,528,129,0,0,0,0,0,0,0,0,0,31082107,2018,0.5,1092.87,3482.47,0,54.3,97.8,68.3,34.3,65.2,529.2,37.7,605.1,161.1,164.4,1078.7,365028,5136,12.7,90.6,1500,2.6,1.15,31.5,41.2,65,26.58,12235961,72915,77.52,3432.41,0,1200,400,720,240,4200,7500,8500,102,1.5,6000,0,0,0,0,0,74.65,30,72.58,67.72,41.3,0,0
2026-08-30T23:08:21.650000+09:00,2026-08-30T14:08:21.650000+00:00,094623,2331.0,1,0,0,0,0,13438,497,13438,0,0,0,0,4655,-26560,10326,590,4480,8192,129,0,0,0,0,0,0,0,0,0,31082107,2018,0.46,1083.1,3414.11,0,54.3,98.1,68.3,34.3,65.3,528.8,37.6,604.4,162.1,165.5,1074.3,365028,5136,12.39,90.9,1500,2.62,1.14,31.2,41.3,65,26.63,12235965,72915,81.77,3432.41,0,1200,400,720,240,4200,7500,8500,102,1.5,6000,0,0,0,0,0,75.15,30,73.36,70.18,41.2,0,0
2026-08-30T23:09:21.736000+09:00,2026-08-30T14:09:21.736000+00:00,094623,2276.1,1,0,0,0,0,13438,496,13438,0,0,0,0,4655,-28608,10342,6,12676,0,129,0,0,0,0,0,0,0,0,0,31082107,2018,0.43,1167.33,3443.4,0,54.4,98.4,68.3,34.3,65.3,530.2,38,603,161.1,164.1,1032.2,365028,5136,12.93,89.5,1500,2.61,1.16,31.2,41.7,65,26.55,12235969,72915,81.73,3432.41,0,1200,400,720,240,4200,7500,8500,102,1.5,6000,0,0,0,0,0,75.55,30,74.57,66.08,41.3,0,0
2026-08-30T23:10:21.845000+09:00,2026-08-30T14:10:21.845000+00:00,094623,2373.7,1,0,0,0,0,13438,497,13438,0,0,0,0,4651,-28608,12374,6,4512,72,129,0,0,0,0,0,0,0,0,0,31082107,2018,0.44,1108.74,3482.47,0,54.4,98.2,68.2,34.3,65.3,528,38.4,606.3,162.5,165.5,1054.9,365028,5136,12.74,89.3,1500,2.61,1.15,31.5,41.4,65,26.74,12235974,72915,77.62,3432.41,0,1200,400,720,240,4200,7500,8500,102,1.5,6000,0,0,0,0,0,75.7,30,74.56,64.64,41.3,0,0
2026-08-30T23:11:21.929000+09:00,2026-08-30T14:11:21.929000+00:00,094623,2306.6,1,0,0,0,0,13438,496,13438,0,0,0,0,4655,-28608,10326,6,4480,0,129,0,0,0,0,0,0,0,0,0,31082107,2018,0.46,1133.15,3439.74,0,54.4,98,68.2,34.3,65.3,529.3,38,605.4,162.1,164.8,1035.7,365028,5136,12.46,89.8,1500,2.61,1.15,31.3,41.7,65,26.62,12235978,72915,78.43,3432.41,0,1200,400,720,240,4200,7500,8500,102,1.5,6000,0,0,0,0,0,75.99,30,74.15,65.38,41.2,0,0
2026-08-30T23:12:22.038000+09:00,2026-08-30T14:12:22.038000+00:00,094623,2416.5,1,0,0,0,0,13438,498,13438,0,0,0,0,4651,-26560,18518,6,4480,528,129,0,0,0,0,0,0,0,0,0,31082107,2018,0.47,1169.77,3586.23,0,54.4,97.8,68.1,34.2,65.2,528,39.4,604.5,162.5,165.3,1037.3,365029,5137,12.33,90,1510,2.61,1.15,31.8,41,65,26.3,12235983,72915,79.22,3432.42,0,1200,400,720,240,4200,7500,8500,102,1.5,6000,0,0,0,0,0,76.02,30,73.42,65.83,41.2,0,0
2026-08-30T23:13:22.129000+09:00,2026-08-30T14:13:22.129000+00:00,094623,2390.8,1,0,0,0,0,13438,497,13438,0,0,0,0,4651,-28608,10326,6,4480,0,129,0,0,0,0,0,0,0,0,0,31082107,2018,0.5,1196.63,3587.45,0,54.4,98.1,67.8,34.3,65.3,527.8,38.5,606.1,163.1,166,1059.8,365029,5137,12.5,90.9,1500,2.6,1.15,31.4,40.7,65,26.62,12235987,72915,77.86,3432.42,0,1200,400,720,240,4200,7500,8500,102,1.5,6000,0,0,0,0,0,74.95,30,74.28,68.98,41.2,0,0
2026-08-30T23:14:22.228000+09:00,2026-08-30T14:14:22.228000+00:00,094623,2331.0,1,0,0,0,0,13438,497,13438,0,0,0,0,4651,-26560,10326,6,4480,0,129,0,0,0,0,0,0,0,0,0,31082107,2018,0.46,1069.67,3400.68,0,54.4,98.4,67.8,34.3,65.3,530.6,38.2,605.1,162.1,164.9,1036.9,365029,5137,12.65,90.7,1500,2.61,1.15,31.2,41.8,65,26.36,12235991,72915,81.3,3432.42,0,1200,400,720,240,4200,7500,8500,102,1.5,6000,0,0,0,0,0,74.65,30,75.62,70.07,41.2,0,0
2026-08-30T23:15:22.373000+09:00,2026-08-30T14:15:22.373000+00:00,094623,2254.1,1,0,0,0,0,13438,495,13438,0,0,0,0,4651,-28608,12374,6,4512,72,129,0,0,0,0,0,0,0,0,0,31082107,2018,0.41,1028.17,3282.27,0,54.5,97.6,67.8,34.3,65.2,531.9,38,604.6,160.7,163.5,1009.8,365029,5137,12.68,89.5,1500,2.61,1.15,31.2,42.6,65,26.16,12235996,72915,81.32,3432.42,0,1200,400,720,240,4200,7500,8500,102,1.5,6000,0,0,0,0,0,74.3,30,73.22,66.42,41.2,0,0
2026-08-30T23:16:22.446000+09:00,2026-08-30T14:16:22.446000+00:00,094623,2382.3,1,0,0,0,0,13438,496,13438,0,0,0,0,4651,-28608,10326,6,4480,0,129,0,0,0,0,0,0,0,0,0,31082107,2018,0.42,1026.95,3409.22,0,54.5,97,67.7,34.2,65.2,528.1,39,605.1,162.4,165.4,1055.1,365029,5137,12.73,89.4,1500,2.61,1.15,31.2,41.4,65,26.66,12236000,72915,77.73,3432.42,0,1200,400,720,240,4200,7500,8500,102,1.5,6000,0,0,0,0,0,73.62,30,70.27,65.32,41.2,0,0
2026-08-30T23:17:22.543000+09:00,2026-08-30T14:17:22.543000+00:00,094623,2354.2,1,0,0,0,0,13438,496,13438,0,0,0,0,4655,-28608,18518,6,4480,528,129,0,0,0,0,0,0,0,0,0,31082107,2018,0.45,1018.4,3372.6,0,54.5,97.4,67.7,34.2,65.2,529.5,38.4,603.5,162.2,165.1,1069.6,365029,5137,12.79,89.6,1500,2.62,1.15,31.3,41.8,65,26.54,12236005,72915,78.81,3432.42,0,1200,400,720,240,4200,7500,8500,102,1.5,6000,0,0,0,0,0,73.16,30,70.12,65.23,41.2,0,0
2026-08-30T23:18:22.640000+09:00,2026-08-30T14:18:22.640000+00:00,094623,2449.4,1,0,0,0,0,13438,495,13438,0,0,0,0,4655,-26560,10326,14,4480,8192,129,0,0,0,0,0,0,0,0,0,31082107,2018,0.48,1184.42,3633.84,0,54.4,97.9,67.6,34.2,65.2,527.6,38.7,605.1,162.8,165.7,1072.8,365030,5138,12.65,89.9,1500,2.6,1.16,31.8,41.1,65,26.29,12236009,72915,77.96,3432.42,0,1200,400,720,240,4200,7500,8500,102,1.5,6000,0,0,0,0,0,72.32,30,71.16,65.59,41.2,0,0
2026-08-30T23:19:22.711000+09:00,2026-08-30T14:19:22.711000+00:00,094623,2432.3,1,0,0,0,0,13438,497,13438,0,0,0,0,4651,-28608,10326,6,4480,0,129,0,0,0,0,0,0,0,0,0,31082107,2018,0.48,1160.01,3592.33,0,54.4,98,67.6,34.2,65.3,528,38.3,605.7,163.7,167,1057.1,365030,5138,12.73,90.9,1500,2.61,1.15,31.4,40.8,65,26.62,12236014,72915,78.16,3432.43,0,1200,400,720,240,4200,7500,8500,102,1.5,6000,0,0,0,0,0,71.78,30,71.54,69.26,41.1,0,0
2026-08-30T23:20:22.807000+09:00,2026-08-30T14:20:22.807000+00:00,094623,2227.2,1,0,0,0,0,13438,496,13438,0,0,0,0,4651,-28608,12374,6,4512,72,129,0,0,0,0,0,0,0,0,0,31082107,2018,0.45,991.55,3218.79,0,54.3,98.1,67.8,34.2,65.3,532.7,38,602,161,163.5,1024.5,365030,5138,12.7,90.2,1500,2.62,1.15,30.7,42.6,65,26.3,12236018,72915,80.02,3432.43,0,1200,400,720,240,4200,7500,8500,102,1.5,6000,0,0,0,0,0,71.9,30,71.87,68.12,41.2,0,0
2026-08-30T23:21:22.906000+09:00,2026-08-30T14:21:22.906000+00:00,094623,2356.6,1,0,0,0,0,13438,496,13438,0,0,0,0,4651,-28608,10326,6,4480,0,129,0,0,0,0,0,0,0,0,0,31082107,2018,0.44,1111.18,3467.82,0,54.4,98.1,67.8,34.2,65.1,530.4,37.6,600.7,161.1,163.8,1014.6,365030,5138,12.85,89.5,1500,2.6,1.15,31.3,41.6,65,26.63,12236022,72915,78.06,3432.43,0,1200,400,720,240,4200,7500,8500,102,1.5,6000,0,0,0,0,0,71.6,30,72.02,65.46,41.1,0,0
2026-08-30T23:22:22.990000+09:00,2026-08-30T14:22:22.990000+00:00,094623,2403.0,1,0,0,0,0,13438,496,13438,0,0,0,0,4651,-28608,18518,6,4480,0,129,0,0,0,0,0,0,0,0,0,31082107,2018,0.46,1122.17,3525.19,0,54.3,97.9,67.8,34.2,65.1,528.1,37.9,601.8,162.4,165.5,1029.6,365030,5138,12.74,89.5,1500,2.6,1.14,31.2,40.9,65,26.42,12236027,72915,77.66,3432.43,0,1200,400,720,240,4200,7500,8500,102,1.5,6000,0,0,0,0,0,71.22,30,71.51,64.73,41.1,0,0
2026-08-30T23:23:23.104000+09:00,2026-08-30T14:23:23.104000+00:00,094623,2395.7,1,0,0,0,0,13438,495,13438,0,0,0,0,4655,-28608,10326,6,4480,0,129,0,0,0,0,0,0,0,0,0,31082107,2018,0.46,1167.33,3563.04,0,54.2,97.5,67.9,34.2,65.2,529.3,37.3,601,162.3,165.5,1046.1,365030,5138,12.73,89.8,1500,2.6,1.15,31.5,41.2,65,26.52,12236031,72915,78.64,3432.43,0,1200,400,720,240,4200,7500,8500,102,1.5,6000,0,0,0,0,0,71.24,30,69.76,65.15,41.2,0,0
2026-08-30T23:24:23.208000+09:00,2026-08-30T14:24:23.208000+00:00,094623,2489.7,1,0,0,0,0,13438,495,13438,0,0,0,0,4655,-28608,10390,590,20864,8192,129,0,0,0,0,0,0,0,0,0,31082107,2018,0.49,1145.36,3635.06,0,54.2,98,67.9,34.2,65.2,528.1,38.5,602.8,162.5,165.5,1047.1,365031,5139,12.71,90.4,1500,2.6,1.14,31.5,40.4,65,26.11,12236036,72915,78.68,3432.43,0,1200,400,720,240,4200,7500,8500,102,1.5,6000,0,0,0,0,0,71.09,30,70.53,67.05,41.2,0,0
2026-08-30T23:25:23.297000+09:00,2026-08-30T14:25:23.297000+00:00,094623,2389.6,1,0,0,0,0,13438,495,13438,0,0,0,0,4655,-28608,12374,590,4512,8264,129,0,0,0,0,0,0,0,0,0,31082107,2018,0.47,1097.75,3487.35,0,54.2,98.8,68,34.2,65.2,530.2,37.9,601.7,161.7,165,1047.8,365031,5139,12.85,90.3,1490,2.6,1.16,31.5,41.9,65,26.17,12236040,72915,80.23,3432.43,0,1200,400,720,240,4200,7500,8500,102,1.5,6000,0,0,0,0,0,71.33,30,73.57,68.08,41.2,0,0
2026-08-30T23:26:23.396000+09:00,2026-08-30T14:26:23.396000+00:00,094623,1697.1,1,0,0,0,0,13438,501,13438,0,0,0,0,4655,-28608,10390,6,21376,0,129,0,0,0,0,0,0,0,0,0,31082107,2018,0.41,682.7,2379.83,0,54.2,98.5,68.1,34.2,65.2,531.2,37.9,600.2,160.8,164.1,1036.6,365031,5139,12.55,89.4,1510,2.67,1.11,24.5,36.6,65,15.51,12236044,72915,78.85,3432.43,0,1200,400,720,240,4200,7500,8500,102,1.5,6000,0,0,0,0,0,64.43,30,66.9,57.61,41.2,0,0
2026-08-30T23:27:23.499000+09:00,2026-08-30T14:27:23.499000+00:00,094623,1188.1,1,0,0,0,0,13438,446,13438,0,0,0,0,4651,-28608,10326,6,4992,0,129,0,0,0,0,0,0,0,0,0,31082107,2018,0.4,730.31,1918.39,0,53.7,96.6,68.8,34.2,64.5,528.5,37.5,588,146.5,147.9,1007.5,365031,5139,12.73,91.5,1400,2.41,1.37,26.7,42.8,65,11.17,12236046,72915,60.93,3432.44,0,1200,400,720,240,4200,7500,8500,102,1.5,6000,0,0,0,0,0,64.53,30,56.95,61.21,41.2,0,0
2026-08-30T23:28:23.592000+09:00,2026-08-30T14:28:23.592000+00:00,094623,1127.0,1,0,0,0,0,13438,494,13438,0,0,0,0,4651,-28608,10342,518,12676,0,129,0,0,0,0,2,0,0,0,0,31082107,2018,0.32,753.5,1880.55,0,53.5,98.1,68.9,34.3,63.6,521.3,38.7,585.2,142.9,143.8,1023.3,365031,5139,12.63,90.8,1490,2.64,1.19,27.2,46.2,65,16.9,12236048,72915,73.83,3432.44,0,1200,400,720,240,4200,7500,8500,102,1.5,6000,0,0,0,0,0,70.97,30,66.1,67.75,41.1,0,0
2026-08-30T23:29:23.691000+09:00,2026-08-30T14:29:23.691000+00:00,094623,1695.9,1,0,0,0,0,13438,496,13438,0,0,0,0,4655,-28608,10326,6,4480,0,129,0,0,0,0,2,0,0,0,0,31082107,2018,0.34,1141.7,2837.61,0,53.5,99.2,68.2,34.2,63.7,520.1,37.7,595,154,157.9,1049.2,365031,5139,12.71,87.7,1500,2.63,1.13,31.2,43.6,65,26.63,12236052,72915,75.47,3432.44,0,1200,400,720,240,4200,7500,8500,102,1.5,6000,0,0,0,0,0,74.93,30,75.59,61.67,41.1,0,0
2026-08-30T23:30:23.791000+09:00,2026-08-30T14:30:23.791000+00:00,094623,1671.5,1,0,0,0,0,13438,497,13438,0,0,0,0,4655,-28608,12374,6,4512,8,129,0,0,0,0,2,0,0,0,0,31082107,2018,0.4,1055.02,2726.52,0,53.4,96.2,67.5,34.2,64,526.7,37.6,597.8,156.2,160.3,1051.1,365032,5140,12.85,88.6,1500,2.63,1.15,31.1,45.2,65,26.25,12236057,72915,72.37,3432.44,0,1200,400,720,240,4200,7500,8500,102,1.5,6000,0,0,0,0,0,72.76,30,65.75,61.28,41.1,0,0
2026-08-30T23:31:23.884000+09:00,2026-08-30T14:31:23.884000+00:00,094623,1829.3,1,0,0,0,0,13438,496,13438,0,0,0,0,4651,-28608,10326,6,4480,0,129,0,0,0,0,0,0,0,0,0,31082107,2018,0.47,1080.66,2909.94,0,53.3,99,66.9,34.2,64.1,525.1,37.7,597.1,156.4,160.7,1007.9,365032,5140,12.87,90.6,1500,2.63,1.15,31.4,44,65,26.63,12236061,72915,73.8,3432.44,0,1200,400,720,240,4200,7500,8500,102,1.5,6000,0,0,0,0,0,69.64,30,73.32,66.96,41.1,0,0
2026-08-30T23:32:23.972000+09:00,2026-08-30T14:32:23.972000+00:00,094623,2005.1,1,0,0,0,0,13438,495,13438,0,0,0,0,4651,-28608,10326,6,4480,0,129,0,0,0,0,0,0,0,0,0,31082107,2018,0.42,1212.5,3217.57,0,53.5,98,67.3,34.2,64.4,523.2,37.3,597.2,159.5,164.3,1048.7,365032,5140,12.65,90,1500,2.62,1.16,32.3,42.7,65,26.58,12236065,72915,81.23,3432.44,0,1200,400,720,240,4200,7500,8500,102,1.5,6000,0,0,0,0,0,69.4,30,71.51,65.97,41.1,0,0
2026-08-30T23:33:24.131000+09:00,2026-08-30T14:33:24.131000+00:00,094623,1986.8,1,0,0,0,0,13438,498,13438,0,0,0,0,4651,-28608,10326,6,4480,0,129,0,0,0,0,0,0,0,0,0,31082107,2018,0.41,1171,3157.75,0,53.5,97.2,67.7,34.2,64.6,523.7,37.4,599.3,161.1,166.5,1090.4,365032,5140,12.81,89.4,1510,2.62,1.14,31.5,42.3,65,26.64,12236070,72915,77.65,3432.44,0,1200,400,720,240,4200,7500,8500,102,1.5,6000,0,0,0,0,0,69.91,30,68.44,63.83,41.1,0,0
2026-08-30T23:34:24.167000+09:00,2026-08-30T14:34:24.167000+00:00,094623,1990.4,1,0,0,0,0,13438,498,13438,0,0,0,0,4655,-28608,10326,6,4480,0,129,0,0,0,0,0,0,0,0,0,31082107,2018,0.44,1119.72,3110.14,0,53.6,98,67.9,34.2,64.8,525.3,38.1,599.2,161.3,166.3,1068.5,365032,5140,12.81,89.4,1500,2.61,1.15,31.5,42.6,65,26.66,12236074,72915,76.86,3432.44,0,1200,400,720,240,4200,7500,8500,102,1.5,6000,0,0,0,0,0,70.2,30,70.06,62.73,41.1,0,0
2026-08-30T23:35:24.252000+09:00,2026-08-30T14:35:24.252000+00:00,094623,1958.7,1,0,0,0,0,13438,496,13438,0,0,0,0,4651,-28608,2134,6,4480,528,129,0,0,0,0,0,0,0,0,0,31082107,2018,0.47,1091.65,3050.32,0,53.7,98.5,68.1,34.1,64.8,527.2,37.6,598.8,161,166,1044.8,365032,5140,12.74,89.6,1500,2.61,1.15,31.4,43.1,65,26.27,12236079,72915,77.86,3432.45,0,1200,400,720,240,4200,7500,8500,102,1.5,6000,0,0,0,0,0,70.87,30,72.04,62.59,41,0,0
2026-08-30T23:36:24.341000+09:00,2026-08-30T14:36:24.341000+00:00,094623,1935.5,1,0,0,0,0,13438,497,13438,0,0,0,0,4651,-28608,10326,6,4480,0,129,0,0,0,0,0,0,0,0,0,31082107,2018,0.48,1196.63,3132.11,0,53.8,98.7,68.2,34.1,64.8,528.2,37.1,597.9,160.8,165.6,1029.6,365033,5141,12.7,89.9,1510,2.62,1.16,31.3,43.1,65,26.55,12236083,72915,76.75,3432.45,0,1200,400,720,240,4200,7500,8500,102,1.5,6000,0,0,0,0,0,71.46,30,73.64,63.25,41.1,0,0
2026-08-30T23:37:24.435000+09:00,2026-08-30T14:37:24.435000+00:00,094623,1831.4,1,0,0,0,0,13438,496,13438,0,0,0,0,4655,-28608,10326,6,4480,0,129,0,0,0,0,0,0,0,0,0,31082107,2018,0.47,1015.96,2847.38,0,53.8,97.8,68.2,34.2,64.8,531.9,38.7,597.2,159.4,163.7,1037.6,365033,5141,12.69,90.3,1500,2.62,1.16,30.8,44.6,65,26.66,12236088,72915,77.2,3432.45,0,1200,400,720,240,4200,7500,8500,102,1.5,6000,0,0,0,0,0,71.79,30,71.29,64.68,41.1,0,0
2026-08-30T23:38:24.534000+09:00,2026-08-30T14:38:24.534000+00:00,094623,1958.7,1,0,0,0,0,13438,497,13438,0,0,0,0,4651,-28608,10326,6,4480,8,129,0,0,0,0,0,0,0,0,0,31082107,2018,0.48,1086.76,3045.44,0,53.9,97.5,68.2,34.2,64.7,529.3,37.6,596.2,160.6,165.2,1021.1,365033,5141,12.85,90.7,1500,2.61,1.15,31.1,43.1,65,26.69,12236092,72915,77.09,3432.45,0,1200,400,720,240,4200,7500,8500,102,1.5,6000,0,0,0,0,0,72.09,30,69.68,66.49,41.1,0,0
2026-08-30T23:39:24.633000+09:00,2026-08-30T14:39:24.633000+00:00,094623,2014.8,1,0,0,0,0,13438,495,13438,0,0,0,0,4651,-28608,10326,6,4480,0,129,0,0,0,0,0,0,0,0,0,31082107,2018,0.47,1072.12,3086.95,0,53.9,97.8,68.2,34.1,64.8,529.1,37.7,596.5,160.9,165.4,1039.7,365033,5141,12.5,90.7,1500,2.61,1.15,31.3,43.1,65,26.64,12236096,72915,80.78,3432.45,0,1200,400,720,240,4200,7500,8500,102,1.5,6000,0,0,0,0,0,72.27,30,69.86,67.99,41,0,0
2026-08-30T23:40:24.735000+09:00,2026-08-30T14:40:24.735000+00:00,094623,1991.6,1,0,0,0,0,13438,496,13438,0,0,0,0,4655,-26560,18518,6,4480,528,129,0,0,0,0,0,0,0,0,0,31082107,2018,0.45,1075.78,3067.42,0,54,98.3,68.4,34.1,64.9,529.1,37.7,597.8,162.4,167,1049.3,365033,5141,12.24,89.5,1500,2.61,1.14,31.1,42.8,65,26.63,12236101,72915,80.57,3432.45,0,1200,400,720,240,4200,7500,8500,102,1.5,6000,0,0,0,0,0,73.41,30,71.46,64.65,41.1,0,0
2026-08-30T23:41:24.809000+09:00,2026-08-30T14:41:24.809000+00:00,094623,2047.8,1,0,0,0,0,13438,496,13438,0,0,0,0,4651,-28608,10326,518,4480,0,129,0,0,0,0,0,0,0,0,0,31082107,2018,0.47,1101.41,3149.2,0,54,98.1,68.4,34.1,65,528.5,38,596.5,161.8,166.2,1061.2,365033,5141,12.65,89.5,1500,2.6,1.15,31.5,42.9,65,25.91,12236105,72915,77.44,3432.45,0,1200,400,720,240,4200,7500,8500,102,1.5,6000,0,0,0,0,0,74.07,30,71.24,63.64,41,0,0
2026-08-30T23:42:24.921000+09:00,2026-08-30T14:42:24.921000+00:00,094623,2094.2,1,0,0,0,0,13438,497,13438,0,0,0,0,4655,-28608,10326,6,4480,0,129,0,0,0,0,0,0,0,0,0,31082107,2018,0.48,1205.18,3299.36,0,54,98,68.4,34.2,65,527.7,37.6,599,162.8,167.2,1049.5,365034,5142,12.71,90.1,1510,2.61,1.15,31.5,42.1,65,26.6,12236110,72915,78.41,3432.45,0,1200,400,720,240,4200,7500,8500,102,1.5,6000,0,0,0,0,0,74.73,30,71.09,65.2,41,0,0
2026-08-30T23:43:25.016000+09:00,2026-08-30T14:43:25.016000+00:00,094623,1990.4,1,0,0,0,0,13438,494,13438,0,0,0,0,4655,-28608,12438,518,20864,8,129,0,0,0,0,0,0,0,0,0,31082107,2018,0.5,1064.79,3055.21,0,54,98.1,68.4,34.2,65.1,530.3,38,599.6,163.3,167,1036.7,365034,5142,12.68,91,1490,2.59,1.14,30.9,42.8,65,26.1,12236114,72915,79.09,3432.46,0,1200,400,720,240,4200,7500,8500,102,1.5,6000,0,0,0,0,0,75.16,30,71.22,68.41,41,0,0
2026-08-30T23:44:25.100000+09:00,2026-08-30T14:44:25.100000+00:00,094623,1962.3,1,0,0,0,0,13438,497,13438,0,0,0,0,4655,-26560,10326,590,4480,8192,129,0,0,0,0,0,0,0,0,0,31082107,2018,0.49,1042.82,3005.16,0,54.1,98.4,68.2,34.2,65,530.9,37.8,597.9,161.7,165.3,1088,365034,5142,12.47,91.1,1500,2.62,1.15,30.9,43.5,65,26.8,12236119,72915,80.85,3432.46,0,1200,400,720,240,4200,7500,8500,102,1.5,6000,0,0,0,0,0,75.14,30,72.55,70.43,41,0,0
2026-08-30T23:45:25.193000+09:00,2026-08-30T14:45:25.193000+00:00,094623,2107.6,1,0,0,0,0,13438,498,13438,0,0,0,0,4655,-28608,18582,6,20864,528,129,0,0,0,0,0,0,0,0,0,31082107,2018,0.45,1045.26,3152.87,0,54.1,98.8,68.1,34.2,64.9,529.1,37.7,596.9,161.8,165.4,1046.9,365034,5142,12.4,89.6,1500,2.62,1.15,31.3,42.6,65,26.2,12236123,72915,80.1,3432.46,0,1200,400,720,240,4200,7500,8500,102,1.5,6000,0,0,0,0,0,75.18,30,74.79,66.37,41,0,0
2026-08-30T23:46:25.270000+09:00,2026-08-30T14:46:25.270000+00:00,094623,2166.2,1,0,0,0,0,13438,497,13438,0,0,0,0,4651,-28608,10326,518,4480,0,129,0,0,0,0,0,0,0,0,0,31082107,2018,0.45,1190.53,3356.73,0,54.2,98.3,68.1,34.2,65.1,526.8,37.7,598.8,163.3,166.7,1062.6,365034,5142,12.71,89.4,1500,2.61,1.15,31.6,41.8,65,26.38,12236127,72915,77.8,3432.46,0,1200,400,720,240,4200,7500,8500,102,1.5,6000,0,0,0,0,0,75.27,30,74.15,64.77,41,0,0
2026-08-30T23:47:25.368000+09:00,2026-08-30T14:47:25.368000+00:00,094623,2023.4,1,0,0,0,0,13438,495,13438,0,0,0,0,4651,-26560,10342,6,12676,0,129,0,0,0,0,0,0,0,0,0,31082107,2018,0.46,1023.29,3046.66,0,54.2,97.8,68.1,34.2,65.1,530.5,37.5,598.2,163.3,166.6,1069.5,365034,5142,12.84,89.6,1490,2.61,1.15,30.8,42.9,65,26.67,12236132,72915,78.57,3432.46,0,1200,400,720,240,4200,7500,8500,102,1.5,6000,0,0,0,0,0,75.36,30,72.74,64.35,41,0,0
2026-08-30T23:48:25.459000+09:00,2026-08-30T14:48:25.459000+00:00,094623,2226.0,1,0,0,0,0,13438,496,13438,0,0,0,0,4655,-28608,12374,6,4512,72,129,0,0,0,0,0,0,0,0,0,31082107,2018,0.49,1202.73,3428.75,0,54.1,97.6,68,34.2,65.2,526.8,37.5,596.4,164.2,167.6,1049.8,365035,5143,12.86,90.1,1500,2.6,1.15,31.5,41.1,65,26.37,12236136,72915,77.43,3432.46,0,1200,400,720,240,4200,7500,8500,102,1.5,6000,0,0,0,0,0,75.15,30,71.61,65.42,41,0,0
2026-08-30T23:49:25.545000+09:00,2026-08-30T14:49:25.545000+00:00,094623,2127.1,1,0,0,0,0,13438,495,13438,0,0,0,0,4655,-26560,10326,6,4480,0,129,0,0,0,0,0,0,0,0,0,31082107,2018,0.47,1130.71,3257.85,0,54.1,97.6,68.1,34.2,65.3,529.4,38.1,595.8,163.6,167.3,1046.7,365035,5143,12.74,91.1,1490,2.6,1.16,31.2,42.2,65,26.51,12236141,72915,77.96,3432.46,0,1200,400,720,240,4200,7500,8500,102,1.5,6000,0,0,0,0,0,75.6,30,71.05,69.11,41,0,0
2026-08-30T23:50:25.647000+09:00,2026-08-30T14:50:25.647000+00:00,094623,2019.7,1,0,0,0,0,13438,495,13438,0,0,0,0,4651,-28608,18518,518,4480,528,129,0,0,0,0,0,0,0,0,0,31082107,2018,0.44,1003.75,3023.47,0,54.1,97.7,68,34.2,65.2,531.1,38.5,596.1,162.4,165.6,1045.5,365035,5143,12.79,90.6,1500,2.6,1.14,30.7,42.9,65,26.09,12236145,72915,79.42,3432.47,0,1200,400,720,240,4200,7500,8500,102,1.5,6000,0,0,0,0,0,75.44,30,70.8,69.25,41,0,0
2026-08-30T23:51:25.722000+09:00,2026-08-30T14:51:25.722000+00:00,094623,2080.8,1,0,0,0,0,13438,496,13438,0,0,0,0,4655,-28608,10326,6,4480,0,129,0,0,0,0,0,0,0,0,0,31082107,2018,0.43,1079.44,3160.19,0,54.2,98,67.7,34.2,65,531.1,37.6,593.6,161.4,164.5,1048.7,365035,5143,12.84,89.4,1500,2.61,1.16,31.2,43.1,65,26.59,12236150,72915,81.12,3432.47,0,1200,400,720,240,4200,7500,8500,102,1.5,6000,0,0,0,0,0,74.32,30,71.48,65.45,41,0,0
2026-08-30T23:52:25.820000+09:00,2026-08-30T14:52:25.820000+00:00,094623,2235.8,1,0,0,0,0,13438,496,13438,0,0,0,0,4651,-28608,10326,6,4480,0,129,0,0,0,0,0,0,0,0,0,31082107,2018,0.45,1208.84,3444.62,0,54.2,98.1,67.4,34.2,65.1,527,37.2,596.1,163.4,166.6,1048.3,365035,5143,12.84,89.4,1500,2.6,1.16,31.9,41.7,65,26.66,12236154,72915,78.37,3432.47,0,1200,400,720,240,4200,7500,8500,102,1.5,6000,0,0,0,0,0,72.73,30,71.91,64.51,41,0,0
2026-08-30T23:53:25.917000+09:00,2026-08-30T14:53:25.917000+00:00,094623,2222.4,1,0,0,0,0,13438,496,13438,0,0,0,0,4655,-28608,12374,6,4512,72,129,0,0,0,0,0,0,0,0,0,31082107,2018,0.46,1201.51,3423.87,0,54.2,98.1,67.4,34.2,65.2,527.1,38,597.1,165,168.5,1023.8,365035,5143,12.71,89.7,1500,2.61,1.15,31.5,41.3,65,26.6,12236158,72915,77.29,3432.47,0,1200,400,720,240,4200,7500,8500,102,1.5,6000,0,0,0,0,0,71.89,30,72.12,64.75,41,0,0
2026-08-30T23:54:26.022000+09:00,2026-08-30T14:54:26.022000+00:00,094623,2078.3,1,0,0,0,0,13438,497,13438,0,0,0,0,4651,-28608,10326,6,4480,0,129,0,0,0,0,0,0,0,0,0,31082107,2018,0.47,1037.93,3116.24,0,54.2,97.8,67.5,34.2,65.2,530.9,38.7,596.4,163.1,166.1,1057.8,365036,5144,12.71,90.2,1510,2.6,1.14,30.8,42.6,65,26.54,12236163,72915,78.44,3432.47,0,1200,400,720,240,4200,7500,8500,102,1.5,6000,0,0,0,0,0,71.4,30,71.27,66.12,41,0,0
2026-08-30T23:55:26.134000+09:00,2026-08-30T14:55:26.134000+00:00,094623,2178.4,1,0,0,0,0,13438,494,13438,0,0,0,0,4651,-28608,18518,6,4480,528,129,0,0,0,0,0,0,0,0,0,31082107,2018,0.47,1107.52,3285.93,0,54.2,97.5,67.5,34.2,65.1,529.7,37.6,593.6,163,166,1055.5,365036,5144,12.77,91.3,1490,2.59,1.16,31.4,42.2,65,26.58,12236167,72915,78.78,3432.47,0,1200,400,720,240,4200,7500,8500,102,1.5,6000,0,0,0,0,0,70.47,30,69.52,70.25,41,0,0
2026-08-30T23:56:26.228000+09:00,2026-08-30T14:56:26.228000+00:00,094623,2223.6,1,0,0,0,0,13438,496,13438,0,0,0,0,4651,-28608,10326,6,4480,0,129,0,0,0,0,0,0,0,0,0,31082107,2018,0.42,1048.92,3272.5,0,54.2,97.9,67.9,34.2,65.2,527.3,38.2,596.7,165.1,168.3,1045.2,365036,5144,12.74,89.8,1500,2.61,1.14,31.2,41.8,65,26.73,12236172,72915,82.18,3432.47,0,1200,400,720,240,4200,7500,8500,102,1.5,6000,0,0,0,0,0,71.29,30,70.31,66.89,40.9,0,0
2026-08-30T23:57:26.354000+09:00,2026-08-30T14:57:26.354000+00:00,094623,2100.3,1,0,0,0,0,13438,495,13438,0,0,0,0,4655,-28608,10326,6,4480,0,129,0,0,0,0,0,0,0,0,0,31082107,2018,0.43,972.01,3072.3,0,54.2,97.6,68.3,34.2,65.3,530.5,37.6,597,162.9,165.8,1030.2,365036,5144,12.74,89.2,1490,2.6,1.15,31,43.2,65,26.72,12236176,72915,76.82,3432.47,0,1200,400,720,240,4200,7500,8500,102,1.5,6000,0,0,0,0,0,72.63,30,69.14,63.84,40.9,0,0
2026-08-30T23:58:26.444000+09:00,2026-08-30T14:58:26.444000+00:00,094623,2280.9,1,0,0,0,0,13438,498,13438,0,0,0,0,4655,-28608,12374,518,4512,72,129,0,0,0,0,0,0,0,0,0,31082107,2018,0.47,1079.44,3360.39,0,54.1,97.9,68.4,34.2,65.2,526,37.8,605.2,158.1,160.9,1023.8,365036,5144,12.71,89.6,1500,2.62,1.14,31.3,41.3,65,25.67,12236180,72915,77.92,3432.48,0,1200,400,720,240,4200,7500,8500,102,1.5,6000,0,0,0,0,0,73.59,30,69.58,64.38,40.9,0,0
2026-08-30T23:59:26.541000+09:00,2026-08-30T14:59:26.541000+00:00,094623,2208.9,1,0,0,0,0,13438,496,13438,0,0,0,0,4651,-28608,10326,6,4480,0,129,0,0,0,0,0,0,0,0,0,31082107,2018,0.49,1117.28,3326.21,0,54.1,98.5,68.9,34.2,65.2,528.6,36.9,614.2,159.8,163,1047.6,365036,5144,12.53,89.9,1500,2.61,1.15,31.4,42,65,26.71,12236185,72915,79.4,3432.48,0,1200,400,720,240,4200,7500,8500,102,1.5,6000,0,0,0,0,0,75.96,30,71.65,64.83,40.9,0,0
2026-08-31T00:00:26.637000+09:00,2026-08-30T15:00:26.637000+00:00,094623,2174.8,1,0,0,0,0,13438,496,13438,0,0,0,0,4651,-28608,18518,518,4480,16,129,0,0,0,0,0,0,0,0,0,31082107,2018,0.5,956.14,3130.89,0,54.1,99,68.4,34.2,65.2,530.8,38,609.3,158.5,161,1048.3,365037,5145,12.74,90.3,1500,2.59,1.15,31.2,43,65,25.81,12236189,72915,78.71,3432.48,0,1200,400,720,240,4200,7500,8500,102,1.5,6000,0,0,0,0,0,75.56,30,74.38,66.23,41,0,0
2026-08-31T00:01:26.734000+09:00,2026-08-30T15:01:26.734000+00:00,094623,2213.8,1,0,0,0,0,13438,496,13438,0,0,0,0,4651,-28608,10326,518,4480,0,129,0,0,0,0,0,0,0,0,0,31082107,2018,0.49,1044.04,3257.85,0,54.1,98.2,68,34.2,65.1,529,37.7,606.4,160.1,162.5,1059.8,365037,5145,12.45,91,1500,2.6,1.15,31.2,42.3,65,25.93,12236194,72915,80.19,3432.48,0,1200,400,720,240,4200,7500,8500,102,1.5,6000,0,0,0,0,0,74.7,30,73.09,69.63,40.9,0,0
2026-08-31T00:02:26.824000+09:00,2026-08-30T15:02:26.824000+00:00,094623,2272.4,1,0,0,0,0,13438,496,13438,0,0,0,0,4651,-28608,10390,590,20864,8192,129,0,0,0,0,0,0,0,0,0,31082107,2018,0.45,1007.42,3279.82,0,54.2,97.9,67.8,34.1,65.2,528,37.4,605.8,160.9,163.4,1048.3,365037,5145,12.68,90.3,1500,2.62,1.14,31.2,41.9,65,26.22,12236198,72915,80.13,3432.48,0,1200,400,720,240,4200,7500,8500,102,1.5,6000,0,0,0,0,0,73.85,30,72.06,68.42,40.9,0,0
2026-08-31T00:03:26.920000+09:00,2026-08-30T15:03:26.920000+00:00,094623,2353.0,1,0,0,0,0,13438,497,13438,0,0,0,0,4651,-28608,12374,6,4512,72,129,0,0,0,0,0,0,0,0,0,31082107,2018,0.44,1129.49,3482.47,0,54.3,97.7,67.7,34.1,65.2,526.7,36.6,604.5,161.6,164.3,1041.7,365037,5145,12.59,89.8,1500,2.6,1.15,31.7,41.3,65,26.35,12236203,72915,80.71,3432.48,0,1200,400,720,240,4200,7500,8500,102,1.5,6000,0,0,0,0,0,73.16,30,71.19,66.9,40.9,0,0
2026-08-31T00:04:27.017000+09:00,2026-08-30T15:04:27.017000+00:00,094623,2439.7,1,0,0,0,0,13438,497,13438,0,0,0,0,4655,-28608,10342,6,12676,0,129,0,0,0,0,0,0,0,0,0,31082107,2018,0.44,1167.33,3606.98,0,54.3,97.8,67.7,34.1,65.5,525,37.3,609,164.3,167.1,1051.3,365037,5145,12.82,89.3,1500,2.62,1.13,31.6,40,65,26.58,12236207,72915,78.26,3432.48,0,1200,400,720,240,4200,7500,8500,102,1.5,6000,0,0,0,0,0,72.59,30,71.11,64.58,40.9,0,0
2026-08-31T00:05:27.119000+09:00,2026-08-30T15:05:27.119000+00:00,094623,2124.7,1,0,0,0,0,13438,498,13438,0,0,0,0,4655,-26560,2134,6,4480,0,129,0,0,0,0,0,0,0,0,0,31082107,2018,0.47,952.48,3077.18,0,54.4,97.5,67.8,34.1,65.5,531.3,37.1,608.8,161.7,164,1003.3,365037,5145,12.65,89.9,1510,2.62,1.14,30.8,43.2,65,26.31,12236211,72915,77.46,3432.49,0,1200,400,720,240,4200,7500,8500,102,1.5,6000,0,0,0,0,0,72.6,30,69.71,65.68,40.9,0,0
2026-08-31T00:06:27.215000+09:00,2026-08-30T15:06:27.215000+00:00,094623,2244.3,1,0,0,0,0,13438,497,13438,0,0,0,0,4651,-28608,10326,6,4480,0,129,0,0,0,0,0,0,0,0,0,31082107,2018,0.47,1013.52,3257.85,0,54.3,97.9,67.7,34.1,65.2,530.2,37.2,604.1,160.6,162.5,1041.1,365038,5146,12.74,91.1,1500,2.6,1.16,31.4,42.6,65,26.65,12236216,72915,79.09,3432.49,0,1200,400,720,240,4200,7500,8500,102,1.5,6000,0,0,0,0,0,71.93,30,70.21,69.8,40.9,0,0
2026-08-31T00:07:27.303000+09:00,2026-08-30T15:07:27.303000+00:00,094623,2208.9,1,0,0,0,0,13438,496,13438,0,0,0,0,4655,-28608,10326,6,4480,0,129,0,0,0,0,0,0,0,0,0,31082107,2018,0.46,980.56,3189.49,0,54.3,99.3,67.7,34.2,65.2,529.8,37.3,604.3,160.5,162.6,1089.6,365038,5146,12.63,90.2,1500,2.62,1.14,31,42.5,65,26.66,12236220,72915,82.39,3432.49,0,1200,400,720,240,4200,7500,8500,102,1.5,6000,0,0,0,0,0,71.42,30,75.22,68.54,40.9,0,0
2026-08-31T00:08:27.398000+09:00,2026-08-30T15:08:27.398000+00:00,094623,2313.9,1,0,0,0,0,13438,497,13438,0,0,0,0,4655,-28608,12374,6,4512,8,129,0,0,0,0,0,0,0,0,0,31082107,2018,0.43,1102.63,3416.55,0,54.3,98.3,68,34.2,65.1,528.4,37.1,605.4,160.7,162.9,1047.1,365038,5146,12.84,89.2,1500,2.61,1.15,31.5,41.8,65,26.38,12236225,72915,80.81,3432.49,0,1200,400,720,240,4200,7500,8500,102,1.5,6000,0,0,0,0,0,72.23,30,73.68,64.94,40.8,0,0
2026-08-31T00:09:27.462000+09:00,2026-08-30T15:09:27.462000+00:00,094623,2405.5,1,0,0,0,0,13438,498,13438,0,0,0,0,4651,-26560,10326,6,4480,0,129,0,0,0,0,0,0,0,0,0,31082107,2018,0.43,1128.27,3533.74,0,54.2,97.4,68.1,34.2,65.2,525.6,37.8,606.4,162.9,165.3,1044.5,365038,5146,12.74,89.4,1510,2.62,1.15,31.9,41.3,65,26.64,12236229,72915,78.82,3432.49,0,1200,400,720,240,4200,7500,8500,102,1.5,6000,0,0,0,0,0,72.65,30,70.7,64.57,40.9,0,0
2026-08-31T00:10:27.580000+09:00,2026-08-30T15:10:27.580000+00:00,094623,2453.1,1,0,0,0,0,13438,497,13438,0,0,0,0,4655,-28608,10326,6,4480,0,129,0,0,0,0,0,0,0,0,0,31082107,2018,0.45,1056.25,3509.32,0,54.2,97.3,68.2,34.2,65.3,525.4,36.9,606.5,163.8,166.3,1073.2,365038,5146,12.71,89.7,1500,2.61,1.15,31.8,41.1,65,26.49,12236233,72915,79.57,3432.49,0,1200,400,720,240,4200,7500,8500,102,1.5,6000,0,0,0,0,0,73.14,30,69.19,64.73,40.8,0,0
2026-08-31T00:11:27.675000+09:00,2026-08-30T15:11:27.675000+00:00,094623,2301.7,1,0,0,0,0,13438,497,13438,0,0,0,0,4655,-26560,10326,6,4481,0,129,0,0,0,0,0,0,0,0,0,31082107,2018,0.49,1048.92,3350.63,0,54.1,98.5,68.3,34.1,65.4,527.4,37.5,605,163.3,166,1039.1,365038,5146,12.77,89.9,1500,2.61,1.15,31.4,42.1,65,26.63,12236238,72915,79.95,3432.49,0,1200,400,720,240,4200,7500,8500,102,1.5,6000,0,0,0,0,0,73.89,30,72.73,64.9,40.8,0,0
2026-08-31T00:12:27.754000+09:00,2026-08-30T15:12:27.754000+00:00,094623,2460.4,1,0,0,0,0,13438,497,13438,0,0,0,0,4655,-28608,10326,590,4480,8192,129,0,0,0,0,0,0,0,0,0,31082107,2018,0.49,1155.13,3615.53,0,54.1,98.7,68.2,34.2,65.3,526.6,37.4,603.7,163.6,165.9,1017.1,365039,5147,12.86,90,1500,2.62,1.15,31.8,40.7,65,25.76,12236242,72915,79.95,3432.49,0,1200,400,720,240,4200,7500,8500,102,1.5,6000,0,0,0,0,0,74.02,30,74.3,65.11,40.8,0,0
2026-08-31T00:13:27.867000+09:00,2026-08-30T15:13:27.867000+00:00,094623,2448.2,1,0,0,0,0,13438,497,13438,0,0,0,0,4655,-28608,12374,6,4480,0,129,0,0,0,0,0,0,0,0,0,31082107,2018,0.5,1155.13,3603.32,0,54,98.3,68.2,34.1,65.4,525.8,37.3,606.8,165,167.6,1061.5,365039,5147,12.75,90.5,1500,2.61,1.15,31.7,40.4,65,26.39,12236247,72915,80.09,3432.5,0,1200,400,720,240,4200,7500,8500,102,1.5,6000,0,0,0,0,0,74.32,30,73.95,66.92,40.8,0,0
2026-08-31T00:14:27.969000+09:00,2026-08-30T15:14:27.969000+00:00,094623,2368.8,1,0,0,0,0,13438,498,13438,0,0,0,0,4651,-28608,10326,6,4480,0,129,0,0,0,0,0,0,0,0,0,31082107,2018,0.48,1091.65,3460.49,0,54.1,98,68.2,34.1,65.4,528,37.4,605.9,164.5,167,1066.2,365039,5147,12.7,91,1510,2.63,1.14,31.4,41.3,65,26.6,12236251,72915,78.24,3432.5,0,1200,400,720,240,4200,7500,8500,102,1.5,6000,0,0,0,0,0,74.67,30,73.35,69.68,40.9,0,0
2026-08-31T00:15:28.057000+09:00,2026-08-30T15:15:28.057000+00:00,094623,2445.8,1,0,0,0,0,13438,497,13438,0,0,0,0,4655,-28608,10326,6,4480,0,129,0,0,0,0,0,0,0,0,0,31082107,2018,0.47,1124.61,3570.36,0,54.2,98,68.2,34.1,65.4,526.3,37.3,605,164.7,166.8,1019.9,365039,5147,12.69,90.5,1500,2.61,1.15,31.8,40.9,65,26.65,12236256,72915,79.08,3432.5,0,1200,400,720,240,4200,7500,8500,102,1.5,6000,0,0,0,0,0,74.91,30,73.29,69.24,40.9,0,0
2026-08-31T00:16:28.158000+09:00,2026-08-30T15:16:28.158000+00:00,094623,2335.9,1,0,0,0,0,13438,495,13438,0,0,0,0,4651,-28608,10326,6,4480,0,129,0,0,0,0,0,0,0,0,0,31082107,2018,0.45,1097.75,3433.64,0,54.2,98.2,68.2,34.1,65.5,527.8,37,605.6,164.9,167.2,1052.6,365039,5147,12.39,89.9,1500,2.61,1.14,31.1,41,65,26.67,12236260,72915,80.09,3432.5,0,1200,400,720,240,4200,7500,8500,102,1.5,6000,0,0,0,0,0,75.15,30,73.99,67.57,40.8,0,0
2026-08-31T00:17:28.253000+09:00,2026-08-30T15:17:28.253000+00:00,094623,2361.5,1,0,0,0,0,13438,495,13438,0,0,0,0,4655,-28608,10326,590,4480,8192,129,0,0,0,0,0,0,0,0,0,31082107,2018,0.45,1074.56,3436.08,0,54.3,98,68.2,34.1,65.4,529.3,37.3,603,163.2,165.2,1027.8,365040,5148,12.39,89.4,1500,2.61,1.16,31.6,42,65,26.51,12236264,72915,78.5,3432.5,0,1200,400,720,240,4200,7500,8500,102,1.5,6000,0,0,0,0,0,75.44,30,73.56,65.5,40.8,0,0
2026-08-31T00:18:28.350000+09:00,2026-08-30T15:18:28.350000+00:00,094623,2486.0,1,0,0,0,0,13438,497,13438,0,0,0,0,4655,-28608,18518,6,4480,528,129,0,0,0,0,0,0,0,0,0,31082107,2018,0.47,1105.08,3591.11,0,54.3,98.2,68.1,34.2,65.4,526.9,36.7,604.1,165.3,167.3,1043.9,365040,5148,12.71,89.4,1510,2.61,1.15,31.8,40.9,65,26.57,12236269,72915,79.33,3432.5,0,1200,400,720,240,4200,7500,8500,102,1.5,6000,0,0,0,0,0,75.41,30,74.39,64.71,40.8,0,0
2026-08-31T00:19:28.450000+09:00,2026-08-30T15:19:28.450000+00:00,094623,2359.1,1,0,0,0,0,13438,497,13438,0,0,0,0,4655,-26560,10262,6,4480,0,129,0,0,0,0,0,0,0,0,0,31082107,2018,0.48,1089.21,3448.29,0,54.3,98.1,68,34.2,65.5,528.5,36.7,604.8,163.2,164.9,1035,365040,5148,12.75,89.6,1500,2.62,1.16,31.5,41.8,65,26.24,12236273,72915,77.42,3432.5,0,1200,400,720,240,4200,7500,8500,102,1.5,6000,0,0,0,0,0,75.19,30,74.48,64.53,40.8,0,0
2026-08-31T00:20:28.560000+09:00,2026-08-30T15:20:28.560000+00:00,094623,2484.8,1,0,0,0,0,13438,497,13438,0,0,0,0,4651,-28608,10326,518,4480,0,129,0,0,0,0,0,0,0,0,0,31082107,2018,0.48,1171,3655.81,0,54.2,98.1,68,34.2,65.4,526.3,36.7,609,163.7,165.5,1084.1,365040,5148,12.74,90.8,1510,2.61,1.15,31.7,40.6,65,25.94,12236278,72915,77.83,3432.5,0,1200,400,720,240,4200,7500,8500,102,1.5,6000,0,0,0,0,0,75.19,30,74.59,68.27,40.8,0,0
2026-08-31T00:21:28.660000+09:00,2026-08-30T15:21:28.660000+00:00,094623,2305.4,1,0,0,0,0,13438,497,13438,0,0,0,0,4655,-28608,10390,582,20864,8,129,0,0,0,0,0,0,0,0,0,31082107,2018,0.44,981.78,3287.15,0,54.2,98.2,68.1,34.2,65.4,530.4,36.6,609.1,162.7,165,1062.4,365040,5148,12.71,90.5,1500,2.62,1.14,31,42.1,65,26.64,12236282,72915,80.73,3432.51,0,1200,400,720,240,4200,7500,8500,102,1.5,6000,0,0,0,0,0,75.53,30,75.09,68.9,40.8,0,0
2026-08-31T00:22:28.746000+09:00,2026-08-30T15:22:28.746000+00:00,094623,2427.4,1,0,0,0,0,13438,496,13438,0,0,0,0,4651,-28608,10326,6,4480,0,129,0,0,0,0,0,0,0,0,0,31082107,2018,0.42,1177.1,3604.54,0,54.3,97.5,68.1,34.1,65.3,527.4,36.4,609.7,162.4,164.6,1059.4,365040,5148,12.73,89.3,1500,2.59,1.15,31.5,40.8,65,26.56,12236286,72915,80.17,3432.51,0,1200,400,720,240,4200,7500,8500,102,1.5,6000,0,0,0,0,0,75.62,30,72.85,64.91,40.8,0,0
2026-08-31T00:23:28.846000+09:00,2026-08-30T15:23:28.846000+00:00,094623,2541.0,1,0,0,0,0,13438,497,13438,0,0,0,0,4655,-28608,18534,6,12676,528,129,0,0,0,0,0,0,0,0,0,31082107,2018,0.44,1129.49,3670.46,0,54.2,96.8,68,34.1,65.3,526.4,37.1,611.9,164.6,166.8,1066.3,365041,5149,12.75,89.3,1510,2.62,1.15,32,40.7,65,26.31,12236291,72915,78.3,3432.51,0,1200,400,720,240,4200,7500,8500,102,1.5,6000,0,0,0,0,0,75.54,30,69.36,63.93,40.8,0,0
2026-08-31T00:24:28.930000+09:00,2026-08-30T15:24:28.930000+00:00,094623,2451.9,1,0,0,0,0,13438,496,13438,0,0,0,0,4651,-28608,10326,6,4480,0,129,0,0,0,0,0,0,0,0,0,31082107,2018,0.48,1081.88,3533.74,0,54.1,97.9,67.9,34.1,65.4,527.2,38.4,611.4,164.9,167.3,1035.9,365041,5149,12.75,90.1,1500,2.63,1.14,31.2,40.6,65,26.67,12236295,72915,77.12,3432.51,0,1200,400,720,240,4200,7500,8500,102,1.5,6000,0,0,0,0,0,75.09,30,71.62,65.81,40.7,0,0
2026-08-31T00:25:29.052000+09:00,2026-08-30T15:25:29.052000+00:00,094623,2481.2,1,0,0,0,0,13438,497,13438,0,0,0,0,4651,-28608,10326,590,4480,8192,129,0,0,0,0,0,0,0,0,0,31082107,2018,0.5,1077,3558.15,0,54.1,98.5,67.9,34.1,65.4,528.6,38,612.8,164.8,167,1005.8,365041,5149,12.85,91.3,1510,2.62,1.15,31.6,41.1,65,26.27,12236300,72915,79.32,3432.51,0,1200,400,720,240,4200,7500,8500,102,1.5,6000,0,0,0,0,0,75,30,73.83,70.72,40.7,0,0
2026-08-31T00:26:29.140000+09:00,2026-08-30T15:26:29.140000+00:00,094623,2477.5,1,0,0,0,0,13438,497,13438,0,0,0,0,4651,-28608,12374,6,4512,72,129,0,0,0,0,0,0,0,0,0,31082107,2018,0.45,1179.54,3657.03,0,54.2,98.7,68,34.1,65.4,527.1,38.3,612.4,165.1,167.5,1056.3,365041,5149,12.75,90.1,1500,2.62,1.15,31.7,40.6,65,26.54,12236304,72915,81.04,3432.51,0,1200,400,720,240,4200,7500,8500,102,1.5,6000,0,0,0,0,0,75.16,30,75.48,68.09,40.7,0,0
2026-08-31T00:27:29.250000+09:00,2026-08-30T15:27:29.250000+00:00,094623,2411.6,1,0,0,0,0,13438,494,13438,0,0,0,0,4651,-28608,10326,518,4480,0,129,0,0,0,0,0,0,0,0,0,31082107,2018,0.43,1169.77,3581.35,0,54.2,97.9,68.1,34.1,65.4,528.4,37.6,612.1,164.5,166.7,1014.6,365041,5149,12.63,89.5,1490,2.6,1.17,31.7,41.5,65,26.37,12236309,72915,80.33,3432.51,0,1200,400,720,240,4200,7500,8500,102,1.5,6000,0,0,0,0,0,75.38,30,73.42,65.57,40.7,0,0
2026-08-31T00:28:29.328000+09:00,2026-08-30T15:28:29.328000+00:00,094623,2455.5,1,0,0,0,0,13438,494,13438,0,0,0,0,4651,-28608,18518,590,4480,8720,129,0,0,0,0,0,0,0,0,0,31082107,2018,0.44,1085.54,3541.06,0,54.3,97.4,68,34.2,65.4,528.1,37.4,611.2,163.8,165.8,1028.8,365041,5149,12.69,89.3,1500,2.61,1.15,31.6,41.3,65,25.67,12236313,72915,79.47,3432.51,0,1200,400,720,240,4200,7500,8500,102,1.5,6000,0,0,0,0,0,75.21,30,71.39,64.24,40.7,0,0
2026-08-31T00:29:29.466000+09:00,2026-08-30T15:29:29.466000+00:00,094623,2357.9,1,0,0,0,0,13438,494,13438,0,0,0,0,4651,-28608,10326,6,4480,0,129,0,0,0,0,0,0,0,0,0,31082107,2018,0.44,1062.35,3420.21,0,54.2,97.2,68,34.2,65.3,530.4,36.6,610.7,163.3,165.2,1013.3,365042,5150,12.93,90,1500,2.61,1.14,31.1,41.7,65,26.53,12236317,72915,77.19,3432.52,0,1200,400,720,240,4200,7500,8500,102,1.5,6000,0,0,0,0,0,75.15,30,69.51,65.62,40.8,0,0
2026-08-31T00:30:29.554000+09:00,2026-08-30T15:30:29.554000+00:00,094623,2427.4,1,0,0,0,0,13438,496,13438,0,0,0,0,4651,-28608,10326,6,4480,0,129,0,0,0,0,0,0,0,0,0,31082107,2018,0.45,1057.47,3484.91,0,54.2,97.7,67.9,34.2,65.2,529,37.4,611.5,163,164.8,1037.4,365042,5150,12.75,91.2,1500,2.61,1.15,31.5,41.5,65,26.7,12236322,72915,79.75,3432.52,0,1200,400,720,240,4200,7500,8500,102,1.5,6000,0,0,0,0,0,74.8,30,70.29,70.18,40.7,0,0
2026-08-31T00:31:29.646000+09:00,2026-08-30T15:31:29.646000+00:00,094623,2405.5,1,0,0,0,0,13438,498,13438,0,0,0,0,4651,-28608,12374,590,4512,8264,129,0,0,0,0,0,0,0,0,0,31082107,2018,0.44,1089.21,3494.67,0,54.2,98.2,67.9,34.2,65.2,529.3,37.3,611.4,163.5,165.6,1045.7,365042,5150,12.67,90.1,1500,2.62,1.15,31.3,41.6,65,25.95,12236326,72915,81.22,3432.52,0,1200,400,720,240,4200,7500,8500,102,1.5,6000,0,0,0,0,0,74.71,30,71.72,67.99,40.7,0,0
2026-08-31T00:32:29.748000+09:00,2026-08-30T15:32:29.748000+00:00,094623,2467.7,1,0,0,0,0,13438,496,13438,0,0,0,0,4651,-28608,10326,6,4480,0,129,0,0,0,0,0,0,0,0,0,31082107,2018,0.44,1123.39,3591.11,0,54.2,98.4,67.9,34.2,65.3,527.6,37.7,612.4,163.5,165.4,1073.8,365042,5150,12.77,89.2,1500,2.61,1.15,31.5,40.9,65,26.52,12236331,72915,78.37,3432.52,0,1200,400,720,240,4200,7500,8500,102,1.5,6000,0,0,0,0,0,74.56,30,72.82,64.64,40.7,0,0
2026-08-31T00:33:29.839000+09:00,2026-08-30T15:33:29.839000+00:00,094623,2523.9,1,0,0,0,0,13438,497,13438,0,0,0,0,4655,-28608,18518,6,4480,528,129,0,0,0,0,0,0,0,0,0,31082107,2018,0.45,1181.98,3705.86,0,54.2,98.2,67.9,34.2,65.3,527.6,36.9,614.4,164.3,166.7,1038.7,365042,5150,12.86,89.4,1500,2.61,1.15,31.6,40.5,65,26.57,12236335,72915,77.02,3432.52,0,1200,400,720,240,4200,7500,8500,102,1.5,6000,0,0,0,0,0,74.47,30,72.73,64.19,40.7,0,0
2026-08-31T00:34:29.925000+09:00,2026-08-30T15:34:29.925000+00:00,094623,2462.8,1,0,0,0,0,13438,495,13438,0,0,0,0,4651,-28608,10326,6,4480,0,129,0,0,0,0,0,0,0,0,0,31082107,2018,0.47,1147.8,3610.64,0,54.2,98,67.9,34.2,65.3,528.9,37.5,611.5,160.6,162,1075.5,365042,5150,12.82,89.9,1500,2.6,1.16,31.7,41.4,65,26.59,12236339,72915,78.99,3432.52,0,1200,400,720,240,4200,7500,8500,102,1.5,6000,0,0,0,0,0,74.21,30,72.15,65.01,40.7,0,0
2026-08-31T00:35:30.022000+09:00,2026-08-30T15:35:30.022000+00:00,094623,2377.4,1,0,0,0,0,13438,503,13438,0,0,0,0,4655,-26560,10326,6,4992,0,129,0,0,0,0,0,0,0,0,0,31082107,2018,0.47,978.12,3355.51,0,54.2,98,68,34.2,65.4,528.4,37,611.3,162.6,164.4,1054.2,365043,5151,12.8,90.3,1520,2.66,1.11,29.3,38.5,65,24.13,12236344,72915,78.54,3432.52,0,1200,400,720,240,4200,7500,8500,102,1.5,6000,0,0,0,0,0,72.88,30,70.58,64.75,40.7,0,0
2026-08-31T00:36:30.118000+09:00,2026-08-30T15:36:30.118000+00:00,094623,969.6,1,0,0,0,0,13438,494,13438,0,0,0,0,4655,-26560,12374,590,5024,8264,129,0,0,0,0,0,0,0,0,0,31082107,2018,0.44,466.63,1436.2,0,53.9,97.1,68.2,34.2,64.9,531.1,38.1,597,148.8,149.8,1024.3,365043,5151,12.8,91.5,1490,2.67,1.1,22.5,40.6,65,10.32,12236346,72915,66.7,3432.53,0,1200,400,720,240,4200,7500,8500,102,1.5,6000,0,0,0,0,0,65.77,30,59.71,61.16,40.7,0,0
2026-08-31T00:37:30.204000+09:00,2026-08-30T15:37:30.204000+00:00,094623,838.7,1,0,0,0,0,13438,492,13438,0,0,0,0,4651,-28608,10326,6,4992,0,129,0,0,0,0,0,0,0,0,0,31082107,2018,0.3,532.55,1371.2,0,53.6,97.9,68.3,34.2,63.9,524.8,37.8,591.4,141.8,142.6,1027.6,365043,5151,12.86,91.9,1480,2.67,1.11,22.6,41.3,65,11.23,12236348,72915,72.33,3432.53,0,1200,400,720,240,4200,7500,8500,102,1.5,6000,0,0,0,0,0,66.51,30,60.69,66.22,40.7,0,0
2026-08-31T00:38:30.293000+09:00,2026-08-30T15:38:30.293000+00:00,094623,1680.0,1,0,0,0,0,13438,498,13438,0,0,0,0,4655,-28608,18582,590,20864,8720,129,0,0,0,0,0,0,0,0,0,31082107,2018,0.37,1074.56,2754.6,0,53.5,98.8,68,34.2,63.5,518.9,38.6,598.5,149.3,151.9,1045.9,365043,5151,12.81,88.5,1500,2.64,1.15,31.4,44.9,65,26,12236352,72915,70.97,3432.53,0,1200,400,720,240,4200,7500,8500,102,1.5,6000,0,0,0,0,0,75.32,30,73.61,64.86,40.7,0,0
2026-08-31T00:39:30.391000+09:00,2026-08-30T15:39:30.391000+00:00,094623,1655.6,1,0,0,0,0,13438,495,13438,0,0,0,0,4651,-28608,10326,6,4480,0,129,0,0,0,0,0,0,0,0,0,31082107,2018,0.39,1053.8,2709.43,0,53.4,97.9,67.5,34.2,64,525.6,37.8,600.7,154.4,158.5,1035.8,365043,5151,12.69,88.1,1500,2.62,1.16,31.3,45.7,65,26.57,12236356,72915,74.73,3432.53,0,1200,400,720,240,4200,7500,8500,102,1.5,6000,0,0,0,0,0,73.42,30,71.82,60.88,40.7,0,0
2026-08-31T00:40:30.476000+09:00,2026-08-30T15:40:30.476000+00:00,094623,1767.9,1,0,0,0,0,13438,496,13438,0,0,0,0,4655,-28608,10390,6,20864,0,129,0,0,0,0,0,0,0,0,0,31082107,2018,0.44,979.34,2747.28,0,53.3,96.9,67,34.2,64.2,526,38.1,603.2,157.2,161.2,1032.5,365043,5151,12.69,89.5,1500,2.62,1.14,31.1,44.8,65,26.64,12236361,72915,75.54,3432.53,0,1200,400,720,240,4200,7500,8500,102,1.5,6000,0,0,0,0,0,70.83,30,67.81,63.46,40.7,0,0
2026-08-31T00:41:30.575000+09:00,2026-08-30T15:41:30.575000+00:00,094623,1815.9,1,0,0,0,0,13438,497,13438,0,0,0,0,4651,-28608,12374,6,4512,72,129,0,0,0,0,0,0,0,0,0,31082107,2018,0.48,1147.8,2963.65,0,53.3,98,67,34.2,64.3,526,38.9,606.1,158.6,162.3,1054.7,365044,5152,12.69,90.6,1500,2.63,1.15,31.2,43.8,65,26.41,12236365,72915,76.47,3432.53,0,1200,400,720,240,4200,7500,8500,102,1.5,6000,0,0,0,0,0,69.33,30,70.12,66.98,40.7,0,0
2026-08-31T00:42:30.672000+09:00,2026-08-30T15:42:30.672000+00:00,094623,1840.3,1,0,0,0,0,13438,496,13438,0,0,0,0,4655,-28608,10342,6,12676,0,129,0,0,0,0,0,0,0,0,0,31082107,2018,0.45,1086.76,2927.03,0,53.4,99,67.5,34.2,64.4,526.6,38.9,603.2,160,164,1061.2,365044,5152,12.77,90.5,1500,2.62,1.15,31.2,43.8,65,26.4,12236369,72915,79.44,3432.53,0,1200,400,720,240,4200,7500,8500,102,1.5,6000,0,0,0,0,0,69.61,30,73.96,67.8,40.7,0,0
2026-08-31T00:43:30.748000+09:00,2026-08-30T15:43:30.748000+00:00,094623,1787.5,1,0,0,0,0,13438,496,13438,0,0,0,0,4651,-28608,18518,518,4480,528,129,0,0,0,0,0,0,0,0,0,31082107,2018,0.42,1062.35,2849.82,0,53.5,97.8,67.9,34.2,64.5,528.6,38.1,605.1,159.3,162.9,1033,365044,5152,12.69,89.6,1500,2.63,1.15,31,44.8,65,26.33,12236374,72915,80.41,3432.53,0,1200,400,720,240,4200,7500,8500,102,1.5,6000,0,0,0,0,0,70.31,30,71.14,65.01,40.7,0,0
2026-08-31T00:44:30.860000+09:00,2026-08-30T15:44:30.860000+00:00,094623,1895.2,1,0,0,0,0,13438,496,13438,0,0,0,0,4655,-28608,10326,6,4480,0,129,0,0,0,0,0,0,0,0,0,31082107,2018,0.44,1142.92,3038.12,0,53.7,97.2,68,34.1,64.6,526.7,37.7,607,160.8,164.5,1051.1,365044,5152,12.69,89.2,1500,2.61,1.15,31.3,43.2,65,26.65,12236378,72915,77.65,3432.54,0,1200,400,720,240,4200,7500,8500,102,1.5,6000,0,0,0,0,0,70.53,30,68.31,62.8,40.6,0,0
2026-08-31T00:45:30.952000+09:00,2026-08-30T15:45:30.952000+00:00,094623,1969.7,1,0,0,0,0,13438,495,13438,0,0,0,0,4655,-28608,10326,6,4480,0,129,0,0,0,0,0,0,0,0,0,31082107,2018,0.47,1224.71,3194.37,0,53.7,97.8,68.2,34.1,64.7,525.8,37.8,608.7,161.5,165.2,1077.1,365044,5152,12.75,89.6,1500,2.61,1.15,31.4,42.4,65,26.61,12236383,72915,76.49,3432.54,0,1200,400,720,240,4200,7500,8500,102,1.5,6000,0,0,0,0,0,71.26,30,69.42,63.24,40.7,0,0
2026-08-31T00:46:31.052000+09:00,2026-08-30T15:46:31.052000+00:00,094623,2024.6,1,0,0,0,0,13438,495,13438,0,0,0,0,4655,-28608,12374,6,4512,72,129,0,0,0,0,0,0,0,0,0,31082107,2018,0.48,1211.28,3235.88,0,53.7,98,68.4,34.1,64.8,526,38.4,608.8,162.2,165.8,1028.9,365044,5152,12.64,89.9,1490,2.61,1.15,31.6,42.3,65,26.36,12236387,72915,78.69,3432.54,0,1200,400,720,240,4200,7500,8500,102,1.5,6000,0,0,0,0,0,72.3,30,69.85,63.65,40.7,0,0
2026-08-31T00:47:31.166000+09:00,2026-08-30T15:47:31.166000+00:00,094623,1925.7,1,0,0,0,0,13438,497,13438,0,0,0,0,4651,-28608,10326,6,4480,0,129,0,0,0,0,0,0,0,0,0,31082107,2018,0.5,1095.31,3021.03,0,53.7,98,68.6,34.1,64.8,528.4,38.6,609.1,160.8,164.6,1045.2,365045,5153,12.63,90.1,1500,2.61,1.15,31.3,43.6,65,26.6,12236391,72915,77.74,3432.54,0,1200,400,720,240,4200,7500,8500,102,1.5,6000,0,0,0,0,0,73.74,30,69.91,64.24,40.6,0,0
2026-08-31T00:48:31.272000+09:00,2026-08-30T15:48:31.272000+00:00,094623,2044.1,1,0,0,0,0,13438,495,13438,0,0,0,0,4651,-28608,18518,6,4480,0,129,0,0,0,0,0,0,0,0,0,31082107,2018,0.53,1294.29,3338.42,0,53.7,98.1,68.6,34.1,64.8,526.2,37.6,610.1,161.2,165.3,1065.8,365045,5153,12.73,91.3,1490,2.61,1.15,31.5,41.6,65,26.51,12236396,72915,79.44,3432.54,0,1200,400,720,240,4200,7500,8500,102,1.5,6000,0,0,0,0,0,74.59,30,70.19,68.63,40.6,0,0
2026-08-31T00:49:31.363000+09:00,2026-08-30T15:49:31.363000+00:00,094623,2020.9,1,0,0,0,0,13438,495,13438,0,0,0,0,4655,-28608,10326,6,4480,0,129,0,0,0,0,0,0,0,0,0,31082107,2018,0.49,1128.27,3149.2,0,53.8,98.6,68.6,34.1,64.9,528,37.8,608.9,159.4,163.3,1061,365045,5153,12.34,90.6,1500,2.61,1.15,31.4,42.8,65,26.56,12236400,72915,80.71,3432.54,0,1200,400,720,240,4200,7500,8500,102,1.5,6000,0,0,0,0,0,75.49,30,72.31,68.19,40.6,0,0
2026-08-31T00:50:31.433000+09:00,2026-08-30T15:50:31.433000+00:00,094623,2103.9,1,0,0,0,0,13438,496,13438,0,0,0,0,4651,-28608,10326,6,4480,0,129,0,0,0,0,0,0,0,0,0,31082107,2018,0.46,1149.02,3252.97,0,54,99,68.5,34.1,65,526.9,37.6,613,158.9,163.6,1077.9,365045,5153,12.63,89.8,1500,2.61,1.14,31.4,41.6,65,26.63,12236405,72915,79.87,3432.54,0,1200,400,720,240,4200,7500,8500,102,1.5,6000,0,0,0,0,0,76.01,30,74.95,66.17,40.6,0,0
2026-08-31T00:51:31.530000+09:00,2026-08-30T15:51:31.530000+00:00,094623,1947.7,1,0,0,0,0,13438,497,13438,0,0,0,0,4651,-28608,12374,6,4512,72,129,0,0,0,0,0,0,0,0,0,31082107,2018,0.44,1134.37,3082.06,0,54.1,97.7,68.2,34.1,65,529.7,37.3,611.7,158.3,162.4,1027.7,365045,5153,12.67,89.4,1510,2.62,1.15,31.1,43.5,65,26.28,12236409,72915,79.85,3432.54,0,1200,400,720,240,4200,7500,8500,102,1.5,6000,0,0,0,0,0,75.69,30,71.65,64.35,40.7,0,0
2026-08-31T00:52:31.637000+09:00,2026-08-30T15:52:31.637000+00:00,094623,1934.3,1,0,0,0,0,13438,494,13438,0,0,0,0,4655,-28608,10326,518,4480,0,129,0,0,0,0,0,0,0,0,0,31082107,2018,0.45,964.69,2898.95,0,54.1,97.2,67.9,34.1,64.8,532.5,37.5,610.1,157.5,161.2,1026.7,365045,5153,12.48,90.4,1490,2.61,1.16,30.9,44.2,65,26.07,12236414,72915,77.06,3432.55,0,1200,400,720,240,4200,7500,8500,102,1.5,6000,0,0,0,0,0,74.73,30,68.85,66.79,40.6,0,0
2026-08-31T00:53:31.735000+09:00,2026-08-30T15:53:31.735000+00:00,094623,2183.3,1,0,0,0,0,13438,497,13438,0,0,0,0,4651,-28608,10326,6,4480,0,129,0,0,0,0,0,0,0,0,0,31082107,2018,0.47,1269.88,3453.17,0,54.1,98.5,67.7,34.1,64.8,526.3,36.6,610.4,157.8,161.7,1047.8,365046,5154,12.7,91,1500,2.61,1.16,32.3,42.2,65,26.57,12236418,72915,81.4,3432.55,0,1200,400,720,240,4200,7500,8500,102,1.5,6000,0,0,0,0,0,73.88,30,72.63,70.19,40.6,0,0
2026-08-31T00:54:31.865000+09:00,2026-08-30T15:54:31.865000+00:00,094623,2056.3,1,0,0,0,0,13438,497,13438,0,0,0,0,4651,-28608,10326,6,4480,0,129,0,0,0,0,0,0,0,0,0,31082107,2018,0.42,1098.97,3155.31,0,54.2,98.8,68,34.1,65,529,37.2,609.6,157.9,162.2,1045.7,365046,5154,12.74,89.3,1500,2.61,1.15,31.2,42.9,65,26.63,12236422,72915,80.97,3432.55,0,1200,400,720,240,4200,7500,8500,102,1.5,6000,0,0,0,0,0,74.6,30,75.06,65.12,40.6,0,0
2026-08-31T00:55:31.918000+09:00,2026-08-30T15:55:31.918000+00:00,094623,2282.2,1,0,0,0,0,13438,496,13438,0,0,0,0,4655,-26560,10326,6,4480,0,129,0,0,0,0,0,0,0,0,0,31082107,2018,0.42,1078.22,3360.39,0,54.2,97,68,34.1,65.1,523.9,38.2,609.6,159.5,164.2,1031.6,365046,5154,12.26,89.6,1500,2.61,1.14,31.9,41.5,65,26.42,12236427,72915,78.99,3432.55,0,1200,400,720,240,4200,7500,8500,102,1.5,6000,0,0,0,0,0,74.69,30,69.16,65.21,40.7,0,0
2026-08-31T00:56:32.016000+09:00,2026-08-30T15:56:32.016000+00:00,094623,2295.6,1,0,0,0,0,13438,495,13438,0,0,0,0,4655,-26560,12374,6,4512,8,129,0,0,0,0,0,0,0,0,0,31082107,2018,0.47,1118.5,3414.11,0,54.2,98.3,68.1,34.1,65.3,523.2,38,610.7,162.4,167.1,1011.4,365046,5154,12.76,89.8,1490,2.61,1.16,32.2,42,65,25.65,12236431,72915,77.97,3432.55,0,1200,400,720,240,4200,7500,8500,102,1.5,6000,0,0,0,0,0,74.93,30,72.26,65.26,40.6,0,0
2026-08-31T00:57:32.119000+09:00,2026-08-30T15:57:32.119000+00:00,094623,2302.9,1,0,0,0,0,13438,498,13438,0,0,0,0,4655,-26560,10390,6,20864,0,129,0,0,0,0,0,0,0,0,0,31082107,2018,0.47,1223.49,3526.41,0,54.1,98.8,68.3,34.1,65.5,523.5,38.3,617,162.6,167.3,1058.3,365046,5154,12.8,90,1510,2.62,1.15,31.9,40.9,65,26.19,12236436,72915,80.88,3432.55,0,1200,400,720,240,4200,7500,8500,102,1.5,6000,0,0,0,0,0,75.98,30,75.12,66.03,40.6,0,0
2026-08-31T00:58:32.205000+09:00,2026-08-30T15:58:32.205000+00:00,094623,2161.3,1,0,0,0,0,13438,497,13438,0,0,0,0,4651,-28608,10326,6,4480,0,129,0,0,0,0,0,0,0,0,0,31082107,2018,0.46,1133.15,3294.47,0,54.1,97.6,68.4,34.1,65.4,526.7,37.2,614.7,161.8,166.2,1048.2,365046,5154,12.71,90.2,1500,2.61,1.15,31.4,42,65,26.6,12236440,72915,80.84,3432.55,0,1200,400,720,240,4200,7500,8500,102,1.5,6000,0,0,0,0,0,76.79,30,71.71,66.65,40.6,0,0
2026-08-31T00:59:32.298000+09:00,2026-08-30T15:59:32.298000+00:00,094623,2259.0,1,0,0,0,0,13438,496,13438,0,0,0,0,4655,-26560,10390,590,20864,8192,129,0,0,0,0,0,0,0,0,0,31082107,2018,0.46,1062.35,3321.33,0,54.1,97.4,68.1,34.2,65.4,526.8,37.6,614.5,161.6,165.9,1068.8,365047,5155,12.71,91.2,1500,2.61,1.14,31.5,41.7,65,26.5,12236444,72915,78.88,3432.55,0,1200,400,720,240,4200,7500,8500,102,1.5,6000,0,0,0,0,0,76.26,30,70.22,70.62,40.6,0,0
2026-08-31T01:00:32.394000+09:00,2026-08-30T16:00:32.394000+00:00,094623,2161.3,1,0,0,0,0,13438,496,13438,0,0,0,0,4651,-28608,10326,6,4480,0,129,0,0,0,0,0,0,0,0,0,31082107,2018,0.44,986.66,3147.98,0,54.2,97.9,68,34.1,65.3,528.3,37.5,614.2,158.3,161.7,1041.1,365047,5155,12.85,90.2,1500,2.61,1.15,31.2,42.9,65,26.64,12236449,72915,80.43,3432.56,0,1200,400,720,240,4200,7500,8500,102,1.5,6000,0,0,0,0,0,76.09,30,71.12,68.87,40.6,0,0
2026-08-31T01:01:32.493000+09:00,2026-08-30T16:01:32.493000+00:00,094623,2188.2,1,0,0,0,0,13438,497,13438,0,0,0,0,4655,-28608,10342,6,12676,528,129,0,0,0,0,0,0,0,0,0,31082107,2018,0.44,1007.42,3195.59,0,54.3,98.6,67.9,34.2,65.3,527.5,37.2,611.9,160.3,163.9,1034.1,365047,5155,12.9,89.1,1500,2.62,1.15,31.5,42.9,65,26.38,12236453,72915,80.61,3432.56,0,1200,400,720,240,4200,7500,8500,102,1.5,6000,0,0,0,0,0,75.74,30,73.64,64.88,40.6,0,0
2026-08-31T01:02:32.584000+09:00,2026-08-30T16:02:32.584000+00:00,094623,2405.5,1,0,0,0,0,13438,497,13438,0,0,0,0,4655,-28608,10326,6,4480,0,129,0,0,0,0,0,0,0,0,0,31082107,2018,0.46,1216.16,3621.63,0,54.3,98.4,67.7,34.1,65.4,523.5,37.1,612.6,162.2,166.7,1159.8,365047,5155,12.32,89.5,1500,2.61,1.16,32.4,41.1,65,26.73,12236458,72915,78.81,3432.56,0,1200,400,720,240,4200,7500,8500,102,1.5,6000,0,0,0,0,0,74.86,30,73.78,65.23,40.6,0,0
2026-08-31T01:03:32.665000+09:00,2026-08-30T16:03:32.665000+00:00,094623,2265.1,1,0,0,0,0,13438,498,13438,0,0,0,0,4655,-28608,10326,6,4480,0,129,0,0,0,0,0,0,0,0,0,31082107,2018,0.48,1134.37,3399.46,0,54.3,98.4,67.7,34.1,65.5,525.9,37.6,614.5,163.3,168,1060.6,365047,5155,12.22,90.1,1510,2.63,1.14,31.4,41.5,65,26.71,12236462,72915,79.51,3432.56,0,1200,400,720,240,4200,7500,8500,102,1.5,6000,0,0,0,0,0,74.46,30,74.45,66.76,40.5,0,0
2026-08-31T01:04:32.796000+09:00,2026-08-30T16:04:32.796000+00:00,094623,2318.8,1,0,0,0,0,13438,495,13438,0,0,0,0,4655,-28608,10326,6,4480,0,129,0,0,0,0,0,0,0,0,0,31082107,2018,0.5,1168.55,3487.35,0,54.2,98.2,67.7,34.1,65.4,525.8,37,610.4,162.6,166.8,1088.5,365047,5155,12.51,90.9,1500,2.6,1.15,31.9,41.5,65,26.55,12236467,72915,78.41,3432.56,0,1200,400,720,240,4200,7500,8500,102,1.5,6000,0,0,0,0,0,73.99,30,74.17,69.65,40.6,0,0
2026-08-31T01:05:32.918000+09:00,2026-08-30T16:05:32.918000+00:00,094623,2407.9,1,0,0,0,0,13438,496,13438,0,0,0,0,4655,-28608,10326,6,4480,0,129,0,0,0,0,0,0,0,0,0,31082107,2018,0.46,1211.28,3619.19,0,54.2,98.6,67.7,34.1,65.5,524,37.8,611.5,164.7,169.4,1070.7,365048,5156,12.57,90.6,1500,2.6,1.15,31.9,40.4,65,26.6,12236471,72915,82.8,3432.56,0,1200,400,720,240,4200,7500,8500,102,1.5,6000,0,0,0,0,0,73.53,30,75.94,70.11,40.6,0,0
2026-08-31T01:06:32.989000+09:00,2026-08-30T16:06:32.989000+00:00,094623,2304.1,1,0,0,0,0,13438,497,13438,0,0,0,0,4651,-28608,18518,6,4480,528,129,0,0,0,0,0,0,0,0,0,31082107,2018,0.42,1059.91,3364.06,0,54.3,97.4,67.9,34.1,65.6,526,37.5,610.5,162.9,167.6,1040.3,365048,5156,12.63,89.3,1500,2.61,1.14,31.5,41.6,65,26.54,12236475,72915,82.22,3432.56,0,1200,400,720,240,4200,7500,8500,102,1.5,6000,0,0,0,0,0,73.97,30,72.52,66.04,40.5,0,0
2026-08-31T01:07:33.074000+09:00,2026-08-30T16:07:33.074000+00:00,094623,2183.3,1,0,0,0,0,13438,496,13438,0,0,0,0,4651,-28608,10326,6,4480,0,129,0,0,0,0,0,0,0,0,0,31082107,2018,0.43,1094.09,3277.38,0,54.3,96.9,67.9,34.1,65.5,529.1,37.3,609.9,161.6,166,1045.7,365048,5156,12.74,89.3,1500,2.62,1.15,31.1,42.2,65,26.64,12236480,72915,77.3,3432.57,0,1200,400,720,240,4200,7500,8500,102,1.5,6000,0,0,0,0,0,73.84,30,69.51,64.89,40.5,0,0
2026-08-31T01:08:33.163000+09:00,2026-08-30T16:08:33.163000+00:00,094623,2206.5,1,0,0,0,0,13438,495,13438,0,0,0,0,4651,-28608,10326,6,4480,0,129,0,0,0,0,0,0,0,0,0,31082107,2018,0.46,964.69,3171.18,0,54.3,97.5,67.7,34.1,65.4,529.5,36.7,608.9,161.3,165.8,1070.2,365048,5156,12.4,90.2,1490,2.59,1.15,31,42.5,65,26.76,12236484,72915,77.32,3432.57,0,1200,400,720,240,4200,7500,8500,102,1.5,6000,0,0,0,0,0,72.88,30,70.11,67.2,40.5,0,0
2026-08-31T01:09:33.247000+09:00,2026-08-30T16:09:33.247000+00:00,094623,2161.3,1,0,0,0,0,13438,495,13438,0,0,0,0,4655,-28608,12374,6,4512,72,129,0,0,0,0,0,0,0,0,0,31082107,2018,0.45,1092.87,3254.19,0,54.3,97.9,67.6,34.1,65.3,530.4,37,608.8,161,165.3,1019.6,365048,5156,12.42,90.7,1490,2.6,1.15,31,42.4,65,26.73,12236489,72915,80.2,3432.57,0,1200,400,720,240,4200,7500,8500,102,1.5,6000,0,0,0,0,0,71.93,30,70.81,69.92,40.5,0,0
2026-08-31T01:10:33.347000+09:00,2026-08-30T16:10:33.347000+00:00,094623,2299.3,1,0,0,0,0,13438,495,13438,0,0,0,0,4651,-28608,10326,6,4480,0,129,0,0,0,0,0,0,0,0,0,31082107,2018,0.43,1050.14,3349.41,0,54.3,98.1,67.7,34.1,65.3,528.2,37.1,609.6,161.4,165.8,1011.3,365048,5156,12.7,89.6,1500,2.61,1.15,31.4,41.7,65,26.6,12236493,72915,81.37,3432.57,0,1200,400,720,240,4200,7500,8500,102,1.5,6000,0,0,0,0,0,71.82,30,71.43,66.78,40.6,0,0
2026-08-31T01:11:33.433000+09:00,2026-08-30T16:11:33.433000+00:00,094623,2302.9,1,0,0,0,0,13438,496,13438,0,0,0,0,4655,-26560,18518,590,4480,8720,129,0,0,0,0,0,0,0,0,0,31082107,2018,0.43,1100.19,3403.12,0,54.2,98.2,67.8,34.1,65.4,527.1,37,610.3,163.1,167.6,1043.7,365049,5157,12.57,89.2,1500,2.62,1.14,31.3,41.1,65,26.59,12236498,72915,77.87,3432.57,0,1200,400,720,240,4200,7500,8500,102,1.5,6000,0,0,0,0,0,71.8,30,72,64.52,40.5,0,0
2026-08-31T01:12:33.541000+09:00,2026-08-30T16:12:33.541000+00:00,094623,2240.7,1,0,0,0,0,13438,497,13438,0,0,0,0,4655,-28608,10326,590,4480,8192,129,0,0,0,0,0,0,0,0,0,31082107,2018,0.45,987.88,3228.55,0,54.2,97.6,67.8,34.1,65.3,530.4,37.5,609.5,160.5,164.8,1075.4,365049,5157,12.36,89.5,1500,2.61,1.15,31.3,42.6,65,26.06,12236502,72915,78.54,3432.57,0,1200,400,720,240,4200,7500,8500,102,1.5,6000,0,0,0,0,0,71.57,30,70.15,64.48,40.5,0,0
2026-08-31T01:13:33.636000+09:00,2026-08-30T16:13:33.636000+00:00,094623,2294.4,1,0,0,0,0,13438,495,13438,0,0,0,0,4651,-28608,10326,6,4480,0,129,0,0,0,0,0,0,0,0,0,31082107,2018,0.48,1128.27,3422.65,0,54.2,97.7,67.8,34,65.3,528.5,36.5,610.3,161.5,165.8,1058.4,365049,5157,12.8,89.9,1500,2.61,1.16,31.5,41.7,65,26.61,12236506,72915,77.97,3432.57,0,1200,400,720,240,4200,7500,8500,102,1.5,6000,0,0,0,0,0,71.22,30,69.76,65,40.5,0,0
2026-08-31T01:14:33.733000+09:00,2026-08-30T16:14:33.733000+00:00,094623,2237.0,1,0,0,0,0,13438,495,13438,0,0,0,0,4655,-28608,12374,6,4512,72,129,0,0,0,0,0,0,0,0,0,31082107,2018,0.47,1029.39,3266.4,0,54.1,98,67.9,34,65.2,530.2,37.9,607.4,161.5,165.6,1065.1,365049,5157,12.64,90.9,1490,2.6,1.15,31.1,42.1,65,25.92,12236511,72915,79.64,3432.57,0,1200,400,720,240,4200,7500,8500,102,1.5,6000,0,0,0,0,0,71.31,30,70.45,68.51,40.5,0,0
2026-08-31T01:15:33.817000+09:00,2026-08-30T16:15:33.817000+00:00,094623,2293.2,1,0,0,0,0,13438,498,13438,0,0,0,0,4651,-26560,10326,6,4480,0,129,0,0,0,0,0,0,0,0,0,31082107,2018,0.46,1089.21,3382.37,0,54.1,98.1,68.1,34,65.3,528.8,38,607.8,161.5,165.7,1052.8,365049,5157,12.71,90.6,1510,2.64,1.15,31.2,41.6,65,26.66,12236515,72915,81.88,3432.58,0,1200,400,720,240,4200,7500,8500,102,1.5,6000,0,0,0,0,0,72.07,30,70.99,69.29,40.6,0,0
2026-08-31T01:16:33.920000+09:00,2026-08-30T16:16:33.920000+00:00,094623,2259.0,1,0,0,0,0,13438,496,13438,0,0,0,0,4651,-28608,18582,6,20864,528,129,0,0,0,0,0,0,0,0,0,31082107,2018,0.44,991.55,3250.53,0,54.1,98.4,68.2,34,65.2,530.3,37.1,606.9,160.8,165.1,1040.3,365049,5157,12.65,89.8,1500,2.62,1.15,31.1,42.4,65,26.43,12236520,72915,79.42,3432.58,0,1200,400,720,240,4200,7500,8500,102,1.5,6000,0,0,0,0,0,72.54,30,72.32,66.96,40.5,0,0
2026-08-31T01:17:34.028000+09:00,2026-08-30T16:17:34.028000+00:00,094623,2295.6,1,0,0,0,0,13438,495,13438,0,0,0,0,4655,-28608,10326,6,4480,0,129,0,0,0,0,0,0,0,0,0,31082107,2018,0.44,1061.13,3356.73,0,54.2,98.4,68.2,34.1,65.2,528.8,37.4,609,161.4,165.8,1059.4,365050,5158,12.46,89.4,1490,2.62,1.16,31.3,41.8,65,26.58,12236524,72915,77.49,3432.58,0,1200,400,720,240,4200,7500,8500,102,1.5,6000,0,0,0,0,0,72.72,30,72.86,64.7,40.5,0,0
2026-08-31T01:18:34.131000+09:00,2026-08-30T16:18:34.131000+00:00,094623,2466.5,1,0,0,0,0,13438,496,13438,0,0,0,0,4655,-28608,10342,6,12676,0,129,0,0,0,0,0,0,0,0,0,31082107,2018,0.46,1098.97,3565.48,0,54.2,98.2,68.2,34.1,65.3,525.8,37.7,606.7,162.8,167.7,1079.8,365050,5158,12.73,89.8,1500,2.6,1.14,31.7,40.6,65,26.43,12236528,72915,77.36,3432.58,0,1200,400,720,240,4200,7500,8500,102,1.5,6000,0,0,0,0,0,73.13,30,72.85,65.49,40.5,0,0
2026-08-31T01:19:34.247000+09:00,2026-08-30T16:19:34.247000+00:00,094623,2323.7,1,0,0,0,0,13438,496,13438,0,0,0,0,4651,-28608,12374,6,4512,72,129,0,0,0,0,0,0,0,0,0,31082107,2018,0.48,1070.89,3394.57,0,54.2,98.1,68.3,34.1,65.4,529.2,37.3,607.1,160.9,165.9,1036,365050,5158,12.74,89.9,1500,2.61,1.15,31.4,41.8,65,26.45,12236533,72915,77.96,3432.58,0,1200,400,720,240,4200,7500,8500,102,1.5,6000,0,0,0,0,0,73.79,30,72.85,65.65,40.6,0,0
2026-08-31T01:20:34.341000+09:00,2026-08-30T16:20:34.341000+00:00,094623,2323.7,1,0,0,0,0,13438,497,13438,0,0,0,0,4655,-28608,10326,590,4480,8192,129,0,0,0,0,0,0,0,0,0,31082107,2018,0.5,1013.52,3337.2,0,54.2,98.1,68.2,34,65.3,529,37.5,606.8,161.3,166.3,1046,365050,5158,12.63,90.9,1500,2.62,1.14,31.1,41.7,65,26.76,12236537,72915,77.9,3432.58,0,1200,400,720,240,4200,7500,8500,102,1.5,6000,0,0,0,0,0,73.94,30,73,69.14,40.5,0,0
2026-08-31T01:21:34.421000+09:00,2026-08-30T16:21:34.421000+00:00,094623,2239.4,1,0,0,0,0,13438,495,13438,0,0,0,0,4655,-26560,18518,590,4480,8720,129,0,0,0,0,0,0,0,0,0,31082107,2018,0.47,1056.25,3295.69,0,54.2,98.3,68.3,34,65.2,531.1,37.5,602.9,159.4,163.9,1021.1,365050,5158,12.82,90.3,1490,2.62,1.16,31.2,42.5,65,26.53,12236542,72915,79.79,3432.58,0,1200,400,720,240,4200,7500,8500,102,1.5,6000,0,0,0,0,0,74.6,30,73.74,68.66,40.5,0,0
2026-08-31T01:22:34.525000+09:00,2026-08-30T16:22:34.525000+00:00,094623,2481.2,1,0,0,0,0,13438,497,13438,0,0,0,0,4655,-28608,10326,590,4480,8192,129,0,0,0,0,0,0,0,0,0,31082107,2018,0.44,1152.68,3633.84,0,54.3,98.5,68.3,34,65.3,526.5,37.2,607,160.9,166,1023.3,365050,5158,12.91,89.6,1500,2.62,1.15,31.7,40.4,65,26.69,12236546,72915,79.82,3432.59,0,1200,400,720,240,4200,7500,8500,102,1.5,6000,0,0,0,0,0,74.98,30,75.11,66.61,40.4,0,0
2026-08-31T01:23:34.624000+09:00,2026-08-30T16:23:34.624000+00:00,094623,2453.1,1,0,0,0,0,13438,497,13438,0,0,0,0,4655,-28608,10326,6,4480,0,129,0,0,0,0,0,0,0,0,0,31082107,2018,0.44,1139.26,3592.33,0,54.3,97.8,68.4,34,65.4,526.7,37.2,606.8,161.6,166.6,1041.1,365051,5159,12.77,89.2,1500,2.61,1.15,31.5,40.5,65,26.64,12236551,72915,79.61,3432.59,0,1200,400,720,240,4200,7500,8500,102,1.5,6000,0,0,0,0,0,75.82,30,73.34,64.41,40.5,0,0
2026-08-31T01:24:34.719000+09:00,2026-08-30T16:24:34.719000+00:00,094623,2315.1,1,0,0,0,0,13438,495,13438,0,0,0,0,4655,-28608,12374,6,4512,72,129,0,0,0,0,0,0,0,0,0,31082107,2018,0.44,1007.42,3322.55,0,54.3,97.1,68.3,34,65.4,530,37.1,606.7,160,164.9,1040.7,365051,5159,12.71,89.9,1500,2.6,1.16,31.2,42,65,26.28,12236555,72915,77.7,3432.59,0,1200,400,720,240,4200,7500,8500,102,1.5,6000,0,0,0,0,0,75.95,30,70.23,65.5,40.5,0,0
2026-08-31T01:25:34.803000+09:00,2026-08-30T16:25:34.803000+00:00,094623,2327.3,1,0,0,0,0,13438,497,13438,0,0,0,0,4655,-26560,10326,6,4480,0,129,0,0,0,0,0,0,0,0,0,31082107,2018,0.44,1077,3404.34,0,54.2,97.3,68.1,34,65.2,530.1,37.5,606.1,159.4,164,1030.7,365051,5159,12.81,91.2,1510,2.61,1.15,31.4,42,65,26.19,12236559,72915,79.4,3432.59,0,1200,400,720,240,4200,7500,8500,102,1.5,6000,0,0,0,0,0,75.76,30,69.69,70.48,40.5,0,0
2026-08-31T01:26:34.896000+09:00,2026-08-30T16:26:34.896000+00:00,094623,2497.0,1,0,0,0,0,13438,496,13438,0,0,0,0,4651,-28608,18518,6,4480,528,129,0,0,0,0,0,0,0,0,0,31082107,2018,0.43,1141.7,3638.72,0,54.2,98.1,68,34,65.2,526.8,37,607.1,161.2,165.9,1023.8,365051,5159,12.55,89.9,1500,2.62,1.15,31.9,40.8,65,26.5,12236564,72915,80.2,3432.59,0,1200,400,720,240,4200,7500,8500,102,1.5,6000,0,0,0,0,0,75.43,30,71.54,67.53,40.5,0,0
2026-08-31T01:27:34.990000+09:00,2026-08-30T16:27:34.990000+00:00,094623,1301.6,1,0,0,0,0,13438,494,13438,0,0,0,0,4655,-28608,10326,6,4992,0,129,0,0,0,0,0,0,0,0,0,31082107,2018,0.37,354.32,1655.93,0,54.2,98,68,34,65.3,528.9,36.6,602.6,155.5,159.4,1050.1,365051,5159,12.63,89.6,1480,2.66,0.85,24,38.8,65,12.33,12236567,72915,73.72,3432.59,0,1200,400,720,240,4200,7500,8500,102,1.5,6000,0,0,0,0,0,66.53,30,62.84,56.92,40.5,0,0
2026-08-31T01:28:35.072000+09:00,2026-08-30T16:28:35.072000+00:00,094623,918.3,1,0,0,0,0,13438,498,13438,0,0,0,0,4655,-26560,10326,6,4992,0,129,0,0,0,0,0,0,0,0,0,31082107,2018,0.44,574.05,1492.35,0,53.7,97.2,68.1,34,64.4,526,37.7,597,145.3,147.4,1071.5,365051,5159,12.36,91.4,1500,2.68,1.13,23.1,40.9,65,10.71,12236569,72915,60.67,3432.59,0,1200,400,720,240,4200,7500,8500,102,1.5,6000,0,0,0,0,0,66.52,30,58.91,62.14,40.5,0,0
2026-08-31T01:29:35.154000+09:00,2026-08-30T16:29:35.154000+00:00,094623,1438.3,1,0,0,0,0,13438,493,13438,0,0,0,0,4655,-28608,12374,590,4512,8264,129,0,0,0,0,0,0,0,0,0,31082107,2018,0.37,959.81,2398.14,0,53.5,98.4,68.1,34.1,63.7,517.6,38.1,595.2,145,147,1034.5,365052,5160,12.51,90.9,1490,2.61,1.2,30.2,46.2,65,22.9,12236572,72915,73.67,3432.59,0,1200,400,720,240,4200,7500,8500,102,1.5,6000,0,0,0,0,0,73.96,30,69.94,71.27,40.5,0,0
2026-08-31T01:30:35.237000+09:00,2026-08-30T16:30:35.237000+00:00,094623,1746.0,1,0,0,0,0,13438,496,13438,0,0,0,0,4655,-26560,10326,6,4480,0,129,0,0,0,0,0,0,0,0,0,31082107,2018,0.34,1078.22,2824.18,0,53.5,98.7,67.8,34,63.9,520.4,37.7,604.1,154.7,159.6,1035.2,365052,5160,12.87,87.9,1500,2.63,1.15,31.5,44.4,65,26.59,12236576,72915,79.36,3432.6,0,1200,400,720,240,4200,7500,8500,102,1.5,6000,0,0,0,0,0,74.97,30,74.23,62.55,40.5,0,0
2026-08-31T01:31:35.338000+09:00,2026-08-30T16:31:35.338000+00:00,094623,1755.7,1,0,0,0,0,13438,496,13438,0,0,0,0,4655,-28608,10326,582,4480,0,129,0,0,0,0,0,0,0,0,0,31082107,2018,0.41,1050.14,2805.87,0,53.4,96.6,67.4,34,64.3,523.3,38,606.9,156.4,161.7,1011.4,365052,5160,12.79,88.8,1500,2.64,1.14,31.1,43.9,65,26.69,12236580,72915,73.44,3432.6,0,1200,400,720,240,4200,7500,8500,102,1.5,6000,0,0,0,0,0,73.23,30,66.67,62.37,40.5,0,0
2026-08-31T01:32:35.425000+09:00,2026-08-30T16:32:35.425000+00:00,094623,1775.3,1,0,0,0,0,13438,496,13438,0,0,0,0,4655,-26560,10326,6,4481,0,129,0,0,0,0,0,0,0,0,0,31082107,2018,0.46,1018.4,2793.66,0,53.4,98.4,67.3,34,64.3,526.5,38.1,615.1,156.6,161.9,1062.9,365052,5160,12.74,90.3,1500,2.62,1.16,31.2,44.7,65,26.67,12236585,72915,75.43,3432.6,0,1200,400,720,240,4200,7500,8500,102,1.5,6000,0,0,0,0,0,71.85,30,71.4,66.04,40.5,0,0
2026-08-31T01:33:35.508000+09:00,2026-08-30T16:33:35.508000+00:00,094623,1892.8,1,0,0,0,0,13438,496,13438,0,0,0,0,4655,-28608,10326,518,4480,0,129,0,0,0,0,0,0,0,0,0,31082107,2018,0.45,1095.31,2988.07,0,53.5,98.9,67.3,34,64.4,525.9,38,612.2,157.5,163.2,1051.8,365052,5160,12.62,90.8,1500,2.62,1.15,31.5,43.6,65,25.92,12236589,72915,81.34,3432.6,0,1200,400,720,240,4200,7500,8500,102,1.5,6000,0,0,0,0,0,70.8,30,74.17,68.58,40.5,0,0
2026-08-31T01:34:35.609000+09:00,2026-08-30T16:34:35.609000+00:00,094623,1887.9,1,0,0,0,0,13438,497,13438,0,0,0,0,4655,-26560,12374,590,4512,8200,129,0,0,0,0,0,0,0,0,0,31082107,2018,0.42,1122.17,3010.04,0,53.7,98.3,67.5,33.9,64.6,526.7,37.2,614.2,158.6,163.7,1072.3,365052,5160,12.76,89.7,1510,2.64,1.15,31.6,44,65,26.35,12236594,72915,79.3,3432.6,0,1200,400,720,240,4200,7500,8500,102,1.5,6000,0,0,0,0,0,70.6,30,73.32,65.46,40.5,0,0
2026-08-31T01:35:35.702000+09:00,2026-08-30T16:35:35.702000+00:00,094623,1854.6,1,0,0,0,0,13438,496,13438,0,0,0,0,4651,-28608,10390,518,20864,0,129,0,0,0,0,0,0,0,0,0,31082107,2018,0.43,961.03,2815.64,0,53.8,97.8,67.8,33.9,64.6,528.8,37.9,612.4,158.2,163.1,1046,365053,5161,12.76,89.2,1500,2.63,1.15,31,44.5,65,26.47,12236598,72915,78.61,3432.6,0,1200,400,720,240,4200,7500,8500,102,1.5,6000,0,0,0,0,0,70.87,30,72.02,62.95,40.5,0,0
2026-08-31T01:36:35.815000+09:00,2026-08-30T16:36:35.815000+00:00,094623,1925.7,1,0,0,0,0,13438,496,13438,0,0,0,0,4655,-28608,10326,6,4480,0,129,0,0,0,0,0,0,0,0,0,31082107,2018,0.45,1074.56,3000.27,0,53.8,97.4,68.1,33.9,64.7,527,37.2,613.8,157,162.3,1034.5,365053,5161,12.73,89.9,1500,2.62,1.15,31.2,43.4,65,26.53,12236602,72915,76.52,3432.6,0,1200,400,720,240,4200,7500,8500,102,1.5,6000,0,0,0,0,0,71.63,30,70.12,64.41,40.4,0,0
2026-08-31T01:37:35.898000+09:00,2026-08-30T16:37:35.898000+00:00,094623,2061.2,1,0,0,0,0,13438,498,13438,0,0,0,0,4651,-26560,10342,6,12676,0,129,0,0,0,0,0,0,0,0,0,31082107,2018,0.47,1155.13,3216.35,0,53.9,97.3,68.3,33.9,64.8,525.5,37.5,615.6,158,163.8,1050.8,365053,5161,12.71,90,1510,2.63,1.15,31.7,42.1,65,26.49,12236607,72915,77.54,3432.6,0,1200,400,720,240,4200,7500,8500,102,1.5,6000,0,0,0,0,0,72.62,30,68.88,64.61,40.5,0,0
2026-08-31T01:38:35.999000+09:00,2026-08-30T16:38:35.999000+00:00,094623,1936.7,1,0,0,0,0,13438,496,13438,0,0,0,0,4651,-28608,10326,6,4480,0,129,0,0,0,0,0,0,0,0,0,31082107,2018,0.49,976.9,2913.6,0,53.9,97.7,68.7,33.9,64.9,529.5,36.9,615.7,156.7,162.6,1036.1,365053,5161,12.73,90.5,1500,2.62,1.15,31.2,44.1,65,26.61,12236611,72915,79.16,3432.61,0,1200,400,720,240,4200,7500,8500,102,1.5,6000,0,0,0,0,0,74.57,30,69.28,66.33,40.5,0,0
2026-08-31T01:39:36.105000+09:00,2026-08-30T16:39:36.105000+00:00,094623,2246.8,1,0,0,0,0,13438,497,13438,0,0,0,0,4655,-28608,12374,6,4480,0,129,0,0,0,0,0,0,0,0,0,31082107,2018,0.5,1228.37,3475.14,0,53.9,98.4,68.6,33.9,64.9,523.3,36.9,616.1,158.8,165.1,1058.4,365053,5161,12.84,91.1,1500,2.62,1.16,32.7,41.6,65,26.32,12236616,72915,80.57,3432.61,0,1200,400,720,240,4200,7500,8500,102,1.5,6000,0,0,0,0,0,75.29,30,71.32,69.48,40.5,0,0
2026-08-31T01:40:36.236000+09:00,2026-08-30T16:40:36.236000+00:00,094623,2049.0,1,0,0,0,0,13438,496,13438,0,0,0,0,4651,-28608,10326,6,4480,0,129,0,0,0,0,0,0,0,0,0,31082107,2018,0.46,1177.1,3226.11,0,54,99.2,68.7,33.9,65.2,526.2,37.3,615.8,158.9,165.1,1094.2,365053,5161,12.75,90.4,1500,2.63,1.16,31.8,42.7,65,26.49,12236620,72915,82.56,3432.61,0,1200,400,720,240,4200,7500,8500,102,1.5,6000,0,0,0,0,0,76.53,30,75.21,68.48,40.4,0,0
2026-08-31T01:41:36.322000+09:00,2026-08-30T16:41:36.322000+00:00,094623,1861.9,1,0,0,0,0,13438,494,13438,0,0,0,0,4651,-28608,10326,6,4480,0,129,0,0,0,0,0,0,0,0,0,31082107,2018,0.42,962.25,2824.18,0,54.1,97.3,68.3,33.9,65.1,531.6,36.5,613.6,156.8,162.1,1063.2,365054,5162,12.65,90,1490,2.63,1.15,30.5,44.4,65,26.55,12236625,72915,80.03,3432.61,0,1200,400,720,240,4200,7500,8500,102,1.5,6000,0,0,0,0,0,76.01,30,69.8,67.33,40.5,0,0
2026-08-31T01:42:36.420000+09:00,2026-08-30T16:42:36.420000+00:00,094623,2058.8,1,0,0,0,0,13438,496,13438,0,0,0,0,4651,-28608,10326,6,4480,0,129,0,0,0,0,0,0,0,0,0,31082107,2018,0.46,1063.57,3122.35,0,54.2,97.9,68,33.9,64.9,528.2,36.5,615.7,156.3,161.4,1048.2,365054,5162,12.81,89.6,1500,2.6,1.16,31.6,43.4,65,26.64,12236629,72915,78.44,3432.61,0,1200,400,720,240,4200,7500,8500,102,1.5,6000,0,0,0,0,0,75.47,30,70.68,65.86,40.5,0,0
2026-08-31T01:43:36.548000+09:00,2026-08-30T16:43:36.548000+00:00,094623,2232.1,1,0,0,0,0,13438,497,13438,0,0,0,0,4655,-26560,10326,590,4480,8192,129,0,0,0,0,0,0,0,0,0,31082107,2018,0.47,1210.06,3442.18,0,54.2,99,67.8,33.9,65,524,36.9,618.3,159,164.7,1093.7,365054,5162,12.86,89.8,1500,2.62,1.15,31.9,41,65,26.65,12236633,72915,80.06,3432.61,0,1200,400,720,240,4200,7500,8500,102,1.5,6000,0,0,0,0,0,74.69,30,74.7,65.97,40.4,0,0
2026-08-31T01:44:36.602000+09:00,2026-08-30T16:44:36.602000+00:00,094623,2215.0,1,0,0,0,0,13438,495,13438,0,0,0,0,4651,-28608,18518,590,4480,8720,129,0,0,0,0,0,0,0,0,0,31082107,2018,0.46,1133.15,3348.19,0,54.2,97.9,68,33.9,65.2,523.9,38,621,157.8,163.9,1093.6,365054,5162,12.55,89.6,1500,2.62,1.15,31.9,41.8,65,26.14,12236638,72915,79.66,3432.61,0,1200,400,720,240,4200,7500,8500,102,1.5,6000,0,0,0,0,0,75.07,30,72.35,64.77,40.4,0,0
2026-08-31T01:45:36.670000+09:00,2026-08-30T16:45:36.670000+00:00,094623,2134.5,1,0,0,0,0,13438,498,13438,0,0,0,0,4651,-28608,10326,6,4480,0,129,0,0,0,0,0,0,0,0,0,31082107,2018,0.46,1080.66,3215.12,0,54.2,97.3,68.1,33.9,65.3,526.5,37.2,623.3,158.5,164.6,1097.8,365054,5162,12.71,90.1,1510,2.61,1.15,31.4,42.5,65,26.6,12236642,72915,79.58,3432.62,0,1200,400,720,240,4200,7500,8500,102,1.5,6000,0,0,0,0,0,75.6,30,69.79,65.89,40.4,0,0
2026-08-31T01:46:36.753000+09:00,2026-08-30T16:46:36.753000+00:00,094623,2107.6,1,0,0,0,0,13439,497,13439,0,0,0,0,4655,-28608,10326,6,4480,0,129,0,0,0,0,0,0,0,0,0,31082107,2018,0.48,1050.14,3157.75,0,54.1,98.3,68.1,33.9,65.3,527.6,40,622.2,158.7,164.6,1037.1,365054,5162,12.76,91.5,1500,2.61,1.15,31.5,43,65,26.51,12236647,72915,79.89,3432.62,0,1200,400,720,240,4200,7500,8500,102,1.5,6000,0,0,0,0,0,75.73,30,72.34,71.28,40.4,0,0
2026-08-31T01:47:36.841000+09:00,2026-08-30T16:47:36.841000+00:00,094623,2216.2,1,0,0,0,0,13439,495,13439,0,0,0,0,4655,-28608,8278,6,4480,8,129,0,0,0,0,0,0,0,0,0,31082107,2018,0.43,1047.7,3263.95,0,54.2,99.1,68.2,33.9,65.2,525.9,38.3,621.7,158.9,164,1073.9,365055,5163,12.85,89.3,1500,2.62,1.15,31.9,42.6,65,26.64,12236651,72915,81.75,3432.62,0,1200,400,720,240,4200,7500,8500,102,1.5,6000,0,0,0,0,0,76.18,30,75.82,65.21,40.4,0,0
2026-08-31T01:48:36.931000+09:00,2026-08-30T16:48:36.931000+00:00,094623,2158.9,1,0,0,0,0,13439,495,13439,0,0,0,0,4651,-28608,10326,6,4480,0,129,0,0,0,0,0,0,0,0,0,31082107,2018,0.42,954.92,3113.8,0,54.2,97.5,68.2,33.9,65.3,525.9,37.8,624.4,159.7,164.9,1020.7,365055,5163,12.76,89.5,1500,2.62,1.15,31.5,43.2,65,26.59,12236655,72915,80.79,3432.62,0,1200,400,720,240,4200,7500,8500,102,1.5,6000,0,0,0,0,0,76.48,30,71.51,64.99,40.4,0,0
2026-08-31T01:49:37.038000+09:00,2026-08-30T16:49:37.038000+00:00,094623,2232.1,1,0,0,0,0,13439,497,13439,0,0,0,0,4651,-28608,18518,518,4480,528,129,0,0,0,0,0,0,0,0,0,31082107,2018,0.44,1191.75,3423.87,0,54.2,97.3,68.2,33.9,65.3,524.7,37.3,621.2,160.8,165.8,1031.6,365055,5163,12.76,89.7,1500,2.63,1.16,31.8,41.6,65,26.05,12236660,72915,79.16,3432.62,0,1200,400,720,240,4200,7500,8500,102,1.5,6000,0,0,0,0,0,76.89,30,69.76,65.05,40.4,0,0
2026-08-31T01:50:37.132000+09:00,2026-08-30T16:50:37.132000+00:00,094623,2305.4,1,0,0,0,0,13439,496,13439,0,0,0,0,4651,-26560,10326,6,4480,0,129,0,0,0,0,0,0,0,0,0,31082107,2018,0.48,1113.62,3418.99,0,54.1,98.8,68.1,33.9,65.4,524.4,37.8,626.1,162.5,167.4,1046.4,365055,5163,12.47,90.1,1500,2.61,1.15,32.1,41.6,65,26.5,12236664,72915,78.38,3432.62,0,1200,400,720,240,4200,7500,8500,102,1.5,6000,0,0,0,0,0,76.65,30,74.29,65.92,40.4,0,0
2026-08-31T01:51:37.225000+09:00,2026-08-30T16:51:37.225000+00:00,094623,2421.3,1,0,0,0,0,13439,496,13439,0,0,0,0,4655,-28608,10326,6,4480,0,129,0,0,0,0,0,0,0,0,0,31082107,2018,0.47,1188.08,3609.42,0,54.1,98.2,68.2,33.9,65.5,521.7,38.2,627.6,164.2,169.3,1068.2,365055,5163,12.88,90.3,1500,2.62,1.14,32.2,40.3,65,26.7,12236669,72915,80.01,3432.62,0,1200,400,720,240,4200,7500,8500,102,1.5,6000,0,0,0,0,0,77.19,30,73.66,66.74,40.4,0,0
2026-08-31T01:52:37.320000+09:00,2026-08-30T16:52:37.320000+00:00,094623,2255.3,1,0,0,0,0,13439,498,13439,0,0,0,0,4655,-26560,12438,6,20896,72,129,0,0,0,0,0,0,0,0,0,31082107,2018,0.43,976.9,3232.21,0,54.1,97.3,68.1,33.8,65.6,526.8,38.1,626.5,162.8,167.1,1070,365055,5163,12.81,91.1,1510,2.63,1.14,31.4,42.3,65,26.54,12236673,72915,80.78,3432.63,0,1200,400,720,240,4200,7500,8500,102,1.5,6000,0,0,0,0,0,77.22,30,70.49,69.99,40.3,0,0
2026-08-31T01:53:37.420000+09:00,2026-08-30T16:53:37.420000+00:00,094623,2152.8,1,0,0,0,0,13439,495,13439,0,0,0,0,4651,-28608,10326,590,4480,8192,129,0,0,0,0,0,0,0,0,0,31082107,2018,0.42,959.81,3112.58,0,54.2,97.8,68,33.9,65.5,528.2,37.6,624.3,161.3,165.3,1054.3,365056,5164,12.71,90.2,1500,2.63,1.15,31.6,43.2,65,26.35,12236678,72915,82.43,3432.63,0,1200,400,720,240,4200,7500,8500,102,1.5,6000,0,0,0,0,0,76.88,30,71.07,68.28,40.4,0,0
2026-08-31T01:54:37.509000+09:00,2026-08-30T16:54:37.509000+00:00,094623,2222.4,1,0,0,0,0,13439,496,13439,0,0,0,0,4655,-28608,18582,6,20864,528,129,0,0,0,0,0,0,0,0,0,31082107,2018,0.43,967.13,3189.49,0,54.3,98.4,67.8,33.9,65.4,527.3,36.7,625.9,161.5,165.3,1031.1,365056,5164,12.4,89.4,1500,2.6,1.15,31.4,42.5,65,26.63,12236682,72915,79.02,3432.63,0,1200,400,720,240,4200,7500,8500,102,1.5,6000,0,0,0,0,0,76.08,30,73.05,65.36,40.4,0,0
2026-08-31T01:55:37.609000+09:00,2026-08-30T16:55:37.609000+00:00,094623,2165.0,1,0,0,0,0,13439,497,13439,0,0,0,0,4655,-28608,10326,6,4480,0,129,0,0,0,0,0,0,0,0,0,31082107,2018,0.44,1058.69,3223.67,0,54.3,98.3,67.6,33.9,65.4,527.8,36.9,628.6,161.7,166.1,1034.6,365056,5164,12.28,89.4,1500,2.6,1.15,31.2,42.5,65,26.71,12236686,72915,79.44,3432.63,0,1200,400,720,240,4200,7500,8500,102,1.5,6000,0,0,0,0,0,74.93,30,73.34,64.39,40.4,0,0
2026-08-31T01:56:37.724000+09:00,2026-08-30T16:56:37.724000+00:00,094623,2300.5,1,0,0,0,0,13439,497,13439,0,0,0,0,4655,-28608,10342,6,12676,0,129,0,0,0,0,0,0,0,0,0,31082107,2018,0.46,1079.44,3379.92,0,54.3,98.1,67.5,33.9,65.4,525.8,37.1,624.2,162.8,167,1038.2,365056,5164,12.88,89.8,1500,2.61,1.14,31.5,41.4,65,26.6,12236691,72915,77.79,3432.63,0,1200,400,720,240,4200,7500,8500,102,1.5,6000,0,0,0,0,0,74.06,30,73.1,65.04,40.4,0,0
2026-08-31T01:57:37.810000+09:00,2026-08-30T16:57:37.810000+00:00,094623,2248.0,1,0,0,0,0,13439,497,13439,0,0,0,0,4651,-28608,12374,6,4512,72,129,0,0,0,0,0,0,0,0,0,31082107,2018,0.47,987.88,3235.88,0,54.3,98,67.5,33.9,65.5,527.3,37.6,627,162.9,167.1,1028.3,365056,5164,12.7,90.1,1500,2.62,1.15,31.5,42.7,65,26.4,12236695,72915,78.54,3432.63,0,1200,400,720,240,4200,7500,8500,102,1.5,6000,0,0,0,0,0,73.37,30,72.95,65.93,40.4,0,0
2026-08-31T01:58:37.898000+09:00,2026-08-30T16:58:37.898000+00:00,094623,2267.5,1,0,0,0,0,13439,496,13439,0,0,0,0,4651,-28608,10326,6,4480,0,129,0,0,0,0,0,0,0,0,0,31082107,2018,0.49,1156.35,3423.87,0,54.2,97.9,67.5,33.9,65.4,527.1,36.5,625.9,163,167,1023.7,365056,5164,12.75,91,1500,2.61,1.15,31.7,41.7,65,26.54,12236700,72915,78.75,3432.63,0,1200,400,720,240,4200,7500,8500,102,1.5,6000,0,0,0,0,0,72.56,30,72.59,69.17,40.4,0,0
2026-08-31T01:59:38.003000+09:00,2026-08-30T16:59:38.003000+00:00,094623,2331.0,1,0,0,0,0,13439,497,13439,0,0,0,0,4651,-28608,18518,6,4480,528,129,0,0,0,0,0,0,0,0,0,31082107,2018,0.46,1086.76,3417.77,0,54.2,98.1,67.8,33.9,65.4,526.7,36.4,622.7,163.4,167.6,1064.8,365057,5165,12.79,90.6,1500,2.6,1.15,31.8,41.6,65,26.55,12236704,72915,82.42,3432.64,0,1200,400,720,240,4200,7500,8500,102,1.5,6000,0,0,0,0,0,72.96,30,73.14,69.43,40.3,0,0
2026-08-31T02:00:38.096000+09:00,2026-08-30T17:00:38.096000+00:00,094623,2290.7,1,0,0,0,0,13439,495,13439,0,0,0,0,4655,-28608,10326,582,4480,0,129,0,0,0,0,0,0,0,0,0,31082107,2018,0.43,1059.91,3350.63,0,54.2,98.4,68,33.9,65.5,527.8,37.3,620.6,163.2,167.1,1087.1,365057,5165,12.86,89.4,1500,2.62,1.15,31.6,42.1,65,26.65,12236709,72915,80.2,3432.64,0,1200,400,720,240,4200,7500,8500,102,1.5,6000,0,0,0,0,0,73.42,30,74.47,65.75,40.4,0,0
2026-08-31T02:01:38.186000+09:00,2026-08-30T17:01:38.186000+00:00,094623,2235.8,1,0,0,0,0,13439,495,13439,0,0,0,0,4655,-26560,10326,6,4480,0,129,0,0,0,0,0,0,0,0,0,31082107,2018,0.43,985.44,3221.23,0,54.3,98,68,33.9,65.5,528.5,36.8,622.3,162.3,166.1,1036.9,365057,5165,12.12,89.4,1490,2.61,1.16,31.4,42.8,65,25.86,12236713,72915,79.54,3432.64,0,1200,400,720,240,4200,7500,8500,102,1.5,6000,0,0,0,0,0,73.36,30,73.63,64.62,40.3,0,0
2026-08-31T02:02:38.282000+09:00,2026-08-30T17:02:38.282000+00:00,094623,2301.7,1,0,0,0,0,13439,496,13439,0,0,0,0,4655,-26560,12374,590,4512,8264,129,0,0,0,0,0,0,0,0,0,31082107,2018,0.46,1036.71,3338.42,0,54.3,97.4,67.9,33.9,65.5,527.5,37.5,620.6,162.5,166.4,1046.6,365057,5165,12.13,89.5,1500,2.62,1.15,31.4,41.7,65,26.49,12236717,72915,78.14,3432.64,0,1200,400,720,240,4200,7500,8500,102,1.5,6000,0,0,0,0,0,73.06,30,71.33,64.07,40.3,0,0
2026-08-31T02:03:38.379000+09:00,2026-08-30T17:03:38.379000+00:00,094623,2379.8,1,0,0,0,0,13439,497,13439,0,0,0,0,4651,-28608,10326,518,4480,0,129,0,0,0,0,0,0,0,0,0,31082107,2018,0.46,1130.71,3510.54,0,54.2,97.3,67.9,33.9,65.5,525.3,37.3,622.2,163.1,167.1,1084.9,365057,5165,12.67,91.4,1500,2.62,1.15,31.9,41.1,65,26.47,12236722,72915,78.14,3432.64,0,1200,400,720,240,4200,7500,8500,102,1.5,6000,0,0,0,0,0,72.82,30,70.04,70.3,40.4,0,0
2026-08-31T02:04:38.472000+09:00,2026-08-30T17:04:38.472000+00:00,094623,2282.2,1,0,0,0,0,13439,497,13439,0,0,0,0,4655,-28608,18518,6,4480,528,129,0,0,0,0,0,0,0,0,0,31082107,2018,0.43,1009.86,3292.03,0,54.2,98.1,68,33.9,65.6,526.5,36.4,621.2,163.7,167.7,1081.4,365057,5165,12.59,90.4,1500,2.62,1.14,31.2,41.6,65,26.55,12236726,72915,81.51,3432.64,0,1200,400,720,240,4200,7500,8500,102,1.5,6000,0,0,0,0,0,73,30,71.84,68.85,40.3,0,0
2026-08-31T02:05:38.610000+09:00,2026-08-30T17:05:38.610000+00:00,094623,2226.0,1,0,0,0,0,13439,495,13439,0,0,0,0,4651,-28608,10326,6,4480,0,129,0,0,0,0,0,0,0,0,0,31082107,2018,0.42,983,3209.02,0,54.3,98.4,68.1,33.9,65.5,528.9,36.1,617.9,161.5,164.9,1059,365058,5166,12.76,89.1,1500,2.61,1.15,31.2,42.8,65,26.62,12236731,72915,78.54,3432.64,0,1200,400,720,240,4200,7500,8500,102,1.5,6000,0,0,0,0,0,73.38,30,73.22,64.24,40.3,0,0
2026-08-31T02:06:38.679000+09:00,2026-08-30T17:06:38.679000+00:00,094623,2500.7,1,0,0,0,0,13439,497,13439,0,0,0,0,4651,-26560,10326,6,4480,0,129,0,0,0,0,0,0,0,0,0,31082107,2018,0.45,1195.41,3696.1,0,54.4,98,67.9,33.9,65.5,524.3,37,620.4,163.9,167.6,1039.5,365058,5166,12.3,89.7,1500,2.62,1.15,32,40.2,65,26.69,12236735,72915,76.5,3432.64,0,1200,400,720,240,4200,7500,8500,102,1.5,6000,0,0,0,0,0,72.81,30,72.29,65.18,40.3,0,0
2026-08-31T02:07:38.787000+09:00,2026-08-30T17:07:38.787000+00:00,094623,2305.4,1,0,0,0,0,13439,499,13439,0,0,0,0,4655,-28608,12374,582,4512,72,129,0,0,0,0,0,0,0,0,0,31082107,2018,0.46,1048.92,3354.29,0,54.5,98,67.9,33.9,65.7,528,37,623.3,163.4,166.7,1032.1,365058,5166,12.71,90,1500,2.61,1.15,31.3,41.8,65,26.31,12236739,72915,77.48,3432.65,0,1200,400,720,240,4200,7500,8500,102,1.5,6000,0,0,0,0,0,72.63,30,72.43,65.85,40.3,0,0
2026-08-31T02:08:38.924000+09:00,2026-08-30T17:08:38.924000+00:00,094623,2216.2,1,0,0,0,0,13439,497,13439,0,0,0,0,4655,-28608,10326,6,4480,0,129,0,0,0,0,0,0,0,0,0,31082107,2018,0.47,997.65,3213.9,0,54.5,97.9,67.9,33.9,65.6,530,36.6,621.9,161.8,164,1030.3,365058,5166,12.9,90.3,1500,2.61,1.15,31,42.5,65,26.67,12236744,72915,79.91,3432.65,0,1200,400,720,240,4200,7500,8500,102,1.5,6000,0,0,0,0,0,72.43,30,72.03,66.82,40.4,0,0
2026-08-31T02:09:38.996000+09:00,2026-08-30T17:09:38.996000+00:00,094623,2233.3,1,0,0,0,0,13439,496,13439,0,0,0,0,4651,-28608,18518,590,4480,8192,129,0,0,0,0,0,0,0,0,0,31082107,2018,0.49,912.2,3145.54,0,54.4,97.8,67.9,33.9,65.5,531,36.6,620.9,159.9,162.9,1041,365058,5166,12.71,91.1,1500,2.61,1.15,31.2,43.2,65,26.29,12236748,72915,79.71,3432.65,0,1200,400,720,240,4200,7500,8500,102,1.5,6000,0,0,0,0,0,72.22,30,71.47,69.84,40.3,0,0
2026-08-31T02:10:39.098000+09:00,2026-08-30T17:10:39.098000+00:00,094623,2334.7,1,0,0,0,0,13439,497,13439,0,0,0,0,4651,-28608,10326,518,4480,0,129,0,0,0,0,0,0,0,0,0,31082107,2018,0.46,1077,3411.66,0,54.4,98.4,68.1,33.9,65.4,527.8,36.2,619.7,161.2,164.4,1035.7,365058,5166,12.42,90.4,1500,2.6,1.15,31.6,41.9,65,26.3,12236753,72915,82.73,3432.65,0,1200,400,720,240,4200,7500,8500,102,1.5,6000,0,0,0,0,0,72.87,30,73.43,69.01,40.3,0,0
2026-08-31T02:11:39.173000+09:00,2026-08-30T17:11:39.173000+00:00,094623,2378.6,1,0,0,0,0,13439,501,13439,0,0,0,0,4651,-28608,10390,518,21376,0,129,0,0,0,0,0,0,0,0,0,31082107,2018,0.45,1102.63,3481.25,0,54.4,98.8,68.1,33.9,65.6,523.6,36.9,618.7,163.5,167,1054.8,365059,5167,12.71,89.3,1510,2.63,1.15,30.5,39.4,65,23.99,12236757,72915,80.92,3432.65,0,1200,400,720,240,4200,7500,8500,102,1.5,6000,0,0,0,0,0,71.44,30,74.14,63.52,40.3,0,0
2026-08-31T02:12:39.280000+09:00,2026-08-30T17:12:39.280000+00:00,094623,1036.7,1,0,0,0,0,13439,492,13439,0,0,0,0,4655,-28608,12374,6,5024,8,129,0,0,0,0,0,0,0,0,0,31082107,2018,0.42,526.44,1563.16,0,54.1,96.5,68.8,33.9,65.3,525.5,37.4,613.3,151.9,154.1,1029.3,365059,5167,12.84,90,1490,2.65,1.1,22.8,39,65,11,12236760,72915,65.86,3432.65,0,1200,400,720,240,4200,7500,8500,102,1.5,6000,0,0,0,0,0,66.22,30,58.85,56.94,40.3,0,0
2026-08-31T02:13:39.365000+09:00,2026-08-30T17:13:39.365000+00:00,094623,820.3,1,0,0,0,0,13439,492,13439,0,0,0,0,4651,-28608,10390,6,21376,0,129,0,0,0,0,0,0,0,0,0,31082107,2018,0.3,456.86,1277.2,0,53.6,98.3,68.9,33.9,64.4,524.1,36.6,606.7,144.4,145.8,1010.5,365059,5167,12.28,93.1,1480,2.66,1.08,22.3,41.3,65,11.39,12236762,72915,68.93,3432.65,0,1200,400,720,240,4200,7500,8500,102,1.5,6000,0,0,0,0,0,67.79,30,62.76,69.06,40.3,0,0
2026-08-31T02:14:39.447000+09:00,2026-08-30T17:14:39.447000+00:00,094623,1601.9,1,0,0,0,0,13439,495,13439,0,0,0,0,4655,-28608,10326,6,4480,0,129,0,0,0,0,2,0,0,0,0,31082107,2018,0.36,1069.67,2671.59,0,53.7,98.9,68.5,34,63.9,519,36.8,610.6,151,154,1043.5,365059,5167,12.69,88.3,1490,2.61,1.16,31.4,45.7,65,26.35,12236765,72915,77.11,3432.65,0,1200,400,720,240,4200,7500,8500,102,1.5,6000,0,0,0,0,0,77.13,30,74.33,64.53,40.3,0,0
2026-08-31T02:15:39.551000+09:00,2026-08-30T17:15:39.551000+00:00,094623,1680.0,1,0,0,0,0,13439,497,13439,0,0,0,0,4651,-28608,10342,6,12676,0,129,0,0,0,0,2,0,0,0,0,31082107,2018,0.36,981.78,2661.82,0,53.6,97.3,67.5,34,64.2,523.7,36.5,616.1,158.2,162.9,1018.2,365059,5167,12.55,88.2,1500,2.65,1.14,31,45.1,65,26.68,12236769,72915,76.5,3432.66,0,1200,400,720,240,4200,7500,8500,102,1.5,6000,0,0,0,0,0,74.3,30,70.71,61.37,40.3,0,0
2026-08-31T02:16:39.643000+09:00,2026-08-30T17:16:39.643000+00:00,094623,1811.0,1,0,0,0,0,13439,497,13439,0,0,0,0,4655,-28608,10326,6,4480,0,129,0,0,0,0,0,0,0,0,0,31082107,2018,0.45,1103.85,2914.82,0,53.6,97.4,66.8,33.9,64.4,523.4,36,624.4,159.6,164.2,1035.5,365059,5167,12.73,90,1500,2.63,1.16,32.1,44.8,65,26.59,12236774,72915,72.38,3432.66,0,1200,400,720,240,4200,7500,8500,102,1.5,6000,0,0,0,0,0,70.79,30,69.13,65.58,40.3,0,0
2026-08-31T02:17:39.752000+09:00,2026-08-30T17:17:39.752000+00:00,094623,1873.2,1,0,0,0,0,13439,496,13439,0,0,0,0,4651,-28608,12374,6,4480,0,129,0,0,0,0,0,0,0,0,0,31082107,2018,0.45,1128.27,3001.5,0,53.6,98.9,67.3,33.9,64.8,522.5,36.6,609.6,162.5,167.9,1045.4,365060,5168,12.4,90.4,1500,2.63,1.15,31.8,43.3,65,26.17,12236778,72915,79.85,3432.66,0,1200,400,720,240,4200,7500,8500,102,1.5,6000,0,0,0,0,0,70.72,30,74.2,67.16,40.2,0,0
2026-08-31T02:18:39.844000+09:00,2026-08-30T17:18:39.844000+00:00,094623,1797.2,1,0,0,0,0,13439,495,13439,0,0,0,0,4651,-28608,10326,6,4480,0,129,0,0,0,0,0,0,0,0,0,31082107,2018,0.43,998.87,2796.11,0,53.7,97.7,68,33.8,65,525.9,36.4,618.8,162,167.1,1027.4,365060,5168,12.58,89.9,1500,2.63,1.15,31.3,44.6,65,26.56,12236783,72915,80.03,3432.66,0,1200,400,720,240,4200,7500,8500,102,1.5,6000,0,0,0,0,0,72.32,30,71.06,65.9,40.3,0,0
2026-08-31T02:19:39.948000+09:00,2026-08-30T17:19:39.948000+00:00,094623,1843.9,1,0,0,0,0,13439,498,13439,0,0,0,0,4651,-28608,10326,518,4480,0,129,0,0,0,0,0,0,0,0,0,31082107,2018,0.43,1069.67,2913.6,0,53.7,97.1,68.4,33.8,65,526.4,36.8,623.6,162.2,167.1,1078.8,365060,5168,12.71,89.8,1510,2.63,1.15,31.4,44.1,65,26.35,12236787,72915,79.23,3432.66,0,1200,400,720,240,4200,7500,8500,102,1.5,6000,0,0,0,0,0,73.94,30,68.31,65.49,40.3,0,0
2026-08-31T02:20:40.043000+09:00,2026-08-30T17:20:40.043000+00:00,094623,1966.0,1,0,0,0,0,13439,497,13439,0,0,0,0,4655,-26560,10326,6,4481,0,129,0,0,0,0,0,0,0,0,0,31082107,2018,0.46,1133.15,3099.15,0,53.8,97.9,68.6,33.8,65.1,524.2,37.1,622.1,162.2,167.4,1102.2,365060,5168,12.74,89.6,1500,2.63,1.15,32,43.4,65,26.69,12236791,72915,79.23,3432.66,0,1200,400,720,240,4200,7500,8500,102,1.5,6000,0,0,0,0,0,75.27,30,69.88,64.46,40.3,0,0
2026-08-31T02:21:40.171000+09:00,2026-08-30T17:21:40.171000+00:00,094623,1958.7,1,0,0,0,0,13439,497,13439,0,0,0,0,4655,-28608,10326,6,4480,0,129,0,0,0,0,0,0,0,0,0,31082107,2018,0.47,1101.41,3060.09,0,53.9,98.6,68.6,33.8,65.3,525.9,36.5,622.3,162.7,167.9,1045.1,365060,5168,12.9,89.8,1500,2.63,1.15,31.6,43.3,65,26.62,12236796,72915,78.31,3432.66,0,1200,400,720,240,4200,7500,8500,102,1.5,6000,0,0,0,0,0,76.17,30,72.43,64.66,40.2,0,0
2026-08-31T02:22:40.259000+09:00,2026-08-30T17:22:40.259000+00:00,094623,1925.7,1,0,0,0,0,13439,497,13439,0,0,0,0,4651,-28608,18518,6,4480,528,129,0,0,0,0,0,0,0,0,0,31082107,2018,0.47,962.25,2887.97,0,54,98.8,68.3,33.8,65.3,527.3,37.2,623.1,162.8,167.3,1058.6,365060,5168,12.74,90.1,1500,2.63,1.15,31.4,44.1,65,26.52,12236800,72915,78.31,3432.66,0,1200,400,720,240,4200,7500,8500,102,1.5,6000,0,0,0,0,0,75.91,30,74.23,65.45,40.3,0,0
2026-08-31T02:23:40.348000+09:00,2026-08-30T17:23:40.348000+00:00,094623,1832.6,1,0,0,0,0,13439,497,13439,0,0,0,0,4655,-26560,10326,6,4480,0,129,0,0,0,0,0,0,0,0,0,31082107,2018,0.48,981.78,2814.42,0,54.1,98.4,68.2,33.8,65.3,528.6,37.8,623.5,162.5,166.7,1064.7,365061,5169,12.73,90.8,1500,2.63,1.14,30.9,44.2,65,25.91,12236805,72915,79.96,3432.67,0,1200,400,720,240,4200,7500,8500,102,1.5,6000,0,0,0,0,0,75.94,30,73.85,68.17,40.4,0,0
2026-08-31T02:24:40.447000+09:00,2026-08-30T17:24:40.447000+00:00,094623,1902.2,1,0,0,0,0,13439,496,13439,0,0,0,0,4651,-28608,10326,6,4480,0,129,0,0,0,0,0,0,0,0,0,31082107,2018,0.48,945.16,2847.38,0,54.1,98.4,68,33.8,65.2,528.6,37,620.8,161.8,165.5,1085.2,365061,5169,12.35,90.8,1500,2.62,1.16,31.4,44.7,65,26.58,12236809,72915,78.88,3432.67,0,1200,400,720,240,4200,7500,8500,102,1.5,6000,0,0,0,0,0,75.45,30,74.4,69.31,40.2,0,0
2026-08-31T02:25:40.551000+09:00,2026-08-30T17:25:40.551000+00:00,094623,1948.9,1,0,0,0,0,13439,496,13439,0,0,0,0,4655,-28608,10326,6,4480,8,129,0,0,0,0,0,0,0,0,0,31082107,2018,0.46,1096.53,3045.44,0,54.2,98.2,68,33.8,65.3,527.4,37.1,618.3,162.8,166.6,1064.6,365061,5169,12.8,90.2,1500,2.61,1.15,31.3,43.2,65,26.6,12236813,72915,79.89,3432.67,0,1200,400,720,240,4200,7500,8500,102,1.5,6000,0,0,0,0,0,75.45,30,74.41,68.37,40.3,0,0
2026-08-31T02:26:40.654000+09:00,2026-08-30T17:26:40.654000+00:00,094623,1857.1,1,0,0,0,0,13439,494,13439,0,0,0,0,4655,-26560,10326,78,4480,8192,129,0,0,0,0,0,0,0,0,0,31082107,2018,0.45,941.5,2798.55,0,54.3,97.5,68.2,33.8,65.3,530.8,37.7,618.3,161.7,165.1,1068.7,365061,5169,12.84,89.8,1490,2.61,1.15,31.1,45,65,26.56,12236818,72915,80.54,3432.67,0,1200,400,720,240,4200,7500,8500,102,1.5,6000,0,0,0,0,0,76.17,30,71.93,67.24,40.3,0,0
2026-08-31T02:27:40.747000+09:00,2026-08-30T17:27:40.747000+00:00,094623,2161.3,1,0,0,0,0,13439,495,13439,0,0,0,0,4655,-28608,18518,6,4480,528,129,0,0,0,0,0,0,0,0,0,31082107,2018,0.46,1141.7,3303.02,0,54.4,97.3,68.2,33.8,65.4,524.2,37.7,622.5,164.8,168.5,1093.5,365061,5169,12.27,90.1,1500,2.62,1.15,32,41.9,65,26.42,12236822,72915,78.7,3432.67,0,1200,400,720,240,4200,7500,8500,102,1.5,6000,0,0,0,0,0,76.42,30,70.36,67.97,40.2,0,0
2026-08-31T02:28:40.835000+09:00,2026-08-30T17:28:40.835000+00:00,094623,1969.7,1,0,0,0,0,13439,496,13439,0,0,0,0,4655,-28608,10326,590,4480,8192,129,0,0,0,0,0,0,0,0,0,31082107,2018,0.44,935.39,2905.06,0,54.4,97.5,68.3,33.8,65.6,528,36.8,620.6,164.6,168.2,1052,365061,5169,12.63,90.4,1490,2.61,1.15,31.2,43.8,65,26.69,12236827,72915,78.91,3432.67,0,1200,400,720,240,4200,7500,8500,102,1.5,6000,0,0,0,0,0,77.12,30,70.11,69.2,40.2,0,0
2026-08-31T02:29:40.923000+09:00,2026-08-30T17:29:40.923000+00:00,094623,2045.4,1,0,0,0,0,13439,496,13439,0,0,0,0,4655,-26560,10326,590,4480,8192,129,0,0,0,0,0,0,0,0,0,31082107,2018,0.46,1063.57,3108.92,0,54.4,97.7,68.2,33.8,65.6,526.4,36.5,619.6,164.3,168,1063.1,365062,5170,12.93,90.3,1500,2.62,1.15,31.4,42.8,65,26.78,12236831,72915,79.31,3432.67,0,1200,400,720,240,4200,7500,8500,102,1.5,6000,0,0,0,0,0,77.27,30,70.16,69.7,40.2,0,0
2026-08-31T02:30:41.035000+09:00,2026-08-30T17:30:41.035000+00:00,094623,2105.2,1,0,0,0,0,13439,497,13439,0,0,0,0,4655,-26560,12438,590,20896,8264,129,0,0,0,0,0,0,0,0,0,31082107,2018,0.46,1026.95,3132.11,0,54.4,98.3,68.1,33.8,65.6,527.3,37.3,619.7,165.1,168.7,1059.6,365062,5170,12.85,90.1,1500,2.62,1.15,31.5,42.6,65,26.69,12236836,72915,80.98,3432.68,0,1200,400,720,240,4200,7500,8500,102,1.5,6000,0,0,0,0,0,77.15,30,71.95,69.4,40.3,0,0
2026-08-31T02:31:41.129000+09:00,2026-08-30T17:31:41.129000+00:00,094623,2001.4,1,0,0,0,0,13439,497,13439,0,0,0,0,4655,-26560,10326,6,4480,0,129,0,0,0,0,0,0,0,0,0,31082107,2018,0.46,997.65,2999.05,0,54.3,98.3,68,33.8,65.6,529.2,37,614.5,163.7,167.1,1064.9,365062,5170,12.65,89.9,1500,2.63,1.15,31.1,43.6,65,26,12236840,72915,80.74,3432.68,0,1200,400,720,240,4200,7500,8500,102,1.5,6000,0,0,0,0,0,76.95,30,72.41,68.63,40.3,0,0
2026-08-31T02:32:41.226000+09:00,2026-08-30T17:32:41.226000+00:00,094623,2149.1,1,0,0,0,0,13439,496,13439,0,0,0,0,4655,-26560,18534,6,12676,528,129,0,0,0,0,0,0,0,0,0,31082107,2018,0.47,1064.79,3213.9,0,54.3,98.3,67.9,33.8,65.6,527.5,37.5,613.3,163.7,167,1069.7,365062,5170,12.76,89.5,1500,2.62,1.15,31.5,42.3,65,26.17,12236844,72915,79.21,3432.68,0,1200,400,720,240,4200,7500,8500,102,1.5,6000,0,0,0,0,0,76.52,30,72.8,66.93,40.3,0,0
2026-08-31T02:33:41.326000+09:00,2026-08-30T17:33:41.326000+00:00,094623,2221.1,1,0,0,0,0,13439,498,13439,0,0,0,0,4655,-28608,10326,6,4480,0,129,0,0,0,0,0,0,0,0,0,31082107,2018,0.48,1101.41,3322.55,0,54.2,98.4,67.8,33.8,65.6,525.1,36.8,612.3,164.4,168.5,1052.2,365062,5170,12.85,89.6,1510,2.62,1.15,31.9,42,65,26.58,12236849,72915,79.46,3432.68,0,1200,400,720,240,4200,7500,8500,102,1.5,6000,0,0,0,0,0,76.08,30,73.71,66.72,40.2,0,0
2026-08-31T02:34:41.435000+09:00,2026-08-30T17:34:41.435000+00:00,094623,2141.8,1,0,0,0,0,13439,496,13439,0,0,0,0,4651,-28608,10326,6,4480,0,129,0,0,0,0,0,0,0,0,0,31082107,2018,0.48,1066.01,3207.8,0,54.2,98.4,67.8,33.8,65.6,527.6,36.6,611.4,164.3,168.3,1069.5,365062,5170,12.33,89.4,1500,2.62,1.15,31.6,42.4,65,26.61,12236853,72915,79.23,3432.68,0,1200,400,720,240,4200,7500,8500,102,1.5,6000,0,0,0,0,0,75.67,30,74.24,65.29,40.3,0,0
2026-08-31T02:35:41.536000+09:00,2026-08-30T17:35:41.536000+00:00,094623,1977.0,1,0,0,0,0,13439,495,13439,0,0,0,0,4651,-28608,12374,6,4512,72,129,0,0,0,0,0,0,0,0,0,31082107,2018,0.49,1029.39,3006.38,0,54.1,98.2,67.8,33.8,65.5,529.7,36.4,616.8,161.6,163.4,1076.1,365063,5171,12.74,89.9,1490,2.61,1.15,30.9,43.2,65,26.79,12236858,72915,80.19,3432.68,0,1200,400,720,240,4200,7500,8500,102,1.5,6000,0,0,0,0,0,75.29,30,74.06,66.28,40.3,0,0
2026-08-31T02:36:41.622000+09:00,2026-08-30T17:36:41.622000+00:00,094623,2090.5,1,0,0,0,0,13439,497,13439,0,0,0,0,4655,-28608,10326,590,4480,8192,129,0,0,0,0,0,0,0,0,0,31082107,2018,0.48,1020.84,3111.36,0,54.1,98,67.9,33.8,65.4,528.9,36.5,618.9,155.8,154.8,1063.8,365063,5171,12.62,90.9,1500,2.63,1.15,31.4,43,65,25.93,12236862,72915,80.47,3432.68,0,1200,400,720,240,4200,7500,8500,102,1.5,6000,0,0,0,0,0,75.45,30,73.67,70,40.2,0,0
2026-08-31T02:37:41.723000+09:00,2026-08-30T17:37:41.723000+00:00,094623,2078.3,1,0,0,0,0,13439,494,13439,0,0,0,0,4655,-28608,18518,6,4480,528,129,0,0,0,0,0,0,0,0,0,31082107,2018,0.45,935.39,3013.7,0,54.1,98.2,67.8,33.8,65.4,528.9,36,615.6,155.2,153.9,1141.6,365063,5171,12.7,90.4,1500,2.62,1.15,31.5,43.8,65,26.41,12236867,72915,80.78,3432.68,0,1200,400,720,240,4200,7500,8500,102,1.5,6000,0,0,0,0,0,74.89,30,74.34,69.73,40.3,0,0
2026-08-31T02:38:41.818000+09:00,2026-08-30T17:38:41.818000+00:00,094623,2091.7,1,0,0,0,0,13439,495,13439,0,0,0,0,4651,-28608,10326,518,4480,0,129,0,0,0,0,0,0,0,0,0,31082107,2018,0.42,1006.2,3097.93,0,54.2,98.3,67.8,33.8,65.4,528.5,37.3,614.9,155.9,154.3,1059.1,365063,5171,12.63,89.2,1500,2.61,1.15,31.2,43.1,65,26.1,12236871,72915,81.81,3432.69,0,1200,400,720,240,4200,7500,8500,102,1.5,6000,0,0,0,0,0,74.6,30,75.2,65.68,40.2,0,0
2026-08-31T02:39:41.918000+09:00,2026-08-30T17:39:41.918000+00:00,094623,2241.9,1,0,0,0,0,13439,499,13439,0,0,0,0,4651,-26560,10326,6,4480,0,129,0,0,0,0,0,0,0,0,0,31082107,2018,0.44,1189.31,3431.2,0,54.2,97.8,67.7,33.8,65.4,525.4,36.7,618.1,157.1,155.7,1074.5,365063,5171,12.75,89.1,1510,2.62,1.15,31.9,41.6,65,26.65,12236875,72915,79.75,3432.69,0,1200,400,720,240,4200,7500,8500,102,1.5,6000,0,0,0,0,0,74,30,73.85,64.35,40.2,0,0
2026-08-31T02:40:42.018000+09:00,2026-08-30T17:40:42.018000+00:00,094623,2204.0,1,0,0,0,0,13439,498,13439,0,0,0,0,4655,-28608,12374,6,4512,72,129,0,0,0,0,0,0,0,0,0,31082107,2018,0.44,1112.4,3316.45,0,54.1,97.4,67.8,33.8,65.4,527.1,37.3,616.1,158.5,157.1,1051,365063,5171,12.5,90,1500,2.62,1.15,31.6,41.9,65,26.33,12236880,72915,77.98,3432.69,0,1200,400,720,240,4200,7500,8500,102,1.5,6000,0,0,0,0,0,73.97,30,71.95,66.42,40.2,0,0
2026-08-31T02:41:42.114000+09:00,2026-08-30T17:41:42.114000+00:00,094623,2261.4,1,0,0,0,0,13439,496,13439,0,0,0,0,4651,-28608,10326,6,4480,0,129,0,0,0,0,0,0,0,0,0,31082107,2018,0.42,1113.62,3375.04,0,54.1,97.3,67.9,33.7,65.4,526.3,36.3,618.5,158.2,156.6,1044.3,365064,5172,12.71,91,1500,2.61,1.15,31.7,41.6,65,26.61,12236884,72915,81.57,3432.69,0,1200,400,720,240,4200,7500,8500,102,1.5,6000,0,0,0,0,0,73.93,30,70.5,70.47,40.2,0,0
2026-08-31T02:42:42.224000+09:00,2026-08-30T17:42:42.224000+00:00,094623,2351.8,1,0,0,0,0,13439,497,13439,0,0,0,0,4655,-28608,18518,6,4480,528,129,0,0,0,0,0,0,0,0,0,31082107,2018,0.41,1316.26,3668.02,0,54.1,97.8,68.1,33.7,65.4,523.9,37.5,618.9,159.8,158.3,1046.4,365064,5172,12.88,89.8,1500,2.63,1.15,31.9,40.1,65,26.16,12236889,72915,80.99,3432.69,0,1200,400,720,240,4200,7500,8500,102,1.5,6000,0,0,0,0,0,74.61,30,71.24,67.74,40.2,0,0
2026-08-31T02:43:42.325000+09:00,2026-08-30T17:43:42.325000+00:00,094623,2108.8,1,0,0,0,0,13439,496,13439,0,0,0,0,4655,-28608,10326,6,4480,0,129,0,0,0,0,0,0,0,0,0,31082107,2018,0.41,1008.64,3117.47,0,54.1,98,68,33.7,65.5,529.5,37.6,616,157.2,155.1,1048.6,365064,5172,12.74,89.1,1500,2.63,1.15,31,42.7,65,26.65,12236893,72915,78.55,3432.69,0,1200,400,720,240,4200,7500,8500,102,1.5,6000,0,0,0,0,0,74.39,30,71.86,64.42,40.2,0,0
2026-08-31T02:44:42.422000+09:00,2026-08-30T17:44:42.422000+00:00,094623,2136.9,1,0,0,0,0,13439,497,13439,0,0,0,0,4655,-28608,10326,6,4480,0,129,0,0,0,0,0,0,0,0,0,31082107,2018,0.43,1015.96,3152.87,0,54.1,97.4,67.8,33.8,65.2,529.7,37.2,614.8,155.8,153.5,1015.2,365064,5172,12.75,89.5,1500,2.61,1.16,31.3,43,65,26.71,12236898,72915,79.09,3432.69,0,1200,400,720,240,4200,7500,8500,102,1.5,6000,0,0,0,0,0,73.72,30,69.61,64.83,40.2,0,0
2026-08-31T02:45:42.504000+09:00,2026-08-30T17:45:42.504000+00:00,094623,2177.2,1,0,0,0,0,13439,496,13439,0,0,0,0,4651,-28608,12374,6,4512,72,129,0,0,0,0,0,0,0,0,0,31082107,2018,0.46,974.46,3151.65,0,54.1,98,67.6,33.7,65.1,528.8,37.3,615.5,156.5,154.3,1034.4,365064,5172,12.8,90,1500,2.63,1.15,31.2,42.6,65,26.11,12236902,72915,79.34,3432.7,0,1200,400,720,240,4200,7500,8500,102,1.5,6000,0,0,0,0,0,72.59,30,70.79,66.08,40.2,0,0
2026-08-31T02:46:42.614000+09:00,2026-08-30T17:46:42.614000+00:00,094623,2202.8,1,0,0,0,0,13439,497,13439,0,0,0,0,4655,-28608,10326,6,4480,0,129,0,0,0,0,0,0,0,0,0,31082107,2018,0.49,1037.93,3240.76,0,54,98.3,67.5,33.7,65.1,529.3,36.4,615.8,156.8,154.5,1058.9,365064,5172,12.88,90.8,1500,2.61,1.16,31.8,43.1,65,26.58,12236906,72915,79.75,3432.7,0,1200,400,720,240,4200,7500,8500,102,1.5,6000,0,0,0,0,0,71.67,30,72.01,69.04,40.3,0,0
2026-08-31T02:47:42.708000+09:00,2026-08-30T17:47:42.708000+00:00,094623,2294.4,1,0,0,0,0,13439,494,13439,0,0,0,0,4655,-26560,2134,6,4481,0,129,0,0,0,0,0,0,0,0,0,31082107,2018,0.47,1039.16,3333.54,0,54,98.6,67.8,33.7,65.1,527.3,36.8,616.1,157.7,155.6,1048.5,365065,5173,12.79,90.4,1490,2.61,1.15,31.6,41.6,65,26.71,12236911,72915,81.2,3432.7,0,1200,400,720,240,4200,7500,8500,102,1.5,6000,0,0,0,0,0,71.83,30,73.48,68.72,40.2,0,0
2026-08-31T02:48:42.800000+09:00,2026-08-30T17:48:42.800000+00:00,094623,2193.1,1,0,0,0,0,13439,496,13439,0,0,0,0,4651,-28608,10326,6,4480,0,129,0,0,0,0,0,0,0,0,0,31082107,2018,0.45,1025.73,3218.79,0,54,98.6,68.2,33.7,65.2,527.7,36.6,616.7,158.6,156.5,1062.4,365065,5173,12.71,90,1500,2.62,1.13,31,41.8,65,26.67,12236915,72915,81.09,3432.7,0,1200,400,720,240,4200,7500,8500,102,1.5,6000,0,0,0,0,0,73.06,30,74.52,67.86,40.2,0,0
2026-08-31T02:49:42.940000+09:00,2026-08-30T17:49:42.940000+00:00,094623,2158.9,1,0,0,0,0,13439,497,13439,0,0,0,0,4655,-28608,10390,6,20864,0,129,0,0,0,0,0,0,0,0,0,31082107,2018,0.45,1013.52,3172.4,0,54,97.9,68.4,33.7,65.2,529.6,36.7,615,156.7,154.4,1051.4,365065,5173,12.53,89.7,1500,2.61,1.15,31.2,42.9,65,26.63,12236920,72915,80.85,3432.7,0,1200,400,720,240,4200,7500,8500,102,1.5,6000,0,0,0,0,0,74.26,30,72.79,66.81,40.2,0,0
2026-08-31T02:50:43.025000+09:00,2026-08-30T17:50:43.025000+00:00,094623,2124.7,1,0,0,0,0,13439,495,13439,0,0,0,0,4651,-28608,12374,6,4512,8,129,0,0,0,0,0,0,0,0,0,31082107,2018,0.46,934.17,3058.87,0,54,97.6,68.4,33.6,65,530.8,36.8,612.4,155.7,153.3,1042.5,365065,5173,12.68,89.7,1500,2.61,1.16,31.1,43.6,65,26.24,12236924,72915,79.1,3432.7,0,1200,400,720,240,4200,7500,8500,102,1.5,6000,0,0,0,0,0,74.8,30,71.4,66.27,40.2,0,0
2026-08-31T02:51:43.126000+09:00,2026-08-30T17:51:43.126000+00:00,094623,2229.7,1,0,0,0,0,13439,498,13439,0,0,0,0,4655,-28608,10342,6,12676,0,129,0,0,0,0,0,0,0,0,0,31082107,2018,0.46,943.94,3173.62,0,54,97.6,68.4,33.7,64.9,528.9,36.2,611.8,156.4,154,1069.5,365065,5173,12.79,89.8,1510,2.63,1.15,31.2,42.7,65,26.49,12236928,72915,78.89,3432.7,0,1200,400,720,240,4200,7500,8500,102,1.5,6000,0,0,0,0,0,75.52,30,70.92,66.3,40.2,0,0
2026-08-31T02:52:43.209000+09:00,2026-08-30T17:52:43.209000+00:00,094623,2302.9,1,0,0,0,0,13439,496,13439,0,0,0,0,4651,-28608,10326,6,4480,0,129,0,0,0,0,0,0,0,0,0,31082107,2018,0.46,1098.97,3401.9,0,54,97.9,68.2,33.7,65,526.3,35.7,615.6,158,155.4,1085.7,365065,5173,12.69,90.4,1500,2.62,1.15,31.6,41.7,65,26.59,12236933,72915,80.31,3432.7,0,1200,400,720,240,4200,7500,8500,102,1.5,6000,0,0,0,0,0,75.28,30,71.36,68.21,40.2,0,0
2026-08-31T02:53:43.344000+09:00,2026-08-30T17:53:43.344000+00:00,094623,2373.7,1,0,0,0,0,13439,497,13439,0,0,0,0,4651,-28608,10326,6,4480,0,129,0,0,0,0,0,0,0,0,0,31082107,2018,0.46,1098.97,3472.7,0,54,98.1,68.1,33.7,65.1,526.3,36.2,616,159.9,157.1,1071.6,365066,5174,12.75,90.7,1500,2.61,1.15,31.7,41.1,65,26.64,12236937,72915,79.1,3432.71,0,1200,400,720,240,4200,7500,8500,102,1.5,6000,0,0,0,0,0,75.23,30,71.94,69.95,40.2,0,0
2026-08-31T02:54:43.428000+09:00,2026-08-30T17:54:43.428000+00:00,094623,2356.6,1,0,0,0,0,13439,495,13439,0,0,0,0,4651,-26560,10326,6,4480,0,129,0,0,0,0,0,0,0,0,0,31082107,2018,0.46,1087.98,3444.62,0,54,98.1,68.2,33.7,65.2,525.7,36.7,614.9,159.5,156.7,1065.1,365066,5174,12.93,90.3,1500,2.62,1.15,31.7,41.2,65,26.23,12236942,72915,79.64,3432.71,0,1200,400,720,240,4200,7500,8500,102,1.5,6000,0,0,0,0,0,75.66,30,72.03,69.46,40.2,0,0
2026-08-31T02:55:43.535000+09:00,2026-08-30T17:55:43.535000+00:00,094623,2174.8,1,0,0,0,0,13439,496,13439,0,0,0,0,4651,-28608,18518,6,4480,528,129,0,0,0,0,0,0,0,0,0,31082107,2018,0.45,986.66,3161.41,0,54,98.1,68.2,33.7,65.2,530,36.3,611.7,158.6,155.6,1026.4,365066,5174,12.68,89.9,1500,2.63,1.15,30.9,42.5,65,26.54,12236946,72915,80.88,3432.71,0,1200,400,720,240,4200,7500,8500,102,1.5,6000,0,0,0,0,0,75.95,30,72.26,68.44,40.2,0,0
2026-08-31T02:56:43.629000+09:00,2026-08-30T17:56:43.629000+00:00,094623,2354.2,1,0,0,0,0,13439,497,13439,0,0,0,0,4651,-28608,10326,6,4480,0,129,0,0,0,0,0,0,0,0,0,31082107,2018,0.45,1098.97,3453.17,0,54,97.9,68.1,33.7,65,526.7,36,611,158.4,155.3,1047.9,365066,5174,12.39,89.8,1500,2.62,1.16,31.8,41.5,65,26.68,12236951,72915,79.09,3432.71,0,1200,400,720,240,4200,7500,8500,102,1.5,6000,0,0,0,0,0,75.95,30,71.63,68.06,40.1,0,0
2026-08-31T02:57:43.718000+09:00,2026-08-30T17:57:43.718000+00:00,094623,2262.6,1,0,0,0,0,13439,497,13439,0,0,0,0,4651,-28608,10326,518,4480,0,129,0,0,0,0,0,0,0,0,0,31082107,2018,0.46,990.33,3252.97,0,54,98.1,68,33.7,65.1,529.5,36.9,611.8,159,155.9,1053.7,365066,5174,12.73,89.8,1500,2.62,1.15,31.1,42.3,65,25.99,12236955,72915,80.47,3432.71,0,1200,400,720,240,4200,7500,8500,102,1.5,6000,0,0,0,0,0,75.68,30,72.19,67.76,40.2,0,0
2026-08-31T02:58:43.809000+09:00,2026-08-30T17:58:43.809000+00:00,094623,2278.5,1,0,0,0,0,13439,497,13439,0,0,0,0,4655,-26560,10326,590,4480,8192,129,0,0,0,0,0,0,0,0,0,31082107,2018,0.47,1042.82,3321.33,0,54,98,68,33.7,65.1,527.7,36.7,612.3,157.4,154.4,1055.6,365066,5174,12.68,89.9,1500,2.63,1.15,31.3,41.8,65,26.66,12236959,72915,78.76,3432.71,0,1200,400,720,240,4200,7500,8500,102,1.5,6000,0,0,0,0,0,75.76,30,71.91,67.74,40.2,0,0
2026-08-31T02:59:43.879000+09:00,2026-08-30T17:59:43.879000+00:00,094623,2270.0,1,0,0,0,0,13439,497,13439,0,0,0,0,4651,-28608,10326,6,4480,0,129,0,0,0,0,0,0,0,0,0,31082107,2018,0.46,1034.27,3304.24,0,54.1,98,68,33.6,65,528.4,36.4,612.3,157.9,154.8,1030,365067,5175,12.74,90.2,1500,2.62,1.14,31,41.8,65,26.69,12236964,72915,80.3,3432.71,0,1200,400,720,240,4200,7500,8500,102,1.5,6000,0,0,0,0,0,75.76,30,71.91,68.88,40.1,0,0
2026-08-31T03:00:43.988000+09:00,2026-08-30T18:00:43.988000+00:00,094623,2304.1,1,0,0,0,0,13439,496,13439,0,0,0,0,4655,-26560,18518,6,4480,528,129,0,0,0,0,0,0,0,0,0,31082107,2018,0.46,993.99,3298.13,0,54.1,97.9,68,33.7,65,528.3,36.9,610.3,157.8,154.6,1040.9,365067,5175,12.65,90.3,1500,2.62,1.15,31.3,42,65,25.75,12236968,72915,79.06,3432.72,0,1200,400,720,240,4200,7500,8500,102,1.5,6000,0,0,0,0,0,75.7,30,71.55,69.32,40.1,0,0
2026-08-31T03:01:44.077000+09:00,2026-08-30T18:01:44.077000+00:00,094623,2208.9,1,0,0,0,0,13439,497,13439,0,0,0,0,4651,-28608,10326,6,4480,0,129,0,0,0,0,0,0,0,0,0,31082107,2018,0.46,1019.62,3228.55,0,54.1,97.9,67.9,33.7,64.9,530.4,36.1,608.5,157.7,154.3,1076.2,365067,5175,12.35,90,1500,2.63,1.15,31,42.4,65,26.73,12236973,72915,78.78,3432.72,0,1200,400,720,240,4200,7500,8500,102,1.5,6000,0,0,0,0,0,75.32,30,71.59,68.47,40.1,0,0
2026-08-31T03:02:44.187000+09:00,2026-08-30T18:02:44.187000+00:00,094623,2233.3,1,0,0,0,0,13439,496,13439,0,0,0,0,4651,-28608,10326,6,4480,0,129,0,0,0,0,0,0,0,0,0,31082107,2018,0.46,1020.84,3254.19,0,54.1,97.9,67.8,33.6,64.8,530.7,36.6,610.7,157.2,153.7,1047.4,365067,5175,12.82,90.2,1500,2.62,1.15,31.2,42.4,65,26.7,12236977,72915,79.95,3432.72,0,1200,400,720,240,4200,7500,8500,102,1.5,6000,0,0,0,0,0,74.8,30,71.44,69.23,40.1,0,0
2026-08-31T03:03:44.291000+09:00,2026-08-30T18:03:44.291000+00:00,094623,2238.2,1,0,0,0,0,13439,496,13439,0,0,0,0,4651,-28608,12374,6,4480,8,129,0,0,0,0,0,0,0,0,0,31082107,2018,0.45,954.92,3193.15,0,54.1,98,67.8,33.6,64.9,530.8,37,610.7,158,154.7,1022.4,365067,5175,12.86,90.4,1500,2.62,1.14,31,42.5,65,26.38,12236981,72915,80.02,3432.72,0,1200,400,720,240,4200,7500,8500,102,1.5,6000,0,0,0,0,0,74.45,30,71.6,70.19,40.2,0,0
2026-08-31T03:04:44.386000+09:00,2026-08-30T18:04:44.386000+00:00,094623,2477.5,1,0,0,0,0,13439,499,13439,0,0,0,0,4655,-26560,10326,6,4480,0,129,0,0,0,0,0,0,0,0,0,31082107,2018,0.44,1136.81,3614.31,0,54.2,98.3,67.8,33.6,64.9,525.8,36.4,612.8,158.1,155,1056.2,365067,5175,12.57,89.6,1510,2.63,1.15,32,40.8,65,26.25,12236986,72915,81.64,3432.72,0,1200,400,720,240,4200,7500,8500,102,1.5,6000,0,0,0,0,0,74.27,30,72.82,68.28,40.1,0,0
2026-08-31T03:05:44.499000+09:00,2026-08-30T18:05:44.499000+00:00,094623,2455.5,1,0,0,0,0,13439,498,13439,0,0,0,0,4655,-28608,18518,6,4480,528,129,0,0,0,0,0,0,0,0,0,31082107,2018,0.43,1101.41,3556.93,0,54.1,98.6,68,33.6,65.1,525.6,36,614.7,158.1,154.8,1071.4,365068,5176,12.71,89.1,1510,2.63,1.14,31.7,40.8,65,26.58,12236990,72915,79.78,3432.72,0,1200,400,720,240,4200,7500,8500,102,1.5,6000,0,0,0,0,0,74.75,30,74.61,65.32,40.1,0,0
2026-08-31T03:06:44.598000+09:00,2026-08-30T18:06:44.598000+00:00,094623,2316.4,1,0,0,0,0,13439,495,13439,0,0,0,0,4655,-26560,10390,6,20864,0,129,0,0,0,0,0,0,0,0,0,31082107,2018,0.44,1018.4,3334.76,0,54.1,98,68.2,33.6,65.1,530,37,613.2,156.4,153,1042.2,365068,5176,12.85,89.4,1500,2.62,1.16,31.3,42.1,65,26.42,12236995,72915,79.4,3432.72,0,1200,400,720,240,4200,7500,8500,102,1.5,6000,0,0,0,0,0,75.44,30,73.15,64.98,40.1,0,0
2026-08-31T03:07:44.728000+09:00,2026-08-30T18:07:44.728000+00:00,094623,2296.8,1,0,0,0,0,13439,496,13439,0,0,0,0,4655,-26560,10326,6,4481,0,129,0,0,0,0,0,0,0,0,0,31082107,2018,0.45,965.91,3262.73,0,54.1,97.8,68.2,33.6,65,528.8,36.3,616.2,157.5,153.8,1041.2,365068,5176,12.88,89.5,1500,2.62,1.15,31.1,42.2,65,26.34,12236999,72915,78.62,3432.72,0,1200,400,720,240,4200,7500,8500,102,1.5,6000,0,0,0,0,0,75.73,30,72.33,64.42,40.2,0,0
2026-08-31T03:08:44.782000+09:00,2026-08-30T18:08:44.782000+00:00,094623,2464.1,1,0,0,0,0,13439,496,13439,0,0,0,0,4655,-28608,12438,6,20896,72,129,0,0,0,0,0,0,0,0,0,31082107,2018,0.47,1080.66,3544.72,0,54.1,97.7,68.1,33.5,64.9,527.5,35.6,614.6,156.8,153.4,1031.7,365068,5176,12.39,90.3,1500,2.61,1.16,32,41.4,65,26.58,12237004,72915,78.18,3432.73,0,1200,400,720,240,4200,7500,8500,102,1.5,6000,0,0,0,0,0,75.68,30,71.69,66.71,40.1,0,0
2026-08-31T03:09:44.873000+09:00,2026-08-30T18:09:44.873000+00:00,094623,2124.7,1,0,0,0,0,13439,501,13439,0,0,0,0,4651,-28608,10326,6,4992,0,129,0,0,0,0,0,0,0,0,0,31082107,2018,0.42,986.66,3111.36,0,54,98,68.1,33.5,65,526.7,36,618.6,156.7,153.5,1044.3,365068,5176,12.77,90.8,1510,2.66,1.1,27.6,36.9,65,21.82,12237008,72915,79.87,3432.73,0,1200,400,720,240,4200,7500,8500,102,1.5,6000,0,0,0,0,0,72.03,30,68.66,65.81,40.1,0,0
2026-08-31T03:10:44.963000+09:00,2026-08-30T18:10:44.963000+00:00,094623,1272.3,1,0,0,0,0,13439,516,13439,0,0,0,0,4655,-26560,18534,6,13188,528,129,0,0,0,0,0,0,0,0,0,31082107,2018,0.38,775.47,2047.79,0,53.8,97.1,68.3,33.5,64.6,526.1,37,607.2,143.2,140,1008.8,365068,5176,12.85,90.9,1570,2.74,1.12,25.7,39.9,65,10.95,12237010,72915,67.62,3432.73,0,1200,400,720,240,4200,7500,8500,102,1.5,6000,0,0,0,0,0,69.13,30,61.69,63.33,40.1,0,0
2026-08-31T03:11:45.052000+09:00,2026-08-30T18:11:45.052000+00:00,094623,877.7,1,0,0,0,0,13439,494,13439,0,0,0,0,4651,-28608,10326,6,4480,0,129,0,0,0,0,0,0,0,0,0,31082107,2018,0.31,532.55,1410.26,0,53.5,97.7,68.1,33.6,63.7,523.6,36.8,602.2,137.8,134.6,1041.3,365069,5177,12.5,90.7,1490,2.67,1.15,23.6,43,65,11.66,12237012,72915,67.22,3432.73,0,1200,400,720,240,4200,7500,8500,102,1.5,6000,0,0,0,0,0,67.53,30,60.84,63.45,40.1,0,0
2026-08-31T03:12:45.146000+09:00,2026-08-30T18:12:45.146000+00:00,094623,1722.8,1,0,0,0,0,13439,497,13439,0,0,0,0,4651,-28608,10326,6,4480,0,129,0,0,0,0,0,0,0,0,0,31082107,2018,0.38,1095.31,2818.08,0,53.3,98.9,67.7,33.5,63.4,517.3,36.6,611.4,146.4,144.1,1038.8,365069,5177,12.46,88.8,1500,2.64,1.15,31.6,44.2,65,26.61,12237016,72915,71.93,3432.73,0,1200,400,720,240,4200,7500,8500,102,1.5,6000,0,0,0,0,0,75.11,30,73.78,65.92,40.2,0,0
2026-08-31T03:13:45.244000+09:00,2026-08-30T18:13:45.244000+00:00,094623,1684.9,1,0,0,0,0,13439,495,13439,0,0,0,0,4655,-26560,12374,6,4513,72,129,0,0,0,0,0,0,0,0,0,31082107,2018,0.37,980.56,2665.49,0,53.3,97.9,67.6,33.5,63.8,524.9,37.6,611.6,151.6,149.2,1046.6,365069,5177,12.68,88.7,1500,2.64,1.15,30.9,45.2,65,26.54,12237020,72915,77.48,3432.73,0,1200,400,720,240,4200,7500,8500,102,1.5,6000,0,0,0,0,0,74.33,30,71.69,63.72,40.1,0,0
2026-08-31T03:14:45.350000+09:00,2026-08-30T18:14:45.350000+00:00,094623,1851.2,1,0,0,0,0,13439,495,13439,0,0,0,0,4655,-28608,10326,6,4480,0,129,0,0,0,0,0,0,0,0,0,31082107,2018,0.39,1111.18,2962.43,0,53.2,97.1,67.3,33.5,63.9,523.9,37.2,611.8,155,152.4,1045.9,365069,5177,12.61,88.9,1490,2.62,1.16,31.6,43.6,65,26.64,12237025,72915,77.72,3432.73,0,1200,400,720,240,4200,7500,8500,102,1.5,6000,0,0,0,0,0,72.59,30,68.41,62.47,40.1,0,0
2026-08-31T03:15:45.435000+09:00,2026-08-30T18:15:45.435000+00:00,094623,1775.3,1,0,0,0,0,13439,497,13439,0,0,0,0,4651,-28608,18518,6,4480,528,129,0,0,0,0,0,0,0,0,0,31082107,2018,0.43,1053.8,2829.07,0,53.2,97.7,67.4,33.6,64,526.8,36.9,615.4,155.4,152.5,1029.6,365069,5177,12.9,89.5,1500,2.63,1.16,31.3,44.9,65,26.52,12237029,72915,77.1,3432.73,0,1200,400,720,240,4200,7500,8500,102,1.5,6000,0,0,0,0,0,71.9,30,69.17,63.12,40.1,0,0
2026-08-31T03:16:45.534000+09:00,2026-08-30T18:16:45.534000+00:00,094623,1901.3,1,0,0,0,0,13439,497,13439,0,0,0,0,4651,-28608,10326,6,4480,0,129,0,0,0,0,0,0,0,0,0,31082107,2018,0.48,1007.42,2908.72,0,53.2,98.5,67.3,33.5,64.1,525.9,36.4,617.1,157.8,155.1,1067.4,365069,5177,12.71,90.1,1500,2.64,1.15,31.4,43.7,65,26.67,12237033,72915,76.93,3432.74,0,1200,400,720,240,4200,7500,8500,102,1.5,6000,0,0,0,0,0,70.6,30,71.71,64.69,40.1,0,0
2026-08-31T03:17:45.626000+09:00,2026-08-30T18:17:45.626000+00:00,094623,1782.6,1,0,0,0,0,13439,496,13439,0,0,0,0,4655,-28608,10326,6,4480,0,129,0,0,0,0,0,0,0,0,0,31082107,2018,0.48,1012.3,2794.88,0,53.3,98.7,67.6,33.5,64.2,528.8,37.8,613.8,155.8,152.7,1070,365070,5178,12.67,90.9,1500,2.64,1.15,31,44.8,65,26.64,12237038,72915,78.23,3432.74,0,1200,400,720,240,4200,7500,8500,102,1.5,6000,0,0,0,0,0,70.62,30,73.21,67.97,40.1,0,0
2026-08-31T03:18:45.729000+09:00,2026-08-30T18:18:45.729000+00:00,094623,1911.1,1,0,0,0,0,13439,495,13439,0,0,0,0,4651,-28608,12374,6,4512,72,129,0,0,0,0,0,0,0,0,0,31082107,2018,0.46,984.22,2895.29,0,53.4,98.2,67.9,33.5,64.2,527.2,36.4,612.2,157,153.8,1061.1,365070,5178,12.87,90.5,1490,2.62,1.15,31.4,43.9,65,26.31,12237042,72915,79.95,3432.74,0,1200,400,720,240,4200,7500,8500,102,1.5,6000,0,0,0,0,0,71.18,30,72.3,67.67,40.1,0,0
2026-08-31T03:19:45.830000+09:00,2026-08-30T18:19:45.830000+00:00,094623,1905.0,1,0,0,0,0,13439,499,13439,0,0,0,0,4651,-28608,10326,6,4480,0,129,0,0,0,0,0,0,0,0,0,31082107,2018,0.46,1035.49,2940.46,0,53.5,97.9,68.2,33.5,64.3,527.3,37,612,157.3,153.9,1070.9,365070,5178,12.84,90.1,1510,2.64,1.16,31.1,44,65,26.68,12237047,72915,80.17,3432.74,0,1200,400,720,240,4200,7500,8500,102,1.5,6000,0,0,0,0,0,72.26,30,71.57,66.96,40.1,0,0
2026-08-31T03:20:45.911000+09:00,2026-08-30T18:20:45.911000+00:00,094623,1905.0,1,0,0,0,0,13439,497,13439,0,0,0,0,4651,-28608,18518,6,4480,16,129,0,0,0,0,0,0,0,0,0,31082107,2018,0.46,996.43,2901.39,0,53.6,98,68.3,33.5,64.3,528.3,36.6,618.6,157.6,154.3,1036.1,365070,5178,12.65,89.8,1500,2.63,1.15,31.2,44.1,65,26.56,12237051,72915,79.86,3432.74,0,1200,400,720,240,4200,7500,8500,102,1.5,6000,0,0,0,0,0,72.87,30,71.79,65.94,40.1,0,0
2026-08-31T03:21:46.028000+09:00,2026-08-30T18:21:46.028000+00:00,094623,1967.2,1,0,0,0,0,13439,495,13439,0,0,0,0,4651,-28608,10326,6,4480,0,129,0,0,0,0,0,0,0,0,0,31082107,2018,0.48,943.94,2911.16,0,53.7,98.1,68.5,33.5,64.4,526.9,36,616.9,157.8,154.5,1028.7,365070,5178,12.81,89.9,1490,2.63,1.15,31.5,44,65,26.65,12237056,72915,78.29,3432.74,0,1200,400,720,240,4200,7500,8500,102,1.5,6000,0,0,0,0,0,74.05,30,72.07,65.96,40.1,0,0
2026-08-31T03:22:46.123000+09:00,2026-08-30T18:22:46.123000+00:00,094623,2147.9,1,0,0,0,0,13439,500,13439,0,0,0,0,4655,-26560,10326,6,4480,0,129,0,0,0,0,0,0,0,0,0,31082107,2018,0.5,1097.75,3245.64,0,53.8,98.4,68.6,33.5,64.6,523.6,36.5,619.6,160.8,157.5,1059.3,365070,5178,12.51,90.5,1510,2.66,1.15,31.9,42.1,65,26.5,12237060,72915,78.53,3432.74,0,1200,400,720,240,4200,7500,8500,102,1.5,6000,0,0,0,0,0,75.4,30,73.44,68.4,40.1,0,0
2026-08-31T03:23:46.231000+09:00,2026-08-30T18:23:46.231000+00:00,094623,2084.4,1,0,0,0,0,13439,494,13439,0,0,0,0,4651,-28608,12374,6,4512,72,129,0,0,0,0,0,0,0,0,0,31082107,2018,0.49,1101.41,3185.83,0,53.8,98.6,68.6,33.5,64.8,525.2,36.2,618.9,161.6,158.4,1045.9,365071,5179,12.55,90.6,1490,2.62,1.15,31.8,42.5,65,26.23,12237064,72915,79.54,3432.75,0,1200,400,720,240,4200,7500,8500,102,1.5,6000,0,0,0,0,0,76.07,30,74.61,69.27,40.1,0,0
2026-08-31T03:24:46.323000+09:00,2026-08-30T18:24:46.323000+00:00,094623,2046.6,1,0,0,0,0,13439,497,13439,0,0,0,0,4655,-28608,10326,6,4480,0,129,0,0,0,0,0,0,0,0,0,31082107,2018,0.47,1036.71,3083.28,0,53.9,98.2,68.5,33.5,64.9,525.6,36.6,616.4,161.6,158.1,1050,365071,5179,12.77,90.2,1500,2.64,1.15,31.4,42.7,65,26.63,12237069,72915,80.04,3432.75,0,1200,400,720,240,4200,7500,8500,102,1.5,6000,0,0,0,0,0,76.67,30,74.01,68.94,40.1,0,0
2026-08-31T03:25:46.415000+09:00,2026-08-30T18:25:46.415000+00:00,094623,2060.0,1,0,0,0,0,13439,497,13439,0,0,0,0,4651,-28608,10390,590,20864,8192,129,0,0,0,0,0,0,0,0,0,31082107,2018,0.47,958.59,3018.59,0,53.9,98.3,68.1,33.5,64.9,527.7,36.4,617,160.8,157.5,1053.6,365071,5179,12.79,90.2,1500,2.64,1.14,31.2,42.7,65,26.41,12237073,72915,79.64,3432.75,0,1200,400,720,240,4200,7500,8500,102,1.5,6000,0,0,0,0,0,75.98,30,74.63,69.32,40.2,0,0
2026-08-31T03:26:46.514000+09:00,2026-08-30T18:26:46.514000+00:00,094623,1961.1,1,0,0,0,0,13439,497,13439,0,0,0,0,4651,-28608,10326,6,4480,0,129,0,0,0,0,0,0,0,0,0,31082107,2018,0.48,986.66,2947.78,0,54,98.3,67.8,33.5,64.8,528.5,36.5,612.8,159.7,156.2,1020.9,365071,5179,12.79,89.9,1500,2.63,1.15,31,43.7,65,26.73,12237078,72915,80.68,3432.75,0,1200,400,720,240,4200,7500,8500,102,1.5,6000,0,0,0,0,0,75.01,30,75.08,68.43,40.1,0,0
2026-08-31T03:27:46.603000+09:00,2026-08-30T18:27:46.603000+00:00,094623,2010.0,1,0,0,0,0,13439,497,13439,0,0,0,0,4655,-26560,10390,6,20864,0,129,0,0,0,0,0,0,0,0,0,31082107,2018,0.43,926.85,2936.8,0,54,97.4,67.6,33.5,64.7,528.9,37,612.6,159.1,155.8,1039,365071,5179,12.55,90.2,1500,2.64,1.14,31,43.3,65,26.67,12237082,72915,79.37,3432.75,0,1200,400,720,240,4200,7500,8500,102,1.5,6000,0,0,0,0,0,73.95,30,72.22,69.28,40.1,0,0
2026-08-31T03:28:46.691000+09:00,2026-08-30T18:28:46.691000+00:00,094623,2006.3,1,0,0,0,0,13439,497,13439,0,0,0,0,4651,-28608,12374,518,4512,8,129,0,0,0,0,0,0,0,0,0,31082107,2018,0.4,989.1,2995.39,0,54,97,67.5,33.5,64.7,529.3,36.7,615,158.1,154.7,1053.9,365071,5179,12.5,90,1510,2.63,1.15,31.2,43.8,65,26.14,12237087,72915,80.15,3432.75,0,1200,400,720,240,4200,7500,8500,102,1.5,6000,0,0,0,0,0,72.92,30,69.63,69.16,40.1,0,0
2026-08-31T03:29:46.806000+09:00,2026-08-30T18:29:46.806000+00:00,094623,2047.8,1,0,0,0,0,13439,497,13439,0,0,0,0,4651,-28608,10342,6,12676,0,129,0,0,0,0,0,0,0,0,0,31082107,2018,0.42,946.38,2994.17,0,54,98.2,67.5,33.5,64.7,528.2,36.4,616.4,158,154.8,1020.7,365072,5180,12.35,89.2,1500,2.63,1.15,31.2,43.4,65,26.61,12237091,72915,80.92,3432.75,0,1200,400,720,240,4200,7500,8500,102,1.5,6000,0,0,0,0,0,72.21,30,72.51,66.17,40.1,0,0
2026-08-31T03:30:46.900000+09:00,2026-08-30T18:30:46.900000+00:00,094623,2117.4,1,0,0,0,0,13439,494,13439,0,0,0,0,4651,-28608,10326,6,4480,0,129,0,0,0,0,0,0,0,0,0,31082107,2018,0.43,1008.64,3126.01,0,53.9,98.4,67.6,33.5,64.7,527.7,36,616,158.8,155.3,1053.2,365072,5180,12.88,89.1,1490,2.63,1.15,31.8,43.2,65,26.6,12237095,72915,79.18,3432.75,0,1200,400,720,240,4200,7500,8500,102,1.5,6000,0,0,0,0,0,71.72,30,73.63,64.27,40.1,0,0
2026-08-31T03:31:46.988000+09:00,2026-08-30T18:31:46.988000+00:00,094623,2128.4,1,0,0,0,0,13439,495,13439,0,0,0,0,4651,-28608,10326,6,4480,0,129,0,0,0,0,0,0,0,0,0,31082107,2018,0.45,1063.57,3191.93,0,53.8,98.2,67.7,33.4,64.7,526.7,36,616.6,159.4,156.1,1045.5,365072,5180,12.71,89.6,1500,2.63,1.15,31.5,42.4,65,26.62,12237100,72915,79.49,3432.76,0,1200,400,720,240,4200,7500,8500,102,1.5,6000,0,0,0,0,0,71.5,30,73.52,64.93,40.1,0,0
2026-08-31T03:32:47.094000+09:00,2026-08-30T18:32:47.094000+00:00,094623,2176.0,1,0,0,0,0,13439,496,13439,0,0,0,0,4651,-28608,10326,6,4480,0,129,0,0,0,0,0,0,0,0,0,31082107,2018,0.46,1160.01,3335.98,0,53.7,97.9,68,33.4,64.8,525.6,36.3,616.9,160.1,156.8,1060.4,365072,5180,12.48,89.9,1500,2.62,1.15,31.5,41.6,65,26.66,12237104,72915,80.25,3432.76,0,1200,400,720,240,4200,7500,8500,102,1.5,6000,0,0,0,0,0,72.13,30,72.64,65.4,40,0,0
2026-08-31T03:33:47.178000+09:00,2026-08-30T18:33:47.178000+00:00,094623,2105.2,1,0,0,0,0,13439,497,13439,0,0,0,0,4655,-28608,8278,6,4480,0,129,0,0,0,0,0,0,0,0,0,31082107,2018,0.46,1069.67,3174.84,0,53.7,97.8,68.1,33.4,64.8,528.1,36.1,624,160.1,156.8,1044.7,365072,5180,12.67,90.5,1500,2.63,1.15,31.2,42.4,65,26.33,12237109,72915,78.63,3432.76,0,1200,400,720,240,4200,7500,8500,102,1.5,6000,0,0,0,0,0,72.58,30,72.18,67.32,40,0,0
2026-08-31T03:34:47.290000+09:00,2026-08-30T18:34:47.290000+00:00,094623,2085.6,1,0,0,0,0,13439,497,13439,0,0,0,0,4651,-28608,10326,6,4480,0,129,0,0,0,0,0,0,0,0,0,31082107,2018,0.45,882.9,2968.54,0,53.7,97.6,68.2,33.4,64.7,529.4,35.9,617.3,158.9,155.4,1037.9,365072,5180,12.77,90.9,1500,2.63,1.14,31.1,43.8,65,26.64,12237113,72915,81.51,3432.76,0,1200,400,720,240,4200,7500,8500,102,1.5,6000,0,0,0,0,0,73.16,30,71.07,69.86,40.1,0,0
