timestamp_jst,timestamp_utc,deviceId,diff_pressure_Pa,unit_status1,1101,1102,1103,1104,1105,1106,1107,1108,1109,1110,1111,1112,1113,1114,1115,1116,1117,1118,1119,1150,1151,1152,1153,1154,1155,1156,1157,serial_number,1202,circulation_pressure_bar,gas_pressure_before_filter_Pa,gas_pressure_before_engine_Pa,1210,1212,1214,1216,1218,1220,1222,gasifier_top_temp_C,gas_temp_after_gasifier_C,gas_temp_before_filter_primary_C,gas_temp_before_filter_secondary_C,gasifier_throat_temp_C,1234,1236,1238,cooling_circ_temp_in_engine_C,engine,oil_pressure_bar,1246,1248,1250,1252,power_kW_IEM3255,produced_energy_EM1_Wh,1258,1260,1262,1264,throat_temp_high_limit_C,gasifier_top_temp_high_limit_C,gas_temp_after_gasifier_high_limit_C,gas_temp_before_filter_high_limit_C,filter_dp_high_limit_Pa,gas_pressure_before_filter_high_limit_Pa,gas_pressure_before_engine_high_limit_Pa,cooling_circ_temp_high_limit_C,oil_pressure_low_limit_bar,1284,1286,1288,1290,1292,1294,1296,1298,1300,1302,1304,1306,1308
2026-08-07T09:00:18.811000+09:00,2026-08-07T00:00:18.811000+00:00,094623,0.0,2,0,0,0,0,13354,0,13354,0,0,0,0,4623,-24512,10330,0,256,0,161,0,0,0,0,2,0,0,0,2056,31082107,2018,0.09,0,0,0,28,28.9,28.7,28.7,28.7,28.3,27,26.7,27.5,27.6,29.3,360957,1065,0,0,0,0,0,0,0,60,-0.32,12164026,72243,0,3404.94,0,1200,400,720,240,4200,7500,8500,102,1.5,6000,0,0,0,0,0,30,0,30,35,27.7,0,0
2026-08-07T09:01:18.918000+09:00,2026-08-07T00:01:18.918000+00:00,094623,-1.5,2,0,0,0,0,13354,0,13354,0,0,0,0,4623,-24512,10330,0,256,0,161,0,0,0,0,2,0,0,0,2056,31082107,2018,0.09,1.53,0,0,28,28.9,28.7,28.7,28.7,28.3,27,26.7,27.5,27.6,29.3,360957,1065,0,0,0,0,0,0,0,60,-0.32,12164026,72243,0,3404.94,0,1200,400,720,240,4200,7500,8500,102,1.5,6000,0,0,0,0,0,30,0,30,35,27.7,0,0
2026-08-07T09:02:19.026000+09:00,2026-08-07T00:02:19.026000+00:00,094623,0.0,2,0,0,0,0,13354,0,13354,0,0,0,0,4623,-24512,10330,0,256,0,161,0,0,0,0,2,0,0,0,2056,31082107,2018,0.09,0,0,0,28,28.9,28.7,28.7,28.7,28.4,27.1,26.7,27.6,27.7,29.3,360957,1065,0,0,0,0,0,0,0,60,-0.31,12164026,72243,0,3404.94,0,1200,400,720,240,4200,7500,8500,102,1.5,6000,0,0,0,0,0,30,0,30,35,27.7,0,0
2026-08-07T09:03:19.148000+09:00,2026-08-07T00:03:19.148000+00:00,094623,-2.8,2,0,0,0,0,13354,0,13354,0,0,0,0,4623,-24512,10330,0,256,0,161,0,0,0,0,2,0,0,0,2056,31082107,2018,0.09,2.75,0,0,28,28.9,28.7,28.7,28.8,28.3,27.1,26.7,27.6,27.7,29.3,360957,1065,0,0,0,0,0,0,0,60,-0.31,12164026,72243,0,3404.94,0,1200,400,720,240,4200,7500,8500,102,1.5,6000,0,0,0,0,0,30,0,30,35,27.7,0,0
2026-08-07T09:04:19.243000+09:00,2026-08-07T00:04:19.243000+00:00,094623,-2.8,2,0,0,0,0,13354,0,13354,0,0,0,0,4623,-24512,10330,0,256,0,161,0,0,0,0,2,0,0,0,2056,31082107,2018,0.09,2.75,0,0,28,28.9,28.7,28.8,28.8,28.4,27.1,26.7,27.6,27.7,29.3,360957,1065,0,0,0,0,0,0,0,60,-0.32,12164026,72243,0,3404.94,0,1200,400,720,240,4200,7500,8500,102,1.5,6000,0,0,0,0,0,30,0,30,35,27.8,0,0
2026-08-07T09:05:19.328000+09:00,2026-08-07T00:05:19.328000+00:00,094623,0.0,2,0,0,0,0,13354,0,13354,0,0,0,0,4623,-24512,10330,0,256,0,161,0,0,0,0,2,0,0,0,2056,31082107,2018,0.09,0,0,0,28,28.9,28.7,28.8,28.8,28.4,27.1,26.7,27.6,27.7,29.3,360957,1065,0,0,0,0,0,0,0,60,-0.32,12164026,72243,0,3404.94,0,1200,400,720,240,4200,7500,8500,102,1.5,6000,0,0,0,0,0,30,0,30,35,27.8,0,0
2026-08-07T09:06:19.426000+09:00,2026-08-07T00:06:19.426000+00:00,094623,-2.8,2,0,0,0,0,13354,0,13354,0,0,0,0,4623,-24512,10330,0,256,0,161,0,0,0,0,2,0,0,0,2056,31082107,2018,0.09,2.75,0,0,28.1,28.9,28.7,28.8,28.8,28.4,27.1,26.8,27.6,27.7,29.3,360957,1065,0,0,0,0,0,0,0,60,-0.32,12164026,72243,0,3404.94,0,1200,400,720,240,4200,7500,8500,102,1.5,6000,0,0,0,0,0,30,0,30,35,27.8,0,0
2026-08-07T09:07:19.527000+09:00,2026-08-07T00:07:19.527000+00:00,094623,0.0,2,0,0,0,0,13354,0,13354,0,0,0,0,4623,-24512,10330,0,256,0,161,0,0,0,0,2,0,0,0,2056,31082107,2018,0.09,0,0,0,28.1,28.9,28.7,28.8,28.8,28.4,27.1,26.8,27.6,27.7,29.3,360957,1065,0,0,0,0,0,0,0,60,-0.31,12164026,72243,0,3404.94,0,1200,400,720,240,4200,7500,8500,102,1.5,6000,0,0,0,0,0,30,0,30,35,27.8,0,0
2026-08-07T09:08:19.628000+09:00,2026-08-07T00:08:19.628000+00:00,094623,-1.5,2,0,0,0,0,13354,0,13354,0,0,0,0,4623,-24512,10330,0,256,0,161,0,0,0,0,2,0,0,0,2056,31082107,2018,0.09,1.53,0,0,28.1,28.9,28.8,28.8,28.9,28.4,27.1,26.8,27.6,27.7,29.3,360957,1065,0,0,0,0,0,0,0,60,-0.32,12164026,72243,0,3404.94,0,1200,400,720,240,4200,7500,8500,102,1.5,6000,0,0,0,0,0,30,0,30,35,27.8,0,0
2026-08-07T09:09:19.731000+09:00,2026-08-07T00:09:19.731000+00:00,094623,-2.8,2,0,0,0,0,13354,0,13354,0,0,0,0,4623,-24512,10330,0,256,0,161,0,0,0,0,2,0,0,0,2056,31082107,2018,0.09,2.75,0,0,28.1,28.9,28.8,28.9,28.9,28.4,27.1,26.8,27.6,27.7,29.3,360957,1065,0,0,0,0,0,0,0,60,-0.32,12164026,72243,0,3404.94,0,1200,400,720,240,4200,7500,8500,102,1.5,6000,0,0,0,0,0,30,0,30,35,27.8,0,0
2026-08-07T09:10:19.826000+09:00,2026-08-07T00:10:19.826000+00:00,094623,0.0,2,0,0,0,0,13354,0,13354,0,0,0,0,4623,-24512,10330,0,256,0,161,0,0,0,0,2,0,0,0,2056,31082107,2018,0.09,0,0,0,28.1,28.9,28.8,28.9,28.9,28.4,27.2,26.8,27.6,27.7,29.2,360957,1065,0,0,0,0,0,0,0,60,-0.32,12164026,72243,0,3404.94,0,1200,400,720,240,4200,7500,8500,102,1.5,6000,0,0,0,0,0,30,0,30,35,27.8,0,0
2026-08-07T09:11:19.928000+09:00,2026-08-07T00:11:19.928000+00:00,094623,0.0,2,0,0,0,0,13354,0,13354,0,0,0,0,4623,-24512,10330,0,256,0,161,0,0,0,0,2,0,0,0,2056,31082107,2018,0.09,0,0,0,28.1,28.9,28.8,29,28.9,28.4,27.2,26.8,27.6,27.8,29.2,360957,1065,0,0,0,0,0,0,0,60,-0.32,12164026,72243,0,3404.94,0,1200,400,720,240,4200,7500,8500,102,1.5,6000,0,0,0,0,0,30,0,30,35,27.8,0,0
2026-08-07T09:12:20.042000+09:00,2026-08-07T00:12:20.042000+00:00,094623,-2.8,2,0,0,0,0,13354,0,13354,0,0,0,0,4623,-24512,10330,0,256,0,161,0,0,0,0,2,0,0,0,2056,31082107,2018,0.09,2.75,0,0,28.1,28.9,28.8,29,28.9,28.4,27.2,26.8,27.7,27.8,29.2,360957,1065,0,0,0,0,0,0,0,60,-0.32,12164026,72243,0,3404.94,0,1200,400,720,240,4200,7500,8500,102,1.5,6000,0,0,0,0,0,30,0,30,35,27.8,0,0
2026-08-07T09:13:20.131000+09:00,2026-08-07T00:13:20.131000+00:00,094623,0.0,2,0,0,0,0,13354,0,13354,0,0,0,0,4623,-24512,10330,0,256,0,161,0,0,0,0,2,0,0,0,2056,31082107,2018,0.09,0,0,0,28.1,28.9,28.8,29,29,28.4,27.2,26.8,27.7,27.8,29.2,360957,1065,0,0,0,0,0,0,0,60,-0.31,12164026,72243,0,3404.94,0,1200,400,720,240,4200,7500,8500,102,1.5,6000,0,0,0,0,0,30,0,30,35,27.8,0,0
2026-08-07T09:14:20.241000+09:00,2026-08-07T00:14:20.241000+00:00,094623,0.0,2,0,0,0,0,13354,0,13354,0,0,0,0,4623,-24512,10330,0,256,0,161,0,0,0,0,2,0,0,0,2056,31082107,2018,0.09,0,0,0,28.1,29,28.9,29.1,29,28.4,27.2,26.8,27.7,27.8,29.2,360957,1065,0,0,0,0,0,0,0,60,-0.32,12164026,72243,0,3404.94,0,1200,400,720,240,4200,7500,8500,102,1.5,6000,0,0,0,0,0,30,0,30,35,27.8,0,0
2026-08-07T09:15:20.338000+09:00,2026-08-07T00:15:20.338000+00:00,094623,0.0,2,0,0,0,0,13354,0,13354,0,0,0,0,4623,-24512,10330,0,256,0,161,0,0,0,0,2,0,0,0,2056,31082107,2018,0.09,0,0,0,28.2,29,28.9,29.1,29,28.5,27.3,26.9,27.7,27.8,29.2,360957,1065,0,0,0,0,0,0,0,60,-0.31,12164026,72243,0,3404.94,0,1200,400,720,240,4200,7500,8500,102,1.5,6000,0,0,0,0,0,30,0,30,35,27.8,0,0
2026-08-07T09:16:20.435000+09:00,2026-08-07T00:16:20.435000+00:00,094623,0.0,2,0,0,0,0,13354,0,13354,0,0,0,0,4623,-24512,10330,0,256,0,161,0,0,0,0,2,0,0,0,2056,31082107,2018,0.09,0,0,0,28.2,29,28.9,29.2,29.1,28.5,27.3,26.9,27.7,27.8,29.2,360957,1065,0,0,0,0,0,0,0,60,-0.32,12164026,72244,0,3404.94,0,1200,400,720,240,4200,7500,8500,102,1.5,6000,0,0,0,0,0,30,0,30,35,27.9,0,0
2026-08-07T09:17:20.530000+09:00,2026-08-07T00:17:20.530000+00:00,094623,0.0,2,0,0,0,0,13354,0,13354,0,0,0,0,4623,-24512,10330,0,256,0,161,0,0,0,0,2,0,0,0,2056,31082107,2018,0.09,0,0,0,28.2,29,28.9,29.2,29.1,28.5,27.3,26.9,27.7,27.8,29.2,360957,1065,0,0,0,0,0,0,0,60,-0.32,12164026,72244,0,3404.94,0,1200,400,720,240,4200,7500,8500,102,1.5,6000,0,0,0,0,0,30,0,30,35,27.9,0,0
2026-08-07T09:18:20.631000+09:00,2026-08-07T00:18:20.631000+00:00,094623,-2.8,2,0,0,0,0,13354,0,13354,0,0,0,0,4623,-24512,10330,0,256,0,161,0,0,0,0,2,0,0,0,2056,31082107,2018,0.09,2.75,0,0,28.2,29,28.9,29.2,29.1,28.5,27.4,26.9,27.7,27.8,29.2,360957,1065,0,0,0,0,0,0,0,60,-0.32,12164026,72244,0,3404.94,0,1200,400,720,240,4200,7500,8500,102,1.5,6000,0,0,0,0,0,30,0,30,35,27.9,0,0
2026-08-07T09:19:20.712000+09:00,2026-08-07T00:19:20.712000+00:00,094623,0.0,2,0,0,0,0,13354,0,13354,0,0,0,0,4623,-24512,10330,0,256,0,161,0,0,0,0,2,0,0,0,2056,31082107,2018,0.09,0,0,0,28.2,29,28.9,29.3,29.2,28.5,27.4,26.9,27.8,27.9,29.2,360957,1065,0,0,0,0,0,0,0,60,-0.31,12164026,72244,0,3404.94,0,1200,400,720,240,4200,7500,8500,102,1.5,6000,0,0,0,0,0,30,0,30,35,27.9,0,0
2026-08-07T09:20:20.809000+09:00,2026-08-07T00:20:20.809000+00:00,094623,0.0,2,0,0,0,0,13354,0,13354,0,0,0,0,4623,-24512,10330,0,256,0,161,0,0,0,0,2,0,0,0,2056,31082107,2018,0.09,0,0,0,28.2,29,29,29.3,29.2,28.5,27.4,26.9,27.8,27.9,29.2,360957,1065,0,0,0,0,0,0,0,60,-0.32,12164026,72244,0,3404.94,0,1200,400,720,240,4200,7500,8500,102,1.5,6000,0,0,0,0,0,30,0,30,35,27.9,0,0
2026-08-07T09:21:20.887000+09:00,2026-08-07T00:21:20.887000+00:00,094623,0.0,2,0,0,0,0,13354,0,13354,0,0,0,0,4623,-24512,10330,0,256,0,161,0,0,0,0,2,0,0,0,2056,31082107,2018,0.09,0,0,0,28.2,29,29,29.4,29.2,28.5,27.4,26.9,27.8,27.9,29.2,360957,1065,0,0,0,0,0,0,0,60,-0.32,12164026,72244,0,3404.94,0,1200,400,720,240,4200,7500,8500,102,1.5,6000,0,0,0,0,0,30,0,30,35,27.9,0,0
2026-08-07T09:22:20.986000+09:00,2026-08-07T00:22:20.986000+00:00,094623,-1.5,2,0,0,0,0,13354,0,13354,0,0,0,0,4623,-24512,10330,0,256,0,161,0,0,0,0,2,0,0,0,2056,31082107,2018,0.09,1.53,0,0,28.2,29,29,29.4,29.3,28.5,27.5,27,27.8,27.9,29.2,360957,1065,0,0,0,0,0,0,0,60,-0.32,12164026,72244,0,3404.94,0,1200,400,720,240,4200,7500,8500,102,1.5,6000,0,0,0,0,0,30,0,30,35,27.9,0,0
2026-08-07T09:23:21.090000+09:00,2026-08-07T00:23:21.090000+00:00,094623,0.0,2,0,0,0,0,13354,0,13354,0,0,0,0,4623,-24512,10330,0,256,0,161,0,0,0,0,2,0,0,0,2056,31082107,2018,0.09,0,0,0,28.2,29,29,29.5,29.3,28.6,27.5,27,27.8,27.9,29.2,360957,1065,0,0,0,0,0,0,0,60,-0.31,12164026,72244,0,3404.94,0,1200,400,720,240,4200,7500,8500,102,1.5,6000,0,0,0,0,0,30,0,30,35,27.9,0,0
2026-08-07T09:24:21.184000+09:00,2026-08-07T00:24:21.184000+00:00,094623,-1.5,2,0,0,0,0,13354,0,13354,0,0,0,0,4623,-24512,10330,0,256,0,161,0,0,0,0,2,0,0,0,2056,31082107,2018,0.09,1.53,0,0,28.3,29,29.1,29.5,29.4,28.6,27.5,27,27.8,27.9,29.2,360957,1065,0,0,0,0,0,0,0,60,-0.31,12164026,72244,0,3404.94,0,1200,400,720,240,4200,7500,8500,102,1.5,6000,0,0,0,0,0,30,0,30,35,27.9,0,0
2026-08-07T09:25:21.348000+09:00,2026-08-07T00:25:21.348000+00:00,094623,-1.5,2,0,0,0,0,13354,0,13354,0,0,0,0,4623,-24512,10330,0,256,0,161,0,0,0,0,2,0,0,0,2056,31082107,2018,0.09,1.53,0,0,28.3,29,29.1,29.5,29.4,28.6,27.5,27,27.8,27.9,29.2,360957,1065,0,0,0,0,0,0,0,60,-0.32,12164026,72244,0,3404.94,0,1200,400,720,240,4200,7500,8500,102,1.5,6000,0,0,0,0,0,30,0,30,35,27.9,0,0
2026-08-07T09:26:21.389000+09:00,2026-08-07T00:26:21.389000+00:00,094623,0.0,2,0,0,0,0,13354,0,13354,0,0,0,0,4623,-24512,10330,0,256,0,161,0,0,0,0,2,0,0,0,2056,31082107,2018,0.09,0,0,0,28.3,29.1,29.1,29.6,29.4,28.6,27.6,27,27.9,27.9,29.2,360957,1065,0,0,0,0,0,0,0,60,-0.32,12164026,72244,0,3404.94,0,1200,400,720,240,4200,7500,8500,102,1.5,6000,0,0,0,0,0,30,0,30,35,27.9,0,0
2026-08-07T09:27:21.490000+09:00,2026-08-07T00:27:21.490000+00:00,094623,-4.0,2,0,0,0,0,13354,0,13354,0,0,0,0,4623,-24512,10330,0,256,0,161,0,0,0,0,2,0,0,0,2056,31082107,2018,0.09,3.97,0,0,28.3,29.1,29.2,29.6,29.5,28.6,27.6,27,27.9,28,29.2,360957,1065,0,0,0,0,0,0,0,60,-0.32,12164026,72244,0,3404.94,0,1200,400,720,240,4200,7500,8500,102,1.5,6000,0,0,0,0,0,30,0,30,35,27.9,0,0
2026-08-07T09:28:21.595000+09:00,2026-08-07T00:28:21.595000+00:00,094623,-4.0,2,0,0,0,0,13354,0,13354,0,0,0,0,4623,-24512,10330,0,256,0,161,0,0,0,0,2,0,0,0,2056,31082107,2018,0.09,3.97,0,0,28.3,29.1,29.2,29.6,29.5,28.6,27.6,27.1,27.9,28,29.2,360957,1065,0,0,0,0,0,0,0,60,-0.32,12164026,72244,0,3404.94,0,1200,400,720,240,4200,7500,8500,102,1.5,6000,0,0,0,0,0,30,0,30,35,27.9,0,0
2026-08-07T09:29:21.677000+09:00,2026-08-07T00:29:21.677000+00:00,094623,-1.5,2,0,0,0,0,13354,0,13354,0,0,0,0,4623,-24512,10330,0,256,0,161,0,0,0,0,2,0,0,0,2056,31082107,2018,0.09,1.53,0,0,28.3,29.1,29.2,29.6,29.6,28.6,27.6,27.1,27.9,28,29.2,360957,1065,0,0,0,0,0,0,0,60,-0.32,12164026,72244,0,3404.94,0,1200,400,720,240,4200,7500,8500,102,1.5,6000,0,0,0,0,0,30,0,30,35,28,0,0
2026-08-07T09:30:21.774000+09:00,2026-08-07T00:30:21.774000+00:00,094623,0.0,2,0,0,0,0,13354,0,13354,0,0,0,0,4623,-24512,10330,0,256,0,161,0,0,0,0,2,0,0,0,2056,31082107,2018,0.09,0,0,0,28.3,29.1,29.2,29.7,29.6,28.6,27.7,27.1,27.9,28,29.1,360957,1065,0,0,0,0,0,0,0,60,-0.31,12164026,72244,0,3404.94,0,1200,400,720,240,4200,7500,8500,102,1.5,6000,0,0,0,0,0,30,0,30,35,28,0,0
2026-08-07T09:31:21.874000+09:00,2026-08-07T00:31:21.874000+00:00,094623,-1.5,2,0,0,0,0,13354,0,13354,0,0,0,0,4623,-24512,10330,0,256,0,161,0,0,0,0,2,0,0,0,2056,31082107,2018,0.09,1.53,0,0,28.4,29.1,29.2,29.7,29.6,28.7,27.7,27.1,28,28,29.1,360957,1065,0,0,0,0,0,0,0,60,-0.32,12164026,72244,0,3404.94,0,1200,400,720,240,4200,7500,8500,102,1.5,6000,0,0,0,0,0,30,0,30,35,28,0,0
2026-08-07T09:32:21.967000+09:00,2026-08-07T00:32:21.967000+00:00,094623,0.0,2,0,0,0,0,13354,0,13354,0,0,0,0,4623,-24512,10330,0,256,0,161,0,0,0,0,2,0,0,0,2056,31082107,2018,0.09,0,0,0,28.4,29.1,29.3,29.7,29.6,28.7,27.7,27.1,28,28,29.1,360957,1065,0,0,0,0,0,0,0,60,-0.32,12164026,72244,0,3404.94,0,1200,400,720,240,4200,7500,8500,102,1.5,6000,0,0,0,0,0,30,0,30,35,28,0,0
2026-08-07T09:33:22.058000+09:00,2026-08-07T00:33:22.058000+00:00,094623,-1.5,2,0,0,0,0,13354,0,13354,0,0,0,0,4623,-24512,10330,0,256,0,161,0,0,0,0,2,0,0,0,2056,31082107,2018,0.09,1.53,0,0,28.4,29.1,29.3,29.7,29.7,28.7,27.7,27.2,28,28.1,29.1,360957,1065,0,0,0,0,0,0,0,60,-0.31,12164026,72244,0,3404.94,0,1200,400,720,240,4200,7500,8500,102,1.5,6000,0,0,0,0,0,30,0,30,35,28,0,0
2026-08-07T09:34:22.149000+09:00,2026-08-07T00:34:22.149000+00:00,094623,0.0,2,0,0,0,0,13354,0,13354,0,0,0,0,4623,-24512,10330,0,256,0,161,0,0,0,0,2,0,0,0,2056,31082107,2018,0.09,0,0,0,28.4,29.1,29.3,29.7,29.7,28.7,27.7,27.2,28,28.1,29.1,360957,1065,0,0,0,0,0,0,0,60,-0.32,12164026,72244,0,3404.94,0,1200,400,720,240,4200,7500,8500,102,1.5,6000,0,0,0,0,0,30,0,30,35,28,0,0
2026-08-07T09:35:22.253000+09:00,2026-08-07T00:35:22.253000+00:00,094623,0.0,2,0,0,0,0,13354,0,13354,0,0,0,0,4623,-24512,10330,0,256,0,161,0,0,0,0,2,0,0,0,2056,31082107,2018,0.09,0,0,0,28.4,29.1,29.3,29.7,29.7,28.7,27.8,27.2,28,28.1,29.1,360957,1065,0,0,0,0,0,0,0,60,-0.31,12164026,72245,0,3404.94,0,1200,400,720,240,4200,7500,8500,102,1.5,6000,0,0,0,0,0,30,0,30,35,28,0,0
2026-08-07T09:36:22.356000+09:00,2026-08-07T00:36:22.356000+00:00,094623,-1.5,2,0,0,0,0,13354,0,13354,0,0,0,0,4623,-24512,10330,0,256,0,161,0,0,0,0,2,0,0,0,2056,31082107,2018,0.09,1.53,0,0,28.4,29.2,29.4,29.8,29.8,28.7,27.8,27.2,28,28.1,29.1,360957,1065,0,0,0,0,0,0,0,60,-0.32,12164026,72245,0,3404.94,0,1200,400,720,240,4200,7500,8500,102,1.5,6000,0,0,0,0,0,30,0,30,35,28,0,0
2026-08-07T09:37:22.442000+09:00,2026-08-07T00:37:22.442000+00:00,094623,0.0,2,0,0,0,0,13354,0,13354,0,0,0,0,4623,-24512,10330,0,256,0,161,0,0,0,0,2,0,0,0,2056,31082107,2018,0.09,0,0,0,28.5,29.2,29.4,29.8,29.8,28.7,27.8,27.2,28,28.1,29.1,360957,1065,0,0,0,0,0,0,0,60,-0.31,12164026,72245,0,3404.94,0,1200,400,720,240,4200,7500,8500,102,1.5,6000,0,0,0,0,0,30,0,30,35,28,0,0
2026-08-07T09:38:22.550000+09:00,2026-08-07T00:38:22.550000+00:00,094623,0.0,2,0,0,0,0,13354,0,13354,0,0,0,0,4623,-24512,10330,0,256,0,161,0,0,0,0,2,0,0,0,2056,31082107,2018,0.09,0,0,0,28.5,29.2,29.4,29.8,29.8,28.8,27.8,27.2,28.1,28.2,29.1,360957,1065,0,0,0,0,0,0,0,60,-0.31,12164026,72245,0,3404.94,0,1200,400,720,240,4200,7500,8500,102,1.5,6000,0,0,0,0,0,30,0,30,35,28.1,0,0
2026-08-07T09:39:22.648000+09:00,2026-08-07T00:39:22.648000+00:00,094623,0.0,2,0,0,0,0,13354,0,13354,0,0,0,0,4623,-24512,10330,0,256,0,161,0,0,0,0,2,0,0,0,2056,31082107,2018,0.09,0,0,0,28.5,29.2,29.4,29.9,29.8,28.7,27.8,27.2,28.1,28.2,29.1,360957,1065,0,0,0,0,0,0,0,60,-0.31,12164026,72245,0,3404.94,0,1200,400,720,240,4200,7500,8500,102,1.5,6000,0,0,0,0,0,30,0,30,35,28.1,0,0
2026-08-07T09:40:22.778000+09:00,2026-08-07T00:40:22.778000+00:00,094623,0.0,2,0,0,0,0,13354,0,13354,0,0,0,0,4623,-24512,10330,0,256,0,161,0,0,0,0,2,0,0,0,2056,31082107,2018,0.09,0,0,0,28.5,29.2,29.5,29.9,29.9,28.8,27.8,27.3,28.1,28.2,29.1,360957,1065,0,0,0,0,0,0,0,60,-0.32,12164026,72245,0,3404.94,0,1200,400,720,240,4200,7500,8500,102,1.5,6000,0,0,0,0,0,30,0,30,35,28,0,0
2026-08-07T09:41:22.862000+09:00,2026-08-07T00:41:22.862000+00:00,094623,0.0,2,0,0,0,0,13354,0,13354,0,0,0,0,4623,-24512,10330,0,256,0,161,0,0,0,0,2,0,0,0,2056,31082107,2018,0.09,0,0,0,28.5,29.2,29.5,29.9,29.9,28.8,27.8,27.3,28.1,28.2,29.1,360957,1065,0,0,0,0,0,0,0,60,-0.31,12164026,72245,0,3404.94,0,1200,400,720,240,4200,7500,8500,102,1.5,6000,0,0,0,0,0,30,0,30,35,28.1,0,0
2026-08-07T09:42:22.958000+09:00,2026-08-07T00:42:22.958000+00:00,094623,0.0,2,0,0,0,0,13354,0,13354,0,0,0,0,4623,-24512,10330,0,256,0,161,0,0,0,0,2,0,0,0,2056,31082107,2018,0.09,0,0,0,28.5,29.2,29.5,29.9,29.9,28.8,27.9,27.3,28.1,28.2,29.1,360957,1065,0,0,0,0,0,0,0,60,-0.31,12164026,72245,0,3404.94,0,1200,400,720,240,4200,7500,8500,102,1.5,6000,0,0,0,0,0,30,0,30,35,28.1,0,0
2026-08-07T09:43:23.054000+09:00,2026-08-07T00:43:23.054000+00:00,094623,-1.5,2,0,0,0,0,13354,0,13354,0,0,0,0,4623,-24512,10330,0,256,0,161,0,0,0,0,2,0,0,0,2056,31082107,2018,0.09,1.53,0,0,28.5,29.2,29.5,29.9,29.9,28.8,27.9,27.3,28.2,28.2,29.1,360957,1065,0,0,0,0,0,0,0,60,-0.32,12164026,72245,0,3404.94,0,1200,400,720,240,4200,7500,8500,102,1.5,6000,0,0,0,0,0,30,0,30,35,28.1,0,0
2026-08-07T09:44:23.152000+09:00,2026-08-07T00:44:23.152000+00:00,094623,0.0,2,0,0,0,0,13354,0,13354,0,0,0,0,4623,-24512,10330,0,256,0,161,0,0,0,0,2,0,0,0,2056,31082107,2018,0.09,0,0,0,28.5,29.2,29.5,29.9,29.9,28.8,27.9,27.3,28.2,28.2,29,360957,1065,0,0,0,0,0,0,0,60,-0.32,12164026,72245,0,3404.94,0,1200,400,720,240,4200,7500,8500,102,1.5,6000,0,0,0,0,0,30,0,30,35,28.1,0,0
2026-08-07T09:45:23.287000+09:00,2026-08-07T00:45:23.287000+00:00,094623,0.0,2,0,0,0,0,13354,0,13354,0,0,0,0,4623,-24512,10330,0,256,0,161,0,0,0,0,2,0,0,0,2056,31082107,2018,0.09,0,0,0,28.6,29.2,29.6,29.9,30,28.8,27.9,27.3,28.2,28.3,29.1,360957,1065,0,0,0,0,0,0,0,60,-0.32,12164026,72245,0,3404.94,0,1200,400,720,240,4200,7500,8500,102,1.5,6000,0,0,0,0,0,30,0,30,35,28.1,0,0
2026-08-07T09:46:23.357000+09:00,2026-08-07T00:46:23.357000+00:00,094623,0.0,2,0,0,0,0,13354,0,13354,0,0,0,0,4623,-24512,10330,0,256,0,161,0,0,0,0,2,0,0,0,2056,31082107,2018,0.09,0,0,0,28.6,29.2,29.6,29.9,30,28.8,27.9,27.3,28.2,28.2,29,360957,1065,0,0,0,0,0,0,0,60,-0.3,12164026,72245,0,3404.94,0,1200,400,720,240,4200,7500,8500,102,1.5,6000,0,0,0,0,0,30,0,30,35,28.1,0,0
2026-08-07T09:47:23.457000+09:00,2026-08-07T00:47:23.457000+00:00,094623,0.0,2,0,0,0,0,13354,0,13354,0,0,0,0,4623,-24512,10330,0,256,0,161,0,0,0,0,2,0,0,0,2056,31082107,2018,0.09,0,0,0,28.6,29.3,29.6,29.9,30,28.8,27.9,27.4,28.2,28.3,29.1,360957,1065,0,0,0,0,0,0,0,60,-0.31,12164026,72245,0,3404.94,0,1200,400,720,240,4200,7500,8500,102,1.5,6000,0,0,0,0,0,30,0,30,35,28.1,0,0
2026-08-07T09:48:23.568000+09:00,2026-08-07T00:48:23.568000+00:00,094623,0.0,2,0,0,0,0,13354,0,13354,0,0,0,0,4623,-24512,10330,0,256,0,161,0,0,0,0,2,0,0,0,2056,31082107,2018,0.09,0,0,0,28.6,29.3,29.6,29.9,30,28.9,27.9,27.4,28.2,28.3,29,360957,1065,0,0,0,0,0,0,0,60,-0.31,12164026,72245,0,3404.94,0,1200,400,720,240,4200,7500,8500,102,1.5,6000,0,0,0,0,0,30,0,30,35,28.2,0,0
2026-08-07T09:49:23.665000+09:00,2026-08-07T00:49:23.665000+00:00,094623,0.0,2,0,0,0,0,13354,0,13354,0,0,0,0,4623,-24512,10330,0,256,0,161,0,0,0,0,2,0,0,0,2056,31082107,2018,0.09,0,0,0,28.6,29.3,29.6,29.9,30,28.9,28,27.4,28.2,28.3,29,360957,1065,0,0,0,0,0,0,0,60,-0.31,12164026,72245,0,3404.94,0,1200,400,720,240,4200,7500,8500,102,1.5,6000,0,0,0,0,0,30,0,30,35,28.2,0,0
2026-08-07T09:50:23.774000+09:00,2026-08-07T00:50:23.774000+00:00,094623,-1.5,2,0,0,0,0,13354,0,13354,0,0,0,0,4623,-24512,10330,0,256,0,161,0,0,0,0,2,0,0,0,2056,31082107,2018,0.09,1.53,0,0,28.6,29.3,29.6,30,30.1,28.9,28,27.4,28.3,28.3,29.1,360957,1065,0,0,0,0,0,0,0,60,-0.31,12164026,72245,0,3404.94,0,1200,400,720,240,4200,7500,8500,102,1.5,6000,0,0,0,0,0,30,0,30,35,28.2,0,0
2026-08-07T09:51:23.893000+09:00,2026-08-07T00:51:23.893000+00:00,094623,-1.5,2,0,0,0,0,13354,0,13354,0,0,0,0,4623,-24512,10330,0,256,0,161,0,0,0,0,2,0,0,0,2056,31082107,2018,0.09,1.53,0,0,28.6,29.3,29.7,30,30.1,29.4,28.5,27.9,28.7,28.8,29.5,360957,1065,0,0,0,0,0,0,0,60,-0.31,12164026,72245,0,3404.94,0,1200,400,720,240,4200,7500,8500,102,1.5,6000,0,0,0,0,0,30,0,30,35,28.6,0,0
2026-08-07T09:52:23.986000+09:00,2026-08-07T00:52:23.986000+00:00,094623,0.0,2,0,0,0,0,13354,0,13354,0,0,0,0,4623,-24512,10330,0,256,0,161,0,0,0,0,2,0,0,0,2056,31082107,2018,0.09,0,0,0,28.6,29.3,29.7,30,30.1,29.4,28.5,27.9,28.8,28.8,29.5,360957,1065,0,0,0,0,0,0,0,60,-0.31,12164026,72245,0,3404.94,0,1200,400,720,240,4200,7500,8500,102,1.5,6000,0,0,0,0,0,30,0,30,35,28.7,0,0
2026-08-07T09:53:24.071000+09:00,2026-08-07T00:53:24.071000+00:00,094623,-1.5,2,0,0,0,0,13354,0,13354,0,0,0,0,4623,-24512,10330,0,256,0,161,0,0,0,0,2,0,0,0,2056,31082107,2018,0.09,1.53,0,0,28.7,29.3,29.7,30,30.1,29.4,28.5,27.9,28.8,28.8,29.5,360957,1065,0,0,0,0,0,0,0,60,-0.31,12164026,72245,0,3404.94,0,1200,400,720,240,4200,7500,8500,102,1.5,6000,0,0,0,0,0,30,0,30,35,28.7,0,0
2026-08-07T09:54:24.173000+09:00,2026-08-07T00:54:24.173000+00:00,094623,0.0,2,0,0,0,0,13354,0,13354,0,0,0,0,4623,-24512,10330,0,256,0,161,0,0,0,0,2,0,0,0,2056,31082107,2018,0.09,0,0,0,28.7,29.3,29.7,30.1,30.1,29.4,28.5,28,28.8,28.8,29.5,360957,1065,0,0,0,0,0,0,0,60,-0.31,12164026,72246,0,3404.94,0,1200,400,720,240,4200,7500,8500,102,1.5,6000,0,0,0,0,0,30,0,30,35,28.7,0,0
2026-08-07T09:55:24.266000+09:00,2026-08-07T00:55:24.266000+00:00,094623,0.0,2,0,0,0,0,13354,0,13354,0,0,0,0,4623,-24512,10330,0,256,0,161,0,0,0,0,2,0,0,0,2056,31082107,2018,0.09,0,0,0,28.7,29.3,29.7,30.1,30.1,29.4,28.5,28,28.8,28.9,29.5,360957,1065,0,0,0,0,0,0,0,60,-0.31,12164026,72246,0,3404.94,0,1200,400,720,240,4200,7500,8500,102,1.5,6000,0,0,0,0,0,30,0,30,35,28.7,0,0
2026-08-07T09:56:24.360000+09:00,2026-08-07T00:56:24.360000+00:00,094623,-1.5,2,0,0,0,0,13354,0,13354,0,0,0,0,4623,-24512,10330,0,256,0,161,0,0,0,0,2,0,0,0,2056,31082107,2018,0.09,1.53,0,0,28.7,29.3,29.8,30.1,30.2,29.4,28.6,28,28.8,28.9,29.5,360957,1065,0,0,0,0,0,0,0,60,-0.32,12164026,72246,0,3404.94,0,1200,400,720,240,4200,7500,8500,102,1.5,6000,0,0,0,0,0,30,0,30,35,28.7,0,0
2026-08-07T09:57:24.452000+09:00,2026-08-07T00:57:24.452000+00:00,094623,0.0,2,0,0,0,0,13354,0,13354,0,0,0,0,4623,-24512,10330,0,256,0,161,0,0,0,0,2,0,0,0,2056,31082107,2018,0.09,0,0,0,28.7,29.4,29.8,30.1,30.2,29.4,28.6,28,28.8,28.9,29.5,360957,1065,0,0,0,0,0,0,0,60,-0.32,12164026,72246,0,3404.94,0,1200,400,720,240,4200,7500,8500,102,1.5,6000,0,0,0,0,0,30,0,30,35,28.7,0,0
2026-08-07T09:58:24.619000+09:00,2026-08-07T00:58:24.619000+00:00,094623,0.0,2,0,0,0,0,13354,0,13354,0,0,0,0,4623,-24512,10330,0,256,0,161,0,0,0,0,2,0,0,0,2056,31082107,2018,0.09,0,0,0,28.7,29.4,29.8,30.2,30.2,29.5,28.6,28,28.9,28.9,29.5,360957,1065,0,0,0,0,0,0,0,60,-0.31,12164026,72246,0,3404.94,0,1200,400,720,240,4200,7500,8500,102,1.5,6000,0,0,0,0,0,30,0,30,35,28.7,0,0
2026-08-07T09:59:24.719000+09:00,2026-08-07T00:59:24.719000+00:00,094623,0.0,2,0,0,0,0,13354,0,13354,0,0,0,0,4623,-24512,10330,0,256,0,161,0,0,0,0,2,0,0,0,2056,31082107,2018,0.09,0,0,0,28.7,29.4,29.8,30.2,30.2,29.5,28.6,28,28.9,28.9,29.4,360957,1065,0,0,0,0,0,0,0,60,-0.3,12164026,72246,0,3404.94,0,1200,400,720,240,4200,7500,8500,102,1.5,6000,0,0,0,0,0,30,0,30,35,28.7,0,0
2026-08-07T10:00:24.832000+09:00,2026-08-07T01:00:24.832000+00:00,094623,0.0,2,0,0,0,0,13354,0,13354,0,0,0,0,4623,-24512,10330,0,256,0,161,0,0,0,0,2,0,0,0,2056,31082107,2018,0.09,0,0,0,28.8,29.4,29.8,30.2,30.2,29.5,28.6,28.1,28.9,28.9,29.5,360957,1065,0,0,0,0,0,0,0,60,-0.31,12164026,72246,0,3404.94,0,1200,400,720,240,4200,7500,8500,102,1.5,6000,0,0,0,0,0,30,0,30,35,28.7,0,0
2026-08-07T10:01:24.935000+09:00,2026-08-07T01:01:24.935000+00:00,094623,-2.8,2,0,0,0,0,13354,0,13354,0,0,0,0,4623,-24512,10330,0,256,0,161,0,0,0,0,2,0,0,0,2056,31082107,2018,0.09,2.75,0,0,28.8,29.4,29.9,30.2,30.3,29.5,28.7,28.1,28.9,29,29.5,360957,1065,0,0,0,0,0,0,0,60,-0.32,12164026,72246,0,3404.94,0,1200,400,720,240,4200,7500,8500,102,1.5,6000,0,0,0,0,0,30,0,30,35,28.7,0,0
2026-08-07T10:02:25.026000+09:00,2026-08-07T01:02:25.026000+00:00,094623,0.0,2,0,0,0,0,13354,0,13354,0,0,0,0,4623,-24512,10330,0,256,0,161,0,0,0,0,2,0,0,0,2056,31082107,2018,0.09,0,0,0,28.8,29.4,29.9,30.2,30.3,29.5,28.7,28.1,29,29,29.5,360957,1065,0,0,0,0,0,0,0,60,-0.32,12164026,72246,0,3404.94,0,1200,400,720,240,4200,7500,8500,102,1.5,6000,0,0,0,0,0,30,0,30,35,28.7,0,0
2026-08-07T10:03:25.129000+09:00,2026-08-07T01:03:25.129000+00:00,094623,0.0,2,0,0,0,0,13354,0,13354,0,0,0,0,4623,-24512,10330,0,256,0,161,0,0,0,0,2,0,0,0,2056,31082107,2018,0.09,0,0,0,28.8,29.4,29.9,30.2,30.3,29.5,28.7,28.1,29,29,29.5,360957,1065,0,0,0,0,0,0,0,60,-0.31,12164026,72246,0,3404.94,0,1200,400,720,240,4200,7500,8500,102,1.5,6000,0,0,0,0,0,30,0,30,35,28.8,0,0
2026-08-07T10:04:25.228000+09:00,2026-08-07T01:04:25.228000+00:00,094623,0.0,2,0,0,0,0,13354,0,13354,0,0,0,0,4623,-24512,10330,0,256,0,161,0,0,0,0,2,0,0,0,2056,31082107,2018,0.09,0,0,0,28.8,29.4,29.9,30.3,30.3,29.5,28.7,28.1,29,29,29.5,360957,1065,0,0,0,0,0,0,0,60,-0.32,12164026,72246,0,3404.94,0,1200,400,720,240,4200,7500,8500,102,1.5,6000,0,0,0,0,0,30,0,30,35,28.8,0,0
2026-08-07T10:05:25.328000+09:00,2026-08-07T01:05:25.328000+00:00,094623,0.0,2,0,0,0,0,13354,0,13354,0,0,0,0,4623,-24512,10330,0,256,0,161,0,0,0,0,2,0,0,0,2056,31082107,2018,0.09,0,0,0,28.8,29.4,29.9,30.3,30.4,29.6,28.7,28.1,29,29,29.4,360957,1065,0,0,0,0,0,0,0,60,-0.31,12164026,72246,0,3404.94,0,1200,400,720,240,4200,7500,8500,102,1.5,6000,0,0,0,0,0,30,0,30,35,28.8,0,0
2026-08-07T10:06:25.444000+09:00,2026-08-07T01:06:25.444000+00:00,094623,0.0,2,0,0,0,0,13354,0,13354,0,0,0,0,4623,-24512,10330,0,256,0,161,0,0,0,0,2,0,0,0,2056,31082107,2018,0.09,0,0,0,28.9,29.5,29.9,30.3,30.4,29.5,28.7,28.1,29,29,29.4,360957,1065,0,0,0,0,0,0,0,60,-0.32,12164026,72246,0,3404.94,0,1200,400,720,240,4200,7500,8500,102,1.5,6000,0,0,0,0,0,30,0,30,35,28.8,0,0
2026-08-07T10:07:25.545000+09:00,2026-08-07T01:07:25.545000+00:00,094623,-1.5,2,0,0,0,0,13354,0,13354,0,0,0,0,4623,-24512,10330,0,256,0,161,0,0,0,0,2,0,0,0,2056,31082107,2018,0.09,1.53,0,0,28.9,29.5,30,30.3,30.4,29.6,28.7,28.2,29,29.1,29.4,360957,1065,0,0,0,0,0,0,0,60,-0.33,12164026,72246,0,3404.94,0,1200,400,720,240,4200,7500,8500,102,1.5,6000,0,0,0,0,0,30,0,30,35,28.8,0,0
2026-08-07T10:08:25.658000+09:00,2026-08-07T01:08:25.658000+00:00,094623,0.0,2,0,0,0,0,13354,0,13354,0,0,0,0,4623,-24512,10330,0,256,0,161,0,0,0,0,2,0,0,0,2056,31082107,2018,0.09,0,0,0,28.9,29.5,30,30.3,30.4,29.6,28.7,28.2,29,29.1,29.5,360957,1065,0,0,0,0,0,0,0,60,-0.33,12164026,72246,0,3404.94,0,1200,400,720,240,4200,7500,8500,102,1.5,6000,0,0,0,0,0,30,0,30,35,28.8,0,0
2026-08-07T10:09:25.757000+09:00,2026-08-07T01:09:25.757000+00:00,094623,0.0,2,0,0,0,0,13354,0,13354,0,0,0,0,4623,-24512,10330,0,256,0,161,0,0,0,0,2,0,0,0,2056,31082107,2018,0.09,0,0,0,28.9,29.5,30,30.3,30.4,29.6,28.8,28.2,29,29.1,29.5,360957,1065,0,0,0,0,0,0,0,60,-0.32,12164026,72246,0,3404.94,0,1200,400,720,240,4200,7500,8500,102,1.5,6000,0,0,0,0,0,30,0,30,35,28.8,0,0
2026-08-07T10:10:25.858000+09:00,2026-08-07T01:10:25.858000+00:00,094623,-2.8,2,0,0,0,0,13354,0,13354,0,0,0,0,4623,-24512,10330,0,256,0,161,0,0,0,0,2,0,0,0,2056,31082107,2018,0.09,2.75,0,0,28.9,29.5,30,30.4,30.4,29.6,28.8,28.2,29,29.1,29.5,360957,1065,0,0,0,0,0,0,0,60,-0.33,12164026,72246,0,3404.94,0,1200,400,720,240,4200,7500,8500,102,1.5,6000,0,0,0,0,0,30,0,30,35,28.8,0,0
2026-08-07T10:11:25.961000+09:00,2026-08-07T01:11:25.961000+00:00,094623,0.0,2,0,0,0,0,13354,0,13354,0,0,0,0,4623,-24512,10330,0,256,0,161,0,0,0,0,2,0,0,0,2056,31082107,2018,0.09,0,0,0,28.9,29.5,30,30.4,30.5,29.6,28.8,28.2,29.1,29.1,29.4,360957,1065,0,0,0,0,0,0,0,60,-0.33,12164026,72246,0,3404.94,0,1200,400,720,240,4200,7500,8500,102,1.5,6000,0,0,0,0,0,30,0,30,35,28.9,0,0
2026-08-07T10:12:26.059000+09:00,2026-08-07T01:12:26.059000+00:00,094623,0.0,2,0,0,0,0,13354,0,13354,0,0,0,0,4623,-24512,10330,0,256,0,161,0,0,0,0,2,0,0,0,2056,31082107,2018,0.09,0,0,0,28.9,29.5,30.1,30.4,30.5,29.6,28.8,28.2,29.1,29.1,29.5,360957,1065,0,0,0,0,0,0,0,60,-0.33,12164026,72246,0,3404.94,0,1200,400,720,240,4200,7500,8500,102,1.5,6000,0,0,0,0,0,30,0,30,35,28.9,0,0
2026-08-07T10:13:26.154000+09:00,2026-08-07T01:13:26.154000+00:00,094623,0.0,2,0,0,0,0,13354,0,13354,0,0,0,0,4623,-24512,10330,0,256,0,161,0,0,0,0,2,0,0,0,2056,31082107,2018,0.09,0,0,0,28.9,29.5,30.1,30.4,30.5,29.6,28.8,28.2,29.1,29.1,29.4,360957,1065,0,0,0,0,0,0,0,60,-0.33,12164026,72247,0,3404.94,0,1200,400,720,240,4200,7500,8500,102,1.5,6000,0,0,0,0,0,30,0,30,35,28.9,0,0
2026-08-07T10:14:26.251000+09:00,2026-08-07T01:14:26.251000+00:00,094623,0.0,2,0,0,0,0,13354,0,13354,0,0,0,0,4623,-24512,10330,0,256,0,161,0,0,0,0,2,0,0,0,2056,31082107,2018,0.09,0,0,0,28.9,29.5,30.1,30.4,30.5,29.6,28.8,28.2,29.1,29.1,29.4,360957,1065,0,0,0,0,0,0,0,60,-0.33,12164026,72247,0,3404.94,0,1200,400,720,240,4200,7500,8500,102,1.5,6000,0,0,0,0,0,30,0,30,35,28.9,0,0
2026-08-07T10:15:26.352000+09:00,2026-08-07T01:15:26.352000+00:00,094623,-1.5,2,0,0,0,0,13354,0,13354,0,0,0,0,4623,-24512,10330,0,256,0,161,0,0,0,0,2,0,0,0,2056,31082107,2018,0.09,1.53,0,0,29,29.5,30.1,30.4,30.5,29.6,28.9,28.3,29.1,29.2,29.4,360957,1065,0,0,0,0,0,0,0,60,-0.33,12164026,72247,0,3404.94,0,1200,400,720,240,4200,7500,8500,102,1.5,6000,0,0,0,0,0,30,0,30,35,28.9,0,0
2026-08-07T10:16:26.448000+09:00,2026-08-07T01:16:26.448000+00:00,094623,0.0,2,0,0,0,0,13354,0,13354,0,0,0,0,4623,-24512,10330,0,256,0,161,0,0,0,0,2,0,0,0,2056,31082107,2018,0.09,0,0,0,29,29.6,30.1,30.5,30.6,29.7,28.9,28.3,29.1,29.2,29.4,360957,1065,0,0,0,0,0,0,0,60,-0.33,12164026,72247,0,3404.94,0,1200,400,720,240,4200,7500,8500,102,1.5,6000,0,0,0,0,0,30,0,30,35,28.9,0,0
2026-08-07T10:17:26.547000+09:00,2026-08-07T01:17:26.547000+00:00,094623,0.0,2,0,0,0,0,13354,0,13354,0,0,0,0,4623,-24512,10330,0,256,0,161,0,0,0,0,2,0,0,0,2056,31082107,2018,0.09,0,0,0,29,29.6,30.1,30.5,30.6,29.7,28.9,28.3,29.2,29.2,29.4,360957,1065,0,0,0,0,0,0,0,60,-0.33,12164026,72247,0,3404.94,0,1200,400,720,240,4200,7500,8500,102,1.5,6000,0,0,0,0,0,30,0,30,35,28.9,0,0
2026-08-07T10:18:26.658000+09:00,2026-08-07T01:18:26.658000+00:00,094623,-1.5,2,0,0,0,0,13354,0,13354,0,0,0,0,4623,-24512,10330,0,256,0,161,0,0,0,0,2,0,0,0,2056,31082107,2018,0.09,1.53,0,0,29,29.6,30.2,30.5,30.6,29.7,28.9,28.3,29.2,29.2,29.4,360957,1065,0,0,0,0,0,0,0,60,-0.33,12164026,72247,0,3404.94,0,1200,400,720,240,4200,7500,8500,102,1.5,6000,0,0,0,0,0,30,0,30,35,28.9,0,0
2026-08-07T10:19:26.758000+09:00,2026-08-07T01:19:26.758000+00:00,094623,0.0,2,0,0,0,0,13354,0,13354,0,0,0,0,4623,-24512,10330,0,256,0,161,0,0,0,0,2,0,0,0,2056,31082107,2018,0.09,0,0,0,29,29.6,30.2,30.5,30.6,29.7,28.9,28.3,29.2,29.3,29.4,360957,1065,0,0,0,0,0,0,0,60,-0.33,12164026,72247,0,3404.94,0,1200,400,720,240,4200,7500,8500,102,1.5,6000,0,0,0,0,0,30,0,30,35,29,0,0
2026-08-07T10:20:26.851000+09:00,2026-08-07T01:20:26.851000+00:00,094623,0.0,2,0,0,0,0,13354,0,13354,0,0,0,0,4623,-24512,10330,0,256,0,161,0,0,0,0,2,0,0,0,2056,31082107,2018,0.09,0,0,0,29.1,29.6,30.2,30.5,30.6,29.7,28.9,28.4,29.2,29.2,29.4,360957,1065,0,0,0,0,0,0,0,60,-0.33,12164026,72247,0,3404.94,0,1200,400,720,240,4200,7500,8500,102,1.5,6000,0,0,0,0,0,30,0,30,35,29,0,0
2026-08-07T10:21:26.953000+09:00,2026-08-07T01:21:26.953000+00:00,094623,0.0,2,0,0,0,0,13354,0,13354,0,0,0,0,4623,-24512,10330,0,256,0,161,0,0,0,0,2,0,0,0,2056,31082107,2018,0.09,0,0,0,29.1,29.6,30.2,30.6,30.7,29.7,29,28.4,29.2,29.3,29.4,360957,1065,0,0,0,0,0,0,0,60,-0.33,12164026,72247,0,3404.94,0,1200,400,720,240,4200,7500,8500,102,1.5,6000,0,0,0,0,0,30,0,30,35,29,0,0
2026-08-07T10:22:27.066000+09:00,2026-08-07T01:22:27.066000+00:00,094623,0.0,2,0,0,0,0,13354,0,13354,0,0,0,0,4623,-24512,10330,0,256,0,161,0,0,0,0,2,0,0,0,2056,31082107,2018,0.09,0,0,0,29.1,29.6,30.2,30.6,30.7,29.8,29,28.4,29.3,29.3,29.4,360957,1065,0,0,0,0,0,0,0,60,-0.34,12164026,72247,0,3404.94,0,1200,400,720,240,4200,7500,8500,102,1.5,6000,0,0,0,0,0,30,0,30,35,29,0,0
2026-08-07T10:23:27.166000+09:00,2026-08-07T01:23:27.166000+00:00,094623,0.0,2,0,0,0,0,13354,0,13354,0,0,0,0,4623,-24512,10330,0,256,0,161,0,0,0,0,2,0,0,0,2056,31082107,2018,0.09,0,0,0,29.1,29.6,30.2,30.6,30.7,29.8,29,28.4,29.2,29.3,29.4,360957,1065,0,0,0,0,0,0,0,60,-0.34,12164026,72247,0,3404.94,0,1200,400,720,240,4200,7500,8500,102,1.5,6000,0,0,0,0,0,30,0,30,35,29,0,0
2026-08-07T10:24:27.274000+09:00,2026-08-07T01:24:27.274000+00:00,094623,0.0,2,0,0,0,0,13354,0,13354,0,0,0,0,4623,-24512,10330,0,256,0,161,0,0,0,0,2,0,0,0,2056,31082107,2018,0.09,0,0,0,29.1,29.6,30.3,30.7,30.8,29.8,29,28.4,29.3,29.3,29.3,360957,1065,0,0,0,0,0,0,0,60,-0.34,12164026,72247,0,3404.94,0,1200,400,720,240,4200,7500,8500,102,1.5,6000,0,0,0,0,0,30,0,30,35,29,0,0
2026-08-07T10:25:27.355000+09:00,2026-08-07T01:25:27.355000+00:00,094623,0.0,2,0,0,0,0,13354,0,13354,0,0,0,0,4623,-24512,10330,0,256,0,161,0,0,0,0,2,0,0,0,2056,31082107,2018,0.09,0,0,0,29.1,29.7,30.3,30.7,30.8,29.8,29,28.4,29.3,29.3,29.3,360957,1065,0,0,0,0,0,0,0,60,-0.34,12164026,72247,0,3404.94,0,1200,400,720,240,4200,7500,8500,102,1.5,6000,0,0,0,0,0,30,0,30,35,29,0,0
2026-08-07T10:26:27.447000+09:00,2026-08-07T01:26:27.447000+00:00,094623,0.0,2,0,0,0,0,13354,0,13354,0,0,0,0,4623,-24512,10330,0,256,0,161,0,0,0,0,2,0,0,0,2056,31082107,2018,0.09,0,0,0,29.1,29.7,30.3,30.8,30.8,29.8,29,28.4,29.3,29.3,29.4,360957,1065,0,0,0,0,0,0,0,60,-0.35,12164026,72247,0,3404.94,0,1200,400,720,240,4200,7500,8500,102,1.5,6000,0,0,0,0,0,30,0,30,35,29,0,0
2026-08-07T10:27:27.540000+09:00,2026-08-07T01:27:27.540000+00:00,094623,0.0,2,0,0,0,0,13354,0,13354,0,0,0,0,4623,-24512,10330,0,256,0,161,0,0,0,0,2,0,0,0,2056,31082107,2018,0.09,0,0,0,29.2,29.7,30.3,30.8,30.9,29.8,29.1,28.5,29.3,29.4,29.4,360957,1065,0,0,0,0,0,0,0,60,-0.36,12164026,72247,0,3404.94,0,1200,400,720,240,4200,7500,8500,102,1.5,6000,0,0,0,0,0,30,0,30,35,29,0,0
2026-08-07T10:28:27.647000+09:00,2026-08-07T01:28:27.647000+00:00,094623,0.0,2,0,0,0,0,13354,0,13354,0,0,0,0,4623,-24512,10330,0,256,0,161,0,0,0,0,2,0,0,0,2056,31082107,2018,0.09,0,0,0,29.2,29.7,30.4,30.9,30.9,29.9,29.1,28.5,29.3,29.4,29.4,360957,1065,0,0,0,0,0,0,0,60,-0.36,12164026,72247,0,3404.94,0,1200,400,720,240,4200,7500,8500,102,1.5,6000,0,0,0,0,0,30,0,30,35,29,0,0
2026-08-07T10:29:27.748000+09:00,2026-08-07T01:29:27.748000+00:00,094623,0.0,2,0,0,0,0,13354,0,13354,0,0,0,0,4623,-24512,10330,0,256,0,161,0,0,0,0,2,0,0,0,2056,31082107,2018,0.09,0,0,0,29.2,29.7,30.4,30.9,30.9,29.9,29.1,28.5,29.4,29.4,29.4,360957,1065,0,0,0,0,0,0,0,60,-0.36,12164026,72247,0,3404.94,0,1200,400,720,240,4200,7500,8500,102,1.5,6000,0,0,0,0,0,30,0,30,35,29.1,0,0
2026-08-07T10:30:27.836000+09:00,2026-08-07T01:30:27.836000+00:00,094623,0.0,2,0,0,0,0,13354,0,13354,0,0,0,0,4623,-24512,10330,0,256,0,161,0,0,0,0,2,0,0,0,2056,31082107,2018,0.09,0,0,0,29.2,29.7,30.4,30.9,31,29.9,29.1,28.6,29.4,29.4,29.4,360957,1065,0,0,0,0,0,0,0,60,-0.36,12164026,72247,0,3404.94,0,1200,400,720,240,4200,7500,8500,102,1.5,6000,0,0,0,0,0,30,0,30,35,29.1,0,0
2026-08-07T10:31:27.945000+09:00,2026-08-07T01:31:27.945000+00:00,094623,0.0,2,0,0,0,0,13354,0,13354,0,0,0,0,4623,-24512,10330,0,256,0,161,0,0,0,0,2,0,0,0,2056,31082107,2018,0.09,0,0,0,29.2,29.7,30.4,31,31,29.9,29.1,28.5,29.4,29.4,29.4,360957,1065,0,0,0,0,0,0,0,60,-0.37,12164026,72248,0,3404.94,0,1200,400,720,240,4200,7500,8500,102,1.5,6000,0,0,0,0,0,30,0,30,35,29.1,0,0
2026-08-07T10:32:28.041000+09:00,2026-08-07T01:32:28.041000+00:00,094623,0.0,2,0,0,0,0,13354,0,13354,0,0,0,0,4623,-24512,10330,0,256,0,161,0,0,0,0,2,0,0,0,2056,31082107,2018,0.09,0,0,0,29.2,29.8,30.5,31,31,29.9,29.2,28.5,29.4,29.4,29.3,360957,1065,0,0,0,0,0,0,0,60,-0.36,12164026,72248,0,3404.94,0,1200,400,720,240,4200,7500,8500,102,1.5,6000,0,0,0,0,0,30,0,30,35,29.1,0,0
2026-08-07T10:33:28.148000+09:00,2026-08-07T01:33:28.148000+00:00,094623,0.0,2,0,0,0,0,13354,0,13354,0,0,0,0,4623,-24512,10330,0,256,0,161,0,0,0,0,2,0,0,0,2056,31082107,2018,0.09,0,0,0,29.2,29.8,30.5,31,31.1,29.9,29.3,28.6,29.4,29.4,29.3,360957,1065,0,0,0,0,0,0,0,60,-0.38,12164026,72248,0,3404.94,0,1200,400,720,240,4200,7500,8500,102,1.5,6000,0,0,0,0,0,30,0,30,35,29.1,0,0
2026-08-07T10:34:28.241000+09:00,2026-08-07T01:34:28.241000+00:00,094623,0.0,2,0,0,0,0,13354,0,13354,0,0,0,0,4623,-24512,10330,0,256,0,161,0,0,0,0,2,0,0,0,2056,31082107,2018,0.09,0,0,0,29.3,29.8,30.5,31.1,31.1,30,29.2,28.6,29.5,29.5,29.3,360957,1065,0,0,0,0,0,0,0,60,-0.38,12164026,72248,0,3404.94,0,1200,400,720,240,4200,7500,8500,102,1.5,6000,0,0,0,0,0,30,0,30,35,29.1,0,0
2026-08-07T10:35:28.398000+09:00,2026-08-07T01:35:28.398000+00:00,094623,0.0,2,0,0,0,0,13354,0,13354,0,0,0,0,4623,-24512,10330,0,256,0,161,0,0,0,0,2,0,0,0,2056,31082107,2018,0.09,0,0,0,29.3,29.8,30.5,31.1,31.2,30,29.3,28.6,29.5,29.5,29.3,360957,1065,0,0,0,0,0,0,0,60,-0.38,12164026,72248,0,3404.94,0,1200,400,720,240,4200,7500,8500,102,1.5,6000,0,0,0,0,0,30,0,30,35,29.1,0,0
2026-08-07T10:36:28.443000+09:00,2026-08-07T01:36:28.443000+00:00,094623,0.0,2,0,0,0,0,13354,0,13354,0,0,0,0,4623,-24512,10330,0,256,0,161,0,0,0,0,2,0,0,0,2056,31082107,2018,0.09,0,0,0,29.3,29.8,30.6,31.2,31.2,30,29.3,28.6,29.5,29.5,29.3,360957,1065,0,0,0,0,0,0,0,60,-0.39,12164026,72248,0,3404.94,0,1200,400,720,240,4200,7500,8500,102,1.5,6000,0,0,0,0,0,30,0,30,35,29.1,0,0
2026-08-07T10:37:28.544000+09:00,2026-08-07T01:37:28.544000+00:00,094623,0.0,2,0,0,0,0,13354,0,13354,0,0,0,0,4623,-24512,10330,0,256,0,161,0,0,0,0,2,0,0,0,2056,31082107,2018,0.09,0,0,0,29.3,29.8,30.6,31.2,31.2,30,29.3,28.6,29.5,29.5,29.3,360957,1065,0,0,0,0,0,0,0,60,-0.39,12164026,72248,0,3404.94,0,1200,400,720,240,4200,7500,8500,102,1.5,6000,0,0,0,0,0,30,0,30,35,29.2,0,0
2026-08-07T10:38:28.638000+09:00,2026-08-07T01:38:28.638000+00:00,094623,0.0,2,0,0,0,0,13354,0,13354,0,0,0,0,4623,-24512,10330,0,256,0,161,0,0,0,0,2,0,0,0,2056,31082107,2018,0.09,0,0,0,29.3,29.8,30.6,31.2,31.3,30,29.4,28.7,29.5,29.6,29.3,360957,1065,0,0,0,0,0,0,0,60,-0.4,12164026,72248,0,3404.94,0,1200,400,720,240,4200,7500,8500,102,1.5,6000,0,0,0,0,0,30,0,30,35,29.2,0,0
2026-08-07T10:39:28.733000+09:00,2026-08-07T01:39:28.733000+00:00,094623,0.0,2,0,0,0,0,13354,0,13354,0,0,0,0,4623,-24512,10330,0,256,0,161,0,0,0,0,2,0,0,0,2056,31082107,2018,0.09,0,0,0,29.4,29.8,30.6,31.2,31.3,30,29.4,28.7,29.6,29.6,29.3,360957,1065,0,0,0,0,0,0,0,60,-0.41,12164026,72248,0,3404.94,0,1200,400,720,240,4200,7500,8500,102,1.5,6000,0,0,0,0,0,30,0,30,35,29.2,0,0
2026-08-07T10:40:28.840000+09:00,2026-08-07T01:40:28.840000+00:00,094623,0.0,2,0,0,0,0,13354,0,13354,0,0,0,0,4623,-24512,10330,0,256,0,161,0,0,0,0,2,0,0,0,2056,31082107,2018,0.09,0,0,0,29.4,29.9,30.7,31.3,31.4,30,29.5,28.7,29.6,29.6,29.3,360957,1065,0,0,0,0,0,0,0,60,-0.41,12164026,72248,0,3404.94,0,1200,400,720,240,4200,7500,8500,102,1.5,6000,0,0,0,0,0,30,0,30,35,29.2,0,0
2026-08-07T10:41:28.934000+09:00,2026-08-07T01:41:28.934000+00:00,094623,0.0,2,0,0,0,0,13354,0,13354,0,0,0,0,4623,-24512,10330,0,256,0,161,0,0,0,0,2,0,0,0,2056,31082107,2018,0.09,0,0,0,29.4,29.9,30.7,31.3,31.4,30,29.5,28.7,29.6,29.6,29.4,360957,1065,0,0,0,0,0,0,0,60,-0.42,12164026,72248,0,3404.94,0,1200,400,720,240,4200,7500,8500,102,1.5,6000,0,0,0,0,0,30,0,30,35,29.2,0,0
2026-08-07T10:42:29.033000+09:00,2026-08-07T01:42:29.033000+00:00,094623,0.0,2,0,0,0,0,13354,0,13354,0,0,0,0,4623,-24512,10330,0,256,0,161,0,0,0,0,2,0,0,0,2056,31082107,2018,0.09,0,0,0,29.4,29.9,30.7,31.3,31.4,30.1,29.5,28.8,29.6,29.7,29.3,360957,1065,0,0,0,0,0,0,0,60,-0.38,12164026,72248,0,3404.94,0,1200,400,720,240,4200,7500,8500,102,1.5,6000,0,0,0,0,0,30,0,30,35,29.2,0,0
2026-08-07T10:43:29.127000+09:00,2026-08-07T01:43:29.127000+00:00,094623,0.0,2,0,0,0,0,13354,0,13354,0,0,0,0,4623,-24512,10330,0,256,0,161,0,0,0,0,2,0,0,0,2056,31082107,2018,0.09,0,0,0,29.4,29.9,30.8,31.4,31.5,30.1,29.6,28.8,29.7,29.7,29.3,360957,1065,0,0,0,0,0,0,0,60,-0.42,12164026,72248,0,3404.94,0,1200,400,720,240,4200,7500,8500,102,1.5,6000,0,0,0,0,0,30,0,30,35,29.2,0,0
2026-08-07T10:44:29.234000+09:00,2026-08-07T01:44:29.234000+00:00,094623,0.0,2,0,0,0,0,13354,0,13354,0,0,0,0,4623,-24512,10330,0,256,0,161,0,0,0,0,2,0,0,0,2056,31082107,2018,0.09,0,0,0,29.5,29.9,30.8,31.4,31.5,30.1,29.6,28.8,29.7,29.7,29.3,360957,1065,0,0,0,0,0,0,0,60,-0.45,12164026,72248,0,3404.94,0,1200,400,720,240,4200,7500,8500,102,1.5,6000,0,0,0,0,0,30,0,30,35,29.3,0,0
2026-08-07T10:45:29.347000+09:00,2026-08-07T01:45:29.347000+00:00,094623,0.0,2,0,0,0,0,13354,0,13354,0,0,0,0,4623,-24512,10330,0,256,0,161,0,0,0,0,2,0,0,0,2056,31082107,2018,0.09,0,0,0,29.5,29.9,30.8,31.4,31.5,30.1,29.6,28.9,29.7,29.7,29.3,360957,1065,0,0,0,0,0,0,0,60,-0.45,12164026,72248,0,3404.94,0,1200,400,720,240,4200,7500,8500,102,1.5,6000,0,0,0,0,0,30,0,30,35,29.3,0,0
2026-08-07T10:46:29.435000+09:00,2026-08-07T01:46:29.435000+00:00,094623,0.0,2,0,0,0,0,13354,0,13354,0,0,0,0,4623,-24512,10330,0,256,0,161,0,0,0,0,2,0,0,0,2056,31082107,2018,0.09,0,0,0,29.5,29.9,30.9,31.4,31.6,30.1,29.6,28.9,29.7,29.8,29.3,360957,1065,0,0,0,0,0,0,0,60,-0.46,12164026,72249,0,3404.94,0,1200,400,720,240,4200,7500,8500,102,1.5,6000,0,0,0,0,0,30,0,30,35,29.3,0,0
2026-08-07T10:47:29.543000+09:00,2026-08-07T01:47:29.543000+00:00,094623,0.0,2,0,0,0,0,13354,0,13354,0,0,0,0,4623,-24512,10330,0,256,0,161,0,0,0,0,2,0,0,0,2056,31082107,2018,0.09,0,0,0,29.5,30,30.9,31.4,31.6,30.1,29.7,28.9,29.8,29.8,29.3,360957,1065,0,0,0,0,0,0,0,60,-0.47,12164026,72249,0,3404.94,0,1200,400,720,240,4200,7500,8500,102,1.5,6000,0,0,0,0,0,30,0,30,35,29.3,0,0
2026-08-07T10:48:29.631000+09:00,2026-08-07T01:48:29.631000+00:00,094623,0.0,2,0,0,0,0,13354,0,13354,0,0,0,0,4623,-24512,10330,0,256,0,161,0,0,0,0,2,0,0,0,2056,31082107,2018,0.09,0,0,0,29.5,30,30.9,31.5,31.6,30.2,29.7,29,29.8,29.8,29.3,360957,1065,0,0,0,0,0,0,0,60,-0.46,12164026,72249,0,3404.94,0,1200,400,720,240,4200,7500,8500,102,1.5,6000,0,0,0,0,0,30,0,30,35,29.3,0,0
2026-08-07T10:49:29.723000+09:00,2026-08-07T01:49:29.723000+00:00,094623,0.0,2,0,0,0,0,13354,0,13354,0,0,0,0,4623,-24512,10330,0,256,0,161,0,0,0,0,2,0,0,0,2056,31082107,2018,0.09,0,0,0,29.6,30,30.9,31.5,31.7,30.2,29.7,29,29.9,29.8,29.3,360957,1065,0,0,0,0,0,0,0,60,-0.47,12164026,72249,0,3404.94,0,1200,400,720,240,4200,7500,8500,102,1.5,6000,0,0,0,0,0,30,0,30,35,29.3,0,0
2026-08-07T10:50:29.810000+09:00,2026-08-07T01:50:29.810000+00:00,094623,0.0,2,0,0,0,0,13354,0,13354,0,0,0,0,4623,-24512,10330,0,256,0,161,0,0,0,0,2,0,0,0,2056,31082107,2018,0.09,0,0,0,29.6,30,31,31.6,31.7,30.2,29.7,29,29.8,29.9,29.3,360957,1065,0,0,0,0,0,0,0,60,-0.48,12164026,72249,0,3404.94,0,1200,400,720,240,4200,7500,8500,102,1.5,6000,0,0,0,0,0,30,0,30,35,29.3,0,0
2026-08-07T10:51:29.907000+09:00,2026-08-07T01:51:29.907000+00:00,094623,0.0,2,0,0,0,0,13354,0,13354,0,0,0,0,4623,-24512,10330,0,256,0,161,0,0,0,0,2,0,0,0,2056,31082107,2018,0.09,0,0,0,29.6,30,31,31.6,31.7,30.2,29.8,29,29.9,29.9,29.3,360957,1065,0,0,0,0,0,0,0,60,-0.5,12164026,72249,0,3404.94,0,1200,400,720,240,4200,7500,8500,102,1.5,6000,0,0,0,0,0,30,0,30,35,29.4,0,0
2026-08-07T10:52:30.004000+09:00,2026-08-07T01:52:30.004000+00:00,094623,0.0,2,0,0,0,0,13354,0,13354,0,0,0,0,4623,-24512,10330,0,256,0,161,0,0,0,0,2,0,0,0,2056,31082107,2018,0.09,0,0,0,29.6,30,31,31.6,31.8,30.2,29.8,29,29.9,29.9,29.3,360957,1065,0,0,0,0,0,0,0,60,-0.5,12164026,72249,0,3404.94,0,1200,400,720,240,4200,7500,8500,102,1.5,6000,0,0,0,0,0,30,0,30,35,29.4,0,0
2026-08-07T10:53:30.109000+09:00,2026-08-07T01:53:30.109000+00:00,094623,0.0,2,0,0,0,0,13354,0,13354,0,0,0,0,4623,-24512,10330,0,256,0,161,0,0,0,0,2,0,0,0,2056,31082107,2018,0.09,0,0,0,29.6,30.1,31.1,31.7,31.8,30.3,29.8,29.1,30,30,29.3,360957,1065,0,0,0,0,0,0,0,60,-0.52,12164026,72249,0,3404.94,0,1200,400,720,240,4200,7500,8500,102,1.5,6000,0,0,0,0,0,30,0,30,35,29.4,0,0
2026-08-07T10:54:30.202000+09:00,2026-08-07T01:54:30.202000+00:00,094623,0.0,2,0,0,0,0,13354,0,13354,0,0,0,0,4623,-24512,10330,0,256,0,161,0,0,0,0,2,0,0,0,2056,31082107,2018,0.09,0,0,0,29.6,30.1,31.1,31.7,31.8,30.3,29.9,29.1,30,30,29.3,360957,1065,0,0,0,0,0,0,0,60,-0.53,12164026,72249,0,3404.94,0,1200,400,720,240,4200,7500,8500,102,1.5,6000,0,0,0,0,0,30,0,30,35,29.4,0,0
2026-08-07T10:55:30.312000+09:00,2026-08-07T01:55:30.312000+00:00,094623,0.0,2,0,0,0,0,13354,0,13354,0,0,0,0,4623,-24512,10330,0,256,0,161,0,0,0,0,2,0,0,0,2056,31082107,2018,0.09,0,0,0,29.7,30.1,31.1,31.8,31.9,30.3,29.9,29.1,30,30,29.3,360957,1065,0,0,0,0,0,0,0,60,-0.54,12164026,72249,0,3404.94,0,1200,400,720,240,4200,7500,8500,102,1.5,6000,0,0,0,0,0,30,0,30,35,29.4,0,0
2026-08-07T10:56:30.402000+09:00,2026-08-07T01:56:30.402000+00:00,094623,0.0,2,0,0,0,0,13354,0,13354,0,0,0,0,4623,-24512,10330,0,256,0,161,0,0,0,0,2,0,0,0,2056,31082107,2018,0.09,0,0,0,29.7,30.1,31.2,31.8,31.9,30.3,29.9,29.1,30,30,29.3,360957,1065,0,0,0,0,0,0,0,60,-0.54,12164026,72249,0,3404.94,0,1200,400,720,240,4200,7500,8500,102,1.5,6000,0,0,0,0,0,30,0,30,35,29.4,0,0
2026-08-07T10:57:30.515000+09:00,2026-08-07T01:57:30.515000+00:00,094623,0.0,2,0,0,0,0,13354,0,13354,0,0,0,0,4623,-24512,10330,0,256,0,161,0,0,0,0,2,0,0,0,2056,31082107,2018,0.09,0,0,0,29.7,30.1,31.2,31.9,32,30.4,30,29.1,30,30,29.3,360957,1065,0,0,0,0,0,0,0,60,-0.56,12164026,72249,0,3404.94,0,1200,400,720,240,4200,7500,8500,102,1.5,6000,0,0,0,0,0,30,0,30,35,29.4,0,0
2026-08-07T10:58:30.614000+09:00,2026-08-07T01:58:30.614000+00:00,094623,0.0,2,0,0,0,0,13354,0,13354,0,0,0,0,4623,-24512,10330,0,256,0,161,0,0,0,0,2,0,0,0,2056,31082107,2018,0.09,0,0,0,29.7,30.1,31.2,31.9,32,30.4,30,29.2,30.1,30.1,29.2,360957,1065,0,0,0,0,0,0,0,60,-0.55,12164026,72250,0,3404.94,0,1200,400,720,240,4200,7500,8500,102,1.5,6000,0,0,0,0,0,30,0,30,35,29.4,0,0
2026-08-07T10:59:30.723000+09:00,2026-08-07T01:59:30.723000+00:00,094623,0.0,2,0,0,0,0,13354,0,13354,0,0,0,0,4623,-24512,10330,0,256,0,161,0,0,0,0,2,0,0,0,2056,31082107,2018,0.09,0,0,0,29.8,30.2,31.3,31.9,32.1,30.4,30,29.2,30.1,30.1,29.2,360957,1065,0,0,0,0,0,0,0,60,-0.59,12164026,72250,0,3404.94,0,1200,400,720,240,4200,7500,8500,102,1.5,6000,0,0,0,0,0,30,0,30,35,29.5,0,0
2026-08-07T11:00:30.816000+09:00,2026-08-07T02:00:30.816000+00:00,094623,0.0,2,0,0,0,0,13354,0,13354,0,0,0,0,4623,-24512,10330,0,256,0,161,0,0,0,0,2,0,0,0,2056,31082107,2018,0.09,0,0,0,29.8,30.2,31.3,31.9,32.1,30.5,30,29.3,30.2,30.1,29.2,360957,1065,0,0,0,0,0,0,0,60,-0.6,12164026,72250,0,3404.94,0,1200,400,720,240,4200,7500,8500,102,1.5,6000,0,0,0,0,0,30,0,30,35,29.5,0,0
2026-08-07T11:01:30.895000+09:00,2026-08-07T02:01:30.895000+00:00,094623,0.0,2,0,0,0,0,13354,0,13354,0,0,0,0,4623,-24512,10330,0,256,0,161,0,0,0,0,2,0,0,0,2056,31082107,2018,0.09,0,0,0,29.8,30.2,31.3,31.9,32.1,30.5,30.1,29.3,30.2,30.2,29.2,360957,1065,0,0,0,0,0,0,0,60,-0.59,12164026,72250,0,3404.94,0,1200,400,720,240,4200,7500,8500,102,1.5,6000,0,0,0,0,0,30,0,30,35,29.5,0,0
2026-08-07T11:02:30.999000+09:00,2026-08-07T02:02:30.999000+00:00,094623,0.0,2,0,0,0,0,13354,0,13354,0,0,0,0,4623,-24512,10330,0,256,0,161,0,0,0,0,2,0,0,0,2056,31082107,2018,0.09,0,0,0,29.8,30.2,31.4,31.9,32.2,30.5,30.1,29.3,30.2,30.2,29.3,360957,1065,0,0,0,0,0,0,0,60,-0.61,12164026,72250,0,3404.94,0,1200,400,720,240,4200,7500,8500,102,1.5,6000,0,0,0,0,0,30,0,30,35,29.5,0,0
2026-08-07T11:03:31.090000+09:00,2026-08-07T02:03:31.090000+00:00,094623,0.0,2,0,0,0,0,13354,0,13354,0,0,0,0,4623,-24512,10330,0,256,0,161,0,0,0,0,2,0,0,0,2056,31082107,2018,0.09,0,0,0,29.9,30.2,31.4,32,32.2,30.5,30.1,29.3,30.2,30.2,29.2,360957,1065,0,0,0,0,0,0,0,60,-0.62,12164026,72250,0,3404.94,0,1200,400,720,240,4200,7500,8500,102,1.5,6000,0,0,0,0,0,30,0,30,35,29.6,0,0
2026-08-07T11:04:31.183000+09:00,2026-08-07T02:04:31.183000+00:00,094623,0.0,2,0,0,0,0,13354,0,13354,0,0,0,0,4623,-24512,10330,0,256,0,161,0,0,0,0,2,0,0,0,2056,31082107,2018,0.09,0,0,0,29.9,30.2,31.4,32,32.2,30.5,30.1,29.3,30.3,30.3,29.2,360957,1065,0,0,0,0,0,0,0,60,-0.64,12164026,72250,0,3404.94,0,1200,400,720,240,4200,7500,8500,102,1.5,6000,0,0,0,0,0,30,0,30,35,29.5,0,0
2026-08-07T11:05:31.273000+09:00,2026-08-07T02:05:31.273000+00:00,094623,0.0,2,0,0,0,0,13354,0,13354,0,0,0,0,4623,-24512,10330,0,256,0,161,0,0,0,0,2,0,0,0,2056,31082107,2018,0.09,0,0,0,29.9,30.3,31.5,32,32.2,30.5,30.2,29.4,30.3,30.2,29.2,360957,1065,0,0,0,0,0,0,0,60,-0.65,12164026,72250,0,3404.94,0,1200,400,720,240,4200,7500,8500,102,1.5,6000,0,0,0,0,0,30,0,30,35,29.6,0,0
2026-08-07T11:06:31.390000+09:00,2026-08-07T02:06:31.390000+00:00,094623,0.0,2,0,0,0,0,13354,0,13354,0,0,0,0,4623,-24512,10330,0,256,0,161,0,0,0,0,2,0,0,0,2056,31082107,2018,0.09,0,0,0,29.9,30.3,31.5,32.1,32.3,30.6,30.2,29.4,30.4,30.3,29.2,360957,1065,0,0,0,0,0,0,0,60,-0.67,12164026,72250,0,3404.94,0,1200,400,720,240,4200,7500,8500,102,1.5,6000,0,0,0,0,0,30,0,30,35,29.6,0,0
2026-08-07T11:07:31.483000+09:00,2026-08-07T02:07:31.483000+00:00,094623,0.0,2,0,0,0,0,13354,0,13354,0,0,0,0,4623,-24512,10330,0,256,0,161,0,0,0,0,2,0,0,0,2056,31082107,2018,0.09,0,0,0,29.9,30.3,31.5,32.1,32.3,30.6,30.2,29.4,30.4,30.3,29.2,360957,1065,0,0,0,0,0,0,0,60,-0.7,12164026,72250,0,3404.94,0,1200,400,720,240,4200,7500,8500,102,1.5,6000,0,0,0,0,0,30,0,30,35,29.6,0,0
2026-08-07T11:08:31.582000+09:00,2026-08-07T02:08:31.582000+00:00,094623,0.0,2,0,0,0,0,13354,0,13354,0,0,0,0,4623,-24512,10330,0,256,0,161,0,0,0,0,2,0,0,0,2056,31082107,2018,0.09,0,0,0,30,30.3,31.6,32.1,32.4,30.6,30.3,29.4,30.4,30.4,29.2,360957,1065,0,0,0,0,0,0,0,60,-0.74,12164026,72251,0,3404.94,0,1200,400,720,240,4200,7500,8500,102,1.5,6000,0,0,0,0,0,30,0,30,35,29.6,0,0
2026-08-07T11:09:31.730000+09:00,2026-08-07T02:09:31.730000+00:00,094623,0.0,2,0,0,0,0,13354,0,13354,0,0,0,0,4623,-24512,10330,0,256,0,161,0,0,0,0,2,0,0,0,2056,31082107,2018,0.09,0,0,0,30,30.3,31.6,32.2,32.4,30.6,30.3,29.5,30.4,30.4,29.2,360957,1065,0,0,0,0,0,0,0,60,-0.73,12164026,72251,0,3404.94,0,1200,400,720,240,4200,7500,8500,102,1.5,6000,0,0,0,0,0,30,0,30,35,29.6,0,0
2026-08-07T11:10:31.776000+09:00,2026-08-07T02:10:31.776000+00:00,094623,0.0,2,0,0,0,0,13354,0,13354,0,0,0,0,4623,-24512,10330,0,256,0,161,0,0,0,0,2,0,0,0,2056,31082107,2018,0.09,0,0,0,30,30.4,31.6,32.2,32.4,30.7,30.3,29.5,30.5,30.5,29.2,360957,1065,0,0,0,0,0,0,0,60,-0.77,12164026,72251,0,3404.94,0,1200,400,720,240,4200,7500,8500,102,1.5,6000,0,0,0,0,0,30,0,30,35,29.7,0,0
2026-08-07T11:11:31.877000+09:00,2026-08-07T02:11:31.877000+00:00,094623,0.0,2,0,0,0,0,13354,0,13354,0,0,0,0,4623,-24512,10330,0,256,0,161,0,0,0,0,2,0,0,0,2056,31082107,2018,0.09,0,0,0,30,30.4,31.7,32.2,32.5,30.7,30.4,29.5,30.5,30.4,29.2,360957,1065,0,0,0,0,0,0,0,60,-0.76,12164026,72251,0,3404.94,0,1200,400,720,240,4200,7500,8500,102,1.5,6000,0,0,0,0,0,30,0,30,35,29.7,0,0
2026-08-07T11:12:31.963000+09:00,2026-08-07T02:12:31.963000+00:00,094623,0.0,2,0,0,0,0,13354,0,13354,0,0,0,0,4623,-24512,10330,0,256,0,161,0,0,0,0,2,0,0,0,2056,31082107,2018,0.09,0,0,0,30.1,30.4,31.7,32.2,32.5,30.7,30.4,29.5,30.6,30.5,29.2,360957,1065,0,0,0,0,0,0,0,60,-0.78,12164026,72251,0,3404.94,0,1200,400,720,240,4200,7500,8500,102,1.5,6000,0,0,0,0,0,30,0,30,35,29.7,0,0
2026-08-07T11:13:32.066000+09:00,2026-08-07T02:13:32.066000+00:00,094623,0.0,2,0,0,0,0,13354,0,13354,0,0,0,0,4623,-24512,10330,0,256,0,161,0,0,0,0,2,0,0,0,2056,31082107,2018,0.09,0,0,0,30.1,30.4,31.7,32.3,32.5,30.7,30.4,29.6,30.6,30.5,29.1,360957,1065,0,0,0,0,0,0,0,60,-0.79,12164026,72251,0,3404.94,0,1200,400,720,240,4200,7500,8500,102,1.5,6000,0,0,0,0,0,30,0,30,35,29.7,0,0
2026-08-07T11:14:32.176000+09:00,2026-08-07T02:14:32.176000+00:00,094623,0.0,2,0,0,0,0,13354,0,13354,0,0,0,0,4623,-24512,10330,0,256,0,161,0,0,0,0,2,0,0,0,2056,31082107,2018,0.09,0,0,0,30.1,30.5,31.8,32.3,32.6,30.8,30.5,29.7,30.6,30.6,29.2,360957,1065,0,0,0,0,0,0,0,60,-0.79,12164026,72251,0,3404.94,0,1200,400,720,240,4200,7500,8500,102,1.5,6000,0,0,0,0,0,30,0,30,35,29.7,0,0
2026-08-07T11:15:32.263000+09:00,2026-08-07T02:15:32.263000+00:00,094623,0.0,2,0,0,0,0,13354,0,13354,0,0,0,0,4623,-24512,10330,0,256,0,161,0,0,0,0,2,0,0,0,2056,31082107,2018,0.09,0,0,0,30.2,30.5,31.8,32.3,32.6,30.8,30.5,29.6,30.7,30.6,29.2,360957,1065,0,0,0,0,0,0,0,60,-0.79,12164026,72252,0,3404.94,0,1200,400,720,240,4200,7500,8500,102,1.5,6000,0,0,0,0,0,30,0,30,35,29.7,0,0
2026-08-07T11:16:32.364000+09:00,2026-08-07T02:16:32.364000+00:00,094623,0.0,2,0,0,0,0,13354,0,13354,0,0,0,0,4623,-24512,10330,0,256,0,161,0,0,0,0,2,0,0,0,2056,31082107,2018,0.09,0,0,0,30.2,30.5,31.8,32.4,32.7,30.8,30.5,29.7,30.7,30.6,29.2,360957,1065,0,0,0,0,0,0,0,60,-0.81,12164026,72252,0,3404.94,0,1200,400,720,240,4200,7500,8500,102,1.5,6000,0,0,0,0,0,30,0,30,35,29.8,0,0
2026-08-07T11:17:32.442000+09:00,2026-08-07T02:17:32.442000+00:00,094623,0.0,2,0,0,0,0,13354,0,13354,0,0,0,0,4623,-24512,10330,0,256,0,161,0,0,0,0,2,0,0,0,2056,31082107,2018,0.09,0,0,0,30.2,30.5,31.9,32.4,32.7,30.8,30.5,29.7,30.7,30.7,29.1,360957,1065,0,0,0,0,0,0,0,60,-0.79,12164026,72252,0,3404.94,0,1200,400,720,240,4200,7500,8500,102,1.5,6000,0,0,0,0,0,30,0,30,35,29.8,0,0
2026-08-07T11:18:32.543000+09:00,2026-08-07T02:18:32.543000+00:00,094623,0.0,2,0,0,0,0,13354,0,13354,0,0,0,0,4623,-24512,10330,0,256,0,161,0,0,0,0,2,0,0,0,2056,31082107,2018,0.09,0,0,0,30.2,30.5,31.9,32.5,32.7,30.9,30.6,29.8,30.8,30.7,29.2,360957,1065,0,0,0,0,0,0,0,60,-0.8,12164026,72252,0,3404.94,0,1200,400,720,240,4200,7500,8500,102,1.5,6000,0,0,0,0,0,30,0,30,35,29.8,0,0
2026-08-07T11:19:32.641000+09:00,2026-08-07T02:19:32.641000+00:00,094623,0.0,2,0,0,0,0,13354,0,13354,0,0,0,0,4623,-24512,10330,0,256,0,161,0,0,0,0,2,0,0,0,2056,31082107,2018,0.09,0,0,0,30.3,30.6,31.9,32.5,32.8,30.9,30.6,29.7,30.8,30.7,29.2,360957,1065,0,0,0,0,0,0,0,60,-0.81,12164026,72252,0,3404.94,0,1200,400,720,240,4200,7500,8500,102,1.5,6000,0,0,0,0,0,30,0,30,35,29.8,0,0
2026-08-07T11:20:32.743000+09:00,2026-08-07T02:20:32.743000+00:00,094623,0.0,2,0,0,0,0,13354,0,13354,0,0,0,0,4623,-24512,10330,0,256,0,161,0,0,0,0,2,0,0,0,2056,31082107,2018,0.09,0,0,0,30.3,30.6,32,32.5,32.8,30.9,30.6,29.8,30.8,30.8,29.1,360957,1065,0,0,0,0,0,0,0,60,-0.81,12164026,72252,0,3404.94,0,1200,400,720,240,4200,7500,8500,102,1.5,6000,0,0,0,0,0,30,0,30,35,29.8,0,0
2026-08-07T11:21:32.837000+09:00,2026-08-07T02:21:32.837000+00:00,094623,0.0,2,0,0,0,0,13354,0,13354,0,0,0,0,4623,-24512,10330,0,256,0,161,0,0,0,0,2,0,0,0,2056,31082107,2018,0.09,0,0,0,30.3,30.6,32,32.5,32.8,30.9,30.6,29.8,30.8,30.8,29.1,360957,1065,0,0,0,0,0,0,0,60,-0.79,12164026,72252,0,3404.94,0,1200,400,720,240,4200,7500,8500,102,1.5,6000,0,0,0,0,0,30,0,30,35,29.8,0,0
2026-08-07T11:22:32.951000+09:00,2026-08-07T02:22:32.951000+00:00,094623,0.0,2,0,0,0,0,13354,0,13354,0,0,0,0,4623,-24512,10330,0,256,0,161,0,0,0,0,2,0,0,0,2056,31082107,2018,0.09,0,0,0,30.3,30.6,32,32.5,32.9,30.9,30.6,29.8,30.8,30.8,29.1,360957,1065,0,0,0,0,0,0,0,60,-0.84,12164026,72252,0,3404.94,0,1200,400,720,240,4200,7500,8500,102,1.5,6000,0,0,0,0,0,30,0,30,35,29.8,0,0
2026-08-07T11:23:33.038000+09:00,2026-08-07T02:23:33.038000+00:00,094623,0.0,2,0,0,0,0,13354,0,13354,0,0,0,0,4623,-24512,10330,0,256,0,161,0,0,0,0,2,0,0,0,2056,31082107,2018,0.09,0,0,0,30.4,30.7,32.1,32.6,32.9,31,30.7,29.9,30.9,30.8,29.1,360957,1065,0,0,0,0,0,0,0,60,-0.79,12164026,72253,0,3404.94,0,1200,400,720,240,4200,7500,8500,102,1.5,6000,0,0,0,0,0,30,0,30,35,29.9,0,0
2026-08-07T11:24:33.125000+09:00,2026-08-07T02:24:33.125000+00:00,094623,0.0,2,0,0,0,0,13354,0,13354,0,0,0,0,4623,-24512,10330,0,256,0,161,0,0,0,0,2,0,0,0,2056,31082107,2018,0.09,0,0,0,30.4,30.7,32.1,32.6,32.9,31,30.8,29.9,30.9,30.9,29.1,360957,1065,0,0,0,0,0,0,0,60,-0.79,12164026,72253,0,3404.94,0,1200,400,720,240,4200,7500,8500,102,1.5,6000,0,0,0,0,0,30,0,30,35,29.9,0,0
2026-08-07T11:25:33.222000+09:00,2026-08-07T02:25:33.222000+00:00,094623,0.0,2,0,0,0,0,13354,0,13354,0,0,0,0,4623,-24512,10330,0,256,0,161,0,0,0,0,2,0,0,0,2056,31082107,2018,0.09,0,0,0,30.4,30.7,32.1,32.6,33,31,30.8,29.9,30.9,30.9,29.2,360957,1065,0,0,0,0,0,0,0,60,-0.82,12164026,72253,0,3404.94,0,1200,400,720,240,4200,7500,8500,102,1.5,6000,0,0,0,0,0,30,0,30,35,29.9,0,0
2026-08-07T11:26:33.312000+09:00,2026-08-07T02:26:33.312000+00:00,094623,0.0,2,0,0,0,0,13354,0,13354,0,0,0,0,4623,-24512,10330,0,256,0,161,0,0,0,0,2,0,0,0,2056,31082107,2018,0.09,0,0,0,30.5,30.7,32.2,32.7,33,31,30.8,29.9,31,30.9,29.2,360957,1065,0,0,0,0,0,0,0,60,-0.79,12164026,72253,0,3404.94,0,1200,400,720,240,4200,7500,8500,102,1.5,6000,0,0,0,0,0,30,0,30,35,29.9,0,0
2026-08-07T11:27:33.405000+09:00,2026-08-07T02:27:33.405000+00:00,094623,0.0,2,0,0,0,0,13354,0,13354,0,0,0,0,4623,-24512,10330,0,256,0,161,0,0,0,0,2,0,0,0,2056,31082107,2018,0.09,0,0,0,30.5,30.7,32.2,32.7,33,31,30.8,30,31,30.9,29.1,360957,1065,0,0,0,0,0,0,0,60,-0.81,12164026,72253,0,3404.94,0,1200,400,720,240,4200,7500,8500,102,1.5,6000,0,0,0,0,0,30,0,30,35,29.9,0,0
2026-08-07T11:28:33.514000+09:00,2026-08-07T02:28:33.514000+00:00,094623,0.0,2,0,0,0,0,13354,0,13354,0,0,0,0,4623,-24512,10330,0,256,0,161,0,0,0,0,2,0,0,0,2056,31082107,2018,0.09,0,0,0,30.5,30.8,32.2,32.6,33,31.1,30.8,30,31,31,29.1,360957,1065,0,0,0,0,0,0,0,60,-0.8,12164026,72253,0,3404.94,0,1200,400,720,240,4200,7500,8500,102,1.5,6000,0,0,0,0,0,30,0,30,35,29.9,0,0
2026-08-07T11:29:33.617000+09:00,2026-08-07T02:29:33.617000+00:00,094623,0.0,2,0,0,0,0,13354,0,13354,0,0,0,0,4623,-24512,10330,0,256,0,161,0,0,0,0,2,0,0,0,2056,31082107,2018,0.09,0,0,0,30.5,30.8,32.2,32.6,33.1,31.1,30.9,30,31,31,29.1,360957,1065,0,0,0,0,0,0,0,60,-0.81,12164026,72253,0,3404.94,0,1200,400,720,240,4200,7500,8500,102,1.5,6000,0,0,0,0,0,30,0,30,35,29.9,0,0
2026-08-07T11:30:33.705000+09:00,2026-08-07T02:30:33.705000+00:00,094623,0.0,2,0,0,0,0,13354,0,13354,0,0,0,0,4623,-24512,10330,0,256,0,161,0,0,0,0,2,0,0,0,2056,31082107,2018,0.09,0,0,0,30.5,30.8,32.3,32.6,33.1,31.1,30.9,30,31.1,31,29.1,360957,1065,0,0,0,0,0,0,0,60,-0.8,12164026,72254,0,3404.94,0,1200,400,720,240,4200,7500,8500,102,1.5,6000,0,0,0,0,0,30,0,30,35,30,0,0
2026-08-07T11:31:33.808000+09:00,2026-08-07T02:31:33.808000+00:00,094623,0.0,2,0,0,0,0,13354,0,13354,0,0,0,0,4623,-24512,10330,0,256,0,161,0,0,0,0,2,0,0,0,2056,31082107,2018,0.09,0,0,0,30.6,30.8,32.3,32.6,33.1,31.1,30.8,30.1,31.1,31.1,29.1,360957,1065,0,0,0,0,0,0,0,60,-0.81,12164026,72254,0,3404.94,0,1200,400,720,240,4200,7500,8500,102,1.5,6000,0,0,0,0,0,30,0,30,35,30,0,0
2026-08-07T11:32:33.909000+09:00,2026-08-07T02:32:33.909000+00:00,094623,0.0,2,0,0,0,0,13354,0,13354,0,0,0,0,4623,-24512,10330,0,256,0,161,0,0,0,0,2,0,0,0,2056,31082107,2018,0.09,0,0,0,30.6,30.9,32.3,32.6,33.1,31.1,30.9,30.1,31.1,31.1,29.1,360957,1065,0,0,0,0,0,0,0,60,-0.79,12164026,72254,0,3404.94,0,1200,400,720,240,4200,7500,8500,102,1.5,6000,0,0,0,0,0,30,0,30,35,30,0,0
2026-08-07T11:33:34.002000+09:00,2026-08-07T02:33:34.002000+00:00,094623,0.0,2,0,0,0,0,13354,0,13354,0,0,0,0,4623,-24512,10330,0,256,0,161,0,0,0,0,2,0,0,0,2056,31082107,2018,0.09,0,0,0,30.6,30.9,32.3,32.6,33.1,31.1,30.9,30.1,31.1,31.1,29.1,360957,1065,0,0,0,0,0,0,0,60,-0.78,12164026,72254,0,3404.94,0,1200,400,720,240,4200,7500,8500,102,1.5,6000,0,0,0,0,0,30,0,30,35,30,0,0
2026-08-07T11:34:34.104000+09:00,2026-08-07T02:34:34.104000+00:00,094623,0.0,2,0,0,0,0,13354,0,13354,0,0,0,0,4623,-24512,10330,0,256,0,161,0,0,0,0,2,0,0,0,2056,31082107,2018,0.09,0,0,0,30.7,30.9,32.4,32.6,33.1,31.2,30.9,30.1,31.1,31.1,29.1,360957,1065,0,0,0,0,0,0,0,60,-0.81,12164026,72254,0,3404.94,0,1200,400,720,240,4200,7500,8500,102,1.5,6000,0,0,0,0,0,30,0,30,35,30,0,0
2026-08-07T11:35:34.201000+09:00,2026-08-07T02:35:34.201000+00:00,094623,0.0,2,0,0,0,0,13354,0,13354,0,0,0,0,4623,-24512,10330,0,256,0,161,0,0,0,0,2,0,0,0,2056,31082107,2018,0.09,0,0,0,30.7,30.9,32.4,32.6,33.1,31.2,30.9,30.1,31.2,31.1,29.1,360957,1065,0,0,0,0,0,0,0,60,-0.82,12164026,72254,0,3404.94,0,1200,400,720,240,4200,7500,8500,102,1.5,6000,0,0,0,0,0,30,0,30,35,30,0,0
2026-08-07T11:36:34.290000+09:00,2026-08-07T02:36:34.290000+00:00,094623,0.0,2,0,0,0,0,13354,0,13354,0,0,0,0,4623,-24512,10330,0,256,0,161,0,0,0,0,2,0,0,0,2056,31082107,2018,0.09,0,0,0,30.7,30.9,32.4,32.6,33.1,31.2,30.9,30.2,31.2,31.2,29.1,360957,1065,0,0,0,0,0,0,0,60,-0.79,12164026,72254,0,3404.94,0,1200,400,720,240,4200,7500,8500,102,1.5,6000,0,0,0,0,0,30,0,30,35,30,0,0
2026-08-07T11:37:34.382000+09:00,2026-08-07T02:37:34.382000+00:00,094623,0.0,2,0,0,0,0,13354,0,13354,0,0,0,0,4623,-24512,10330,0,256,0,161,0,0,0,0,2,0,0,0,2056,31082107,2018,0.09,0,0,0,30.7,30.9,32.4,32.6,33.1,31.2,31,30.2,31.2,31.2,29.1,360957,1065,0,0,0,0,0,0,0,60,-0.8,12164026,72254,0,3404.94,0,1200,400,720,240,4200,7500,8500,102,1.5,6000,0,0,0,0,0,30,0,30,35,30,0,0
2026-08-07T11:38:34.484000+09:00,2026-08-07T02:38:34.484000+00:00,094623,0.0,2,0,0,0,0,13354,0,13354,0,0,0,0,4623,-24512,10330,0,256,0,161,0,0,0,0,2,0,0,0,2056,31082107,2018,0.09,0,0,0,30.7,31,32.4,32.6,33.1,31.2,31,30.2,31.2,31.2,29.1,360957,1065,0,0,0,0,0,0,0,60,-0.82,12164026,72255,0,3404.94,0,1200,400,720,240,4200,7500,8500,102,1.5,6000,0,0,0,0,0,30,0,30,35,30.1,0,0
2026-08-07T11:39:34.572000+09:00,2026-08-07T02:39:34.572000+00:00,094623,0.0,2,0,0,0,0,13354,0,13354,0,0,0,0,4623,-24512,10330,0,256,0,161,0,0,0,0,2,0,0,0,2056,31082107,2018,0.09,0,0,0,30.8,31,32.4,32.6,33.1,31.2,31,30.2,31.2,31.2,29.1,360957,1065,0,0,0,0,0,0,0,60,-0.8,12164026,72255,0,3404.94,0,1200,400,720,240,4200,7500,8500,102,1.5,6000,0,0,0,0,0,30,0,30,35,30.1,0,0
2026-08-07T11:40:34.663000+09:00,2026-08-07T02:40:34.663000+00:00,094623,0.0,2,0,0,0,0,13354,0,13354,0,0,0,0,4623,-24512,10330,0,256,0,161,0,0,0,0,2,0,0,0,2056,31082107,2018,0.09,0,0,0,30.8,31,32.5,32.6,33.1,31.2,31,30.2,31.3,31.3,29.1,360957,1065,0,0,0,0,0,0,0,60,-0.79,12164026,72255,0,3404.94,0,1200,400,720,240,4200,7500,8500,102,1.5,6000,0,0,0,0,0,30,0,30,35,30.1,0,0
2026-08-07T11:41:34.757000+09:00,2026-08-07T02:41:34.757000+00:00,094623,0.0,2,0,0,0,0,13354,0,13354,0,0,0,0,4623,-24512,10330,0,256,0,161,0,0,0,0,2,0,0,0,2056,31082107,2018,0.09,0,0,0,30.8,31,32.5,32.6,33.1,31.3,31,30.2,31.3,31.3,29.1,360957,1065,0,0,0,0,0,0,0,60,-0.79,12164026,72255,0,3404.94,0,1200,400,720,240,4200,7500,8500,102,1.5,6000,0,0,0,0,0,30,0,30,35,30.1,0,0
2026-08-07T11:42:34.865000+09:00,2026-08-07T02:42:34.865000+00:00,094623,0.0,2,0,0,0,0,13354,0,13354,0,0,0,0,4623,-24512,10330,0,256,0,161,0,0,0,0,2,0,0,0,2056,31082107,2018,0.09,0,0,0,30.8,31,32.5,32.6,33.1,31.3,31,30.3,31.3,31.3,29.1,360957,1065,0,0,0,0,0,0,0,60,-0.79,12164026,72255,0,3404.94,0,1200,400,720,240,4200,7500,8500,102,1.5,6000,0,0,0,0,0,30,0,30,35,30.1,0,0
2026-08-07T11:43:34.959000+09:00,2026-08-07T02:43:34.959000+00:00,094623,0.0,2,0,0,0,0,13354,0,13354,0,0,0,0,4623,-24512,10330,0,256,0,161,0,0,0,0,2,0,0,0,2056,31082107,2018,0.09,0,0,0,30.9,31.1,32.5,32.6,33.1,31.3,31,30.3,31.3,31.3,29.1,360957,1065,0,0,0,0,0,0,0,60,-0.79,12164026,72255,0,3404.94,0,1200,400,720,240,4200,7500,8500,102,1.5,6000,0,0,0,0,0,30,0,30,35,30.2,0,0
2026-08-07T11:44:35.060000+09:00,2026-08-07T02:44:35.060000+00:00,094623,0.0,2,0,0,0,0,13354,0,13354,0,0,0,0,4623,-24512,10330,0,256,0,161,0,0,0,0,2,0,0,0,2056,31082107,2018,0.09,0,0,0,30.9,31.1,32.5,32.6,33.1,31.3,31,30.3,31.4,31.3,29.1,360957,1065,0,0,0,0,0,0,0,60,-0.79,12164026,72255,0,3404.94,0,1200,400,720,240,4200,7500,8500,102,1.5,6000,0,0,0,0,0,30,0,30,35,30.2,0,0
2026-08-07T11:45:35.161000+09:00,2026-08-07T02:45:35.161000+00:00,094623,0.0,2,0,0,0,0,13354,0,13354,0,0,0,0,4623,-24512,10330,0,256,0,161,0,0,0,0,2,0,0,0,2056,31082107,2018,0.09,0,0,0,30.9,31.1,32.5,32.6,33.1,31.3,31,30.3,31.3,31.3,29,360957,1065,0,0,0,0,0,0,0,60,-0.8,12164026,72256,0,3404.94,0,1200,400,720,240,4200,7500,8500,102,1.5,6000,0,0,0,0,0,30,0,30,35,30.2,0,0
2026-08-07T11:46:35.248000+09:00,2026-08-07T02:46:35.248000+00:00,094623,0.0,2,0,0,0,0,13354,0,13354,0,0,0,0,4623,-24512,10330,0,256,0,161,0,0,0,0,2,0,0,0,2056,31082107,2018,0.09,0,0,0,30.9,31.1,32.5,32.6,33.1,31.4,31,30.3,31.3,31.3,29,360957,1065,0,0,0,0,0,0,0,60,-0.83,12164026,72256,0,3404.94,0,1200,400,720,240,4200,7500,8500,102,1.5,6000,0,0,0,0,0,30,0,30,35,30.2,0,0
2026-08-07T11:47:35.362000+09:00,2026-08-07T02:47:35.362000+00:00,094623,0.0,2,0,0,0,0,13354,0,13354,0,0,0,0,4623,-24512,10330,0,256,0,161,0,0,0,0,2,0,0,0,2056,31082107,2018,0.09,0,0,0,30.9,31.1,32.5,32.6,33.1,31.4,31,30.3,31.3,31.4,29,360957,1065,0,0,0,0,0,0,0,60,-0.81,12164026,72256,0,3404.94,0,1200,400,720,240,4200,7500,8500,102,1.5,6000,0,0,0,0,0,30,0,30,35,30.2,0,0
2026-08-07T11:48:35.451000+09:00,2026-08-07T02:48:35.451000+00:00,094623,0.0,2,0,0,0,0,13354,0,13354,0,0,0,0,4623,-24512,10330,0,256,0,161,0,0,0,0,2,0,0,0,2056,31082107,2018,0.09,0,0,0,30.9,31.1,32.6,32.6,33.1,31.4,31,30.4,31.3,31.4,29.1,360957,1065,0,0,0,0,0,0,0,60,-0.82,12164026,72256,0,3404.94,0,1200,400,720,240,4200,7500,8500,102,1.5,6000,0,0,0,0,0,30,0,30,35,30.2,0,0
2026-08-07T11:49:35.545000+09:00,2026-08-07T02:49:35.545000+00:00,094623,0.0,2,0,0,0,0,13354,0,13354,0,0,0,0,4623,-24512,10330,0,256,0,161,0,0,0,0,2,0,0,0,2056,31082107,2018,0.09,0,0,0,30.9,31.2,32.6,32.7,33.1,31.4,31,30.4,31.4,31.4,29,360957,1065,0,0,0,0,0,0,0,60,-0.81,12164026,72256,0,3404.94,0,1200,400,720,240,4200,7500,8500,102,1.5,6000,0,0,0,0,0,30,0,30,35,30.2,0,0
2026-08-07T11:50:35.645000+09:00,2026-08-07T02:50:35.645000+00:00,094623,0.0,2,0,0,0,0,13354,0,13354,0,0,0,0,4623,-24512,10330,0,256,0,161,0,0,0,0,2,0,0,0,2056,31082107,2018,0.09,0,0,0,31,31.2,32.6,32.7,33.1,31.4,31.1,30.4,31.4,31.4,29.1,360957,1065,0,0,0,0,0,0,0,60,-0.78,12164026,72256,0,3404.94,0,1200,400,720,240,4200,7500,8500,102,1.5,6000,0,0,0,0,0,30,0,30,35,30.3,0,0
2026-08-07T11:51:35.735000+09:00,2026-08-07T02:51:35.735000+00:00,094623,0.0,2,0,0,0,0,13354,0,13354,0,0,0,0,4623,-24512,10330,0,256,0,161,0,0,0,0,2,0,0,0,2056,31082107,2018,0.09,0,0,0,31,31.2,32.6,32.7,33.1,31.4,31,30.4,31.4,31.4,29,360957,1065,0,0,0,0,0,0,0,60,-0.78,12164026,72256,0,3404.94,0,1200,400,720,240,4200,7500,8500,102,1.5,6000,0,0,0,0,0,30,0,30,35,30.3,0,0
2026-08-07T11:52:35.840000+09:00,2026-08-07T02:52:35.840000+00:00,094623,0.0,2,0,0,0,0,13354,0,13354,0,0,0,0,4623,-24512,10330,0,256,0,161,0,0,0,0,2,0,0,0,2056,31082107,2018,0.1,0,0,0,31,31.2,32.6,32.7,33.1,31.4,31,30.3,31.4,31.4,29,360957,1065,0,0,0,0,0,0,0,60,-0.79,12164026,72256,0,3404.94,0,1200,400,720,240,4200,7500,8500,102,1.5,6000,0,0,0,0,0,30,0,30,35,30.3,0,0
2026-08-07T11:53:35.937000+09:00,2026-08-07T02:53:35.937000+00:00,094623,0.0,2,0,0,0,0,13354,0,13354,0,0,0,0,4623,-24512,10330,0,256,0,161,0,0,0,0,2,0,0,0,2056,31082107,2018,0.09,0,0,0,31.1,31.2,32.6,32.8,33.1,31.5,31.1,30.4,31.5,31.5,29.1,360957,1065,0,0,0,0,0,0,0,60,-0.79,12164026,72257,0,3404.94,0,1200,400,720,240,4200,7500,8500,102,1.5,6000,0,0,0,0,0,30,0,30,35,30.3,0,0
2026-08-07T11:54:36.040000+09:00,2026-08-07T02:54:36.040000+00:00,094623,0.0,2,0,0,0,0,13354,0,13354,0,0,0,0,4623,-24512,10330,0,256,0,161,0,0,0,0,2,0,0,0,2056,31082107,2018,0.09,0,0,0,31.1,31.2,32.6,32.8,33.1,31.5,31.2,30.5,31.4,31.5,29.1,360957,1065,0,0,0,0,0,0,0,60,-0.79,12164026,72257,0,3404.94,0,1200,400,720,240,4200,7500,8500,102,1.5,6000,0,0,0,0,0,30,0,30,35,30.3,0,0
2026-08-07T11:55:36.160000+09:00,2026-08-07T02:55:36.160000+00:00,094623,0.0,2,0,0,0,0,13354,0,13354,0,0,0,0,4623,-24512,10330,0,256,0,161,0,0,0,0,2,0,0,0,2056,31082107,2018,0.09,0,0,0,31.1,31.3,32.6,32.9,33.2,31.5,31.1,30.5,31.4,31.5,29.1,360957,1065,0,0,0,0,0,0,0,60,-0.78,12164026,72257,0,3404.94,0,1200,400,720,240,4200,7500,8500,102,1.5,6000,0,0,0,0,0,30,0,30,35,30.4,0,0
2026-08-07T11:56:36.260000+09:00,2026-08-07T02:56:36.260000+00:00,094623,0.0,2,0,0,0,0,13354,0,13354,0,0,0,0,4623,-24512,10330,0,256,0,161,0,0,0,0,2,0,0,0,2056,31082107,2018,0.09,0,0,0,31.1,31.3,32.7,32.9,33.2,31.5,31.1,30.5,31.5,31.5,29,360957,1065,0,0,0,0,0,0,0,60,-0.79,12164026,72257,0,3404.94,0,1200,400,720,240,4200,7500,8500,102,1.5,6000,0,0,0,0,0,30,0,30,35,30.4,0,0
2026-08-07T11:57:36.356000+09:00,2026-08-07T02:57:36.356000+00:00,094623,0.0,2,0,0,0,0,13354,0,13354,0,0,0,0,4623,-24512,10330,0,256,0,161,0,0,0,0,2,0,0,0,2056,31082107,2018,0.09,0,0,0,31.2,31.3,32.7,33,33.2,31.5,31.1,30.4,31.4,31.5,29,360957,1065,0,0,0,0,0,0,0,60,-0.78,12164026,72257,0,3404.94,0,1200,400,720,240,4200,7500,8500,102,1.5,6000,0,0,0,0,0,30,0,30,35,30.4,0,0
2026-08-07T11:58:36.455000+09:00,2026-08-07T02:58:36.455000+00:00,094623,0.0,2,0,0,0,0,13354,0,13354,0,0,0,0,4623,-24512,10330,0,256,0,161,0,0,0,0,2,0,0,0,2056,31082107,2018,0.09,0,0,0,31.2,31.3,32.7,33,33.2,31.5,31.2,30.5,31.5,31.5,29,360957,1065,0,0,0,0,0,0,0,60,-0.78,12164026,72257,0,3404.94,0,1200,400,720,240,4200,7500,8500,102,1.5,6000,0,0,0,0,0,30,0,30,35,30.4,0,0
2026-08-07T11:59:36.582000+09:00,2026-08-07T02:59:36.582000+00:00,094623,0.0,2,0,0,0,0,13354,0,13354,0,0,0,0,4623,-24512,10330,0,256,0,161,0,0,0,0,2,0,0,0,2056,31082107,2018,0.09,0,0,0,31.2,31.4,32.7,33,33.2,31.5,31.2,30.5,31.5,31.6,29,360957,1065,0,0,0,0,0,0,0,60,-0.79,12164026,72257,0,3404.94,0,1200,400,720,240,4200,7500,8500,102,1.5,6000,0,0,0,0,0,30,0,30,35,30.4,0,0
2026-08-07T12:00:36.663000+09:00,2026-08-07T03:00:36.663000+00:00,094623,0.0,2,0,0,0,0,13354,0,13354,0,0,0,0,4623,-24512,10330,0,256,0,161,0,0,0,0,2,0,0,0,2056,31082107,2018,0.09,0,0,0,31.2,31.4,32.7,33,33.3,31.6,31.3,30.5,31.5,31.6,29,360957,1065,0,0,0,0,0,0,0,60,-0.79,12164026,72257,0,3404.94,0,1200,400,720,240,4200,7500,8500,102,1.5,6000,0,0,0,0,0,30,0,30,35,30.4,0,0
2026-08-07T12:01:36.754000+09:00,2026-08-07T03:01:36.754000+00:00,094623,0.0,2,0,0,0,0,13354,0,13354,0,0,0,0,4623,-24512,10330,0,256,0,161,0,0,0,0,2,0,0,0,2056,31082107,2018,0.09,0,0,0,31.2,31.4,32.8,33,33.3,31.6,31.3,30.6,31.6,31.6,29,360957,1065,0,0,0,0,0,0,0,60,-0.78,12164026,72258,0,3404.94,0,1200,400,720,240,4200,7500,8500,102,1.5,6000,0,0,0,0,0,30,0,30,35,30.4,0,0
2026-08-07T12:02:36.857000+09:00,2026-08-07T03:02:36.857000+00:00,094623,0.0,2,0,0,0,0,13354,0,13354,0,0,0,0,4623,-24512,10330,0,256,0,161,0,0,0,0,2,0,0,0,2056,31082107,2018,0.09,0,0,0,31.3,31.4,32.8,33,33.3,31.6,31.3,30.5,31.6,31.6,29,360957,1065,0,0,0,0,0,0,0,60,-0.78,12164026,72258,0,3404.94,0,1200,400,720,240,4200,7500,8500,102,1.5,6000,0,0,0,0,0,30,0,30,35,30.4,0,0
2026-08-07T12:03:36.958000+09:00,2026-08-07T03:03:36.958000+00:00,094623,0.0,2,0,0,0,0,13354,0,13354,0,0,0,0,4623,-24512,10330,0,256,0,161,0,0,0,0,2,0,0,0,2056,31082107,2018,0.09,0,0,0,31.3,31.4,32.8,33,33.3,31.6,31.3,30.6,31.6,31.6,29.1,360957,1065,0,0,0,0,0,0,0,60,-0.78,12164026,72258,0,3404.94,0,1200,400,720,240,4200,7500,8500,102,1.5,6000,0,0,0,0,0,30,0,30,35,30.5,0,0
2026-08-07T12:04:37.053000+09:00,2026-08-07T03:04:37.053000+00:00,094623,0.0,2,0,0,0,0,13354,0,13354,0,0,0,0,4623,-24512,10330,0,256,0,161,0,0,0,0,2,0,0,0,2056,31082107,2018,0.09,0,0,0,31.3,31.4,32.8,33,33.4,31.6,31.3,30.6,31.6,31.7,29,360957,1065,0,0,0,0,0,0,0,60,-0.81,12164026,72258,0,3404.94,0,1200,400,720,240,4200,7500,8500,102,1.5,6000,0,0,0,0,0,30,0,30,35,30.4,0,0
2026-08-07T12:05:37.147000+09:00,2026-08-07T03:05:37.147000+00:00,094623,0.0,2,0,0,0,0,13354,0,13354,0,0,0,0,4623,-24512,10330,0,256,0,161,0,0,0,0,2,0,0,0,2056,31082107,2018,0.09,0,0,0,31.3,31.5,32.8,33,33.4,31.6,31.3,30.6,31.6,31.6,29,360957,1065,0,0,0,0,0,0,0,60,-0.79,12164026,72258,0,3404.94,0,1200,400,720,240,4200,7500,8500,102,1.5,6000,0,0,0,0,0,30,0,30,35,30.5,0,0
2026-08-07T12:06:37.247000+09:00,2026-08-07T03:06:37.247000+00:00,094623,0.0,2,0,0,0,0,13354,0,13354,0,0,0,0,4623,-24512,10330,0,256,0,161,0,0,0,0,2,0,0,0,2056,31082107,2018,0.09,0,0,0,31.3,31.5,32.8,33,33.4,31.7,31.4,30.6,31.6,31.6,29,360957,1065,0,0,0,0,0,0,0,60,-0.78,12164026,72258,0,3404.94,0,1200,400,720,240,4200,7500,8500,102,1.5,6000,0,0,0,0,0,30,0,30,35,30.5,0,0
2026-08-07T12:07:37.348000+09:00,2026-08-07T03:07:37.348000+00:00,094623,0.0,2,0,0,0,0,13354,0,13354,0,0,0,0,4623,-24512,10330,0,256,0,161,0,0,0,0,2,0,0,0,2056,31082107,2018,0.09,0,0,0,31.4,31.5,32.9,33,33.4,31.6,31.4,30.7,31.7,31.7,29.1,360957,1065,0,0,0,0,0,0,0,60,-0.78,12164026,72258,0,3404.94,0,1200,400,720,240,4200,7500,8500,102,1.5,6000,0,0,0,0,0,30,0,30,35,30.5,0,0
2026-08-07T12:08:37.448000+09:00,2026-08-07T03:08:37.448000+00:00,094623,0.0,2,0,0,0,0,13354,0,13354,0,0,0,0,4623,-24512,10330,0,256,0,161,0,0,0,0,2,0,0,0,2056,31082107,2018,0.09,0,0,0,31.4,31.5,32.9,33,33.4,31.7,31.4,30.7,31.6,31.7,29,360957,1065,0,0,0,0,0,0,0,60,-0.8,12164026,72259,0,3404.94,0,1200,400,720,240,4200,7500,8500,102,1.5,6000,0,0,0,0,0,30,0,30,35,30.6,0,0
2026-08-07T12:09:37.559000+09:00,2026-08-07T03:09:37.559000+00:00,094623,0.0,2,0,0,0,0,13354,0,13354,0,0,0,0,4623,-24512,10330,0,256,0,161,0,0,0,0,2,0,0,0,2056,31082107,2018,0.09,0,0,0,31.4,31.5,32.9,33,33.4,31.7,31.4,30.7,31.7,31.7,29,360957,1065,0,0,0,0,0,0,0,60,-0.78,12164026,72259,0,3404.94,0,1200,400,720,240,4200,7500,8500,102,1.5,6000,0,0,0,0,0,30,0,30,35,30.6,0,0
2026-08-07T12:10:37.680000+09:00,2026-08-07T03:10:37.680000+00:00,094623,0.0,2,0,0,0,0,13354,0,13354,0,0,0,0,4623,-24512,10330,0,256,0,161,0,0,0,0,2,0,0,0,2056,31082107,2018,0.09,0,0,0,31.4,31.5,32.9,33,33.4,31.7,31.4,30.7,31.6,31.7,29,360957,1065,0,0,0,0,0,0,0,60,-0.78,12164026,72259,0,3404.94,0,1200,400,720,240,4200,7500,8500,102,1.5,6000,0,0,0,0,0,30,0,30,35,30.6,0,0
2026-08-07T12:11:37.775000+09:00,2026-08-07T03:11:37.775000+00:00,094623,0.0,2,0,0,0,0,13354,0,13354,0,0,0,0,4623,-24512,10330,0,256,0,161,0,0,0,0,2,0,0,0,2056,31082107,2018,0.09,0,0,0,31.4,31.6,32.9,33.1,33.4,31.7,31.4,30.7,31.7,31.7,29,360957,1065,0,0,0,0,0,0,0,60,-0.78,12164026,72259,0,3404.94,0,1200,400,720,240,4200,7500,8500,102,1.5,6000,0,0,0,0,0,30,0,30,35,30.6,0,0
2026-08-07T12:12:37.868000+09:00,2026-08-07T03:12:37.868000+00:00,094623,0.0,2,0,0,0,0,13354,0,13354,0,0,0,0,4623,-24512,10330,0,256,0,161,0,0,0,0,2,0,0,0,2056,31082107,2018,0.09,0,0,0,31.5,31.6,32.9,33.1,33.4,31.7,31.4,30.7,31.7,31.8,28.9,360957,1065,0,0,0,0,0,0,0,60,-0.78,12164026,72259,0,3404.94,0,1200,400,720,240,4200,7500,8500,102,1.5,6000,0,0,0,0,0,30,0,30,35,30.6,0,0
2026-08-07T12:13:37.961000+09:00,2026-08-07T03:13:37.961000+00:00,094623,0.0,2,0,0,0,0,13354,0,13354,0,0,0,0,4623,-24512,10330,0,256,0,161,0,0,0,0,2,0,0,0,2056,31082107,2018,0.09,0,0,0,31.5,31.6,32.9,33.2,33.4,31.7,31.4,30.8,31.7,31.8,29,360957,1065,0,0,0,0,0,0,0,60,-0.78,12164026,72259,0,3404.94,0,1200,400,720,240,4200,7500,8500,102,1.5,6000,0,0,0,0,0,30,0,30,35,30.6,0,0
2026-08-07T12:14:38.062000+09:00,2026-08-07T03:14:38.062000+00:00,094623,0.0,2,0,0,0,0,13354,0,13354,0,0,0,0,4623,-24512,10330,0,256,0,161,0,0,0,0,2,0,0,0,2056,31082107,2018,0.09,0,0,0,31.5,31.6,33,33.2,33.5,31.8,31.4,30.7,31.7,31.8,29,360957,1065,0,0,0,0,0,0,0,60,-0.78,12164026,72259,0,3404.94,0,1200,400,720,240,4200,7500,8500,102,1.5,6000,0,0,0,0,0,30,0,30,35,30.7,0,0
2026-08-07T12:15:38.160000+09:00,2026-08-07T03:15:38.160000+00:00,094623,0.0,2,0,0,0,0,13354,0,13354,0,0,0,0,4623,-24512,10330,0,256,0,161,0,0,0,0,2,0,0,0,2056,31082107,2018,0.1,0,0,0,31.5,31.6,33,33.2,33.5,31.8,31.5,30.8,31.7,31.8,28.9,360957,1065,0,0,0,0,0,0,0,60,-0.78,12164026,72259,0,3404.94,0,1200,400,720,240,4200,7500,8500,102,1.5,6000,0,0,0,0,0,30,0,30,35,30.7,0,0
2026-08-07T12:16:38.259000+09:00,2026-08-07T03:16:38.259000+00:00,094623,0.0,2,0,0,0,0,13354,0,13354,0,0,0,0,4623,-24512,10330,0,256,0,161,0,0,0,0,2,0,0,0,2056,31082107,2018,0.1,0,0,0,31.5,31.7,33,33.2,33.5,31.8,31.4,30.8,31.8,31.8,29,360957,1065,0,0,0,0,0,0,0,60,-0.78,12164026,72260,0,3404.94,0,1200,400,720,240,4200,7500,8500,102,1.5,6000,0,0,0,0,0,30,0,30,35,30.7,0,0
2026-08-07T12:17:38.355000+09:00,2026-08-07T03:17:38.355000+00:00,094623,0.0,2,0,0,0,0,13354,0,13354,0,0,0,0,4623,-24512,10330,0,256,0,161,0,0,0,0,2,0,0,0,2056,31082107,2018,0.09,0,0,0,31.5,31.7,33,33.2,33.5,31.8,31.5,30.8,31.8,31.9,29,360957,1065,0,0,0,0,0,0,0,60,-0.78,12164026,72260,0,3404.94,0,1200,400,720,240,4200,7500,8500,102,1.5,6000,0,0,0,0,0,30,0,30,35,30.7,0,0
2026-08-07T12:18:38.451000+09:00,2026-08-07T03:18:38.451000+00:00,094623,0.0,2,0,0,0,0,13354,0,13354,0,0,0,0,4623,-24512,10330,0,256,0,161,0,0,0,0,2,0,0,0,2056,31082107,2018,0.1,0,0,0,31.6,31.7,33,33.2,33.5,31.8,31.5,30.9,31.8,31.8,28.9,360957,1065,0,0,0,0,0,0,0,60,-0.78,12164026,72260,0,3404.94,0,1200,400,720,240,4200,7500,8500,102,1.5,6000,0,0,0,0,0,30,0,30,35,30.7,0,0
2026-08-07T12:19:38.549000+09:00,2026-08-07T03:19:38.549000+00:00,094623,0.0,2,0,0,0,0,13354,0,13354,0,0,0,0,4623,-24512,10330,0,256,0,161,0,0,0,0,2,0,0,0,2056,31082107,2018,0.1,0,0,0,31.6,31.7,33.1,33.2,33.5,31.9,31.6,30.8,31.8,31.9,28.9,360957,1065,0,0,0,0,0,0,0,60,-0.8,12164026,72260,0,3404.94,0,1200,400,720,240,4200,7500,8500,102,1.5,6000,0,0,0,0,0,30,0,30,35,30.8,0,0
2026-08-07T12:20:38.643000+09:00,2026-08-07T03:20:38.643000+00:00,094623,0.0,2,0,0,0,0,13354,0,13354,0,0,0,0,4623,-24512,10330,0,256,0,161,0,0,0,0,2,0,0,0,2056,31082107,2018,0.1,0,0,0,31.6,31.7,33.1,33.2,33.6,31.9,31.5,30.9,31.8,31.9,28.9,360957,1065,0,0,0,0,0,0,0,60,-0.8,12164026,72260,0,3404.94,0,1200,400,720,240,4200,7500,8500,102,1.5,6000,0,0,0,0,0,30,0,30,35,30.8,0,0
2026-08-07T12:21:38.751000+09:00,2026-08-07T03:21:38.751000+00:00,094623,0.0,2,0,0,0,0,13354,0,13354,0,0,0,0,4623,-24512,10330,0,256,0,161,0,0,0,0,2,0,0,0,2056,31082107,2018,0.09,0,0,0,31.6,31.7,33.1,33.2,33.6,31.9,31.6,30.8,31.8,31.9,29,360957,1065,0,0,0,0,0,0,0,60,-0.78,12164026,72260,0,3404.94,0,1200,400,720,240,4200,7500,8500,102,1.5,6000,0,0,0,0,0,30,0,30,35,30.7,0,0
2026-08-07T12:22:38.852000+09:00,2026-08-07T03:22:38.852000+00:00,094623,0.0,2,0,0,0,0,13354,0,13354,0,0,0,0,4623,-24512,10330,0,256,0,161,0,0,0,0,2,0,0,0,2056,31082107,2018,0.09,0,0,0,31.6,31.8,33.1,33.2,33.6,31.9,31.6,30.9,31.8,31.9,29,360957,1065,0,0,0,0,0,0,0,60,-0.78,12164026,72260,0,3404.94,0,1200,400,720,240,4200,7500,8500,102,1.5,6000,0,0,0,0,0,30,0,30,35,30.8,0,0
2026-08-07T12:23:38.956000+09:00,2026-08-07T03:23:38.956000+00:00,094623,0.0,2,0,0,0,0,13354,0,13354,0,0,0,0,4623,-24512,10330,0,256,0,161,0,0,0,0,2,0,0,0,2056,31082107,2018,0.09,0,0,0,31.7,31.8,33.1,33.2,33.6,31.9,31.6,30.9,31.9,31.9,28.9,360957,1065,0,0,0,0,0,0,0,60,-0.78,12164026,72261,0,3404.94,0,1200,400,720,240,4200,7500,8500,102,1.5,6000,0,0,0,0,0,30,0,30,35,30.8,0,0
2026-08-07T12:24:39.046000+09:00,2026-08-07T03:24:39.046000+00:00,094623,0.0,2,0,0,0,0,13354,0,13354,0,0,0,0,4623,-24512,10330,0,256,0,161,0,0,0,0,2,0,0,0,2056,31082107,2018,0.09,0,0,0,31.7,31.8,33.1,33.2,33.6,31.9,31.6,30.9,31.9,32,29,360957,1065,0,0,0,0,0,0,0,60,-0.78,12164026,72261,0,3404.94,0,1200,400,720,240,4200,7500,8500,102,1.5,6000,0,0,0,0,0,30,0,30,35,30.8,0,0
2026-08-07T12:25:39.157000+09:00,2026-08-07T03:25:39.157000+00:00,094623,0.0,2,0,0,0,0,13354,0,13354,0,0,0,0,4623,-24512,10330,0,256,0,161,0,0,0,0,2,0,0,0,2056,31082107,2018,0.09,0,0,0,31.7,31.8,33.1,33.1,33.6,31.9,31.6,30.9,31.9,32,29,360957,1065,0,0,0,0,0,0,0,60,-0.78,12164026,72261,0,3404.94,0,1200,400,720,240,4200,7500,8500,102,1.5,6000,0,0,0,0,0,30,0,30,35,30.9,0,0
2026-08-07T12:26:39.236000+09:00,2026-08-07T03:26:39.236000+00:00,094623,0.0,2,0,0,0,0,13354,0,13354,0,0,0,0,4623,-24512,10330,0,256,0,161,0,0,0,0,2,0,0,0,2056,31082107,2018,0.09,0,0,0,31.7,31.8,33.1,33.1,33.6,31.9,31.6,30.9,31.9,32,29,360957,1065,0,0,0,0,0,0,0,60,-0.8,12164026,72261,0,3404.94,0,1200,400,720,240,4200,7500,8500,102,1.5,6000,0,0,0,0,0,30,0,30,35,30.9,0,0
2026-08-07T12:27:39.329000+09:00,2026-08-07T03:27:39.329000+00:00,094623,0.0,2,0,0,0,0,13354,0,13354,0,0,0,0,4623,-24512,10330,0,256,0,161,0,0,0,0,2,0,0,0,2056,31082107,2018,0.09,0,0,0,31.7,31.8,33.1,33.1,33.6,31.9,31.6,30.9,31.9,32,28.9,360957,1065,0,0,0,0,0,0,0,60,-0.79,12164026,72261,0,3404.94,0,1200,400,720,240,4200,7500,8500,102,1.5,6000,0,0,0,0,0,30,0,30,35,30.9,0,0
2026-08-07T12:28:39.433000+09:00,2026-08-07T03:28:39.433000+00:00,094623,0.0,2,0,0,0,0,13354,0,13354,0,0,0,0,4623,-24512,10330,0,256,0,161,0,0,0,0,2,0,0,0,2056,31082107,2018,0.09,0,0,0,31.7,31.9,33.1,33.1,33.6,31.9,31.6,30.9,31.9,32,29,360957,1065,0,0,0,0,0,0,0,60,-0.78,12164026,72261,0,3404.94,0,1200,400,720,240,4200,7500,8500,102,1.5,6000,0,0,0,0,0,30,0,30,35,30.9,0,0
2026-08-07T12:29:39.533000+09:00,2026-08-07T03:29:39.533000+00:00,094623,0.0,2,0,0,0,0,13354,0,13354,0,0,0,0,4623,-24512,10330,0,256,0,161,0,0,0,0,2,0,0,0,2056,31082107,2018,0.09,0,0,0,31.8,31.9,33.2,33.1,33.5,32,31.6,30.9,31.9,32,29,360957,1065,0,0,0,0,0,0,0,60,-0.78,12164026,72261,0,3404.94,0,1200,400,720,240,4200,7500,8500,102,1.5,6000,0,0,0,0,0,30,0,30,35,30.9,0,0
2026-08-07T12:30:39.628000+09:00,2026-08-07T03:30:39.628000+00:00,094623,0.0,2,0,0,0,0,13354,0,13354,0,0,0,0,4623,-24512,10330,0,256,0,161,0,0,0,0,2,0,0,0,2056,31082107,2018,0.09,0,0,0,31.8,31.9,33.2,33.1,33.5,32,31.6,31,31.9,32,28.9,360957,1065,0,0,0,0,0,0,0,60,-0.78,12164026,72261,0,3404.94,0,1200,400,720,240,4200,7500,8500,102,1.5,6000,0,0,0,0,0,30,0,30,35,31,0,0
2026-08-07T12:31:39.722000+09:00,2026-08-07T03:31:39.722000+00:00,094623,0.0,2,0,0,0,0,13354,0,13354,0,0,0,0,4623,-24512,10330,0,256,0,161,0,0,0,0,2,0,0,0,2056,31082107,2018,0.09,0,0,0,31.8,31.9,33.2,33,33.5,32,31.6,31,31.9,32,29,360957,1065,0,0,0,0,0,0,0,60,-0.78,12164026,72262,0,3404.94,0,1200,400,720,240,4200,7500,8500,102,1.5,6000,0,0,0,0,0,30,0,30,35,31,0,0
2026-08-07T12:32:39.821000+09:00,2026-08-07T03:32:39.821000+00:00,094623,0.0,2,0,0,0,0,13354,0,13354,0,0,0,0,4623,-24512,10330,0,256,0,161,0,0,0,0,2,0,0,0,2056,31082107,2018,0.1,0,0,0,31.8,31.9,33.2,33,33.5,32,31.6,31,32,32,29,360957,1065,0,0,0,0,0,0,0,60,-0.8,12164026,72262,0,3404.94,0,1200,400,720,240,4200,7500,8500,102,1.5,6000,0,0,0,0,0,30,0,30,35,31,0,0
2026-08-07T12:33:39.915000+09:00,2026-08-07T03:33:39.915000+00:00,094623,0.0,2,0,0,0,0,13354,0,13354,0,0,0,0,4623,-24512,10330,0,256,0,161,0,0,0,0,2,0,0,0,2056,31082107,2018,0.1,0,0,0,31.8,31.9,33.2,33,33.5,32,31.6,31,31.9,32,29,360957,1065,0,0,0,0,0,0,0,60,-0.78,12164026,72262,0,3404.94,0,1200,400,720,240,4200,7500,8500,102,1.5,6000,0,0,0,0,0,30,0,30,35,31,0,0
2026-08-07T12:34:40.020000+09:00,2026-08-07T03:34:40.020000+00:00,094623,0.0,2,0,0,0,0,13354,0,13354,0,0,0,0,4623,-24512,10330,0,256,0,161,0,0,0,0,2,0,0,0,2056,31082107,2018,0.1,0,0,0,31.8,31.9,33.2,33,33.5,32,31.6,31,31.9,32,29,360957,1065,0,0,0,0,0,0,0,60,-0.78,12164026,72262,0,3404.94,0,1200,400,720,240,4200,7500,8500,102,1.5,6000,0,0,0,0,0,30,0,30,35,31,0,0
2026-08-07T12:35:40.114000+09:00,2026-08-07T03:35:40.114000+00:00,094623,0.0,2,0,0,0,0,13354,0,13354,0,0,0,0,4623,-24512,10330,0,256,0,161,0,0,0,0,2,0,0,0,2056,31082107,2018,0.09,0,0,0,31.9,31.9,33.2,33.1,33.4,32,31.6,31,31.9,32,28.9,360957,1065,0,0,0,0,0,0,0,60,-0.78,12164026,72262,0,3404.94,0,1200,400,720,240,4200,7500,8500,102,1.5,6000,0,0,0,0,0,30,0,30,35,31,0,0
2026-08-07T12:36:40.211000+09:00,2026-08-07T03:36:40.211000+00:00,094623,0.0,2,0,0,0,0,13354,0,13354,0,0,0,0,4623,-24512,10330,0,256,0,161,0,0,0,0,2,0,0,0,2056,31082107,2018,0.09,0,0,0,31.9,31.9,33.2,33.1,33.4,32,31.6,31,31.9,32,28.9,360957,1065,0,0,0,0,0,0,0,60,-0.78,12164026,72262,0,3404.94,0,1200,400,720,240,4200,7500,8500,102,1.5,6000,0,0,0,0,0,30,0,30,35,31,0,0
2026-08-07T12:37:40.302000+09:00,2026-08-07T03:37:40.302000+00:00,094623,0.0,2,0,0,0,0,13354,0,13354,0,0,0,0,4623,-24512,10330,0,256,0,161,0,0,0,0,2,0,0,0,2056,31082107,2018,0.09,0,0,0,31.9,32,33.2,33.1,33.4,32,31.6,31,31.9,32,28.9,360957,1065,0,0,0,0,0,0,0,60,-0.82,12164026,72262,0,3404.94,0,1200,400,720,240,4200,7500,8500,102,1.5,6000,0,0,0,0,0,30,0,30,35,31,0,0
2026-08-07T12:38:40.387000+09:00,2026-08-07T03:38:40.387000+00:00,094623,0.0,2,0,0,0,0,13354,0,13354,0,0,0,0,4623,-24512,10330,0,256,0,161,0,0,0,0,2,0,0,0,2056,31082107,2018,0.09,0,0,0,31.9,32,33.2,33.1,33.4,32,31.6,31,31.9,32.1,29,360957,1065,0,0,0,0,0,0,0,60,-0.78,12164026,72262,0,3404.94,0,1200,400,720,240,4200,7500,8500,102,1.5,6000,0,0,0,0,0,30,0,30,35,31.1,0,0
2026-08-07T12:39:40.484000+09:00,2026-08-07T03:39:40.484000+00:00,094623,0.0,2,0,0,0,0,13354,0,13354,0,0,0,0,4623,-24512,10330,0,256,0,161,0,0,0,0,2,0,0,0,2056,31082107,2018,0.09,0,0,0,31.9,32,33.2,33.1,33.5,32,31.6,31,31.9,32,29,360957,1065,0,0,0,0,0,0,0,60,-0.79,12164026,72263,0,3404.94,0,1200,400,720,240,4200,7500,8500,102,1.5,6000,0,0,0,0,0,30,0,30,35,31.1,0,0
2026-08-07T12:40:40.575000+09:00,2026-08-07T03:40:40.575000+00:00,094623,0.0,2,0,0,0,0,13354,0,13354,0,0,0,0,4623,-24512,10330,0,256,0,161,0,0,0,0,2,0,0,0,2056,31082107,2018,0.09,0,0,0,31.9,32,33.2,33.1,33.4,32,31.6,31,31.9,32,28.9,360957,1065,0,0,0,0,0,0,0,60,-0.82,12164026,72263,0,3404.94,0,1200,400,720,240,4200,7500,8500,102,1.5,6000,0,0,0,0,0,30,0,30,35,31.1,0,0
2026-08-07T12:41:40.663000+09:00,2026-08-07T03:41:40.663000+00:00,094623,0.0,2,0,0,0,0,13354,0,13354,0,0,0,0,4623,-24512,10330,0,256,0,161,0,0,0,0,2,0,0,0,2056,31082107,2018,0.1,0,0,0,31.9,32,33.2,33.1,33.4,32.1,31.6,31,32,32.1,29,360957,1065,0,0,0,0,0,0,0,60,-0.79,12164026,72263,0,3404.94,0,1200,400,720,240,4200,7500,8500,102,1.5,6000,0,0,0,0,0,30,0,30,35,31.1,0,0
2026-08-07T12:42:40.758000+09:00,2026-08-07T03:42:40.758000+00:00,094623,0.0,2,0,0,0,0,13354,0,13354,0,0,0,0,4623,-24512,10330,0,256,0,161,0,0,0,0,2,0,0,0,2056,31082107,2018,0.1,0,0,0,31.9,32,33.2,33.1,33.4,32.1,31.6,31,31.9,32,29,360957,1065,0,0,0,0,0,0,0,60,-0.78,12164026,72263,0,3404.94,0,1200,400,720,240,4200,7500,8500,102,1.5,6000,0,0,0,0,0,30,0,30,35,31.1,0,0
2026-08-07T12:43:40.869000+09:00,2026-08-07T03:43:40.869000+00:00,094623,0.0,2,0,0,0,0,13354,0,13354,0,0,0,0,4623,-24512,10330,0,256,0,161,0,0,0,0,2,0,0,0,2056,31082107,2018,0.09,0,0,0,31.9,32.1,33.2,33.1,33.4,32.1,31.7,31,32,32.1,29,360957,1065,0,0,0,0,0,0,0,60,-0.78,12164026,72263,0,3404.94,0,1200,400,720,240,4200,7500,8500,102,1.5,6000,0,0,0,0,0,30,0,30,35,31.1,0,0
2026-08-07T12:44:40.961000+09:00,2026-08-07T03:44:40.961000+00:00,094623,0.0,2,0,0,0,0,13354,0,13354,0,0,0,0,4623,-24512,10330,0,256,0,161,0,0,0,0,2,0,0,0,2056,31082107,2018,0.1,0,0,0,32,32.1,33.2,33.1,33.5,32.1,31.7,31,32,32.1,29,360957,1065,0,0,0,0,0,0,0,60,-0.79,12164026,72263,0,3404.94,0,1200,400,720,240,4200,7500,8500,102,1.5,6000,0,0,0,0,0,30,0,30,35,31.2,0,0
2026-08-07T12:45:41.061000+09:00,2026-08-07T03:45:41.061000+00:00,094623,0.0,2,0,0,0,0,13354,0,13354,0,0,0,0,4623,-24512,10330,0,256,0,161,0,0,0,0,2,0,0,0,2056,31082107,2018,0.1,0,0,0,32,32.1,33.2,33.1,33.4,32.1,31.7,31.1,32,32.1,29,360957,1065,0,0,0,0,0,0,0,60,-0.79,12164026,72263,0,3404.94,0,1200,400,720,240,4200,7500,8500,102,1.5,6000,0,0,0,0,0,30,0,30,35,31.2,0,0
2026-08-07T12:46:41.153000+09:00,2026-08-07T03:46:41.153000+00:00,094623,0.0,2,0,0,0,0,13354,0,13354,0,0,0,0,4623,-24512,10330,0,256,0,161,0,0,0,0,2,0,0,0,2056,31082107,2018,0.09,0,0,0,32,32.1,33.2,33.1,33.5,32.1,31.7,31.1,32,32.1,29,360957,1065,0,0,0,0,0,0,0,60,-0.78,12164026,72264,0,3404.94,0,1200,400,720,240,4200,7500,8500,102,1.5,6000,0,0,0,0,0,30,0,30,35,31.2,0,0
2026-08-07T12:47:41.254000+09:00,2026-08-07T03:47:41.254000+00:00,094623,0.0,2,0,0,0,0,13354,0,13354,0,0,0,0,4623,-24512,10330,0,256,0,161,0,0,0,0,2,0,0,0,2056,31082107,2018,0.09,0,0,0,32,32.1,33.2,33.1,33.5,32.1,31.7,31.1,32,32.1,29,360957,1065,0,0,0,0,0,0,0,60,-0.78,12164026,72264,0,3404.94,0,1200,400,720,240,4200,7500,8500,102,1.5,6000,0,0,0,0,0,30,0,30,35,31.2,0,0
2026-08-07T12:48:41.401000+09:00,2026-08-07T03:48:41.401000+00:00,094623,0.0,2,0,0,0,0,13354,0,13354,0,0,0,0,4623,-24512,10330,0,256,0,161,0,0,0,0,2,0,0,0,2056,31082107,2018,0.1,0,0,0,32,32.1,33.2,33,33.5,32.1,31.7,31.1,32,32.1,29,360957,1065,0,0,0,0,0,0,0,60,-0.78,12164026,72264,0,3404.94,0,1200,400,720,240,4200,7500,8500,102,1.5,6000,0,0,0,0,0,30,0,30,35,31.2,0,0
2026-08-07T12:49:41.488000+09:00,2026-08-07T03:49:41.488000+00:00,094623,0.0,2,0,0,0,0,13354,0,13354,0,0,0,0,4623,-24512,10330,0,256,0,161,0,0,0,0,2,0,0,0,2056,31082107,2018,0.1,0,0,0,32,32.1,33.2,33,33.5,32.1,31.7,31.1,32,32.1,29,360957,1065,0,0,0,0,0,0,0,60,-0.78,12164026,72264,0,3404.94,0,1200,400,720,240,4200,7500,8500,102,1.5,6000,0,0,0,0,0,30,0,30,35,31.3,0,0
2026-08-07T12:50:41.588000+09:00,2026-08-07T03:50:41.588000+00:00,094623,0.0,2,0,0,0,0,13354,0,13354,0,0,0,0,4623,-24512,10330,0,256,0,161,0,0,0,0,2,0,0,0,2056,31082107,2018,0.1,0,0,0,32,32.1,33.2,33,33.5,32.1,31.6,31.1,32,32.1,29,360957,1065,0,0,0,0,0,0,0,60,-0.77,12164026,72264,0,3404.94,0,1200,400,720,240,4200,7500,8500,102,1.5,6000,0,0,0,0,0,30,0,30,35,31.3,0,0
2026-08-07T12:51:41.680000+09:00,2026-08-07T03:51:41.680000+00:00,094623,0.0,2,0,0,0,0,13354,0,13354,0,0,0,0,4623,-24512,10330,0,256,0,161,0,0,0,0,2,0,0,0,2056,31082107,2018,0.09,0,0,0,32,32.1,33.2,33,33.4,32.1,31.7,31.1,32,32.1,29,360957,1065,0,0,0,0,0,0,0,60,-0.78,12164026,72264,0,3404.94,0,1200,400,720,240,4200,7500,8500,102,1.5,6000,0,0,0,0,0,30,0,30,35,31.3,0,0
2026-08-07T12:52:41.779000+09:00,2026-08-07T03:52:41.779000+00:00,094623,0.0,2,0,0,0,0,13354,0,13354,0,0,0,0,4623,-24512,10330,0,256,0,161,0,0,0,0,2,0,0,0,2056,31082107,2018,0.09,0,0,0,32.1,32.2,33.2,33,33.4,32.2,31.7,31.1,32,32.1,29,360957,1065,0,0,0,0,0,0,0,60,-0.78,12164026,72264,0,3404.94,0,1200,400,720,240,4200,7500,8500,102,1.5,6000,0,0,0,0,0,30,0,30,35,31.3,0,0
2026-08-07T12:53:41.871000+09:00,2026-08-07T03:53:41.871000+00:00,094623,0.0,2,0,0,0,0,13354,0,13354,0,0,0,0,4623,-24512,10330,0,256,0,161,0,0,0,0,2,0,0,0,2056,31082107,2018,0.09,0,0,0,32.1,32.2,33.2,33,33.4,32.2,31.6,31.1,32,32.1,29,360957,1065,0,0,0,0,0,0,0,60,-0.78,12164026,72264,0,3404.94,0,1200,400,720,240,4200,7500,8500,102,1.5,6000,0,0,0,0,0,30,0,30,35,31.3,0,0
2026-08-07T12:54:41.970000+09:00,2026-08-07T03:54:41.970000+00:00,094623,0.0,2,0,0,0,0,13354,0,13354,0,0,0,0,4623,-24512,10330,0,256,0,161,0,0,0,0,2,0,0,0,2056,31082107,2018,0.09,0,0,0,32.1,32.2,33.2,33,33.4,32.2,31.7,31.1,32,32.1,29,360957,1065,0,0,0,0,0,0,0,60,-0.78,12164026,72265,0,3404.94,0,1200,400,720,240,4200,7500,8500,102,1.5,6000,0,0,0,0,0,30,0,30,35,31.3,0,0
2026-08-07T12:55:42.066000+09:00,2026-08-07T03:55:42.066000+00:00,094623,0.0,2,0,0,0,0,13354,0,13354,0,0,0,0,4623,-24512,10330,0,256,0,161,0,0,0,0,2,0,0,0,2056,31082107,2018,0.09,0,0,0,32.1,32.2,33.2,33,33.4,32.2,31.6,31.1,32,32.1,28.9,360957,1065,0,0,0,0,0,0,0,60,-0.8,12164026,72265,0,3404.94,0,1200,400,720,240,4200,7500,8500,102,1.5,6000,0,0,0,0,0,30,0,30,35,31.3,0,0
2026-08-07T12:56:42.169000+09:00,2026-08-07T03:56:42.169000+00:00,094623,0.0,2,0,0,0,0,13354,0,13354,0,0,0,0,4623,-24512,10330,0,256,0,161,0,0,0,0,2,0,0,0,2056,31082107,2018,0.1,0,0,0,32.1,32.2,33.2,33,33.4,32.2,31.6,31.1,32,32.1,29,360957,1065,0,0,0,0,0,0,0,60,-0.78,12164026,72265,0,3404.94,0,1200,400,720,240,4200,7500,8500,102,1.5,6000,0,0,0,0,0,30,0,30,35,31.4,0,0
2026-08-07T12:57:42.263000+09:00,2026-08-07T03:57:42.263000+00:00,094623,0.0,2,0,0,0,0,13354,0,13354,0,0,0,0,4623,-24512,10330,0,256,0,161,0,0,0,0,2,0,0,0,2056,31082107,2018,0.09,0,0,0,32.1,32.2,33.2,32.9,33.4,32.2,31.7,31.2,32,32.1,29,360957,1065,0,0,0,0,0,0,0,60,-0.8,12164026,72265,0,3404.94,0,1200,400,720,240,4200,7500,8500,102,1.5,6000,0,0,0,0,0,30,0,30,35,31.4,0,0
2026-08-07T12:58:42.370000+09:00,2026-08-07T03:58:42.370000+00:00,094623,0.0,2,0,0,0,0,13354,0,13354,0,0,0,0,4623,-24512,10330,0,256,0,161,0,0,0,0,2,0,0,0,2056,31082107,2018,0.1,0,0,0,32.1,32.2,33.2,32.9,33.4,32.2,31.6,31.1,32,32.1,29,360957,1065,0,0,0,0,0,0,0,60,-0.79,12164026,72265,0,3404.94,0,1200,400,720,240,4200,7500,8500,102,1.5,6000,0,0,0,0,0,30,0,30,35,31.4,0,0
2026-08-07T12:59:42.477000+09:00,2026-08-07T03:59:42.477000+00:00,094623,0.0,2,0,0,0,0,13354,0,13354,0,0,0,0,4623,-24512,10330,0,256,0,161,0,0,0,0,2,0,0,0,2056,31082107,2018,0.1,0,0,0,32.1,32.2,33.2,32.9,33.4,32.2,31.6,31.1,32,32.1,29,360957,1065,0,0,0,0,0,0,0,60,-0.81,12164026,72265,0,3404.94,0,1200,400,720,240,4200,7500,8500,102,1.5,6000,0,0,0,0,0,30,0,30,35,31.4,0,0
2026-08-07T13:00:42.566000+09:00,2026-08-07T04:00:42.566000+00:00,094623,0.0,2,0,0,0,0,13354,0,13354,0,0,0,0,4623,-24512,10330,0,256,0,161,0,0,0,0,2,0,0,0,2056,31082107,2018,0.1,0,0,0,32.1,32.2,33.2,32.9,33.4,32.2,31.6,31.1,32,32.1,29,360957,1065,0,0,0,0,0,0,0,60,-0.78,12164026,72265,0,3404.94,0,1200,400,720,240,4200,7500,8500,102,1.5,6000,0,0,0,0,0,30,0,30,35,31.4,0,0
2026-08-07T13:01:42.644000+09:00,2026-08-07T04:01:42.644000+00:00,094623,0.0,2,0,0,0,0,13354,0,13354,0,0,0,0,4623,-24512,10330,0,256,0,161,0,0,0,0,2,0,0,0,2056,31082107,2018,0.1,0,0,0,32.2,32.2,33.2,32.9,33.3,32.2,31.6,31.1,32,32.1,29,360957,1065,0,0,0,0,0,0,0,60,-0.78,12164026,72266,0,3404.94,0,1200,400,720,240,4200,7500,8500,102,1.5,6000,0,0,0,0,0,30,0,30,35,31.5,0,0
2026-08-07T13:02:42.748000+09:00,2026-08-07T04:02:42.748000+00:00,094623,0.0,2,0,0,0,0,13354,0,13354,0,0,0,0,4623,-24512,10330,0,256,0,161,0,0,0,0,2,0,0,0,2056,31082107,2018,0.09,0,0,0,32.2,32.2,33.2,32.9,33.3,32.2,31.6,31.1,32,32.1,29,360957,1065,0,0,0,0,0,0,0,60,-0.79,12164026,72266,0,3404.94,0,1200,400,720,240,4200,7500,8500,102,1.5,6000,0,0,0,0,0,30,0,30,35,31.4,0,0
2026-08-07T13:03:42.842000+09:00,2026-08-07T04:03:42.842000+00:00,094623,0.0,2,0,0,0,0,13354,0,13354,0,0,0,0,4623,-24512,10330,0,256,0,161,0,0,0,0,2,0,0,0,2056,31082107,2018,0.1,0,0,0,32.2,32.2,33.2,32.8,33.3,32.2,31.6,31.1,32,32.1,29,360957,1065,0,0,0,0,0,0,0,60,-0.8,12164026,72266,0,3404.94,0,1200,400,720,240,4200,7500,8500,102,1.5,6000,0,0,0,0,0,30,0,30,35,31.5,0,0
2026-08-07T13:04:42.950000+09:00,2026-08-07T04:04:42.950000+00:00,094623,0.0,2,0,0,0,0,13354,0,13354,0,0,0,0,4623,-24512,10330,0,256,0,161,0,0,0,0,2,0,0,0,2056,31082107,2018,0.1,0,0,0,32.2,32.3,33.2,32.8,33.3,32.2,31.6,31.1,32,32.1,29,360957,1065,0,0,0,0,0,0,0,60,-0.79,12164026,72266,0,3404.94,0,1200,400,720,240,4200,7500,8500,102,1.5,6000,0,0,0,0,0,30,0,30,35,31.5,0,0
2026-08-07T13:05:43.043000+09:00,2026-08-07T04:05:43.043000+00:00,094623,0.0,2,0,0,0,0,13354,0,13354,0,0,0,0,4623,-24512,10330,0,256,0,161,0,0,0,0,2,0,0,0,2056,31082107,2018,0.1,0,0,0,32.2,32.3,33.2,32.8,33.3,32.2,31.6,31.1,31.9,32.1,29,360957,1065,0,0,0,0,0,0,0,60,-0.78,12164026,72266,0,3404.94,0,1200,400,720,240,4200,7500,8500,102,1.5,6000,0,0,0,0,0,30,0,30,35,31.5,0,0
2026-08-07T13:06:43.134000+09:00,2026-08-07T04:06:43.134000+00:00,094623,0.0,2,0,0,0,0,13354,0,13354,0,0,0,0,4623,-24512,10330,0,256,0,161,0,0,0,0,2,0,0,0,2056,31082107,2018,0.1,0,0,0,32.2,32.3,33.2,32.8,33.3,32.2,31.6,31.1,31.9,32.1,29,360957,1065,0,0,0,0,0,0,0,60,-0.78,12164026,72266,0,3404.94,0,1200,400,720,240,4200,7500,8500,102,1.5,6000,0,0,0,0,0,30,0,30,35,31.5,0,0
2026-08-07T13:07:43.242000+09:00,2026-08-07T04:07:43.242000+00:00,094623,0.0,2,0,0,0,0,13354,0,13354,0,0,0,0,4623,-24512,10330,0,256,0,161,0,0,0,0,2,0,0,0,2056,31082107,2018,0.1,0,0,0,32.2,32.3,33.1,32.8,33.2,32.2,31.6,31.1,31.9,32.1,29,360957,1065,0,0,0,0,0,0,0,60,-0.78,12164026,72266,0,3404.94,0,1200,400,720,240,4200,7500,8500,102,1.5,6000,0,0,0,0,0,30,0,30,35,31.6,0,0
2026-08-07T13:08:43.337000+09:00,2026-08-07T04:08:43.337000+00:00,094623,0.0,2,0,0,0,0,13354,0,13354,0,0,0,0,4623,-24512,10330,0,256,0,161,0,0,0,0,2,0,0,0,2056,31082107,2018,0.1,0,0,0,32.2,32.3,33.1,32.8,33.2,32.2,31.6,31.1,31.9,32.1,29,360957,1065,0,0,0,0,0,0,0,60,-0.78,12164026,72266,0,3404.94,0,1200,400,720,240,4200,7500,8500,102,1.5,6000,0,0,0,0,0,30,0,30,35,31.6,0,0
2026-08-07T13:09:43.430000+09:00,2026-08-07T04:09:43.430000+00:00,094623,0.0,2,0,0,0,0,13354,0,13354,0,0,0,0,4623,-24512,10330,0,256,0,161,0,0,0,0,2,0,0,0,2056,31082107,2018,0.1,0,0,0,32.2,32.3,33.1,32.9,33.2,32.2,31.6,31.1,31.9,32.1,29,360957,1065,0,0,0,0,0,0,0,60,-0.79,12164026,72267,0,3404.94,0,1200,400,720,240,4200,7500,8500,102,1.5,6000,0,0,0,0,0,30,0,30,35,31.6,0,0
2026-08-07T13:10:43.530000+09:00,2026-08-07T04:10:43.530000+00:00,094623,0.0,2,0,0,0,0,13354,0,13354,0,0,0,0,4623,-24512,10330,0,256,0,161,0,0,0,0,2,0,0,0,2056,31082107,2018,0.1,0,0,0,32.2,32.3,33.1,32.9,33.2,32.2,31.6,31.1,31.9,32.1,29,360957,1065,0,0,0,0,0,0,0,60,-0.8,12164026,72267,0,3404.94,0,1200,400,720,240,4200,7500,8500,102,1.5,6000,0,0,0,0,0,30,0,30,35,31.6,0,0
2026-08-07T13:11:43.618000+09:00,2026-08-07T04:11:43.618000+00:00,094623,0.0,2,0,0,0,0,13354,0,13354,0,0,0,0,4623,-24512,10330,0,256,0,161,0,0,0,0,2,0,0,0,2056,31082107,2018,0.1,0,0,0,32.2,32.3,33.1,33,33.2,32.3,31.6,31.1,31.9,32.1,29,360957,1065,0,0,0,0,0,0,0,60,-0.79,12164026,72267,0,3404.94,0,1200,400,720,240,4200,7500,8500,102,1.5,6000,0,0,0,0,0,30,0,30,35,31.6,0,0
2026-08-07T13:12:43.719000+09:00,2026-08-07T04:12:43.719000+00:00,094623,0.0,2,0,0,0,0,13354,0,13354,0,0,0,0,4623,-24512,10330,0,256,0,161,0,0,0,0,2,0,0,0,2056,31082107,2018,0.1,0,0,0,32.2,32.3,33.1,33,33.2,32.2,31.6,31.1,31.9,32.1,29,360957,1065,0,0,0,0,0,0,0,60,-0.78,12164026,72267,0,3404.94,0,1200,400,720,240,4200,7500,8500,102,1.5,6000,0,0,0,0,0,30,0,30,35,31.6,0,0
2026-08-07T13:13:43.816000+09:00,2026-08-07T04:13:43.816000+00:00,094623,0.0,2,0,0,0,0,13354,0,13354,0,0,0,0,4623,-24512,10330,0,256,0,161,0,0,0,0,2,0,0,0,2056,31082107,2018,0.1,0,0,0,32.2,32.3,33.1,33.1,33.2,32.3,31.6,31.1,31.9,32.1,29,360957,1065,0,0,0,0,0,0,0,60,-0.81,12164026,72267,0,3404.94,0,1200,400,720,240,4200,7500,8500,102,1.5,6000,0,0,0,0,0,30,0,30,35,31.7,0,0
2026-08-07T13:14:43.953000+09:00,2026-08-07T04:14:43.953000+00:00,094623,0.0,2,0,0,0,0,13354,0,13354,0,0,0,0,4623,-24512,10330,0,256,0,161,0,0,0,0,2,0,0,0,2056,31082107,2018,0.1,0,0,0,32.2,32.3,33.1,33.1,33.3,32.3,31.6,31.2,31.9,32.1,29,360957,1065,0,0,0,0,0,0,0,60,-0.78,12164026,72267,0,3404.94,0,1200,400,720,240,4200,7500,8500,102,1.5,6000,0,0,0,0,0,30,0,30,35,31.6,0,0
2026-08-07T13:15:44.015000+09:00,2026-08-07T04:15:44.015000+00:00,094623,0.0,2,0,0,0,0,13354,0,13354,0,0,0,0,4623,-24512,10330,0,256,0,161,0,0,0,0,2,0,0,0,2056,31082107,2018,0.1,0,0,0,32.2,32.4,33.2,33.1,33.3,32.3,31.7,31.2,31.9,32.1,29,360957,1065,0,0,0,0,0,0,0,60,-0.79,12164026,72267,0,3404.94,0,1200,400,720,240,4200,7500,8500,102,1.5,6000,0,0,0,0,0,30,0,30,35,31.7,0,0
2026-08-07T13:16:44.111000+09:00,2026-08-07T04:16:44.111000+00:00,094623,0.0,2,0,0,0,0,13354,0,13354,0,0,0,0,4623,-24512,10330,0,256,0,161,0,0,0,0,2,0,0,0,2056,31082107,2018,0.1,0,0,0,32.3,32.4,33.2,33.1,33.3,32.3,31.7,31.1,31.9,32.1,29,360957,1065,0,0,0,0,0,0,0,60,-0.78,12164026,72267,0,3404.94,0,1200,400,720,240,4200,7500,8500,102,1.5,6000,0,0,0,0,0,30,0,30,35,31.7,0,0
2026-08-07T13:17:44.223000+09:00,2026-08-07T04:17:44.223000+00:00,094623,0.0,2,0,0,0,0,13354,0,13354,0,0,0,0,4623,-24512,10330,0,256,0,161,0,0,0,0,2,0,0,0,2056,31082107,2018,0.1,0,0,0,32.3,32.4,33.2,33.1,33.3,32.3,31.7,31.2,31.9,32.1,29,360957,1065,0,0,0,0,0,0,0,60,-0.78,12164026,72268,0,3404.94,0,1200,400,720,240,4200,7500,8500,102,1.5,6000,0,0,0,0,0,30,0,30,35,31.7,0,0
2026-08-07T13:18:44.312000+09:00,2026-08-07T04:18:44.312000+00:00,094623,0.0,2,0,0,0,0,13354,0,13354,0,0,0,0,4623,-24512,10330,0,256,0,161,0,0,0,0,2,0,0,0,2056,31082107,2018,0.1,0,0,0,32.3,32.4,33.2,33.2,33.3,32.3,31.7,31.2,31.9,32.1,29,360957,1065,0,0,0,0,0,0,0,60,-0.78,12164026,72268,0,3404.94,0,1200,400,720,240,4200,7500,8500,102,1.5,6000,0,0,0,0,0,30,0,30,35,31.7,0,0
2026-08-07T13:19:44.413000+09:00,2026-08-07T04:19:44.413000+00:00,094623,0.0,2,0,0,0,0,13354,0,13354,0,0,0,0,4623,-24512,10330,0,256,0,161,0,0,0,0,2,0,0,0,2056,31082107,2018,0.1,0,0,0,32.3,32.4,33.2,33.2,33.4,32.3,31.7,31.2,31.9,32.1,29,360957,1065,0,0,0,0,0,0,0,60,-0.78,12164026,72268,0,3404.94,0,1200,400,720,240,4200,7500,8500,102,1.5,6000,0,0,0,0,0,30,0,30,35,31.7,0,0
2026-08-07T13:20:44.512000+09:00,2026-08-07T04:20:44.512000+00:00,094623,0.0,2,0,0,0,0,13354,0,13354,0,0,0,0,4623,-24512,10330,0,256,0,161,0,0,0,0,2,0,0,0,2056,31082107,2018,0.1,0,0,0,32.3,32.4,33.2,33.2,33.4,32.3,31.7,31.2,31.9,32.1,29,360957,1065,0,0,0,0,0,0,0,60,-0.78,12164026,72268,0,3404.94,0,1200,400,720,240,4200,7500,8500,102,1.5,6000,0,0,0,0,0,30,0,30,35,31.8,0,0
2026-08-07T13:21:44.616000+09:00,2026-08-07T04:21:44.616000+00:00,094623,0.0,2,0,0,0,0,13354,0,13354,0,0,0,0,4623,-24512,10330,0,256,0,161,0,0,0,0,2,0,0,0,2056,31082107,2018,0.1,0,0,0,32.3,32.4,33.2,33.2,33.4,32.4,31.8,31.2,32,32.2,29,360957,1065,0,0,0,0,0,0,0,60,-0.79,12164026,72268,0,3404.94,0,1200,400,720,240,4200,7500,8500,102,1.5,6000,0,0,0,0,0,30,0,30,35,31.8,0,0
2026-08-07T13:22:44.705000+09:00,2026-08-07T04:22:44.705000+00:00,094623,0.0,2,0,0,0,0,13354,0,13354,0,0,0,0,4623,-24512,10330,0,256,0,161,0,0,0,0,2,0,0,0,2056,31082107,2018,0.1,0,0,0,32.3,32.4,33.2,33.3,33.4,32.3,31.8,31.2,32,32.2,29,360957,1065,0,0,0,0,0,0,0,60,-0.79,12164026,72268,0,3404.94,0,1200,400,720,240,4200,7500,8500,102,1.5,6000,0,0,0,0,0,30,0,30,35,31.8,0,0
2026-08-07T13:23:44.792000+09:00,2026-08-07T04:23:44.792000+00:00,094623,0.0,2,0,0,0,0,13354,0,13354,0,0,0,0,4623,-24512,10330,0,256,0,161,0,0,0,0,2,0,0,0,2056,31082107,2018,0.1,0,0,0,32.3,32.4,33.2,33.3,33.5,32.4,31.8,31.2,32,32.2,29,360957,1065,0,0,0,0,0,0,0,60,-0.78,12164026,72268,0,3404.94,0,1200,400,720,240,4200,7500,8500,102,1.5,6000,0,0,0,0,0,30,0,30,35,31.8,0,0
2026-08-07T13:24:44.884000+09:00,2026-08-07T04:24:44.884000+00:00,094623,0.0,2,0,0,0,0,13354,0,13354,0,0,0,0,4623,-24512,10330,0,256,0,161,0,0,0,0,2,0,0,0,2056,31082107,2018,0.1,0,0,0,32.3,32.5,33.2,33.3,33.5,32.4,31.8,31.2,32,32.2,29,360957,1065,0,0,0,0,0,0,0,60,-0.8,12164026,72269,0,3404.94,0,1200,400,720,240,4200,7500,8500,102,1.5,6000,0,0,0,0,0,30,0,30,35,31.9,0,0
2026-08-07T13:25:44.984000+09:00,2026-08-07T04:25:44.984000+00:00,094623,0.0,2,0,0,0,0,13354,0,13354,0,0,0,0,4623,-24512,10330,0,256,0,161,0,0,0,0,2,0,0,0,2056,31082107,2018,0.1,0,0,0,32.3,32.5,33.2,33.3,33.5,32.4,31.8,31.3,32,32.2,29,360957,1065,0,0,0,0,0,0,0,60,-0.79,12164026,72269,0,3404.94,0,1200,400,720,240,4200,7500,8500,102,1.5,6000,0,0,0,0,0,30,0,30,35,31.8,0,0
2026-08-07T13:26:45.080000+09:00,2026-08-07T04:26:45.080000+00:00,094623,0.0,2,0,0,0,0,13354,0,13354,0,0,0,0,4623,-24512,10330,0,256,0,161,0,0,0,0,2,0,0,0,2056,31082107,2018,0.1,0,0,0,32.3,32.5,33.3,33.3,33.5,32.4,31.9,31.3,32,32.2,29,360957,1065,0,0,0,0,0,0,0,60,-0.79,12164026,72269,0,3404.94,0,1200,400,720,240,4200,7500,8500,102,1.5,6000,0,0,0,0,0,30,0,30,35,31.9,0,0
2026-08-07T13:27:45.167000+09:00,2026-08-07T04:27:45.167000+00:00,094623,0.0,2,0,0,0,0,13354,0,13354,0,0,0,0,4623,-24512,10330,0,256,0,161,0,0,0,0,2,0,0,0,2056,31082107,2018,0.1,0,0,0,32.4,32.5,33.3,33.3,33.5,32.4,31.9,31.3,32,32.2,29,360957,1065,0,0,0,0,0,0,0,60,-0.79,12164026,72269,0,3404.94,0,1200,400,720,240,4200,7500,8500,102,1.5,6000,0,0,0,0,0,30,0,30,35,31.9,0,0
2026-08-07T13:28:45.269000+09:00,2026-08-07T04:28:45.269000+00:00,094623,0.0,2,0,0,0,0,13354,0,13354,0,0,0,0,4623,-24512,10330,0,256,0,161,0,0,0,0,2,0,0,0,2056,31082107,2018,0.1,0,0,0,32.4,32.5,33.3,33.4,33.6,32.4,31.9,31.3,32,32.2,29,360957,1065,0,0,0,0,0,0,0,60,-0.8,12164026,72269,0,3404.94,0,1200,400,720,240,4200,7500,8500,102,1.5,6000,0,0,0,0,0,30,0,30,35,31.9,0,0
2026-08-07T13:29:45.362000+09:00,2026-08-07T04:29:45.362000+00:00,094623,0.0,2,0,0,0,0,13354,0,13354,0,0,0,0,4623,-24512,10330,0,256,0,161,0,0,0,0,2,0,0,0,2056,31082107,2018,0.1,0,0,0,32.4,32.5,33.3,33.4,33.6,32.4,31.9,31.3,32,32.2,29,360957,1065,0,0,0,0,0,0,0,60,-0.82,12164026,72269,0,3404.94,0,1200,400,720,240,4200,7500,8500,102,1.5,6000,0,0,0,0,0,30,0,30,35,31.9,0,0
2026-08-07T13:30:45.459000+09:00,2026-08-07T04:30:45.459000+00:00,094623,0.0,2,0,0,0,0,13354,0,13354,0,0,0,0,4623,-24512,10330,0,256,0,161,0,0,0,0,2,0,0,0,2056,31082107,2018,0.1,0,0,0,32.4,32.5,33.3,33.4,33.6,32.4,31.9,31.3,32,32.2,29,360957,1065,0,0,0,0,0,0,0,60,-0.78,12164026,72269,0,3404.94,0,1200,400,720,240,4200,7500,8500,102,1.5,6000,0,0,0,0,0,30,0,30,35,31.9,0,0
2026-08-07T13:31:45.556000+09:00,2026-08-07T04:31:45.556000+00:00,094623,0.0,2,0,0,0,0,13354,0,13354,0,0,0,0,4623,-24512,10330,0,256,0,161,0,0,0,0,2,0,0,0,2056,31082107,2018,0.1,0,0,0,32.4,32.5,33.3,33.4,33.6,32.4,31.9,31.3,32.1,32.3,29,360957,1065,0,0,0,0,0,0,0,60,-0.78,12164026,72269,0,3404.94,0,1200,400,720,240,4200,7500,8500,102,1.5,6000,0,0,0,0,0,30,0,30,35,31.9,0,0
2026-08-07T13:32:45.659000+09:00,2026-08-07T04:32:45.659000+00:00,094623,0.0,2,0,0,0,0,13354,0,13354,0,0,0,0,4623,-24512,10330,0,256,0,161,0,0,0,0,2,0,0,0,2056,31082107,2018,0.1,0,0,0,32.4,32.5,33.3,33.5,33.7,32.5,31.9,31.3,32.1,32.3,29,360957,1065,0,0,0,0,0,0,0,60,-0.79,12164026,72270,0,3404.94,0,1200,400,720,240,4200,7500,8500,102,1.5,6000,0,0,0,0,0,30,0,30,35,31.9,0,0
2026-08-07T13:33:45.766000+09:00,2026-08-07T04:33:45.766000+00:00,094623,0.0,2,0,0,0,0,13354,0,13354,0,0,0,0,4623,-24512,10330,0,256,0,161,0,0,0,0,2,0,0,0,2056,31082107,2018,0.1,0,0,0,32.4,32.5,33.4,33.5,33.7,32.5,32,31.3,32.1,32.3,29.1,360957,1065,0,0,0,0,0,0,0,60,-0.78,12164026,72270,0,3404.94,0,1200,400,720,240,4200,7500,8500,102,1.5,6000,0,0,0,0,0,30,0,30,35,31.9,0,0
2026-08-07T13:34:45.864000+09:00,2026-08-07T04:34:45.864000+00:00,094623,0.0,2,0,0,0,0,13354,0,13354,0,0,0,0,4623,-24512,10330,0,256,0,161,0,0,0,0,2,0,0,0,2056,31082107,2018,0.1,0,0,0,32.4,32.6,33.4,33.5,33.7,32.5,32,31.3,32.1,32.3,29,360957,1065,0,0,0,0,0,0,0,60,-0.79,12164026,72270,0,3404.94,0,1200,400,720,240,4200,7500,8500,102,1.5,6000,0,0,0,0,0,30,0,30,35,32,0,0
2026-08-07T13:35:45.955000+09:00,2026-08-07T04:35:45.955000+00:00,094623,0.0,2,0,0,0,0,13354,0,13354,0,0,0,0,4623,-24512,10330,0,256,0,161,0,0,0,0,2,0,0,0,2056,31082107,2018,0.1,0,0,0,32.4,32.6,33.4,33.5,33.7,32.5,32,31.3,32.1,32.3,29,360957,1065,0,0,0,0,0,0,0,60,-0.78,12164026,72270,0,3404.94,0,1200,400,720,240,4200,7500,8500,102,1.5,6000,0,0,0,0,0,30,0,30,35,32,0,0
2026-08-07T13:36:46.047000+09:00,2026-08-07T04:36:46.047000+00:00,094623,0.0,2,0,0,0,0,13354,0,13354,0,0,0,0,4623,-24512,10330,0,256,0,161,0,0,0,0,2,0,0,0,2056,31082107,2018,0.1,0,0,0,32.5,32.6,33.4,33.5,33.7,32.5,32,31.4,32.1,32.3,29,360957,1065,0,0,0,0,0,0,0,60,-0.79,12164026,72270,0,3404.94,0,1200,400,720,240,4200,7500,8500,102,1.5,6000,0,0,0,0,0,30,0,30,35,32,0,0
2026-08-07T13:37:46.132000+09:00,2026-08-07T04:37:46.132000+00:00,094623,0.0,2,0,0,0,0,13354,0,13354,0,0,0,0,4623,-24512,10330,0,256,0,161,0,0,0,0,2,0,0,0,2056,31082107,2018,0.1,0,0,0,32.5,32.6,33.4,33.5,33.8,32.5,32,31.4,32.1,32.3,29,360957,1065,0,0,0,0,0,0,0,60,-0.79,12164026,72270,0,3404.94,0,1200,400,720,240,4200,7500,8500,102,1.5,6000,0,0,0,0,0,30,0,30,35,32,0,0
2026-08-07T13:38:46.223000+09:00,2026-08-07T04:38:46.223000+00:00,094623,0.0,2,0,0,0,0,13354,0,13354,0,0,0,0,4623,-24512,10330,0,256,0,161,0,0,0,0,2,0,0,0,2056,31082107,2018,0.1,0,0,0,32.5,32.6,33.4,33.5,33.8,32.5,32,31.4,32.1,32.3,29,360957,1065,0,0,0,0,0,0,0,60,-0.78,12164026,72270,0,3404.94,0,1200,400,720,240,4200,7500,8500,102,1.5,6000,0,0,0,0,0,30,0,30,35,32,0,0
2026-08-07T13:39:46.322000+09:00,2026-08-07T04:39:46.322000+00:00,094623,0.0,2,0,0,0,0,13354,0,13354,0,0,0,0,4623,-24512,10330,0,256,0,161,0,0,0,0,2,0,0,0,2056,31082107,2018,0.1,0,0,0,32.5,32.6,33.4,33.5,33.8,32.5,32,31.4,32.2,32.3,29,360957,1065,0,0,0,0,0,0,0,60,-0.78,12164026,72270,0,3404.94,0,1200,400,720,240,4200,7500,8500,102,1.5,6000,0,0,0,0,0,30,0,30,35,32,0,0
2026-08-07T13:40:46.410000+09:00,2026-08-07T04:40:46.410000+00:00,094623,0.0,2,0,0,0,0,13354,0,13354,0,0,0,0,4623,-24512,10330,0,256,0,161,0,0,0,0,2,0,0,0,2056,31082107,2018,0.1,0,0,0,32.5,32.6,33.5,33.5,33.8,32.5,32,31.4,32.2,32.4,29,360957,1065,0,0,0,0,0,0,0,60,-0.78,12164026,72271,0,3404.94,0,1200,400,720,240,4200,7500,8500,102,1.5,6000,0,0,0,0,0,30,0,30,35,32,0,0
2026-08-07T13:41:46.508000+09:00,2026-08-07T04:41:46.508000+00:00,094623,0.0,2,0,0,0,0,13354,0,13354,0,0,0,0,4623,-24512,10330,0,256,0,161,0,0,0,0,2,0,0,0,2056,31082107,2018,0.1,0,0,0,32.5,32.6,33.5,33.5,33.8,32.5,32,31.4,32.2,32.4,29,360957,1065,0,0,0,0,0,0,0,60,-0.78,12164026,72271,0,3404.94,0,1200,400,720,240,4200,7500,8500,102,1.5,6000,0,0,0,0,0,30,0,30,35,32,0,0
2026-08-07T13:42:46.609000+09:00,2026-08-07T04:42:46.609000+00:00,094623,0.0,2,0,0,0,0,13354,0,13354,0,0,0,0,4623,-24512,10330,0,256,0,161,0,0,0,0,2,0,0,0,2056,31082107,2018,0.1,0,0,0,32.5,32.6,33.5,33.5,33.8,32.6,32,31.4,32.2,32.4,29,360957,1065,0,0,0,0,0,0,0,60,-0.78,12164026,72271,0,3404.94,0,1200,400,720,240,4200,7500,8500,102,1.5,6000,0,0,0,0,0,30,0,30,35,32,0,0
2026-08-07T13:43:46.707000+09:00,2026-08-07T04:43:46.707000+00:00,094623,0.0,2,0,0,0,0,13354,0,13354,0,0,0,0,4623,-24512,10330,0,256,0,161,0,0,0,0,2,0,0,0,2056,31082107,2018,0.1,0,0,0,32.5,32.7,33.5,33.5,33.8,32.5,32,31.4,32.2,32.4,29,360957,1065,0,0,0,0,0,0,0,60,-0.78,12164026,72271,0,3404.94,0,1200,400,720,240,4200,7500,8500,102,1.5,6000,0,0,0,0,0,30,0,30,35,32.1,0,0
2026-08-07T13:44:46.822000+09:00,2026-08-07T04:44:46.822000+00:00,094623,0.0,2,0,0,0,0,13354,0,13354,0,0,0,0,4623,-24512,10330,0,256,0,161,0,0,0,0,2,0,0,0,2056,31082107,2018,0.1,0,0,0,32.5,32.7,33.5,33.5,33.8,32.6,32,31.4,32.2,32.4,29.1,360957,1065,0,0,0,0,0,0,0,60,-0.79,12164026,72271,0,3404.94,0,1200,400,720,240,4200,7500,8500,102,1.5,6000,0,0,0,0,0,30,0,30,35,32,0,0
2026-08-07T13:45:46.917000+09:00,2026-08-07T04:45:46.917000+00:00,094623,0.0,2,0,0,0,0,13354,0,13354,0,0,0,0,4623,-24512,10330,0,256,0,161,0,0,0,0,2,0,0,0,2056,31082107,2018,0.1,0,0,0,32.5,32.7,33.5,33.6,33.8,32.5,32,31.4,32.2,32.4,29,360957,1065,0,0,0,0,0,0,0,60,-0.78,12164026,72271,0,3404.94,0,1200,400,720,240,4200,7500,8500,102,1.5,6000,0,0,0,0,0,30,0,30,35,32.1,0,0
2026-08-07T13:46:47.016000+09:00,2026-08-07T04:46:47.016000+00:00,094623,0.0,2,0,0,0,0,13354,0,13354,0,0,0,0,4623,-24512,10330,0,256,0,161,0,0,0,0,2,0,0,0,2056,31082107,2018,0.1,0,0,0,32.6,32.7,33.5,33.6,33.9,32.6,32,31.5,32.3,32.4,29,360957,1065,0,0,0,0,0,0,0,60,-0.78,12164026,72271,0,3404.94,0,1200,400,720,240,4200,7500,8500,102,1.5,6000,0,0,0,0,0,30,0,30,35,32.1,0,0
2026-08-07T13:47:47.103000+09:00,2026-08-07T04:47:47.103000+00:00,094623,0.0,2,0,0,0,0,13354,0,13354,0,0,0,0,4623,-24512,10330,0,256,0,161,0,0,0,0,2,0,0,0,2056,31082107,2018,0.1,0,0,0,32.6,32.7,33.5,33.6,33.9,32.6,32.1,31.5,32.3,32.4,29,360957,1065,0,0,0,0,0,0,0,60,-0.79,12164026,72272,0,3404.94,0,1200,400,720,240,4200,7500,8500,102,1.5,6000,0,0,0,0,0,30,0,30,35,32.1,0,0
2026-08-07T13:48:47.202000+09:00,2026-08-07T04:48:47.202000+00:00,094623,0.0,2,0,0,0,0,13354,0,13354,0,0,0,0,4623,-24512,10330,0,256,0,161,0,0,0,0,2,0,0,0,2056,31082107,2018,0.1,0,0,0,32.6,32.7,33.5,33.6,33.9,32.6,32,31.5,32.3,32.4,29,360957,1065,0,0,0,0,0,0,0,60,-0.79,12164026,72272,0,3404.94,0,1200,400,720,240,4200,7500,8500,102,1.5,6000,0,0,0,0,0,30,0,30,35,32.1,0,0
2026-08-07T13:49:47.299000+09:00,2026-08-07T04:49:47.299000+00:00,094623,0.0,2,0,0,0,0,13354,0,13354,0,0,0,0,4623,-24512,10330,0,256,0,161,0,0,0,0,2,0,0,0,2056,31082107,2018,0.1,0,0,0,32.6,32.7,33.5,33.6,33.9,32.6,32.1,31.5,32.3,32.4,29,360957,1065,0,0,0,0,0,0,0,60,-0.82,12164026,72272,0,3404.94,0,1200,400,720,240,4200,7500,8500,102,1.5,6000,0,0,0,0,0,30,0,30,35,32.1,0,0
2026-08-07T13:50:47.387000+09:00,2026-08-07T04:50:47.387000+00:00,094623,0.0,2,0,0,0,0,13354,0,13354,0,0,0,0,4623,-24512,10330,0,256,0,161,0,0,0,0,2,0,0,0,2056,31082107,2018,0.1,0,0,0,32.6,32.7,33.6,33.6,33.9,32.6,32.1,31.5,32.3,32.4,29,360957,1065,0,0,0,0,0,0,0,60,-0.79,12164026,72272,0,3404.94,0,1200,400,720,240,4200,7500,8500,102,1.5,6000,0,0,0,0,0,30,0,30,35,32.1,0,0
2026-08-07T13:51:47.493000+09:00,2026-08-07T04:51:47.493000+00:00,094623,0.0,2,0,0,0,0,13354,0,13354,0,0,0,0,4623,-24512,10330,0,256,0,161,0,0,0,0,2,0,0,0,2056,31082107,2018,0.1,0,0,0,32.6,32.7,33.6,33.6,33.9,32.6,32.1,31.5,32.3,32.5,29.1,360957,1065,0,0,0,0,0,0,0,60,-0.78,12164026,72272,0,3404.94,0,1200,400,720,240,4200,7500,8500,102,1.5,6000,0,0,0,0,0,30,0,30,35,32.1,0,0
2026-08-07T13:52:47.582000+09:00,2026-08-07T04:52:47.582000+00:00,094623,0.0,2,0,0,0,0,13354,0,13354,0,0,0,0,4623,-24512,10330,0,256,0,161,0,0,0,0,2,0,0,0,2056,31082107,2018,0.1,0,0,0,32.6,32.7,33.6,33.6,33.9,32.6,32.1,31.5,32.3,32.5,29,360957,1065,0,0,0,0,0,0,0,60,-0.79,12164026,72272,0,3404.94,0,1200,400,720,240,4200,7500,8500,102,1.5,6000,0,0,0,0,0,30,0,30,35,32.2,0,0
2026-08-07T13:53:47.682000+09:00,2026-08-07T04:53:47.682000+00:00,094623,0.0,2,0,0,0,0,13354,0,13354,0,0,0,0,4623,-24512,10330,0,256,0,161,0,0,0,0,2,0,0,0,2056,31082107,2018,0.1,0,0,0,32.6,32.8,33.6,33.6,33.9,32.6,32.1,31.6,32.3,32.5,29.1,360957,1065,0,0,0,0,0,0,0,60,-0.78,12164026,72272,0,3404.94,0,1200,400,720,240,4200,7500,8500,102,1.5,6000,0,0,0,0,0,30,0,30,35,32.2,0,0
2026-08-07T13:54:47.832000+09:00,2026-08-07T04:54:47.832000+00:00,094623,0.0,2,0,0,0,0,13354,0,13354,0,0,0,0,4623,-24512,10330,0,256,0,161,0,0,0,0,2,0,0,0,2056,31082107,2018,0.1,0,0,0,32.6,32.8,33.6,33.6,33.9,32.7,32.1,31.5,32.3,32.5,29,360957,1065,0,0,0,0,0,0,0,60,-0.78,12164026,72272,0,3404.94,0,1200,400,720,240,4200,7500,8500,102,1.5,6000,0,0,0,0,0,30,0,30,35,32.2,0,0
2026-08-07T13:55:47.888000+09:00,2026-08-07T04:55:47.888000+00:00,094623,0.0,2,0,0,0,0,13354,0,13354,0,0,0,0,4623,-24512,10330,0,256,0,161,0,0,0,0,2,0,0,0,2056,31082107,2018,0.1,0,0,0,32.7,32.8,33.6,33.6,34,32.7,32.1,31.6,32.3,32.5,29.1,360957,1065,0,0,0,0,0,0,0,60,-0.78,12164026,72273,0,3404.94,0,1200,400,720,240,4200,7500,8500,102,1.5,6000,0,0,0,0,0,30,0,30,35,32.2,0,0
2026-08-07T13:56:47.993000+09:00,2026-08-07T04:56:47.993000+00:00,094623,0.0,2,0,0,0,0,13354,0,13354,0,0,0,0,4623,-24512,10330,0,256,0,161,0,0,0,0,2,0,0,0,2056,31082107,2018,0.1,0,0,0,32.7,32.8,33.6,33.7,34,32.7,32.1,31.6,32.4,32.5,29,360957,1065,0,0,0,0,0,0,0,60,-0.79,12164026,72273,0,3404.94,0,1200,400,720,240,4200,7500,8500,102,1.5,6000,0,0,0,0,0,30,0,30,35,32.2,0,0
2026-08-07T13:57:48.084000+09:00,2026-08-07T04:57:48.084000+00:00,094623,0.0,2,0,0,0,0,13354,0,13354,0,0,0,0,4623,-24512,10330,0,256,0,161,0,0,0,0,2,0,0,0,2056,31082107,2018,0.1,0,0,0,32.7,32.8,33.6,33.7,34,32.7,32.2,31.6,32.3,32.5,29.1,360957,1065,0,0,0,0,0,0,0,60,-0.78,12164026,72273,0,3404.94,0,1200,400,720,240,4200,7500,8500,102,1.5,6000,0,0,0,0,0,30,0,30,35,32.2,0,0
2026-08-07T13:58:48.182000+09:00,2026-08-07T04:58:48.182000+00:00,094623,0.0,2,0,0,0,0,13354,0,13354,0,0,0,0,4623,-24512,10330,0,256,0,161,0,0,0,0,2,0,0,0,2056,31082107,2018,0.1,0,0,0,32.7,32.8,33.7,33.7,34,32.7,32.2,31.6,32.4,32.5,29,360957,1065,0,0,0,0,0,0,0,60,-0.79,12164026,72273,0,3404.94,0,1200,400,720,240,4200,7500,8500,102,1.5,6000,0,0,0,0,0,30,0,30,35,32.2,0,0
2026-08-07T13:59:48.306000+09:00,2026-08-07T04:59:48.306000+00:00,094623,0.0,2,0,0,0,0,13354,0,13354,0,0,0,0,4623,-24512,10330,0,256,0,161,0,0,0,0,2,0,0,0,2056,31082107,2018,0.1,0,0,0,32.7,32.8,33.7,33.7,34,32.7,32.1,31.6,32.4,32.5,29,360957,1065,0,0,0,0,0,0,0,60,-0.81,12164026,72273,0,3404.94,0,1200,400,720,240,4200,7500,8500,102,1.5,6000,0,0,0,0,0,30,0,30,35,32.3,0,0
2026-08-07T14:00:48.378000+09:00,2026-08-07T05:00:48.378000+00:00,094623,0.0,2,0,0,0,0,13354,0,13354,0,0,0,0,4623,-24512,10330,0,256,0,161,0,0,0,0,2,0,0,0,2056,31082107,2018,0.1,0,0,0,32.7,32.8,33.7,33.7,34,32.7,32.2,31.6,32.4,32.5,29,360957,1065,0,0,0,0,0,0,0,60,-0.78,12164026,72273,0,3404.94,0,1200,400,720,240,4200,7500,8500,102,1.5,6000,0,0,0,0,0,30,0,30,35,32.3,0,0
2026-08-07T14:01:48.475000+09:00,2026-08-07T05:01:48.475000+00:00,094623,0.0,2,0,0,0,0,13354,0,13354,0,0,0,0,4623,-24512,10330,0,256,0,161,0,0,0,0,2,0,0,0,2056,31082107,2018,0.1,0,0,0,32.7,32.8,33.7,33.6,34,32.7,32.2,31.6,32.4,32.6,29,360957,1065,0,0,0,0,0,0,0,60,-0.79,12164026,72273,0,3404.94,0,1200,400,720,240,4200,7500,8500,102,1.5,6000,0,0,0,0,0,30,0,30,35,32.3,0,0
2026-08-07T14:02:48.591000+09:00,2026-08-07T05:02:48.591000+00:00,094623,0.0,2,0,0,0,0,13354,0,13354,0,0,0,0,4623,-24512,10330,0,256,0,161,0,0,0,0,2,0,0,0,2056,31082107,2018,0.1,0,0,0,32.7,32.8,33.7,33.6,34,32.7,32.2,31.6,32.4,32.6,29,360957,1065,0,0,0,0,0,0,0,60,-0.79,12164026,72274,0,3404.94,0,1200,400,720,240,4200,7500,8500,102,1.5,6000,0,0,0,0,0,30,0,30,35,32.3,0,0
2026-08-07T14:03:48.675000+09:00,2026-08-07T05:03:48.675000+00:00,094623,0.0,2,0,0,0,0,13354,0,13354,0,0,0,0,4623,-24512,10330,0,256,0,161,0,0,0,0,2,0,0,0,2056,31082107,2018,0.1,0,0,0,32.7,32.8,33.7,33.6,34,32.7,32.2,31.6,32.4,32.6,29.1,360957,1065,0,0,0,0,0,0,0,60,-0.79,12164026,72274,0,3404.94,0,1200,400,720,240,4200,7500,8500,102,1.5,6000,0,0,0,0,0,30,0,30,35,32.3,0,0
2026-08-07T14:04:48.776000+09:00,2026-08-07T05:04:48.776000+00:00,094623,0.0,2,0,0,0,0,13354,0,13354,0,0,0,0,4623,-24512,10330,0,256,0,161,0,0,0,0,2,0,0,0,2056,31082107,2018,0.1,0,0,0,32.7,32.9,33.7,33.6,34,32.7,32.2,31.6,32.4,32.6,29,360957,1065,0,0,0,0,0,0,0,60,-0.81,12164026,72274,0,3404.94,0,1200,400,720,240,4200,7500,8500,102,1.5,6000,0,0,0,0,0,30,0,30,35,32.3,0,0
2026-08-07T14:05:48.890000+09:00,2026-08-07T05:05:48.890000+00:00,094623,0.0,2,0,0,0,0,13354,0,13354,0,0,0,0,4623,-24512,10330,0,256,0,161,0,0,0,0,2,0,0,0,2056,31082107,2018,0.1,0,0,0,32.7,32.9,33.7,33.6,34,32.7,32.2,31.6,32.4,32.6,29.1,360957,1065,0,0,0,0,0,0,0,60,-0.79,12164026,72274,0,3404.94,0,1200,400,720,240,4200,7500,8500,102,1.5,6000,0,0,0,0,0,30,0,30,35,32.3,0,0
2026-08-07T14:06:49.001000+09:00,2026-08-07T05:06:49.001000+00:00,094623,0.0,2,0,0,0,0,13354,0,13354,0,0,0,0,4623,-24512,10330,0,256,0,161,0,0,0,0,2,0,0,0,2056,31082107,2018,0.1,0,0,0,32.8,32.9,33.7,33.6,34,32.7,32.2,31.6,32.4,32.6,29.1,360957,1065,0,0,0,0,0,0,0,60,-0.79,12164026,72274,0,3404.94,0,1200,400,720,240,4200,7500,8500,102,1.5,6000,0,0,0,0,0,30,0,30,35,32.4,0,0
2026-08-07T14:07:49.089000+09:00,2026-08-07T05:07:49.089000+00:00,094623,0.0,2,0,0,0,0,13354,0,13354,0,0,0,0,4623,-24512,10330,0,256,0,161,0,0,0,0,2,0,0,0,2056,31082107,2018,0.1,0,0,0,32.8,32.9,33.7,33.6,34,32.7,32.2,31.7,32.4,32.6,29.1,360957,1065,0,0,0,0,0,0,0,60,-0.79,12164026,72274,0,3404.94,0,1200,400,720,240,4200,7500,8500,102,1.5,6000,0,0,0,0,0,30,0,30,35,32.3,0,0
2026-08-07T14:08:49.175000+09:00,2026-08-07T05:08:49.175000+00:00,094623,0.0,2,0,0,0,0,13354,0,13354,0,0,0,0,4623,-24512,10330,0,256,0,161,0,0,0,0,2,0,0,0,2056,31082107,2018,0.1,0,0,0,32.8,32.9,33.7,33.6,34,32.8,32.2,31.7,32.4,32.6,29.1,360957,1065,0,0,0,0,0,0,0,60,-0.78,12164026,72274,0,3404.94,0,1200,400,720,240,4200,7500,8500,102,1.5,6000,0,0,0,0,0,30,0,30,35,32.4,0,0
2026-08-07T14:09:49.279000+09:00,2026-08-07T05:09:49.279000+00:00,094623,0.0,2,0,0,0,0,13354,0,13354,0,0,0,0,4623,-24512,10330,0,256,0,161,0,0,0,0,2,0,0,0,2056,31082107,2018,0.1,0,0,0,32.8,32.9,33.7,33.6,34,32.8,32.2,31.7,32.4,32.6,29.1,360957,1065,0,0,0,0,0,0,0,60,-0.79,12164026,72274,0,3404.94,0,1200,400,720,240,4200,7500,8500,102,1.5,6000,0,0,0,0,0,30,0,30,35,32.4,0,0
2026-08-07T14:10:49.365000+09:00,2026-08-07T05:10:49.365000+00:00,094623,0.0,2,0,0,0,0,13354,0,13354,0,0,0,0,4623,-24512,10330,0,256,0,161,0,0,0,0,2,0,0,0,2056,31082107,2018,0.1,0,0,0,32.8,32.9,33.7,33.7,34,32.8,32.2,31.7,32.4,32.6,29.1,360957,1065,0,0,0,0,0,0,0,60,-0.79,12164026,72275,0,3404.94,0,1200,400,720,240,4200,7500,8500,102,1.5,6000,0,0,0,0,0,30,0,30,35,32.4,0,0
2026-08-07T14:11:49.470000+09:00,2026-08-07T05:11:49.470000+00:00,094623,0.0,2,0,0,0,0,13354,0,13354,0,0,0,0,4623,-24512,10330,0,256,0,161,0,0,0,0,2,0,0,0,2056,31082107,2018,0.1,0,0,0,32.8,32.9,33.7,33.7,34,32.8,32.2,31.7,32.5,32.6,29.1,360957,1065,0,0,0,0,0,0,0,60,-0.79,12164026,72275,0,3404.94,0,1200,400,720,240,4200,7500,8500,102,1.5,6000,0,0,0,0,0,30,0,30,35,32.4,0,0
2026-08-07T14:12:49.569000+09:00,2026-08-07T05:12:49.569000+00:00,094623,0.0,2,0,0,0,0,13354,0,13354,0,0,0,0,4623,-24512,10330,0,256,0,161,0,0,0,0,2,0,0,0,2056,31082107,2018,0.1,0,0,0,32.8,32.9,33.7,33.7,34,32.8,32.2,31.7,32.4,32.6,29.1,360957,1065,0,0,0,0,0,0,0,60,-0.79,12164026,72275,0,3404.94,0,1200,400,720,240,4200,7500,8500,102,1.5,6000,0,0,0,0,0,30,0,30,35,32.4,0,0
2026-08-07T14:13:49.699000+09:00,2026-08-07T05:13:49.699000+00:00,094623,0.0,2,0,0,0,0,13354,0,13354,0,0,0,0,4623,-24512,10330,0,256,0,161,0,0,0,0,2,0,0,0,2056,31082107,2018,0.1,0,0,0,32.8,32.9,33.8,33.7,34,32.8,32.2,31.7,32.5,32.6,29.1,360957,1065,0,0,0,0,0,0,0,60,-0.78,12164026,72275,0,3404.94,0,1200,400,720,240,4200,7500,8500,102,1.5,6000,0,0,0,0,0,30,0,30,35,32.4,0,0
2026-08-07T14:14:49.816000+09:00,2026-08-07T05:14:49.816000+00:00,094623,0.0,2,0,0,0,0,13354,0,13354,0,0,0,0,4623,-24512,10330,0,256,0,161,0,0,0,0,2,0,0,0,2056,31082107,2018,0.1,0,0,0,32.8,32.9,33.8,33.7,34,32.8,32.2,31.7,32.5,32.6,29.1,360957,1065,0,0,0,0,0,0,0,60,-0.79,12164026,72275,0,3404.94,0,1200,400,720,240,4200,7500,8500,102,1.5,6000,0,0,0,0,0,30,0,30,35,32.4,0,0
2026-08-07T14:15:49.912000+09:00,2026-08-07T05:15:49.912000+00:00,094623,0.0,2,0,0,0,0,13354,0,13354,0,0,0,0,4623,-24512,10330,0,256,0,161,0,0,0,0,2,0,0,0,2056,31082107,2018,0.1,0,0,0,32.8,33,33.8,33.7,34,32.8,32.2,31.7,32.5,32.6,29.1,360957,1065,0,0,0,0,0,0,0,60,-0.79,12164026,72275,0,3404.94,0,1200,400,720,240,4200,7500,8500,102,1.5,6000,0,0,0,0,0,30,0,30,35,32.5,0,0
2026-08-07T14:16:50.019000+09:00,2026-08-07T05:16:50.019000+00:00,094623,0.0,2,0,0,0,0,13354,0,13354,0,0,0,0,4623,-24512,10330,0,256,0,161,0,0,0,0,2,0,0,0,2056,31082107,2018,0.1,0,0,0,32.8,33,33.8,33.7,34.1,32.8,32.3,31.7,32.5,32.6,29.1,360957,1065,0,0,0,0,0,0,0,60,-0.79,12164026,72275,0,3404.94,0,1200,400,720,240,4200,7500,8500,102,1.5,6000,0,0,0,0,0,30,0,30,35,32.5,0,0
2026-08-07T14:17:50.129000+09:00,2026-08-07T05:17:50.129000+00:00,094623,0.0,2,0,0,0,0,13354,0,13354,0,0,0,0,4623,-24512,10330,0,256,0,161,0,0,0,0,2,0,0,0,2056,31082107,2018,0.1,0,0,0,32.9,33,33.8,33.7,34.1,32.8,32.3,31.7,32.5,32.6,29,360957,1065,0,0,0,0,0,0,0,60,-0.78,12164026,72276,0,3404.94,0,1200,400,720,240,4200,7500,8500,102,1.5,6000,0,0,0,0,0,30,0,30,35,32.5,0,0
2026-08-07T14:18:50.282000+09:00,2026-08-07T05:18:50.282000+00:00,094623,0.0,2,0,0,0,0,13354,0,13354,0,0,0,0,4623,-24512,10330,0,256,0,161,0,0,0,0,2,0,0,0,2056,31082107,2018,0.1,0,0,0,32.9,33,33.8,33.7,34.1,32.8,32.3,31.7,32.5,32.7,29.1,360957,1065,0,0,0,0,0,0,0,60,-0.79,12164026,72276,0,3404.94,0,1200,400,720,240,4200,7500,8500,102,1.5,6000,0,0,0,0,0,30,0,30,35,32.5,0,0
2026-08-07T14:19:50.319000+09:00,2026-08-07T05:19:50.319000+00:00,094623,0.0,2,0,0,0,0,13354,0,13354,0,0,0,0,4623,-24512,10330,0,256,0,161,0,0,0,0,2,0,0,0,2056,31082107,2018,0.1,0,0,0,32.9,33,33.8,33.7,34.1,32.8,32.3,31.7,32.5,32.6,29.1,360957,1065,0,0,0,0,0,0,0,60,-0.79,12164026,72276,0,3404.94,0,1200,400,720,240,4200,7500,8500,102,1.5,6000,0,0,0,0,0,30,0,30,35,32.5,0,0
2026-08-07T14:20:50.416000+09:00,2026-08-07T05:20:50.416000+00:00,094623,0.0,2,0,0,0,0,13354,0,13354,0,0,0,0,4623,-24512,10330,0,256,0,161,0,0,0,0,2,0,0,0,2056,31082107,2018,0.1,0,0,0,32.9,33,33.8,33.7,34.1,32.8,32.3,31.7,32.5,32.7,29.1,360957,1065,0,0,0,0,0,0,0,60,-0.78,12164026,72276,0,3404.94,0,1200,400,720,240,4200,7500,8500,102,1.5,6000,0,0,0,0,0,30,0,30,35,32.5,0,0
2026-08-07T14:21:50.506000+09:00,2026-08-07T05:21:50.506000+00:00,094623,0.0,2,0,0,0,0,13354,0,13354,0,0,0,0,4623,-24512,10330,0,256,0,161,0,0,0,0,2,0,0,0,2056,31082107,2018,0.1,0,0,0,32.9,33,33.8,33.7,34.1,32.9,32.3,31.7,32.5,32.7,29.1,360957,1065,0,0,0,0,0,0,0,60,-0.78,12164026,72276,0,3404.94,0,1200,400,720,240,4200,7500,8500,102,1.5,6000,0,0,0,0,0,30,0,30,35,32.5,0,0
2026-08-07T14:22:50.607000+09:00,2026-08-07T05:22:50.607000+00:00,094623,0.0,2,0,0,0,0,13354,0,13354,0,0,0,0,4623,-24512,10330,0,256,0,161,0,0,0,0,2,0,0,0,2056,31082107,2018,0.1,0,0,0,32.9,33,33.8,33.7,34.1,32.9,32.3,31.8,32.5,32.7,29.1,360957,1065,0,0,0,0,0,0,0,60,-0.78,12164026,72276,0,3404.94,0,1200,400,720,240,4200,7500,8500,102,1.5,6000,0,0,0,0,0,30,0,30,35,32.6,0,0
2026-08-07T14:23:50.695000+09:00,2026-08-07T05:23:50.695000+00:00,094623,0.0,2,0,0,0,0,13354,0,13354,0,0,0,0,4623,-24512,10330,0,256,0,161,0,0,0,0,2,0,0,0,2056,31082107,2018,0.1,0,0,0,32.9,33,33.8,33.7,34.1,32.9,32.3,31.8,32.5,32.7,29.1,360957,1065,0,0,0,0,0,0,0,60,-0.78,12164026,72276,0,3404.94,0,1200,400,720,240,4200,7500,8500,102,1.5,6000,0,0,0,0,0,30,0,30,35,32.6,0,0
2026-08-07T14:24:50.801000+09:00,2026-08-07T05:24:50.801000+00:00,094623,0.0,2,0,0,0,0,13354,0,13354,0,0,0,0,4623,-24512,10330,0,256,0,161,0,0,0,0,2,0,0,0,2056,31082107,2018,0.1,0,0,0,32.9,33,33.8,33.7,34,32.9,32.3,31.7,32.5,32.7,29.1,360957,1065,0,0,0,0,0,0,0,60,-0.78,12164026,72276,0,3404.94,0,1200,400,720,240,4200,7500,8500,102,1.5,6000,0,0,0,0,0,30,0,30,35,32.6,0,0
2026-08-07T14:25:50.890000+09:00,2026-08-07T05:25:50.890000+00:00,094623,0.0,2,0,0,0,0,13354,0,13354,0,0,0,0,4623,-24512,10330,0,256,0,161,0,0,0,0,2,0,0,0,2056,31082107,2018,0.1,0,0,0,32.9,33,33.8,33.7,34,32.9,32.3,31.7,32.5,32.7,29.1,360957,1065,0,0,0,0,0,0,0,60,-0.79,12164026,72277,0,3404.94,0,1200,400,720,240,4200,7500,8500,102,1.5,6000,0,0,0,0,0,30,0,30,35,32.6,0,0
2026-08-07T14:26:50.997000+09:00,2026-08-07T05:26:50.997000+00:00,094623,0.0,2,0,0,0,0,13354,0,13354,0,0,0,0,4623,-24512,10330,0,256,0,161,0,0,0,0,2,0,0,0,2056,31082107,2018,0.1,0,0,0,32.9,33.1,33.8,33.7,34.1,32.9,32.3,31.8,32.5,32.7,29.1,360957,1065,0,0,0,0,0,0,0,60,-0.78,12164026,72277,0,3404.94,0,1200,400,720,240,4200,7500,8500,102,1.5,6000,0,0,0,0,0,30,0,30,35,32.6,0,0
2026-08-07T14:27:51.097000+09:00,2026-08-07T05:27:51.097000+00:00,094623,0.0,2,0,0,0,0,13354,0,13354,0,0,0,0,4623,-24512,10330,0,256,0,161,0,0,0,0,2,0,0,0,2056,31082107,2018,0.1,0,0,0,32.9,33.1,33.8,33.7,34.1,32.9,32.3,31.8,32.5,32.7,29.1,360957,1065,0,0,0,0,0,0,0,60,-0.78,12164026,72277,0,3404.94,0,1200,400,720,240,4200,7500,8500,102,1.5,6000,0,0,0,0,0,30,0,30,35,32.6,0,0
2026-08-07T14:28:51.205000+09:00,2026-08-07T05:28:51.205000+00:00,094623,0.0,2,0,0,0,0,13354,0,13354,0,0,0,0,4623,-24512,10330,0,256,0,161,0,0,0,0,2,0,0,0,2056,31082107,2018,0.1,0,0,0,32.9,33.1,33.8,33.7,34.1,32.9,32.3,31.8,32.5,32.7,29.1,360957,1065,0,0,0,0,0,0,0,60,-0.79,12164026,72277,0,3404.94,0,1200,400,720,240,4200,7500,8500,102,1.5,6000,0,0,0,0,0,30,0,30,35,32.6,0,0
2026-08-07T14:29:51.317000+09:00,2026-08-07T05:29:51.317000+00:00,094623,0.0,2,0,0,0,0,13354,0,13354,0,0,0,0,4623,-24512,10330,0,256,0,161,0,0,0,0,2,0,0,0,2056,31082107,2018,0.1,0,0,0,32.9,33.1,33.8,33.7,34,32.9,32.3,31.8,32.5,32.7,29.1,360957,1065,0,0,0,0,0,0,0,60,-0.78,12164026,72277,0,3404.94,0,1200,400,720,240,4200,7500,8500,102,1.5,6000,0,0,0,0,0,30,0,30,35,32.6,0,0
2026-08-07T14:30:51.474000+09:00,2026-08-07T05:30:51.474000+00:00,094623,0.0,2,0,0,0,0,13354,0,13354,0,0,0,0,4623,-24512,10330,0,256,0,161,0,0,0,0,2,0,0,0,2056,31082107,2018,0.1,0,0,0,32.9,33.1,33.8,33.7,34.1,32.9,32.3,31.8,32.5,32.7,29.1,360957,1065,0,0,0,0,0,0,0,60,-0.78,12164026,72277,0,3404.94,0,1200,400,720,240,4200,7500,8500,102,1.5,6000,0,0,0,0,0,30,0,30,35,32.7,0,0
2026-08-07T14:31:51.569000+09:00,2026-08-07T05:31:51.569000+00:00,094623,0.0,2,0,0,0,0,13354,0,13354,0,0,0,0,4623,-24512,10330,0,256,0,161,0,0,0,0,2,0,0,0,2056,31082107,2018,0.1,0,0,0,33,33.1,33.8,33.7,34.1,32.9,32.3,31.8,32.5,32.7,29.1,360957,1065,0,0,0,0,0,0,0,60,-0.79,12164026,72277,0,3404.94,0,1200,400,720,240,4200,7500,8500,102,1.5,6000,0,0,0,0,0,30,0,30,35,32.6,0,0
2026-08-07T14:32:51.676000+09:00,2026-08-07T05:32:51.676000+00:00,094623,0.0,2,0,0,0,0,13354,0,13354,0,0,0,0,4623,-24512,10330,0,256,0,161,0,0,0,0,2,0,0,0,2056,31082107,2018,0.1,0,0,0,33,33.1,33.8,33.7,34.1,32.9,32.3,31.8,32.5,32.7,29.1,360957,1065,0,0,0,0,0,0,0,60,-0.82,12164026,72277,0,3404.94,0,1200,400,720,240,4200,7500,8500,102,1.5,6000,0,0,0,0,0,30,0,30,35,32.7,0,0
2026-08-07T14:33:51.749000+09:00,2026-08-07T05:33:51.749000+00:00,094623,0.0,2,0,0,0,0,13354,0,13354,0,0,0,0,4623,-24512,10330,0,256,0,161,0,0,0,0,2,0,0,0,2056,31082107,2018,0.1,0,0,0,33,33.1,33.8,33.7,34.1,32.9,32.3,31.8,32.5,32.7,29.1,360957,1065,0,0,0,0,0,0,0,60,-0.78,12164026,72278,0,3404.94,0,1200,400,720,240,4200,7500,8500,102,1.5,6000,0,0,0,0,0,30,0,30,35,32.7,0,0
2026-08-07T14:34:51.839000+09:00,2026-08-07T05:34:51.839000+00:00,094623,0.0,2,0,0,0,0,13354,0,13354,0,0,0,0,4623,-24512,10330,0,256,0,161,0,0,0,0,2,0,0,0,2056,31082107,2018,0.1,0,0,0,33,33.1,33.8,33.7,34.1,32.9,32.3,31.8,32.5,32.7,29.1,360957,1065,0,0,0,0,0,0,0,60,-0.79,12164026,72278,0,3404.94,0,1200,400,720,240,4200,7500,8500,102,1.5,6000,0,0,0,0,0,30,0,30,35,32.7,0,0
2026-08-07T14:35:51.928000+09:00,2026-08-07T05:35:51.928000+00:00,094623,0.0,2,0,0,0,0,13354,0,13354,0,0,0,0,4623,-24512,10330,0,256,0,161,0,0,0,0,2,0,0,0,2056,31082107,2018,0.1,0,0,0,33,33.1,33.8,33.7,34.1,32.9,32.3,31.8,32.6,32.7,29.1,360957,1065,0,0,0,0,0,0,0,60,-0.78,12164026,72278,0,3404.94,0,1200,400,720,240,4200,7500,8500,102,1.5,6000,0,0,0,0,0,30,0,30,35,32.7,0,0
2026-08-07T14:36:52.019000+09:00,2026-08-07T05:36:52.019000+00:00,094623,0.0,2,0,0,0,0,13354,0,13354,0,0,0,0,4623,-24512,10330,0,256,0,161,0,0,0,0,2,0,0,0,2056,31082107,2018,0.1,0,0,0,33,33.1,33.8,33.7,34,32.9,32.3,31.8,32.5,32.7,29.1,360957,1065,0,0,0,0,0,0,0,60,-0.78,12164026,72278,0,3404.94,0,1200,400,720,240,4200,7500,8500,102,1.5,6000,0,0,0,0,0,30,0,30,35,32.7,0,0
2026-08-07T14:37:52.124000+09:00,2026-08-07T05:37:52.124000+00:00,094623,0.0,2,0,0,0,0,13354,0,13354,0,0,0,0,4623,-24512,10330,0,256,0,161,0,0,0,0,2,0,0,0,2056,31082107,2018,0.1,0,0,0,33,33.1,33.8,33.7,34.1,32.9,32.3,31.8,32.5,32.7,29.1,360957,1065,0,0,0,0,0,0,0,60,-0.79,12164026,72278,0,3404.94,0,1200,400,720,240,4200,7500,8500,102,1.5,6000,0,0,0,0,0,30,0,30,35,32.7,0,0
2026-08-07T14:38:52.215000+09:00,2026-08-07T05:38:52.215000+00:00,094623,0.0,2,0,0,0,0,13354,0,13354,0,0,0,0,4623,-24512,10330,0,256,0,161,0,0,0,0,2,0,0,0,2056,31082107,2018,0.1,0,0,0,33,33.1,33.8,33.7,34,33,32.3,31.8,32.5,32.7,29.1,360957,1065,0,0,0,0,0,0,0,60,-0.78,12164026,72278,0,3404.94,0,1200,400,720,240,4200,7500,8500,102,1.5,6000,0,0,0,0,0,30,0,30,35,32.7,0,0
2026-08-07T14:39:52.324000+09:00,2026-08-07T05:39:52.324000+00:00,094623,0.0,2,0,0,0,0,13354,0,13354,0,0,0,0,4623,-24512,10330,0,256,0,161,0,0,0,0,2,0,0,0,2056,31082107,2018,0.1,0,0,0,33,33.2,33.9,33.8,34.1,33,32.3,31.8,32.6,32.8,29.1,360957,1065,0,0,0,0,0,0,0,60,-0.78,12164026,72278,0,3404.94,0,1200,400,720,240,4200,7500,8500,102,1.5,6000,0,0,0,0,0,30,0,30,35,32.8,0,0
2026-08-07T14:40:52.415000+09:00,2026-08-07T05:40:52.415000+00:00,094623,0.0,2,0,0,0,0,13354,0,13354,0,0,0,0,4623,-24512,10330,0,256,0,161,0,0,0,0,2,0,0,0,2056,31082107,2018,0.1,0,0,0,33,33.2,33.9,33.8,34.1,33,32.4,31.9,32.6,32.8,29.1,360957,1065,0,0,0,0,0,0,0,60,-0.78,12164026,72279,0,3404.94,0,1200,400,720,240,4200,7500,8500,102,1.5,6000,0,0,0,0,0,30,0,30,35,32.8,0,0
2026-08-07T14:41:52.508000+09:00,2026-08-07T05:41:52.508000+00:00,094623,0.0,2,0,0,0,0,13354,0,13354,0,0,0,0,4623,-24512,10330,0,256,0,161,0,0,0,0,2,0,0,0,2056,31082107,2018,0.1,0,0,0,33,33.2,33.9,33.7,34.1,33,32.3,31.8,32.6,32.8,29.1,360957,1065,0,0,0,0,0,0,0,60,-0.84,12164026,72279,0,3404.94,0,1200,400,720,240,4200,7500,8500,102,1.5,6000,0,0,0,0,0,30,0,30,35,32.8,0,0
2026-08-07T14:42:52.617000+09:00,2026-08-07T05:42:52.617000+00:00,094623,0.0,2,0,0,0,0,13354,0,13354,0,0,0,0,4623,-24512,10330,0,256,0,161,0,0,0,0,2,0,0,0,2056,31082107,2018,0.1,0,0,0,33,33.2,33.9,33.7,34.1,33,32.3,31.8,32.6,32.8,29.1,360957,1065,0,0,0,0,0,0,0,60,-0.79,12164026,72279,0,3404.94,0,1200,400,720,240,4200,7500,8500,102,1.5,6000,0,0,0,0,0,30,0,30,35,32.8,0,0
2026-08-07T14:43:52.716000+09:00,2026-08-07T05:43:52.716000+00:00,094623,0.0,2,0,0,0,0,13354,0,13354,0,0,0,0,4623,-24512,10330,0,256,0,161,0,0,0,0,2,0,0,0,2056,31082107,2018,0.1,0,0,0,33.1,33.2,33.9,33.7,34.1,33,32.4,31.9,32.6,32.8,29.2,360957,1065,0,0,0,0,0,0,0,60,-0.79,12164026,72279,0,3404.94,0,1200,400,720,240,4200,7500,8500,102,1.5,6000,0,0,0,0,0,30,0,30,35,32.8,0,0
2026-08-07T14:44:52.868000+09:00,2026-08-07T05:44:52.868000+00:00,094623,0.0,2,0,0,0,0,13354,0,13354,0,0,0,0,4623,-24512,10330,0,256,0,161,0,0,0,0,2,0,0,0,2056,31082107,2018,0.1,0,0,0,33.1,33.2,33.9,33.7,34.1,33,32.4,31.9,32.6,32.8,29.1,360957,1065,0,0,0,0,0,0,0,60,-0.79,12164026,72279,0,3404.94,0,1200,400,720,240,4200,7500,8500,102,1.5,6000,0,0,0,0,0,30,0,30,35,32.8,0,0
2026-08-07T14:45:52.956000+09:00,2026-08-07T05:45:52.956000+00:00,094623,0.0,2,0,0,0,0,13354,0,13354,0,0,0,0,4623,-24512,10330,0,256,0,161,0,0,0,0,2,0,0,0,2056,31082107,2018,0.1,0,0,0,33.1,33.2,33.9,33.7,34.1,33,32.4,31.9,32.6,32.8,29.2,360957,1065,0,0,0,0,0,0,0,60,-0.79,12164026,72279,0,3404.94,0,1200,400,720,240,4200,7500,8500,102,1.5,6000,0,0,0,0,0,30,0,30,35,32.8,0,0
2026-08-07T14:46:53.052000+09:00,2026-08-07T05:46:53.052000+00:00,094623,0.0,2,0,0,0,0,13354,0,13354,0,0,0,0,4623,-24512,10330,0,256,0,161,0,0,0,0,2,0,0,0,2056,31082107,2018,0.1,0,0,0,33.1,33.2,33.9,33.7,34.1,33,32.4,31.9,32.6,32.8,29.2,360957,1065,0,0,0,0,0,0,0,60,-0.78,12164026,72279,0,3404.94,0,1200,400,720,240,4200,7500,8500,102,1.5,6000,0,0,0,0,0,30,0,30,35,32.8,0,0
2026-08-07T14:47:53.146000+09:00,2026-08-07T05:47:53.146000+00:00,094623,0.0,2,0,0,0,0,13354,0,13354,0,0,0,0,4623,-24512,10330,0,256,0,161,0,0,0,0,2,0,0,0,2056,31082107,2018,0.1,0,0,0,33.1,33.2,33.9,33.7,34.1,33,32.4,31.9,32.6,32.8,29.1,360957,1065,0,0,0,0,0,0,0,60,-0.78,12164026,72279,0,3404.94,0,1200,400,720,240,4200,7500,8500,102,1.5,6000,0,0,0,0,0,30,0,30,35,32.9,0,0
2026-08-07T14:48:53.248000+09:00,2026-08-07T05:48:53.248000+00:00,094623,0.0,2,0,0,0,0,13354,0,13354,0,0,0,0,4623,-24512,10330,0,256,0,161,0,0,0,0,2,0,0,0,2056,31082107,2018,0.1,0,0,0,33.1,33.2,33.9,33.7,34.1,33,32.4,31.9,32.6,32.8,29.2,360957,1065,0,0,0,0,0,0,0,60,-0.79,12164026,72280,0,3404.94,0,1200,400,720,240,4200,7500,8500,102,1.5,6000,0,0,0,0,0,30,0,30,35,32.9,0,0
2026-08-07T14:49:53.341000+09:00,2026-08-07T05:49:53.341000+00:00,094623,0.0,2,0,0,0,0,13354,0,13354,0,0,0,0,4623,-24512,10330,0,256,0,161,0,0,0,0,2,0,0,0,2056,31082107,2018,0.1,0,0,0,33.1,33.2,33.9,33.7,34.1,33,32.3,31.9,32.6,32.8,29.1,360957,1065,0,0,0,0,0,0,0,60,-0.79,12164026,72280,0,3404.94,0,1200,400,720,240,4200,7500,8500,102,1.5,6000,0,0,0,0,0,30,0,30,35,32.9,0,0
2026-08-07T14:50:53.446000+09:00,2026-08-07T05:50:53.446000+00:00,094623,0.0,2,0,0,0,0,13354,0,13354,0,0,0,0,4623,-24512,10330,0,256,0,161,0,0,0,0,2,0,0,0,2056,31082107,2018,0.1,0,0,0,33.1,33.2,33.9,33.6,34.1,33,32.3,31.9,32.6,32.8,29.1,360957,1065,0,0,0,0,0,0,0,60,-0.79,12164026,72280,0,3404.94,0,1200,400,720,240,4200,7500,8500,102,1.5,6000,0,0,0,0,0,30,0,30,35,32.9,0,0
2026-08-07T14:51:53.538000+09:00,2026-08-07T05:51:53.538000+00:00,094623,0.0,2,0,0,0,0,13354,0,13354,0,0,0,0,4623,-24512,10330,0,256,0,161,0,0,0,0,2,0,0,0,2056,31082107,2018,0.1,0,0,0,33.1,33.2,33.9,33.6,34,33,32.4,31.9,32.6,32.8,29.1,360957,1065,0,0,0,0,0,0,0,60,-0.78,12164026,72280,0,3404.94,0,1200,400,720,240,4200,7500,8500,102,1.5,6000,0,0,0,0,0,30,0,30,35,32.9,0,0
2026-08-07T14:52:53.632000+09:00,2026-08-07T05:52:53.632000+00:00,094623,0.0,2,0,0,0,0,13354,0,13354,0,0,0,0,4623,-24512,10330,0,256,0,161,0,0,0,0,2,0,0,0,2056,31082107,2018,0.1,0,0,0,33.1,33.2,33.9,33.6,34,33,32.3,31.9,32.6,32.8,29.1,360957,1065,0,0,0,0,0,0,0,60,-0.79,12164026,72280,0,3404.94,0,1200,400,720,240,4200,7500,8500,102,1.5,6000,0,0,0,0,0,30,0,30,35,32.9,0,0
2026-08-07T14:53:53.738000+09:00,2026-08-07T05:53:53.738000+00:00,094623,0.0,2,0,0,0,0,13354,0,13354,0,0,0,0,4623,-24512,10330,0,256,0,161,0,0,0,0,2,0,0,0,2056,31082107,2018,0.1,0,0,0,33.1,33.2,33.9,33.6,34,33,32.3,31.9,32.6,32.8,29.1,360957,1065,0,0,0,0,0,0,0,60,-0.79,12164026,72280,0,3404.94,0,1200,400,720,240,4200,7500,8500,102,1.5,6000,0,0,0,0,0,30,0,30,35,32.9,0,0
2026-08-07T14:54:53.831000+09:00,2026-08-07T05:54:53.831000+00:00,094623,0.0,2,0,0,0,0,13354,0,13354,0,0,0,0,4623,-24512,10330,0,256,0,161,0,0,0,0,2,0,0,0,2056,31082107,2018,0.1,0,0,0,33.1,33.2,33.9,33.6,34,33,32.3,31.9,32.6,32.8,29.1,360957,1065,0,0,0,0,0,0,0,60,-0.79,12164026,72280,0,3404.94,0,1200,400,720,240,4200,7500,8500,102,1.5,6000,0,0,0,0,0,30,0,30,35,32.9,0,0
2026-08-07T14:55:53.925000+09:00,2026-08-07T05:55:53.925000+00:00,094623,0.0,2,0,0,0,0,13354,0,13354,0,0,0,0,4623,-24512,10330,0,256,0,161,0,0,0,0,2,0,0,0,2056,31082107,2018,0.1,0,0,0,33.1,33.3,33.9,33.6,34,33,32.3,31.9,32.6,32.8,29.2,360957,1065,0,0,0,0,0,0,0,60,-0.83,12164026,72281,0,3404.94,0,1200,400,720,240,4200,7500,8500,102,1.5,6000,0,0,0,0,0,30,0,30,35,32.9,0,0
2026-08-07T14:56:54.016000+09:00,2026-08-07T05:56:54.016000+00:00,094623,0.0,2,0,0,0,0,13354,0,13354,0,0,0,0,4623,-24512,10330,0,256,0,161,0,0,0,0,2,0,0,0,2056,31082107,2018,0.1,0,0,0,33.1,33.3,33.9,33.5,34,33,32.3,31.9,32.6,32.8,29.2,360957,1065,0,0,0,0,0,0,0,60,-0.8,12164026,72281,0,3404.94,0,1200,400,720,240,4200,7500,8500,102,1.5,6000,0,0,0,0,0,30,0,30,35,32.9,0,0
2026-08-07T14:57:54.107000+09:00,2026-08-07T05:57:54.107000+00:00,094623,0.0,2,0,0,0,0,13354,0,13354,0,0,0,0,4623,-24512,10330,0,256,0,161,0,0,0,0,2,0,0,0,2056,31082107,2018,0.1,0,0,0,33.1,33.3,33.9,33.5,34,33,32.3,31.9,32.6,32.8,29.2,360957,1065,0,0,0,0,0,0,0,60,-0.78,12164026,72281,0,3404.94,0,1200,400,720,240,4200,7500,8500,102,1.5,6000,0,0,0,0,0,30,0,30,35,33,0,0
2026-08-07T14:58:54.202000+09:00,2026-08-07T05:58:54.202000+00:00,094623,0.0,2,0,0,0,0,13354,0,13354,0,0,0,0,4623,-24512,10330,0,256,0,161,0,0,0,0,2,0,0,0,2056,31082107,2018,0.1,0,0,0,33.1,33.3,33.9,33.5,34,33,32.3,31.9,32.6,32.8,29.2,360957,1065,0,0,0,0,0,0,0,60,-0.79,12164026,72281,0,3404.94,0,1200,400,720,240,4200,7500,8500,102,1.5,6000,0,0,0,0,0,30,0,30,35,33,0,0
2026-08-07T14:59:54.296000+09:00,2026-08-07T05:59:54.296000+00:00,094623,0.0,2,0,0,0,0,13354,0,13354,0,0,0,0,4623,-24512,10330,0,256,0,161,0,0,0,0,2,0,0,0,2056,31082107,2018,0.1,0,0,0,33.1,33.3,33.9,33.6,34,33,32.3,31.9,32.6,32.8,29.1,360957,1065,0,0,0,0,0,0,0,60,-0.78,12164026,72281,0,3404.94,0,1200,400,720,240,4200,7500,8500,102,1.5,6000,0,0,0,0,0,30,0,30,35,33,0,0
2026-08-07T15:00:54.428000+09:00,2026-08-07T06:00:54.428000+00:00,094623,0.0,2,0,0,0,0,13354,0,13354,0,0,0,0,4623,-24512,10330,0,256,0,161,0,0,0,0,2,0,0,0,2056,31082107,2018,0.1,0,0,0,33.1,33.3,33.9,33.6,33.9,33,32.3,31.9,32.6,32.8,29.2,360957,1065,0,0,0,0,0,0,0,60,-0.79,12164026,72281,0,3404.94,0,1200,400,720,240,4200,7500,8500,102,1.5,6000,0,0,0,0,0,30,0,30,35,33,0,0
2026-08-07T15:01:54.498000+09:00,2026-08-07T06:01:54.498000+00:00,094623,0.0,2,0,0,0,0,13354,0,13354,0,0,0,0,4623,-24512,10330,0,256,0,161,0,0,0,0,2,0,0,0,2056,31082107,2018,0.1,0,0,0,33.1,33.3,33.9,33.6,33.9,33,32.3,31.9,32.6,32.8,29.2,360957,1065,0,0,0,0,0,0,0,60,-0.78,12164026,72281,0,3404.94,0,1200,400,720,240,4200,7500,8500,102,1.5,6000,0,0,0,0,0,30,0,30,35,33,0,0
2026-08-07T15:02:54.590000+09:00,2026-08-07T06:02:54.590000+00:00,094623,0.0,2,0,0,0,0,13354,0,13354,0,0,0,0,4623,-24512,10330,0,256,0,161,0,0,0,0,2,0,0,0,2056,31082107,2018,0.1,0,0,0,33.1,33.3,33.9,33.6,33.9,33,32.3,31.9,32.6,32.8,29.2,360957,1065,0,0,0,0,0,0,0,60,-0.78,12164026,72281,0,3404.94,0,1200,400,720,240,4200,7500,8500,102,1.5,6000,0,0,0,0,0,30,0,30,35,33,0,0
2026-08-07T15:03:54.695000+09:00,2026-08-07T06:03:54.695000+00:00,094623,0.0,2,0,0,0,0,13354,0,13354,0,0,0,0,4623,-24512,10330,0,256,0,161,0,0,0,0,2,0,0,0,2056,31082107,2018,0.1,0,0,0,33.1,33.3,33.8,33.6,33.9,33,32.3,31.9,32.5,32.8,29.2,360957,1065,0,0,0,0,0,0,0,60,-0.79,12164026,72282,0,3404.94,0,1200,400,720,240,4200,7500,8500,102,1.5,6000,0,0,0,0,0,30,0,30,35,33,0,0
2026-08-07T15:04:54.831000+09:00,2026-08-07T06:04:54.831000+00:00,094623,0.0,2,0,0,0,0,13354,0,13354,0,0,0,0,4623,-24512,10330,0,256,0,161,0,0,0,0,2,0,0,0,2056,31082107,2018,0.1,0,0,0,33.1,33.3,33.8,33.5,33.9,33,32.3,31.9,32.5,32.8,29.2,360957,1065,0,0,0,0,0,0,0,60,-0.78,12164026,72282,0,3404.94,0,1200,400,720,240,4200,7500,8500,102,1.5,6000,0,0,0,0,0,30,0,30,35,33,0,0
2026-08-07T15:05:54.932000+09:00,2026-08-07T06:05:54.932000+00:00,094623,0.0,2,0,0,0,0,13354,0,13354,0,0,0,0,4623,-24512,10330,0,256,0,161,0,0,0,0,2,0,0,0,2056,31082107,2018,0.1,0,0,0,33.1,33.3,33.8,33.5,33.9,33,32.3,31.9,32.5,32.8,29.2,360957,1065,0,0,0,0,0,0,0,60,-0.78,12164026,72282,0,3404.94,0,1200,400,720,240,4200,7500,8500,102,1.5,6000,0,0,0,0,0,30,0,30,35,33,0,0
2026-08-07T15:06:55.034000+09:00,2026-08-07T06:06:55.034000+00:00,094623,0.0,2,0,0,0,0,13354,0,13354,0,0,0,0,4623,-24512,10330,0,256,0,161,0,0,0,0,2,0,0,0,2056,31082107,2018,0.1,0,0,0,33.2,33.3,33.8,33.5,33.9,33,32.3,31.9,32.5,32.8,29.2,360957,1065,0,0,0,0,0,0,0,60,-0.79,12164026,72282,0,3404.94,0,1200,400,720,240,4200,7500,8500,102,1.5,6000,0,0,0,0,0,30,0,30,35,33,0,0
2026-08-07T15:07:55.121000+09:00,2026-08-07T06:07:55.121000+00:00,094623,0.0,2,0,0,0,0,13354,0,13354,0,0,0,0,4623,-24512,10330,0,256,0,161,0,0,0,0,2,0,0,0,2056,31082107,2018,0.1,0,0,0,33.2,33.3,33.8,33.5,33.9,33,32.3,31.9,32.5,32.8,29.2,360957,1065,0,0,0,0,0,0,0,60,-0.78,12164026,72282,0,3404.94,0,1200,400,720,240,4200,7500,8500,102,1.5,6000,0,0,0,0,0,30,0,30,35,33,0,0
2026-08-07T15:08:55.276000+09:00,2026-08-07T06:08:55.276000+00:00,094623,0.0,2,0,0,0,0,13354,0,13354,0,0,0,0,4623,-24512,10330,0,256,0,161,0,0,0,0,2,0,0,0,2056,31082107,2018,0.1,0,0,0,33.2,33.3,33.8,33.4,33.9,33,32.3,31.9,32.5,32.8,29.2,360957,1065,0,0,0,0,0,0,0,60,-0.8,12164026,72282,0,3404.94,0,1200,400,720,240,4200,7500,8500,102,1.5,6000,0,0,0,0,0,30,0,30,35,33,0,0
2026-08-07T15:09:55.316000+09:00,2026-08-07T06:09:55.316000+00:00,094623,0.0,2,0,0,0,0,13354,0,13354,0,0,0,0,4623,-24512,10330,0,256,0,161,0,0,0,0,2,0,0,0,2056,31082107,2018,0.1,0,0,0,33.2,33.3,33.8,33.4,33.9,33,32.3,31.9,32.5,32.8,29.2,360957,1065,0,0,0,0,0,0,0,60,-0.78,12164026,72282,0,3404.94,0,1200,400,720,240,4200,7500,8500,102,1.5,6000,0,0,0,0,0,30,0,30,35,33.1,0,0
2026-08-07T15:10:55.414000+09:00,2026-08-07T06:10:55.414000+00:00,094623,0.0,2,0,0,0,0,13354,0,13354,0,0,0,0,4623,-24512,10330,0,256,0,161,0,0,0,0,2,0,0,0,2056,31082107,2018,0.1,0,0,0,33.2,33.3,33.8,33.4,33.8,33,32.3,31.9,32.5,32.7,29.2,360957,1065,0,0,0,0,0,0,0,60,-0.82,12164026,72282,0,3404.94,0,1200,400,720,240,4200,7500,8500,102,1.5,6000,0,0,0,0,0,30,0,30,35,33.1,0,0
2026-08-07T15:11:55.520000+09:00,2026-08-07T06:11:55.520000+00:00,094623,0.0,2,0,0,0,0,13354,0,13354,0,0,0,0,4623,-24512,10330,0,256,0,161,0,0,0,0,2,0,0,0,2056,31082107,2018,0.1,0,0,0,33.2,33.3,33.8,33.4,33.8,33,32.3,31.9,32.5,32.7,29.2,360957,1065,0,0,0,0,0,0,0,60,-0.79,12164026,72283,0,3404.94,0,1200,400,720,240,4200,7500,8500,102,1.5,6000,0,0,0,0,0,30,0,30,35,33.1,0,0
2026-08-07T15:12:55.607000+09:00,2026-08-07T06:12:55.607000+00:00,094623,0.0,2,0,0,0,0,13354,0,13354,0,0,0,0,4623,-24512,10330,0,256,0,161,0,0,0,0,2,0,0,0,2056,31082107,2018,0.1,0,0,0,33.2,33.3,33.8,33.4,33.8,33,32.3,31.9,32.5,32.7,29.2,360957,1065,0,0,0,0,0,0,0,60,-0.77,12164026,72283,0,3404.94,0,1200,400,720,240,4200,7500,8500,102,1.5,6000,0,0,0,0,0,30,0,30,35,33.1,0,0
2026-08-07T15:13:55.695000+09:00,2026-08-07T06:13:55.695000+00:00,094623,0.0,2,0,0,0,0,13354,0,13354,0,0,0,0,4623,-24512,10330,0,256,0,161,0,0,0,0,2,0,0,0,2056,31082107,2018,0.1,0,0,0,33.2,33.3,33.8,33.4,33.8,33,32.3,31.9,32.5,32.8,29.2,360957,1065,0,0,0,0,0,0,0,60,-0.78,12164026,72283,0,3404.94,0,1200,400,720,240,4200,7500,8500,102,1.5,6000,0,0,0,0,0,30,0,30,35,33.1,0,0
2026-08-07T15:14:55.798000+09:00,2026-08-07T06:14:55.798000+00:00,094623,0.0,2,0,0,0,0,13354,0,13354,0,0,0,0,4623,-24512,10330,0,256,0,161,0,0,0,0,2,0,0,0,2056,31082107,2018,0.1,0,0,0,33.2,33.3,33.8,33.4,33.8,33,32.3,31.9,32.5,32.8,29.2,360957,1065,0,0,0,0,0,0,0,60,-0.78,12164026,72283,0,3404.94,0,1200,400,720,240,4200,7500,8500,102,1.5,6000,0,0,0,0,0,30,0,30,35,33.1,0,0
2026-08-07T15:15:55.893000+09:00,2026-08-07T06:15:55.893000+00:00,094623,0.0,2,0,0,0,0,13354,0,13354,0,0,0,0,4623,-24512,10330,0,256,0,161,0,0,0,0,2,0,0,0,2056,31082107,2018,0.1,0,0,0,33.2,33.3,33.8,33.5,33.8,33,32.3,31.9,32.5,32.7,29.2,360957,1065,0,0,0,0,0,0,0,60,-0.78,12164026,72283,0,3404.94,0,1200,400,720,240,4200,7500,8500,102,1.5,6000,0,0,0,0,0,30,0,30,35,33.1,0,0
2026-08-07T15:16:55.989000+09:00,2026-08-07T06:16:55.989000+00:00,094623,0.0,2,0,0,0,0,13354,0,13354,0,0,0,0,4623,-24512,10330,0,256,0,161,0,0,0,0,2,0,0,0,2056,31082107,2018,0.1,0,0,0,33.2,33.3,33.8,33.5,33.8,33,32.3,31.9,32.5,32.7,29.2,360957,1065,0,0,0,0,0,0,0,60,-0.78,12164026,72283,0,3404.94,0,1200,400,720,240,4200,7500,8500,102,1.5,6000,0,0,0,0,0,30,0,30,35,33.1,0,0
2026-08-07T15:17:56.089000+09:00,2026-08-07T06:17:56.089000+00:00,094623,0.0,2,0,0,0,0,13354,0,13354,0,0,0,0,4623,-24512,10330,0,256,0,161,0,0,0,0,2,0,0,0,2056,31082107,2018,0.1,0,0,0,33.2,33.3,33.8,33.5,33.8,33,32.3,31.9,32.5,32.8,29.2,360957,1065,0,0,0,0,0,0,0,60,-0.79,12164026,72283,0,3404.94,0,1200,400,720,240,4200,7500,8500,102,1.5,6000,0,0,0,0,0,30,0,30,35,33.2,0,0
2026-08-07T15:18:56.190000+09:00,2026-08-07T06:18:56.190000+00:00,094623,0.0,2,0,0,0,0,13354,0,13354,0,0,0,0,4623,-24512,10330,0,256,0,161,0,0,0,0,2,0,0,0,2056,31082107,2018,0.1,0,0,0,33.2,33.4,33.8,33.5,33.8,33,32.2,31.9,32.5,32.7,29.2,360957,1065,0,0,0,0,0,0,0,60,-0.79,12164026,72284,0,3404.94,0,1200,400,720,240,4200,7500,8500,102,1.5,6000,0,0,0,0,0,30,0,30,35,33.2,0,0
2026-08-07T15:19:56.293000+09:00,2026-08-07T06:19:56.293000+00:00,094623,0.0,2,0,0,0,0,13354,0,13354,0,0,0,0,4623,-24512,10330,0,256,0,161,0,0,0,0,2,0,0,0,2056,31082107,2018,0.1,0,0,0,33.2,33.4,33.8,33.5,33.8,33.1,32.2,31.9,32.5,32.8,29.3,360957,1065,0,0,0,0,0,0,0,60,-0.79,12164026,72284,0,3404.94,0,1200,400,720,240,4200,7500,8500,102,1.5,6000,0,0,0,0,0,30,0,30,35,33.2,0,0
2026-08-07T15:20:56.387000+09:00,2026-08-07T06:20:56.387000+00:00,094623,0.0,2,0,0,0,0,13354,0,13354,0,0,0,0,4623,-24512,10330,0,256,0,161,0,0,0,0,2,0,0,0,2056,31082107,2018,0.1,0,0,0,33.2,33.4,33.8,33.4,33.8,33,32.2,31.9,32.5,32.7,29.3,360957,1065,0,0,0,0,0,0,0,60,-0.78,12164026,72284,0,3404.94,0,1200,400,720,240,4200,7500,8500,102,1.5,6000,0,0,0,0,0,30,0,30,35,33.2,0,0
2026-08-07T15:21:56.500000+09:00,2026-08-07T06:21:56.500000+00:00,094623,0.0,2,0,0,0,0,13354,0,13354,0,0,0,0,4623,-24512,10330,0,256,0,161,0,0,0,0,2,0,0,0,2056,31082107,2018,0.1,0,0,0,33.2,33.4,33.8,33.4,33.7,33,32.2,31.9,32.5,32.7,29.3,360957,1065,0,0,0,0,0,0,0,60,-0.79,12164026,72284,0,3404.94,0,1200,400,720,240,4200,7500,8500,102,1.5,6000,0,0,0,0,0,30,0,30,35,33.2,0,0
2026-08-07T15:22:56.585000+09:00,2026-08-07T06:22:56.585000+00:00,094623,0.0,2,0,0,0,0,13354,0,13354,0,0,0,0,4623,-24512,10330,0,256,0,161,0,0,0,0,2,0,0,0,2056,31082107,2018,0.1,0,0,0,33.2,33.4,33.8,33.4,33.7,33,32.2,31.9,32.5,32.7,29.3,360957,1065,0,0,0,0,0,0,0,60,-0.78,12164026,72284,0,3404.94,0,1200,400,720,240,4200,7500,8500,102,1.5,6000,0,0,0,0,0,30,0,30,35,33.2,0,0
2026-08-07T15:23:56.678000+09:00,2026-08-07T06:23:56.678000+00:00,094623,0.0,2,0,0,0,0,13354,0,13354,0,0,0,0,4623,-24512,10330,0,256,0,161,0,0,0,0,2,0,0,0,2056,31082107,2018,0.1,0,0,0,33.2,33.4,33.7,33.4,33.7,33,32.2,31.9,32.5,32.7,29.3,360957,1065,0,0,0,0,0,0,0,60,-0.78,12164026,72284,0,3404.94,0,1200,400,720,240,4200,7500,8500,102,1.5,6000,0,0,0,0,0,30,0,30,35,33.2,0,0
2026-08-07T15:24:56.768000+09:00,2026-08-07T06:24:56.768000+00:00,094623,0.0,2,0,0,0,0,13354,0,13354,0,0,0,0,4623,-24512,10330,0,256,0,161,0,0,0,0,2,0,0,0,2056,31082107,2018,0.1,0,0,0,33.2,33.4,33.7,33.4,33.7,33,32.2,31.9,32.5,32.7,29.3,360957,1065,0,0,0,0,0,0,0,60,-0.78,12164026,72284,0,3404.94,0,1200,400,720,240,4200,7500,8500,102,1.5,6000,0,0,0,0,0,30,0,30,35,33.2,0,0
2026-08-07T15:25:56.870000+09:00,2026-08-07T06:25:56.870000+00:00,094623,0.0,2,0,0,0,0,13354,0,13354,0,0,0,0,4623,-24512,10330,0,256,0,161,0,0,0,0,2,0,0,0,2056,31082107,2018,0.1,0,0,0,33.2,33.4,33.7,33.4,33.7,33,32.2,31.9,32.4,32.7,29.3,360957,1065,0,0,0,0,0,0,0,60,-0.79,12164026,72284,0,3404.94,0,1200,400,720,240,4200,7500,8500,102,1.5,6000,0,0,0,0,0,30,0,30,35,33.2,0,0
2026-08-07T15:26:56.967000+09:00,2026-08-07T06:26:56.967000+00:00,094623,0.0,2,0,0,0,0,13354,0,13354,0,0,0,0,4623,-24512,10330,0,256,0,161,0,0,0,0,2,0,0,0,2056,31082107,2018,0.1,0,0,0,33.2,33.4,33.7,33.4,33.7,33,32.2,31.9,32.5,32.7,29.3,360957,1065,0,0,0,0,0,0,0,60,-0.78,12164026,72285,0,3404.94,0,1200,400,720,240,4200,7500,8500,102,1.5,6000,0,0,0,0,0,30,0,30,35,33.2,0,0
2026-08-07T15:27:57.060000+09:00,2026-08-07T06:27:57.060000+00:00,094623,0.0,2,0,0,0,0,13354,0,13354,0,0,0,0,4623,-24512,10330,0,256,0,161,0,0,0,0,2,0,0,0,2056,31082107,2018,0.1,0,0,0,33.2,33.4,33.7,33.4,33.7,33,32.2,31.9,32.4,32.7,29.3,360957,1065,0,0,0,0,0,0,0,60,-0.78,12164026,72285,0,3404.94,0,1200,400,720,240,4200,7500,8500,102,1.5,6000,0,0,0,0,0,30,0,30,35,33.2,0,0
2026-08-07T15:28:57.195000+09:00,2026-08-07T06:28:57.195000+00:00,094623,0.0,2,0,0,0,0,13354,0,13354,0,0,0,0,4623,-24512,10330,0,256,0,161,0,0,0,0,2,0,0,0,2056,31082107,2018,0.1,0,0,0,33.2,33.4,33.7,33.4,33.7,33,32.2,31.9,32.4,32.7,29.3,360957,1065,0,0,0,0,0,0,0,60,-0.81,12164026,72285,0,3404.94,0,1200,400,720,240,4200,7500,8500,102,1.5,6000,0,0,0,0,0,30,0,30,35,33.2,0,0
2026-08-07T15:29:57.289000+09:00,2026-08-07T06:29:57.289000+00:00,094623,0.0,2,0,0,0,0,13354,0,13354,0,0,0,0,4623,-24512,10330,0,256,0,161,0,0,0,0,2,0,0,0,2056,31082107,2018,0.1,0,0,0,33.2,33.4,33.7,33.5,33.7,33,32.2,31.9,32.4,32.7,29.3,360957,1065,0,0,0,0,0,0,0,60,-0.79,12164026,72285,0,3404.94,0,1200,400,720,240,4200,7500,8500,102,1.5,6000,0,0,0,0,0,30,0,30,35,33.3,0,0
2026-08-07T15:30:57.379000+09:00,2026-08-07T06:30:57.379000+00:00,094623,0.0,2,0,0,0,0,13354,0,13354,0,0,0,0,4623,-24512,10330,0,256,0,161,0,0,0,0,2,0,0,0,2056,31082107,2018,0.1,0,0,0,33.2,33.4,33.7,33.5,33.7,33,32.2,31.9,32.4,32.7,29.3,360957,1065,0,0,0,0,0,0,0,60,-0.78,12164026,72285,0,3404.94,0,1200,400,720,240,4200,7500,8500,102,1.5,6000,0,0,0,0,0,30,0,30,35,33.2,0,0
2026-08-07T15:31:57.478000+09:00,2026-08-07T06:31:57.478000+00:00,094623,0.0,2,0,0,0,0,13354,0,13354,0,0,0,0,4623,-24512,10330,0,256,0,161,0,0,0,0,2,0,0,0,2056,31082107,2018,0.1,0,0,0,33.2,33.4,33.7,33.5,33.7,33,32.3,31.9,32.4,32.7,29.3,360957,1065,0,0,0,0,0,0,0,60,-0.78,12164026,72285,0,3404.94,0,1200,400,720,240,4200,7500,8500,102,1.5,6000,0,0,0,0,0,30,0,30,35,33.2,0,0
2026-08-07T15:32:57.571000+09:00,2026-08-07T06:32:57.571000+00:00,094623,0.0,2,0,0,0,0,13354,0,13354,0,0,0,0,4623,-24512,10330,0,256,0,161,0,0,0,0,2,0,0,0,2056,31082107,2018,0.1,0,0,0,33.2,33.4,33.7,33.5,33.7,33,32.3,31.9,32.4,32.7,29.3,360957,1065,0,0,0,0,0,0,0,60,-0.78,12164026,72285,0,3404.94,0,1200,400,720,240,4200,7500,8500,102,1.5,6000,0,0,0,0,0,30,0,30,35,33.3,0,0
2026-08-07T15:33:57.670000+09:00,2026-08-07T06:33:57.670000+00:00,094623,0.0,2,0,0,0,0,13354,0,13354,0,0,0,0,4623,-24512,10330,0,256,0,161,0,0,0,0,2,0,0,0,2056,31082107,2018,0.1,0,0,0,33.2,33.4,33.7,33.5,33.7,33,32.3,31.9,32.5,32.7,29.3,360957,1065,0,0,0,0,0,0,0,60,-0.78,12164026,72285,0,3404.94,0,1200,400,720,240,4200,7500,8500,102,1.5,6000,0,0,0,0,0,30,0,30,35,33.3,0,0
2026-08-07T15:34:57.773000+09:00,2026-08-07T06:34:57.773000+00:00,094623,0.0,2,0,0,0,0,13354,0,13354,0,0,0,0,4623,-24512,10330,0,256,0,161,0,0,0,0,2,0,0,0,2056,31082107,2018,0.1,0,0,0,33.2,33.4,33.7,33.5,33.7,33,32.3,31.9,32.5,32.7,29.3,360957,1065,0,0,0,0,0,0,0,60,-0.78,12164026,72286,0,3404.94,0,1200,400,720,240,4200,7500,8500,102,1.5,6000,0,0,0,0,0,30,0,30,35,33.3,0,0
2026-08-07T15:35:57.859000+09:00,2026-08-07T06:35:57.859000+00:00,094623,0.0,2,0,0,0,0,13354,0,13354,0,0,0,0,4623,-24512,10330,0,256,0,161,0,0,0,0,2,0,0,0,2056,31082107,2018,0.1,0,0,0,33.2,33.4,33.7,33.5,33.7,33,32.3,31.9,32.5,32.7,29.3,360957,1065,0,0,0,0,0,0,0,60,-0.78,12164026,72286,0,3404.94,0,1200,400,720,240,4200,7500,8500,102,1.5,6000,0,0,0,0,0,30,0,30,35,33.3,0,0
2026-08-07T15:36:57.958000+09:00,2026-08-07T06:36:57.958000+00:00,094623,0.0,2,0,0,0,0,13354,0,13354,0,0,0,0,4623,-24512,10330,0,256,0,161,0,0,0,0,2,0,0,0,2056,31082107,2018,0.1,0,0,0,33.2,33.4,33.7,33.5,33.7,33,32.3,31.9,32.5,32.7,29.3,360957,1065,0,0,0,0,0,0,0,60,-0.78,12164026,72286,0,3404.94,0,1200,400,720,240,4200,7500,8500,102,1.5,6000,0,0,0,0,0,30,0,30,35,33.3,0,0
2026-08-07T15:37:58.058000+09:00,2026-08-07T06:37:58.058000+00:00,094623,0.0,2,0,0,0,0,13354,0,13354,0,0,0,0,4623,-24512,10330,0,256,0,161,0,0,0,0,2,0,0,0,2056,31082107,2018,0.1,0,0,0,33.2,33.4,33.7,33.5,33.8,33,32.3,31.9,32.4,32.7,29.3,360957,1065,0,0,0,0,0,0,0,60,-0.78,12164026,72286,0,3404.94,0,1200,400,720,240,4200,7500,8500,102,1.5,6000,0,0,0,0,0,30,0,30,35,33.3,0,0
2026-08-07T15:38:58.150000+09:00,2026-08-07T06:38:58.150000+00:00,094623,0.0,2,0,0,0,0,13354,0,13354,0,0,0,0,4623,-24512,10330,0,256,0,161,0,0,0,0,2,0,0,0,2056,31082107,2018,0.1,0,0,0,33.2,33.4,33.7,33.5,33.8,33,32.3,31.9,32.4,32.7,29.3,360957,1065,0,0,0,0,0,0,0,60,-0.8,12164026,72286,0,3404.94,0,1200,400,720,240,4200,7500,8500,102,1.5,6000,0,0,0,0,0,30,0,30,35,33.3,0,0
2026-08-07T15:39:58.255000+09:00,2026-08-07T06:39:58.255000+00:00,094623,0.0,2,0,0,0,0,13354,0,13354,0,0,0,0,4623,-24512,10330,0,256,0,161,0,0,0,0,2,0,0,0,2056,31082107,2018,0.1,0,0,0,33.2,33.4,33.7,33.6,33.8,33.1,32.3,31.9,32.4,32.7,29.3,360957,1065,0,0,0,0,0,0,0,60,-0.78,12164026,72286,0,3404.94,0,1200,400,720,240,4200,7500,8500,102,1.5,6000,0,0,0,0,0,30,0,30,35,33.3,0,0
2026-08-07T15:40:58.357000+09:00,2026-08-07T06:40:58.357000+00:00,094623,0.0,2,0,0,0,0,13354,0,13354,0,0,0,0,4623,-24512,10330,0,256,0,161,0,0,0,0,2,0,0,0,2056,31082107,2018,0.1,0,0,0,33.2,33.4,33.7,33.6,33.8,33.1,32.3,31.9,32.5,32.7,29.3,360957,1065,0,0,0,0,0,0,0,60,-0.8,12164026,72286,0,3404.94,0,1200,400,720,240,4200,7500,8500,102,1.5,6000,0,0,0,0,0,30,0,30,35,33.4,0,0
2026-08-07T15:41:58.454000+09:00,2026-08-07T06:41:58.454000+00:00,094623,0.0,2,0,0,0,0,13354,0,13354,0,0,0,0,4623,-24512,10330,0,256,0,161,0,0,0,0,2,0,0,0,2056,31082107,2018,0.1,0,0,0,33.2,33.4,33.7,33.6,33.8,33.1,32.3,31.9,32.5,32.7,29.3,360957,1065,0,0,0,0,0,0,0,60,-0.78,12164026,72287,0,3404.94,0,1200,400,720,240,4200,7500,8500,102,1.5,6000,0,0,0,0,0,30,0,30,35,33.4,0,0
2026-08-07T15:42:58.553000+09:00,2026-08-07T06:42:58.553000+00:00,094623,0.0,2,0,0,0,0,13354,0,13354,0,0,0,0,4623,-24512,10330,0,256,0,161,0,0,0,0,2,0,0,0,2056,31082107,2018,0.1,0,0,0,33.2,33.4,33.8,33.6,33.8,33.1,32.3,31.9,32.5,32.7,29.4,360957,1065,0,0,0,0,0,0,0,60,-0.78,12164026,72287,0,3404.94,0,1200,400,720,240,4200,7500,8500,102,1.5,6000,0,0,0,0,0,30,0,30,35,33.4,0,0
2026-08-07T15:43:58.673000+09:00,2026-08-07T06:43:58.673000+00:00,094623,0.0,2,0,0,0,0,13354,0,13354,0,0,0,0,4623,-24512,10330,0,256,0,161,0,0,0,0,2,0,0,0,2056,31082107,2018,0.1,0,0,0,33.2,33.4,33.7,33.6,33.8,33.1,32.3,31.9,32.5,32.7,29.4,360957,1065,0,0,0,0,0,0,0,60,-0.78,12164026,72287,0,3404.94,0,1200,400,720,240,4200,7500,8500,102,1.5,6000,0,0,0,0,0,30,0,30,35,33.4,0,0
2026-08-07T15:44:58.770000+09:00,2026-08-07T06:44:58.770000+00:00,094623,0.0,2,0,0,0,0,13354,0,13354,0,0,0,0,4623,-24512,10330,0,256,0,161,0,0,0,0,2,0,0,0,2056,31082107,2018,0.1,0,0,0,33.2,33.4,33.8,33.6,33.8,33.1,32.3,31.9,32.5,32.7,29.4,360957,1065,0,0,0,0,0,0,0,60,-0.78,12164026,72287,0,3404.94,0,1200,400,720,240,4200,7500,8500,102,1.5,6000,0,0,0,0,0,30,0,30,35,33.4,0,0
2026-08-07T15:45:58.882000+09:00,2026-08-07T06:45:58.882000+00:00,094623,0.0,2,0,0,0,0,13354,0,13354,0,0,0,0,4623,-24512,10330,0,256,0,161,0,0,0,0,2,0,0,0,2056,31082107,2018,0.1,0,0,0,33.2,33.5,33.8,33.7,33.9,33.1,32.3,31.9,32.5,32.7,29.4,360957,1065,0,0,0,0,0,0,0,60,-0.78,12164026,72287,0,3404.94,0,1200,400,720,240,4200,7500,8500,102,1.5,6000,0,0,0,0,0,30,0,30,35,33.4,0,0
2026-08-07T15:46:58.972000+09:00,2026-08-07T06:46:58.972000+00:00,094623,0.0,2,0,0,0,0,13354,0,13354,0,0,0,0,4623,-24512,10330,0,256,0,161,0,0,0,0,2,0,0,0,2056,31082107,2018,0.1,0,0,0,33.2,33.5,33.8,33.7,33.9,33.1,32.3,31.9,32.5,32.7,29.4,360957,1065,0,0,0,0,0,0,0,60,-0.79,12164026,72287,0,3404.94,0,1200,400,720,240,4200,7500,8500,102,1.5,6000,0,0,0,0,0,30,0,30,35,33.4,0,0
2026-08-07T15:47:59.059000+09:00,2026-08-07T06:47:59.059000+00:00,094623,0.0,2,0,0,0,0,13354,0,13354,0,0,0,0,4623,-24512,10330,0,256,0,161,0,0,0,0,2,0,0,0,2056,31082107,2018,0.1,0,0,0,33.2,33.5,33.8,33.7,33.9,33.1,32.3,31.9,32.5,32.7,29.4,360957,1065,0,0,0,0,0,0,0,60,-0.78,12164026,72287,0,3404.94,0,1200,400,720,240,4200,7500,8500,102,1.5,6000,0,0,0,0,0,30,0,30,35,33.4,0,0
2026-08-07T15:48:59.153000+09:00,2026-08-07T06:48:59.153000+00:00,094623,0.0,2,0,0,0,0,13354,0,13354,0,0,0,0,4623,-24512,10330,0,256,0,161,0,0,0,0,2,0,0,0,2056,31082107,2018,0.1,0,0,0,33.2,33.5,33.8,33.7,33.9,33.1,32.4,31.9,32.5,32.7,29.4,360957,1065,0,0,0,0,0,0,0,60,-0.78,12164026,72287,0,3404.94,0,1200,400,720,240,4200,7500,8500,102,1.5,6000,0,0,0,0,0,30,0,30,35,33.4,0,0
2026-08-07T15:49:59.278000+09:00,2026-08-07T06:49:59.278000+00:00,094623,0.0,2,0,0,0,0,13354,0,13354,0,0,0,0,4623,-24512,10330,0,256,0,161,0,0,0,0,2,0,0,0,2056,31082107,2018,0.1,0,0,0,33.2,33.5,33.8,33.7,33.9,33.1,32.4,31.9,32.5,32.8,29.4,360957,1065,0,0,0,0,0,0,0,60,-0.79,12164026,72288,0,3404.94,0,1200,400,720,240,4200,7500,8500,102,1.5,6000,0,0,0,0,0,30,0,30,35,33.4,0,0
2026-08-07T15:50:59.368000+09:00,2026-08-07T06:50:59.368000+00:00,094623,0.0,2,0,0,0,0,13354,0,13354,0,0,0,0,4623,-24512,10330,0,256,0,161,0,0,0,0,2,0,0,0,2056,31082107,2018,0.1,0,0,0,33.2,33.5,33.8,33.7,34,33.1,32.4,32,32.5,32.8,29.4,360957,1065,0,0,0,0,0,0,0,60,-0.78,12164026,72288,0,3404.94,0,1200,400,720,240,4200,7500,8500,102,1.5,6000,0,0,0,0,0,30,0,30,35,33.4,0,0
2026-08-07T15:51:59.469000+09:00,2026-08-07T06:51:59.469000+00:00,094623,0.0,2,0,0,0,0,13354,0,13354,0,0,0,0,4623,-24512,10330,0,256,0,161,0,0,0,0,2,0,0,0,2056,31082107,2018,0.1,0,0,0,33.2,33.5,33.8,33.7,34,33.1,32.4,31.9,32.5,32.8,29.4,360957,1065,0,0,0,0,0,0,0,60,-0.8,12164026,72288,0,3404.94,0,1200,400,720,240,4200,7500,8500,102,1.5,6000,0,0,0,0,0,30,0,30,35,33.4,0,0
2026-08-07T15:52:59.567000+09:00,2026-08-07T06:52:59.567000+00:00,094623,0.0,2,0,0,0,0,13354,0,13354,0,0,0,0,4623,-24512,10330,0,256,0,161,0,0,0,0,2,0,0,0,2056,31082107,2018,0.1,0,0,0,33.3,33.5,33.8,33.7,34,33.1,32.4,31.9,32.5,32.8,29.4,360957,1065,0,0,0,0,0,0,0,60,-0.79,12164026,72288,0,3404.94,0,1200,400,720,240,4200,7500,8500,102,1.5,6000,0,0,0,0,0,30,0,30,35,33.4,0,0
2026-08-07T15:53:59.677000+09:00,2026-08-07T06:53:59.677000+00:00,094623,0.0,2,0,0,0,0,13354,0,13354,0,0,0,0,4623,-24512,10330,0,256,0,161,0,0,0,0,2,0,0,0,2056,31082107,2018,0.1,0,0,0,33.3,33.5,33.8,33.7,34,33.1,32.4,32,32.5,32.8,29.4,360957,1065,0,0,0,0,0,0,0,60,-0.81,12164026,72288,0,3404.94,0,1200,400,720,240,4200,7500,8500,102,1.5,6000,0,0,0,0,0,30,0,30,35,33.5,0,0
2026-08-07T15:54:59.781000+09:00,2026-08-07T06:54:59.781000+00:00,094623,0.0,2,0,0,0,0,13354,0,13354,0,0,0,0,4623,-24512,10330,0,256,0,161,0,0,0,0,2,0,0,0,2056,31082107,2018,0.1,0,0,0,33.3,33.5,33.8,33.7,34,33.1,32.4,32,32.5,32.8,29.4,360957,1065,0,0,0,0,0,0,0,60,-0.78,12164026,72288,0,3404.94,0,1200,400,720,240,4200,7500,8500,102,1.5,6000,0,0,0,0,0,30,0,30,35,33.4,0,0
2026-08-07T15:55:59.881000+09:00,2026-08-07T06:55:59.881000+00:00,094623,0.0,2,0,0,0,0,13354,0,13354,0,0,0,0,4623,-24512,10330,0,256,0,161,0,0,0,0,2,0,0,0,2056,31082107,2018,0.1,0,0,0,33.3,33.5,33.8,33.7,34,33.1,32.4,32,32.5,32.8,29.4,360957,1065,0,0,0,0,0,0,0,60,-0.78,12164026,72288,0,3404.94,0,1200,400,720,240,4200,7500,8500,102,1.5,6000,0,0,0,0,0,30,0,30,35,33.4,0,0
2026-08-07T15:56:59.986000+09:00,2026-08-07T06:56:59.986000+00:00,094623,0.0,2,0,0,0,0,13354,0,13354,0,0,0,0,4623,-24512,10330,0,256,0,161,0,0,0,0,2,0,0,0,2056,31082107,2018,0.1,0,0,0,33.3,33.5,33.8,33.8,34,33.1,32.4,32,32.6,32.8,29.4,360957,1065,0,0,0,0,0,0,0,60,-0.78,12164026,72289,0,3404.94,0,1200,400,720,240,4200,7500,8500,102,1.5,6000,0,0,0,0,0,30,0,30,35,33.5,0,0
2026-08-07T15:58:00.081000+09:00,2026-08-07T06:58:00.081000+00:00,094623,0.0,2,0,0,0,0,13354,0,13354,0,0,0,0,4623,-24512,10330,0,256,0,161,0,0,0,0,2,0,0,0,2056,31082107,2018,0.1,0,0,0,33.3,33.5,33.9,33.8,34,33.1,32.4,32,32.6,32.8,29.4,360957,1065,0,0,0,0,0,0,0,60,-0.78,12164026,72289,0,3404.94,0,1200,400,720,240,4200,7500,8500,102,1.5,6000,0,0,0,0,0,30,0,30,35,33.5,0,0
2026-08-07T15:59:00.171000+09:00,2026-08-07T06:59:00.171000+00:00,094623,0.0,2,0,0,0,0,13354,0,13354,0,0,0,0,4623,-24512,10330,0,256,0,161,0,0,0,0,2,0,0,0,2056,31082107,2018,0.1,0,0,0,33.3,33.5,33.9,33.8,34,33.1,32.4,32,32.6,32.8,29.4,360957,1065,0,0,0,0,0,0,0,60,-0.78,12164026,72289,0,3404.94,0,1200,400,720,240,4200,7500,8500,102,1.5,6000,0,0,0,0,0,30,0,30,35,33.5,0,0
2026-08-07T16:00:00.261000+09:00,2026-08-07T07:00:00.261000+00:00,094623,0.0,2,0,0,0,0,13354,0,13354,0,0,0,0,4623,-24512,10330,0,256,0,161,0,0,0,0,2,0,0,0,2056,31082107,2018,0.1,0,0,0,33.3,33.5,33.9,33.8,34,33.2,32.4,32,32.6,32.8,29.4,360957,1065,0,0,0,0,0,0,0,60,-0.79,12164026,72289,0,3404.94,0,1200,400,720,240,4200,7500,8500,102,1.5,6000,0,0,0,0,0,30,0,30,35,33.5,0,0
2026-08-07T16:01:00.365000+09:00,2026-08-07T07:01:00.365000+00:00,094623,0.0,2,0,0,0,0,13354,0,13354,0,0,0,0,4623,-24512,10330,0,256,0,161,0,0,0,0,2,0,0,0,2056,31082107,2018,0.1,0,0,0,33.3,33.5,33.9,33.8,34.1,33.2,32.4,32,32.6,32.8,29.4,360957,1065,0,0,0,0,0,0,0,60,-0.78,12164026,72289,0,3404.94,0,1200,400,720,240,4200,7500,8500,102,1.5,6000,0,0,0,0,0,30,0,30,35,33.5,0,0
2026-08-07T16:02:00.457000+09:00,2026-08-07T07:02:00.457000+00:00,094623,0.0,2,0,0,0,0,13354,0,13354,0,0,0,0,4623,-24512,10330,0,256,0,161,0,0,0,0,2,0,0,0,2056,31082107,2018,0.1,0,0,0,33.3,33.5,33.9,33.8,34.1,33.2,32.4,32,32.6,32.8,29.4,360957,1065,0,0,0,0,0,0,0,60,-0.78,12164026,72289,0,3404.94,0,1200,400,720,240,4200,7500,8500,102,1.5,6000,0,0,0,0,0,30,0,30,35,33.5,0,0
2026-08-07T16:03:00.555000+09:00,2026-08-07T07:03:00.555000+00:00,094623,0.0,2,0,0,0,0,13354,0,13354,0,0,0,0,4623,-24512,10330,0,256,0,161,0,0,0,0,2,0,0,0,2056,31082107,2018,0.1,0,0,0,33.3,33.5,33.9,33.8,34,33.2,32.4,32,32.6,32.8,29.4,360957,1065,0,0,0,0,0,0,0,60,-0.79,12164026,72289,0,3404.94,0,1200,400,720,240,4200,7500,8500,102,1.5,6000,0,0,0,0,0,30,0,30,35,33.5,0,0
2026-08-07T16:04:00.643000+09:00,2026-08-07T07:04:00.643000+00:00,094623,0.0,2,0,0,0,0,13354,0,13354,0,0,0,0,4623,-24512,10330,0,256,0,161,0,0,0,0,2,0,0,0,2056,31082107,2018,0.1,0,0,0,33.3,33.5,33.9,33.7,34.1,33.2,32.5,32,32.6,32.8,29.4,360957,1065,0,0,0,0,0,0,0,60,-0.78,12164026,72289,0,3404.94,0,1200,400,720,240,4200,7500,8500,102,1.5,6000,0,0,0,0,0,30,0,30,35,33.5,0,0
2026-08-07T16:05:00.745000+09:00,2026-08-07T07:05:00.745000+00:00,094623,0.0,2,0,0,0,0,13354,0,13354,0,0,0,0,4623,-24512,10330,0,256,0,161,0,0,0,0,2,0,0,0,2056,31082107,2018,0.1,0,0,0,33.3,33.5,33.9,33.7,34.1,33.2,32.5,32,32.6,32.8,29.4,360957,1065,0,0,0,0,0,0,0,60,-0.78,12164026,72290,0,3404.94,0,1200,400,720,240,4200,7500,8500,102,1.5,6000,0,0,0,0,0,30,0,30,35,33.5,0,0
2026-08-07T16:06:00.860000+09:00,2026-08-07T07:06:00.860000+00:00,094623,0.0,2,0,0,0,0,13354,0,13354,0,0,0,0,4623,-24512,10330,0,256,0,161,0,0,0,0,2,0,0,0,2056,31082107,2018,0.1,0,0,0,33.3,33.5,33.9,33.8,34.1,33.2,32.5,32,32.6,32.9,29.4,360957,1065,0,0,0,0,0,0,0,60,-0.78,12164026,72290,0,3404.94,0,1200,400,720,240,4200,7500,8500,102,1.5,6000,0,0,0,0,0,30,0,30,35,33.6,0,0
2026-08-07T16:07:00.944000+09:00,2026-08-07T07:07:00.944000+00:00,094623,0.0,2,0,0,0,0,13354,0,13354,0,0,0,0,4623,-24512,10330,0,256,0,161,0,0,0,0,2,0,0,0,2056,31082107,2018,0.1,0,0,0,33.3,33.6,33.9,33.7,34.1,33.2,32.5,32,32.6,32.8,29.4,360957,1065,0,0,0,0,0,0,0,60,-0.81,12164026,72290,0,3404.94,0,1200,400,720,240,4200,7500,8500,102,1.5,6000,0,0,0,0,0,30,0,30,35,33.6,0,0
2026-08-07T16:08:01.053000+09:00,2026-08-07T07:08:01.053000+00:00,094623,0.0,2,0,0,0,0,13354,0,13354,0,0,0,0,4623,-24512,10330,0,256,0,161,0,0,0,0,2,0,0,0,2056,31082107,2018,0.1,0,0,0,33.3,33.6,33.9,33.7,34.1,33.2,32.5,32,32.6,32.9,29.4,360957,1065,0,0,0,0,0,0,0,60,-0.78,12164026,72290,0,3404.94,0,1200,400,720,240,4200,7500,8500,102,1.5,6000,0,0,0,0,0,30,0,30,35,33.5,0,0
2026-08-07T16:09:01.134000+09:00,2026-08-07T07:09:01.134000+00:00,094623,0.0,2,0,0,0,0,13354,0,13354,0,0,0,0,4623,-24512,10330,0,256,0,161,0,0,0,0,2,0,0,0,2056,31082107,2018,0.1,0,0,0,33.3,33.6,33.9,33.7,34,33.2,32.5,32,32.6,32.8,29.4,360957,1065,0,0,0,0,0,0,0,60,-0.77,12164026,72290,0,3404.94,0,1200,400,720,240,4200,7500,8500,102,1.5,6000,0,0,0,0,0,30,0,30,35,33.6,0,0
2026-08-07T16:10:01.232000+09:00,2026-08-07T07:10:01.232000+00:00,094623,0.0,2,0,0,0,0,13354,0,13354,0,0,0,0,4623,-24512,10330,0,256,0,161,0,0,0,0,2,0,0,0,2056,31082107,2018,0.1,0,0,0,33.3,33.6,33.9,33.7,34.1,33.2,32.5,32,32.6,32.8,29.4,360957,1065,0,0,0,0,0,0,0,60,-0.78,12164026,72290,0,3404.94,0,1200,400,720,240,4200,7500,8500,102,1.5,6000,0,0,0,0,0,30,0,30,35,33.6,0,0
2026-08-07T16:11:01.329000+09:00,2026-08-07T07:11:01.329000+00:00,094623,0.0,2,0,0,0,0,13354,0,13354,0,0,0,0,4623,-24512,10330,0,256,0,161,0,0,0,0,2,0,0,0,2056,31082107,2018,0.1,0,0,0,33.3,33.6,33.9,33.7,34,33.2,32.5,32,32.7,32.9,29.4,360957,1065,0,0,0,0,0,0,0,60,-0.78,12164026,72290,0,3404.94,0,1200,400,720,240,4200,7500,8500,102,1.5,6000,0,0,0,0,0,30,0,30,35,33.6,0,0
2026-08-07T16:12:01.420000+09:00,2026-08-07T07:12:01.420000+00:00,094623,0.0,2,0,0,0,0,13354,0,13354,0,0,0,0,4623,-24512,10330,0,256,0,161,0,0,0,0,2,0,0,0,2056,31082107,2018,0.1,0,0,0,33.3,33.6,33.9,33.7,34,33.2,32.5,32,32.7,32.9,29.5,360957,1065,0,0,0,0,0,0,0,60,-0.78,12164026,72290,0,3404.94,0,1200,400,720,240,4200,7500,8500,102,1.5,6000,0,0,0,0,0,30,0,30,35,33.6,0,0
2026-08-07T16:13:01.517000+09:00,2026-08-07T07:13:01.517000+00:00,094623,0.0,2,0,0,0,0,13354,0,13354,0,0,0,0,4623,-24512,10330,0,256,0,161,0,0,0,0,2,0,0,0,2056,31082107,2018,0.1,0,0,0,33.3,33.6,33.9,33.6,34,33.2,32.5,32,32.7,32.9,29.5,360957,1065,0,0,0,0,0,0,0,60,-0.78,12164026,72291,0,3404.94,0,1200,400,720,240,4200,7500,8500,102,1.5,6000,0,0,0,0,0,30,0,30,35,33.6,0,0
2026-08-07T16:14:01.607000+09:00,2026-08-07T07:14:01.607000+00:00,094623,0.0,2,0,0,0,0,13354,0,13354,0,0,0,0,4623,-24512,10330,0,256,0,161,0,0,0,0,2,0,0,0,2056,31082107,2018,0.1,0,0,0,33.3,33.6,33.9,33.6,34,33.2,32.5,32,32.6,32.9,29.5,360957,1065,0,0,0,0,0,0,0,60,-0.81,12164026,72291,0,3404.94,0,1200,400,720,240,4200,7500,8500,102,1.5,6000,0,0,0,0,0,30,0,30,35,33.6,0,0
2026-08-07T16:15:01.702000+09:00,2026-08-07T07:15:01.702000+00:00,094623,0.0,2,0,0,0,0,13354,0,13354,0,0,0,0,4623,-24512,10330,0,256,0,161,0,0,0,0,2,0,0,0,2056,31082107,2018,0.1,0,0,0,33.3,33.6,33.9,33.6,34,33.2,32.4,32,32.6,32.9,29.5,360957,1065,0,0,0,0,0,0,0,60,-0.78,12164026,72291,0,3404.94,0,1200,400,720,240,4200,7500,8500,102,1.5,6000,0,0,0,0,0,30,0,30,35,33.6,0,0
2026-08-07T16:16:01.800000+09:00,2026-08-07T07:16:01.800000+00:00,094623,0.0,2,0,0,0,0,13354,0,13354,0,0,0,0,4623,-24512,10330,0,256,0,161,0,0,0,0,2,0,0,0,2056,31082107,2018,0.1,0,0,0,33.3,33.6,33.9,33.5,34,33.2,32.4,32,32.7,32.9,29.5,360957,1065,0,0,0,0,0,0,0,60,-0.78,12164026,72291,0,3404.94,0,1200,400,720,240,4200,7500,8500,102,1.5,6000,0,0,0,0,0,30,0,30,35,33.6,0,0
2026-08-07T16:17:01.934000+09:00,2026-08-07T07:17:01.934000+00:00,094623,0.0,2,0,0,0,0,13354,0,13354,0,0,0,0,4623,-24512,10330,0,256,0,161,0,0,0,0,2,0,0,0,2056,31082107,2018,0.1,0,0,0,33.4,33.6,33.9,33.5,34,33.2,32.4,32,32.6,32.9,29.5,360957,1065,0,0,0,0,0,0,0,60,-0.78,12164026,72291,0,3404.94,0,1200,400,720,240,4200,7500,8500,102,1.5,6000,0,0,0,0,0,30,0,30,35,33.6,0,0
2026-08-07T16:18:01.987000+09:00,2026-08-07T07:18:01.987000+00:00,094623,0.0,2,0,0,0,0,13354,0,13354,0,0,0,0,4623,-24512,10330,0,256,0,161,0,0,0,0,2,0,0,0,2056,31082107,2018,0.1,0,0,0,33.4,33.6,33.9,33.5,33.9,33.2,32.4,32,32.6,32.9,29.5,360957,1065,0,0,0,0,0,0,0,60,-0.79,12164026,72291,0,3404.94,0,1200,400,720,240,4200,7500,8500,102,1.5,6000,0,0,0,0,0,30,0,30,35,33.7,0,0
2026-08-07T16:19:02.093000+09:00,2026-08-07T07:19:02.093000+00:00,094623,0.0,2,0,0,0,0,13354,0,13354,0,0,0,0,4623,-24512,10330,0,256,0,161,0,0,0,0,2,0,0,0,2056,31082107,2018,0.1,0,0,0,33.4,33.6,33.9,33.5,33.9,33.2,32.4,32,32.6,32.9,29.5,360957,1065,0,0,0,0,0,0,0,60,-0.78,12164026,72291,0,3404.94,0,1200,400,720,240,4200,7500,8500,102,1.5,6000,0,0,0,0,0,30,0,30,35,33.7,0,0
2026-08-07T16:20:02.188000+09:00,2026-08-07T07:20:02.188000+00:00,094623,0.0,2,0,0,0,0,13354,0,13354,0,0,0,0,4623,-24512,10330,0,256,0,161,0,0,0,0,2,0,0,0,2056,31082107,2018,0.1,0,0,0,33.4,33.6,33.9,33.4,33.9,33.2,32.4,32,32.6,32.9,29.5,360957,1065,0,0,0,0,0,0,0,60,-0.81,12164026,72292,0,3404.94,0,1200,400,720,240,4200,7500,8500,102,1.5,6000,0,0,0,0,0,30,0,30,35,33.7,0,0
2026-08-07T16:21:02.280000+09:00,2026-08-07T07:21:02.280000+00:00,094623,0.0,2,0,0,0,0,13354,0,13354,0,0,0,0,4623,-24512,10330,0,256,0,161,0,0,0,0,2,0,0,0,2056,31082107,2018,0.1,0,0,0,33.4,33.6,33.9,33.4,33.8,33.2,32.4,32,32.6,32.9,29.5,360957,1065,0,0,0,0,0,0,0,60,-0.78,12164026,72292,0,3404.94,0,1200,400,720,240,4200,7500,8500,102,1.5,6000,0,0,0,0,0,30,0,30,35,33.7,0,0
2026-08-07T16:22:02.362000+09:00,2026-08-07T07:22:02.362000+00:00,094623,0.0,2,0,0,0,0,13354,0,13354,0,0,0,0,4623,-24512,10330,0,256,0,161,0,0,0,0,2,0,0,0,2056,31082107,2018,0.1,0,0,0,33.3,33.6,33.9,33.4,33.8,33.2,32.4,32,32.6,32.8,29.5,360957,1065,0,0,0,0,0,0,0,60,-0.8,12164026,72292,0,3404.94,0,1200,400,720,240,4200,7500,8500,102,1.5,6000,0,0,0,0,0,30,0,30,35,33.7,0,0
2026-08-07T16:23:02.461000+09:00,2026-08-07T07:23:02.461000+00:00,094623,0.0,2,0,0,0,0,13354,0,13354,0,0,0,0,4623,-24512,10330,0,256,0,161,0,0,0,0,2,0,0,0,2056,31082107,2018,0.1,0,0,0,33.3,33.6,33.9,33.4,33.8,33.2,32.3,32,32.6,32.8,29.5,360957,1065,0,0,0,0,0,0,0,60,-0.78,12164026,72292,0,3404.94,0,1200,400,720,240,4200,7500,8500,102,1.5,6000,0,0,0,0,0,30,0,30,35,33.7,0,0
2026-08-07T16:24:02.551000+09:00,2026-08-07T07:24:02.551000+00:00,094623,0.0,2,0,0,0,0,13354,0,13354,0,0,0,0,4623,-24512,10330,0,256,0,161,0,0,0,0,2,0,0,0,2056,31082107,2018,0.1,0,0,0,33.3,33.6,33.9,33.4,33.8,33.2,32.3,32,32.6,32.8,29.5,360957,1065,0,0,0,0,0,0,0,60,-0.78,12164026,72292,0,3404.94,0,1200,400,720,240,4200,7500,8500,102,1.5,6000,0,0,0,0,0,30,0,30,35,33.7,0,0
2026-08-07T16:25:02.703000+09:00,2026-08-07T07:25:02.703000+00:00,094623,0.0,2,0,0,0,0,13354,0,13354,0,0,0,0,4623,-24512,10330,0,256,0,161,0,0,0,0,2,0,0,0,2056,31082107,2018,0.1,0,0,0,33.3,33.6,33.8,33.4,33.7,33.2,32.3,32,32.6,32.8,29.5,360957,1065,0,0,0,0,0,0,0,60,-0.78,12164026,72292,0,3404.94,0,1200,400,720,240,4200,7500,8500,102,1.5,6000,0,0,0,0,0,30,0,30,35,33.7,0,0
2026-08-07T16:26:02.752000+09:00,2026-08-07T07:26:02.752000+00:00,094623,0.0,2,0,0,0,0,13354,0,13354,0,0,0,0,4623,-24512,10330,0,256,0,161,0,0,0,0,2,0,0,0,2056,31082107,2018,0.1,0,0,0,33.3,33.6,33.8,33.3,33.7,33.2,32.3,32,32.6,32.8,29.5,360957,1065,0,0,0,0,0,0,0,60,-0.83,12164026,72292,0,3404.94,0,1200,400,720,240,4200,7500,8500,102,1.5,6000,0,0,0,0,0,30,0,30,35,33.7,0,0
2026-08-07T16:27:02.845000+09:00,2026-08-07T07:27:02.845000+00:00,094623,0.0,2,0,0,0,0,13354,0,13354,0,0,0,0,4623,-24512,10330,0,256,0,161,0,0,0,0,2,0,0,0,2056,31082107,2018,0.1,0,0,0,33.3,33.6,33.8,33.3,33.7,33.2,32.3,32,32.6,32.8,29.5,360957,1065,0,0,0,0,0,0,0,60,-0.81,12164026,72292,0,3404.94,0,1200,400,720,240,4200,7500,8500,102,1.5,6000,0,0,0,0,0,30,0,30,35,33.7,0,0
2026-08-07T16:28:02.947000+09:00,2026-08-07T07:28:02.947000+00:00,094623,0.0,2,0,0,0,0,13354,0,13354,0,0,0,0,4623,-24512,10330,0,256,0,161,0,0,0,0,2,0,0,0,2056,31082107,2018,0.1,0,0,0,33.3,33.6,33.8,33.3,33.7,33.2,32.3,32,32.6,32.8,29.5,360957,1065,0,0,0,0,0,0,0,60,-0.78,12164026,72293,0,3404.94,0,1200,400,720,240,4200,7500,8500,102,1.5,6000,0,0,0,0,0,30,0,30,35,33.7,0,0
2026-08-07T16:29:03.051000+09:00,2026-08-07T07:29:03.051000+00:00,094623,0.0,2,0,0,0,0,13354,0,13354,0,0,0,0,4623,-24512,10330,0,256,0,161,0,0,0,0,2,0,0,0,2056,31082107,2018,0.1,0,0,0,33.3,33.6,33.8,33.4,33.7,33.2,32.3,32,32.5,32.8,29.5,360957,1065,0,0,0,0,0,0,0,60,-0.79,12164026,72293,0,3404.94,0,1200,400,720,240,4200,7500,8500,102,1.5,6000,0,0,0,0,0,30,0,30,35,33.7,0,0
2026-08-07T16:30:03.159000+09:00,2026-08-07T07:30:03.159000+00:00,094623,0.0,2,0,0,0,0,13354,0,13354,0,0,0,0,4623,-24512,10330,0,256,0,161,0,0,0,0,2,0,0,0,2056,31082107,2018,0.1,0,0,0,33.3,33.6,33.8,33.3,33.6,33.2,32.3,32,32.5,32.8,29.5,360957,1065,0,0,0,0,0,0,0,60,-0.78,12164026,72293,0,3404.94,0,1200,400,720,240,4200,7500,8500,102,1.5,6000,0,0,0,0,0,30,0,30,35,33.8,0,0
2026-08-07T16:31:03.251000+09:00,2026-08-07T07:31:03.251000+00:00,094623,0.0,2,0,0,0,0,13354,0,13354,0,0,0,0,4623,-24512,10330,0,256,0,161,0,0,0,0,2,0,0,0,2056,31082107,2018,0.1,0,0,0,33.3,33.6,33.8,33.3,33.6,33.2,32.3,32,32.5,32.8,29.5,360957,1065,0,0,0,0,0,0,0,60,-0.8,12164026,72293,0,3404.94,0,1200,400,720,240,4200,7500,8500,102,1.5,6000,0,0,0,0,0,30,0,30,35,33.7,0,0
2026-08-07T16:32:03.355000+09:00,2026-08-07T07:32:03.355000+00:00,094623,0.0,2,0,0,0,0,13354,0,13354,0,0,0,0,4623,-24512,10330,0,256,0,161,0,0,0,0,2,0,0,0,2056,31082107,2018,0.1,0,0,0,33.3,33.6,33.8,33.3,33.6,33.2,32.3,32,32.5,32.8,29.6,360957,1065,0,0,0,0,0,0,0,60,-0.78,12164026,72293,0,3404.94,0,1200,400,720,240,4200,7500,8500,102,1.5,6000,0,0,0,0,0,30,0,30,35,33.7,0,0
2026-08-07T16:33:03.481000+09:00,2026-08-07T07:33:03.481000+00:00,094623,0.0,2,0,0,0,0,13354,0,13354,0,0,0,0,4623,-24512,10330,0,256,0,161,0,0,0,0,2,0,0,0,2056,31082107,2018,0.1,0,0,0,33.3,33.6,33.8,33.3,33.6,33.2,32.3,32,32.5,32.8,29.5,360957,1065,0,0,0,0,0,0,0,60,-0.81,12164026,72293,0,3404.94,0,1200,400,720,240,4200,7500,8500,102,1.5,6000,0,0,0,0,0,30,0,30,35,33.8,0,0
2026-08-07T16:34:03.569000+09:00,2026-08-07T07:34:03.569000+00:00,094623,0.0,2,0,0,0,0,13354,0,13354,0,0,0,0,4623,-24512,10330,0,256,0,161,0,0,0,0,2,0,0,0,2056,31082107,2018,0.1,0,0,0,33.3,33.6,33.8,33.3,33.6,33.1,32.3,32,32.5,32.8,29.6,360957,1065,0,0,0,0,0,0,0,60,-0.78,12164026,72293,0,3404.94,0,1200,400,720,240,4200,7500,8500,102,1.5,6000,0,0,0,0,0,30,0,30,35,33.8,0,0
2026-08-07T16:35:03.669000+09:00,2026-08-07T07:35:03.669000+00:00,094623,0.0,2,0,0,0,0,13354,0,13354,0,0,0,0,4623,-24512,10330,0,256,0,161,0,0,0,0,2,0,0,0,2056,31082107,2018,0.1,0,0,0,33.3,33.6,33.7,33.3,33.6,33.2,32.2,32,32.5,32.8,29.6,360957,1065,0,0,0,0,0,0,0,60,-0.78,12164026,72294,0,3404.94,0,1200,400,720,240,4200,7500,8500,102,1.5,6000,0,0,0,0,0,30,0,30,35,33.8,0,0
2026-08-07T16:36:03.761000+09:00,2026-08-07T07:36:03.761000+00:00,094623,0.0,2,0,0,0,0,13354,0,13354,0,0,0,0,4623,-24512,10330,0,256,0,161,0,0,0,0,2,0,0,0,2056,31082107,2018,0.1,0,0,0,33.3,33.6,33.7,33.3,33.6,33.1,32.2,32,32.5,32.7,29.5,360957,1065,0,0,0,0,0,0,0,60,-0.79,12164026,72294,0,3404.94,0,1200,400,720,240,4200,7500,8500,102,1.5,6000,0,0,0,0,0,30,0,30,35,33.8,0,0
2026-08-07T16:37:03.881000+09:00,2026-08-07T07:37:03.881000+00:00,094623,0.0,2,0,0,0,0,13354,0,13354,0,0,0,0,4623,-24512,10330,0,256,0,161,0,0,0,0,2,0,0,0,2056,31082107,2018,0.1,0,0,0,33.3,33.6,33.7,33.3,33.6,33.2,32.2,32,32.5,32.7,29.6,360957,1065,0,0,0,0,0,0,0,60,-0.78,12164026,72294,0,3404.94,0,1200,400,720,240,4200,7500,8500,102,1.5,6000,0,0,0,0,0,30,0,30,35,33.8,0,0
2026-08-07T16:38:03.972000+09:00,2026-08-07T07:38:03.972000+00:00,094623,0.0,2,0,0,0,0,13354,0,13354,0,0,0,0,4623,-24512,10330,0,256,0,161,0,0,0,0,2,0,0,0,2056,31082107,2018,0.1,0,0,0,33.3,33.6,33.7,33.2,33.6,33.2,32.2,32,32.5,32.7,29.6,360957,1065,0,0,0,0,0,0,0,60,-0.79,12164026,72294,0,3404.94,0,1200,400,720,240,4200,7500,8500,102,1.5,6000,0,0,0,0,0,30,0,30,35,33.8,0,0
2026-08-07T16:39:04.062000+09:00,2026-08-07T07:39:04.062000+00:00,094623,0.0,2,0,0,0,0,13354,0,13354,0,0,0,0,4623,-24512,10330,0,256,0,161,0,0,0,0,2,0,0,0,2056,31082107,2018,0.1,0,0,0,33.3,33.6,33.7,33.2,33.5,33.1,32.2,32,32.5,32.7,29.6,360957,1065,0,0,0,0,0,0,0,60,-0.83,12164026,72294,0,3404.94,0,1200,400,720,240,4200,7500,8500,102,1.5,6000,0,0,0,0,0,30,0,30,35,33.8,0,0
2026-08-07T16:40:04.165000+09:00,2026-08-07T07:40:04.165000+00:00,094623,0.0,2,0,0,0,0,13354,0,13354,0,0,0,0,4623,-24512,10330,0,256,0,161,0,0,0,0,2,0,0,0,2056,31082107,2018,0.1,0,0,0,33.3,33.6,33.7,33.2,33.5,33.1,32.2,32,32.4,32.7,29.6,360957,1065,0,0,0,0,0,0,0,60,-0.8,12164026,72294,0,3404.94,0,1200,400,720,240,4200,7500,8500,102,1.5,6000,0,0,0,0,0,30,0,30,35,33.8,0,0
2026-08-07T16:41:04.266000+09:00,2026-08-07T07:41:04.266000+00:00,094623,0.0,2,0,0,0,0,13354,0,13354,0,0,0,0,4623,-24512,10330,0,256,0,161,0,0,0,0,2,0,0,0,2056,31082107,2018,0.1,0,0,0,33.3,33.6,33.7,33.2,33.5,33.1,32.2,32,32.4,32.7,29.6,360957,1065,0,0,0,0,0,0,0,60,-0.83,12164026,72294,0,3404.94,0,1200,400,720,240,4200,7500,8500,102,1.5,6000,0,0,0,0,0,30,0,30,35,33.8,0,0
2026-08-07T16:42:04.377000+09:00,2026-08-07T07:42:04.377000+00:00,094623,0.0,2,0,0,0,0,13354,0,13354,0,0,0,0,4623,-24512,10330,0,256,0,161,0,0,0,0,2,0,0,0,2056,31082107,2018,0.1,0,0,0,33.3,33.6,33.7,33.1,33.5,33.1,32.2,32,32.4,32.7,29.6,360957,1065,0,0,0,0,0,0,0,60,-0.79,12164026,72294,0,3404.94,0,1200,400,720,240,4200,7500,8500,102,1.5,6000,0,0,0,0,0,30,0,30,35,33.8,0,0
2026-08-07T16:43:04.478000+09:00,2026-08-07T07:43:04.478000+00:00,094623,0.0,2,0,0,0,0,13354,0,13354,0,0,0,0,4623,-24512,10330,0,256,0,161,0,0,0,0,2,0,0,0,2056,31082107,2018,0.1,0,0,0,33.3,33.6,33.7,33.1,33.5,33.1,32.2,32,32.4,32.7,29.6,360957,1065,0,0,0,0,0,0,0,60,-0.78,12164026,72295,0,3404.94,0,1200,400,720,240,4200,7500,8500,102,1.5,6000,0,0,0,0,0,30,0,30,35,33.8,0,0
2026-08-07T16:44:04.582000+09:00,2026-08-07T07:44:04.582000+00:00,094623,0.0,2,0,0,0,0,13354,0,13354,0,0,0,0,4623,-24512,10330,0,256,0,161,0,0,0,0,2,0,0,0,2056,31082107,2018,0.1,0,0,0,33.3,33.6,33.7,33.1,33.5,33.1,32.2,32,32.4,32.7,29.6,360957,1065,0,0,0,0,0,0,0,60,-0.78,12164026,72295,0,3404.94,0,1200,400,720,240,4200,7500,8500,102,1.5,6000,0,0,0,0,0,30,0,30,35,33.8,0,0
2026-08-07T16:45:04.689000+09:00,2026-08-07T07:45:04.689000+00:00,094623,0.0,2,0,0,0,0,13354,0,13354,0,0,0,0,4623,-24512,10330,0,256,0,161,0,0,0,0,2,0,0,0,2056,31082107,2018,0.1,0,0,0,33.3,33.6,33.7,33.1,33.4,33.1,32.2,32,32.4,32.7,29.6,360957,1065,0,0,0,0,0,0,0,60,-0.79,12164026,72295,0,3404.94,0,1200,400,720,240,4200,7500,8500,102,1.5,6000,0,0,0,0,0,30,0,30,35,33.8,0,0
2026-08-07T16:46:04.784000+09:00,2026-08-07T07:46:04.784000+00:00,094623,0.0,2,0,0,0,0,13354,0,13354,0,0,0,0,4623,-24512,10330,0,256,0,161,0,0,0,0,2,0,0,0,2056,31082107,2018,0.1,0,0,0,33.3,33.6,33.6,33,33.4,33.1,32.1,31.9,32.4,32.7,29.6,360957,1065,0,0,0,0,0,0,0,60,-0.78,12164026,72295,0,3404.94,0,1200,400,720,240,4200,7500,8500,102,1.5,6000,0,0,0,0,0,30,0,30,35,33.8,0,0
2026-08-07T16:47:04.883000+09:00,2026-08-07T07:47:04.883000+00:00,094623,0.0,2,0,0,0,0,13354,0,13354,0,0,0,0,4623,-24512,10330,0,256,0,161,0,0,0,0,2,0,0,0,2056,31082107,2018,0.1,0,0,0,33.3,33.6,33.6,32.9,33.4,33.1,32.1,31.9,32.3,32.7,29.6,360957,1065,0,0,0,0,0,0,0,60,-0.78,12164026,72295,0,3404.94,0,1200,400,720,240,4200,7500,8500,102,1.5,6000,0,0,0,0,0,30,0,30,35,33.8,0,0
2026-08-07T16:48:04.965000+09:00,2026-08-07T07:48:04.965000+00:00,094623,0.0,2,0,0,0,0,13354,0,13354,0,0,0,0,4623,-24512,10330,0,256,0,161,0,0,0,0,2,0,0,0,2056,31082107,2018,0.1,0,0,0,33.3,33.6,33.6,32.9,33.3,33.1,32.1,31.9,32.3,32.6,29.6,360957,1065,0,0,0,0,0,0,0,60,-0.82,12164026,72295,0,3404.94,0,1200,400,720,240,4200,7500,8500,102,1.5,6000,0,0,0,0,0,30,0,30,35,33.8,0,0
2026-08-07T16:49:05.058000+09:00,2026-08-07T07:49:05.058000+00:00,094623,0.0,2,0,0,0,0,13354,0,13354,0,0,0,0,4623,-24512,10330,0,256,0,161,0,0,0,0,2,0,0,0,2056,31082107,2018,0.1,0,0,0,33.3,33.6,33.6,32.8,33.3,33.1,32.1,31.9,32.3,32.6,29.6,360957,1065,0,0,0,0,0,0,0,60,-0.78,12164026,72295,0,3404.94,0,1200,400,720,240,4200,7500,8500,102,1.5,6000,0,0,0,0,0,30,0,30,35,33.8,0,0
2026-08-07T16:50:05.153000+09:00,2026-08-07T07:50:05.153000+00:00,094623,0.0,2,0,0,0,0,13354,0,13354,0,0,0,0,4623,-24512,10330,0,256,0,161,0,0,0,0,2,0,0,0,2056,31082107,2018,0.1,0,0,0,33.3,33.6,33.6,32.8,33.3,33.1,32,31.9,32.3,32.6,29.6,360957,1065,0,0,0,0,0,0,0,60,-0.78,12164026,72295,0,3404.94,0,1200,400,720,240,4200,7500,8500,102,1.5,6000,0,0,0,0,0,30,0,30,35,33.8,0,0
2026-08-07T16:51:05.254000+09:00,2026-08-07T07:51:05.254000+00:00,094623,0.0,2,0,0,0,0,13354,0,13354,0,0,0,0,4623,-24512,10330,0,256,0,161,0,0,0,0,2,0,0,0,2056,31082107,2018,0.1,0,0,0,33.3,33.6,33.5,32.7,33.2,33.1,32,31.9,32.3,32.6,29.6,360957,1065,0,0,0,0,0,0,0,60,-0.78,12164026,72296,0,3404.94,0,1200,400,720,240,4200,7500,8500,102,1.5,6000,0,0,0,0,0,30,0,30,35,33.9,0,0
2026-08-07T16:52:05.333000+09:00,2026-08-07T07:52:05.333000+00:00,094623,0.0,2,0,0,0,0,13354,0,13354,0,0,0,0,4623,-24512,10330,0,256,0,161,0,0,0,0,2,0,0,0,2056,31082107,2018,0.1,0,0,0,33.2,33.6,33.5,32.6,33.2,33,32,31.9,32.3,32.6,29.7,360957,1065,0,0,0,0,0,0,0,60,-0.78,12164026,72296,0,3404.94,0,1200,400,720,240,4200,7500,8500,102,1.5,6000,0,0,0,0,0,30,0,30,35,33.9,0,0
2026-08-07T16:53:05.435000+09:00,2026-08-07T07:53:05.435000+00:00,094623,0.0,2,0,0,0,0,13354,0,13354,0,0,0,0,4623,-24512,10330,0,256,0,161,0,0,0,0,2,0,0,0,2056,31082107,2018,0.1,0,0,0,33.2,33.6,33.5,32.6,33.1,33,32,31.9,32.2,32.6,29.7,360957,1065,0,0,0,0,0,0,0,60,-0.78,12164026,72296,0,3404.94,0,1200,400,720,240,4200,7500,8500,102,1.5,6000,0,0,0,0,0,30,0,30,35,33.9,0,0
2026-08-07T16:54:05.524000+09:00,2026-08-07T07:54:05.524000+00:00,094623,0.0,2,0,0,0,0,13354,0,13354,0,0,0,0,4623,-24512,10330,0,256,0,161,0,0,0,0,2,0,0,0,2056,31082107,2018,0.1,0,0,0,33.2,33.6,33.4,32.5,33.1,33,32,31.8,32.2,32.6,29.7,360957,1065,0,0,0,0,0,0,0,60,-0.79,12164026,72296,0,3404.94,0,1200,400,720,240,4200,7500,8500,102,1.5,6000,0,0,0,0,0,30,0,30,35,33.9,0,0
2026-08-07T16:55:05.623000+09:00,2026-08-07T07:55:05.623000+00:00,094623,0.0,2,0,0,0,0,13354,0,13354,0,0,0,0,4623,-24512,10330,0,256,0,161,0,0,0,0,2,0,0,0,2056,31082107,2018,0.1,0,0,0,33.2,33.6,33.4,32.5,33,33,31.9,31.8,32.2,32.5,29.7,360957,1065,0,0,0,0,0,0,0,60,-0.78,12164026,72296,0,3404.94,0,1200,400,720,240,4200,7500,8500,102,1.5,6000,0,0,0,0,0,30,0,30,35,33.8,0,0
2026-08-07T16:56:05.729000+09:00,2026-08-07T07:56:05.729000+00:00,094623,0.0,2,0,0,0,0,13354,0,13354,0,0,0,0,4623,-24512,10330,0,256,0,161,0,0,0,0,2,0,0,0,2056,31082107,2018,0.1,0,0,0,33.2,33.6,33.4,32.4,33,33,31.9,31.8,32.2,32.5,29.7,360957,1065,0,0,0,0,0,0,0,60,-0.78,12164026,72296,0,3404.94,0,1200,400,720,240,4200,7500,8500,102,1.5,6000,0,0,0,0,0,30,0,30,35,33.8,0,0
2026-08-07T16:57:05.840000+09:00,2026-08-07T07:57:05.840000+00:00,094623,0.0,2,0,0,0,0,13354,0,13354,0,0,0,0,4623,-24512,10330,0,256,0,161,0,0,0,0,2,0,0,0,2056,31082107,2018,0.1,0,0,0,33.2,33.5,33.4,32.4,32.9,33,31.8,31.8,32.2,32.5,29.7,360957,1065,0,0,0,0,0,0,0,60,-0.78,12164026,72296,0,3404.94,0,1200,400,720,240,4200,7500,8500,102,1.5,6000,0,0,0,0,0,30,0,30,35,33.8,0,0
2026-08-07T16:58:05.916000+09:00,2026-08-07T07:58:05.916000+00:00,094623,0.0,2,0,0,0,0,13354,0,13354,0,0,0,0,4623,-24512,10330,0,256,0,161,0,0,0,0,2,0,0,0,2056,31082107,2018,0.1,0,0,0,33.2,33.5,33.3,32.4,32.9,33,31.8,31.8,32.1,32.5,29.7,360957,1065,0,0,0,0,0,0,0,60,-0.78,12164026,72297,0,3404.94,0,1200,400,720,240,4200,7500,8500,102,1.5,6000,0,0,0,0,0,30,0,30,35,33.9,0,0
2026-08-07T16:59:06.028000+09:00,2026-08-07T07:59:06.028000+00:00,094623,0.0,2,0,0,0,0,13354,0,13354,0,0,0,0,4623,-24512,10330,0,256,0,161,0,0,0,0,2,0,0,0,2056,31082107,2018,0.1,0,0,0,33.2,33.5,33.3,32.3,32.8,33,31.8,31.8,32.1,32.5,29.7,360957,1065,0,0,0,0,0,0,0,60,-0.78,12164026,72297,0,3404.94,0,1200,400,720,240,4200,7500,8500,102,1.5,6000,0,0,0,0,0,30,0,30,35,33.9,0,0
2026-08-07T17:00:06.106000+09:00,2026-08-07T08:00:06.106000+00:00,094623,0.0,2,0,0,0,0,13354,0,13354,0,0,0,0,4623,-24512,10330,0,256,0,161,0,0,0,0,2,0,0,0,2056,31082107,2018,0.1,0,0,0,33.2,33.5,33.3,32.3,32.8,33,31.7,31.8,32.1,32.5,29.7,360957,1065,0,0,0,0,0,0,0,60,-0.78,12164026,72297,0,3404.94,0,1200,400,720,240,4200,7500,8500,102,1.5,6000,0,0,0,0,0,30,0,30,35,33.9,0,0
2026-08-07T17:01:06.198000+09:00,2026-08-07T08:01:06.198000+00:00,094623,0.0,2,0,0,0,0,13354,0,13354,0,0,0,0,4623,-24512,10330,0,256,0,161,0,0,0,0,2,0,0,0,2056,31082107,2018,0.1,0,0,0,33.2,33.5,33.2,32.3,32.7,33,31.7,31.7,32.1,32.5,29.7,360957,1065,0,0,0,0,0,0,0,60,-0.78,12164026,72297,0,3404.94,0,1200,400,720,240,4200,7500,8500,102,1.5,6000,0,0,0,0,0,30,0,30,35,33.9,0,0
2026-08-07T17:02:06.294000+09:00,2026-08-07T08:02:06.294000+00:00,094623,0.0,2,0,0,0,0,13354,0,13354,0,0,0,0,4623,-24512,10330,0,256,0,161,0,0,0,0,2,0,0,0,2056,31082107,2018,0.1,0,0,0,33.1,33.5,33.2,32.2,32.7,32.9,31.7,31.7,32,32.4,29.7,360957,1065,0,0,0,0,0,0,0,60,-0.78,12164026,72297,0,3404.94,0,1200,400,720,240,4200,7500,8500,102,1.5,6000,0,0,0,0,0,30,0,30,35,33.9,0,0
2026-08-07T17:03:06.426000+09:00,2026-08-07T08:03:06.426000+00:00,094623,0.0,2,0,0,0,0,13354,0,13354,0,0,0,0,4623,-24512,10330,0,256,0,161,0,0,0,0,2,0,0,0,2056,31082107,2018,0.1,0,0,0,33.1,33.5,33.2,32.2,32.7,32.9,31.7,31.7,32,32.4,29.7,360957,1065,0,0,0,0,0,0,0,60,-0.81,12164026,72297,0,3404.94,0,1200,400,720,240,4200,7500,8500,102,1.5,6000,0,0,0,0,0,30,0,30,35,33.9,0,0
2026-08-07T17:04:06.496000+09:00,2026-08-07T08:04:06.496000+00:00,094623,0.0,2,0,0,0,0,13354,0,13354,0,0,0,0,4623,-24512,10330,0,256,0,161,0,0,0,0,2,0,0,0,2056,31082107,2018,0.1,0,0,0,33.1,33.5,33.1,32.2,32.6,32.9,31.6,31.7,32,32.4,29.7,360957,1065,0,0,0,0,0,0,0,60,-0.79,12164026,72297,0,3404.94,0,1200,400,720,240,4200,7500,8500,102,1.5,6000,0,0,0,0,0,30,0,30,35,33.9,0,0
2026-08-07T17:05:06.594000+09:00,2026-08-07T08:05:06.594000+00:00,094623,0.0,2,0,0,0,0,13354,0,13354,0,0,0,0,4623,-24512,10330,0,256,0,161,0,0,0,0,2,0,0,0,2056,31082107,2018,0.1,0,0,0,33.1,33.5,33.1,32.1,32.6,32.9,31.6,31.6,32,32.4,29.8,360957,1065,0,0,0,0,0,0,0,60,-0.79,12164026,72297,0,3404.94,0,1200,400,720,240,4200,7500,8500,102,1.5,6000,0,0,0,0,0,30,0,30,35,33.9,0,0
2026-08-07T17:06:06.701000+09:00,2026-08-07T08:06:06.701000+00:00,094623,0.0,2,0,0,0,0,13354,0,13354,0,0,0,0,4623,-24512,10330,0,256,0,161,0,0,0,0,2,0,0,0,2056,31082107,2018,0.1,0,0,0,33.1,33.5,33.1,32.1,32.5,32.9,31.6,31.6,32,32.3,29.7,360957,1065,0,0,0,0,0,0,0,60,-0.82,12164026,72298,0,3404.94,0,1200,400,720,240,4200,7500,8500,102,1.5,6000,0,0,0,0,0,30,0,30,35,33.9,0,0
2026-08-07T17:07:06.867000+09:00,2026-08-07T08:07:06.867000+00:00,094623,0.0,2,0,0,0,0,13354,0,13354,0,0,0,0,4623,-24512,10330,0,256,0,161,0,0,0,0,2,0,0,0,2056,31082107,2018,0.1,0,0,0,33.1,33.5,33.1,32,32.5,32.9,31.6,31.6,31.9,32.3,29.8,360957,1065,0,0,0,0,0,0,0,60,-0.79,12164026,72298,0,3404.94,0,1200,400,720,240,4200,7500,8500,102,1.5,6000,0,0,0,0,0,30,0,30,35,33.9,0,0
2026-08-07T17:08:06.915000+09:00,2026-08-07T08:08:06.915000+00:00,094623,0.0,2,0,0,0,0,13354,0,13354,0,0,0,0,4623,-24512,10330,0,256,0,161,0,0,0,0,2,0,0,0,2056,31082107,2018,0.1,0,0,0,33.1,33.5,33,32,32.4,32.9,31.5,31.6,31.9,32.3,29.8,360957,1065,0,0,0,0,0,0,0,60,-0.78,12164026,72298,0,3404.94,0,1200,400,720,240,4200,7500,8500,102,1.5,6000,0,0,0,0,0,30,0,30,35,33.9,0,0
2026-08-07T17:09:07.005000+09:00,2026-08-07T08:09:07.005000+00:00,094623,0.0,2,0,0,0,0,13354,0,13354,0,0,0,0,4623,-24512,10330,0,256,0,161,0,0,0,0,2,0,0,0,2056,31082107,2018,0.1,0,0,0,33.1,33.5,33,32,32.4,32.8,31.5,31.6,31.9,32.3,29.8,360957,1065,0,0,0,0,0,0,0,60,-0.81,12164026,72298,0,3404.94,0,1200,400,720,240,4200,7500,8500,102,1.5,6000,0,0,0,0,0,30,0,30,35,33.9,0,0
2026-08-07T17:10:07.096000+09:00,2026-08-07T08:10:07.096000+00:00,094623,0.0,2,0,0,0,0,13354,0,13354,0,0,0,0,4623,-24512,10330,0,256,0,161,0,0,0,0,2,0,0,0,2056,31082107,2018,0.1,0,0,0,33.1,33.4,33,32,32.4,32.8,31.5,31.6,31.9,32.3,29.8,360957,1065,0,0,0,0,0,0,0,60,-0.8,12164026,72298,0,3404.94,0,1200,400,720,240,4200,7500,8500,102,1.5,6000,0,0,0,0,0,30,0,30,35,33.9,0,0
2026-08-07T17:11:07.286000+09:00,2026-08-07T08:11:07.286000+00:00,094623,0.0,2,0,0,0,0,13354,0,13354,0,0,0,0,4623,-24512,10330,0,256,0,161,0,0,0,0,2,0,0,0,2056,31082107,2018,0.1,0,0,0,33.1,33.4,32.9,32,32.3,32.8,31.5,31.6,31.8,32.2,29.8,360957,1065,0,0,0,0,0,0,0,60,-0.78,12164026,72298,0,3404.94,0,1200,400,720,240,4200,7500,8500,102,1.5,6000,0,0,0,0,0,30,0,30,35,33.9,0,0
2026-08-07T17:12:07.295000+09:00,2026-08-07T08:12:07.295000+00:00,094623,0.0,2,0,0,0,0,13354,0,13354,0,0,0,0,4623,-24512,10330,0,256,0,161,0,0,0,0,2,0,0,0,2056,31082107,2018,0.1,0,0,0,33,33.4,32.9,31.9,32.3,32.8,31.4,31.5,31.8,32.2,29.8,360957,1065,0,0,0,0,0,0,0,60,-0.79,12164026,72298,0,3404.94,0,1200,400,720,240,4200,7500,8500,102,1.5,6000,0,0,0,0,0,30,0,30,35,33.9,0,0
2026-08-07T17:13:07.403000+09:00,2026-08-07T08:13:07.403000+00:00,094623,0.0,2,0,0,0,0,13354,0,13354,0,0,0,0,4623,-24512,10330,0,256,0,161,0,0,0,0,2,0,0,0,2056,31082107,2018,0.1,0,0,0,33,33.4,32.9,31.9,32.3,32.8,31.4,31.5,31.8,32.2,29.8,360957,1065,0,0,0,0,0,0,0,60,-0.81,12164026,72299,0,3404.94,0,1200,400,720,240,4200,7500,8500,102,1.5,6000,0,0,0,0,0,30,0,30,35,33.9,0,0
2026-08-07T17:14:07.489000+09:00,2026-08-07T08:14:07.489000+00:00,094623,0.0,2,0,0,0,0,13354,0,13354,0,0,0,0,4623,-24512,10330,0,256,0,161,0,0,0,0,2,0,0,0,2056,31082107,2018,0.1,0,0,0,33,33.4,32.8,31.9,32.2,32.8,31.4,31.5,31.7,32.2,29.8,360957,1065,0,0,0,0,0,0,0,60,-0.78,12164026,72299,0,3404.94,0,1200,400,720,240,4200,7500,8500,102,1.5,6000,0,0,0,0,0,30,0,30,35,33.9,0,0
2026-08-07T17:15:07.577000+09:00,2026-08-07T08:15:07.577000+00:00,094623,0.0,2,0,0,0,0,13354,0,13354,0,0,0,0,4623,-24512,10330,0,256,0,161,0,0,0,0,2,0,0,0,2056,31082107,2018,0.1,0,0,0,33,33.4,32.8,31.9,32.2,32.7,31.4,31.5,31.7,32.1,29.8,360957,1065,0,0,0,0,0,0,0,60,-0.81,12164026,72299,0,3404.94,0,1200,400,720,240,4200,7500,8500,102,1.5,6000,0,0,0,0,0,30,0,30,35,33.9,0,0
2026-08-07T17:16:07.686000+09:00,2026-08-07T08:16:07.686000+00:00,094623,0.0,2,0,0,0,0,13354,0,13354,0,0,0,0,4623,-24512,10330,0,256,0,161,0,0,0,0,2,0,0,0,2056,31082107,2018,0.1,0,0,0,33,33.4,32.8,31.9,32.2,32.7,31.4,31.5,31.7,32.1,29.8,360957,1065,0,0,0,0,0,0,0,60,-0.78,12164026,72299,0,3404.94,0,1200,400,720,240,4200,7500,8500,102,1.5,6000,0,0,0,0,0,30,0,30,35,33.9,0,0
2026-08-07T17:17:07.786000+09:00,2026-08-07T08:17:07.786000+00:00,094623,0.0,2,0,0,0,0,13354,0,13354,0,0,0,0,4623,-24512,10330,0,256,0,161,0,0,0,0,2,0,0,0,2056,31082107,2018,0.1,0,0,0,33,33.4,32.7,31.9,32.2,32.7,31.4,31.5,31.7,32.1,29.8,360957,1065,0,0,0,0,0,0,0,60,-0.79,12164026,72299,0,3404.94,0,1200,400,720,240,4200,7500,8500,102,1.5,6000,0,0,0,0,0,30,0,30,35,33.9,0,0
2026-08-07T17:18:07.880000+09:00,2026-08-07T08:18:07.880000+00:00,094623,0.0,2,0,0,0,0,13354,0,13354,0,0,0,0,4623,-24512,10330,0,256,0,161,0,0,0,0,2,0,0,0,2056,31082107,2018,0.1,0,0,0,33,33.4,32.7,31.9,32.1,32.7,31.3,31.4,31.6,32.1,29.9,360957,1065,0,0,0,0,0,0,0,60,-0.79,12164026,72299,0,3404.94,0,1200,400,720,240,4200,7500,8500,102,1.5,6000,0,0,0,0,0,30,0,30,35,33.9,0,0
2026-08-07T17:19:08.053000+09:00,2026-08-07T08:19:08.053000+00:00,094623,0.0,2,0,0,0,0,13354,0,13354,0,0,0,0,4623,-24512,10330,0,256,0,161,0,0,0,0,2,0,0,0,2056,31082107,2018,0.1,0,0,0,33,33.4,32.7,31.9,32.1,32.7,31.3,31.4,31.6,32.1,29.9,360957,1065,0,0,0,0,0,0,0,60,-0.78,12164026,72299,0,3404.94,0,1200,400,720,240,4200,7500,8500,102,1.5,6000,0,0,0,0,0,30,0,30,35,33.9,0,0
2026-08-07T17:20:08.153000+09:00,2026-08-07T08:20:08.153000+00:00,094623,0.0,2,0,0,0,0,13354,0,13354,0,0,0,0,4623,-24512,10330,0,256,0,161,0,0,0,0,2,0,0,0,2056,31082107,2018,0.1,0,0,0,33,33.4,32.7,31.9,32.1,32.7,31.3,31.4,31.6,32,29.9,360957,1065,0,0,0,0,0,0,0,60,-0.81,12164026,72299,0,3404.94,0,1200,400,720,240,4200,7500,8500,102,1.5,6000,0,0,0,0,0,30,0,30,35,33.9,0,0
2026-08-07T17:21:08.237000+09:00,2026-08-07T08:21:08.237000+00:00,094623,0.0,2,0,0,0,0,13354,0,13354,0,0,0,0,4623,-24512,10330,0,256,0,161,0,0,0,0,2,0,0,0,2056,31082107,2018,0.1,0,0,0,32.9,33.4,32.7,31.9,32.1,32.7,31.3,31.4,31.6,32,29.9,360957,1065,0,0,0,0,0,0,0,60,-0.79,12164026,72300,0,3404.94,0,1200,400,720,240,4200,7500,8500,102,1.5,6000,0,0,0,0,0,30,0,30,35,33.9,0,0
2026-08-07T17:22:08.335000+09:00,2026-08-07T08:22:08.335000+00:00,094623,0.0,2,0,0,0,0,13354,0,13354,0,0,0,0,4623,-24512,10330,0,256,0,161,0,0,0,0,2,0,0,0,2056,31082107,2018,0.1,0,0,0,32.9,33.3,32.6,31.9,32.1,32.7,31.3,31.4,31.6,32,29.9,360957,1065,0,0,0,0,0,0,0,60,-0.79,12164026,72300,0,3404.94,0,1200,400,720,240,4200,7500,8500,102,1.5,6000,0,0,0,0,0,30,0,30,35,33.9,0,0
2026-08-07T17:23:08.429000+09:00,2026-08-07T08:23:08.429000+00:00,094623,0.0,2,0,0,0,0,13354,0,13354,0,0,0,0,4623,-24512,10330,0,256,0,161,0,0,0,0,2,0,0,0,2056,31082107,2018,0.1,0,0,0,32.9,33.3,32.6,31.9,32.1,32.7,31.3,31.4,31.5,32,29.9,360957,1065,0,0,0,0,0,0,0,60,-0.8,12164026,72300,0,3404.94,0,1200,400,720,240,4200,7500,8500,102,1.5,6000,0,0,0,0,0,30,0,30,35,33.9,0,0
2026-08-07T17:24:08.526000+09:00,2026-08-07T08:24:08.526000+00:00,094623,0.0,2,0,0,0,0,13354,0,13354,0,0,0,0,4623,-24512,10330,0,256,0,161,0,0,0,0,2,0,0,0,2056,31082107,2018,0.1,0,0,0,32.9,33.3,32.6,31.9,32.1,32.6,31.3,31.3,31.5,32,29.9,360957,1065,0,0,0,0,0,0,0,60,-0.8,12164026,72300,0,3404.94,0,1200,400,720,240,4200,7500,8500,102,1.5,6000,0,0,0,0,0,30,0,30,35,33.9,0,0
2026-08-07T17:25:08.615000+09:00,2026-08-07T08:25:08.615000+00:00,094623,0.0,2,0,0,0,0,13354,0,13354,0,0,0,0,4623,-24512,10330,0,256,0,161,0,0,0,0,2,0,0,0,2056,31082107,2018,0.1,0,0,0,32.9,33.3,32.6,31.9,32.1,32.6,31.3,31.3,31.5,32,29.9,360957,1065,0,0,0,0,0,0,0,60,-0.8,12164026,72300,0,3404.94,0,1200,400,720,240,4200,7500,8500,102,1.5,6000,0,0,0,0,0,30,0,30,35,33.9,0,0
2026-08-07T17:26:08.721000+09:00,2026-08-07T08:26:08.721000+00:00,094623,0.0,2,0,0,0,0,13354,0,13354,0,0,0,0,4623,-24512,10330,0,256,0,161,0,0,0,0,2,0,0,0,2056,31082107,2018,0.1,0,0,0,32.9,33.3,32.6,31.9,32.1,32.6,31.3,31.3,31.5,32,29.9,360957,1065,0,0,0,0,0,0,0,60,-0.78,12164026,72300,0,3404.94,0,1200,400,720,240,4200,7500,8500,102,1.5,6000,0,0,0,0,0,30,0,30,35,33.9,0,0
2026-08-07T17:27:08.820000+09:00,2026-08-07T08:27:08.820000+00:00,094623,0.0,2,0,0,0,0,13354,0,13354,0,0,0,0,4623,-24512,10330,0,256,0,161,0,0,0,0,2,0,0,0,2056,31082107,2018,0.1,0,0,0,32.9,33.3,32.6,31.9,32.1,32.6,31.3,31.3,31.5,31.9,29.9,360957,1065,0,0,0,0,0,0,0,60,-0.78,12164026,72300,0,3404.94,0,1200,400,720,240,4200,7500,8500,102,1.5,6000,0,0,0,0,0,30,0,30,35,33.9,0,0
2026-08-07T17:28:08.911000+09:00,2026-08-07T08:28:08.911000+00:00,094623,0.0,2,0,0,0,0,13354,0,13354,0,0,0,0,4623,-24512,10330,0,256,0,161,0,0,0,0,2,0,0,0,2056,31082107,2018,0.1,0,0,0,32.9,33.3,32.5,31.8,32.1,32.6,31.3,31.3,31.5,31.9,29.9,360957,1065,0,0,0,0,0,0,0,60,-0.79,12164026,72300,0,3404.94,0,1200,400,720,240,4200,7500,8500,102,1.5,6000,0,0,0,0,0,30,0,30,35,33.9,0,0
2026-08-07T17:29:09.013000+09:00,2026-08-07T08:29:09.013000+00:00,094623,0.0,2,0,0,0,0,13354,0,13354,0,0,0,0,4623,-24512,10330,0,256,0,161,0,0,0,0,2,0,0,0,2056,31082107,2018,0.1,0,0,0,32.9,33.3,32.5,31.8,32,32.6,31.3,31.3,31.4,31.9,29.9,360957,1065,0,0,0,0,0,0,0,60,-0.78,12164026,72301,0,3404.94,0,1200,400,720,240,4200,7500,8500,102,1.5,6000,0,0,0,0,0,30,0,30,35,33.9,0,0
2026-08-07T17:30:09.116000+09:00,2026-08-07T08:30:09.116000+00:00,094623,0.0,2,0,0,0,0,13354,0,13354,0,0,0,0,4623,-24512,10330,0,256,0,161,0,0,0,0,2,0,0,0,2056,31082107,2018,0.1,0,0,0,32.8,33.3,32.5,31.7,32,32.6,31.3,31.3,31.4,31.9,30,360957,1065,0,0,0,0,0,0,0,60,-0.78,12164026,72301,0,3404.94,0,1200,400,720,240,4200,7500,8500,102,1.5,6000,0,0,0,0,0,30,0,30,35,33.9,0,0
2026-08-07T17:31:09.217000+09:00,2026-08-07T08:31:09.217000+00:00,094623,0.0,2,0,0,0,0,13354,0,13354,0,0,0,0,4623,-24512,10330,0,256,0,161,0,0,0,0,2,0,0,0,2056,31082107,2018,0.1,0,0,0,32.8,33.3,32.5,31.7,32,32.6,31.2,31.2,31.4,31.9,30,360957,1065,0,0,0,0,0,0,0,60,-0.78,12164026,72301,0,3404.94,0,1200,400,720,240,4200,7500,8500,102,1.5,6000,0,0,0,0,0,30,0,30,35,33.9,0,0
2026-08-07T17:32:09.306000+09:00,2026-08-07T08:32:09.306000+00:00,094623,0.0,2,0,0,0,0,13354,0,13354,0,0,0,0,4623,-24512,10330,0,256,0,161,0,0,0,0,2,0,0,0,2056,31082107,2018,0.1,0,0,0,32.8,33.3,32.5,31.6,31.9,32.6,31.2,31.3,31.4,31.9,30,360957,1065,0,0,0,0,0,0,0,60,-0.79,12164026,72301,0,3404.94,0,1200,400,720,240,4200,7500,8500,102,1.5,6000,0,0,0,0,0,30,0,30,35,33.9,0,0
2026-08-07T17:33:09.402000+09:00,2026-08-07T08:33:09.402000+00:00,094623,0.0,2,0,0,0,0,13354,0,13354,0,0,0,0,4623,-24512,10330,0,256,0,161,0,0,0,0,2,0,0,0,2056,31082107,2018,0.1,0,0,0,32.8,33.2,32.4,31.5,31.9,32.5,31.2,31.2,31.4,31.8,30,360957,1065,0,0,0,0,0,0,0,60,-0.78,12164026,72301,0,3404.94,0,1200,400,720,240,4200,7500,8500,102,1.5,6000,0,0,0,0,0,30,0,30,35,33.9,0,0
2026-08-07T17:34:09.507000+09:00,2026-08-07T08:34:09.507000+00:00,094623,0.0,2,0,0,0,0,13354,0,13354,0,0,0,0,4623,-24512,10330,0,256,0,161,0,0,0,0,2,0,0,0,2056,31082107,2018,0.1,0,0,0,32.8,33.2,32.4,31.5,31.9,32.5,31.2,31.2,31.3,31.8,30,360957,1065,0,0,0,0,0,0,0,60,-0.78,12164026,72301,0,3404.94,0,1200,400,720,240,4200,7500,8500,102,1.5,6000,0,0,0,0,0,30,0,30,35,33.9,0,0
2026-08-07T17:35:09.590000+09:00,2026-08-07T08:35:09.590000+00:00,094623,0.0,2,0,0,0,0,13354,0,13354,0,0,0,0,4623,-24512,10330,0,256,0,161,0,0,0,0,2,0,0,0,2056,31082107,2018,0.1,0,0,0,32.8,33.2,32.4,31.5,31.8,32.5,31.1,31.2,31.3,31.8,30,360957,1065,0,0,0,0,0,0,0,60,-0.79,12164026,72301,0,3404.94,0,1200,400,720,240,4200,7500,8500,102,1.5,6000,0,0,0,0,0,30,0,30,35,33.9,0,0
2026-08-07T17:36:09.686000+09:00,2026-08-07T08:36:09.686000+00:00,094623,0.0,2,0,0,0,0,13354,0,13354,0,0,0,0,4623,-24512,10330,0,256,0,161,0,0,0,0,2,0,0,0,2056,31082107,2018,0.1,0,0,0,32.8,33.2,32.4,31.5,31.8,32.5,31.1,31.2,31.3,31.8,30,360957,1065,0,0,0,0,0,0,0,60,-0.8,12164026,72302,0,3404.94,0,1200,400,720,240,4200,7500,8500,102,1.5,6000,0,0,0,0,0,30,0,30,35,33.9,0,0
2026-08-07T17:37:09.782000+09:00,2026-08-07T08:37:09.782000+00:00,094623,0.0,2,0,0,0,0,13354,0,13354,0,0,0,0,4623,-24512,10330,0,256,0,161,0,0,0,0,2,0,0,0,2056,31082107,2018,0.1,0,0,0,32.7,33.2,32.3,31.5,31.8,32.5,31.1,31.2,31.3,31.8,30,360957,1065,0,0,0,0,0,0,0,60,-0.79,12164026,72302,0,3404.94,0,1200,400,720,240,4200,7500,8500,102,1.5,6000,0,0,0,0,0,30,0,30,35,33.9,0,0
2026-08-07T17:38:09.874000+09:00,2026-08-07T08:38:09.874000+00:00,094623,0.0,2,0,0,0,0,13354,0,13354,0,0,0,0,4623,-24512,10330,0,256,0,161,0,0,0,0,2,0,0,0,2056,31082107,2018,0.1,0,0,0,32.7,33.2,32.3,31.5,31.7,32.5,31.1,31.1,31.3,31.7,30,360957,1065,0,0,0,0,0,0,0,60,-0.79,12164026,72302,0,3404.94,0,1200,400,720,240,4200,7500,8500,102,1.5,6000,0,0,0,0,0,30,0,30,35,33.9,0,0
2026-08-07T17:39:09.958000+09:00,2026-08-07T08:39:09.958000+00:00,094623,0.0,2,0,0,0,0,13354,0,13354,0,0,0,0,4623,-24512,10330,0,256,0,161,0,0,0,0,2,0,0,0,2056,31082107,2018,0.1,0,0,0,32.7,33.2,32.3,31.5,31.7,32.5,31.1,31.1,31.3,31.7,30,360957,1065,0,0,0,0,0,0,0,60,-0.79,12164026,72302,0,3404.94,0,1200,400,720,240,4200,7500,8500,102,1.5,6000,0,0,0,0,0,30,0,30,35,33.9,0,0
2026-08-07T17:40:10.053000+09:00,2026-08-07T08:40:10.053000+00:00,094623,0.0,2,0,0,0,0,13354,0,13354,0,0,0,0,4623,-24512,10330,0,256,0,161,0,0,0,0,2,0,0,0,2056,31082107,2018,0.1,0,0,0,32.7,33.2,32.3,31.5,31.7,32.4,31,31.1,31.2,31.7,30,360957,1065,0,0,0,0,0,0,0,60,-0.78,12164026,72302,0,3404.94,0,1200,400,720,240,4200,7500,8500,102,1.5,6000,0,0,0,0,0,30,0,30,35,33.9,0,0
2026-08-07T17:41:10.143000+09:00,2026-08-07T08:41:10.143000+00:00,094623,0.0,2,0,0,0,0,13354,0,13354,0,0,0,0,4623,-24512,10330,0,256,0,161,0,0,0,0,2,0,0,0,2056,31082107,2018,0.1,0,0,0,32.7,33.2,32.3,31.5,31.7,32.4,31,31.1,31.2,31.7,30,360957,1065,0,0,0,0,0,0,0,60,-0.78,12164026,72302,0,3404.94,0,1200,400,720,240,4200,7500,8500,102,1.5,6000,0,0,0,0,0,30,0,30,35,33.9,0,0
2026-08-07T17:42:10.241000+09:00,2026-08-07T08:42:10.241000+00:00,094623,0.0,2,0,0,0,0,13354,0,13354,0,0,0,0,4623,-24512,10330,0,256,0,161,0,0,0,0,2,0,0,0,2056,31082107,2018,0.1,0,0,0,32.7,33.1,32.2,31.5,31.7,32.4,31,31.1,31.2,31.7,30,360957,1065,0,0,0,0,0,0,0,60,-0.78,12164026,72302,0,3404.94,0,1200,400,720,240,4200,7500,8500,102,1.5,6000,0,0,0,0,0,30,0,30,35,33.9,0,0
2026-08-07T17:43:10.349000+09:00,2026-08-07T08:43:10.349000+00:00,094623,0.0,2,0,0,0,0,13354,0,13354,0,0,0,0,4623,-24512,10330,0,256,0,161,0,0,0,0,2,0,0,0,2056,31082107,2018,0.1,0,0,0,32.7,33.1,32.2,31.5,31.6,32.4,31,31.1,31.1,31.7,30,360957,1065,0,0,0,0,0,0,0,60,-0.78,12164026,72302,0,3404.94,0,1200,400,720,240,4200,7500,8500,102,1.5,6000,0,0,0,0,0,30,0,30,35,33.9,0,0
2026-08-07T17:44:10.438000+09:00,2026-08-07T08:44:10.438000+00:00,094623,0.0,2,0,0,0,0,13354,0,13354,0,0,0,0,4623,-24512,10330,0,256,0,161,0,0,0,0,2,0,0,0,2056,31082107,2018,0.1,0,0,0,32.7,33.1,32.2,31.5,31.6,32.4,31,31.1,31.1,31.6,30,360957,1065,0,0,0,0,0,0,0,60,-0.8,12164026,72303,0,3404.94,0,1200,400,720,240,4200,7500,8500,102,1.5,6000,0,0,0,0,0,30,0,30,35,33.9,0,0
2026-08-07T17:45:10.540000+09:00,2026-08-07T08:45:10.540000+00:00,094623,0.0,2,0,0,0,0,13354,0,13354,0,0,0,0,4623,-24512,10330,0,256,0,161,0,0,0,0,2,0,0,0,2056,31082107,2018,0.1,0,0,0,32.7,33.1,32.2,31.5,31.6,32.4,31,31.1,31.1,31.6,30.1,360957,1065,0,0,0,0,0,0,0,60,-0.81,12164026,72303,0,3404.94,0,1200,400,720,240,4200,7500,8500,102,1.5,6000,0,0,0,0,0,30,0,30,35,33.9,0,0
2026-08-07T17:46:10.624000+09:00,2026-08-07T08:46:10.624000+00:00,094623,0.0,2,0,0,0,0,13354,0,13354,0,0,0,0,4623,-24512,10330,0,256,0,161,0,0,0,0,2,0,0,0,2056,31082107,2018,0.1,0,0,0,32.6,33.1,32.2,31.5,31.6,32.4,31,31,31.1,31.6,30,360957,1065,0,0,0,0,0,0,0,60,-0.79,12164026,72303,0,3404.94,0,1200,400,720,240,4200,7500,8500,102,1.5,6000,0,0,0,0,0,30,0,30,35,33.9,0,0
2026-08-07T17:47:10.710000+09:00,2026-08-07T08:47:10.710000+00:00,094623,0.0,2,0,0,0,0,13354,0,13354,0,0,0,0,4623,-24512,10330,0,256,0,161,0,0,0,0,2,0,0,0,2056,31082107,2018,0.1,0,0,0,32.6,33.1,32.2,31.4,31.6,32.3,31,31,31.1,31.6,30.1,360957,1065,0,0,0,0,0,0,0,60,-0.8,12164026,72303,0,3404.94,0,1200,400,720,240,4200,7500,8500,102,1.5,6000,0,0,0,0,0,30,0,30,35,33.9,0,0
2026-08-07T17:48:10.863000+09:00,2026-08-07T08:48:10.863000+00:00,094623,0.0,2,0,0,0,0,13354,0,13354,0,0,0,0,4623,-24512,10330,0,256,0,161,0,0,0,0,2,0,0,0,2056,31082107,2018,0.1,0,0,0,32.6,33.1,32.1,31.4,31.6,32.3,30.9,31,31.1,31.6,30,360957,1065,0,0,0,0,0,0,0,60,-0.81,12164026,72303,0,3404.94,0,1200,400,720,240,4200,7500,8500,102,1.5,6000,0,0,0,0,0,30,0,30,35,33.9,0,0
2026-08-07T17:49:10.914000+09:00,2026-08-07T08:49:10.914000+00:00,094623,0.0,2,0,0,0,0,13354,0,13354,0,0,0,0,4623,-24512,10330,0,256,0,161,0,0,0,0,2,0,0,0,2056,31082107,2018,0.1,0,0,0,32.6,33.1,32.1,31.4,31.6,32.3,31,31,31.1,31.6,30,360957,1065,0,0,0,0,0,0,0,60,-0.79,12164026,72303,0,3404.94,0,1200,400,720,240,4200,7500,8500,102,1.5,6000,0,0,0,0,0,30,0,30,35,33.9,0,0
2026-08-07T17:50:11.045000+09:00,2026-08-07T08:50:11.045000+00:00,094623,0.0,2,0,0,0,0,13354,0,13354,0,0,0,0,4623,-24512,10330,0,256,0,161,0,0,0,0,2,0,0,0,2056,31082107,2018,0.1,0,0,0,32.6,33.1,32.1,31.4,31.5,32.3,30.9,31,31,31.5,30.1,360957,1065,0,0,0,0,0,0,0,60,-0.8,12164026,72303,0,3404.94,0,1200,400,720,240,4200,7500,8500,102,1.5,6000,0,0,0,0,0,30,0,30,35,33.9,0,0
2026-08-07T17:51:11.134000+09:00,2026-08-07T08:51:11.134000+00:00,094623,0.0,2,0,0,0,0,13354,0,13354,0,0,0,0,4623,-24512,10330,0,256,0,161,0,0,0,0,2,0,0,0,2056,31082107,2018,0.1,0,0,0,32.6,33.1,32.1,31.4,31.5,32.3,30.9,31,31,31.5,30,360957,1065,0,0,0,0,0,0,0,60,-0.8,12164026,72304,0,3404.94,0,1200,400,720,240,4200,7500,8500,102,1.5,6000,0,0,0,0,0,30,0,30,35,33.9,0,0
2026-08-07T17:52:11.255000+09:00,2026-08-07T08:52:11.255000+00:00,094623,0.0,2,0,0,0,0,13354,0,13354,0,0,0,0,4623,-24512,10330,0,256,0,161,0,0,0,0,2,0,0,0,2056,31082107,2018,0.1,0,0,0,32.6,33.1,32.1,31.4,31.5,32.3,30.9,31,31,31.5,30.1,360957,1065,0,0,0,0,0,0,0,60,-0.8,12164026,72304,0,3404.94,0,1200,400,720,240,4200,7500,8500,102,1.5,6000,0,0,0,0,0,30,0,30,35,33.9,0,0
2026-08-07T17:53:11.339000+09:00,2026-08-07T08:53:11.339000+00:00,094623,0.0,2,0,0,0,0,13354,0,13354,0,0,0,0,4623,-24512,10330,0,256,0,161,0,0,0,0,2,0,0,0,2056,31082107,2018,0.1,0,0,0,32.5,33,32.1,31.4,31.5,32.3,30.9,31,31,31.5,30.1,360957,1065,0,0,0,0,0,0,0,60,-0.8,12164026,72304,0,3404.94,0,1200,400,720,240,4200,7500,8500,102,1.5,6000,0,0,0,0,0,30,0,30,35,33.9,0,0
2026-08-07T17:54:11.451000+09:00,2026-08-07T08:54:11.451000+00:00,094623,0.0,2,0,0,0,0,13354,0,13354,0,0,0,0,4623,-24512,10330,0,256,0,161,0,0,0,0,2,0,0,0,2056,31082107,2018,0.1,0,0,0,32.5,33,32.1,31.4,31.5,32.3,30.9,31,31,31.5,30.1,360957,1065,0,0,0,0,0,0,0,60,-0.81,12164026,72304,0,3404.94,0,1200,400,720,240,4200,7500,8500,102,1.5,6000,0,0,0,0,0,30,0,30,35,33.9,0,0
2026-08-07T17:55:11.544000+09:00,2026-08-07T08:55:11.544000+00:00,094623,0.0,2,0,0,0,0,13354,0,13354,0,0,0,0,4623,-24512,10330,0,256,0,161,0,0,0,0,2,0,0,0,2056,31082107,2018,0.1,0,0,0,32.5,33,32,31.4,31.5,32.3,30.9,31,31,31.5,30.1,360957,1065,0,0,0,0,0,0,0,60,-0.8,12164026,72304,0,3404.94,0,1200,400,720,240,4200,7500,8500,102,1.5,6000,0,0,0,0,0,30,0,30,35,33.9,0,0
2026-08-07T17:56:11.645000+09:00,2026-08-07T08:56:11.645000+00:00,094623,0.0,2,0,0,0,0,13354,0,13354,0,0,0,0,4623,-24512,10330,0,256,0,161,0,0,0,0,2,0,0,0,2056,31082107,2018,0.1,0,0,0,32.5,33,32,31.4,31.5,32.2,30.9,30.9,31,31.5,30.1,360957,1065,0,0,0,0,0,0,0,60,-0.79,12164026,72304,0,3404.94,0,1200,400,720,240,4200,7500,8500,102,1.5,6000,0,0,0,0,0,30,0,30,35,33.8,0,0
2026-08-07T17:57:11.737000+09:00,2026-08-07T08:57:11.737000+00:00,094623,0.0,2,0,0,0,0,13354,0,13354,0,0,0,0,4623,-24512,10330,0,256,0,161,0,0,0,0,2,0,0,0,2056,31082107,2018,0.1,0,0,0,32.5,33,32,31.4,31.5,32.2,30.9,30.9,31,31.4,30.1,360957,1065,0,0,0,0,0,0,0,60,-0.79,12164026,72304,0,3404.94,0,1200,400,720,240,4200,7500,8500,102,1.5,6000,0,0,0,0,0,30,0,30,35,33.9,0,0
2026-08-07T17:58:11.843000+09:00,2026-08-07T08:58:11.843000+00:00,094623,0.0,2,0,0,0,0,13354,0,13354,0,0,0,0,4623,-24512,10330,0,256,0,161,0,0,0,0,2,0,0,0,2056,31082107,2018,0.1,0,0,0,32.5,33,32,31.4,31.5,32.2,30.9,30.9,31,31.4,30.1,360957,1065,0,0,0,0,0,0,0,60,-0.79,12164026,72304,0,3404.94,0,1200,400,720,240,4200,7500,8500,102,1.5,6000,0,0,0,0,0,30,0,30,35,33.9,0,0
2026-08-07T17:59:11.928000+09:00,2026-08-07T08:59:11.928000+00:00,094623,0.0,2,0,0,0,0,13354,0,13354,0,0,0,0,4623,-24512,10330,0,256,0,161,0,0,0,0,2,0,0,0,2056,31082107,2018,0.1,0,0,0,32.5,33,32,31.3,31.5,32.2,30.8,30.9,30.9,31.4,30.1,360957,1065,0,0,0,0,0,0,0,60,-0.81,12164026,72305,0,3404.94,0,1200,400,720,240,4200,7500,8500,102,1.5,6000,0,0,0,0,0,30,0,30,35,33.9,0,0
2026-08-07T18:00:12.027000+09:00,2026-08-07T09:00:12.027000+00:00,094623,0.0,2,0,0,0,0,13354,0,13354,0,0,0,0,4623,-24512,10330,0,256,0,161,0,0,0,0,2,0,0,0,2056,31082107,2018,0.1,0,0,0,32.5,33,32,31.3,31.5,32.2,30.8,30.9,30.9,31.4,30.1,360957,1065,0,0,0,0,0,0,0,60,-0.79,12164026,72305,0,3404.94,0,1200,400,720,240,4200,7500,8500,102,1.5,6000,0,0,0,0,0,30,0,30,35,33.8,0,0
2026-08-07T18:01:12.117000+09:00,2026-08-07T09:01:12.117000+00:00,094623,0.0,2,0,0,0,0,13354,0,13354,0,0,0,0,4623,-24512,10330,0,256,0,161,0,0,0,0,2,0,0,0,2056,31082107,2018,0.1,0,0,0,32.5,33,32,31.2,31.5,32.2,30.8,30.8,30.9,31.4,30.1,360957,1065,0,0,0,0,0,0,0,60,-0.81,12164026,72305,0,3404.94,0,1200,400,720,240,4200,7500,8500,102,1.5,6000,0,0,0,0,0,30,0,30,35,33.9,0,0
2026-08-07T18:02:12.216000+09:00,2026-08-07T09:02:12.216000+00:00,094623,0.0,2,0,0,0,0,13354,0,13354,0,0,0,0,4623,-24512,10330,0,256,0,161,0,0,0,0,2,0,0,0,2056,31082107,2018,0.1,0,0,0,32.4,33,31.9,31.2,31.4,32.2,30.8,30.8,30.9,31.4,30.1,360957,1065,0,0,0,0,0,0,0,60,-0.79,12164026,72305,0,3404.94,0,1200,400,720,240,4200,7500,8500,102,1.5,6000,0,0,0,0,0,30,0,30,35,33.9,0,0
2026-08-07T18:03:12.317000+09:00,2026-08-07T09:03:12.317000+00:00,094623,0.0,2,0,0,0,0,13354,0,13354,0,0,0,0,4623,-24512,10330,0,256,0,161,0,0,0,0,2,0,0,0,2056,31082107,2018,0.1,0,0,0,32.4,32.9,31.9,31.2,31.4,32.2,30.8,30.8,30.9,31.3,30.1,360957,1065,0,0,0,0,0,0,0,60,-0.8,12164026,72305,0,3404.94,0,1200,400,720,240,4200,7500,8500,102,1.5,6000,0,0,0,0,0,30,0,30,35,33.9,0,0
2026-08-07T18:04:12.405000+09:00,2026-08-07T09:04:12.405000+00:00,094623,0.0,2,0,0,0,0,13354,0,13354,0,0,0,0,4623,-24512,10330,0,256,0,161,0,0,0,0,2,0,0,0,2056,31082107,2018,0.1,0,0,0,32.4,32.9,31.9,31.1,31.4,32.2,30.7,30.8,30.9,31.3,30.1,360957,1065,0,0,0,0,0,0,0,60,-0.8,12164026,72305,0,3404.94,0,1200,400,720,240,4200,7500,8500,102,1.5,6000,0,0,0,0,0,30,0,30,35,33.9,0,0
2026-08-07T18:05:12.515000+09:00,2026-08-07T09:05:12.515000+00:00,094623,0.0,2,0,0,0,0,13354,0,13354,0,0,0,0,4623,-24512,10330,0,256,0,161,0,0,0,0,2,0,0,0,2056,31082107,2018,0.1,0,0,0,32.4,32.9,31.9,31.1,31.4,32.1,30.7,30.8,30.9,31.3,30.1,360957,1065,0,0,0,0,0,0,0,60,-0.79,12164026,72305,0,3404.94,0,1200,400,720,240,4200,7500,8500,102,1.5,6000,0,0,0,0,0,30,0,30,35,33.9,0,0
2026-08-07T18:06:12.606000+09:00,2026-08-07T09:06:12.606000+00:00,094623,0.0,2,0,0,0,0,13354,0,13354,0,0,0,0,4623,-24512,10330,0,256,0,161,0,0,0,0,2,0,0,0,2056,31082107,2018,0.1,0,0,0,32.4,32.9,31.9,31.1,31.4,32.1,30.7,30.8,30.8,31.3,30.1,360957,1065,0,0,0,0,0,0,0,60,-0.79,12164026,72306,0,3404.94,0,1200,400,720,240,4200,7500,8500,102,1.5,6000,0,0,0,0,0,30,0,30,35,33.8,0,0
2026-08-07T18:07:12.706000+09:00,2026-08-07T09:07:12.706000+00:00,094623,0.0,2,0,0,0,0,13354,0,13354,0,0,0,0,4623,-24512,10330,0,256,0,161,0,0,0,0,2,0,0,0,2056,31082107,2018,0.1,0,0,0,32.4,32.9,31.9,31,31.4,32.1,30.7,30.8,30.8,31.3,30.1,360957,1065,0,0,0,0,0,0,0,60,-0.79,12164026,72306,0,3404.94,0,1200,400,720,240,4200,7500,8500,102,1.5,6000,0,0,0,0,0,30,0,30,35,33.8,0,0
2026-08-07T18:08:12.797000+09:00,2026-08-07T09:08:12.797000+00:00,094623,0.0,2,0,0,0,0,13354,0,13354,0,0,0,0,4623,-24512,10330,0,256,0,161,0,0,0,0,2,0,0,0,2056,31082107,2018,0.1,0,0,0,32.4,32.9,31.8,31,31.3,32.1,30.7,30.8,30.8,31.3,30.1,360957,1065,0,0,0,0,0,0,0,60,-0.79,12164026,72306,0,3404.94,0,1200,400,720,240,4200,7500,8500,102,1.5,6000,0,0,0,0,0,30,0,30,35,33.8,0,0
2026-08-07T18:09:12.894000+09:00,2026-08-07T09:09:12.894000+00:00,094623,0.0,2,0,0,0,0,13354,0,13354,0,0,0,0,4623,-24512,10330,0,256,0,161,0,0,0,0,2,0,0,0,2056,31082107,2018,0.1,0,0,0,32.4,32.9,31.8,31,31.3,32.1,30.7,30.8,30.8,31.3,30.1,360957,1065,0,0,0,0,0,0,0,60,-0.79,12164026,72306,0,3404.94,0,1200,400,720,240,4200,7500,8500,102,1.5,6000,0,0,0,0,0,30,0,30,35,33.8,0,0
2026-08-07T18:10:12.984000+09:00,2026-08-07T09:10:12.984000+00:00,094623,0.0,2,0,0,0,0,13354,0,13354,0,0,0,0,4623,-24512,10330,0,256,0,161,0,0,0,0,2,0,0,0,2056,31082107,2018,0.1,0,0,0,32.3,32.9,31.8,31,31.3,32.1,30.6,30.7,30.8,31.2,30.1,360957,1065,0,0,0,0,0,0,0,60,-0.79,12164026,72306,0,3404.94,0,1200,400,720,240,4200,7500,8500,102,1.5,6000,0,0,0,0,0,30,0,30,35,33.8,0,0
2026-08-07T18:11:13.081000+09:00,2026-08-07T09:11:13.081000+00:00,094623,0.0,2,0,0,0,0,13354,0,13354,0,0,0,0,4623,-24512,10330,0,256,0,161,0,0,0,0,2,0,0,0,2056,31082107,2018,0.1,0,0,0,32.3,32.9,31.8,30.9,31.2,32,30.6,30.7,30.8,31.2,30.2,360957,1065,0,0,0,0,0,0,0,60,-0.8,12164026,72306,0,3404.94,0,1200,400,720,240,4200,7500,8500,102,1.5,6000,0,0,0,0,0,30,0,30,35,33.8,0,0
2026-08-07T18:12:13.181000+09:00,2026-08-07T09:12:13.181000+00:00,094623,0.0,2,0,0,0,0,13354,0,13354,0,0,0,0,4623,-24512,10330,0,256,0,161,0,0,0,0,2,0,0,0,2056,31082107,2018,0.1,0,0,0,32.3,32.9,31.7,30.9,31.2,32,30.5,30.7,30.7,31.2,30.1,360957,1065,0,0,0,0,0,0,0,60,-0.79,12164026,72306,0,3404.94,0,1200,400,720,240,4200,7500,8500,102,1.5,6000,0,0,0,0,0,30,0,30,35,33.8,0,0
2026-08-07T18:13:13.303000+09:00,2026-08-07T09:13:13.303000+00:00,094623,0.0,2,0,0,0,0,13354,0,13354,0,0,0,0,4623,-24512,10330,0,256,0,161,0,0,0,0,2,0,0,0,2056,31082107,2018,0.1,0,0,0,32.3,32.8,31.7,30.9,31.2,32,30.5,30.7,30.7,31.2,30.1,360957,1065,0,0,0,0,0,0,0,60,-0.8,12164026,72306,0,3404.94,0,1200,400,720,240,4200,7500,8500,102,1.5,6000,0,0,0,0,0,30,0,30,35,33.8,0,0
2026-08-07T18:14:13.408000+09:00,2026-08-07T09:14:13.408000+00:00,094623,0.0,2,0,0,0,0,13354,0,13354,0,0,0,0,4623,-24512,10330,0,256,0,161,0,0,0,0,2,0,0,0,2056,31082107,2018,0.1,0,0,0,32.3,32.8,31.7,30.9,31.2,32,30.5,30.7,30.7,31.2,30.1,360957,1065,0,0,0,0,0,0,0,60,-0.79,12164026,72307,0,3404.94,0,1200,400,720,240,4200,7500,8500,102,1.5,6000,0,0,0,0,0,30,0,30,35,33.8,0,0
2026-08-07T18:15:13.501000+09:00,2026-08-07T09:15:13.501000+00:00,094623,0.0,2,0,0,0,0,13354,0,13354,0,0,0,0,4623,-24512,10330,0,256,0,161,0,0,0,0,2,0,0,0,2056,31082107,2018,0.1,0,0,0,32.3,32.8,31.7,30.9,31.2,32,30.5,30.7,30.7,31.2,30.1,360957,1065,0,0,0,0,0,0,0,60,-0.79,12164026,72307,0,3404.94,0,1200,400,720,240,4200,7500,8500,102,1.5,6000,0,0,0,0,0,30,0,30,35,33.8,0,0
2026-08-07T18:16:13.617000+09:00,2026-08-07T09:16:13.617000+00:00,094623,0.0,2,0,0,0,0,13354,0,13354,0,0,0,0,4623,-24512,10330,0,256,0,161,0,0,0,0,2,0,0,0,2056,31082107,2018,0.1,0,0,0,32.3,32.8,31.7,30.9,31.1,32,30.5,30.6,30.7,31.2,30.2,360957,1065,0,0,0,0,0,0,0,60,-0.81,12164026,72307,0,3404.94,0,1200,400,720,240,4200,7500,8500,102,1.5,6000,0,0,0,0,0,30,0,30,35,33.8,0,0
2026-08-07T18:17:13.732000+09:00,2026-08-07T09:17:13.732000+00:00,094623,0.0,2,0,0,0,0,13354,0,13354,0,0,0,0,4623,-24512,10330,0,256,0,161,0,0,0,0,2,0,0,0,2056,31082107,2018,0.1,0,0,0,32.2,32.8,31.7,30.9,31.1,32,30.5,30.6,30.7,31.1,30.2,360957,1065,0,0,0,0,0,0,0,60,-0.81,12164026,72307,0,3404.94,0,1200,400,720,240,4200,7500,8500,102,1.5,6000,0,0,0,0,0,30,0,30,35,33.8,0,0
2026-08-07T18:18:13.830000+09:00,2026-08-07T09:18:13.830000+00:00,094623,0.0,2,0,0,0,0,13354,0,13354,0,0,0,0,4623,-24512,10330,0,256,0,161,0,0,0,0,2,0,0,0,2056,31082107,2018,0.1,0,0,0,32.2,32.8,31.6,30.9,31.1,32,30.5,30.6,30.6,31.1,30.2,360957,1065,0,0,0,0,0,0,0,60,-0.8,12164026,72307,0,3404.94,0,1200,400,720,240,4200,7500,8500,102,1.5,6000,0,0,0,0,0,30,0,30,35,33.8,0,0
2026-08-07T18:19:13.918000+09:00,2026-08-07T09:19:13.918000+00:00,094623,0.0,2,0,0,0,0,13354,0,13354,0,0,0,0,4623,-24512,10330,0,256,0,161,0,0,0,0,2,0,0,0,2056,31082107,2018,0.1,0,0,0,32.2,32.8,31.6,30.9,31.1,32,30.5,30.6,30.6,31.1,30.1,360957,1065,0,0,0,0,0,0,0,60,-0.79,12164026,72307,0,3404.94,0,1200,400,720,240,4200,7500,8500,102,1.5,6000,0,0,0,0,0,30,0,30,35,33.8,0,0
2026-08-07T18:20:14.012000+09:00,2026-08-07T09:20:14.012000+00:00,094623,0.0,2,0,0,0,0,13354,0,13354,0,0,0,0,4623,-24512,10330,0,256,0,161,0,0,0,0,2,0,0,0,2056,31082107,2018,0.1,0,0,0,32.2,32.8,31.6,30.9,31.1,31.9,30.5,30.6,30.6,31.1,30.1,360957,1065,0,0,0,0,0,0,0,60,-0.81,12164026,72307,0,3404.94,0,1200,400,720,240,4200,7500,8500,102,1.5,6000,0,0,0,0,0,30,0,30,35,33.8,0,0
2026-08-07T18:21:14.109000+09:00,2026-08-07T09:21:14.109000+00:00,094623,0.0,2,0,0,0,0,13354,0,13354,0,0,0,0,4623,-24512,10330,0,256,0,161,0,0,0,0,2,0,0,0,2056,31082107,2018,0.1,0,0,0,32.2,32.7,31.6,30.9,31.1,31.9,30.4,30.6,30.6,31.1,30.2,360957,1065,0,0,0,0,0,0,0,60,-0.79,12164026,72308,0,3404.94,0,1200,400,720,240,4200,7500,8500,102,1.5,6000,0,0,0,0,0,30,0,30,35,33.8,0,0
2026-08-07T18:22:14.195000+09:00,2026-08-07T09:22:14.195000+00:00,094623,0.0,2,0,0,0,0,13354,0,13354,0,0,0,0,4623,-24512,10330,0,256,0,161,0,0,0,0,2,0,0,0,2056,31082107,2018,0.1,0,0,0,32.2,32.7,31.6,30.9,31.1,31.9,30.4,30.6,30.6,31.1,30.2,360957,1065,0,0,0,0,0,0,0,60,-0.8,12164026,72308,0,3404.94,0,1200,400,720,240,4200,7500,8500,102,1.5,6000,0,0,0,0,0,30,0,30,35,33.8,0,0
2026-08-07T18:23:14.297000+09:00,2026-08-07T09:23:14.297000+00:00,094623,0.0,2,0,0,0,0,13354,0,13354,0,0,0,0,4623,-24512,10330,0,256,0,161,0,0,0,0,2,0,0,0,2056,31082107,2018,0.1,0,0,0,32.2,32.7,31.6,30.8,31.1,31.9,30.4,30.5,30.6,31,30.2,360957,1065,0,0,0,0,0,0,0,60,-0.79,12164026,72308,0,3404.94,0,1200,400,720,240,4200,7500,8500,102,1.5,6000,0,0,0,0,0,30,0,30,35,33.8,0,0
2026-08-07T18:24:14.389000+09:00,2026-08-07T09:24:14.389000+00:00,094623,0.0,2,0,0,0,0,13354,0,13354,0,0,0,0,4623,-24512,10330,0,256,0,161,0,0,0,0,2,0,0,0,2056,31082107,2018,0.1,0,0,0,32.2,32.7,31.6,30.8,31,31.9,30.4,30.5,30.5,31,30.2,360957,1065,0,0,0,0,0,0,0,60,-0.8,12164026,72308,0,3404.94,0,1200,400,720,240,4200,7500,8500,102,1.5,6000,0,0,0,0,0,30,0,30,35,33.7,0,0
2026-08-07T18:25:14.538000+09:00,2026-08-07T09:25:14.538000+00:00,094623,0.0,2,0,0,0,0,13354,0,13354,0,0,0,0,4623,-24512,10330,0,256,0,161,0,0,0,0,2,0,0,0,2056,31082107,2018,0.1,0,0,0,32.1,32.7,31.5,30.8,31,31.9,30.4,30.5,30.5,31,30.2,360957,1065,0,0,0,0,0,0,0,60,-0.79,12164026,72308,0,3404.94,0,1200,400,720,240,4200,7500,8500,102,1.5,6000,0,0,0,0,0,30,0,30,35,33.7,0,0
2026-08-07T18:26:14.606000+09:00,2026-08-07T09:26:14.606000+00:00,094623,0.0,2,0,0,0,0,13354,0,13354,0,0,0,0,4623,-24512,10330,0,256,0,161,0,0,0,0,2,0,0,0,2056,31082107,2018,0.1,0,0,0,32.1,32.7,31.5,30.8,31,31.9,30.4,30.5,30.5,31,30.2,360957,1065,0,0,0,0,0,0,0,60,-0.79,12164026,72308,0,3404.94,0,1200,400,720,240,4200,7500,8500,102,1.5,6000,0,0,0,0,0,30,0,30,35,33.7,0,0
2026-08-07T18:27:14.700000+09:00,2026-08-07T09:27:14.700000+00:00,094623,0.0,2,0,0,0,0,13354,0,13354,0,0,0,0,4623,-24512,10330,0,256,0,161,0,0,0,0,2,0,0,0,2056,31082107,2018,0.1,0,0,0,32.1,32.7,31.5,30.8,31,31.9,30.4,30.5,30.5,31,30.2,360957,1065,0,0,0,0,0,0,0,60,-0.79,12164026,72308,0,3404.94,0,1200,400,720,240,4200,7500,8500,102,1.5,6000,0,0,0,0,0,30,0,30,35,33.7,0,0
2026-08-07T18:28:14.798000+09:00,2026-08-07T09:28:14.798000+00:00,094623,0.0,2,0,0,0,0,13354,0,13354,0,0,0,0,4623,-24512,10330,0,256,0,161,0,0,0,0,2,0,0,0,2056,31082107,2018,0.1,0,0,0,32.1,32.7,31.5,30.7,31,31.9,30.4,30.5,30.5,31,30.3,360957,1065,0,0,0,0,0,0,0,60,-0.8,12164026,72308,0,3404.94,0,1200,400,720,240,4200,7500,8500,102,1.5,6000,0,0,0,0,0,30,0,30,35,33.7,0,0
2026-08-07T18:29:14.887000+09:00,2026-08-07T09:29:14.887000+00:00,094623,0.0,2,0,0,0,0,13354,0,13354,0,0,0,0,4623,-24512,10330,0,256,0,161,0,0,0,0,2,0,0,0,2056,31082107,2018,0.1,0,0,0,32.1,32.7,31.5,30.7,31,31.9,30.3,30.5,30.5,31,30.2,360957,1065,0,0,0,0,0,0,0,60,-0.79,12164026,72309,0,3404.94,0,1200,400,720,240,4200,7500,8500,102,1.5,6000,0,0,0,0,0,30,0,30,35,33.7,0,0
2026-08-07T18:30:14.997000+09:00,2026-08-07T09:30:14.997000+00:00,094623,0.0,2,0,0,0,0,13354,0,13354,0,0,0,0,4623,-24512,10330,0,256,0,161,0,0,0,0,2,0,0,0,2056,31082107,2018,0.1,0,0,0,32.1,32.7,31.5,30.7,30.9,31.8,30.3,30.4,30.5,31,30.3,360957,1065,0,0,0,0,0,0,0,60,-0.79,12164026,72309,0,3404.94,0,1200,400,720,240,4200,7500,8500,102,1.5,6000,0,0,0,0,0,30,0,30,35,33.7,0,0
2026-08-07T18:31:15.097000+09:00,2026-08-07T09:31:15.097000+00:00,094623,0.0,2,0,0,0,0,13354,0,13354,0,0,0,0,4623,-24512,10330,0,256,0,161,0,0,0,0,2,0,0,0,2056,31082107,2018,0.1,0,0,0,32.1,32.6,31.4,30.7,30.9,31.8,30.3,30.4,30.4,30.9,30.2,360957,1065,0,0,0,0,0,0,0,60,-0.79,12164026,72309,0,3404.94,0,1200,400,720,240,4200,7500,8500,102,1.5,6000,0,0,0,0,0,30,0,30,35,33.7,0,0
2026-08-07T18:32:15.266000+09:00,2026-08-07T09:32:15.266000+00:00,094623,0.0,2,0,0,0,0,13354,0,13354,0,0,0,0,4623,-24512,10330,0,256,0,161,0,0,0,0,2,0,0,0,2056,31082107,2018,0.1,0,0,0,32.1,32.6,31.4,30.7,30.9,31.8,30.3,30.4,30.5,30.9,30.2,360957,1065,0,0,0,0,0,0,0,60,-0.79,12164026,72309,0,3404.94,0,1200,400,720,240,4200,7500,8500,102,1.5,6000,0,0,0,0,0,30,0,30,35,33.7,0,0
2026-08-07T18:33:15.314000+09:00,2026-08-07T09:33:15.314000+00:00,094623,0.0,2,0,0,0,0,13354,0,13354,0,0,0,0,4623,-24512,10330,0,256,0,161,0,0,0,0,2,0,0,0,2056,31082107,2018,0.1,0,0,0,32,32.6,31.4,30.7,30.9,31.8,30.3,30.4,30.4,30.9,30.3,360957,1065,0,0,0,0,0,0,0,60,-0.79,12164026,72309,0,3404.94,0,1200,400,720,240,4200,7500,8500,102,1.5,6000,0,0,0,0,0,30,0,30,35,33.7,0,0
2026-08-07T18:34:15.414000+09:00,2026-08-07T09:34:15.414000+00:00,094623,0.0,2,0,0,0,0,13354,0,13354,0,0,0,0,4623,-24512,10330,0,256,0,161,0,0,0,0,2,0,0,0,2056,31082107,2018,0.1,0,0,0,32,32.6,31.4,30.7,30.9,31.8,30.3,30.4,30.4,30.9,30.2,360957,1065,0,0,0,0,0,0,0,60,-0.79,12164026,72309,0,3404.94,0,1200,400,720,240,4200,7500,8500,102,1.5,6000,0,0,0,0,0,30,0,30,35,33.7,0,0
2026-08-07T18:35:15.517000+09:00,2026-08-07T09:35:15.517000+00:00,094623,0.0,2,0,0,0,0,13354,0,13354,0,0,0,0,4623,-24512,10330,0,256,0,161,0,0,0,0,2,0,0,0,2056,31082107,2018,0.1,0,0,0,32,32.6,31.4,30.7,30.8,31.8,30.3,30.4,30.4,30.9,30.2,360957,1065,0,0,0,0,0,0,0,60,-0.8,12164026,72309,0,3404.94,0,1200,400,720,240,4200,7500,8500,102,1.5,6000,0,0,0,0,0,30,0,30,35,33.7,0,0
2026-08-07T18:36:15.607000+09:00,2026-08-07T09:36:15.607000+00:00,094623,0.0,2,0,0,0,0,13354,0,13354,0,0,0,0,4623,-24512,10330,0,256,0,161,0,0,0,0,2,0,0,0,2056,31082107,2018,0.1,0,0,0,32,32.6,31.4,30.6,30.8,31.8,30.2,30.4,30.4,30.9,30.3,360957,1065,0,0,0,0,0,0,0,60,-0.79,12164026,72310,0,3404.94,0,1200,400,720,240,4200,7500,8500,102,1.5,6000,0,0,0,0,0,30,0,30,35,33.7,0,0
2026-08-07T18:37:15.700000+09:00,2026-08-07T09:37:15.700000+00:00,094623,0.0,2,0,0,0,0,13354,0,13354,0,0,0,0,4623,-24512,10330,0,256,0,161,0,0,0,0,2,0,0,0,2056,31082107,2018,0.1,0,0,0,32,32.6,31.3,30.6,30.8,31.8,30.2,30.4,30.4,30.9,30.2,360957,1065,0,0,0,0,0,0,0,60,-0.8,12164026,72310,0,3404.94,0,1200,400,720,240,4200,7500,8500,102,1.5,6000,0,0,0,0,0,30,0,30,35,33.7,0,0
2026-08-07T18:38:15.789000+09:00,2026-08-07T09:38:15.789000+00:00,094623,0.0,2,0,0,0,0,13354,0,13354,0,0,0,0,4623,-24512,10330,0,256,0,161,0,0,0,0,2,0,0,0,2056,31082107,2018,0.1,0,0,0,32,32.6,31.3,30.6,30.8,31.7,30.2,30.4,30.3,30.8,30.3,360957,1065,0,0,0,0,0,0,0,60,-0.79,12164026,72310,0,3404.94,0,1200,400,720,240,4200,7500,8500,102,1.5,6000,0,0,0,0,0,30,0,30,35,33.6,0,0
2026-08-07T18:39:15.907000+09:00,2026-08-07T09:39:15.907000+00:00,094623,0.0,2,0,0,0,0,13354,0,13354,0,0,0,0,4623,-24512,10330,0,256,0,161,0,0,0,0,2,0,0,0,2056,31082107,2018,0.1,0,0,0,32,32.6,31.3,30.5,30.8,31.7,30.2,30.3,30.3,30.8,30.3,360957,1065,0,0,0,0,0,0,0,60,-0.79,12164026,72310,0,3404.94,0,1200,400,720,240,4200,7500,8500,102,1.5,6000,0,0,0,0,0,30,0,30,35,33.6,0,0
2026-08-07T18:40:15.991000+09:00,2026-08-07T09:40:15.991000+00:00,094623,0.0,2,0,0,0,0,13354,0,13354,0,0,0,0,4623,-24512,10330,0,256,0,161,0,0,0,0,2,0,0,0,2056,31082107,2018,0.1,0,0,0,31.9,32.6,31.3,30.5,30.8,31.7,30.2,30.3,30.3,30.8,30.3,360957,1065,0,0,0,0,0,0,0,60,-0.79,12164026,72310,0,3404.94,0,1200,400,720,240,4200,7500,8500,102,1.5,6000,0,0,0,0,0,30,0,30,35,33.6,0,0
2026-08-07T18:41:16.096000+09:00,2026-08-07T09:41:16.096000+00:00,094623,0.0,2,0,0,0,0,13354,0,13354,0,0,0,0,4623,-24512,10330,0,256,0,161,0,0,0,0,2,0,0,0,2056,31082107,2018,0.1,0,0,0,31.9,32.5,31.3,30.5,30.7,31.7,30.2,30.3,30.3,30.8,30.3,360957,1065,0,0,0,0,0,0,0,60,-0.79,12164026,72310,0,3404.94,0,1200,400,720,240,4200,7500,8500,102,1.5,6000,0,0,0,0,0,30,0,30,35,33.6,0,0
2026-08-07T18:42:16.193000+09:00,2026-08-07T09:42:16.193000+00:00,094623,0.0,2,0,0,0,0,13354,0,13354,0,0,0,0,4623,-24512,10330,0,256,0,161,0,0,0,0,2,0,0,0,2056,31082107,2018,0.1,0,0,0,31.9,32.5,31.3,30.4,30.7,31.7,30.1,30.3,30.3,30.8,30.3,360957,1065,0,0,0,0,0,0,0,60,-0.79,12164026,72310,0,3404.94,0,1200,400,720,240,4200,7500,8500,102,1.5,6000,0,0,0,0,0,30,0,30,35,33.6,0,0
2026-08-07T18:43:16.290000+09:00,2026-08-07T09:43:16.290000+00:00,094623,0.0,2,0,0,0,0,13354,0,13354,0,0,0,0,4623,-24512,10330,0,256,0,161,0,0,0,0,2,0,0,0,2056,31082107,2018,0.1,0,0,0,31.9,32.5,31.2,30.4,30.7,31.6,30.2,30.3,30.3,30.7,30.3,360957,1065,0,0,0,0,0,0,0,60,-0.79,12164026,72310,0,3404.94,0,1200,400,720,240,4200,7500,8500,102,1.5,6000,0,0,0,0,0,30,0,30,35,33.6,0,0
2026-08-07T18:44:16.433000+09:00,2026-08-07T09:44:16.433000+00:00,094623,0.0,2,0,0,0,0,13354,0,13354,0,0,0,0,4623,-24512,10330,0,256,0,161,0,0,0,0,2,0,0,0,2056,31082107,2018,0.1,0,0,0,31.9,32.5,31.2,30.4,30.6,31.7,30.1,30.3,30.2,30.7,30.3,360957,1065,0,0,0,0,0,0,0,60,-0.79,12164026,72311,0,3404.94,0,1200,400,720,240,4200,7500,8500,102,1.5,6000,0,0,0,0,0,30,0,30,35,33.7,0,0
2026-08-07T18:45:16.533000+09:00,2026-08-07T09:45:16.533000+00:00,094623,0.0,2,0,0,0,0,13354,0,13354,0,0,0,0,4623,-24512,10330,0,256,0,161,0,0,0,0,2,0,0,0,2056,31082107,2018,0.1,0,0,0,31.9,32.5,31.2,30.4,30.6,31.7,30.1,30.3,30.3,30.8,30.3,360957,1065,0,0,0,0,0,0,0,60,-0.79,12164026,72311,0,3404.94,0,1200,400,720,240,4200,7500,8500,102,1.5,6000,0,0,0,0,0,30,0,30,35,33.6,0,0
2026-08-07T18:46:16.626000+09:00,2026-08-07T09:46:16.626000+00:00,094623,0.0,2,0,0,0,0,13354,0,13354,0,0,0,0,4623,-24512,10330,0,256,0,161,0,0,0,0,2,0,0,0,2056,31082107,2018,0.1,0,0,0,31.9,32.5,31.2,30.4,30.6,31.7,30.1,30.3,30.2,30.7,30.3,360957,1065,0,0,0,0,0,0,0,60,-0.8,12164026,72311,0,3404.94,0,1200,400,720,240,4200,7500,8500,102,1.5,6000,0,0,0,0,0,30,0,30,35,33.6,0,0
2026-08-07T18:47:16.726000+09:00,2026-08-07T09:47:16.726000+00:00,094623,0.0,2,0,0,0,0,13354,0,13354,0,0,0,0,4623,-24512,10330,0,256,0,161,0,0,0,0,2,0,0,0,2056,31082107,2018,0.1,0,0,0,31.8,32.5,31.2,30.4,30.6,31.6,30,30.2,30.2,30.7,30.3,360957,1065,0,0,0,0,0,0,0,60,-0.79,12164026,72311,0,3404.94,0,1200,400,720,240,4200,7500,8500,102,1.5,6000,0,0,0,0,0,30,0,30,35,33.6,0,0
2026-08-07T18:48:16.831000+09:00,2026-08-07T09:48:16.831000+00:00,094623,0.0,2,0,0,0,0,13354,0,13354,0,0,0,0,4623,-24512,10330,0,256,0,161,0,0,0,0,2,0,0,0,2056,31082107,2018,0.1,0,0,0,31.8,32.5,31.1,30.4,30.5,31.6,30,30.2,30.1,30.7,30.4,360957,1065,0,0,0,0,0,0,0,60,-0.79,12164026,72311,0,3404.94,0,1200,400,720,240,4200,7500,8500,102,1.5,6000,0,0,0,0,0,30,0,30,35,33.6,0,0
2026-08-07T18:49:16.917000+09:00,2026-08-07T09:49:16.917000+00:00,094623,0.0,2,0,0,0,0,13354,0,13354,0,0,0,0,4623,-24512,10330,0,256,0,161,0,0,0,0,2,0,0,0,2056,31082107,2018,0.1,0,0,0,31.8,32.5,31.1,30.4,30.5,31.6,30,30.2,30.2,30.7,30.4,360957,1065,0,0,0,0,0,0,0,60,-0.8,12164026,72311,0,3404.94,0,1200,400,720,240,4200,7500,8500,102,1.5,6000,0,0,0,0,0,30,0,30,35,33.6,0,0
2026-08-07T18:50:17.038000+09:00,2026-08-07T09:50:17.038000+00:00,094623,0.0,2,0,0,0,0,13354,0,13354,0,0,0,0,4623,-24512,10330,0,256,0,161,0,0,0,0,2,0,0,0,2056,31082107,2018,0.1,0,0,0,31.8,32.4,31.1,30.3,30.5,31.6,30,30.2,30.1,30.7,30.4,360957,1065,0,0,0,0,0,0,0,60,-0.8,12164026,72311,0,3404.94,0,1200,400,720,240,4200,7500,8500,102,1.5,6000,0,0,0,0,0,30,0,30,35,33.6,0,0
2026-08-07T18:51:17.136000+09:00,2026-08-07T09:51:17.136000+00:00,094623,0.0,2,0,0,0,0,13354,0,13354,0,0,0,0,4623,-24512,10330,0,256,0,161,0,0,0,0,2,0,0,0,2056,31082107,2018,0.1,0,0,0,31.8,32.4,31.1,30.3,30.5,31.6,30.1,30.2,30.1,30.7,30.4,360957,1065,0,0,0,0,0,0,0,60,-0.79,12164026,72311,0,3404.94,0,1200,400,720,240,4200,7500,8500,102,1.5,6000,0,0,0,0,0,30,0,30,35,33.6,0,0
2026-08-07T18:52:17.239000+09:00,2026-08-07T09:52:17.239000+00:00,094623,0.0,2,0,0,0,0,13354,0,13354,0,0,0,0,4623,-24512,10330,0,256,0,161,0,0,0,0,2,0,0,0,2056,31082107,2018,0.1,0,0,0,31.8,32.4,31.1,30.3,30.5,31.6,30,30.2,30.1,30.6,30.4,360957,1065,0,0,0,0,0,0,0,60,-0.79,12164026,72312,0,3404.94,0,1200,400,720,240,4200,7500,8500,102,1.5,6000,0,0,0,0,0,30,0,30,35,33.6,0,0
2026-08-07T18:53:17.348000+09:00,2026-08-07T09:53:17.348000+00:00,094623,0.0,2,0,0,0,0,13354,0,13354,0,0,0,0,4623,-24512,10330,0,256,0,161,0,0,0,0,2,0,0,0,2056,31082107,2018,0.1,0,0,0,31.8,32.4,31.1,30.3,30.5,31.6,30,30.2,30.1,30.7,30.4,360957,1065,0,0,0,0,0,0,0,60,-0.8,12164026,72312,0,3404.94,0,1200,400,720,240,4200,7500,8500,102,1.5,6000,0,0,0,0,0,30,0,30,35,33.6,0,0
2026-08-07T18:54:17.442000+09:00,2026-08-07T09:54:17.442000+00:00,094623,0.0,2,0,0,0,0,13354,0,13354,0,0,0,0,4623,-24512,10330,0,256,0,161,0,0,0,0,2,0,0,0,2056,31082107,2018,0.1,0,0,0,31.7,32.4,31.1,30.3,30.4,31.6,30,30.2,30.1,30.6,30.4,360957,1065,0,0,0,0,0,0,0,60,-0.79,12164026,72312,0,3404.94,0,1200,400,720,240,4200,7500,8500,102,1.5,6000,0,0,0,0,0,30,0,30,35,33.6,0,0
2026-08-07T18:55:17.535000+09:00,2026-08-07T09:55:17.535000+00:00,094623,0.0,2,0,0,0,0,13354,0,13354,0,0,0,0,4623,-24512,10330,0,256,0,161,0,0,0,0,2,0,0,0,2056,31082107,2018,0.1,0,0,0,31.7,32.4,31,30.3,30.4,31.5,30,30.2,30.1,30.6,30.4,360957,1065,0,0,0,0,0,0,0,60,-0.79,12164026,72312,0,3404.94,0,1200,400,720,240,4200,7500,8500,102,1.5,6000,0,0,0,0,0,30,0,30,35,33.6,0,0
2026-08-07T18:56:17.629000+09:00,2026-08-07T09:56:17.629000+00:00,094623,0.0,2,0,0,0,0,13354,0,13354,0,0,0,0,4623,-24512,10330,0,256,0,161,0,0,0,0,2,0,0,0,2056,31082107,2018,0.1,0,0,0,31.7,32.4,31,30.3,30.4,31.5,30,30.1,30.1,30.6,30.4,360957,1065,0,0,0,0,0,0,0,60,-0.79,12164026,72312,0,3404.94,0,1200,400,720,240,4200,7500,8500,102,1.5,6000,0,0,0,0,0,30,0,30,35,33.6,0,0
2026-08-07T18:57:17.778000+09:00,2026-08-07T09:57:17.778000+00:00,094623,0.0,2,0,0,0,0,13354,0,13354,0,0,0,0,4623,-24512,10330,0,256,0,161,0,0,0,0,2,0,0,0,2056,31082107,2018,0.1,0,0,0,31.7,32.4,31,30.3,30.4,31.5,30,30.1,30.1,30.6,30.4,360957,1065,0,0,0,0,0,0,0,60,-0.79,12164026,72312,0,3404.94,0,1200,400,720,240,4200,7500,8500,102,1.5,6000,0,0,0,0,0,30,0,30,35,33.6,0,0
2026-08-07T18:58:17.880000+09:00,2026-08-07T09:58:17.880000+00:00,094623,0.0,2,0,0,0,0,13354,0,13354,0,0,0,0,4623,-24512,10330,0,256,0,161,0,0,0,0,2,0,0,0,2056,31082107,2018,0.1,0,0,0,31.7,32.4,31,30.3,30.4,31.5,30,30.1,30,30.6,30.3,360957,1065,0,0,0,0,0,0,0,60,-0.8,12164026,72312,0,3404.94,0,1200,400,720,240,4200,7500,8500,102,1.5,6000,0,0,0,0,0,30,0,30,35,33.6,0,0
2026-08-07T18:59:17.978000+09:00,2026-08-07T09:59:17.978000+00:00,094623,0.0,2,0,0,0,0,13354,0,13354,0,0,0,0,4623,-24512,10330,0,256,0,161,0,0,0,0,2,0,0,0,2056,31082107,2018,0.1,0,0,0,31.7,32.4,31,30.3,30.4,31.5,29.9,30.1,30,30.5,30.4,360957,1065,0,0,0,0,0,0,0,60,-0.8,12164026,72313,0,3404.94,0,1200,400,720,240,4200,7500,8500,102,1.5,6000,0,0,0,0,0,30,0,30,35,33.5,0,0
2026-08-07T19:00:18.086000+09:00,2026-08-07T10:00:18.086000+00:00,094623,0.0,2,0,0,0,0,13354,0,13354,0,0,0,0,4623,-24512,10330,0,256,0,161,0,0,0,0,2,0,0,0,2056,31082107,2018,0.1,0,0,0,31.7,32.4,31,30.3,30.4,31.5,30,30.1,30,30.5,30.4,360957,1065,0,0,0,0,0,0,0,60,-0.79,12164026,72313,0,3404.94,0,1200,400,720,240,4200,7500,8500,102,1.5,6000,0,0,0,0,0,30,0,30,35,33.6,0,0
2026-08-07T19:01:18.207000+09:00,2026-08-07T10:01:18.207000+00:00,094623,0.0,2,0,0,0,0,13354,0,13354,0,0,0,0,4623,-24512,10330,0,256,0,161,0,0,0,0,2,0,0,0,2056,31082107,2018,0.1,0,0,0,31.7,32.4,31,30.3,30.4,31.5,30,30.1,30,30.5,30.4,360957,1065,0,0,0,0,0,0,0,60,-0.79,12164026,72313,0,3404.94,0,1200,400,720,240,4200,7500,8500,102,1.5,6000,0,0,0,0,0,30,0,30,35,33.6,0,0
2026-08-07T19:02:18.309000+09:00,2026-08-07T10:02:18.309000+00:00,094623,0.0,2,0,0,0,0,13354,0,13354,0,0,0,0,4623,-24512,10330,0,256,0,161,0,0,0,0,2,0,0,0,2056,31082107,2018,0.1,0,0,0,31.7,32.4,30.9,30.3,30.4,31.5,29.9,30,30,30.5,30.5,360957,1065,0,0,0,0,0,0,0,60,-0.79,12164026,72313,0,3404.94,0,1200,400,720,240,4200,7500,8500,102,1.5,6000,0,0,0,0,0,30,0,30,35,33.6,0,0
2026-08-07T19:03:18.409000+09:00,2026-08-07T10:03:18.409000+00:00,094623,0.0,2,0,0,0,0,13354,0,13354,0,0,0,0,4623,-24512,10330,0,256,0,161,0,0,0,0,2,0,0,0,2056,31082107,2018,0.1,0,0,0,31.6,32.4,30.9,30.2,30.4,31.5,29.9,30.1,30,30.5,30.5,360957,1065,0,0,0,0,0,0,0,60,-0.79,12164026,72313,0,3404.94,0,1200,400,720,240,4200,7500,8500,102,1.5,6000,0,0,0,0,0,30,0,30,35,33.6,0,0
2026-08-07T19:04:18.515000+09:00,2026-08-07T10:04:18.515000+00:00,094623,0.0,2,0,0,0,0,13354,0,13354,0,0,0,0,4623,-24512,10330,0,256,0,161,0,0,0,0,2,0,0,0,2056,31082107,2018,0.1,0,0,0,31.6,32.3,30.9,30.2,30.3,31.5,29.9,30,30,30.5,30.5,360957,1065,0,0,0,0,0,0,0,60,-0.79,12164026,72313,0,3404.94,0,1200,400,720,240,4200,7500,8500,102,1.5,6000,0,0,0,0,0,30,0,30,35,33.5,0,0
2026-08-07T19:05:18.607000+09:00,2026-08-07T10:05:18.607000+00:00,094623,0.0,2,0,0,0,0,13354,0,13354,0,0,0,0,4623,-24512,10330,0,256,0,161,0,0,0,0,2,0,0,0,2056,31082107,2018,0.1,0,0,0,31.6,32.3,30.9,30.2,30.3,31.5,29.9,30,30,30.5,30.5,360957,1065,0,0,0,0,0,0,0,60,-0.79,12164026,72313,0,3404.94,0,1200,400,720,240,4200,7500,8500,102,1.5,6000,0,0,0,0,0,30,0,30,35,33.6,0,0
2026-08-07T19:06:18.712000+09:00,2026-08-07T10:06:18.712000+00:00,094623,0.0,2,0,0,0,0,13354,0,13354,0,0,0,0,4623,-24512,10330,0,256,0,161,0,0,0,0,2,0,0,0,2056,31082107,2018,0.1,0,0,0,31.6,32.3,30.9,30.2,30.3,31.4,29.9,30.1,30,30.5,30.5,360957,1065,0,0,0,0,0,0,0,60,-0.79,12164026,72313,0,3404.94,0,1200,400,720,240,4200,7500,8500,102,1.5,6000,0,0,0,0,0,30,0,30,35,33.6,0,0
2026-08-07T19:07:18.838000+09:00,2026-08-07T10:07:18.838000+00:00,094623,0.0,2,0,0,0,0,13354,0,13354,0,0,0,0,4623,-24512,10330,0,256,0,161,0,0,0,0,2,0,0,0,2056,31082107,2018,0.1,0,0,0,31.6,32.3,30.9,30.2,30.3,31.4,29.9,30.1,30,30.4,30.5,360957,1065,0,0,0,0,0,0,0,60,-0.79,12164026,72314,0,3404.94,0,1200,400,720,240,4200,7500,8500,102,1.5,6000,0,0,0,0,0,30,0,30,35,33.6,0,0
2026-08-07T19:08:18.902000+09:00,2026-08-07T10:08:18.902000+00:00,094623,0.0,2,0,0,0,0,13354,0,13354,0,0,0,0,4623,-24512,10330,0,256,0,161,0,0,0,0,2,0,0,0,2056,31082107,2018,0.1,0,0,0,31.6,32.3,30.9,30.2,30.3,31.4,29.9,30,30,30.5,30.5,360957,1065,0,0,0,0,0,0,0,60,-0.79,12164026,72314,0,3404.94,0,1200,400,720,240,4200,7500,8500,102,1.5,6000,0,0,0,0,0,30,0,30,35,33.6,0,0
2026-08-07T19:09:18.998000+09:00,2026-08-07T10:09:18.998000+00:00,094623,0.0,2,0,0,0,0,13354,0,13354,0,0,0,0,4623,-24512,10330,0,256,0,161,0,0,0,0,2,0,0,0,2056,31082107,2018,0.1,0,0,0,31.6,32.3,30.9,30.2,30.3,31.4,29.9,30.1,30,30.5,30.5,360957,1065,0,0,0,0,0,0,0,60,-0.79,12164026,72314,0,3404.94,0,1200,400,720,240,4200,7500,8500,102,1.5,6000,0,0,0,0,0,30,0,30,35,33.5,0,0
2026-08-07T19:10:19.082000+09:00,2026-08-07T10:10:19.082000+00:00,094623,0.0,2,0,0,0,0,13354,0,13354,0,0,0,0,4623,-24512,10330,0,256,0,161,0,0,0,0,2,0,0,0,2056,31082107,2018,0.1,0,0,0,31.5,32.3,30.8,30.2,30.3,31.4,29.9,30,30,30.4,30.6,360957,1065,0,0,0,0,0,0,0,60,-0.8,12164026,72314,0,3404.94,0,1200,400,720,240,4200,7500,8500,102,1.5,6000,0,0,0,0,0,30,0,30,35,33.5,0,0
2026-08-07T19:11:19.182000+09:00,2026-08-07T10:11:19.182000+00:00,094623,0.0,2,0,0,0,0,13354,0,13354,0,0,0,0,4623,-24512,10330,0,256,0,161,0,0,0,0,2,0,0,0,2056,31082107,2018,0.1,0,0,0,31.5,32.3,30.8,30.2,30.3,31.4,29.9,30,30,30.4,30.6,360957,1065,0,0,0,0,0,0,0,60,-0.79,12164026,72314,0,3404.94,0,1200,400,720,240,4200,7500,8500,102,1.5,6000,0,0,0,0,0,30,0,30,35,33.5,0,0
2026-08-07T19:12:19.283000+09:00,2026-08-07T10:12:19.283000+00:00,094623,0.0,2,0,0,0,0,13354,0,13354,0,0,0,0,4623,-24512,10330,0,256,0,161,0,0,0,0,2,0,0,0,2056,31082107,2018,0.1,0,0,0,31.5,32.3,30.8,30.1,30.2,31.4,29.9,30,30,30.4,30.6,360957,1065,0,0,0,0,0,0,0,60,-0.8,12164026,72314,0,3404.94,0,1200,400,720,240,4200,7500,8500,102,1.5,6000,0,0,0,0,0,30,0,30,35,33.5,0,0
2026-08-07T19:13:19.381000+09:00,2026-08-07T10:13:19.381000+00:00,094623,0.0,2,0,0,0,0,13354,0,13354,0,0,0,0,4623,-24512,10330,0,256,0,161,0,0,0,0,2,0,0,0,2056,31082107,2018,0.1,0,0,0,31.5,32.3,30.8,30.1,30.2,31.4,29.9,30.1,30,30.4,30.5,360957,1065,0,0,0,0,0,0,0,60,-0.79,12164026,72314,0,3404.94,0,1200,400,720,240,4200,7500,8500,102,1.5,6000,0,0,0,0,0,30,0,30,35,33.5,0,0
2026-08-07T19:14:19.482000+09:00,2026-08-07T10:14:19.482000+00:00,094623,0.0,2,0,0,0,0,13354,0,13354,0,0,0,0,4623,-24512,10330,0,256,0,161,0,0,0,0,2,0,0,0,2056,31082107,2018,0.1,0,0,0,31.5,32.3,30.8,30.1,30.2,31.4,29.9,30,29.9,30.4,30.6,360957,1065,0,0,0,0,0,0,0,60,-0.8,12164026,72315,0,3404.94,0,1200,400,720,240,4200,7500,8500,102,1.5,6000,0,0,0,0,0,30,0,30,35,33.5,0,0
2026-08-07T19:15:19.636000+09:00,2026-08-07T10:15:19.636000+00:00,094623,0.0,2,0,0,0,0,13354,0,13354,0,0,0,0,4623,-24512,10330,0,256,0,161,0,0,0,0,2,0,0,0,2056,31082107,2018,0.1,0,0,0,31.5,32.3,30.8,30.1,30.2,31.4,29.9,30,29.9,30.4,30.6,360957,1065,0,0,0,0,0,0,0,60,-0.8,12164026,72315,0,3404.94,0,1200,400,720,240,4200,7500,8500,102,1.5,6000,0,0,0,0,0,30,0,30,35,33.5,0,0
2026-08-07T19:16:19.682000+09:00,2026-08-07T10:16:19.682000+00:00,094623,0.0,2,0,0,0,0,13354,0,13354,0,0,0,0,4623,-24512,10330,0,256,0,161,0,0,0,0,2,0,0,0,2056,31082107,2018,0.1,0,0,0,31.5,32.3,30.8,30.1,30.2,31.3,29.8,30,29.9,30.4,30.6,360957,1065,0,0,0,0,0,0,0,60,-0.79,12164026,72315,0,3404.94,0,1200,400,720,240,4200,7500,8500,102,1.5,6000,0,0,0,0,0,30,0,30,35,33.5,0,0
2026-08-07T19:17:19.769000+09:00,2026-08-07T10:17:19.769000+00:00,094623,0.0,2,0,0,0,0,13354,0,13354,0,0,0,0,4623,-24512,10330,0,256,0,161,0,0,0,0,2,0,0,0,2056,31082107,2018,0.1,0,0,0,31.5,32.2,30.8,30,30.2,31.3,29.8,29.9,29.9,30.4,30.6,360957,1065,0,0,0,0,0,0,0,60,-0.8,12164026,72315,0,3404.94,0,1200,400,720,240,4200,7500,8500,102,1.5,6000,0,0,0,0,0,30,0,30,35,33.5,0,0
2026-08-07T19:18:19.868000+09:00,2026-08-07T10:18:19.868000+00:00,094623,0.0,2,0,0,0,0,13354,0,13354,0,0,0,0,4623,-24512,10330,0,256,0,161,0,0,0,0,2,0,0,0,2056,31082107,2018,0.1,0,0,0,31.4,32.2,30.7,30,30.2,31.3,29.8,30,29.9,30.4,30.6,360957,1065,0,0,0,0,0,0,0,60,-0.79,12164026,72315,0,3404.94,0,1200,400,720,240,4200,7500,8500,102,1.5,6000,0,0,0,0,0,30,0,30,35,33.5,0,0
2026-08-07T19:19:19.963000+09:00,2026-08-07T10:19:19.963000+00:00,094623,0.0,2,0,0,0,0,13354,0,13354,0,0,0,0,4623,-24512,10330,0,256,0,161,0,0,0,0,2,0,0,0,2056,31082107,2018,0.1,0,0,0,31.4,32.2,30.7,30,30.1,31.3,29.8,29.9,29.9,30.4,30.6,360957,1065,0,0,0,0,0,0,0,60,-0.8,12164026,72315,0,3404.94,0,1200,400,720,240,4200,7500,8500,102,1.5,6000,0,0,0,0,0,30,0,30,35,33.5,0,0
2026-08-07T19:20:20.054000+09:00,2026-08-07T10:20:20.054000+00:00,094623,0.0,2,0,0,0,0,13354,0,13354,0,0,0,0,4623,-24512,10330,0,256,0,161,0,0,0,0,2,0,0,0,2056,31082107,2018,0.1,0,0,0,31.4,32.2,30.7,30,30.1,31.3,29.8,30,29.9,30.3,30.6,360957,1065,0,0,0,0,0,0,0,60,-0.79,12164026,72315,0,3404.94,0,1200,400,720,240,4200,7500,8500,102,1.5,6000,0,0,0,0,0,30,0,30,35,33.5,0,0
2026-08-07T19:21:20.147000+09:00,2026-08-07T10:21:20.147000+00:00,094623,0.0,2,0,0,0,0,13354,0,13354,0,0,0,0,4623,-24512,10330,0,256,0,161,0,0,0,0,2,0,0,0,2056,31082107,2018,0.1,0,0,0,31.4,32.2,30.7,30,30.1,31.3,29.8,29.9,29.9,30.3,30.7,360957,1065,0,0,0,0,0,0,0,60,-0.8,12164026,72315,0,3404.94,0,1200,400,720,240,4200,7500,8500,102,1.5,6000,0,0,0,0,0,30,0,30,35,33.5,0,0
2026-08-07T19:22:20.235000+09:00,2026-08-07T10:22:20.235000+00:00,094623,0.0,2,0,0,0,0,13354,0,13354,0,0,0,0,4623,-24512,10330,0,256,0,161,0,0,0,0,2,0,0,0,2056,31082107,2018,0.1,0,0,0,31.4,32.2,30.7,30,30.1,31.3,29.8,30,29.9,30.3,30.6,360957,1065,0,0,0,0,0,0,0,60,-0.8,12164026,72316,0,3404.94,0,1200,400,720,240,4200,7500,8500,102,1.5,6000,0,0,0,0,0,30,0,30,35,33.5,0,0
2026-08-07T19:23:20.355000+09:00,2026-08-07T10:23:20.355000+00:00,094623,0.0,2,0,0,0,0,13354,0,13354,0,0,0,0,4623,-24512,10330,0,256,0,161,0,0,0,0,2,0,0,0,2056,31082107,2018,0.1,0,0,0,31.4,32.2,30.7,29.9,30.1,31.3,29.8,29.9,29.9,30.3,30.6,360957,1065,0,0,0,0,0,0,0,60,-0.8,12164026,72316,0,3404.94,0,1200,400,720,240,4200,7500,8500,102,1.5,6000,0,0,0,0,0,30,0,30,35,33.4,0,0
2026-08-07T19:24:20.442000+09:00,2026-08-07T10:24:20.442000+00:00,094623,0.0,2,0,0,0,0,13354,0,13354,0,0,0,0,4623,-24512,10330,0,256,0,161,0,0,0,0,2,0,0,0,2056,31082107,2018,0.1,0,0,0,31.4,32.2,30.7,29.9,30.1,31.3,29.7,29.9,29.8,30.3,30.7,360957,1065,0,0,0,0,0,0,0,60,-0.79,12164026,72316,0,3404.94,0,1200,400,720,240,4200,7500,8500,102,1.5,6000,0,0,0,0,0,30,0,30,35,33.5,0,0
2026-08-07T19:25:20.546000+09:00,2026-08-07T10:25:20.546000+00:00,094623,0.0,2,0,0,0,0,13354,0,13354,0,0,0,0,4623,-24512,10330,0,256,0,161,0,0,0,0,2,0,0,0,2056,31082107,2018,0.1,0,0,0,31.4,32.2,30.6,29.9,30,31.3,29.7,29.9,29.8,30.3,30.7,360957,1065,0,0,0,0,0,0,0,60,-0.79,12164026,72316,0,3404.94,0,1200,400,720,240,4200,7500,8500,102,1.5,6000,0,0,0,0,0,30,0,30,35,33.5,0,0
2026-08-07T19:26:20.661000+09:00,2026-08-07T10:26:20.661000+00:00,094623,0.0,2,0,0,0,0,13354,0,13354,0,0,0,0,4623,-24512,10330,0,256,0,161,0,0,0,0,2,0,0,0,2056,31082107,2018,0.1,0,0,0,31.3,32.2,30.6,29.9,30,31.3,29.7,29.9,29.8,30.3,30.7,360957,1065,0,0,0,0,0,0,0,60,-0.79,12164026,72316,0,3404.94,0,1200,400,720,240,4200,7500,8500,102,1.5,6000,0,0,0,0,0,30,0,30,35,33.5,0,0
2026-08-07T19:27:20.767000+09:00,2026-08-07T10:27:20.767000+00:00,094623,0.0,2,0,0,0,0,13354,0,13354,0,0,0,0,4623,-24512,10330,0,256,0,161,0,0,0,0,2,0,0,0,2056,31082107,2018,0.1,0,0,0,31.3,32.2,30.6,29.8,30,31.3,29.7,29.9,29.8,30.3,30.7,360957,1065,0,0,0,0,0,0,0,60,-0.79,12164026,72316,0,3404.94,0,1200,400,720,240,4200,7500,8500,102,1.5,6000,0,0,0,0,0,30,0,30,35,33.4,0,0
2026-08-07T19:28:20.866000+09:00,2026-08-07T10:28:20.866000+00:00,094623,0.0,2,0,0,0,0,13354,0,13354,0,0,0,0,4623,-24512,10330,0,256,0,161,0,0,0,0,2,0,0,0,2056,31082107,2018,0.1,0,0,0,31.3,32.2,30.6,29.8,30,31.3,29.7,29.9,29.8,30.3,30.7,360957,1065,0,0,0,0,0,0,0,60,-0.79,12164026,72316,0,3404.94,0,1200,400,720,240,4200,7500,8500,102,1.5,6000,0,0,0,0,0,30,0,30,35,33.5,0,0
2026-08-07T19:29:20.957000+09:00,2026-08-07T10:29:20.957000+00:00,094623,0.0,2,0,0,0,0,13354,0,13354,0,0,0,0,4623,-24512,10330,0,256,0,161,0,0,0,0,2,0,0,0,2056,31082107,2018,0.1,0,0,0,31.3,32.2,30.6,29.8,29.9,31.2,29.7,29.9,29.8,30.3,30.7,360957,1065,0,0,0,0,0,0,0,60,-0.79,12164026,72317,0,3404.94,0,1200,400,720,240,4200,7500,8500,102,1.5,6000,0,0,0,0,0,30,0,30,35,33.4,0,0
2026-08-07T19:30:21.048000+09:00,2026-08-07T10:30:21.048000+00:00,094623,0.0,2,0,0,0,0,13354,0,13354,0,0,0,0,4623,-24512,10330,0,256,0,161,0,0,0,0,2,0,0,0,2056,31082107,2018,0.1,0,0,0,31.3,32.2,30.6,29.8,29.9,31.2,29.7,29.9,29.8,30.2,30.7,360957,1065,0,0,0,0,0,0,0,60,-0.79,12164026,72317,0,3404.94,0,1200,400,720,240,4200,7500,8500,102,1.5,6000,0,0,0,0,0,30,0,30,35,33.4,0,0
2026-08-07T19:31:21.144000+09:00,2026-08-07T10:31:21.144000+00:00,094623,0.0,2,0,0,0,0,13354,0,13354,0,0,0,0,4623,-24512,10330,0,256,0,161,0,0,0,0,2,0,0,0,2056,31082107,2018,0.1,0,0,0,31.3,32.2,30.5,29.8,29.9,31.2,29.6,29.8,29.8,30.2,30.7,360957,1065,0,0,0,0,0,0,0,60,-0.78,12164026,72317,0,3404.94,0,1200,400,720,240,4200,7500,8500,102,1.5,6000,0,0,0,0,0,30,0,30,35,33.4,0,0
2026-08-07T19:32:21.235000+09:00,2026-08-07T10:32:21.235000+00:00,094623,0.0,2,0,0,0,0,13354,0,13354,0,0,0,0,4623,-24512,10330,0,256,0,161,0,0,0,0,2,0,0,0,2056,31082107,2018,0.1,0,0,0,31.3,32.1,30.5,29.8,29.9,31.2,29.6,29.9,29.7,30.2,30.7,360957,1065,0,0,0,0,0,0,0,60,-0.78,12164026,72317,0,3404.94,0,1200,400,720,240,4200,7500,8500,102,1.5,6000,0,0,0,0,0,30,0,30,35,33.4,0,0
2026-08-07T19:33:21.332000+09:00,2026-08-07T10:33:21.332000+00:00,094623,0.0,2,0,0,0,0,13354,0,13354,0,0,0,0,4623,-24512,10330,0,256,0,161,0,0,0,0,2,0,0,0,2056,31082107,2018,0.1,0,0,0,31.2,32.1,30.5,29.7,29.9,31.2,29.6,29.9,29.7,30.2,30.8,360957,1065,0,0,0,0,0,0,0,60,-0.78,12164026,72317,0,3404.94,0,1200,400,720,240,4200,7500,8500,102,1.5,6000,0,0,0,0,0,30,0,30,35,33.4,0,0
2026-08-07T19:34:21.440000+09:00,2026-08-07T10:34:21.440000+00:00,094623,0.0,2,0,0,0,0,13354,0,13354,0,0,0,0,4623,-24512,10330,0,256,0,161,0,0,0,0,2,0,0,0,2056,31082107,2018,0.1,0,0,0,31.2,32.1,30.5,29.7,29.8,31.2,29.6,29.8,29.7,30.2,30.7,360957,1065,0,0,0,0,0,0,0,60,-0.78,12164026,72317,0,3404.94,0,1200,400,720,240,4200,7500,8500,102,1.5,6000,0,0,0,0,0,30,0,30,35,33.4,0,0
2026-08-07T19:35:21.586000+09:00,2026-08-07T10:35:21.586000+00:00,094623,0.0,2,0,0,0,0,13354,0,13354,0,0,0,0,4623,-24512,10330,0,256,0,161,0,0,0,0,2,0,0,0,2056,31082107,2018,0.1,0,0,0,31.2,32.1,30.5,29.7,29.8,31.2,29.6,29.8,29.7,30.2,30.7,360957,1065,0,0,0,0,0,0,0,60,-0.77,12164026,72317,0,3404.94,0,1200,400,720,240,4200,7500,8500,102,1.5,6000,0,0,0,0,0,30,0,30,35,33.4,0,0
2026-08-07T19:36:21.634000+09:00,2026-08-07T10:36:21.634000+00:00,094623,0.0,2,0,0,0,0,13354,0,13354,0,0,0,0,4623,-24512,10330,0,256,0,161,0,0,0,0,2,0,0,0,2056,31082107,2018,0.1,0,0,0,31.2,32.1,30.5,29.7,29.8,31.2,29.6,29.8,29.7,30.2,30.8,360957,1065,0,0,0,0,0,0,0,60,-0.77,12164026,72317,0,3404.94,0,1200,400,720,240,4200,7500,8500,102,1.5,6000,0,0,0,0,0,30,0,30,35,33.4,0,0
2026-08-07T19:37:21.743000+09:00,2026-08-07T10:37:21.743000+00:00,094623,0.0,2,0,0,0,0,13354,0,13354,0,0,0,0,4623,-24512,10330,0,256,0,161,0,0,0,0,2,0,0,0,2056,31082107,2018,0.1,0,0,0,31.2,32.1,30.4,29.7,29.8,31.1,29.6,29.8,29.7,30.2,30.7,360957,1065,0,0,0,0,0,0,0,60,-0.77,12164026,72318,0,3404.94,0,1200,400,720,240,4200,7500,8500,102,1.5,6000,0,0,0,0,0,30,0,30,35,33.4,0,0
2026-08-07T19:38:21.835000+09:00,2026-08-07T10:38:21.835000+00:00,094623,0.0,2,0,0,0,0,13354,0,13354,0,0,0,0,4623,-24512,10330,0,256,0,161,0,0,0,0,2,0,0,0,2056,31082107,2018,0.1,0,0,0,31.2,32.1,30.4,29.7,29.8,31.1,29.6,29.8,29.7,30.2,30.7,360957,1065,0,0,0,0,0,0,0,60,-0.77,12164026,72318,0,3404.94,0,1200,400,720,240,4200,7500,8500,102,1.5,6000,0,0,0,0,0,30,0,30,35,33.4,0,0
2026-08-07T19:39:21.941000+09:00,2026-08-07T10:39:21.941000+00:00,094623,0.0,2,0,0,0,0,13354,0,13354,0,0,0,0,4623,-24512,10330,0,256,0,161,0,0,0,0,2,0,0,0,2056,31082107,2018,0.1,0,0,0,31.2,32.1,30.4,29.7,29.8,31.1,29.5,29.8,29.6,30.1,30.7,360957,1065,0,0,0,0,0,0,0,60,-0.76,12164026,72318,0,3404.94,0,1200,400,720,240,4200,7500,8500,102,1.5,6000,0,0,0,0,0,30,0,30,35,33.4,0,0
2026-08-07T19:40:22.044000+09:00,2026-08-07T10:40:22.044000+00:00,094623,0.0,2,0,0,0,0,13354,0,13354,0,0,0,0,4623,-24512,10330,0,256,0,161,0,0,0,0,2,0,0,0,2056,31082107,2018,0.1,0,0,0,31.2,32.1,30.4,29.6,29.8,31.1,29.5,29.7,29.6,30.1,30.8,360957,1065,0,0,0,0,0,0,0,60,-0.76,12164026,72318,0,3404.94,0,1200,400,720,240,4200,7500,8500,102,1.5,6000,0,0,0,0,0,30,0,30,35,33.4,0,0
2026-08-07T19:41:22.139000+09:00,2026-08-07T10:41:22.139000+00:00,094623,0.0,2,0,0,0,0,13354,0,13354,0,0,0,0,4623,-24512,10330,0,256,0,161,0,0,0,0,2,0,0,0,2056,31082107,2018,0.1,0,0,0,31.1,32.1,30.4,29.6,29.7,31.1,29.5,29.7,29.6,30.1,30.8,360957,1065,0,0,0,0,0,0,0,60,-0.75,12164026,72318,0,3404.94,0,1200,400,720,240,4200,7500,8500,102,1.5,6000,0,0,0,0,0,30,0,30,35,33.3,0,0
2026-08-07T19:42:22.244000+09:00,2026-08-07T10:42:22.244000+00:00,094623,0.0,2,0,0,0,0,13354,0,13354,0,0,0,0,4623,-24512,10330,0,256,0,161,0,0,0,0,2,0,0,0,2056,31082107,2018,0.1,0,0,0,31.1,32,30.4,29.6,29.7,31.1,29.5,29.7,29.6,30.1,30.8,360957,1065,0,0,0,0,0,0,0,60,-0.75,12164026,72318,0,3404.94,0,1200,400,720,240,4200,7500,8500,102,1.5,6000,0,0,0,0,0,30,0,30,35,33.3,0,0
2026-08-07T19:43:22.331000+09:00,2026-08-07T10:43:22.331000+00:00,094623,0.0,2,0,0,0,0,13354,0,13354,0,0,0,0,4623,-24512,10330,0,256,0,161,0,0,0,0,2,0,0,0,2056,31082107,2018,0.1,0,0,0,31.1,32,30.4,29.6,29.7,31.1,29.5,29.7,29.6,30.1,30.8,360957,1065,0,0,0,0,0,0,0,60,-0.75,12164026,72318,0,3404.94,0,1200,400,720,240,4200,7500,8500,102,1.5,6000,0,0,0,0,0,30,0,30,35,33.3,0,0
2026-08-07T19:44:22.434000+09:00,2026-08-07T10:44:22.434000+00:00,094623,0.0,2,0,0,0,0,13354,0,13354,0,0,0,0,4623,-24512,10330,0,256,0,161,0,0,0,0,2,0,0,0,2056,31082107,2018,0.1,0,0,0,31.1,32,30.4,29.6,29.7,31.1,29.5,29.7,29.6,30.1,30.7,360957,1065,0,0,0,0,0,0,0,60,-0.74,12164026,72318,0,3404.94,0,1200,400,720,240,4200,7500,8500,102,1.5,6000,0,0,0,0,0,30,0,30,35,33.3,0,0
2026-08-07T19:45:22.530000+09:00,2026-08-07T10:45:22.530000+00:00,094623,0.0,2,0,0,0,0,13354,0,13354,0,0,0,0,4623,-24512,10330,0,256,0,161,0,0,0,0,2,0,0,0,2056,31082107,2018,0.1,0,0,0,31.1,32,30.3,29.6,29.7,31.1,29.5,29.7,29.6,30.1,30.7,360957,1065,0,0,0,0,0,0,0,60,-0.74,12164026,72319,0,3404.94,0,1200,400,720,240,4200,7500,8500,102,1.5,6000,0,0,0,0,0,30,0,30,35,33.3,0,0
2026-08-07T19:46:22.637000+09:00,2026-08-07T10:46:22.637000+00:00,094623,0.0,2,0,0,0,0,13354,0,13354,0,0,0,0,4623,-24512,10330,0,256,0,161,0,0,0,0,2,0,0,0,2056,31082107,2018,0.1,0,0,0,31.1,32,30.3,29.6,29.7,31.1,29.5,29.7,29.6,30.1,30.8,360957,1065,0,0,0,0,0,0,0,60,-0.74,12164026,72319,0,3404.94,0,1200,400,720,240,4200,7500,8500,102,1.5,6000,0,0,0,0,0,30,0,30,35,33.3,0,0
2026-08-07T19:47:22.729000+09:00,2026-08-07T10:47:22.729000+00:00,094623,0.0,2,0,0,0,0,13354,0,13354,0,0,0,0,4623,-24512,10330,0,256,0,161,0,0,0,0,2,0,0,0,2056,31082107,2018,0.1,0,0,0,31.1,32,30.3,29.6,29.7,31.1,29.5,29.7,29.6,30,30.8,360957,1065,0,0,0,0,0,0,0,60,-0.73,12164026,72319,0,3404.94,0,1200,400,720,240,4200,7500,8500,102,1.5,6000,0,0,0,0,0,30,0,30,35,33.3,0,0
2026-08-07T19:48:22.825000+09:00,2026-08-07T10:48:22.825000+00:00,094623,0.0,2,0,0,0,0,13354,0,13354,0,0,0,0,4623,-24512,10330,0,256,0,161,0,0,0,0,2,0,0,0,2056,31082107,2018,0.1,0,0,0,31.1,32,30.3,29.6,29.7,31,29.4,29.6,29.5,30,30.8,360957,1065,0,0,0,0,0,0,0,60,-0.73,12164026,72319,0,3404.94,0,1200,400,720,240,4200,7500,8500,102,1.5,6000,0,0,0,0,0,30,0,30,35,33.3,0,0
2026-08-07T19:49:22.930000+09:00,2026-08-07T10:49:22.930000+00:00,094623,0.0,2,0,0,0,0,13354,0,13354,0,0,0,0,4623,-24512,10330,0,256,0,161,0,0,0,0,2,0,0,0,2056,31082107,2018,0.1,0,0,0,31,32,30.3,29.6,29.6,31.1,29.4,29.6,29.5,30,30.8,360957,1065,0,0,0,0,0,0,0,60,-0.72,12164026,72319,0,3404.94,0,1200,400,720,240,4200,7500,8500,102,1.5,6000,0,0,0,0,0,30,0,30,35,33.3,0,0
2026-08-07T19:50:23.040000+09:00,2026-08-07T10:50:23.040000+00:00,094623,0.0,2,0,0,0,0,13354,0,13354,0,0,0,0,4623,-24512,10330,0,256,0,161,0,0,0,0,2,0,0,0,2056,31082107,2018,0.1,0,0,0,31,32,30.3,29.6,29.6,31,29.4,29.6,29.5,30,30.8,360957,1065,0,0,0,0,0,0,0,60,-0.72,12164026,72319,0,3404.94,0,1200,400,720,240,4200,7500,8500,102,1.5,6000,0,0,0,0,0,30,0,30,35,33.3,0,0
2026-08-07T19:51:23.116000+09:00,2026-08-07T10:51:23.116000+00:00,094623,0.0,2,0,0,0,0,13354,0,13354,0,0,0,0,4623,-24512,10330,0,256,0,161,0,0,0,0,2,0,0,0,2056,31082107,2018,0.1,0,0,0,31,32,30.3,29.6,29.6,31,29.4,29.6,29.5,30,30.8,360957,1065,0,0,0,0,0,0,0,60,-0.72,12164026,72319,0,3404.94,0,1200,400,720,240,4200,7500,8500,102,1.5,6000,0,0,0,0,0,30,0,30,35,33.3,0,0
2026-08-07T19:52:23.218000+09:00,2026-08-07T10:52:23.218000+00:00,094623,0.0,2,0,0,0,0,13354,0,13354,0,0,0,0,4623,-24512,10330,0,256,0,161,0,0,0,0,2,0,0,0,2056,31082107,2018,0.1,0,0,0,31,32,30.2,29.5,29.6,31,29.4,29.6,29.5,30,30.8,360957,1065,0,0,0,0,0,0,0,60,-0.72,12164026,72319,0,3404.94,0,1200,400,720,240,4200,7500,8500,102,1.5,6000,0,0,0,0,0,30,0,30,35,33.3,0,0
2026-08-07T19:53:23.311000+09:00,2026-08-07T10:53:23.311000+00:00,094623,0.0,2,0,0,0,0,13354,0,13354,0,0,0,0,4623,-24512,10330,0,256,0,161,0,0,0,0,2,0,0,0,2056,31082107,2018,0.1,0,0,0,31,32,30.2,29.5,29.6,31,29.4,29.6,29.5,30,30.8,360957,1065,0,0,0,0,0,0,0,60,-0.72,12164026,72320,0,3404.94,0,1200,400,720,240,4200,7500,8500,102,1.5,6000,0,0,0,0,0,30,0,30,35,33.3,0,0
2026-08-07T19:54:23.411000+09:00,2026-08-07T10:54:23.411000+00:00,094623,0.0,2,0,0,0,0,13354,0,13354,0,0,0,0,4623,-24512,10330,0,256,0,161,0,0,0,0,2,0,0,0,2056,31082107,2018,0.1,0,0,0,31,31.9,30.2,29.5,29.6,31,29.4,29.6,29.5,30,30.8,360957,1065,0,0,0,0,0,0,0,60,-0.71,12164026,72320,0,3404.94,0,1200,400,720,240,4200,7500,8500,102,1.5,6000,0,0,0,0,0,30,0,30,35,33.3,0,0
2026-08-07T19:55:23.500000+09:00,2026-08-07T10:55:23.500000+00:00,094623,0.0,2,0,0,0,0,13354,0,13354,0,0,0,0,4623,-24512,10330,0,256,0,161,0,0,0,0,2,0,0,0,2056,31082107,2018,0.1,0,0,0,31,31.9,30.2,29.5,29.6,31,29.4,29.5,29.5,30,30.8,360957,1065,0,0,0,0,0,0,0,60,-0.71,12164026,72320,0,3404.94,0,1200,400,720,240,4200,7500,8500,102,1.5,6000,0,0,0,0,0,30,0,30,35,33.3,0,0
2026-08-07T19:56:23.586000+09:00,2026-08-07T10:56:23.586000+00:00,094623,0.0,2,0,0,0,0,13354,0,13354,0,0,0,0,4623,-24512,10330,0,256,0,161,0,0,0,0,2,0,0,0,2056,31082107,2018,0.1,0,0,0,31,31.9,30.2,29.5,29.6,31,29.4,29.6,29.5,29.9,30.8,360957,1065,0,0,0,0,0,0,0,60,-0.71,12164026,72320,0,3404.94,0,1200,400,720,240,4200,7500,8500,102,1.5,6000,0,0,0,0,0,30,0,30,35,33.3,0,0
2026-08-07T19:57:23.682000+09:00,2026-08-07T10:57:23.682000+00:00,094623,0.0,2,0,0,0,0,13354,0,13354,0,0,0,0,4623,-24512,10330,0,256,0,161,0,0,0,0,2,0,0,0,2056,31082107,2018,0.1,0,0,0,30.9,31.9,30.2,29.5,29.5,31,29.4,29.5,29.4,29.9,30.8,360957,1065,0,0,0,0,0,0,0,60,-0.7,12164026,72320,0,3404.94,0,1200,400,720,240,4200,7500,8500,102,1.5,6000,0,0,0,0,0,30,0,30,35,33.2,0,0
2026-08-07T19:58:23.785000+09:00,2026-08-07T10:58:23.785000+00:00,094623,0.0,2,0,0,0,0,13354,0,13354,0,0,0,0,4623,-24512,10330,0,256,0,161,0,0,0,0,2,0,0,0,2056,31082107,2018,0.1,0,0,0,30.9,31.9,30.2,29.5,29.5,31,29.3,29.5,29.4,29.9,30.8,360957,1065,0,0,0,0,0,0,0,60,-0.69,12164026,72320,0,3404.94,0,1200,400,720,240,4200,7500,8500,102,1.5,6000,0,0,0,0,0,30,0,30,35,33.2,0,0
2026-08-07T19:59:23.878000+09:00,2026-08-07T10:59:23.878000+00:00,094623,0.0,2,0,0,0,0,13354,0,13354,0,0,0,0,4623,-24512,10330,0,256,0,161,0,0,0,0,2,0,0,0,2056,31082107,2018,0.1,0,0,0,30.9,31.9,30.2,29.5,29.5,31,29.4,29.5,29.4,29.9,30.9,360957,1065,0,0,0,0,0,0,0,60,-0.69,12164026,72320,0,3404.94,0,1200,400,720,240,4200,7500,8500,102,1.5,6000,0,0,0,0,0,30,0,30,35,33.2,0,0
2026-08-07T20:00:23.975000+09:00,2026-08-07T11:00:23.975000+00:00,094623,0.0,2,0,0,0,0,13354,0,13354,0,0,0,0,4623,-24512,10330,0,256,0,161,0,0,0,0,2,0,0,0,2056,31082107,2018,0.1,0,0,0,30.9,31.9,30.1,29.5,29.5,31,29.3,29.5,29.4,29.9,30.9,360957,1065,0,0,0,0,0,0,0,60,-0.69,12164026,72320,0,3404.94,0,1200,400,720,240,4200,7500,8500,102,1.5,6000,0,0,0,0,0,30,0,30,35,33.2,0,0
2026-08-07T20:01:24.073000+09:00,2026-08-07T11:01:24.073000+00:00,094623,0.0,2,0,0,0,0,13354,0,13354,0,0,0,0,4623,-24512,10330,0,256,0,161,0,0,0,0,2,0,0,0,2056,31082107,2018,0.1,0,0,0,30.9,31.8,30.1,29.4,29.5,30.9,29.3,29.5,29.4,29.9,30.9,360957,1065,0,0,0,0,0,0,0,60,-0.68,12164026,72320,0,3404.94,0,1200,400,720,240,4200,7500,8500,102,1.5,6000,0,0,0,0,0,30,0,30,35,33.2,0,0
2026-08-07T20:02:24.165000+09:00,2026-08-07T11:02:24.165000+00:00,094623,0.0,2,0,0,0,0,13354,0,13354,0,0,0,0,4623,-24512,10330,0,256,0,161,0,0,0,0,2,0,0,0,2056,31082107,2018,0.1,0,0,0,30.9,31.9,30.1,29.4,29.5,30.9,29.3,29.5,29.4,29.9,30.9,360957,1065,0,0,0,0,0,0,0,60,-0.68,12164026,72321,0,3404.94,0,1200,400,720,240,4200,7500,8500,102,1.5,6000,0,0,0,0,0,30,0,30,35,33.2,0,0
2026-08-07T20:03:24.269000+09:00,2026-08-07T11:03:24.269000+00:00,094623,0.0,2,0,0,0,0,13354,0,13354,0,0,0,0,4623,-24512,10330,0,256,0,161,0,0,0,0,2,0,0,0,2056,31082107,2018,0.09,0,0,0,30.9,31.9,30.1,29.4,29.5,30.9,29.3,29.5,29.4,29.9,30.9,360957,1065,0,0,0,0,0,0,0,60,-0.67,12164026,72321,0,3404.94,0,1200,400,720,240,4200,7500,8500,102,1.5,6000,0,0,0,0,0,30,0,30,35,33.2,0,0
2026-08-07T20:04:24.374000+09:00,2026-08-07T11:04:24.374000+00:00,094623,0.0,2,0,0,0,0,13354,0,13354,0,0,0,0,4623,-24512,10330,0,256,0,161,0,0,0,0,2,0,0,0,2056,31082107,2018,0.09,0,0,0,30.8,31.9,30.1,29.4,29.5,30.9,29.3,29.5,29.4,29.9,30.9,360957,1065,0,0,0,0,0,0,0,60,-0.68,12164026,72321,0,3404.94,0,1200,400,720,240,4200,7500,8500,102,1.5,6000,0,0,0,0,0,30,0,30,35,33.2,0,0
2026-08-07T20:05:24.467000+09:00,2026-08-07T11:05:24.467000+00:00,094623,0.0,2,0,0,0,0,13354,0,13354,0,0,0,0,4623,-24512,10330,0,256,0,161,0,0,0,0,2,0,0,0,2056,31082107,2018,0.1,0,0,0,30.8,31.9,30.1,29.4,29.5,30.9,29.3,29.5,29.4,29.9,30.9,360957,1065,0,0,0,0,0,0,0,60,-0.67,12164026,72321,0,3404.94,0,1200,400,720,240,4200,7500,8500,102,1.5,6000,0,0,0,0,0,30,0,30,35,33.2,0,0
2026-08-07T20:06:24.568000+09:00,2026-08-07T11:06:24.568000+00:00,094623,0.0,2,0,0,0,0,13354,0,13354,0,0,0,0,4623,-24512,10330,0,256,0,161,0,0,0,0,2,0,0,0,2056,31082107,2018,0.1,0,0,0,30.8,31.9,30.1,29.4,29.4,30.9,29.3,29.5,29.4,29.9,30.9,360957,1065,0,0,0,0,0,0,0,60,-0.66,12164026,72321,0,3404.94,0,1200,400,720,240,4200,7500,8500,102,1.5,6000,0,0,0,0,0,30,0,30,35,33.1,0,0
2026-08-07T20:07:24.660000+09:00,2026-08-07T11:07:24.660000+00:00,094623,0.0,2,0,0,0,0,13354,0,13354,0,0,0,0,4623,-24512,10330,0,256,0,161,0,0,0,0,2,0,0,0,2056,31082107,2018,0.09,0,0,0,30.8,31.9,30.1,29.4,29.4,30.9,29.3,29.5,29.4,29.9,30.9,360957,1065,0,0,0,0,0,0,0,60,-0.66,12164026,72321,0,3404.94,0,1200,400,720,240,4200,7500,8500,102,1.5,6000,0,0,0,0,0,30,0,30,35,33.2,0,0
2026-08-07T20:08:24.761000+09:00,2026-08-07T11:08:24.761000+00:00,094623,0.0,2,0,0,0,0,13354,0,13354,0,0,0,0,4623,-24512,10330,0,256,0,161,0,0,0,0,2,0,0,0,2056,31082107,2018,0.1,0,0,0,30.8,31.8,30.1,29.3,29.4,30.9,29.2,29.4,29.3,29.8,30.9,360957,1065,0,0,0,0,0,0,0,60,-0.66,12164026,72321,0,3404.94,0,1200,400,720,240,4200,7500,8500,102,1.5,6000,0,0,0,0,0,30,0,30,35,33.1,0,0
2026-08-07T20:09:24.848000+09:00,2026-08-07T11:09:24.848000+00:00,094623,0.0,2,0,0,0,0,13354,0,13354,0,0,0,0,4623,-24512,10330,0,256,0,161,0,0,0,0,2,0,0,0,2056,31082107,2018,0.1,0,0,0,30.8,31.8,30.1,29.3,29.4,30.8,29.2,29.4,29.3,29.8,30.9,360957,1065,0,0,0,0,0,0,0,60,-0.66,12164026,72321,0,3404.94,0,1200,400,720,240,4200,7500,8500,102,1.5,6000,0,0,0,0,0,30,0,30,35,33.1,0,0
2026-08-07T20:10:24.946000+09:00,2026-08-07T11:10:24.946000+00:00,094623,0.0,2,0,0,0,0,13354,0,13354,0,0,0,0,4623,-24512,10330,0,256,0,161,0,0,0,0,2,0,0,0,2056,31082107,2018,0.1,0,0,0,30.8,31.8,30,29.3,29.4,30.9,29.2,29.4,29.3,29.8,30.9,360957,1065,0,0,0,0,0,0,0,60,-0.65,12164026,72321,0,3404.94,0,1200,400,720,240,4200,7500,8500,102,1.5,6000,0,0,0,0,0,30,0,30,35,33.1,0,0
2026-08-07T20:11:25.038000+09:00,2026-08-07T11:11:25.038000+00:00,094623,0.0,2,0,0,0,0,13354,0,13354,0,0,0,0,4623,-24512,10330,0,256,0,161,0,0,0,0,2,0,0,0,2056,31082107,2018,0.1,0,0,0,30.8,31.9,30,29.3,29.4,30.8,29.2,29.4,29.3,29.8,31,360957,1065,0,0,0,0,0,0,0,60,-0.65,12164026,72322,0,3404.94,0,1200,400,720,240,4200,7500,8500,102,1.5,6000,0,0,0,0,0,30,0,30,35,33.1,0,0
2026-08-07T20:12:25.133000+09:00,2026-08-07T11:12:25.133000+00:00,094623,0.0,2,0,0,0,0,13354,0,13354,0,0,0,0,4623,-24512,10330,0,256,0,161,0,0,0,0,2,0,0,0,2056,31082107,2018,0.1,0,0,0,30.8,31.8,30,29.3,29.3,30.8,29.2,29.4,29.3,29.8,30.9,360957,1065,0,0,0,0,0,0,0,60,-0.63,12164026,72322,0,3404.94,0,1200,400,720,240,4200,7500,8500,102,1.5,6000,0,0,0,0,0,30,0,30,35,33,0,0
2026-08-07T20:13:25.236000+09:00,2026-08-07T11:13:25.236000+00:00,094623,0.0,2,0,0,0,0,13354,0,13354,0,0,0,0,4623,-24512,10330,0,256,0,161,0,0,0,0,2,0,0,0,2056,31082107,2018,0.1,0,0,0,30.8,31.8,30,29.2,29.3,30.8,29.2,29.4,29.3,29.8,31,360957,1065,0,0,0,0,0,0,0,60,-0.63,12164026,72322,0,3404.94,0,1200,400,720,240,4200,7500,8500,102,1.5,6000,0,0,0,0,0,30,0,30,35,33.1,0,0
2026-08-07T20:14:25.331000+09:00,2026-08-07T11:14:25.331000+00:00,094623,0.0,2,0,0,0,0,13354,0,13354,0,0,0,0,4623,-24512,10330,0,256,0,161,0,0,0,0,2,0,0,0,2056,31082107,2018,0.09,0,0,0,30.7,31.8,30,29.2,29.3,30.8,29.2,29.4,29.3,29.8,31,360957,1065,0,0,0,0,0,0,0,60,-0.63,12164026,72322,0,3404.94,0,1200,400,720,240,4200,7500,8500,102,1.5,6000,0,0,0,0,0,30,0,30,35,33.1,0,0
2026-08-07T20:15:25.443000+09:00,2026-08-07T11:15:25.443000+00:00,094623,0.0,2,0,0,0,0,13354,0,13354,0,0,0,0,4623,-24512,10330,0,256,0,161,0,0,0,0,2,0,0,0,2056,31082107,2018,0.09,0,0,0,30.7,31.8,30,29.2,29.3,30.8,29.2,29.4,29.3,29.8,31,360957,1065,0,0,0,0,0,0,0,60,-0.62,12164026,72322,0,3404.94,0,1200,400,720,240,4200,7500,8500,102,1.5,6000,0,0,0,0,0,30,0,30,35,33,0,0
2026-08-07T20:16:25.532000+09:00,2026-08-07T11:16:25.532000+00:00,094623,0.0,2,0,0,0,0,13354,0,13354,0,0,0,0,4623,-24512,10330,0,256,0,161,0,0,0,0,2,0,0,0,2056,31082107,2018,0.1,0,0,0,30.7,31.8,29.9,29.2,29.3,30.8,29.1,29.4,29.3,29.7,31,360957,1065,0,0,0,0,0,0,0,60,-0.62,12164026,72322,0,3404.94,0,1200,400,720,240,4200,7500,8500,102,1.5,6000,0,0,0,0,0,30,0,30,35,33.1,0,0
2026-08-07T20:17:25.622000+09:00,2026-08-07T11:17:25.622000+00:00,094623,0.0,2,0,0,0,0,13354,0,13354,0,0,0,0,4623,-24512,10330,0,256,0,161,0,0,0,0,2,0,0,0,2056,31082107,2018,0.1,0,0,0,30.7,31.8,29.9,29.2,29.2,30.8,29.1,29.3,29.2,29.7,31,360957,1065,0,0,0,0,0,0,0,60,-0.62,12164026,72322,0,3404.94,0,1200,400,720,240,4200,7500,8500,102,1.5,6000,0,0,0,0,0,30,0,30,35,33.1,0,0
2026-08-07T20:18:25.721000+09:00,2026-08-07T11:18:25.721000+00:00,094623,0.0,2,0,0,0,0,13354,0,13354,0,0,0,0,4623,-24512,10330,0,256,0,161,0,0,0,0,2,0,0,0,2056,31082107,2018,0.1,0,0,0,30.7,31.7,29.9,29.2,29.2,30.8,29.1,29.3,29.2,29.7,31,360957,1065,0,0,0,0,0,0,0,60,-0.6,12164026,72322,0,3404.94,0,1200,400,720,240,4200,7500,8500,102,1.5,6000,0,0,0,0,0,30,0,30,35,33,0,0
2026-08-07T20:19:25.814000+09:00,2026-08-07T11:19:25.814000+00:00,094623,0.0,2,0,0,0,0,13354,0,13354,0,0,0,0,4623,-24512,10330,0,256,0,161,0,0,0,0,2,0,0,0,2056,31082107,2018,0.1,0,0,0,30.7,31.7,29.9,29.1,29.2,30.8,29.1,29.3,29.2,29.7,31,360957,1065,0,0,0,0,0,0,0,60,-0.6,12164026,72322,0,3404.94,0,1200,400,720,240,4200,7500,8500,102,1.5,6000,0,0,0,0,0,30,0,30,35,33,0,0
2026-08-07T20:20:25.889000+09:00,2026-08-07T11:20:25.889000+00:00,094623,0.0,2,0,0,0,0,13354,0,13354,0,0,0,0,4623,-24512,10330,0,256,0,161,0,0,0,0,2,0,0,0,2056,31082107,2018,0.1,0,0,0,30.7,31.8,29.9,29.1,29.2,30.7,29.1,29.3,29.2,29.7,31,360957,1065,0,0,0,0,0,0,0,60,-0.6,12164026,72323,0,3404.94,0,1200,400,720,240,4200,7500,8500,102,1.5,6000,0,0,0,0,0,30,0,30,35,33,0,0
2026-08-07T20:21:25.986000+09:00,2026-08-07T11:21:25.986000+00:00,094623,0.0,2,0,0,0,0,13354,0,13354,0,0,0,0,4623,-24512,10330,0,256,0,161,0,0,0,0,2,0,0,0,2056,31082107,2018,0.1,0,0,0,30.6,31.7,29.9,29.1,29.2,30.7,29.1,29.3,29.2,29.7,31,360957,1065,0,0,0,0,0,0,0,60,-0.6,12164026,72323,0,3404.94,0,1200,400,720,240,4200,7500,8500,102,1.5,6000,0,0,0,0,0,30,0,30,35,33,0,0
2026-08-07T20:22:26.084000+09:00,2026-08-07T11:22:26.084000+00:00,094623,0.0,2,0,0,0,0,13354,0,13354,0,0,0,0,4623,-24512,10330,0,256,0,161,0,0,0,0,2,0,0,0,2056,31082107,2018,0.09,0,0,0,30.6,31.7,29.9,29.1,29.1,30.7,29,29.3,29.2,29.7,31,360957,1065,0,0,0,0,0,0,0,60,-0.58,12164026,72323,0,3404.94,0,1200,400,720,240,4200,7500,8500,102,1.5,6000,0,0,0,0,0,30,0,30,35,33,0,0
2026-08-07T20:23:26.166000+09:00,2026-08-07T11:23:26.166000+00:00,094623,0.0,2,0,0,0,0,13354,0,13354,0,0,0,0,4623,-24512,10330,0,256,0,161,0,0,0,0,2,0,0,0,2056,31082107,2018,0.1,0,0,0,30.6,31.7,29.8,29.1,29.1,30.7,29,29.3,29.2,29.7,31,360957,1065,0,0,0,0,0,0,0,60,-0.59,12164026,72323,0,3404.94,0,1200,400,720,240,4200,7500,8500,102,1.5,6000,0,0,0,0,0,30,0,30,35,33,0,0
2026-08-07T20:24:26.270000+09:00,2026-08-07T11:24:26.270000+00:00,094623,0.0,2,0,0,0,0,13354,0,13354,0,0,0,0,4623,-24512,10330,0,256,0,161,0,0,0,0,2,0,0,0,2056,31082107,2018,0.09,0,0,0,30.6,31.7,29.8,29.1,29.1,30.7,29,29.2,29.1,29.6,31,360957,1065,0,0,0,0,0,0,0,60,-0.58,12164026,72323,0,3404.94,0,1200,400,720,240,4200,7500,8500,102,1.5,6000,0,0,0,0,0,30,0,30,35,33,0,0
2026-08-07T20:25:26.366000+09:00,2026-08-07T11:25:26.366000+00:00,094623,0.0,2,0,0,0,0,13354,0,13354,0,0,0,0,4623,-24512,10330,0,256,0,161,0,0,0,0,2,0,0,0,2056,31082107,2018,0.1,0,0,0,30.6,31.7,29.8,29,29.1,30.7,29,29.2,29.1,29.6,31,360957,1065,0,0,0,0,0,0,0,60,-0.57,12164026,72323,0,3404.94,0,1200,400,720,240,4200,7500,8500,102,1.5,6000,0,0,0,0,0,30,0,30,35,33,0,0
2026-08-07T20:26:26.454000+09:00,2026-08-07T11:26:26.454000+00:00,094623,0.0,2,0,0,0,0,13354,0,13354,0,0,0,0,4623,-24512,10330,0,256,0,161,0,0,0,0,2,0,0,0,2056,31082107,2018,0.1,0,0,0,30.6,31.7,29.8,29,29.1,30.7,29,29.2,29.1,29.6,31,360957,1065,0,0,0,0,0,0,0,60,-0.56,12164026,72323,0,3404.94,0,1200,400,720,240,4200,7500,8500,102,1.5,6000,0,0,0,0,0,30,0,30,35,33,0,0
2026-08-07T20:27:26.609000+09:00,2026-08-07T11:27:26.609000+00:00,094623,0.0,2,0,0,0,0,13354,0,13354,0,0,0,0,4623,-24512,10330,0,256,0,161,0,0,0,0,2,0,0,0,2056,31082107,2018,0.1,0,0,0,30.6,31.7,29.8,29,29,30.6,29,29.2,29.1,29.6,31,360957,1065,0,0,0,0,0,0,0,60,-0.55,12164026,72323,0,3404.94,0,1200,400,720,240,4200,7500,8500,102,1.5,6000,0,0,0,0,0,30,0,30,35,33,0,0
2026-08-07T20:28:26.667000+09:00,2026-08-07T11:28:26.667000+00:00,094623,0.0,2,0,0,0,0,13354,0,13354,0,0,0,0,4623,-24512,10330,0,256,0,161,0,0,0,0,2,0,0,0,2056,31082107,2018,0.1,0,0,0,30.6,31.7,29.8,29,29,30.6,29,29.2,29.1,29.6,31,360957,1065,0,0,0,0,0,0,0,60,-0.54,12164026,72323,0,3404.94,0,1200,400,720,240,4200,7500,8500,102,1.5,6000,0,0,0,0,0,30,0,30,35,32.9,0,0
2026-08-07T20:29:26.760000+09:00,2026-08-07T11:29:26.760000+00:00,094623,0.0,2,0,0,0,0,13354,0,13354,0,0,0,0,4623,-24512,10330,0,256,0,161,0,0,0,0,2,0,0,0,2056,31082107,2018,0.1,0,0,0,30.5,31.7,29.8,28.9,29,30.6,29,29.2,29.1,29.6,31,360957,1065,0,0,0,0,0,0,0,60,-0.54,12164026,72323,0,3404.94,0,1200,400,720,240,4200,7500,8500,102,1.5,6000,0,0,0,0,0,30,0,30,35,33,0,0
2026-08-07T20:30:26.853000+09:00,2026-08-07T11:30:26.853000+00:00,094623,0.0,2,0,0,0,0,13354,0,13354,0,0,0,0,4623,-24512,10330,0,256,0,161,0,0,0,0,2,0,0,0,2056,31082107,2018,0.1,0,0,0,30.5,31.7,29.7,28.9,29,30.6,28.9,29.2,29.1,29.6,31,360957,1065,0,0,0,0,0,0,0,60,-0.53,12164026,72323,0,3404.94,0,1200,400,720,240,4200,7500,8500,102,1.5,6000,0,0,0,0,0,30,0,30,35,32.9,0,0
2026-08-07T20:31:26.961000+09:00,2026-08-07T11:31:26.961000+00:00,094623,0.0,2,0,0,0,0,13354,0,13354,0,0,0,0,4623,-24512,10330,0,256,0,161,0,0,0,0,2,0,0,0,2056,31082107,2018,0.1,0,0,0,30.5,31.7,29.7,28.9,29,30.6,28.9,29.2,29.1,29.6,31,360957,1065,0,0,0,0,0,0,0,60,-0.52,12164026,72324,0,3404.94,0,1200,400,720,240,4200,7500,8500,102,1.5,6000,0,0,0,0,0,30,0,30,35,32.9,0,0
2026-08-07T20:32:27.029000+09:00,2026-08-07T11:32:27.029000+00:00,094623,0.0,2,0,0,0,0,13354,0,13354,0,0,0,0,4623,-24512,10330,0,256,0,161,0,0,0,0,2,0,0,0,2056,31082107,2018,0.09,0,0,0,30.5,31.6,29.7,28.9,28.9,30.6,28.9,29.2,29,29.6,31,360957,1065,0,0,0,0,0,0,0,60,-0.51,12164026,72324,0,3404.94,0,1200,400,720,240,4200,7500,8500,102,1.5,6000,0,0,0,0,0,30,0,30,35,32.9,0,0
2026-08-07T20:33:27.126000+09:00,2026-08-07T11:33:27.126000+00:00,094623,0.0,2,0,0,0,0,13354,0,13354,0,0,0,0,4623,-24512,10330,0,256,0,161,0,0,0,0,2,0,0,0,2056,31082107,2018,0.1,0,0,0,30.5,31.6,29.7,28.9,28.9,30.6,28.9,29.2,29,29.5,31,360957,1065,0,0,0,0,0,0,0,60,-0.51,12164026,72324,0,3404.94,0,1200,400,720,240,4200,7500,8500,102,1.5,6000,0,0,0,0,0,30,0,30,35,32.9,0,0
2026-08-07T20:34:27.212000+09:00,2026-08-07T11:34:27.212000+00:00,094623,0.0,2,0,0,0,0,13354,0,13354,0,0,0,0,4623,-24512,10330,0,256,0,161,0,0,0,0,2,0,0,0,2056,31082107,2018,0.1,0,0,0,30.5,31.6,29.7,28.9,28.9,30.5,28.9,29.1,29,29.5,31,360957,1065,0,0,0,0,0,0,0,60,-0.5,12164026,72324,0,3404.94,0,1200,400,720,240,4200,7500,8500,102,1.5,6000,0,0,0,0,0,30,0,30,35,32.9,0,0
2026-08-07T20:35:27.325000+09:00,2026-08-07T11:35:27.325000+00:00,094623,0.0,2,0,0,0,0,13354,0,13354,0,0,0,0,4623,-24512,10330,0,256,0,161,0,0,0,0,2,0,0,0,2056,31082107,2018,0.09,0,0,0,30.5,31.6,29.7,28.9,28.9,30.5,28.9,29.1,29,29.5,31,360957,1065,0,0,0,0,0,0,0,60,-0.49,12164026,72324,0,3404.94,0,1200,400,720,240,4200,7500,8500,102,1.5,6000,0,0,0,0,0,30,0,30,35,32.9,0,0
2026-08-07T20:36:27.430000+09:00,2026-08-07T11:36:27.430000+00:00,094623,0.0,2,0,0,0,0,13354,0,13354,0,0,0,0,4623,-24512,10330,0,256,0,161,0,0,0,0,2,0,0,0,2056,31082107,2018,0.09,0,0,0,30.5,31.6,29.6,28.8,28.9,30.5,28.9,29.1,29,29.5,31,360957,1065,0,0,0,0,0,0,0,60,-0.48,12164026,72324,0,3404.94,0,1200,400,720,240,4200,7500,8500,102,1.5,6000,0,0,0,0,0,30,0,30,35,32.9,0,0
2026-08-07T20:37:27.519000+09:00,2026-08-07T11:37:27.519000+00:00,094623,0.0,2,0,0,0,0,13354,0,13354,0,0,0,0,4623,-24512,10330,0,256,0,161,0,0,0,0,2,0,0,0,2056,31082107,2018,0.1,0,0,0,30.4,31.6,29.6,28.8,28.8,30.5,28.8,29.1,29,29.5,31,360957,1065,0,0,0,0,0,0,0,60,-0.47,12164026,72324,0,3404.94,0,1200,400,720,240,4200,7500,8500,102,1.5,6000,0,0,0,0,0,30,0,30,35,32.9,0,0
2026-08-07T20:38:27.619000+09:00,2026-08-07T11:38:27.619000+00:00,094623,0.0,2,0,0,0,0,13354,0,13354,0,0,0,0,4623,-24512,10330,0,256,0,161,0,0,0,0,2,0,0,0,2056,31082107,2018,0.09,0,0,0,30.4,31.6,29.6,28.8,28.8,30.5,28.8,29.1,29,29.5,31,360957,1065,0,0,0,0,0,0,0,60,-0.47,12164026,72324,0,3404.94,0,1200,400,720,240,4200,7500,8500,102,1.5,6000,0,0,0,0,0,30,0,30,35,32.8,0,0
2026-08-07T20:39:27.731000+09:00,2026-08-07T11:39:27.731000+00:00,094623,0.0,2,0,0,0,0,13354,0,13354,0,0,0,0,4623,-24512,10330,0,256,0,161,0,0,0,0,2,0,0,0,2056,31082107,2018,0.09,0,0,0,30.4,31.6,29.6,28.8,28.8,30.5,28.8,29.1,29,29.5,31,360957,1065,0,0,0,0,0,0,0,60,-0.46,12164026,72324,0,3404.94,0,1200,400,720,240,4200,7500,8500,102,1.5,6000,0,0,0,0,0,30,0,30,35,32.8,0,0
2026-08-07T20:40:27.837000+09:00,2026-08-07T11:40:27.837000+00:00,094623,0.0,2,0,0,0,0,13354,0,13354,0,0,0,0,4623,-24512,10330,0,256,0,161,0,0,0,0,2,0,0,0,2056,31082107,2018,0.09,0,0,0,30.4,31.6,29.6,28.8,28.8,30.5,28.8,29.1,28.9,29.5,31,360957,1065,0,0,0,0,0,0,0,60,-0.46,12164026,72324,0,3404.94,0,1200,400,720,240,4200,7500,8500,102,1.5,6000,0,0,0,0,0,30,0,30,35,32.8,0,0
2026-08-07T20:41:27.925000+09:00,2026-08-07T11:41:27.925000+00:00,094623,0.0,2,0,0,0,0,13354,0,13354,0,0,0,0,4623,-24512,10330,0,256,0,161,0,0,0,0,2,0,0,0,2056,31082107,2018,0.09,0,0,0,30.4,31.6,29.6,28.8,28.8,30.5,28.8,29.1,28.9,29.5,31,360957,1065,0,0,0,0,0,0,0,60,-0.45,12164026,72324,0,3404.94,0,1200,400,720,240,4200,7500,8500,102,1.5,6000,0,0,0,0,0,30,0,30,35,32.8,0,0
2026-08-07T20:42:28.034000+09:00,2026-08-07T11:42:28.034000+00:00,094623,0.0,2,0,0,0,0,13354,0,13354,0,0,0,0,4623,-24512,10330,0,256,0,161,0,0,0,0,2,0,0,0,2056,31082107,2018,0.09,0,0,0,30.4,31.6,29.5,28.8,28.8,30.4,28.8,29.1,28.9,29.4,31,360957,1065,0,0,0,0,0,0,0,60,-0.45,12164026,72324,0,3404.94,0,1200,400,720,240,4200,7500,8500,102,1.5,6000,0,0,0,0,0,30,0,30,35,32.8,0,0
2026-08-07T20:43:28.122000+09:00,2026-08-07T11:43:28.122000+00:00,094623,0.0,2,0,0,0,0,13354,0,13354,0,0,0,0,4623,-24512,10330,0,256,0,161,0,0,0,0,2,0,0,0,2056,31082107,2018,0.09,0,0,0,30.4,31.6,29.5,28.8,28.8,30.4,28.8,29,28.9,29.4,31.1,360957,1065,0,0,0,0,0,0,0,60,-0.44,12164026,72325,0,3404.94,0,1200,400,720,240,4200,7500,8500,102,1.5,6000,0,0,0,0,0,30,0,30,35,32.8,0,0
2026-08-07T20:44:28.226000+09:00,2026-08-07T11:44:28.226000+00:00,094623,0.0,2,0,0,0,0,13354,0,13354,0,0,0,0,4623,-24512,10330,0,256,0,161,0,0,0,0,2,0,0,0,2056,31082107,2018,0.09,0,0,0,30.4,31.6,29.5,28.8,28.7,30.4,28.7,29,28.9,29.4,31.1,360957,1065,0,0,0,0,0,0,0,60,-0.43,12164026,72325,0,3404.94,0,1200,400,720,240,4200,7500,8500,102,1.5,6000,0,0,0,0,0,30,0,30,35,32.8,0,0
2026-08-07T20:45:28.318000+09:00,2026-08-07T11:45:28.318000+00:00,094623,0.0,2,0,0,0,0,13354,0,13354,0,0,0,0,4623,-24512,10330,0,256,0,161,0,0,0,0,2,0,0,0,2056,31082107,2018,0.09,0,0,0,30.4,31.6,29.5,28.7,28.7,30.4,28.7,29,28.9,29.4,31.1,360957,1065,0,0,0,0,0,0,0,60,-0.42,12164026,72325,0,3404.94,0,1200,400,720,240,4200,7500,8500,102,1.5,6000,0,0,0,0,0,30,0,30,35,32.8,0,0
2026-08-07T20:46:28.415000+09:00,2026-08-07T11:46:28.415000+00:00,094623,0.0,2,0,0,0,0,13354,0,13354,0,0,0,0,4623,-24512,10330,0,256,0,161,0,0,0,0,2,0,0,0,2056,31082107,2018,0.09,0,0,0,30.4,31.5,29.5,28.7,28.7,30.4,28.7,29,28.8,29.4,31,360957,1065,0,0,0,0,0,0,0,60,-0.42,12164026,72325,0,3404.94,0,1200,400,720,240,4200,7500,8500,102,1.5,6000,0,0,0,0,0,30,0,30,35,32.8,0,0
2026-08-07T20:47:28.510000+09:00,2026-08-07T11:47:28.510000+00:00,094623,0.0,2,0,0,0,0,13354,0,13354,0,0,0,0,4623,-24512,10330,0,256,0,161,0,0,0,0,2,0,0,0,2056,31082107,2018,0.09,0,0,0,30.3,31.5,29.5,28.7,28.7,30.4,28.7,29,28.8,29.4,31.1,360957,1065,0,0,0,0,0,0,0,60,-0.41,12164026,72325,0,3404.94,0,1200,400,720,240,4200,7500,8500,102,1.5,6000,0,0,0,0,0,30,0,30,35,32.8,0,0
2026-08-07T20:48:28.626000+09:00,2026-08-07T11:48:28.626000+00:00,094623,0.0,2,0,0,0,0,13354,0,13354,0,0,0,0,4623,-24512,10330,0,256,0,161,0,0,0,0,2,0,0,0,2056,31082107,2018,0.09,0,0,0,30.3,31.5,29.5,28.7,28.7,30.4,28.7,29,28.8,29.4,31.1,360957,1065,0,0,0,0,0,0,0,60,-0.4,12164026,72325,0,3404.94,0,1200,400,720,240,4200,7500,8500,102,1.5,6000,0,0,0,0,0,30,0,30,35,32.7,0,0
2026-08-07T20:49:28.712000+09:00,2026-08-07T11:49:28.712000+00:00,094623,0.0,2,0,0,0,0,13354,0,13354,0,0,0,0,4623,-24512,10330,0,256,0,161,0,0,0,0,2,0,0,0,2056,31082107,2018,0.09,0,0,0,30.3,31.5,29.4,28.7,28.7,30.4,28.7,29,28.8,29.4,31.1,360957,1065,0,0,0,0,0,0,0,60,-0.4,12164026,72325,0,3404.94,0,1200,400,720,240,4200,7500,8500,102,1.5,6000,0,0,0,0,0,30,0,30,35,32.7,0,0
2026-08-07T20:50:28.808000+09:00,2026-08-07T11:50:28.808000+00:00,094623,0.0,2,0,0,0,0,13354,0,13354,0,0,0,0,4623,-24512,10330,0,256,0,161,0,0,0,0,2,0,0,0,2056,31082107,2018,0.1,0,0,0,30.3,31.5,29.4,28.7,28.6,30.3,28.7,29,28.8,29.3,31.1,360957,1065,0,0,0,0,0,0,0,60,-0.4,12164026,72325,0,3404.94,0,1200,400,720,240,4200,7500,8500,102,1.5,6000,0,0,0,0,0,30,0,30,35,32.7,0,0
2026-08-07T20:51:28.907000+09:00,2026-08-07T11:51:28.907000+00:00,094623,0.0,2,0,0,0,0,13354,0,13354,0,0,0,0,4623,-24512,10330,0,256,0,161,0,0,0,0,2,0,0,0,2056,31082107,2018,0.09,0,0,0,30.3,31.5,29.4,28.6,28.6,30.3,28.7,28.9,28.8,29.3,31.1,360957,1065,0,0,0,0,0,0,0,60,-0.4,12164026,72325,0,3404.94,0,1200,400,720,240,4200,7500,8500,102,1.5,6000,0,0,0,0,0,30,0,30,35,32.7,0,0
2026-08-07T20:52:29.009000+09:00,2026-08-07T11:52:29.009000+00:00,094623,0.0,2,0,0,0,0,13354,0,13354,0,0,0,0,4623,-24512,10330,0,256,0,161,0,0,0,0,2,0,0,0,2056,31082107,2018,0.09,0,0,0,30.3,31.5,29.4,28.6,28.6,30.3,28.7,28.9,28.8,29.3,31.1,360957,1065,0,0,0,0,0,0,0,60,-0.39,12164026,72325,0,3404.94,0,1200,400,720,240,4200,7500,8500,102,1.5,6000,0,0,0,0,0,30,0,30,35,32.7,0,0
2026-08-07T20:53:29.125000+09:00,2026-08-07T11:53:29.125000+00:00,094623,0.0,2,0,0,0,0,13354,0,13354,0,0,0,0,4623,-24512,10330,0,256,0,161,0,0,0,0,2,0,0,0,2056,31082107,2018,0.09,0,0,0,30.3,31.5,29.4,28.6,28.6,30.3,28.7,28.9,28.8,29.3,31.1,360957,1065,0,0,0,0,0,0,0,60,-0.38,12164026,72325,0,3404.94,0,1200,400,720,240,4200,7500,8500,102,1.5,6000,0,0,0,0,0,30,0,30,35,32.7,0,0
2026-08-07T20:54:29.275000+09:00,2026-08-07T11:54:29.275000+00:00,094623,0.0,2,0,0,0,0,13354,0,13354,0,0,0,0,4623,-24512,10330,0,256,0,161,0,0,0,0,2,0,0,0,2056,31082107,2018,0.09,0,0,0,30.2,31.5,29.4,28.6,28.6,30.3,28.6,28.9,28.7,29.3,31.1,360957,1065,0,0,0,0,0,0,0,60,-0.38,12164026,72325,0,3404.94,0,1200,400,720,240,4200,7500,8500,102,1.5,6000,0,0,0,0,0,30,0,30,35,32.7,0,0
2026-08-07T20:55:29.367000+09:00,2026-08-07T11:55:29.367000+00:00,094623,0.0,2,0,0,0,0,13354,0,13354,0,0,0,0,4623,-24512,10330,0,256,0,161,0,0,0,0,2,0,0,0,2056,31082107,2018,0.09,0,0,0,30.2,31.5,29.4,28.6,28.6,30.3,28.6,28.9,28.7,29.3,31.1,360957,1065,0,0,0,0,0,0,0,60,-0.37,12164026,72325,0,3404.94,0,1200,400,720,240,4200,7500,8500,102,1.5,6000,0,0,0,0,0,30,0,30,35,32.7,0,0
2026-08-07T20:56:29.517000+09:00,2026-08-07T11:56:29.517000+00:00,094623,0.0,2,0,0,0,0,13354,0,13354,0,0,0,0,4623,-24512,10330,0,256,0,161,0,0,0,0,2,0,0,0,2056,31082107,2018,0.1,0,0,0,30.2,31.4,29.4,28.6,28.6,30.3,28.6,28.9,28.7,29.3,31.1,360957,1065,0,0,0,0,0,0,0,60,-0.36,12164026,72325,0,3404.94,0,1200,400,720,240,4200,7500,8500,102,1.5,6000,0,0,0,0,0,30,0,30,35,32.6,0,0
2026-08-07T20:57:29.549000+09:00,2026-08-07T11:57:29.549000+00:00,094623,0.0,2,0,0,0,0,13354,0,13354,0,0,0,0,4623,-24512,10330,0,256,0,161,0,0,0,0,2,0,0,0,2056,31082107,2018,0.1,0,0,0,30.2,31.5,29.3,28.6,28.6,30.2,28.6,28.9,28.7,29.2,31.1,360957,1065,0,0,0,0,0,0,0,60,-0.36,12164026,72325,0,3404.94,0,1200,400,720,240,4200,7500,8500,102,1.5,6000,0,0,0,0,0,30,0,30,35,32.7,0,0
2026-08-07T20:58:29.632000+09:00,2026-08-07T11:58:29.632000+00:00,094623,0.0,2,0,0,0,0,13354,0,13354,0,0,0,0,4623,-24512,10330,0,256,0,161,0,0,0,0,2,0,0,0,2056,31082107,2018,0.09,0,0,0,30.2,31.5,29.3,28.6,28.5,30.2,28.6,28.8,28.7,29.2,31.1,360957,1065,0,0,0,0,0,0,0,60,-0.35,12164026,72326,0,3404.94,0,1200,400,720,240,4200,7500,8500,102,1.5,6000,0,0,0,0,0,30,0,30,35,32.6,0,0
2026-08-07T20:59:29.739000+09:00,2026-08-07T11:59:29.739000+00:00,094623,0.0,2,0,0,0,0,13354,0,13354,0,0,0,0,4623,-24512,10330,0,256,0,161,0,0,0,0,2,0,0,0,2056,31082107,2018,0.09,0,0,0,30.2,31.5,29.3,28.6,28.5,30.2,28.6,28.8,28.7,29.2,31.1,360957,1065,0,0,0,0,0,0,0,60,-0.35,12164026,72326,0,3404.94,0,1200,400,720,240,4200,7500,8500,102,1.5,6000,0,0,0,0,0,30,0,30,35,32.6,0,0
2026-08-07T21:00:29.838000+09:00,2026-08-07T12:00:29.838000+00:00,094623,0.0,2,0,0,0,0,13354,0,13354,0,0,0,0,4623,-24512,10330,0,256,0,161,0,0,0,0,2,0,0,0,2056,31082107,2018,0.09,0,0,0,30.2,31.5,29.3,28.5,28.5,30.2,28.5,28.8,28.7,29.2,31.1,360957,1065,0,0,0,0,0,0,0,60,-0.35,12164026,72326,0,3404.94,0,1200,400,720,240,4200,7500,8500,102,1.5,6000,0,0,0,0,0,30,0,30,35,32.6,0,0
2026-08-07T21:01:29.972000+09:00,2026-08-07T12:01:29.972000+00:00,094623,0.0,2,0,0,0,0,13354,0,13354,0,0,0,0,4623,-24512,10330,0,256,0,161,0,0,0,0,2,0,0,0,2056,31082107,2018,0.09,0,0,0,30.2,31.4,29.3,28.5,28.5,30.2,28.5,28.8,28.7,29.2,31.1,360957,1065,0,0,0,0,0,0,0,60,-0.34,12164026,72326,0,3404.94,0,1200,400,720,240,4200,7500,8500,102,1.5,6000,0,0,0,0,0,30,0,30,35,32.6,0,0
2026-08-07T21:02:30.044000+09:00,2026-08-07T12:02:30.044000+00:00,094623,0.0,2,0,0,0,0,13354,0,13354,0,0,0,0,4623,-24512,10330,0,256,0,161,0,0,0,0,2,0,0,0,2056,31082107,2018,0.09,0,0,0,30.2,31.4,29.3,28.5,28.5,30.2,28.5,28.8,28.6,29.2,31.1,360957,1065,0,0,0,0,0,0,0,60,-0.33,12164026,72326,0,3404.94,0,1200,400,720,240,4200,7500,8500,102,1.5,6000,0,0,0,0,0,30,0,30,35,32.5,0,0
2026-08-07T21:03:30.141000+09:00,2026-08-07T12:03:30.141000+00:00,094623,0.0,2,0,0,0,0,13354,0,13354,0,0,0,0,4623,-24512,10330,0,256,0,161,0,0,0,0,2,0,0,0,2056,31082107,2018,0.09,0,0,0,30.1,31.5,29.3,28.5,28.5,30.2,28.5,28.8,28.6,29.2,31.1,360957,1065,0,0,0,0,0,0,0,60,-0.33,12164026,72326,0,3404.94,0,1200,400,720,240,4200,7500,8500,102,1.5,6000,0,0,0,0,0,30,0,30,35,32.6,0,0
2026-08-07T21:04:30.250000+09:00,2026-08-07T12:04:30.250000+00:00,094623,0.0,2,0,0,0,0,13354,0,13354,0,0,0,0,4623,-24512,10330,0,256,0,161,0,0,0,0,2,0,0,0,2056,31082107,2018,0.09,0,0,0,30.1,31.5,29.2,28.5,28.5,30.2,28.5,28.8,28.6,29.2,31.1,360957,1065,0,0,0,0,0,0,0,60,-0.33,12164026,72326,0,3404.94,0,1200,400,720,240,4200,7500,8500,102,1.5,6000,0,0,0,0,0,30,0,30,35,32.5,0,0
2026-08-07T21:05:30.402000+09:00,2026-08-07T12:05:30.402000+00:00,094623,0.0,2,0,0,0,0,13354,0,13354,0,0,0,0,4623,-24512,10330,0,256,0,161,0,0,0,0,2,0,0,0,2056,31082107,2018,0.09,0,0,0,30.1,31.5,29.2,28.5,28.5,30.1,28.5,28.8,28.6,29.2,31.1,360957,1065,0,0,0,0,0,0,0,60,-0.32,12164026,72326,0,3404.94,0,1200,400,720,240,4200,7500,8500,102,1.5,6000,0,0,0,0,0,30,0,30,35,32.5,0,0
2026-08-07T21:06:30.477000+09:00,2026-08-07T12:06:30.477000+00:00,094623,0.0,2,0,0,0,0,13354,0,13354,0,0,0,0,4623,-24512,10330,0,256,0,161,0,0,0,0,2,0,0,0,2056,31082107,2018,0.09,0,0,0,30.1,31.4,29.2,28.5,28.5,30.1,28.5,28.8,28.6,29.1,31.1,360957,1065,0,0,0,0,0,0,0,60,-0.32,12164026,72326,0,3404.94,0,1200,400,720,240,4200,7500,8500,102,1.5,6000,0,0,0,0,0,30,0,30,35,32.5,0,0
2026-08-07T21:07:30.562000+09:00,2026-08-07T12:07:30.562000+00:00,094623,0.0,2,0,0,0,0,13354,0,13354,0,0,0,0,4623,-24512,10330,0,256,0,161,0,0,0,0,2,0,0,0,2056,31082107,2018,0.09,0,0,0,30.1,31.4,29.2,28.5,28.5,30.1,28.5,28.8,28.6,29.1,31.1,360957,1065,0,0,0,0,0,0,0,60,-0.32,12164026,72326,0,3404.94,0,1200,400,720,240,4200,7500,8500,102,1.5,6000,0,0,0,0,0,30,0,30,35,32.5,0,0
2026-08-07T21:08:30.649000+09:00,2026-08-07T12:08:30.649000+00:00,094623,0.0,2,0,0,0,0,13354,0,13354,0,0,0,0,4623,-24512,10330,0,256,0,161,0,0,0,0,2,0,0,0,2056,31082107,2018,0.09,0,0,0,30.1,31.4,29.2,28.5,28.5,30.1,28.5,28.7,28.6,29.1,31.1,360957,1065,0,0,0,0,0,0,0,60,-0.32,12164026,72326,0,3404.94,0,1200,400,720,240,4200,7500,8500,102,1.5,6000,0,0,0,0,0,30,0,30,35,32.5,0,0
2026-08-07T21:09:30.754000+09:00,2026-08-07T12:09:30.754000+00:00,094623,0.0,2,0,0,0,0,13354,0,13354,0,0,0,0,4623,-24512,10330,0,256,0,161,0,0,0,0,2,0,0,0,2056,31082107,2018,0.09,0,0,0,30.1,31.4,29.2,28.5,28.4,30.1,28.4,28.7,28.6,29.1,31.1,360957,1065,0,0,0,0,0,0,0,60,-0.31,12164026,72326,0,3404.94,0,1200,400,720,240,4200,7500,8500,102,1.5,6000,0,0,0,0,0,30,0,30,35,32.5,0,0
2026-08-07T21:10:30.844000+09:00,2026-08-07T12:10:30.844000+00:00,094623,0.0,2,0,0,0,0,13354,0,13354,0,0,0,0,4623,-24512,10330,0,256,0,161,0,0,0,0,2,0,0,0,2056,31082107,2018,0.09,0,0,0,30.1,31.4,29.2,28.5,28.4,30.1,28.4,28.7,28.6,29.1,31.1,360957,1065,0,0,0,0,0,0,0,60,-0.31,12164026,72326,0,3404.94,0,1200,400,720,240,4200,7500,8500,102,1.5,6000,0,0,0,0,0,30,0,30,35,32.5,0,0
2026-08-07T21:11:30.925000+09:00,2026-08-07T12:11:30.925000+00:00,094623,0.0,2,0,0,0,0,13354,0,13354,0,0,0,0,4623,-24512,10330,0,256,0,161,0,0,0,0,2,0,0,0,2056,31082107,2018,0.09,0,0,0,30.1,31.4,29.2,28.5,28.4,30.1,28.4,28.7,28.5,29.1,31.1,360957,1065,0,0,0,0,0,0,0,60,-0.31,12164026,72326,0,3404.94,0,1200,400,720,240,4200,7500,8500,102,1.5,6000,0,0,0,0,0,30,0,30,35,32.5,0,0
2026-08-07T21:12:31.019000+09:00,2026-08-07T12:12:31.019000+00:00,094623,0.0,2,0,0,0,0,13354,0,13354,0,0,0,0,4623,-24512,10330,0,256,0,161,0,0,0,0,2,0,0,0,2056,31082107,2018,0.09,0,0,0,30.1,31.4,29.2,28.5,28.4,30.1,28.4,28.7,28.5,29.1,31.1,360957,1065,0,0,0,0,0,0,0,60,-0.32,12164026,72326,0,3404.94,0,1200,400,720,240,4200,7500,8500,102,1.5,6000,0,0,0,0,0,30,0,30,35,32.4,0,0
2026-08-07T21:13:31.134000+09:00,2026-08-07T12:13:31.134000+00:00,094623,0.0,2,0,0,0,0,13354,0,13354,0,0,0,0,4623,-24512,10330,0,256,0,161,0,0,0,0,2,0,0,0,2056,31082107,2018,0.09,0,0,0,30.1,31.4,29.1,28.4,28.4,30,28.4,28.7,28.5,29.1,31.1,360957,1065,0,0,0,0,0,0,0,60,-0.31,12164026,72326,0,3404.94,0,1200,400,720,240,4200,7500,8500,102,1.5,6000,0,0,0,0,0,30,0,30,35,32.4,0,0
2026-08-07T21:14:31.232000+09:00,2026-08-07T12:14:31.232000+00:00,094623,0.0,2,0,0,0,0,13354,0,13354,0,0,0,0,4623,-24512,10330,0,256,0,161,0,0,0,0,2,0,0,0,2056,31082107,2018,0.09,0,0,0,30.1,31.4,29.1,28.4,28.4,30,28.4,28.6,28.5,29,31.1,360957,1065,0,0,0,0,0,0,0,60,-0.32,12164026,72326,0,3404.94,0,1200,400,720,240,4200,7500,8500,102,1.5,6000,0,0,0,0,0,30,0,30,35,32.4,0,0
2026-08-07T21:15:31.329000+09:00,2026-08-07T12:15:31.329000+00:00,094623,0.0,2,0,0,0,0,13354,0,13354,0,0,0,0,4623,-24512,10330,0,256,0,161,0,0,0,0,2,0,0,0,2056,31082107,2018,0.09,0,0,0,30,31.4,29.1,28.4,28.4,30,28.4,28.6,28.5,29,31.1,360957,1065,0,0,0,0,0,0,0,60,-0.32,12164026,72326,0,3404.94,0,1200,400,720,240,4200,7500,8500,102,1.5,6000,0,0,0,0,0,30,0,30,35,32.4,0,0
2026-08-07T21:16:31.437000+09:00,2026-08-07T12:16:31.437000+00:00,094623,0.0,2,0,0,0,0,13354,0,13354,0,0,0,0,4623,-24512,10330,0,256,0,161,0,0,0,0,2,0,0,0,2056,31082107,2018,0.09,0,0,0,30,31.4,29.1,28.4,28.4,30,28.4,28.6,28.5,29,31.1,360957,1065,0,0,0,0,0,0,0,60,-0.31,12164026,72326,0,3404.94,0,1200,400,720,240,4200,7500,8500,102,1.5,6000,0,0,0,0,0,30,0,30,35,32.4,0,0
2026-08-07T21:17:31.552000+09:00,2026-08-07T12:17:31.552000+00:00,094623,0.0,2,0,0,0,0,13354,0,13354,0,0,0,0,4623,-24512,10330,0,256,0,161,0,0,0,0,2,0,0,0,2056,31082107,2018,0.09,0,0,0,30,31.3,29.1,28.4,28.4,30,28.4,28.6,28.5,29,31.1,360957,1065,0,0,0,0,0,0,0,60,-0.31,12164026,72327,0,3404.94,0,1200,400,720,240,4200,7500,8500,102,1.5,6000,0,0,0,0,0,30,0,30,35,32.4,0,0
2026-08-07T21:18:31.638000+09:00,2026-08-07T12:18:31.638000+00:00,094623,0.0,2,0,0,0,0,13354,0,13354,0,0,0,0,4623,-24512,10330,0,256,0,161,0,0,0,0,2,0,0,0,2056,31082107,2018,0.09,0,0,0,30,31.4,29.1,28.4,28.4,30,28.3,28.6,28.4,29,31.1,360957,1065,0,0,0,0,0,0,0,60,-0.32,12164026,72327,0,3404.94,0,1200,400,720,240,4200,7500,8500,102,1.5,6000,0,0,0,0,0,30,0,30,35,32.4,0,0
2026-08-07T21:19:31.737000+09:00,2026-08-07T12:19:31.737000+00:00,094623,0.0,2,0,0,0,0,13354,0,13354,0,0,0,0,4623,-24512,10330,0,256,0,161,0,0,0,0,2,0,0,0,2056,31082107,2018,0.09,0,0,0,30,31.4,29.1,28.4,28.3,30,28.4,28.6,28.4,29,31.1,360957,1065,0,0,0,0,0,0,0,60,-0.31,12164026,72327,0,3404.94,0,1200,400,720,240,4200,7500,8500,102,1.5,6000,0,0,0,0,0,30,0,30,35,32.4,0,0
2026-08-07T21:20:31.834000+09:00,2026-08-07T12:20:31.834000+00:00,094623,0.0,2,0,0,0,0,13354,0,13354,0,0,0,0,4623,-24512,10330,0,256,0,161,0,0,0,0,2,0,0,0,2056,31082107,2018,0.09,0,0,0,30,31.3,29.1,28.4,28.3,30,28.3,28.6,28.4,29,31.1,360957,1065,0,0,0,0,0,0,0,60,-0.31,12164026,72327,0,3404.94,0,1200,400,720,240,4200,7500,8500,102,1.5,6000,0,0,0,0,0,30,0,30,35,32.3,0,0
2026-08-07T21:21:31.918000+09:00,2026-08-07T12:21:31.918000+00:00,094623,0.0,2,0,0,0,0,13354,0,13354,0,0,0,0,4623,-24512,10330,0,256,0,161,0,0,0,0,2,0,0,0,2056,31082107,2018,0.09,0,0,0,30,31.3,29.1,28.3,28.3,30,28.3,28.6,28.4,29,31.1,360957,1065,0,0,0,0,0,0,0,60,-0.31,12164026,72327,0,3404.94,0,1200,400,720,240,4200,7500,8500,102,1.5,6000,0,0,0,0,0,30,0,30,35,32.3,0,0
2026-08-07T21:22:32.008000+09:00,2026-08-07T12:22:32.008000+00:00,094623,0.0,2,0,0,0,0,13354,0,13354,0,0,0,0,4623,-24512,10330,0,256,0,161,0,0,0,0,2,0,0,0,2056,31082107,2018,0.09,0,0,0,30,31.3,29.1,28.3,28.3,30,28.3,28.6,28.4,28.9,31.1,360957,1065,0,0,0,0,0,0,0,60,-0.31,12164026,72327,0,3404.94,0,1200,400,720,240,4200,7500,8500,102,1.5,6000,0,0,0,0,0,30,0,30,35,32.3,0,0
2026-08-07T21:23:32.106000+09:00,2026-08-07T12:23:32.106000+00:00,094623,0.0,2,0,0,0,0,13354,0,13354,0,0,0,0,4623,-24512,10330,0,256,0,161,0,0,0,0,2,0,0,0,2056,31082107,2018,0.09,0,0,0,30,31.3,29,28.3,28.3,29.9,28.3,28.6,28.4,29,31.1,360957,1065,0,0,0,0,0,0,0,60,-0.31,12164026,72327,0,3404.94,0,1200,400,720,240,4200,7500,8500,102,1.5,6000,0,0,0,0,0,30,0,30,35,32.3,0,0
2026-08-07T21:24:32.188000+09:00,2026-08-07T12:24:32.188000+00:00,094623,0.0,2,0,0,0,0,13354,0,13354,0,0,0,0,4623,-24512,10330,0,256,0,161,0,0,0,0,2,0,0,0,2056,31082107,2018,0.09,0,0,0,30,31.2,29,28.3,28.3,29.9,28.3,28.5,28.4,29,31.1,360957,1065,0,0,0,0,0,0,0,60,-0.31,12164026,72327,0,3404.94,0,1200,400,720,240,4200,7500,8500,102,1.5,6000,0,0,0,0,0,30,0,30,35,32.3,0,0
2026-08-07T21:25:32.294000+09:00,2026-08-07T12:25:32.294000+00:00,094623,0.0,2,0,0,0,0,13354,0,13354,0,0,0,0,4623,-24512,10330,0,256,0,161,0,0,0,0,2,0,0,0,2056,31082107,2018,0.09,0,0,0,29.9,31.2,29,28.3,28.3,29.9,28.3,28.5,28.4,28.9,31.1,360957,1065,0,0,0,0,0,0,0,60,-0.31,12164026,72327,0,3404.94,0,1200,400,720,240,4200,7500,8500,102,1.5,6000,0,0,0,0,0,30,0,30,35,32.3,0,0
2026-08-07T21:26:32.393000+09:00,2026-08-07T12:26:32.393000+00:00,094623,0.0,2,0,0,0,0,13354,0,13354,0,0,0,0,4623,-24512,10330,0,256,0,161,0,0,0,0,2,0,0,0,2056,31082107,2018,0.09,0,0,0,29.9,31.3,29,28.3,28.3,29.9,28.3,28.5,28.4,28.9,31.1,360957,1065,0,0,0,0,0,0,0,60,-0.32,12164026,72327,0,3404.94,0,1200,400,720,240,4200,7500,8500,102,1.5,6000,0,0,0,0,0,30,0,30,35,32.3,0,0
2026-08-07T21:27:32.492000+09:00,2026-08-07T12:27:32.492000+00:00,094623,0.0,2,0,0,0,0,13354,0,13354,0,0,0,0,4623,-24512,10330,0,256,0,161,0,0,0,0,2,0,0,0,2056,31082107,2018,0.09,0,0,0,29.9,31.3,29,28.3,28.3,29.9,28.3,28.5,28.4,28.9,31.2,360957,1065,0,0,0,0,0,0,0,60,-0.31,12164026,72327,0,3404.94,0,1200,400,720,240,4200,7500,8500,102,1.5,6000,0,0,0,0,0,30,0,30,35,32.3,0,0
2026-08-07T21:28:32.632000+09:00,2026-08-07T12:28:32.632000+00:00,094623,0.0,2,0,0,0,0,13354,0,13354,0,0,0,0,4623,-24512,10330,0,256,0,161,0,0,0,0,2,0,0,0,2056,31082107,2018,0.09,0,0,0,29.9,31.3,29,28.3,28.3,29.9,28.3,28.5,28.4,28.9,31.2,360957,1065,0,0,0,0,0,0,0,60,-0.31,12164026,72327,0,3404.94,0,1200,400,720,240,4200,7500,8500,102,1.5,6000,0,0,0,0,0,30,0,30,35,32.3,0,0
2026-08-07T21:29:32.752000+09:00,2026-08-07T12:29:32.752000+00:00,094623,0.0,2,0,0,0,0,13354,0,13354,0,0,0,0,4623,-24512,10330,0,256,0,161,0,0,0,0,2,0,0,0,2056,31082107,2018,0.09,0,0,0,29.9,31.2,29,28.3,28.2,29.9,28.3,28.5,28.4,28.9,31.2,360957,1065,0,0,0,0,0,0,0,60,-0.32,12164026,72327,0,3404.94,0,1200,400,720,240,4200,7500,8500,102,1.5,6000,0,0,0,0,0,30,0,30,35,32.2,0,0
2026-08-07T21:30:32.835000+09:00,2026-08-07T12:30:32.835000+00:00,094623,0.0,2,0,0,0,0,13354,0,13354,0,0,0,0,4623,-24512,10330,0,256,0,161,0,0,0,0,2,0,0,0,2056,31082107,2018,0.09,0,0,0,29.9,31.3,29,28.3,28.2,29.9,28.2,28.5,28.3,28.9,31.2,360957,1065,0,0,0,0,0,0,0,60,-0.31,12164026,72327,0,3404.94,0,1200,400,720,240,4200,7500,8500,102,1.5,6000,0,0,0,0,0,30,0,30,35,32.2,0,0
2026-08-07T21:31:32.932000+09:00,2026-08-07T12:31:32.932000+00:00,094623,0.0,2,0,0,0,0,13354,0,13354,0,0,0,0,4623,-24512,10330,0,256,0,161,0,0,0,0,2,0,0,0,2056,31082107,2018,0.09,0,0,0,29.9,31.3,28.9,28.3,28.2,29.9,28.2,28.5,28.3,28.9,31.2,360957,1065,0,0,0,0,0,0,0,60,-0.32,12164026,72327,0,3404.94,0,1200,400,720,240,4200,7500,8500,102,1.5,6000,0,0,0,0,0,30,0,30,35,32.2,0,0
2026-08-07T21:32:33.083000+09:00,2026-08-07T12:32:33.083000+00:00,094623,0.0,2,0,0,0,0,13354,0,13354,0,0,0,0,4623,-24512,10330,0,256,0,161,0,0,0,0,2,0,0,0,2056,31082107,2018,0.09,0,0,0,29.9,31.3,28.9,28.2,28.2,29.9,28.2,28.5,28.3,28.9,31.2,360957,1065,0,0,0,0,0,0,0,60,-0.31,12164026,72327,0,3404.94,0,1200,400,720,240,4200,7500,8500,102,1.5,6000,0,0,0,0,0,30,0,30,35,32.2,0,0
2026-08-07T21:33:33.175000+09:00,2026-08-07T12:33:33.175000+00:00,094623,0.0,2,0,0,0,0,13354,0,13354,0,0,0,0,4623,-24512,10330,0,256,0,161,0,0,0,0,2,0,0,0,2056,31082107,2018,0.09,0,0,0,29.9,31.3,28.9,28.2,28.2,29.8,28.2,28.5,28.3,28.9,31.2,360957,1065,0,0,0,0,0,0,0,60,-0.31,12164026,72327,0,3404.94,0,1200,400,720,240,4200,7500,8500,102,1.5,6000,0,0,0,0,0,30,0,30,35,32.2,0,0
2026-08-07T21:34:33.271000+09:00,2026-08-07T12:34:33.271000+00:00,094623,0.0,2,0,0,0,0,13354,0,13354,0,0,0,0,4623,-24512,10330,0,256,0,161,0,0,0,0,2,0,0,0,2056,31082107,2018,0.09,0,0,0,29.9,31.2,28.9,28.2,28.2,29.8,28.2,28.5,28.3,28.9,31.2,360957,1065,0,0,0,0,0,0,0,60,-0.32,12164026,72327,0,3404.94,0,1200,400,720,240,4200,7500,8500,102,1.5,6000,0,0,0,0,0,30,0,30,35,32.2,0,0
2026-08-07T21:35:33.368000+09:00,2026-08-07T12:35:33.368000+00:00,094623,0.0,2,0,0,0,0,13354,0,13354,0,0,0,0,4623,-24512,10330,0,256,0,161,0,0,0,0,2,0,0,0,2056,31082107,2018,0.09,0,0,0,29.8,31.2,28.9,28.2,28.2,29.8,28.2,28.4,28.3,28.8,31.2,360957,1065,0,0,0,0,0,0,0,60,-0.31,12164026,72327,0,3404.94,0,1200,400,720,240,4200,7500,8500,102,1.5,6000,0,0,0,0,0,30,0,30,35,32.2,0,0
2026-08-07T21:36:33.483000+09:00,2026-08-07T12:36:33.483000+00:00,094623,0.0,2,0,0,0,0,13354,0,13354,0,0,0,0,4623,-24512,10330,0,256,0,161,0,0,0,0,2,0,0,0,2056,31082107,2018,0.09,0,0,0,29.8,31.2,28.9,28.2,28.2,29.8,28.2,28.5,28.3,28.8,31.2,360957,1065,0,0,0,0,0,0,0,60,-0.32,12164026,72328,0,3404.94,0,1200,400,720,240,4200,7500,8500,102,1.5,6000,0,0,0,0,0,30,0,30,35,32.2,0,0
2026-08-07T21:37:33.579000+09:00,2026-08-07T12:37:33.579000+00:00,094623,0.0,2,0,0,0,0,13354,0,13354,0,0,0,0,4623,-24512,10330,0,256,0,161,0,0,0,0,2,0,0,0,2056,31082107,2018,0.09,0,0,0,29.8,31.2,28.9,28.2,28.2,29.8,28.2,28.4,28.3,28.8,31.2,360957,1065,0,0,0,0,0,0,0,60,-0.32,12164026,72328,0,3404.94,0,1200,400,720,240,4200,7500,8500,102,1.5,6000,0,0,0,0,0,30,0,30,35,32.1,0,0
2026-08-07T21:38:33.679000+09:00,2026-08-07T12:38:33.679000+00:00,094623,0.0,2,0,0,0,0,13354,0,13354,0,0,0,0,4623,-24512,10330,0,256,0,161,0,0,0,0,2,0,0,0,2056,31082107,2018,0.09,0,0,0,29.8,31.2,28.9,28.2,28.1,29.8,28.2,28.4,28.3,28.8,31.2,360957,1065,0,0,0,0,0,0,0,60,-0.31,12164026,72328,0,3404.94,0,1200,400,720,240,4200,7500,8500,102,1.5,6000,0,0,0,0,0,30,0,30,35,32.2,0,0
2026-08-07T21:39:33.784000+09:00,2026-08-07T12:39:33.784000+00:00,094623,0.0,2,0,0,0,0,13354,0,13354,0,0,0,0,4623,-24512,10330,0,256,0,161,0,0,0,0,2,0,0,0,2056,31082107,2018,0.09,0,0,0,29.8,31.2,28.9,28.2,28.1,29.8,28.2,28.4,28.3,28.8,31.2,360957,1065,0,0,0,0,0,0,0,60,-0.31,12164026,72328,0,3404.94,0,1200,400,720,240,4200,7500,8500,102,1.5,6000,0,0,0,0,0,30,0,30,35,32.1,0,0
2026-08-07T21:40:33.895000+09:00,2026-08-07T12:40:33.895000+00:00,094623,0.0,2,0,0,0,0,13354,0,13354,0,0,0,0,4623,-24512,10330,0,256,0,161,0,0,0,0,2,0,0,0,2056,31082107,2018,0.09,0,0,0,29.8,31.2,28.9,28.2,28.1,29.8,28.2,28.4,28.2,28.8,31.2,360957,1065,0,0,0,0,0,0,0,60,-0.32,12164026,72328,0,3404.94,0,1200,400,720,240,4200,7500,8500,102,1.5,6000,0,0,0,0,0,30,0,30,35,32.1,0,0
2026-08-07T21:41:33.980000+09:00,2026-08-07T12:41:33.980000+00:00,094623,0.0,2,0,0,0,0,13354,0,13354,0,0,0,0,4623,-24512,10330,0,256,0,161,0,0,0,0,2,0,0,0,2056,31082107,2018,0.09,0,0,0,29.8,31.2,28.9,28.2,28.1,29.8,28.2,28.4,28.2,28.8,31.2,360957,1065,0,0,0,0,0,0,0,60,-0.32,12164026,72328,0,3404.94,0,1200,400,720,240,4200,7500,8500,102,1.5,6000,0,0,0,0,0,30,0,30,35,32.1,0,0
2026-08-07T21:42:34.079000+09:00,2026-08-07T12:42:34.079000+00:00,094623,0.0,2,0,0,0,0,13354,0,13354,0,0,0,0,4623,-24512,10330,0,256,0,161,0,0,0,0,2,0,0,0,2056,31082107,2018,0.09,0,0,0,29.8,31.2,28.8,28.2,28.1,29.7,28.1,28.4,28.2,28.8,31.2,360957,1065,0,0,0,0,0,0,0,60,-0.32,12164026,72328,0,3404.94,0,1200,400,720,240,4200,7500,8500,102,1.5,6000,0,0,0,0,0,30,0,30,35,32.1,0,0
2026-08-07T21:43:34.175000+09:00,2026-08-07T12:43:34.175000+00:00,094623,0.0,2,0,0,0,0,13354,0,13354,0,0,0,0,4623,-24512,10330,0,256,0,161,0,0,0,0,2,0,0,0,2056,31082107,2018,0.09,0,0,0,29.8,31.2,28.8,28.1,28.1,29.7,28.1,28.4,28.2,28.8,31.2,360957,1065,0,0,0,0,0,0,0,60,-0.32,12164026,72328,0,3404.94,0,1200,400,720,240,4200,7500,8500,102,1.5,6000,0,0,0,0,0,30,0,30,35,32.1,0,0
2026-08-07T21:44:34.269000+09:00,2026-08-07T12:44:34.269000+00:00,094623,0.0,2,0,0,0,0,13354,0,13354,0,0,0,0,4623,-24512,10330,0,256,0,161,0,0,0,0,2,0,0,0,2056,31082107,2018,0.09,0,0,0,29.8,31.2,28.8,28.1,28.1,29.7,28.1,28.4,28.2,28.8,31.2,360957,1065,0,0,0,0,0,0,0,60,-0.31,12164026,72328,0,3404.94,0,1200,400,720,240,4200,7500,8500,102,1.5,6000,0,0,0,0,0,30,0,30,35,32,0,0
2026-08-07T21:45:34.355000+09:00,2026-08-07T12:45:34.355000+00:00,094623,0.0,2,0,0,0,0,13354,0,13354,0,0,0,0,4623,-24512,10330,0,256,0,161,0,0,0,0,2,0,0,0,2056,31082107,2018,0.09,0,0,0,29.8,31.1,28.8,28.1,28.1,29.7,28.1,28.4,28.2,28.8,31.2,360957,1065,0,0,0,0,0,0,0,60,-0.32,12164026,72328,0,3404.94,0,1200,400,720,240,4200,7500,8500,102,1.5,6000,0,0,0,0,0,30,0,30,35,32,0,0
2026-08-07T21:46:34.457000+09:00,2026-08-07T12:46:34.457000+00:00,094623,0.0,2,0,0,0,0,13354,0,13354,0,0,0,0,4623,-24512,10330,0,256,0,161,0,0,0,0,2,0,0,0,2056,31082107,2018,0.09,0,0,0,29.7,31.2,28.8,28.1,28.1,29.7,28.1,28.3,28.2,28.8,31.2,360957,1065,0,0,0,0,0,0,0,60,-0.31,12164026,72328,0,3404.94,0,1200,400,720,240,4200,7500,8500,102,1.5,6000,0,0,0,0,0,30,0,30,35,32,0,0
2026-08-07T21:47:34.545000+09:00,2026-08-07T12:47:34.545000+00:00,094623,0.0,2,0,0,0,0,13354,0,13354,0,0,0,0,4623,-24512,10330,0,256,0,161,0,0,0,0,2,0,0,0,2056,31082107,2018,0.09,0,0,0,29.7,31.1,28.8,28.1,28.1,29.7,28.1,28.3,28.2,28.7,31.2,360957,1065,0,0,0,0,0,0,0,60,-0.32,12164026,72328,0,3404.94,0,1200,400,720,240,4200,7500,8500,102,1.5,6000,0,0,0,0,0,30,0,30,35,32,0,0
2026-08-07T21:48:34.659000+09:00,2026-08-07T12:48:34.659000+00:00,094623,0.0,2,0,0,0,0,13354,0,13354,0,0,0,0,4623,-24512,10330,0,256,0,161,0,0,0,0,2,0,0,0,2056,31082107,2018,0.09,0,0,0,29.7,31.1,28.8,28.1,28.1,29.7,28.1,28.3,28.2,28.7,31.2,360957,1065,0,0,0,0,0,0,0,60,-0.32,12164026,72328,0,3404.94,0,1200,400,720,240,4200,7500,8500,102,1.5,6000,0,0,0,0,0,30,0,30,35,32,0,0
2026-08-07T21:49:34.755000+09:00,2026-08-07T12:49:34.755000+00:00,094623,0.0,2,0,0,0,0,13354,0,13354,0,0,0,0,4623,-24512,10330,0,256,0,161,0,0,0,0,2,0,0,0,2056,31082107,2018,0.09,0,0,0,29.7,31.1,28.8,28.1,28,29.7,28.1,28.3,28.2,28.7,31.2,360957,1065,0,0,0,0,0,0,0,60,-0.32,12164026,72328,0,3404.94,0,1200,400,720,240,4200,7500,8500,102,1.5,6000,0,0,0,0,0,30,0,30,35,32,0,0
2026-08-07T21:50:34.852000+09:00,2026-08-07T12:50:34.852000+00:00,094623,0.0,2,0,0,0,0,13354,0,13354,0,0,0,0,4623,-24512,10330,0,256,0,161,0,0,0,0,2,0,0,0,2056,31082107,2018,0.09,0,0,0,29.7,31.1,28.8,28.1,28,29.7,28.1,28.3,28.2,28.7,31.2,360957,1065,0,0,0,0,0,0,0,60,-0.31,12164026,72328,0,3404.94,0,1200,400,720,240,4200,7500,8500,102,1.5,6000,0,0,0,0,0,30,0,30,35,32,0,0
2026-08-07T21:51:34.953000+09:00,2026-08-07T12:51:34.953000+00:00,094623,0.0,2,0,0,0,0,13354,0,13354,0,0,0,0,4623,-24512,10330,0,256,0,161,0,0,0,0,2,0,0,0,2056,31082107,2018,0.09,0,0,0,29.7,31.1,28.8,28.1,28,29.6,28.1,28.3,28.2,28.7,31.2,360957,1065,0,0,0,0,0,0,0,60,-0.31,12164026,72328,0,3404.94,0,1200,400,720,240,4200,7500,8500,102,1.5,6000,0,0,0,0,0,30,0,30,35,32,0,0
2026-08-07T21:52:35.045000+09:00,2026-08-07T12:52:35.045000+00:00,094623,0.0,2,0,0,0,0,13354,0,13354,0,0,0,0,4623,-24512,10330,0,256,0,161,0,0,0,0,2,0,0,0,2056,31082107,2018,0.09,0,0,0,29.7,31.1,28.8,28.1,28,29.6,28.1,28.3,28.2,28.7,31.2,360957,1065,0,0,0,0,0,0,0,60,-0.32,12164026,72328,0,3404.94,0,1200,400,720,240,4200,7500,8500,102,1.5,6000,0,0,0,0,0,30,0,30,35,32,0,0
2026-08-07T21:53:35.126000+09:00,2026-08-07T12:53:35.126000+00:00,094623,-2.8,2,0,0,0,0,13354,0,13354,0,0,0,0,4623,-24512,10330,0,256,0,161,0,0,0,0,2,0,0,0,2056,31082107,2018,0.09,2.75,0,0,29.7,31.1,28.8,28,28,29.6,28,28.3,28.1,28.7,31.2,360957,1065,0,0,0,0,0,0,0,60,-0.32,12164026,72328,0,3404.94,0,1200,400,720,240,4200,7500,8500,102,1.5,6000,0,0,0,0,0,30,0,30,35,32,0,0
2026-08-07T21:54:35.218000+09:00,2026-08-07T12:54:35.218000+00:00,094623,0.0,2,0,0,0,0,13354,0,13354,0,0,0,0,4623,-24512,10330,0,256,0,161,0,0,0,0,2,0,0,0,2056,31082107,2018,0.09,0,0,0,29.7,31.1,28.7,28,28,29.6,28,28.3,28.1,28.7,31.2,360957,1065,0,0,0,0,0,0,0,60,-0.31,12164026,72328,0,3404.94,0,1200,400,720,240,4200,7500,8500,102,1.5,6000,0,0,0,0,0,30,0,30,35,32,0,0
2026-08-07T21:55:35.312000+09:00,2026-08-07T12:55:35.312000+00:00,094623,0.0,2,0,0,0,0,13354,0,13354,0,0,0,0,4623,-24512,10330,0,256,0,161,0,0,0,0,2,0,0,0,2056,31082107,2018,0.09,0,0,0,29.6,31.1,28.7,28,28,29.6,28,28.3,28.1,28.7,31.2,360957,1065,0,0,0,0,0,0,0,60,-0.32,12164026,72329,0,3404.94,0,1200,400,720,240,4200,7500,8500,102,1.5,6000,0,0,0,0,0,30,0,30,35,32,0,0
2026-08-07T21:56:35.406000+09:00,2026-08-07T12:56:35.406000+00:00,094623,0.0,2,0,0,0,0,13354,0,13354,0,0,0,0,4623,-24512,10330,0,256,0,161,0,0,0,0,2,0,0,0,2056,31082107,2018,0.09,0,0,0,29.6,31.1,28.7,28,28,29.6,28,28.2,28.1,28.7,31.2,360957,1065,0,0,0,0,0,0,0,60,-0.32,12164026,72329,0,3404.94,0,1200,400,720,240,4200,7500,8500,102,1.5,6000,0,0,0,0,0,30,0,30,35,31.9,0,0
2026-08-07T21:57:35.512000+09:00,2026-08-07T12:57:35.512000+00:00,094623,0.0,2,0,0,0,0,13354,0,13354,0,0,0,0,4623,-24512,10330,0,256,0,161,0,0,0,0,2,0,0,0,2056,31082107,2018,0.09,0,0,0,29.6,31.1,28.7,28,28,29.6,28,28.2,28.1,28.7,31.2,360957,1065,0,0,0,0,0,0,0,60,-0.31,12164026,72329,0,3404.94,0,1200,400,720,240,4200,7500,8500,102,1.5,6000,0,0,0,0,0,30,0,30,35,31.9,0,0
2026-08-07T21:58:35.614000+09:00,2026-08-07T12:58:35.614000+00:00,094623,0.0,2,0,0,0,0,13354,0,13354,0,0,0,0,4623,-24512,10330,0,256,0,161,0,0,0,0,2,0,0,0,2056,31082107,2018,0.09,0,0,0,29.6,31.1,28.7,28,28,29.6,28,28.2,28.1,28.6,31.2,360957,1065,0,0,0,0,0,0,0,60,-0.31,12164026,72329,0,3404.94,0,1200,400,720,240,4200,7500,8500,102,1.5,6000,0,0,0,0,0,30,0,30,35,31.9,0,0
2026-08-07T21:59:35.712000+09:00,2026-08-07T12:59:35.712000+00:00,094623,0.0,2,0,0,0,0,13354,0,13354,0,0,0,0,4623,-24512,10330,0,256,0,161,0,0,0,0,2,0,0,0,2056,31082107,2018,0.09,0,0,0,29.6,31.1,28.7,28,27.9,29.6,28,28.2,28.1,28.6,31.2,360957,1065,0,0,0,0,0,0,0,60,-0.31,12164026,72329,0,3404.94,0,1200,400,720,240,4200,7500,8500,102,1.5,6000,0,0,0,0,0,30,0,30,35,31.9,0,0
2026-08-07T22:00:35.813000+09:00,2026-08-07T13:00:35.813000+00:00,094623,0.0,2,0,0,0,0,13354,0,13354,0,0,0,0,4623,-24512,10330,0,256,0,161,0,0,0,0,2,0,0,0,2056,31082107,2018,0.09,0,0,0,29.6,31,28.7,28,27.9,29.6,28,28.2,28.1,28.6,31.2,360957,1065,0,0,0,0,0,0,0,60,-0.31,12164026,72329,0,3404.94,0,1200,400,720,240,4200,7500,8500,102,1.5,6000,0,0,0,0,0,30,0,30,35,31.9,0,0
2026-08-07T22:01:35.942000+09:00,2026-08-07T13:01:35.942000+00:00,094623,0.0,2,0,0,0,0,13354,0,13354,0,0,0,0,4623,-24512,10330,0,256,0,161,0,0,0,0,2,0,0,0,2056,31082107,2018,0.09,0,0,0,29.6,31,28.7,27.9,27.9,29.6,28,28.2,28.1,28.6,31.3,360957,1065,0,0,0,0,0,0,0,60,-0.32,12164026,72329,0,3404.94,0,1200,400,720,240,4200,7500,8500,102,1.5,6000,0,0,0,0,0,30,0,30,35,31.9,0,0
2026-08-07T22:02:36.048000+09:00,2026-08-07T13:02:36.048000+00:00,094623,0.0,2,0,0,0,0,13354,0,13354,0,0,0,0,4623,-24512,10330,0,256,0,161,0,0,0,0,2,0,0,0,2056,31082107,2018,0.09,0,0,0,29.6,31,28.7,28,27.9,29.6,28,28.2,28.1,28.6,31.2,360957,1065,0,0,0,0,0,0,0,60,-0.32,12164026,72329,0,3404.94,0,1200,400,720,240,4200,7500,8500,102,1.5,6000,0,0,0,0,0,30,0,30,35,31.9,0,0
2026-08-07T22:03:36.140000+09:00,2026-08-07T13:03:36.140000+00:00,094623,0.0,2,0,0,0,0,13354,0,13354,0,0,0,0,4623,-24512,10330,0,256,0,161,0,0,0,0,2,0,0,0,2056,31082107,2018,0.09,0,0,0,29.6,31,28.6,27.9,27.9,29.5,28,28.2,28.1,28.6,31.2,360957,1065,0,0,0,0,0,0,0,60,-0.32,12164026,72329,0,3404.94,0,1200,400,720,240,4200,7500,8500,102,1.5,6000,0,0,0,0,0,30,0,30,35,31.9,0,0
2026-08-07T22:04:36.228000+09:00,2026-08-07T13:04:36.228000+00:00,094623,0.0,2,0,0,0,0,13354,0,13354,0,0,0,0,4623,-24512,10330,0,256,0,161,0,0,0,0,2,0,0,0,2056,31082107,2018,0.09,0,0,0,29.6,31,28.6,27.9,27.9,29.5,28,28.2,28.1,28.6,31.2,360957,1065,0,0,0,0,0,0,0,60,-0.31,12164026,72329,0,3404.94,0,1200,400,720,240,4200,7500,8500,102,1.5,6000,0,0,0,0,0,30,0,30,35,31.9,0,0
2026-08-07T22:05:36.332000+09:00,2026-08-07T13:05:36.332000+00:00,094623,0.0,2,0,0,0,0,13354,0,13354,0,0,0,0,4623,-24512,10330,0,256,0,161,0,0,0,0,2,0,0,0,2056,31082107,2018,0.09,0,0,0,29.6,31,28.6,27.9,27.9,29.5,27.9,28.2,28,28.6,31.2,360957,1065,0,0,0,0,0,0,0,60,-0.31,12164026,72329,0,3404.94,0,1200,400,720,240,4200,7500,8500,102,1.5,6000,0,0,0,0,0,30,0,30,35,31.9,0,0
2026-08-07T22:06:36.422000+09:00,2026-08-07T13:06:36.422000+00:00,094623,0.0,2,0,0,0,0,13354,0,13354,0,0,0,0,4623,-24512,10330,0,256,0,161,0,0,0,0,2,0,0,0,2056,31082107,2018,0.09,0,0,0,29.5,31,28.6,27.9,27.9,29.5,27.9,28.2,28,28.6,31.2,360957,1065,0,0,0,0,0,0,0,60,-0.31,12164026,72329,0,3404.94,0,1200,400,720,240,4200,7500,8500,102,1.5,6000,0,0,0,0,0,30,0,30,35,31.8,0,0
2026-08-07T22:07:36.513000+09:00,2026-08-07T13:07:36.513000+00:00,094623,0.0,2,0,0,0,0,13354,0,13354,0,0,0,0,4623,-24512,10330,0,256,0,161,0,0,0,0,2,0,0,0,2056,31082107,2018,0.09,0,0,0,29.5,31,28.6,27.9,27.9,29.5,27.9,28.2,28,28.6,31.2,360957,1065,0,0,0,0,0,0,0,60,-0.31,12164026,72329,0,3404.94,0,1200,400,720,240,4200,7500,8500,102,1.5,6000,0,0,0,0,0,30,0,30,35,31.8,0,0
2026-08-07T22:08:36.607000+09:00,2026-08-07T13:08:36.607000+00:00,094623,0.0,2,0,0,0,0,13354,0,13354,0,0,0,0,4623,-24512,10330,0,256,0,161,0,0,0,0,2,0,0,0,2056,31082107,2018,0.09,0,0,0,29.5,31,28.6,27.9,27.9,29.5,27.9,28.1,28,28.6,31.3,360957,1065,0,0,0,0,0,0,0,60,-0.31,12164026,72329,0,3404.94,0,1200,400,720,240,4200,7500,8500,102,1.5,6000,0,0,0,0,0,30,0,30,35,31.8,0,0
2026-08-07T22:09:36.715000+09:00,2026-08-07T13:09:36.715000+00:00,094623,0.0,2,0,0,0,0,13354,0,13354,0,0,0,0,4623,-24512,10330,0,256,0,161,0,0,0,0,2,0,0,0,2056,31082107,2018,0.09,0,0,0,29.5,31,28.6,27.9,27.8,29.5,27.9,28.1,28,28.5,31.3,360957,1065,0,0,0,0,0,0,0,60,-0.31,12164026,72329,0,3404.94,0,1200,400,720,240,4200,7500,8500,102,1.5,6000,0,0,0,0,0,30,0,30,35,31.8,0,0
2026-08-07T22:10:36.810000+09:00,2026-08-07T13:10:36.810000+00:00,094623,0.0,2,0,0,0,0,13354,0,13354,0,0,0,0,4623,-24512,10330,0,256,0,161,0,0,0,0,2,0,0,0,2056,31082107,2018,0.09,0,0,0,29.5,31,28.6,27.9,27.8,29.5,27.9,28.1,28,28.5,31.3,360957,1065,0,0,0,0,0,0,0,60,-0.32,12164026,72329,0,3404.94,0,1200,400,720,240,4200,7500,8500,102,1.5,6000,0,0,0,0,0,30,0,30,35,31.8,0,0
2026-08-07T22:11:36.912000+09:00,2026-08-07T13:11:36.912000+00:00,094623,0.0,2,0,0,0,0,13354,0,13354,0,0,0,0,4623,-24512,10330,0,256,0,161,0,0,0,0,2,0,0,0,2056,31082107,2018,0.09,0,0,0,29.5,31,28.6,27.8,27.8,29.5,27.9,28.1,28,28.5,31.3,360957,1065,0,0,0,0,0,0,0,60,-0.31,12164026,72329,0,3404.94,0,1200,400,720,240,4200,7500,8500,102,1.5,6000,0,0,0,0,0,30,0,30,35,31.8,0,0
2026-08-07T22:12:37.008000+09:00,2026-08-07T13:12:37.008000+00:00,094623,0.0,2,0,0,0,0,13354,0,13354,0,0,0,0,4623,-24512,10330,0,256,0,161,0,0,0,0,2,0,0,0,2056,31082107,2018,0.09,0,0,0,29.5,31,28.6,27.8,27.8,29.5,27.9,28.1,28,28.5,31.3,360957,1065,0,0,0,0,0,0,0,60,-0.31,12164026,72329,0,3404.94,0,1200,400,720,240,4200,7500,8500,102,1.5,6000,0,0,0,0,0,30,0,30,35,31.8,0,0
2026-08-07T22:13:37.192000+09:00,2026-08-07T13:13:37.192000+00:00,094623,0.0,2,0,0,0,0,13354,0,13354,0,0,0,0,4623,-24512,10330,0,256,0,161,0,0,0,0,2,0,0,0,2056,31082107,2018,0.09,0,0,0,29.5,30.9,28.6,27.8,27.8,29.5,27.8,28.1,28,28.5,31.3,360957,1065,0,0,0,0,0,0,0,60,-0.31,12164026,72329,0,3404.94,0,1200,400,720,240,4200,7500,8500,102,1.5,6000,0,0,0,0,0,30,0,30,35,31.8,0,0
2026-08-07T22:14:37.291000+09:00,2026-08-07T13:14:37.291000+00:00,094623,0.0,2,0,0,0,0,13354,0,13354,0,0,0,0,4623,-24512,10330,0,256,0,161,0,0,0,0,2,0,0,0,2056,31082107,2018,0.09,0,0,0,29.5,31,28.5,27.8,27.8,29.5,27.9,28.1,28,28.5,31.3,360957,1065,0,0,0,0,0,0,0,60,-0.31,12164026,72330,0,3404.94,0,1200,400,720,240,4200,7500,8500,102,1.5,6000,0,0,0,0,0,30,0,30,35,31.8,0,0
2026-08-07T22:15:37.378000+09:00,2026-08-07T13:15:37.378000+00:00,094623,0.0,2,0,0,0,0,13354,0,13354,0,0,0,0,4623,-24512,10330,0,256,0,161,0,0,0,0,2,0,0,0,2056,31082107,2018,0.09,0,0,0,29.5,31,28.5,27.8,27.8,29.4,27.8,28.1,27.9,28.5,31.3,360957,1065,0,0,0,0,0,0,0,60,-0.31,12164026,72330,0,3404.94,0,1200,400,720,240,4200,7500,8500,102,1.5,6000,0,0,0,0,0,30,0,30,35,31.8,0,0
2026-08-07T22:16:37.464000+09:00,2026-08-07T13:16:37.464000+00:00,094623,0.0,2,0,0,0,0,13354,0,13354,0,0,0,0,4623,-24512,10330,0,256,0,161,0,0,0,0,2,0,0,0,2056,31082107,2018,0.09,0,0,0,29.4,30.9,28.5,27.8,27.8,29.4,27.8,28.1,27.9,28.5,31.3,360957,1065,0,0,0,0,0,0,0,60,-0.31,12164026,72330,0,3404.94,0,1200,400,720,240,4200,7500,8500,102,1.5,6000,0,0,0,0,0,30,0,30,35,31.8,0,0
2026-08-07T22:17:37.555000+09:00,2026-08-07T13:17:37.555000+00:00,094623,0.0,2,0,0,0,0,13354,0,13354,0,0,0,0,4623,-24512,10330,0,256,0,161,0,0,0,0,2,0,0,0,2056,31082107,2018,0.09,0,0,0,29.4,30.9,28.5,27.8,27.8,29.4,27.8,28.1,27.9,28.5,31.3,360957,1065,0,0,0,0,0,0,0,60,-0.31,12164026,72330,0,3404.94,0,1200,400,720,240,4200,7500,8500,102,1.5,6000,0,0,0,0,0,30,0,30,35,31.8,0,0
2026-08-07T22:18:37.661000+09:00,2026-08-07T13:18:37.661000+00:00,094623,0.0,2,0,0,0,0,13354,0,13354,0,0,0,0,4623,-24512,10330,0,256,0,161,0,0,0,0,2,0,0,0,2056,31082107,2018,0.09,0,0,0,29.4,31,28.5,27.8,27.8,29.4,27.8,28.1,27.9,28.5,31.3,360957,1065,0,0,0,0,0,0,0,60,-0.31,12164026,72330,0,3404.94,0,1200,400,720,240,4200,7500,8500,102,1.5,6000,0,0,0,0,0,30,0,30,35,31.8,0,0
2026-08-07T22:19:37.756000+09:00,2026-08-07T13:19:37.756000+00:00,094623,0.0,2,0,0,0,0,13354,0,13354,0,0,0,0,4623,-24512,10330,0,256,0,161,0,0,0,0,2,0,0,0,2056,31082107,2018,0.09,0,0,0,29.4,31,28.5,27.8,27.7,29,27.4,27.6,27.5,28,30.9,360957,1065,0,0,0,0,0,0,0,60,-0.31,12164026,72330,0,3404.94,0,1200,400,720,240,4200,7500,8500,102,1.5,6000,0,0,0,0,0,30,0,30,35,31.3,0,0
2026-08-07T22:20:37.845000+09:00,2026-08-07T13:20:37.845000+00:00,094623,0.0,2,0,0,0,0,13354,0,13354,0,0,0,0,4623,-24512,10330,0,256,0,161,0,0,0,0,2,0,0,0,2056,31082107,2018,0.09,0,0,0,29.4,31,28.5,27.8,27.7,28.9,27.3,27.6,27.4,28,30.8,360957,1065,0,0,0,0,0,0,0,60,-0.31,12164026,72330,0,3404.94,0,1200,400,720,240,4200,7500,8500,102,1.5,6000,0,0,0,0,0,30,0,30,35,31.3,0,0
2026-08-07T22:21:37.937000+09:00,2026-08-07T13:21:37.937000+00:00,094623,0.0,2,0,0,0,0,13354,0,13354,0,0,0,0,4623,-24512,10330,0,256,0,161,0,0,0,0,2,0,0,0,2056,31082107,2018,0.09,0,0,0,29.4,30.9,28.5,27.8,27.7,28.9,27.3,27.6,27.4,28,30.8,360957,1065,0,0,0,0,0,0,0,60,-0.31,12164026,72330,0,3404.94,0,1200,400,720,240,4200,7500,8500,102,1.5,6000,0,0,0,0,0,30,0,30,35,31.2,0,0
2026-08-07T22:22:38.051000+09:00,2026-08-07T13:22:38.051000+00:00,094623,0.0,2,0,0,0,0,13354,0,13354,0,0,0,0,4623,-24512,10330,0,256,0,161,0,0,0,0,2,0,0,0,2056,31082107,2018,0.09,0,0,0,29.4,30.9,28.5,27.7,27.7,28.9,27.3,27.5,27.4,28,30.8,360957,1065,0,0,0,0,0,0,0,60,-0.31,12164026,72330,0,3404.94,0,1200,400,720,240,4200,7500,8500,102,1.5,6000,0,0,0,0,0,30,0,30,35,31.2,0,0
2026-08-07T22:23:38.155000+09:00,2026-08-07T13:23:38.155000+00:00,094623,0.0,2,0,0,0,0,13354,0,13354,0,0,0,0,4623,-24512,10330,0,256,0,161,0,0,0,0,2,0,0,0,2056,31082107,2018,0.09,0,0,0,29.4,30.9,28.5,27.7,27.7,28.9,27.3,27.5,27.4,28,30.8,360957,1065,0,0,0,0,0,0,0,60,-0.31,12164026,72330,0,3404.94,0,1200,400,720,240,4200,7500,8500,102,1.5,6000,0,0,0,0,0,30,0,30,35,31.2,0,0
2026-08-07T22:24:38.258000+09:00,2026-08-07T13:24:38.258000+00:00,094623,0.0,2,0,0,0,0,13354,0,13354,0,0,0,0,4623,-24512,10330,0,256,0,161,0,0,0,0,2,0,0,0,2056,31082107,2018,0.09,0,0,0,29.4,30.9,28.5,27.7,27.7,28.9,27.3,27.5,27.4,28,30.8,360957,1065,0,0,0,0,0,0,0,60,-0.31,12164026,72330,0,3404.94,0,1200,400,720,240,4200,7500,8500,102,1.5,6000,0,0,0,0,0,30,0,30,35,31.2,0,0
2026-08-07T22:25:38.348000+09:00,2026-08-07T13:25:38.348000+00:00,094623,0.0,2,0,0,0,0,13354,0,13354,0,0,0,0,4623,-24512,10330,0,256,0,161,0,0,0,0,2,0,0,0,2056,31082107,2018,0.09,0,0,0,29.4,30.9,28.4,27.7,27.7,28.9,27.3,27.5,27.4,27.9,30.8,360957,1065,0,0,0,0,0,0,0,60,-0.31,12164026,72330,0,3404.94,0,1200,400,720,240,4200,7500,8500,102,1.5,6000,0,0,0,0,0,30,0,30,35,31.2,0,0
2026-08-07T22:26:38.436000+09:00,2026-08-07T13:26:38.436000+00:00,094623,0.0,2,0,0,0,0,13354,0,13354,0,0,0,0,4623,-24512,10330,0,256,0,161,0,0,0,0,2,0,0,0,2056,31082107,2018,0.09,0,0,0,29.3,30.9,28.4,27.7,27.7,28.9,27.3,27.5,27.4,27.9,30.8,360957,1065,0,0,0,0,0,0,0,60,-0.31,12164026,72330,0,3404.94,0,1200,400,720,240,4200,7500,8500,102,1.5,6000,0,0,0,0,0,30,0,30,35,31.2,0,0
2026-08-07T22:27:38.536000+09:00,2026-08-07T13:27:38.536000+00:00,094623,0.0,2,0,0,0,0,13354,0,13354,0,0,0,0,4623,-24512,10330,0,256,0,161,0,0,0,0,2,0,0,0,2056,31082107,2018,0.09,0,0,0,29.3,30.9,28.4,27.7,27.6,28.8,27.3,27.5,27.4,27.9,30.8,360957,1065,0,0,0,0,0,0,0,60,-0.31,12164026,72330,0,3404.94,0,1200,400,720,240,4200,7500,8500,102,1.5,6000,0,0,0,0,0,30,0,30,35,31.2,0,0
2026-08-07T22:28:38.634000+09:00,2026-08-07T13:28:38.634000+00:00,094623,0.0,2,0,0,0,0,13354,0,13354,0,0,0,0,4623,-24512,10330,0,256,0,161,0,0,0,0,2,0,0,0,2056,31082107,2018,0.09,0,0,0,29.3,30.9,28.4,27.7,27.6,28.9,27.3,27.5,27.4,27.9,30.8,360957,1065,0,0,0,0,0,0,0,60,-0.31,12164026,72330,0,3404.94,0,1200,400,720,240,4200,7500,8500,102,1.5,6000,0,0,0,0,0,30,0,30,35,31.2,0,0
2026-08-07T22:29:38.734000+09:00,2026-08-07T13:29:38.734000+00:00,094623,0.0,2,0,0,0,0,13354,0,13354,0,0,0,0,4623,-24512,10330,0,256,0,161,0,0,0,0,2,0,0,0,2056,31082107,2018,0.09,0,0,0,29.3,30.9,28.4,27.7,27.6,28.9,27.2,27.5,27.4,27.9,30.8,360957,1065,0,0,0,0,0,0,0,60,-0.31,12164026,72330,0,3404.94,0,1200,400,720,240,4200,7500,8500,102,1.5,6000,0,0,0,0,0,30,0,30,35,31.2,0,0
2026-08-07T22:30:38.838000+09:00,2026-08-07T13:30:38.838000+00:00,094623,0.0,2,0,0,0,0,13354,0,13354,0,0,0,0,4623,-24512,10330,0,256,0,161,0,0,0,0,2,0,0,0,2056,31082107,2018,0.09,0,0,0,29.3,30.9,28.4,27.6,27.6,28.8,27.2,27.5,27.3,27.9,30.8,360957,1065,0,0,0,0,0,0,0,60,-0.31,12164026,72330,0,3404.94,0,1200,400,720,240,4200,7500,8500,102,1.5,6000,0,0,0,0,0,30,0,30,35,31.2,0,0
2026-08-07T22:31:38.924000+09:00,2026-08-07T13:31:38.924000+00:00,094623,0.0,2,0,0,0,0,13354,0,13354,0,0,0,0,4623,-24512,10330,0,256,0,161,0,0,0,0,2,0,0,0,2056,31082107,2018,0.09,0,0,0,29.3,30.8,28.4,27.6,27.6,28.8,27.2,27.5,27.3,27.9,30.8,360957,1065,0,0,0,0,0,0,0,60,-0.31,12164026,72330,0,3404.94,0,1200,400,720,240,4200,7500,8500,102,1.5,6000,0,0,0,0,0,30,0,30,35,31.2,0,0
2026-08-07T22:32:39.023000+09:00,2026-08-07T13:32:39.023000+00:00,094623,0.0,2,0,0,0,0,13354,0,13354,0,0,0,0,4623,-24512,10330,0,256,0,161,0,0,0,0,2,0,0,0,2056,31082107,2018,0.09,0,0,0,29.3,30.8,28.4,27.6,27.6,28.8,27.2,27.5,27.3,27.9,30.9,360957,1065,0,0,0,0,0,0,0,60,-0.31,12164026,72330,0,3404.94,0,1200,400,720,240,4200,7500,8500,102,1.5,6000,0,0,0,0,0,30,0,30,35,31.1,0,0
2026-08-07T22:33:39.118000+09:00,2026-08-07T13:33:39.118000+00:00,094623,0.0,2,0,0,0,0,13354,0,13354,0,0,0,0,4623,-24512,10330,0,256,0,161,0,0,0,0,2,0,0,0,2056,31082107,2018,0.09,0,0,0,29.3,30.8,28.3,27.6,27.6,28.8,27.2,27.4,27.3,27.9,30.9,360957,1065,0,0,0,0,0,0,0,60,-0.31,12164026,72331,0,3404.94,0,1200,400,720,240,4200,7500,8500,102,1.5,6000,0,0,0,0,0,30,0,30,35,31.1,0,0
2026-08-07T22:34:39.214000+09:00,2026-08-07T13:34:39.214000+00:00,094623,0.0,2,0,0,0,0,13354,0,13354,0,0,0,0,4623,-24512,10330,0,256,0,161,0,0,0,0,2,0,0,0,2056,31082107,2018,0.09,0,0,0,29.3,30.9,28.3,27.6,27.6,28.8,27.2,27.4,27.3,27.9,30.9,360957,1065,0,0,0,0,0,0,0,60,-0.32,12164026,72331,0,3404.94,0,1200,400,720,240,4200,7500,8500,102,1.5,6000,0,0,0,0,0,30,0,30,35,31.1,0,0
2026-08-07T22:35:39.321000+09:00,2026-08-07T13:35:39.321000+00:00,094623,0.0,2,0,0,0,0,13354,0,13354,0,0,0,0,4623,-24512,10330,0,256,0,161,0,0,0,0,2,0,0,0,2056,31082107,2018,0.09,0,0,0,29.3,30.9,28.3,27.6,27.6,28.8,27.2,27.4,27.3,27.9,30.9,360957,1065,0,0,0,0,0,0,0,60,-0.32,12164026,72331,0,3404.94,0,1200,400,720,240,4200,7500,8500,102,1.5,6000,0,0,0,0,0,30,0,30,35,31.1,0,0
2026-08-07T22:36:39.429000+09:00,2026-08-07T13:36:39.429000+00:00,094623,0.0,2,0,0,0,0,13354,0,13354,0,0,0,0,4623,-24512,10330,0,256,0,161,0,0,0,0,2,0,0,0,2056,31082107,2018,0.09,0,0,0,29.2,30.8,28.3,27.6,27.6,28.8,27.2,27.4,27.3,27.8,30.9,360957,1065,0,0,0,0,0,0,0,60,-0.31,12164026,72331,0,3404.94,0,1200,400,720,240,4200,7500,8500,102,1.5,6000,0,0,0,0,0,30,0,30,35,31.1,0,0
2026-08-07T22:37:39.514000+09:00,2026-08-07T13:37:39.514000+00:00,094623,0.0,2,0,0,0,0,13354,0,13354,0,0,0,0,4623,-24512,10330,0,256,0,161,0,0,0,0,2,0,0,0,2056,31082107,2018,0.09,0,0,0,29.2,30.9,28.3,27.6,27.6,28.8,27.2,27.4,27.3,27.8,30.9,360957,1065,0,0,0,0,0,0,0,60,-0.31,12164026,72331,0,3404.94,0,1200,400,720,240,4200,7500,8500,102,1.5,6000,0,0,0,0,0,30,0,30,35,31.1,0,0
2026-08-07T22:38:39.613000+09:00,2026-08-07T13:38:39.613000+00:00,094623,0.0,2,0,0,0,0,13354,0,13354,0,0,0,0,4623,-24512,10330,0,256,0,161,0,0,0,0,2,0,0,0,2056,31082107,2018,0.09,0,0,0,29.2,30.8,28.3,27.6,27.6,28.8,27.2,27.4,27.3,27.8,30.9,360957,1065,0,0,0,0,0,0,0,60,-0.31,12164026,72331,0,3404.94,0,1200,400,720,240,4200,7500,8500,102,1.5,6000,0,0,0,0,0,30,0,30,35,31.1,0,0
2026-08-07T22:39:39.699000+09:00,2026-08-07T13:39:39.699000+00:00,094623,0.0,2,0,0,0,0,13354,0,13354,0,0,0,0,4623,-24512,10330,0,256,0,161,0,0,0,0,2,0,0,0,2056,31082107,2018,0.09,0,0,0,29.2,30.8,28.3,27.6,27.5,28.8,27.2,27.4,27.3,27.8,30.9,360957,1065,0,0,0,0,0,0,0,60,-0.31,12164026,72331,0,3404.94,0,1200,400,720,240,4200,7500,8500,102,1.5,6000,0,0,0,0,0,30,0,30,35,31.1,0,0
2026-08-07T22:40:39.792000+09:00,2026-08-07T13:40:39.792000+00:00,094623,0.0,2,0,0,0,0,13354,0,13354,0,0,0,0,4623,-24512,10330,0,256,0,161,0,0,0,0,2,0,0,0,2056,31082107,2018,0.09,0,0,0,29.2,30.8,28.3,27.6,27.5,28.8,27.2,27.4,27.3,27.8,30.9,360957,1065,0,0,0,0,0,0,0,60,-0.32,12164026,72331,0,3404.94,0,1200,400,720,240,4200,7500,8500,102,1.5,6000,0,0,0,0,0,30,0,30,35,31,0,0
2026-08-07T22:41:39.886000+09:00,2026-08-07T13:41:39.886000+00:00,094623,0.0,2,0,0,0,0,13354,0,13354,0,0,0,0,4623,-24512,10330,0,256,0,161,0,0,0,0,2,0,0,0,2056,31082107,2018,0.09,0,0,0,29.2,30.8,28.3,27.6,27.5,28.8,27.2,27.4,27.3,27.8,30.9,360957,1065,0,0,0,0,0,0,0,60,-0.31,12164026,72331,0,3404.94,0,1200,400,720,240,4200,7500,8500,102,1.5,6000,0,0,0,0,0,30,0,30,35,31,0,0
2026-08-07T22:42:39.982000+09:00,2026-08-07T13:42:39.982000+00:00,094623,0.0,2,0,0,0,0,13354,0,13354,0,0,0,0,4623,-24512,10330,0,256,0,161,0,0,0,0,2,0,0,0,2056,31082107,2018,0.09,0,0,0,29.2,30.8,28.3,27.6,27.5,28.8,27.2,27.4,27.3,27.8,30.9,360957,1065,0,0,0,0,0,0,0,60,-0.31,12164026,72331,0,3404.94,0,1200,400,720,240,4200,7500,8500,102,1.5,6000,0,0,0,0,0,30,0,30,35,31,0,0
2026-08-07T22:43:40.086000+09:00,2026-08-07T13:43:40.086000+00:00,094623,0.0,2,0,0,0,0,13354,0,13354,0,0,0,0,4623,-24512,10330,0,256,0,161,0,0,0,0,2,0,0,0,2056,31082107,2018,0.09,0,0,0,29.2,30.8,28.3,27.6,27.5,28.7,27.2,27.4,27.2,27.8,30.9,360957,1065,0,0,0,0,0,0,0,60,-0.31,12164026,72331,0,3404.94,0,1200,400,720,240,4200,7500,8500,102,1.5,6000,0,0,0,0,0,30,0,30,35,31,0,0
2026-08-07T22:44:40.190000+09:00,2026-08-07T13:44:40.190000+00:00,094623,0.0,2,0,0,0,0,13354,0,13354,0,0,0,0,4623,-24512,10330,0,256,0,161,0,0,0,0,2,0,0,0,2056,31082107,2018,0.09,0,0,0,29.2,30.8,28.3,27.5,27.5,28.7,27.2,27.4,27.2,27.8,30.9,360957,1065,0,0,0,0,0,0,0,60,-0.32,12164026,72331,0,3404.94,0,1200,400,720,240,4200,7500,8500,102,1.5,6000,0,0,0,0,0,30,0,30,35,31,0,0
2026-08-07T22:45:40.294000+09:00,2026-08-07T13:45:40.294000+00:00,094623,-2.8,2,0,0,0,0,13354,0,13354,0,0,0,0,4623,-24512,10330,0,256,0,161,0,0,0,0,2,0,0,0,2056,31082107,2018,0.09,2.75,0,0,29.2,30.8,28.2,27.5,27.5,28.7,27.2,27.4,27.2,27.8,30.9,360957,1065,0,0,0,0,0,0,0,60,-0.32,12164026,72331,0,3404.94,0,1200,400,720,240,4200,7500,8500,102,1.5,6000,0,0,0,0,0,30,0,30,35,31,0,0
2026-08-07T22:46:40.390000+09:00,2026-08-07T13:46:40.390000+00:00,094623,0.0,2,0,0,0,0,13354,0,13354,0,0,0,0,4623,-24512,10330,0,256,0,161,0,0,0,0,2,0,0,0,2056,31082107,2018,0.09,0,0,0,29.2,30.7,28.2,27.5,27.5,28.7,27.1,27.3,27.2,27.8,30.9,360957,1065,0,0,0,0,0,0,0,60,-0.31,12164026,72331,0,3404.94,0,1200,400,720,240,4200,7500,8500,102,1.5,6000,0,0,0,0,0,30,0,30,35,31,0,0
2026-08-07T22:47:40.492000+09:00,2026-08-07T13:47:40.492000+00:00,094623,0.0,2,0,0,0,0,13354,0,13354,0,0,0,0,4623,-24512,10330,0,256,0,161,0,0,0,0,2,0,0,0,2056,31082107,2018,0.09,0,0,0,29.1,30.8,28.2,27.6,27.5,28.7,27.1,27.3,27.2,27.8,30.9,360957,1065,0,0,0,0,0,0,0,60,-0.32,12164026,72331,0,3404.94,0,1200,400,720,240,4200,7500,8500,102,1.5,6000,0,0,0,0,0,30,0,30,35,31,0,0
2026-08-07T22:48:40.591000+09:00,2026-08-07T13:48:40.591000+00:00,094623,0.0,2,0,0,0,0,13354,0,13354,0,0,0,0,4623,-24512,10330,0,256,0,161,0,0,0,0,2,0,0,0,2056,31082107,2018,0.09,0,0,0,29.1,30.7,28.2,27.6,27.5,28.7,27.1,27.3,27.2,27.8,30.9,360957,1065,0,0,0,0,0,0,0,60,-0.31,12164026,72331,0,3404.94,0,1200,400,720,240,4200,7500,8500,102,1.5,6000,0,0,0,0,0,30,0,30,35,31,0,0
2026-08-07T22:49:40.690000+09:00,2026-08-07T13:49:40.690000+00:00,094623,0.0,2,0,0,0,0,13354,0,13354,0,0,0,0,4623,-24512,10330,0,256,0,161,0,0,0,0,2,0,0,0,2056,31082107,2018,0.09,0,0,0,29.1,30.7,28.2,27.5,27.5,28.7,27.1,27.3,27.2,27.7,30.9,360957,1065,0,0,0,0,0,0,0,60,-0.31,12164026,72331,0,3404.94,0,1200,400,720,240,4200,7500,8500,102,1.5,6000,0,0,0,0,0,30,0,30,35,31,0,0
2026-08-07T22:50:40.782000+09:00,2026-08-07T13:50:40.782000+00:00,094623,0.0,2,0,0,0,0,13354,0,13354,0,0,0,0,4623,-24512,10330,0,256,0,161,0,0,0,0,2,0,0,0,2056,31082107,2018,0.09,0,0,0,29.1,30.7,28.2,27.6,27.5,28.7,27.1,27.3,27.2,27.7,30.9,360957,1065,0,0,0,0,0,0,0,60,-0.32,12164026,72331,0,3404.94,0,1200,400,720,240,4200,7500,8500,102,1.5,6000,0,0,0,0,0,30,0,30,35,31,0,0
2026-08-07T22:51:40.877000+09:00,2026-08-07T13:51:40.877000+00:00,094623,0.0,2,0,0,0,0,13354,0,13354,0,0,0,0,4623,-24512,10330,0,256,0,161,0,0,0,0,2,0,0,0,2056,31082107,2018,0.09,0,0,0,29.1,30.7,28.2,27.5,27.5,28.7,27.1,27.3,27.2,27.7,30.9,360957,1065,0,0,0,0,0,0,0,60,-0.31,12164026,72331,0,3404.94,0,1200,400,720,240,4200,7500,8500,102,1.5,6000,0,0,0,0,0,30,0,30,35,31,0,0
2026-08-07T22:52:40.974000+09:00,2026-08-07T13:52:40.974000+00:00,094623,0.0,2,0,0,0,0,13354,0,13354,0,0,0,0,4623,-24512,10330,0,256,0,161,0,0,0,0,2,0,0,0,2056,31082107,2018,0.09,0,0,0,29.1,30.7,28.2,27.5,27.5,28.7,27.1,27.3,27.2,27.7,30.9,360957,1065,0,0,0,0,0,0,0,60,-0.31,12164026,72332,0,3404.94,0,1200,400,720,240,4200,7500,8500,102,1.5,6000,0,0,0,0,0,30,0,30,35,31,0,0
2026-08-07T22:53:41.065000+09:00,2026-08-07T13:53:41.065000+00:00,094623,0.0,2,0,0,0,0,13354,0,13354,0,0,0,0,4623,-24512,10330,0,256,0,161,0,0,0,0,2,0,0,0,2056,31082107,2018,0.09,0,0,0,29.1,30.7,28.2,27.5,27.5,28.7,27.1,27.3,27.2,27.7,30.9,360957,1065,0,0,0,0,0,0,0,60,-0.31,12164026,72332,0,3404.94,0,1200,400,720,240,4200,7500,8500,102,1.5,6000,0,0,0,0,0,30,0,30,35,31,0,0
2026-08-07T22:54:41.166000+09:00,2026-08-07T13:54:41.166000+00:00,094623,0.0,2,0,0,0,0,13354,0,13354,0,0,0,0,4623,-24512,10330,0,256,0,161,0,0,0,0,2,0,0,0,2056,31082107,2018,0.09,0,0,0,29.1,30.6,28.2,27.5,27.5,28.7,27.1,27.3,27.2,27.7,30.9,360957,1065,0,0,0,0,0,0,0,60,-0.31,12164026,72332,0,3404.94,0,1200,400,720,240,4200,7500,8500,102,1.5,6000,0,0,0,0,0,30,0,30,35,30.9,0,0
2026-08-07T22:55:41.267000+09:00,2026-08-07T13:55:41.267000+00:00,094623,0.0,2,0,0,0,0,13354,0,13354,0,0,0,0,4623,-24512,10330,0,256,0,161,0,0,0,0,2,0,0,0,2056,31082107,2018,0.09,0,0,0,29.1,30.6,28.2,27.5,27.5,28.7,27.1,27.3,27.2,27.7,30.9,360957,1065,0,0,0,0,0,0,0,60,-0.31,12164026,72332,0,3404.94,0,1200,400,720,240,4200,7500,8500,102,1.5,6000,0,0,0,0,0,30,0,30,35,30.9,0,0
2026-08-07T22:56:41.392000+09:00,2026-08-07T13:56:41.392000+00:00,094623,0.0,2,0,0,0,0,13354,0,13354,0,0,0,0,4623,-24512,10330,0,256,0,161,0,0,0,0,2,0,0,0,2056,31082107,2018,0.09,0,0,0,29.1,30.7,28.2,27.5,27.5,28.7,27.1,27.3,27.2,27.7,30.9,360957,1065,0,0,0,0,0,0,0,60,-0.31,12164026,72332,0,3404.94,0,1200,400,720,240,4200,7500,8500,102,1.5,6000,0,0,0,0,0,30,0,30,35,30.9,0,0
2026-08-07T22:57:41.502000+09:00,2026-08-07T13:57:41.502000+00:00,094623,0.0,2,0,0,0,0,13354,0,13354,0,0,0,0,4623,-24512,10330,0,256,0,161,0,0,0,0,2,0,0,0,2056,31082107,2018,0.09,0,0,0,29.1,30.7,28.2,27.5,27.5,28.7,27.1,27.3,27.2,27.7,30.9,360957,1065,0,0,0,0,0,0,0,60,-0.31,12164026,72332,0,3404.94,0,1200,400,720,240,4200,7500,8500,102,1.5,6000,0,0,0,0,0,30,0,30,35,30.9,0,0
2026-08-07T22:58:41.601000+09:00,2026-08-07T13:58:41.601000+00:00,094623,0.0,2,0,0,0,0,13354,0,13354,0,0,0,0,4623,-24512,10330,0,256,0,161,0,0,0,0,2,0,0,0,2056,31082107,2018,0.09,0,0,0,29.1,30.6,28.2,27.5,27.4,28.7,27.1,27.3,27.1,27.7,30.9,360957,1065,0,0,0,0,0,0,0,60,-0.31,12164026,72332,0,3404.94,0,1200,400,720,240,4200,7500,8500,102,1.5,6000,0,0,0,0,0,30,0,30,35,30.9,0,0
2026-08-07T22:59:41.693000+09:00,2026-08-07T13:59:41.693000+00:00,094623,0.0,2,0,0,0,0,13354,0,13354,0,0,0,0,4623,-24512,10330,0,256,0,161,0,0,0,0,2,0,0,0,2056,31082107,2018,0.09,0,0,0,29.1,30.6,28.1,27.5,27.4,28.6,27.1,27.3,27.1,27.7,30.9,360957,1065,0,0,0,0,0,0,0,60,-0.31,12164026,72332,0,3404.94,0,1200,400,720,240,4200,7500,8500,102,1.5,6000,0,0,0,0,0,30,0,30,35,30.9,0,0
2026-08-07T23:00:41.830000+09:00,2026-08-07T14:00:41.830000+00:00,094623,0.0,2,0,0,0,0,13354,0,13354,0,0,0,0,4623,-24512,10330,0,256,0,161,0,0,0,0,2,0,0,0,2056,31082107,2018,0.09,0,0,0,29,30.6,28.1,27.5,27.4,28.6,27.1,27.3,27.1,27.7,31,360957,1065,0,0,0,0,0,0,0,60,-0.31,12164026,72332,0,3404.94,0,1200,400,720,240,4200,7500,8500,102,1.5,6000,0,0,0,0,0,30,0,30,35,30.9,0,0
2026-08-07T23:01:41.876000+09:00,2026-08-07T14:01:41.876000+00:00,094623,0.0,2,0,0,0,0,13354,0,13354,0,0,0,0,4623,-24512,10330,0,256,0,161,0,0,0,0,2,0,0,0,2056,31082107,2018,0.09,0,0,0,29,30.6,28.1,27.5,27.4,28.6,27.1,27.3,27.1,27.7,31,360957,1065,0,0,0,0,0,0,0,60,-0.31,12164026,72332,0,3404.94,0,1200,400,720,240,4200,7500,8500,102,1.5,6000,0,0,0,0,0,30,0,30,35,30.9,0,0
2026-08-07T23:02:41.963000+09:00,2026-08-07T14:02:41.963000+00:00,094623,0.0,2,0,0,0,0,13354,0,13354,0,0,0,0,4623,-24512,10330,0,256,0,161,0,0,0,0,2,0,0,0,2056,31082107,2018,0.09,0,0,0,29,30.6,28.1,27.5,27.4,28.6,27.1,27.2,27.1,27.7,30.9,360957,1065,0,0,0,0,0,0,0,60,-0.31,12164026,72332,0,3404.94,0,1200,400,720,240,4200,7500,8500,102,1.5,6000,0,0,0,0,0,30,0,30,35,30.8,0,0
2026-08-07T23:03:42.061000+09:00,2026-08-07T14:03:42.061000+00:00,094623,0.0,2,0,0,0,0,13354,0,13354,0,0,0,0,4623,-24512,10330,0,256,0,161,0,0,0,0,2,0,0,0,2056,31082107,2018,0.09,0,0,0,29,30.6,28.1,27.5,27.4,28.6,27.1,27.2,27.1,27.7,30.9,360957,1065,0,0,0,0,0,0,0,60,-0.31,12164026,72332,0,3404.94,0,1200,400,720,240,4200,7500,8500,102,1.5,6000,0,0,0,0,0,30,0,30,35,30.9,0,0
2026-08-07T23:04:42.155000+09:00,2026-08-07T14:04:42.155000+00:00,094623,0.0,2,0,0,0,0,13354,0,13354,0,0,0,0,4623,-24512,10330,0,256,0,161,0,0,0,0,2,0,0,0,2056,31082107,2018,0.09,0,0,0,29,30.6,28.1,27.5,27.4,28.6,27,27.2,27.1,27.7,30.9,360957,1065,0,0,0,0,0,0,0,60,-0.31,12164026,72332,0,3404.94,0,1200,400,720,240,4200,7500,8500,102,1.5,6000,0,0,0,0,0,30,0,30,35,30.9,0,0
2026-08-07T23:05:42.251000+09:00,2026-08-07T14:05:42.251000+00:00,094623,0.0,2,0,0,0,0,13354,0,13354,0,0,0,0,4623,-24512,10330,0,256,0,161,0,0,0,0,2,0,0,0,2056,31082107,2018,0.09,0,0,0,29,30.6,28.1,27.5,27.4,28.6,27,27.2,27.1,27.6,30.9,360957,1065,0,0,0,0,0,0,0,60,-0.31,12164026,72332,0,3404.94,0,1200,400,720,240,4200,7500,8500,102,1.5,6000,0,0,0,0,0,30,0,30,35,30.9,0,0
2026-08-07T23:06:42.348000+09:00,2026-08-07T14:06:42.348000+00:00,094623,0.0,2,0,0,0,0,13354,0,13354,0,0,0,0,4623,-24512,10330,0,256,0,161,0,0,0,0,2,0,0,0,2056,31082107,2018,0.09,0,0,0,29,30.6,28.1,27.4,27.4,28.6,27,27.2,27.1,27.6,30.9,360957,1065,0,0,0,0,0,0,0,60,-0.31,12164026,72332,0,3404.94,0,1200,400,720,240,4200,7500,8500,102,1.5,6000,0,0,0,0,0,30,0,30,35,30.8,0,0
2026-08-07T23:07:42.449000+09:00,2026-08-07T14:07:42.449000+00:00,094623,0.0,2,0,0,0,0,13354,0,13354,0,0,0,0,4623,-24512,10330,0,256,0,161,0,0,0,0,2,0,0,0,2056,31082107,2018,0.09,0,0,0,29,30.6,28.1,27.4,27.4,28.6,27,27.2,27.1,27.6,30.9,360957,1065,0,0,0,0,0,0,0,60,-0.31,12164026,72332,0,3404.94,0,1200,400,720,240,4200,7500,8500,102,1.5,6000,0,0,0,0,0,30,0,30,35,30.8,0,0
2026-08-07T23:08:42.540000+09:00,2026-08-07T14:08:42.540000+00:00,094623,0.0,2,0,0,0,0,13354,0,13354,0,0,0,0,4623,-24512,10330,0,256,0,161,0,0,0,0,2,0,0,0,2056,31082107,2018,0.09,0,0,0,29,30.6,28.1,27.4,27.4,28.6,27,27.2,27.1,27.6,30.9,360957,1065,0,0,0,0,0,0,0,60,-0.31,12164026,72332,0,3404.94,0,1200,400,720,240,4200,7500,8500,102,1.5,6000,0,0,0,0,0,30,0,30,35,30.8,0,0
2026-08-07T23:09:42.640000+09:00,2026-08-07T14:09:42.640000+00:00,094623,0.0,2,0,0,0,0,13354,0,13354,0,0,0,0,4623,-24512,10330,0,256,0,161,0,0,0,0,2,0,0,0,2056,31082107,2018,0.09,0,0,0,29,30.6,28.1,27.4,27.4,28.6,27,27.2,27.1,27.6,30.9,360957,1065,0,0,0,0,0,0,0,60,-0.31,12164026,72332,0,3404.94,0,1200,400,720,240,4200,7500,8500,102,1.5,6000,0,0,0,0,0,30,0,30,35,30.8,0,0
2026-08-07T23:10:42.737000+09:00,2026-08-07T14:10:42.737000+00:00,094623,0.0,2,0,0,0,0,13354,0,13354,0,0,0,0,4623,-24512,10330,0,256,0,161,0,0,0,0,2,0,0,0,2056,31082107,2018,0.09,0,0,0,28.9,30.6,28.1,27.4,27.4,28.6,27,27.2,27.1,27.6,31,360957,1065,0,0,0,0,0,0,0,60,-0.31,12164026,72332,0,3404.94,0,1200,400,720,240,4200,7500,8500,102,1.5,6000,0,0,0,0,0,30,0,30,35,30.8,0,0
2026-08-07T23:11:42.840000+09:00,2026-08-07T14:11:42.840000+00:00,094623,0.0,2,0,0,0,0,13354,0,13354,0,0,0,0,4623,-24512,10330,0,256,0,161,0,0,0,0,2,0,0,0,2056,31082107,2018,0.09,0,0,0,28.9,30.5,28.1,27.4,27.4,28.6,27,27.2,27.1,27.6,31,360957,1065,0,0,0,0,0,0,0,60,-0.31,12164026,72333,0,3404.94,0,1200,400,720,240,4200,7500,8500,102,1.5,6000,0,0,0,0,0,30,0,30,35,30.8,0,0
2026-08-07T23:12:42.927000+09:00,2026-08-07T14:12:42.927000+00:00,094623,0.0,2,0,0,0,0,13354,0,13354,0,0,0,0,4623,-24512,10330,0,256,0,161,0,0,0,0,2,0,0,0,2056,31082107,2018,0.09,0,0,0,28.9,30.5,28.1,27.4,27.4,28.6,27,27.2,27.1,27.6,31,360957,1065,0,0,0,0,0,0,0,60,-0.31,12164026,72333,0,3404.94,0,1200,400,720,240,4200,7500,8500,102,1.5,6000,0,0,0,0,0,30,0,30,35,30.8,0,0
2026-08-07T23:13:43.017000+09:00,2026-08-07T14:13:43.017000+00:00,094623,0.0,2,0,0,0,0,13354,0,13354,0,0,0,0,4623,-24512,10330,0,256,0,161,0,0,0,0,2,0,0,0,2056,31082107,2018,0.09,0,0,0,28.9,30.5,28,27.4,27.4,28.5,27,27.2,27.1,27.6,31,360957,1065,0,0,0,0,0,0,0,60,-0.31,12164026,72333,0,3404.94,0,1200,400,720,240,4200,7500,8500,102,1.5,6000,0,0,0,0,0,30,0,30,35,30.8,0,0
2026-08-07T23:14:43.118000+09:00,2026-08-07T14:14:43.118000+00:00,094623,0.0,2,0,0,0,0,13354,0,13354,0,0,0,0,4623,-24512,10330,0,256,0,161,0,0,0,0,2,0,0,0,2056,31082107,2018,0.09,0,0,0,28.9,30.5,28,27.4,27.3,28.5,27,27.2,27,27.6,31,360957,1065,0,0,0,0,0,0,0,60,-0.31,12164026,72333,0,3404.94,0,1200,400,720,240,4200,7500,8500,102,1.5,6000,0,0,0,0,0,30,0,30,35,30.8,0,0
2026-08-07T23:15:43.269000+09:00,2026-08-07T14:15:43.269000+00:00,094623,0.0,2,0,0,0,0,13354,0,13354,0,0,0,0,4623,-24512,10330,0,256,0,161,0,0,0,0,2,0,0,0,2056,31082107,2018,0.09,0,0,0,28.9,30.5,28,27.4,27.3,28.5,27,27.2,27,27.6,31,360957,1065,0,0,0,0,0,0,0,60,-0.31,12164026,72333,0,3404.94,0,1200,400,720,240,4200,7500,8500,102,1.5,6000,0,0,0,0,0,30,0,30,35,30.7,0,0
2026-08-07T23:16:43.316000+09:00,2026-08-07T14:16:43.316000+00:00,094623,0.0,2,0,0,0,0,13354,0,13354,0,0,0,0,4623,-24512,10330,0,256,0,161,0,0,0,0,2,0,0,0,2056,31082107,2018,0.09,0,0,0,28.9,30.5,28,27.3,27.3,28.5,26.9,27.1,27,27.6,31,360957,1065,0,0,0,0,0,0,0,60,-0.31,12164026,72333,0,3404.94,0,1200,400,720,240,4200,7500,8500,102,1.5,6000,0,0,0,0,0,30,0,30,35,30.7,0,0
2026-08-07T23:17:43.408000+09:00,2026-08-07T14:17:43.408000+00:00,094623,0.0,2,0,0,0,0,13354,0,13354,0,0,0,0,4623,-24512,10330,0,256,0,161,0,0,0,0,2,0,0,0,2056,31082107,2018,0.09,0,0,0,28.9,30.5,28,27.3,27.3,28.5,27,27.1,27,27.6,31,360957,1065,0,0,0,0,0,0,0,60,-0.31,12164026,72333,0,3404.94,0,1200,400,720,240,4200,7500,8500,102,1.5,6000,0,0,0,0,0,30,0,30,35,30.7,0,0
2026-08-07T23:18:43.503000+09:00,2026-08-07T14:18:43.503000+00:00,094623,0.0,2,0,0,0,0,13354,0,13354,0,0,0,0,4623,-24512,10330,0,256,0,161,0,0,0,0,2,0,0,0,2056,31082107,2018,0.09,0,0,0,28.9,30.5,28,27.3,27.3,28.5,27,27.1,27,27.6,31,360957,1065,0,0,0,0,0,0,0,60,-0.31,12164026,72333,0,3404.94,0,1200,400,720,240,4200,7500,8500,102,1.5,6000,0,0,0,0,0,30,0,30,35,30.7,0,0
2026-08-07T23:19:43.610000+09:00,2026-08-07T14:19:43.610000+00:00,094623,0.0,2,0,0,0,0,13354,0,13354,0,0,0,0,4623,-24512,10330,0,256,0,161,0,0,0,0,2,0,0,0,2056,31082107,2018,0.09,0,0,0,28.9,30.5,28,27.3,27.3,28.5,27,27.1,27,27.6,31,360957,1065,0,0,0,0,0,0,0,60,-0.31,12164026,72333,0,3404.94,0,1200,400,720,240,4200,7500,8500,102,1.5,6000,0,0,0,0,0,30,0,30,35,30.7,0,0
2026-08-07T23:20:43.717000+09:00,2026-08-07T14:20:43.717000+00:00,094623,0.0,2,0,0,0,0,13354,0,13354,0,0,0,0,4623,-24512,10330,0,256,0,161,0,0,0,0,2,0,0,0,2056,31082107,2018,0.09,0,0,0,28.9,30.5,28,27.3,27.3,28.5,27,27.1,27,27.6,31,360957,1065,0,0,0,0,0,0,0,60,-0.31,12164026,72333,0,3404.94,0,1200,400,720,240,4200,7500,8500,102,1.5,6000,0,0,0,0,0,30,0,30,35,30.7,0,0
2026-08-07T23:21:43.811000+09:00,2026-08-07T14:21:43.811000+00:00,094623,0.0,2,0,0,0,0,13354,0,13354,0,0,0,0,4623,-24512,10330,0,256,0,161,0,0,0,0,2,0,0,0,2056,31082107,2018,0.09,0,0,0,28.9,30.5,28,27.3,27.3,28.5,26.9,27.1,27,27.5,31,360957,1065,0,0,0,0,0,0,0,60,-0.31,12164026,72333,0,3404.94,0,1200,400,720,240,4200,7500,8500,102,1.5,6000,0,0,0,0,0,30,0,30,35,30.7,0,0
2026-08-07T23:22:43.926000+09:00,2026-08-07T14:22:43.926000+00:00,094623,0.0,2,0,0,0,0,13354,0,13354,0,0,0,0,4623,-24512,10330,0,256,0,161,0,0,0,0,2,0,0,0,2056,31082107,2018,0.09,0,0,0,28.8,30.5,28,27.3,27.3,28.5,26.9,27.1,27,27.5,31,360957,1065,0,0,0,0,0,0,0,60,-0.31,12164026,72333,0,3404.94,0,1200,400,720,240,4200,7500,8500,102,1.5,6000,0,0,0,0,0,30,0,30,35,30.7,0,0
2026-08-07T23:23:44.024000+09:00,2026-08-07T14:23:44.024000+00:00,094623,0.0,2,0,0,0,0,13354,0,13354,0,0,0,0,4623,-24512,10330,0,256,0,161,0,0,0,0,2,0,0,0,2056,31082107,2018,0.09,0,0,0,28.8,30.5,28,27.3,27.2,28.5,26.9,27.1,27,27.5,31,360957,1065,0,0,0,0,0,0,0,60,-0.31,12164026,72333,0,3404.94,0,1200,400,720,240,4200,7500,8500,102,1.5,6000,0,0,0,0,0,30,0,30,35,30.7,0,0
2026-08-07T23:24:44.122000+09:00,2026-08-07T14:24:44.122000+00:00,094623,0.0,2,0,0,0,0,13354,0,13354,0,0,0,0,4623,-24512,10330,0,256,0,161,0,0,0,0,2,0,0,0,2056,31082107,2018,0.09,0,0,0,28.8,30.4,28,27.2,27.2,28.5,26.9,27.1,27,27.5,31,360957,1065,0,0,0,0,0,0,0,60,-0.31,12164026,72333,0,3404.94,0,1200,400,720,240,4200,7500,8500,102,1.5,6000,0,0,0,0,0,30,0,30,35,30.7,0,0
2026-08-07T23:25:44.218000+09:00,2026-08-07T14:25:44.218000+00:00,094623,0.0,2,0,0,0,0,13354,0,13354,0,0,0,0,4623,-24512,10330,0,256,0,161,0,0,0,0,2,0,0,0,2056,31082107,2018,0.09,0,0,0,28.8,30.5,27.9,27.2,27.2,28.5,26.9,27.1,27,27.5,31,360957,1065,0,0,0,0,0,0,0,60,-0.31,12164026,72333,0,3404.94,0,1200,400,720,240,4200,7500,8500,102,1.5,6000,0,0,0,0,0,30,0,30,35,30.6,0,0
2026-08-07T23:26:44.320000+09:00,2026-08-07T14:26:44.320000+00:00,094623,0.0,2,0,0,0,0,13354,0,13354,0,0,0,0,4623,-24512,10330,0,256,0,161,0,0,0,0,2,0,0,0,2056,31082107,2018,0.09,0,0,0,28.8,30.4,27.9,27.2,27.2,28.4,26.9,27.1,27,27.5,31,360957,1065,0,0,0,0,0,0,0,60,-0.31,12164026,72333,0,3404.94,0,1200,400,720,240,4200,7500,8500,102,1.5,6000,0,0,0,0,0,30,0,30,35,30.6,0,0
2026-08-07T23:27:44.417000+09:00,2026-08-07T14:27:44.417000+00:00,094623,0.0,2,0,0,0,0,13354,0,13354,0,0,0,0,4623,-24512,10330,0,256,0,161,0,0,0,0,2,0,0,0,2056,31082107,2018,0.09,0,0,0,28.8,30.4,27.9,27.2,27.2,28.4,26.9,27.1,27,27.5,31,360957,1065,0,0,0,0,0,0,0,60,-0.31,12164026,72333,0,3404.94,0,1200,400,720,240,4200,7500,8500,102,1.5,6000,0,0,0,0,0,30,0,30,35,30.6,0,0
2026-08-07T23:28:44.508000+09:00,2026-08-07T14:28:44.508000+00:00,094623,0.0,2,0,0,0,0,13354,0,13354,0,0,0,0,4623,-24512,10330,0,256,0,161,0,0,0,0,2,0,0,0,2056,31082107,2018,0.09,0,0,0,28.8,30.4,27.9,27.2,27.2,28.4,26.9,27.1,27,27.5,31,360957,1065,0,0,0,0,0,0,0,60,-0.31,12164026,72333,0,3404.94,0,1200,400,720,240,4200,7500,8500,102,1.5,6000,0,0,0,0,0,30,0,30,35,30.6,0,0
2026-08-07T23:29:44.606000+09:00,2026-08-07T14:29:44.606000+00:00,094623,0.0,2,0,0,0,0,13354,0,13354,0,0,0,0,4623,-24512,10330,0,256,0,161,0,0,0,0,2,0,0,0,2056,31082107,2018,0.09,0,0,0,28.8,30.4,27.9,27.2,27.2,28.4,26.9,27.1,26.9,27.5,31,360957,1065,0,0,0,0,0,0,0,60,-0.31,12164026,72333,0,3404.94,0,1200,400,720,240,4200,7500,8500,102,1.5,6000,0,0,0,0,0,30,0,30,35,30.6,0,0
2026-08-07T23:30:44.699000+09:00,2026-08-07T14:30:44.699000+00:00,094623,0.0,2,0,0,0,0,13354,0,13354,0,0,0,0,4623,-24512,10330,0,256,0,161,0,0,0,0,2,0,0,0,2056,31082107,2018,0.09,0,0,0,28.8,30.4,27.9,27.2,27.1,28.4,26.9,27.1,26.9,27.5,31,360957,1065,0,0,0,0,0,0,0,60,-0.31,12164026,72334,0,3404.94,0,1200,400,720,240,4200,7500,8500,102,1.5,6000,0,0,0,0,0,30,0,30,35,30.6,0,0
2026-08-07T23:31:44.806000+09:00,2026-08-07T14:31:44.806000+00:00,094623,0.0,2,0,0,0,0,13354,0,13354,0,0,0,0,4623,-24512,10330,0,256,0,161,0,0,0,0,2,0,0,0,2056,31082107,2018,0.09,0,0,0,28.8,30.4,27.9,27.2,27.1,28.4,26.9,27.1,26.9,27.5,31,360957,1065,0,0,0,0,0,0,0,60,-0.31,12164026,72334,0,3404.94,0,1200,400,720,240,4200,7500,8500,102,1.5,6000,0,0,0,0,0,30,0,30,35,30.6,0,0
2026-08-07T23:32:44.903000+09:00,2026-08-07T14:32:44.903000+00:00,094623,0.0,2,0,0,0,0,13354,0,13354,0,0,0,0,4623,-24512,10330,0,256,0,161,0,0,0,0,2,0,0,0,2056,31082107,2018,0.09,0,0,0,28.8,30.4,27.9,27.2,27.1,28.4,26.8,27,26.9,27.4,31,360957,1065,0,0,0,0,0,0,0,60,-0.31,12164026,72334,0,3404.94,0,1200,400,720,240,4200,7500,8500,102,1.5,6000,0,0,0,0,0,30,0,30,35,30.6,0,0
2026-08-07T23:33:45.007000+09:00,2026-08-07T14:33:45.007000+00:00,094623,0.0,2,0,0,0,0,13354,0,13354,0,0,0,0,4623,-24512,10330,0,256,0,161,0,0,0,0,2,0,0,0,2056,31082107,2018,0.09,0,0,0,28.7,30.4,27.9,27.1,27.1,28.4,26.8,27,26.9,27.4,31,360957,1065,0,0,0,0,0,0,0,60,-0.31,12164026,72334,0,3404.94,0,1200,400,720,240,4200,7500,8500,102,1.5,6000,0,0,0,0,0,30,0,30,35,30.5,0,0
2026-08-07T23:34:45.114000+09:00,2026-08-07T14:34:45.114000+00:00,094623,0.0,2,0,0,0,0,13354,0,13354,0,0,0,0,4623,-24512,10330,0,256,0,161,0,0,0,0,2,0,0,0,2056,31082107,2018,0.09,0,0,0,28.7,30.4,27.9,27.1,27.1,28.4,26.8,27,26.9,27.4,31,360957,1065,0,0,0,0,0,0,0,60,-0.31,12164026,72334,0,3404.94,0,1200,400,720,240,4200,7500,8500,102,1.5,6000,0,0,0,0,0,30,0,30,35,30.5,0,0
2026-08-07T23:35:45.202000+09:00,2026-08-07T14:35:45.202000+00:00,094623,0.0,2,0,0,0,0,13354,0,13354,0,0,0,0,4623,-24512,10330,0,256,0,161,0,0,0,0,2,0,0,0,2056,31082107,2018,0.09,0,0,0,28.7,30.4,27.9,27.1,27.1,28.4,26.8,27,26.9,27.4,31,360957,1065,0,0,0,0,0,0,0,60,-0.31,12164026,72334,0,3404.94,0,1200,400,720,240,4200,7500,8500,102,1.5,6000,0,0,0,0,0,30,0,30,35,30.5,0,0
2026-08-07T23:36:45.292000+09:00,2026-08-07T14:36:45.292000+00:00,094623,0.0,2,0,0,0,0,13354,0,13354,0,0,0,0,4623,-24512,10330,0,256,0,161,0,0,0,0,2,0,0,0,2056,31082107,2018,0.09,0,0,0,28.7,30.4,27.8,27.1,27.1,28.4,26.8,27,26.9,27.4,31,360957,1065,0,0,0,0,0,0,0,60,-0.31,12164026,72334,0,3404.94,0,1200,400,720,240,4200,7500,8500,102,1.5,6000,0,0,0,0,0,30,0,30,35,30.5,0,0
2026-08-07T23:37:45.397000+09:00,2026-08-07T14:37:45.397000+00:00,094623,0.0,2,0,0,0,0,13354,0,13354,0,0,0,0,4623,-24512,10330,0,256,0,161,0,0,0,0,2,0,0,0,2056,31082107,2018,0.09,0,0,0,28.7,30.4,27.8,27.1,27.1,28.4,26.8,27,26.9,27.4,31,360957,1065,0,0,0,0,0,0,0,60,-0.31,12164026,72334,0,3404.94,0,1200,400,720,240,4200,7500,8500,102,1.5,6000,0,0,0,0,0,30,0,30,35,30.5,0,0
2026-08-07T23:38:45.481000+09:00,2026-08-07T14:38:45.481000+00:00,094623,0.0,2,0,0,0,0,13354,0,13354,0,0,0,0,4623,-24512,10330,0,256,0,161,0,0,0,0,2,0,0,0,2056,31082107,2018,0.09,0,0,0,28.7,30.4,27.8,27.1,27.1,28.4,26.8,27,26.9,27.4,31,360957,1065,0,0,0,0,0,0,0,60,-0.31,12164026,72334,0,3404.94,0,1200,400,720,240,4200,7500,8500,102,1.5,6000,0,0,0,0,0,30,0,30,35,30.5,0,0
2026-08-07T23:39:45.588000+09:00,2026-08-07T14:39:45.588000+00:00,094623,0.0,2,0,0,0,0,13354,0,13354,0,0,0,0,4623,-24512,10330,0,256,0,161,0,0,0,0,2,0,0,0,2056,31082107,2018,0.09,0,0,0,28.7,30.4,27.8,27.1,27.1,28.3,26.8,27,26.9,27.4,31,360957,1065,0,0,0,0,0,0,0,60,-0.31,12164026,72334,0,3404.94,0,1200,400,720,240,4200,7500,8500,102,1.5,6000,0,0,0,0,0,30,0,30,35,30.5,0,0
2026-08-07T23:40:45.690000+09:00,2026-08-07T14:40:45.690000+00:00,094623,0.0,2,0,0,0,0,13354,0,13354,0,0,0,0,4623,-24512,10330,0,256,0,161,0,0,0,0,2,0,0,0,2056,31082107,2018,0.09,0,0,0,28.7,30.4,27.8,27.1,27.1,28.3,26.8,27,26.8,27.4,31,360957,1065,0,0,0,0,0,0,0,60,-0.31,12164026,72334,0,3404.94,0,1200,400,720,240,4200,7500,8500,102,1.5,6000,0,0,0,0,0,30,0,30,35,30.5,0,0
2026-08-07T23:41:45.784000+09:00,2026-08-07T14:41:45.784000+00:00,094623,0.0,2,0,0,0,0,13354,0,13354,0,0,0,0,4623,-24512,10330,0,256,0,161,0,0,0,0,2,0,0,0,2056,31082107,2018,0.09,0,0,0,28.7,30.4,27.8,27.1,27.1,28.3,26.8,27,26.8,27.4,31,360957,1065,0,0,0,0,0,0,0,60,-0.31,12164026,72334,0,3404.94,0,1200,400,720,240,4200,7500,8500,102,1.5,6000,0,0,0,0,0,30,0,30,35,30.5,0,0
2026-08-07T23:42:45.876000+09:00,2026-08-07T14:42:45.876000+00:00,094623,0.0,2,0,0,0,0,13354,0,13354,0,0,0,0,4623,-24512,10330,0,256,0,161,0,0,0,0,2,0,0,0,2056,31082107,2018,0.09,0,0,0,28.7,30.3,27.8,27.1,27.1,28.3,26.8,27,26.8,27.4,31,360957,1065,0,0,0,0,0,0,0,60,-0.31,12164026,72334,0,3404.94,0,1200,400,720,240,4200,7500,8500,102,1.5,6000,0,0,0,0,0,30,0,30,35,30.5,0,0
2026-08-07T23:43:46.016000+09:00,2026-08-07T14:43:46.016000+00:00,094623,0.0,2,0,0,0,0,13354,0,13354,0,0,0,0,4623,-24512,10330,0,256,0,161,0,0,0,0,2,0,0,0,2056,31082107,2018,0.09,0,0,0,28.7,30.3,27.8,27.1,27.1,28.3,26.8,27,26.8,27.4,31,360957,1065,0,0,0,0,0,0,0,60,-0.31,12164026,72334,0,3404.94,0,1200,400,720,240,4200,7500,8500,102,1.5,6000,0,0,0,0,0,30,0,30,35,30.5,0,0
2026-08-07T23:44:46.080000+09:00,2026-08-07T14:44:46.080000+00:00,094623,0.0,2,0,0,0,0,13354,0,13354,0,0,0,0,4623,-24512,10330,0,256,0,161,0,0,0,0,2,0,0,0,2056,31082107,2018,0.09,0,0,0,28.6,30.3,27.8,27.1,27.1,28.3,26.8,27,26.8,27.4,31,360957,1065,0,0,0,0,0,0,0,60,-0.31,12164026,72334,0,3404.94,0,1200,400,720,240,4200,7500,8500,102,1.5,6000,0,0,0,0,0,30,0,30,35,30.5,0,0
2026-08-07T23:45:46.174000+09:00,2026-08-07T14:45:46.174000+00:00,094623,0.0,2,0,0,0,0,13354,0,13354,0,0,0,0,4623,-24512,10330,0,256,0,161,0,0,0,0,2,0,0,0,2056,31082107,2018,0.09,0,0,0,28.6,30.3,27.8,27.1,27.1,28.3,26.8,27,26.8,27.4,31,360957,1065,0,0,0,0,0,0,0,60,-0.31,12164026,72334,0,3404.94,0,1200,400,720,240,4200,7500,8500,102,1.5,6000,0,0,0,0,0,30,0,30,35,30.5,0,0
2026-08-07T23:46:46.291000+09:00,2026-08-07T14:46:46.291000+00:00,094623,0.0,2,0,0,0,0,13354,0,13354,0,0,0,0,4623,-24512,10330,0,256,0,161,0,0,0,0,2,0,0,0,2056,31082107,2018,0.09,0,0,0,28.6,30.3,27.8,27.1,27.1,28.3,26.8,26.9,26.8,27.4,31,360957,1065,0,0,0,0,0,0,0,60,-0.31,12164026,72334,0,3404.94,0,1200,400,720,240,4200,7500,8500,102,1.5,6000,0,0,0,0,0,30,0,30,35,30.5,0,0
2026-08-07T23:47:46.372000+09:00,2026-08-07T14:47:46.372000+00:00,094623,0.0,2,0,0,0,0,13354,0,13354,0,0,0,0,4623,-24512,10330,0,256,0,161,0,0,0,0,2,0,0,0,2056,31082107,2018,0.09,0,0,0,28.6,30.3,27.8,27.1,27,28.3,26.8,26.9,26.8,27.3,31,360957,1065,0,0,0,0,0,0,0,60,-0.31,12164026,72334,0,3404.94,0,1200,400,720,240,4200,7500,8500,102,1.5,6000,0,0,0,0,0,30,0,30,35,30.4,0,0
2026-08-07T23:48:46.473000+09:00,2026-08-07T14:48:46.473000+00:00,094623,0.0,2,0,0,0,0,13354,0,13354,0,0,0,0,4623,-24512,10330,0,256,0,161,0,0,0,0,2,0,0,0,2056,31082107,2018,0.09,0,0,0,28.6,30.3,27.8,27.1,27.1,28.3,26.8,26.9,26.8,27.3,31,360957,1065,0,0,0,0,0,0,0,60,-0.31,12164026,72334,0,3404.94,0,1200,400,720,240,4200,7500,8500,102,1.5,6000,0,0,0,0,0,30,0,30,35,30.4,0,0
2026-08-07T23:49:46.557000+09:00,2026-08-07T14:49:46.557000+00:00,094623,0.0,2,0,0,0,0,13354,0,13354,0,0,0,0,4623,-24512,10330,0,256,0,161,0,0,0,0,2,0,0,0,2056,31082107,2018,0.09,0,0,0,28.6,30.3,27.8,27.1,27,28.3,26.7,26.9,26.8,27.3,31,360957,1065,0,0,0,0,0,0,0,60,-0.32,12164026,72334,0,3404.94,0,1200,400,720,240,4200,7500,8500,102,1.5,6000,0,0,0,0,0,30,0,30,35,30.4,0,0
2026-08-07T23:50:46.658000+09:00,2026-08-07T14:50:46.658000+00:00,094623,0.0,2,0,0,0,0,13354,0,13354,0,0,0,0,4623,-24512,10330,0,256,0,161,0,0,0,0,2,0,0,0,2056,31082107,2018,0.09,0,0,0,28.6,30.3,27.8,27.1,27,28.3,26.7,26.9,26.8,27.3,31,360957,1065,0,0,0,0,0,0,0,60,-0.31,12164026,72335,0,3404.94,0,1200,400,720,240,4200,7500,8500,102,1.5,6000,0,0,0,0,0,30,0,30,35,30.4,0,0
2026-08-07T23:51:46.749000+09:00,2026-08-07T14:51:46.749000+00:00,094623,0.0,2,0,0,0,0,13354,0,13354,0,0,0,0,4623,-24512,10330,0,256,0,161,0,0,0,0,2,0,0,0,2056,31082107,2018,0.09,0,0,0,28.6,30.2,27.8,27.1,27,28.3,26.7,26.9,26.8,27.3,31,360957,1065,0,0,0,0,0,0,0,60,-0.31,12164026,72335,0,3404.94,0,1200,400,720,240,4200,7500,8500,102,1.5,6000,0,0,0,0,0,30,0,30,35,30.4,0,0
2026-08-07T23:52:46.856000+09:00,2026-08-07T14:52:46.856000+00:00,094623,0.0,2,0,0,0,0,13354,0,13354,0,0,0,0,4623,-24512,10330,0,256,0,161,0,0,0,0,2,0,0,0,2056,31082107,2018,0.09,0,0,0,28.6,30.2,27.7,27.1,27,28.3,26.7,26.9,26.8,27.3,31,360957,1065,0,0,0,0,0,0,0,60,-0.31,12164026,72335,0,3404.94,0,1200,400,720,240,4200,7500,8500,102,1.5,6000,0,0,0,0,0,30,0,30,35,30.4,0,0
2026-08-07T23:53:46.971000+09:00,2026-08-07T14:53:46.971000+00:00,094623,0.0,2,0,0,0,0,13354,0,13354,0,0,0,0,4623,-24512,10330,0,256,0,161,0,0,0,0,2,0,0,0,2056,31082107,2018,0.09,0,0,0,28.6,30.2,27.7,27.1,27,28.3,26.7,26.9,26.8,27.3,31,360957,1065,0,0,0,0,0,0,0,60,-0.31,12164026,72335,0,3404.94,0,1200,400,720,240,4200,7500,8500,102,1.5,6000,0,0,0,0,0,30,0,30,35,30.4,0,0
2026-08-07T23:54:47.066000+09:00,2026-08-07T14:54:47.066000+00:00,094623,0.0,2,0,0,0,0,13354,0,13354,0,0,0,0,4623,-24512,10330,0,256,0,161,0,0,0,0,2,0,0,0,2056,31082107,2018,0.09,0,0,0,28.6,30.3,27.7,27.1,27,28.3,26.7,26.9,26.8,27.3,31,360957,1065,0,0,0,0,0,0,0,60,-0.31,12164026,72335,0,3404.94,0,1200,400,720,240,4200,7500,8500,102,1.5,6000,0,0,0,0,0,30,0,30,35,30.4,0,0
2026-08-07T23:55:47.178000+09:00,2026-08-07T14:55:47.178000+00:00,094623,0.0,2,0,0,0,0,13354,0,13354,0,0,0,0,4623,-24512,10330,0,256,0,161,0,0,0,0,2,0,0,0,2056,31082107,2018,0.09,0,0,0,28.6,30.3,27.7,27.1,27,28.2,26.7,26.9,26.8,27.3,31,360957,1065,0,0,0,0,0,0,0,60,-0.31,12164026,72335,0,3404.94,0,1200,400,720,240,4200,7500,8500,102,1.5,6000,0,0,0,0,0,30,0,30,35,30.4,0,0
2026-08-07T23:56:47.284000+09:00,2026-08-07T14:56:47.284000+00:00,094623,0.0,2,0,0,0,0,13354,0,13354,0,0,0,0,4623,-24512,10330,0,256,0,161,0,0,0,0,2,0,0,0,2056,31082107,2018,0.09,0,0,0,28.6,30.3,27.7,27.1,27.1,28.2,26.7,26.9,26.8,27.3,31,360957,1065,0,0,0,0,0,0,0,60,-0.31,12164026,72335,0,3404.94,0,1200,400,720,240,4200,7500,8500,102,1.5,6000,0,0,0,0,0,30,0,30,35,30.4,0,0
2026-08-07T23:57:47.392000+09:00,2026-08-07T14:57:47.392000+00:00,094623,0.0,2,0,0,0,0,13354,0,13354,0,0,0,0,4623,-24512,10330,0,256,0,161,0,0,0,0,2,0,0,0,2056,31082107,2018,0.09,0,0,0,28.6,30.3,27.7,27.1,27,28.3,26.7,26.9,26.8,27.3,31,360957,1065,0,0,0,0,0,0,0,60,-0.31,12164026,72335,0,3404.94,0,1200,400,720,240,4200,7500,8500,102,1.5,6000,0,0,0,0,0,30,0,30,35,30.4,0,0
2026-08-07T23:58:47.479000+09:00,2026-08-07T14:58:47.479000+00:00,094623,0.0,2,0,0,0,0,13354,0,13354,0,0,0,0,4623,-24512,10330,0,256,0,161,0,0,0,0,2,0,0,0,2056,31082107,2018,0.09,0,0,0,28.5,30.3,27.7,27.1,27.1,28.2,26.7,26.9,26.7,27.3,31,360957,1065,0,0,0,0,0,0,0,60,-0.31,12164026,72335,0,3404.94,0,1200,400,720,240,4200,7500,8500,102,1.5,6000,0,0,0,0,0,30,0,30,35,30.3,0,0
2026-08-07T23:59:47.577000+09:00,2026-08-07T14:59:47.577000+00:00,094623,0.0,2,0,0,0,0,13354,0,13354,0,0,0,0,4623,-24512,10330,0,256,0,161,0,0,0,0,2,0,0,0,2056,31082107,2018,0.09,0,0,0,28.5,30.2,27.7,27.1,27.1,28.2,26.7,26.9,26.7,27.3,31,360957,1065,0,0,0,0,0,0,0,60,-0.31,12164026,72335,0,3404.94,0,1200,400,720,240,4200,7500,8500,102,1.5,6000,0,0,0,0,0,30,0,30,35,30.3,0,0
2026-08-08T00:00:47.673000+09:00,2026-08-07T15:00:47.673000+00:00,094623,0.0,2,0,0,0,0,13354,0,13354,0,0,0,0,4623,-24512,10330,0,256,0,161,0,0,0,0,2,0,0,0,2056,31082107,2018,0.09,0,0,0,28.5,30.3,27.7,27.1,27.1,28.2,26.7,26.9,26.8,27.3,31,360957,1065,0,0,0,0,0,0,0,60,-0.31,12164026,72335,0,3404.94,0,1200,400,720,240,4200,7500,8500,102,1.5,6000,0,0,0,0,0,30,0,30,35,30.3,0,0
2026-08-08T00:01:47.773000+09:00,2026-08-07T15:01:47.773000+00:00,094623,0.0,2,0,0,0,0,13354,0,13354,0,0,0,0,4623,-24512,10330,0,256,0,161,0,0,0,0,2,0,0,0,2056,31082107,2018,0.09,0,0,0,28.5,30.2,27.7,27.1,27.1,28.2,26.7,26.9,26.7,27.3,31,360957,1065,0,0,0,0,0,0,0,60,-0.31,12164026,72335,0,3404.94,0,1200,400,720,240,4200,7500,8500,102,1.5,6000,0,0,0,0,0,30,0,30,35,30.3,0,0
2026-08-08T00:02:47.866000+09:00,2026-08-07T15:02:47.866000+00:00,094623,0.0,2,0,0,0,0,13354,0,13354,0,0,0,0,4623,-24512,10330,0,256,0,161,0,0,0,0,2,0,0,0,2056,31082107,2018,0.09,0,0,0,28.5,30.2,27.7,27.1,27.1,28.2,26.7,26.9,26.7,27.3,31,360957,1065,0,0,0,0,0,0,0,60,-0.31,12164026,72335,0,3404.94,0,1200,400,720,240,4200,7500,8500,102,1.5,6000,0,0,0,0,0,30,0,30,35,30.3,0,0
2026-08-08T00:03:47.961000+09:00,2026-08-07T15:03:47.961000+00:00,094623,0.0,2,0,0,0,0,13354,0,13354,0,0,0,0,4623,-24512,10330,0,256,0,161,0,0,0,0,2,0,0,0,2056,31082107,2018,0.09,0,0,0,28.5,30.2,27.7,27.1,27.1,28.2,26.7,26.9,26.7,27.3,31,360957,1065,0,0,0,0,0,0,0,60,-0.31,12164026,72335,0,3404.94,0,1200,400,720,240,4200,7500,8500,102,1.5,6000,0,0,0,0,0,30,0,30,35,30.3,0,0
2026-08-08T00:04:48.058000+09:00,2026-08-07T15:04:48.058000+00:00,094623,0.0,2,0,0,0,0,13354,0,13354,0,0,0,0,4623,-24512,10330,0,256,0,161,0,0,0,0,2,0,0,0,2056,31082107,2018,0.09,0,0,0,28.5,30.2,27.7,27.1,27.1,28.2,26.7,26.9,26.7,27.2,31,360957,1065,0,0,0,0,0,0,0,60,-0.31,12164026,72335,0,3404.94,0,1200,400,720,240,4200,7500,8500,102,1.5,6000,0,0,0,0,0,30,0,30,35,30.3,0,0
2026-08-08T00:05:48.150000+09:00,2026-08-07T15:05:48.150000+00:00,094623,0.0,2,0,0,0,0,13354,0,13354,0,0,0,0,4623,-24512,10330,0,256,0,161,0,0,0,0,2,0,0,0,2056,31082107,2018,0.09,0,0,0,28.5,30.2,27.7,27.1,27.1,28.2,26.7,26.8,26.7,27.2,31,360957,1065,0,0,0,0,0,0,0,60,-0.31,12164026,72335,0,3404.94,0,1200,400,720,240,4200,7500,8500,102,1.5,6000,0,0,0,0,0,30,0,30,35,30.3,0,0
2026-08-08T00:06:48.257000+09:00,2026-08-07T15:06:48.257000+00:00,094623,0.0,2,0,0,0,0,13354,0,13354,0,0,0,0,4623,-24512,10330,0,256,0,161,0,0,0,0,2,0,0,0,2056,31082107,2018,0.09,0,0,0,28.5,30.1,27.7,27.1,27.1,28.2,26.7,26.8,26.7,27.2,31,360957,1065,0,0,0,0,0,0,0,60,-0.31,12164026,72335,0,3404.94,0,1200,400,720,240,4200,7500,8500,102,1.5,6000,0,0,0,0,0,30,0,30,35,30.3,0,0
2026-08-08T00:07:48.351000+09:00,2026-08-07T15:07:48.351000+00:00,094623,0.0,2,0,0,0,0,13354,0,13354,0,0,0,0,4623,-24512,10330,0,256,0,161,0,0,0,0,2,0,0,0,2056,31082107,2018,0.09,0,0,0,28.5,30.2,27.7,27.1,27.1,28.2,26.7,26.8,26.7,27.2,31,360957,1065,0,0,0,0,0,0,0,60,-0.31,12164026,72335,0,3404.94,0,1200,400,720,240,4200,7500,8500,102,1.5,6000,0,0,0,0,0,30,0,30,35,30.3,0,0
2026-08-08T00:08:48.460000+09:00,2026-08-07T15:08:48.460000+00:00,094623,0.0,2,0,0,0,0,13354,0,13354,0,0,0,0,4623,-24512,10330,0,256,0,161,0,0,0,0,2,0,0,0,2056,31082107,2018,0.09,0,0,0,28.5,30.2,27.7,27.1,27.1,28.2,26.7,26.8,26.7,27.2,31,360957,1065,0,0,0,0,0,0,0,60,-0.31,12164026,72335,0,3404.94,0,1200,400,720,240,4200,7500,8500,102,1.5,6000,0,0,0,0,0,30,0,30,35,30.3,0,0
2026-08-08T00:09:48.604000+09:00,2026-08-07T15:09:48.604000+00:00,094623,0.0,2,0,0,0,0,13354,0,13354,0,0,0,0,4623,-24512,10330,0,256,0,161,0,0,0,0,2,0,0,0,2056,31082107,2018,0.09,0,0,0,28.5,30.2,27.7,27.1,27.1,28.2,26.7,26.8,26.7,27.2,31,360957,1065,0,0,0,0,0,0,0,60,-0.31,12164026,72336,0,3404.94,0,1200,400,720,240,4200,7500,8500,102,1.5,6000,0,0,0,0,0,30,0,30,35,30.2,0,0
2026-08-08T00:10:48.693000+09:00,2026-08-07T15:10:48.693000+00:00,094623,0.0,2,0,0,0,0,13354,0,13354,0,0,0,0,4623,-24512,10330,0,256,0,161,0,0,0,0,2,0,0,0,2056,31082107,2018,0.09,0,0,0,28.5,30.2,27.7,27.1,27.1,28.2,26.7,26.8,26.7,27.2,31,360957,1065,0,0,0,0,0,0,0,60,-0.31,12164026,72336,0,3404.94,0,1200,400,720,240,4200,7500,8500,102,1.5,6000,0,0,0,0,0,30,0,30,35,30.2,0,0
2026-08-08T00:11:48.788000+09:00,2026-08-07T15:11:48.788000+00:00,094623,0.0,2,0,0,0,0,13354,0,13354,0,0,0,0,4623,-24512,10330,0,256,0,161,0,0,0,0,2,0,0,0,2056,31082107,2018,0.09,0,0,0,28.5,30.1,27.7,27.1,27.1,28.2,26.7,26.8,26.7,27.2,31,360957,1065,0,0,0,0,0,0,0,60,-0.31,12164026,72336,0,3404.94,0,1200,400,720,240,4200,7500,8500,102,1.5,6000,0,0,0,0,0,30,0,30,35,30.2,0,0
2026-08-08T00:12:48.878000+09:00,2026-08-07T15:12:48.878000+00:00,094623,0.0,2,0,0,0,0,13354,0,13354,0,0,0,0,4623,-24512,10330,0,256,0,161,0,0,0,0,2,0,0,0,2056,31082107,2018,0.09,0,0,0,28.4,30.1,27.7,27.1,27.1,28.2,26.7,26.8,26.7,27.2,31,360957,1065,0,0,0,0,0,0,0,60,-0.31,12164026,72336,0,3404.94,0,1200,400,720,240,4200,7500,8500,102,1.5,6000,0,0,0,0,0,30,0,30,35,30.2,0,0
2026-08-08T00:13:48.981000+09:00,2026-08-07T15:13:48.981000+00:00,094623,0.0,2,0,0,0,0,13354,0,13354,0,0,0,0,4623,-24512,10330,0,256,0,161,0,0,0,0,2,0,0,0,2056,31082107,2018,0.09,0,0,0,28.4,30.1,27.7,27.1,27.1,28.2,26.7,26.8,26.7,27.2,31,360957,1065,0,0,0,0,0,0,0,60,-0.31,12164026,72336,0,3404.94,0,1200,400,720,240,4200,7500,8500,102,1.5,6000,0,0,0,0,0,30,0,30,35,30.2,0,0
2026-08-08T00:14:49.112000+09:00,2026-08-07T15:14:49.112000+00:00,094623,0.0,2,0,0,0,0,13354,0,13354,0,0,0,0,4623,-24512,10330,0,256,0,161,0,0,0,0,2,0,0,0,2056,31082107,2018,0.09,0,0,0,28.4,30.1,27.7,27.1,27.1,28.2,26.7,26.8,26.7,27.2,31,360957,1065,0,0,0,0,0,0,0,60,-0.31,12164026,72336,0,3404.94,0,1200,400,720,240,4200,7500,8500,102,1.5,6000,0,0,0,0,0,30,0,30,35,30.2,0,0
2026-08-08T00:15:49.213000+09:00,2026-08-07T15:15:49.213000+00:00,094623,0.0,2,0,0,0,0,13354,0,13354,0,0,0,0,4623,-24512,10330,0,256,0,161,0,0,0,0,2,0,0,0,2056,31082107,2018,0.09,0,0,0,28.4,30.1,27.6,27,27.1,28.2,26.7,26.8,26.7,27.2,31.1,360957,1065,0,0,0,0,0,0,0,60,-0.31,12164026,72336,0,3404.94,0,1200,400,720,240,4200,7500,8500,102,1.5,6000,0,0,0,0,0,30,0,30,35,30.2,0,0
2026-08-08T00:16:49.310000+09:00,2026-08-07T15:16:49.310000+00:00,094623,0.0,2,0,0,0,0,13354,0,13354,0,0,0,0,4623,-24512,10330,0,256,0,161,0,0,0,0,2,0,0,0,2056,31082107,2018,0.09,0,0,0,28.4,30.1,27.6,27,27,28.2,26.7,26.8,26.7,27.2,31,360957,1065,0,0,0,0,0,0,0,60,-0.31,12164026,72336,0,3404.94,0,1200,400,720,240,4200,7500,8500,102,1.5,6000,0,0,0,0,0,30,0,30,35,30.2,0,0
2026-08-08T00:17:49.405000+09:00,2026-08-07T15:17:49.405000+00:00,094623,0.0,2,0,0,0,0,13354,0,13354,0,0,0,0,4623,-24512,10330,0,256,0,161,0,0,0,0,2,0,0,0,2056,31082107,2018,0.09,0,0,0,28.4,30.1,27.6,27,27.1,28.2,26.7,26.8,26.7,27.2,31,360957,1065,0,0,0,0,0,0,0,60,-0.31,12164026,72336,0,3404.94,0,1200,400,720,240,4200,7500,8500,102,1.5,6000,0,0,0,0,0,30,0,30,35,30.2,0,0
2026-08-08T00:18:49.509000+09:00,2026-08-07T15:18:49.509000+00:00,094623,0.0,2,0,0,0,0,13354,0,13354,0,0,0,0,4623,-24512,10330,0,256,0,161,0,0,0,0,2,0,0,0,2056,31082107,2018,0.09,0,0,0,28.4,30.1,27.6,27,27,28.2,26.7,26.8,26.7,27.2,31,360957,1065,0,0,0,0,0,0,0,60,-0.31,12164026,72336,0,3404.94,0,1200,400,720,240,4200,7500,8500,102,1.5,6000,0,0,0,0,0,30,0,30,35,30.2,0,0
2026-08-08T00:19:49.605000+09:00,2026-08-07T15:19:49.605000+00:00,094623,0.0,2,0,0,0,0,13354,0,13354,0,0,0,0,4623,-24512,10330,0,256,0,161,0,0,0,0,2,0,0,0,2056,31082107,2018,0.09,0,0,0,28.4,30.1,27.6,27,27,28.2,26.7,26.8,26.7,27.2,31,360957,1065,0,0,0,0,0,0,0,60,-0.31,12164026,72336,0,3404.94,0,1200,400,720,240,4200,7500,8500,102,1.5,6000,0,0,0,0,0,30,0,30,35,30.2,0,0
2026-08-08T00:20:49.701000+09:00,2026-08-07T15:20:49.701000+00:00,094623,0.0,2,0,0,0,0,13354,0,13354,0,0,0,0,4623,-24512,10330,0,256,0,161,0,0,0,0,2,0,0,0,2056,31082107,2018,0.09,0,0,0,28.4,30.1,27.6,27,27,28.1,26.7,26.8,26.7,27.2,31,360957,1065,0,0,0,0,0,0,0,60,-0.31,12164026,72336,0,3404.94,0,1200,400,720,240,4200,7500,8500,102,1.5,6000,0,0,0,0,0,30,0,30,35,30.2,0,0
2026-08-08T00:21:49.794000+09:00,2026-08-07T15:21:49.794000+00:00,094623,0.0,2,0,0,0,0,13354,0,13354,0,0,0,0,4623,-24512,10330,0,256,0,161,0,0,0,0,2,0,0,0,2056,31082107,2018,0.09,0,0,0,28.4,30.1,27.6,27,27,28.1,26.6,26.8,26.7,27.2,31,360957,1065,0,0,0,0,0,0,0,60,-0.31,12164026,72336,0,3404.94,0,1200,400,720,240,4200,7500,8500,102,1.5,6000,0,0,0,0,0,30,0,30,35,30.2,0,0
2026-08-08T00:22:49.884000+09:00,2026-08-07T15:22:49.884000+00:00,094623,0.0,2,0,0,0,0,13354,0,13354,0,0,0,0,4623,-24512,10330,0,256,0,161,0,0,0,0,2,0,0,0,2056,31082107,2018,0.09,0,0,0,28.4,30.1,27.6,27,27,28.1,26.6,26.8,26.7,27.2,31,360957,1065,0,0,0,0,0,0,0,60,-0.31,12164026,72336,0,3404.94,0,1200,400,720,240,4200,7500,8500,102,1.5,6000,0,0,0,0,0,30,0,30,35,30.1,0,0
2026-08-08T00:23:49.970000+09:00,2026-08-07T15:23:49.970000+00:00,094623,0.0,2,0,0,0,0,13354,0,13354,0,0,0,0,4623,-24512,10330,0,256,0,161,0,0,0,0,2,0,0,0,2056,31082107,2018,0.09,0,0,0,28.4,30.1,27.6,27,27,28.1,26.6,26.7,26.7,27.2,31,360957,1065,0,0,0,0,0,0,0,60,-0.31,12164026,72336,0,3404.94,0,1200,400,720,240,4200,7500,8500,102,1.5,6000,0,0,0,0,0,30,0,30,35,30.1,0,0
2026-08-08T00:24:50.064000+09:00,2026-08-07T15:24:50.064000+00:00,094623,0.0,2,0,0,0,0,13354,0,13354,0,0,0,0,4623,-24512,10330,0,256,0,161,0,0,0,0,2,0,0,0,2056,31082107,2018,0.09,0,0,0,28.4,30.1,27.6,27,27,28.1,26.6,26.7,26.7,27.2,31,360957,1065,0,0,0,0,0,0,0,60,-0.31,12164026,72336,0,3404.94,0,1200,400,720,240,4200,7500,8500,102,1.5,6000,0,0,0,0,0,30,0,30,35,30.1,0,0
2026-08-08T00:25:50.173000+09:00,2026-08-07T15:25:50.173000+00:00,094623,0.0,2,0,0,0,0,13354,0,13354,0,0,0,0,4623,-24512,10330,0,256,0,161,0,0,0,0,2,0,0,0,2056,31082107,2018,0.09,0,0,0,28.4,30.1,27.6,27,27,28.1,26.6,26.7,26.7,27.1,31,360957,1065,0,0,0,0,0,0,0,60,-0.31,12164026,72336,0,3404.94,0,1200,400,720,240,4200,7500,8500,102,1.5,6000,0,0,0,0,0,30,0,30,35,30.1,0,0
2026-08-08T00:26:50.266000+09:00,2026-08-07T15:26:50.266000+00:00,094623,0.0,2,0,0,0,0,13354,0,13354,0,0,0,0,4623,-24512,10330,0,256,0,161,0,0,0,0,2,0,0,0,2056,31082107,2018,0.09,0,0,0,28.4,30.1,27.6,27,27,28.1,26.6,26.7,26.7,27.1,31,360957,1065,0,0,0,0,0,0,0,60,-0.31,12164026,72336,0,3404.94,0,1200,400,720,240,4200,7500,8500,102,1.5,6000,0,0,0,0,0,30,0,30,35,30.1,0,0
2026-08-08T00:27:50.351000+09:00,2026-08-07T15:27:50.351000+00:00,094623,0.0,2,0,0,0,0,13354,0,13354,0,0,0,0,4623,-24512,10330,0,256,0,161,0,0,0,0,2,0,0,0,2056,31082107,2018,0.09,0,0,0,28.3,30,27.6,27,27,28.1,26.6,26.7,26.7,27.1,31,360957,1065,0,0,0,0,0,0,0,60,-0.31,12164026,72336,0,3404.94,0,1200,400,720,240,4200,7500,8500,102,1.5,6000,0,0,0,0,0,30,0,30,35,30.1,0,0
2026-08-08T00:28:50.454000+09:00,2026-08-07T15:28:50.454000+00:00,094623,0.0,2,0,0,0,0,13354,0,13354,0,0,0,0,4623,-24512,10330,0,256,0,161,0,0,0,0,2,0,0,0,2056,31082107,2018,0.09,0,0,0,28.3,30,27.6,27,27,28.1,26.6,26.7,26.7,27.1,31.1,360957,1065,0,0,0,0,0,0,0,60,-0.31,12164026,72337,0,3404.94,0,1200,400,720,240,4200,7500,8500,102,1.5,6000,0,0,0,0,0,30,0,30,35,30.1,0,0
2026-08-08T00:29:50.559000+09:00,2026-08-07T15:29:50.559000+00:00,094623,-1.5,2,0,0,0,0,13354,0,13354,0,0,0,0,4623,-24512,10330,0,256,0,161,0,0,0,0,2,0,0,0,2056,31082107,2018,0.09,1.53,0,0,28.3,30,27.6,27,27,28.1,26.6,26.7,26.6,27.1,31,360957,1065,0,0,0,0,0,0,0,60,-0.31,12164026,72337,0,3404.94,0,1200,400,720,240,4200,7500,8500,102,1.5,6000,0,0,0,0,0,30,0,30,35,30.1,0,0
2026-08-08T00:30:50.652000+09:00,2026-08-07T15:30:50.652000+00:00,094623,0.0,2,0,0,0,0,13354,0,13354,0,0,0,0,4623,-24512,10330,0,256,0,161,0,0,0,0,2,0,0,0,2056,31082107,2018,0.09,0,0,0,28.3,30,27.6,27,27,28.1,26.6,26.7,26.6,27.1,31,360957,1065,0,0,0,0,0,0,0,60,-0.31,12164026,72337,0,3404.94,0,1200,400,720,240,4200,7500,8500,102,1.5,6000,0,0,0,0,0,30,0,30,35,30.1,0,0
2026-08-08T00:31:50.750000+09:00,2026-08-07T15:31:50.750000+00:00,094623,0.0,2,0,0,0,0,13354,0,13354,0,0,0,0,4623,-24512,10330,0,256,0,161,0,0,0,0,2,0,0,0,2056,31082107,2018,0.09,0,0,0,28.3,30,27.6,27,27,28.1,26.6,26.7,26.6,27.1,31,360957,1065,0,0,0,0,0,0,0,60,-0.31,12164026,72337,0,3404.94,0,1200,400,720,240,4200,7500,8500,102,1.5,6000,0,0,0,0,0,30,0,30,35,30.1,0,0
2026-08-08T00:32:50.842000+09:00,2026-08-07T15:32:50.842000+00:00,094623,0.0,2,0,0,0,0,13354,0,13354,0,0,0,0,4623,-24512,10330,0,256,0,161,0,0,0,0,2,0,0,0,2056,31082107,2018,0.09,0,0,0,28.3,30,27.6,27,27,28.1,26.6,26.7,26.6,27.1,31,360957,1065,0,0,0,0,0,0,0,60,-0.31,12164026,72337,0,3404.94,0,1200,400,720,240,4200,7500,8500,102,1.5,6000,0,0,0,0,0,30,0,30,35,30,0,0
2026-08-08T00:33:50.934000+09:00,2026-08-07T15:33:50.934000+00:00,094623,0.0,2,0,0,0,0,13354,0,13354,0,0,0,0,4623,-24512,10330,0,256,0,161,0,0,0,0,2,0,0,0,2056,31082107,2018,0.09,0,0,0,28.3,30,27.6,27,27,28.1,26.6,26.7,26.6,27.1,31,360957,1065,0,0,0,0,0,0,0,60,-0.31,12164026,72337,0,3404.94,0,1200,400,720,240,4200,7500,8500,102,1.5,6000,0,0,0,0,0,30,0,30,35,30,0,0
2026-08-08T00:34:51.031000+09:00,2026-08-07T15:34:51.031000+00:00,094623,0.0,2,0,0,0,0,13354,0,13354,0,0,0,0,4623,-24512,10330,0,256,0,161,0,0,0,0,2,0,0,0,2056,31082107,2018,0.09,0,0,0,28.3,30,27.6,27,27,28.1,26.6,26.7,26.6,27.1,31,360957,1065,0,0,0,0,0,0,0,60,-0.31,12164026,72337,0,3404.94,0,1200,400,720,240,4200,7500,8500,102,1.5,6000,0,0,0,0,0,30,0,30,35,30.1,0,0
2026-08-08T00:35:51.128000+09:00,2026-08-07T15:35:51.128000+00:00,094623,0.0,2,0,0,0,0,13354,0,13354,0,0,0,0,4623,-24512,10330,0,256,0,161,0,0,0,0,2,0,0,0,2056,31082107,2018,0.09,0,0,0,28.3,30,27.6,26.9,27,28.1,26.6,26.7,26.6,27.1,31,360957,1065,0,0,0,0,0,0,0,60,-0.31,12164026,72337,0,3404.94,0,1200,400,720,240,4200,7500,8500,102,1.5,6000,0,0,0,0,0,30,0,30,35,30,0,0
2026-08-08T00:36:51.285000+09:00,2026-08-07T15:36:51.285000+00:00,094623,0.0,2,0,0,0,0,13354,0,13354,0,0,0,0,4623,-24512,10330,0,256,0,161,0,0,0,0,2,0,0,0,2056,31082107,2018,0.09,0,0,0,28.3,29.9,27.5,26.9,27,28.1,26.6,26.7,26.6,27.1,31,360957,1065,0,0,0,0,0,0,0,60,-0.31,12164026,72337,0,3404.94,0,1200,400,720,240,4200,7500,8500,102,1.5,6000,0,0,0,0,0,30,0,30,35,30,0,0
2026-08-08T00:37:51.328000+09:00,2026-08-07T15:37:51.328000+00:00,094623,0.0,2,0,0,0,0,13354,0,13354,0,0,0,0,4623,-24512,10330,0,256,0,161,0,0,0,0,2,0,0,0,2056,31082107,2018,0.09,0,0,0,28.3,30,27.5,26.9,26.9,28.1,26.6,26.7,26.6,27.1,31,360957,1065,0,0,0,0,0,0,0,60,-0.31,12164026,72337,0,3404.94,0,1200,400,720,240,4200,7500,8500,102,1.5,6000,0,0,0,0,0,30,0,30,35,30,0,0
2026-08-08T00:38:51.428000+09:00,2026-08-07T15:38:51.428000+00:00,094623,0.0,2,0,0,0,0,13354,0,13354,0,0,0,0,4623,-24512,10330,0,256,0,161,0,0,0,0,2,0,0,0,2056,31082107,2018,0.09,0,0,0,28.3,30,27.5,26.9,26.9,28.1,26.5,26.7,26.6,27.1,31,360957,1065,0,0,0,0,0,0,0,60,-0.31,12164026,72337,0,3404.94,0,1200,400,720,240,4200,7500,8500,102,1.5,6000,0,0,0,0,0,30,0,30,35,30,0,0
2026-08-08T00:39:51.527000+09:00,2026-08-07T15:39:51.527000+00:00,094623,0.0,2,0,0,0,0,13354,0,13354,0,0,0,0,4623,-24512,10330,0,256,0,161,0,0,0,0,2,0,0,0,2056,31082107,2018,0.09,0,0,0,28.3,30,27.5,26.9,26.9,28.1,26.5,26.7,26.6,27.1,31,360957,1065,0,0,0,0,0,0,0,60,-0.31,12164026,72337,0,3404.94,0,1200,400,720,240,4200,7500,8500,102,1.5,6000,0,0,0,0,0,30,0,30,35,30,0,0
2026-08-08T00:40:51.616000+09:00,2026-08-07T15:40:51.616000+00:00,094623,0.0,2,0,0,0,0,13354,0,13354,0,0,0,0,4623,-24512,10330,0,256,0,161,0,0,0,0,2,0,0,0,2056,31082107,2018,0.09,0,0,0,28.3,30,27.5,26.9,26.9,28.1,26.5,26.7,26.6,27.1,31,360957,1065,0,0,0,0,0,0,0,60,-0.31,12164026,72337,0,3404.94,0,1200,400,720,240,4200,7500,8500,102,1.5,6000,0,0,0,0,0,30,0,30,35,30,0,0
2026-08-08T00:41:51.714000+09:00,2026-08-07T15:41:51.714000+00:00,094623,0.0,2,0,0,0,0,13354,0,13354,0,0,0,0,4623,-24512,10330,0,256,0,161,0,0,0,0,2,0,0,0,2056,31082107,2018,0.09,0,0,0,28.2,30,27.5,26.9,26.9,28.1,26.5,26.7,26.6,27.1,31,360957,1065,0,0,0,0,0,0,0,60,-0.31,12164026,72337,0,3404.94,0,1200,400,720,240,4200,7500,8500,102,1.5,6000,0,0,0,0,0,30,0,30,35,30,0,0
2026-08-08T00:42:51.816000+09:00,2026-08-07T15:42:51.816000+00:00,094623,-1.5,2,0,0,0,0,13354,0,13354,0,0,0,0,4623,-24512,10330,0,256,0,161,0,0,0,0,2,0,0,0,2056,31082107,2018,0.09,1.53,0,0,28.2,30,27.5,26.9,26.9,28.1,26.5,26.7,26.6,27.1,31,360957,1065,0,0,0,0,0,0,0,60,-0.31,12164026,72337,0,3404.94,0,1200,400,720,240,4200,7500,8500,102,1.5,6000,0,0,0,0,0,30,0,30,35,30,0,0
2026-08-08T00:43:51.936000+09:00,2026-08-07T15:43:51.936000+00:00,094623,0.0,2,0,0,0,0,13354,0,13354,0,0,0,0,4623,-24512,10330,0,256,0,161,0,0,0,0,2,0,0,0,2056,31082107,2018,0.09,0,0,0,28.2,29.9,27.5,26.9,26.9,28,26.5,26.7,26.6,27,31,360957,1065,0,0,0,0,0,0,0,60,-0.31,12164026,72337,0,3404.94,0,1200,400,720,240,4200,7500,8500,102,1.5,6000,0,0,0,0,0,30,0,30,35,30,0,0
2026-08-08T00:44:52.057000+09:00,2026-08-07T15:44:52.057000+00:00,094623,-1.5,2,0,0,0,0,13354,0,13354,0,0,0,0,4623,-24512,10330,0,256,0,161,0,0,0,0,2,0,0,0,2056,31082107,2018,0.09,1.53,0,0,28.2,29.9,27.5,26.9,26.9,28,26.5,26.7,26.6,27,31,360957,1065,0,0,0,0,0,0,0,60,-0.31,12164026,72337,0,3404.94,0,1200,400,720,240,4200,7500,8500,102,1.5,6000,0,0,0,0,0,30,0,30,35,30,0,0
2026-08-08T00:45:52.149000+09:00,2026-08-07T15:45:52.149000+00:00,094623,0.0,2,0,0,0,0,13354,0,13354,0,0,0,0,4623,-24512,10330,0,256,0,161,0,0,0,0,2,0,0,0,2056,31082107,2018,0.09,0,0,0,28.2,30,27.5,26.9,26.9,28,26.5,26.7,26.6,27,31,360957,1065,0,0,0,0,0,0,0,60,-0.31,12164026,72337,0,3404.94,0,1200,400,720,240,4200,7500,8500,102,1.5,6000,0,0,0,0,0,30,0,30,35,30,0,0
2026-08-08T00:46:52.243000+09:00,2026-08-07T15:46:52.243000+00:00,094623,-1.5,2,0,0,0,0,13354,0,13354,0,0,0,0,4623,-24512,10330,0,256,0,161,0,0,0,0,2,0,0,0,2056,31082107,2018,0.09,1.53,0,0,28.2,29.9,27.5,26.9,26.9,28,26.5,26.7,26.6,27,31,360957,1065,0,0,0,0,0,0,0,60,-0.31,12164026,72337,0,3404.94,0,1200,400,720,240,4200,7500,8500,102,1.5,6000,0,0,0,0,0,30,0,30,35,30,0,0
2026-08-08T00:47:52.339000+09:00,2026-08-07T15:47:52.339000+00:00,094623,-1.5,2,0,0,0,0,13354,0,13354,0,0,0,0,4623,-24512,10330,0,256,0,161,0,0,0,0,2,0,0,0,2056,31082107,2018,0.09,1.53,0,0,28.2,29.9,27.5,26.9,26.9,28,26.5,26.7,26.6,27,31,360957,1065,0,0,0,0,0,0,0,60,-0.31,12164026,72338,0,3404.94,0,1200,400,720,240,4200,7500,8500,102,1.5,6000,0,0,0,0,0,30,0,30,35,30,0,0
2026-08-08T00:48:52.436000+09:00,2026-08-07T15:48:52.436000+00:00,094623,0.0,2,0,0,0,0,13354,0,13354,0,0,0,0,4623,-24512,10330,0,256,0,161,0,0,0,0,2,0,0,0,2056,31082107,2018,0.09,0,0,0,28.2,29.9,27.5,26.9,26.9,28,26.5,26.6,26.6,27,31,360957,1065,0,0,0,0,0,0,0,60,-0.31,12164026,72338,0,3404.94,0,1200,400,720,240,4200,7500,8500,102,1.5,6000,0,0,0,0,0,30,0,30,35,30,0,0
2026-08-08T00:49:52.525000+09:00,2026-08-07T15:49:52.525000+00:00,094623,0.0,2,0,0,0,0,13354,0,13354,0,0,0,0,4623,-24512,10330,0,256,0,161,0,0,0,0,2,0,0,0,2056,31082107,2018,0.09,0,0,0,28.2,29.9,27.5,26.9,26.9,28,26.5,26.6,26.6,27,31,360957,1065,0,0,0,0,0,0,0,60,-0.31,12164026,72338,0,3404.94,0,1200,400,720,240,4200,7500,8500,102,1.5,6000,0,0,0,0,0,30,0,30,35,29.9,0,0
2026-08-08T00:50:52.617000+09:00,2026-08-07T15:50:52.617000+00:00,094623,0.0,2,0,0,0,0,13354,0,13354,0,0,0,0,4623,-24512,10330,0,256,0,161,0,0,0,0,2,0,0,0,2056,31082107,2018,0.09,0,0,0,28.2,29.9,27.5,26.9,26.9,28,26.5,26.6,26.6,27,31,360957,1065,0,0,0,0,0,0,0,60,-0.31,12164026,72338,0,3404.94,0,1200,400,720,240,4200,7500,8500,102,1.5,6000,0,0,0,0,0,30,0,30,35,29.9,0,0
2026-08-08T00:51:52.723000+09:00,2026-08-07T15:51:52.723000+00:00,094623,0.0,2,0,0,0,0,13354,0,13354,0,0,0,0,4623,-24512,10330,0,256,0,161,0,0,0,0,2,0,0,0,2056,31082107,2018,0.09,0,0,0,28.2,29.9,27.5,26.9,26.9,28,26.5,26.6,26.6,27,31,360957,1065,0,0,0,0,0,0,0,60,-0.31,12164026,72338,0,3404.94,0,1200,400,720,240,4200,7500,8500,102,1.5,6000,0,0,0,0,0,30,0,30,35,29.9,0,0
2026-08-08T00:52:52.816000+09:00,2026-08-07T15:52:52.816000+00:00,094623,0.0,2,0,0,0,0,13354,0,13354,0,0,0,0,4623,-24512,10330,0,256,0,161,0,0,0,0,2,0,0,0,2056,31082107,2018,0.09,0,0,0,28.2,29.9,27.5,26.9,26.9,28,26.5,26.6,26.6,27,31,360957,1065,0,0,0,0,0,0,0,60,-0.31,12164026,72338,0,3404.94,0,1200,400,720,240,4200,7500,8500,102,1.5,6000,0,0,0,0,0,30,0,30,35,29.9,0,0
2026-08-08T00:53:52.916000+09:00,2026-08-07T15:53:52.916000+00:00,094623,-1.5,2,0,0,0,0,13354,0,13354,0,0,0,0,4623,-24512,10330,0,256,0,161,0,0,0,0,2,0,0,0,2056,31082107,2018,0.09,1.53,0,0,28.2,29.9,27.5,26.9,26.8,28,26.5,26.6,26.6,27,31,360957,1065,0,0,0,0,0,0,0,60,-0.31,12164026,72338,0,3404.94,0,1200,400,720,240,4200,7500,8500,102,1.5,6000,0,0,0,0,0,30,0,30,35,29.9,0,0
2026-08-08T00:54:53.028000+09:00,2026-08-07T15:54:53.028000+00:00,094623,0.0,2,0,0,0,0,13354,0,13354,0,0,0,0,4623,-24512,10330,0,256,0,161,0,0,0,0,2,0,0,0,2056,31082107,2018,0.09,0,0,0,28.2,29.9,27.5,26.9,26.8,28,26.5,26.6,26.5,27,31,360957,1065,0,0,0,0,0,0,0,60,-0.31,12164026,72338,0,3404.94,0,1200,400,720,240,4200,7500,8500,102,1.5,6000,0,0,0,0,0,30,0,30,35,29.9,0,0
2026-08-08T00:55:53.112000+09:00,2026-08-07T15:55:53.112000+00:00,094623,0.0,2,0,0,0,0,13354,0,13354,0,0,0,0,4623,-24512,10330,0,256,0,161,0,0,0,0,2,0,0,0,2056,31082107,2018,0.09,0,0,0,28.2,29.8,27.5,26.8,26.8,28,26.5,26.6,26.5,27,31,360957,1065,0,0,0,0,0,0,0,60,-0.31,12164026,72338,0,3404.94,0,1200,400,720,240,4200,7500,8500,102,1.5,6000,0,0,0,0,0,30,0,30,35,29.9,0,0
2026-08-08T00:56:53.197000+09:00,2026-08-07T15:56:53.197000+00:00,094623,0.0,2,0,0,0,0,13354,0,13354,0,0,0,0,4623,-24512,10330,0,256,0,161,0,0,0,0,2,0,0,0,2056,31082107,2018,0.09,0,0,0,28.1,29.9,27.4,26.8,26.8,28,26.5,26.6,26.5,27,31,360957,1065,0,0,0,0,0,0,0,60,-0.31,12164026,72338,0,3404.94,0,1200,400,720,240,4200,7500,8500,102,1.5,6000,0,0,0,0,0,30,0,30,35,29.9,0,0
2026-08-08T00:57:53.285000+09:00,2026-08-07T15:57:53.285000+00:00,094623,0.0,2,0,0,0,0,13354,0,13354,0,0,0,0,4623,-24512,10330,0,256,0,161,0,0,0,0,2,0,0,0,2056,31082107,2018,0.09,0,0,0,28.1,29.9,27.4,26.8,26.8,28,26.5,26.6,26.5,27,31,360957,1065,0,0,0,0,0,0,0,60,-0.31,12164026,72338,0,3404.94,0,1200,400,720,240,4200,7500,8500,102,1.5,6000,0,0,0,0,0,30,0,30,35,29.9,0,0
2026-08-08T00:58:53.384000+09:00,2026-08-07T15:58:53.384000+00:00,094623,0.0,2,0,0,0,0,13354,0,13354,0,0,0,0,4623,-24512,10330,0,256,0,161,0,0,0,0,2,0,0,0,2056,31082107,2018,0.09,0,0,0,28.1,29.9,27.4,26.8,26.8,28,26.5,26.6,26.5,27,31,360957,1065,0,0,0,0,0,0,0,60,-0.31,12164026,72338,0,3404.94,0,1200,400,720,240,4200,7500,8500,102,1.5,6000,0,0,0,0,0,30,0,30,35,29.9,0,0
2026-08-08T00:59:53.470000+09:00,2026-08-07T15:59:53.470000+00:00,094623,0.0,2,0,0,0,0,13354,0,13354,0,0,0,0,4623,-24512,10330,0,256,0,161,0,0,0,0,2,0,0,0,2056,31082107,2018,0.09,0,0,0,28.1,29.9,27.4,26.8,26.8,28,26.5,26.6,26.5,27,31,360957,1065,0,0,0,0,0,0,0,60,-0.31,12164026,72338,0,3404.94,0,1200,400,720,240,4200,7500,8500,102,1.5,6000,0,0,0,0,0,30,0,30,35,29.8,0,0
2026-08-08T01:00:53.561000+09:00,2026-08-07T16:00:53.561000+00:00,094623,0.0,2,0,0,0,0,13354,0,13354,0,0,0,0,4623,-24512,10330,0,256,0,161,0,0,0,0,2,0,0,0,2056,31082107,2018,0.09,0,0,0,28.1,29.9,27.4,26.8,26.8,27.9,26.5,26.6,26.5,27,31,360957,1065,0,0,0,0,0,0,0,60,-0.31,12164026,72338,0,3404.94,0,1200,400,720,240,4200,7500,8500,102,1.5,6000,0,0,0,0,0,30,0,30,35,29.8,0,0
2026-08-08T01:01:53.647000+09:00,2026-08-07T16:01:53.647000+00:00,094623,0.0,2,0,0,0,0,13354,0,13354,0,0,0,0,4623,-24512,10330,0,256,0,161,0,0,0,0,2,0,0,0,2056,31082107,2018,0.09,0,0,0,28.1,29.8,27.4,26.8,26.8,27.9,26.5,26.6,26.5,27,31,360957,1065,0,0,0,0,0,0,0,60,-0.31,12164026,72338,0,3404.94,0,1200,400,720,240,4200,7500,8500,102,1.5,6000,0,0,0,0,0,30,0,30,35,29.8,0,0
2026-08-08T01:02:53.775000+09:00,2026-08-07T16:02:53.775000+00:00,094623,0.0,2,0,0,0,0,13354,0,13354,0,0,0,0,4623,-24512,10330,0,256,0,161,0,0,0,0,2,0,0,0,2056,31082107,2018,0.09,0,0,0,28.1,29.8,27.4,26.8,26.8,27.9,26.5,26.6,26.5,27,31,360957,1065,0,0,0,0,0,0,0,60,-0.31,12164026,72338,0,3404.94,0,1200,400,720,240,4200,7500,8500,102,1.5,6000,0,0,0,0,0,30,0,30,35,29.8,0,0
2026-08-08T01:03:53.875000+09:00,2026-08-07T16:03:53.875000+00:00,094623,0.0,2,0,0,0,0,13354,0,13354,0,0,0,0,4623,-24512,10330,0,256,0,161,0,0,0,0,2,0,0,0,2056,31082107,2018,0.09,0,0,0,28.1,29.8,27.4,26.8,26.8,27.9,26.5,26.6,26.5,27,31,360957,1065,0,0,0,0,0,0,0,60,-0.31,12164026,72338,0,3404.94,0,1200,400,720,240,4200,7500,8500,102,1.5,6000,0,0,0,0,0,30,0,30,35,29.8,0,0
2026-08-08T01:04:53.960000+09:00,2026-08-07T16:04:53.960000+00:00,094623,0.0,2,0,0,0,0,13354,0,13354,0,0,0,0,4623,-24512,10330,0,256,0,161,0,0,0,0,2,0,0,0,2056,31082107,2018,0.09,0,0,0,28.1,29.8,27.4,26.8,26.8,27.9,26.5,26.6,26.5,27,31,360957,1065,0,0,0,0,0,0,0,60,-0.31,12164026,72338,0,3404.94,0,1200,400,720,240,4200,7500,8500,102,1.5,6000,0,0,0,0,0,30,0,30,35,29.8,0,0
