timestamp_jst,timestamp_utc,deviceId,diff_pressure_Pa,unit_status1,1101,1102,1103,1104,1105,1106,1107,1108,1109,1110,1111,1112,1113,1114,1115,1116,1117,1118,1119,1150,1151,1152,1153,1154,1155,1156,1157,serial_number,1202,circulation_pressure_bar,gas_pressure_before_filter_Pa,gas_pressure_before_engine_Pa,1210,1212,1214,1216,1218,1220,1222,gasifier_top_temp_C,gas_temp_after_gasifier_C,gas_temp_before_filter_primary_C,gas_temp_before_filter_secondary_C,gasifier_throat_temp_C,1234,1236,1238,cooling_circ_temp_in_engine_C,engine,oil_pressure_bar,1246,1248,1250,1252,power_kW_IEM3255,produced_energy_EM1_Wh,1258,1260,1262,1264,throat_temp_high_limit_C,gasifier_top_temp_high_limit_C,gas_temp_after_gasifier_high_limit_C,gas_temp_before_filter_high_limit_C,filter_dp_high_limit_Pa,gas_pressure_before_filter_high_limit_Pa,gas_pressure_before_engine_high_limit_Pa,cooling_circ_temp_high_limit_C,oil_pressure_low_limit_bar,1284,1286,1288,1290,1292,1294,1296,1298,1300,1302,1304,1306,1308
2026-08-12T09:00:02.227000+09:00,2026-08-12T00:00:02.227000+00:00,094623,2395.7,1,0,0,0,0,13374,496,13374,0,0,0,0,4655,-28608,12438,6,20896,8,129,0,1,0,0,0,0,0,0,0,31082107,2018,0.52,958.59,3354.29,0,53.4,99.4,67.8,38,60.1,527,55,611.5,153.5,151.7,1057.1,361832,1940,12.84,89.5,1500,2.62,1.15,29.8,40.3,60,23.33,12181500,72420,71.31,3411.12,0,1200,400,720,240,4200,7500,8500,102,1.5,6000,0,0,0,0,0,72.56,30,73.04,62.13,52.8,0,0
2026-08-12T09:01:02.330000+09:00,2026-08-12T00:01:02.330000+00:00,094623,2028.3,1,0,0,0,0,13374,502,13374,0,0,0,0,4651,-28608,10326,6,4992,0,129,0,1,0,0,0,0,0,0,0,31082107,2018,0.49,857.26,2885.52,0,53.6,97.2,67.9,38,60.4,527.3,52.6,610,153.9,152.1,1114.5,361832,1940,12.65,91.1,1510,2.7,1.11,25.3,34.7,60,16.72,12181504,72420,73.78,3411.12,0,1200,400,720,240,4200,7500,8500,102,1.5,6000,0,0,0,0,0,67.31,30,61.3,61.94,52.8,0,0
2026-08-12T09:02:02.403000+09:00,2026-08-12T00:02:02.403000+00:00,094623,1377.3,1,0,0,0,0,13374,498,13374,0,0,0,0,4651,-28608,10342,518,13188,0,129,0,1,0,0,0,0,0,0,0,31082107,2018,0.44,577.71,1955.02,0,53.5,98.1,68.1,38.1,60.2,525.8,53,605.3,142.9,140.7,1040.8,361832,1940,12.69,91.1,1500,2.69,1.13,22.9,36.8,60,10.96,12181506,72420,66.51,3411.12,0,1200,400,720,240,4200,7500,8500,102,1.5,6000,0,0,0,0,0,65.21,30,61.06,61.05,52.8,0,0
2026-08-12T09:03:02.507000+09:00,2026-08-12T00:03:02.507000+00:00,094623,1677.6,1,0,0,0,0,13374,494,13374,0,0,0,0,4651,-28608,10326,6,4480,0,129,0,1,0,0,0,0,0,0,0,31082107,2018,0.47,766.93,2444.53,0,53.3,97.4,68.1,38.2,59.6,520.3,52.1,600.7,138.6,136.4,1048.9,361832,1940,12.2,90.7,1490,2.63,1.2,26.7,40.9,60,16.61,12181508,72420,64.52,3411.12,0,1200,400,720,240,4200,7500,8500,102,1.5,6000,0,0,0,0,0,69.03,30,62.14,64.76,52.8,0,0
2026-08-12T09:04:02.609000+09:00,2026-08-12T00:04:02.609000+00:00,094623,2332.2,1,0,0,0,0,13374,497,13374,0,0,0,0,4651,-28608,10326,518,4480,0,129,0,1,0,0,0,0,0,0,0,31082107,2018,0.51,1014.74,3346.96,0,53.4,99.8,67.9,38.2,59.7,521.5,52.5,610.6,150,148.5,1091.3,361833,1941,12.79,89.2,1500,2.63,1.13,29.7,39.3,60,23.98,12181512,72420,72.71,3411.12,0,1200,400,720,240,4200,7500,8500,102,1.5,6000,0,0,0,0,0,72.84,30,74.2,64.63,52.8,0,0
2026-08-12T09:05:02.694000+09:00,2026-08-12T00:05:02.694000+00:00,094623,2237.0,1,0,0,0,0,13374,497,13374,0,0,0,0,4655,-28608,12374,6,4480,0,129,0,1,0,0,0,0,0,0,0,31082107,2018,0.48,921.96,3158.97,0,53.5,96.8,68.2,38.2,60.1,528.1,53.3,608.3,151.2,149.4,1052.5,361833,1941,12.88,88.9,1500,2.63,1.15,29.6,41.5,60,24.16,12181516,72420,74.5,3411.12,0,1200,400,720,240,4200,7500,8500,102,1.5,6000,0,0,0,0,0,73.83,30,65.84,62.24,52.8,0,0
2026-08-12T09:06:02.796000+09:00,2026-08-12T00:06:02.796000+00:00,094623,2335.9,1,0,0,0,0,13374,497,13374,0,0,0,0,4655,-28608,10326,518,4480,0,129,0,1,0,0,0,0,0,0,0,31082107,2018,0.56,1009.86,3345.74,0,53.5,98.9,67.8,38.2,60.2,528.2,54.4,608.6,152.9,151.3,1044.2,361833,1941,12.65,90,1500,2.63,1.16,29.9,40.8,60,24.15,12181520,72420,69.85,3411.12,0,1200,400,720,240,4200,7500,8500,102,1.5,6000,0,0,0,0,0,72.68,30,71.44,64.81,52.8,0,0
2026-08-12T09:07:02.898000+09:00,2026-08-12T00:07:02.898000+00:00,094623,2605.7,1,0,0,0,0,13374,501,13374,0,0,0,0,4651,-28608,10326,6,4992,0,129,0,1,0,0,0,0,0,0,0,31082107,2018,0.55,1095.31,3700.98,0,53.8,98.5,67.6,38.2,60.4,524.9,53.4,613.2,155.6,153.9,1051.6,361833,1941,12.77,90.9,1520,2.65,1.15,30.1,38.8,60,24.15,12181524,72420,72.97,3411.13,0,1200,400,720,240,4200,7500,8500,102,1.5,6000,0,0,0,0,0,71.15,30,71.33,67.85,52.8,0,0
2026-08-12T09:08:02.990000+09:00,2026-08-12T00:08:02.990000+00:00,094623,1438.3,1,0,0,0,0,13374,493,13374,0,0,0,0,4651,-28608,10326,6,4992,0,129,0,1,0,0,0,0,0,0,0,31082107,2018,0.46,609.45,2047.79,0,53.9,97.2,68.2,38.3,60.5,526.2,52.5,602.1,146.7,144.7,1046.4,361833,1941,12.55,90.7,1490,2.65,1.12,22.9,36.1,60,11.16,12181527,72420,68.94,3411.13,0,1200,400,720,240,4200,7500,8500,102,1.5,6000,0,0,0,0,0,65.01,30,59.68,60.65,52.8,0,0
2026-08-12T09:09:03.080000+09:00,2026-08-12T00:09:03.080000+00:00,094623,1390.7,1,0,0,0,0,13374,490,13374,0,0,0,0,4651,-28608,10326,6,4992,0,129,0,1,0,0,0,0,0,0,0,31082107,2018,0.47,589.92,1980.65,0,53.7,97.9,68.6,38.3,60.1,522.6,52.4,599.1,141.5,139.3,1056.4,361833,1941,12.65,91,1480,2.66,1.11,22.9,36.4,60,11.19,12181529,72420,63.79,3411.13,0,1200,400,720,240,4200,7500,8500,102,1.5,6000,0,0,0,0,0,66.86,30,60.47,63.3,52.9,0,0
2026-08-12T09:10:03.180000+09:00,2026-08-12T00:10:03.180000+00:00,094623,2296.8,1,0,0,0,0,13374,498,13374,0,0,0,0,4655,-28608,18518,6,4480,528,129,0,1,0,0,0,0,0,0,0,31082107,2018,0.54,1055.02,3351.85,0,53.8,98.8,68.3,38.4,60,519.6,52.3,606,148.8,147.1,1051.9,361834,1942,12.58,89.7,1500,2.65,1.14,29.7,39.8,60,24.24,12181532,72420,69.48,3411.13,0,1200,400,720,240,4200,7500,8500,102,1.5,6000,0,0,0,0,0,74.83,30,71.97,67.99,52.8,0,0
2026-08-12T09:11:03.289000+09:00,2026-08-12T00:11:03.289000+00:00,094623,2302.9,1,0,0,0,0,13374,496,13374,0,0,0,0,4655,-28608,10326,6,4480,0,129,0,1,0,0,0,0,0,0,0,31082107,2018,0.51,1024.51,3327.43,0,53.9,98.3,68.2,38.4,60.3,526.3,52.4,610.4,151.6,149.9,1076.9,361834,1942,12.52,89.2,1500,2.64,1.17,30.1,41.2,60,24.44,12181536,72420,75.42,3411.13,0,1200,400,720,240,4200,7500,8500,102,1.5,6000,0,0,0,0,0,74.89,30,71.73,65.57,52.9,0,0
2026-08-12T09:12:03.390000+09:00,2026-08-12T00:12:03.390000+00:00,094623,2547.1,1,0,0,0,0,13374,496,13374,0,0,0,0,4651,-28608,10326,6,4480,0,129,0,1,0,0,0,0,0,0,0,31082107,2018,0.51,1127.05,3674.12,0,53.9,97.7,68,38.4,60.5,524.1,54.1,611.1,155.9,154.3,1080,361834,1942,12.77,89.2,1500,2.62,1.16,30.4,39.1,60,24.53,12181540,72420,73.14,3411.13,0,1200,400,720,240,4200,7500,8500,102,1.5,6000,0,0,0,0,0,74.33,30,69.84,64.13,52.9,0,0
2026-08-12T09:13:03.496000+09:00,2026-08-12T00:13:03.496000+00:00,094623,1498.1,1,0,0,0,0,13374,491,13374,0,0,0,0,4651,-28608,10326,518,4992,0,129,0,1,0,0,0,0,0,0,0,31082107,2018,0.49,586.26,2084.41,0,54.1,97.8,67.9,38.4,60.7,527.2,55.5,605.2,150.1,148.3,1056.9,361834,1942,12.75,90.2,1480,2.66,1.11,22.8,35.8,60,11.04,12181543,72420,66.82,3411.13,0,1200,400,720,240,4200,7500,8500,102,1.5,6000,0,0,0,0,0,65.87,30,61.64,58.39,52.9,0,0
2026-08-12T09:14:03.593000+09:00,2026-08-12T00:14:03.593000+00:00,094623,1359.0,1,0,0,0,0,13374,490,13374,0,0,0,0,4651,-28608,10326,6,4992,0,129,0,1,0,0,0,0,0,0,0,31082107,2018,0.58,642.41,2001.4,0,54,97.2,68,38.4,60.4,523.4,54.3,601.7,143.7,141.5,1075.2,361834,1942,12.8,91.5,1480,2.65,1.11,22.8,35.5,60,11.21,12181545,72420,57.95,3411.13,0,1200,400,720,240,4200,7500,8500,102,1.5,6000,0,0,0,0,0,66.1,30,58.81,62.4,52.9,0,0
2026-08-12T09:15:03.689000+09:00,2026-08-12T00:15:03.689000+00:00,094623,2078.3,1,0,0,0,0,13374,498,13374,0,0,0,0,4651,-28608,18518,6,4480,528,129,0,1,0,0,0,0,0,0,0,31082107,2018,0.51,885.34,2963.65,0,53.9,98.6,68.1,38.5,60.1,520.4,54.3,605.2,145.5,143.6,1065.6,361834,1942,12.74,91.3,1500,2.65,1.15,29.3,41.7,60,23.85,12181548,72420,71.24,3411.13,0,1200,400,720,240,4200,7500,8500,102,1.5,6000,0,0,0,0,0,74.26,30,70.68,73.31,52.9,0,0
2026-08-12T09:16:03.788000+09:00,2026-08-12T00:16:03.788000+00:00,094623,2208.9,1,0,0,0,0,13374,497,13374,0,0,0,0,4651,-28608,10326,6,4480,0,129,0,1,0,0,0,0,0,0,0,31082107,2018,0.44,958.59,3167.52,0,54,98.3,68.1,38.5,60.3,526.4,54.5,606,150.9,149.4,1062.4,361835,1943,12.67,88.3,1500,2.64,1.16,29.7,41.5,60,24.55,12181552,72420,74.98,3411.14,0,1200,400,720,240,4200,7500,8500,102,1.5,6000,0,0,0,0,0,74.76,30,71.9,63.18,52.9,0,0
2026-08-12T09:17:03.882000+09:00,2026-08-12T00:17:03.882000+00:00,094623,2407.9,1,0,0,0,0,13374,496,13374,0,0,0,0,4651,-28608,10390,6,20864,0,129,0,1,0,0,0,0,0,0,0,31082107,2018,0.51,954.92,3362.83,0,54.1,97.3,67.7,38.5,60.6,525.8,54.3,609.6,154.7,153.2,1055.3,361835,1943,12.71,89.1,1500,2.63,1.15,29.9,40.3,60,24.49,12181556,72420,69,3411.14,0,1200,400,720,240,4200,7500,8500,102,1.5,6000,0,0,0,0,0,73.37,30,67.34,63.41,52.9,0,0
2026-08-12T09:18:03.987000+09:00,2026-08-12T00:18:03.987000+00:00,094623,2494.6,1,0,0,0,0,13374,496,13374,0,0,0,0,4651,-28608,12374,6,4480,8,129,0,1,0,0,0,0,0,0,0,31082107,2018,0.56,1052.58,3547.17,0,54.3,99.1,67.6,38.6,60.9,525,54.1,614.4,156.7,154.8,1054.4,361835,1943,12.35,90.2,1500,2.62,1.15,30,39.3,60,24.53,12181560,72420,70.82,3411.14,0,1200,400,720,240,4200,7500,8500,102,1.5,6000,0,0,0,0,0,72.55,30,73.34,66.24,52.9,0,0
2026-08-12T09:19:04.090000+09:00,2026-08-12T00:19:04.090000+00:00,094623,2315.1,1,0,0,0,0,13375,495,13375,0,0,0,0,4651,-28608,10390,6,20864,0,129,0,1,0,0,0,0,0,0,0,31082107,2018,0.52,871.91,3187.05,0,54.5,97.9,67.9,38.6,61.2,531.1,53.9,612.8,155.4,153.5,1080.9,361835,1943,12.46,90.7,1490,2.61,1.14,29.3,40.7,60,24.4,12181564,72420,75.57,3411.14,0,1200,400,720,240,4200,7500,8500,102,1.5,6000,0,0,0,0,0,73.03,30,70.49,68.81,53,0,0
2026-08-12T09:20:04.213000+09:00,2026-08-12T00:20:04.213000+00:00,094623,2495.8,1,0,0,0,0,13375,504,13375,0,0,0,0,4651,-28608,18518,6,4992,528,129,0,1,0,0,0,0,0,0,0,31082107,2018,0.51,1041.6,3537.4,0,54.6,97.5,68,38.6,61.3,526.6,53.1,613.5,157,155.1,1133.9,361835,1943,12.76,90.2,1520,2.66,1.12,28.8,37.6,60,23.82,12181568,72420,74.6,3411.14,0,1200,400,720,240,4200,7500,8500,102,1.5,6000,0,0,0,0,0,72.33,30,67.74,67.08,53,0,0
2026-08-12T09:21:04.303000+09:00,2026-08-12T00:21:04.303000+00:00,094623,1432.2,1,0,0,0,0,13375,496,13375,0,0,0,0,4651,-28608,10342,6,13188,0,129,0,1,0,0,0,0,0,0,0,31082107,2018,0.47,553.3,1985.53,0,54.5,97.8,68.4,38.7,61.2,528.1,53.4,604.3,147.1,145,1115.6,361835,1943,12.75,89.8,1500,2.67,1.14,23,37.2,60,11.22,12181571,72420,64.92,3411.14,0,1200,400,720,240,4200,7500,8500,102,1.5,6000,0,0,0,0,0,66.75,30,61.41,58.74,53,0,0
2026-08-12T09:22:04.374000+09:00,2026-08-12T00:22:04.374000+00:00,094623,1371.2,1,0,0,0,0,13375,496,13375,0,0,0,0,4651,-28608,10326,6,4992,0,129,0,1,0,0,0,0,0,0,0,31082107,2018,0.47,585.04,1956.24,0,54.4,97.7,68.6,38.7,60.8,524.6,53.6,599.5,142.1,140.1,1080.2,361836,1944,12.74,91.4,1490,2.68,1.13,23,37.2,60,11.29,12181573,72420,60.64,3411.14,0,1200,400,720,240,4200,7500,8500,102,1.5,6000,0,0,0,0,0,68.2,30,60.19,64.62,53,0,0
2026-08-12T09:23:04.468000+09:00,2026-08-12T00:23:04.468000+00:00,094623,2340.8,1,0,0,0,0,13375,496,13375,0,0,0,0,4655,-28608,12374,6,4512,72,129,0,1,0,0,0,0,0,0,0,31082107,2018,0.56,1035.49,3376.26,0,54.4,99.2,68.2,38.7,60.6,520.6,54.9,606.3,150.6,149,1096.9,361836,1944,12.85,89.8,1500,2.62,1.14,29.9,39.7,60,24.41,12181576,72420,71.26,3411.14,0,1200,400,720,240,4200,7500,8500,102,1.5,6000,0,0,0,0,0,75.64,30,73.37,68.58,53,0,0
2026-08-12T09:24:04.552000+09:00,2026-08-12T00:24:04.552000+00:00,094623,2365.2,1,0,0,0,0,13375,495,13375,0,0,0,0,4651,-28608,10326,6,4480,0,129,0,1,0,0,0,0,0,0,0,31082107,2018,0.52,990.33,3355.51,0,54.5,98.2,68,38.7,61,524.9,54.2,609.8,154.4,152.7,1076.7,361836,1944,12.65,89.5,1490,2.61,1.16,29.9,40.3,60,24.59,12181580,72420,75.75,3411.15,0,1200,400,720,240,4200,7500,8500,102,1.5,6000,0,0,0,0,0,75.17,30,71.9,67.19,53,0,0
2026-08-12T09:25:04.648000+09:00,2026-08-12T00:25:04.648000+00:00,094623,2436.0,1,0,0,0,0,13375,496,13375,0,0,0,0,4651,-28608,18518,6,4480,528,129,0,1,0,0,0,0,0,0,0,31082107,2018,0.51,1123.39,3559.37,0,54.6,97.3,68,38.8,61.3,526.1,53.8,611.4,156.4,154.7,1088,361836,1944,12.28,89.5,1500,2.62,1.14,29.7,39.1,60,24.57,12181584,72420,73.21,3411.15,0,1200,400,720,240,4200,7500,8500,102,1.5,6000,0,0,0,0,0,75.17,30,68.69,66.55,53,0,0
2026-08-12T09:26:04.754000+09:00,2026-08-12T00:26:04.754000+00:00,094623,2512.9,1,0,0,0,0,13375,496,13375,0,0,0,0,4651,-28608,10326,6,4480,0,129,0,1,0,0,0,0,0,0,0,31082107,2018,0.53,1028.17,3541.06,0,54.8,97.7,68,38.8,61.5,527.2,52.2,612.8,155.8,153.8,1075.5,361836,1944,12.93,89.6,1500,2.62,1.15,29.9,39,60,24.5,12181588,72420,74.03,3411.15,0,1200,400,720,240,4200,7500,8500,102,1.5,6000,0,0,0,0,0,75.17,30,68.95,66.34,53.1,0,0
2026-08-12T09:27:04.848000+09:00,2026-08-12T00:27:04.848000+00:00,094623,1648.3,1,0,0,0,0,13375,500,13375,0,0,0,0,4655,-26560,10326,590,4992,8192,129,0,1,0,0,0,0,0,0,0,31082107,2018,0.48,575.27,2223.58,0,54.9,98.5,68.1,38.8,61.7,529.9,52.5,608.2,152.2,150.2,1064.4,361836,1944,12.88,89.8,1500,2.68,1.12,23.3,36.1,60,12.87,12181592,72420,75.26,3411.15,0,1200,400,720,240,4200,7500,8500,102,1.5,6000,0,0,0,0,0,68.3,30,64.47,59.17,53,0,0
2026-08-12T09:28:04.930000+09:00,2026-08-12T00:28:04.930000+00:00,094623,1351.7,1,0,0,0,0,13375,493,13375,0,0,0,0,4651,-28608,12374,6,5024,72,129,0,1,0,0,0,0,0,0,0,31082107,2018,0.54,528.89,1880.55,0,54.6,96.9,68.2,38.9,61.2,527.3,55.3,602.2,142.2,139.9,1033.5,361837,1945,12.68,91.1,1490,2.66,1.12,22.6,37.2,60,10.92,12181594,72420,59.12,3411.15,0,1200,400,720,240,4200,7500,8500,102,1.5,6000,0,0,0,0,0,68.04,30,58.35,62.57,53.1,0,0
2026-08-12T09:29:05.021000+09:00,2026-08-12T00:29:05.021000+00:00,094623,2117.4,1,0,0,0,0,13375,495,13375,0,0,0,0,4655,-28608,10326,518,4480,0,129,0,1,0,0,0,0,0,0,0,31082107,2018,0.5,975.68,3093.05,0,54.5,98.8,68.2,39,60.7,517.5,56.3,600.5,142.2,140.2,1036.7,361837,1945,12.24,91.6,1490,2.61,1.19,29.4,41,60,21.04,12181596,72420,69.81,3411.15,0,1200,400,720,240,4200,7500,8500,102,1.5,6000,0,0,0,0,0,74.78,30,70.18,73.78,53.1,0,0
2026-08-12T09:30:05.094000+09:00,2026-08-12T00:30:05.094000+00:00,094623,2409.1,1,0,0,0,0,13375,495,13375,0,0,0,0,4655,-26560,18518,6,4480,528,129,0,1,0,0,0,0,0,0,0,31082107,2018,0.47,1036.71,3445.84,0,54.6,99.4,68.2,39,61,522.4,54.9,608.2,151.5,149.8,1052,361837,1945,12.85,88.2,1490,2.62,1.15,30,39.6,60,24.45,12181600,72420,75.17,3411.15,0,1200,400,720,240,4200,7500,8500,102,1.5,6000,0,0,0,0,0,76.59,30,75.57,64.01,53.1,0,0
2026-08-12T09:31:05.208000+09:00,2026-08-12T00:31:05.208000+00:00,094623,1805.8,1,0,0,0,0,13375,500,13375,0,0,0,0,4651,-28608,10326,6,4992,0,129,0,1,0,0,0,0,0,0,0,31082107,2018,0.43,692.46,2498.24,0,54.6,97.1,68,38.9,61.4,525.4,54.2,607.2,153.9,151.9,1074.5,361837,1945,12.77,89.1,1510,2.69,1.11,24.1,35,60,13.92,12181604,72420,71.8,3411.15,0,1200,400,720,240,4200,7500,8500,102,1.5,6000,0,0,0,0,0,69.55,30,61.82,57.93,53.1,0,0
2026-08-12T09:32:05.312000+09:00,2026-08-12T00:32:05.312000+00:00,094623,1448.1,1,0,0,0,0,13375,518,13375,0,0,0,0,4651,-28608,10326,6,4992,0,129,0,1,0,0,0,0,0,0,0,31082107,2018,0.5,616.78,2064.88,0,54.5,97.2,67.9,39,61.1,521.8,54.5,599.5,142.4,140.3,1028,361837,1945,12.76,91.5,1560,2.81,1.04,22.5,34.6,60,15.68,12181606,72420,58.58,3411.15,0,1200,400,720,240,4200,7500,8500,102,1.5,6000,0,0,0,0,0,68.73,30,60.96,64.95,53.1,0,0
2026-08-12T09:33:05.398000+09:00,2026-08-12T00:33:05.398000+00:00,094623,1903.4,1,0,0,0,0,13375,494,13375,0,0,0,0,4655,-28608,12374,6,4512,72,129,0,1,0,0,0,0,0,0,0,31082107,2018,0.49,820.64,2724.08,0,54.4,97.5,67.8,39.1,60.6,518.2,55,599.4,140.5,138.5,1106.8,361837,1945,12.67,90.2,1490,2.61,1.21,28.2,41.4,60,19.06,12181608,72420,65.8,3411.16,0,1200,400,720,240,4200,7500,8500,102,1.5,6000,0,0,0,0,0,72.57,30,64.77,67.04,53.1,0,0
2026-08-12T09:34:05.503000+09:00,2026-08-12T00:34:05.503000+00:00,094623,2074.7,1,0,0,0,0,13375,497,13375,0,0,0,0,4655,-26560,10326,6,4480,0,129,0,1,0,0,0,0,0,0,0,31082107,2018,0.5,884.12,2958.77,0,54.4,99.1,67.7,39.1,60.8,526.6,55.4,606.5,149.1,147.4,1020.8,361838,1946,12.04,89.2,1500,2.63,1.13,29.1,41.9,60,24.5,12181612,72420,73.28,3411.16,0,1200,400,720,240,4200,7500,8500,102,1.5,6000,0,0,0,0,0,74.67,30,73.56,66.16,53.1,0,0
2026-08-12T09:35:05.603000+09:00,2026-08-12T00:35:05.603000+00:00,094623,2135.7,1,0,0,0,0,13375,497,13375,0,0,0,0,4655,-28608,18518,6,4480,528,129,0,1,0,0,0,0,0,0,0,31082107,2018,0.47,876.8,3012.48,0,54.5,96.8,67.7,39.1,60.9,529.3,56.1,608.6,149.9,148.3,1041.2,361838,1946,12.04,89,1500,2.62,1.16,29.5,42.6,60,24.4,12181616,72420,73.55,3411.16,0,1200,400,720,240,4200,7500,8500,102,1.5,6000,0,0,0,0,0,74.26,30,66.3,64.13,53.2,0,0
2026-08-12T09:36:05.717000+09:00,2026-08-12T00:36:05.717000+00:00,094623,2407.9,1,0,0,0,0,13375,498,13375,0,0,0,0,4655,-28608,10390,518,20864,0,129,0,1,0,0,0,0,0,0,0,31082107,2018,0.54,1006.2,3414.11,0,54.7,98.8,67.4,39.1,61.1,525.9,55.3,610.9,153.9,152.5,1042.7,361838,1946,12.77,89,1510,2.63,1.15,30,40.1,60,23.8,12181620,72420,70.58,3411.16,0,1200,400,720,240,4200,7500,8500,102,1.5,6000,0,0,0,0,0,72.7,30,71.69,62.64,53.2,0,0
2026-08-12T09:37:05.811000+09:00,2026-08-12T00:37:05.811000+00:00,094623,2396.9,1,0,0,0,0,13375,497,13375,0,0,0,0,4651,-28608,10326,6,4480,0,129,0,1,0,0,0,0,0,0,0,31082107,2018,0.54,954.92,3351.85,0,54.8,98.3,67.6,39.2,61.4,527.4,53.6,611.6,155.1,153.3,1068,361838,1946,12.58,90.1,1500,2.6,1.16,30,40.7,60,24.58,12181624,72420,72.51,3411.16,0,1200,400,720,240,4200,7500,8500,102,1.5,6000,0,0,0,0,0,72.42,30,71.53,65.13,53.2,0,0
2026-08-12T09:38:05.913000+09:00,2026-08-12T00:38:05.913000+00:00,094623,2587.4,1,0,0,0,0,13375,497,13375,0,0,0,0,4655,-28608,12390,6,12708,72,129,0,1,0,0,0,0,0,0,0,31082107,2018,0.53,1095.31,3682.67,0,55,97.4,67.8,39.1,61.7,526,57.1,613.4,156.7,154.9,1040.5,361838,1946,12.57,91.3,1500,2.61,1.16,30.5,39.4,60,23.94,12181628,72420,74.75,3411.16,0,1200,400,720,240,4200,7500,8500,102,1.5,6000,0,0,0,0,0,72.55,30,68.38,69.88,53.2,0,0
2026-08-12T09:39:05.983000+09:00,2026-08-12T00:39:05.983000+00:00,094623,1411.5,1,0,0,0,0,13375,497,13375,0,0,0,0,4651,-28608,10326,6,4992,1,129,0,1,0,0,0,0,0,0,0,31082107,2018,0.49,510.57,1922.06,0,55,98.3,68.4,39.1,61.7,529.6,55.7,604.6,148.8,146.8,1078.5,361838,1946,12.85,90.6,1500,2.67,1.13,22.7,37.4,60,11.36,12181631,72420,70.71,3411.16,0,1200,400,720,240,4200,7500,8500,102,1.5,6000,0,0,0,0,0,66.48,30,62.88,61.14,53.2,0,0
2026-08-12T09:40:06.091000+09:00,2026-08-12T00:40:06.091000+00:00,094623,1416.4,1,0,0,0,0,13375,498,13375,0,0,0,0,4655,-26560,18518,582,4992,16,129,0,1,0,0,0,0,0,0,0,31082107,2018,0.51,658.28,2074.65,0,54.8,97.1,68.8,39.1,61.2,524.4,55.6,599.6,142.4,140.4,1097.6,361839,1947,12.4,90.9,1500,2.66,1.15,23.3,36.7,60,11.19,12181633,72420,60.43,3411.16,0,1200,400,720,240,4200,7500,8500,102,1.5,6000,0,0,0,0,0,68.73,30,58.57,63.08,53.2,0,0
2026-08-12T09:41:06.168000+09:00,2026-08-12T00:41:06.168000+00:00,094623,2229.7,1,0,0,0,0,13375,494,13375,0,0,0,0,4655,-28608,10326,6,4480,0,129,0,1,0,0,0,0,0,0,0,31082107,2018,0.53,1057.47,3287.15,0,54.7,99,68.6,39.2,61,518.4,56.1,605.9,147.9,146.2,1073.6,361839,1947,12.71,90.8,1490,2.61,1.16,29.9,40.4,60,24.02,12181636,72420,66.6,3411.17,0,1200,400,720,240,4200,7500,8500,102,1.5,6000,0,0,0,0,0,76.87,30,72.66,72.61,53.3,0,0
2026-08-12T09:42:06.281000+09:00,2026-08-12T00:42:06.281000+00:00,094623,2327.3,1,0,0,0,0,13375,498,13375,0,0,0,0,4651,-28608,10326,6,4480,0,129,0,1,0,0,0,0,0,0,0,31082107,2018,0.47,986.66,3314,0,54.9,98.5,68.2,39.1,61.3,524.8,56.8,609.8,153.4,151.8,1034.3,361839,1947,12.91,88.6,1500,2.63,1.15,29.8,40.5,60,24.59,12181640,72420,76.5,3411.17,0,1200,400,720,240,4200,7500,8500,102,1.5,6000,0,0,0,0,0,76.63,30,73.54,65.22,53.3,0,0
2026-08-12T09:43:06.376000+09:00,2026-08-12T00:43:06.376000+00:00,094623,2382.3,1,0,0,0,0,13375,502,13375,0,0,0,0,4655,-28608,12374,582,5024,72,129,0,1,0,0,0,0,0,0,0,31082107,2018,0.48,1057.47,3439.74,0,55,97,67.8,39.1,61.7,522.2,58.4,614.1,156.6,154.8,1048,361839,1947,12.88,88.9,1510,2.65,1.11,28.1,36.2,60,21.59,12181644,72420,73.62,3411.17,0,1200,400,720,240,4200,7500,8500,102,1.5,6000,0,0,0,0,0,73.3,30,65.98,62.14,53.3,0,0
2026-08-12T09:44:06.517000+09:00,2026-08-12T00:44:06.517000+00:00,094623,1791.1,1,0,0,0,0,13375,443,13375,0,0,0,0,4651,-28608,10326,6,4992,0,129,0,1,0,0,0,0,0,0,0,31082107,2018,0.48,726.65,2517.78,0,54.9,97.4,67.9,39.1,61.6,525.4,55.9,604.2,145.7,143.5,1033.5,361839,1947,12.9,90.1,1410,2.39,1.36,26.8,38.1,60,11.25,12181646,72420,60.71,3411.17,0,1200,400,720,240,4200,7500,8500,102,1.5,6000,0,0,0,0,0,66.36,30,59.85,57.92,53.3,0,0
2026-08-12T09:45:06.660000+09:00,2026-08-12T00:45:06.660000+00:00,094623,1350.4,1,0,0,0,0,13375,496,13375,0,0,0,0,4651,-28608,10326,6,4480,0,129,0,1,0,0,0,0,0,0,0,31082107,2018,0.51,533.77,1884.21,0,54.7,97.2,68.2,39.2,61,524.4,54.6,598.5,140,138,1037,361839,1947,12.56,91.6,1490,2.66,1.15,23.3,38.7,60,11.25,12181648,72420,62.81,3411.17,0,1200,400,720,240,4200,7500,8500,102,1.5,6000,0,0,0,0,0,68.66,30,58.95,65.35,53.3,0,0
2026-08-12T09:46:06.745000+09:00,2026-08-12T00:46:06.745000+00:00,094623,2383.5,1,0,0,0,0,13375,497,13375,0,0,0,0,4651,-28608,10326,6,4480,0,129,0,1,0,0,0,0,0,0,0,31082107,2018,0.52,1072.12,3455.61,0,54.7,99.7,67.9,39.2,60.9,518.8,53.2,610.2,150.7,149,1050.8,361840,1948,12.36,89.4,1500,2.61,1.15,30.2,39.6,60,24.35,12181652,72420,74.75,3411.17,0,1200,400,720,240,4200,7500,8500,102,1.5,6000,0,0,0,0,0,75.49,30,74.58,67.7,53.3,0,0
2026-08-12T09:47:06.847000+09:00,2026-08-12T00:47:06.847000+00:00,094623,2484.8,1,0,0,0,0,13375,498,13375,0,0,0,0,4651,-28608,10326,6,4480,0,129,0,1,0,0,0,0,0,0,0,31082107,2018,0.45,1073.34,3558.15,0,54.9,97,67.9,39.2,61.4,521.8,53.8,611.9,154,152.1,1062.1,361840,1948,12.79,88.7,1500,2.62,1.15,30.2,39.3,60,24.54,12181656,72420,75.43,3411.17,0,1200,400,720,240,4200,7500,8500,102,1.5,6000,0,0,0,0,0,75.4,30,67.61,63.92,53.4,0,0
2026-08-12T09:48:06.936000+09:00,2026-08-12T00:48:06.936000+00:00,094623,2383.5,1,0,0,0,0,13375,496,13375,0,0,0,0,4651,-28608,12374,6,4512,8,129,0,1,0,0,0,0,0,0,0,31082107,2018,0.53,964.69,3348.19,0,55,98.1,67.9,39.2,61.7,526.2,52.6,612.7,156,154.1,1035.9,361840,1948,12.68,89,1500,2.61,1.15,29.9,40.3,60,24.17,12181660,72420,70.17,3411.17,0,1200,400,720,240,4200,7500,8500,102,1.5,6000,0,0,0,0,0,75.26,30,69.7,63.04,53.4,0,0
2026-08-12T09:49:07.012000+09:00,2026-08-12T00:49:07.012000+00:00,094623,2508.0,1,0,0,0,0,13375,496,13375,0,0,0,0,4655,-26560,10326,590,4480,8192,129,0,1,0,0,0,0,0,0,0,31082107,2018,0.54,1059.91,3567.92,0,55.1,98.8,68,39.2,61.9,525,56.3,611.7,156.9,155.2,1141.9,361840,1948,12.69,89.8,1500,2.61,1.16,30.2,39.5,60,24.6,12181664,72420,73.5,3411.17,0,1200,400,720,240,4200,7500,8500,102,1.5,6000,0,0,0,0,0,75.44,30,73.02,64.63,53.4,0,0
2026-08-12T09:50:07.096000+09:00,2026-08-12T00:50:07.096000+00:00,094623,1433.5,1,0,0,0,0,13375,500,13375,0,0,0,0,4651,-28608,10326,6,4992,0,129,0,1,0,0,0,0,0,0,0,31082107,2018,0.48,521.56,1955.02,0,55.2,97.7,68.2,39.2,62,525.7,53.5,609.4,151.3,149.2,1069.3,361840,1948,12.8,90.7,1490,2.68,1.04,21.6,33.8,60,11.78,12181667,72420,72.1,3411.18,0,1200,400,720,240,4200,7500,8500,102,1.5,6000,0,0,0,0,0,68.11,30,62.28,59.72,53.3,0,0
2026-08-12T09:51:07.195000+09:00,2026-08-12T00:51:07.195000+00:00,094623,1287.0,1,0,0,0,0,13375,506,13375,0,0,0,0,4655,-28608,10326,6,4992,0,129,0,1,0,0,0,0,0,0,0,31082107,2018,0.52,499.59,1786.55,0,55,97.1,68.2,39.3,61.5,524,53.4,602.3,142.5,140.2,1051,361840,1948,12.86,91.1,1510,2.71,1.04,21.5,34.8,60,12.19,12181669,72420,60.97,3411.18,0,1200,400,720,240,4200,7500,8500,102,1.5,6000,0,0,0,0,0,68.52,30,59.17,62.56,53.4,0,0
2026-08-12T09:52:07.289000+09:00,2026-08-12T00:52:07.289000+00:00,094623,2144.2,1,0,0,0,0,13375,496,13375,0,0,0,0,4651,-28608,10326,6,4480,0,129,0,1,0,0,0,0,0,0,0,31082107,2018,0.53,930.51,3074.74,0,55,98.3,68,39.4,61,519.5,52.6,604.1,144.3,142.5,1038,361841,1949,12.76,91,1500,2.61,1.18,29.7,41.8,60,23.52,12181672,72420,67.09,3411.18,0,1200,400,720,240,4200,7500,8500,102,1.5,6000,0,0,0,0,0,75.44,30,70.05,71.91,53.4,0,0
2026-08-12T09:53:07.396000+09:00,2026-08-12T00:53:07.396000+00:00,094623,2213.8,1,0,0,0,0,13375,496,13375,0,0,0,0,4651,-28608,12374,6,4480,0,129,0,1,0,0,0,0,0,0,0,31082107,2018,0.47,846.28,3060.09,0,55.1,98.9,67.8,39.4,61.3,526.4,52.1,609.7,152.2,150.6,1063.8,361841,1949,12.74,88.8,1500,2.61,1.15,29.5,41.8,60,24.18,12181676,72420,76.15,3411.18,0,1200,400,720,240,4200,7500,8500,102,1.5,6000,0,0,0,0,0,75.13,30,73.91,64.95,53.4,0,0
2026-08-12T09:54:07.487000+09:00,2026-08-12T00:54:07.487000+00:00,094623,2512.9,1,0,0,0,0,13375,497,13375,0,0,0,0,4651,-28608,10326,6,4480,0,129,0,1,0,0,0,0,0,0,0,31082107,2018,0.48,1074.56,3587.45,0,55.2,96.8,67.7,39.4,61.6,523.8,52.5,612,154.8,153.1,1074.5,361841,1949,12.75,89.1,1500,2.61,1.16,30.5,39.7,60,24.37,12181680,72420,71.72,3411.18,0,1200,400,720,240,4200,7500,8500,102,1.5,6000,0,0,0,0,0,74.51,30,66.9,64.22,53.4,0,0
2026-08-12T09:55:07.592000+09:00,2026-08-12T00:55:07.592000+00:00,094623,1579.9,1,0,0,0,0,13375,490,13375,0,0,0,0,4655,-28608,10390,518,21376,0,129,0,1,0,0,0,0,0,0,0,31082107,2018,0.47,647.3,2227.24,0,55.1,98,67.8,39.4,61.8,523.1,54.9,605.7,152,150.2,1063.9,361841,1949,12.64,89.9,1470,2.62,1.1,23,34.2,60,10.5,12181683,72420,65.76,3411.18,0,1200,400,720,240,4200,7500,8500,102,1.5,6000,0,0,0,0,0,66.14,30,61.68,57.5,53.5,0,0
2026-08-12T09:56:07.668000+09:00,2026-08-12T00:56:07.668000+00:00,094623,1360.2,1,0,0,0,0,13375,492,13375,0,0,0,0,4651,-28608,10326,6,4992,0,129,0,1,0,0,0,0,0,0,0,31082107,2018,0.48,683.92,2044.13,0,54.8,97.3,68.5,39.5,61.5,520.4,53.7,602.8,145.4,143.5,1066.7,361841,1949,12.36,91.5,1480,2.63,1.08,22.5,34.5,60,11.47,12181685,72420,62.75,3411.18,0,1200,400,720,240,4200,7500,8500,102,1.5,6000,0,0,0,0,0,68.47,30,58.88,63.92,53.5,0,0
2026-08-12T09:57:07.789000+09:00,2026-08-12T00:57:07.789000+00:00,094623,2180.9,1,0,0,0,0,13375,498,13375,0,0,0,0,4655,-28608,10342,582,12676,0,129,0,1,0,0,0,0,0,0,0,31082107,2018,0.53,969.57,3150.43,0,54.7,98.5,68.4,39.5,61.2,517.6,60.1,607.7,148,146.2,1054.3,361841,1949,12.47,90.6,1500,2.6,1.16,29.9,40.9,60,23.61,12181688,72420,65.45,3411.18,0,1200,400,720,240,4200,7500,8500,102,1.5,6000,0,0,0,0,0,76.64,30,70.25,70.38,53.5,0,0
2026-08-12T09:58:07.878000+09:00,2026-08-12T00:58:07.878000+00:00,094623,2083.2,1,0,0,0,0,13375,496,13375,0,0,0,0,4651,-28608,18518,6,4480,528,129,0,1,0,0,0,0,0,0,0,31082107,2018,0.49,805.99,2889.19,0,54.8,98.9,67.9,39.4,61.4,528.6,56.8,609.8,150.9,149.2,1048.5,361842,1950,12.73,89,1500,2.6,1.14,29.2,42.5,60,24.22,12181692,72420,77.26,3411.19,0,1200,400,720,240,4200,7500,8500,102,1.5,6000,0,0,0,0,0,75.61,30,73.39,65.47,53.5,0,0
2026-08-12T09:59:07.959000+09:00,2026-08-12T00:59:07.959000+00:00,094623,2152.8,1,0,0,0,0,13375,498,13375,0,0,0,0,4651,-28608,10326,6,4480,0,129,0,1,0,0,0,0,0,0,0,31082107,2018,0.47,801.11,2953.89,0,55,97.1,67.4,39.4,61.4,531.1,56.6,611.5,150.6,148.9,1014.1,361842,1950,12.45,89.5,1500,2.6,1.15,29.2,42.5,60,24.52,12181696,72420,72.97,3411.19,0,1200,400,720,240,4200,7500,8500,102,1.5,6000,0,0,0,0,0,73.74,30,67.99,65.75,53.5,0,0
2026-08-12T10:00:08.065000+09:00,2026-08-12T01:00:08.065000+00:00,094623,2515.3,1,0,0,0,0,13375,497,13375,0,0,0,0,4651,-28608,10326,6,4480,0,129,0,1,0,0,0,0,0,0,0,31082107,2018,0.55,1047.7,3563.04,0,55.1,98.1,67.1,39.4,61.5,525.7,54.4,610.9,153.7,152,1055.2,361842,1950,12.7,90,1500,2.59,1.16,30.4,39.9,60,24.53,12181700,72420,70.61,3411.19,0,1200,400,720,240,4200,7500,8500,102,1.5,6000,0,0,0,0,0,71.57,30,69.91,66.78,53.5,0,0
2026-08-12T10:01:08.166000+09:00,2026-08-12T01:01:08.166000+00:00,094623,1642.2,1,0,0,0,0,13375,518,13375,0,0,0,0,4651,-28608,10326,6,4992,8,129,0,1,0,0,0,0,0,0,0,31082107,2018,0.48,691.24,2333.44,0,55.3,98.4,67.7,39.4,61.8,523.1,54.1,605.9,150.5,148.8,1048.1,361842,1950,12.73,90.4,1560,2.78,1.02,22.6,32.6,60,15.6,12181703,72420,71.48,3411.19,0,1200,400,720,240,4200,7500,8500,102,1.5,6000,0,0,0,0,0,65.06,30,64.89,61.12,53.5,0,0
2026-08-12T10:02:08.260000+09:00,2026-08-12T01:02:08.260000+00:00,094623,1588.5,1,0,0,0,0,13375,520,13375,0,0,0,0,4651,-28608,10326,6,4992,0,129,0,1,0,0,0,0,0,0,0,31082107,2018,0.5,752.28,2340.77,0,55,97,68.7,39.5,61.5,520.1,55.8,600.5,143.2,141.3,1050.9,361842,1950,12.9,90.2,1560,2.78,1.05,23.6,34.1,60,16.23,12181705,72420,58.86,3411.19,0,1200,400,720,240,4200,7500,8500,102,1.5,6000,0,0,0,0,0,69.33,30,59.9,61.41,53.6,0,0
2026-08-12T10:03:08.359000+09:00,2026-08-12T01:03:08.359000+00:00,094623,2282.2,1,0,0,0,0,13375,496,13375,0,0,0,0,4651,-28608,18518,6,4480,528,129,0,1,0,0,0,0,0,0,0,31082107,2018,0.53,1075.78,3357.95,0,54.8,98.3,68.7,39.5,61.1,516.4,53.3,604,145.6,143.6,1059.3,361842,1950,12.57,91.2,1500,2.6,1.18,30.1,40.5,60,23.29,12181707,72420,66.3,3411.19,0,1200,400,720,240,4200,7500,8500,102,1.5,6000,0,0,0,0,0,76.18,30,69.88,72.28,53.6,0,0
2026-08-12T10:04:08.447000+09:00,2026-08-12T01:04:08.447000+00:00,094623,2465.3,1,0,0,0,0,13375,497,13375,0,0,0,0,4655,-28608,10326,6,4480,0,129,0,1,0,0,0,0,0,0,0,31082107,2018,0.47,1118.5,3583.79,0,55,99,68.3,39.5,61.5,521.4,52.2,612.5,153.1,151.5,1071.6,361843,1951,12.73,88.6,1500,2.6,1.15,30.4,39.6,60,24.48,12181711,72420,76.54,3411.19,0,1200,400,720,240,4200,7500,8500,102,1.5,6000,0,0,0,0,0,76.29,30,74.26,64.26,53.6,0,0
2026-08-12T10:05:08.532000+09:00,2026-08-12T01:05:08.532000+00:00,094623,2512.9,1,0,0,0,0,13375,497,13375,0,0,0,0,4655,-28608,10326,590,4480,8192,129,0,1,0,0,0,0,0,0,0,31082107,2018,0.46,1101.41,3614.31,0,55,96.8,68.1,39.4,61.9,523.2,54.2,615.8,155.9,154.2,1079.5,361843,1951,12.71,89,1500,2.61,1.15,30.2,39.1,60,24.58,12181716,72420,72.59,3411.19,0,1200,400,720,240,4200,7500,8500,102,1.5,6000,0,0,0,0,0,76.04,30,67.13,63.43,53.6,0,0
2026-08-12T10:06:08.631000+09:00,2026-08-12T01:06:08.631000+00:00,094623,2232.1,1,0,0,0,0,13375,500,13375,0,0,0,0,4651,-28608,12374,6,5024,8,129,0,1,0,0,0,0,0,0,0,31082107,2018,0.51,880.46,3112.58,0,55.1,98,67.8,39.3,62.1,526.2,53.7,615.5,155.5,153.6,1055.7,361843,1951,12.86,89.8,1510,2.63,1.1,27.1,36.6,60,20.57,12181720,72420,71.48,3411.19,0,1200,400,720,240,4200,7500,8500,102,1.5,6000,0,0,0,0,0,72.32,30,67.04,62.37,53.6,0,0
2026-08-12T10:07:08.717000+09:00,2026-08-12T01:07:08.717000+00:00,094623,1691.0,1,0,0,0,0,13375,522,13375,0,0,0,0,4651,-28608,10326,6,4992,0,129,0,1,0,0,0,0,0,0,0,31082107,2018,0.47,768.15,2459.18,0,55.1,97.3,68.1,39.4,61.8,524,55.7,600.9,143.5,141.7,1045.1,361843,1951,12.94,91.4,1570,2.77,1.1,25,36.3,60,14.92,12181722,72420,65.24,3411.2,0,1200,400,720,240,4200,7500,8500,102,1.5,6000,0,0,0,0,0,70.97,30,62.72,65.77,53.6,0,0
2026-08-12T10:08:08.800000+09:00,2026-08-12T01:08:08.800000+00:00,094623,1440.8,1,0,0,0,0,13375,493,13375,0,0,0,0,4651,-28608,18518,6,4480,528,129,0,1,0,0,0,0,0,0,0,31082107,2018,0.44,555.74,1996.52,0,54.9,98.1,68.1,39.4,61.3,522.5,57,601.2,140.5,138.6,1045.6,361843,1951,12.73,91,1490,2.62,1.15,23.9,38.5,60,11.82,12181724,72420,64.13,3411.2,0,1200,400,720,240,4200,7500,8500,102,1.5,6000,0,0,0,0,0,68.68,30,61.63,64.3,53.6,0,0
2026-08-12T10:09:08.893000+09:00,2026-08-12T01:09:08.893000+00:00,094623,2343.2,1,0,0,0,0,13375,498,13375,0,0,0,0,4651,-28608,10326,590,4480,8192,129,0,1,0,0,0,0,0,0,0,31082107,2018,0.54,998.87,3342.08,0,55,99,68,39.4,61.2,520.6,57.8,611.2,148.4,146.6,1062.4,361843,1951,12.68,89.6,1510,2.62,1.15,30.1,40.6,60,24.01,12181727,72420,71.96,3411.2,0,1200,400,720,240,4200,7500,8500,102,1.5,6000,0,0,0,0,0,75.75,30,72.53,67.74,53.7,0,0
2026-08-12T10:10:09.014000+09:00,2026-08-12T01:10:09.014000+00:00,094623,2255.3,1,0,0,0,0,13375,496,13375,0,0,0,0,4651,-28608,10326,590,4480,8192,129,0,1,0,0,0,0,0,0,0,31082107,2018,0.49,876.8,3132.11,0,55.1,98.3,67.9,39.4,61.6,527.9,55.3,612.3,151.6,149.9,1072.3,361844,1952,12.64,89.2,1500,2.59,1.14,29.5,41.2,60,23.85,12181731,72420,73.67,3411.2,0,1200,400,720,240,4200,7500,8500,102,1.5,6000,0,0,0,0,0,75.31,30,71.8,65.48,53.6,0,0
2026-08-12T10:11:09.109000+09:00,2026-08-12T01:11:09.109000+00:00,094623,2290.7,1,0,0,0,0,13375,498,13375,0,0,0,0,4655,-28608,12374,6,4512,72,129,0,1,0,0,0,0,0,0,0,31082107,2018,0.49,946.38,3237.1,0,55.3,97.3,68,39.4,61.7,528.9,55.2,617.1,151.8,150.1,1051.4,361844,1952,12.85,89.4,1500,2.59,1.16,29.8,41.5,60,24.57,12181735,72420,72.35,3411.2,0,1200,400,720,240,4200,7500,8500,102,1.5,6000,0,0,0,0,0,75.56,30,68.3,64.86,53.7,0,0
2026-08-12T10:12:09.201000+09:00,2026-08-12T01:12:09.201000+00:00,094623,2547.1,1,0,0,0,0,13375,497,13375,0,0,0,0,4655,-26560,10390,6,20864,0,129,0,1,0,0,0,0,0,0,0,31082107,2018,0.53,1068.45,3615.53,0,55.3,98.1,68.1,39.4,62,525.8,56.4,614.1,154.5,152.8,1047.3,361844,1952,12.7,89.7,1510,2.59,1.15,30.3,39.4,60,23.76,12181740,72420,72.45,3411.2,0,1200,400,720,240,4200,7500,8500,102,1.5,6000,0,0,0,0,0,75.87,30,70.04,65.1,53.7,0,0
2026-08-12T10:13:09.288000+09:00,2026-08-12T01:13:09.288000+00:00,094623,2412.8,1,0,0,0,0,13375,498,13375,0,0,0,0,4651,-28608,18518,6,4480,528,129,0,1,0,0,0,0,0,0,0,31082107,2018,0.56,976.9,3389.69,0,55.4,98.8,68.2,39.4,62.2,528.7,55.5,610.5,155.2,153.6,1052.6,361844,1952,12.7,90,1500,2.58,1.15,29.9,40.4,60,24.5,12181744,72420,73.39,3411.2,0,1200,400,720,240,4200,7500,8500,102,1.5,6000,0,0,0,0,0,76.44,30,72.86,65.71,53.7,0,0
2026-08-12T10:14:09.366000+09:00,2026-08-12T01:14:09.366000+00:00,094623,1944.9,1,0,0,0,0,13375,501,13375,0,0,0,0,4651,-28608,10390,6,21376,0,129,0,1,0,0,0,0,0,0,0,31082107,2018,0.5,692.46,2637.41,0,55.5,98.6,68.2,39.5,62.3,530.5,54.6,611.2,155.5,154.1,1044.2,361844,1952,12.75,90.4,1510,2.65,1.11,25,35.8,60,16.1,12181747,72420,75.39,3411.2,0,1200,400,720,240,4200,7500,8500,102,1.5,6000,0,0,0,0,0,71.34,30,68.05,61.79,53.7,0,0
2026-08-12T10:15:09.472000+09:00,2026-08-12T01:15:09.472000+00:00,094623,1421.2,1,0,0,0,0,13375,499,13375,0,0,0,0,4655,-28608,10326,518,4992,0,129,0,1,0,0,0,0,0,0,0,31082107,2018,0.53,618,2039.25,0,55.3,96.6,68.2,39.5,62,525.9,56.7,602.3,144.9,143,1054.8,361844,1952,12.87,90.9,1500,2.64,1.14,23.2,36.9,60,10.31,12181750,72420,61.6,3411.21,0,1200,400,720,240,4200,7500,8500,102,1.5,6000,0,0,0,0,0,68.93,30,58.62,61.13,53.7,0,0
2026-08-12T10:16:09.566000+09:00,2026-08-12T01:16:09.566000+00:00,094623,1724.0,1,0,0,0,0,13375,495,13375,0,0,0,0,4655,-28608,12390,6,12708,72,129,0,1,0,0,0,0,0,0,0,31082107,2018,0.49,707.11,2431.1,0,55.1,98.7,68.1,39.6,61.5,519,54.6,603,142.4,140.7,1035.1,361845,1953,12.85,91.7,1490,2.6,1.18,26.7,40.4,60,16.23,12181752,72420,65.74,3411.21,0,1200,400,720,240,4200,7500,8500,102,1.5,6000,0,0,0,0,0,72.24,30,67.76,69.97,53.8,0,0
2026-08-12T10:17:09.670000+09:00,2026-08-12T01:17:09.670000+00:00,094623,2404.2,1,0,0,0,0,13375,497,13375,0,0,0,0,4655,-28608,10326,6,4480,0,129,0,1,0,0,0,0,0,0,0,31082107,2018,0.5,1100.19,3504.44,0,55.3,99.2,68,39.5,61.6,520,53.7,611.8,151.6,150,1059.8,361845,1953,12.7,89.2,1500,2.6,1.15,30.1,39.2,60,24.44,12181755,72420,74.09,3411.21,0,1200,400,720,240,4200,7500,8500,102,1.5,6000,0,0,0,0,0,76.72,30,74.82,67.31,53.8,0,0
2026-08-12T10:18:09.762000+09:00,2026-08-12T01:18:09.762000+00:00,094623,2202.8,1,0,0,0,0,13375,496,13375,0,0,0,0,4651,-28608,18518,6,4480,528,129,0,1,0,0,0,0,0,0,0,31082107,2018,0.46,871.91,3074.74,0,55.3,97.8,67.9,39.5,62,528.6,54.9,613.5,152.8,151,1080.9,361845,1953,12.67,88.6,1500,2.59,1.14,29.2,41.2,60,24.17,12181759,72420,72.59,3411.21,0,1200,400,720,240,4200,7500,8500,102,1.5,6000,0,0,0,0,0,76.28,30,71.56,63.68,53.8,0,0
2026-08-12T10:19:09.863000+09:00,2026-08-12T01:19:09.863000+00:00,094623,2534.9,1,0,0,0,0,13375,498,13375,0,0,0,0,4651,-28608,10326,6,4480,0,129,0,1,0,0,0,0,0,0,0,31082107,2018,0.5,1086.76,3621.63,0,55.3,97.3,67.6,39.5,62,524.5,53.8,616.2,153,151.2,1058,361845,1953,12.76,89.8,1500,2.58,1.16,30.3,39.3,60,24.59,12181764,72420,70.37,3411.21,0,1200,400,720,240,4200,7500,8500,102,1.5,6000,0,0,0,0,0,75.13,30,68.87,66.31,53.8,0,0
2026-08-12T10:20:09.974000+09:00,2026-08-12T01:20:09.974000+00:00,094623,1551.9,1,0,0,0,0,13375,494,13375,0,0,0,0,4651,-28608,10326,518,4992,0,129,0,1,0,0,0,0,0,0,0,31082107,2018,0.45,571.61,2123.48,0,55.4,97.9,67.9,39.4,62.1,526.4,54.6,606.3,148.5,146.6,1055.3,361845,1953,12.74,90.5,1490,2.62,1.12,23.2,35.9,60,10.61,12181767,72420,72.36,3411.21,0,1200,400,720,240,4200,7500,8500,102,1.5,6000,0,0,0,0,0,67.38,30,62.45,60.71,53.9,0,0
2026-08-12T10:21:10.060000+09:00,2026-08-12T01:21:10.060000+00:00,094623,1299.2,1,0,0,0,0,13375,493,13375,0,0,0,0,4651,-28608,12374,6,5024,72,129,0,1,0,0,0,0,0,0,0,31082107,2018,0.47,538.65,1837.82,0,55.1,96.8,68.2,39.5,61.7,525.9,54.3,602.4,139.8,137.9,1054.6,361845,1953,12.79,91.1,1490,2.62,1.12,22.6,37.5,60,10.8,12181769,72420,62.53,3411.21,0,1200,400,720,240,4200,7500,8500,102,1.5,6000,0,0,0,0,0,68.47,30,57.93,63.62,53.8,0,0
2026-08-12T10:22:10.154000+09:00,2026-08-12T01:22:10.154000+00:00,094623,2360.3,1,0,0,0,0,13375,496,13375,0,0,0,0,4651,-28608,10326,6,4480,0,129,0,1,0,0,0,0,0,0,0,31082107,2018,0.54,1107.52,3467.82,0,55,98.8,68.1,39.6,61.2,516.7,53.6,610.2,144.4,142.8,1068,361846,1954,12.76,90.1,1500,2.58,1.16,30.2,39.3,60,23.89,12181771,72420,66.06,3411.21,0,1200,400,720,240,4200,7500,8500,102,1.5,6000,0,0,0,0,0,76.18,30,71.38,69.44,53.9,0,0
2026-08-12T10:23:10.248000+09:00,2026-08-12T01:23:10.248000+00:00,094623,2106.4,1,0,0,0,0,13375,497,13375,0,0,0,0,4651,-28608,18518,6,4480,528,129,0,1,0,0,0,0,0,0,0,31082107,2018,0.49,825.53,2931.91,0,55.2,98.6,68.1,39.5,61.6,529,54.3,614,148.7,147,1064.5,361846,1954,12.9,89.4,1500,2.59,1.15,29.1,42.4,60,24.43,12181775,72420,73.83,3411.21,0,1200,400,720,240,4200,7500,8500,102,1.5,6000,0,0,0,0,0,76.53,30,72.92,67.14,53.9,0,0
2026-08-12T10:24:10.359000+09:00,2026-08-12T01:24:10.359000+00:00,094623,2349.3,1,0,0,0,0,13375,496,13375,0,0,0,0,4655,-28608,10326,6,4480,0,129,0,1,0,0,0,0,0,0,0,31082107,2018,0.48,972.01,3321.33,0,55.3,97.2,68.1,39.6,61.7,527.2,54.8,613.3,149.7,148.2,1027.5,361846,1954,12.63,89.5,1500,2.57,1.16,29.9,41,60,24.5,12181779,72420,73.8,3411.22,0,1200,400,720,240,4200,7500,8500,102,1.5,6000,0,0,0,0,0,76.62,30,68.12,66.48,53.9,0,0
2026-08-12T10:25:10.443000+09:00,2026-08-12T01:25:10.443000+00:00,094623,2344.4,1,0,0,0,0,13375,497,13375,0,0,0,0,4651,-28608,10326,6,4480,0,129,0,1,0,0,0,0,0,0,0,31082107,2018,0.52,913.42,3257.85,0,55.5,98.3,68.1,39.6,62,528.6,54.8,612.3,151.6,150,1030.2,361846,1954,12.65,89.5,1500,2.58,1.16,29.8,41.2,60,24.56,12181784,72420,72.61,3411.22,0,1200,400,720,240,4200,7500,8500,102,1.5,6000,0,0,0,0,0,76.74,30,71.03,65.64,53.9,0,0
2026-08-12T10:26:10.540000+09:00,2026-08-12T01:26:10.540000+00:00,094623,2162.5,1,0,0,0,0,13375,501,13375,0,0,0,0,4655,-28608,12374,6,5024,72,129,0,1,0,0,0,0,0,0,0,31082107,2018,0.53,909.76,3072.3,0,55.6,99.2,68.2,39.6,62.2,527.7,55.1,612.2,153.6,152.1,1055.5,361846,1954,12.74,89.7,1510,2.62,1.12,26.5,36,60,18.61,12181787,72420,74.77,3411.22,0,1200,400,720,240,4200,7500,8500,102,1.5,6000,0,0,0,0,0,73.67,30,71.16,62.01,53.9,0,0
2026-08-12T10:27:10.639000+09:00,2026-08-12T01:27:10.639000+00:00,094623,1393.2,1,0,0,0,0,13375,501,13375,0,0,0,0,4651,-28608,10326,6,4992,0,129,0,1,0,0,0,0,0,0,0,31082107,2018,0.52,679.04,2072.21,0,55.4,96.7,68.1,39.6,62,523.2,55.8,607.5,143.4,141.6,1042,361846,1954,12.87,90.2,1490,2.65,1.05,21.8,33.2,60,11.74,12181790,72420,64.13,3411.22,0,1200,400,720,240,4200,7500,8500,102,1.5,6000,0,0,0,0,0,69.22,30,59.44,59.02,53.9,0,0
2026-08-12T10:28:10.728000+09:00,2026-08-12T01:28:10.728000+00:00,094623,1522.6,1,0,0,0,0,13375,494,13375,0,0,0,0,4651,-28608,18518,6,4480,16,129,0,1,0,0,0,0,0,0,0,31082107,2018,0.49,665.61,2188.18,0,55.2,98.3,68.1,39.6,61.6,522.2,56.5,602.5,140.2,138.6,1048.4,361847,1955,12.59,92.7,1490,2.6,1.17,25.2,39.9,60,13.44,12181792,72420,62.72,3411.22,0,1200,400,720,240,4200,7500,8500,102,1.5,6000,0,0,0,0,0,71.23,30,64.73,70.83,53.9,0,0
2026-08-12T10:29:10.836000+09:00,2026-08-12T01:29:10.836000+00:00,094623,2165.0,1,0,0,0,0,13375,498,13375,0,0,0,0,4655,-28608,10326,6,4480,0,129,0,1,0,0,0,0,0,0,0,31082107,2018,0.49,980.56,3145.54,0,55.3,99.5,68.1,39.6,61.5,523,57.5,609.5,147,145.5,1066.5,361847,1955,12.69,88.9,1510,2.6,1.14,29.7,41.2,60,24.49,12181795,72420,75.42,3411.22,0,1200,400,720,240,4200,7500,8500,102,1.5,6000,0,0,0,0,0,77.54,30,75.68,66.83,54,0,0
2026-08-12T10:30:10.918000+09:00,2026-08-12T01:30:10.918000+00:00,094623,2377.4,1,0,0,0,0,13375,495,13375,0,0,0,0,4651,-28608,10326,6,4480,0,129,0,1,0,0,0,0,0,0,0,31082107,2018,0.44,1090.43,3467.82,0,55.3,97.3,67.8,39.6,61.8,524,55,612.2,150.6,149.3,1065.3,361847,1955,12.35,88.7,1500,2.58,1.15,30.2,40,60,24.53,12181799,72420,73.97,3411.22,0,1200,400,720,240,4200,7500,8500,102,1.5,6000,0,0,0,0,0,76.61,30,69.89,64.19,53.9,0,0
2026-08-12T10:31:11.030000+09:00,2026-08-12T01:31:11.030000+00:00,094623,2311.5,1,0,0,0,0,13375,497,13375,0,0,0,0,4655,-26560,12438,6,20896,72,129,0,1,0,0,0,0,0,0,0,31082107,2018,0.5,902.43,3213.9,0,55.4,97.3,67.5,39.6,62,527.4,54.5,612.3,151.6,150.1,1040.5,361847,1955,12.29,89.8,1500,2.59,1.14,29.4,40.3,60,24.28,12181803,72420,70.29,3411.22,0,1200,400,720,240,4200,7500,8500,102,1.5,6000,0,0,0,0,0,75.12,30,68.47,66.3,54,0,0
2026-08-12T10:32:11.124000+09:00,2026-08-12T01:32:11.124000+00:00,094623,2346.9,1,0,0,0,0,13375,498,13375,0,0,0,0,4651,-28608,10326,518,4480,0,129,0,1,0,0,0,0,0,0,0,31082107,2018,0.53,952.48,3299.36,0,55.6,98.2,67.5,39.7,62.1,528.6,55.2,609.7,151.9,150.2,1046.6,361847,1955,12.8,90.8,1500,2.59,1.15,29.5,40.5,60,24.6,12181808,72420,74.08,3411.23,0,1200,400,720,240,4200,7500,8500,102,1.5,6000,0,0,0,0,0,74.41,30,70.85,69.96,54,0,0
2026-08-12T10:33:11.223000+09:00,2026-08-12T01:33:11.223000+00:00,094623,2489.7,1,0,0,0,0,13375,497,13375,0,0,0,0,4655,-28608,10390,6,20864,0,129,0,1,0,0,0,0,0,0,0,31082107,2018,0.53,1009.86,3499.56,0,55.7,98.9,67.4,39.7,62.3,528.2,54.3,611.4,152.4,150.9,1039.5,361847,1955,12.62,90.3,1500,2.59,1.15,30,39.7,60,24.32,12181812,72420,75.83,3411.23,0,1200,400,720,240,4200,7500,8500,102,1.5,6000,0,0,0,0,0,73.22,30,73.86,69.33,54,0,0
2026-08-12T10:34:11.331000+09:00,2026-08-12T01:34:11.331000+00:00,094623,1831.4,1,0,0,0,0,13375,499,13375,0,0,0,0,4651,-28608,10326,6,4992,0,129,0,1,0,0,0,0,0,0,0,31082107,2018,0.42,677.82,2509.23,0,55.8,98,67.9,39.6,62.5,526,56,610.4,151,149.2,1065.2,361848,1956,12.75,89.8,1500,2.65,1.13,24,34.7,60,12.64,12181815,72420,76.38,3411.23,0,1200,400,720,240,4200,7500,8500,102,1.5,6000,0,0,0,0,0,66.68,30,65.12,60.59,54,0,0
2026-08-12T10:35:11.411000+09:00,2026-08-12T01:35:11.411000+00:00,094623,1366.3,1,0,0,0,0,13375,495,13375,0,0,0,0,4655,-26560,10342,6,13188,0,129,0,1,0,0,0,0,0,0,0,31082107,2018,0.48,585.04,1951.35,0,55.4,96.8,68.9,39.7,62.2,525.2,56.1,607.2,141.5,139.5,1033.5,361848,1956,12.76,90.9,1490,2.62,1.13,23,37.1,60,11.17,12181817,72420,59.85,3411.23,0,1200,400,720,240,4200,7500,8500,102,1.5,6000,0,0,0,0,0,69.67,30,59.16,63.47,54,0,0
2026-08-12T10:36:11.498000+09:00,2026-08-12T01:36:11.498000+00:00,094623,2063.7,1,0,0,0,0,13375,495,13375,0,0,0,0,4655,-28608,12374,6,4512,8,129,0,1,0,0,0,0,0,0,0,31082107,2018,0.53,1037.93,3101.6,0,55.2,98.2,68.8,39.7,61.7,516.3,57,611.3,141,139.2,1034.8,361848,1956,12.59,90.8,1490,2.58,1.19,29.5,40.9,60,21.68,12181819,72420,65.44,3411.23,0,1200,400,720,240,4200,7500,8500,102,1.5,6000,0,0,0,0,0,77.48,30,70.01,71.06,54.1,0,0
2026-08-12T10:37:11.610000+09:00,2026-08-12T01:37:11.610000+00:00,094623,2116.2,1,0,0,0,0,13375,496,13375,0,0,0,0,4651,-28608,10326,6,4480,0,129,0,1,0,0,0,0,0,0,0,31082107,2018,0.49,906.09,3022.25,0,55.4,99.3,68.2,39.7,61.8,526.3,55.4,612.6,148.1,146.6,1014.2,361848,1956,12.86,89,1500,2.59,1.14,29.4,41.6,60,24.52,12181823,72420,78.1,3411.23,0,1200,400,720,240,4200,7500,8500,102,1.5,6000,0,0,0,0,0,77.7,30,75.81,67.05,54.1,0,0
2026-08-12T10:38:11.713000+09:00,2026-08-12T01:38:11.713000+00:00,094623,2277.3,1,0,0,0,0,13375,496,13375,0,0,0,0,4651,-28608,10326,6,4480,0,129,0,1,0,0,0,0,0,0,0,31082107,2018,0.44,989.1,3266.4,0,55.5,96.9,67.8,39.7,62,526.6,60.2,611.1,148.8,147.3,1069.1,361848,1956,12.75,89.2,1500,2.59,1.15,29.6,40.5,60,24.53,12181827,72420,75.05,3411.23,0,1200,400,720,240,4200,7500,8500,102,1.5,6000,0,0,0,0,0,76.56,30,68.66,66.17,54.1,0,0
2026-08-12T10:39:11.788000+09:00,2026-08-12T01:39:11.788000+00:00,094623,2376.2,1,0,0,0,0,13375,497,13375,0,0,0,0,4651,-28608,10326,6,4480,0,129,0,1,0,0,0,0,0,0,0,31082107,2018,0.51,972.01,3348.19,0,55.6,98.1,67.4,39.8,62.1,527.7,57.6,611,151.4,149.8,1052.6,361848,1956,12.79,89.3,1500,2.58,1.15,29.9,40.8,60,24.49,12181832,72420,74.09,3411.23,0,1200,400,720,240,4200,7500,8500,102,1.5,6000,0,0,0,0,0,74.71,30,71.25,65.46,54.1,0,0
2026-08-12T10:40:11.902000+09:00,2026-08-12T01:40:11.902000+00:00,094623,2387.2,1,0,0,0,0,13375,503,13375,0,0,0,0,4655,-28608,10326,582,4992,0,129,0,1,0,0,0,0,0,0,0,31082107,2018,0.53,1022.06,3409.22,0,55.6,98.9,67.4,39.8,62.3,524.4,58.1,615.1,153.5,151.8,1057.3,361849,1957,12.64,89.7,1510,2.62,1.1,27.9,36.2,60,21.54,12181836,72420,73.42,3411.23,0,1200,400,720,240,4200,7500,8500,102,1.5,6000,0,0,0,0,0,71.72,30,72.77,63.74,54.1,0,0
2026-08-12T10:41:11.994000+09:00,2026-08-12T01:41:11.994000+00:00,094623,1788.7,1,0,0,0,0,13375,454,13375,0,0,0,0,4651,-28608,12374,518,4992,0,129,0,1,0,0,0,0,0,0,0,31082107,2018,0.5,786.46,2575.15,0,55.4,96.4,68.3,39.8,62.2,526.6,58.4,605.1,142.5,140.7,1051.7,361849,1957,12.77,89.9,1450,2.41,1.28,26.7,37.9,60,10.85,12181838,72420,65,3411.24,0,1200,400,720,240,4200,7500,8500,102,1.5,6000,0,0,0,0,0,67.53,30,58.19,57.57,54.2,0,0
2026-08-12T10:42:12.095000+09:00,2026-08-12T01:42:12.095000+00:00,094623,1345.6,1,0,0,0,0,13375,495,13375,0,0,0,0,4651,-28608,10326,6,4480,0,129,0,1,0,0,0,0,0,0,0,31082107,2018,0.48,572.83,1918.39,0,55.2,98,68.5,39.9,61.6,524.3,57.7,604.2,138.2,136.5,1058.9,361849,1957,12.62,92.7,1490,2.63,1.14,23.4,38.2,60,11.38,12181840,72420,60.47,3411.24,0,1200,400,720,240,4200,7500,8500,102,1.5,6000,0,0,0,0,0,69.77,30,62.04,68.5,54.2,0,0
2026-08-12T10:43:12.186000+09:00,2026-08-12T01:43:12.186000+00:00,094623,2284.6,1,0,0,0,0,13375,497,13375,0,0,0,0,4651,-28608,10326,6,4480,0,129,0,1,0,0,0,0,0,0,0,31082107,2018,0.49,1044.04,3328.65,0,55.4,99.5,68.3,39.9,61.5,520.4,56.8,610.9,146,144.3,1087.6,361849,1957,12.42,89,1500,2.59,1.15,29.8,40,60,24.41,12181843,72420,78.03,3411.24,0,1200,400,720,240,4200,7500,8500,102,1.5,6000,0,0,0,0,0,77.63,30,75.33,67.18,54.2,0,0
2026-08-12T10:44:12.310000+09:00,2026-08-12T01:44:12.310000+00:00,094623,2371.3,1,0,0,0,0,13375,496,13375,0,0,0,0,4651,-28608,10326,6,4480,0,129,0,1,0,0,0,0,0,0,0,31082107,2018,0.43,962.25,3333.54,0,55.4,97.4,68.1,39.9,61.9,524.4,57.7,618.1,149.1,147.4,1073.2,361849,1957,12.77,88.5,1490,2.57,1.16,30,40.5,60,24.52,12181847,72420,73.03,3411.24,0,1200,400,720,240,4200,7500,8500,102,1.5,6000,0,0,0,0,0,77.31,30,70.3,63.45,54.2,0,0
2026-08-12T10:45:12.384000+09:00,2026-08-12T01:45:12.384000+00:00,094623,2505.6,1,0,0,0,0,13375,499,13375,0,0,0,0,4655,-26560,10326,6,4480,0,129,0,1,0,0,0,0,0,0,0,31082107,2018,0.5,1096.53,3602.1,0,55.4,97.4,67.7,39.9,62.1,524.1,56.8,621.5,150.6,149.2,1083.8,361849,1957,12.58,89.7,1510,2.57,1.15,30.3,39.4,60,23.69,12181851,72420,71.3,3411.24,0,1200,400,720,240,4200,7500,8500,102,1.5,6000,0,0,0,0,0,75.99,30,69.02,65.85,54.2,0,0
2026-08-12T10:46:12.490000+09:00,2026-08-12T01:46:12.490000+00:00,094623,2488.5,1,0,0,0,0,13375,496,13375,0,0,0,0,4651,-28608,2134,6,4480,528,129,0,1,0,0,0,0,0,0,0,31082107,2018,0.53,1056.25,3544.72,0,55.5,98.4,67.9,39.9,62.3,525.6,55.3,622.6,150.6,149.2,1077.4,361850,1958,12.74,90.8,1490,2.57,1.16,30.1,39.5,60,24.23,12181855,72420,75.25,3411.24,0,1200,400,720,240,4200,7500,8500,102,1.5,6000,0,0,0,0,0,76.12,30,71.81,69.68,54.2,0,0
2026-08-12T10:47:12.595000+09:00,2026-08-12T01:47:12.595000+00:00,094623,1666.6,1,0,0,0,0,13375,519,13375,0,0,0,0,4655,-28608,10326,6,4992,0,129,0,1,0,0,0,0,0,0,0,31082107,2018,0.44,686.36,2352.98,0,55.7,98,68,39.8,62.4,522.7,56.7,613.1,146,144.4,1049.9,361850,1958,12.79,89.8,1560,2.76,1.03,22.9,33,60,14.24,12181859,72420,73.98,3411.24,0,1200,400,720,240,4200,7500,8500,102,1.5,6000,0,0,0,0,0,69.67,30,64.79,60.57,54.2,0,0
2026-08-12T10:48:12.714000+09:00,2026-08-12T01:48:12.714000+00:00,094623,1437.1,1,0,0,0,0,13375,519,13375,0,0,0,0,4651,-28608,10326,518,4992,0,129,0,1,0,0,0,0,0,0,0,31082107,2018,0.49,642.41,2079.53,0,55.4,97.1,68.3,39.9,62,521.1,58.9,606,138,136.1,1033.3,361850,1958,12.58,90.9,1560,2.76,1.04,23,34.7,60,15.02,12181861,72420,60.81,3411.24,0,1200,400,720,240,4200,7500,8500,102,1.5,6000,0,0,0,0,0,70.8,30,60.59,64.29,54.3,0,0
2026-08-12T10:49:12.792000+09:00,2026-08-12T01:49:12.792000+00:00,094623,2019.7,1,0,0,0,0,13375,497,13375,0,0,0,0,4651,-28608,10326,6,4480,8,129,0,1,0,0,0,0,0,0,0,31082107,2018,0.52,907.31,2927.03,0,55.5,98.3,68.2,40,61.5,520,56,604.9,137.7,135.9,1075.3,361850,1958,12.74,90.1,1500,2.57,1.18,29.4,42.5,60,23.39,12181863,72420,65.5,3411.25,0,1200,400,720,240,4200,7500,8500,102,1.5,6000,0,0,0,0,0,77.09,30,70.53,69.31,54.3,0,0
2026-08-12T10:50:12.895000+09:00,2026-08-12T01:50:12.895000+00:00,094623,2320.0,1,0,0,0,0,13375,496,13375,0,0,0,0,4655,-28608,10390,6,20864,0,129,0,1,0,0,0,0,0,0,0,31082107,2018,0.52,967.13,3287.15,0,55.6,99.3,67.8,39.9,61.7,523,55.3,612.3,146.7,145.1,1061.9,361850,1958,12.69,89.2,1500,2.58,1.14,29.9,40.2,60,24.52,12181867,72420,74.41,3411.25,0,1200,400,720,240,4200,7500,8500,102,1.5,6000,0,0,0,0,0,76.35,30,75.51,66.68,54.3,0,0
2026-08-12T10:51:12.992000+09:00,2026-08-12T01:51:12.992000+00:00,094623,2484.8,1,0,0,0,0,13375,497,13375,0,0,0,0,4655,-26560,18518,6,4480,528,129,0,1,0,0,0,0,0,0,0,31082107,2018,0.48,1036.71,3521.53,0,55.6,97.3,67.8,39.9,62.1,523.1,56.4,614.3,150.2,148.6,1106.5,361850,1958,12.73,89.1,1500,2.57,1.15,30.3,39.4,60,24.4,12181871,72420,74.54,3411.25,0,1200,400,720,240,4200,7500,8500,102,1.5,6000,0,0,0,0,0,76.06,30,69.82,65.13,54.3,0,0
2026-08-12T10:52:13.091000+09:00,2026-08-12T01:52:13.091000+00:00,094623,2552.0,1,0,0,0,0,13375,494,13375,0,0,0,0,4655,-26560,10342,590,12676,8192,129,0,1,0,0,0,0,0,0,0,31082107,2018,0.51,1112.4,3664.36,0,55.8,97.7,67.9,39.9,62.4,523.7,56.9,619.8,151.9,150.2,1085.3,361851,1959,12.84,89.5,1490,2.56,1.15,30.3,38.8,60,24.54,12181875,72420,73.87,3411.25,0,1200,400,720,240,4200,7500,8500,102,1.5,6000,0,0,0,0,0,76.07,30,69.92,65.24,54.3,0,0
2026-08-12T10:53:13.185000+09:00,2026-08-12T01:53:13.185000+00:00,094623,1654.4,1,0,0,0,0,13375,500,13375,0,0,0,0,4655,-28608,10326,6,4992,0,129,0,1,0,0,0,0,0,0,0,31082107,2018,0.49,554.52,2208.93,0,55.9,98.4,68.3,39.9,62.6,527.3,57.2,615.3,148,146.4,1074.5,361851,1959,12.53,90,1510,2.65,1.13,23.5,36.5,60,12.78,12181879,72420,73.29,3411.25,0,1200,400,720,240,4200,7500,8500,102,1.5,6000,0,0,0,0,0,70.35,30,65.22,58.97,54.3,0,0
2026-08-12T10:54:13.301000+09:00,2026-08-12T01:54:13.301000+00:00,094623,1311.4,1,0,0,0,0,13375,493,13375,0,0,0,0,4651,-28608,12374,6,5024,72,129,0,1,0,0,0,0,0,0,0,31082107,2018,0.53,511.79,1823.18,0,55.5,96.8,68.3,39.9,62.1,526.1,56.7,605.6,138.1,136.1,1033.1,361851,1959,12.59,92.2,1490,2.6,1.12,22.6,37.4,60,11.16,12181881,72420,60.45,3411.25,0,1200,400,720,240,4200,7500,8500,102,1.5,6000,0,0,0,0,0,69.94,30,58.7,65.49,54.3,0,0
2026-08-12T10:55:13.397000+09:00,2026-08-12T01:55:13.397000+00:00,094623,1958.4,1,0,0,0,0,13375,495,13375,0,0,0,0,4655,-28608,10326,6,4480,0,129,0,1,0,0,0,0,0,0,0,31082107,2018,0.47,816.98,2775.35,0,55.3,98.6,68.3,40,61.5,518.7,58.5,605.6,136.6,134.9,1030,361851,1959,12.64,91.1,1490,2.58,1.19,29.1,43,60,21.43,12181883,72420,70.24,3411.25,0,1200,400,720,240,4200,7500,8500,102,1.5,6000,0,0,0,0,0,76.87,30,70.34,72.37,54.4,0,0
2026-08-12T10:56:13.495000+09:00,2026-08-12T01:56:13.495000+00:00,094623,2256.5,1,0,0,0,0,13375,496,13375,0,0,0,0,4655,-28608,18518,582,4480,528,129,0,1,0,0,0,0,0,0,0,31082107,2018,0.46,1023.29,3279.82,0,55.6,99.3,67.9,40,61.6,523.6,56.1,614.3,144.4,142.9,1041.7,361851,1959,12.52,88.7,1500,2.58,1.16,30.1,41.1,60,24.37,12181887,72420,74.07,3411.25,0,1200,400,720,240,4200,7500,8500,102,1.5,6000,0,0,0,0,0,77.41,30,75.83,65.91,54.4,0,0
2026-08-12T10:57:13.584000+09:00,2026-08-12T01:57:13.584000+00:00,094623,2449.4,1,0,0,0,0,13375,498,13375,0,0,0,0,4651,-28608,10326,518,4480,0,129,0,1,0,0,0,0,0,0,0,31082107,2018,0.47,1078.22,3527.63,0,55.6,97.4,67.7,40,62,522.5,55.9,616.9,148,146.5,1049.6,361851,1959,12.92,89.1,1510,2.58,1.15,30.3,39.7,60,24.24,12181891,72420,71.2,3411.25,0,1200,400,720,240,4200,7500,8500,102,1.5,6000,0,0,0,0,0,76.53,30,70.56,65.35,54.4,0,0
2026-08-12T10:58:13.688000+09:00,2026-08-12T01:58:13.688000+00:00,094623,2541.0,1,0,0,0,0,13375,496,13375,0,0,0,0,4655,-26560,10326,590,4480,8192,129,0,1,0,0,0,0,0,0,0,31082107,2018,0.51,1122.17,3663.14,0,55.8,97.7,67.7,40,62.3,523.7,55.6,619,150.6,149.1,1040.9,361852,1960,12.53,89.5,1500,2.57,1.15,30.6,39.2,60,24.46,12181895,72420,71.4,3411.26,0,1200,400,720,240,4200,7500,8500,102,1.5,6000,0,0,0,0,0,75.87,30,70.39,65.44,54.4,0,0
2026-08-12T10:59:13.775000+09:00,2026-08-12T01:59:13.775000+00:00,094623,2393.3,1,0,0,0,0,13375,496,13375,0,0,0,0,4651,-28608,12374,6,4512,72,129,0,1,0,0,0,0,0,0,0,31082107,2018,0.53,970.79,3364.06,0,55.8,98.4,67.9,40,62.6,527.6,55.7,619.7,150.8,149.1,1079.2,361852,1960,12.68,89.9,1500,2.57,1.15,29.8,40.2,60,24.6,12181899,72420,73.42,3411.26,0,1200,400,720,240,4200,7500,8500,102,1.5,6000,0,0,0,0,0,76.11,30,72.57,66.23,54.9,0,0
2026-08-12T11:00:13.880000+09:00,2026-08-12T02:00:13.880000+00:00,094623,2421.3,1,0,0,0,0,13375,503,13375,0,0,0,0,4655,-28608,10326,6,4992,0,129,0,1,0,0,0,0,0,0,0,31082107,2018,0.54,1013.52,3434.86,0,55.8,98.6,68,40,62.7,526,54.2,620,152.1,150.3,1065,361852,1960,12.9,90.4,1510,2.61,1.11,28.2,36.5,60,22.77,12181903,72420,75.32,3411.26,0,1200,400,720,240,4200,7500,8500,102,1.5,6000,0,0,0,0,0,74.94,30,72.45,66.58,54.9,0,0
2026-08-12T11:01:13.972000+09:00,2026-08-12T02:01:13.972000+00:00,094623,1267.4,1,0,0,0,0,13375,497,13375,0,0,0,0,4651,-28608,18518,6,4992,528,129,0,1,0,0,0,0,0,0,0,31082107,2018,0.45,395.82,1663.26,0,55.8,96.9,68.4,40,62.5,527.8,55.2,614.5,142,140,1070.1,361852,1960,12.98,91.3,1510,2.61,1.06,22.8,38.3,60,11.26,12181906,72420,66.19,3411.26,0,1200,400,720,240,4200,7500,8500,102,1.5,6000,0,0,0,0,0,69.87,30,60.78,63.89,54.9,0,0
2026-08-12T11:02:14.068000+09:00,2026-08-12T02:02:14.068000+00:00,094623,1319.9,1,0,0,0,0,13375,499,13375,0,0,0,0,4651,-28608,10326,6,4480,0,129,0,1,0,0,0,0,0,0,0,31082107,2018,0.44,639.97,1959.9,0,55.7,97.6,68.4,40.1,61.9,525.1,55.2,606.2,137.5,135.7,1069.9,361852,1960,12.61,90.6,1500,2.64,1.14,23.2,37.5,60,11.28,12181908,72420,65.94,3411.26,0,1200,400,720,240,4200,7500,8500,102,1.5,6000,0,0,0,0,0,70.63,30,61.29,63.59,54.9,0,0
2026-08-12T11:03:14.168000+09:00,2026-08-12T02:03:14.168000+00:00,094623,2178.4,1,0,0,0,0,13375,497,13375,0,0,0,0,4651,-26560,10326,518,4480,0,129,0,1,0,0,0,0,0,0,0,31082107,2018,0.53,962.25,3140.66,0,55.6,99,67.9,40,61.7,522.9,56,614.1,144.6,142.9,1057,361852,1960,12.68,89.6,1500,2.57,1.14,29.5,40.7,60,24.44,12181911,72420,69.38,3411.26,0,1200,400,720,240,4200,7500,8500,102,1.5,6000,0,0,0,0,0,77.36,30,74.04,68.39,55,0,0
2026-08-12T11:04:14.261000+09:00,2026-08-12T02:04:14.261000+00:00,094623,2279.7,1,0,0,0,0,13375,496,13375,0,0,0,0,4655,-28608,12374,6,4512,72,129,0,1,0,0,0,0,0,0,0,31082107,2018,0.52,953.7,3233.44,0,55.6,98.3,67.7,40,62,526.1,54.2,615.7,148.6,146.9,1050.8,361853,1961,12.86,90.2,1500,2.58,1.15,29.9,41,60,24.13,12181915,72420,72.79,3411.26,0,1200,400,720,240,4200,7500,8500,102,1.5,6000,0,0,0,0,0,76.43,30,73.01,70,54.9,0,0
2026-08-12T11:05:14.365000+09:00,2026-08-12T02:05:14.365000+00:00,094623,2440.9,1,0,0,0,0,13375,496,13375,0,0,0,0,4655,-28608,10326,6,4480,0,129,0,1,0,0,0,0,0,0,0,31082107,2018,0.53,1006.2,3447.07,0,55.7,98.3,67.8,40,62.2,525.5,55.2,616.5,151.3,149.5,1090.6,361853,1961,12.92,89.9,1500,2.57,1.16,30.4,40.1,60,24.54,12181919,72420,73.82,3411.26,0,1200,400,720,240,4200,7500,8500,102,1.5,6000,0,0,0,0,0,76.28,30,73.34,69.16,55,0,0
2026-08-12T11:06:14.451000+09:00,2026-08-12T02:06:14.451000+00:00,094623,1631.2,1,0,0,0,0,13375,500,13375,0,0,0,0,4651,-28608,18518,6,4992,528,129,0,1,0,0,0,0,0,0,0,31082107,2018,0.45,635.09,2266.3,0,55.9,98.3,68,40,62.5,526.8,57.4,614.1,149.2,147.5,1065.5,361853,1961,12.38,89.8,1510,2.64,1.13,23.6,35.9,60,12.83,12181923,72420,74.76,3411.26,0,1200,400,720,240,4200,7500,8500,102,1.5,6000,0,0,0,0,0,69.48,30,66.87,61.4,55,0,0
2026-08-12T11:07:14.595000+09:00,2026-08-12T02:07:14.595000+00:00,094623,1298.0,1,0,0,0,0,13375,494,13375,0,0,0,0,4655,-26560,10326,590,4992,8192,129,0,1,0,0,0,0,0,0,0,31082107,2018,0.5,514.24,1812.19,0,55.7,96.5,68.3,40.2,62.1,526.3,57.7,607.5,139,136.9,1026.6,361853,1961,12.71,90,1490,2.61,1.12,22.7,37.6,60,11.17,12181925,72420,62.04,3411.27,0,1200,400,720,240,4200,7500,8500,102,1.5,6000,0,0,0,0,0,69.91,30,59.12,61.15,55,0,0
2026-08-12T11:08:14.638000+09:00,2026-08-12T02:08:14.638000+00:00,094623,1980.4,1,0,0,0,0,13375,494,13375,0,0,0,0,4651,-28608,10326,6,4480,0,129,0,1,0,0,0,0,0,0,0,31082107,2018,0.55,824.3,2804.65,0,55.4,98.3,68.2,40.2,61.6,518.5,56.1,608.9,138.2,136.4,1079.2,361853,1961,12.46,91.6,1490,2.57,1.19,29,42.4,60,21.47,12181927,72420,64.1,3411.27,0,1200,400,720,240,4200,7500,8500,102,1.5,6000,0,0,0,0,0,76.63,30,70.47,73.84,55,0,0
2026-08-12T11:09:14.728000+09:00,2026-08-12T02:09:14.728000+00:00,094623,2129.6,1,0,0,0,0,13375,496,13375,0,0,0,0,4655,-28608,12438,590,20896,8264,129,0,1,0,0,0,0,0,0,0,31082107,2018,0.5,859.71,2989.29,0,55.7,99.4,68.2,40.2,61.7,526.7,56.1,612,145.2,143.6,1056.5,361853,1961,12.7,89,1500,2.57,1.14,29.3,42,60,24.15,12181931,72420,75.92,3411.27,0,1200,400,720,240,4200,7500,8500,102,1.5,6000,0,0,0,0,0,78.37,30,76.67,67.61,55,0,0
2026-08-12T11:10:14.821000+09:00,2026-08-12T02:10:14.821000+00:00,094623,2263.9,1,0,0,0,0,13375,498,13375,0,0,0,0,4655,-28608,10326,6,4480,0,129,0,1,0,0,0,0,0,0,0,31082107,2018,0.47,1040.38,3304.24,0,55.8,97.5,67.8,40.2,61.9,526.4,56.2,611.8,147.6,146.1,1054.5,361854,1962,12.55,89,1500,2.58,1.16,30,41,60,24.49,12181935,72420,73.66,3411.27,0,1200,400,720,240,4200,7500,8500,102,1.5,6000,0,0,0,0,0,77.26,30,71.61,66.18,55,0,0
2026-08-12T11:11:14.918000+09:00,2026-08-12T02:11:14.918000+00:00,094623,2392.0,1,0,0,0,0,13375,498,13375,0,0,0,0,4651,-28608,18534,6,12676,16,129,0,1,0,0,0,0,0,0,0,31082107,2018,0.49,936.61,3328.65,0,55.9,97.3,67.5,40.2,62.1,527.4,54.4,619.2,149.5,147.9,1061.2,361854,1962,12.46,89.4,1510,2.58,1.14,29.8,40.3,60,24.28,12181939,72420,71.36,3411.27,0,1200,400,720,240,4200,7500,8500,102,1.5,6000,0,0,0,0,0,75.85,30,69.87,66.21,55.1,0,0
2026-08-12T11:12:15.006000+09:00,2026-08-12T02:12:15.006000+00:00,094623,2465.3,1,0,0,0,0,13375,497,13375,0,0,0,0,4651,-28608,10326,6,4480,0,129,0,1,0,0,0,0,0,0,0,31082107,2018,0.51,961.03,3426.31,0,56.1,98,67.7,40.2,62.4,526.7,53.3,621,150.8,149,1051.6,361854,1962,12.59,90.1,1500,2.56,1.15,30.1,40.2,60,24.52,12181943,72420,74.1,3411.27,0,1200,400,720,240,4200,7500,8500,102,1.5,6000,0,0,0,0,0,75.76,30,71.35,67.86,55.1,0,0
2026-08-12T11:13:15.120000+09:00,2026-08-12T02:13:15.120000+00:00,094623,2252.9,1,0,0,0,0,13375,499,13375,0,0,0,0,4651,-28608,10326,6,4992,0,129,0,1,0,0,0,0,0,0,0,31082107,2018,0.5,885.34,3138.22,0,56.2,98.3,67.9,40.2,62.7,526.1,53.8,621.4,152.9,151.1,1054.5,361854,1962,12.77,90.7,1510,2.61,1.11,26.8,35.5,60,19.02,12181947,72420,75.24,3411.27,0,1200,400,720,240,4200,7500,8500,102,1.5,6000,0,0,0,0,0,72.39,30,68.75,66.51,55.1,0,0
2026-08-12T11:14:15.201000+09:00,2026-08-12T02:14:15.201000+00:00,094623,1344.3,1,0,0,0,0,13375,499,13375,0,0,0,0,4651,-28608,12374,6,5024,72,129,0,1,0,0,0,0,0,0,0,31082107,2018,0.46,597.25,1941.59,0,55.9,96.9,68.5,40.3,62.5,522.2,55.2,608.1,142.3,140.1,1086.1,361854,1962,12.71,90.4,1490,2.64,1.06,21.9,34,60,11.5,12181949,72420,67.25,3411.27,0,1200,400,720,240,4200,7500,8500,102,1.5,6000,0,0,0,0,0,70.06,30,59.88,61.98,55.1,0,0
2026-08-12T11:15:15.325000+09:00,2026-08-12T02:15:15.325000+00:00,094623,1509.1,1,0,0,0,0,13375,493,13375,0,0,0,0,4651,-28608,10326,6,4480,0,129,0,1,0,0,0,0,0,0,0,31082107,2018,0.53,657.06,2166.2,0,55.6,98.2,68.5,40.3,62,521.6,55.1,607,138,136.1,1047.8,361854,1962,12.74,90.1,1490,2.59,1.18,25.2,39.9,60,13.8,12181951,72420,60.62,3411.28,0,1200,400,720,240,4200,7500,8500,102,1.5,6000,0,0,0,0,0,72.97,30,64.73,63.3,55.1,0,0
2026-08-12T11:16:15.420000+09:00,2026-08-12T02:16:15.420000+00:00,094623,2165.0,1,0,0,0,0,13375,498,13375,0,0,0,0,4651,-28608,10326,6,4480,0,129,0,1,0,0,0,0,0,0,0,31082107,2018,0.55,912.2,3077.18,0,55.7,99.2,68.1,40.4,61.8,523.7,53.8,612,145.4,143.8,1070.1,361855,1963,12.65,90.5,1510,2.58,1.14,29.6,41.5,60,24.43,12181955,72420,74.49,3411.28,0,1200,400,720,240,4200,7500,8500,102,1.5,6000,0,0,0,0,0,78.34,30,74.73,71.81,55.1,0,0
2026-08-12T11:17:15.496000+09:00,2026-08-12T02:17:15.496000+00:00,094623,2232.1,1,0,0,0,0,13375,496,13375,0,0,0,0,4651,-28608,10326,6,4480,0,129,0,1,0,0,0,0,0,0,0,31082107,2018,0.49,945.16,3177.28,0,55.8,98.4,67.8,40.4,62,527.1,54.7,610.9,148.4,146.8,1074.3,361855,1963,12.46,89.4,1500,2.58,1.15,29.6,41.2,60,24.34,12181959,72420,76.09,3411.28,0,1200,400,720,240,4200,7500,8500,102,1.5,6000,0,0,0,0,0,77.3,30,73.87,68.05,55.2,0,0
2026-08-12T11:18:15.596000+09:00,2026-08-12T02:18:15.596000+00:00,094623,2392.0,1,0,0,0,0,13375,496,13375,0,0,0,0,4651,-28608,10326,6,4480,0,129,0,1,0,0,0,0,0,0,0,31082107,2018,0.49,1048.92,3440.96,0,55.9,97.3,67.6,40.3,62.2,526.4,53.5,612.7,149.3,147.6,1057.9,361855,1963,12.79,88.9,1500,2.58,1.16,30.3,40.6,60,24.43,12181963,72420,73.53,3411.28,0,1200,400,720,240,4200,7500,8500,102,1.5,6000,0,0,0,0,0,76.16,30,70.12,65.13,55.2,0,0
2026-08-12T11:19:15.767000+09:00,2026-08-12T02:19:15.767000+00:00,094623,1643.4,1,0,0,0,0,13375,499,13375,0,0,0,0,4651,-28608,12374,6,5024,8,129,0,1,0,0,0,0,0,0,0,31082107,2018,0.48,587.48,2230.9,0,56,98.1,67.7,40.3,62.5,527.2,52.9,612.8,148.2,146.5,1045.1,361855,1963,12.75,89.8,1500,2.64,1.12,23.5,36.2,60,12.33,12181967,72420,70.12,3411.28,0,1200,400,720,240,4200,7500,8500,102,1.5,6000,0,0,0,0,0,68.54,30,64.55,59.78,55.2,0,0
2026-08-12T11:20:15.864000+09:00,2026-08-12T02:20:15.864000+00:00,094623,1404.2,1,0,0,0,0,13375,496,13375,0,0,0,0,4651,-28608,10326,6,4992,0,129,0,1,0,0,0,0,0,0,0,31082107,2018,0.53,565.51,1969.66,0,55.7,96.8,68.4,40.4,62,525,54.9,607.7,139,137.1,1030.4,361855,1963,12.88,91.4,1490,2.65,1.14,23,37,60,11.21,12181969,72420,59.74,3411.28,0,1200,400,720,240,4200,7500,8500,102,1.5,6000,0,0,0,0,0,70.04,30,59.11,64.09,55.2,0,0
2026-08-12T11:21:15.949000+09:00,2026-08-12T02:21:15.949000+00:00,094623,2199.2,1,0,0,0,0,13375,496,13375,0,0,0,0,4655,-28608,10326,6,4480,0,129,0,1,0,0,0,0,0,0,0,31082107,2018,0.51,973.23,3172.4,0,55.4,98.6,68.5,40.4,61.5,515.7,54.2,607.4,140.3,138.4,1052.9,361855,1963,12.8,91.6,1500,2.58,1.19,29.7,40.8,60,22.04,12181971,72420,67.73,3411.28,0,1200,400,720,240,4200,7500,8500,102,1.5,6000,0,0,0,0,0,77.71,30,70.51,74.4,55.2,0,0
2026-08-12T11:22:16.029000+09:00,2026-08-12T02:22:16.029000+00:00,094623,2240.7,1,0,0,0,0,13375,499,13375,0,0,0,0,4651,-28608,10326,6,4480,0,129,0,1,0,0,0,0,0,0,0,31082107,2018,0.46,1009.86,3250.53,0,55.6,99.3,68.3,40.4,61.8,524.4,53.8,615,147.6,146,1050.7,361856,1964,12.73,88.8,1510,2.6,1.15,29.7,40.9,60,24.55,12181975,72420,78.44,3411.28,0,1200,400,720,240,4200,7500,8500,102,1.5,6000,0,0,0,0,0,79.1,30,76.23,66.98,55.2,0,0
2026-08-12T11:23:16.130000+09:00,2026-08-12T02:23:16.130000+00:00,094623,2407.9,1,0,0,0,0,13375,496,13375,0,0,0,0,4651,-28608,10326,518,4480,0,129,0,1,0,0,0,0,0,0,0,31082107,2018,0.45,1018.4,3426.31,0,55.5,96.9,67.9,40.3,62,525.3,55,614.9,149.8,148.1,1048.3,361856,1964,12.48,88.9,1500,2.57,1.15,30,39.9,60,23.89,12181979,72420,74.6,3411.28,0,1200,400,720,240,4200,7500,8500,102,1.5,6000,0,0,0,0,0,78.03,30,68.85,65.28,55.2,0,0
2026-08-12T11:24:16.206000+09:00,2026-08-12T02:24:16.206000+00:00,094623,2345.7,1,0,0,0,0,13375,499,13375,0,0,0,0,4655,-28608,10326,590,4480,8720,129,0,1,0,0,0,0,0,0,0,31082107,2018,0.5,935.39,3281.04,0,55.6,97.7,67.7,40.3,62.1,528.6,54.4,617,149.4,147.7,1035.3,361856,1964,12.56,89.7,1510,2.59,1.15,29.7,40.8,60,24.07,12181983,72420,72.47,3411.29,0,1200,400,720,240,4200,7500,8500,102,1.5,6000,0,0,0,0,0,77.15,30,70.11,66.74,55.3,0,0
2026-08-12T11:25:16.319000+09:00,2026-08-12T02:25:16.319000+00:00,094623,2415.2,1,0,0,0,0,13375,495,13375,0,0,0,0,4651,-28608,10326,6,4480,0,129,0,1,0,0,0,0,0,0,0,31082107,2018,0.54,956.14,3371.38,0,55.8,98.6,67.7,40.3,62.3,528.2,52.9,617.1,150.5,148.7,1034.4,361856,1964,12.67,90.5,1490,2.55,1.16,30,40.7,60,24.48,12181987,72420,72.27,3411.29,0,1200,400,720,240,4200,7500,8500,102,1.5,6000,0,0,0,0,0,76.56,30,72.98,69.01,55.3,0,0
2026-08-12T11:26:16.404000+09:00,2026-08-12T02:26:16.404000+00:00,094623,2570.3,1,0,0,0,0,13375,495,13375,0,0,0,0,4651,-28608,10390,6,20864,0,129,0,1,0,0,0,0,0,0,0,31082107,2018,0.54,1087.98,3658.25,0,55.9,99,67.7,40.3,62.5,526.7,53.1,614.3,151.3,149.4,1072.8,361856,1964,12.76,90.6,1490,2.55,1.16,30.4,39.2,60,24.49,12181991,72420,75.41,3411.29,0,1200,400,720,240,4200,7500,8500,102,1.5,6000,0,0,0,0,0,76.01,30,75.6,70.19,55.3,0,0
2026-08-12T11:27:16.491000+09:00,2026-08-12T02:27:16.491000+00:00,094623,1373.6,1,0,0,0,0,13375,503,13375,0,0,0,0,4651,-28608,10326,6,4992,0,129,0,1,0,0,0,0,0,0,0,31082107,2018,0.44,539.87,1913.51,0,56,96.9,68.3,40.4,62.5,525.2,53.9,608,143.2,141.1,1042,361856,1964,12.22,90.3,1500,2.68,1.05,21.7,34.1,60,11.78,12181994,72420,71.74,3411.29,0,1200,400,720,240,4200,7500,8500,102,1.5,6000,0,0,0,0,0,69.77,30,61.64,62.05,55.3,0,0
2026-08-12T11:28:16.592000+09:00,2026-08-12T02:28:16.592000+00:00,094623,1355.3,1,0,0,0,0,13375,512,13375,0,0,0,0,4651,-28608,10390,6,21376,0,129,0,1,0,0,0,0,0,0,0,31082107,2018,0.48,543.53,1898.86,0,55.7,97.4,68.5,40.4,61.9,522.4,54.3,605.5,137.5,135.5,1036.8,361857,1965,12.75,90.8,1520,2.74,1.04,21.6,33.8,60,14.28,12181996,72420,63.82,3411.29,0,1200,400,720,240,4200,7500,8500,102,1.5,6000,0,0,0,0,0,71.19,30,61.55,64.95,55.3,0,0
2026-08-12T11:29:16.701000+09:00,2026-08-12T02:29:16.701000+00:00,094623,2418.9,1,0,0,0,0,13375,497,13375,0,0,0,0,4651,-28608,18518,6,4480,528,129,0,1,0,0,0,0,0,0,0,31082107,2018,0.54,1113.62,3532.52,0,55.6,98.9,68.1,40.5,61.6,517.6,54.3,610.1,144.5,142.9,1064.5,361857,1965,12.68,89.7,1500,2.58,1.15,30.2,39.3,60,24.04,12181999,72420,71.12,3411.29,0,1200,400,720,240,4200,7500,8500,102,1.5,6000,0,0,0,0,0,78.27,30,73.94,70.2,55.3,0,0
2026-08-12T11:30:16.789000+09:00,2026-08-12T02:30:16.789000+00:00,094623,2278.5,1,0,0,0,0,13375,498,13375,0,0,0,0,4651,-28608,10342,6,12676,0,129,0,1,0,0,0,0,0,0,0,31082107,2018,0.48,874.35,3152.87,0,55.7,98.2,68.1,40.5,62,526.6,54.1,613.4,148.3,146.6,1039.5,361857,1965,12.76,89,1500,2.58,1.15,29.4,40.9,60,24.45,12182003,72420,75.07,3411.29,0,1200,400,720,240,4200,7500,8500,102,1.5,6000,0,0,0,0,0,78.54,30,73.45,66.84,55.3,0,0
2026-08-12T11:31:16.893000+09:00,2026-08-12T02:31:16.893000+00:00,094623,2414.0,1,0,0,0,0,13375,495,13375,0,0,0,0,4651,-28608,10326,6,4480,0,129,0,1,0,0,0,0,0,0,0,31082107,2018,0.49,957.37,3371.38,0,55.8,97,68,40.5,62.1,526.8,53.4,612.3,148.4,146.6,1069.5,361857,1965,12.79,89.5,1500,2.57,1.16,30.3,41.1,60,24.41,12182007,72420,72.77,3411.29,0,1200,400,720,240,4200,7500,8500,102,1.5,6000,0,0,0,0,0,78.28,30,68.73,66.91,55.4,0,0
2026-08-12T11:32:16.980000+09:00,2026-08-12T02:32:16.980000+00:00,094623,1880.2,1,0,0,0,0,13375,501,13375,0,0,0,0,4651,-28608,8278,518,4992,8,129,0,1,0,0,0,0,0,0,0,31082107,2018,0.48,703.45,2583.7,0,55.9,98.4,67.9,40.4,62.4,528.3,55.3,617.3,148.2,146.5,1063.8,361857,1965,12.82,89.9,1510,2.64,1.11,24.7,35.6,60,14.64,12182011,72420,73.8,3411.3,0,1200,400,720,240,4200,7500,8500,102,1.5,6000,0,0,0,0,0,71.9,30,66.57,61.54,55.4,0,0
2026-08-12T11:33:17.080000+09:00,2026-08-12T02:33:17.080000+00:00,094623,1829.0,1,0,0,0,0,13375,438,13375,0,0,0,0,4651,-28608,10326,6,4992,0,129,0,1,0,0,0,0,0,0,0,31082107,2018,0.53,709.55,2538.53,0,55.8,96.9,68,40.5,62.1,524.8,54.7,605.7,138.8,136.9,1079.5,361857,1965,12.7,90.1,1360,2.32,1.52,27.4,38.8,60,11.31,12182013,72420,60.63,3411.3,0,1200,400,720,240,4200,7500,8500,102,1.5,6000,0,0,0,0,0,69.11,30,58.63,58.65,55.4,0,0
2026-08-12T11:34:17.165000+09:00,2026-08-12T02:34:17.165000+00:00,094623,1810.7,1,0,0,0,0,13375,494,13375,0,0,0,0,4651,-28608,18518,6,4480,528,129,0,1,0,0,0,0,0,0,0,31082107,2018,0.48,730.31,2540.97,0,55.6,98.3,67.9,40.5,61.6,519.8,54,602.9,136.3,134.5,1081,361858,1966,12.62,92.8,1490,2.57,1.19,27.1,41,60,17.31,12182015,72420,62.34,3411.3,0,1200,400,720,240,4200,7500,8500,102,1.5,6000,0,0,0,0,0,73.95,30,67.08,74.72,55.4,0,0
2026-08-12T11:35:17.279000+09:00,2026-08-12T02:35:17.279000+00:00,094623,2388.4,1,0,0,0,0,13375,497,13375,0,0,0,0,4651,-28608,10326,6,4480,0,129,0,1,0,0,0,0,0,0,0,31082107,2018,0.48,1062.35,3450.73,0,55.8,99.9,68.1,40.6,61.7,520.9,54,612.5,145.7,144.1,1076.9,361858,1966,12.8,88.7,1500,2.59,1.15,30.1,39.9,60,24.52,12182019,72420,75.1,3411.3,0,1200,400,720,240,4200,7500,8500,102,1.5,6000,0,0,0,0,0,78.39,30,77.57,67.1,55.4,0,0
2026-08-12T11:36:17.356000+09:00,2026-08-12T02:36:17.356000+00:00,094623,2456.7,1,0,0,0,0,13375,497,13375,0,0,0,0,4655,-26560,10326,590,4480,8192,129,0,1,0,0,0,0,0,0,0,31082107,2018,0.44,1135.59,3592.33,0,55.9,97.1,68,40.5,62.1,524.4,54.9,614.4,148.5,147,1062,361858,1966,12.73,88.8,1500,2.57,1.16,30.3,39.6,60,24.62,12182023,72420,73.36,3411.3,0,1200,400,720,240,4200,7500,8500,102,1.5,6000,0,0,0,0,0,78.22,30,69.88,65.5,55.4,0,0
2026-08-12T11:37:17.465000+09:00,2026-08-12T02:37:17.465000+00:00,094623,1634.9,1,0,0,0,0,13375,499,13375,0,0,0,0,4651,-28608,12374,6,5024,72,129,0,1,0,0,0,0,0,0,0,31082107,2018,0.46,577.71,2212.59,0,56,98.1,67.9,40.4,62.3,527.6,58.1,614.3,145.9,144.4,1045.5,361858,1966,12.76,89.7,1500,2.64,1.12,23.4,36.4,60,12.97,12182026,72420,71.57,3411.3,0,1200,400,720,240,4200,7500,8500,102,1.5,6000,0,0,0,0,0,70.56,30,64.63,59.69,55.4,0,0
2026-08-12T11:38:17.561000+09:00,2026-08-12T02:38:17.561000+00:00,094623,1327.2,1,0,0,0,0,13375,491,13375,0,0,0,0,4651,-28608,10326,518,4992,0,129,0,1,0,0,0,0,0,0,0,31082107,2018,0.48,539.87,1867.12,0,55.7,96.9,68.1,40.5,61.9,525.6,56.9,603.7,136.7,134.7,1028.5,361858,1966,12.65,91.8,1480,2.59,1.1,22.4,36.8,60,10.56,12182028,72420,62,3411.3,0,1200,400,720,240,4200,7500,8500,102,1.5,6000,0,0,0,0,0,70.27,30,59.56,65.99,55.4,0,0
2026-08-12T11:39:17.653000+09:00,2026-08-12T02:39:17.653000+00:00,094623,2057.6,1,0,0,0,0,13375,494,13375,0,0,0,0,4651,-28608,18518,6,4480,528,129,0,1,0,0,0,0,0,0,0,31082107,2018,0.51,889,2946.56,0,55.6,98.6,68,40.6,61.4,518.2,55,603.4,136,134.3,1043.2,361858,1966,12.48,90.7,1490,2.58,1.2,29.2,42,60,21.21,12182031,72420,64.83,3411.3,0,1200,400,720,240,4200,7500,8500,102,1.5,6000,0,0,0,0,0,76.47,30,70.43,70.89,55.5,0,0
2026-08-12T11:40:17.809000+09:00,2026-08-12T02:40:17.809000+00:00,094623,2428.7,1,0,0,0,0,13375,495,13375,0,0,0,0,4651,-28608,10326,6,4480,0,129,0,1,0,0,0,0,0,0,0,31082107,2018,0.5,1092.87,3521.53,0,55.6,99.4,67.9,40.6,61.7,520.8,54.4,615.2,147.2,145.8,1049.8,361859,1967,12.5,89.5,1490,2.58,1.14,29.9,38.9,60,24.55,12182035,72420,75.62,3411.3,0,1200,400,720,240,4200,7500,8500,102,1.5,6000,0,0,0,0,0,77.66,30,76.11,69,55.5,0,0
2026-08-12T11:41:17.901000+09:00,2026-08-12T02:41:17.901000+00:00,094623,2353.0,1,0,0,0,0,13375,497,13375,0,0,0,0,4651,-28608,10326,6,4480,0,129,0,1,0,0,0,0,0,0,0,31082107,2018,0.48,985.44,3338.42,0,55.7,97.6,68,40.6,62,526.2,54,618.2,148.4,146.6,1058.1,361859,1967,12.77,89.1,1500,2.6,1.16,29.9,40.6,60,24.49,12182039,72420,74.77,3411.31,0,1200,400,720,240,4200,7500,8500,102,1.5,6000,0,0,0,0,0,77.97,30,71.45,66.84,55.5,0,0
2026-08-12T11:42:17.981000+09:00,2026-08-12T02:42:17.981000+00:00,094623,1802.1,1,0,0,0,0,13375,501,13375,0,0,0,0,4651,-28608,12374,518,5024,72,129,0,1,0,0,0,0,0,0,0,31082107,2018,0.46,632.65,2434.77,0,55.8,97.6,68,40.6,62.2,529.5,55.7,613.1,149.5,147.8,1048.2,361859,1967,12.67,89.4,1510,2.65,1.1,24.6,36.8,60,15.04,12182043,72420,73.98,3411.31,0,1200,400,720,240,4200,7500,8500,102,1.5,6000,0,0,0,0,0,72.44,30,65.01,61.1,55.5,0,0
2026-08-12T11:43:18.057000+09:00,2026-08-12T02:43:18.057000+00:00,094623,1359.0,1,0,0,0,0,13375,497,13375,0,0,0,0,4655,-26560,10326,6,4992,1,129,0,1,0,0,0,0,0,0,0,31082107,2018,0.5,505.69,1864.68,0,55.6,97.1,67.9,40.6,61.8,527.9,56.5,600.8,137.6,135.8,1031,361859,1967,12.77,90.1,1490,2.62,1.14,22.7,37.9,60,11.02,12182045,72420,63.52,3411.31,0,1200,400,720,240,4200,7500,8500,102,1.5,6000,0,0,0,0,0,69.54,30,60.56,60.51,55.6,0,0
2026-08-12T11:44:18.156000+09:00,2026-08-12T02:44:18.156000+00:00,094623,1794.8,1,0,0,0,0,13375,494,13375,0,0,0,0,4655,-28608,18518,6,4480,528,129,0,1,0,0,0,0,0,0,0,31082107,2018,0.48,731.53,2526.32,0,55.5,97.8,67.8,40.7,61.3,519.5,56.7,598.1,135.8,134.1,1035.1,361859,1967,12.62,92.1,1490,2.58,1.19,27,40.3,60,16.61,12182047,72420,59.81,3411.31,0,1200,400,720,240,4200,7500,8500,102,1.5,6000,0,0,0,0,0,72.49,30,64.75,72.03,55.6,0,0
2026-08-12T11:45:18.242000+09:00,2026-08-12T02:45:18.242000+00:00,094623,2344.4,1,0,0,0,0,13375,496,13375,0,0,0,0,4655,-28608,10390,6,20864,0,129,0,1,0,0,0,0,0,0,0,31082107,2018,0.5,1015.96,3360.39,0,55.6,99.8,67.9,40.7,61.5,521.9,54.6,610,146.1,144.7,1053.8,361859,1967,12.58,88.9,1500,2.58,1.14,29.9,39.9,60,24.43,12182050,72420,74.7,3411.31,0,1200,400,720,240,4200,7500,8500,102,1.5,6000,0,0,0,0,0,77.01,30,76.61,67.62,55.6,0,0
2026-08-12T11:46:18.371000+09:00,2026-08-12T02:46:18.371000+00:00,094623,2255.3,1,0,0,0,0,13375,496,13375,0,0,0,0,4655,-28608,10326,6,4480,0,129,0,1,0,0,0,0,0,0,0,31082107,2018,0.43,876.8,3132.11,0,55.7,97,68,40.7,61.9,527.6,54.4,613.9,147.8,146.4,1034.2,361860,1968,12.73,88.9,1500,2.58,1.15,29.6,41.7,60,24.46,12182055,72420,72.55,3411.31,0,1200,400,720,240,4200,7500,8500,102,1.5,6000,0,0,0,0,0,77.3,30,68.96,65.78,55.6,0,0
2026-08-12T11:47:18.457000+09:00,2026-08-12T02:47:18.457000+00:00,094623,2503.1,1,0,0,0,0,13375,496,13375,0,0,0,0,4655,-28608,12438,6,20896,72,129,0,1,0,0,0,0,0,0,0,31082107,2018,0.53,1053.8,3556.93,0,55.8,98.3,67.9,40.7,62,525.4,54.1,612.9,149.5,148,1070.5,361860,1968,12.81,89.2,1500,2.57,1.16,30.2,39.5,60,24.04,12182059,72420,70.62,3411.31,0,1200,400,720,240,4200,7500,8500,102,1.5,6000,0,0,0,0,0,76.96,30,71.89,65.32,55.6,0,0
2026-08-12T11:48:18.554000+09:00,2026-08-12T02:48:18.554000+00:00,094623,1520.1,1,0,0,0,0,13375,516,13375,0,0,0,0,4651,-28608,10326,6,4992,0,129,0,1,0,0,0,0,0,0,0,31082107,2018,0.47,603.35,2123.48,0,55.9,98.3,68.1,40.7,62.2,523.9,55.2,609,145,143.2,1054.2,361860,1968,12.92,90.3,1550,2.74,1.01,21.8,32.8,60,15.22,12182062,72420,69.03,3411.31,0,1200,400,720,240,4200,7500,8500,102,1.5,6000,0,0,0,0,0,69.89,30,65.67,60.3,55.6,0,0
2026-08-12T11:49:18.649000+09:00,2026-08-12T02:49:18.649000+00:00,094623,1515.2,1,0,0,0,0,13375,518,13375,0,0,0,0,4651,-28608,18534,6,13188,528,129,0,1,0,0,0,0,0,0,0,31082107,2018,0.5,652.18,2167.42,0,55.7,97.2,68.2,40.8,61.7,521.2,62.8,605,137.9,136.1,1046.2,361860,1968,12.87,91.2,1560,2.75,1.04,22.6,33.7,60,15.69,12182064,72420,62.65,3411.31,0,1200,400,720,240,4200,7500,8500,102,1.5,6000,0,0,0,0,0,70.85,30,61.26,64.87,55.6,0,0
2026-08-12T11:50:18.743000+09:00,2026-08-12T02:50:18.743000+00:00,094623,2219.9,1,0,0,0,0,13375,496,13375,0,0,0,0,4651,-28608,10326,6,4480,0,129,0,1,0,0,0,0,0,0,0,31082107,2018,0.52,940.27,3160.19,0,55.4,98.2,68.1,40.9,61.3,517.8,58.9,607.5,140.1,138.6,1035.1,361860,1968,12.44,91.1,1490,2.58,1.17,29.9,41.4,60,23.53,12182066,72420,70.69,3411.32,0,1200,400,720,240,4200,7500,8500,102,1.5,6000,0,0,0,0,0,77.29,30,71.25,73.54,55.7,0,0
2026-08-12T11:51:18.844000+09:00,2026-08-12T02:51:18.844000+00:00,094623,2503.1,1,0,0,0,0,13375,496,13375,0,0,0,0,4651,-28608,10326,6,4480,0,129,0,1,0,0,0,0,0,0,0,31082107,2018,0.47,1108.74,3611.87,0,55.6,99.1,68.1,40.8,61.6,522.6,56.2,612,148.3,147,1062.7,361860,1968,12.88,88.8,1500,2.58,1.16,30.5,39.6,60,24.45,12182070,72420,76.31,3411.32,0,1200,400,720,240,4200,7500,8500,102,1.5,6000,0,0,0,0,0,77.93,30,76.22,66.54,55.7,0,0
2026-08-12T11:52:18.946000+09:00,2026-08-12T02:52:18.946000+00:00,094623,1750.8,1,0,0,0,0,13375,500,13375,0,0,0,0,4651,-28608,12374,6,5024,72,129,0,1,0,0,0,0,0,0,0,31082107,2018,0.42,618,2368.85,0,55.7,97.2,68,40.8,62,524.3,56.6,614.6,148,146.6,1070,361861,1969,12.4,89.2,1510,2.66,1.12,23.8,35.4,60,12.59,12182074,72420,71.23,3411.32,0,1200,400,720,240,4200,7500,8500,102,1.5,6000,0,0,0,0,0,70.55,30,63.04,58.56,55.7,0,0
2026-08-12T11:53:19.056000+09:00,2026-08-12T02:53:19.056000+00:00,094623,1378.5,1,0,0,0,0,13375,493,13375,0,0,0,0,4655,-28608,10326,6,4992,0,129,0,1,0,0,0,0,0,0,0,31082107,2018,0.47,543.53,1922.06,0,55.5,97.1,67.9,40.9,61.7,524,60,606.6,138.6,136.9,1052.3,361861,1969,12.35,91.6,1490,2.61,1.11,22.6,36.7,60,11.2,12182076,72420,61.11,3411.32,0,1200,400,720,240,4200,7500,8500,102,1.5,6000,0,0,0,0,0,69.32,30,60.82,65.76,55.7,0,0
2026-08-12T11:54:19.146000+09:00,2026-08-12T02:54:19.146000+00:00,094623,2151.6,1,0,0,0,0,13375,495,13375,0,0,0,0,4651,-28608,18518,6,4480,16,129,0,1,0,0,0,0,0,0,0,31082107,2018,0.52,952.48,3104.04,0,55.6,98.1,68.1,41,61.3,515.5,59.4,606.2,138.6,137,1067.5,361861,1969,12.65,90.5,1490,2.58,1.2,29.7,41.7,60,21.17,12182078,72420,64.75,3411.32,0,1200,400,720,240,4200,7500,8500,102,1.5,6000,0,0,0,0,0,76.41,30,69.35,70.59,55.7,0,0
2026-08-12T11:55:19.236000+09:00,2026-08-12T02:55:19.236000+00:00,094623,1982.8,1,0,0,0,0,13375,501,13375,0,0,0,0,4651,-28608,10326,6,4992,0,129,0,1,0,0,0,0,0,0,0,31082107,2018,0.48,766.93,2749.72,0,55.7,99.1,67.9,40.9,61.7,522.2,58.2,615,149.2,147.9,1041.9,361861,1969,12.09,89.3,1510,2.64,1.09,25.9,36.2,60,17.89,12182082,72420,74.66,3411.32,0,1200,400,720,240,4200,7500,8500,102,1.5,6000,0,0,0,0,0,72.94,30,71.05,63.58,55.7,0,0
2026-08-12T11:56:19.334000+09:00,2026-08-12T02:56:19.334000+00:00,094623,1313.8,1,0,0,0,0,13375,493,13375,0,0,0,0,4651,-28608,10326,590,4992,8192,129,0,1,0,0,0,0,0,0,0,31082107,2018,0.47,481.28,1795.1,0,55.7,96.7,68,40.9,61.7,525,60.3,606.9,137.7,135.7,1024.8,361861,1969,12.05,90.7,1490,2.62,1.11,22.5,38,60,10.63,12182084,72420,61.08,3411.32,0,1200,400,720,240,4200,7500,8500,102,1.5,6000,0,0,0,0,0,69.65,30,59.66,63.67,55.7,0,0
2026-08-12T11:57:19.413000+09:00,2026-08-12T02:57:19.413000+00:00,094623,1579.9,1,0,0,0,0,13375,494,13375,0,0,0,0,4651,-28608,12374,6,4512,8,129,0,1,0,0,0,0,0,0,0,31082107,2018,0.44,648.52,2228.46,0,55.5,98.7,67.8,41,61.2,521.1,57.9,602,133.9,132.2,1034.9,361861,1969,12.41,90.6,1490,2.6,1.19,25.8,41.1,60,14.53,12182086,72420,63.17,3411.32,0,1200,400,720,240,4200,7500,8500,102,1.5,6000,0,0,0,0,0,71.67,30,67.62,67.47,55.8,0,0
2026-08-12T11:58:19.536000+09:00,2026-08-12T02:58:19.536000+00:00,094623,2313.9,1,0,0,0,0,13375,496,13375,0,0,0,0,4651,-28608,10326,6,4480,0,129,0,1,0,0,0,0,0,0,0,31082107,2018,0.52,915.86,3229.77,0,55.7,99,67.7,41,61.2,520.5,54.8,616.3,144.5,143.2,1083.7,361862,1970,12.42,89,1500,2.58,1.15,29.9,40.5,60,24.57,12182090,72420,73.97,3411.33,0,1200,400,720,240,4200,7500,8500,102,1.5,6000,0,0,0,0,0,76.27,30,74.52,68.09,55.8,0,0
2026-08-12T11:59:19.634000+09:00,2026-08-12T02:59:19.634000+00:00,094623,2409.1,1,0,0,0,0,13375,496,13375,0,0,0,0,4655,-26560,10326,6,4480,0,129,0,1,0,0,0,0,0,0,0,31082107,2018,0.47,1166.11,3575.24,0,55.8,97.8,68.1,41,61.8,522.2,61.6,614.9,149.7,148.4,1100.2,361862,1970,12.77,88.8,1500,2.59,1.16,30.3,39.5,60,23.73,12182094,72420,74.07,3411.33,0,1200,400,720,240,4200,7500,8500,102,1.5,6000,0,0,0,0,0,77.37,30,72.03,65.52,55.8,0,0
2026-08-12T12:00:19.726000+09:00,2026-08-12T03:00:19.726000+00:00,094623,2393.3,1,0,0,0,0,13375,496,13375,0,0,0,0,4651,-28608,10326,6,4480,0,129,0,1,0,0,0,0,0,0,0,31082107,2018,0.49,981.78,3375.04,0,55.9,97.1,68.2,41,62.1,526,57.4,616.1,150.6,149.1,1063.9,361862,1970,12.74,89.6,1500,2.58,1.15,30,40.4,60,24.5,12182098,72420,70.65,3411.33,0,1200,400,720,240,4200,7500,8500,102,1.5,6000,0,0,0,0,0,77.86,30,68.84,66.62,55.8,0,0
2026-08-12T12:01:19.830000+09:00,2026-08-12T03:01:19.830000+00:00,094623,2178.4,1,0,0,0,0,13375,501,13375,0,0,0,0,4651,-28608,10326,6,4992,0,129,0,1,0,0,0,0,0,0,0,31082107,2018,0.53,849.94,3028.35,0,56.1,98.3,68.2,41,62.4,526.7,58.1,614.9,153,151.4,1076.2,361862,1970,12.69,90.6,1510,2.62,1.1,26.9,36.9,60,20.34,12182102,72420,71.59,3411.33,0,1200,400,720,240,4200,7500,8500,102,1.5,6000,0,0,0,0,0,75.3,30,69.14,66.75,55.8,0,0
2026-08-12T12:02:19.929000+09:00,2026-08-12T03:02:19.929000+00:00,094623,1494.5,1,0,0,0,0,13375,520,13375,0,0,0,0,4655,-28608,12374,6,5024,8,129,0,1,0,0,0,0,0,0,0,31082107,2018,0.49,649.74,2144.23,0,56,97.3,68.3,41.2,62.2,524.1,61.7,605.9,140.1,138.1,1019.9,361862,1970,12.76,90.5,1560,2.77,1.06,23,35.3,60,16.15,12182104,72420,68.24,3411.33,0,1200,400,720,240,4200,7500,8500,102,1.5,6000,0,0,0,0,0,72.54,30,62.86,64.15,55.8,0,0
2026-08-12T12:03:20.013000+09:00,2026-08-12T03:03:20.013000+00:00,094623,1537.2,1,0,0,0,0,13375,492,13375,0,0,0,0,4655,-28608,10326,518,4480,0,129,0,1,0,0,0,0,0,0,0,31082107,2018,0.52,587.48,2124.7,0,55.8,98,68,41.2,61.6,523.3,66,603.3,136.7,134.9,1029,361862,1970,12.56,91.2,1480,2.59,1.17,24.5,39.2,60,11.74,12182106,72420,61.59,3411.33,0,1200,400,720,240,4200,7500,8500,102,1.5,6000,0,0,0,0,0,71.38,30,63.47,66.77,55.8,0,0
2026-08-12T12:04:20.101000+09:00,2026-08-12T03:04:20.101000+00:00,094623,2356.6,1,0,0,0,0,13375,495,13375,0,0,0,0,4655,-28608,10390,518,20864,0,129,0,1,0,0,0,0,0,0,0,31082107,2018,0.54,969.57,3326.21,0,55.8,99.4,67.9,41.2,61.6,521.7,61.2,615.9,145,143.3,1065.7,361863,1971,12.85,89.8,1490,2.57,1.14,29.8,39.8,60,23.6,12182110,72420,72.97,3411.33,0,1200,400,720,240,4200,7500,8500,102,1.5,6000,0,0,0,0,0,77.68,30,75.4,70.29,55.9,0,0
2026-08-12T12:05:20.203000+09:00,2026-08-12T03:05:20.203000+00:00,094623,2495.8,1,0,0,0,0,13375,499,13375,0,0,0,0,4651,-28608,10326,518,4480,0,129,0,1,0,0,0,0,0,0,0,31082107,2018,0.49,1064.79,3560.59,0,55.9,98.2,68.1,41.2,62,522.8,59.8,619,150.6,149,1072.6,361863,1971,12.81,89.1,1500,2.6,1.15,30.3,39.5,60,23.54,12182114,72420,74.9,3411.33,0,1200,400,720,240,4200,7500,8500,102,1.5,6000,0,0,0,0,0,78.36,30,73.37,67.25,55.9,0,0
2026-08-12T12:06:20.308000+09:00,2026-08-12T03:06:20.308000+00:00,094623,2566.6,1,0,0,0,0,13375,500,13375,0,0,0,0,4651,-28608,10342,6,13188,0,129,0,1,0,0,0,0,0,0,0,31082107,2018,0.48,1045.26,3611.87,0,55.8,97.2,68.1,41.2,62.3,523.9,57,618.7,153.3,151.6,1059.6,361863,1971,12.69,89.4,1510,2.6,1.14,29.9,38.7,60,24.36,12182118,72420,73.26,3411.33,0,1200,400,720,240,4200,7500,8500,102,1.5,6000,0,0,0,0,0,78.1,30,69.33,66.35,55.9,0,0
2026-08-12T12:07:20.421000+09:00,2026-08-12T03:07:20.421000+00:00,094623,1385.8,1,0,0,0,0,13375,491,13375,0,0,0,0,4651,-28608,18518,6,4992,528,129,0,1,0,0,0,0,0,0,0,31082107,2018,0.49,618,2003.84,0,55.8,97.8,68.1,41.2,62.2,525.3,55.2,608.8,143.2,141.2,1061.2,361863,1971,12.79,90.4,1480,2.61,1.11,22.8,36,60,11.01,12182121,72420,63.81,3411.34,0,1200,400,720,240,4200,7500,8500,102,1.5,6000,0,0,0,0,0,70.51,30,62.85,60.95,55.9,0,0
2026-08-12T12:08:20.500000+09:00,2026-08-12T03:08:20.500000+00:00,094623,1337.0,1,0,0,0,0,13375,491,13375,0,0,0,0,4655,-28608,10326,6,4992,0,129,0,1,0,0,0,0,0,0,0,31082107,2018,0.52,622.88,1959.9,0,55.6,97.1,67.9,41.3,61.8,523,57,603.7,138.5,136.5,1079.2,361863,1971,12.52,91.7,1470,2.6,1.1,22.6,35.3,60,11.48,12182122,72420,63.89,3411.34,0,1200,400,720,240,4200,7500,8500,102,1.5,6000,0,0,0,0,0,69.98,30,59.65,66.17,55.9,0,0
2026-08-12T12:09:20.593000+09:00,2026-08-12T03:09:20.593000+00:00,094623,2276.1,1,0,0,0,0,13375,496,13375,0,0,0,0,4651,-28608,10326,590,4480,8192,129,0,1,0,0,0,0,0,0,0,31082107,2018,0.53,948.82,3224.89,0,55.4,99.5,67.8,41.3,61.6,520.2,58.7,611.5,145,143.4,1063.4,361863,1971,12.86,89.7,1500,2.59,1.15,29.8,40.5,60,23.69,12182126,72420,72.88,3411.34,0,1200,400,720,240,4200,7500,8500,102,1.5,6000,0,0,0,0,0,77.36,30,74.97,69.91,55.9,0,0
2026-08-12T12:10:20.695000+09:00,2026-08-12T03:10:20.695000+00:00,094623,2169.9,1,0,0,0,0,13375,497,13375,0,0,0,0,4651,-28608,10326,6,4480,0,129,0,1,0,0,0,0,0,0,0,31082107,2018,0.47,857.26,3027.13,0,55.6,97.8,68,41.3,61.9,528.2,56.5,612.9,148.1,146.5,1063.4,361864,1972,12.73,88.8,1500,2.59,1.15,29.5,42.3,60,24.51,12182130,72420,74.1,3411.34,0,1200,400,720,240,4200,7500,8500,102,1.5,6000,0,0,0,0,0,77.97,30,71.82,65.95,55.9,0,0
2026-08-12T12:11:20.798000+09:00,2026-08-12T03:11:20.798000+00:00,094623,2237.0,1,0,0,0,0,13375,496,13375,0,0,0,0,4651,-28608,10326,6,4480,0,129,0,1,0,0,0,0,0,0,0,31082107,2018,0.49,889,3126.01,0,55.7,97.5,67.8,41.3,62,528.4,57.8,611.3,149.2,147.6,1040.2,361864,1972,12.75,89.3,1500,2.58,1.14,29.4,41.3,60,24.56,12182134,72420,72.6,3411.34,0,1200,400,720,240,4200,7500,8500,102,1.5,6000,0,0,0,0,0,77.21,30,69.73,66.18,56,0,0
2026-08-12T12:12:20.889000+09:00,2026-08-12T03:12:20.889000+00:00,094623,2306.6,1,0,0,0,0,13375,495,13375,0,0,0,0,4651,-28608,18518,518,4480,528,129,0,1,0,0,0,0,0,0,0,31082107,2018,0.54,975.68,3282.27,0,55.8,98.5,67.7,41.3,62.1,529.7,70.6,610.7,150,148.5,1029.7,361864,1972,12.88,89.6,1490,2.56,1.16,29.7,41,60,23.7,12182138,72420,72.5,3411.34,0,1200,400,720,240,4200,7500,8500,102,1.5,6000,0,0,0,0,0,76.36,30,72.71,66.26,56,0,0
2026-08-12T12:13:20.996000+09:00,2026-08-12T03:13:20.996000+00:00,094623,2532.4,1,0,0,0,0,13375,495,13375,0,0,0,0,4655,-26560,10326,6,4481,0,129,0,1,0,0,0,0,0,0,0,31082107,2018,0.55,1007.42,3539.84,0,55.8,99,67.8,41.3,62.3,526.4,63,617.4,152.2,150.4,1040.7,361864,1972,12.81,89.9,1490,2.56,1.15,30.3,39.8,60,24.54,12182142,72420,72.94,3411.34,0,1200,400,720,240,4200,7500,8500,102,1.5,6000,0,0,0,0,0,76.29,30,75.56,66.9,56,0,0
2026-08-12T12:14:21.096000+09:00,2026-08-12T03:14:21.096000+00:00,094623,1843.6,1,0,0,0,0,13375,441,13375,0,0,0,0,4651,-28608,10326,6,4992,0,129,0,1,0,0,0,0,0,0,0,31082107,2018,0.47,765.71,2609.33,0,55.9,97.1,68.2,41.3,62.4,528.3,62.5,608.9,145.6,143.7,1024.6,361864,1972,12.42,90.9,1360,2.33,1.49,27.4,38.3,60,10.79,12182145,72420,67.04,3411.34,0,1200,400,720,240,4200,7500,8500,102,1.5,6000,0,0,0,0,0,68.39,30,61.41,61.2,56,0,0
2026-08-12T12:15:21.182000+09:00,2026-08-12T03:15:21.182000+00:00,094623,1533.5,1,0,0,0,0,13375,474,13375,0,0,0,0,4651,-28608,12374,6,4992,8,129,0,1,0,0,0,0,0,0,0,31082107,2018,0.53,583.82,2117.37,0,55.6,97.3,68.4,41.3,62,525.1,61.1,603.6,139.5,137.5,1022.6,361864,1972,12.61,91,1340,2.52,1.89,26,40,60,11.34,12182147,72420,63.72,3411.35,0,1200,400,720,240,4200,7500,8500,102,1.5,6000,0,0,0,0,0,70.1,30,60.92,63.44,56,0,0
2026-08-12T12:16:21.260000+09:00,2026-08-12T03:16:21.260000+00:00,094623,2223.6,1,0,0,0,0,13375,495,13375,0,0,0,0,4651,-28608,10326,6,4480,0,129,0,1,0,0,0,0,0,0,0,31082107,2018,0.54,1023.29,3246.86,0,55.2,98.6,68.2,41.3,61.5,521.3,58.8,609.4,143.2,141.5,1055,361865,1973,12.48,90.5,1500,2.57,1.17,30,41.2,60,24.11,12182150,72420,69.35,3411.35,0,1200,400,720,240,4200,7500,8500,102,1.5,6000,0,0,0,0,0,78.3,30,72.88,72.12,56,0,0
2026-08-12T12:17:21.388000+09:00,2026-08-12T03:17:21.388000+00:00,094623,2440.9,1,0,0,0,0,13375,496,13375,0,0,0,0,4651,-28608,18518,6,4480,528,129,0,1,0,0,0,0,0,0,0,31082107,2018,0.49,1008.64,3449.51,0,55.4,98.6,68,41.3,61.8,523.6,57.9,614.1,150.1,148.4,1050,361865,1973,12.57,89,1500,2.57,1.14,30.3,39.9,60,24.45,12182154,72420,75.79,3411.35,0,1200,400,720,240,4200,7500,8500,102,1.5,6000,0,0,0,0,0,77.86,30,74.83,66.72,56,0,0
2026-08-12T12:18:21.470000+09:00,2026-08-12T03:18:21.470000+00:00,094623,2348.1,1,0,0,0,0,13375,497,13375,0,0,0,0,4651,-28608,10326,518,4480,0,129,0,1,0,0,0,0,0,0,0,31082107,2018,0.48,943.94,3292.03,0,55.4,97,67.8,41.3,62.1,527.3,56.9,615.7,151.9,150,1038.5,361865,1973,12.59,89.6,1500,2.59,1.15,29.9,41.1,60,23.8,12182158,72420,72.88,3411.35,0,1200,400,720,240,4200,7500,8500,102,1.5,6000,0,0,0,0,0,77.16,30,69.35,67.38,56.1,0,0
2026-08-12T12:19:21.602000+09:00,2026-08-12T03:19:21.602000+00:00,094623,2422.6,1,0,0,0,0,13375,495,13375,0,0,0,0,4655,-28608,10326,6,4480,0,129,0,1,0,0,0,0,0,0,0,31082107,2018,0.53,970.79,3393.35,0,55.5,98.2,67.7,41.3,62.2,527.9,57.3,612,152.2,150.2,1067.3,361865,1973,12.69,89.9,1490,2.57,1.16,30,40.4,60,24.41,12182162,72420,74.11,3411.35,0,1200,400,720,240,4200,7500,8500,102,1.5,6000,0,0,0,0,0,76.36,30,72.22,67.81,56.1,0,0
2026-08-12T12:20:21.659000+09:00,2026-08-12T03:20:21.659000+00:00,094623,1771.6,1,0,0,0,0,13375,499,13375,0,0,0,0,4651,-28608,12374,6,5024,72,129,0,1,0,0,0,0,0,0,0,31082107,2018,0.47,660.73,2432.32,0,55.6,98.8,67.9,41.2,62.4,527.8,55.9,615.3,150.3,148.5,1073.2,361865,1973,12.77,90.2,1500,2.64,1.13,23.9,35.4,60,12.78,12182165,72420,73.11,3411.35,0,1200,400,720,240,4200,7500,8500,102,1.5,6000,0,0,0,0,0,69.58,30,68.01,61.92,56.1,0,0
2026-08-12T12:21:21.758000+09:00,2026-08-12T03:21:21.758000+00:00,094623,1373.6,1,0,0,0,0,13375,490,13375,0,0,0,0,4651,-28608,10326,6,4992,0,129,0,1,0,0,0,0,0,0,0,31082107,2018,0.52,591.14,1964.78,0,55.4,96.6,68.3,41.2,62,524.2,59,607.1,141.5,139.4,1051.8,361865,1973,12.81,90.5,1470,2.59,1.09,22.4,35.4,60,11.19,12182167,72420,61.36,3411.35,0,1200,400,720,240,4200,7500,8500,102,1.5,6000,0,0,0,0,0,69.9,30,59.38,62.55,56.1,0,0
2026-08-12T12:22:21.835000+09:00,2026-08-12T03:22:21.835000+00:00,094623,2014.8,1,0,0,0,0,13375,493,13375,0,0,0,0,4651,-28608,18518,6,4480,528,129,0,1,0,0,0,0,0,0,0,31082107,2018,0.55,989.1,3003.94,0,55.2,98.3,68.2,41.3,61.5,518.1,57.7,607.6,140.3,138.3,1051.1,361866,1974,12.62,91.5,1490,2.57,1.2,29.1,41.3,60,20.75,12182170,72420,62.3,3411.35,0,1200,400,720,240,4200,7500,8500,102,1.5,6000,0,0,0,0,0,76.39,30,70.02,73.43,56.1,0,0
2026-08-12T12:23:21.937000+09:00,2026-08-12T03:23:21.937000+00:00,094623,2367.6,1,0,0,0,0,13375,495,13375,0,0,0,0,4655,-28608,10390,590,20864,8192,129,0,1,0,0,0,0,0,0,0,31082107,2018,0.5,919.52,3287.15,0,55.4,99.3,68,41.2,61.7,523.6,68.5,611.7,150.3,148.6,1053.5,361866,1974,12.27,88.9,1500,2.57,1.14,29.9,40.4,60,23.89,12182174,72420,76.38,3411.35,0,1200,400,720,240,4200,7500,8500,102,1.5,6000,0,0,0,0,0,77.68,30,76.27,67.27,56.1,0,0
2026-08-12T12:24:22.032000+09:00,2026-08-12T03:24:22.032000+00:00,094623,2234.6,1,0,0,0,0,13375,497,13375,0,0,0,0,4651,-28608,10326,6,4480,0,129,0,1,0,0,0,0,0,0,0,31082107,2018,0.46,878.02,3112.58,0,55.6,96.9,67.9,41.3,62,528.5,61.8,614.2,150.5,148.8,1062.9,361866,1974,12.82,89.3,1500,2.58,1.14,29.4,41.4,60,24.61,12182178,72420,74.18,3411.36,0,1200,400,720,240,4200,7500,8500,102,1.5,6000,0,0,0,0,0,77.43,30,69.13,66.92,56.1,0,0
2026-08-12T12:25:22.133000+09:00,2026-08-12T03:25:22.133000+00:00,094623,2276.1,1,0,0,0,0,13375,498,13375,0,0,0,0,4651,-28608,12390,6,12708,72,129,0,1,0,0,0,0,0,0,0,31082107,2018,0.5,841.39,3117.47,0,55.6,97.7,67.7,41.3,62.1,530.9,58.7,614.9,150.5,148.8,1051.7,361866,1974,12.87,89.4,1510,2.57,1.15,29.6,42,60,24,12182182,72420,72.27,3411.36,0,1200,400,720,240,4200,7500,8500,102,1.5,6000,0,0,0,0,0,76.64,30,70.42,66.37,56.1,0,0
2026-08-12T12:26:22.223000+09:00,2026-08-12T03:26:22.223000+00:00,094623,2456.7,1,0,0,0,0,13375,498,13375,0,0,0,0,4651,-28608,10326,6,4480,0,129,0,1,0,0,0,0,0,0,0,31082107,2018,0.54,1011.08,3467.82,0,55.8,98.7,67.7,41.3,62.2,528.6,58.7,615.5,152.2,150.6,1042.4,361866,1974,12.36,89.8,1510,2.57,1.15,30.1,40.5,60,24.44,12182186,72420,73.49,3411.36,0,1200,400,720,240,4200,7500,8500,102,1.5,6000,0,0,0,0,0,76.17,30,73.76,67.02,56.2,0,0
2026-08-12T12:27:22.310000+09:00,2026-08-12T03:27:22.310000+00:00,094623,1722.8,1,0,0,0,0,13375,499,13375,0,0,0,0,4651,-28608,18518,6,4992,528,129,0,1,0,0,0,0,0,0,0,31082107,2018,0.46,628.99,2351.76,0,55.9,98.4,67.9,41.3,62.4,529.8,56.7,613.2,150.9,149.2,1058.1,361866,1974,12.75,90,1510,2.62,1.12,23.7,35.8,60,13.2,12182189,72420,75,3411.36,0,1200,400,720,240,4200,7500,8500,102,1.5,6000,0,0,0,0,0,69.39,30,67.14,60.22,56.2,0,0
2026-08-12T12:28:22.391000+09:00,2026-08-12T03:28:22.391000+00:00,094623,1340.7,1,0,0,0,0,13375,497,13375,0,0,0,0,4655,-28608,10326,6,4992,0,129,0,1,0,0,0,0,0,0,0,31082107,2018,0.55,575.27,1915.95,0,55.4,96.9,68.2,41.3,62,523.8,57,602.5,141.1,139,1048.6,361867,1975,12.79,90.7,1490,2.63,1.07,22,34.8,60,11.75,12182191,72420,58.84,3411.36,0,1200,400,720,240,4200,7500,8500,102,1.5,6000,0,0,0,0,0,69.4,30,60.23,61.4,56.2,0,0
2026-08-12T12:29:22.464000+09:00,2026-08-12T03:29:22.464000+00:00,094623,2046.6,1,0,0,0,0,13375,493,13375,0,0,0,0,4655,-28608,10326,6,4480,0,129,0,1,0,0,0,0,0,0,0,31082107,2018,0.52,910.98,2957.55,0,55.3,97.9,68.2,41.4,61.6,516.4,56.2,602.8,141.3,139.4,1052.3,361867,1975,12.82,91.9,1490,2.55,1.19,29.2,41.2,60,20.61,12182194,72420,68.63,3411.36,0,1200,400,720,240,4200,7500,8500,102,1.5,6000,0,0,0,0,0,75.7,30,68.59,73.98,56.2,0,0
2026-08-12T12:30:22.567000+09:00,2026-08-12T03:30:22.567000+00:00,094623,2248.0,1,0,0,0,0,13375,495,13375,0,0,0,0,4651,-28608,12374,6,4512,72,129,0,1,0,0,0,0,0,0,0,31082107,2018,0.47,1004.97,3252.97,0,55.5,99.3,68.2,41.3,61.8,523.2,56.7,606.8,149.4,147.7,1048,361867,1975,12.61,88.7,1490,2.58,1.15,29.8,40.7,60,24.18,12182198,72420,77.41,3411.36,0,1200,400,720,240,4200,7500,8500,102,1.5,6000,0,0,0,0,0,77.97,30,76.29,66.1,56.2,0,0
2026-08-12T12:31:22.651000+09:00,2026-08-12T03:31:22.651000+00:00,094623,2387.2,1,0,0,0,0,13375,496,13375,0,0,0,0,4655,-28608,10326,6,4480,0,129,0,1,0,0,0,0,0,0,0,31082107,2018,0.45,1033.05,3420.21,0,55.4,96.8,67.7,41.2,62.1,525.2,56.7,610.2,152.7,151,1061.5,361867,1975,12.52,89.3,1500,2.57,1.16,30,40.3,60,24.46,12182202,72420,75.8,3411.36,0,1200,400,720,240,4200,7500,8500,102,1.5,6000,0,0,0,0,0,76.52,30,68.51,66.23,56.3,0,0
2026-08-12T12:32:22.747000+09:00,2026-08-12T03:32:22.747000+00:00,094623,2149.1,1,0,0,0,0,13375,502,13375,0,0,0,0,4651,-28608,18518,6,4992,16,129,0,1,0,0,0,0,0,0,0,31082107,2018,0.51,906.09,3055.21,0,55.4,98.3,67.4,41.2,62.3,525.8,56.1,613.9,153.4,151.6,1065,361867,1975,12.39,89.6,1510,2.63,1.1,26.3,35.5,60,18.05,12182206,72420,73.74,3411.37,0,1200,400,720,240,4200,7500,8500,102,1.5,6000,0,0,0,0,0,70.82,30,67.96,62.23,56.3,0,0
2026-08-12T12:33:22.841000+09:00,2026-08-12T03:33:22.841000+00:00,094623,1400.5,1,0,0,0,0,13375,491,13375,0,0,0,0,4651,-28608,10326,6,4992,0,129,0,1,0,0,0,0,0,0,0,31082107,2018,0.48,591.14,1991.64,0,55.1,96.7,68.2,41.3,62,525.4,56.8,604.7,142.4,140.3,1059.7,361867,1975,12.73,91.1,1470,2.59,1.09,22.3,35.3,60,11.45,12182208,72420,62.01,3411.37,0,1200,400,720,240,4200,7500,8500,102,1.5,6000,0,0,0,0,0,68.74,30,58.7,63.04,56.3,0,0
2026-08-12T12:34:22.923000+09:00,2026-08-12T03:34:22.923000+00:00,094623,1655.6,1,0,0,0,0,13375,494,13375,0,0,0,0,4651,-28608,10326,6,4480,0,129,0,1,0,0,0,0,0,0,0,31082107,2018,0.43,605.79,2261.42,0,55,98.4,68.2,41.2,61.5,521.5,59.5,602.6,139.2,137.4,1038.3,361868,1976,12.38,90.8,1490,2.6,1.18,25.6,40,60,14.33,12182210,72420,63.35,3411.37,0,1200,400,720,240,4200,7500,8500,102,1.5,6000,0,0,0,0,0,71.59,30,65.09,66.37,56.3,0,0
2026-08-12T12:35:23.032000+09:00,2026-08-12T03:35:23.032000+00:00,094623,2539.8,1,0,0,0,0,13375,497,13375,0,0,0,0,4651,-28608,12374,6,4512,72,129,0,1,0,0,0,0,0,0,0,31082107,2018,0.54,1208.84,3748.59,0,55,99.5,67.9,41.2,61.5,518.4,59.1,614.7,148.2,146.6,1062.2,361868,1976,12.64,89.7,1500,2.58,1.15,30.5,38.5,60,24.23,12182213,72420,71.2,3411.37,0,1200,400,720,240,4200,7500,8500,102,1.5,6000,0,0,0,0,0,76.45,30,75.14,69.08,56.3,0,0
2026-08-12T12:36:23.133000+09:00,2026-08-12T03:36:23.133000+00:00,094623,2390.8,1,0,0,0,0,13375,497,13375,0,0,0,0,4651,-28608,10326,518,4480,0,129,0,1,0,0,0,0,0,0,0,31082107,2018,0.48,964.69,3355.51,0,55.1,97.9,68.1,41.1,61.9,526.8,63.7,610.9,150,147.9,1042.2,361868,1976,12.73,89.2,1500,2.59,1.15,29.7,40.2,60,24.28,12182218,72420,76.21,3411.37,0,1200,400,720,240,4200,7500,8500,102,1.5,6000,0,0,0,0,0,77.08,30,71.88,66.66,56.4,0,0
2026-08-12T12:37:23.226000+09:00,2026-08-12T03:37:23.226000+00:00,094623,2503.1,1,0,0,0,0,13375,497,13375,0,0,0,0,4655,-28608,10326,6,4480,0,129,0,1,0,0,0,0,0,0,0,31082107,2018,0.5,1077,3580.13,0,55.2,97.4,68,41.1,62.1,525.8,60.4,615,151.6,149.6,1034.7,361868,1976,12.85,89.2,1500,2.59,1.15,30.1,39.4,60,24.42,12182222,72420,74.25,3411.37,0,1200,400,720,240,4200,7500,8500,102,1.5,6000,0,0,0,0,0,76.93,30,69.32,65.48,56.4,0,0
2026-08-12T12:38:23.345000+09:00,2026-08-12T03:38:23.345000+00:00,094623,2364.0,1,0,0,0,0,13375,498,13375,0,0,0,0,4651,-26560,10326,6,4480,0,129,0,1,0,0,0,0,0,0,0,31082107,2018,0.53,904.87,3268.84,0,55.4,98.2,67.8,41.1,62.2,530.1,59.4,614.6,151.3,149.3,1058.4,361868,1976,12.73,89.9,1510,2.6,1.15,29.7,41.2,60,24.36,12182226,72420,74.66,3411.37,0,1200,400,720,240,4200,7500,8500,102,1.5,6000,0,0,0,0,0,76.28,30,71.59,67.13,56.4,0,0
2026-08-12T12:39:23.442000+09:00,2026-08-12T03:39:23.442000+00:00,094623,2501.9,1,0,0,0,0,13375,498,13375,0,0,0,0,4651,-28608,10326,6,4480,0,129,0,1,0,0,0,0,0,0,0,31082107,2018,0.56,1013.52,3515.43,0,55.5,98.5,67.7,41.1,62.3,528.5,57.2,612.8,152.2,150.3,1049.9,361868,1976,12.74,90.5,1500,2.58,1.16,30,40.1,60,24.54,12182230,72420,75.52,3411.37,0,1200,400,720,240,4200,7500,8500,102,1.5,6000,0,0,0,0,0,75.63,30,73.08,69.49,56.4,0,0
2026-08-12T12:40:23.547000+09:00,2026-08-12T03:40:23.547000+00:00,094623,2014.8,1,0,0,0,0,13375,523,13375,0,0,0,0,4655,-28608,12438,518,21408,8,129,0,1,0,0,0,0,0,0,0,31082107,2018,0.48,893.89,2908.72,0,55.6,98.2,67.8,41.2,62.4,523.5,63.4,608.7,148.8,146.9,1070.9,361869,1977,12.59,90.7,1570,2.76,1.07,25.4,33.8,60,12.78,12182233,72420,74.93,3411.38,0,1200,400,720,240,4200,7500,8500,102,1.5,6000,0,0,0,0,0,70.79,30,68.56,66.49,56.4,0,0
2026-08-12T12:41:23.646000+09:00,2026-08-12T03:41:23.646000+00:00,094623,1731.3,1,0,0,0,0,13375,515,13375,0,0,0,0,4651,-28608,10326,518,4992,0,129,0,1,0,0,0,0,0,0,0,31082107,2018,0.52,902.43,2633.75,0,55.1,96.7,68.5,41.2,62,522.5,61.6,604.4,141,139,1042,361869,1977,12.93,90.1,1570,2.73,1.12,26,36.6,60,9.71,12182235,72420,62.46,3411.38,0,1200,400,720,240,4200,7500,8500,102,1.5,6000,0,0,0,0,0,70.68,30,59.95,62.19,56.4,0,0
2026-08-12T12:42:23.732000+09:00,2026-08-12T03:42:23.732000+00:00,094623,2063.7,1,0,0,0,0,13375,495,13375,0,0,0,0,4655,-28608,10390,582,20864,0,129,0,1,0,0,0,0,0,0,0,31082107,2018,0.53,928.07,2991.73,0,54.9,98.4,68.3,41.2,61.5,518,60.7,603.4,142.1,140,1050.6,361869,1977,12.71,91.5,1500,2.58,1.18,29.5,42.1,60,22.94,12182238,72420,64.71,3411.38,0,1200,400,720,240,4200,7500,8500,102,1.5,6000,0,0,0,0,0,76.92,30,70.93,74.05,56.4,0,0
2026-08-12T12:43:23.825000+09:00,2026-08-12T03:43:23.825000+00:00,094623,2144.2,1,0,0,0,0,13375,496,13375,0,0,0,0,4651,-28608,10326,6,4480,0,129,0,1,0,0,0,0,0,0,0,31082107,2018,0.47,847.5,2991.73,0,55.1,99.1,68.2,41.2,61.7,527.4,59.5,609.6,148.2,146.4,1065.2,361869,1977,12.56,88.6,1500,2.59,1.15,29.2,42,60,24.54,12182242,72420,78.24,3411.38,0,1200,400,720,240,4200,7500,8500,102,1.5,6000,0,0,0,0,0,77.7,30,75.41,65.61,56.5,0,0
2026-08-12T12:44:23.928000+09:00,2026-08-12T03:44:23.928000+00:00,094623,2357.9,1,0,0,0,0,13375,497,13375,0,0,0,0,4651,-28608,10342,6,12676,0,129,0,1,0,0,0,0,0,0,0,31082107,2018,0.47,918.3,3276.16,0,55.1,96.9,67.6,41.2,61.8,527.9,59.5,606.9,149.7,147.9,1024,361869,1977,12.79,89.1,1500,2.61,1.16,29.9,41.1,60,24.28,12182246,72420,75.05,3411.38,0,1200,400,720,240,4200,7500,8500,102,1.5,6000,0,0,0,0,0,75.88,30,68.4,65.48,56.5,0,0
2026-08-12T12:45:24.019000+09:00,2026-08-12T03:45:24.019000+00:00,094623,2599.6,1,0,0,0,0,13375,496,13375,0,0,0,0,4655,-28608,18518,6,4480,528,129,0,1,0,0,0,0,0,0,0,31082107,2018,0.55,1048.92,3648.49,0,54.9,98.9,67.2,41.1,61.8,524.9,61.4,612.9,152.5,150.6,1070.7,361869,1977,12.84,89.7,1500,2.57,1.16,30.6,39.6,60,24.34,12182250,72420,72.72,3411.38,0,1200,400,720,240,4200,7500,8500,102,1.5,6000,0,0,0,0,0,73.67,30,73.95,66.2,56.5,0,0
2026-08-12T12:46:24.118000+09:00,2026-08-12T03:46:24.118000+00:00,094623,1820.4,1,0,0,0,0,13375,443,13375,0,0,0,0,4651,-28608,10326,6,4992,0,129,0,1,0,0,0,0,0,0,0,31082107,2018,0.46,727.87,2548.3,0,54.9,96.9,67.9,41.1,61.9,527.7,58.8,605.7,145.6,143.4,1030.3,361870,1978,12.87,90.8,1380,2.35,1.43,26.9,38.4,60,11.21,12182252,72420,69.22,3411.38,0,1200,400,720,240,4200,7500,8500,102,1.5,6000,0,0,0,0,0,66.03,30,60.03,60.79,56.5,0,0
2026-08-12T12:47:24.261000+09:00,2026-08-12T03:47:24.261000+00:00,094623,1639.8,1,0,0,0,0,13375,464,13375,0,0,0,0,4651,-28608,10326,6,4992,0,129,0,1,0,0,0,0,0,0,0,31082107,2018,0.44,632.65,2272.41,0,54.6,98.1,68.5,41.2,61.4,523.7,58.1,602.3,139.4,137.3,1048,361870,1978,12.35,90.8,1320,2.48,1.88,26.6,39.3,60,11.37,12182254,72420,64.83,3411.38,0,1200,400,720,240,4200,7500,8500,102,1.5,6000,0,0,0,0,0,68.61,30,62.04,63.04,56.6,0,0
2026-08-12T12:48:24.385000+09:00,2026-08-12T03:48:24.385000+00:00,094623,2470.2,1,0,0,0,0,13375,497,13375,0,0,0,0,4651,-28608,10326,6,4480,8,129,0,1,0,0,0,0,0,0,0,31082107,2018,0.52,1223.49,3693.65,0,54.6,98.6,68.3,41.1,61.2,515.1,62.1,608.5,146.8,144.6,1054.2,361870,1978,12.58,90.5,1500,2.59,1.15,30.5,38.5,60,24.19,12182257,72420,68.88,3411.39,0,1200,400,720,240,4200,7500,8500,102,1.5,6000,0,0,0,0,0,77.18,30,72.89,71.81,56.6,0,0
2026-08-12T12:49:24.474000+09:00,2026-08-12T03:49:24.474000+00:00,094623,2499.5,1,0,0,0,0,13375,498,13375,0,0,0,0,4651,-28608,10326,6,4480,0,129,0,1,0,0,0,0,0,0,0,31082107,2018,0.49,1128.27,3627.73,0,54.7,98.7,68.1,41,61.7,521.7,59.5,612.9,152,149.8,1088.6,361870,1978,12.57,88.8,1500,2.61,1.15,30.3,39.4,60,24.51,12182261,72420,75.81,3411.39,0,1200,400,720,240,4200,7500,8500,102,1.5,6000,0,0,0,0,0,76.98,30,75.06,65.82,56.6,0,0
2026-08-12T12:50:24.560000+09:00,2026-08-12T03:50:24.560000+00:00,094623,2517.8,1,0,0,0,0,13375,497,13375,0,0,0,0,4651,-28608,18518,6,4480,528,129,0,1,0,0,0,0,0,0,0,31082107,2018,0.48,1039.16,3556.93,0,54.7,96.9,67.8,40.9,62,524.9,57.9,617,153.9,151.6,1043.4,361870,1978,12.73,89.1,1500,2.59,1.14,30,39.1,60,24.29,12182266,72420,73,3411.39,0,1200,400,720,240,4200,7500,8500,102,1.5,6000,0,0,0,0,0,75.93,30,68.9,65.2,56.6,0,0
2026-08-12T12:51:24.655000+09:00,2026-08-12T03:51:24.655000+00:00,094623,2383.5,1,0,0,0,0,13375,496,13375,0,0,0,0,4651,-28608,10326,6,4480,0,129,0,1,0,0,0,0,0,0,0,31082107,2018,0.54,914.64,3298.13,0,54.7,98.3,67.8,41,62,527.9,56.2,616.3,153,150.6,1061.3,361870,1978,12.41,89.7,1500,2.56,1.15,29.6,40.5,60,24.46,12182270,72420,73.26,3411.39,0,1200,400,720,240,4200,7500,8500,102,1.5,6000,0,0,0,0,0,75.56,30,72.38,66.08,56.6,0,0
2026-08-12T12:52:24.735000+09:00,2026-08-12T03:52:24.735000+00:00,094623,2366.4,1,0,0,0,0,13375,496,13375,0,0,0,0,4651,-28608,10326,6,4480,0,129,0,1,0,0,0,0,0,0,0,31082107,2018,0.56,892.67,3259.07,0,54.8,98.8,67.6,41,62,530.3,57,612.8,153.2,151.1,1046.5,361871,1979,12.64,90.2,1500,2.58,1.15,29.6,41,60,24.41,12182274,72420,73.98,3411.39,0,1200,400,720,240,4200,7500,8500,102,1.5,6000,0,0,0,0,0,74.58,30,74.94,67.39,56.7,0,0
2026-08-12T12:53:24.826000+09:00,2026-08-12T03:53:24.826000+00:00,094623,2462.8,1,0,0,0,0,13375,497,13375,0,0,0,0,4651,-28608,12374,6,4480,8,129,0,1,0,0,0,0,0,0,0,31082107,2018,0.56,928.07,3390.91,0,54.9,98.3,67.6,41,62,529.7,59.7,614.7,153.2,151.1,1044.5,361871,1979,12.69,90.7,1500,2.56,1.15,29.9,40.6,60,24.47,12182278,72420,74.41,3411.39,0,1200,400,720,240,4200,7500,8500,102,1.5,6000,0,0,0,0,0,74.11,30,74.41,69.54,56.6,0,0
2026-08-12T12:54:24.917000+09:00,2026-08-12T03:54:24.917000+00:00,094623,2017.0,1,0,0,0,0,13375,501,13375,0,0,0,0,4651,-28608,10326,6,4992,0,129,0,1,0,0,0,0,0,0,0,31082107,2018,0.5,675.37,2692.34,0,54.8,98.2,67.6,40.9,62.1,530.6,61.3,611.5,153.5,151.3,1056.4,361871,1979,12.73,90.5,1510,2.64,1.1,25.2,36.2,60,16.62,12182282,72420,80.97,3411.39,0,1200,400,720,240,4200,7500,8500,102,1.5,6000,0,0,0,0,0,68.27,30,69.34,64.8,56.7,0,0
2026-08-12T12:55:25.002000+09:00,2026-08-12T03:55:25.002000+00:00,094623,1356.5,1,0,0,0,0,13375,498,13375,0,0,0,0,4655,-28608,18518,6,4992,528,129,0,1,0,0,0,0,0,0,0,31082107,2018,0.49,515.46,1872,0,54.5,96,68.4,41,61.7,528.5,66.8,598.9,142.2,139.9,1018.8,361871,1979,12.69,90.5,1500,2.63,1.14,22.9,38.2,60,10.66,12182284,72420,64.15,3411.39,0,1200,400,720,240,4200,7500,8500,102,1.5,6000,0,0,0,0,0,67.96,30,58.36,62.41,56.7,0,0
2026-08-12T12:56:25.115000+09:00,2026-08-12T03:56:25.115000+00:00,094623,1709.3,1,0,0,0,0,13375,494,13375,0,0,0,0,4651,-28608,10326,590,4480,8192,129,0,1,0,0,0,0,0,0,0,31082107,2018,0.46,721.76,2431.1,0,54.4,98.6,68.5,41,61.2,521.7,64,598.3,138.9,136.7,1043.5,361871,1979,12.42,91.2,1490,2.6,1.2,26.6,41,60,15.34,12182286,72420,62.32,3411.39,0,1200,400,720,240,4200,7500,8500,102,1.5,6000,0,0,0,0,0,72.34,30,68.42,69.39,56.7,0,0
2026-08-12T12:57:25.203000+09:00,2026-08-12T03:57:25.203000+00:00,094623,2464.1,1,0,0,0,0,13375,497,13375,0,0,0,0,4651,-28608,10326,6,4480,0,129,0,1,0,0,0,0,0,0,0,31082107,2018,0.5,1089.21,3553.27,0,54.3,99.2,68.1,40.9,61.2,521.3,60.1,612.9,149.3,147.4,1057.6,361871,1979,12.86,89.1,1500,2.59,1.15,30.2,39.3,60,24.5,12182289,72420,77.4,3411.4,0,1200,400,720,240,4200,7500,8500,102,1.5,6000,0,0,0,0,0,76.32,30,75.63,68.16,56.7,0,0
2026-08-12T12:58:25.314000+09:00,2026-08-12T03:58:25.314000+00:00,094623,2483.6,1,0,0,0,0,13375,498,13375,0,0,0,0,4651,-28608,12374,6,4512,72,129,0,1,0,0,0,0,0,0,0,31082107,2018,0.46,1086.76,3570.36,0,54.4,97.2,68.1,40.9,61.6,524.5,58.7,616,152.8,150.7,1070.1,361872,1980,12.91,88.6,1510,2.6,1.15,30.1,39.5,60,24.36,12182293,72420,75.13,3411.4,0,1200,400,720,240,4200,7500,8500,102,1.5,6000,0,0,0,0,0,76.53,30,70.37,64.6,56.7,0,0
2026-08-12T12:59:25.417000+09:00,2026-08-12T03:59:25.417000+00:00,094623,1840.0,1,0,0,0,0,13375,500,13375,0,0,0,0,4655,-28608,10390,590,21376,8192,129,0,1,0,0,0,0,0,0,0,31082107,2018,0.45,647.3,2487.26,0,54.4,97.5,67.9,40.7,61.9,528.2,61.4,614.3,152.6,150.6,1063.5,361872,1980,12.26,89.4,1510,2.66,1.12,24.1,35.3,60,14.07,12182297,72420,71.67,3411.4,0,1200,400,720,240,4200,7500,8500,102,1.5,6000,0,0,0,0,0,69.28,30,62.93,58.87,56.8,0,0
2026-08-12T13:00:25.491000+09:00,2026-08-12T04:00:25.491000+00:00,094623,1622.7,1,0,0,0,0,13375,520,13375,0,0,0,0,4651,-28608,18518,6,4992,528,129,0,1,0,0,0,0,0,0,0,31082107,2018,0.48,937.83,2560.5,0,54.4,97.1,68,40.8,61.5,520,58.6,605.2,142.3,140.1,1085.8,361872,1980,12.75,91.4,1560,2.77,1.07,24,33.5,60,12.68,12182299,72420,61.21,3411.4,0,1200,400,720,240,4200,7500,8500,102,1.5,6000,0,0,0,0,0,69.85,30,61.72,66.08,56.8,0,0
2026-08-12T13:01:25.603000+09:00,2026-08-12T04:01:25.603000+00:00,094623,1808.2,1,0,0,0,0,13375,492,13375,0,0,0,0,4655,-28608,10390,6,20864,0,129,0,1,0,0,0,0,0,0,0,31082107,2018,0.46,926.85,2735.07,0,54.3,98.5,68.1,40.8,61.1,518.9,60.6,603.5,140.5,138.4,1060.9,361872,1980,12.38,90.9,1490,2.58,1.22,28.1,41.4,60,18.66,12182301,72420,63.54,3411.4,0,1200,400,720,240,4200,7500,8500,102,1.5,6000,0,0,0,0,0,73.38,30,68.33,69.58,56.8,0,0
2026-08-12T13:02:25.733000+09:00,2026-08-12T04:02:25.733000+00:00,094623,2206.5,1,0,0,0,0,13375,497,13375,0,0,0,0,4655,-28608,10326,582,4480,0,129,0,1,0,0,0,0,0,0,0,31082107,2018,0.51,882.9,3089.39,0,54.4,99.3,67.8,40.9,61.2,524.1,59.8,611.9,149.4,147.4,1073.4,361872,1980,12.53,89,1500,2.58,1.14,29.5,41.2,60,24.54,12182305,72420,74.92,3411.4,0,1200,400,720,240,4200,7500,8500,102,1.5,6000,0,0,0,0,0,75.33,30,74.89,66.5,56.8,0,0
2026-08-12T13:03:25.796000+09:00,2026-08-12T04:03:25.796000+00:00,094623,2158.9,1,0,0,0,0,13375,497,13375,0,0,0,0,4655,-28608,12390,6,12708,72,129,0,1,0,0,0,0,0,0,0,31082107,2018,0.46,830.41,2989.29,0,54.3,96.9,67.8,40.8,61.4,530.5,58.2,613.5,149.5,147.5,1033.5,361872,1980,12.65,89,1510,2.59,1.15,29.2,42.3,60,24.21,12182309,72420,73.84,3411.4,0,1200,400,720,240,4200,7500,8500,102,1.5,6000,0,0,0,0,0,75.1,30,67.96,64.88,56.8,0,0
2026-08-12T13:04:25.897000+09:00,2026-08-12T04:04:25.897000+00:00,094623,2329.8,1,0,0,0,0,13375,496,13375,0,0,0,0,4651,-28608,10326,6,4480,0,129,0,1,0,0,0,0,0,0,0,31082107,2018,0.54,906.09,3235.88,0,54.4,97.9,67.6,40.8,61.3,529.4,58.6,609.4,149.1,147.2,1049.5,361873,1981,12.86,89.2,1500,2.58,1.17,29.9,41.6,60,24.5,12182314,72420,70.24,3411.4,0,1200,400,720,240,4200,7500,8500,102,1.5,6000,0,0,0,0,0,74.02,30,69.4,63.89,56.8,0,0
2026-08-12T13:05:25.991000+09:00,2026-08-12T04:05:25.991000+00:00,094623,1903.4,1,0,0,0,0,13375,501,13375,0,0,0,0,4655,-28608,18518,518,4992,528,129,0,1,0,0,0,0,0,0,0,31082107,2018,0.51,710.78,2614.22,0,54.5,98.9,67.5,40.8,61.5,528.3,59.1,610.4,150.6,148.4,1063.2,361873,1981,12.9,89.6,1510,2.65,1.1,24.5,35.2,60,14.59,12182317,72420,73.31,3411.41,0,1200,400,720,240,4200,7500,8500,102,1.5,6000,0,0,0,0,0,67.12,30,67.73,58.34,56.8,0,0
2026-08-12T13:06:26.101000+09:00,2026-08-12T04:06:26.101000+00:00,094623,1716.7,1,0,0,0,0,13375,451,13375,0,0,0,0,4651,-28608,10326,6,4992,0,129,0,1,0,0,0,0,0,0,0,31082107,2018,0.55,666.83,2383.5,0,54.4,96.6,68.2,40.8,61.3,525.7,57.8,604.3,140.7,138.5,1052.1,361873,1981,12.76,91.3,1300,2.4,1.87,27.1,39.4,60,11.33,12182319,72420,58.99,3411.41,0,1200,400,720,240,4200,7500,8500,102,1.5,6000,0,0,0,0,0,66.12,30,56.91,60.73,56.8,0,0
2026-08-12T13:07:26.185000+09:00,2026-08-12T04:07:26.185000+00:00,094623,1918.1,1,0,0,0,0,13375,494,13375,0,0,0,0,4651,-28608,10326,6,4480,0,129,0,1,0,0,0,0,0,0,0,31082107,2018,0.49,898.77,2816.86,0,54.2,98.7,68.4,40.8,60.9,516.7,57.4,605.6,140.7,138.7,1043.3,361873,1981,12.27,92.1,1490,2.58,1.19,27.7,39.5,60,17.56,12182321,72420,73.21,3411.41,0,1200,400,720,240,4200,7500,8500,102,1.5,6000,0,0,0,0,0,72.07,30,67.85,71.68,56.9,0,0
2026-08-12T13:08:26.301000+09:00,2026-08-12T04:08:26.301000+00:00,094623,2395.7,1,0,0,0,0,13375,498,13375,0,0,0,0,4651,-28608,12374,6,4512,72,129,0,1,0,0,0,0,0,0,0,31082107,2018,0.46,1031.83,3427.53,0,54.1,99.3,68.2,40.8,61.1,521.6,59,611.2,149.1,147.1,1062.5,361873,1981,12.71,88.6,1510,2.59,1.15,30.1,40,60,24.18,12182325,72420,76.17,3411.41,0,1200,400,720,240,4200,7500,8500,102,1.5,6000,0,0,0,0,0,75.98,30,74.91,64.91,56.9,0,0
2026-08-12T13:09:26.386000+09:00,2026-08-12T04:09:26.386000+00:00,094623,2349.3,1,0,0,0,0,13375,495,13375,0,0,0,0,4651,-28608,10326,6,4480,0,129,0,1,0,0,0,0,0,0,0,31082107,2018,0.46,901.21,3250.53,0,54.2,97,68,40.7,61.4,526.6,58.2,613.9,150.7,148.7,1038.5,361873,1981,12.9,88.6,1500,2.58,1.15,29.6,40.6,60,24.52,12182329,72420,71.27,3411.41,0,1200,400,720,240,4200,7500,8500,102,1.5,6000,0,0,0,0,0,75.45,30,68.13,62.31,56.9,0,0
2026-08-12T13:10:26.493000+09:00,2026-08-12T04:10:26.493000+00:00,094623,2312.7,1,0,0,0,0,13375,496,13375,0,0,0,0,4651,-28608,10326,6,4480,0,129,0,1,0,0,0,0,0,0,0,31082107,2018,0.53,947.6,3260.29,0,54.2,97.5,67.6,40.7,61.4,529.1,57.6,616,149.6,147.7,1034,361874,1982,12.84,90.2,1500,2.58,1.16,29.6,41.2,60,24.46,12182333,72420,72.04,3411.41,0,1200,400,720,240,4200,7500,8500,102,1.5,6000,0,0,0,0,0,73.97,30,68.16,66.27,56.9,0,0
2026-08-12T13:11:26.579000+09:00,2026-08-12T04:11:26.579000+00:00,094623,2525.1,1,0,0,0,0,13375,496,13375,0,0,0,0,4651,-28608,10326,6,4480,0,129,0,1,0,0,0,0,0,0,0,31082107,2018,0.54,962.25,3487.35,0,54.3,98.6,67.4,40.6,61.5,527.5,56,617.9,152,150.1,1072.4,361874,1982,12.71,90.5,1500,2.58,1.15,30,39.8,60,24.55,12182337,72420,75.48,3411.41,0,1200,400,720,240,4200,7500,8500,102,1.5,6000,0,0,0,0,0,72.63,30,71.61,68.25,56.9,0,0
2026-08-12T13:12:26.656000+09:00,2026-08-12T04:12:26.656000+00:00,094623,2472.6,1,0,0,0,0,13375,495,13375,0,0,0,0,4655,-28608,10326,6,4480,0,129,0,1,0,0,0,0,0,0,0,31082107,2018,0.52,983,3455.61,0,54.5,98.5,67.5,40.6,61.6,529.1,57.6,614,151.9,149.8,1080.3,361874,1982,12.74,89.9,1500,2.57,1.15,30,40.4,60,24.5,12182342,72420,77.32,3411.41,0,1200,400,720,240,4200,7500,8500,102,1.5,6000,0,0,0,0,0,71.95,30,72.45,66.64,56.9,0,0
2026-08-12T13:13:26.751000+09:00,2026-08-12T04:13:26.751000+00:00,094623,2078.3,1,0,0,0,0,13375,476,13375,0,0,0,0,4651,-28608,12374,6,5024,8,129,0,1,0,0,0,0,0,0,0,31082107,2018,0.44,880.46,2958.77,0,54.6,97.6,67.8,40.5,61.8,527.6,55.6,612.9,148.1,146.1,1051.8,361874,1982,12.41,89.8,1510,2.47,1.18,26.8,36,60,11.51,12182345,72420,72.66,3411.41,0,1200,400,720,240,4200,7500,8500,102,1.5,6000,0,0,0,0,0,64.12,30,61.82,58.06,56.9,0,0
2026-08-12T13:14:26.849000+09:00,2026-08-12T04:14:26.849000+00:00,094623,1738.6,1,0,0,0,0,13375,440,13375,0,0,0,0,4651,-28608,10326,6,4992,0,129,0,1,0,0,0,0,0,0,0,31082107,2018,0.49,729.09,2467.73,0,54.5,97,68.8,40.5,61.4,525.6,57.2,606.1,139.9,137.9,1049,361874,1982,12.8,91.3,1350,2.34,1.54,27.2,39,60,11.32,12182347,72420,60.91,3411.42,0,1200,400,720,240,4200,7500,8500,102,1.5,6000,0,0,0,0,0,66.81,30,57.7,62.62,57,0,0
2026-08-12T13:15:26.925000+09:00,2026-08-12T04:15:26.925000+00:00,094623,2198.0,1,0,0,0,0,13375,495,13375,0,0,0,0,4651,-28608,10326,518,4480,0,129,0,1,0,0,0,0,0,0,0,31082107,2018,0.52,1019.62,3217.57,0,54.4,98.5,68.7,40.6,61,517.4,56.7,608.5,140.8,138.6,1059,361874,1982,12.67,90.8,1490,2.57,1.18,29.8,40.7,60,22.15,12182349,72420,65.86,3411.42,0,1200,400,720,240,4200,7500,8500,102,1.5,6000,0,0,0,0,0,75.83,30,70.39,70.85,57,0,0
2026-08-12T13:16:27.009000+09:00,2026-08-12T04:16:27.009000+00:00,094623,2338.3,1,0,0,0,0,13375,496,13375,0,0,0,0,4655,-26560,10326,6,4480,0,129,0,1,0,0,0,0,0,0,0,31082107,2018,0.5,1014.74,3353.07,0,54.4,99.2,68.2,40.5,61.3,524.1,58.3,616,148.1,146.2,1037.3,361875,1983,12.74,88.7,1500,2.59,1.15,29.9,40.4,60,23.7,12182353,72420,78.7,3411.42,0,1200,400,720,240,4200,7500,8500,102,1.5,6000,0,0,0,0,0,75.7,30,74.71,64.94,57,0,0
2026-08-12T13:17:27.112000+09:00,2026-08-12T04:17:27.112000+00:00,094623,2525.1,1,0,0,0,0,13375,497,13375,0,0,0,0,4651,-28608,10326,6,4480,0,129,0,1,0,0,0,0,0,0,0,31082107,2018,0.5,1102.63,3627.73,0,54.1,97.3,68,40.5,61.4,523.8,56.3,616.2,150.1,148.3,1060.6,361875,1983,12.74,89.2,1500,2.58,1.15,30.2,39.2,60,24.59,12182357,72420,75.25,3411.42,0,1200,400,720,240,4200,7500,8500,102,1.5,6000,0,0,0,0,0,75.37,30,69.44,64.65,57,0,0
2026-08-12T13:18:27.215000+09:00,2026-08-12T04:18:27.215000+00:00,094623,1420.0,1,0,0,0,0,13375,495,13375,0,0,0,0,4651,-28608,12438,6,21376,0,129,0,1,0,0,0,0,0,0,0,31082107,2018,0.5,513.02,1933.04,0,54,97.8,68,40.5,61.5,526.9,56.3,615.2,144.4,142.3,1079.6,361875,1983,12.82,89.7,1470,2.62,1.06,21.8,34.6,60,11.22,12182361,72420,69.82,3411.42,0,1200,400,720,240,4200,7500,8500,102,1.5,6000,0,0,0,0,0,67.31,30,61.66,57.31,57,0,0
2026-08-12T13:19:27.316000+09:00,2026-08-12T04:19:27.316000+00:00,094623,1285.7,1,0,0,0,0,13375,501,13375,0,0,0,0,4651,-28608,10326,6,4992,0,129,0,1,0,0,0,0,0,0,0,31082107,2018,0.55,586.26,1872,0,53.7,96.8,68.1,40.5,60.9,522.2,56.5,609,137.6,135.3,1074.9,361875,1983,12.76,91.5,1490,2.66,1.05,21.7,34.5,60,12,12182363,72420,59.99,3411.42,0,1200,400,720,240,4200,7500,8500,102,1.5,6000,0,0,0,0,0,67.87,30,57.6,63.14,57,0,0
2026-08-12T13:20:27.402000+09:00,2026-08-12T04:20:27.402000+00:00,094623,2152.8,1,0,0,0,0,13375,497,13375,0,0,0,0,4655,-28608,10342,6,4480,0,129,0,1,0,0,0,0,0,0,0,31082107,2018,0.48,941.5,3094.27,0,53.5,98.6,67.9,40.5,60.4,518.5,56.1,612.4,140.5,138.6,1053.7,361875,1983,12.35,91,1500,2.6,1.16,29.7,41.4,60,23.39,12182365,72420,74.01,3411.42,0,1200,400,720,240,4200,7500,8500,102,1.5,6000,0,0,0,0,0,74.83,30,70.4,72.83,57,0,0
2026-08-12T13:21:27.486000+09:00,2026-08-12T04:21:27.486000+00:00,094623,2232.1,1,0,0,0,0,13375,496,13375,0,0,0,0,4655,-26560,10326,6,4480,0,129,0,1,0,0,0,0,0,0,0,31082107,2018,0.42,921.96,3154.09,0,53.7,98.1,67.8,40.4,60.6,524.5,58.9,613.4,146.1,144.2,1050.1,361875,1983,12.5,87.8,1500,2.59,1.16,30,41.6,60,24.46,12182369,72420,76.59,3411.42,0,1200,400,720,240,4200,7500,8500,102,1.5,6000,0,0,0,0,0,74.64,30,70.99,61.76,57.1,0,0
2026-08-12T13:22:27.614000+09:00,2026-08-12T04:22:27.614000+00:00,094623,2426.2,1,0,0,0,0,13375,498,13375,0,0,0,0,4651,-28608,10326,6,4484,0,129,0,1,0,0,0,0,0,0,0,31082107,2018,0.5,1091.65,3517.87,0,53.6,97.4,67.6,40.3,60.9,524.9,57.5,615.8,148.2,146.4,1047.7,361876,1984,12.76,89,1510,2.61,1.15,29.8,39.6,60,24.55,12182373,72420,69.55,3411.43,0,1200,400,720,240,4200,7500,8500,102,1.5,6000,0,0,0,0,0,73.7,30,67.46,63,57.1,0,0
2026-08-12T13:23:27.687000+09:00,2026-08-12T04:23:27.687000+00:00,094623,2471.4,1,0,0,0,0,13375,495,13375,0,0,0,0,4651,-28608,18518,6,4480,528,129,0,1,0,0,0,0,0,0,0,31082107,2018,0.55,1048.92,3520.31,0,53.9,99.1,67.6,40.3,61.1,526,57,618.8,148.6,146.6,1045.8,361876,1984,12.7,90.1,1490,2.58,1.16,30,39.5,60,24.38,12182377,72420,71.11,3411.43,0,1200,400,720,240,4200,7500,8500,102,1.5,6000,0,0,0,0,0,72.93,30,73.31,65.5,57.1,0,0
2026-08-12T13:24:27.808000+09:00,2026-08-12T04:24:27.808000+00:00,094623,1647.1,1,0,0,0,0,13375,499,13375,0,0,0,0,4651,-28608,10326,6,4992,0,129,0,1,0,0,0,0,0,0,0,31082107,2018,0.44,576.49,2223.58,0,53.9,97.8,67.9,40.2,61.3,528,56.1,616.6,146.2,144.3,1028.4,361876,1984,12.68,90.9,1500,2.66,1.12,23.3,36.1,60,12.61,12182381,72420,77.19,3411.43,0,1200,400,720,240,4200,7500,8500,102,1.5,6000,0,0,0,0,0,66.11,30,62.8,61.63,57.1,0,0
2026-08-12T13:25:27.910000+09:00,2026-08-12T04:25:27.910000+00:00,094623,1329.7,1,0,0,0,0,13375,497,13375,0,0,0,0,4651,-28608,10326,6,4992,0,129,0,1,0,0,0,0,0,0,0,31082107,2018,0.45,527.67,1857.36,0,53.7,97.1,68.2,40.3,60.8,526.3,57.2,608.6,136.7,134.5,1023.4,361876,1984,12.85,91,1500,2.66,1.13,22.9,38.1,60,11.3,12182383,72420,62.08,3411.43,0,1200,400,720,240,4200,7500,8500,102,1.5,6000,0,0,0,0,0,66.6,30,58.77,62.27,57.1,0,0
2026-08-12T13:26:28.008000+09:00,2026-08-12T04:26:28.008000+00:00,094623,2122.3,1,0,0,0,0,13375,493,13375,0,0,0,0,4655,-26560,12374,590,4480,8200,129,0,1,0,0,0,0,0,0,0,31082107,2018,0.52,1055.02,3177.28,0,53.7,98.1,68,40.3,60.3,517.1,57.9,610.8,137.1,135,1069.2,361876,1984,12.77,90.3,1490,2.58,1.2,29.8,41.2,60,22.04,12182385,72420,64.06,3411.43,0,1200,400,720,240,4200,7500,8500,102,1.5,6000,0,0,0,0,0,72.85,30,67.98,68.1,57.1,0,0
2026-08-12T13:27:28.098000+09:00,2026-08-12T04:27:28.098000+00:00,094623,2344.4,1,0,0,0,0,13375,498,13375,0,0,0,0,4651,-28608,10326,6,4480,0,129,0,1,0,0,0,0,0,0,0,31082107,2018,0.51,1057.47,3401.9,0,53.7,98.8,68.1,40.2,60.6,522.4,57.9,615.1,146.3,144.5,1061,361876,1984,12.47,89.3,1500,2.61,1.15,29.8,40.2,60,24.51,12182389,72420,74.23,3411.43,0,1200,400,720,240,4200,7500,8500,102,1.5,6000,0,0,0,0,0,74.46,30,72.58,65.97,57.1,0,0
2026-08-12T13:28:28.202000+09:00,2026-08-12T04:28:28.202000+00:00,094623,2443.3,1,0,0,0,0,13375,496,13375,0,0,0,0,4651,-28608,18518,6,4480,528,129,0,1,0,0,0,0,0,0,0,31082107,2018,0.48,1079.44,3522.75,0,53.7,97.2,68,40.2,60.9,524.1,57.3,615.3,149.8,147.9,1066.1,361877,1985,12.68,89.2,1500,2.58,1.15,30,39.3,60,24.22,12182393,72420,76.14,3411.43,0,1200,400,720,240,4200,7500,8500,102,1.5,6000,0,0,0,0,0,74.12,30,67.58,64.39,57.1,0,0
2026-08-12T13:29:28.314000+09:00,2026-08-12T04:29:28.314000+00:00,094623,2534.9,1,0,0,0,0,13375,498,13375,0,0,0,0,4651,-28608,10326,6,4480,0,129,0,1,0,0,0,0,0,0,0,31082107,2018,0.52,1139.26,3674.12,0,53.9,97.4,68,40,61.2,524.1,56.8,618.8,150.1,148,1050.1,361877,1985,12.71,89.2,1500,2.6,1.15,30.2,38.8,60,24.55,12182397,72420,74.48,3411.43,0,1200,400,720,240,4200,7500,8500,102,1.5,6000,0,0,0,0,0,74.09,30,66.94,63.09,57.2,0,0
2026-08-12T13:30:28.440000+09:00,2026-08-12T04:30:28.440000+00:00,094623,1409.0,1,0,0,0,0,13375,498,13375,0,0,0,0,4655,-28608,10326,6,4992,0,129,0,1,0,0,0,0,0,0,0,31082107,2018,0.48,520.34,1929.38,0,53.9,98.3,68.2,40.1,61.2,529.1,55.1,614.3,142.2,140.1,1051.5,361877,1985,12.64,90.4,1500,2.66,1.13,22.7,37.1,60,11.31,12182400,72420,67.88,3411.43,0,1200,400,720,240,4200,7500,8500,102,1.5,6000,0,0,0,0,0,66.78,30,61.39,58.09,57.1,0,0
2026-08-12T13:31:28.559000+09:00,2026-08-12T04:31:28.559000+00:00,094623,1271.1,1,0,0,0,0,13375,497,13375,0,0,0,0,4651,-28608,12374,590,5024,8264,129,0,1,0,0,0,0,0,0,0,31082107,2018,0.53,488.6,1759.7,0,53.6,97.1,68.2,40.1,60.5,528.3,58,603.3,133.9,131.6,1029.1,361877,1985,12.74,92.1,1500,2.67,1.13,22.5,38.6,60,10.54,12182402,72420,61.75,3411.44,0,1200,400,720,240,4200,7500,8500,102,1.5,6000,0,0,0,0,0,67.16,30,57.23,64.51,57.1,0,0
2026-08-12T13:32:28.654000+09:00,2026-08-12T04:32:28.654000+00:00,094623,2267.5,1,0,0,0,0,13375,496,13375,0,0,0,0,4655,-28608,10326,6,4480,0,129,0,1,0,0,0,0,0,0,0,31082107,2018,0.49,1094.09,3361.61,0,53.6,99,67.9,40.1,60,518.9,56.1,609.3,138.2,136.4,1034.8,361877,1985,12.68,90.1,1500,2.6,1.17,30.1,40.4,60,23.93,12182405,72420,72.6,3411.44,0,1200,400,720,240,4200,7500,8500,102,1.5,6000,0,0,0,0,0,73.93,30,70.44,69.4,57.2,0,0
2026-08-12T13:33:28.753000+09:00,2026-08-12T04:33:28.753000+00:00,094623,2439.6,1,0,0,0,0,13375,497,13375,0,0,0,0,4651,-28608,18518,6,4480,528,129,0,1,0,0,0,0,0,0,0,31082107,2018,0.45,1129.49,3569.14,0,53.7,98.5,67.8,40,60.5,522,56.2,614.7,146,144.3,1057.4,361877,1985,12.73,88.3,1500,2.61,1.15,30.3,39.4,60,24.36,12182409,72420,73.87,3411.44,0,1200,400,720,240,4200,7500,8500,102,1.5,6000,0,0,0,0,0,73.74,30,71.49,62.27,57.2,0,0
2026-08-12T13:34:28.856000+09:00,2026-08-12T04:34:28.856000+00:00,094623,2461.6,1,0,0,0,0,13375,496,13375,0,0,0,0,4651,-28608,10326,6,4480,0,129,0,1,0,0,0,0,0,0,0,31082107,2018,0.5,1157.57,3619.19,0,53.6,97.1,67.8,39.9,60.8,524.7,55.4,617.4,148.2,146.5,1076.6,361878,1986,12.86,89.2,1500,2.58,1.16,30.3,39.2,60,24.48,12182413,72420,71.82,3411.44,0,1200,400,720,240,4200,7500,8500,102,1.5,6000,0,0,0,0,0,73.48,30,65.96,62.97,57.2,0,0
2026-08-12T13:35:28.942000+09:00,2026-08-12T04:35:28.942000+00:00,094623,2487.3,1,0,0,0,0,13375,498,13375,0,0,0,0,4655,-26560,10326,6,4480,0,129,0,1,0,0,0,0,0,0,0,31082107,2018,0.54,1008.64,3495.9,0,53.6,99.2,67.8,39.9,61,526.6,56.3,617,148.9,147,1058.9,361878,1986,12.7,90.1,1500,2.61,1.15,30,39.5,60,23.73,12182417,72420,71.9,3411.44,0,1200,400,720,240,4200,7500,8500,102,1.5,6000,0,0,0,0,0,73.26,30,72.87,65.18,57.2,0,0
2026-08-12T13:36:29.036000+09:00,2026-08-12T04:36:29.036000+00:00,094623,2432.3,1,0,0,0,0,13375,497,13375,0,0,0,0,4655,-26560,12374,590,4512,8264,129,0,1,0,0,0,0,0,0,0,31082107,2018,0.52,967.13,3399.46,0,53.6,98.1,68.3,39.8,61.1,527.9,56.6,614.4,149,147.1,1089.4,361878,1986,12.44,90.9,1500,2.6,1.15,29.8,40,60,24.2,12182421,72420,77.82,3411.44,0,1200,400,720,240,4200,7500,8500,102,1.5,6000,0,0,0,0,0,74.84,30,70.45,68.74,57.2,0,0
2026-08-12T13:37:29.129000+09:00,2026-08-12T04:37:29.129000+00:00,094623,2510.4,1,0,0,0,0,13375,497,13375,0,0,0,0,4655,-28608,10390,582,20864,0,129,0,1,0,0,0,0,0,0,0,31082107,2018,0.5,1018.4,3528.85,0,53.7,97.9,68.2,39.8,61.1,528.1,55,618.6,149.1,147.3,1066.4,361878,1986,12.68,89.7,1500,2.6,1.16,30,39.7,60,24.5,12182425,72420,76.7,3411.44,0,1200,400,720,240,4200,7500,8500,102,1.5,6000,0,0,0,0,0,74.87,30,69.71,65.43,57.2,0,0
2026-08-12T13:38:29.225000+09:00,2026-08-12T04:38:29.225000+00:00,094623,1793.6,1,0,0,0,0,13375,523,13375,0,0,0,0,4651,-28608,18518,6,4992,528,129,0,1,0,0,0,0,0,0,0,31082107,2018,0.47,746.18,2539.75,0,53.7,97.9,68,39.8,61.1,526.4,54.4,612,144,142.3,1059,361878,1986,12.7,89.9,1570,2.78,1.06,24.7,35.5,60,10.51,12182429,72420,71.71,3411.44,0,1200,400,720,240,4200,7500,8500,102,1.5,6000,0,0,0,0,0,69.92,30,65.19,60.73,57.2,0,0
2026-08-12T13:39:29.325000+09:00,2026-08-12T04:39:29.325000+00:00,094623,1622.7,1,0,0,0,0,13376,520,13376,0,0,0,0,4655,-28608,10342,6,13188,0,129,0,1,0,0,0,0,0,0,0,31082107,2018,0.51,766.93,2389.6,0,53.5,97.1,68.1,39.8,60.4,527.6,60.6,601.2,134.2,132.1,1034.4,361878,1986,12.82,91,1570,2.75,1.12,25.5,38.6,60,10.52,12182431,72420,61.92,3411.45,0,1200,400,720,240,4200,7500,8500,102,1.5,6000,0,0,0,0,0,70.03,30,61.32,64.77,57.2,0,0
2026-08-12T13:40:29.437000+09:00,2026-08-12T04:40:29.437000+00:00,094623,2249.2,1,0,0,0,0,13376,495,13376,0,0,0,0,4651,-28608,10326,6,4480,0,129,0,1,0,0,0,0,0,0,0,31082107,2018,0.48,1041.6,3290.81,0,53.4,98.2,67.8,39.8,59.9,516.8,59.9,607.6,137.4,135.6,1061,361879,1987,12.41,91.4,1500,2.6,1.17,30.1,40.7,60,23.2,12182433,72420,71.71,3411.45,0,1200,400,720,240,4200,7500,8500,102,1.5,6000,0,0,0,0,0,73.11,30,68.75,72.67,57.2,0,0
2026-08-12T13:41:29.539000+09:00,2026-08-12T04:41:29.539000+00:00,094623,2287.1,1,0,0,0,0,13376,497,13376,0,0,0,0,4651,-28608,12374,590,4512,8264,129,0,1,0,0,0,0,0,0,0,31082107,2018,0.45,962.25,3249.31,0,53.6,99,67.9,39.7,60.3,525.8,60.2,612.2,144.6,143,1061.7,361879,1987,12.59,88.2,1500,2.59,1.16,29.9,40.9,60,23.92,12182437,72420,77.11,3411.45,0,1200,400,720,240,4200,7500,8500,102,1.5,6000,0,0,0,0,0,74.01,30,73.43,62.57,57.2,0,0
2026-08-12T13:42:29.639000+09:00,2026-08-12T04:42:29.639000+00:00,094623,2146.7,1,0,0,0,0,13376,501,13376,0,0,0,0,4651,-28608,10326,6,4992,0,129,0,1,0,0,0,0,0,0,0,31082107,2018,0.47,903.65,3050.32,0,53.4,96.9,67.8,39.6,60.6,525.2,57.2,616.6,148.3,146.7,1082.2,361879,1987,12.94,89.1,1510,2.66,1.11,26.6,35.8,60,19.38,12182441,72420,70.87,3411.45,0,1200,400,720,240,4200,7500,8500,102,1.5,6000,0,0,0,0,0,69.9,30,62.66,59.36,57.2,0,0
2026-08-12T13:43:29.738000+09:00,2026-08-12T04:43:29.738000+00:00,094623,1337.0,1,0,0,0,0,13376,507,13376,0,0,0,0,4651,-28608,18518,6,4992,16,129,0,1,0,0,0,0,0,0,0,31082107,2018,0.49,549.64,1886.65,0,53.3,97.9,68.1,39.7,60.4,522.8,56.5,604.6,138,136,1045,361879,1987,12.75,91.6,1510,2.73,1.04,21.5,34.1,60,12.65,12182443,72420,62.11,3411.45,0,1200,400,720,240,4200,7500,8500,102,1.5,6000,0,0,0,0,0,66.42,30,61.11,62.84,57.3,0,0
2026-08-12T13:44:29.841000+09:00,2026-08-12T04:44:29.841000+00:00,094623,1473.7,1,0,0,0,0,13376,495,13376,0,0,0,0,4651,-28608,10326,6,4480,0,129,0,1,0,0,0,0,0,0,0,31082107,2018,0.42,583.82,2057.56,0,53,98,68.4,39.7,59.9,523.6,58.6,601.9,133.2,131.4,1070.5,361879,1987,12.64,90.8,1490,2.63,1.17,24.7,40.6,60,13.41,12182445,72420,67.54,3411.45,0,1200,400,720,240,4200,7500,8500,102,1.5,6000,0,0,0,0,0,69.28,30,62.23,64.32,57.3,0,0
2026-08-12T13:45:29.927000+09:00,2026-08-12T04:45:29.927000+00:00,094623,2271.2,1,0,0,0,0,13376,496,13376,0,0,0,0,4651,-28608,10326,6,4480,0,129,0,1,0,0,0,0,0,0,0,31082107,2018,0.52,1064.79,3335.98,0,52.9,99.4,67.8,39.6,59.7,521.6,56.2,609.5,143,141.4,1056.4,361879,1987,12.79,89.7,1500,2.61,1.14,29.6,39.8,60,24.49,12182449,72420,71.73,3411.45,0,1200,400,720,240,4200,7500,8500,102,1.5,6000,0,0,0,0,0,73.96,30,73.52,67.42,57.3,0,0
2026-08-12T13:46:30.023000+09:00,2026-08-12T04:46:30.023000+00:00,094623,2265.1,1,0,0,0,0,13376,496,13376,0,0,0,0,4651,-28608,12374,6,4512,8,129,0,1,0,0,0,0,0,0,0,31082107,2018,0.47,954.92,3220.01,0,52.7,97.3,67.4,39.5,59.9,527,56.7,612.7,145.7,144.2,1071.1,361880,1988,12.91,89.9,1500,2.61,1.16,29.8,41.1,60,24.22,12182453,72420,77.26,3411.45,0,1200,400,720,240,4200,7500,8500,102,1.5,6000,0,0,0,0,0,72.13,30,68.31,67.66,57.3,0,0
2026-08-12T13:47:30.115000+09:00,2026-08-12T04:47:30.115000+00:00,094623,2493.4,1,0,0,0,0,13376,496,13376,0,0,0,0,4651,-28608,10326,6,4480,0,129,0,1,0,0,0,0,0,0,0,31082107,2018,0.53,1103.85,3597.22,0,52.9,98.2,67,39.5,60.1,524,57,613.1,150,148.6,1073,361880,1988,12.73,89.7,1500,2.58,1.15,30.1,38.9,60,24.46,12182457,72420,74.91,3411.46,0,1200,400,720,240,4200,7500,8500,102,1.5,6000,0,0,0,0,0,69.63,30,69.56,66.69,57.3,0,0
2026-08-12T13:48:30.204000+09:00,2026-08-12T04:48:30.204000+00:00,094623,2302.9,1,0,0,0,0,13376,501,13376,0,0,0,0,4651,-28608,10326,6,4992,0,129,0,1,0,0,0,0,0,0,0,31082107,2018,0.5,978.12,3281.04,0,53.1,98.3,67.3,39.4,60.4,525.3,55.5,612.5,151.2,149.5,1073.7,361880,1988,12.69,89.5,1510,2.64,1.11,27.6,36.2,60,21.46,12182461,72420,75.88,3411.46,0,1200,400,720,240,4200,7500,8500,102,1.5,6000,0,0,0,0,0,66.94,30,69.03,63.2,57.3,0,0
2026-08-12T13:49:30.320000+09:00,2026-08-12T04:49:30.320000+00:00,094623,1818.0,1,0,0,0,0,13376,494,13376,0,0,0,0,4651,-28608,10326,6,4992,0,129,0,1,0,0,0,0,0,0,0,31082107,2018,0.49,859.71,2677.69,0,53,96.9,68.4,39.3,60.3,525.3,56.5,604.8,140,138.1,1051.9,361880,1988,12.42,90.5,1540,2.58,1.17,26.1,36.8,60,10.52,12182463,72420,62.91,3411.46,0,1200,400,720,240,4200,7500,8500,102,1.5,6000,0,0,0,0,0,64.15,30,58.13,60.17,57.3,0,0
2026-08-12T13:50:30.415000+09:00,2026-08-12T04:50:30.415000+00:00,094623,1427.3,1,0,0,0,0,13376,496,13376,0,0,0,0,4651,-28608,10326,6,4480,0,129,0,1,0,0,0,0,0,0,0,31082107,2018,0.54,587.48,2014.83,0,52.7,98,68.8,39.3,59.8,523.2,62,605,136.3,134.5,1029.5,361880,1988,12.61,90.9,1490,2.66,1.15,23.5,37.7,60,11.49,12182465,72420,61.75,3411.46,0,1200,400,720,240,4200,7500,8500,102,1.5,6000,0,0,0,0,0,66.86,30,60.88,62.61,57.3,0,0
2026-08-12T13:51:30.552000+09:00,2026-08-12T04:51:30.552000+00:00,094623,2317.6,1,0,0,0,0,13376,496,13376,0,0,0,0,4651,-28608,12374,518,4480,0,129,0,1,0,0,0,0,0,0,0,31082107,2018,0.5,1017.18,3334.76,0,52.7,99.5,68.3,39.3,59.6,520.2,58.8,612.3,144.9,143.4,1046.8,361880,1988,12.55,89.3,1500,2.61,1.14,29.9,40,60,23.33,12182469,72420,76.66,3411.46,0,1200,400,720,240,4200,7500,8500,102,1.5,6000,0,0,0,0,0,73.82,30,73.68,66.89,57.3,0,0
2026-08-12T13:52:30.603000+09:00,2026-08-12T04:52:30.603000+00:00,094623,2464.1,1,0,0,0,0,13376,495,13376,0,0,0,0,4655,-28608,10326,6,4480,0,129,0,1,0,0,0,0,0,0,0,31082107,2018,0.47,1040.38,3504.44,0,52.6,97.5,68.2,39.3,59.9,522.7,56.2,613.4,148,146.2,1082,361881,1989,12.74,88.9,1490,2.61,1.15,30.3,39.9,60,24.47,12182473,72420,73.03,3411.46,0,1200,400,720,240,4200,7500,8500,102,1.5,6000,0,0,0,0,0,73.92,30,68.96,63.58,57.3,0,0
2026-08-12T13:53:30.710000+09:00,2026-08-12T04:53:30.710000+00:00,094623,1954.7,1,0,0,0,0,13376,502,13376,0,0,0,0,4651,-28608,10326,6,4992,0,129,0,1,0,0,0,0,0,0,0,31082107,2018,0.49,722.98,2677.69,0,52.8,97.5,67.9,39.2,60.2,526,54.7,617.1,149.6,147.8,1076.9,361881,1989,12.65,89.3,1510,2.69,1.1,25.1,35.5,60,16.32,12182477,72420,71.87,3411.46,0,1200,400,720,240,4200,7500,8500,102,1.5,6000,0,0,0,0,0,67.84,30,62.17,58.26,57.4,0,0
2026-08-12T13:54:30.811000+09:00,2026-08-12T04:54:30.811000+00:00,094623,1434.7,1,0,0,0,0,13376,498,13376,0,0,0,0,4651,-28608,10390,6,21376,0,129,0,1,0,0,0,0,0,0,0,31082107,2018,0.51,544.75,1979.43,0,52.5,97.4,68,39.2,60,523.7,56.9,610.6,139.5,137.5,1065.6,361881,1989,12.84,90.5,1500,2.68,1.13,23.2,37,60,11.32,12182479,72420,61.69,3411.46,0,1200,400,720,240,4200,7500,8500,102,1.5,6000,0,0,0,0,0,65.22,30,59.04,59.14,57.4,0,0
2026-08-12T13:55:30.890000+09:00,2026-08-12T04:55:30.890000+00:00,094623,1664.2,1,0,0,0,0,13376,493,13376,0,0,0,0,4651,-28608,10326,6,4480,0,129,0,1,0,0,0,0,0,0,0,31082107,2018,0.46,707.11,2371.29,0,52.4,97.9,68,39.2,59.4,519.8,57.4,606.5,135.6,133.6,1045,361881,1989,12.69,92.1,1490,2.62,1.21,26.4,41.3,60,16.6,12182481,72420,62.71,3411.46,0,1200,400,720,240,4200,7500,8500,102,1.5,6000,0,0,0,0,0,68.66,30,62.82,68.85,57.4,0,0
2026-08-12T13:56:30.997000+09:00,2026-08-12T04:56:30.997000+00:00,094623,2289.5,1,0,0,0,0,13376,497,13376,0,0,0,0,4651,-28608,18582,6,20864,528,129,0,1,0,0,0,0,0,0,0,31082107,2018,0.47,924.41,3213.9,0,52.3,99.9,67.9,39.2,59.4,522.3,56.8,614.8,145,143.5,1057.2,361881,1989,12.87,88.5,1500,2.63,1.14,29.7,40.7,60,24.07,12182485,72420,79.88,3411.47,0,1200,400,720,240,4200,7500,8500,102,1.5,6000,0,0,0,0,0,72.84,30,74.42,63.62,57.4,0,0
2026-08-12T13:57:31.084000+09:00,2026-08-12T04:57:31.084000+00:00,094623,2436.0,1,0,0,0,0,13376,497,13376,0,0,0,0,4655,-28608,10326,6,4480,0,129,0,1,0,0,0,0,0,0,0,31082107,2018,0.45,1083.1,3519.09,0,52.2,96.5,68,39.1,59.7,522.1,57.1,618.4,148.1,146.6,1111.8,361881,1989,12.75,88.8,1500,2.62,1.15,30.1,39.4,60,24.55,12182489,72420,72.68,3411.47,0,1200,400,720,240,4200,7500,8500,102,1.5,6000,0,0,0,0,0,73.16,30,64.74,62.17,57.4,0,0
2026-08-12T13:58:31.167000+09:00,2026-08-12T04:58:31.167000+00:00,094623,2450.6,1,0,0,0,0,13376,495,13376,0,0,0,0,4655,-26560,10342,590,12676,8192,129,0,1,0,0,0,0,0,0,0,31082107,2018,0.52,1008.64,3459.27,0,52.4,98.3,67.8,39,59.9,525.5,56.1,619.5,149.2,147.6,1077.2,361882,1990,12.26,89.2,1500,2.61,1.15,30,39.9,60,24.27,12182493,72420,72.24,3411.47,0,1200,400,720,240,4200,7500,8500,102,1.5,6000,0,0,0,0,0,72.33,30,68.7,61.84,57.4,0,0
2026-08-12T13:59:31.279000+09:00,2026-08-12T04:59:31.279000+00:00,094623,2569.0,1,0,0,0,0,13376,496,13376,0,0,0,0,4651,-28608,10326,6,4480,8,129,0,1,0,0,0,0,0,0,0,31082107,2018,0.53,1072.12,3641.16,0,52.7,98.7,67.8,38.9,60.1,524.3,56.1,620.5,150.2,148.4,1066.2,361882,1990,12.59,89.7,1500,2.61,1.17,30.5,39.4,60,24.51,12182497,72420,73.18,3411.47,0,1200,400,720,240,4200,7500,8500,102,1.5,6000,0,0,0,0,0,71.93,30,71.22,62.41,57.4,0,0
2026-08-12T14:00:31.386000+09:00,2026-08-12T05:00:31.386000+00:00,094623,1451.8,1,0,0,0,0,13376,497,13376,0,0,0,0,4651,-28608,10326,6,4992,0,129,0,1,0,0,0,0,0,0,0,31082107,2018,0.47,495.93,1947.69,0,52.8,97.4,68,38.9,60.2,527.7,56.9,610.2,143.5,141.7,1047.6,361882,1990,12.17,91,1500,2.69,1.12,22.8,37,60,11.35,12182500,72420,67.61,3411.47,0,1200,400,720,240,4200,7500,8500,102,1.5,6000,0,0,0,0,0,64.27,30,59.26,58.6,57.4,0,0
2026-08-12T14:01:31.480000+09:00,2026-08-12T05:01:31.480000+00:00,094623,1313.8,1,0,0,0,0,13376,497,13376,0,0,0,0,4651,-28608,18518,6,4992,528,129,0,1,0,0,0,0,0,0,0,31082107,2018,0.46,505.69,1819.51,0,52.7,97.5,68.2,38.9,59.6,526.5,58.4,603.5,135,133,1055.7,361882,1990,12.71,91.8,1500,2.69,1.13,22.7,38.4,60,11.09,12182502,72420,66.71,3411.47,0,1200,400,720,240,4200,7500,8500,102,1.5,6000,0,0,0,0,0,65.11,30,58.53,63.85,57.5,0,0
2026-08-12T14:02:31.582000+09:00,2026-08-12T05:02:31.582000+00:00,094623,2360.3,1,0,0,0,0,13376,498,13376,0,0,0,0,4651,-28608,10326,6,4480,0,129,0,1,0,0,0,0,0,0,0,31082107,2018,0.53,1050.14,3410.44,0,52.6,98.2,68,39,59.2,515.8,57.2,610.8,140.8,139,1081.4,361882,1990,12.7,90.1,1500,2.64,1.16,30.1,39.6,60,24,12182505,72420,66.48,3411.47,0,1200,400,720,240,4200,7500,8500,102,1.5,6000,0,0,0,0,0,72.63,30,68.44,67.7,57.4,0,0
2026-08-12T14:03:31.671000+09:00,2026-08-12T05:03:31.671000+00:00,094623,2178.4,1,0,0,0,0,13376,496,13376,0,0,0,0,4651,-28608,10326,6,4480,0,129,0,1,0,0,0,0,0,0,0,31082107,2018,0.49,876.8,3055.21,0,52.7,98.5,68,38.9,59.5,527.1,58,612.4,145.2,143.6,1039.9,361882,1990,12.71,89.4,1500,2.63,1.16,29.5,42.1,60,24.5,12182509,72420,74.58,3411.47,0,1200,400,720,240,4200,7500,8500,102,1.5,6000,0,0,0,0,0,72.82,30,70.96,65.37,57.4,0,0
2026-08-12T14:04:31.753000+09:00,2026-08-12T05:04:31.753000+00:00,094623,2615.4,1,0,0,0,0,13376,496,13376,0,0,0,0,4655,-28608,12374,6,5024,72,129,0,1,0,0,0,0,0,0,0,31082107,2018,0.5,1163.67,3779.11,0,52.8,97.2,67.9,38.9,59.7,522.1,56.5,615.7,150,148.7,1067.5,361883,1991,12.81,89.3,1500,2.63,1.15,30.6,38.7,60,24.44,12182513,72420,74.92,3411.48,0,1200,400,720,240,4200,7500,8500,102,1.5,6000,0,0,0,0,0,72.56,30,66.26,64.25,57.5,0,0
2026-08-12T14:05:31.845000+09:00,2026-08-12T05:05:31.845000+00:00,094623,1339.5,1,0,0,0,0,13376,494,13376,0,0,0,0,4651,-28608,10326,6,4992,0,129,0,1,0,0,0,0,0,0,0,31082107,2018,0.49,515.46,1854.91,0,52.5,97.8,68,38.9,59.8,524.4,57.1,607.2,141.8,139.9,1053.6,361883,1991,12.93,89.8,1480,2.68,1.06,21.8,35.1,60,11.43,12182515,72420,64.13,3411.48,0,1200,400,720,240,4200,7500,8500,102,1.5,6000,0,0,0,0,0,64.62,30,59.72,56.84,57.5,0,0
2026-08-12T14:06:31.957000+09:00,2026-08-12T05:06:31.957000+00:00,094623,1343.1,1,0,0,0,0,13376,504,13376,0,0,0,0,4651,-28608,18518,6,4992,528,129,0,1,0,0,0,0,0,0,0,31082107,2018,0.51,609.45,1952.57,0,52.5,97.2,68,38.9,59.3,520.6,56.5,603.5,136.6,134.8,1028.5,361883,1991,12.45,91.1,1500,2.72,1.05,21.8,33.8,60,13.48,12182517,72420,58.94,3411.48,0,1200,400,720,240,4200,7500,8500,102,1.5,6000,0,0,0,0,0,64.72,30,56.82,60.98,57.5,0,0
2026-08-12T14:07:32.046000+09:00,2026-08-12T05:07:32.046000+00:00,094623,2337.1,1,0,0,0,0,13376,496,13376,0,0,0,0,4651,-28608,10326,6,4480,0,129,0,1,0,0,0,0,0,0,0,31082107,2018,0.48,967.13,3304.24,0,52.5,98.9,68,38.9,59.2,517.4,59.1,614,144,142.5,1067.9,361883,1991,12.7,89.7,1500,2.64,1.14,30,40,60,24.38,12182520,72420,80.24,3411.48,0,1200,400,720,240,4200,7500,8500,102,1.5,6000,0,0,0,0,0,72.42,30,69.98,67.12,57.5,0,0
2026-08-12T14:08:32.125000+09:00,2026-08-12T05:08:32.125000+00:00,094623,2356.6,1,0,0,0,0,13376,496,13376,0,0,0,0,4651,-28608,10326,6,4480,0,129,0,1,0,0,0,0,0,0,0,31082107,2018,0.41,957.37,3314,0,52.1,97.2,68,38.8,59.5,523.2,58.9,617,147.5,145.9,1050.4,361883,1991,12.82,88.2,1500,2.64,1.15,29.9,40.4,60,24.51,12182525,72420,73.85,3411.48,0,1200,400,720,240,4200,7500,8500,102,1.5,6000,0,0,0,0,0,72.61,30,66.61,60.11,57.5,0,0
2026-08-12T14:09:32.228000+09:00,2026-08-12T05:09:32.228000+00:00,094623,2661.8,1,0,0,0,0,13376,496,13376,0,0,0,0,4651,-28608,12374,6,4512,72,129,0,1,0,0,0,0,0,0,0,31082107,2018,0.53,1239.36,3901.18,0,52.1,97.8,67.5,38.7,59.7,520.9,56.8,615.5,150.1,148.3,1056.4,361883,1991,12.86,89.3,1500,2.61,1.17,31,38.4,60,24.3,12182529,72420,71.26,3411.48,0,1200,400,720,240,4200,7500,8500,102,1.5,6000,0,0,0,0,0,70.69,30,66.38,61.59,57.5,0,0
2026-08-12T14:10:32.329000+09:00,2026-08-12T05:10:32.329000+00:00,094623,1466.4,1,0,0,0,0,13376,515,13376,0,0,0,0,4655,-28608,10326,6,4992,0,129,0,1,0,0,0,0,0,0,0,31082107,2018,0.46,622.88,2089.3,0,52.1,98,67.9,38.7,59.7,521.8,58,610.2,142.2,140,1050.6,361884,1992,12.75,91.1,1540,2.82,1.03,21.8,32.8,60,14.88,12182531,72420,67.82,3411.48,0,1200,400,720,240,4200,7500,8500,102,1.5,6000,0,0,0,0,0,63.43,30,60.62,59.35,57.5,0,0
2026-08-12T14:11:32.405000+09:00,2026-08-12T05:11:32.405000+00:00,094623,1426.1,1,0,0,0,0,13376,518,13376,0,0,0,0,4655,-28608,18518,6,4992,528,129,0,1,0,0,0,0,0,0,0,31082107,2018,0.43,575.27,2001.4,0,52,97.5,68.3,38.8,59.2,520.5,57.6,604.7,135.5,133.4,1046.7,361884,1992,12.76,90.9,1550,2.83,1.03,22.3,34.4,60,15.92,12182533,72420,64.21,3411.48,0,1200,400,720,240,4200,7500,8500,102,1.5,6000,0,0,0,0,0,65.27,30,57.67,61.01,57.5,0,0
2026-08-12T14:12:32.489000+09:00,2026-08-12T05:12:32.489000+00:00,094623,2136.9,1,0,0,0,0,13376,496,13376,0,0,0,0,4655,-28608,10326,6,4480,0,129,0,1,0,0,0,0,0,0,0,31082107,2018,0.51,892.67,3029.57,0,51.9,98.4,67.8,38.8,58.8,521.2,57.1,612.1,139.8,138.1,1056.9,361884,1992,12.84,89.8,1500,2.62,1.15,29.4,41.5,60,24.28,12182536,72420,68.33,3411.48,0,1200,400,720,240,4200,7500,8500,102,1.5,6000,0,0,0,0,0,71.28,30,68.11,65.54,57.5,0,0
2026-08-12T14:13:32.585000+09:00,2026-08-12T05:13:32.585000+00:00,094623,2147.9,1,0,0,0,0,13376,496,13376,0,0,0,0,4651,-28608,10390,6,20864,0,129,0,1,0,0,0,0,0,0,0,31082107,2018,0.48,842.62,2990.51,0,51.8,98.3,67.7,38.7,58.9,528.5,57.6,611.4,143.6,141.9,1035.3,361884,1992,12.82,89.2,1500,2.64,1.16,29.5,42.7,60,24.47,12182540,72420,75.33,3411.49,0,1200,400,720,240,4200,7500,8500,102,1.5,6000,0,0,0,0,0,70.71,30,68.95,62.96,57.5,0,0
2026-08-12T14:14:32.702000+09:00,2026-08-12T05:14:32.702000+00:00,094623,2304.2,1,0,0,0,0,13376,497,13376,0,0,0,0,4651,-28608,12374,6,4512,72,129,0,1,0,0,0,0,0,0,0,31082107,2018,0.49,898.77,3202.92,0,52,97,67.6,38.7,59.1,526.9,58.2,613.4,146.6,144.9,1046,361884,1992,12.77,89.2,1500,2.63,1.15,29.6,41.1,60,24.21,12182545,72420,73.22,3411.49,0,1200,400,720,240,4200,7500,8500,102,1.5,6000,0,0,0,0,0,69.76,30,64.15,61.49,57.5,0,0
2026-08-12T14:15:32.813000+09:00,2026-08-12T05:15:32.813000+00:00,094623,2428.7,1,0,0,0,0,13376,495,13376,0,0,0,0,4655,-28608,10390,6,20864,0,129,0,1,0,0,0,0,0,0,0,31082107,2018,0.53,1004.97,3433.64,0,52.1,98,67.5,38.6,59.3,526.4,58.7,614.5,149.5,147.9,1070,361884,1992,12.61,89.8,1500,2.66,1.16,30.2,40.5,60,24.32,12182548,72420,73.02,3411.49,0,1200,400,720,240,4200,7500,8500,102,1.5,6000,0,0,0,0,0,68.77,30,66.28,62.44,57.5,0,0
2026-08-12T14:16:32.900000+09:00,2026-08-12T05:16:32.900000+00:00,094623,1763.1,1,0,0,0,0,13376,498,13376,0,0,0,0,4655,-28608,18518,6,4992,528,129,0,1,0,0,0,0,0,0,0,31082107,2018,0.5,624.1,2387.16,0,52.2,98.5,67.8,38.6,59.6,526.8,57.7,613.8,149.1,147.6,1081,361885,1993,12.28,90.1,1500,2.71,1.13,24,35.7,60,13.31,12182552,72420,74.73,3411.49,0,1200,400,720,240,4200,7500,8500,102,1.5,6000,0,0,0,0,0,62.06,30,61.34,56.19,57.5,0,0
2026-08-12T14:17:32.993000+09:00,2026-08-12T05:17:32.993000+00:00,094623,1322.4,1,0,0,0,0,13376,497,13376,0,0,0,0,4651,-28608,10342,6,13188,0,129,0,1,0,0,0,0,0,0,0,31082107,2018,0.49,572.83,1895.2,0,51.9,97.4,68.4,38.6,59.3,522.2,57.7,605,139.3,137.3,1040.8,361885,1993,12.26,90.5,1490,2.7,1.06,21.8,34.6,60,11.73,12182554,72420,62.7,3411.49,0,1200,400,720,240,4200,7500,8500,102,1.5,6000,0,0,0,0,0,63.03,30,56.46,57.26,57.5,0,0
2026-08-12T14:18:33.083000+09:00,2026-08-12T05:18:33.083000+00:00,094623,2033.1,1,0,0,0,0,13376,494,13376,0,0,0,0,4655,-28608,10326,590,4480,8192,129,0,1,0,0,0,0,0,0,0,31082107,2018,0.45,892.67,2925.81,0,51.8,98.3,68.5,38.6,58.8,515.8,58,604.7,138.2,136.3,1044.1,361885,1993,12.06,92.2,1490,2.62,1.2,29,41.2,60,20.43,12182556,72420,65.56,3411.49,0,1200,400,720,240,4200,7500,8500,102,1.5,6000,0,0,0,0,0,70,30,65.23,70.32,57.6,0,0
2026-08-12T14:19:33.176000+09:00,2026-08-12T05:19:33.176000+00:00,094623,2360.3,1,0,0,0,0,13376,497,13376,0,0,0,0,4655,-28608,12374,6,4512,72,129,0,1,0,0,0,0,0,0,0,31082107,2018,0.44,1039.16,3399.46,0,51.9,99.8,68.1,38.5,59,521.6,57.8,611.9,147.7,146,1094.4,361885,1993,12.58,88,1500,2.65,1.15,30.1,40.2,60,24.23,12182560,72420,79.49,3411.49,0,1200,400,720,240,4200,7500,8500,102,1.5,6000,0,0,0,0,0,71.41,30,73.02,59.99,57.5,0,0
2026-08-12T14:20:33.282000+09:00,2026-08-12T05:20:33.282000+00:00,094623,2396.9,1,0,0,0,0,13376,503,13376,0,0,0,0,4651,-28608,10326,6,4992,0,129,0,1,0,0,0,0,0,0,0,31082107,2018,0.46,1036.71,3433.64,0,51.6,96.5,67.8,38.3,59.3,521.3,57.7,617.3,151.1,149.3,1108.4,361885,1993,12.76,88.6,1520,2.68,1.11,28.2,36.1,60,22.15,12182564,72420,71.66,3411.49,0,1200,400,720,240,4200,7500,8500,102,1.5,6000,0,0,0,0,0,68.68,30,61.26,57.38,57.5,0,0
2026-08-12T14:21:33.390000+09:00,2026-08-12T05:21:33.390000+00:00,094623,1410.3,1,0,0,0,0,13376,493,13376,0,0,0,0,4651,-28608,18518,6,4992,0,129,0,1,0,0,0,0,0,0,0,31082107,2018,0.51,469.07,1879.33,0,51.5,98.3,67.9,38.4,59.1,525.9,57.1,605.2,140.1,138,1039.8,361885,1993,12.75,91.2,1410,2.69,1.69,24.3,39.5,60,11.22,12182567,72420,57.95,3411.5,0,1200,400,720,240,4200,7500,8500,102,1.5,6000,0,0,0,0,0,62.27,30,59.71,58.19,57.5,0,0
2026-08-12T14:22:33.480000+09:00,2026-08-12T05:22:33.480000+00:00,094623,1300.4,1,0,0,0,0,13376,498,13376,0,0,0,0,4651,-28608,10326,6,4480,0,129,0,1,0,0,0,0,0,0,0,31082107,2018,0.45,502.03,1802.42,0,51.5,97.2,68.2,38.4,58.5,526.2,57.2,597.6,134.1,132.1,1023.1,361886,1994,12.75,91.8,1500,2.72,1.14,22.6,38.6,60,11.32,12182569,72420,68.54,3411.5,0,1200,400,720,240,4200,7500,8500,102,1.5,6000,0,0,0,0,0,63.42,30,56.09,63.22,57.5,0,0
2026-08-12T14:23:33.559000+09:00,2026-08-12T05:23:33.559000+00:00,094623,2431.1,1,0,0,0,0,13376,499,13376,0,0,0,0,4651,-28608,10326,6,4480,0,129,0,1,0,0,0,0,0,0,0,31082107,2018,0.52,983,3414.11,0,51.4,99.4,67.9,38.4,58.3,518.2,56.8,609.7,143.9,142.4,1076.2,361886,1994,12.35,89.4,1510,2.66,1.14,30.2,39.7,60,24.42,12182572,72420,71.88,3411.5,0,1200,400,720,240,4200,7500,8500,102,1.5,6000,0,0,0,0,0,70.76,30,70.7,64.96,57.6,0,0
2026-08-12T14:24:33.664000+09:00,2026-08-12T05:24:33.664000+00:00,094623,2309.0,1,0,0,0,0,13376,497,13376,0,0,0,0,4651,-28608,12374,6,4512,8,129,0,1,0,0,0,0,0,0,0,31082107,2018,0.45,926.85,3235.88,0,51.4,97.3,67.9,38.3,58.7,524.3,57.1,613,147.8,146.2,1053.5,361886,1994,12.61,88.8,1500,2.65,1.16,30,41.4,60,24.19,12182576,72420,75.1,3411.5,0,1200,400,720,240,4200,7500,8500,102,1.5,6000,0,0,0,0,0,70.5,30,66.04,61.76,57.5,0,0
2026-08-12T14:25:33.753000+09:00,2026-08-12T05:25:33.753000+00:00,094623,2407.9,1,0,0,0,0,13376,498,13376,0,0,0,0,4651,-28608,10326,6,4480,0,129,0,1,0,0,0,0,0,0,0,31082107,2018,0.51,981.78,3389.69,0,51.5,98.1,67.9,38.2,59,524.4,56.6,615.4,150,148.3,1040.9,361886,1994,12.73,89,1500,2.64,1.14,29.7,39.6,60,24.6,12182580,72420,72.66,3411.5,0,1200,400,720,240,4200,7500,8500,102,1.5,6000,0,0,0,0,0,70.4,30,67.12,60.78,57.6,0,0
2026-08-12T14:26:33.861000+09:00,2026-08-12T05:26:33.861000+00:00,094623,2510.4,1,0,0,0,0,13376,495,13376,0,0,0,0,4651,-28608,10326,6,4480,0,129,0,1,0,0,0,0,0,0,0,31082107,2018,0.54,1081.88,3592.33,0,51.7,98.7,68,38.2,59.2,525.4,56.4,612.8,150.3,148.4,1044.4,361886,1994,12.8,89.9,1500,2.62,1.16,30.4,39.8,60,24.4,12182584,72420,72.15,3411.5,0,1200,400,720,240,4200,7500,8500,102,1.5,6000,0,0,0,0,0,70.48,30,70.14,62.46,57.5,0,0
2026-08-12T14:27:33.956000+09:00,2026-08-12T05:27:33.956000+00:00,094623,1500.6,1,0,0,0,0,13376,503,13376,0,0,0,0,4655,-28608,10326,6,4992,0,129,0,1,0,0,0,0,0,0,0,31082107,2018,0.49,592.36,2092.96,0,51.7,97.7,68.1,38.1,59.3,523.6,55.4,609.3,146.8,144.8,1030.3,361886,1994,12.67,91,1500,2.74,1.03,21.6,32.6,60,11.85,12182587,72420,72.38,3411.5,0,1200,400,720,240,4200,7500,8500,102,1.5,6000,0,0,0,0,0,62.86,30,59.58,58.55,57.6,0,0
2026-08-12T14:28:34.050000+09:00,2026-08-12T05:28:34.050000+00:00,094623,1370.0,1,0,0,0,0,13376,506,13376,0,0,0,0,4655,-28608,10326,518,4992,0,129,0,1,0,0,0,0,0,0,0,31082107,2018,0.43,602.13,1972.11,0,51.7,98.1,68.5,38.2,59,520.4,57.5,605.3,139.5,137.5,1051.9,361887,1995,12.77,91.1,1500,2.75,1.04,21.8,33.6,60,11.09,12182589,72420,65.01,3411.5,0,1200,400,720,240,4200,7500,8500,102,1.5,6000,0,0,0,0,0,64.63,30,60.21,61.21,57.5,0,0
2026-08-12T14:29:34.150000+09:00,2026-08-12T05:29:34.150000+00:00,094623,2252.9,1,0,0,0,0,13376,495,13376,0,0,0,0,4651,-28608,8278,6,4480,0,129,0,1,0,0,0,0,0,0,0,31082107,2018,0.51,1037.93,3290.81,0,51.8,97.7,68.3,38.2,58.7,516.1,56.2,606.9,142,140.1,1052.8,361887,1995,12.84,91.1,1500,2.64,1.17,30,40.6,60,23.32,12182592,72420,66.22,3411.5,0,1200,400,720,240,4200,7500,8500,102,1.5,6000,0,0,0,0,0,72.11,30,66.66,70.19,57.5,0,0
2026-08-12T14:30:34.240000+09:00,2026-08-12T05:30:34.240000+00:00,094623,2074.3,1,0,0,0,0,13376,496,13376,0,0,0,0,4651,-28608,10326,6,4480,0,129,0,1,0,0,0,0,0,0,0,31082107,2018,0.45,736.41,2810.75,0,51.9,99,68,38.1,58.9,528.3,55.7,610.4,146.5,144.6,1033.6,361887,1995,12.75,88.4,1500,2.64,1.14,29,42.9,60,24.47,12182596,72420,78.26,3411.5,0,1200,400,720,240,4200,7500,8500,102,1.5,6000,0,0,0,0,0,71.8,30,72.47,61.66,57.5,0,0
2026-08-12T14:31:34.335000+09:00,2026-08-12T05:31:34.335000+00:00,094623,2112.5,1,0,0,0,0,13376,497,13376,0,0,0,0,4655,-26560,10326,6,4480,0,129,0,1,0,0,0,0,0,0,0,31082107,2018,0.49,825.53,2938.02,0,51.8,96.6,67.8,38.1,58.9,530.4,56.8,609.9,145.9,144.1,1033.4,361887,1995,12.71,89.4,1500,2.64,1.17,29.5,43.4,60,23.63,12182600,72420,70.97,3411.51,0,1200,400,720,240,4200,7500,8500,102,1.5,6000,0,0,0,0,0,71.17,30,63.91,63.01,57.5,0,0
2026-08-12T14:32:34.425000+09:00,2026-08-12T05:32:34.425000+00:00,094623,2305.4,1,0,0,0,0,13376,496,13376,0,0,0,0,4651,-28608,10390,6,20864,0,129,0,1,0,0,0,0,0,0,0,31082107,2018,0.53,869.47,3174.84,0,51.8,99.3,67.3,38.1,58.9,529,55.1,610.6,148.8,147.1,1026.9,361887,1995,12.46,89.8,1500,2.63,1.16,29.7,41.8,60,24.51,12182604,72420,74.36,3411.51,0,1200,400,720,240,4200,7500,8500,102,1.5,6000,0,0,0,0,0,68.91,30,72.35,63.58,57.5,0,0
2026-08-12T14:33:34.537000+09:00,2026-08-12T05:33:34.537000+00:00,094623,2289.5,1,0,0,0,0,13376,501,13376,0,0,0,0,4651,-28608,10326,6,4992,0,129,0,1,0,0,0,0,0,0,0,31082107,2018,0.51,935.39,3224.89,0,51.9,97.2,67.3,38,59.2,525.7,56.1,617.8,151.6,149.9,1066.7,361887,1995,12.79,90.6,1510,2.71,1.11,27,36,60,19.44,12182608,72420,74.14,3411.51,0,1200,400,720,240,4200,7500,8500,102,1.5,6000,0,0,0,0,0,64.38,30,62.89,62.82,57.5,0,0
2026-08-12T14:34:34.633000+09:00,2026-08-12T05:34:34.633000+00:00,094623,1500.6,1,0,0,0,0,13376,517,13376,0,0,0,0,4655,-28608,18518,582,21376,528,129,0,1,0,0,0,0,0,0,0,31082107,2018,0.5,637.53,2138.13,0,51.7,97.8,68.4,38,59.1,520.7,57.7,608,141.8,139.8,1038.2,361888,1996,12.77,90.6,1550,2.85,1.03,22.2,33,60,13.44,12182610,72420,64.83,3411.51,0,1200,400,720,240,4200,7500,8500,102,1.5,6000,0,0,0,0,0,63.16,30,59.8,59.45,57.5,0,0
2026-08-12T14:35:34.707000+09:00,2026-08-12T05:35:34.707000+00:00,094623,1575.1,1,0,0,0,0,13376,493,13376,0,0,0,0,4651,-28608,10326,6,4480,0,129,0,1,0,0,0,0,0,0,0,31082107,2018,0.43,676.59,2251.66,0,51.5,97.5,68.7,38,58.8,519.7,55.6,605.5,138.6,136.6,1034.8,361888,1996,12.62,90.9,1480,2.68,1.18,25,38.8,60,13.25,12182612,72420,64.39,3411.51,0,1200,400,720,240,4200,7500,8500,102,1.5,6000,0,0,0,0,0,66.11,30,59.07,62.74,57.6,0,0
2026-08-12T14:36:34.811000+09:00,2026-08-12T05:36:34.811000+00:00,094623,2339.6,1,0,0,0,0,13376,498,13376,0,0,0,0,4651,-28608,10342,6,12676,0,129,0,1,0,0,0,0,0,0,0,31082107,2018,0.54,1001.31,3340.86,0,51.5,99.3,68.2,38,58.7,520.3,54.8,611,148,146.5,1058.9,361888,1996,12.71,89.7,1510,2.66,1.15,30.1,40.5,60,24.48,12182616,72420,73.01,3411.51,0,1200,400,720,240,4200,7500,8500,102,1.5,6000,0,0,0,0,0,71.95,30,71.61,66.07,57.5,0,0
2026-08-12T14:37:34.892000+09:00,2026-08-12T05:37:34.892000+00:00,094623,2486.0,1,0,0,0,0,13376,498,13376,0,0,0,0,4651,-28608,10326,6,4480,8,129,0,1,0,0,0,0,0,0,0,31082107,2018,0.5,990.33,3476.36,0,51.4,97.9,68.1,37.9,59,521.6,55.7,615.7,150.9,149.3,1152.2,361888,1996,12.74,89.2,1510,2.66,1.15,30.3,39.9,60,24.56,12182620,72420,77.35,3411.51,0,1200,400,720,240,4200,7500,8500,102,1.5,6000,0,0,0,0,0,71.82,30,68.69,63.73,57.5,0,0
2026-08-12T14:38:34.987000+09:00,2026-08-12T05:38:34.987000+00:00,094623,2443.3,1,0,0,0,0,13376,497,13376,0,0,0,0,4651,-28608,10326,518,4480,0,129,0,1,0,0,0,0,0,0,0,31082107,2018,0.52,975.68,3418.99,0,51.3,97.4,68.1,37.8,59.2,525,57.3,616.5,152.2,150.3,1076.2,361888,1996,12.93,89.4,1500,2.66,1.15,29.9,40.2,60,24.31,12182624,72420,73.79,3411.51,0,1200,400,720,240,4200,7500,8500,102,1.5,6000,0,0,0,0,0,71.97,30,66.18,63.4,57.6,0,0
2026-08-12T14:39:35.082000+09:00,2026-08-12T05:39:35.082000+00:00,094623,2481.1,1,0,0,0,0,13376,498,13376,0,0,0,0,4651,-28608,18518,6,4480,528,129,0,1,0,0,0,0,0,0,0,31082107,2018,0.55,1042.82,3523.97,0,51.4,98.5,68.1,37.7,59.3,525.7,55.5,616.4,153.1,151.3,1073.1,361888,1996,12.65,89.7,1500,2.67,1.15,29.9,39.5,60,24.47,12182628,72420,73.48,3411.52,0,1200,400,720,240,4200,7500,8500,102,1.5,6000,0,0,0,0,0,72.13,30,69.46,63.67,57.5,0,0
2026-08-12T14:40:35.173000+09:00,2026-08-12T05:40:35.173000+00:00,094623,2569.0,1,0,0,0,0,13376,495,13376,0,0,0,0,4655,-26560,10326,590,4480,8192,129,0,1,0,0,0,0,0,0,0,31082107,2018,0.56,1069.67,3638.72,0,51.6,99,68.1,37.7,59.4,525.9,55.1,616.4,153.8,152,1077.5,361889,1997,12.76,89.9,1490,2.64,1.15,30,38.9,60,24.5,12182632,72420,73.91,3411.52,0,1200,400,720,240,4200,7500,8500,102,1.5,6000,0,0,0,0,0,72.23,30,72.14,63.75,57.5,0,0
2026-08-12T14:41:35.263000+09:00,2026-08-12T05:41:35.263000+00:00,094623,1394.4,1,0,0,0,0,13376,515,13376,0,0,0,0,4651,-28608,10326,6,4992,0,129,0,1,0,0,0,0,0,0,0,31082107,2018,0.51,484.94,1879.33,0,51.7,96.7,67.9,37.7,59.3,525.6,55,607.3,143.8,141.6,1064.7,361889,1997,12.91,89.5,1540,2.84,1.03,21.6,34.3,60,13.56,12182635,72420,68.81,3411.52,0,1200,400,720,240,4200,7500,8500,102,1.5,6000,0,0,0,0,0,63.95,30,57.35,54.94,57.5,0,0
2026-08-12T14:42:35.366000+09:00,2026-08-12T05:42:35.366000+00:00,094623,1484.7,1,0,0,0,0,13376,518,13376,0,0,0,0,4655,-28608,12374,6,5024,72,129,0,1,0,0,0,0,0,0,0,31082107,2018,0.44,613.12,2097.84,0,51.5,98.2,67.8,37.8,58.7,522.3,55.9,600.6,136.8,134.8,1060,361889,1997,12.82,91.9,1550,2.85,1.06,22.5,34.7,60,15.19,12182637,72420,60.19,3411.52,0,1200,400,720,240,4200,7500,8500,102,1.5,6000,0,0,0,0,0,63.98,30,61.18,63.4,57.5,0,0
2026-08-12T14:43:35.455000+09:00,2026-08-12T05:43:35.455000+00:00,094623,2478.7,1,0,0,0,0,13376,497,13376,0,0,0,0,4651,-28608,10326,6,4480,0,129,0,1,0,0,0,0,0,0,0,31082107,2018,0.46,1059.91,3538.62,0,51.6,98.4,67.8,37.8,58.4,516.6,56.6,615,145.1,143.4,1042.7,361889,1997,12.75,89.5,1500,2.68,1.15,30.3,39.6,60,24.3,12182640,72420,78.84,3411.52,0,1200,400,720,240,4200,7500,8500,102,1.5,6000,0,0,0,0,0,70.76,30,68.84,66.61,57.5,0,0
2026-08-12T14:44:35.545000+09:00,2026-08-12T05:44:35.545000+00:00,094623,2597.1,1,0,0,0,0,13376,495,13376,0,0,0,0,4655,-26560,18518,6,4480,528,129,0,1,0,0,0,0,0,0,0,31082107,2018,0.39,1107.52,3704.64,0,51.6,97.1,68,37.7,59,521.4,56.3,616.4,151.9,150.3,1070.1,361889,1997,12.85,87.6,1500,2.67,1.15,30.5,39,60,24.42,12182644,72420,74.83,3411.52,0,1200,400,720,240,4200,7500,8500,102,1.5,6000,0,0,0,0,0,71.31,30,66.69,57.73,57.5,0,0
2026-08-12T14:45:35.651000+09:00,2026-08-12T05:45:35.651000+00:00,094623,1433.5,1,0,0,0,0,13376,497,13376,0,0,0,0,4651,-28608,10326,6,4992,0,129,0,1,0,0,0,0,0,0,0,31082107,2018,0.45,472.73,1906.19,0,51.5,98.1,67.9,37.7,59.1,524.8,55.6,607.2,145.7,143.9,1045.6,361889,1997,12.81,90.3,1460,2.72,1.36,23.6,37.8,60,11.35,12182647,72420,59,3411.52,0,1200,400,720,240,4200,7500,8500,102,1.5,6000,0,0,0,0,0,63,30,59.76,55.68,57.5,0,0
2026-08-12T14:46:35.738000+09:00,2026-08-12T05:46:35.738000+00:00,094623,1233.2,1,0,0,0,0,13376,499,13376,0,0,0,0,4651,-28608,10326,6,4992,0,129,0,1,0,0,0,0,0,0,0,31082107,2018,0.44,305.49,1538.74,0,51.5,97.2,68.1,37.7,58.6,522.5,56.2,607.4,140,138.1,1055.8,361890,1998,12.7,92.3,1490,2.75,0.83,23.2,37.1,60,11.33,12182649,72420,67.63,3411.52,0,1200,400,720,240,4200,7500,8500,102,1.5,6000,0,0,0,0,0,63.49,30,57.12,64.63,57.5,0,0
2026-08-12T14:47:35.882000+09:00,2026-08-12T05:47:35.882000+00:00,094623,2394.5,1,0,0,0,0,13376,496,13376,0,0,0,0,4651,-28608,12374,518,4512,72,129,0,1,0,0,0,0,0,0,0,31082107,2018,0.46,998.87,3393.35,0,51.4,98.7,68.1,37.7,58.4,515.4,56.5,611.7,144.1,142.4,1083.3,361890,1998,12.45,88.9,1500,2.67,1.15,30.1,39.9,60,23.83,12182652,72420,67.75,3411.52,0,1200,400,720,240,4200,7500,8500,102,1.5,6000,0,0,0,0,0,71.53,30,68.8,62.47,57.5,0,0
2026-08-12T14:48:35.989000+09:00,2026-08-12T05:48:35.989000+00:00,094623,2343.2,1,0,0,0,0,13376,496,13376,0,0,0,0,4651,-28608,10326,6,4480,0,129,0,1,0,0,0,0,0,0,0,31082107,2018,0.45,912.2,3255.41,0,51.3,97.7,67.7,37.6,58.6,524.5,55.1,611.2,149.2,147.6,1039.3,361890,1998,12.69,88.6,1500,2.68,1.15,29.7,40.9,60,24.27,12182656,72420,74.21,3411.53,0,1200,400,720,240,4200,7500,8500,102,1.5,6000,0,0,0,0,0,70.35,30,67.13,59.6,57.5,0,0
2026-08-12T14:49:36.085000+09:00,2026-08-12T05:49:36.085000+00:00,094623,2338.3,1,0,0,0,0,13376,496,13376,0,0,0,0,4651,-28608,18518,590,4480,8720,129,0,1,0,0,0,0,0,0,0,31082107,2018,0.52,876.8,3215.12,0,51.3,97.4,67.2,37.6,58.7,527.6,53.9,613.4,150.1,148.5,1053.7,361890,1998,12.85,89.8,1500,2.68,1.15,29.6,41.1,60,23.81,12182660,72420,71.2,3411.53,0,1200,400,720,240,4200,7500,8500,102,1.5,6000,0,0,0,0,0,68.04,30,64.56,62.02,57.5,0,0
2026-08-12T14:50:36.160000+09:00,2026-08-12T05:50:36.160000+00:00,094623,2105.2,1,0,0,0,0,13376,501,13376,0,0,0,0,4651,-28608,10326,6,4992,0,129,0,1,0,0,0,0,0,0,0,31082107,2018,0.52,808.43,2913.6,0,51.2,99.2,67,37.5,58.9,527.4,52.7,614.6,151.5,149.7,1092.7,361890,1998,12.71,90.8,1510,2.74,1.1,25.8,35.6,60,18.18,12182664,72420,73.93,3411.53,0,1200,400,720,240,4200,7500,8500,102,1.5,6000,0,0,0,0,0,61.58,30,66.54,60.94,57.5,0,0
2026-08-12T14:51:36.264000+09:00,2026-08-12T05:51:36.264000+00:00,094623,1389.5,1,0,0,0,0,13376,491,13376,0,0,0,0,4655,-28608,10390,6,21376,0,129,0,1,0,0,0,0,0,0,0,31082107,2018,0.43,511.79,1901.3,0,51.2,97.1,68.4,37.6,58.7,526.1,53.7,606.6,140.1,137.9,1049.5,361890,1998,12.42,91.2,1480,2.7,1.11,22.4,36.7,60,11.14,12182666,72420,66.34,3411.53,0,1200,400,720,240,4200,7500,8500,102,1.5,6000,0,0,0,0,0,61.6,30,55.88,60.02,57.5,0,0
2026-08-12T14:52:36.368000+09:00,2026-08-12T05:52:36.368000+00:00,094623,1760.6,1,0,0,0,0,13376,494,13376,0,0,0,0,4651,-28608,12374,6,4512,72,129,0,1,0,0,0,0,0,0,0,31082107,2018,0.46,732.75,2493.36,0,51.1,98.7,68.6,37.6,58.2,519.1,54.6,606.6,137.7,135.6,1058.1,361891,1999,12.65,90.6,1490,2.69,1.19,26.1,39.4,60,14.89,12182668,72420,61.5,3411.53,0,1200,400,720,240,4200,7500,8500,102,1.5,6000,0,0,0,0,0,65.73,30,63.23,61.64,57.5,0,0
2026-08-12T14:53:36.460000+09:00,2026-08-12T05:53:36.460000+00:00,094623,2445.8,1,0,0,0,0,13376,499,13376,0,0,0,0,4655,-26560,10342,6,12676,0,129,0,1,0,0,0,0,0,0,0,31082107,2018,0.49,978.12,3423.87,0,51.3,99.2,68.1,37.6,58.3,520.1,54.3,615,148.3,146.6,1047.8,361891,1999,12.74,89.2,1510,2.7,1.14,29.8,39.2,60,23.63,12182672,72420,75.96,3411.53,0,1200,400,720,240,4200,7500,8500,102,1.5,6000,0,0,0,0,0,70.31,30,70.85,63.81,57.5,0,0
2026-08-12T14:54:36.552000+09:00,2026-08-12T05:54:36.552000+00:00,094623,2400.6,1,0,0,0,0,13376,496,13376,0,0,0,0,4655,-26560,18518,590,4480,8720,129,0,1,0,0,0,0,0,0,0,31082107,2018,0.45,915.86,3316.45,0,51.3,97.1,68.1,37.5,58.7,524.7,55.4,614,150.2,148.3,1053.8,361891,1999,12.51,88.5,1500,2.68,1.15,29.8,40.6,60,24.42,12182676,72420,75.5,3411.53,0,1200,400,720,240,4200,7500,8500,102,1.5,6000,0,0,0,0,0,70.35,30,65.38,59.57,57.5,0,0
2026-08-12T14:55:36.638000+09:00,2026-08-12T05:55:36.638000+00:00,094623,2512.9,1,0,0,0,0,13376,495,13376,0,0,0,0,4651,-28608,10326,6,4480,0,129,0,1,0,0,0,0,0,0,0,31082107,2018,0.54,1007.42,3520.31,0,51.3,97.8,67.8,37.5,58.9,525,54.7,617.1,151.8,150,1074.2,361891,1999,12.7,90,1500,2.66,1.15,30,39.6,60,24.48,12182680,72420,71.47,3411.53,0,1200,400,720,240,4200,7500,8500,102,1.5,6000,0,0,0,0,0,69.3,30,65.78,62.96,57.5,0,0
2026-08-12T14:56:36.743000+09:00,2026-08-12T05:56:36.743000+00:00,094623,2503.1,1,0,0,0,0,13376,496,13376,0,0,0,0,4651,-28608,10326,6,4480,0,129,0,1,0,0,0,0,0,0,0,31082107,2018,0.54,958.59,3461.71,0,51.5,98.9,67.8,37.5,59.1,526.7,54.9,616.6,151.8,149.9,1077.1,361891,1999,12.74,91.1,1500,2.67,1.15,29.8,39.7,60,24.33,12182684,72420,74.52,3411.54,0,1200,400,720,240,4200,7500,8500,102,1.5,6000,0,0,0,0,0,68.88,30,70.25,66.98,57.5,0,0
2026-08-12T14:57:36.836000+09:00,2026-08-12T05:57:36.836000+00:00,094623,2483.6,1,0,0,0,0,13376,496,13376,0,0,0,0,4651,-28608,12374,6,4512,72,129,0,1,0,0,0,0,0,0,0,31082107,2018,0.51,996.43,3480.03,0,51.7,97.9,68,37.5,59.2,527.9,54.4,619.3,152,150.3,1097.8,361891,1999,12.8,90,1500,2.67,1.15,29.7,39.8,60,24.23,12182688,72420,76.45,3411.54,0,1200,400,720,240,4200,7500,8500,102,1.5,6000,0,0,0,0,0,69.36,30,67.71,64.44,57.5,0,0
2026-08-12T14:58:36.918000+09:00,2026-08-12T05:58:36.918000+00:00,094623,2479.9,1,0,0,0,0,13376,502,13376,0,0,0,0,4651,-28608,10326,6,4992,0,129,0,1,0,0,0,0,0,0,0,31082107,2018,0.5,980.56,3460.49,0,51.7,97.6,68.1,37.5,59.3,527,54,617.1,152.5,150.7,1081.3,361892,2000,12.94,89.5,1510,2.71,1.11,28.1,36.6,60,22.45,12182692,72420,73.69,3411.54,0,1200,400,720,240,4200,7500,8500,102,1.5,6000,0,0,0,0,0,68.09,30,64.75,60.89,57.5,0,0
2026-08-12T14:59:37.003000+09:00,2026-08-12T05:59:37.003000+00:00,094623,1304.0,1,0,0,0,0,13376,494,13376,0,0,0,0,4651,-28608,18518,6,4992,16,129,0,1,0,0,0,0,0,0,0,31082107,2018,0.49,400.71,1704.76,0,51.8,97.4,68.3,37.5,59.2,527.4,54.5,610.4,142.9,140.9,1045.7,361892,2000,12.51,91.2,1490,2.73,1.18,23,38.3,60,11.3,12182694,72420,62.61,3411.54,0,1200,400,720,240,4200,7500,8500,102,1.5,6000,0,0,0,0,0,62.5,30,57.25,59.42,57.4,0,0
2026-08-12T15:00:37.112000+09:00,2026-08-12T06:00:37.112000+00:00,094623,1341.9,1,0,0,0,0,13376,499,13376,0,0,0,0,4651,-28608,10326,6,4480,0,129,0,1,0,0,0,0,0,0,0,31082107,2018,0.45,480.06,1821.95,0,51.7,98.2,68.5,37.6,58.7,525.3,56.7,605.2,137.5,135.6,1033.2,361892,2000,12.7,91,1500,2.75,1.14,22.8,38.3,60,11.34,12182696,72420,65.61,3411.54,0,1200,400,720,240,4200,7500,8500,102,1.5,6000,0,0,0,0,0,63.83,30,59.02,60.61,57.4,0,0
2026-08-12T15:01:37.192000+09:00,2026-08-12T06:01:37.192000+00:00,094623,2324.9,1,0,0,0,0,13376,496,13376,0,0,0,0,4655,-28608,10326,518,4480,0,129,0,1,0,0,0,0,0,0,0,31082107,2018,0.51,957.37,3282.27,0,51.5,99,68.1,37.6,58.4,521.6,54.6,612.9,143.7,142,1027.9,361892,2000,12.63,89.8,1500,2.67,1.15,29.9,41,60,23.39,12182700,72420,75.78,3411.54,0,1200,400,720,240,4200,7500,8500,102,1.5,6000,0,0,0,0,0,71.09,30,69.98,66.39,57.4,0,0
2026-08-12T15:02:37.297000+09:00,2026-08-12T06:02:37.297000+00:00,094623,2487.3,1,0,0,0,0,13376,498,13376,0,0,0,0,4651,-28608,12374,518,4512,8,129,0,1,0,0,0,0,0,0,0,31082107,2018,0.45,1062.35,3549.61,0,51.5,97.6,68.1,37.5,58.8,523.6,54.1,615.8,148.4,146.8,1044.6,361892,2000,12.73,88.7,1500,2.68,1.16,30.3,40.1,60,23.56,12182704,72420,75.99,3411.54,0,1200,400,720,240,4200,7500,8500,102,1.5,6000,0,0,0,0,0,71.42,30,67.57,61.5,57.5,0,0
2026-08-12T15:03:37.394000+09:00,2026-08-12T06:03:37.394000+00:00,094623,1687.4,1,0,0,0,0,13376,499,13376,0,0,0,0,4651,-28608,10326,6,4992,0,129,0,1,0,0,0,0,0,0,0,31082107,2018,0.46,561.85,2249.21,0,51.4,97.7,68,37.5,59,526.6,53,613.4,147.5,145.9,1043.8,361892,2000,12.3,89.3,1500,2.75,1.13,23.5,36.3,60,12.64,12182707,72420,71.1,3411.54,0,1200,400,720,240,4200,7500,8500,102,1.5,6000,0,0,0,0,0,63.81,30,58.77,54.29,57.4,0,0
2026-08-12T15:04:37.495000+09:00,2026-08-12T06:04:37.495000+00:00,094623,1471.3,1,0,0,0,0,13376,495,13376,0,0,0,0,4651,-28608,10326,6,4992,0,129,0,1,0,0,0,0,0,0,0,31082107,2018,0.47,607.01,2078.31,0,51,97.4,67.9,37.5,58.5,524,53.1,605.4,138.9,137,1052.9,361893,2001,12.74,91.8,1490,2.73,1.14,23.2,36.5,60,11.07,12182709,72420,64.32,3411.54,0,1200,400,720,240,4200,7500,8500,102,1.5,6000,0,0,0,0,0,62.61,30,57.25,62.1,57.5,0,0
2026-08-12T15:05:37.568000+09:00,2026-08-12T06:05:37.568000+00:00,094623,2270.0,1,0,0,0,0,13376,497,13376,0,0,0,0,4655,-26560,10326,14,4480,8192,129,0,1,0,0,0,0,0,0,0,31082107,2018,0.47,1011.08,3281.04,0,50.8,98,67.9,37.5,58.1,514.1,54.8,608.6,140.7,138.9,1055,361893,2001,12.88,90.4,1500,2.67,1.18,29.7,40.2,60,22.26,12182712,72420,65.45,3411.55,0,1200,400,720,240,4200,7500,8500,102,1.5,6000,0,0,0,0,0,69.32,30,65.02,66.08,57.5,0,0
2026-08-12T15:06:37.674000+09:00,2026-08-12T06:06:37.674000+00:00,094623,2348.1,1,0,0,0,0,13376,496,13376,0,0,0,0,4655,-28608,10326,6,4480,0,129,0,1,0,0,0,0,0,0,0,31082107,2018,0.49,962.25,3310.34,0,50.7,99,67.9,37.5,58.3,523.6,53.2,611.3,147.8,146.4,1051.2,361893,2001,12.69,89.4,1490,2.67,1.16,29.9,40.9,60,24.53,12182716,72420,77.04,3411.55,0,1200,400,720,240,4200,7500,8500,102,1.5,6000,0,0,0,0,0,70.26,30,70.24,64,57.5,0,0
2026-08-12T15:07:37.771000+09:00,2026-08-12T06:07:37.771000+00:00,094623,2468.9,1,0,0,0,0,13376,497,13376,0,0,0,0,4655,-28608,12374,518,4480,0,129,0,1,0,0,0,0,0,0,0,31082107,2018,0.47,1090.43,3559.37,0,50.7,96.9,67.8,37.4,58.5,523.5,52.6,614,150.8,149.4,1039.1,361893,2001,12.67,88.7,1500,2.69,1.16,30.1,39.6,60,23.22,12182720,72420,75.32,3411.55,0,1200,400,720,240,4200,7500,8500,102,1.5,6000,0,0,0,0,0,69.88,30,63.9,60.38,57.4,0,0
2026-08-12T15:08:37.917000+09:00,2026-08-12T06:08:37.917000+00:00,094623,1826.5,1,0,0,0,0,13376,501,13376,0,0,0,0,4655,-26560,10390,590,21376,8192,129,0,1,0,0,0,0,0,0,0,31082107,2018,0.49,643.63,2470.17,0,50.8,98,67.4,37.4,58.6,528.3,53.5,613.1,150.3,148.8,1037.9,361893,2001,12.7,89.3,1510,2.77,1.11,24.2,35.9,60,14.91,12182723,72420,72.58,3411.55,0,1200,400,720,240,4200,7500,8500,102,1.5,6000,0,0,0,0,0,61.82,30,59.73,54.36,57.4,0,0
2026-08-12T15:09:38.008000+09:00,2026-08-12T06:09:38.008000+00:00,094623,1840.0,1,0,0,0,0,13376,515,13376,0,0,0,0,4651,-28608,10326,6,4992,0,129,0,1,0,0,0,0,0,0,0,31082107,2018,0.53,834.07,2674.03,0,50.6,97.4,67.9,37.4,58.3,523.4,52.6,603,139.5,137.7,1047.5,361893,2001,12.53,90.6,1570,2.82,1.14,26.1,37.1,60,10.2,12182725,72420,59.14,3411.55,0,1200,400,720,240,4200,7500,8500,102,1.5,6000,0,0,0,0,0,62.16,30,57.09,57.81,57.5,0,0
2026-08-12T15:10:38.109000+09:00,2026-08-12T06:10:38.109000+00:00,094623,1924.2,1,0,0,0,0,13376,494,13376,0,0,0,0,4655,-28608,10390,6,20864,0,129,0,1,0,0,0,0,0,0,0,31082107,2018,0.44,830.41,2754.6,0,50.4,98.4,68.2,37.5,57.8,517.9,56,603.3,138.1,136.6,1028.5,361894,2002,12.63,92.6,1490,2.69,1.2,27.7,40.8,60,18.64,12182728,72420,67.37,3411.55,0,1200,400,720,240,4200,7500,8500,102,1.5,6000,0,0,0,0,0,66.82,30,63.8,70.45,57.5,0,0
2026-08-12T15:11:38.199000+09:00,2026-08-12T06:11:38.199000+00:00,094623,2373.7,1,0,0,0,0,13376,495,13376,0,0,0,0,4651,-28608,10326,6,4480,0,129,0,1,0,0,0,0,0,0,0,31082107,2018,0.43,918.3,3292.03,0,50.6,99.7,68,37.4,58,521.3,53.6,611.9,149,147.6,1032.6,361894,2002,12.73,87.6,1490,2.69,1.14,29.6,40.6,60,24.47,12182731,72420,76.81,3411.55,0,1200,400,720,240,4200,7500,8500,102,1.5,6000,0,0,0,0,0,69.55,30,71.98,58.22,57.4,0,0
2026-08-12T15:12:38.349000+09:00,2026-08-12T06:12:38.349000+00:00,094623,2387.2,1,0,0,0,0,13376,498,13376,0,0,0,0,4651,-28608,18534,6,12676,528,129,0,1,0,0,0,0,0,0,0,31082107,2018,0.47,1067.23,3454.39,0,50.5,96.1,67.8,37.4,58.2,525.1,53.2,610.6,149.6,148.2,1062.3,361894,2002,12.46,89,1500,2.69,1.16,29.7,40.1,60,24.4,12182736,72420,71.55,3411.55,0,1200,400,720,240,4200,7500,8500,102,1.5,6000,0,0,0,0,0,68.97,30,60.94,59.68,57.4,0,0
2026-08-12T15:13:38.391000+09:00,2026-08-12T06:13:38.391000+00:00,094623,1763.1,1,0,0,0,0,13376,499,13376,0,0,0,0,4651,-28608,10326,6,4992,0,129,0,1,0,0,0,0,0,0,0,31082107,2018,0.51,593.58,2356.64,0,50.6,99,67.5,37.3,58.3,527.7,53.3,612.8,147.6,146.2,1056.6,361894,2002,12.29,90.6,1510,2.76,1.12,23.8,36,60,13.47,12182739,72420,70.98,3411.56,0,1200,400,720,240,4200,7500,8500,102,1.5,6000,0,0,0,0,0,60.4,30,61.86,56.97,57.4,0,0
2026-08-12T15:14:38.482000+09:00,2026-08-12T06:14:38.482000+00:00,094623,1388.3,1,0,0,0,0,13376,511,13376,0,0,0,0,4651,-28608,10326,6,4992,0,129,0,1,0,0,0,0,0,0,0,31082107,2018,0.44,493.48,1881.77,0,50.5,96.9,68.3,37.3,58,523.2,54.9,602.5,137.2,135.2,1033.3,361894,2002,12.91,91.4,1520,2.84,1.04,21.4,34.2,60,11.98,12182741,72420,63.12,3411.56,0,1200,400,720,240,4200,7500,8500,102,1.5,6000,0,0,0,0,0,61.71,30,54.44,60.13,57.4,0,0
2026-08-12T15:15:38.579000+09:00,2026-08-12T06:15:38.579000+00:00,094623,1944.9,1,0,0,0,0,13376,493,13376,0,0,0,0,4651,-28608,10326,6,4480,0,129,0,1,0,0,0,0,0,0,0,31082107,2018,0.28,762.05,2706.99,0,50.5,98.3,68.3,37.4,57.5,520.2,54.9,599.1,134.2,132.4,1035,361894,2002,12.71,91.4,1490,2.68,1.21,28.3,42.8,60,20.33,12182743,72420,66.67,3411.56,0,1200,400,720,240,4200,7500,8500,102,1.5,6000,0,0,0,0,0,67.96,30,65.08,67.55,57.4,0,0
2026-08-12T15:16:38.666000+09:00,2026-08-12T06:16:38.666000+00:00,094623,1976.7,1,0,0,0,0,13376,502,13376,0,0,0,0,4651,-28608,10326,6,4992,0,129,0,1,0,0,2,0,0,0,0,31082107,2018,0.19,780.36,2757.04,0,50.7,100,67.8,37.4,57.7,519.4,60.2,611.3,146.8,145.6,1045.5,361895,2003,12.85,88.4,1510,2.78,1.09,24.8,34.2,60,15.96,12182747,72420,76.08,3411.56,0,1200,400,720,240,4200,7500,8500,102,1.5,6000,0,0,0,0,0,62.69,30,67.62,54.97,57.4,0,0
2026-08-12T15:17:38.766000+09:00,2026-08-12T06:17:38.766000+00:00,094623,1676.4,1,0,0,0,0,13376,462,13376,0,0,0,0,4651,-28608,18518,6,4992,528,129,0,1,0,0,2,0,0,0,0,31082107,2018,0.35,611.9,2288.28,0,50.6,95.4,68.1,37.4,57.8,521.2,58.7,602.1,137.5,136,1035.6,361895,2003,12.33,89.3,1310,2.55,1.89,26.5,39.5,60,11.18,12182749,72420,54.51,3411.56,0,1200,400,720,240,4200,7500,8500,102,1.5,6000,0,0,0,0,0,60.79,30,49.92,53.07,57.4,0,0
2026-08-12T15:18:38.859000+09:00,2026-08-12T06:18:38.859000+00:00,094623,1852.2,1,0,0,0,0,13376,493,13376,0,0,0,0,4651,-28608,10326,6,4480,0,129,0,1,0,0,0,0,0,0,0,31082107,2018,0.38,837.73,2689.9,0,50.5,99,68.1,37.4,57.4,517.1,56.4,600.4,134.9,133.3,1049.6,361895,2003,12.74,93,1490,2.68,1.21,27.2,40.4,60,17.84,12182751,72420,60.47,3411.56,0,1200,400,720,240,4200,7500,8500,102,1.5,6000,0,0,0,0,0,65.66,30,65,70.09,57.4,0,0
2026-08-12T15:19:38.970000+09:00,2026-08-12T06:19:38.970000+00:00,094623,2516.6,1,0,0,0,0,13376,496,13376,0,0,0,0,4651,-28608,10326,6,4480,0,129,0,1,0,0,2,0,0,0,0,31082107,2018,0.16,1081.88,3598.44,0,50.8,100.7,68.3,37.3,57.7,517.3,55.7,614.3,146.8,145.7,1049.8,361895,2003,12.71,88.7,1500,2.69,1.15,30.2,39,60,24.53,12182755,72420,82.03,3411.56,0,1200,400,720,240,4200,7500,8500,102,1.5,6000,0,0,0,0,0,70.44,30,76.73,63.11,57.4,0,0
2026-08-12T15:20:39.059000+09:00,2026-08-12T06:20:39.059000+00:00,094623,1765.5,1,0,0,0,0,13376,501,13376,0,0,0,0,4655,-28608,8278,6,4992,8,129,0,1,0,0,2,0,0,0,0,31082107,2018,0.25,643.63,2409.13,0,50.9,96.2,68.4,37.3,58.3,524.6,54.4,613.3,148.7,147.6,1045.9,361895,2003,12.77,88.1,1510,2.77,1.1,24.1,35.7,60,14.92,12182759,72420,68.86,3411.56,0,1200,400,720,240,4200,7500,8500,102,1.5,6000,0,0,0,0,0,65.15,30,56.28,52.1,57.4,0,0
2026-08-12T15:21:39.152000+09:00,2026-08-12T06:21:39.152000+00:00,094623,1892.4,1,0,0,0,0,13376,520,13376,0,0,0,0,4655,-26560,10326,6,4992,0,129,0,1,0,0,0,0,0,0,0,31082107,2018,0.42,829.19,2721.64,0,50.8,97.6,68,37.3,57.9,520,57.3,599,137.3,135.8,1048.4,361895,2003,12.93,90.2,1580,2.87,1.12,26.1,36.8,60,10.21,12182761,72420,53.78,3411.56,0,1200,400,720,240,4200,7500,8500,102,1.5,6000,0,0,0,0,0,65.51,30,60.84,58.52,57.4,0,0
2026-08-12T15:22:39.237000+09:00,2026-08-12T06:22:39.237000+00:00,094623,1888.8,1,0,0,0,0,13376,494,13376,0,0,0,0,4651,-28608,18518,6,4480,528,129,0,1,0,0,0,0,0,0,0,31082107,2018,0.26,732.75,2621.54,0,50.9,97.9,67.9,37.4,57.6,516.8,57.2,603,136,134.6,1058.4,361896,2004,12.88,93.9,1490,2.69,1.2,27.5,41.1,60,18.05,12182763,72420,69.95,3411.57,0,1200,400,720,240,4200,7500,8500,102,1.5,6000,0,0,0,0,0,66.44,30,62.49,74.85,57.4,0,0
2026-08-12T15:23:39.345000+09:00,2026-08-12T06:23:39.345000+00:00,094623,2500.7,1,0,0,0,0,13376,494,13376,0,0,0,0,4655,-28608,10326,6,4480,0,129,0,1,0,0,2,0,0,0,0,31082107,2018,0.22,1169.77,3670.46,0,51.2,99.7,68.2,37.3,57.8,517.2,57.1,612.6,146.5,145.2,1084.7,361896,2004,12.73,87.7,1490,2.69,1.16,30.6,39.4,60,24.52,12182767,72420,81.04,3411.57,0,1200,400,720,240,4200,7500,8500,102,1.5,6000,0,0,0,0,0,70.83,30,74.19,59.81,57.4,0,0
2026-08-12T15:24:39.548000+09:00,2026-08-12T06:24:39.548000+00:00,094623,1813.1,1,0,0,0,0,13376,521,13376,0,0,0,0,4651,-28608,10326,6,4992,0,129,0,1,0,0,2,0,0,0,0,31082107,2018,0.29,836.51,2649.62,0,51.1,97.1,68,37.3,58.3,518.1,55.5,606.6,144.1,142.8,1065.3,361896,2004,12.75,88.9,1570,2.91,1.05,23.9,33.3,60,15.12,12182770,72420,58.03,3411.57,0,1200,400,720,240,4200,7500,8500,102,1.5,6000,0,0,0,0,0,64.75,30,58.4,54.7,57.4,0,0
2026-08-12T15:25:39.629000+09:00,2026-08-12T06:25:39.629000+00:00,094623,1705.7,1,0,0,0,0,13376,520,13376,0,0,0,0,4655,-28608,12374,518,5024,72,129,0,1,0,0,0,0,0,0,0,31082107,2018,0.43,747.4,2453.08,0,51.1,96.7,68.1,37.3,57.9,518.6,61.7,598.7,136.7,135.2,1063.7,361896,2004,12.47,90.8,1570,2.9,1.08,23.9,34.3,60,14.88,12182772,72420,58.51,3411.57,0,1200,400,720,240,4200,7500,8500,102,1.5,6000,0,0,0,0,0,64.81,30,58.12,59.7,57.3,0,0
2026-08-12T15:26:39.693000+09:00,2026-08-12T06:26:39.693000+00:00,094623,2349.3,1,0,0,0,0,13376,495,13376,0,0,0,0,4655,-26560,10326,6,4481,0,129,0,1,0,0,0,0,0,0,0,31082107,2018,0.2,1035.49,3384.81,0,51,98.8,68.3,37.4,57.6,514.1,57.8,605,139.9,138.6,1045.2,361896,2004,12.81,92.8,1500,2.68,1.17,30,40.2,60,23.31,12182775,72420,66.57,3411.57,0,1200,400,720,240,4200,7500,8500,102,1.5,6000,0,0,0,0,0,70.96,30,68.12,75.2,57.4,0,0
2026-08-12T15:27:39.806000+09:00,2026-08-12T06:27:39.806000+00:00,094623,2385.9,1,0,0,0,0,13376,499,13376,0,0,0,0,4655,-28608,18582,6,20864,528,129,0,1,0,0,2,0,0,0,0,31082107,2018,0.23,969.57,3355.51,0,51.4,97.2,68.2,37.3,58.1,520.8,56.3,611.1,147.8,146.6,1036.3,361896,2004,12.77,87.2,1510,2.71,1.14,29.5,39.8,60,24.57,12182779,72420,83.59,3411.57,0,1200,400,720,240,4200,7500,8500,102,1.5,6000,0,0,0,0,0,71.77,30,67.27,57.93,57.4,0,0
2026-08-12T15:28:39.886000+09:00,2026-08-12T06:28:39.886000+00:00,094623,2451.9,1,0,0,0,0,13376,496,13376,0,0,0,0,4655,-28608,10326,6,4480,0,129,0,1,0,0,0,0,0,0,0,31082107,2018,0.51,989.1,3440.96,0,51.3,97.8,67.8,37.3,58.3,523.6,54.9,611.2,149.7,148.6,1034,361897,2005,12.71,88.9,1500,2.68,1.17,30.1,40.3,60,24.49,12182783,72420,62.68,3411.57,0,1200,400,720,240,4200,7500,8500,102,1.5,6000,0,0,0,0,0,70.44,30,65.74,59.66,57.4,0,0
2026-08-12T15:29:39.965000+09:00,2026-08-12T06:29:39.965000+00:00,094623,1153.6,1,0,0,0,0,13376,499,13376,0,0,0,0,4651,-28608,10390,518,21376,0,129,0,1,0,0,0,0,0,0,0,31082107,2018,0.45,198.06,1351.66,0,51.4,97.9,67.6,37.2,58.5,526.8,53.9,608,147.3,146,1050.9,361897,2005,12.58,92,1490,2.77,1.07,23.5,36.9,60,12.21,12182786,72420,72.46,3411.57,0,1200,400,720,240,4200,7500,8500,102,1.5,6000,0,0,0,0,0,61.77,30,60.65,62.21,57.4,0,0
2026-08-12T15:30:40.045000+09:00,2026-08-12T06:30:40.045000+00:00,094623,1467.6,1,0,0,0,0,13376,498,13376,0,0,0,0,4655,-28608,12374,6,5024,72,129,0,1,0,0,0,0,0,0,0,31082107,2018,0.3,594.81,2062.44,0,51.3,98.8,68.5,37.2,58.1,522.1,54,605.5,138.6,137,1063.8,361897,2005,12.38,91.2,1500,2.76,1.14,23.3,36.9,60,11.29,12182788,72420,66.67,3411.57,0,1200,400,720,240,4200,7500,8500,102,1.5,6000,0,0,0,0,0,64.07,30,61.57,62.09,56.9,0,0
2026-08-12T15:31:40.148000+09:00,2026-08-12T06:31:40.148000+00:00,094623,2250.4,1,0,0,0,0,13376,494,13376,0,0,0,0,4655,-28608,10342,6,12676,0,129,0,1,0,0,2,0,0,0,0,31082107,2018,0.25,1003.75,3254.19,0,51.2,96,68.5,37.2,57.8,513.6,54.3,607.9,140.3,139,1054.1,361897,2005,12.34,90.9,1490,2.67,1.19,29.7,40.5,60,22.42,12182791,72420,68.22,3411.58,0,1200,400,720,240,4200,7500,8500,102,1.5,6000,0,0,0,0,0,71.79,30,61.09,69.37,56.9,0,0
2026-08-12T15:32:40.251000+09:00,2026-08-12T06:32:40.251000+00:00,094623,2425.0,1,0,0,0,0,13376,495,13376,0,0,0,0,4655,-26560,18518,14,4480,8720,129,0,1,0,0,2,0,0,0,0,31082107,2018,0.23,1011.08,3436.08,0,51.4,100.1,67.8,37.2,58.1,519.6,53.5,610.6,149.9,148.6,1053.1,361897,2005,12.71,88.6,1500,2.68,1.15,30,39.8,60,24.02,12182795,72420,73.39,3411.58,0,1200,400,720,240,4200,7500,8500,102,1.5,6000,0,0,0,0,0,70.84,30,73.68,62.95,56.9,0,0
2026-08-12T15:33:40.342000+09:00,2026-08-12T06:33:40.342000+00:00,094623,2400.6,1,0,0,0,0,13376,498,13376,0,0,0,0,4651,-28608,10326,6,4480,0,129,0,1,0,0,2,0,0,0,0,31082107,2018,0.37,979.34,3379.92,0,51.5,95.8,67.6,37.1,58.5,522.8,55.6,611.7,152,150.6,1057.6,361897,2005,12.93,88.6,1500,2.68,1.14,29.4,39.4,60,24.18,12182799,72420,76.7,3411.58,0,1200,400,720,240,4200,7500,8500,102,1.5,6000,0,0,0,0,0,69.91,30,62.01,60.55,56.8,0,0
2026-08-12T15:34:40.433000+09:00,2026-08-12T06:34:40.433000+00:00,094623,2321.2,1,0,0,0,0,13376,500,13376,0,0,0,0,4655,-26560,10326,590,4992,8192,129,0,1,0,0,0,0,0,0,0,31082107,2018,0.55,925.63,3246.86,0,51.5,99.5,67.2,37.1,58.7,523.6,54.6,611.7,153,151.5,1098.1,361898,2006,12.94,90.2,1510,2.73,1.11,27.3,35.9,60,20.69,12182803,72420,68.6,3411.58,0,1200,400,720,240,4200,7500,8500,102,1.5,6000,0,0,0,0,0,64.89,30,68.51,61.69,56.8,0,0
2026-08-12T15:35:40.533000+09:00,2026-08-12T06:35:40.533000+00:00,094623,1746.0,1,0,0,0,0,13376,521,13376,0,0,0,0,4651,-28608,12374,590,5024,8264,129,0,1,0,0,0,0,0,0,0,31082107,2018,0.45,797.45,2543.41,0,51.5,96.9,68.2,37.1,58.6,519.5,53.7,603.2,142.7,141,1087.6,361898,2006,12.77,91.6,1570,2.89,1.07,24.1,33.9,60,13.78,12182805,72420,67.3,3411.58,0,1200,400,720,240,4200,7500,8500,102,1.5,6000,0,0,0,0,0,64.33,30,59.69,64.09,56.8,0,0
2026-08-12T15:36:40.635000+09:00,2026-08-12T06:36:40.635000+00:00,094623,1489.6,1,0,0,0,0,13376,492,13376,0,0,0,0,4651,-28608,10326,6,4480,0,129,0,1,0,0,0,0,0,0,0,31082107,2018,0.32,577.71,2067.32,0,51.3,99.3,68.7,37.1,58.3,521.9,53.3,603.3,138.2,136.3,1034.3,361898,2006,12.26,90.2,1480,2.7,1.16,24.2,39.3,60,12.05,12182807,72420,63.06,3411.58,0,1200,400,720,240,4200,7500,8500,102,1.5,6000,0,0,0,0,0,65.42,30,64.42,59.79,56.9,0,0
2026-08-12T15:37:40.707000+09:00,2026-08-12T06:37:40.707000+00:00,094623,2456.7,1,0,0,0,0,13376,497,13376,0,0,0,0,4655,-26560,18518,6,4480,528,129,0,1,0,0,2,0,0,0,0,31082107,2018,0.27,1100.19,3556.93,0,51.2,99.3,68.1,37.1,58.1,517.4,54,608.6,147.5,146.3,1044.3,361898,2006,12.85,90.2,1500,2.68,1.15,30.1,39.1,60,24.09,12182810,72420,71.51,3411.58,0,1200,400,720,240,4200,7500,8500,102,1.5,6000,0,0,0,0,0,71.31,30,72.17,67.48,56.8,0,0
2026-08-12T15:38:40.819000+09:00,2026-08-12T06:38:40.819000+00:00,094623,2313.9,1,0,0,0,0,13376,498,13376,0,0,0,0,4651,-28608,10326,6,4480,0,129,0,1,0,0,2,0,0,0,0,31082107,2018,0.24,812.1,3126.01,0,51.5,97.8,67.9,37.1,58.5,524.7,54.3,614.1,150.3,148.9,1065.9,361898,2006,12.48,88.8,1510,2.69,1.14,29.5,41.2,60,24.52,12182815,72420,77.55,3411.58,0,1200,400,720,240,4200,7500,8500,102,1.5,6000,0,0,0,0,0,70.75,30,69.27,62.58,56.8,0,0
2026-08-12T15:39:40.912000+09:00,2026-08-12T06:39:40.912000+00:00,094623,2370.1,1,0,0,0,0,13376,497,13376,0,0,0,0,4651,-28608,10326,6,4480,0,129,0,1,0,0,2,0,0,0,0,31082107,2018,0.31,876.8,3246.86,0,51.5,97.4,67.7,37.1,58.6,526.1,53.8,613.6,150.7,149.3,1041,361898,2006,12.74,89.2,1500,2.69,1.15,29.6,41,60,24.56,12182819,72420,68.66,3411.59,0,1200,400,720,240,4200,7500,8500,102,1.5,6000,0,0,0,0,0,69.87,30,66.54,61.64,56.8,0,0
2026-08-12T15:40:40.999000+09:00,2026-08-12T06:40:40.999000+00:00,094623,2307.8,1,0,0,0,0,13376,501,13376,0,0,0,0,4655,-26560,12374,6,5024,72,129,0,1,0,0,2,0,0,0,0,31082107,2018,0.34,918.3,3226.11,0,51.5,99.4,67.5,37.1,58.8,523.9,54.5,616.7,152.1,150.6,1095.9,361899,2007,12.71,91.7,1510,2.72,1.11,27,35.9,60,18.95,12182823,72420,71.77,3411.59,0,1200,400,720,240,4200,7500,8500,102,1.5,6000,0,0,0,0,0,65.27,30,69.75,66.34,56.8,0,0
2026-08-12T15:41:41.092000+09:00,2026-08-12T06:41:41.092000+00:00,094623,1445.7,1,0,0,0,0,13376,517,13376,0,0,0,0,4651,-28608,10326,6,4992,0,129,0,1,0,0,2,0,0,0,0,31082107,2018,0.25,571.61,2017.27,0,51.6,96.4,68.6,37.1,58.7,521.6,53.5,605.5,141.5,139.6,1068.1,361899,2007,12.74,90.7,1550,2.87,1.03,21.8,33.7,60,13.73,12182825,72420,69.83,3411.59,0,1200,400,720,240,4200,7500,8500,102,1.5,6000,0,0,0,0,0,64.16,30,56.73,61.4,56.8,0,0
2026-08-12T15:42:41.203000+09:00,2026-08-12T06:42:41.203000+00:00,094623,1582.4,1,0,0,0,0,13376,493,13376,0,0,0,0,4655,-26560,18518,6,4480,0,129,0,1,0,0,2,0,0,0,0,31082107,2018,0.29,621.66,2204.05,0,51.4,98.7,68.6,37.1,58.2,521.1,55,601.7,137.3,135.6,1068.8,361899,2007,12.81,90.3,1480,2.7,1.17,24.9,39.6,60,12.86,12182827,72420,58.44,3411.59,0,1200,400,720,240,4200,7500,8500,102,1.5,6000,0,0,0,0,0,66.54,30,63.2,61.66,56.8,0,0
2026-08-12T15:43:41.301000+09:00,2026-08-12T06:43:41.301000+00:00,094623,2331.0,1,0,0,0,0,13376,496,13376,0,0,0,0,4651,-28608,10326,6,4480,0,129,0,1,0,0,2,0,0,0,0,31082107,2018,0.27,995.21,3326.21,0,51.5,99.2,68,37.1,58.1,520.3,54.3,608.5,146.8,145.5,1060,361899,2007,12.74,89.5,1500,2.69,1.15,29.7,40.2,60,24.45,12182830,72420,75.44,3411.59,0,1200,400,720,240,4200,7500,8500,102,1.5,6000,0,0,0,0,0,71.63,30,72.59,65.81,56.8,0,0
2026-08-12T15:44:41.407000+09:00,2026-08-12T06:44:41.407000+00:00,094623,2433.5,1,0,0,0,0,13376,496,13376,0,0,0,0,4655,-28608,10326,6,4480,0,129,0,1,0,0,2,0,0,0,0,31082107,2018,0.28,1000.09,3433.64,0,51.6,97.6,67.8,37,58.5,523.8,52.9,611.9,149.9,148.6,1087.5,361899,2007,12.74,89,1500,2.67,1.16,30,40.2,60,24.47,12182834,72420,76.23,3411.59,0,1200,400,720,240,4200,7500,8500,102,1.5,6000,0,0,0,0,0,70.82,30,68.86,62.98,56.8,0,0
2026-08-12T15:45:41.493000+09:00,2026-08-12T06:45:41.493000+00:00,094623,1808.2,1,0,0,0,0,13376,499,13376,0,0,0,0,4651,-28608,12374,6,5024,72,129,0,1,0,0,2,0,0,0,0,31082107,2018,0.34,681.48,2489.7,0,51.7,97.7,67.6,37,58.8,523.1,52.5,612.2,149.8,148.3,1042.1,361899,2007,12.84,88.5,1500,2.75,1.14,23.8,35.3,60,12.51,12182838,72420,69.76,3411.59,0,1200,400,720,240,4200,7500,8500,102,1.5,6000,0,0,0,0,0,62.56,30,60.61,52.8,56.8,0,0
2026-08-12T15:46:41.602000+09:00,2026-08-12T06:46:41.602000+00:00,094623,1453.0,1,0,0,0,0,13376,493,13376,0,0,0,0,4655,-28608,10390,6,21376,0,129,0,1,0,0,0,0,0,0,0,31082107,2018,0.43,569.17,2022.16,0,51.4,96.8,68.2,37,58.5,521.8,55.7,607.2,141,139.3,1028.7,361900,2008,12.26,91.8,1490,2.72,1.11,22.9,36.3,60,11.25,12182840,72420,55.32,3411.59,0,1200,400,720,240,4200,7500,8500,102,1.5,6000,0,0,0,0,0,63.41,30,55.96,61.44,56.8,0,0
2026-08-12T15:47:41.672000+09:00,2026-08-12T06:47:41.672000+00:00,094623,2103.9,1,0,0,0,0,13376,495,13376,0,0,0,0,4651,-28608,10326,6,4480,0,129,0,1,0,0,2,0,0,0,0,31082107,2018,0.24,880.46,2984.4,0,51.4,99.8,68.6,37,58.1,515.3,53.7,604.8,139.5,138,1046.9,361900,2008,12.75,91.2,1490,2.67,1.19,29,41.6,60,21.41,12182842,72420,74.73,3411.59,0,1200,400,720,240,4200,7500,8500,102,1.5,6000,0,0,0,0,0,71.84,30,71.38,70.64,56.8,0,0
2026-08-12T15:48:41.796000+09:00,2026-08-12T06:48:41.796000+00:00,094623,2393.3,1,0,0,0,0,13376,497,13376,0,0,0,0,4655,-26560,10390,6,20864,0,129,0,1,0,0,2,0,0,0,0,31082107,2018,0.22,895.11,3288.37,0,51.5,98.2,68.2,37,58.3,521.1,53.3,613,148.3,147.2,1037.4,361900,2008,12.32,87.6,1500,2.69,1.14,29.6,40.2,60,24.48,12182846,72420,77.46,3411.6,0,1200,400,720,240,4200,7500,8500,102,1.5,6000,0,0,0,0,0,72.73,30,70.56,59.62,56.8,0,0
2026-08-12T15:49:41.880000+09:00,2026-08-12T06:49:41.880000+00:00,094623,2395.7,1,0,0,0,0,13376,497,13376,0,0,0,0,4651,-28608,10326,6,4480,0,129,0,1,0,0,2,0,0,0,0,31082107,2018,0.31,985.44,3381.15,0,51.5,97.2,67.6,37,58.5,524.2,52.2,610.8,149.9,148.5,1078,361900,2008,12.8,89.4,1500,2.67,1.16,29.8,40.5,60,24.53,12182850,72420,66.6,3411.6,0,1200,400,720,240,4200,7500,8500,102,1.5,6000,0,0,0,0,0,70.75,30,65.61,62.45,56.8,0,0
2026-08-12T15:50:41.972000+09:00,2026-08-12T06:50:41.972000+00:00,094623,1949.8,1,0,0,0,0,13376,501,13376,0,0,0,0,4651,-28608,12390,6,13220,8,129,0,1,0,0,2,0,0,0,0,31082107,2018,0.35,735.19,2685.02,0,51.6,99.3,67.2,36.9,58.7,527.1,53,616.5,150.2,148.9,1042.8,361900,2008,12.87,91.1,1510,2.75,1.1,24.9,35.7,60,15.66,12182854,72420,77.84,3411.6,0,1200,400,720,240,4200,7500,8500,102,1.5,6000,0,0,0,0,0,63.21,30,67.78,62.88,56.7,0,0
2026-08-12T15:51:42.047000+09:00,2026-08-12T06:51:42.047000+00:00,094623,1442.0,1,0,0,0,0,13376,498,13376,0,0,0,0,4651,-28608,10326,6,4992,0,129,0,1,0,0,2,0,0,0,0,31082107,2018,0.3,576.49,2018.49,0,51.6,96.5,68.4,37,58.5,524.4,52.4,603.3,139.7,137.9,1059.5,361900,2008,12.71,91.7,1500,2.74,1.14,23,37.2,60,11.35,12182856,72420,65.01,3411.6,0,1200,400,720,240,4200,7500,8500,102,1.5,6000,0,0,0,0,0,63.83,30,55.79,64.04,56.8,0,0
2026-08-12T15:52:42.141000+09:00,2026-08-12T06:52:42.141000+00:00,094623,1793.6,1,0,0,0,0,13376,495,13376,0,0,0,0,4651,-28608,10326,6,4480,0,129,0,1,0,0,2,0,0,0,0,31082107,2018,0.26,775.47,2569.05,0,51.5,99.4,68.6,37,58.1,517.6,53.9,599.9,137.4,135.7,1057.8,361901,2009,12.4,89.8,1490,2.68,1.19,26.7,40,60,16.37,12182858,72420,64.35,3411.6,0,1200,400,720,240,4200,7500,8500,102,1.5,6000,0,0,0,0,0,68.89,30,67.99,63.17,56.8,0,0
2026-08-12T15:53:42.235000+09:00,2026-08-12T06:53:42.235000+00:00,094623,2464.1,1,0,0,0,0,13376,499,13376,0,0,0,0,4651,-28608,10326,6,4480,0,129,0,1,0,0,2,0,0,0,0,31082107,2018,0.26,1168.55,3632.62,0,51.6,98.1,67.7,37,58.2,517.3,51.6,611.2,148.4,147.1,1075.1,361901,2009,12.92,89.1,1510,2.68,1.15,30,38.7,60,24.6,12182862,72420,74.48,3411.6,0,1200,400,720,240,4200,7500,8500,102,1.5,6000,0,0,0,0,0,70.92,30,69.3,64.76,56.7,0,0
2026-08-12T15:54:42.389000+09:00,2026-08-12T06:54:42.389000+00:00,094623,2360.3,1,0,0,0,0,13376,497,13376,0,0,0,0,4651,-28608,10326,6,4480,0,129,0,1,0,0,2,0,0,0,0,31082107,2018,0.28,914.64,3274.94,0,51.6,98.5,67.5,36.9,58.6,525.4,51.9,615.4,149.9,148.4,1072.5,361901,2009,12.73,88.9,1500,2.67,1.16,29.7,40.8,60,24.52,12182866,72420,74.77,3411.6,0,1200,400,720,240,4200,7500,8500,102,1.5,6000,0,0,0,0,0,69.61,30,70.91,62.59,56.8,0,0
2026-08-12T15:55:42.428000+09:00,2026-08-12T06:55:42.428000+00:00,094623,2500.7,1,0,0,0,0,13376,496,13376,0,0,0,0,4655,-28608,10326,6,4480,528,129,0,1,0,0,2,0,0,0,0,31082107,2018,0.31,1098.97,3599.66,0,51.7,97.9,67.4,36.8,58.7,523.6,52.5,613.1,151,149.5,1080.2,361901,2009,12.69,89.4,1500,2.65,1.16,30,39.5,60,24.23,12182870,72420,74.52,3411.6,0,1200,400,720,240,4200,7500,8500,102,1.5,6000,0,0,0,0,0,68.42,30,69.45,62.58,56.7,0,0
2026-08-12T15:56:42.525000+09:00,2026-08-12T06:56:42.525000+00:00,094623,1902.2,1,0,0,0,0,13376,523,13376,0,0,0,0,4651,-28608,10326,6,4992,0,129,0,1,0,0,2,0,0,0,0,31082107,2018,0.37,818.2,2720.42,0,51.8,97.2,67.7,36.8,58.9,524.2,52.2,607.7,146,144.4,1037,361901,2009,12.79,89.6,1570,2.84,1.08,25.2,35.2,60,11.33,12182874,72420,69.72,3411.6,0,1200,400,720,240,4200,7500,8500,102,1.5,6000,0,0,0,0,0,64.26,30,62.57,58.2,56.7,0,0
2026-08-12T15:57:42.622000+09:00,2026-08-12T06:57:42.622000+00:00,094623,-110.2,0,0,0,0,0,13376,0,13376,0,0,0,0,4619,24640,10330,516,0,0,137,0,1,0,0,0,0,0,0,0,31082107,2018,0.39,110.17,0,0,51.6,97.1,68.7,36.9,58.3,499.3,53.6,585.4,133.9,131.8,1027.4,361901,2009,0,0,0,0,0,0,0,60,-2.09,12182875,72420,52.72,3411.61,0,1200,400,720,240,4200,7500,8500,102,1.5,6000,0,0,0,0,29.9,55.54,0,48.3,45.26,56.7,0,0
2026-08-12T15:58:42.695000+09:00,2026-08-12T06:58:42.695000+00:00,094623,0.0,1,0,0,0,0,13376,0,13376,0,0,0,0,4619,24640,10330,4,0,0,129,0,1,0,0,2,0,0,0,0,31082107,2018,0.24,0,0,0,51.2,89.2,67.4,37.1,56.4,468.2,79.3,525.9,125.1,122,962.5,361901,2009,0,0,0,0,0,0,0,60,-1.26,12182875,72420,34.26,3411.61,0,1200,400,720,240,4200,7500,8500,102,1.5,6000,0,0,0,0,0,52.27,0,30,43.75,56.7,0,0
2026-08-12T15:59:42.805000+09:00,2026-08-12T06:59:42.805000+00:00,094623,0.0,1,0,0,0,0,13376,0,13376,0,0,0,0,4619,24640,10330,4,0,0,129,0,1,0,0,2,0,0,0,0,31082107,2018,0.16,0,0,0,50.7,82.3,65.3,37.4,54.1,445.8,77.9,491.5,118.2,114.8,948.2,361901,2009,0,0,0,0,0,0,0,60,-1.25,12182875,72420,24.47,3411.61,0,1200,400,720,240,4200,7500,8500,102,1.5,6000,0,0,0,0,0,43.31,0,30,42.25,56.7,0,0
2026-08-12T16:00:42.911000+09:00,2026-08-12T07:00:42.911000+00:00,094623,0.0,1,0,0,0,0,13376,0,13376,0,0,0,0,4619,24640,10330,4,0,0,129,0,0,0,0,2,0,0,0,0,31082107,2018,0.14,0,0,0,50,77.3,64.8,37.5,51.8,428.3,74.4,469.5,112.4,108.7,933.7,361901,2009,0,0,0,0,0,0,0,60,-1.26,12182875,72421,18.56,3411.61,0,1200,400,720,240,4200,7500,8500,102,1.5,6000,0,0,0,0,0,37.23,0,30,40.75,56.7,0,0
2026-08-12T16:01:42.995000+09:00,2026-08-12T07:01:42.995000+00:00,094623,0.0,1,0,0,0,0,13376,0,13376,0,0,0,0,4619,24640,10330,4,0,0,129,0,0,0,0,2,0,0,0,0,31082107,2018,0.12,0,0,0,49.1,72.3,64.8,37.7,49.8,412.9,76,451.4,107.5,103.7,921.1,361901,2009,0,0,0,0,0,0,0,60,-1.27,12182875,72421,16.15,3411.61,0,1200,400,720,240,4200,7500,8500,102,1.5,6000,0,0,0,0,0,32.63,0,30,39.24,56.7,0,0
2026-08-12T16:02:43.108000+09:00,2026-08-12T07:02:43.108000+00:00,094623,0.0,1,0,0,0,0,13376,0,13376,0,0,0,0,4619,24640,10330,4,0,0,129,0,0,0,0,2,0,0,0,0,31082107,2018,0.12,0,0,0,48.2,68.6,64.1,37.8,47.9,399.7,80.5,435.9,103.1,99.3,909.8,361901,2009,0,0,0,0,0,0,0,60,-1.28,12182875,72421,14.2,3411.61,0,1200,400,720,240,4200,7500,8500,102,1.5,6000,0,0,0,0,0,30,0,30,37.74,56.7,0,0
2026-08-12T16:03:43.203000+09:00,2026-08-12T07:03:43.203000+00:00,094623,-4.0,1,0,0,0,0,13376,0,13376,0,0,0,0,4619,24640,10330,4,0,0,129,0,0,0,0,2,0,0,0,0,31082107,2018,0.12,3.97,0,0,47.5,65.9,63.5,37.8,46.2,387.2,82.3,422.3,99,95.4,898.8,361901,2009,0,0,0,0,0,0,0,60,-1.23,12182875,72421,11.54,3411.61,0,1200,400,720,240,4200,7500,8500,102,1.5,6000,0,0,0,0,0,30,0,30,36.23,56.7,0,0
2026-08-12T16:04:43.323000+09:00,2026-08-12T07:04:43.323000+00:00,094623,0.0,1,0,0,0,0,13376,0,13376,0,0,0,0,4619,24640,10330,4,0,0,129,0,0,0,0,2,0,0,0,0,31082107,2018,0.11,0,0,0,47.4,63.8,62.9,37.8,44.6,375.9,84.5,409.6,95.4,91.9,889,361901,2009,0,0,0,0,0,0,0,60,-1.27,12182875,72421,8.26,3411.61,0,1200,400,720,240,4200,7500,8500,102,1.5,6000,0,0,0,0,0,30,0,30,35,56.7,0,0
2026-08-12T16:05:43.406000+09:00,2026-08-12T07:05:43.406000+00:00,094623,1.5,1,0,0,0,0,13376,0,13376,0,0,0,0,4619,24640,10330,4,0,0,129,0,0,0,0,2,0,0,0,0,31082107,2018,0.11,0,1.53,0,47.8,61.9,62.4,37.8,43.2,365.1,86.1,398.8,91.9,88.9,879.2,361901,2009,0,0,0,0,0,0,0,60,-1.21,12182875,72422,8.19,3411.61,0,1200,400,720,240,4200,7500,8500,102,1.5,6000,0,0,0,0,0,30,0,30,35,56.7,0,0
2026-08-12T16:06:43.495000+09:00,2026-08-12T07:06:43.495000+00:00,094623,0.0,1,0,0,0,0,13376,0,13376,0,0,0,0,4619,24640,10330,4,0,0,129,0,0,0,0,2,0,0,0,0,31082107,2018,0.1,0,0,0,48,60,62,37.8,41.9,355.1,87.6,387.8,88.6,86,870.2,361901,2009,0,0,0,0,0,0,0,60,-1.18,12182875,72422,7.22,3411.61,0,1200,400,720,240,4200,7500,8500,102,1.5,6000,0,0,0,0,0,30,0,30,35,56.8,0,0
2026-08-12T16:07:43.585000+09:00,2026-08-12T07:07:43.585000+00:00,094623,1.5,1,0,0,0,0,13376,0,13376,0,0,0,0,4619,24640,10330,4,0,0,129,0,0,0,0,2,0,0,0,0,31082107,2018,0.09,0,1.53,0,48.2,58.3,61.5,37.8,40.7,345.4,85.6,378.4,85.6,83.4,861.7,361901,2009,0,0,0,0,0,0,0,60,-1.19,12182875,72422,6.88,3411.61,0,1200,400,720,240,4200,7500,8500,102,1.5,6000,0,0,0,0,0,30,0,30,35,56.8,0,0
2026-08-12T16:08:43.673000+09:00,2026-08-12T07:08:43.673000+00:00,094623,2.4,1,0,0,0,0,13376,0,13376,0,0,0,0,4619,24640,10330,4,0,0,129,0,0,0,0,2,0,0,0,0,31082107,2018,0.09,1.53,3.97,0,48.4,56.9,61.1,37.7,39.7,336.4,85,368.5,82.7,80.9,853.4,361901,2009,0,0,0,0,0,0,0,60,-1.22,12182875,72422,6.47,3411.61,0,1200,400,720,240,4200,7500,8500,102,1.5,6000,0,0,0,0,0,30,0,30,35,56.8,0,0
2026-08-12T16:09:43.755000+09:00,2026-08-12T07:09:43.755000+00:00,094623,4.0,1,0,0,0,0,13376,0,13376,0,0,0,0,4619,24640,10330,4,0,0,129,0,0,0,0,2,0,0,0,0,31082107,2018,0.08,0,3.97,0,48.5,55.9,60.7,37.7,38.7,328.1,82.1,360.4,80,78.7,845.7,361901,2009,0,0,0,0,0,0,0,60,-1.17,12182875,72422,6.09,3411.61,0,1200,400,720,240,4200,7500,8500,102,1.5,6000,0,0,0,0,0,30,0,30,35,56.8,0,0
2026-08-12T16:10:43.850000+09:00,2026-08-12T07:10:43.850000+00:00,094623,5.2,1,0,0,0,0,13376,0,13376,0,0,0,0,4623,24640,10330,4,0,0,129,0,0,0,0,2,0,0,0,0,31082107,2018,0.08,0,5.19,0,48.6,55,60.4,37.7,37.8,320,77.7,351.9,77.4,76.6,837.9,361901,2009,0,0,0,0,0,0,0,60,-1.22,12182875,72423,5.9,3411.61,0,1200,400,720,240,4200,7500,8500,102,1.5,6000,0,0,0,0,0,30,0,30,35,56.8,0,0
2026-08-12T16:11:43.945000+09:00,2026-08-12T07:11:43.945000+00:00,094623,-13.4,1,0,0,0,0,13376,0,13376,0,0,0,0,4623,20544,10330,4,128,0,137,0,0,0,0,2,0,0,0,0,31082107,2018,0.08,18.62,5.19,0,48.6,54.2,60,37.6,37.1,312.5,73.9,397.9,75.1,74.7,861.6,361901,2009,0,0,0,0,0,0,0,60,-1.36,12182875,72423,5.5,3411.61,0,1200,400,720,240,4200,7500,8500,102,1.5,6000,0,0,0,0,11.8,30,100,30,35,56.8,0,0
2026-08-12T16:12:44.036000+09:00,2026-08-12T07:12:44.036000+00:00,094623,-8.5,1,0,0,0,0,13376,0,13376,0,0,0,0,4623,20544,12378,4,160,8,137,0,0,0,0,2,0,0,0,0,31082107,2018,0.07,13.73,5.19,0,48.7,53.6,59.6,37.6,36.3,305.6,75.1,398.4,72.7,72.9,864.5,361901,2009,0,0,0,0,0,0,0,60,-1.68,12182875,72423,5.26,3411.61,0,1200,400,720,240,4200,7500,8500,102,1.5,6000,0,0,0,0,11.3,30,100,30,35,56.8,0,0
2026-08-12T16:13:44.134000+09:00,2026-08-12T07:13:44.134000+00:00,094623,-4.9,1,0,0,0,0,13376,0,13376,0,0,0,0,4623,20544,10330,4,128,0,137,0,0,0,0,2,0,0,0,0,31082107,2018,0.07,8.85,3.97,0,48.6,53.1,59.2,37.4,35.7,299.3,78.6,398.7,70.6,71.3,855.1,361901,2009,0,0,0,0,0,0,0,60,-1.38,12182875,72423,4.99,3411.61,0,1200,400,720,240,4200,7500,8500,102,1.5,6000,0,0,0,0,11,30,100,30,35,56.8,0,0
2026-08-12T16:14:44.234000+09:00,2026-08-12T07:14:44.234000+00:00,094623,-2.4,1,0,0,0,0,13376,0,13376,0,0,0,0,4623,20544,10330,4,128,0,137,0,0,0,0,2,0,0,0,0,31082107,2018,0.06,6.41,3.97,0,48.6,52.7,58.9,37.4,35.1,292.2,79.7,399.3,68.5,69.7,849.3,361901,2009,0,0,0,0,0,0,0,60,-1.45,12182875,72424,4.72,3411.61,0,1200,400,720,240,4200,7500,8500,102,1.5,6000,0,0,0,0,10.6,30,100,30,35,56.8,0,0
2026-08-12T16:15:44.334000+09:00,2026-08-12T07:15:44.334000+00:00,094623,-4.9,1,0,0,0,0,13376,0,13376,0,0,0,0,4623,20544,10330,4,128,0,137,0,0,0,0,2,0,0,0,0,31082107,2018,0.06,7.63,2.75,0,48.6,52.2,58.4,37.3,34.6,286.6,79.8,398.5,66.6,68.3,848.7,361901,2009,0,0,0,0,0,0,0,60,-1.36,12182875,72424,4.49,3411.61,0,1200,400,720,240,4200,7500,8500,102,1.5,6000,0,0,0,0,11.2,30,100,30,35,56.8,0,0
2026-08-12T16:16:44.419000+09:00,2026-08-12T07:16:44.419000+00:00,094623,-3.7,1,0,0,0,0,13376,0,13376,0,0,0,0,4623,20544,10330,4,128,0,137,0,0,0,0,2,0,0,0,0,31082107,2018,0.06,7.63,3.97,0,48.5,51.9,58.1,37.3,34.2,280,80.5,398.8,64.8,66.9,846.4,361901,2009,0,0,0,0,0,0,0,60,-1.42,12182875,72424,4.39,3411.61,0,1200,400,720,240,4200,7500,8500,102,1.5,6000,0,0,0,0,11,30,100,30,35,56.9,0,0
2026-08-12T16:17:44.505000+09:00,2026-08-12T07:17:44.505000+00:00,094623,-4.9,1,0,0,0,0,13376,0,13376,0,0,0,0,4623,20544,12378,4,128,0,137,0,0,0,0,2,0,0,0,0,31082107,2018,0.06,7.63,2.75,0,48.4,51.6,57.7,37.3,33.7,274.2,81.6,398.7,63.1,65.6,847.3,361901,2009,0,0,0,0,0,0,0,60,-1.7,12182875,72424,4.19,3411.61,0,1200,400,720,240,4200,7500,8500,102,1.5,6000,0,0,0,0,11,30,100,30,35,56.9,0,0
2026-08-12T16:18:44.618000+09:00,2026-08-12T07:18:44.618000+00:00,094623,2.4,1,0,0,0,0,13376,0,13376,0,0,0,0,4623,20544,10330,4,128,0,137,0,0,0,0,2,0,0,0,0,31082107,2018,0.06,3.97,6.41,0,48.3,51.4,57.3,37.2,33.4,269.3,82.8,398.7,61.5,64.3,845.5,361901,2009,0,0,0,0,0,0,0,60,-1.4,12182875,72425,4.28,3411.61,0,1200,400,720,240,4200,7500,8500,102,1.5,6000,0,0,0,0,11,30,100,30,35,56.9,0,0
2026-08-12T16:19:44.722000+09:00,2026-08-12T07:19:44.722000+00:00,094623,-3.7,1,0,0,0,0,13376,0,13376,0,0,0,0,4623,20544,10330,4,128,0,137,0,0,0,0,2,0,0,0,0,31082107,2018,0.06,6.41,2.75,0,48.1,51.2,56.9,37.2,33,263.5,84.4,398.4,60,63.2,846.6,361901,2009,0,0,0,0,0,0,0,60,-1.38,12182875,72425,3.88,3411.61,0,1200,400,720,240,4200,7500,8500,102,1.5,6000,0,0,0,0,11.4,30,100,30,35,56.9,0,0
2026-08-12T16:20:44.806000+09:00,2026-08-12T07:20:44.806000+00:00,094623,-3.7,1,0,0,0,0,13376,0,13376,0,0,0,0,4623,20544,10330,4,128,0,137,0,0,0,0,2,0,0,0,0,31082107,2018,0.06,7.63,3.97,0,48,51,56.5,37.1,32.7,258.1,85.1,397.5,58.6,62.1,846.1,361901,2009,0,0,0,0,0,0,0,60,-1.45,12182875,72425,3.81,3411.61,0,1200,400,720,240,4200,7500,8500,102,1.5,6000,0,0,0,0,11.98,30,100,30,35,56.9,0,0
2026-08-12T16:21:44.902000+09:00,2026-08-12T07:21:44.902000+00:00,094623,-2.4,1,0,0,0,0,13376,0,13376,0,0,0,0,4623,20544,10266,4,128,0,137,0,0,0,0,2,0,0,0,0,31082107,2018,0.05,7.63,5.19,0,47.8,50.7,56.1,37,32.4,252.9,85.9,397.5,57.3,61.1,852.4,361901,2009,0,0,0,0,0,0,0,60,-1.38,12182875,72425,3.48,3411.61,0,1200,400,720,240,4200,7500,8500,102,1.5,6000,0,0,0,0,12,30,100,30,35,56.9,0,0
2026-08-12T16:22:44.979000+09:00,2026-08-12T07:22:44.979000+00:00,094623,-1.2,1,0,0,0,0,13376,0,13376,0,0,0,0,4623,20544,18522,4,128,528,137,0,0,0,0,2,0,0,0,0,31082107,2018,0.05,5.19,3.97,0,47.7,50.4,55.7,37,32.2,248,86.3,397.8,56.1,60.1,858.5,361901,2009,0,0,0,0,0,0,0,60,-1.51,12182875,72425,3.38,3411.61,0,1200,400,720,240,4200,7500,8500,102,1.5,6000,0,0,0,0,11.82,30,100,30,35,56.9,0,0
2026-08-12T16:23:45.072000+09:00,2026-08-12T07:23:45.072000+00:00,094623,3.7,1,0,0,0,0,13376,0,13376,0,0,0,0,4623,20544,10394,4,16512,0,137,0,0,0,0,2,0,0,0,0,31082107,2018,0.05,1.53,5.19,0,47.6,50.2,55.3,37,31.9,243.4,86.9,397.7,54.9,59.1,853.7,361901,2009,0,0,0,0,0,0,0,60,-1.34,12182875,72426,3.27,3411.61,0,1200,400,720,240,4200,7500,8500,102,1.5,6000,0,0,0,0,11.87,30,100,30,35,56.9,0,0
2026-08-12T16:24:45.162000+09:00,2026-08-12T07:24:45.162000+00:00,094623,-2.4,1,0,0,0,0,13376,0,13376,0,0,0,0,4623,20544,10330,4,128,0,137,0,0,0,0,2,0,0,0,0,31082107,2018,0.05,6.41,3.97,0,47.5,50,54.9,36.8,31.7,238.3,87.8,397.1,53.8,58.2,840.8,361901,2009,0,0,0,0,0,0,0,60,-1.39,12182875,72426,3.04,3411.61,0,1200,400,720,240,4200,7500,8500,102,1.5,6000,0,0,0,0,12.3,30,100,30,35,56.9,0,0
2026-08-12T16:25:45.268000+09:00,2026-08-12T07:25:45.268000+00:00,094623,-1.2,1,0,0,0,0,13376,0,13376,0,0,0,0,4623,20544,12394,4,8324,8,137,0,0,0,0,2,0,0,0,0,31082107,2018,0.05,6.41,5.19,0,47.5,49.8,54.5,36.8,31.5,234,88.7,397.1,52.8,57.3,838.6,361901,2009,0,0,0,0,0,0,0,60,-1.56,12182875,72426,2.77,3411.61,0,1200,400,720,240,4200,7500,8500,102,1.5,6000,0,0,0,0,12.37,30,100,30,35,56.9,0,0
2026-08-12T16:26:45.369000+09:00,2026-08-12T07:26:45.369000+00:00,094623,3.7,1,0,0,0,0,13376,0,13376,0,0,0,0,4623,20544,10330,4,128,0,137,0,0,0,0,2,0,0,0,0,31082107,2018,0.05,3.97,7.63,0,47.4,49.6,54.1,36.7,31.4,229.5,94.5,397.2,51.8,56.5,841.8,361901,2009,0,0,0,0,0,0,0,60,-1.38,12182875,72426,2.64,3411.61,0,1200,400,720,240,4200,7500,8500,102,1.5,6000,0,0,0,0,12.22,30,100,30,35,56.9,0,0
2026-08-12T16:27:45.463000+09:00,2026-08-12T07:27:45.463000+00:00,094623,1.2,1,0,0,0,0,13376,0,13376,0,0,0,0,4623,20544,18522,4,128,528,137,0,0,0,0,2,0,0,0,0,31082107,2018,0.05,3.97,5.19,0,47.4,49.5,53.6,36.7,31.2,225,97.3,397.5,50.9,55.6,845.2,361901,2009,0,0,0,0,0,0,0,60,-1.54,12182875,72427,2.47,3411.61,0,1200,400,720,240,4200,7500,8500,102,1.5,6000,0,0,0,0,12,30,100,30,35,56.9,0,0
2026-08-12T16:28:45.555000+09:00,2026-08-12T07:28:45.555000+00:00,094623,-4.9,1,0,0,0,0,13376,0,13376,0,0,0,0,4623,20544,10330,4,128,0,137,0,0,0,0,2,0,0,0,0,31082107,2018,0.05,7.63,2.75,0,47.4,49.4,53.2,36.7,31.1,221.1,100,396.8,50,54.9,843.9,361901,2009,0,0,0,0,0,0,0,60,-1.39,12182875,72427,2.43,3411.61,0,1200,400,720,240,4200,7500,8500,102,1.5,6000,0,0,0,0,12.6,30,100,30,35,56.9,0,0
2026-08-12T16:29:45.714000+09:00,2026-08-12T07:29:45.714000+00:00,094623,-2.4,1,0,0,0,0,13376,0,13376,0,0,0,0,4623,20544,10330,4,128,0,137,0,0,0,0,2,0,0,0,0,31082107,2018,0.05,7.63,5.19,0,47.3,49.2,52.8,36.6,30.9,217.1,103,397.1,49.2,54.1,841.7,361901,2009,0,0,0,0,0,0,0,60,-1.4,12182875,72427,2.13,3411.61,0,1200,400,720,240,4200,7500,8500,102,1.5,6000,0,0,0,0,12.3,30,100,30,35,57,0,0
2026-08-12T16:30:45.760000+09:00,2026-08-12T07:30:45.760000+00:00,094623,-4.9,1,0,0,0,0,13376,0,13376,0,0,0,0,4623,20544,12378,4,160,72,137,0,0,0,0,2,0,0,0,0,31082107,2018,0.05,6.41,1.53,0,47.3,49.1,52.4,36.6,30.8,212.9,105.4,396.9,48.3,53.4,841.2,361901,2009,0,0,0,0,0,0,0,60,-1.38,12182875,72427,2.23,3411.61,0,1200,400,720,240,4200,7500,8500,102,1.5,6000,0,0,0,0,12.45,30,100,30,35,57,0,0
2026-08-12T16:31:45.843000+09:00,2026-08-12T07:31:45.843000+00:00,094623,0.0,1,0,0,0,0,13376,0,13376,0,0,0,0,4623,20544,10330,4,128,0,137,0,0,0,0,2,0,0,0,0,31082107,2018,0.05,6.41,6.41,0,47.2,49,52,36.5,30.7,209.1,107.5,396.7,47.6,52.7,844.9,361901,2009,0,0,0,0,0,0,0,60,-1.38,12182875,72428,1.93,3411.61,0,1200,400,720,240,4200,7500,8500,102,1.5,6000,0,0,0,0,12.6,30,100,30,35,56.9,0,0
2026-08-12T16:32:45.945000+09:00,2026-08-12T07:32:45.945000+00:00,094623,-3.7,1,0,0,0,0,13376,0,13376,0,0,0,0,4623,20544,18522,4,128,528,137,0,0,0,0,2,0,0,0,0,31082107,2018,0.05,6.41,2.75,0,47.2,48.8,51.6,36.5,30.6,205.6,110,395.7,46.9,52.1,845.5,361901,2009,0,0,0,0,0,0,0,60,-1.49,12182875,72428,1.73,3411.61,0,1200,400,720,240,4200,7500,8500,102,1.5,6000,0,0,0,0,13.4,30,100,30,35,56.9,0,0
2026-08-12T16:33:46.037000+09:00,2026-08-12T07:33:46.037000+00:00,094623,-3.7,1,0,0,0,0,13376,0,13376,0,0,0,0,4623,20544,10330,4,128,0,137,0,0,0,0,2,0,0,0,0,31082107,2018,0.05,7.63,3.97,0,47.1,48.7,51.3,36.4,30.5,201.5,111.9,395.5,46.2,51.4,846.2,361901,2009,0,0,0,0,0,0,0,60,-1.43,12182875,72428,1.76,3411.61,0,1200,400,720,240,4200,7500,8500,102,1.5,6000,0,0,0,0,13.68,30,100,30,35,56.9,0,0
2026-08-12T16:34:46.126000+09:00,2026-08-12T07:34:46.126000+00:00,094623,-4.9,1,0,0,0,0,13376,0,13376,0,0,0,0,4623,20544,10330,4,128,0,137,0,0,0,0,2,0,0,0,0,31082107,2018,0.05,7.63,2.75,0,47,48.6,51,36.4,30.5,197.8,112.4,395.3,45.6,50.8,847.1,361901,2009,0,0,0,0,0,0,0,60,-1.41,12182875,72428,1.69,3411.61,0,1200,400,720,240,4200,7500,8500,102,1.5,6000,0,0,0,0,13.9,30,100,30,35,56.9,0,0
2026-08-12T16:35:46.225000+09:00,2026-08-12T07:35:46.225000+00:00,094623,-2.4,1,0,0,0,0,13376,0,13376,0,0,0,0,4623,20544,12378,4,160,72,137,0,0,0,0,2,0,0,0,0,31082107,2018,0.05,6.41,3.97,0,47,48.5,50.7,36.4,30.4,194.6,113.9,395.2,45,50.3,842.6,361901,2009,0,0,0,0,0,0,0,60,-1.4,12182875,72429,1.52,3411.61,0,1200,400,720,240,4200,7500,8500,102,1.5,6000,0,0,0,0,13.5,30,100,30,35,56.9,0,0
2026-08-12T16:36:46.344000+09:00,2026-08-12T07:36:46.344000+00:00,094623,-3.7,1,0,0,0,0,13376,0,13376,0,0,0,0,4623,20544,10330,4,128,0,137,0,0,0,0,2,0,0,0,0,31082107,2018,0.05,7.63,3.97,0,46.9,48.4,50.4,36.3,30.3,191.5,117.7,395.2,44.4,49.7,847,361901,2009,0,0,0,0,0,0,0,60,-1.41,12182875,72429,1.56,3411.61,0,1200,400,720,240,4200,7500,8500,102,1.5,6000,0,0,0,0,13.8,30,100,30,35,57,0,0
2026-08-12T16:37:46.475000+09:00,2026-08-12T07:37:46.475000+00:00,094623,-7.3,1,0,0,0,0,13376,0,13376,0,0,0,0,4623,20544,18522,4,128,528,137,0,0,0,0,2,0,0,0,0,31082107,2018,0.05,11.29,3.97,0,46.9,48.3,50.2,36.3,30.3,188,123.9,394.3,43.9,49.2,855.5,361901,2009,0,0,0,0,0,0,0,60,-1.51,12182875,72429,1.46,3411.61,0,1200,400,720,240,4200,7500,8500,102,1.5,6000,0,0,0,0,14.6,30,100,30,35,57,0,0
2026-08-12T16:38:46.564000+09:00,2026-08-12T07:38:46.564000+00:00,094623,-4.9,1,0,0,0,0,13376,0,13376,0,0,0,0,4623,20544,10330,4,128,0,137,0,0,0,0,2,0,0,0,0,31082107,2018,0.05,10.07,5.19,0,46.8,48.2,50,36.3,30.2,184.7,127.7,394.4,43.4,48.7,853.2,361901,2009,0,0,0,0,0,0,0,60,-1.4,12182875,72429,1.48,3411.61,0,1200,400,720,240,4200,7500,8500,102,1.5,6000,0,0,0,0,14.6,30,100,30,35,56.9,0,0
2026-08-12T16:39:46.665000+09:00,2026-08-12T07:39:46.665000+00:00,094623,-2.4,1,0,0,0,0,13376,0,13376,0,0,0,0,4623,20544,10330,4,128,0,137,0,0,0,0,2,0,0,0,0,31082107,2018,0.05,8.85,6.41,0,46.7,48.1,49.8,36.3,30.1,181.6,131.8,394.6,42.9,48.2,843.4,361901,2009,0,0,0,0,0,0,0,60,-1.43,12182875,72430,1.36,3411.61,0,1200,400,720,240,4200,7500,8500,102,1.5,6000,0,0,0,0,14.3,30,100,30,35,56.9,0,0
2026-08-12T16:40:46.756000+09:00,2026-08-12T07:40:46.756000+00:00,094623,-3.7,1,0,0,0,0,13376,0,13376,0,0,0,0,4623,20544,12442,4,16544,72,137,0,0,0,0,2,0,0,0,0,31082107,2018,0.05,8.85,5.19,0,46.7,48,49.6,36.2,30.1,179,136.8,394.6,42.4,47.7,844.2,361901,2009,0,0,0,0,0,0,0,60,-1.83,12182875,72430,0,3411.61,0,1200,400,720,240,4200,7500,8500,102,1.5,6000,0,0,0,0,14.3,30,100,30,35,56.9,0,0
2026-08-12T16:41:46.873000+09:00,2026-08-12T07:41:46.873000+00:00,094623,-4.9,1,0,0,0,0,13376,0,13376,0,0,0,0,4623,20544,10330,4,128,0,137,0,0,0,0,2,0,0,0,0,31082107,2018,0.05,7.63,2.75,0,46.6,47.9,49.4,36.2,30,175.3,142.1,394.1,42,47.2,844.1,361901,2009,0,0,0,0,0,0,0,60,-1.45,12182875,72430,1.36,3411.61,0,1200,400,720,240,4200,7500,8500,102,1.5,6000,0,0,0,0,14.63,30,100,30,35,56.9,0,0
2026-08-12T16:42:46.954000+09:00,2026-08-12T07:42:46.954000+00:00,094623,-9.8,1,0,0,0,0,13376,0,13376,0,0,0,0,4623,20544,18586,4,16512,528,137,0,0,0,0,2,0,0,0,0,31082107,2018,0.05,13.73,3.97,0,46.5,47.9,49.2,36.2,30,172.5,142.7,394.1,41.5,46.8,846.1,361901,2009,0,0,0,0,0,0,0,60,-1.61,12182875,72430,0,3411.61,0,1200,400,720,240,4200,7500,8500,102,1.5,6000,0,0,0,0,14.7,30,100,30,35,56.9,0,0
2026-08-12T16:43:47.045000+09:00,2026-08-12T07:43:47.045000+00:00,094623,-11.0,1,0,0,0,0,13376,0,13376,0,0,0,0,4623,20544,10330,4,128,0,137,0,0,0,0,2,0,0,0,0,31082107,2018,0.05,14.95,3.97,0,46.4,47.7,49.1,36.1,30,170,144,393.4,41.1,46.4,855.1,361901,2009,0,0,0,0,0,0,0,60,-1.44,12182875,72431,0,3411.61,0,1200,400,720,240,4200,7500,8500,102,1.5,6000,0,0,0,0,15.3,30,100,30,35,57,0,0
2026-08-12T16:44:47.168000+09:00,2026-08-12T07:44:47.168000+00:00,094623,-12.2,1,0,0,0,0,13376,0,13376,0,0,0,0,4623,20544,10346,4,8324,0,137,0,0,0,0,2,0,0,0,0,31082107,2018,0.05,16.17,3.97,0,46.4,47.7,48.9,36.1,29.9,166.4,147.5,393.1,40.8,46,849.1,361901,2009,0,0,0,0,0,0,0,60,-1.51,12182875,72431,0,3411.61,0,1200,400,720,240,4200,7500,8500,102,1.5,6000,0,0,0,0,15.4,30,100,30,35,57,0,0
2026-08-12T16:45:47.285000+09:00,2026-08-12T07:45:47.285000+00:00,094623,-11.0,1,0,0,0,0,13376,0,13376,0,0,0,0,4623,20544,12378,4,160,72,137,0,0,0,0,2,0,0,0,0,31082107,2018,0.05,14.95,3.97,0,46.3,47.6,48.7,36.1,29.9,163.5,149.6,392.8,40.3,45.6,863.9,361901,2009,0,0,0,0,0,0,0,60,-1.74,12182875,72431,0,3411.61,0,1200,400,720,240,4200,7500,8500,102,1.5,6000,0,0,0,0,15.8,30,100,30,35,57,0,0
2026-08-12T16:46:47.348000+09:00,2026-08-12T07:46:47.348000+00:00,094623,-13.4,1,0,0,0,0,13376,0,13376,0,0,0,0,4623,20544,10330,4,128,0,137,0,0,0,0,2,0,0,0,0,31082107,2018,0.05,17.4,3.97,0,46.3,47.5,48.6,36,29.8,161.1,151.4,392.3,40,45.2,866.1,361901,2009,0,0,0,0,0,0,0,60,-1.43,12182875,72431,0,3411.61,0,1200,400,720,240,4200,7500,8500,102,1.5,6000,0,0,0,0,16.2,30,100,30,35,57,0,0
2026-08-12T16:47:47.444000+09:00,2026-08-12T07:47:47.444000+00:00,094623,-15.9,1,0,0,0,0,13376,0,13376,0,0,0,0,4623,20544,18522,4,128,16,137,0,0,0,0,2,0,0,0,0,31082107,2018,0.05,17.4,1.53,0,46.2,47.4,48.4,36,29.8,158.1,155.4,392.2,39.7,44.9,851.9,361901,2009,0,0,0,0,0,0,0,60,-1.55,12182875,72432,0,3411.61,0,1200,400,720,240,4200,7500,8500,102,1.5,6000,0,0,0,0,16.2,30,100,30,35,56.9,0,0
2026-08-12T16:48:47.540000+09:00,2026-08-12T07:48:47.540000+00:00,094623,-11.0,1,0,0,0,0,13376,0,13376,0,0,0,0,4623,20544,10330,4,128,0,137,0,0,0,0,2,0,0,0,0,31082107,2018,0.05,14.95,3.97,0,46.2,47.3,48.3,35.9,29.7,155.5,158.3,392.1,39.4,44.5,843.8,361901,2009,0,0,0,0,0,0,0,60,-1.47,12182875,72432,0,3411.61,0,1200,400,720,240,4200,7500,8500,102,1.5,6000,0,0,0,0,16.4,30,100,30,35,56.9,0,0
2026-08-12T16:49:47.638000+09:00,2026-08-12T07:49:47.638000+00:00,094623,-14.7,1,0,0,0,0,13376,0,13376,0,0,0,0,4623,20544,10330,4,128,0,137,0,0,0,0,2,0,0,0,0,31082107,2018,0.05,18.62,3.97,0,46.2,47.2,48.2,35.9,29.7,153.1,164.5,392.1,39.1,44.1,843.5,361901,2009,0,0,0,0,0,0,0,60,-1.46,12182875,72432,0,3411.61,0,1200,400,720,240,4200,7500,8500,102,1.5,6000,0,0,0,0,16.3,30,100,30,35,56.9,0,0
2026-08-12T16:50:47.736000+09:00,2026-08-12T07:50:47.736000+00:00,094623,-11.0,1,0,0,0,0,13376,0,13376,0,0,0,0,4623,20544,12378,4,160,8,137,0,0,0,0,2,0,0,0,0,31082107,2018,0.05,14.95,3.97,0,46.2,47.2,48,35.9,29.6,150.5,166.8,392.2,38.8,43.8,846.8,361901,2009,0,0,0,0,0,0,0,60,-1.75,12182875,72432,0,3411.61,0,1200,400,720,240,4200,7500,8500,102,1.5,6000,0,0,0,0,16.2,30,100,30,35,57,0,0
2026-08-12T16:51:47.835000+09:00,2026-08-12T07:51:47.835000+00:00,094623,-15.9,1,0,0,0,0,13376,0,13376,0,0,0,0,4623,20544,10330,4,128,0,137,0,0,0,0,2,0,0,0,0,31082107,2018,0.05,18.62,2.75,0,46.1,47.1,47.9,35.9,29.6,147.9,171.8,391.8,38.5,43.5,850.9,361901,2009,0,0,0,0,0,0,0,60,-1.43,12182875,72433,0,3411.61,0,1200,400,720,240,4200,7500,8500,102,1.5,6000,0,0,0,0,16.53,30,100,30,35,56.9,0,0
2026-08-12T16:52:47.927000+09:00,2026-08-12T07:52:47.927000+00:00,094623,-15.9,1,0,0,0,0,13376,0,13376,0,0,0,0,4623,20544,10330,4,128,0,137,0,0,0,0,2,0,0,0,0,31082107,2018,0.04,17.4,1.53,0,46.1,47.1,47.7,35.8,29.6,145.5,176.4,391.2,38.2,43.1,851.5,361901,2009,0,0,0,0,0,0,0,60,-1.53,12182875,72433,0,3411.61,0,1200,400,720,240,4200,7500,8500,102,1.5,6000,0,0,0,0,17.15,30,100,30,35,57,0,0
2026-08-12T16:53:48.024000+09:00,2026-08-12T07:53:48.024000+00:00,094623,-20.8,1,0,0,0,0,13376,0,13376,0,0,0,0,4623,20544,10330,4,128,0,137,0,0,0,0,2,0,0,0,0,31082107,2018,0.05,22.28,1.53,0,46.1,47,47.6,35.8,29.5,143.1,177.6,391,38,42.8,853.1,361901,2009,0,0,0,0,0,0,0,60,-1.45,12182875,72433,0,3411.61,0,1200,400,720,240,4200,7500,8500,102,1.5,6000,0,0,0,0,17.2,30,100,30,35,56.9,0,0
2026-08-12T16:54:48.115000+09:00,2026-08-12T07:54:48.115000+00:00,094623,-15.9,1,0,0,0,0,13376,0,13376,0,0,0,0,4623,20544,10330,4,128,0,137,0,0,0,0,2,0,0,0,0,31082107,2018,0.05,18.62,2.75,0,46,46.9,47.5,35.7,29.5,140.5,183.8,390.9,37.7,42.5,862.6,361901,2009,0,0,0,0,0,0,0,60,-1.46,12182875,72433,0,3411.61,0,1200,400,720,240,4200,7500,8500,102,1.5,6000,0,0,0,0,17.25,30,100,30,35,56.9,0,0
2026-08-12T16:55:48.212000+09:00,2026-08-12T07:55:48.212000+00:00,094623,-15.9,1,0,0,0,0,13376,0,13376,0,0,0,0,4623,20544,12378,4,160,8,137,0,0,0,0,2,0,0,0,0,31082107,2018,0.05,21.06,5.19,0,46,46.9,47.3,35.8,29.4,138.3,187.6,390.9,37.4,42.2,865.7,361901,2009,0,0,0,0,0,0,0,60,-1.74,12182875,72434,0,3411.61,0,1200,400,720,240,4200,7500,8500,102,1.5,6000,0,0,0,0,17.38,30,100,30,35,57,0,0
2026-08-12T16:56:48.327000+09:00,2026-08-12T07:56:48.327000+00:00,094623,-17.1,1,0,0,0,0,13376,0,13376,0,0,0,0,4623,20544,10330,4,128,0,137,0,0,0,0,2,0,0,0,0,31082107,2018,0.05,21.06,3.97,0,46,46.8,47.2,35.7,29.4,136.3,191.9,390,37.2,41.9,858.6,361901,2009,0,0,0,0,0,0,0,60,-1.43,12182875,72434,0,3411.61,0,1200,400,720,240,4200,7500,8500,102,1.5,6000,0,0,0,0,18,30,100,30,35,57,0,0
2026-08-12T16:57:48.424000+09:00,2026-08-12T07:57:48.424000+00:00,094623,-15.9,1,0,0,0,0,13376,0,13376,0,0,0,0,4623,20544,10330,0,128,0,137,0,0,0,0,2,0,0,0,0,31082107,2018,0.07,19.84,3.97,0,45.9,46.8,47.1,35.7,29.4,134,195.1,390.5,37,41.6,868.9,361901,2009,0,0,0,0,0,0,0,60,-1.31,12182875,72434,0,3411.61,0,1200,400,720,240,4200,7500,8500,102,1.5,6000,0,0,0,0,17.62,30,100,30,35,57,0,0
2026-08-12T16:58:48.514000+09:00,2026-08-12T07:58:48.514000+00:00,094623,-19.5,1,0,0,0,0,13376,0,13376,0,0,0,0,4623,20544,10330,0,128,0,137,0,0,0,0,2,0,0,0,0,31082107,2018,0.12,23.5,3.97,0,45.8,47.2,47,35.7,29.3,132,201.9,390.4,36.9,41.4,863.5,361901,2009,0,0,0,0,0,0,0,60,-1.27,12182875,72434,0,3411.61,0,1200,400,720,240,4200,7500,8500,102,1.5,6000,0,0,0,0,17.78,30,100,30,35,57,0,0
2026-08-12T16:59:48.651000+09:00,2026-08-12T07:59:48.651000+00:00,094623,-20.8,1,0,0,0,0,13376,0,13376,0,0,0,0,4623,20544,10394,0,16512,0,137,0,0,0,0,2,0,0,0,0,31082107,2018,0.13,22.28,1.53,0,45.6,47.6,46.9,35.7,29.3,129.3,205.9,390.4,36.8,41.1,861.8,361901,2009,0,0,0,0,0,0,0,60,-1.3,12182875,72435,0,3411.61,0,1200,400,720,240,4200,7500,8500,102,1.5,6000,0,0,0,0,17.8,30,100,30,35,57,0,0
2026-08-12T17:00:48.715000+09:00,2026-08-12T08:00:48.715000+00:00,094623,-22.0,1,0,0,0,0,13376,0,13376,0,0,0,0,4623,20544,8282,0,128,0,137,0,0,0,0,2,0,0,0,0,31082107,2018,0.13,25.94,3.97,0,45.5,47.9,46.9,35.7,29.3,127.4,203.9,389.6,36.8,40.8,864.9,361901,2009,0,0,0,0,0,0,0,60,-1.48,12182875,72435,0,3411.61,0,1200,400,720,240,4200,7500,8500,102,1.5,6000,0,0,0,0,18.32,30,100,30,35,57,0,0
2026-08-12T17:01:48.848000+09:00,2026-08-12T08:01:48.848000+00:00,094623,-23.2,1,0,0,0,0,13376,0,13376,0,0,0,0,4623,20544,10394,0,16512,0,137,0,0,0,0,2,0,0,0,0,31082107,2018,0.13,27.16,3.97,0,45.4,48,46.9,35.7,29.2,125.3,206,389.6,36.7,40.5,869.1,361901,2009,0,0,0,0,0,0,0,60,-1.47,12182875,72435,0,3411.61,0,1200,400,720,240,4200,7500,8500,102,1.5,6000,0,0,0,0,18.3,30,100,30,35,57,0,0
2026-08-12T17:02:48.937000+09:00,2026-08-12T08:02:48.937000+00:00,094623,-23.2,1,0,0,0,0,13376,0,13376,0,0,0,0,4623,20544,10330,0,128,0,137,0,0,0,0,2,0,0,0,0,31082107,2018,0.13,27.16,3.97,0,45.2,48,46.9,35.6,29.2,123.3,205.1,389.5,36.6,40.2,871.6,361901,2009,0,0,0,0,0,0,0,60,-1.31,12182875,72435,0,3411.61,0,1200,400,720,240,4200,7500,8500,102,1.5,6000,0,0,0,0,18.4,30,100,30,35,57,0,0
2026-08-12T17:03:49.033000+09:00,2026-08-12T08:03:49.033000+00:00,094623,-22.0,1,0,0,0,0,13376,0,13376,0,0,0,0,4623,20544,10346,0,8324,0,137,0,0,0,0,2,0,0,0,0,31082107,2018,0.13,27.16,5.19,0,45.1,47.9,46.9,35.6,29.2,121.5,207.6,389.2,36.5,40,875.6,361901,2009,0,0,0,0,0,0,0,60,-1.34,12182875,72436,0,3411.61,0,1200,400,720,240,4200,7500,8500,102,1.5,6000,0,0,0,0,18.6,30,100,30,35,57,0,0
2026-08-12T17:04:49.129000+09:00,2026-08-12T08:04:49.129000+00:00,094623,-20.8,1,0,0,0,0,13376,0,13376,0,0,0,0,4623,20544,10330,0,128,0,137,0,0,0,0,2,0,0,0,0,31082107,2018,0.13,23.5,2.75,0,45,47.8,46.8,35.6,29.1,119.4,210,389.7,36.4,39.8,874.4,361901,2009,0,0,0,0,0,0,0,60,-1.32,12182875,72436,0,3411.61,0,1200,400,720,240,4200,7500,8500,102,1.5,6000,0,0,0,0,18.2,30,100,30,35,57.1,0,0
2026-08-12T17:05:49.228000+09:00,2026-08-12T08:05:49.228000+00:00,094623,-23.2,1,0,0,0,0,13376,0,13376,0,0,0,0,4623,20544,18522,0,128,528,137,0,0,0,0,2,0,0,0,0,31082107,2018,0.13,27.16,3.97,0,44.9,47.7,46.6,35.5,29.1,117.6,212.2,389.5,36.2,39.5,876,361901,2009,0,0,0,0,0,0,0,60,-1.58,12182875,72436,0,3411.61,0,1200,400,720,240,4200,7500,8500,102,1.5,6000,0,0,0,0,18.6,30,100,30,35,57,0,0
2026-08-12T17:06:49.320000+09:00,2026-08-12T08:06:49.320000+00:00,094623,-23.2,1,0,0,0,0,13376,0,13376,0,0,0,0,4623,20544,10330,0,128,0,137,0,0,0,0,2,0,0,0,0,31082107,2018,0.13,25.94,2.75,0,44.7,47.6,46.5,35.5,29.1,115.8,215,389.2,36.1,39.2,907.5,361901,2009,0,0,0,0,0,0,0,60,-1.32,12182875,72436,0,3411.61,0,1200,400,720,240,4200,7500,8500,102,1.5,6000,0,0,0,0,18.6,30,100,30,35,57,0,0
2026-08-12T17:07:49.424000+09:00,2026-08-12T08:07:49.424000+00:00,094623,-19.5,1,0,0,0,0,13376,0,13376,0,0,0,0,4623,20544,10330,0,128,0,137,0,0,0,0,2,0,0,0,0,31082107,2018,0.13,25.94,6.41,0,44.6,47.5,46.4,35.5,29,114,214.2,389,36,39,940.7,361901,2009,0,0,0,0,0,0,0,60,-1.35,12182875,72436,0,3411.61,0,1200,400,720,240,4200,7500,8500,102,1.5,6000,0,0,0,0,18.8,30,100,30,35,57,0,0
2026-08-12T17:08:49.526000+09:00,2026-08-12T08:08:49.526000+00:00,094623,-23.2,1,0,0,0,0,13376,0,13376,0,0,0,0,4623,20544,8282,0,128,8,137,0,0,0,0,2,0,0,0,0,31082107,2018,0.13,25.94,2.75,0,44.5,47.4,46.3,35.4,29,112.2,220.8,388.5,35.9,38.7,888.9,361901,2009,0,0,0,0,0,0,0,60,-1.36,12182875,72437,0,3411.61,0,1200,400,720,240,4200,7500,8500,102,1.5,6000,0,0,0,0,19.2,30,100,30,35,57,0,0
2026-08-12T17:09:49.625000+09:00,2026-08-12T08:09:49.625000+00:00,094623,-29.6,1,0,0,0,0,13376,0,13376,0,0,0,0,4623,20544,10330,0,128,0,137,0,0,0,0,2,0,0,0,0,31082107,2018,0.13,29.6,0,0,44.3,47.4,46.2,35.4,29,110.5,219.8,388.3,35.8,38.4,886.4,361901,2009,0,0,0,0,0,0,0,60,-1.37,12182875,72437,0,3411.61,0,1200,400,720,240,4200,7500,8500,102,1.5,6000,0,0,0,0,19.4,30,100,30,35,57,0,0
2026-08-12T17:10:49.724000+09:00,2026-08-12T08:10:49.724000+00:00,094623,-25.6,1,0,0,0,0,13376,0,13376,0,0,0,0,4623,20544,18522,0,128,528,137,0,0,0,0,2,0,0,0,0,31082107,2018,0.13,28.38,2.75,0,44.2,47.3,46,35.4,28.9,109,217.7,388.4,35.7,38.1,883.1,361901,2009,0,0,0,0,0,0,0,60,-1.42,12182875,72437,0,3411.61,0,1200,400,720,240,4200,7500,8500,102,1.5,6000,0,0,0,0,19.3,30,100,30,35,57,0,0
2026-08-12T17:11:49.820000+09:00,2026-08-12T08:11:49.820000+00:00,094623,-22.0,1,0,0,0,0,13376,0,13376,0,0,0,0,4623,20544,10330,0,128,0,137,0,0,0,0,2,0,0,0,0,31082107,2018,0.13,28.38,6.41,0,44.1,47.2,45.9,35.4,28.9,107.4,222.9,388.6,35.6,37.9,883.8,361901,2009,0,0,0,0,0,0,0,60,-1.31,12182875,72437,0,3411.61,0,1200,400,720,240,4200,7500,8500,102,1.5,6000,0,0,0,0,19.3,30,100,30,35,57,0,0
2026-08-12T17:12:49.911000+09:00,2026-08-12T08:12:49.911000+00:00,094623,-23.2,1,0,0,0,0,13376,0,13376,0,0,0,0,4623,20544,10330,0,128,0,137,0,0,0,0,2,0,0,0,0,31082107,2018,0.13,27.16,3.97,0,43.9,47.1,45.8,35.4,28.9,105.8,223.7,388.1,35.6,37.6,875.7,361901,2009,0,0,0,0,0,0,0,60,-1.35,12182875,72438,0,3411.61,0,1200,400,720,240,4200,7500,8500,102,1.5,6000,0,0,0,0,19.5,30,100,30,35,57,0,0
2026-08-12T17:13:50.016000+09:00,2026-08-12T08:13:50.016000+00:00,094623,-24.4,1,0,0,0,0,13376,0,13376,0,0,0,0,4623,20544,12378,0,160,72,137,0,0,0,0,2,0,0,0,0,31082107,2018,0.13,29.6,5.19,0,43.8,47,45.7,35.3,28.9,104.3,227.2,388.1,35.5,37.4,877,361901,2009,0,0,0,0,0,0,0,60,-1.35,12182875,72438,0,3411.61,0,1200,400,720,240,4200,7500,8500,102,1.5,6000,0,0,0,0,19.6,30,100,30,35,57,0,0
2026-08-12T17:14:50.112000+09:00,2026-08-12T08:14:50.112000+00:00,094623,-25.6,1,0,0,0,0,13376,0,13376,0,0,0,0,4623,20544,10330,0,128,0,137,0,0,0,0,2,0,0,0,0,31082107,2018,0.13,30.82,5.19,0,43.6,47,45.6,35.3,28.8,102.6,224.4,387.5,35.4,37.1,867.2,361901,2009,0,0,0,0,0,0,0,60,-1.36,12182875,72438,0,3411.61,0,1200,400,720,240,4200,7500,8500,102,1.5,6000,0,0,0,0,19.98,30,100,30,35,57,0,0
2026-08-12T17:15:50.204000+09:00,2026-08-12T08:15:50.204000+00:00,094623,-114.8,2,0,0,0,0,13376,0,13376,0,0,0,0,4623,24640,18522,0,0,528,169,0,0,0,0,2,0,0,0,8,31082107,2018,0.13,116.28,1.53,0,43.5,46.9,45.4,35.3,28.8,100.9,222,385.7,35.4,37,829.8,361901,2009,0,0,0,0,0,0,0,60,-1.84,12182875,72438,0,3411.61,0,1200,400,720,240,4200,7500,8500,102,1.5,6000,0,0,0,0,28.8,30,0,30,35,57,0,0
2026-08-12T17:16:50.305000+09:00,2026-08-12T08:16:50.305000+00:00,094623,-108.6,2,0,0,0,0,13376,0,13376,0,0,0,0,4623,24640,10330,0,0,0,169,0,0,0,0,2,0,0,0,8,31082107,2018,0.13,112.61,3.97,0,43.4,46.7,45.3,35.4,28.8,99.7,223.2,378.6,35.3,36.8,804.5,361901,2009,0,0,0,0,0,0,0,60,-1.6,12182875,72439,0,3411.61,0,1200,400,720,240,4200,7500,8500,102,1.5,6000,0,0,0,0,27.5,30,0,30,35,57,0,0
2026-08-12T17:17:50.393000+09:00,2026-08-12T08:17:50.393000+00:00,094623,-92.8,2,0,0,0,0,13376,0,13376,0,0,0,0,4623,24640,10330,0,0,0,169,0,0,0,0,2,0,0,0,8,31082107,2018,0.13,95.52,2.75,0,43.3,46.6,45.2,35.4,28.8,98.2,224.6,372.7,35.2,36.6,791.2,361901,2009,0,0,0,0,0,0,0,60,-1.58,12182875,72439,0,3411.61,0,1200,400,720,240,4200,7500,8500,102,1.5,6000,0,0,0,0,26.2,30,0,30,35,57,0,0
2026-08-12T17:18:50.488000+09:00,2026-08-12T08:18:50.488000+00:00,094623,-70.8,2,0,0,0,0,13376,0,13376,0,0,0,0,4623,24640,12442,0,16416,72,169,0,0,0,0,2,0,0,0,8,31082107,2018,0.13,74.77,3.97,0,43.1,46.5,45.1,35.4,28.7,96.8,225.3,367.1,35.1,36.4,781.5,361901,2009,0,0,0,0,0,0,0,60,-1.75,12182875,72439,0,3411.61,0,1200,400,720,240,4200,7500,8500,102,1.5,6000,0,0,0,0,24.8,30,0,30,35,57,0,0
2026-08-12T17:19:50.574000+09:00,2026-08-12T08:19:50.574000+00:00,094623,-67.1,2,0,0,0,0,13376,0,13376,0,0,0,0,4623,24640,10330,0,0,0,169,0,0,0,0,2,0,0,0,8,31082107,2018,0.13,68.67,1.53,0,43,46.5,45,35.3,28.7,95.2,226.4,362,35.1,36.3,773,361901,2009,0,0,0,0,0,0,0,60,-1.47,12182875,72439,0,3411.61,0,1200,400,720,240,4200,7500,8500,102,1.5,6000,0,0,0,0,23.5,30,0,30,35,57,0,0
2026-08-12T17:20:50.664000+09:00,2026-08-12T08:20:50.664000+00:00,094623,-54.9,2,0,0,0,0,13376,0,13376,0,0,0,0,4623,24640,18538,0,8196,528,169,0,0,0,0,2,0,0,0,8,31082107,2018,0.13,56.46,1.53,0,42.8,46.3,44.9,35.4,28.7,94,227.4,356.7,35,36.1,765.7,361901,2009,0,0,0,0,0,0,0,60,-1.75,12182875,72440,0,3411.61,0,1200,400,720,240,4200,7500,8500,102,1.5,6000,0,0,0,0,22.1,30,0,30,35,57,0,0
2026-08-12T17:21:50.753000+09:00,2026-08-12T08:21:50.753000+00:00,094623,-41.5,2,0,0,0,0,13376,0,13376,0,0,0,0,4623,24640,10330,0,0,0,169,0,0,0,0,2,0,0,0,8,31082107,2018,0.13,45.47,3.97,0,42.7,46.2,44.8,35.3,28.7,92.6,229.2,351.2,35,36,759.7,361901,2009,0,0,0,0,0,0,0,60,-1.36,12182875,72440,0,3411.61,0,1200,400,720,240,4200,7500,8500,102,1.5,6000,0,0,0,0,20.8,30,0,30,35,57,0,0
2026-08-12T17:22:50.840000+09:00,2026-08-12T08:22:50.840000+00:00,094623,-36.6,2,0,0,0,0,13376,0,13376,0,0,0,0,4623,24640,10330,0,0,0,169,0,0,0,0,2,0,0,0,8,31082107,2018,0.13,40.59,3.97,0,42.6,46.1,44.6,35.3,28.7,91.3,230.3,344.5,34.9,35.9,754.2,361901,2009,0,0,0,0,0,0,0,60,-1.36,12182875,72440,0,3411.61,0,1200,400,720,240,4200,7500,8500,102,1.5,6000,0,0,0,0,19.5,30,0,30,35,57,0,0
2026-08-12T17:23:50.943000+09:00,2026-08-12T08:23:50.943000+00:00,094623,-23.2,2,0,0,0,0,13376,0,13376,0,0,0,0,4623,24640,12378,0,32,72,169,0,0,0,0,2,0,0,0,8,31082107,2018,0.13,27.16,3.97,0,42.4,46,44.5,35.4,28.6,90,231.7,337.8,34.9,35.7,749.2,361901,2009,0,0,0,0,0,0,0,60,-1.59,12182875,72440,0,3411.61,0,1200,400,720,240,4200,7500,8500,102,1.5,6000,0,0,0,0,18.1,30,0,30,35,57,0,0
2026-08-12T17:24:51.029000+09:00,2026-08-12T08:24:51.029000+00:00,094623,-24.4,2,0,0,0,0,13376,0,13376,0,0,0,0,4623,24640,10330,0,0,0,169,0,0,0,0,2,0,0,0,8,31082107,2018,0.13,25.94,1.53,0,42.3,45.7,44.4,35.3,28.6,88.7,233.2,329.8,34.8,35.6,743.9,361901,2009,0,0,0,0,0,0,0,60,-1.29,12182875,72441,0,3411.61,0,1200,400,720,240,4200,7500,8500,102,1.5,6000,0,0,0,0,16.8,30,0,30,35,57,0,0
2026-08-12T17:25:51.115000+09:00,2026-08-12T08:25:51.115000+00:00,094623,-19.5,2,0,0,0,0,13376,0,13376,0,0,0,0,4623,24640,18522,0,0,528,169,0,0,0,0,2,0,0,0,8,31082107,2018,0.13,23.5,3.97,0,42.2,45.6,44.3,35.3,28.6,87.5,234,321.7,34.8,35.5,739.1,361901,2009,0,0,0,0,0,0,0,60,-1.37,12182875,72441,0,3411.61,0,1200,400,720,240,4200,7500,8500,102,1.5,6000,0,0,0,0,15.5,30,0,30,35,57,0,0
2026-08-12T17:26:51.217000+09:00,2026-08-12T08:26:51.217000+00:00,094623,-3.7,2,0,0,0,0,13376,0,13376,0,0,0,0,4623,24640,10330,0,0,0,169,0,0,0,0,2,0,0,0,8,31082107,2018,0.13,8.85,5.19,0,42,45.5,44.2,35.4,28.6,86.4,238.3,312.7,34.8,35.4,734.6,361901,2009,0,0,0,0,0,0,0,60,-1.21,12182875,72441,0,3411.61,0,1200,400,720,240,4200,7500,8500,102,1.5,6000,0,0,0,0,14.1,30,0,30,35,57,0,0
2026-08-12T17:27:51.321000+09:00,2026-08-12T08:27:51.321000+00:00,094623,-2.4,2,0,0,0,0,13376,0,13376,0,0,0,0,4623,24640,10330,0,0,0,169,0,0,0,0,2,0,0,0,8,31082107,2018,0.13,7.63,5.19,0,41.9,45.4,44.1,35.4,28.6,85.1,241.4,302.3,34.7,35.3,729.2,361901,2009,0,0,0,0,0,0,0,60,-1.2,12182875,72441,0,3411.61,0,1200,400,720,240,4200,7500,8500,102,1.5,6000,0,0,0,0,12.8,30,0,30,35,57,0,0
2026-08-12T17:28:51.406000+09:00,2026-08-12T08:28:51.406000+00:00,094623,4.0,2,0,0,0,0,13376,0,13376,0,0,0,0,4623,24640,12378,0,32,72,169,0,0,0,0,2,0,0,0,8,31082107,2018,0.13,0,3.97,0,41.7,45.2,44,35.4,28.6,83.9,238.8,289.7,34.7,35.2,723.9,361901,2009,0,0,0,0,0,0,0,60,-1.46,12182875,72442,0,3411.61,0,1200,400,720,240,4200,7500,8500,102,1.5,6000,0,0,0,0,11.4,30,0,30,35,57,0,0
2026-08-12T17:29:51.504000+09:00,2026-08-12T08:29:51.504000+00:00,094623,2.8,2,0,0,0,0,13376,0,13376,0,0,0,0,4623,24640,10330,0,0,0,169,0,0,0,0,2,0,0,0,8,31082107,2018,0.13,0,2.75,0,41.6,45,43.9,35.4,28.6,82.8,237,276.8,34.7,35,719.6,361901,2009,0,0,0,0,0,0,0,60,-1.19,12182875,72442,0,3411.61,0,1200,400,720,240,4200,7500,8500,102,1.5,6000,0,0,0,0,10.1,30,0,30,35,57,0,0
2026-08-12T17:30:51.598000+09:00,2026-08-12T08:30:51.598000+00:00,094623,2.8,2,0,0,0,0,13376,0,13376,0,0,0,0,4623,24640,10330,0,0,0,161,0,0,0,0,2,0,0,0,8,31082107,2018,0.13,0,2.75,0,41.5,44.9,43.9,35.3,28.5,81.6,237.5,260,34.7,35,714,361901,2009,0,0,0,0,0,0,0,60,-1.05,12182875,72442,0,3411.61,0,1200,400,720,240,4200,7500,8500,102,1.5,6000,0,0,0,0,0,30,0,30,35,57,0,0
2026-08-12T17:31:51.691000+09:00,2026-08-12T08:31:51.691000+00:00,094623,4.0,2,0,0,0,0,13376,0,13376,0,0,0,0,4623,24640,10330,0,0,0,161,0,0,0,0,2,0,0,0,8,31082107,2018,0.13,0,3.97,0,41.4,44.8,43.8,35.3,28.5,80.6,237.2,248.8,34.7,34.9,708.5,361901,2009,0,0,0,0,0,0,0,60,-1.06,12182875,72442,0,3411.61,0,1200,400,720,240,4200,7500,8500,102,1.5,6000,0,0,0,0,0,30,0,30,35,57,0,0
2026-08-12T17:32:51.797000+09:00,2026-08-12T08:32:51.797000+00:00,094623,6.4,2,0,0,0,0,13376,0,13376,0,0,0,0,4623,24640,10330,0,0,0,161,0,0,0,0,2,0,0,0,8,31082107,2018,0.13,0,6.41,0,41.2,44.6,43.7,35.2,28.5,79.6,236.3,242,34.6,34.8,703.6,361901,2009,0,0,0,0,0,0,0,60,-1.05,12182875,72442,0,3411.61,0,1200,400,720,240,4200,7500,8500,102,1.5,6000,0,0,0,0,0,30,0,30,35,57,0,0
2026-08-12T17:33:51.889000+09:00,2026-08-12T08:33:51.889000+00:00,094623,2.8,2,0,0,0,0,13376,0,13376,0,0,0,0,4623,24640,10330,0,0,0,161,0,0,0,0,2,0,0,0,8,31082107,2018,0.13,0,2.75,0,41.1,44.5,43.6,35.1,28.5,78.5,237.7,239.7,34.6,34.7,698.7,361901,2009,0,0,0,0,0,0,0,60,-1.03,12182875,72442,0,3411.61,0,1200,400,720,240,4200,7500,8500,102,1.5,6000,0,0,0,0,0,30,0,30,35,57,0,0
2026-08-12T17:34:51.964000+09:00,2026-08-12T08:34:51.964000+00:00,094623,4.0,2,0,0,0,0,13376,0,13376,0,0,0,0,4623,24640,10330,0,0,0,161,0,0,0,0,2,0,0,0,8,31082107,2018,0.13,0,3.97,0,41,44.4,43.5,35.1,28.5,77.5,237.2,236.3,34.6,34.6,694.3,361901,2009,0,0,0,0,0,0,0,60,-1.04,12182875,72443,0,3411.61,0,1200,400,720,240,4200,7500,8500,102,1.5,6000,0,0,0,0,0,30,0,30,35,57,0,0
2026-08-12T17:35:52.066000+09:00,2026-08-12T08:35:52.066000+00:00,094623,1.5,2,0,0,0,0,13376,0,13376,0,0,0,0,4623,24640,10330,0,0,0,161,0,0,0,0,2,0,0,0,8,31082107,2018,0.13,0,1.53,0,40.9,44.3,43.4,35.1,28.5,76.5,237.7,232.7,34.5,34.6,689.9,361901,2009,0,0,0,0,0,0,0,60,-1.06,12182875,72443,0,3411.61,0,1200,400,720,240,4200,7500,8500,102,1.5,6000,0,0,0,0,0,30,0,30,35,57,0,0
2026-08-12T17:36:52.146000+09:00,2026-08-12T08:36:52.146000+00:00,094623,2.8,2,0,0,0,0,13376,0,13376,0,0,0,0,4623,24640,10330,0,0,0,161,0,0,0,0,2,0,0,0,8,31082107,2018,0.13,0,2.75,0,40.7,44.2,43.3,35.1,28.4,75.6,235.5,228.5,34.4,34.4,685.6,361901,2009,0,0,0,0,0,0,0,60,-1.01,12182875,72443,0,3411.61,0,1200,400,720,240,4200,7500,8500,102,1.5,6000,0,0,0,0,0,30,0,30,35,57,0,0
2026-08-12T17:37:52.241000+09:00,2026-08-12T08:37:52.241000+00:00,094623,2.8,2,0,0,0,0,13376,0,13376,0,0,0,0,4623,24640,10330,0,0,0,161,0,0,0,0,2,0,0,0,8,31082107,2018,0.13,0,2.75,0,40.6,44,43.3,35.1,28.4,74.7,234.6,223.7,34.4,34.4,681.6,361901,2009,0,0,0,0,0,0,0,60,-1.06,12182875,72443,0,3411.61,0,1200,400,720,240,4200,7500,8500,102,1.5,6000,0,0,0,0,0,30,0,30,35,57,0,0
2026-08-12T17:38:52.328000+09:00,2026-08-12T08:38:52.328000+00:00,094623,4.0,2,0,0,0,0,13376,0,13376,0,0,0,0,4623,24640,10330,0,0,0,161,0,0,0,0,2,0,0,0,8,31082107,2018,0.13,0,3.97,0,40.5,44,43.2,35.1,28.4,73.7,234.4,219.1,34.3,34.3,677.7,361901,2009,0,0,0,0,0,0,0,60,-1.06,12182875,72443,0,3411.61,0,1200,400,720,240,4200,7500,8500,102,1.5,6000,0,0,0,0,0,30,0,30,35,57,0,0
2026-08-12T17:39:52.405000+09:00,2026-08-12T08:39:52.405000+00:00,094623,0.0,2,0,0,0,0,13376,0,13376,0,0,0,0,4623,24640,10330,0,0,0,161,0,0,0,0,2,0,0,0,8,31082107,2018,0.13,0,0,0,40.4,43.9,43.1,35,28.4,72.8,233.5,214.9,34.2,34.2,673.8,361901,2009,0,0,0,0,0,0,0,60,-1.04,12182875,72443,0,3411.61,0,1200,400,720,240,4200,7500,8500,102,1.5,6000,0,0,0,0,0,30,0,30,35,57,0,0
2026-08-12T17:40:52.488000+09:00,2026-08-12T08:40:52.488000+00:00,094623,2.8,2,0,0,0,0,13376,0,13376,0,0,0,0,4623,24640,10330,0,0,0,161,0,0,0,0,2,0,0,0,8,31082107,2018,0.13,0,2.75,0,40.3,43.8,43,35,28.4,71.9,231.6,210.4,34.2,34.1,670.3,361901,2009,0,0,0,0,0,0,0,60,-1.04,12182875,72444,0,3411.61,0,1200,400,720,240,4200,7500,8500,102,1.5,6000,0,0,0,0,0,30,0,30,35,57,0,0
2026-08-12T17:41:52.592000+09:00,2026-08-12T08:41:52.592000+00:00,094623,1.5,2,0,0,0,0,13376,0,13376,0,0,0,0,4623,24640,10330,0,0,0,161,0,0,0,0,2,0,0,0,8,31082107,2018,0.13,0,1.53,0,40.2,43.7,42.9,35,28.4,71.2,231,206.1,34.1,34,666.7,361901,2009,0,0,0,0,0,0,0,60,-1.05,12182875,72444,0,3411.61,0,1200,400,720,240,4200,7500,8500,102,1.5,6000,0,0,0,0,0,30,0,30,35,57,0,0
2026-08-12T17:42:52.673000+09:00,2026-08-12T08:42:52.673000+00:00,094623,1.5,2,0,0,0,0,13376,0,13376,0,0,0,0,4623,24640,10330,0,0,0,161,0,0,0,0,2,0,0,0,8,31082107,2018,0.13,0,1.53,0,40,43.5,42.9,34.9,28.3,70.3,231.1,201.9,34,33.9,663.2,361901,2009,0,0,0,0,0,0,0,60,-1.02,12182875,72444,0,3411.61,0,1200,400,720,240,4200,7500,8500,102,1.5,6000,0,0,0,0,0,30,0,30,35,57,0,0
2026-08-12T17:43:52.758000+09:00,2026-08-12T08:43:52.758000+00:00,094623,4.0,2,0,0,0,0,13376,0,13376,0,0,0,0,4623,24640,10330,0,0,0,161,0,0,0,0,2,0,0,0,8,31082107,2018,0.13,0,3.97,0,39.9,43.4,42.8,34.9,28.3,69.3,231.9,198,34,33.8,659.7,361901,2009,0,0,0,0,0,0,0,60,-1.06,12182875,72444,0,3411.61,0,1200,400,720,240,4200,7500,8500,102,1.5,6000,0,0,0,0,0,30,0,30,35,57,0,0
2026-08-12T17:44:52.865000+09:00,2026-08-12T08:44:52.865000+00:00,094623,2.8,2,0,0,0,0,13376,0,13376,0,0,0,0,4623,24640,10330,0,0,0,161,0,0,0,0,2,0,0,0,8,31082107,2018,0.13,0,2.75,0,39.8,43.3,42.7,34.9,28.3,68.6,233,194.2,33.9,33.7,656.2,361901,2009,0,0,0,0,0,0,0,60,-1.05,12182875,72444,0,3411.61,0,1200,400,720,240,4200,7500,8500,102,1.5,6000,0,0,0,0,0,30,0,30,35,57,0,0
2026-08-12T17:45:52.947000+09:00,2026-08-12T08:45:52.947000+00:00,094623,4.0,2,0,0,0,0,13376,0,13376,0,0,0,0,4623,24640,10330,0,0,0,161,0,0,0,0,2,0,0,0,2056,31082107,2018,0.13,0,3.97,0,39.7,43.2,42.6,34.8,28.3,67.7,231.9,190.4,33.8,33.6,653,361901,2009,0,0,0,0,0,0,0,60,-1.05,12182875,72445,0,3411.61,0,1200,400,720,240,4200,7500,8500,102,1.5,6000,0,0,0,0,0,30,0,30,35,57,0,0
2026-08-12T17:46:53.052000+09:00,2026-08-12T08:46:53.052000+00:00,094623,2.8,2,0,0,0,0,13376,0,13376,0,0,0,0,4623,24640,10330,0,0,0,161,0,0,0,0,2,0,0,0,2056,31082107,2018,0.13,0,2.75,0,39.6,43.2,42.6,34.9,28.3,67.1,231,187,33.7,33.5,649.8,361901,2009,0,0,0,0,0,0,0,60,-1.05,12182875,72445,0,3411.61,0,1200,400,720,240,4200,7500,8500,102,1.5,6000,0,0,0,0,0,30,0,30,35,57,0,0
2026-08-12T17:47:53.138000+09:00,2026-08-12T08:47:53.138000+00:00,094623,4.0,2,0,0,0,0,13376,0,13376,0,0,0,0,4623,24640,10330,0,0,0,161,0,0,0,0,2,0,0,0,2056,31082107,2018,0.13,0,3.97,0,39.5,43.1,42.5,34.8,28.2,66.3,230.2,183.6,33.7,33.4,646.6,361901,2009,0,0,0,0,0,0,0,60,-1.08,12182875,72445,0,3411.61,0,1200,400,720,240,4200,7500,8500,102,1.5,6000,0,0,0,0,0,30,0,30,35,57,0,0
2026-08-12T17:48:53.219000+09:00,2026-08-12T08:48:53.219000+00:00,094623,2.8,2,0,0,0,0,13376,0,13376,0,0,0,0,4623,24640,10330,0,0,0,161,0,0,0,0,2,0,0,0,2056,31082107,2018,0.13,0,2.75,0,39.4,42.9,42.4,34.8,28.2,65.7,227.8,180.4,33.6,33.4,643.6,361901,2009,0,0,0,0,0,0,0,60,-1.06,12182875,72445,0,3411.61,0,1200,400,720,240,4200,7500,8500,102,1.5,6000,0,0,0,0,0,30,0,30,35,57,0,0
2026-08-12T17:49:53.306000+09:00,2026-08-12T08:49:53.306000+00:00,094623,6.4,2,0,0,0,0,13376,0,13376,0,0,0,0,4623,24640,10330,0,0,0,161,0,0,0,0,2,0,0,0,2056,31082107,2018,0.13,0,6.41,0,39.3,42.8,42.4,34.8,28.2,64.8,229.6,177.3,33.5,33.3,640.6,361901,2009,0,0,0,0,0,0,0,60,-1.04,12182875,72445,0,3411.61,0,1200,400,720,240,4200,7500,8500,102,1.5,6000,0,0,0,0,0,30,0,30,35,56.9,0,0
2026-08-12T17:50:53.408000+09:00,2026-08-12T08:50:53.408000+00:00,094623,2.8,2,0,0,0,0,13376,0,13376,0,0,0,0,4623,24640,10330,0,0,0,161,0,0,0,0,2,0,0,0,2056,31082107,2018,0.13,0,2.75,0,39.2,42.7,42.3,34.8,28.2,64.1,227.1,174.3,33.5,33.2,637.6,361901,2009,0,0,0,0,0,0,0,60,-1.05,12182875,72445,0,3411.61,0,1200,400,720,240,4200,7500,8500,102,1.5,6000,0,0,0,0,0,30,0,30,35,57,0,0
2026-08-12T17:51:53.487000+09:00,2026-08-12T08:51:53.487000+00:00,094623,2.8,2,0,0,0,0,13376,0,13376,0,0,0,0,4623,24640,10330,0,0,0,161,0,0,0,0,2,0,0,0,2056,31082107,2018,0.13,0,2.75,0,39.1,42.7,42.2,34.8,28.2,63.3,226.8,171.5,33.4,33.1,634.8,361901,2009,0,0,0,0,0,0,0,60,-1.05,12182875,72446,0,3411.61,0,1200,400,720,240,4200,7500,8500,102,1.5,6000,0,0,0,0,0,30,0,30,35,56.9,0,0
2026-08-12T17:52:53.595000+09:00,2026-08-12T08:52:53.595000+00:00,094623,2.8,2,0,0,0,0,13376,0,13376,0,0,0,0,4623,24640,10330,0,0,0,161,0,0,0,0,2,0,0,0,2056,31082107,2018,0.12,0,2.75,0,39,42.5,42.1,34.8,28.1,62.5,226.4,168.7,33.4,33,631.8,361901,2009,0,0,0,0,0,0,0,60,-1.05,12182875,72446,0,3411.61,0,1200,400,720,240,4200,7500,8500,102,1.5,6000,0,0,0,0,0,30,0,30,35,56.9,0,0
2026-08-12T17:53:53.679000+09:00,2026-08-12T08:53:53.679000+00:00,094623,2.8,2,0,0,0,0,13376,0,13376,0,0,0,0,4623,24640,10330,0,0,0,161,0,0,0,0,2,0,0,0,2056,31082107,2018,0.13,0,2.75,0,38.9,42.4,42.1,34.7,28.1,61.9,225.2,166.3,33.3,33,629.1,361901,2009,0,0,0,0,0,0,0,60,-1.05,12182875,72446,0,3411.61,0,1200,400,720,240,4200,7500,8500,102,1.5,6000,0,0,0,0,0,30,0,30,35,56.9,0,0
2026-08-12T17:54:53.780000+09:00,2026-08-12T08:54:53.780000+00:00,094623,0.0,2,0,0,0,0,13376,0,13376,0,0,0,0,4623,24640,10330,0,0,0,161,0,0,0,0,2,0,0,0,2056,31082107,2018,0.13,0,0,0,38.8,42.4,42,34.7,28.1,61.2,225.2,163.8,33.2,32.9,626.4,361901,2009,0,0,0,0,0,0,0,60,-1.07,12182875,72446,0,3411.61,0,1200,400,720,240,4200,7500,8500,102,1.5,6000,0,0,0,0,0,30,0,30,35,56.9,0,0
2026-08-12T17:55:53.875000+09:00,2026-08-12T08:55:53.875000+00:00,094623,6.4,2,0,0,0,0,13376,0,13376,0,0,0,0,4623,24640,10330,0,0,0,161,0,0,0,0,2,0,0,0,2056,31082107,2018,0.13,0,6.41,0,38.7,42.3,41.9,34.7,28.1,60.6,224.5,161.5,33.2,32.9,623.7,361901,2009,0,0,0,0,0,0,0,60,-1.1,12182875,72446,0,3411.61,0,1200,400,720,240,4200,7500,8500,102,1.5,6000,0,0,0,0,0,30,0,30,35,56.9,0,0
2026-08-12T17:56:53.969000+09:00,2026-08-12T08:56:53.969000+00:00,094623,2.8,2,0,0,0,0,13376,0,13376,0,0,0,0,4623,24640,10330,0,0,0,161,0,0,0,0,2,0,0,0,2056,31082107,2018,0.13,0,2.75,0,38.6,42.2,41.8,34.7,28.1,59.9,225.4,159.2,33.2,32.8,621.1,361901,2009,0,0,0,0,0,0,0,60,-1.08,12182875,72446,0,3411.61,0,1200,400,720,240,4200,7500,8500,102,1.5,6000,0,0,0,0,0,30,0,30,35,56.9,0,0
2026-08-12T17:57:54.085000+09:00,2026-08-12T08:57:54.085000+00:00,094623,2.8,2,0,0,0,0,13376,0,13376,0,0,0,0,4623,24640,10330,0,0,0,161,0,0,0,0,2,0,0,0,2056,31082107,2018,0.13,0,2.75,0,38.5,42,41.8,34.7,28.1,59.3,224.8,157,33.1,32.7,618.4,361901,2009,0,0,0,0,0,0,0,60,-1.1,12182875,72447,0,3411.61,0,1200,400,720,240,4200,7500,8500,102,1.5,6000,0,0,0,0,0,30,0,30,35,56.9,0,0
2026-08-12T17:58:54.168000+09:00,2026-08-12T08:58:54.168000+00:00,094623,5.2,2,0,0,0,0,13376,0,13376,0,0,0,0,4623,24640,10330,0,0,0,161,0,0,0,0,2,0,0,0,2056,31082107,2018,0.13,0,5.19,0,38.4,42,41.7,34.6,28.1,58.6,223.4,155,33.1,32.7,615.8,361901,2009,0,0,0,0,0,0,0,60,-1.08,12182875,72447,0,3411.61,0,1200,400,720,240,4200,7500,8500,102,1.5,6000,0,0,0,0,0,30,0,30,35,56.9,0,0
2026-08-12T17:59:54.261000+09:00,2026-08-12T08:59:54.261000+00:00,094623,2.8,2,0,0,0,0,13376,0,13376,0,0,0,0,4623,24640,10330,0,0,0,161,0,0,0,0,2,0,0,0,2056,31082107,2018,0.13,0,2.75,0,38.3,42,41.6,34.5,28,58.1,222.2,153,33,32.6,613.4,361901,2009,0,0,0,0,0,0,0,60,-1.05,12182875,72447,0,3411.61,0,1200,400,720,240,4200,7500,8500,102,1.5,6000,0,0,0,0,0,30,0,30,35,56.9,0,0
2026-08-12T18:00:54.343000+09:00,2026-08-12T09:00:54.343000+00:00,094623,1.5,2,0,0,0,0,13376,0,13376,0,0,0,0,4623,24640,10330,0,0,0,161,0,0,0,0,2,0,0,0,2056,31082107,2018,0.13,0,1.53,0,38.2,41.8,41.6,34.5,28,57.5,223.2,151.1,33,32.5,610.8,361901,2009,0,0,0,0,0,0,0,60,-1.08,12182875,72447,0,3411.61,0,1200,400,720,240,4200,7500,8500,102,1.5,6000,0,0,0,0,0,30,0,30,35,56.9,0,0
2026-08-12T18:01:54.431000+09:00,2026-08-12T09:01:54.431000+00:00,094623,5.2,2,0,0,0,0,13376,0,13376,0,0,0,0,4623,24640,10330,0,0,0,161,0,0,0,0,2,0,0,0,2056,31082107,2018,0.13,0,5.19,0,38.2,41.8,41.5,34.5,28,57,221.7,149.4,32.9,32.5,608.4,361901,2009,0,0,0,0,0,0,0,60,-1.01,12182875,72447,0,3411.61,0,1200,400,720,240,4200,7500,8500,102,1.5,6000,0,0,0,0,0,30,0,30,35,56.9,0,0
2026-08-12T18:02:54.529000+09:00,2026-08-12T09:02:54.529000+00:00,094623,6.4,2,0,0,0,0,13376,0,13376,0,0,0,0,4623,24640,10330,0,0,0,161,0,0,0,0,2,0,0,0,2056,31082107,2018,0.13,0,6.41,0,38.1,41.8,41.5,34.4,28,56.4,221.4,147.7,32.9,32.4,606,361901,2009,0,0,0,0,0,0,0,60,-0.79,12182875,72448,0,3411.61,0,1200,400,720,240,4200,7500,8500,102,1.5,6000,0,0,0,0,0,30,0,30,35,56.9,0,0
2026-08-12T18:03:54.623000+09:00,2026-08-12T09:03:54.623000+00:00,094623,4.0,2,0,0,0,0,13376,0,13376,0,0,0,0,4623,24640,10330,0,0,0,161,0,0,0,0,2,0,0,0,2056,31082107,2018,0.13,0,3.97,0,38,41.7,41.4,34.4,28,55.9,222.3,146,32.8,32.4,603.6,361901,2009,0,0,0,0,0,0,0,60,-0.79,12182875,72448,0,3411.61,0,1200,400,720,240,4200,7500,8500,102,1.5,6000,0,0,0,0,0,30,0,30,35,56.9,0,0
2026-08-12T18:04:54.729000+09:00,2026-08-12T09:04:54.729000+00:00,094623,1.5,2,0,0,0,0,13376,0,13376,0,0,0,0,4623,24640,10330,0,0,0,161,0,0,0,0,2,0,0,0,2056,31082107,2018,0.13,0,1.53,0,37.9,41.6,41.3,34.4,28,55.3,220.4,144.4,32.8,32.3,601.3,361901,2009,0,0,0,0,0,0,0,60,-0.79,12182875,72448,0,3411.61,0,1200,400,720,240,4200,7500,8500,102,1.5,6000,0,0,0,0,0,30,0,30,35,56.9,0,0
2026-08-12T18:05:54.815000+09:00,2026-08-12T09:05:54.815000+00:00,094623,2.8,2,0,0,0,0,13376,0,13376,0,0,0,0,4623,24640,10330,0,0,0,161,0,0,0,0,2,0,0,0,2056,31082107,2018,0.13,0,2.75,0,37.8,41.4,41.3,34.3,28,54.7,220.4,143,32.7,32.2,599,361901,2009,0,0,0,0,0,0,0,60,-0.79,12182875,72448,0,3411.61,0,1200,400,720,240,4200,7500,8500,102,1.5,6000,0,0,0,0,0,30,0,30,35,56.9,0,0
2026-08-12T18:06:54.900000+09:00,2026-08-12T09:06:54.900000+00:00,094623,1.5,2,0,0,0,0,13376,0,13376,0,0,0,0,4623,24640,10330,0,0,0,161,0,0,0,0,2,0,0,0,2056,31082107,2018,0.13,0,1.53,0,37.7,41.5,41.2,34.3,27.9,54.2,221,141.5,32.7,32.2,596.7,361901,2009,0,0,0,0,0,0,0,60,-0.8,12182875,72448,0,3411.61,0,1200,400,720,240,4200,7500,8500,102,1.5,6000,0,0,0,0,0,30,0,30,35,56.9,0,0
2026-08-12T18:07:54.981000+09:00,2026-08-12T09:07:54.981000+00:00,094623,4.0,2,0,0,0,0,13376,0,13376,0,0,0,0,4623,24640,10330,0,0,0,161,0,0,0,0,2,0,0,0,2056,31082107,2018,0.13,0,3.97,0,37.7,41.4,41.2,34.2,27.9,53.6,220.8,140.1,32.6,32.1,594.6,361901,2009,0,0,0,0,0,0,0,60,-0.79,12182875,72448,0,3411.61,0,1200,400,720,240,4200,7500,8500,102,1.5,6000,0,0,0,0,0,30,0,30,35,56.9,0,0
2026-08-12T18:08:55.091000+09:00,2026-08-12T09:08:55.091000+00:00,094623,5.2,2,0,0,0,0,13376,0,13376,0,0,0,0,4623,24640,10330,0,0,0,161,0,0,0,0,2,0,0,0,2056,31082107,2018,0.13,0,5.19,0,37.6,41.3,41.1,34.3,27.9,53.1,219.6,138.8,32.6,32.1,592.4,361901,2009,0,0,0,0,0,0,0,60,-0.79,12182875,72448,0,3411.61,0,1200,400,720,240,4200,7500,8500,102,1.5,6000,0,0,0,0,0,30,0,30,35,56.8,0,0
2026-08-12T18:09:55.183000+09:00,2026-08-12T09:09:55.183000+00:00,094623,4.0,2,0,0,0,0,13376,0,13376,0,0,0,0,4623,24640,10330,0,0,0,161,0,0,0,0,2,0,0,0,2056,31082107,2018,0.13,0,3.97,0,37.5,41.3,41.1,34.2,27.9,52.6,218.2,137.5,32.5,32,590.3,361901,2009,0,0,0,0,0,0,0,60,-0.8,12182875,72448,0,3411.61,0,1200,400,720,240,4200,7500,8500,102,1.5,6000,0,0,0,0,0,30,0,30,35,56.8,0,0
2026-08-12T18:10:55.288000+09:00,2026-08-12T09:10:55.288000+00:00,094623,2.8,2,0,0,0,0,13376,0,13376,0,0,0,0,4623,24640,10330,0,0,0,161,0,0,0,0,2,0,0,0,2056,31082107,2018,0.12,0,2.75,0,37.4,41.2,41,34.2,27.9,52.1,219.9,136.3,32.5,32,588.1,361901,2009,0,0,0,0,0,0,0,60,-0.79,12182875,72449,0,3411.61,0,1200,400,720,240,4200,7500,8500,102,1.5,6000,0,0,0,0,0,30,0,30,35,56.8,0,0
2026-08-12T18:11:55.403000+09:00,2026-08-12T09:11:55.403000+00:00,094623,1.5,2,0,0,0,0,13376,0,13376,0,0,0,0,4623,24640,10330,0,0,0,161,0,0,0,0,2,0,0,0,2056,31082107,2018,0.13,0,1.53,0,37.3,41.1,41,34.2,27.9,51.7,218.1,135,32.4,31.9,586,361901,2009,0,0,0,0,0,0,0,60,-0.79,12182875,72449,0,3411.61,0,1200,400,720,240,4200,7500,8500,102,1.5,6000,0,0,0,0,0,30,0,30,35,56.8,0,0
2026-08-12T18:12:55.496000+09:00,2026-08-12T09:12:55.496000+00:00,094623,0.0,2,0,0,0,0,13376,0,13376,0,0,0,0,4623,24640,10330,0,0,0,161,0,0,0,0,2,0,0,0,2056,31082107,2018,0.13,0,0,0,37.3,41.1,40.9,34.1,27.8,51.2,217.4,133.8,32.4,31.9,584,361901,2009,0,0,0,0,0,0,0,60,-0.79,12182875,72449,0,3411.61,0,1200,400,720,240,4200,7500,8500,102,1.5,6000,0,0,0,0,0,30,0,30,35,56.8,0,0
2026-08-12T18:13:55.586000+09:00,2026-08-12T09:13:55.586000+00:00,094623,4.0,2,0,0,0,0,13376,0,13376,0,0,0,0,4623,24640,10330,0,0,0,161,0,0,0,0,2,0,0,0,2056,31082107,2018,0.13,0,3.97,0,37.2,41,40.9,34.1,27.8,50.7,216.7,132.7,32.3,31.8,582,361901,2009,0,0,0,0,0,0,0,60,-0.79,12182875,72449,0,3411.61,0,1200,400,720,240,4200,7500,8500,102,1.5,6000,0,0,0,0,0,30,0,30,35,56.8,0,0
2026-08-12T18:14:55.677000+09:00,2026-08-12T09:14:55.677000+00:00,094623,4.0,2,0,0,0,0,13376,0,13376,0,0,0,0,4623,24640,10330,0,0,0,161,0,0,0,0,2,0,0,0,2056,31082107,2018,0.13,0,3.97,0,37.1,40.9,40.8,34.1,27.8,50.3,217,131.7,32.3,31.8,580,361901,2009,0,0,0,0,0,0,0,60,-0.8,12182875,72449,0,3411.61,0,1200,400,720,240,4200,7500,8500,102,1.5,6000,0,0,0,0,0,30,0,30,35,56.8,0,0
2026-08-12T18:15:55.766000+09:00,2026-08-12T09:15:55.766000+00:00,094623,1.5,2,0,0,0,0,13376,0,13376,0,0,0,0,4623,24640,10330,0,0,0,161,0,0,0,0,2,0,0,0,2056,31082107,2018,0.13,0,1.53,0,37.1,40.8,40.7,34,27.8,49.8,215.5,130.6,32.2,31.7,578.1,361901,2009,0,0,0,0,0,0,0,60,-0.79,12182875,72449,0,3411.61,0,1200,400,720,240,4200,7500,8500,102,1.5,6000,0,0,0,0,0,30,0,30,35,56.8,0,0
2026-08-12T18:16:55.873000+09:00,2026-08-12T09:16:55.873000+00:00,094623,1.5,2,0,0,0,0,13376,0,13376,0,0,0,0,4623,24640,10330,0,0,0,161,0,0,0,0,2,0,0,0,2056,31082107,2018,0.13,0,1.53,0,37,40.8,40.7,34,27.8,49.4,215.8,129.6,32.2,31.7,576.1,361901,2009,0,0,0,0,0,0,0,60,-0.79,12182875,72449,0,3411.61,0,1200,400,720,240,4200,7500,8500,102,1.5,6000,0,0,0,0,0,30,0,30,35,56.8,0,0
2026-08-12T18:17:55.973000+09:00,2026-08-12T09:17:55.973000+00:00,094623,4.0,2,0,0,0,0,13376,0,13376,0,0,0,0,4623,24640,10330,0,0,0,161,0,0,0,0,2,0,0,0,2056,31082107,2018,0.13,0,3.97,0,36.9,40.6,40.6,33.9,27.7,49,216.2,128.6,32.1,31.6,574.2,361901,2009,0,0,0,0,0,0,0,60,-0.81,12182875,72450,0,3411.61,0,1200,400,720,240,4200,7500,8500,102,1.5,6000,0,0,0,0,0,30,0,30,35,56.8,0,0
2026-08-12T18:18:56.064000+09:00,2026-08-12T09:18:56.064000+00:00,094623,4.0,2,0,0,0,0,13376,0,13376,0,0,0,0,4623,24640,10330,0,0,0,161,0,0,0,0,2,0,0,0,2056,31082107,2018,0.13,0,3.97,0,36.8,40.6,40.6,33.9,27.7,48.6,215.5,127.7,32.1,31.6,572.4,361901,2009,0,0,0,0,0,0,0,60,-0.8,12182875,72450,0,3411.61,0,1200,400,720,240,4200,7500,8500,102,1.5,6000,0,0,0,0,0,30,0,30,35,56.8,0,0
2026-08-12T18:19:56.157000+09:00,2026-08-12T09:19:56.157000+00:00,094623,2.8,2,0,0,0,0,13376,0,13376,0,0,0,0,4623,24640,10330,0,0,0,161,0,0,0,0,2,0,0,0,2056,31082107,2018,0.13,0,2.75,0,36.8,40.5,40.5,33.8,27.7,48.2,214.9,126.8,32,31.5,570.5,361901,2009,0,0,0,0,0,0,0,60,-0.8,12182875,72450,0,3411.61,0,1200,400,720,240,4200,7500,8500,102,1.5,6000,0,0,0,0,0,30,0,30,35,56.7,0,0
2026-08-12T18:20:56.245000+09:00,2026-08-12T09:20:56.245000+00:00,094623,5.2,2,0,0,0,0,13376,0,13376,0,0,0,0,4623,24640,10330,0,0,0,161,0,0,0,0,2,0,0,0,2056,31082107,2018,0.13,0,5.19,0,36.7,40.3,40.5,33.8,27.7,47.8,214.5,125.8,32,31.5,568.6,361901,2009,0,0,0,0,0,0,0,60,-0.8,12182875,72450,0,3411.61,0,1200,400,720,240,4200,7500,8500,102,1.5,6000,0,0,0,0,0,30,0,30,35,56.7,0,0
2026-08-12T18:21:56.337000+09:00,2026-08-12T09:21:56.337000+00:00,094623,5.2,2,0,0,0,0,13376,0,13376,0,0,0,0,4623,24640,10330,0,0,0,161,0,0,0,0,2,0,0,0,2056,31082107,2018,0.13,0,5.19,0,36.7,40.3,40.4,33.8,27.6,47.4,214.9,125,32,31.4,567,361901,2009,0,0,0,0,0,0,0,60,-0.8,12182875,72450,0,3411.61,0,1200,400,720,240,4200,7500,8500,102,1.5,6000,0,0,0,0,0,30,0,30,35,56.7,0,0
2026-08-12T18:22:56.442000+09:00,2026-08-12T09:22:56.442000+00:00,094623,1.5,2,0,0,0,0,13376,0,13376,0,0,0,0,4623,24640,10330,0,0,0,161,0,0,0,0,2,0,0,0,2056,31082107,2018,0.13,0,1.53,0,36.6,40.4,40.4,33.8,27.6,47,214.1,124.3,31.9,31.4,565.2,361901,2009,0,0,0,0,0,0,0,60,-0.79,12182875,72450,0,3411.61,0,1200,400,720,240,4200,7500,8500,102,1.5,6000,0,0,0,0,0,30,0,30,35,56.7,0,0
2026-08-12T18:23:56.520000+09:00,2026-08-12T09:23:56.520000+00:00,094623,2.8,2,0,0,0,0,13376,0,13376,0,0,0,0,4623,24640,10330,0,0,0,161,0,0,0,0,2,0,0,0,2056,31082107,2018,0.13,0,2.75,0,36.5,40.1,40.3,33.8,27.6,46.6,213.5,123.4,31.9,31.3,563.5,361901,2009,0,0,0,0,0,0,0,60,-0.8,12182875,72450,0,3411.61,0,1200,400,720,240,4200,7500,8500,102,1.5,6000,0,0,0,0,0,30,0,30,35,56.7,0,0
2026-08-12T18:24:56.619000+09:00,2026-08-12T09:24:56.619000+00:00,094623,2.8,2,0,0,0,0,13376,0,13376,0,0,0,0,4623,24640,10330,0,0,0,161,0,0,0,0,2,0,0,0,2056,31082107,2018,0.13,0,2.75,0,36.5,40,40.3,33.7,27.6,46.3,214.8,122.6,31.8,31.3,561.9,361901,2009,0,0,0,0,0,0,0,60,-0.8,12182875,72450,0,3411.61,0,1200,400,720,240,4200,7500,8500,102,1.5,6000,0,0,0,0,0,30,0,30,35,56.7,0,0
2026-08-12T18:25:56.706000+09:00,2026-08-12T09:25:56.706000+00:00,094623,4.0,2,0,0,0,0,13376,0,13376,0,0,0,0,4623,24640,10330,0,0,0,161,0,0,0,0,2,0,0,0,2056,31082107,2018,0.13,0,3.97,0,36.4,40,40.2,33.7,27.5,46,213.1,121.8,31.8,31.2,560.2,361901,2009,0,0,0,0,0,0,0,60,-0.79,12182875,72451,0,3411.61,0,1200,400,720,240,4200,7500,8500,102,1.5,6000,0,0,0,0,0,30,0,30,35,56.7,0,0
2026-08-12T18:26:56.802000+09:00,2026-08-12T09:26:56.802000+00:00,094623,4.0,2,0,0,0,0,13376,0,13376,0,0,0,0,4623,24640,10330,0,0,0,161,0,0,0,0,2,0,0,0,2056,31082107,2018,0.13,0,3.97,0,36.3,40,40.2,33.7,27.5,45.6,212.5,121.1,31.8,31.2,558.7,361901,2009,0,0,0,0,0,0,0,60,-0.8,12182875,72451,0,3411.61,0,1200,400,720,240,4200,7500,8500,102,1.5,6000,0,0,0,0,0,30,0,30,35,56.7,0,0
2026-08-12T18:27:56.903000+09:00,2026-08-12T09:27:56.903000+00:00,094623,2.8,2,0,0,0,0,13376,0,13376,0,0,0,0,4623,24640,10330,0,0,0,161,0,0,0,0,2,0,0,0,2056,31082107,2018,0.13,0,2.75,0,36.3,39.9,40.1,33.6,27.5,45.3,212.7,120.4,31.7,31.1,557.1,361901,2009,0,0,0,0,0,0,0,60,-0.79,12182875,72451,0,3411.61,0,1200,400,720,240,4200,7500,8500,102,1.5,6000,0,0,0,0,0,30,0,30,35,56.7,0,0
2026-08-12T18:28:57.001000+09:00,2026-08-12T09:28:57.001000+00:00,094623,2.8,2,0,0,0,0,13376,0,13376,0,0,0,0,4623,24640,10330,0,0,0,161,0,0,0,0,2,0,0,0,2056,31082107,2018,0.13,0,2.75,0,36.2,39.9,40.1,33.6,27.5,44.9,211.6,119.7,31.7,31.1,555.6,361901,2009,0,0,0,0,0,0,0,60,-0.8,12182875,72451,0,3411.61,0,1200,400,720,240,4200,7500,8500,102,1.5,6000,0,0,0,0,0,30,0,30,35,56.6,0,0
2026-08-12T18:29:57.090000+09:00,2026-08-12T09:29:57.090000+00:00,094623,2.8,2,0,0,0,0,13376,0,13376,0,0,0,0,4623,24640,10330,0,0,0,161,0,0,0,0,2,0,0,0,2056,31082107,2018,0.13,0,2.75,0,36.2,39.8,40,33.6,27.5,44.6,211.1,119,31.6,31,554.1,361901,2009,0,0,0,0,0,0,0,60,-0.79,12182875,72451,0,3411.61,0,1200,400,720,240,4200,7500,8500,102,1.5,6000,0,0,0,0,0,30,0,30,35,56.6,0,0
2026-08-12T18:30:57.173000+09:00,2026-08-12T09:30:57.173000+00:00,094623,5.2,2,0,0,0,0,13376,0,13376,0,0,0,0,4623,24640,10330,0,0,0,161,0,0,0,0,2,0,0,0,2056,31082107,2018,0.13,0,5.19,0,36.1,39.6,40,33.6,27.4,44.2,211.3,118.4,31.6,31,552.6,361901,2009,0,0,0,0,0,0,0,60,-0.8,12182875,72451,0,3411.61,0,1200,400,720,240,4200,7500,8500,102,1.5,6000,0,0,0,0,0,30,0,30,35,56.6,0,0
2026-08-12T18:31:57.275000+09:00,2026-08-12T09:31:57.275000+00:00,094623,6.4,2,0,0,0,0,13376,0,13376,0,0,0,0,4623,24640,10330,0,0,0,161,0,0,0,0,2,0,0,0,2056,31082107,2018,0.13,0,6.41,0,36,39.6,39.9,33.6,27.4,44,210.6,117.7,31.6,31,551.2,361901,2009,0,0,0,0,0,0,0,60,-0.8,12182875,72451,0,3411.61,0,1200,400,720,240,4200,7500,8500,102,1.5,6000,0,0,0,0,0,30,0,30,35,56.6,0,0
2026-08-12T18:32:57.368000+09:00,2026-08-12T09:32:57.368000+00:00,094623,2.8,2,0,0,0,0,13376,0,13376,0,0,0,0,4623,24640,10330,0,0,0,161,0,0,0,0,2,0,0,0,2056,31082107,2018,0.13,0,2.75,0,36,39.5,39.9,33.6,27.4,43.6,211.3,117.2,31.5,30.9,549.7,361901,2009,0,0,0,0,0,0,0,60,-0.79,12182875,72452,0,3411.61,0,1200,400,720,240,4200,7500,8500,102,1.5,6000,0,0,0,0,0,30,0,30,35,56.6,0,0
2026-08-12T18:33:57.478000+09:00,2026-08-12T09:33:57.478000+00:00,094623,5.2,2,0,0,0,0,13376,0,13376,0,0,0,0,4623,24640,10330,0,0,0,161,0,0,0,0,2,0,0,0,2056,31082107,2018,0.12,0,5.19,0,35.9,39.4,39.8,33.5,27.4,43.3,211.3,116.5,31.5,30.9,548.3,361901,2009,0,0,0,0,0,0,0,60,-0.8,12182875,72452,0,3411.61,0,1200,400,720,240,4200,7500,8500,102,1.5,6000,0,0,0,0,0,30,0,30,35,56.6,0,0
2026-08-12T18:34:57.638000+09:00,2026-08-12T09:34:57.638000+00:00,094623,1.5,2,0,0,0,0,13376,0,13376,0,0,0,0,4623,24640,10330,0,0,0,161,0,0,0,0,2,0,0,0,2056,31082107,2018,0.13,0,1.53,0,35.9,39.6,39.8,33.5,27.4,43,209.6,116,31.4,30.9,547,361901,2009,0,0,0,0,0,0,0,60,-0.8,12182875,72452,0,3411.61,0,1200,400,720,240,4200,7500,8500,102,1.5,6000,0,0,0,0,0,30,0,30,35,56.6,0,0
2026-08-12T18:35:57.670000+09:00,2026-08-12T09:35:57.670000+00:00,094623,2.8,2,0,0,0,0,13376,0,13376,0,0,0,0,4623,24640,10330,0,0,0,161,0,0,0,0,2,0,0,0,2056,31082107,2018,0.12,0,2.75,0,35.8,39.5,39.7,33.5,27.4,42.7,208.7,115.3,31.4,30.8,545.6,361901,2009,0,0,0,0,0,0,0,60,-0.79,12182875,72452,0,3411.61,0,1200,400,720,240,4200,7500,8500,102,1.5,6000,0,0,0,0,0,30,0,30,35,56.5,0,0
2026-08-12T18:36:57.766000+09:00,2026-08-12T09:36:57.766000+00:00,094623,5.2,2,0,0,0,0,13376,0,13376,0,0,0,0,4623,24640,10330,0,0,0,161,0,0,0,0,2,0,0,0,2056,31082107,2018,0.13,0,5.19,0,35.8,39.3,39.7,33.5,27.4,42.5,210,114.7,31.4,30.8,544.3,361901,2009,0,0,0,0,0,0,0,60,-0.79,12182875,72452,0,3411.61,0,1200,400,720,240,4200,7500,8500,102,1.5,6000,0,0,0,0,0,30,0,30,35,56.5,0,0
2026-08-12T18:37:57.850000+09:00,2026-08-12T09:37:57.850000+00:00,094623,2.8,2,0,0,0,0,13376,0,13376,0,0,0,0,4623,24640,10330,0,0,0,161,0,0,0,0,2,0,0,0,2056,31082107,2018,0.12,0,2.75,0,35.7,39.2,39.6,33.4,27.3,42.2,210.4,114.2,31.3,30.7,543,361901,2009,0,0,0,0,0,0,0,60,-0.79,12182875,72452,0,3411.61,0,1200,400,720,240,4200,7500,8500,102,1.5,6000,0,0,0,0,0,30,0,30,35,56.5,0,0
2026-08-12T18:38:57.934000+09:00,2026-08-12T09:38:57.934000+00:00,094623,5.2,2,0,0,0,0,13376,0,13376,0,0,0,0,4623,24640,10330,0,0,0,161,0,0,0,0,2,0,0,0,2056,31082107,2018,0.13,0,5.19,0,35.7,39.2,39.6,33.4,27.3,41.9,210.5,113.6,31.3,30.7,541.7,361901,2009,0,0,0,0,0,0,0,60,-0.8,12182875,72452,0,3411.61,0,1200,400,720,240,4200,7500,8500,102,1.5,6000,0,0,0,0,0,30,0,30,35,56.5,0,0
2026-08-12T18:39:58.031000+09:00,2026-08-12T09:39:58.031000+00:00,094623,1.5,2,0,0,0,0,13376,0,13376,0,0,0,0,4623,24640,10330,0,0,0,161,0,0,0,0,2,0,0,0,2056,31082107,2018,0.13,0,1.53,0,35.6,39.1,39.6,33.3,27.3,41.6,209.6,113.1,31.3,30.7,540.5,361901,2009,0,0,0,0,0,0,0,60,-0.79,12182875,72452,0,3411.61,0,1200,400,720,240,4200,7500,8500,102,1.5,6000,0,0,0,0,0,30,0,30,35,56.5,0,0
2026-08-12T18:40:58.124000+09:00,2026-08-12T09:40:58.124000+00:00,094623,2.8,2,0,0,0,0,13376,0,13376,0,0,0,0,4623,24640,10330,0,0,0,161,0,0,0,0,2,0,0,0,2056,31082107,2018,0.13,0,2.75,0,35.6,39,39.5,33.3,27.3,41.4,208.3,112.6,31.2,30.6,539.2,361901,2009,0,0,0,0,0,0,0,60,-0.8,12182875,72453,0,3411.61,0,1200,400,720,240,4200,7500,8500,102,1.5,6000,0,0,0,0,0,30,0,30,35,56.5,0,0
2026-08-12T18:41:58.212000+09:00,2026-08-12T09:41:58.212000+00:00,094623,2.8,2,0,0,0,0,13376,0,13376,0,0,0,0,4623,24640,10330,0,0,0,161,0,0,0,0,2,0,0,0,2056,31082107,2018,0.13,0,2.75,0,35.5,39,39.5,33.3,27.3,41.1,207.1,112,31.2,30.6,538.1,361901,2009,0,0,0,0,0,0,0,60,-0.8,12182875,72453,0,3411.61,0,1200,400,720,240,4200,7500,8500,102,1.5,6000,0,0,0,0,0,30,0,30,35,56.5,0,0
2026-08-12T18:42:58.306000+09:00,2026-08-12T09:42:58.306000+00:00,094623,2.8,2,0,0,0,0,13376,0,13376,0,0,0,0,4623,24640,10330,0,0,0,161,0,0,0,0,2,0,0,0,2056,31082107,2018,0.13,0,2.75,0,35.5,38.9,39.4,33.3,27.3,40.8,206.1,111.4,31.1,30.5,536.8,361901,2009,0,0,0,0,0,0,0,60,-0.79,12182875,72453,0,3411.61,0,1200,400,720,240,4200,7500,8500,102,1.5,6000,0,0,0,0,0,30,0,30,35,56.5,0,0
2026-08-12T18:43:58.402000+09:00,2026-08-12T09:43:58.402000+00:00,094623,2.8,2,0,0,0,0,13376,0,13376,0,0,0,0,4623,24640,10330,0,0,0,161,0,0,0,0,2,0,0,0,2056,31082107,2018,0.13,0,2.75,0,35.4,39,39.4,33.2,27.3,40.6,206.6,111,31.1,30.5,535.7,361901,2009,0,0,0,0,0,0,0,60,-0.8,12182875,72453,0,3411.61,0,1200,400,720,240,4200,7500,8500,102,1.5,6000,0,0,0,0,0,30,0,30,35,56.4,0,0
2026-08-12T18:44:58.482000+09:00,2026-08-12T09:44:58.482000+00:00,094623,4.0,2,0,0,0,0,13376,0,13376,0,0,0,0,4623,24640,10330,0,0,0,161,0,0,0,0,2,0,0,0,2056,31082107,2018,0.13,0,3.97,0,35.4,38.8,39.3,33.3,27.2,40.4,206.6,110.4,31.1,30.5,534.5,361901,2009,0,0,0,0,0,0,0,60,-0.8,12182875,72453,0,3411.61,0,1200,400,720,240,4200,7500,8500,102,1.5,6000,0,0,0,0,0,30,0,30,35,56.4,0,0
2026-08-12T18:45:58.584000+09:00,2026-08-12T09:45:58.584000+00:00,094623,1.5,2,0,0,0,0,13376,0,13376,0,0,0,0,4623,24640,10330,0,0,0,161,0,0,0,0,2,0,0,0,2056,31082107,2018,0.13,0,1.53,0,35.3,38.8,39.3,33.2,27.2,40.2,205.3,109.9,31,30.4,533.4,361901,2009,0,0,0,0,0,0,0,60,-0.8,12182875,72453,0,3411.61,0,1200,400,720,240,4200,7500,8500,102,1.5,6000,0,0,0,0,0,30,0,30,35,56.4,0,0
2026-08-12T18:46:58.674000+09:00,2026-08-12T09:46:58.674000+00:00,094623,4.0,2,0,0,0,0,13376,0,13376,0,0,0,0,4623,24640,10330,0,0,0,161,0,0,0,0,2,0,0,0,2056,31082107,2018,0.13,0,3.97,0,35.3,38.9,39.3,33.2,27.2,39.9,204.6,109.4,31,30.4,532.3,361901,2009,0,0,0,0,0,0,0,60,-0.8,12182875,72453,0,3411.61,0,1200,400,720,240,4200,7500,8500,102,1.5,6000,0,0,0,0,0,30,0,30,35,56.4,0,0
2026-08-12T18:47:58.770000+09:00,2026-08-12T09:47:58.770000+00:00,094623,2.8,2,0,0,0,0,13376,0,13376,0,0,0,0,4623,24640,10330,0,0,0,161,0,0,0,0,2,0,0,0,2056,31082107,2018,0.13,0,2.75,0,35.2,38.6,39.2,33.1,27.2,39.7,204.4,109,31,30.3,531.3,361901,2009,0,0,0,0,0,0,0,60,-0.8,12182875,72454,0,3411.61,0,1200,400,720,240,4200,7500,8500,102,1.5,6000,0,0,0,0,0,30,0,30,35,56.4,0,0
2026-08-12T18:48:58.866000+09:00,2026-08-12T09:48:58.866000+00:00,094623,4.0,2,0,0,0,0,13376,0,13376,0,0,0,0,4623,24640,10330,0,0,0,161,0,0,0,0,2,0,0,0,2056,31082107,2018,0.13,0,3.97,0,35.2,38.6,39.2,33.1,27.2,39.5,202.9,108.5,30.9,30.3,530.2,361901,2009,0,0,0,0,0,0,0,60,-0.8,12182875,72454,0,3411.61,0,1200,400,720,240,4200,7500,8500,102,1.5,6000,0,0,0,0,0,30,0,30,35,56.4,0,0
2026-08-12T18:49:58.967000+09:00,2026-08-12T09:49:58.967000+00:00,094623,4.0,2,0,0,0,0,13376,0,13376,0,0,0,0,4623,24640,10330,0,0,0,161,0,0,0,0,2,0,0,0,2056,31082107,2018,0.13,0,3.97,0,35.1,38.5,39.1,33.1,27.1,39.3,202.2,108,30.9,30.3,529.2,361901,2009,0,0,0,0,0,0,0,60,-0.8,12182875,72454,0,3411.61,0,1200,400,720,240,4200,7500,8500,102,1.5,6000,0,0,0,0,0,30,0,30,35,56.4,0,0
2026-08-12T18:50:59.049000+09:00,2026-08-12T09:50:59.049000+00:00,094623,5.2,2,0,0,0,0,13376,0,13376,0,0,0,0,4623,24640,10330,0,0,0,161,0,0,0,0,2,0,0,0,2056,31082107,2018,0.13,0,5.19,0,35.1,38.4,39.1,33.1,27.1,39,201.3,107.5,30.8,30.2,528.2,361901,2009,0,0,0,0,0,0,0,60,-0.8,12182875,72454,0,3411.61,0,1200,400,720,240,4200,7500,8500,102,1.5,6000,0,0,0,0,0,30,0,30,35,56.3,0,0
2026-08-12T18:51:59.144000+09:00,2026-08-12T09:51:59.144000+00:00,094623,0.0,2,0,0,0,0,13376,0,13376,0,0,0,0,4623,24640,10330,0,0,0,161,0,0,0,0,2,0,0,0,2056,31082107,2018,0.13,0,0,0,35,38.5,39,33,27.1,38.8,201.5,107.1,30.8,30.2,527.2,361901,2009,0,0,0,0,0,0,0,60,-0.8,12182875,72454,0,3411.61,0,1200,400,720,240,4200,7500,8500,102,1.5,6000,0,0,0,0,0,30,0,30,35,56.3,0,0
2026-08-12T18:52:59.222000+09:00,2026-08-12T09:52:59.222000+00:00,094623,4.0,2,0,0,0,0,13376,0,13376,0,0,0,0,4623,24640,10330,0,0,0,161,0,0,0,0,2,0,0,0,2056,31082107,2018,0.13,0,3.97,0,35,38.7,39,33,27.1,38.6,201.8,106.6,30.8,30.2,526.2,361901,2009,0,0,0,0,0,0,0,60,-0.79,12182875,72454,0,3411.61,0,1200,400,720,240,4200,7500,8500,102,1.5,6000,0,0,0,0,0,30,0,30,35,56.3,0,0
2026-08-12T18:53:59.306000+09:00,2026-08-12T09:53:59.306000+00:00,094623,4.0,2,0,0,0,0,13376,0,13376,0,0,0,0,4623,24640,10330,0,0,0,161,0,0,0,0,2,0,0,0,2056,31082107,2018,0.13,0,3.97,0,35,38.4,39,33,27.1,38.5,200.8,106.2,30.7,30.1,525.3,361901,2009,0,0,0,0,0,0,0,60,-0.8,12182875,72454,0,3411.61,0,1200,400,720,240,4200,7500,8500,102,1.5,6000,0,0,0,0,0,30,0,30,35,56.3,0,0
2026-08-12T18:54:59.398000+09:00,2026-08-12T09:54:59.398000+00:00,094623,1.5,2,0,0,0,0,13376,0,13376,0,0,0,0,4623,24640,10330,0,0,0,161,0,0,0,0,2,0,0,0,2056,31082107,2018,0.13,0,1.53,0,34.9,38.3,38.9,32.9,27.1,38.3,201.8,105.8,30.7,30.1,524.4,361901,2009,0,0,0,0,0,0,0,60,-0.79,12182875,72454,0,3411.61,0,1200,400,720,240,4200,7500,8500,102,1.5,6000,0,0,0,0,0,30,0,30,35,56.3,0,0
2026-08-12T18:55:59.484000+09:00,2026-08-12T09:55:59.484000+00:00,094623,4.0,2,0,0,0,0,13376,0,13376,0,0,0,0,4623,24640,10330,0,0,0,161,0,0,0,0,2,0,0,0,2056,31082107,2018,0.13,0,3.97,0,34.9,38.2,38.9,32.9,27,38.1,201.2,105.4,30.7,30.1,523.4,361901,2009,0,0,0,0,0,0,0,60,-0.81,12182875,72455,0,3411.61,0,1200,400,720,240,4200,7500,8500,102,1.5,6000,0,0,0,0,0,30,0,30,35,56.2,0,0
2026-08-12T18:56:59.582000+09:00,2026-08-12T09:56:59.582000+00:00,094623,4.0,2,0,0,0,0,13376,0,13376,0,0,0,0,4623,24640,10330,0,0,0,161,0,0,0,0,2,0,0,0,2056,31082107,2018,0.13,0,3.97,0,34.8,38.2,38.8,32.9,27,37.9,200.5,105,30.6,30,522.4,361901,2009,0,0,0,0,0,0,0,60,-0.8,12182875,72455,0,3411.61,0,1200,400,720,240,4200,7500,8500,102,1.5,6000,0,0,0,0,0,30,0,30,35,56.2,0,0
2026-08-12T18:57:59.674000+09:00,2026-08-12T09:57:59.674000+00:00,094623,2.8,2,0,0,0,0,13376,0,13376,0,0,0,0,4623,24640,10330,0,0,0,161,0,0,0,0,2,0,0,0,2056,31082107,2018,0.12,0,2.75,0,34.8,38.1,38.8,32.9,27,37.6,200.1,104.5,30.6,30,521.6,361901,2009,0,0,0,0,0,0,0,60,-0.79,12182875,72455,0,3411.61,0,1200,400,720,240,4200,7500,8500,102,1.5,6000,0,0,0,0,0,30,0,30,35,56.2,0,0
2026-08-12T18:58:59.759000+09:00,2026-08-12T09:58:59.759000+00:00,094623,2.8,2,0,0,0,0,13376,0,13376,0,0,0,0,4623,24640,10330,0,0,0,161,0,0,0,0,2,0,0,0,2056,31082107,2018,0.13,0,2.75,0,34.7,38.1,38.7,32.9,27,37.5,199,104.1,30.6,30,520.7,361901,2009,0,0,0,0,0,0,0,60,-0.8,12182875,72455,0,3411.61,0,1200,400,720,240,4200,7500,8500,102,1.5,6000,0,0,0,0,0,30,0,30,35,56.2,0,0
2026-08-12T18:59:59.844000+09:00,2026-08-12T09:59:59.844000+00:00,094623,5.2,2,0,0,0,0,13376,0,13376,0,0,0,0,4623,24640,10330,0,0,0,161,0,0,0,0,2,0,0,0,2056,31082107,2018,0.13,0,5.19,0,34.7,38.1,38.7,32.9,27,37.4,199.5,103.7,30.5,30,519.8,361901,2009,0,0,0,0,0,0,0,60,-0.8,12182875,72455,0,3411.61,0,1200,400,720,240,4200,7500,8500,102,1.5,6000,0,0,0,0,0,30,0,30,35,56.2,0,0
2026-08-12T19:00:59.945000+09:00,2026-08-12T10:00:59.945000+00:00,094623,1.5,2,0,0,0,0,13376,0,13376,0,0,0,0,4623,24640,10330,0,0,0,161,0,0,0,0,2,0,0,0,2056,31082107,2018,0.13,0,1.53,0,34.7,38,38.6,32.8,26.9,37.1,199,103.3,30.5,29.9,519,361901,2009,0,0,0,0,0,0,0,60,-0.8,12182875,72455,0,3411.61,0,1200,400,720,240,4200,7500,8500,102,1.5,6000,0,0,0,0,0,30,0,30,35,56.1,0,0
2026-08-12T19:02:00.043000+09:00,2026-08-12T10:02:00.043000+00:00,094623,5.2,2,0,0,0,0,13376,0,13376,0,0,0,0,4623,24640,10330,0,0,0,161,0,0,0,0,2,0,0,0,2056,31082107,2018,0.12,0,5.19,0,34.6,38,38.6,32.8,26.9,37,197.9,102.9,30.5,29.9,518.1,361901,2009,0,0,0,0,0,0,0,60,-0.79,12182875,72455,0,3411.61,0,1200,400,720,240,4200,7500,8500,102,1.5,6000,0,0,0,0,0,30,0,30,35,56.1,0,0
2026-08-12T19:03:00.134000+09:00,2026-08-12T10:03:00.134000+00:00,094623,5.2,2,0,0,0,0,13376,0,13376,0,0,0,0,4623,24640,10330,0,0,0,161,0,0,0,0,2,0,0,0,2056,31082107,2018,0.13,0,5.19,0,34.6,37.9,38.5,32.8,26.9,36.8,197.9,102.5,30.4,29.9,517.3,361901,2009,0,0,0,0,0,0,0,60,-0.8,12182875,72456,0,3411.61,0,1200,400,720,240,4200,7500,8500,102,1.5,6000,0,0,0,0,0,30,0,30,35,56.1,0,0
2026-08-12T19:04:00.231000+09:00,2026-08-12T10:04:00.231000+00:00,094623,4.0,2,0,0,0,0,13376,0,13376,0,0,0,0,4623,24640,10330,0,0,0,161,0,0,0,0,2,0,0,0,2056,31082107,2018,0.13,0,3.97,0,34.5,37.9,38.5,32.8,26.9,36.6,198.1,102.2,30.4,29.8,516.5,361901,2009,0,0,0,0,0,0,0,60,-0.8,12182875,72456,0,3411.61,0,1200,400,720,240,4200,7500,8500,102,1.5,6000,0,0,0,0,0,30,0,30,35,56.1,0,0
2026-08-12T19:05:00.335000+09:00,2026-08-12T10:05:00.335000+00:00,094623,2.8,2,0,0,0,0,13376,0,13376,0,0,0,0,4623,24640,10330,0,0,0,161,0,0,0,0,2,0,0,0,2056,31082107,2018,0.13,0,2.75,0,34.5,37.8,38.5,32.7,26.9,36.5,195.9,101.8,30.4,29.8,515.7,361901,2009,0,0,0,0,0,0,0,60,-0.8,12182875,72456,0,3411.61,0,1200,400,720,240,4200,7500,8500,102,1.5,6000,0,0,0,0,0,30,0,30,35,56.1,0,0
2026-08-12T19:06:00.432000+09:00,2026-08-12T10:06:00.432000+00:00,094623,4.0,2,0,0,0,0,13376,0,13376,0,0,0,0,4623,24640,10330,0,0,0,161,0,0,0,0,2,0,0,0,2056,31082107,2018,0.13,0,3.97,0,34.5,37.7,38.4,32.7,26.8,36.3,195.7,101.5,30.4,29.8,514.9,361901,2009,0,0,0,0,0,0,0,60,-0.8,12182875,72456,0,3411.61,0,1200,400,720,240,4200,7500,8500,102,1.5,6000,0,0,0,0,0,30,0,30,35,56.1,0,0
2026-08-12T19:07:00.525000+09:00,2026-08-12T10:07:00.525000+00:00,094623,2.8,2,0,0,0,0,13376,0,13376,0,0,0,0,4623,24640,10330,0,0,0,161,0,0,0,0,2,0,0,0,2056,31082107,2018,0.13,0,2.75,0,34.4,37.6,38.4,32.6,26.8,36.2,195.9,101.2,30.3,29.8,514.1,361901,2009,0,0,0,0,0,0,0,60,-0.8,12182875,72456,0,3411.61,0,1200,400,720,240,4200,7500,8500,102,1.5,6000,0,0,0,0,0,30,0,30,35,56.1,0,0
2026-08-12T19:08:00.606000+09:00,2026-08-12T10:08:00.606000+00:00,094623,2.8,2,0,0,0,0,13376,0,13376,0,0,0,0,4623,24640,10330,0,0,0,161,0,0,0,0,2,0,0,0,2056,31082107,2018,0.13,0,2.75,0,34.4,37.7,38.3,32.5,26.8,36,195.7,100.9,30.3,29.7,513.3,361901,2009,0,0,0,0,0,0,0,60,-0.79,12182875,72456,0,3411.61,0,1200,400,720,240,4200,7500,8500,102,1.5,6000,0,0,0,0,0,30,0,30,35,56,0,0
2026-08-12T19:09:00.696000+09:00,2026-08-12T10:09:00.696000+00:00,094623,4.0,2,0,0,0,0,13376,0,13376,0,0,0,0,4623,24640,10330,0,0,0,161,0,0,0,0,2,0,0,0,2056,31082107,2018,0.13,0,3.97,0,34.3,37.6,38.3,32.5,26.8,35.9,195,100.5,30.3,29.7,512.6,361901,2009,0,0,0,0,0,0,0,60,-0.8,12182875,72456,0,3411.61,0,1200,400,720,240,4200,7500,8500,102,1.5,6000,0,0,0,0,0,30,0,30,35,56,0,0
2026-08-12T19:10:00.791000+09:00,2026-08-12T10:10:00.791000+00:00,094623,1.5,2,0,0,0,0,13376,0,13376,0,0,0,0,4623,24640,10330,0,0,0,161,0,0,0,0,2,0,0,0,2056,31082107,2018,0.13,0,1.53,0,34.3,37.5,38.3,32.5,26.8,35.7,195.4,100.2,30.2,29.7,511.9,361901,2009,0,0,0,0,0,0,0,60,-0.79,12182875,72456,0,3411.61,0,1200,400,720,240,4200,7500,8500,102,1.5,6000,0,0,0,0,0,30,0,30,35,56,0,0
2026-08-12T19:11:00.873000+09:00,2026-08-12T10:11:00.873000+00:00,094623,1.5,2,0,0,0,0,13376,0,13376,0,0,0,0,4623,24640,10330,0,0,0,161,0,0,0,0,2,0,0,0,2056,31082107,2018,0.13,0,1.53,0,34.3,37.5,38.2,32.5,26.8,35.6,194.4,99.8,30.2,29.6,511.1,361901,2009,0,0,0,0,0,0,0,60,-0.8,12182875,72457,0,3411.61,0,1200,400,720,240,4200,7500,8500,102,1.5,6000,0,0,0,0,0,30,0,30,35,56,0,0
2026-08-12T19:12:00.959000+09:00,2026-08-12T10:12:00.959000+00:00,094623,2.8,2,0,0,0,0,13376,0,13376,0,0,0,0,4623,24640,10330,0,0,0,161,0,0,0,0,2,0,0,0,2056,31082107,2018,0.13,0,2.75,0,34.2,37.5,38.2,32.4,26.7,35.4,194.8,99.6,30.2,29.6,510.4,361901,2009,0,0,0,0,0,0,0,60,-0.8,12182875,72457,0,3411.61,0,1200,400,720,240,4200,7500,8500,102,1.5,6000,0,0,0,0,0,30,0,30,35,56,0,0
2026-08-12T19:13:01.060000+09:00,2026-08-12T10:13:01.060000+00:00,094623,4.0,2,0,0,0,0,13376,0,13376,0,0,0,0,4623,24640,10330,0,0,0,161,0,0,0,0,2,0,0,0,2056,31082107,2018,0.13,0,3.97,0,34.2,37.3,38.2,32.3,26.7,35.3,193.8,99.2,30.1,29.6,509.7,361901,2009,0,0,0,0,0,0,0,60,-0.8,12182875,72457,0,3411.61,0,1200,400,720,240,4200,7500,8500,102,1.5,6000,0,0,0,0,0,30,0,30,35,55.9,0,0
2026-08-12T19:14:01.157000+09:00,2026-08-12T10:14:01.157000+00:00,094623,4.0,2,0,0,0,0,13376,0,13376,0,0,0,0,4623,24640,10330,0,0,0,161,0,0,0,0,2,0,0,0,2056,31082107,2018,0.13,0,3.97,0,34.1,37.3,38.1,32.3,26.7,34.7,193.1,98.6,29.7,29.1,508.6,361901,2009,0,0,0,0,0,0,0,60,-0.8,12182875,72457,0,3411.61,0,1200,400,720,240,4200,7500,8500,102,1.5,6000,0,0,0,0,0,30,0,30,35,55.5,0,0
2026-08-12T19:15:01.256000+09:00,2026-08-12T10:15:01.256000+00:00,094623,2.8,2,0,0,0,0,13376,0,13376,0,0,0,0,4623,-24512,10330,0,256,0,161,0,0,0,0,2,0,0,0,2056,31082107,2018,0.13,0,2.75,0,34.1,37.3,38.1,32.3,26.7,34.5,192.1,98.4,29.6,29.1,507.9,361901,2009,0,0,0,0,0,0,0,60,-0.8,12182875,72457,0,3411.61,0,1200,400,720,240,4200,7500,8500,102,1.5,6000,0,0,0,0,0,30,0,30,35,55.5,0,0
2026-08-12T19:16:01.339000+09:00,2026-08-12T10:16:01.339000+00:00,094623,-4.0,2,0,0,0,0,13376,0,13376,0,0,0,0,4623,-24512,10330,0,256,0,161,0,0,0,0,2,0,0,0,2056,31082107,2018,0.13,3.97,0,0,34.1,37.3,38.1,32.3,26.7,34.4,190.7,107,29.6,29,507.7,361901,2009,0,0,0,0,0,0,0,60,-0.8,12182875,72457,0,3411.61,0,1200,400,720,240,4200,7500,8500,102,1.5,6000,0,0,0,0,0,30,0,30,35,55.4,0,0
2026-08-12T19:17:01.430000+09:00,2026-08-12T10:17:01.430000+00:00,094623,0.0,2,0,0,0,0,13376,0,13376,0,0,0,0,4623,-24512,10330,0,256,0,161,0,0,0,0,2,0,0,0,2056,31082107,2018,0.13,3.97,3.97,0,34,37.3,38,32.2,26.7,34.3,190.3,111.9,29.6,29,507.2,361901,2009,0,0,0,0,0,0,0,60,-0.8,12182875,72457,0,3411.61,0,1200,400,720,240,4200,7500,8500,102,1.5,6000,0,0,0,0,0,30,0,30,35,55.4,0,0
2026-08-12T19:18:01.535000+09:00,2026-08-12T10:18:01.535000+00:00,094623,3.7,2,0,0,0,0,13376,0,13376,0,0,0,0,4623,-24512,10330,0,256,0,161,0,0,0,0,2,0,0,0,2056,31082107,2018,0.13,1.53,5.19,0,34,37.2,38,32.2,26.6,34.1,189,115.1,29.5,29,506.4,361901,2009,0,0,0,0,0,0,0,60,-0.8,12182875,72458,0,3411.61,0,1200,400,720,240,4200,7500,8500,102,1.5,6000,0,0,0,0,0,30,0,30,35,55.4,0,0
2026-08-12T19:19:01.624000+09:00,2026-08-12T10:19:01.624000+00:00,094623,2.4,2,0,0,0,0,13376,0,13376,0,0,0,0,4623,-24512,10330,0,256,0,161,0,0,0,0,2,0,0,0,2056,31082107,2018,0.13,1.53,3.97,0,33.9,37.1,37.9,32.2,26.6,34,188.1,117.6,29.5,28.9,505.5,361901,2009,0,0,0,0,0,0,0,60,-0.8,12182875,72458,0,3411.61,0,1200,400,720,240,4200,7500,8500,102,1.5,6000,0,0,0,0,0,30,0,30,35,55.4,0,0
2026-08-12T19:20:01.718000+09:00,2026-08-12T10:20:01.718000+00:00,094623,3.7,2,0,0,0,0,13376,0,13376,0,0,0,0,4623,-24512,10330,0,256,0,161,0,0,0,0,2,0,0,0,2056,31082107,2018,0.13,1.53,5.19,0,33.9,37,37.9,32.2,26.6,33.9,188.7,119.4,29.5,28.9,504.5,361901,2009,0,0,0,0,0,0,0,60,-0.8,12182875,72458,0,3411.61,0,1200,400,720,240,4200,7500,8500,102,1.5,6000,0,0,0,0,0,30,0,30,35,55.4,0,0
2026-08-12T19:21:01.874000+09:00,2026-08-12T10:21:01.874000+00:00,094623,1.5,2,0,0,0,0,13376,0,13376,0,0,0,0,4623,-24512,10330,0,256,0,161,0,0,0,0,2,0,0,0,2056,31082107,2018,0.13,0,1.53,0,33.9,37.1,37.9,32.2,26.6,33.8,185.8,120.9,29.4,28.9,503.5,361901,2009,0,0,0,0,0,0,0,60,-0.8,12182875,72458,0,3411.61,0,1200,400,720,240,4200,7500,8500,102,1.5,6000,0,0,0,0,0,30,0,30,35,55.3,0,0
2026-08-12T19:22:01.970000+09:00,2026-08-12T10:22:01.970000+00:00,094623,-2.4,2,0,0,0,0,13376,0,13376,0,0,0,0,4623,-24512,10330,0,256,0,161,0,0,0,0,2,0,0,0,2056,31082107,2018,0.13,3.97,1.53,0,33.8,37,37.8,32.2,26.6,33.6,185.8,122.1,29.4,28.9,502.3,361901,2009,0,0,0,0,0,0,0,60,-0.8,12182875,72458,0,3411.61,0,1200,400,720,240,4200,7500,8500,102,1.5,6000,0,0,0,0,0,30,0,30,35,55.3,0,0
2026-08-12T19:23:02.052000+09:00,2026-08-12T10:23:02.052000+00:00,094623,4.0,2,0,0,0,0,13376,0,13376,0,0,0,0,4623,-24512,10330,0,256,0,161,0,0,0,0,2,0,0,0,2056,31082107,2018,0.13,0,3.97,0,33.8,36.9,37.7,32.2,26.5,33.6,185.8,123.1,29.4,28.9,501.1,361901,2009,0,0,0,0,0,0,0,60,-0.8,12182875,72458,0,3411.61,0,1200,400,720,240,4200,7500,8500,102,1.5,6000,0,0,0,0,0,30,0,30,35,55.3,0,0
2026-08-12T19:24:02.151000+09:00,2026-08-12T10:24:02.151000+00:00,094623,4.9,2,0,0,0,0,13376,0,13376,0,0,0,0,4623,-24512,10330,0,256,0,161,0,0,0,0,2,0,0,0,2056,31082107,2018,0.13,1.53,6.41,0,33.8,36.7,37.7,32.1,26.5,33.4,185.7,123.9,29.4,28.8,499.9,361901,2009,0,0,0,0,0,0,0,60,-0.8,12182875,72458,0,3411.61,0,1200,400,720,240,4200,7500,8500,102,1.5,6000,0,0,0,0,0,30,0,30,35,55.3,0,0
2026-08-12T19:25:02.244000+09:00,2026-08-12T10:25:02.244000+00:00,094623,5.2,2,0,0,0,0,13376,0,13376,0,0,0,0,4623,-24512,10330,0,256,0,161,0,0,0,0,2,0,0,0,2056,31082107,2018,0.13,0,5.19,0,33.7,36.7,37.7,32.1,26.5,33.3,183.8,124.7,29.4,28.8,498.7,361901,2009,0,0,0,0,0,0,0,60,-0.8,12182875,72458,0,3411.61,0,1200,400,720,240,4200,7500,8500,102,1.5,6000,0,0,0,0,0,30,0,30,35,55.3,0,0
2026-08-12T19:26:02.329000+09:00,2026-08-12T10:26:02.329000+00:00,094623,1.2,2,0,0,0,0,13376,0,13376,0,0,0,0,4623,-24512,10330,0,256,0,161,0,0,0,0,2,0,0,0,2056,31082107,2018,0.13,1.53,2.75,0,33.7,36.8,37.6,32,26.5,33.2,184,125.4,29.4,28.8,497.4,361901,2009,0,0,0,0,0,0,0,60,-0.8,12182875,72459,0,3411.61,0,1200,400,720,240,4200,7500,8500,102,1.5,6000,0,0,0,0,0,30,0,30,35,55.2,0,0
2026-08-12T19:27:02.431000+09:00,2026-08-12T10:27:02.431000+00:00,094623,2.4,2,0,0,0,0,13376,0,13376,0,0,0,0,4623,-24512,10330,0,256,0,161,0,0,0,0,2,0,0,0,2056,31082107,2018,0.13,1.53,3.97,0,33.7,36.8,37.6,32,26.5,33.1,182.6,126,29.4,28.8,496.2,361901,2009,0,0,0,0,0,0,0,60,-0.8,12182875,72459,0,3411.61,0,1200,400,720,240,4200,7500,8500,102,1.5,6000,0,0,0,0,0,30,0,30,35,55.2,0,0
2026-08-12T19:28:02.522000+09:00,2026-08-12T10:28:02.522000+00:00,094623,1.5,2,0,0,0,0,13376,0,13376,0,0,0,0,4623,-24512,10330,0,256,0,161,0,0,0,0,2,0,0,0,2056,31082107,2018,0.12,0,1.53,0,33.6,36.7,37.5,31.9,26.4,33,183.5,126.5,29.4,28.8,494.9,361901,2009,0,0,0,0,0,0,0,60,-0.8,12182875,72459,0,3411.61,0,1200,400,720,240,4200,7500,8500,102,1.5,6000,0,0,0,0,0,30,0,30,35,55.2,0,0
2026-08-12T19:29:02.635000+09:00,2026-08-12T10:29:02.635000+00:00,094623,4.0,2,0,0,0,0,13376,0,13376,0,0,0,0,4623,-24512,10330,0,256,0,161,0,0,0,0,2,0,0,0,2056,31082107,2018,0.13,0,3.97,0,33.6,36.6,37.5,31.9,26.4,32.9,182.5,127,29.4,28.8,493.6,361901,2009,0,0,0,0,0,0,0,60,-0.8,12182875,72459,0,3411.61,0,1200,400,720,240,4200,7500,8500,102,1.5,6000,0,0,0,0,0,30,0,30,35,55.2,0,0
2026-08-12T19:30:02.733000+09:00,2026-08-12T10:30:02.733000+00:00,094623,1.5,2,0,0,0,0,13376,0,13376,0,0,0,0,4623,-24512,10330,0,256,0,161,0,0,0,0,2,0,0,0,2056,31082107,2018,0.13,0,1.53,0,33.5,36.6,37.5,31.8,26.4,32.9,181.6,127.3,29.4,28.8,492.4,361901,2009,0,0,0,0,0,0,0,60,-0.8,12182875,72459,0,3411.61,0,1200,400,720,240,4200,7500,8500,102,1.5,6000,0,0,0,0,0,30,0,30,35,55.2,0,0
2026-08-12T19:31:02.828000+09:00,2026-08-12T10:31:02.828000+00:00,094623,0.0,2,0,0,0,0,13376,0,13376,0,0,0,0,4623,-24512,10330,0,256,0,161,0,0,0,0,2,0,0,0,2056,31082107,2018,0.13,2.75,2.75,0,33.5,36.6,37.4,31.8,26.4,32.8,180.8,127.7,29.4,28.8,491,361901,2009,0,0,0,0,0,0,0,60,-0.8,12182875,72459,0,3411.61,0,1200,400,720,240,4200,7500,8500,102,1.5,6000,0,0,0,0,0,30,0,30,35,55.2,0,0
2026-08-12T19:32:02.936000+09:00,2026-08-12T10:32:02.936000+00:00,094623,1.5,2,0,0,0,0,13376,0,13376,0,0,0,0,4623,-24512,10330,0,256,0,161,0,0,0,0,2,0,0,0,2056,31082107,2018,0.13,0,1.53,0,33.5,36.4,37.4,31.7,26.3,32.7,181.8,127.9,29.4,28.8,489.7,361901,2009,0,0,0,0,0,0,0,60,-0.8,12182875,72459,0,3411.61,0,1200,400,720,240,4200,7500,8500,102,1.5,6000,0,0,0,0,0,30,0,30,35,55.1,0,0
2026-08-12T19:33:03.050000+09:00,2026-08-12T10:33:03.050000+00:00,094623,2.8,2,0,0,0,0,13376,0,13376,0,0,0,0,4623,-24512,10330,0,256,0,161,0,0,0,0,2,0,0,0,2056,31082107,2018,0.13,0,2.75,0,33.4,36.3,37.3,31.7,26.3,32.6,181.4,128.3,29.3,28.8,488.4,361901,2009,0,0,0,0,0,0,0,60,-0.8,12182875,72460,0,3411.61,0,1200,400,720,240,4200,7500,8500,102,1.5,6000,0,0,0,0,0,30,0,30,35,55.1,0,0
2026-08-12T19:34:03.137000+09:00,2026-08-12T10:34:03.137000+00:00,094623,1.2,2,0,0,0,0,13376,0,13376,0,0,0,0,4623,-24512,10330,0,256,0,161,0,0,0,0,2,0,0,0,2056,31082107,2018,0.13,1.53,2.75,0,33.4,36.4,37.3,31.6,26.3,32.4,179.8,128.4,29.3,28.8,487.1,361901,2009,0,0,0,0,0,0,0,60,-0.8,12182875,72460,0,3411.61,0,1200,400,720,240,4200,7500,8500,102,1.5,6000,0,0,0,0,0,30,0,30,35,55.1,0,0
2026-08-12T19:35:03.220000+09:00,2026-08-12T10:35:03.220000+00:00,094623,1.5,2,0,0,0,0,13376,0,13376,0,0,0,0,4623,-24512,10330,0,256,0,161,0,0,0,0,2,0,0,0,2056,31082107,2018,0.13,0,1.53,0,33.4,36.3,37.3,31.6,26.3,32.4,179.7,128.4,29.3,28.8,485.8,361901,2009,0,0,0,0,0,0,0,60,-0.8,12182875,72460,0,3411.61,0,1200,400,720,240,4200,7500,8500,102,1.5,6000,0,0,0,0,0,30,0,30,35,55,0,0
2026-08-12T19:36:03.313000+09:00,2026-08-12T10:36:03.313000+00:00,094623,0.0,2,0,0,0,0,13376,0,13376,0,0,0,0,4623,-24512,10330,0,256,0,161,0,0,0,0,2,0,0,0,2056,31082107,2018,0.13,0,0,0,33.3,36.1,37.2,31.5,26.3,32.3,178.9,128.6,29.3,28.7,484.5,361901,2009,0,0,0,0,0,0,0,60,-0.8,12182875,72460,0,3411.61,0,1200,400,720,240,4200,7500,8500,102,1.5,6000,0,0,0,0,0,30,0,30,35,55,0,0
2026-08-12T19:37:03.399000+09:00,2026-08-12T10:37:03.399000+00:00,094623,1.2,2,0,0,0,0,13376,0,13376,0,0,0,0,4623,-24512,10330,0,256,0,161,0,0,0,0,2,0,0,0,2056,31082107,2018,0.13,1.53,2.75,0,33.3,36.2,37.2,31.5,26.3,32.2,177.7,128.8,29.3,28.7,483.2,361901,2009,0,0,0,0,0,0,0,60,-0.8,12182875,72460,0,3411.61,0,1200,400,720,240,4200,7500,8500,102,1.5,6000,0,0,0,0,0,30,0,30,35,55,0,0
2026-08-12T19:38:03.485000+09:00,2026-08-12T10:38:03.485000+00:00,094623,2.8,2,0,0,0,0,13376,0,13376,0,0,0,0,4623,-24512,10330,0,256,0,161,0,0,0,0,2,0,0,0,2056,31082107,2018,0.12,0,2.75,0,33.3,36.1,37.2,31.5,26.2,32.1,177.8,129,29.2,28.7,481.9,361901,2009,0,0,0,0,0,0,0,60,-0.8,12182875,72460,0,3411.61,0,1200,400,720,240,4200,7500,8500,102,1.5,6000,0,0,0,0,0,30,0,30,35,55,0,0
2026-08-12T19:39:03.581000+09:00,2026-08-12T10:39:03.581000+00:00,094623,5.2,2,0,0,0,0,13376,0,13376,0,0,0,0,4623,-24512,10330,0,256,0,161,0,0,0,0,2,0,0,0,2056,31082107,2018,0.12,0,5.19,0,33.2,36,37.1,31.5,26.2,32,178.5,129.2,29.2,28.7,480.7,361901,2009,0,0,0,0,0,0,0,60,-0.79,12182875,72460,0,3411.61,0,1200,400,720,240,4200,7500,8500,102,1.5,6000,0,0,0,0,0,30,0,30,35,55,0,0
2026-08-12T19:40:03.658000+09:00,2026-08-12T10:40:03.658000+00:00,094623,0.0,2,0,0,0,0,13376,0,13376,0,0,0,0,4623,-24512,10330,0,256,0,161,0,0,0,0,2,0,0,0,2056,31082107,2018,0.12,2.75,2.75,0,33.2,36,37.1,31.4,26.2,31.9,177.8,129.4,29.2,28.6,479.3,361901,2009,0,0,0,0,0,0,0,60,-0.8,12182875,72460,0,3411.61,0,1200,400,720,240,4200,7500,8500,102,1.5,6000,0,0,0,0,0,30,0,30,35,55,0,0
2026-08-12T19:41:03.808000+09:00,2026-08-12T10:41:03.808000+00:00,094623,4.0,2,0,0,0,0,13376,0,13376,0,0,0,0,4623,-24512,10330,0,256,0,161,0,0,0,0,2,0,0,0,2056,31082107,2018,0.13,0,3.97,0,33.1,36,37.1,31.4,26.2,31.9,177,129.3,29.2,28.6,478.1,361901,2009,0,0,0,0,0,0,0,60,-0.8,12182875,72461,0,3411.61,0,1200,400,720,240,4200,7500,8500,102,1.5,6000,0,0,0,0,0,30,0,30,35,54.9,0,0
2026-08-12T19:42:03.850000+09:00,2026-08-12T10:42:03.850000+00:00,094623,2.8,2,0,0,0,0,13376,0,13376,0,0,0,0,4623,-24512,10330,0,256,0,161,0,0,0,0,2,0,0,0,2056,31082107,2018,0.13,0,2.75,0,33.1,36,37,31.3,26.2,31.8,177.6,129.3,29.1,28.6,476.7,361901,2009,0,0,0,0,0,0,0,60,-0.8,12182875,72461,0,3411.61,0,1200,400,720,240,4200,7500,8500,102,1.5,6000,0,0,0,0,0,30,0,30,35,54.9,0,0
2026-08-12T19:43:03.938000+09:00,2026-08-12T10:43:03.938000+00:00,094623,6.4,2,0,0,0,0,13376,0,13376,0,0,0,0,4623,-24512,10330,0,256,0,161,0,0,0,0,2,0,0,0,2056,31082107,2018,0.13,0,6.41,0,33.1,36,37,31.3,26.2,31.7,176.5,129.3,29.1,28.6,475.5,361901,2009,0,0,0,0,0,0,0,60,-0.8,12182875,72461,0,3411.61,0,1200,400,720,240,4200,7500,8500,102,1.5,6000,0,0,0,0,0,30,0,30,35,54.9,0,0
2026-08-12T19:44:04.035000+09:00,2026-08-12T10:44:04.035000+00:00,094623,4.0,2,0,0,0,0,13376,0,13376,0,0,0,0,4623,-24512,10330,0,256,0,161,0,0,0,0,2,0,0,0,2056,31082107,2018,0.13,0,3.97,0,33,36,37,31.2,26.2,31.7,175.2,129.3,29.1,28.6,474.2,361901,2009,0,0,0,0,0,0,0,60,-0.8,12182875,72461,0,3411.61,0,1200,400,720,240,4200,7500,8500,102,1.5,6000,0,0,0,0,0,30,0,30,35,54.8,0,0
2026-08-12T19:45:04.126000+09:00,2026-08-12T10:45:04.126000+00:00,094623,0.0,2,0,0,0,0,13376,0,13376,0,0,0,0,4623,-24512,10330,0,256,0,161,0,0,0,0,2,0,0,0,2056,31082107,2018,0.13,0,0,0,33,35.9,36.9,31.2,26.2,31.6,174.9,129.3,29,28.5,472.9,361901,2009,0,0,0,0,0,0,0,60,-0.8,12182875,72461,0,3411.61,0,1200,400,720,240,4200,7500,8500,102,1.5,6000,0,0,0,0,0,30,0,30,35,54.8,0,0
2026-08-12T19:46:04.232000+09:00,2026-08-12T10:46:04.232000+00:00,094623,2.4,2,0,0,0,0,13376,0,13376,0,0,0,0,4623,-24512,10330,0,256,0,161,0,0,0,0,2,0,0,0,2056,31082107,2018,0.13,1.53,3.97,0,33,35.9,36.9,31.2,26.1,31.5,175,129.2,29,28.5,471.6,361901,2009,0,0,0,0,0,0,0,60,-0.8,12182875,72461,0,3411.61,0,1200,400,720,240,4200,7500,8500,102,1.5,6000,0,0,0,0,0,30,0,30,35,54.8,0,0
2026-08-12T19:47:04.365000+09:00,2026-08-12T10:47:04.365000+00:00,094623,4.0,2,0,0,0,0,13376,0,13376,0,0,0,0,4623,-24512,10330,0,256,0,161,0,0,0,0,2,0,0,0,2056,31082107,2018,0.12,0,3.97,0,32.9,35.8,36.9,31.1,26.1,31.4,173.5,129.2,29,28.5,470.4,361901,2009,0,0,0,0,0,0,0,60,-0.8,12182875,72461,0,3411.61,0,1200,400,720,240,4200,7500,8500,102,1.5,6000,0,0,0,0,0,30,0,30,35,54.8,0,0
2026-08-12T19:48:04.442000+09:00,2026-08-12T10:48:04.442000+00:00,094623,2.8,2,0,0,0,0,13376,0,13376,0,0,0,0,4623,-24512,10330,0,256,0,161,0,0,0,0,2,0,0,0,2056,31082107,2018,0.12,0,2.75,0,32.9,35.8,36.8,31.1,26.1,31.4,173.4,129.3,28.9,28.4,469.1,361901,2009,0,0,0,0,0,0,0,60,-0.8,12182875,72462,0,3411.61,0,1200,400,720,240,4200,7500,8500,102,1.5,6000,0,0,0,0,0,30,0,30,35,54.7,0,0
2026-08-12T19:49:04.523000+09:00,2026-08-12T10:49:04.523000+00:00,094623,4.0,2,0,0,0,0,13376,0,13376,0,0,0,0,4623,-24512,10330,0,256,0,161,0,0,0,0,2,0,0,0,2056,31082107,2018,0.12,0,3.97,0,32.8,35.7,36.8,31.1,26.1,31.3,172.7,129.3,28.9,28.4,467.9,361901,2009,0,0,0,0,0,0,0,60,-0.8,12182875,72462,0,3411.61,0,1200,400,720,240,4200,7500,8500,102,1.5,6000,0,0,0,0,0,30,0,30,35,54.7,0,0
2026-08-12T19:50:04.613000+09:00,2026-08-12T10:50:04.613000+00:00,094623,1.5,2,0,0,0,0,13376,0,13376,0,0,0,0,4623,-24512,10330,0,256,0,161,0,0,0,0,2,0,0,0,2056,31082107,2018,0.12,0,1.53,0,32.8,35.5,36.7,31.1,26.1,31.2,173.1,129.2,28.9,28.4,466.6,361901,2009,0,0,0,0,0,0,0,60,-0.8,12182875,72462,0,3411.61,0,1200,400,720,240,4200,7500,8500,102,1.5,6000,0,0,0,0,0,30,0,30,35,54.7,0,0
2026-08-12T19:51:04.718000+09:00,2026-08-12T10:51:04.718000+00:00,094623,1.2,2,0,0,0,0,13376,0,13376,0,0,0,0,4623,-24512,10330,0,256,0,161,0,0,0,0,2,0,0,0,2056,31082107,2018,0.12,3.97,5.19,0,32.8,35.5,36.7,31.1,26.1,31.2,171.5,129.2,28.9,28.4,465.4,361901,2009,0,0,0,0,0,0,0,60,-0.79,12182875,72462,0,3411.61,0,1200,400,720,240,4200,7500,8500,102,1.5,6000,0,0,0,0,0,30,0,30,35,54.7,0,0
2026-08-12T19:52:04.806000+09:00,2026-08-12T10:52:04.806000+00:00,094623,4.0,2,0,0,0,0,13376,0,13376,0,0,0,0,4623,-24512,10330,0,256,0,161,0,0,0,0,2,0,0,0,2056,31082107,2018,0.12,0,3.97,0,32.7,35.5,36.7,31,26,31.1,170.4,129.1,28.8,28.4,464.1,361901,2009,0,0,0,0,0,0,0,60,-0.79,12182875,72462,0,3411.61,0,1200,400,720,240,4200,7500,8500,102,1.5,6000,0,0,0,0,0,30,0,30,35,54.6,0,0
2026-08-12T19:53:04.901000+09:00,2026-08-12T10:53:04.901000+00:00,094623,-1.2,2,0,0,0,0,13376,0,13376,0,0,0,0,4623,-24512,10330,0,256,0,161,0,0,0,0,2,0,0,0,2056,31082107,2018,0.12,5.19,3.97,0,32.7,35.4,36.6,31,26,31,169.7,129,28.8,28.3,462.9,361901,2009,0,0,0,0,0,0,0,60,-0.8,12182875,72462,0,3411.61,0,1200,400,720,240,4200,7500,8500,102,1.5,6000,0,0,0,0,0,30,0,30,35,54.6,0,0
2026-08-12T19:54:04.986000+09:00,2026-08-12T10:54:04.986000+00:00,094623,4.0,2,0,0,0,0,13376,0,13376,0,0,0,0,4623,-24512,10330,0,256,0,161,0,0,0,0,2,0,0,0,2056,31082107,2018,0.12,0,3.97,0,32.7,35.4,36.6,31,26,31,170.3,129,28.8,28.3,461.6,361901,2009,0,0,0,0,0,0,0,60,-0.8,12182875,72462,0,3411.61,0,1200,400,720,240,4200,7500,8500,102,1.5,6000,0,0,0,0,0,30,0,30,35,54.6,0,0
2026-08-12T19:55:05.075000+09:00,2026-08-12T10:55:05.075000+00:00,094623,2.4,2,0,0,0,0,13376,0,13376,0,0,0,0,4623,-24512,10330,0,256,0,161,0,0,0,0,2,0,0,0,2056,31082107,2018,0.12,1.53,3.97,0,32.6,35.3,36.5,30.9,26,30.9,169.8,128.8,28.8,28.3,460.4,361901,2009,0,0,0,0,0,0,0,60,-0.8,12182875,72462,0,3411.61,0,1200,400,720,240,4200,7500,8500,102,1.5,6000,0,0,0,0,0,30,0,30,35,54.6,0,0
2026-08-12T19:56:05.177000+09:00,2026-08-12T10:56:05.177000+00:00,094623,4.0,2,0,0,0,0,13376,0,13376,0,0,0,0,4623,-24512,10330,0,256,0,161,0,0,0,0,2,0,0,0,2056,31082107,2018,0.12,0,3.97,0,32.6,35.4,36.5,30.9,26,30.9,169,128.7,28.7,28.3,459.2,361901,2009,0,0,0,0,0,0,0,60,-0.8,12182875,72463,0,3411.61,0,1200,400,720,240,4200,7500,8500,102,1.5,6000,0,0,0,0,0,30,0,30,35,54.5,0,0
2026-08-12T19:57:05.270000+09:00,2026-08-12T10:57:05.270000+00:00,094623,-1.2,2,0,0,0,0,13376,0,13376,0,0,0,0,4623,-24512,10330,0,256,0,161,0,0,0,0,2,0,0,0,2056,31082107,2018,0.12,3.97,2.75,0,32.6,35.3,36.5,30.9,26,30.8,169.6,128.7,28.7,28.2,458,361901,2009,0,0,0,0,0,0,0,60,-0.8,12182875,72463,0,3411.61,0,1200,400,720,240,4200,7500,8500,102,1.5,6000,0,0,0,0,0,30,0,30,35,54.5,0,0
2026-08-12T19:58:05.359000+09:00,2026-08-12T10:58:05.359000+00:00,094623,2.8,2,0,0,0,0,13376,0,13376,0,0,0,0,4623,-24512,10330,0,256,0,161,0,0,0,0,2,0,0,0,2056,31082107,2018,0.12,0,2.75,0,32.5,35.3,36.4,30.8,26,30.8,168.8,128.5,28.7,28.2,456.7,361901,2009,0,0,0,0,0,0,0,60,-0.8,12182875,72463,0,3411.61,0,1200,400,720,240,4200,7500,8500,102,1.5,6000,0,0,0,0,0,30,0,30,35,54.5,0,0
2026-08-12T19:59:05.441000+09:00,2026-08-12T10:59:05.441000+00:00,094623,4.0,2,0,0,0,0,13376,0,13376,0,0,0,0,4623,-24512,10330,0,256,0,161,0,0,0,0,2,0,0,0,2056,31082107,2018,0.12,0,3.97,0,32.5,35.3,36.4,30.8,25.9,30.7,168.2,128.4,28.6,28.2,455.6,361901,2009,0,0,0,0,0,0,0,60,-0.79,12182875,72463,0,3411.61,0,1200,400,720,240,4200,7500,8500,102,1.5,6000,0,0,0,0,0,30,0,30,35,54.4,0,0
2026-08-12T20:00:05.535000+09:00,2026-08-12T11:00:05.535000+00:00,094623,4.0,2,0,0,0,0,13376,0,13376,0,0,0,0,4623,-24512,10330,0,256,0,161,0,0,0,0,2,0,0,0,2056,31082107,2018,0.12,0,3.97,0,32.5,35.2,36.4,30.8,25.9,30.6,168.7,128.3,28.6,28.1,454.3,361901,2009,0,0,0,0,0,0,0,60,-0.79,12182875,72463,0,3411.61,0,1200,400,720,240,4200,7500,8500,102,1.5,6000,0,0,0,0,0,30,0,30,35,54.4,0,0
2026-08-12T20:01:05.623000+09:00,2026-08-12T11:01:05.623000+00:00,094623,5.2,2,0,0,0,0,13376,0,13376,0,0,0,0,4623,-24512,10330,0,256,0,161,0,0,0,0,2,0,0,0,2056,31082107,2018,0.12,0,5.19,0,32.4,35.2,36.3,30.7,25.9,30.6,168.6,128.3,28.6,28.1,453.1,361901,2009,0,0,0,0,0,0,0,60,-0.79,12182875,72463,0,3411.61,0,1200,400,720,240,4200,7500,8500,102,1.5,6000,0,0,0,0,0,30,0,30,35,54.4,0,0
2026-08-12T20:02:05.702000+09:00,2026-08-12T11:02:05.702000+00:00,094623,5.2,2,0,0,0,0,13376,0,13376,0,0,0,0,4623,-24512,10330,0,256,0,161,0,0,0,0,2,0,0,0,2056,31082107,2018,0.12,0,5.19,0,32.4,35.1,36.3,30.7,25.9,30.5,168.8,128.1,28.6,28.1,452,361901,2009,0,0,0,0,0,0,0,60,-0.79,12182875,72463,0,3411.61,0,1200,400,720,240,4200,7500,8500,102,1.5,6000,0,0,0,0,0,30,0,30,35,54.4,0,0
2026-08-12T20:03:05.858000+09:00,2026-08-12T11:03:05.858000+00:00,094623,1.2,2,0,0,0,0,13376,0,13376,0,0,0,0,4623,-24512,10330,0,256,0,161,0,0,0,0,2,0,0,0,2056,31082107,2018,0.12,1.53,2.75,0,32.4,35.1,36.3,30.7,25.9,30.5,169.1,128,28.5,28.1,450.8,361901,2009,0,0,0,0,0,0,0,60,-0.8,12182875,72464,0,3411.61,0,1200,400,720,240,4200,7500,8500,102,1.5,6000,0,0,0,0,0,30,0,30,35,54.3,0,0
2026-08-12T20:04:05.891000+09:00,2026-08-12T11:04:05.891000+00:00,094623,2.8,2,0,0,0,0,13376,0,13376,0,0,0,0,4623,-24512,10330,0,256,0,161,0,0,0,0,2,0,0,0,2056,31082107,2018,0.12,0,2.75,0,32.3,35.1,36.2,30.6,25.8,30.4,166.9,127.7,28.5,28.1,449.6,361901,2009,0,0,0,0,0,0,0,60,-0.8,12182875,72464,0,3411.61,0,1200,400,720,240,4200,7500,8500,102,1.5,6000,0,0,0,0,0,30,0,30,35,54.3,0,0
2026-08-12T20:05:05.981000+09:00,2026-08-12T11:05:05.981000+00:00,094623,1.2,2,0,0,0,0,13376,0,13376,0,0,0,0,4623,-24512,10330,0,256,0,161,0,0,0,0,2,0,0,0,2056,31082107,2018,0.12,2.75,3.97,0,32.3,35,36.2,30.6,25.8,30.4,165.7,127.8,28.5,28,448.4,361901,2009,0,0,0,0,0,0,0,60,-0.8,12182875,72464,0,3411.61,0,1200,400,720,240,4200,7500,8500,102,1.5,6000,0,0,0,0,0,30,0,30,35,54.3,0,0
2026-08-12T20:06:06.066000+09:00,2026-08-12T11:06:06.066000+00:00,094623,2.8,2,0,0,0,0,13376,0,13376,0,0,0,0,4623,-24512,10330,0,256,0,161,0,0,0,0,2,0,0,0,2056,31082107,2018,0.12,0,2.75,0,32.2,35,36.1,30.6,25.8,30.3,164.9,127.6,28.4,28,447.3,361901,2009,0,0,0,0,0,0,0,60,-0.79,12182875,72464,0,3411.61,0,1200,400,720,240,4200,7500,8500,102,1.5,6000,0,0,0,0,0,30,0,30,35,54.2,0,0
2026-08-12T20:07:06.158000+09:00,2026-08-12T11:07:06.158000+00:00,094623,4.0,2,0,0,0,0,13376,0,13376,0,0,0,0,4623,-24512,10330,0,256,0,161,0,0,0,0,2,0,0,0,2056,31082107,2018,0.12,0,3.97,0,32.2,34.9,36.1,30.5,25.8,30.3,164.9,127.5,28.4,28,446.1,361901,2009,0,0,0,0,0,0,0,60,-0.79,12182875,72464,0,3411.61,0,1200,400,720,240,4200,7500,8500,102,1.5,6000,0,0,0,0,0,30,0,30,35,54.2,0,0
2026-08-12T20:08:06.256000+09:00,2026-08-12T11:08:06.256000+00:00,094623,2.4,2,0,0,0,0,13376,0,13376,0,0,0,0,4623,-24512,10330,0,256,0,161,0,0,0,0,2,0,0,0,2056,31082107,2018,0.12,1.53,3.97,0,32.2,34.8,36,30.5,25.8,30.2,163.2,127.3,28.4,28,444.9,361901,2009,0,0,0,0,0,0,0,60,-0.79,12182875,72464,0,3411.61,0,1200,400,720,240,4200,7500,8500,102,1.5,6000,0,0,0,0,0,30,0,30,35,54.2,0,0
2026-08-12T20:09:06.356000+09:00,2026-08-12T11:09:06.356000+00:00,094623,1.5,2,0,0,0,0,13376,0,13376,0,0,0,0,4623,-24512,10330,0,256,0,161,0,0,0,0,2,0,0,0,2056,31082107,2018,0.12,0,1.53,0,32.1,34.8,36,30.5,25.8,30.2,162.6,127.2,28.4,27.9,443.8,361901,2009,0,0,0,0,0,0,0,60,-0.79,12182875,72464,0,3411.61,0,1200,400,720,240,4200,7500,8500,102,1.5,6000,0,0,0,0,0,30,0,30,35,54.2,0,0
2026-08-12T20:10:06.443000+09:00,2026-08-12T11:10:06.443000+00:00,094623,2.4,2,0,0,0,0,13376,0,13376,0,0,0,0,4623,-24512,10330,0,256,0,161,0,0,0,0,2,0,0,0,2056,31082107,2018,0.12,1.53,3.97,0,32.1,34.7,36,30.5,25.8,30.1,163.8,127.1,28.3,27.9,442.6,361901,2009,0,0,0,0,0,0,0,60,-0.8,12182875,72464,0,3411.61,0,1200,400,720,240,4200,7500,8500,102,1.5,6000,0,0,0,0,0,30,0,30,35,54.1,0,0
2026-08-12T20:11:06.555000+09:00,2026-08-12T11:11:06.555000+00:00,094623,1.5,2,0,0,0,0,13376,0,13376,0,0,0,0,4623,-24512,10330,0,256,0,161,0,0,0,0,2,0,0,0,2056,31082107,2018,0.12,0,1.53,0,32.1,34.7,35.9,30.4,25.7,30.1,162.6,126.9,28.3,27.9,441.5,361901,2009,0,0,0,0,0,0,0,60,-0.79,12182875,72465,0,3411.61,0,1200,400,720,240,4200,7500,8500,102,1.5,6000,0,0,0,0,0,30,0,30,35,54.1,0,0
2026-08-12T20:12:06.641000+09:00,2026-08-12T11:12:06.641000+00:00,094623,4.0,2,0,0,0,0,13376,0,13376,0,0,0,0,4623,-24512,10330,0,256,0,161,0,0,0,0,2,0,0,0,2056,31082107,2018,0.12,0,3.97,0,32,34.7,35.9,30.4,25.7,30.1,161.5,126.8,28.3,27.9,440.4,361901,2009,0,0,0,0,0,0,0,60,-0.79,12182875,72465,0,3411.61,0,1200,400,720,240,4200,7500,8500,102,1.5,6000,0,0,0,0,0,30,0,30,35,54.1,0,0
2026-08-12T20:13:06.738000+09:00,2026-08-12T11:13:06.738000+00:00,094623,1.5,2,0,0,0,0,13376,0,13376,0,0,0,0,4623,-24512,10330,0,256,0,161,0,0,0,0,2,0,0,0,2056,31082107,2018,0.12,0,1.53,0,32,34.6,35.9,30.4,25.7,30,162,126.6,28.2,27.8,439.2,361901,2009,0,0,0,0,0,0,0,60,-0.79,12182875,72465,0,3411.61,0,1200,400,720,240,4200,7500,8500,102,1.5,6000,0,0,0,0,0,30,0,30,35,54.1,0,0
2026-08-12T20:14:06.831000+09:00,2026-08-12T11:14:06.831000+00:00,094623,-4.0,2,0,0,0,0,13376,0,13376,0,0,0,0,4623,-24512,10330,0,256,0,161,0,0,0,0,2,0,0,0,2056,31082107,2018,0.12,3.97,0,0,32,34.6,35.8,30.3,25.7,30,160.4,126.4,28.2,27.8,438.1,361901,2009,0,0,0,0,0,0,0,60,-0.79,12182875,72465,0,3411.61,0,1200,400,720,240,4200,7500,8500,102,1.5,6000,0,0,0,0,0,30,0,30,35,54.1,0,0
2026-08-12T20:15:06.917000+09:00,2026-08-12T11:15:06.917000+00:00,094623,5.2,2,0,0,0,0,13376,0,13376,0,0,0,0,4623,-24512,10330,0,256,0,161,0,0,0,0,2,0,0,0,2056,31082107,2018,0.12,0,5.19,0,31.9,34.6,35.8,30.3,25.7,29.9,160.7,126.3,28.2,27.8,436.9,361901,2009,0,0,0,0,0,0,0,60,-0.79,12182875,72465,0,3411.61,0,1200,400,720,240,4200,7500,8500,102,1.5,6000,0,0,0,0,0,30,0,30,35,54,0,0
2026-08-12T20:16:07.017000+09:00,2026-08-12T11:16:07.017000+00:00,094623,4.0,2,0,0,0,0,13376,0,13376,0,0,0,0,4623,-24512,10330,0,256,0,161,0,0,0,0,2,0,0,0,2056,31082107,2018,0.12,0,3.97,0,31.9,34.6,35.8,30.3,25.7,29.9,161,126.1,28.1,27.8,435.8,361901,2009,0,0,0,0,0,0,0,60,-0.79,12182875,72465,0,3411.61,0,1200,400,720,240,4200,7500,8500,102,1.5,6000,0,0,0,0,0,30,0,30,35,54,0,0
2026-08-12T20:17:07.105000+09:00,2026-08-12T11:17:07.105000+00:00,094623,2.4,2,0,0,0,0,13376,0,13376,0,0,0,0,4623,-24512,10330,0,256,0,161,0,0,0,0,2,0,0,0,2056,31082107,2018,0.12,2.75,5.19,0,31.9,34.5,35.8,30.3,25.7,29.9,160.4,125.9,28.1,27.8,434.7,361901,2009,0,0,0,0,0,0,0,60,-0.79,12182875,72465,0,3411.61,0,1200,400,720,240,4200,7500,8500,102,1.5,6000,0,0,0,0,0,30,0,30,35,54,0,0
2026-08-12T20:18:07.186000+09:00,2026-08-12T11:18:07.186000+00:00,094623,2.8,2,0,0,0,0,13376,0,13376,0,0,0,0,4623,-24512,10330,0,256,0,161,0,0,0,0,2,0,0,0,2056,31082107,2018,0.12,0,2.75,0,31.8,34.5,35.7,30.3,25.7,29.8,160.4,125.8,28.1,27.7,433.6,361901,2009,0,0,0,0,0,0,0,60,-0.79,12182875,72465,0,3411.61,0,1200,400,720,240,4200,7500,8500,102,1.5,6000,0,0,0,0,0,30,0,30,35,53.9,0,0
2026-08-12T20:19:07.275000+09:00,2026-08-12T11:19:07.275000+00:00,094623,4.0,2,0,0,0,0,13376,0,13376,0,0,0,0,4623,-24512,10330,0,256,0,161,0,0,0,0,2,0,0,0,2056,31082107,2018,0.12,0,3.97,0,31.8,34.5,35.7,30.2,25.6,29.8,159.8,125.6,28.1,27.7,432.5,361901,2009,0,0,0,0,0,0,0,60,-0.79,12182875,72466,0,3411.61,0,1200,400,720,240,4200,7500,8500,102,1.5,6000,0,0,0,0,0,30,0,30,35,53.9,0,0
2026-08-12T20:20:07.374000+09:00,2026-08-12T11:20:07.374000+00:00,094623,2.8,2,0,0,0,0,13376,0,13376,0,0,0,0,4623,-24512,10330,0,256,0,161,0,0,0,0,2,0,0,0,2056,31082107,2018,0.12,0,2.75,0,31.8,34.4,35.7,30.2,25.6,29.7,159.5,125.5,28.1,27.7,431.4,361901,2009,0,0,0,0,0,0,0,60,-0.8,12182875,72466,0,3411.61,0,1200,400,720,240,4200,7500,8500,102,1.5,6000,0,0,0,0,0,30,0,30,35,53.9,0,0
2026-08-12T20:21:07.464000+09:00,2026-08-12T11:21:07.464000+00:00,094623,1.2,2,0,0,0,0,13376,0,13376,0,0,0,0,4623,-24512,10330,0,256,0,161,0,0,0,0,2,0,0,0,2056,31082107,2018,0.12,2.75,3.97,0,31.7,34.3,35.6,30.2,25.6,29.7,157.8,125.5,28,27.7,430.3,361901,2009,0,0,0,0,0,0,0,60,-0.8,12182875,72466,0,3411.61,0,1200,400,720,240,4200,7500,8500,102,1.5,6000,0,0,0,0,0,30,0,30,35,53.8,0,0
2026-08-12T20:22:07.554000+09:00,2026-08-12T11:22:07.554000+00:00,094623,4.0,2,0,0,0,0,13376,0,13376,0,0,0,0,4623,-24512,10330,0,256,0,161,0,0,0,0,2,0,0,0,2056,31082107,2018,0.12,0,3.97,0,31.7,34.4,35.6,30.1,25.6,29.7,157.6,125.1,28,27.6,429.2,361901,2009,0,0,0,0,0,0,0,60,-0.8,12182875,72466,0,3411.61,0,1200,400,720,240,4200,7500,8500,102,1.5,6000,0,0,0,0,0,30,0,30,35,53.8,0,0
2026-08-12T20:23:07.648000+09:00,2026-08-12T11:23:07.648000+00:00,094623,5.2,2,0,0,0,0,13376,0,13376,0,0,0,0,4623,-24512,10330,0,256,0,161,0,0,0,0,2,0,0,0,2056,31082107,2018,0.12,0,5.19,0,31.7,34.4,35.6,30.1,25.6,29.6,156.7,125,28,27.6,428.1,361901,2009,0,0,0,0,0,0,0,60,-0.8,12182875,72466,0,3411.61,0,1200,400,720,240,4200,7500,8500,102,1.5,6000,0,0,0,0,0,30,0,30,35,53.8,0,0
2026-08-12T20:24:07.747000+09:00,2026-08-12T11:24:07.747000+00:00,094623,1.2,2,0,0,0,0,13376,0,13376,0,0,0,0,4623,-24512,10330,0,256,0,161,0,0,0,0,2,0,0,0,2056,31082107,2018,0.12,3.97,5.19,0,31.6,34.3,35.5,30.1,25.6,29.6,157.2,124.8,27.9,27.6,427,361901,2009,0,0,0,0,0,0,0,60,-0.8,12182875,72466,0,3411.61,0,1200,400,720,240,4200,7500,8500,102,1.5,6000,0,0,0,0,0,30,0,30,35,53.7,0,0
2026-08-12T20:25:07.829000+09:00,2026-08-12T11:25:07.829000+00:00,094623,-2.4,2,0,0,0,0,13376,0,13376,0,0,0,0,4623,-24512,10330,0,256,0,161,0,0,0,0,2,0,0,0,2056,31082107,2018,0.12,3.97,1.53,0,31.6,34.2,35.5,30,25.6,29.6,156.3,124.7,27.9,27.6,426,361901,2009,0,0,0,0,0,0,0,60,-0.8,12182875,72466,0,3411.61,0,1200,400,720,240,4200,7500,8500,102,1.5,6000,0,0,0,0,0,30,0,30,35,53.7,0,0
2026-08-12T20:26:07.921000+09:00,2026-08-12T11:26:07.921000+00:00,094623,2.4,2,0,0,0,0,13376,0,13376,0,0,0,0,4623,-24512,10330,0,256,0,161,0,0,0,0,2,0,0,0,2056,31082107,2018,0.12,2.75,5.19,0,31.6,34.1,35.4,30,25.6,29.5,156,124.4,27.9,27.5,424.9,361901,2009,0,0,0,0,0,0,0,60,-0.8,12182875,72467,0,3411.61,0,1200,400,720,240,4200,7500,8500,102,1.5,6000,0,0,0,0,0,30,0,30,35,53.7,0,0
2026-08-12T20:27:08.025000+09:00,2026-08-12T11:27:08.025000+00:00,094623,3.7,2,0,0,0,0,13376,0,13376,0,0,0,0,4623,-24512,10330,0,256,0,161,0,0,0,0,2,0,0,0,2056,31082107,2018,0.12,1.53,5.19,0,31.5,34.1,35.4,30,25.6,29.5,156.4,124.3,27.9,27.5,423.8,361901,2009,0,0,0,0,0,0,0,60,-0.79,12182875,72467,0,3411.61,0,1200,400,720,240,4200,7500,8500,102,1.5,6000,0,0,0,0,0,30,0,30,35,53.6,0,0
2026-08-12T20:28:08.121000+09:00,2026-08-12T11:28:08.121000+00:00,094623,-4.0,2,0,0,0,0,13376,0,13376,0,0,0,0,4623,-24512,10330,0,256,0,161,0,0,0,0,2,0,0,0,2056,31082107,2018,0.12,3.97,0,0,31.5,34.1,35.4,29.9,25.5,29.5,155,124.1,27.8,27.5,422.7,361901,2009,0,0,0,0,0,0,0,60,-0.8,12182875,72467,0,3411.61,0,1200,400,720,240,4200,7500,8500,102,1.5,6000,0,0,0,0,0,30,0,30,35,53.6,0,0
2026-08-12T20:29:08.217000+09:00,2026-08-12T11:29:08.217000+00:00,094623,0.0,2,0,0,0,0,13376,0,13376,0,0,0,0,4623,-24512,10330,0,256,0,161,0,0,0,0,2,0,0,0,2056,31082107,2018,0.12,0,0,0,31.4,34,35.3,29.9,25.5,29.4,155.9,124,27.8,27.5,421.7,361901,2009,0,0,0,0,0,0,0,60,-0.79,12182875,72467,0,3411.61,0,1200,400,720,240,4200,7500,8500,102,1.5,6000,0,0,0,0,0,30,0,30,35,53.6,0,0
2026-08-12T20:30:08.299000+09:00,2026-08-12T11:30:08.299000+00:00,094623,4.0,2,0,0,0,0,13376,0,13376,0,0,0,0,4623,-24512,10330,0,256,0,161,0,0,0,0,2,0,0,0,2056,31082107,2018,0.12,0,3.97,0,31.4,33.9,35.3,29.8,25.5,29.4,156,123.8,27.7,27.4,420.6,361901,2009,0,0,0,0,0,0,0,60,-0.8,12182875,72467,0,3411.61,0,1200,400,720,240,4200,7500,8500,102,1.5,6000,0,0,0,0,0,30,0,30,35,53.5,0,0
2026-08-12T20:31:08.388000+09:00,2026-08-12T11:31:08.388000+00:00,094623,2.4,2,0,0,0,0,13376,0,13376,0,0,0,0,4623,-24512,10330,0,256,0,161,0,0,0,0,2,0,0,0,2056,31082107,2018,0.12,2.75,5.19,0,31.4,33.8,35.3,29.8,25.5,29.3,155.9,123.6,27.7,27.4,419.5,361901,2009,0,0,0,0,0,0,0,60,-0.79,12182875,72467,0,3411.61,0,1200,400,720,240,4200,7500,8500,102,1.5,6000,0,0,0,0,0,30,0,30,35,53.5,0,0
2026-08-12T20:32:08.479000+09:00,2026-08-12T11:32:08.479000+00:00,094623,2.8,2,0,0,0,0,13376,0,13376,0,0,0,0,4623,-24512,10330,0,256,0,161,0,0,0,0,2,0,0,0,2056,31082107,2018,0.12,0,2.75,0,31.3,33.8,35.2,29.8,25.5,29.3,154.5,123.4,27.7,27.4,418.5,361901,2009,0,0,0,0,0,0,0,60,-0.8,12182875,72467,0,3411.61,0,1200,400,720,240,4200,7500,8500,102,1.5,6000,0,0,0,0,0,30,0,30,35,53.5,0,0
2026-08-12T20:33:08.559000+09:00,2026-08-12T11:33:08.559000+00:00,094623,-2.4,2,0,0,0,0,13376,0,13376,0,0,0,0,4623,-24512,10330,0,256,0,161,0,0,0,0,2,0,0,0,2056,31082107,2018,0.12,5.19,2.75,0,31.3,33.9,35.2,29.7,25.4,29.3,155.1,123.2,27.7,27.4,417.4,361901,2009,0,0,0,0,0,0,0,60,-0.78,12182875,72467,0,3411.61,0,1200,400,720,240,4200,7500,8500,102,1.5,6000,0,0,0,0,0,30,0,30,35,53.5,0,0
2026-08-12T20:34:08.653000+09:00,2026-08-12T11:34:08.653000+00:00,094623,6.1,2,0,0,0,0,13376,0,13376,0,0,0,0,4623,-24512,10330,0,256,0,161,0,0,0,0,2,0,0,0,2056,31082107,2018,0.12,1.53,7.63,0,31.3,33.8,35.1,29.7,25.4,29.3,154.7,123,27.7,27.4,416.4,361901,2009,0,0,0,0,0,0,0,60,-0.79,12182875,72468,0,3411.61,0,1200,400,720,240,4200,7500,8500,102,1.5,6000,0,0,0,0,0,30,0,30,35,53.4,0,0
2026-08-12T20:35:08.731000+09:00,2026-08-12T11:35:08.731000+00:00,094623,-1.2,2,0,0,0,0,13376,0,13376,0,0,0,0,4623,-24512,10330,0,256,0,161,0,0,0,0,2,0,0,0,2056,31082107,2018,0.12,5.19,3.97,0,31.2,33.8,35.1,29.7,25.4,29.2,153.8,122.8,27.6,27.3,415.4,361901,2009,0,0,0,0,0,0,0,60,-0.78,12182875,72468,0,3411.61,0,1200,400,720,240,4200,7500,8500,102,1.5,6000,0,0,0,0,0,30,0,30,35,53.4,0,0
2026-08-12T20:36:08.828000+09:00,2026-08-12T11:36:08.828000+00:00,094623,4.9,2,0,0,0,0,13376,0,13376,0,0,0,0,4623,-24512,10330,0,256,0,161,0,0,0,0,2,0,0,0,2056,31082107,2018,0.12,1.53,6.41,0,31.2,33.7,35,29.7,25.4,29.2,152.7,122.7,27.6,27.3,414.4,361901,2009,0,0,0,0,0,0,0,60,-0.79,12182875,72468,0,3411.61,0,1200,400,720,240,4200,7500,8500,102,1.5,6000,0,0,0,0,0,30,0,30,35,53.4,0,0
2026-08-12T20:37:08.929000+09:00,2026-08-12T11:37:08.929000+00:00,094623,1.2,2,0,0,0,0,13376,0,13376,0,0,0,0,4623,-24512,10330,0,256,0,161,0,0,0,0,2,0,0,0,2056,31082107,2018,0.12,2.75,3.97,0,31.2,33.7,35,29.6,25.4,29.2,152,122.6,27.6,27.3,413.3,361901,2009,0,0,0,0,0,0,0,60,-0.78,12182875,72468,0,3411.61,0,1200,400,720,240,4200,7500,8500,102,1.5,6000,0,0,0,0,0,30,0,30,35,53.3,0,0
2026-08-12T20:38:09.044000+09:00,2026-08-12T11:38:09.044000+00:00,094623,-2.8,2,0,0,0,0,13376,0,13376,0,0,0,0,4623,-24512,10330,0,256,0,161,0,0,0,0,2,0,0,0,2056,31082107,2018,0.12,2.75,0,0,31.1,33.7,35,29.6,25.3,29.1,151.9,122.4,27.5,27.3,412.3,361901,2009,0,0,0,0,0,0,0,60,-0.78,12182875,72468,0,3411.61,0,1200,400,720,240,4200,7500,8500,102,1.5,6000,0,0,0,0,0,30,0,30,35,53.3,0,0
2026-08-12T20:39:09.133000+09:00,2026-08-12T11:39:09.133000+00:00,094623,4.0,2,0,0,0,0,13376,0,13376,0,0,0,0,4623,-24512,10330,0,256,0,161,0,0,0,0,2,0,0,0,2056,31082107,2018,0.12,0,3.97,0,31.1,33.7,34.9,29.6,25.3,29.1,150.8,122.1,27.5,27.2,411.3,361901,2009,0,0,0,0,0,0,0,60,-0.77,12182875,72468,0,3411.61,0,1200,400,720,240,4200,7500,8500,102,1.5,6000,0,0,0,0,0,30,0,30,35,53.2,0,0
2026-08-12T20:40:09.240000+09:00,2026-08-12T11:40:09.240000+00:00,094623,0.0,2,0,0,0,0,13376,0,13376,0,0,0,0,4623,-24512,10330,0,256,0,161,0,0,0,0,2,0,0,0,2056,31082107,2018,0.12,3.97,3.97,0,31.1,33.7,34.9,29.6,25.3,29,151,121.9,27.5,27.2,410.3,361901,2009,0,0,0,0,0,0,0,60,-0.78,12182875,72468,0,3411.61,0,1200,400,720,240,4200,7500,8500,102,1.5,6000,0,0,0,0,0,30,0,30,35,53.2,0,0
2026-08-12T20:41:09.331000+09:00,2026-08-12T11:41:09.331000+00:00,094623,1.2,2,0,0,0,0,13376,0,13376,0,0,0,0,4623,-24512,10330,0,256,0,161,0,0,0,0,2,0,0,0,2056,31082107,2018,0.12,2.75,3.97,0,31.1,33.6,34.9,29.5,25.3,29,150.5,121.8,27.5,27.2,409.3,361901,2009,0,0,0,0,0,0,0,60,-0.77,12182875,72469,0,3411.61,0,1200,400,720,240,4200,7500,8500,102,1.5,6000,0,0,0,0,0,30,0,30,35,53.2,0,0
2026-08-12T20:42:09.442000+09:00,2026-08-12T11:42:09.442000+00:00,094623,1.2,2,0,0,0,0,13376,0,13376,0,0,0,0,4623,-24512,10330,0,256,0,161,0,0,0,0,2,0,0,0,2056,31082107,2018,0.12,2.75,3.97,0,31,33.5,34.8,29.5,25.3,29,150.3,121.6,27.4,27.2,408.3,361901,2009,0,0,0,0,0,0,0,60,-0.76,12182875,72469,0,3411.61,0,1200,400,720,240,4200,7500,8500,102,1.5,6000,0,0,0,0,0,30,0,30,35,53.2,0,0
2026-08-12T20:43:09.526000+09:00,2026-08-12T11:43:09.526000+00:00,094623,4.0,2,0,0,0,0,13376,0,13376,0,0,0,0,4623,-24512,10330,0,256,0,161,0,0,0,0,2,0,0,0,2056,31082107,2018,0.12,0,3.97,0,31,33.5,34.8,29.5,25.3,29,150,121.4,27.4,27.1,407.3,361901,2009,0,0,0,0,0,0,0,60,-0.76,12182875,72469,0,3411.61,0,1200,400,720,240,4200,7500,8500,102,1.5,6000,0,0,0,0,0,30,0,30,35,53.1,0,0
2026-08-12T20:44:09.621000+09:00,2026-08-12T11:44:09.621000+00:00,094623,4.0,2,0,0,0,0,13376,0,13376,0,0,0,0,4623,-24512,10330,0,256,0,161,0,0,0,0,2,0,0,0,2056,31082107,2018,0.12,0,3.97,0,30.9,33.5,34.8,29.5,25.2,28.9,150.5,121.2,27.4,27.1,406.3,361901,2009,0,0,0,0,0,0,0,60,-0.76,12182875,72469,0,3411.61,0,1200,400,720,240,4200,7500,8500,102,1.5,6000,0,0,0,0,0,30,0,30,35,53.1,0,0
2026-08-12T20:45:09.728000+09:00,2026-08-12T11:45:09.728000+00:00,094623,-1.2,2,0,0,0,0,13376,0,13376,0,0,0,0,4623,-24512,10330,0,256,0,161,0,0,0,0,2,0,0,0,2056,31082107,2018,0.12,5.19,3.97,0,30.9,33.5,34.7,29.5,25.2,28.9,150.1,121,27.4,27.1,405.3,361901,2009,0,0,0,0,0,0,0,60,-0.76,12182875,72469,0,3411.61,0,1200,400,720,240,4200,7500,8500,102,1.5,6000,0,0,0,0,0,30,0,30,35,53.1,0,0
2026-08-12T20:46:09.822000+09:00,2026-08-12T11:46:09.822000+00:00,094623,4.0,2,0,0,0,0,13376,0,13376,0,0,0,0,4623,-24512,10330,0,256,0,161,0,0,0,0,2,0,0,0,2056,31082107,2018,0.12,0,3.97,0,30.9,33.4,34.7,29.5,25.2,28.9,150.2,120.8,27.3,27.1,404.3,361901,2009,0,0,0,0,0,0,0,60,-0.74,12182875,72469,0,3411.61,0,1200,400,720,240,4200,7500,8500,102,1.5,6000,0,0,0,0,0,30,0,30,35,53,0,0
2026-08-12T20:47:09.923000+09:00,2026-08-12T11:47:09.923000+00:00,094623,2.4,2,0,0,0,0,13376,0,13376,0,0,0,0,4623,-24512,10330,0,256,0,161,0,0,0,0,2,0,0,0,2056,31082107,2018,0.12,2.75,5.19,0,30.8,33.4,34.7,29.4,25.2,28.8,150.2,120.5,27.3,27.1,403.3,361901,2009,0,0,0,0,0,0,0,60,-0.74,12182875,72469,0,3411.61,0,1200,400,720,240,4200,7500,8500,102,1.5,6000,0,0,0,0,0,30,0,30,35,53,0,0
2026-08-12T20:48:10.016000+09:00,2026-08-12T11:48:10.016000+00:00,094623,5.2,2,0,0,0,0,13376,0,13376,0,0,0,0,4623,-24512,10330,0,256,0,161,0,0,0,0,2,0,0,0,2056,31082107,2018,0.12,0,5.19,0,30.8,33.4,34.6,29.4,25.2,28.8,149.5,120.4,27.3,27.1,402.4,361901,2009,0,0,0,0,0,0,0,60,-0.74,12182875,72469,0,3411.61,0,1200,400,720,240,4200,7500,8500,102,1.5,6000,0,0,0,0,0,30,0,30,35,53,0,0
2026-08-12T20:49:10.109000+09:00,2026-08-12T11:49:10.109000+00:00,094623,-1.2,2,0,0,0,0,13376,0,13376,0,0,0,0,4623,-24512,10330,0,256,0,161,0,0,0,0,2,0,0,0,2056,31082107,2018,0.12,5.19,3.97,0,30.8,33.4,34.6,29.4,25.1,28.8,148.1,120.2,27.3,27,401.3,361901,2009,0,0,0,0,0,0,0,60,-0.74,12182875,72470,0,3411.61,0,1200,400,720,240,4200,7500,8500,102,1.5,6000,0,0,0,0,0,30,0,30,35,52.9,0,0
2026-08-12T20:50:10.187000+09:00,2026-08-12T11:50:10.187000+00:00,094623,2.8,2,0,0,0,0,13376,0,13376,0,0,0,0,4623,-24512,10330,0,256,0,161,0,0,0,0,2,0,0,0,2056,31082107,2018,0.12,0,2.75,0,30.8,33.3,34.5,29.3,25.1,28.7,148.1,120,27.2,27,400.4,361901,2009,0,0,0,0,0,0,0,60,-0.74,12182875,72470,0,3411.61,0,1200,400,720,240,4200,7500,8500,102,1.5,6000,0,0,0,0,0,30,0,30,35,52.9,0,0
2026-08-12T20:51:10.290000+09:00,2026-08-12T11:51:10.290000+00:00,094623,2.8,2,0,0,0,0,13376,0,13376,0,0,0,0,4623,-24512,10330,0,256,0,161,0,0,0,0,2,0,0,0,2056,31082107,2018,0.12,0,2.75,0,30.7,33.3,34.5,29.3,25.1,28.7,147.3,119.7,27.2,27,399.4,361901,2009,0,0,0,0,0,0,0,60,-0.74,12182875,72470,0,3411.61,0,1200,400,720,240,4200,7500,8500,102,1.5,6000,0,0,0,0,0,30,0,30,35,52.9,0,0
2026-08-12T20:52:10.378000+09:00,2026-08-12T11:52:10.378000+00:00,094623,-2.8,2,0,0,0,0,13376,0,13376,0,0,0,0,4623,-24512,10330,0,256,0,161,0,0,0,0,2,0,0,0,2056,31082107,2018,0.12,2.75,0,0,30.7,33.1,34.4,29.3,25.1,28.7,148.5,119.6,27.2,27,398.5,361901,2009,0,0,0,0,0,0,0,60,-0.73,12182875,72470,0,3411.61,0,1200,400,720,240,4200,7500,8500,102,1.5,6000,0,0,0,0,0,30,0,30,35,52.8,0,0
2026-08-12T20:53:10.458000+09:00,2026-08-12T11:53:10.458000+00:00,094623,0.0,2,0,0,0,0,13376,0,13376,0,0,0,0,4623,-24512,10330,0,256,0,161,0,0,0,0,2,0,0,0,2056,31082107,2018,0.12,3.97,3.97,0,30.7,33.1,34.4,29.3,25.1,28.7,149.4,119.4,27.2,26.9,397.5,361901,2009,0,0,0,0,0,0,0,60,-0.73,12182875,72470,0,3411.61,0,1200,400,720,240,4200,7500,8500,102,1.5,6000,0,0,0,0,0,30,0,30,35,52.8,0,0
2026-08-12T20:54:10.568000+09:00,2026-08-12T11:54:10.568000+00:00,094623,1.2,2,0,0,0,0,13376,0,13376,0,0,0,0,4623,-24512,10330,0,256,0,161,0,0,0,0,2,0,0,0,2056,31082107,2018,0.12,1.53,2.75,0,30.6,33.1,34.4,29.2,25,28.6,147.3,119.2,27.1,26.9,396.6,361901,2009,0,0,0,0,0,0,0,60,-0.72,12182875,72470,0,3411.61,0,1200,400,720,240,4200,7500,8500,102,1.5,6000,0,0,0,0,0,30,0,30,35,52.8,0,0
2026-08-12T20:55:10.658000+09:00,2026-08-12T11:55:10.658000+00:00,094623,3.7,2,0,0,0,0,13376,0,13376,0,0,0,0,4623,-24512,10330,0,256,0,161,0,0,0,0,2,0,0,0,2056,31082107,2018,0.12,1.53,5.19,0,30.6,33.1,34.3,29.2,25,28.6,146.7,119,27.1,26.9,395.6,361901,2009,0,0,0,0,0,0,0,60,-0.71,12182875,72470,0,3411.61,0,1200,400,720,240,4200,7500,8500,102,1.5,6000,0,0,0,0,0,30,0,30,35,52.7,0,0
2026-08-12T20:56:10.750000+09:00,2026-08-12T11:56:10.750000+00:00,094623,0.0,2,0,0,0,0,13376,0,13376,0,0,0,0,4623,-24512,10330,0,256,0,161,0,0,0,0,2,0,0,0,2056,31082107,2018,0.12,1.53,1.53,0,30.5,33,34.3,29.2,25,28.6,146.3,118.7,27.1,26.9,394.6,361901,2009,0,0,0,0,0,0,0,60,-0.71,12182875,72470,0,3411.61,0,1200,400,720,240,4200,7500,8500,102,1.5,6000,0,0,0,0,0,30,0,30,35,52.7,0,0
2026-08-12T20:57:10.841000+09:00,2026-08-12T11:57:10.841000+00:00,094623,0.0,2,0,0,0,0,13376,0,13376,0,0,0,0,4623,-24512,10330,0,256,0,161,0,0,0,0,2,0,0,0,2056,31082107,2018,0.12,2.75,2.75,0,30.5,33.1,34.2,29.2,25,28.5,145.9,118.5,27,26.8,393.7,361901,2009,0,0,0,0,0,0,0,60,-0.7,12182875,72471,0,3411.61,0,1200,400,720,240,4200,7500,8500,102,1.5,6000,0,0,0,0,0,30,0,30,35,52.6,0,0
2026-08-12T20:58:10.930000+09:00,2026-08-12T11:58:10.930000+00:00,094623,4.0,2,0,0,0,0,13376,0,13376,0,0,0,0,4623,-24512,10330,0,256,0,161,0,0,0,0,2,0,0,0,2056,31082107,2018,0.11,0,3.97,0,30.5,33,34.2,29.2,24.9,28.5,145.9,118.3,27,26.8,392.8,361901,2009,0,0,0,0,0,0,0,60,-0.7,12182875,72471,0,3411.61,0,1200,400,720,240,4200,7500,8500,102,1.5,6000,0,0,0,0,0,30,0,30,35,52.6,0,0
2026-08-12T20:59:11.030000+09:00,2026-08-12T11:59:11.030000+00:00,094623,1.2,2,0,0,0,0,13376,0,13376,0,0,0,0,4623,-24512,10330,0,256,0,161,0,0,0,0,2,0,0,0,2056,31082107,2018,0.12,2.75,3.97,0,30.4,33,34.2,29.2,24.9,28.5,145.2,118,27,26.8,391.8,361901,2009,0,0,0,0,0,0,0,60,-0.68,12182875,72471,0,3411.61,0,1200,400,720,240,4200,7500,8500,102,1.5,6000,0,0,0,0,0,30,0,30,35,52.6,0,0
2026-08-12T21:00:11.113000+09:00,2026-08-12T12:00:11.113000+00:00,094623,1.2,2,0,0,0,0,13376,0,13376,0,0,0,0,4623,-24512,10330,0,256,0,161,0,0,0,0,2,0,0,0,2056,31082107,2018,0.12,1.53,2.75,0,30.4,32.9,34.1,29.2,24.9,28.5,144.7,117.8,27,26.8,390.9,361901,2009,0,0,0,0,0,0,0,60,-0.68,12182875,72471,0,3411.61,0,1200,400,720,240,4200,7500,8500,102,1.5,6000,0,0,0,0,0,30,0,30,35,52.5,0,0
2026-08-12T21:01:11.222000+09:00,2026-08-12T12:01:11.222000+00:00,094623,2.4,2,0,0,0,0,13376,0,13376,0,0,0,0,4623,-24512,10330,0,256,0,161,0,0,0,0,2,0,0,0,2056,31082107,2018,0.12,2.75,5.19,0,30.4,32.8,34.1,29.2,24.9,28.4,144.9,117.6,26.9,26.7,389.9,361901,2009,0,0,0,0,0,0,0,60,-0.67,12182875,72471,0,3411.61,0,1200,400,720,240,4200,7500,8500,102,1.5,6000,0,0,0,0,0,30,0,30,35,52.5,0,0
2026-08-12T21:02:11.316000+09:00,2026-08-12T12:02:11.316000+00:00,094623,-1.2,2,0,0,0,0,13376,0,13376,0,0,0,0,4623,-24512,10330,0,256,0,161,0,0,0,0,2,0,0,0,2056,31082107,2018,0.12,3.97,2.75,0,30.4,32.9,34,29.1,24.8,28.4,145.3,117.4,26.9,26.7,389,361901,2009,0,0,0,0,0,0,0,60,-0.67,12182875,72471,0,3411.61,0,1200,400,720,240,4200,7500,8500,102,1.5,6000,0,0,0,0,0,30,0,30,35,52.5,0,0
2026-08-12T21:03:11.414000+09:00,2026-08-12T12:03:11.414000+00:00,094623,-2.4,2,0,0,0,0,13376,0,13376,0,0,0,0,4623,-24512,10330,0,256,0,161,0,0,0,0,2,0,0,0,2056,31082107,2018,0.12,3.97,1.53,0,30.3,32.8,34,29.1,24.8,28.4,144.9,117.2,26.9,26.7,388.1,361901,2009,0,0,0,0,0,0,0,60,-0.66,12182875,72471,0,3411.61,0,1200,400,720,240,4200,7500,8500,102,1.5,6000,0,0,0,0,0,30,0,30,35,52.4,0,0
2026-08-12T21:04:11.497000+09:00,2026-08-12T12:04:11.497000+00:00,094623,0.0,2,0,0,0,0,13376,0,13376,0,0,0,0,4623,-24512,10330,0,256,0,161,0,0,0,0,2,0,0,0,2056,31082107,2018,0.12,3.97,3.97,0,30.3,32.8,33.9,29.1,24.8,28.3,144.2,117,26.9,26.7,387.2,361901,2009,0,0,0,0,0,0,0,60,-0.65,12182875,72471,0,3411.61,0,1200,400,720,240,4200,7500,8500,102,1.5,6000,0,0,0,0,0,30,0,30,35,52.4,0,0
2026-08-12T21:05:11.595000+09:00,2026-08-12T12:05:11.595000+00:00,094623,2.8,2,0,0,0,0,13376,0,13376,0,0,0,0,4623,-24512,10330,0,256,0,161,0,0,0,0,2,0,0,0,2056,31082107,2018,0.12,0,2.75,0,30.3,32.7,33.9,29.1,24.8,28.3,143.3,116.8,26.8,26.7,386.3,361901,2009,0,0,0,0,0,0,0,60,-0.64,12182875,72471,0,3411.61,0,1200,400,720,240,4200,7500,8500,102,1.5,6000,0,0,0,0,0,30,0,30,35,52.4,0,0
2026-08-12T21:06:11.699000+09:00,2026-08-12T12:06:11.699000+00:00,094623,5.2,2,0,0,0,0,13376,0,13376,0,0,0,0,4623,-24512,10330,0,256,0,161,0,0,0,0,2,0,0,0,2056,31082107,2018,0.12,0,5.19,0,30.2,32.7,33.8,29.1,24.8,28.3,144.1,116.6,26.8,26.7,385.4,361901,2009,0,0,0,0,0,0,0,60,-0.63,12182875,72472,0,3411.61,0,1200,400,720,240,4200,7500,8500,102,1.5,6000,0,0,0,0,0,30,0,30,35,52.4,0,0
2026-08-12T21:07:11.793000+09:00,2026-08-12T12:07:11.793000+00:00,094623,0.0,2,0,0,0,0,13376,0,13376,0,0,0,0,4623,-24512,10330,0,256,0,161,0,0,0,0,2,0,0,0,2056,31082107,2018,0.12,2.75,2.75,0,30.2,32.7,33.8,29.1,24.8,28.3,142.8,116.4,26.8,26.6,384.5,361901,2009,0,0,0,0,0,0,0,60,-0.63,12182875,72472,0,3411.61,0,1200,400,720,240,4200,7500,8500,102,1.5,6000,0,0,0,0,0,30,0,30,35,52.3,0,0
2026-08-12T21:08:11.894000+09:00,2026-08-12T12:08:11.894000+00:00,094623,0.0,2,0,0,0,0,13376,0,13376,0,0,0,0,4623,-24512,10330,0,256,0,161,0,0,0,0,2,0,0,0,2056,31082107,2018,0.12,5.19,5.19,0,30.2,32.7,33.7,29.2,24.7,28.2,142.9,116.2,26.8,26.6,383.5,361901,2009,0,0,0,0,0,0,0,60,-0.62,12182875,72472,0,3411.61,0,1200,400,720,240,4200,7500,8500,102,1.5,6000,0,0,0,0,0,30,0,30,35,52.3,0,0
2026-08-12T21:09:11.981000+09:00,2026-08-12T12:09:11.981000+00:00,094623,4.0,2,0,0,0,0,13376,0,13376,0,0,0,0,4623,-24512,10330,0,256,0,161,0,0,0,0,2,0,0,0,2056,31082107,2018,0.12,0,3.97,0,30.1,32.6,33.7,29.2,24.7,28.2,142.2,116.1,26.7,26.6,382.7,361901,2009,0,0,0,0,0,0,0,60,-0.61,12182875,72472,0,3411.61,0,1200,400,720,240,4200,7500,8500,102,1.5,6000,0,0,0,0,0,30,0,30,35,52.2,0,0
2026-08-12T21:10:12.099000+09:00,2026-08-12T12:10:12.099000+00:00,094623,0.0,2,0,0,0,0,13376,0,13376,0,0,0,0,4623,-24512,10330,0,256,0,161,0,0,0,0,2,0,0,0,2056,31082107,2018,0.12,3.97,3.97,0,30.1,32.6,33.7,29.2,24.7,28.2,142.7,115.8,26.7,26.6,381.8,361901,2009,0,0,0,0,0,0,0,60,-0.61,12182875,72472,0,3411.61,0,1200,400,720,240,4200,7500,8500,102,1.5,6000,0,0,0,0,0,30,0,30,35,52.2,0,0
2026-08-12T21:11:12.195000+09:00,2026-08-12T12:11:12.195000+00:00,094623,0.0,2,0,0,0,0,13376,0,13376,0,0,0,0,4623,-24512,10330,0,256,0,161,0,0,0,0,2,0,0,0,2056,31082107,2018,0.12,3.97,3.97,0,30.1,32.6,33.6,29.2,24.7,28.2,141.3,115.6,26.7,26.5,380.9,361901,2009,0,0,0,0,0,0,0,60,-0.6,12182875,72472,0,3411.61,0,1200,400,720,240,4200,7500,8500,102,1.5,6000,0,0,0,0,0,30,0,30,35,52.2,0,0
2026-08-12T21:12:12.292000+09:00,2026-08-12T12:12:12.292000+00:00,094623,0.0,2,0,0,0,0,13376,0,13376,0,0,0,0,4623,-24512,10330,0,256,0,161,0,0,0,0,2,0,0,0,2056,31082107,2018,0.12,3.97,3.97,0,30.1,32.6,33.6,29.1,24.7,28.2,140.8,115.5,26.7,26.5,380,361901,2009,0,0,0,0,0,0,0,60,-0.59,12182875,72472,0,3411.61,0,1200,400,720,240,4200,7500,8500,102,1.5,6000,0,0,0,0,0,30,0,30,35,52.1,0,0
2026-08-12T21:13:12.384000+09:00,2026-08-12T12:13:12.384000+00:00,094623,2.4,2,0,0,0,0,13376,0,13376,0,0,0,0,4623,-24512,10330,0,256,0,161,0,0,0,0,2,0,0,0,2056,31082107,2018,0.12,1.53,3.97,0,30,32.5,33.5,29.1,24.6,28.1,142.1,115.3,26.7,26.5,379.1,361901,2009,0,0,0,0,0,0,0,60,-0.59,12182875,72472,0,3411.61,0,1200,400,720,240,4200,7500,8500,102,1.5,6000,0,0,0,0,0,30,0,30,35,52.1,0,0
2026-08-12T21:14:12.469000+09:00,2026-08-12T12:14:12.469000+00:00,094623,5.2,2,0,0,0,0,13376,0,13376,0,0,0,0,4623,-24512,10330,0,256,0,161,0,0,0,0,2,0,0,0,2056,31082107,2018,0.12,0,5.19,0,30,32.5,33.5,29.1,24.6,28.1,141.8,115,26.7,26.5,378.2,361901,2009,0,0,0,0,0,0,0,60,-0.58,12182875,72472,0,3411.61,0,1200,400,720,240,4200,7500,8500,102,1.5,6000,0,0,0,0,0,30,0,30,35,52.1,0,0
2026-08-12T21:15:12.566000+09:00,2026-08-12T12:15:12.566000+00:00,094623,-2.4,2,0,0,0,0,13376,0,13376,0,0,0,0,4623,-24512,10330,0,256,0,161,0,0,0,0,2,0,0,0,2056,31082107,2018,0.12,5.19,2.75,0,30,32.4,33.4,29.1,24.6,28.1,141.6,114.7,26.6,26.5,377.4,361901,2009,0,0,0,0,0,0,0,60,-0.57,12182875,72472,0,3411.61,0,1200,400,720,240,4200,7500,8500,102,1.5,6000,0,0,0,0,0,30,0,30,35,52.1,0,0
2026-08-12T21:16:12.655000+09:00,2026-08-12T12:16:12.655000+00:00,094623,4.0,2,0,0,0,0,13376,0,13376,0,0,0,0,4623,-24512,10330,0,256,0,161,0,0,0,0,2,0,0,0,2056,31082107,2018,0.11,0,3.97,0,30,32.4,33.4,29.1,24.6,28.1,140.8,114.6,26.6,26.4,376.5,361901,2009,0,0,0,0,0,0,0,60,-0.57,12182875,72473,0,3411.61,0,1200,400,720,240,4200,7500,8500,102,1.5,6000,0,0,0,0,0,30,0,30,35,52,0,0
2026-08-12T21:17:12.741000+09:00,2026-08-12T12:17:12.741000+00:00,094623,1.2,2,0,0,0,0,13376,0,13376,0,0,0,0,4623,-24512,10330,0,256,0,161,0,0,0,0,2,0,0,0,2056,31082107,2018,0.12,2.75,3.97,0,29.9,32.4,33.3,29.1,24.6,28,141.2,114.3,26.6,26.4,375.6,361901,2009,0,0,0,0,0,0,0,60,-0.56,12182875,72473,0,3411.61,0,1200,400,720,240,4200,7500,8500,102,1.5,6000,0,0,0,0,0,30,0,30,35,52,0,0
2026-08-12T21:18:12.836000+09:00,2026-08-12T12:18:12.836000+00:00,094623,-2.4,2,0,0,0,0,13376,0,13376,0,0,0,0,4623,-24512,10330,0,256,0,161,0,0,0,0,2,0,0,0,2056,31082107,2018,0.12,5.19,2.75,0,29.9,32.4,33.3,29.2,24.6,28,140.7,114.2,26.6,26.4,374.7,361901,2009,0,0,0,0,0,0,0,60,-0.56,12182875,72473,0,3411.61,0,1200,400,720,240,4200,7500,8500,102,1.5,6000,0,0,0,0,0,30,0,30,35,51.9,0,0
2026-08-12T21:19:12.934000+09:00,2026-08-12T12:19:12.934000+00:00,094623,0.0,2,0,0,0,0,13376,0,13376,0,0,0,0,4623,-24512,10330,0,256,0,161,0,0,0,0,2,0,0,0,2056,31082107,2018,0.12,3.97,3.97,0,29.9,32.4,33.2,29.1,24.5,28,140.5,114.1,26.5,26.4,373.8,361901,2009,0,0,0,0,0,0,0,60,-0.55,12182875,72473,0,3411.61,0,1200,400,720,240,4200,7500,8500,102,1.5,6000,0,0,0,0,0,30,0,30,35,51.9,0,0
2026-08-12T21:20:13.025000+09:00,2026-08-12T12:20:13.025000+00:00,094623,1.2,2,0,0,0,0,13376,0,13376,0,0,0,0,4623,-24512,10330,0,256,0,161,0,0,0,0,2,0,0,0,2056,31082107,2018,0.12,2.75,3.97,0,29.8,32.4,33.2,29.2,24.5,28,140,113.9,26.5,26.4,373,361901,2009,0,0,0,0,0,0,0,60,-0.54,12182875,72473,0,3411.61,0,1200,400,720,240,4200,7500,8500,102,1.5,6000,0,0,0,0,0,30,0,30,35,51.9,0,0
2026-08-12T21:21:13.124000+09:00,2026-08-12T12:21:13.124000+00:00,094623,-1.2,2,0,0,0,0,13376,0,13376,0,0,0,0,4623,-24512,10330,0,256,0,161,0,0,0,0,2,0,0,0,2056,31082107,2018,0.12,3.97,2.75,0,29.8,32.3,33.1,29.2,24.5,27.9,139.3,113.7,26.5,26.4,372.1,361901,2009,0,0,0,0,0,0,0,60,-0.53,12182875,72473,0,3411.61,0,1200,400,720,240,4200,7500,8500,102,1.5,6000,0,0,0,0,0,30,0,30,35,51.8,0,0
2026-08-12T21:22:13.216000+09:00,2026-08-12T12:22:13.216000+00:00,094623,0.0,2,0,0,0,0,13376,0,13376,0,0,0,0,4623,-24512,10330,0,256,0,161,0,0,0,0,2,0,0,0,2056,31082107,2018,0.12,3.97,3.97,0,29.8,32.2,33.1,29.1,24.5,27.9,138.7,113.3,26.5,26.3,371.2,361901,2009,0,0,0,0,0,0,0,60,-0.53,12182875,72473,0,3411.61,0,1200,400,720,240,4200,7500,8500,102,1.5,6000,0,0,0,0,0,30,0,30,35,51.8,0,0
2026-08-12T21:23:13.330000+09:00,2026-08-12T12:23:13.330000+00:00,094623,0.0,2,0,0,0,0,13376,0,13376,0,0,0,0,4623,-24512,10330,0,256,0,161,0,0,0,0,2,0,0,0,2056,31082107,2018,0.12,3.97,3.97,0,29.8,32.2,33.1,29.1,24.5,27.9,138.1,113.2,26.5,26.3,370.4,361901,2009,0,0,0,0,0,0,0,60,-0.52,12182875,72473,0,3411.61,0,1200,400,720,240,4200,7500,8500,102,1.5,6000,0,0,0,0,0,30,0,30,35,51.8,0,0
2026-08-12T21:24:13.430000+09:00,2026-08-12T12:24:13.430000+00:00,094623,3.7,2,0,0,0,0,13376,0,13376,0,0,0,0,4623,-24512,10330,0,256,0,161,0,0,0,0,2,0,0,0,2056,31082107,2018,0.11,1.53,5.19,0,29.7,32.3,33,29.1,24.5,27.8,138.2,112.9,26.4,26.3,369.5,361901,2009,0,0,0,0,0,0,0,60,-0.51,12182875,72473,0,3411.61,0,1200,400,720,240,4200,7500,8500,102,1.5,6000,0,0,0,0,0,30,0,30,35,51.7,0,0
2026-08-12T21:25:13.546000+09:00,2026-08-12T12:25:13.546000+00:00,094623,-1.2,2,0,0,0,0,13376,0,13376,0,0,0,0,4623,-24512,10330,0,256,0,161,0,0,0,0,2,0,0,0,2056,31082107,2018,0.11,3.97,2.75,0,29.7,32.2,33,29.1,24.4,27.8,137.6,112.8,26.4,26.3,368.7,361901,2009,0,0,0,0,0,0,0,60,-0.52,12182875,72473,0,3411.61,0,1200,400,720,240,4200,7500,8500,102,1.5,6000,0,0,0,0,0,30,0,30,35,51.7,0,0
2026-08-12T21:26:13.628000+09:00,2026-08-12T12:26:13.628000+00:00,094623,4.0,2,0,0,0,0,13376,0,13376,0,0,0,0,4623,-24512,10330,0,256,0,161,0,0,0,0,2,0,0,0,2056,31082107,2018,0.12,0,3.97,0,29.7,32.2,32.9,29.2,24.4,27.8,137.7,112.6,26.4,26.3,367.8,361901,2009,0,0,0,0,0,0,0,60,-0.51,12182875,72473,0,3411.61,0,1200,400,720,240,4200,7500,8500,102,1.5,6000,0,0,0,0,0,30,0,30,35,51.6,0,0
2026-08-12T21:27:13.768000+09:00,2026-08-12T12:27:13.768000+00:00,094623,0.0,2,0,0,0,0,13376,0,13376,0,0,0,0,4623,-24512,10330,0,256,0,161,0,0,0,0,2,0,0,0,2056,31082107,2018,0.12,5.19,5.19,0,29.7,32.1,32.9,29.2,24.4,27.8,137.6,112.4,26.4,26.3,367,361901,2009,0,0,0,0,0,0,0,60,-0.51,12182875,72473,0,3411.61,0,1200,400,720,240,4200,7500,8500,102,1.5,6000,0,0,0,0,0,30,0,30,35,51.6,0,0
2026-08-12T21:28:13.919000+09:00,2026-08-12T12:28:13.919000+00:00,094623,-1.2,2,0,0,0,0,13376,0,13376,0,0,0,0,4623,-24512,10330,0,256,0,161,0,0,0,0,2,0,0,0,2056,31082107,2018,0.12,2.75,1.53,0,29.6,32.2,32.8,29.2,24.4,27.8,137.9,112.2,26.4,26.2,366.2,361901,2009,0,0,0,0,0,0,0,60,-0.5,12182875,72474,0,3411.61,0,1200,400,720,240,4200,7500,8500,102,1.5,6000,0,0,0,0,0,30,0,30,35,51.6,0,0
2026-08-12T21:29:13.941000+09:00,2026-08-12T12:29:13.941000+00:00,094623,0.0,2,0,0,0,0,13376,0,13376,0,0,0,0,4623,-24512,10330,0,256,0,161,0,0,0,0,2,0,0,0,2056,31082107,2018,0.12,3.97,3.97,0,29.6,32.1,32.8,29.3,24.4,27.8,137.5,112.1,26.4,26.2,365.3,361901,2009,0,0,0,0,0,0,0,60,-0.49,12182875,72474,0,3411.61,0,1200,400,720,240,4200,7500,8500,102,1.5,6000,0,0,0,0,0,30,0,30,35,51.6,0,0
2026-08-12T21:30:14.037000+09:00,2026-08-12T12:30:14.037000+00:00,094623,1.5,2,0,0,0,0,13376,0,13376,0,0,0,0,4623,-24512,10330,0,256,0,161,0,0,0,0,2,0,0,0,2056,31082107,2018,0.12,0,1.53,0,29.6,32.1,32.7,29.3,24.3,27.7,137.3,112.1,26.3,26.2,364.5,361901,2009,0,0,0,0,0,0,0,60,-0.49,12182875,72474,0,3411.61,0,1200,400,720,240,4200,7500,8500,102,1.5,6000,0,0,0,0,0,30,0,30,35,51.5,0,0
2026-08-12T21:31:14.126000+09:00,2026-08-12T12:31:14.126000+00:00,094623,0.0,2,0,0,0,0,13376,0,13376,0,0,0,0,4623,-24512,10330,0,256,0,161,0,0,0,0,2,0,0,0,2056,31082107,2018,0.11,3.97,3.97,0,29.5,32.1,32.7,29.4,24.3,27.7,137.2,111.8,26.3,26.2,363.7,361901,2009,0,0,0,0,0,0,0,60,-0.49,12182875,72474,0,3411.61,0,1200,400,720,240,4200,7500,8500,102,1.5,6000,0,0,0,0,0,30,0,30,35,51.5,0,0
2026-08-12T21:32:14.217000+09:00,2026-08-12T12:32:14.217000+00:00,094623,-2.4,2,0,0,0,0,13376,0,13376,0,0,0,0,4623,-24512,10330,0,256,0,161,0,0,0,0,2,0,0,0,2056,31082107,2018,0.11,5.19,2.75,0,29.5,32,32.6,29.4,24.3,27.7,136.5,111.6,26.3,26.2,362.9,361901,2009,0,0,0,0,0,0,0,60,-0.48,12182875,72474,0,3411.61,0,1200,400,720,240,4200,7500,8500,102,1.5,6000,0,0,0,0,0,30,0,30,35,51.5,0,0
2026-08-12T21:33:14.316000+09:00,2026-08-12T12:33:14.316000+00:00,094623,-2.4,2,0,0,0,0,13376,0,13376,0,0,0,0,4623,-24512,10330,0,256,0,161,0,0,0,0,2,0,0,0,2056,31082107,2018,0.11,5.19,2.75,0,29.5,32,32.6,29.4,24.3,27.7,135.9,111.5,26.3,26.1,362,361901,2009,0,0,0,0,0,0,0,60,-0.48,12182875,72474,0,3411.61,0,1200,400,720,240,4200,7500,8500,102,1.5,6000,0,0,0,0,0,30,0,30,35,51.4,0,0
2026-08-12T21:34:14.410000+09:00,2026-08-12T12:34:14.410000+00:00,094623,1.2,2,0,0,0,0,13376,0,13376,0,0,0,0,4623,-24512,10330,0,256,0,161,0,0,0,0,2,0,0,0,2056,31082107,2018,0.11,2.75,3.97,0,29.5,32,32.5,29.5,24.3,27.7,135.3,111.3,26.3,26.1,361.2,361901,2009,0,0,0,0,0,0,0,60,-0.48,12182875,72474,0,3411.61,0,1200,400,720,240,4200,7500,8500,102,1.5,6000,0,0,0,0,0,30,0,30,35,51.4,0,0
2026-08-12T21:35:14.502000+09:00,2026-08-12T12:35:14.502000+00:00,094623,2.8,2,0,0,0,0,13376,0,13376,0,0,0,0,4623,-24512,10330,0,256,0,161,0,0,0,0,2,0,0,0,2056,31082107,2018,0.11,0,2.75,0,29.4,31.9,32.5,29.5,24.3,27.6,135.8,111.1,26.3,26.1,360.4,361901,2009,0,0,0,0,0,0,0,60,-0.47,12182875,72474,0,3411.61,0,1200,400,720,240,4200,7500,8500,102,1.5,6000,0,0,0,0,0,30,0,30,35,51.4,0,0
2026-08-12T21:36:14.604000+09:00,2026-08-12T12:36:14.604000+00:00,094623,-1.2,2,0,0,0,0,13376,0,13376,0,0,0,0,4623,-24512,10330,0,256,0,161,0,0,0,0,2,0,0,0,2056,31082107,2018,0.11,6.41,5.19,0,29.4,31.9,32.4,29.5,24.3,27.6,136.3,111,26.3,26.1,359.6,361901,2009,0,0,0,0,0,0,0,60,-0.47,12182875,72474,0,3411.61,0,1200,400,720,240,4200,7500,8500,102,1.5,6000,0,0,0,0,0,30,0,30,35,51.4,0,0
2026-08-12T21:37:14.700000+09:00,2026-08-12T12:37:14.700000+00:00,094623,0.0,2,0,0,0,0,13376,0,13376,0,0,0,0,4623,-24512,10330,0,256,0,161,0,0,0,0,2,0,0,0,2056,31082107,2018,0.11,3.97,3.97,0,29.4,31.9,32.4,29.5,24.3,27.6,135.3,110.8,26.2,26.1,358.8,361901,2009,0,0,0,0,0,0,0,60,-0.47,12182875,72474,0,3411.61,0,1200,400,720,240,4200,7500,8500,102,1.5,6000,0,0,0,0,0,30,0,30,35,51.3,0,0
2026-08-12T21:38:14.791000+09:00,2026-08-12T12:38:14.791000+00:00,094623,-2.4,2,0,0,0,0,13376,0,13376,0,0,0,0,4623,-24512,10330,0,256,0,161,0,0,0,0,2,0,0,0,2056,31082107,2018,0.11,5.19,2.75,0,29.4,31.9,32.4,29.6,24.2,27.6,134.5,110.7,26.2,26.1,357.9,361901,2009,0,0,0,0,0,0,0,60,-0.46,12182875,72474,0,3411.61,0,1200,400,720,240,4200,7500,8500,102,1.5,6000,0,0,0,0,0,30,0,30,35,51.3,0,0
2026-08-12T21:39:14.879000+09:00,2026-08-12T12:39:14.879000+00:00,094623,-2.4,2,0,0,0,0,13376,0,13376,0,0,0,0,4623,-24512,10330,0,256,0,161,0,0,0,0,2,0,0,0,2056,31082107,2018,0.11,5.19,2.75,0,29.4,31.9,32.3,29.6,24.2,27.6,134.4,110.5,26.2,26.1,357.1,361901,2009,0,0,0,0,0,0,0,60,-0.46,12182875,72474,0,3411.61,0,1200,400,720,240,4200,7500,8500,102,1.5,6000,0,0,0,0,0,30,0,30,35,51.3,0,0
2026-08-12T21:40:14.956000+09:00,2026-08-12T12:40:14.956000+00:00,094623,1.2,2,0,0,0,0,13376,0,13376,0,0,0,0,4623,-24512,10330,0,256,0,161,0,0,0,0,2,0,0,0,2056,31082107,2018,0.11,2.75,3.97,0,29.3,31.8,32.3,29.6,24.2,27.5,134.2,110.3,26.2,26,356.3,361901,2009,0,0,0,0,0,0,0,60,-0.46,12182875,72475,0,3411.61,0,1200,400,720,240,4200,7500,8500,102,1.5,6000,0,0,0,0,0,30,0,30,35,51.3,0,0
2026-08-12T21:41:15.046000+09:00,2026-08-12T12:41:15.046000+00:00,094623,1.2,2,0,0,0,0,13376,0,13376,0,0,0,0,4623,-24512,10330,0,256,0,161,0,0,0,0,2,0,0,0,2056,31082107,2018,0.11,1.53,2.75,0,29.3,31.8,32.3,29.6,24.2,27.5,134.4,110.2,26.2,26,355.5,361901,2009,0,0,0,0,0,0,0,60,-0.45,12182875,72475,0,3411.61,0,1200,400,720,240,4200,7500,8500,102,1.5,6000,0,0,0,0,0,30,0,30,35,51.2,0,0
2026-08-12T21:42:15.140000+09:00,2026-08-12T12:42:15.140000+00:00,094623,-1.2,2,0,0,0,0,13376,0,13376,0,0,0,0,4623,-24512,10330,0,256,0,161,0,0,0,0,2,0,0,0,2056,31082107,2018,0.11,5.19,3.97,0,29.3,31.7,32.2,29.6,24.2,27.5,134.8,110,26.1,26,354.8,361901,2009,0,0,0,0,0,0,0,60,-0.46,12182875,72475,0,3411.61,0,1200,400,720,240,4200,7500,8500,102,1.5,6000,0,0,0,0,0,30,0,30,35,51.2,0,0
2026-08-12T21:43:15.233000+09:00,2026-08-12T12:43:15.233000+00:00,094623,-1.2,2,0,0,0,0,13376,0,13376,0,0,0,0,4623,-24512,10330,0,256,0,161,0,0,0,0,2,0,0,0,2056,31082107,2018,0.11,5.19,3.97,0,29.2,31.8,32.2,29.7,24.2,27.5,134.1,110,26.1,26,353.9,361901,2009,0,0,0,0,0,0,0,60,-0.46,12182875,72475,0,3411.61,0,1200,400,720,240,4200,7500,8500,102,1.5,6000,0,0,0,0,0,30,0,30,35,51.2,0,0
2026-08-12T21:44:15.335000+09:00,2026-08-12T12:44:15.335000+00:00,094623,0.0,2,0,0,0,0,13376,0,13376,0,0,0,0,4623,-24512,10330,0,256,0,161,0,0,0,0,2,0,0,0,2056,31082107,2018,0.11,3.97,3.97,0,29.2,31.7,32.1,29.7,24.2,27.5,134,109.9,26.1,26,353.1,361901,2009,0,0,0,0,0,0,0,60,-0.45,12182875,72475,0,3411.61,0,1200,400,720,240,4200,7500,8500,102,1.5,6000,0,0,0,0,0,30,0,30,35,51.1,0,0
2026-08-12T21:45:15.427000+09:00,2026-08-12T12:45:15.427000+00:00,094623,-3.7,2,0,0,0,0,13376,0,13376,0,0,0,0,4623,-24512,10330,0,256,0,161,0,0,0,0,2,0,0,0,2056,31082107,2018,0.11,6.41,2.75,0,29.2,31.6,32.1,29.7,24.2,27.5,133.5,109.7,26.1,26,352.4,361901,2009,0,0,0,0,0,0,0,60,-0.45,12182875,72475,0,3411.61,0,1200,400,720,240,4200,7500,8500,102,1.5,6000,0,0,0,0,0,30,0,30,35,51.1,0,0
2026-08-12T21:46:15.520000+09:00,2026-08-12T12:46:15.520000+00:00,094623,-3.7,2,0,0,0,0,13376,0,13376,0,0,0,0,4623,-24512,10330,0,256,0,161,0,0,0,0,2,0,0,0,2056,31082107,2018,0.11,5.19,1.53,0,29.2,31.6,32,29.7,24.1,27.4,133,109.6,26.1,26,351.6,361901,2009,0,0,0,0,0,0,0,60,-0.45,12182875,72475,0,3411.61,0,1200,400,720,240,4200,7500,8500,102,1.5,6000,0,0,0,0,0,30,0,30,35,51.1,0,0
2026-08-12T21:47:15.623000+09:00,2026-08-12T12:47:15.623000+00:00,094623,2.4,2,0,0,0,0,13376,0,13376,0,0,0,0,4623,-24512,10330,0,256,0,161,0,0,0,0,2,0,0,0,2056,31082107,2018,0.11,1.53,3.97,0,29.1,31.6,32,29.7,24.1,27.4,133.2,109.4,26.1,25.9,350.8,361901,2009,0,0,0,0,0,0,0,60,-0.45,12182875,72475,0,3411.61,0,1200,400,720,240,4200,7500,8500,102,1.5,6000,0,0,0,0,0,30,0,30,35,51.1,0,0
2026-08-12T21:48:15.722000+09:00,2026-08-12T12:48:15.722000+00:00,094623,-1.2,2,0,0,0,0,13376,0,13376,0,0,0,0,4623,-24512,10330,0,256,0,161,0,0,0,0,2,0,0,0,2056,31082107,2018,0.11,6.41,5.19,0,29.1,31.7,32,29.8,24.1,27.4,133.5,109.3,26,25.9,350,361901,2009,0,0,0,0,0,0,0,60,-0.45,12182875,72475,0,3411.61,0,1200,400,720,240,4200,7500,8500,102,1.5,6000,0,0,0,0,0,30,0,30,35,51.1,0,0
2026-08-12T21:49:15.811000+09:00,2026-08-12T12:49:15.811000+00:00,094623,-1.2,2,0,0,0,0,13376,0,13376,0,0,0,0,4623,-24512,10330,0,256,0,161,0,0,0,0,2,0,0,0,2056,31082107,2018,0.11,3.97,2.75,0,29.1,31.6,31.9,29.7,24.1,27.4,134.1,109.1,26,25.9,349.2,361901,2009,0,0,0,0,0,0,0,60,-0.44,12182875,72475,0,3411.61,0,1200,400,720,240,4200,7500,8500,102,1.5,6000,0,0,0,0,0,30,0,30,35,51,0,0
2026-08-12T21:50:15.924000+09:00,2026-08-12T12:50:15.924000+00:00,094623,0.0,2,0,0,0,0,13376,0,13376,0,0,0,0,4623,-24512,10330,0,256,0,161,0,0,0,0,2,0,0,0,2056,31082107,2018,0.11,3.97,3.97,0,29.1,31.6,31.9,29.7,24.1,27.4,132.9,109,26,25.9,348.4,361901,2009,0,0,0,0,0,0,0,60,-0.45,12182875,72475,0,3411.61,0,1200,400,720,240,4200,7500,8500,102,1.5,6000,0,0,0,0,0,30,0,30,35,51,0,0
2026-08-12T21:51:16.030000+09:00,2026-08-12T12:51:16.030000+00:00,094623,1.2,2,0,0,0,0,13376,0,13376,0,0,0,0,4623,-24512,10330,0,256,0,161,0,0,0,0,2,0,0,0,2056,31082107,2018,0.11,2.75,3.97,0,29.1,31.5,31.9,29.7,24.1,27.4,132.5,108.9,26,25.9,347.6,361901,2009,0,0,0,0,0,0,0,60,-0.44,12182875,72475,0,3411.61,0,1200,400,720,240,4200,7500,8500,102,1.5,6000,0,0,0,0,0,30,0,30,35,51,0,0
2026-08-12T21:52:16.167000+09:00,2026-08-12T12:52:16.167000+00:00,094623,-1.2,2,0,0,0,0,13376,0,13376,0,0,0,0,4623,-24512,10330,0,256,0,161,0,0,0,0,2,0,0,0,2056,31082107,2018,0.11,3.97,2.75,0,29,31.5,31.8,29.7,24.1,27.3,132.3,108.7,26,25.9,346.9,361901,2009,0,0,0,0,0,0,0,60,-0.44,12182875,72475,0,3411.61,0,1200,400,720,240,4200,7500,8500,102,1.5,6000,0,0,0,0,0,30,0,30,35,50.9,0,0
2026-08-12T21:53:16.249000+09:00,2026-08-12T12:53:16.249000+00:00,094623,0.0,2,0,0,0,0,13376,0,13376,0,0,0,0,4623,-24512,10330,0,256,0,161,0,0,0,0,2,0,0,0,2056,31082107,2018,0.11,3.97,3.97,0,29,31.5,31.8,29.8,24.1,27.3,132.5,108.6,26,25.8,346.1,361901,2009,0,0,0,0,0,0,0,60,-0.44,12182875,72475,0,3411.61,0,1200,400,720,240,4200,7500,8500,102,1.5,6000,0,0,0,0,0,30,0,30,35,50.9,0,0
2026-08-12T21:54:16.332000+09:00,2026-08-12T12:54:16.332000+00:00,094623,-2.4,2,0,0,0,0,13376,0,13376,0,0,0,0,4623,-24512,10330,0,256,0,161,0,0,0,0,2,0,0,0,2056,31082107,2018,0.11,3.97,1.53,0,29,31.5,31.8,29.8,24.1,27.3,131.6,108.5,26,25.8,345.4,361901,2009,0,0,0,0,0,0,0,60,-0.43,12182875,72476,0,3411.61,0,1200,400,720,240,4200,7500,8500,102,1.5,6000,0,0,0,0,0,30,0,30,35,50.9,0,0
2026-08-12T21:55:16.433000+09:00,2026-08-12T12:55:16.433000+00:00,094623,-1.2,2,0,0,0,0,13376,0,13376,0,0,0,0,4623,-24512,10330,0,256,0,161,0,0,0,0,2,0,0,0,2056,31082107,2018,0.11,3.97,2.75,0,29,31.4,31.7,29.8,24.1,27.3,130.8,108.4,26,25.8,344.6,361901,2009,0,0,0,0,0,0,0,60,-0.44,12182875,72476,0,3411.61,0,1200,400,720,240,4200,7500,8500,102,1.5,6000,0,0,0,0,0,30,0,30,35,50.8,0,0
2026-08-12T21:56:16.518000+09:00,2026-08-12T12:56:16.518000+00:00,094623,-1.2,2,0,0,0,0,13376,0,13376,0,0,0,0,4623,-24512,10330,0,256,0,161,0,0,0,0,2,0,0,0,2056,31082107,2018,0.11,3.97,2.75,0,28.9,31.4,31.7,29.7,24.1,27.3,130.5,108.3,26,25.8,343.9,361901,2009,0,0,0,0,0,0,0,60,-0.44,12182875,72476,0,3411.61,0,1200,400,720,240,4200,7500,8500,102,1.5,6000,0,0,0,0,0,30,0,30,35,50.8,0,0
2026-08-12T21:57:16.620000+09:00,2026-08-12T12:57:16.620000+00:00,094623,-2.4,2,0,0,0,0,13376,0,13376,0,0,0,0,4623,-24512,10330,0,256,0,161,0,0,0,0,2,0,0,0,2056,31082107,2018,0.11,6.41,3.97,0,28.9,31.4,31.7,29.7,24,27.2,131.4,108.2,25.9,25.8,343.1,361901,2009,0,0,0,0,0,0,0,60,-0.43,12182875,72476,0,3411.61,0,1200,400,720,240,4200,7500,8500,102,1.5,6000,0,0,0,0,0,30,0,30,35,50.8,0,0
2026-08-12T21:58:16.772000+09:00,2026-08-12T12:58:16.772000+00:00,094623,0.0,2,0,0,0,0,13376,0,13376,0,0,0,0,4623,-24512,10330,0,256,0,161,0,0,0,0,2,0,0,0,2056,31082107,2018,0.11,3.97,3.97,0,28.9,31.4,31.7,29.7,24,27.2,131.1,108,25.9,25.8,342.3,361901,2009,0,0,0,0,0,0,0,60,-0.43,12182875,72476,0,3411.61,0,1200,400,720,240,4200,7500,8500,102,1.5,6000,0,0,0,0,0,30,0,30,35,50.7,0,0
2026-08-12T21:59:16.815000+09:00,2026-08-12T12:59:16.815000+00:00,094623,-2.4,2,0,0,0,0,13376,0,13376,0,0,0,0,4623,-24512,10330,0,256,0,161,0,0,0,0,2,0,0,0,2056,31082107,2018,0.11,3.97,1.53,0,28.9,31.4,31.6,29.7,24,27.2,131.3,107.9,25.9,25.8,341.5,361901,2009,0,0,0,0,0,0,0,60,-0.43,12182875,72476,0,3411.61,0,1200,400,720,240,4200,7500,8500,102,1.5,6000,0,0,0,0,0,30,0,30,35,50.7,0,0
2026-08-12T22:00:16.911000+09:00,2026-08-12T13:00:16.911000+00:00,094623,-3.7,2,0,0,0,0,13376,0,13376,0,0,0,0,4623,-24512,10330,0,256,0,161,0,0,0,0,2,0,0,0,2056,31082107,2018,0.11,5.19,1.53,0,28.9,31.4,31.6,29.8,24,27.2,130.5,107.8,25.9,25.8,340.8,361901,2009,0,0,0,0,0,0,0,60,-0.43,12182875,72476,0,3411.61,0,1200,400,720,240,4200,7500,8500,102,1.5,6000,0,0,0,0,0,30,0,30,35,50.7,0,0
2026-08-12T22:01:17.011000+09:00,2026-08-12T13:01:17.011000+00:00,094623,-2.4,2,0,0,0,0,13376,0,13376,0,0,0,0,4623,-24512,10330,0,256,0,161,0,0,0,0,2,0,0,0,2056,31082107,2018,0.11,6.41,3.97,0,28.8,31.4,31.6,29.8,24,27.2,129.9,107.6,25.9,25.7,340.1,361901,2009,0,0,0,0,0,0,0,60,-0.43,12182875,72476,0,3411.61,0,1200,400,720,240,4200,7500,8500,102,1.5,6000,0,0,0,0,0,30,0,30,35,50.7,0,0
2026-08-12T22:02:17.103000+09:00,2026-08-12T13:02:17.103000+00:00,094623,0.0,2,0,0,0,0,13376,0,13376,0,0,0,0,4623,-24512,10330,0,256,0,161,0,0,0,0,2,0,0,0,2056,31082107,2018,0.11,5.19,5.19,0,28.8,31.3,31.5,29.8,24,27.2,129.4,107.6,25.9,25.8,339.3,361901,2009,0,0,0,0,0,0,0,60,-0.43,12182875,72476,0,3411.61,0,1200,400,720,240,4200,7500,8500,102,1.5,6000,0,0,0,0,0,30,0,30,35,50.7,0,0
2026-08-12T22:03:17.204000+09:00,2026-08-12T13:03:17.204000+00:00,094623,-1.2,2,0,0,0,0,13376,0,13376,0,0,0,0,4623,-24512,10330,0,256,0,161,0,0,0,0,2,0,0,0,2056,31082107,2018,0.11,3.97,2.75,0,28.8,31.3,31.5,29.8,24,27.1,128.9,107.5,25.8,25.7,338.5,361901,2009,0,0,0,0,0,0,0,60,-0.43,12182875,72476,0,3411.61,0,1200,400,720,240,4200,7500,8500,102,1.5,6000,0,0,0,0,0,30,0,30,35,50.6,0,0
2026-08-12T22:04:17.307000+09:00,2026-08-12T13:04:17.307000+00:00,094623,-5.2,2,0,0,0,0,13376,0,13376,0,0,0,0,4623,-24512,10330,0,256,0,161,0,0,0,0,2,0,0,0,2056,31082107,2018,0.11,5.19,0,0,28.8,31.3,31.5,29.8,24,27.1,129,107.3,25.8,25.7,337.9,361901,2009,0,0,0,0,0,0,0,60,-0.42,12182875,72476,0,3411.61,0,1200,400,720,240,4200,7500,8500,102,1.5,6000,0,0,0,0,0,30,0,30,35,50.6,0,0
2026-08-12T22:05:17.394000+09:00,2026-08-12T13:05:17.394000+00:00,094623,1.2,2,0,0,0,0,13376,0,13376,0,0,0,0,4623,-24512,10330,0,256,0,161,0,0,0,0,2,0,0,0,2056,31082107,2018,0.11,5.19,6.41,0,28.8,31.2,31.4,29.7,24,27.1,129.4,107.2,25.8,25.7,337.1,361901,2009,0,0,0,0,0,0,0,60,-0.42,12182875,72476,0,3411.61,0,1200,400,720,240,4200,7500,8500,102,1.5,6000,0,0,0,0,0,30,0,30,35,50.6,0,0
2026-08-12T22:06:17.511000+09:00,2026-08-12T13:06:17.511000+00:00,094623,-3.7,2,0,0,0,0,13376,0,13376,0,0,0,0,4623,-24512,10330,0,256,0,161,0,0,0,0,2,0,0,0,2056,31082107,2018,0.11,6.41,2.75,0,28.8,31.2,31.4,29.7,24,27.1,129.5,107.1,25.8,25.7,336.4,361901,2009,0,0,0,0,0,0,0,60,-0.42,12182875,72476,0,3411.61,0,1200,400,720,240,4200,7500,8500,102,1.5,6000,0,0,0,0,0,30,0,30,35,50.6,0,0
2026-08-12T22:07:17.588000+09:00,2026-08-12T13:07:17.588000+00:00,094623,0.0,2,0,0,0,0,13376,0,13376,0,0,0,0,4623,-24512,10330,0,256,0,161,0,0,0,0,2,0,0,0,2056,31082107,2018,0.11,2.75,2.75,0,28.7,31.3,31.4,29.7,23.9,27.1,128.6,106.9,25.8,25.7,335.6,361901,2009,0,0,0,0,0,0,0,60,-0.42,12182875,72477,0,3411.61,0,1200,400,720,240,4200,7500,8500,102,1.5,6000,0,0,0,0,0,30,0,30,35,50.5,0,0
2026-08-12T22:08:17.678000+09:00,2026-08-12T13:08:17.678000+00:00,094623,0.0,2,0,0,0,0,13376,0,13376,0,0,0,0,4623,-24512,10330,0,256,0,161,0,0,0,0,2,0,0,0,2056,31082107,2018,0.11,3.97,3.97,0,28.7,31.2,31.4,29.7,23.9,27.1,127.7,106.8,25.8,25.6,334.9,361901,2009,0,0,0,0,0,0,0,60,-0.42,12182875,72477,0,3411.61,0,1200,400,720,240,4200,7500,8500,102,1.5,6000,0,0,0,0,0,30,0,30,35,50.5,0,0
2026-08-12T22:09:17.765000+09:00,2026-08-12T13:09:17.765000+00:00,094623,-2.4,2,0,0,0,0,13376,0,13376,0,0,0,0,4623,-24512,10330,0,256,0,161,0,0,0,0,2,0,0,0,2056,31082107,2018,0.11,6.41,3.97,0,28.7,31.2,31.3,29.7,23.9,27.1,127.5,106.7,25.7,25.6,334.2,361901,2009,0,0,0,0,0,0,0,60,-0.42,12182875,72477,0,3411.61,0,1200,400,720,240,4200,7500,8500,102,1.5,6000,0,0,0,0,0,30,0,30,35,50.5,0,0
2026-08-12T22:10:17.860000+09:00,2026-08-12T13:10:17.860000+00:00,094623,-4.9,2,0,0,0,0,13376,0,13376,0,0,0,0,4623,-24512,10330,0,256,0,161,0,0,0,0,2,0,0,0,2056,31082107,2018,0.11,7.63,2.75,0,28.7,31.1,31.3,29.7,23.9,27,128.6,106.6,25.7,25.6,333.4,361901,2009,0,0,0,0,0,0,0,60,-0.42,12182875,72477,0,3411.61,0,1200,400,720,240,4200,7500,8500,102,1.5,6000,0,0,0,0,0,30,0,30,35,50.4,0,0
2026-08-12T22:11:17.968000+09:00,2026-08-12T13:11:17.968000+00:00,094623,-3.7,2,0,0,0,0,13376,0,13376,0,0,0,0,4623,-24512,10330,0,256,0,161,0,0,0,0,2,0,0,0,2056,31082107,2018,0.11,6.41,2.75,0,28.6,31.1,31.3,29.7,23.9,27,128.2,106.5,25.7,25.6,332.7,361901,2009,0,0,0,0,0,0,0,60,-0.41,12182875,72477,0,3411.61,0,1200,400,720,240,4200,7500,8500,102,1.5,6000,0,0,0,0,0,30,0,30,35,50.4,0,0
2026-08-12T22:12:18.060000+09:00,2026-08-12T13:12:18.060000+00:00,094623,-1.2,2,0,0,0,0,13376,0,13376,0,0,0,0,4623,-24512,10330,0,256,0,161,0,0,0,0,2,0,0,0,2056,31082107,2018,0.11,5.19,3.97,0,28.6,31.1,31.2,29.7,23.8,27,128.2,106.3,25.7,25.6,332,361901,2009,0,0,0,0,0,0,0,60,-0.41,12182875,72477,0,3411.61,0,1200,400,720,240,4200,7500,8500,102,1.5,6000,0,0,0,0,0,30,0,30,35,50.4,0,0
2026-08-12T22:13:18.166000+09:00,2026-08-12T13:13:18.166000+00:00,094623,-3.7,2,0,0,0,0,13376,0,13376,0,0,0,0,4623,-24512,10330,0,256,0,161,0,0,0,0,2,0,0,0,2056,31082107,2018,0.11,7.63,3.97,0,28.6,31.1,31.2,29.6,23.8,27,127.9,106.2,25.7,25.6,331.3,361901,2009,0,0,0,0,0,0,0,60,-0.41,12182875,72477,0,3411.61,0,1200,400,720,240,4200,7500,8500,102,1.5,6000,0,0,0,0,0,30,0,30,35,50.4,0,0
2026-08-12T22:14:18.267000+09:00,2026-08-12T13:14:18.267000+00:00,094623,-1.2,2,0,0,0,0,13376,0,13376,0,0,0,0,4623,-24512,10330,0,256,0,161,0,0,0,0,2,0,0,0,2056,31082107,2018,0.11,2.75,1.53,0,28.6,31.1,31.2,29.6,23.8,27,127.7,105.9,25.6,25.6,330.6,361901,2009,0,0,0,0,0,0,0,60,-0.41,12182875,72477,0,3411.61,0,1200,400,720,240,4200,7500,8500,102,1.5,6000,0,0,0,0,0,30,0,30,35,50.3,0,0
2026-08-12T22:15:18.363000+09:00,2026-08-12T13:15:18.363000+00:00,094623,0.0,2,0,0,0,0,13376,0,13376,0,0,0,0,4623,-24512,10330,0,256,0,161,0,0,0,0,2,0,0,0,2056,31082107,2018,0.11,3.97,3.97,0,28.6,31.1,31.1,29.6,23.8,27,126.5,105.8,25.6,25.5,329.8,361901,2009,0,0,0,0,0,0,0,60,-0.41,12182875,72477,0,3411.61,0,1200,400,720,240,4200,7500,8500,102,1.5,6000,0,0,0,0,0,30,0,30,35,50.3,0,0
2026-08-12T22:16:18.457000+09:00,2026-08-12T13:16:18.457000+00:00,094623,-6.4,2,0,0,0,0,13376,0,13376,0,0,0,0,4623,-24512,10330,0,256,0,161,0,0,0,0,2,0,0,0,2056,31082107,2018,0.11,6.41,0,0,28.5,31,31.1,29.7,23.8,27,127,105.7,25.6,25.5,329.1,361901,2009,0,0,0,0,0,0,0,60,-0.41,12182875,72477,0,3411.61,0,1200,400,720,240,4200,7500,8500,102,1.5,6000,0,0,0,0,0,30,0,30,35,50.3,0,0
2026-08-12T22:17:18.553000+09:00,2026-08-12T13:17:18.553000+00:00,094623,0.0,2,0,0,0,0,13376,0,13376,0,0,0,0,4623,-24512,10330,0,256,0,161,0,0,0,0,2,0,0,0,2056,31082107,2018,0.11,3.97,3.97,0,28.5,31,31.1,29.6,23.8,26.9,126.2,105.6,25.6,25.5,328.4,361901,2009,0,0,0,0,0,0,0,60,-0.4,12182875,72477,0,3411.61,0,1200,400,720,240,4200,7500,8500,102,1.5,6000,0,0,0,0,0,30,0,30,35,50.2,0,0
2026-08-12T22:18:18.642000+09:00,2026-08-12T13:18:18.642000+00:00,094623,-2.4,2,0,0,0,0,13376,0,13376,0,0,0,0,4623,-24512,10330,0,256,0,161,0,0,0,0,2,0,0,0,2056,31082107,2018,0.11,6.41,3.97,0,28.5,31,31.1,29.7,23.8,26.9,125.6,105.5,25.6,25.5,327.7,361901,2009,0,0,0,0,0,0,0,60,-0.4,12182875,72477,0,3411.61,0,1200,400,720,240,4200,7500,8500,102,1.5,6000,0,0,0,0,0,30,0,30,35,50.2,0,0
2026-08-12T22:19:18.735000+09:00,2026-08-12T13:19:18.735000+00:00,094623,-6.4,2,0,0,0,0,13376,0,13376,0,0,0,0,4623,-24512,10330,0,256,0,161,0,0,0,0,2,0,0,0,2056,31082107,2018,0.11,6.41,0,0,28.5,30.9,31,29.7,23.8,26.9,125.6,105.5,25.6,25.5,327,361901,2009,0,0,0,0,0,0,0,60,-0.4,12182875,72477,0,3411.61,0,1200,400,720,240,4200,7500,8500,102,1.5,6000,0,0,0,0,0,30,0,30,35,50.2,0,0
2026-08-12T22:20:18.828000+09:00,2026-08-12T13:20:18.828000+00:00,094623,-1.2,2,0,0,0,0,13376,0,13376,0,0,0,0,4623,-24512,10330,0,256,0,161,0,0,0,0,2,0,0,0,2056,31082107,2018,0.11,3.97,2.75,0,28.5,30.9,31,29.7,23.7,26.9,126,105.4,25.5,25.4,326.3,361901,2009,0,0,0,0,0,0,0,60,-0.4,12182875,72477,0,3411.61,0,1200,400,720,240,4200,7500,8500,102,1.5,6000,0,0,0,0,0,30,0,30,35,50.2,0,0
2026-08-12T22:21:18.923000+09:00,2026-08-12T13:21:18.923000+00:00,094623,-1.2,2,0,0,0,0,13376,0,13376,0,0,0,0,4623,-24512,10330,0,256,0,161,0,0,0,0,2,0,0,0,2056,31082107,2018,0.11,5.19,3.97,0,28.5,30.9,31,29.7,23.7,26.9,125.2,105.3,25.5,25.4,325.6,361901,2009,0,0,0,0,0,0,0,60,-0.39,12182875,72477,0,3411.61,0,1200,400,720,240,4200,7500,8500,102,1.5,6000,0,0,0,0,0,30,0,30,35,50.1,0,0
2026-08-12T22:22:19+09:00,2026-08-12T13:22:19+00:00,094623,-3.7,2,0,0,0,0,13376,0,13376,0,0,0,0,4623,-24512,10330,0,256,0,161,0,0,0,0,2,0,0,0,2056,31082107,2018,0.11,7.63,3.97,0,28.4,30.9,30.9,29.7,23.7,26.9,124.7,105.1,25.5,25.4,324.9,361901,2009,0,0,0,0,0,0,0,60,-0.4,12182875,72478,0,3411.61,0,1200,400,720,240,4200,7500,8500,102,1.5,6000,0,0,0,0,0,30,0,30,35,50.1,0,0
2026-08-12T22:23:19.103000+09:00,2026-08-12T13:23:19.103000+00:00,094623,0.0,2,0,0,0,0,13376,0,13376,0,0,0,0,4623,-24512,10330,0,256,0,161,0,0,0,0,2,0,0,0,2056,31082107,2018,0.11,3.97,3.97,0,28.4,30.9,30.9,29.7,23.7,26.9,124.2,105.1,25.5,25.4,324.2,361901,2009,0,0,0,0,0,0,0,60,-0.4,12182875,72478,0,3411.61,0,1200,400,720,240,4200,7500,8500,102,1.5,6000,0,0,0,0,0,30,0,30,35,50.1,0,0
2026-08-12T22:24:19.194000+09:00,2026-08-12T13:24:19.194000+00:00,094623,-1.2,2,0,0,0,0,13376,0,13376,0,0,0,0,4623,-24512,10330,0,256,0,161,0,0,0,0,2,0,0,0,2056,31082107,2018,0.11,3.97,2.75,0,28.4,30.9,30.9,29.7,23.7,26.8,124.3,105,25.5,25.4,323.5,361901,2009,0,0,0,0,0,0,0,60,-0.39,12182875,72478,0,3411.61,0,1200,400,720,240,4200,7500,8500,102,1.5,6000,0,0,0,0,0,30,0,30,35,50,0,0
2026-08-12T22:25:19.288000+09:00,2026-08-12T13:25:19.288000+00:00,094623,-6.4,2,0,0,0,0,13376,0,13376,0,0,0,0,4623,-24512,10330,0,256,0,161,0,0,0,0,2,0,0,0,2056,31082107,2018,0.11,6.41,0,0,28.4,30.8,30.8,29.7,23.7,26.8,124,104.9,25.5,25.4,322.8,361901,2009,0,0,0,0,0,0,0,60,-0.4,12182875,72478,0,3411.61,0,1200,400,720,240,4200,7500,8500,102,1.5,6000,0,0,0,0,0,30,0,30,35,50,0,0
2026-08-12T22:26:19.369000+09:00,2026-08-12T13:26:19.369000+00:00,094623,-3.7,2,0,0,0,0,13376,0,13376,0,0,0,0,4623,-24512,10330,0,256,0,161,0,0,0,0,2,0,0,0,2056,31082107,2018,0.11,6.41,2.75,0,28.4,30.8,30.8,29.7,23.7,26.8,125,104.7,25.5,25.4,322.1,361901,2009,0,0,0,0,0,0,0,60,-0.4,12182875,72478,0,3411.61,0,1200,400,720,240,4200,7500,8500,102,1.5,6000,0,0,0,0,0,30,0,30,35,50,0,0
2026-08-12T22:27:19.458000+09:00,2026-08-12T13:27:19.458000+00:00,094623,-2.4,2,0,0,0,0,13376,0,13376,0,0,0,0,4623,-24512,10330,0,256,0,161,0,0,0,0,2,0,0,0,2056,31082107,2018,0.11,3.97,1.53,0,28.3,30.8,30.8,29.7,23.7,26.8,125.2,104.6,25.5,25.4,321.4,361901,2009,0,0,0,0,0,0,0,60,-0.39,12182875,72478,0,3411.61,0,1200,400,720,240,4200,7500,8500,102,1.5,6000,0,0,0,0,0,30,0,30,35,50,0,0
2026-08-12T22:28:19.557000+09:00,2026-08-12T13:28:19.557000+00:00,094623,-1.2,2,0,0,0,0,13376,0,13376,0,0,0,0,4623,-24512,10330,0,256,0,161,0,0,0,0,2,0,0,0,2056,31082107,2018,0.11,5.19,3.97,0,28.3,30.8,30.8,29.7,23.6,26.8,124.3,104.5,25.4,25.4,320.8,361901,2009,0,0,0,0,0,0,0,60,-0.39,12182875,72478,0,3411.61,0,1200,400,720,240,4200,7500,8500,102,1.5,6000,0,0,0,0,0,30,0,30,35,50,0,0
2026-08-12T22:29:19.646000+09:00,2026-08-12T13:29:19.646000+00:00,094623,0.0,2,0,0,0,0,13376,0,13376,0,0,0,0,4623,-24512,10330,0,256,0,161,0,0,0,0,2,0,0,0,2056,31082107,2018,0.11,3.97,3.97,0,28.3,30.7,30.8,29.6,23.6,26.8,124.2,104.5,25.4,25.3,320.1,361901,2009,0,0,0,0,0,0,0,60,-0.39,12182875,72478,0,3411.61,0,1200,400,720,240,4200,7500,8500,102,1.5,6000,0,0,0,0,0,30,0,30,35,49.9,0,0
2026-08-12T22:30:19.738000+09:00,2026-08-12T13:30:19.738000+00:00,094623,-2.4,2,0,0,0,0,13376,0,13376,0,0,0,0,4623,-24512,10330,0,256,0,161,0,0,0,0,2,0,0,0,2056,31082107,2018,0.11,5.19,2.75,0,28.3,30.8,30.7,29.6,23.6,26.7,123.4,104.3,25.4,25.3,319.4,361901,2009,0,0,0,0,0,0,0,60,-0.39,12182875,72478,0,3411.61,0,1200,400,720,240,4200,7500,8500,102,1.5,6000,0,0,0,0,0,30,0,30,35,49.9,0,0
2026-08-12T22:31:19.840000+09:00,2026-08-12T13:31:19.840000+00:00,094623,-5.2,2,0,0,0,0,13376,0,13376,0,0,0,0,4623,-24512,10330,0,256,0,161,0,0,0,0,2,0,0,0,2056,31082107,2018,0.11,5.19,0,0,28.2,30.7,30.7,29.7,23.6,26.7,123.3,104.2,25.4,25.3,318.7,361901,2009,0,0,0,0,0,0,0,60,-0.38,12182875,72478,0,3411.61,0,1200,400,720,240,4200,7500,8500,102,1.5,6000,0,0,0,0,0,30,0,30,35,49.9,0,0
2026-08-12T22:32:19.965000+09:00,2026-08-12T13:32:19.965000+00:00,094623,-2.4,2,0,0,0,0,13376,0,13376,0,0,0,0,4623,-24512,10330,0,256,0,161,0,0,0,0,2,0,0,0,2056,31082107,2018,0.11,6.41,3.97,0,28.2,30.7,30.6,29.6,23.6,26.7,123.6,104.1,25.4,25.3,318,361901,2009,0,0,0,0,0,0,0,60,-0.38,12182875,72478,0,3411.61,0,1200,400,720,240,4200,7500,8500,102,1.5,6000,0,0,0,0,0,30,0,30,35,49.8,0,0
2026-08-12T22:33:20.036000+09:00,2026-08-12T13:33:20.036000+00:00,094623,-2.4,2,0,0,0,0,13376,0,13376,0,0,0,0,4623,-24512,10330,0,256,0,161,0,0,0,0,2,0,0,0,2056,31082107,2018,0.11,3.97,1.53,0,28.2,30.7,30.6,29.6,23.5,26.7,123.2,104,25.3,25.3,317.4,361901,2009,0,0,0,0,0,0,0,60,-0.38,12182875,72478,0,3411.61,0,1200,400,720,240,4200,7500,8500,102,1.5,6000,0,0,0,0,0,30,0,30,35,49.8,0,0
2026-08-12T22:34:20.135000+09:00,2026-08-12T13:34:20.135000+00:00,094623,0.0,2,0,0,0,0,13376,0,13376,0,0,0,0,4623,-24512,10330,0,256,0,161,0,0,0,0,2,0,0,0,2056,31082107,2018,0.11,3.97,3.97,0,28.2,30.7,30.6,29.6,23.5,26.7,123.2,103.8,25.3,25.3,316.7,361901,2009,0,0,0,0,0,0,0,60,-0.38,12182875,72478,0,3411.61,0,1200,400,720,240,4200,7500,8500,102,1.5,6000,0,0,0,0,0,30,0,30,35,49.8,0,0
2026-08-12T22:35:20.219000+09:00,2026-08-12T13:35:20.219000+00:00,094623,-6.1,2,0,0,0,0,13376,0,13376,0,0,0,0,4623,-24512,10330,0,256,0,161,0,0,0,0,2,0,0,0,2056,31082107,2018,0.11,7.63,1.53,0,28.2,30.6,30.5,29.6,23.5,26.7,122.2,103.7,25.3,25.3,316,361901,2009,0,0,0,0,0,0,0,60,-0.38,12182875,72478,0,3411.61,0,1200,400,720,240,4200,7500,8500,102,1.5,6000,0,0,0,0,0,30,0,30,35,49.8,0,0
2026-08-12T22:36:20.313000+09:00,2026-08-12T13:36:20.313000+00:00,094623,-7.6,2,0,0,0,0,13376,0,13376,0,0,0,0,4623,-24512,10330,0,256,0,161,0,0,0,0,2,0,0,0,2056,31082107,2018,0.11,7.63,0,0,28.2,30.6,30.5,29.6,23.5,26.7,121.9,103.6,25.3,25.2,315.4,361901,2009,0,0,0,0,0,0,0,60,-0.38,12182875,72478,0,3411.61,0,1200,400,720,240,4200,7500,8500,102,1.5,6000,0,0,0,0,0,30,0,30,35,49.7,0,0
2026-08-12T22:37:20.515000+09:00,2026-08-12T13:37:20.515000+00:00,094623,0.0,2,0,0,0,0,13376,0,13376,0,0,0,0,4623,-24512,10330,0,256,0,161,0,0,0,0,2,0,0,0,2056,31082107,2018,0.11,2.75,2.75,0,28.1,30.5,30.5,29.7,23.5,26.6,122.3,103.5,25.3,25.2,314.7,361901,2009,0,0,0,0,0,0,0,60,-0.37,12182875,72478,0,3411.61,0,1200,400,720,240,4200,7500,8500,102,1.5,6000,0,0,0,0,0,30,0,30,35,49.7,0,0
2026-08-12T22:38:21.484000+09:00,2026-08-12T13:38:21.484000+00:00,094623,-6.1,2,0,0,0,0,13376,0,13376,0,0,0,0,4623,-24512,10330,0,256,0,161,0,0,0,0,2,0,0,0,2056,31082107,2018,0.11,7.63,1.53,0,28.1,30.5,30.5,29.7,23.5,26.6,121.7,103.4,25.2,25.2,314,361901,2009,0,0,0,0,0,0,0,60,-0.37,12182875,72479,0,3411.61,0,1200,400,720,240,4200,7500,8500,102,1.5,6000,0,0,0,0,0,30,0,30,35,49.7,0,0
2026-08-12T22:39:21.580000+09:00,2026-08-12T13:39:21.580000+00:00,094623,-1.2,2,0,0,0,0,13376,0,13376,0,0,0,0,4623,-24512,10330,0,256,0,161,0,0,0,0,2,0,0,0,2056,31082107,2018,0.11,3.97,2.75,0,28.1,30.5,30.4,29.6,23.5,26.6,121.8,103.3,25.2,25.2,313.4,361901,2009,0,0,0,0,0,0,0,60,-0.38,12182875,72479,0,3411.61,0,1200,400,720,240,4200,7500,8500,102,1.5,6000,0,0,0,0,0,30,0,30,35,49.6,0,0
2026-08-12T22:40:21.676000+09:00,2026-08-12T13:40:21.676000+00:00,094623,-2.4,2,0,0,0,0,13376,0,13376,0,0,0,0,4623,-24512,10330,0,256,0,161,0,0,0,0,2,0,0,0,2056,31082107,2018,0.11,6.41,3.97,0,28.1,30.5,30.4,29.7,23.5,26.6,121.8,103.3,25.2,25.2,312.7,361901,2009,0,0,0,0,0,0,0,60,-0.37,12182875,72479,0,3411.61,0,1200,400,720,240,4200,7500,8500,102,1.5,6000,0,0,0,0,0,30,0,30,35,49.6,0,0
2026-08-12T22:41:21.777000+09:00,2026-08-12T13:41:21.777000+00:00,094623,0.0,2,0,0,0,0,13376,0,13376,0,0,0,0,4623,-24512,10330,0,256,0,161,0,0,0,0,2,0,0,0,2056,31082107,2018,0.11,1.53,1.53,0,28.1,30.5,30.4,29.7,23.4,26.6,122,103.2,25.2,25.2,312,361901,2009,0,0,0,0,0,0,0,60,-0.37,12182875,72479,0,3411.61,0,1200,400,720,240,4200,7500,8500,102,1.5,6000,0,0,0,0,0,30,0,30,35,49.6,0,0
2026-08-12T22:42:21.862000+09:00,2026-08-12T13:42:21.862000+00:00,094623,-3.7,2,0,0,0,0,13376,0,13376,0,0,0,0,4623,-24512,10330,0,256,0,161,0,0,0,0,2,0,0,0,2056,31082107,2018,0.11,6.41,2.75,0,28.1,30.4,30.4,29.7,23.4,26.6,121,103.1,25.2,25.1,311.4,361901,2009,0,0,0,0,0,0,0,60,-0.37,12182875,72479,0,3411.61,0,1200,400,720,240,4200,7500,8500,102,1.5,6000,0,0,0,0,0,30,0,30,35,49.6,0,0
2026-08-12T22:43:21.966000+09:00,2026-08-12T13:43:21.966000+00:00,094623,-2.4,2,0,0,0,0,13376,0,13376,0,0,0,0,4623,-24512,10330,0,256,0,161,0,0,0,0,2,0,0,0,2056,31082107,2018,0.11,6.41,3.97,0,28,30.5,30.3,29.8,23.4,26.6,121,103.1,25.2,25.1,310.7,361901,2009,0,0,0,0,0,0,0,60,-0.37,12182875,72479,0,3411.61,0,1200,400,720,240,4200,7500,8500,102,1.5,6000,0,0,0,0,0,30,0,30,35,49.5,0,0
2026-08-12T22:44:22.058000+09:00,2026-08-12T13:44:22.058000+00:00,094623,-2.4,2,0,0,0,0,13376,0,13376,0,0,0,0,4623,-24512,10330,0,256,0,161,0,0,0,0,2,0,0,0,2056,31082107,2018,0.11,6.41,3.97,0,28,30.4,30.3,29.7,23.4,26.5,120.7,103,25.1,25.1,310,361901,2009,0,0,0,0,0,0,0,60,-0.37,12182875,72479,0,3411.61,0,1200,400,720,240,4200,7500,8500,102,1.5,6000,0,0,0,0,0,30,0,30,35,49.5,0,0
2026-08-12T22:45:22.147000+09:00,2026-08-12T13:45:22.147000+00:00,094623,-4.9,2,0,0,0,0,13376,0,13376,0,0,0,0,4623,-24512,10330,0,256,0,161,0,0,0,0,2,0,0,0,2056,31082107,2018,0.11,6.41,1.53,0,28,30.4,30.3,29.7,23.4,26.5,120.3,102.9,25.2,25.1,309.4,361901,2009,0,0,0,0,0,0,0,60,-0.36,12182875,72479,0,3411.61,0,1200,400,720,240,4200,7500,8500,102,1.5,6000,0,0,0,0,0,30,0,30,35,49.5,0,0
2026-08-12T22:46:22.238000+09:00,2026-08-12T13:46:22.238000+00:00,094623,-6.4,2,0,0,0,0,13376,0,13376,0,0,0,0,4623,-24512,10330,0,256,0,161,0,0,0,0,2,0,0,0,2056,31082107,2018,0.11,6.41,0,0,28,30.4,30.2,29.7,23.4,26.5,120,102.8,25.1,25.1,308.8,361901,2009,0,0,0,0,0,0,0,60,-0.37,12182875,72479,0,3411.61,0,1200,400,720,240,4200,7500,8500,102,1.5,6000,0,0,0,0,0,30,0,30,35,49.4,0,0
2026-08-12T22:47:22.337000+09:00,2026-08-12T13:47:22.337000+00:00,094623,-6.4,2,0,0,0,0,13376,0,13376,0,0,0,0,4623,-24512,10330,0,256,0,161,0,0,0,0,2,0,0,0,2056,31082107,2018,0.11,6.41,0,0,28,30.4,30.2,29.7,23.4,26.5,119.5,102.7,25.1,25.1,308.1,361901,2009,0,0,0,0,0,0,0,60,-0.36,12182875,72479,0,3411.61,0,1200,400,720,240,4200,7500,8500,102,1.5,6000,0,0,0,0,0,30,0,30,35,49.4,0,0
2026-08-12T22:48:22.516000+09:00,2026-08-12T13:48:22.516000+00:00,094623,-2.4,2,0,0,0,0,13376,0,13376,0,0,0,0,4623,-24512,10330,0,256,0,161,0,0,0,0,2,0,0,0,2056,31082107,2018,0.11,6.41,3.97,0,28,30.4,30.2,29.7,23.4,26.5,119.5,102.6,25.1,25.1,307.5,361901,2009,0,0,0,0,0,0,0,60,-0.36,12182875,72479,0,3411.61,0,1200,400,720,240,4200,7500,8500,102,1.5,6000,0,0,0,0,0,30,0,30,35,49.4,0,0
2026-08-12T22:49:22.539000+09:00,2026-08-12T13:49:22.539000+00:00,094623,-4.9,2,0,0,0,0,13376,0,13376,0,0,0,0,4623,-24512,10330,0,256,0,161,0,0,0,0,2,0,0,0,2056,31082107,2018,0.11,6.41,1.53,0,27.9,30.4,30.1,29.7,23.4,26.5,119.7,102.5,25.1,25.1,306.8,361901,2009,0,0,0,0,0,0,0,60,-0.36,12182875,72479,0,3411.61,0,1200,400,720,240,4200,7500,8500,102,1.5,6000,0,0,0,0,0,30,0,30,35,49.4,0,0
2026-08-12T22:50:22.632000+09:00,2026-08-12T13:50:22.632000+00:00,094623,-6.4,2,0,0,0,0,13376,0,13376,0,0,0,0,4623,-24512,10330,0,256,0,161,0,0,0,0,2,0,0,0,2056,31082107,2018,0.11,6.41,0,0,27.9,30.4,30.1,29.7,23.4,26.4,119.6,102.4,25.1,25,306.2,361901,2009,0,0,0,0,0,0,0,60,-0.36,12182875,72479,0,3411.61,0,1200,400,720,240,4200,7500,8500,102,1.5,6000,0,0,0,0,0,30,0,30,35,49.3,0,0
2026-08-12T22:51:22.731000+09:00,2026-08-12T13:51:22.731000+00:00,094623,-6.4,2,0,0,0,0,13376,0,13376,0,0,0,0,4623,-24512,10330,0,256,0,161,0,0,0,0,2,0,0,0,2056,31082107,2018,0.11,6.41,0,0,27.9,30.4,30.1,29.7,23.4,26.4,119.7,102.3,25.1,25,305.6,361901,2009,0,0,0,0,0,0,0,60,-0.36,12182875,72479,0,3411.61,0,1200,400,720,240,4200,7500,8500,102,1.5,6000,0,0,0,0,0,30,0,30,35,49.3,0,0
2026-08-12T22:52:22.817000+09:00,2026-08-12T13:52:22.817000+00:00,094623,-4.9,2,0,0,0,0,13376,0,13376,0,0,0,0,4623,-24512,10330,0,256,0,161,0,0,0,0,2,0,0,0,2056,31082107,2018,0.11,8.85,3.97,0,27.9,30.4,30.1,29.7,23.4,26.4,118.7,102.2,25,25,304.9,361901,2009,0,0,0,0,0,0,0,60,-0.36,12182875,72479,0,3411.61,0,1200,400,720,240,4200,7500,8500,102,1.5,6000,0,0,0,0,0,30,0,30,35,49.3,0,0
2026-08-12T22:53:22.906000+09:00,2026-08-12T13:53:22.906000+00:00,094623,-4.0,2,0,0,0,0,13376,0,13376,0,0,0,0,4623,-24512,10330,0,256,0,161,0,0,0,0,2,0,0,0,2056,31082107,2018,0.11,3.97,0,0,27.9,30.4,30,29.7,23.3,26.4,119.2,102.2,25,25,304.3,361901,2009,0,0,0,0,0,0,0,60,-0.36,12182875,72479,0,3411.61,0,1200,400,720,240,4200,7500,8500,102,1.5,6000,0,0,0,0,0,30,0,30,35,49.2,0,0
2026-08-12T22:54:22.985000+09:00,2026-08-12T13:54:22.985000+00:00,094623,-4.9,2,0,0,0,0,13376,0,13376,0,0,0,0,4623,-24512,10330,0,256,0,161,0,0,0,0,2,0,0,0,2056,31082107,2018,0.11,6.41,1.53,0,27.8,30.4,30,29.6,23.3,26.4,118,102,25,25,303.6,361901,2009,0,0,0,0,0,0,0,60,-0.35,12182875,72480,0,3411.61,0,1200,400,720,240,4200,7500,8500,102,1.5,6000,0,0,0,0,0,30,0,30,35,49.2,0,0
2026-08-12T22:55:23.081000+09:00,2026-08-12T13:55:23.081000+00:00,094623,-6.1,2,0,0,0,0,13376,0,13376,0,0,0,0,4623,-24512,10330,0,256,0,161,0,0,0,0,2,0,0,0,2056,31082107,2018,0.11,7.63,1.53,0,27.8,30.3,30,29.7,23.3,26.4,118.3,102,25,25,303,361901,2009,0,0,0,0,0,0,0,60,-0.36,12182875,72480,0,3411.61,0,1200,400,720,240,4200,7500,8500,102,1.5,6000,0,0,0,0,0,30,0,30,35,49.2,0,0
2026-08-12T22:56:23.172000+09:00,2026-08-12T13:56:23.172000+00:00,094623,-2.4,2,0,0,0,0,13376,0,13376,0,0,0,0,4623,-24512,10330,0,256,0,161,0,0,0,0,2,0,0,0,2056,31082107,2018,0.11,5.19,2.75,0,27.8,30.2,30,29.7,23.3,26.4,118.5,101.9,25,25,302.4,361901,2009,0,0,0,0,0,0,0,60,-0.35,12182875,72480,0,3411.61,0,1200,400,720,240,4200,7500,8500,102,1.5,6000,0,0,0,0,0,30,0,30,35,49.2,0,0
2026-08-12T22:57:23.320000+09:00,2026-08-12T13:57:23.320000+00:00,094623,-3.7,2,0,0,0,0,13376,0,13376,0,0,0,0,4623,-24512,10330,0,256,0,161,0,0,0,0,2,0,0,0,2056,31082107,2018,0.11,5.19,1.53,0,27.8,30.2,29.9,29.7,23.3,26.4,118.4,101.8,25,24.9,301.8,361901,2009,0,0,0,0,0,0,0,60,-0.35,12182875,72480,0,3411.61,0,1200,400,720,240,4200,7500,8500,102,1.5,6000,0,0,0,0,0,30,0,30,35,49.1,0,0
2026-08-12T22:58:23.361000+09:00,2026-08-12T13:58:23.361000+00:00,094623,-3.7,2,0,0,0,0,13376,0,13376,0,0,0,0,4623,-24512,10330,0,256,0,161,0,0,0,0,2,0,0,0,2056,31082107,2018,0.11,7.63,3.97,0,27.8,30.2,29.9,29.8,23.3,26.4,117.1,101.7,25,24.9,301.2,361901,2009,0,0,0,0,0,0,0,60,-0.35,12182875,72480,0,3411.61,0,1200,400,720,240,4200,7500,8500,102,1.5,6000,0,0,0,0,0,30,0,30,35,49.1,0,0
2026-08-12T22:59:23.461000+09:00,2026-08-12T13:59:23.461000+00:00,094623,-7.6,2,0,0,0,0,13376,0,13376,0,0,0,0,4623,-24512,10330,0,256,0,161,0,0,0,0,2,0,0,0,2056,31082107,2018,0.11,7.63,0,0,27.8,30.2,29.9,29.8,23.3,26.3,117,101.6,24.9,24.9,300.5,361901,2009,0,0,0,0,0,0,0,60,-0.35,12182875,72480,0,3411.61,0,1200,400,720,240,4200,7500,8500,102,1.5,6000,0,0,0,0,0,30,0,30,35,49.1,0,0
2026-08-12T23:00:23.565000+09:00,2026-08-12T14:00:23.565000+00:00,094623,-2.4,2,0,0,0,0,13376,0,13376,0,0,0,0,4623,-24512,10330,0,256,0,161,0,0,0,0,2,0,0,0,2056,31082107,2018,0.11,5.19,2.75,0,27.8,30.2,29.9,29.8,23.3,26.3,117,101.5,24.9,24.9,299.9,361901,2009,0,0,0,0,0,0,0,60,-0.35,12182875,72480,0,3411.61,0,1200,400,720,240,4200,7500,8500,102,1.5,6000,0,0,0,0,0,30,0,30,35,49.1,0,0
2026-08-12T23:01:23.659000+09:00,2026-08-12T14:01:23.659000+00:00,094623,-1.2,2,0,0,0,0,13376,0,13376,0,0,0,0,4623,-24512,10330,0,256,0,161,0,0,0,0,2,0,0,0,2056,31082107,2018,0.11,5.19,3.97,0,27.7,30.2,29.9,29.8,23.3,26.3,117,101.4,24.9,24.9,299.3,361901,2009,0,0,0,0,0,0,0,60,-0.35,12182875,72480,0,3411.61,0,1200,400,720,240,4200,7500,8500,102,1.5,6000,0,0,0,0,0,30,0,30,35,49,0,0
2026-08-12T23:02:23.755000+09:00,2026-08-12T14:02:23.755000+00:00,094623,-4.9,2,0,0,0,0,13376,0,13376,0,0,0,0,4623,-24512,10330,0,256,0,161,0,0,0,0,2,0,0,0,2056,31082107,2018,0.11,7.63,2.75,0,27.7,30.2,29.8,29.8,23.3,26.3,116.9,101.3,24.9,24.9,298.7,361901,2009,0,0,0,0,0,0,0,60,-0.35,12182875,72480,0,3411.61,0,1200,400,720,240,4200,7500,8500,102,1.5,6000,0,0,0,0,0,30,0,30,35,49,0,0
2026-08-12T23:03:23.837000+09:00,2026-08-12T14:03:23.837000+00:00,094623,-2.4,2,0,0,0,0,13376,0,13376,0,0,0,0,4623,-24512,10330,0,256,0,161,0,0,0,0,2,0,0,0,2056,31082107,2018,0.11,6.41,3.97,0,27.7,30.2,29.8,29.8,23.3,26.3,116.5,101.2,24.9,24.9,298,361901,2009,0,0,0,0,0,0,0,60,-0.34,12182875,72480,0,3411.61,0,1200,400,720,240,4200,7500,8500,102,1.5,6000,0,0,0,0,0,30,0,30,35,49,0,0
2026-08-12T23:04:23.936000+09:00,2026-08-12T14:04:23.936000+00:00,094623,-1.2,2,0,0,0,0,13376,0,13376,0,0,0,0,4623,-24512,10330,0,256,0,161,0,0,0,0,2,0,0,0,2056,31082107,2018,0.11,6.41,5.19,0,27.7,30.1,29.8,29.8,23.3,26.3,116.5,101.3,24.9,24.9,297.5,361901,2009,0,0,0,0,0,0,0,60,-0.35,12182875,72480,0,3411.61,0,1200,400,720,240,4200,7500,8500,102,1.5,6000,0,0,0,0,0,30,0,30,35,49,0,0
2026-08-12T23:05:23.996000+09:00,2026-08-12T14:05:23.996000+00:00,094623,-6.1,2,0,0,0,0,13376,0,13376,0,0,0,0,4623,-24512,10330,0,256,0,161,0,0,0,0,2,0,0,0,2056,31082107,2018,0.11,7.63,1.53,0,27.7,30.1,29.8,29.7,23.2,26.2,116,101.1,24.9,24.9,296.8,361901,2009,0,0,0,0,0,0,0,60,-0.34,12182875,72480,0,3411.61,0,1200,400,720,240,4200,7500,8500,102,1.5,6000,0,0,0,0,0,30,0,30,35,48.9,0,0
2026-08-12T23:06:24.082000+09:00,2026-08-12T14:06:24.082000+00:00,094623,-2.4,2,0,0,0,0,13376,0,13376,0,0,0,0,4623,-24512,10330,0,256,0,161,0,0,0,0,2,0,0,0,2056,31082107,2018,0.11,6.41,3.97,0,27.7,30.1,29.8,29.7,23.2,26.2,116,101,24.9,24.9,296.2,361901,2009,0,0,0,0,0,0,0,60,-0.34,12182875,72480,0,3411.61,0,1200,400,720,240,4200,7500,8500,102,1.5,6000,0,0,0,0,0,30,0,30,35,49,0,0
2026-08-12T23:07:24.218000+09:00,2026-08-12T14:07:24.218000+00:00,094623,-1.2,2,0,0,0,0,13376,0,13376,0,0,0,0,4623,-24512,10330,0,256,0,161,0,0,0,0,2,0,0,0,2056,31082107,2018,0.11,5.19,3.97,0,27.6,30.1,29.7,29.7,23.2,26.2,116,100.9,24.9,24.8,295.7,361901,2009,0,0,0,0,0,0,0,60,-0.34,12182875,72480,0,3411.61,0,1200,400,720,240,4200,7500,8500,102,1.5,6000,0,0,0,0,0,30,0,30,35,48.9,0,0
2026-08-12T23:08:24.259000+09:00,2026-08-12T14:08:24.259000+00:00,094623,-6.4,2,0,0,0,0,13376,0,13376,0,0,0,0,4623,-24512,10330,0,256,0,161,0,0,0,0,2,0,0,0,2056,31082107,2018,0.11,6.41,0,0,27.6,30.1,29.7,29.8,23.2,26.2,116.2,100.9,24.9,24.8,295,361901,2009,0,0,0,0,0,0,0,60,-0.34,12182875,72480,0,3411.61,0,1200,400,720,240,4200,7500,8500,102,1.5,6000,0,0,0,0,0,30,0,30,35,48.9,0,0
2026-08-12T23:09:24.388000+09:00,2026-08-12T14:09:24.388000+00:00,094623,-3.7,2,0,0,0,0,13376,0,13376,0,0,0,0,4623,-24512,10330,0,256,0,161,0,0,0,0,2,0,0,0,2056,31082107,2018,0.11,5.19,1.53,0,27.6,30.1,29.7,29.7,23.2,26.2,115.4,100.8,24.8,24.8,294.4,361901,2009,0,0,0,0,0,0,0,60,-0.34,12182875,72480,0,3411.61,0,1200,400,720,240,4200,7500,8500,102,1.5,6000,0,0,0,0,0,30,0,30,35,48.8,0,0
2026-08-12T23:10:24.487000+09:00,2026-08-12T14:10:24.487000+00:00,094623,-4.9,2,0,0,0,0,13376,0,13376,0,0,0,0,4623,-24512,10330,0,256,0,161,0,0,0,0,2,0,0,0,2056,31082107,2018,0.11,6.41,1.53,0,27.6,30.1,29.6,29.7,23.2,26.2,115.2,100.7,24.8,24.8,293.8,361901,2009,0,0,0,0,0,0,0,60,-0.34,12182875,72480,0,3411.61,0,1200,400,720,240,4200,7500,8500,102,1.5,6000,0,0,0,0,0,30,0,30,35,48.8,0,0
2026-08-12T23:11:24.570000+09:00,2026-08-12T14:11:24.570000+00:00,094623,-3.7,2,0,0,0,0,13376,0,13376,0,0,0,0,4623,-24512,10330,0,256,0,161,0,0,0,0,2,0,0,0,2056,31082107,2018,0.11,7.63,3.97,0,27.6,30,29.6,29.7,23.2,26.2,115.8,100.7,24.8,24.8,293.2,361901,2009,0,0,0,0,0,0,0,60,-0.34,12182875,72481,0,3411.61,0,1200,400,720,240,4200,7500,8500,102,1.5,6000,0,0,0,0,0,30,0,30,35,48.8,0,0
2026-08-12T23:12:24.656000+09:00,2026-08-12T14:12:24.656000+00:00,094623,-2.4,2,0,0,0,0,13376,0,13376,0,0,0,0,4623,-24512,10330,0,256,0,161,0,0,0,0,2,0,0,0,2056,31082107,2018,0.11,3.97,1.53,0,27.5,30,29.6,29.7,23.1,26.2,115.5,100.6,24.8,24.8,292.6,361901,2009,0,0,0,0,0,0,0,60,-0.34,12182875,72481,0,3411.61,0,1200,400,720,240,4200,7500,8500,102,1.5,6000,0,0,0,0,0,30,0,30,35,48.7,0,0
2026-08-12T23:13:24.758000+09:00,2026-08-12T14:13:24.758000+00:00,094623,-4.9,2,0,0,0,0,13376,0,13376,0,0,0,0,4623,-24512,10330,0,256,0,161,0,0,0,0,2,0,0,0,2056,31082107,2018,0.11,6.41,1.53,0,27.5,30,29.6,29.7,23.1,26.1,114.9,100.5,24.8,24.8,292,361901,2009,0,0,0,0,0,0,0,60,-0.33,12182875,72481,0,3411.61,0,1200,400,720,240,4200,7500,8500,102,1.5,6000,0,0,0,0,0,30,0,30,35,48.7,0,0
2026-08-12T23:14:24.851000+09:00,2026-08-12T14:14:24.851000+00:00,094623,-6.4,2,0,0,0,0,13376,0,13376,0,0,0,0,4623,-24512,10330,0,256,0,161,0,0,0,0,2,0,0,0,2056,31082107,2018,0.11,6.41,0,0,27.5,30,29.6,29.7,23.1,26.1,114.5,100.4,24.8,24.8,291.4,361901,2009,0,0,0,0,0,0,0,60,-0.34,12182875,72481,0,3411.61,0,1200,400,720,240,4200,7500,8500,102,1.5,6000,0,0,0,0,0,30,0,30,35,48.7,0,0
2026-08-12T23:15:24.972000+09:00,2026-08-12T14:15:24.972000+00:00,094623,-2.4,2,0,0,0,0,13376,0,13376,0,0,0,0,4623,-24512,10330,0,256,0,161,0,0,0,0,2,0,0,0,2056,31082107,2018,0.11,3.97,1.53,0,27.5,30,29.5,29.7,23.1,26.1,114.3,100.4,24.8,24.7,290.8,361901,2009,0,0,0,0,0,0,0,60,-0.34,12182875,72481,0,3411.61,0,1200,400,720,240,4200,7500,8500,102,1.5,6000,0,0,0,0,0,30,0,30,35,48.7,0,0
2026-08-12T23:16:25.052000+09:00,2026-08-12T14:16:25.052000+00:00,094623,-4.9,2,0,0,0,0,13376,0,13376,0,0,0,0,4623,-24512,10330,0,256,0,161,0,0,0,0,2,0,0,0,2056,31082107,2018,0.11,6.41,1.53,0,27.5,29.9,29.5,29.6,23.1,26.1,113.9,100.3,24.8,24.8,290.2,361901,2009,0,0,0,0,0,0,0,60,-0.33,12182875,72481,0,3411.61,0,1200,400,720,240,4200,7500,8500,102,1.5,6000,0,0,0,0,0,30,0,30,35,48.7,0,0
2026-08-12T23:17:25.151000+09:00,2026-08-12T14:17:25.151000+00:00,094623,-6.4,2,0,0,0,0,13376,0,13376,0,0,0,0,4623,-24512,10330,0,256,0,161,0,0,0,0,2,0,0,0,2056,31082107,2018,0.11,6.41,0,0,27.5,30,29.5,29.6,23.1,26.1,114,100.1,24.7,24.7,289.6,361901,2009,0,0,0,0,0,0,0,60,-0.33,12182875,72481,0,3411.61,0,1200,400,720,240,4200,7500,8500,102,1.5,6000,0,0,0,0,0,30,0,30,35,48.6,0,0
2026-08-12T23:18:25.235000+09:00,2026-08-12T14:18:25.235000+00:00,094623,-3.7,2,0,0,0,0,13376,0,13376,0,0,0,0,4623,-24512,10330,0,256,0,161,0,0,0,0,2,0,0,0,2056,31082107,2018,0.11,6.41,2.75,0,27.5,29.9,29.4,29.6,23.1,26.1,113.3,100.1,24.7,24.7,289,361901,2009,0,0,0,0,0,0,0,60,-0.33,12182875,72481,0,3411.61,0,1200,400,720,240,4200,7500,8500,102,1.5,6000,0,0,0,0,0,30,0,30,35,48.6,0,0
2026-08-12T23:19:25.315000+09:00,2026-08-12T14:19:25.315000+00:00,094623,-6.1,2,0,0,0,0,13376,0,13376,0,0,0,0,4623,-24512,10330,0,256,0,161,0,0,0,0,2,0,0,0,2056,31082107,2018,0.11,7.63,1.53,0,27.4,29.9,29.4,29.6,23.1,26.1,113.1,100,24.7,24.7,288.4,361901,2009,0,0,0,0,0,0,0,60,-0.33,12182875,72481,0,3411.61,0,1200,400,720,240,4200,7500,8500,102,1.5,6000,0,0,0,0,0,30,0,30,35,48.6,0,0
2026-08-12T23:20:25.450000+09:00,2026-08-12T14:20:25.450000+00:00,094623,-6.1,2,0,0,0,0,13376,0,13376,0,0,0,0,4623,-24512,10330,0,256,0,161,0,0,0,0,2,0,0,0,2056,31082107,2018,0.11,7.63,1.53,0,27.4,29.9,29.4,29.6,23,26.1,112.7,99.9,24.7,24.7,287.8,361901,2009,0,0,0,0,0,0,0,60,-0.33,12182875,72481,0,3411.61,0,1200,400,720,240,4200,7500,8500,102,1.5,6000,0,0,0,0,0,30,0,30,35,48.5,0,0
2026-08-12T23:21:25.535000+09:00,2026-08-12T14:21:25.535000+00:00,094623,-3.7,2,0,0,0,0,13376,0,13376,0,0,0,0,4623,-24512,10330,0,256,0,161,0,0,0,0,2,0,0,0,2056,31082107,2018,0.11,6.41,2.75,0,27.4,29.8,29.4,29.7,23,26,114.2,99.8,24.7,24.7,287.3,361901,2009,0,0,0,0,0,0,0,60,-0.33,12182875,72481,0,3411.61,0,1200,400,720,240,4200,7500,8500,102,1.5,6000,0,0,0,0,0,30,0,30,35,48.5,0,0
2026-08-12T23:22:25.620000+09:00,2026-08-12T14:22:25.620000+00:00,094623,-3.7,2,0,0,0,0,13376,0,13376,0,0,0,0,4623,-24512,10330,0,256,0,161,0,0,0,0,2,0,0,0,2056,31082107,2018,0.11,5.19,1.53,0,27.4,29.9,29.3,29.8,23,26,114.2,99.8,24.7,24.7,286.7,361901,2009,0,0,0,0,0,0,0,60,-0.33,12182875,72481,0,3411.61,0,1200,400,720,240,4200,7500,8500,102,1.5,6000,0,0,0,0,0,30,0,30,35,48.5,0,0
2026-08-12T23:23:25.706000+09:00,2026-08-12T14:23:25.706000+00:00,094623,-6.1,2,0,0,0,0,13376,0,13376,0,0,0,0,4623,-24512,10330,0,256,0,161,0,0,0,0,2,0,0,0,2056,31082107,2018,0.11,7.63,1.53,0,27.4,29.8,29.3,29.7,23,26,112.8,99.7,24.7,24.7,286.1,361901,2009,0,0,0,0,0,0,0,60,-0.33,12182875,72481,0,3411.61,0,1200,400,720,240,4200,7500,8500,102,1.5,6000,0,0,0,0,0,30,0,30,35,48.5,0,0
2026-08-12T23:24:25.818000+09:00,2026-08-12T14:24:25.818000+00:00,094623,-6.1,2,0,0,0,0,13376,0,13376,0,0,0,0,4623,-24512,10330,0,256,0,161,0,0,0,0,2,0,0,0,2056,31082107,2018,0.11,7.63,1.53,0,27.4,29.8,29.3,29.7,23,26,113.8,99.6,24.7,24.7,285.5,361901,2009,0,0,0,0,0,0,0,60,-0.33,12182875,72481,0,3411.61,0,1200,400,720,240,4200,7500,8500,102,1.5,6000,0,0,0,0,0,30,0,30,35,48.4,0,0
2026-08-12T23:25:25.902000+09:00,2026-08-12T14:25:25.902000+00:00,094623,-4.9,2,0,0,0,0,13376,0,13376,0,0,0,0,4623,-24512,10330,0,256,0,161,0,0,0,0,2,0,0,0,2056,31082107,2018,0.11,7.63,2.75,0,27.4,29.8,29.3,29.8,23,26,112.9,99.4,24.6,24.6,284.9,361901,2009,0,0,0,0,0,0,0,60,-0.33,12182875,72481,0,3411.61,0,1200,400,720,240,4200,7500,8500,102,1.5,6000,0,0,0,0,0,30,0,30,35,48.4,0,0
2026-08-12T23:26:25.986000+09:00,2026-08-12T14:26:25.986000+00:00,094623,-4.9,2,0,0,0,0,13376,0,13376,0,0,0,0,4623,-24512,10330,0,256,0,161,0,0,0,0,2,0,0,0,2056,31082107,2018,0.11,6.41,1.53,0,27.3,29.8,29.3,29.7,23,26,112.7,99.3,24.6,24.6,284.3,361901,2009,0,0,0,0,0,0,0,60,-0.32,12182875,72481,0,3411.61,0,1200,400,720,240,4200,7500,8500,102,1.5,6000,0,0,0,0,0,30,0,30,35,48.4,0,0
2026-08-12T23:27:26.092000+09:00,2026-08-12T14:27:26.092000+00:00,094623,-2.4,2,0,0,0,0,13376,0,13376,0,0,0,0,4623,-24512,10330,0,256,0,161,0,0,0,0,2,0,0,0,2056,31082107,2018,0.11,5.19,2.75,0,27.3,29.8,29.2,29.7,23,26,113,99.2,24.6,24.6,283.8,361901,2009,0,0,0,0,0,0,0,60,-0.32,12182875,72481,0,3411.61,0,1200,400,720,240,4200,7500,8500,102,1.5,6000,0,0,0,0,0,30,0,30,35,48.3,0,0
2026-08-12T23:28:26.177000+09:00,2026-08-12T14:28:26.177000+00:00,094623,-3.7,2,0,0,0,0,13376,0,13376,0,0,0,0,4623,-24512,10330,0,256,0,161,0,0,0,0,2,0,0,0,2056,31082107,2018,0.11,6.41,2.75,0,27.3,29.8,29.2,29.7,23,26,112.8,99.2,24.6,24.6,283.2,361901,2009,0,0,0,0,0,0,0,60,-0.32,12182875,72481,0,3411.61,0,1200,400,720,240,4200,7500,8500,102,1.5,6000,0,0,0,0,0,30,0,30,35,48.3,0,0
2026-08-12T23:29:26.277000+09:00,2026-08-12T14:29:26.277000+00:00,094623,-6.4,2,0,0,0,0,13376,0,13376,0,0,0,0,4623,-24512,10330,0,256,0,161,0,0,0,0,2,0,0,0,2056,31082107,2018,0.11,6.41,0,0,27.3,29.8,29.2,29.7,23,25.9,112.7,99.1,24.6,24.6,282.6,361901,2009,0,0,0,0,0,0,0,60,-0.32,12182875,72482,0,3411.61,0,1200,400,720,240,4200,7500,8500,102,1.5,6000,0,0,0,0,0,30,0,30,35,48.3,0,0
2026-08-12T23:30:26.351000+09:00,2026-08-12T14:30:26.351000+00:00,094623,-7.6,2,0,0,0,0,13376,0,13376,0,0,0,0,4623,-24512,10330,0,256,0,161,0,0,0,0,2,0,0,0,2056,31082107,2018,0.11,7.63,0,0,27.3,29.7,29.2,29.7,22.9,25.9,112.3,99,24.6,24.6,282,361901,2009,0,0,0,0,0,0,0,60,-0.32,12182875,72482,0,3411.61,0,1200,400,720,240,4200,7500,8500,102,1.5,6000,0,0,0,0,0,30,0,30,35,48.2,0,0
2026-08-12T23:31:26.450000+09:00,2026-08-12T14:31:26.450000+00:00,094623,-4.9,2,0,0,0,0,13376,0,13376,0,0,0,0,4623,-24512,10330,0,256,0,161,0,0,0,0,2,0,0,0,2056,31082107,2018,0.11,7.63,2.75,0,27.3,29.7,29.2,29.6,22.9,25.9,112.1,98.9,24.6,24.6,281.5,361901,2009,0,0,0,0,0,0,0,60,-0.32,12182875,72482,0,3411.61,0,1200,400,720,240,4200,7500,8500,102,1.5,6000,0,0,0,0,0,30,0,30,35,48.2,0,0
2026-08-12T23:32:26.531000+09:00,2026-08-12T14:32:26.531000+00:00,094623,-4.9,2,0,0,0,0,13376,0,13376,0,0,0,0,4623,-24512,10330,0,256,0,161,0,0,0,0,2,0,0,0,2056,31082107,2018,0.11,7.63,2.75,0,27.2,29.7,29.1,29.6,22.9,25.9,111.9,98.8,24.6,24.6,280.9,361901,2009,0,0,0,0,0,0,0,60,-0.32,12182875,72482,0,3411.61,0,1200,400,720,240,4200,7500,8500,102,1.5,6000,0,0,0,0,0,30,0,30,35,48.2,0,0
2026-08-12T23:33:26.624000+09:00,2026-08-12T14:33:26.624000+00:00,094623,-7.6,2,0,0,0,0,13376,0,13376,0,0,0,0,4623,-24512,10330,0,256,0,161,0,0,0,0,2,0,0,0,2056,31082107,2018,0.11,7.63,0,0,27.2,29.7,29.1,29.6,22.9,25.9,112.1,98.7,24.5,24.6,280.4,361901,2009,0,0,0,0,0,0,0,60,-0.32,12182875,72482,0,3411.61,0,1200,400,720,240,4200,7500,8500,102,1.5,6000,0,0,0,0,0,30,0,30,35,48.1,0,0
2026-08-12T23:34:26.717000+09:00,2026-08-12T14:34:26.717000+00:00,094623,-1.2,2,0,0,0,0,13376,0,13376,0,0,0,0,4623,-24512,10330,0,256,0,161,0,0,0,0,2,0,0,0,2056,31082107,2018,0.11,5.19,3.97,0,27.2,29.7,29.1,29.6,22.9,25.8,111.2,98.7,24.5,24.5,279.8,361901,2009,0,0,0,0,0,0,0,60,-0.32,12182875,72482,0,3411.61,0,1200,400,720,240,4200,7500,8500,102,1.5,6000,0,0,0,0,0,30,0,30,35,48.1,0,0
2026-08-12T23:35:26.817000+09:00,2026-08-12T14:35:26.817000+00:00,094623,-4.9,2,0,0,0,0,13376,0,13376,0,0,0,0,4623,-24512,10330,0,256,0,161,0,0,0,0,2,0,0,0,2056,31082107,2018,0.11,6.41,1.53,0,27.2,29.7,29.1,29.6,22.9,25.8,110.8,98.7,24.5,24.5,279.3,361901,2009,0,0,0,0,0,0,0,60,-0.31,12182875,72482,0,3411.61,0,1200,400,720,240,4200,7500,8500,102,1.5,6000,0,0,0,0,0,30,0,30,35,48.1,0,0
2026-08-12T23:36:26.916000+09:00,2026-08-12T14:36:26.916000+00:00,094623,-6.1,2,0,0,0,0,13376,0,13376,0,0,0,0,4623,-24512,10330,0,256,0,161,0,0,0,0,2,0,0,0,2056,31082107,2018,0.11,8.85,2.75,0,27.2,29.7,29.1,29.6,22.9,25.8,110.8,98.6,24.5,24.5,278.7,361901,2009,0,0,0,0,0,0,0,60,-0.31,12182875,72482,0,3411.61,0,1200,400,720,240,4200,7500,8500,102,1.5,6000,0,0,0,0,0,30,0,30,35,48.1,0,0
2026-08-12T23:37:27.003000+09:00,2026-08-12T14:37:27.003000+00:00,094623,-4.9,2,0,0,0,0,13376,0,13376,0,0,0,0,4623,-24512,10330,0,256,0,161,0,0,0,0,2,0,0,0,2056,31082107,2018,0.11,7.63,2.75,0,27.2,29.7,29,29.6,22.9,25.8,110.9,98.5,24.5,24.5,278.2,361901,2009,0,0,0,0,0,0,0,60,-0.31,12182875,72482,0,3411.61,0,1200,400,720,240,4200,7500,8500,102,1.5,6000,0,0,0,0,0,30,0,30,35,48.1,0,0
2026-08-12T23:38:27.113000+09:00,2026-08-12T14:38:27.113000+00:00,094623,-1.2,2,0,0,0,0,13376,0,13376,0,0,0,0,4623,-24512,10330,0,256,0,161,0,0,0,0,2,0,0,0,2056,31082107,2018,0.11,5.19,3.97,0,27.1,29.6,29,29.6,22.8,25.8,110.5,98.4,24.4,24.5,277.6,361901,2009,0,0,0,0,0,0,0,60,-0.31,12182875,72482,0,3411.61,0,1200,400,720,240,4200,7500,8500,102,1.5,6000,0,0,0,0,0,30,0,30,35,48,0,0
2026-08-12T23:39:27.200000+09:00,2026-08-12T14:39:27.200000+00:00,094623,-4.9,2,0,0,0,0,13376,0,13376,0,0,0,0,4623,-24512,10330,0,256,0,161,0,0,0,0,2,0,0,0,2056,31082107,2018,0.11,8.85,3.97,0,27.1,29.6,29,29.6,22.8,25.8,109.6,98.3,24.4,24.5,277,361901,2009,0,0,0,0,0,0,0,60,-0.31,12182875,72482,0,3411.61,0,1200,400,720,240,4200,7500,8500,102,1.5,6000,0,0,0,0,0,30,0,30,35,48,0,0
2026-08-12T23:40:27.303000+09:00,2026-08-12T14:40:27.303000+00:00,094623,-4.9,2,0,0,0,0,13376,0,13376,0,0,0,0,4623,-24512,10330,0,256,0,161,0,0,0,0,2,0,0,0,2056,31082107,2018,0.11,7.63,2.75,0,27.1,29.6,29,29.6,22.8,25.8,110.2,98.3,24.4,24.5,276.4,361901,2009,0,0,0,0,0,0,0,60,-0.31,12182875,72482,0,3411.61,0,1200,400,720,240,4200,7500,8500,102,1.5,6000,0,0,0,0,0,30,0,30,35,47.9,0,0
2026-08-12T23:41:27.394000+09:00,2026-08-12T14:41:27.394000+00:00,094623,-6.4,2,0,0,0,0,13376,0,13376,0,0,0,0,4623,-24512,10330,0,256,0,161,0,0,0,0,2,0,0,0,2056,31082107,2018,0.11,6.41,0,0,27.1,29.6,28.9,29.6,22.8,25.8,110.6,98.2,24.4,24.4,275.9,361901,2009,0,0,0,0,0,0,0,60,-0.31,12182875,72482,0,3411.61,0,1200,400,720,240,4200,7500,8500,102,1.5,6000,0,0,0,0,0,30,0,30,35,47.9,0,0
2026-08-12T23:42:27.470000+09:00,2026-08-12T14:42:27.470000+00:00,094623,-8.8,2,0,0,0,0,13376,0,13376,0,0,0,0,4623,-24512,10330,0,256,0,161,0,0,0,0,2,0,0,0,2056,31082107,2018,0.11,8.85,0,0,27.1,29.6,28.9,29.6,22.8,25.8,109.9,98.2,24.4,24.5,275.3,361901,2009,0,0,0,0,0,0,0,60,-0.31,12182875,72482,0,3411.61,0,1200,400,720,240,4200,7500,8500,102,1.5,6000,0,0,0,0,0,30,0,30,35,47.9,0,0
2026-08-12T23:43:27.565000+09:00,2026-08-12T14:43:27.565000+00:00,094623,-3.7,2,0,0,0,0,13376,0,13376,0,0,0,0,4623,-24512,10330,0,256,0,161,0,0,0,0,2,0,0,0,2056,31082107,2018,0.11,6.41,2.75,0,27.1,29.6,28.9,29.6,22.8,25.7,109.9,98.1,24.4,24.4,274.7,361901,2009,0,0,0,0,0,0,0,60,-0.31,12182875,72482,0,3411.61,0,1200,400,720,240,4200,7500,8500,102,1.5,6000,0,0,0,0,0,30,0,30,35,47.9,0,0
2026-08-12T23:44:27.642000+09:00,2026-08-12T14:44:27.642000+00:00,094623,-4.9,2,0,0,0,0,13376,0,13376,0,0,0,0,4623,-24512,10330,0,256,0,161,0,0,0,0,2,0,0,0,2056,31082107,2018,0.11,7.63,2.75,0,27.1,29.6,28.9,29.5,22.8,25.7,110,97.9,24.4,24.4,274.2,361901,2009,0,0,0,0,0,0,0,60,-0.31,12182875,72482,0,3411.61,0,1200,400,720,240,4200,7500,8500,102,1.5,6000,0,0,0,0,0,30,0,30,35,47.9,0,0
2026-08-12T23:45:27.736000+09:00,2026-08-12T14:45:27.736000+00:00,094623,-2.4,2,0,0,0,0,13376,0,13376,0,0,0,0,4623,-24512,10330,0,256,0,161,0,0,0,0,2,0,0,0,2056,31082107,2018,0.11,6.41,3.97,0,27,29.6,28.9,29.5,22.8,25.7,109.4,97.8,24.4,24.4,273.7,361901,2009,0,0,0,0,0,0,0,60,-0.31,12182875,72482,0,3411.61,0,1200,400,720,240,4200,7500,8500,102,1.5,6000,0,0,0,0,0,30,0,30,35,47.8,0,0
2026-08-12T23:46:27.835000+09:00,2026-08-12T14:46:27.835000+00:00,094623,-8.8,2,0,0,0,0,13376,0,13376,0,0,0,0,4623,-24512,10330,0,256,0,161,0,0,0,0,2,0,0,0,2056,31082107,2018,0.11,8.85,0,0,27,29.5,28.8,29.5,22.8,25.7,110.1,97.8,24.4,24.4,273.2,361901,2009,0,0,0,0,0,0,0,60,-0.31,12182875,72482,0,3411.61,0,1200,400,720,240,4200,7500,8500,102,1.5,6000,0,0,0,0,0,30,0,30,35,47.8,0,0
2026-08-12T23:47:27.914000+09:00,2026-08-12T14:47:27.914000+00:00,094623,-7.3,2,0,0,0,0,13376,0,13376,0,0,0,0,4623,-24512,10330,0,256,0,161,0,0,0,0,2,0,0,0,2056,31082107,2018,0.11,11.29,3.97,0,27,29.5,28.8,29.5,22.8,25.7,109,97.7,24.4,24.4,272.6,361901,2009,0,0,0,0,0,0,0,60,-0.31,12182875,72482,0,3411.61,0,1200,400,720,240,4200,7500,8500,102,1.5,6000,0,0,0,0,0,30,0,30,35,47.8,0,0
2026-08-12T23:48:28.013000+09:00,2026-08-12T14:48:28.013000+00:00,094623,-4.9,2,0,0,0,0,13376,0,13376,0,0,0,0,4623,-24512,10330,0,256,0,161,0,0,0,0,2,0,0,0,2056,31082107,2018,0.11,6.41,1.53,0,27,29.5,28.8,29.5,22.8,25.7,108.2,97.6,24.4,24.4,272,361901,2009,0,0,0,0,0,0,0,60,-0.31,12182875,72483,0,3411.61,0,1200,400,720,240,4200,7500,8500,102,1.5,6000,0,0,0,0,0,30,0,30,35,47.8,0,0
2026-08-12T23:49:28.098000+09:00,2026-08-12T14:49:28.098000+00:00,094623,-6.1,2,0,0,0,0,13376,0,13376,0,0,0,0,4623,-24512,10330,0,256,0,161,0,0,0,0,2,0,0,0,2056,31082107,2018,0.11,7.63,1.53,0,27,29.5,28.8,29.6,22.7,25.7,108.2,97.5,24.4,24.4,271.5,361901,2009,0,0,0,0,0,0,0,60,-0.31,12182875,72483,0,3411.61,0,1200,400,720,240,4200,7500,8500,102,1.5,6000,0,0,0,0,0,30,0,30,35,47.7,0,0
2026-08-12T23:50:28.202000+09:00,2026-08-12T14:50:28.202000+00:00,094623,-4.9,2,0,0,0,0,13376,0,13376,0,0,0,0,4623,-24512,10330,0,256,0,161,0,0,0,0,2,0,0,0,2056,31082107,2018,0.11,7.63,2.75,0,27,29.5,28.8,29.5,22.7,25.7,107.9,97.4,24.3,24.4,271,361901,2009,0,0,0,0,0,0,0,60,-0.31,12182875,72483,0,3411.61,0,1200,400,720,240,4200,7500,8500,102,1.5,6000,0,0,0,0,0,30,0,30,35,47.7,0,0
2026-08-12T23:51:28.302000+09:00,2026-08-12T14:51:28.302000+00:00,094623,-8.5,2,0,0,0,0,13376,0,13376,0,0,0,0,4623,-24512,10330,0,256,0,161,0,0,0,0,2,0,0,0,2056,31082107,2018,0.11,10.07,1.53,0,27,29.4,28.8,29.5,22.7,25.6,107.9,97.3,24.4,24.4,270.4,361901,2009,0,0,0,0,0,0,0,60,-0.31,12182875,72483,0,3411.61,0,1200,400,720,240,4200,7500,8500,102,1.5,6000,0,0,0,0,0,30,0,30,35,47.7,0,0
2026-08-12T23:52:28.402000+09:00,2026-08-12T14:52:28.402000+00:00,094623,-4.9,2,0,0,0,0,13376,0,13376,0,0,0,0,4623,-24512,10330,0,256,0,161,0,0,0,0,2,0,0,0,2056,31082107,2018,0.11,6.41,1.53,0,26.9,29.4,28.7,29.5,22.7,25.6,108,97.2,24.4,24.4,269.9,361901,2009,0,0,0,0,0,0,0,60,-0.3,12182875,72483,0,3411.61,0,1200,400,720,240,4200,7500,8500,102,1.5,6000,0,0,0,0,0,30,0,30,35,47.7,0,0
2026-08-12T23:53:28.492000+09:00,2026-08-12T14:53:28.492000+00:00,094623,-7.6,2,0,0,0,0,13376,0,13376,0,0,0,0,4623,-24512,10330,0,256,0,161,0,0,0,0,2,0,0,0,2056,31082107,2018,0.11,7.63,0,0,26.9,29.5,28.7,29.5,22.7,25.6,107.2,97.1,24.3,24.3,269.4,361901,2009,0,0,0,0,0,0,0,60,-0.31,12182875,72483,0,3411.61,0,1200,400,720,240,4200,7500,8500,102,1.5,6000,0,0,0,0,0,30,0,30,35,47.6,0,0
2026-08-12T23:54:28.598000+09:00,2026-08-12T14:54:28.598000+00:00,094623,-10.1,2,0,0,0,0,13376,0,13376,0,0,0,0,4623,-24512,10330,0,256,0,161,0,0,0,0,2,0,0,0,2056,31082107,2018,0.11,10.07,0,0,26.9,29.5,28.7,29.5,22.7,25.6,107.2,97,24.3,24.4,268.8,361901,2009,0,0,0,0,0,0,0,60,-0.31,12182875,72483,0,3411.61,0,1200,400,720,240,4200,7500,8500,102,1.5,6000,0,0,0,0,0,30,0,30,35,47.6,0,0
2026-08-12T23:55:28.682000+09:00,2026-08-12T14:55:28.682000+00:00,094623,-4.9,2,0,0,0,0,13376,0,13376,0,0,0,0,4623,-24512,10330,0,256,0,161,0,0,0,0,2,0,0,0,2056,31082107,2018,0.11,7.63,2.75,0,26.9,29.4,28.7,29.5,22.7,25.6,107.3,97,24.3,24.3,268.3,361901,2009,0,0,0,0,0,0,0,60,-0.31,12182875,72483,0,3411.61,0,1200,400,720,240,4200,7500,8500,102,1.5,6000,0,0,0,0,0,30,0,30,35,47.6,0,0
2026-08-12T23:56:28.780000+09:00,2026-08-12T14:56:28.780000+00:00,094623,-7.3,2,0,0,0,0,13376,0,13376,0,0,0,0,4623,-24512,10330,0,256,0,161,0,0,0,0,2,0,0,0,2056,31082107,2018,0.11,8.85,1.53,0,26.9,29.4,28.7,29.5,22.7,25.6,106.9,96.9,24.3,24.3,267.8,361901,2009,0,0,0,0,0,0,0,60,-0.31,12182875,72483,0,3411.61,0,1200,400,720,240,4200,7500,8500,102,1.5,6000,0,0,0,0,0,30,0,30,35,47.5,0,0
2026-08-12T23:57:28.878000+09:00,2026-08-12T14:57:28.878000+00:00,094623,-6.1,2,0,0,0,0,13376,0,13376,0,0,0,0,4623,-24512,10330,0,256,0,161,0,0,0,0,2,0,0,0,2056,31082107,2018,0.11,8.85,2.75,0,26.9,29.4,28.6,29.5,22.6,25.6,107.6,96.8,24.3,24.3,267.2,361901,2009,0,0,0,0,0,0,0,60,-0.31,12182875,72483,0,3411.61,0,1200,400,720,240,4200,7500,8500,102,1.5,6000,0,0,0,0,0,30,0,30,35,47.5,0,0
2026-08-12T23:58:29.035000+09:00,2026-08-12T14:58:29.035000+00:00,094623,-4.9,2,0,0,0,0,13376,0,13376,0,0,0,0,4623,-24512,10330,0,256,0,161,0,0,0,0,2,0,0,0,2056,31082107,2018,0.11,7.63,2.75,0,26.9,29.4,28.6,29.5,22.6,25.5,106.7,96.7,24.3,24.3,266.7,361901,2009,0,0,0,0,0,0,0,60,-0.31,12182875,72483,0,3411.61,0,1200,400,720,240,4200,7500,8500,102,1.5,6000,0,0,0,0,0,30,0,30,35,47.5,0,0
2026-08-12T23:59:29.069000+09:00,2026-08-12T14:59:29.069000+00:00,094623,-4.9,2,0,0,0,0,13376,0,13376,0,0,0,0,4623,-24512,10330,0,256,0,161,0,0,0,0,2,0,0,0,2056,31082107,2018,0.11,7.63,2.75,0,26.8,29.3,28.6,29.5,22.6,25.5,107.3,96.6,24.3,24.3,266.2,361901,2009,0,0,0,0,0,0,0,60,-0.31,12182875,72483,0,3411.61,0,1200,400,720,240,4200,7500,8500,102,1.5,6000,0,0,0,0,0,30,0,30,35,47.4,0,0
2026-08-13T00:00:29.151000+09:00,2026-08-12T15:00:29.151000+00:00,094623,-7.3,2,0,0,0,0,13376,0,13376,0,0,0,0,4623,-24512,10330,0,256,0,161,0,0,0,0,2,0,0,0,2056,31082107,2018,0.11,10.07,2.75,0,26.8,29.3,28.6,29.4,22.6,25.5,107,96.5,24.3,24.3,265.7,361901,2009,0,0,0,0,0,0,0,60,-0.31,12182875,72483,0,3411.61,0,1200,400,720,240,4200,7500,8500,102,1.5,6000,0,0,0,0,0,30,0,30,35,47.4,0,0
2026-08-13T00:01:29.244000+09:00,2026-08-12T15:01:29.244000+00:00,094623,-4.9,2,0,0,0,0,13376,0,13376,0,0,0,0,4623,-24512,10330,0,256,0,161,0,0,0,0,2,0,0,0,2056,31082107,2018,0.11,6.41,1.53,0,26.8,29.3,28.6,29.4,22.6,25.5,107.8,96.4,24.3,24.3,265.2,361901,2009,0,0,0,0,0,0,0,60,-0.31,12182875,72483,0,3411.61,0,1200,400,720,240,4200,7500,8500,102,1.5,6000,0,0,0,0,0,30,0,30,35,47.4,0,0
2026-08-13T00:02:29.364000+09:00,2026-08-12T15:02:29.364000+00:00,094623,-3.7,2,0,0,0,0,13376,0,13376,0,0,0,0,4623,-24512,10330,0,256,0,161,0,0,0,0,2,0,0,0,2056,31082107,2018,0.11,7.63,3.97,0,26.8,29.3,28.6,29.4,22.6,25.5,107.4,96.3,24.2,24.3,264.7,361901,2009,0,0,0,0,0,0,0,60,-0.31,12182875,72483,0,3411.61,0,1200,400,720,240,4200,7500,8500,102,1.5,6000,0,0,0,0,0,30,0,30,35,47.4,0,0
2026-08-13T00:03:29.448000+09:00,2026-08-12T15:03:29.448000+00:00,094623,-7.3,2,0,0,0,0,13376,0,13376,0,0,0,0,4623,-24512,10330,0,256,0,161,0,0,0,0,2,0,0,0,2056,31082107,2018,0.11,8.85,1.53,0,26.8,29.3,28.6,29.4,22.6,25.5,106.2,96.2,24.2,24.3,264.1,361901,2009,0,0,0,0,0,0,0,60,-0.31,12182875,72483,0,3411.61,0,1200,400,720,240,4200,7500,8500,102,1.5,6000,0,0,0,0,0,30,0,30,35,47.3,0,0
2026-08-13T00:04:29.536000+09:00,2026-08-12T15:04:29.536000+00:00,094623,-8.8,2,0,0,0,0,13376,0,13376,0,0,0,0,4623,-24512,10330,0,256,0,161,0,0,0,0,2,0,0,0,2056,31082107,2018,0.11,8.85,0,0,26.8,29.3,28.6,29.3,22.6,25.5,106.1,96.1,24.2,24.3,263.6,361901,2009,0,0,0,0,0,0,0,60,-0.3,12182875,72483,0,3411.61,0,1200,400,720,240,4200,7500,8500,102,1.5,6000,0,0,0,0,0,30,0,30,35,47.3,0,0
2026-08-13T00:05:29.621000+09:00,2026-08-12T15:05:29.621000+00:00,094623,-6.1,2,0,0,0,0,13376,0,13376,0,0,0,0,4623,-24512,10330,0,256,0,161,0,0,0,0,2,0,0,0,2056,31082107,2018,0.11,7.63,1.53,0,26.8,29.3,28.5,29.3,22.6,25.5,106.2,96,24.2,24.3,263.1,361901,2009,0,0,0,0,0,0,0,60,-0.3,12182875,72483,0,3411.61,0,1200,400,720,240,4200,7500,8500,102,1.5,6000,0,0,0,0,0,30,0,30,35,47.3,0,0
2026-08-13T00:06:29.713000+09:00,2026-08-12T15:06:29.713000+00:00,094623,-2.4,2,0,0,0,0,13376,0,13376,0,0,0,0,4623,-24512,10330,0,256,0,161,0,0,0,0,2,0,0,0,2056,31082107,2018,0.11,5.19,2.75,0,26.7,29.3,28.5,29.3,22.6,25.5,105.4,95.9,24.2,24.3,262.6,361901,2009,0,0,0,0,0,0,0,60,-0.3,12182875,72483,0,3411.61,0,1200,400,720,240,4200,7500,8500,102,1.5,6000,0,0,0,0,0,30,0,30,35,47.3,0,0
2026-08-13T00:07:29.801000+09:00,2026-08-12T15:07:29.801000+00:00,094623,-6.1,2,0,0,0,0,13376,0,13376,0,0,0,0,4623,-24512,10330,0,256,0,161,0,0,0,0,2,0,0,0,2056,31082107,2018,0.11,8.85,2.75,0,26.7,29.3,28.5,29.3,22.5,25.4,105.7,95.8,24.2,24.2,262,361901,2009,0,0,0,0,0,0,0,60,-0.31,12182875,72483,0,3411.61,0,1200,400,720,240,4200,7500,8500,102,1.5,6000,0,0,0,0,0,30,0,30,35,47.2,0,0
2026-08-13T00:08:29.895000+09:00,2026-08-12T15:08:29.895000+00:00,094623,-6.1,2,0,0,0,0,13376,0,13376,0,0,0,0,4623,-24512,10330,0,256,0,161,0,0,0,0,2,0,0,0,2056,31082107,2018,0.11,10.07,3.97,0,26.7,29.2,28.5,29.3,22.5,25.5,105,95.7,24.2,24.2,261.5,361901,2009,0,0,0,0,0,0,0,60,-0.31,12182875,72484,0,3411.61,0,1200,400,720,240,4200,7500,8500,102,1.5,6000,0,0,0,0,0,30,0,30,35,47.2,0,0
2026-08-13T00:09:29.997000+09:00,2026-08-12T15:09:29.997000+00:00,094623,-3.7,2,0,0,0,0,13376,0,13376,0,0,0,0,4623,-24512,10330,0,256,0,161,0,0,0,0,2,0,0,0,2056,31082107,2018,0.11,5.19,1.53,0,26.7,29.2,28.5,29.3,22.5,25.4,105.2,95.6,24.2,24.2,261,361901,2009,0,0,0,0,0,0,0,60,-0.31,12182875,72484,0,3411.61,0,1200,400,720,240,4200,7500,8500,102,1.5,6000,0,0,0,0,0,30,0,30,35,47.2,0,0
2026-08-13T00:10:30.087000+09:00,2026-08-12T15:10:30.087000+00:00,094623,-4.9,2,0,0,0,0,13376,0,13376,0,0,0,0,4623,-24512,10330,0,256,0,161,0,0,0,0,2,0,0,0,2056,31082107,2018,0.11,7.63,2.75,0,26.7,29.2,28.5,29.2,22.5,25.4,104.9,95.4,24.1,24.2,260.5,361901,2009,0,0,0,0,0,0,0,60,-0.31,12182875,72484,0,3411.61,0,1200,400,720,240,4200,7500,8500,102,1.5,6000,0,0,0,0,0,30,0,30,35,47.1,0,0
2026-08-13T00:11:30.193000+09:00,2026-08-12T15:11:30.193000+00:00,094623,-6.4,2,0,0,0,0,13376,0,13376,0,0,0,0,4623,-24512,10330,0,256,0,161,0,0,0,0,2,0,0,0,2056,31082107,2018,0.11,6.41,0,0,26.7,29.2,28.5,29.2,22.5,25.4,104.8,95.3,24.1,24.2,260,361901,2009,0,0,0,0,0,0,0,60,-0.31,12182875,72484,0,3411.61,0,1200,400,720,240,4200,7500,8500,102,1.5,6000,0,0,0,0,0,30,0,30,35,47.1,0,0
2026-08-13T00:12:30.289000+09:00,2026-08-12T15:12:30.289000+00:00,094623,-2.4,2,0,0,0,0,13376,0,13376,0,0,0,0,4623,-24512,10330,0,256,0,161,0,0,0,0,2,0,0,0,2056,31082107,2018,0.11,5.19,2.75,0,26.7,29.2,28.4,29.1,22.5,25.4,104.9,95.2,24.1,24.2,259.5,361901,2009,0,0,0,0,0,0,0,60,-0.31,12182875,72484,0,3411.61,0,1200,400,720,240,4200,7500,8500,102,1.5,6000,0,0,0,0,0,30,0,30,35,47.1,0,0
2026-08-13T00:13:30.385000+09:00,2026-08-12T15:13:30.385000+00:00,094623,-6.4,2,0,0,0,0,13376,0,13376,0,0,0,0,4623,-24512,10330,0,256,0,161,0,0,0,0,2,0,0,0,2056,31082107,2018,0.1,6.41,0,0,26.6,29.2,28.4,29.1,22.5,25.4,104.9,95.1,24.1,24.2,259,361901,2009,0,0,0,0,0,0,0,60,-0.31,12182875,72484,0,3411.61,0,1200,400,720,240,4200,7500,8500,102,1.5,6000,0,0,0,0,0,30,0,30,35,47.1,0,0
2026-08-13T00:14:30.479000+09:00,2026-08-12T15:14:30.479000+00:00,094623,-3.7,2,0,0,0,0,13376,0,13376,0,0,0,0,4623,-24512,10330,0,256,0,161,0,0,0,0,2,0,0,0,2056,31082107,2018,0.11,6.41,2.75,0,26.6,29.2,28.4,29.1,22.5,25.4,104.8,95,24.1,24.2,258.5,361901,2009,0,0,0,0,0,0,0,60,-0.31,12182875,72484,0,3411.61,0,1200,400,720,240,4200,7500,8500,102,1.5,6000,0,0,0,0,0,30,0,30,35,47.1,0,0
2026-08-13T00:15:30.568000+09:00,2026-08-12T15:15:30.568000+00:00,094623,-3.7,2,0,0,0,0,13376,0,13376,0,0,0,0,4623,-24512,10330,0,256,0,161,0,0,0,0,2,0,0,0,2056,31082107,2018,0.11,7.63,3.97,0,26.6,29.1,28.4,29.1,22.5,25.4,104,94.8,24.1,24.2,258,361901,2009,0,0,0,0,0,0,0,60,-0.31,12182875,72484,0,3411.61,0,1200,400,720,240,4200,7500,8500,102,1.5,6000,0,0,0,0,0,30,0,30,35,47,0,0
2026-08-13T00:16:30.697000+09:00,2026-08-12T15:16:30.697000+00:00,094623,-6.4,2,0,0,0,0,13376,0,13376,0,0,0,0,4623,-24512,10330,0,256,0,161,0,0,0,0,2,0,0,0,2056,31082107,2018,0.11,6.41,0,0,26.6,29.1,28.4,29.1,22.5,25.4,103.9,94.7,24.1,24.1,257.5,361901,2009,0,0,0,0,0,0,0,60,-0.3,12182875,72484,0,3411.61,0,1200,400,720,240,4200,7500,8500,102,1.5,6000,0,0,0,0,0,30,0,30,35,47,0,0
2026-08-13T00:17:30.785000+09:00,2026-08-12T15:17:30.785000+00:00,094623,-6.4,2,0,0,0,0,13376,0,13376,0,0,0,0,4623,-24512,10330,0,256,0,161,0,0,0,0,2,0,0,0,2056,31082107,2018,0.1,6.41,0,0,26.6,29.1,28.4,29,22.5,25.4,104,94.6,24.1,24.2,257,361901,2009,0,0,0,0,0,0,0,60,-0.3,12182875,72484,0,3411.61,0,1200,400,720,240,4200,7500,8500,102,1.5,6000,0,0,0,0,0,30,0,30,35,47,0,0
2026-08-13T00:18:30.886000+09:00,2026-08-12T15:18:30.886000+00:00,094623,-4.9,2,0,0,0,0,13376,0,13376,0,0,0,0,4623,-24512,10330,0,256,0,161,0,0,0,0,2,0,0,0,2056,31082107,2018,0.11,6.41,1.53,0,26.6,29.1,28.3,29,22.5,25.4,104.1,94.5,24.1,24.1,256.5,361901,2009,0,0,0,0,0,0,0,60,-0.31,12182875,72484,0,3411.61,0,1200,400,720,240,4200,7500,8500,102,1.5,6000,0,0,0,0,0,30,0,30,35,47,0,0
2026-08-13T00:19:30.976000+09:00,2026-08-12T15:19:30.976000+00:00,094623,-7.3,2,0,0,0,0,13376,0,13376,0,0,0,0,4623,-24512,10330,0,256,0,161,0,0,0,0,2,0,0,0,2056,31082107,2018,0.11,10.07,2.75,0,26.5,29.1,28.3,29,22.5,25.3,104.3,94.4,24,24.1,255.9,361901,2009,0,0,0,0,0,0,0,60,-0.31,12182875,72484,0,3411.61,0,1200,400,720,240,4200,7500,8500,102,1.5,6000,0,0,0,0,0,30,0,30,35,46.9,0,0
2026-08-13T00:20:31.065000+09:00,2026-08-12T15:20:31.065000+00:00,094623,-2.4,2,0,0,0,0,13376,0,13376,0,0,0,0,4623,-24512,10330,0,256,0,161,0,0,0,0,2,0,0,0,2056,31082107,2018,0.11,3.97,1.53,0,26.5,29.1,28.3,29,22.5,25.3,104.1,94.3,24,24.1,255.5,361901,2009,0,0,0,0,0,0,0,60,-0.31,12182875,72484,0,3411.61,0,1200,400,720,240,4200,7500,8500,102,1.5,6000,0,0,0,0,0,30,0,30,35,46.9,0,0
2026-08-13T00:21:31.163000+09:00,2026-08-12T15:21:31.163000+00:00,094623,-4.9,2,0,0,0,0,13376,0,13376,0,0,0,0,4623,-24512,10330,0,256,0,161,0,0,0,0,2,0,0,0,2056,31082107,2018,0.11,7.63,2.75,0,26.5,29.1,28.3,29,22.4,25.3,103.5,94.3,24,24.1,255,361901,2009,0,0,0,0,0,0,0,60,-0.31,12182875,72484,0,3411.61,0,1200,400,720,240,4200,7500,8500,102,1.5,6000,0,0,0,0,0,30,0,30,35,46.9,0,0
2026-08-13T00:22:31.251000+09:00,2026-08-12T15:22:31.251000+00:00,094623,-4.9,2,0,0,0,0,13376,0,13376,0,0,0,0,4623,-24512,10330,0,256,0,161,0,0,0,0,2,0,0,0,2056,31082107,2018,0.11,7.63,2.75,0,26.5,29.1,28.3,29,22.4,25.3,103,94.2,24,24.1,254.5,361901,2009,0,0,0,0,0,0,0,60,-0.31,12182875,72484,0,3411.61,0,1200,400,720,240,4200,7500,8500,102,1.5,6000,0,0,0,0,0,30,0,30,35,46.8,0,0
2026-08-13T00:23:31.336000+09:00,2026-08-12T15:23:31.336000+00:00,094623,-6.1,2,0,0,0,0,13376,0,13376,0,0,0,0,4623,-24512,10330,0,256,0,161,0,0,0,0,2,0,0,0,2056,31082107,2018,0.11,8.85,2.75,0,26.5,29.1,28.3,29,22.4,25.3,102.9,94.1,24,24.1,254,361901,2009,0,0,0,0,0,0,0,60,-0.31,12182875,72484,0,3411.61,0,1200,400,720,240,4200,7500,8500,102,1.5,6000,0,0,0,0,0,30,0,30,35,46.8,0,0
2026-08-13T00:24:31.447000+09:00,2026-08-12T15:24:31.447000+00:00,094623,-6.1,2,0,0,0,0,13376,0,13376,0,0,0,0,4623,-24512,10330,0,256,0,161,0,0,0,0,2,0,0,0,2056,31082107,2018,0.1,8.85,2.75,0,26.5,29,28.2,29,22.4,25.3,103.1,93.9,24,24.1,253.5,361901,2009,0,0,0,0,0,0,0,60,-0.31,12182875,72484,0,3411.61,0,1200,400,720,240,4200,7500,8500,102,1.5,6000,0,0,0,0,0,30,0,30,35,46.8,0,0
2026-08-13T00:25:31.536000+09:00,2026-08-12T15:25:31.536000+00:00,094623,-8.8,2,0,0,0,0,13376,0,13376,0,0,0,0,4623,-24512,10330,0,256,0,161,0,0,0,0,2,0,0,0,2056,31082107,2018,0.11,8.85,0,0,26.5,29,28.2,29,22.4,25.2,102.6,93.8,24,24,253,361901,2009,0,0,0,0,0,0,0,60,-0.31,12182875,72484,0,3411.61,0,1200,400,720,240,4200,7500,8500,102,1.5,6000,0,0,0,0,0,30,0,30,35,46.8,0,0
2026-08-13T00:26:31.628000+09:00,2026-08-12T15:26:31.628000+00:00,094623,-7.6,2,0,0,0,0,13376,0,13376,0,0,0,0,4623,-24512,10330,0,256,0,161,0,0,0,0,2,0,0,0,2056,31082107,2018,0.11,7.63,0,0,26.5,29,28.2,28.9,22.4,25.3,102.3,93.6,24,24,252.5,361901,2009,0,0,0,0,0,0,0,60,-0.31,12182875,72484,0,3411.61,0,1200,400,720,240,4200,7500,8500,102,1.5,6000,0,0,0,0,0,30,0,30,35,46.7,0,0
2026-08-13T00:27:31.719000+09:00,2026-08-12T15:27:31.719000+00:00,094623,-3.7,2,0,0,0,0,13376,0,13376,0,0,0,0,4623,-24512,10330,0,256,0,161,0,0,0,0,2,0,0,0,2056,31082107,2018,0.11,6.41,2.75,0,26.4,29,28.2,28.9,22.4,25.3,101.7,93.5,24,24,252,361901,2009,0,0,0,0,0,0,0,60,-0.31,12182875,72485,0,3411.61,0,1200,400,720,240,4200,7500,8500,102,1.5,6000,0,0,0,0,0,30,0,30,35,46.7,0,0
2026-08-13T00:28:31.813000+09:00,2026-08-12T15:28:31.813000+00:00,094623,-6.1,2,0,0,0,0,13376,0,13376,0,0,0,0,4623,-24512,10330,0,256,0,161,0,0,0,0,2,0,0,0,2056,31082107,2018,0.11,7.63,1.53,0,26.4,29,28.2,28.9,22.4,25.2,101.2,93.4,23.9,24,251.5,361901,2009,0,0,0,0,0,0,0,60,-0.31,12182875,72485,0,3411.61,0,1200,400,720,240,4200,7500,8500,102,1.5,6000,0,0,0,0,0,30,0,30,35,46.7,0,0
2026-08-13T00:29:31.894000+09:00,2026-08-12T15:29:31.894000+00:00,094623,-4.9,2,0,0,0,0,13376,0,13376,0,0,0,0,4623,-24512,10330,0,256,0,161,0,0,0,0,2,0,0,0,2056,31082107,2018,0.11,7.63,2.75,0,26.4,29,28.2,28.9,22.4,25.2,101.1,93.3,23.9,24,251,361901,2009,0,0,0,0,0,0,0,60,-0.31,12182875,72485,0,3411.61,0,1200,400,720,240,4200,7500,8500,102,1.5,6000,0,0,0,0,0,30,0,30,35,46.6,0,0
2026-08-13T00:30:31.991000+09:00,2026-08-12T15:30:31.991000+00:00,094623,-3.7,2,0,0,0,0,13376,0,13376,0,0,0,0,4623,-24512,10330,0,256,0,161,0,0,0,0,2,0,0,0,2056,31082107,2018,0.11,6.41,2.75,0,26.4,29,28.1,28.8,22.4,25.2,101.7,93.2,23.9,24,250.5,361901,2009,0,0,0,0,0,0,0,60,-0.31,12182875,72485,0,3411.61,0,1200,400,720,240,4200,7500,8500,102,1.5,6000,0,0,0,0,0,30,0,30,35,46.6,0,0
2026-08-13T00:31:32.120000+09:00,2026-08-12T15:31:32.120000+00:00,094623,-7.6,2,0,0,0,0,13376,0,13376,0,0,0,0,4623,-24512,10330,0,256,0,161,0,0,0,0,2,0,0,0,2056,31082107,2018,0.1,7.63,0,0,26.4,28.9,28.2,28.8,22.4,25.2,101.4,93,23.9,24,250.1,361901,2009,0,0,0,0,0,0,0,60,-0.31,12182875,72485,0,3411.61,0,1200,400,720,240,4200,7500,8500,102,1.5,6000,0,0,0,0,0,30,0,30,35,46.6,0,0
2026-08-13T00:32:32.167000+09:00,2026-08-12T15:32:32.167000+00:00,094623,-4.9,2,0,0,0,0,13376,0,13376,0,0,0,0,4623,-24512,10330,0,256,0,161,0,0,0,0,2,0,0,0,2056,31082107,2018,0.1,6.41,1.53,0,26.4,28.9,28.1,28.7,22.4,25.2,100.9,93,23.9,24,249.6,361901,2009,0,0,0,0,0,0,0,60,-0.31,12182875,72485,0,3411.61,0,1200,400,720,240,4200,7500,8500,102,1.5,6000,0,0,0,0,0,30,0,30,35,46.5,0,0
2026-08-13T00:33:32.259000+09:00,2026-08-12T15:33:32.259000+00:00,094623,-4.9,2,0,0,0,0,13376,0,13376,0,0,0,0,4623,-24512,10330,0,256,0,161,0,0,0,0,2,0,0,0,2056,31082107,2018,0.1,7.63,2.75,0,26.4,28.9,28.1,28.7,22.4,25.2,101.1,92.8,23.9,24,249.1,361901,2009,0,0,0,0,0,0,0,60,-0.31,12182875,72485,0,3411.61,0,1200,400,720,240,4200,7500,8500,102,1.5,6000,0,0,0,0,0,30,0,30,35,46.5,0,0
2026-08-13T00:34:32.401000+09:00,2026-08-12T15:34:32.401000+00:00,094623,-4.9,2,0,0,0,0,13376,0,13376,0,0,0,0,4623,-24512,10330,0,256,0,161,0,0,0,0,2,0,0,0,2056,31082107,2018,0.11,6.41,1.53,0,26.3,28.9,28.1,28.7,22.4,25.2,100.9,92.7,23.9,24,248.6,361901,2009,0,0,0,0,0,0,0,60,-0.31,12182875,72485,0,3411.61,0,1200,400,720,240,4200,7500,8500,102,1.5,6000,0,0,0,0,0,30,0,30,35,46.5,0,0
2026-08-13T00:35:32.435000+09:00,2026-08-12T15:35:32.435000+00:00,094623,-6.4,2,0,0,0,0,13376,0,13376,0,0,0,0,4623,-24512,10330,0,256,0,161,0,0,0,0,2,0,0,0,2056,31082107,2018,0.11,6.41,0,0,26.3,28.9,28.1,28.7,22.4,25.2,101,92.5,23.9,24,248.1,361901,2009,0,0,0,0,0,0,0,60,-0.31,12182875,72485,0,3411.61,0,1200,400,720,240,4200,7500,8500,102,1.5,6000,0,0,0,0,0,30,0,30,35,46.5,0,0
2026-08-13T00:36:32.537000+09:00,2026-08-12T15:36:32.537000+00:00,094623,-3.7,2,0,0,0,0,13376,0,13376,0,0,0,0,4623,-24512,10330,0,256,0,161,0,0,0,0,2,0,0,0,2056,31082107,2018,0.11,5.19,1.53,0,26.3,28.9,28.1,28.7,22.4,25.2,100.4,92.4,23.9,24,247.7,361901,2009,0,0,0,0,0,0,0,60,-0.31,12182875,72485,0,3411.61,0,1200,400,720,240,4200,7500,8500,102,1.5,6000,0,0,0,0,0,30,0,30,35,46.5,0,0
2026-08-13T00:37:32.636000+09:00,2026-08-12T15:37:32.636000+00:00,094623,-1.2,2,0,0,0,0,13376,0,13376,0,0,0,0,4623,-24512,10330,0,256,0,161,0,0,0,0,2,0,0,0,2056,31082107,2018,0.11,3.97,2.75,0,26.3,28.9,28.1,28.8,22.4,25.2,100.3,92.2,23.9,23.9,247.2,361901,2009,0,0,0,0,0,0,0,60,-0.31,12182875,72485,0,3411.61,0,1200,400,720,240,4200,7500,8500,102,1.5,6000,0,0,0,0,0,30,0,30,35,46.4,0,0
2026-08-13T00:38:32.730000+09:00,2026-08-12T15:38:32.730000+00:00,094623,-8.8,2,0,0,0,0,13376,0,13376,0,0,0,0,4623,-24512,10330,0,256,0,161,0,0,0,0,2,0,0,0,2056,31082107,2018,0.11,8.85,0,0,26.3,28.9,28,28.8,22.4,25.2,100.4,92.1,23.8,23.9,246.7,361901,2009,0,0,0,0,0,0,0,60,-0.31,12182875,72485,0,3411.61,0,1200,400,720,240,4200,7500,8500,102,1.5,6000,0,0,0,0,0,30,0,30,35,46.4,0,0
2026-08-13T00:39:32.825000+09:00,2026-08-12T15:39:32.825000+00:00,094623,-7.6,2,0,0,0,0,13376,0,13376,0,0,0,0,4623,-24512,10330,0,256,0,161,0,0,0,0,2,0,0,0,2056,31082107,2018,0.1,7.63,0,0,26.3,28.9,28,28.7,22.4,25.2,100.2,92,23.8,23.9,246.2,361901,2009,0,0,0,0,0,0,0,60,-0.3,12182875,72485,0,3411.61,0,1200,400,720,240,4200,7500,8500,102,1.5,6000,0,0,0,0,0,30,0,30,35,46.4,0,0
2026-08-13T00:40:32.916000+09:00,2026-08-12T15:40:32.916000+00:00,094623,-4.9,2,0,0,0,0,13376,0,13376,0,0,0,0,4623,-24512,10330,0,256,0,161,0,0,0,0,2,0,0,0,2056,31082107,2018,0.11,6.41,1.53,0,26.3,28.8,28,28.7,22.4,25.2,100.5,91.9,23.8,23.9,245.8,361901,2009,0,0,0,0,0,0,0,60,-0.31,12182875,72485,0,3411.61,0,1200,400,720,240,4200,7500,8500,102,1.5,6000,0,0,0,0,0,30,0,30,35,46.3,0,0
2026-08-13T00:41:33.017000+09:00,2026-08-12T15:41:33.017000+00:00,094623,-6.1,2,0,0,0,0,13376,0,13376,0,0,0,0,4623,-24512,10330,0,256,0,161,0,0,0,0,2,0,0,0,2056,31082107,2018,0.11,7.63,1.53,0,26.2,28.8,28,28.7,22.4,25.2,99.7,91.7,23.8,23.9,245.3,361901,2009,0,0,0,0,0,0,0,60,-0.31,12182875,72485,0,3411.61,0,1200,400,720,240,4200,7500,8500,102,1.5,6000,0,0,0,0,0,30,0,30,35,46.3,0,0
2026-08-13T00:42:33.106000+09:00,2026-08-12T15:42:33.106000+00:00,094623,-7.6,2,0,0,0,0,13376,0,13376,0,0,0,0,4623,-24512,10330,0,256,0,161,0,0,0,0,2,0,0,0,2056,31082107,2018,0.1,7.63,0,0,26.2,28.8,28,28.6,22.4,25.1,99.6,91.6,23.8,23.9,244.9,361901,2009,0,0,0,0,0,0,0,60,-0.3,12182875,72485,0,3411.61,0,1200,400,720,240,4200,7500,8500,102,1.5,6000,0,0,0,0,0,30,0,30,35,46.3,0,0
2026-08-13T00:43:33.196000+09:00,2026-08-12T15:43:33.196000+00:00,094623,-4.9,2,0,0,0,0,13376,0,13376,0,0,0,0,4623,-24512,10330,0,256,0,161,0,0,0,0,2,0,0,0,2056,31082107,2018,0.1,6.41,1.53,0,26.2,28.8,28,28.6,22.4,25.1,99.3,91.5,23.8,23.9,244.4,361901,2009,0,0,0,0,0,0,0,60,-0.31,12182875,72485,0,3411.61,0,1200,400,720,240,4200,7500,8500,102,1.5,6000,0,0,0,0,0,30,0,30,35,46.3,0,0
2026-08-13T00:44:33.281000+09:00,2026-08-12T15:44:33.281000+00:00,094623,-6.4,2,0,0,0,0,13376,0,13376,0,0,0,0,4623,-24512,10330,0,256,0,161,0,0,0,0,2,0,0,0,2056,31082107,2018,0.1,6.41,0,0,26.2,28.8,28,28.6,22.4,25.1,99.3,91.4,23.8,23.9,243.9,361901,2009,0,0,0,0,0,0,0,60,-0.31,12182875,72485,0,3411.61,0,1200,400,720,240,4200,7500,8500,102,1.5,6000,0,0,0,0,0,30,0,30,35,46.2,0,0
2026-08-13T00:45:33.382000+09:00,2026-08-12T15:45:33.382000+00:00,094623,-4.0,2,0,0,0,0,13376,0,13376,0,0,0,0,4623,-24512,10330,0,256,0,161,0,0,0,0,2,0,0,0,2056,31082107,2018,0.1,3.97,0,0,26.2,28.8,28,28.6,22.4,25.1,98.9,91.3,23.8,23.9,243.5,361901,2009,0,0,0,0,0,0,0,60,-0.31,12182875,72485,0,3411.61,0,1200,400,720,240,4200,7500,8500,102,1.5,6000,0,0,0,0,0,30,0,30,35,46.2,0,0
2026-08-13T00:46:33.459000+09:00,2026-08-12T15:46:33.459000+00:00,094623,-3.7,2,0,0,0,0,13376,0,13376,0,0,0,0,4623,-24512,10330,0,256,0,161,0,0,0,0,2,0,0,0,2056,31082107,2018,0.1,6.41,2.75,0,26.2,28.8,27.9,28.6,22.4,25.1,98.6,91.1,23.8,23.9,243,361901,2009,0,0,0,0,0,0,0,60,-0.31,12182875,72485,0,3411.61,0,1200,400,720,240,4200,7500,8500,102,1.5,6000,0,0,0,0,0,30,0,30,35,46.2,0,0
2026-08-13T00:47:33.548000+09:00,2026-08-12T15:47:33.548000+00:00,094623,-2.4,2,0,0,0,0,13376,0,13376,0,0,0,0,4623,-24512,10330,0,256,0,161,0,0,0,0,2,0,0,0,2056,31082107,2018,0.1,3.97,1.53,0,26.2,28.7,27.9,28.5,22.4,25.1,98,91,23.8,23.9,242.5,361901,2009,0,0,0,0,0,0,0,60,-0.31,12182875,72486,0,3411.61,0,1200,400,720,240,4200,7500,8500,102,1.5,6000,0,0,0,0,0,30,0,30,35,46.2,0,0
2026-08-13T00:48:33.638000+09:00,2026-08-12T15:48:33.638000+00:00,094623,-7.6,2,0,0,0,0,13376,0,13376,0,0,0,0,4623,-24512,10330,0,256,0,161,0,0,0,0,2,0,0,0,2056,31082107,2018,0.1,7.63,0,0,26.2,28.7,27.9,28.5,22.4,25.1,97.5,90.9,23.8,23.9,242.1,361901,2009,0,0,0,0,0,0,0,60,-0.3,12182875,72486,0,3411.61,0,1200,400,720,240,4200,7500,8500,102,1.5,6000,0,0,0,0,0,30,0,30,35,46.1,0,0
2026-08-13T00:49:33.811000+09:00,2026-08-12T15:49:33.811000+00:00,094623,-2.4,2,0,0,0,0,13376,0,13376,0,0,0,0,4623,-24512,10330,0,256,0,161,0,0,0,0,2,0,0,0,2056,31082107,2018,0.1,3.97,1.53,0,26.2,28.7,27.9,28.5,22.4,25.1,97.8,90.7,23.7,23.9,241.6,361901,2009,0,0,0,0,0,0,0,60,-0.31,12182875,72486,0,3411.61,0,1200,400,720,240,4200,7500,8500,102,1.5,6000,0,0,0,0,0,30,0,30,35,46.1,0,0
2026-08-13T00:50:33.821000+09:00,2026-08-12T15:50:33.821000+00:00,094623,-5.2,2,0,0,0,0,13376,0,13376,0,0,0,0,4623,-24512,10330,0,256,0,161,0,0,0,0,2,0,0,0,2056,31082107,2018,0.1,5.19,0,0,26.1,28.7,27.9,28.4,22.3,25.1,97.6,90.6,23.8,23.9,241.2,361901,2009,0,0,0,0,0,0,0,60,-0.31,12182875,72486,0,3411.61,0,1200,400,720,240,4200,7500,8500,102,1.5,6000,0,0,0,0,0,30,0,30,35,46.1,0,0
2026-08-13T00:51:33.920000+09:00,2026-08-12T15:51:33.920000+00:00,094623,-7.6,2,0,0,0,0,13376,0,13376,0,0,0,0,4623,-24512,10330,0,256,0,161,0,0,0,0,2,0,0,0,2056,31082107,2018,0.1,7.63,0,0,26.1,28.7,27.9,28.4,22.3,25,98.6,90.4,23.7,23.8,240.7,361901,2009,0,0,0,0,0,0,0,60,-0.31,12182875,72486,0,3411.61,0,1200,400,720,240,4200,7500,8500,102,1.5,6000,0,0,0,0,0,30,0,30,35,46,0,0
2026-08-13T00:52:34.027000+09:00,2026-08-12T15:52:34.027000+00:00,094623,-3.7,2,0,0,0,0,13376,0,13376,0,0,0,0,4623,-24512,10330,0,256,0,161,0,0,0,0,2,0,0,0,2056,31082107,2018,0.1,5.19,1.53,0,26.1,28.7,27.9,28.4,22.3,25,99.1,90.3,23.7,23.8,240.3,361901,2009,0,0,0,0,0,0,0,60,-0.31,12182875,72486,0,3411.61,0,1200,400,720,240,4200,7500,8500,102,1.5,6000,0,0,0,0,0,30,0,30,35,46,0,0
2026-08-13T00:53:34.131000+09:00,2026-08-12T15:53:34.131000+00:00,094623,-3.7,2,0,0,0,0,13376,0,13376,0,0,0,0,4623,-24512,10330,0,256,0,161,0,0,0,0,2,0,0,0,2056,31082107,2018,0.1,7.63,3.97,0,26.1,28.7,27.8,28.4,22.3,25,97.7,90.2,23.7,23.8,239.8,361901,2009,0,0,0,0,0,0,0,60,-0.31,12182875,72486,0,3411.61,0,1200,400,720,240,4200,7500,8500,102,1.5,6000,0,0,0,0,0,30,0,30,35,46,0,0
2026-08-13T00:54:34.221000+09:00,2026-08-12T15:54:34.221000+00:00,094623,-3.7,2,0,0,0,0,13376,0,13376,0,0,0,0,4623,-24512,10330,0,256,0,161,0,0,0,0,2,0,0,0,2056,31082107,2018,0.1,6.41,2.75,0,26.1,28.7,27.8,28.3,22.3,25,97,90,23.7,23.8,239.4,361901,2009,0,0,0,0,0,0,0,60,-0.31,12182875,72486,0,3411.61,0,1200,400,720,240,4200,7500,8500,102,1.5,6000,0,0,0,0,0,30,0,30,35,46,0,0
2026-08-13T00:55:34.318000+09:00,2026-08-12T15:55:34.318000+00:00,094623,-3.7,2,0,0,0,0,13376,0,13376,0,0,0,0,4623,-24512,10330,0,256,0,161,0,0,0,0,2,0,0,0,2056,31082107,2018,0.1,7.63,3.97,0,26.1,28.7,27.8,28.3,22.3,25,96.9,89.9,23.7,23.8,238.9,361901,2009,0,0,0,0,0,0,0,60,-0.31,12182875,72486,0,3411.61,0,1200,400,720,240,4200,7500,8500,102,1.5,6000,0,0,0,0,0,30,0,30,35,45.9,0,0
2026-08-13T00:56:34.412000+09:00,2026-08-12T15:56:34.412000+00:00,094623,-6.1,2,0,0,0,0,13376,0,13376,0,0,0,0,4623,-24512,10330,0,256,0,161,0,0,0,0,2,0,0,0,2056,31082107,2018,0.1,7.63,1.53,0,26.1,28.7,27.8,28.2,22.3,25,96.9,89.8,23.7,23.8,238.5,361901,2009,0,0,0,0,0,0,0,60,-0.31,12182875,72486,0,3411.61,0,1200,400,720,240,4200,7500,8500,102,1.5,6000,0,0,0,0,0,30,0,30,35,45.9,0,0
2026-08-13T00:57:34.523000+09:00,2026-08-12T15:57:34.523000+00:00,094623,-4.9,2,0,0,0,0,13376,0,13376,0,0,0,0,4623,-24512,10330,0,256,0,161,0,0,0,0,2,0,0,0,2056,31082107,2018,0.1,7.63,2.75,0,26,28.6,27.8,28.2,22.3,25,96.8,89.7,23.7,23.8,238,361901,2009,0,0,0,0,0,0,0,60,-0.31,12182875,72486,0,3411.61,0,1200,400,720,240,4200,7500,8500,102,1.5,6000,0,0,0,0,0,30,0,30,35,45.9,0,0
2026-08-13T00:58:34.601000+09:00,2026-08-12T15:58:34.601000+00:00,094623,-2.4,2,0,0,0,0,13376,0,13376,0,0,0,0,4623,-24512,10330,0,256,0,161,0,0,0,0,2,0,0,0,2056,31082107,2018,0.1,5.19,2.75,0,26,28.6,27.8,28.2,22.2,25,96.9,89.6,23.7,23.8,237.5,361901,2009,0,0,0,0,0,0,0,60,-0.31,12182875,72486,0,3411.61,0,1200,400,720,240,4200,7500,8500,102,1.5,6000,0,0,0,0,0,30,0,30,35,45.8,0,0
2026-08-13T00:59:34.686000+09:00,2026-08-12T15:59:34.686000+00:00,094623,-1.2,2,0,0,0,0,13376,0,13376,0,0,0,0,4623,-24512,10330,0,256,0,161,0,0,0,0,2,0,0,0,2056,31082107,2018,0.1,3.97,2.75,0,26,28.6,27.8,28.2,22.2,25,96.7,89.4,23.7,23.8,237.2,361901,2009,0,0,0,0,0,0,0,60,-0.31,12182875,72486,0,3411.61,0,1200,400,720,240,4200,7500,8500,102,1.5,6000,0,0,0,0,0,30,0,30,35,45.8,0,0
2026-08-13T01:00:34.789000+09:00,2026-08-12T16:00:34.789000+00:00,094623,-5.2,2,0,0,0,0,13376,0,13376,0,0,0,0,4623,-24512,10330,0,256,0,161,0,0,0,0,2,0,0,0,2056,31082107,2018,0.1,5.19,0,0,26,28.6,27.7,28.2,22.2,25,97,89.4,23.7,23.8,236.7,361901,2009,0,0,0,0,0,0,0,60,-0.31,12182875,72486,0,3411.61,0,1200,400,720,240,4200,7500,8500,102,1.5,6000,0,0,0,0,0,30,0,30,35,45.8,0,0
2026-08-13T01:01:34.929000+09:00,2026-08-12T16:01:34.929000+00:00,094623,-2.4,2,0,0,0,0,13376,0,13376,0,0,0,0,4623,-24512,10330,0,256,0,161,0,0,0,0,2,0,0,0,2056,31082107,2018,0.1,5.19,2.75,0,26,28.6,27.7,28.1,22.2,25,96.5,89.3,23.7,23.8,236.2,361901,2009,0,0,0,0,0,0,0,60,-0.31,12182875,72486,0,3411.61,0,1200,400,720,240,4200,7500,8500,102,1.5,6000,0,0,0,0,0,30,0,30,35,45.7,0,0
2026-08-13T01:02:35.009000+09:00,2026-08-12T16:02:35.009000+00:00,094623,-8.8,2,0,0,0,0,13376,0,13376,0,0,0,0,4623,-24512,10330,0,256,0,161,0,0,0,0,2,0,0,0,2056,31082107,2018,0.1,8.85,0,0,26,28.6,27.7,28.1,22.2,24.9,96.3,89.1,23.7,23.8,235.8,361901,2009,0,0,0,0,0,0,0,60,-0.31,12182875,72486,0,3411.61,0,1200,400,720,240,4200,7500,8500,102,1.5,6000,0,0,0,0,0,30,0,30,35,45.7,0,0
2026-08-13T01:03:35.102000+09:00,2026-08-12T16:03:35.102000+00:00,094623,-2.4,2,0,0,0,0,13376,0,13376,0,0,0,0,4623,-24512,10330,0,256,0,161,0,0,0,0,2,0,0,0,2056,31082107,2018,0.1,6.41,3.97,0,26,28.6,27.7,28.1,22.2,24.9,96.4,89,23.6,23.7,235.4,361901,2009,0,0,0,0,0,0,0,60,-0.31,12182875,72486,0,3411.61,0,1200,400,720,240,4200,7500,8500,102,1.5,6000,0,0,0,0,0,30,0,30,35,45.7,0,0
2026-08-13T01:04:35.256000+09:00,2026-08-12T16:04:35.256000+00:00,094623,-4.9,2,0,0,0,0,13376,0,13376,0,0,0,0,4623,-24512,10330,0,256,0,161,0,0,0,0,2,0,0,0,2056,31082107,2018,0.1,6.41,1.53,0,25.9,28.6,27.7,28,22.2,24.9,96.1,88.9,23.6,23.8,234.9,361901,2009,0,0,0,0,0,0,0,60,-0.31,12182875,72486,0,3411.61,0,1200,400,720,240,4200,7500,8500,102,1.5,6000,0,0,0,0,0,30,0,30,35,45.7,0,0
2026-08-13T01:05:35.283000+09:00,2026-08-12T16:05:35.283000+00:00,094623,-4.9,2,0,0,0,0,13376,0,13376,0,0,0,0,4623,-24512,10330,0,256,0,161,0,0,0,0,2,0,0,0,2056,31082107,2018,0.1,6.41,1.53,0,25.9,28.5,27.7,28,22.2,24.9,95.8,88.8,23.6,23.7,234.5,361901,2009,0,0,0,0,0,0,0,60,-0.31,12182875,72486,0,3411.61,0,1200,400,720,240,4200,7500,8500,102,1.5,6000,0,0,0,0,0,30,0,30,35,45.6,0,0
2026-08-13T01:06:35.391000+09:00,2026-08-12T16:06:35.391000+00:00,094623,-7.6,2,0,0,0,0,13376,0,13376,0,0,0,0,4623,-24512,10330,0,256,0,161,0,0,0,0,2,0,0,0,2056,31082107,2018,0.1,7.63,0,0,25.9,28.5,27.6,28,22.2,24.9,95.5,88.7,23.6,23.7,234.1,361901,2009,0,0,0,0,0,0,0,60,-0.31,12182875,72487,0,3411.61,0,1200,400,720,240,4200,7500,8500,102,1.5,6000,0,0,0,0,0,30,0,30,35,45.6,0,0
