timestamp_jst,timestamp_utc,deviceId,diff_pressure_Pa,unit_status1,1101,1102,1103,1104,1105,1106,1107,1108,1109,1110,1111,1112,1113,1114,1115,1116,1117,1118,1119,1150,1151,1152,1153,1154,1155,1156,1157,serial_number,1202,circulation_pressure_bar,gas_pressure_before_filter_Pa,gas_pressure_before_engine_Pa,1210,1212,1214,1216,1218,1220,1222,gasifier_top_temp_C,gas_temp_after_gasifier_C,gas_temp_before_filter_primary_C,gas_temp_before_filter_secondary_C,gasifier_throat_temp_C,1234,1236,1238,cooling_circ_temp_in_engine_C,engine,oil_pressure_bar,1246,1248,1250,1252,power_kW_IEM3255,produced_energy_EM1_Wh,1258,1260,1262,1264,throat_temp_high_limit_C,gasifier_top_temp_high_limit_C,gas_temp_after_gasifier_high_limit_C,gas_temp_before_filter_high_limit_C,filter_dp_high_limit_Pa,gas_pressure_before_filter_high_limit_Pa,gas_pressure_before_engine_high_limit_Pa,cooling_circ_temp_high_limit_C,oil_pressure_low_limit_bar,1284,1286,1288,1290,1292,1294,1296,1298,1300,1302,1304,1306,1308
2026-08-10T09:00:23.981000+09:00,2026-08-10T00:00:23.981000+00:00,094623,2235.8,1,0,0,0,0,13364,496,13364,0,0,0,0,4655,-28608,10326,6,4480,0,129,0,0,0,0,0,0,0,0,0,31082107,2018,0.47,856.04,3091.83,0,52.9,96.8,67.5,39.8,60.6,526.6,50.4,609,164,169.4,1049.4,361352,1460,12.65,89.3,1500,2.7,1.16,29.6,42.1,60,24.41,12172515,72420,71.84,3407.81,0,1200,400,720,240,4200,7500,8500,102,1.5,6000,0,0,0,0,0,71.41,30,65.15,62.68,54.9,0,0
2026-08-10T09:01:24.065000+09:00,2026-08-10T00:01:24.065000+00:00,094623,2445.8,1,0,0,0,0,13364,504,13364,0,0,0,0,4651,-28608,10326,518,4992,0,129,0,0,0,0,0,0,0,0,0,31082107,2018,0.53,1044.04,3489.79,0,53.1,98.6,67.1,39.8,60.9,521.7,50.5,612.7,169.6,175.6,1079.2,361352,1460,12.76,89.9,1520,2.76,1.12,28.7,36.8,60,22.32,12172519,72420,72.76,3407.81,0,1200,400,720,240,4200,7500,8500,102,1.5,6000,0,0,0,0,0,67.7,30,68.46,62.55,54.9,0,0
2026-08-10T09:02:24.200000+09:00,2026-08-10T00:02:24.200000+00:00,094623,952.5,1,0,0,0,0,13364,499,13364,0,0,0,0,4651,-28608,10390,6,21376,0,129,0,0,0,0,0,0,0,0,0,31082107,2018,0.46,0,952.48,0,53,96.9,68.1,39.8,60.9,523.4,49.4,605.2,157.5,161.8,1059.4,361352,1460,12.77,91.1,1490,2.78,1.22,23.3,37.1,60,11.33,12172521,72420,62.82,3407.81,0,1200,400,720,240,4200,7500,8500,102,1.5,6000,0,0,0,0,0,63.37,30,57.36,60.04,54.9,0,0
2026-08-10T09:03:24.283000+09:00,2026-08-10T00:03:24.283000+00:00,094623,1428.6,1,0,0,0,0,13364,499,13364,0,0,0,0,4651,-28608,12374,6,5024,8,129,0,0,0,0,0,0,0,0,0,31082107,2018,0.45,589.92,2018.49,0,52.8,98.6,68.8,39.8,60.6,519.6,52.4,601.6,153.7,157.8,1061.4,361352,1460,12.44,90.7,1500,2.79,1.14,23.4,37.1,60,11.02,12172523,72420,66.28,3407.81,0,1200,400,720,240,4200,7500,8500,102,1.5,6000,0,0,0,0,0,66.27,30,61.39,60.95,54.9,0,0
2026-08-10T09:04:24.380000+09:00,2026-08-10T00:04:24.380000+00:00,094623,2409.1,1,0,0,0,0,13364,497,13364,0,0,0,0,4651,-28608,10390,518,20864,0,129,0,0,0,0,0,0,0,0,0,31082107,2018,0.51,1052.58,3461.71,0,52.7,98.8,68.3,39.8,60.5,514.8,50,610.1,165.8,171.7,1080.9,361353,1461,12.71,89.6,1500,2.71,1.14,30.1,39.1,60,24.2,12172527,72420,72.44,3407.82,0,1200,400,720,240,4200,7500,8500,102,1.5,6000,0,0,0,0,0,73.67,30,70.89,65.72,54.9,0,0
2026-08-10T09:05:24.467000+09:00,2026-08-10T00:05:24.467000+00:00,094623,2418.9,1,0,0,0,0,13364,495,13364,0,0,0,0,4655,-28608,10326,518,4480,0,129,0,0,0,0,0,0,0,0,0,31082107,2018,0.5,1055.02,3473.92,0,52.8,98.1,67.8,39.7,60.9,520.6,50.6,613.1,169.5,175.6,1043.7,361353,1461,12.9,89.6,1490,2.72,1.15,30.1,39.7,60,23.73,12172531,72420,76.57,3407.82,0,1200,400,720,240,4200,7500,8500,102,1.5,6000,0,0,0,0,0,72.17,30,69.9,65.02,54.9,0,0
2026-08-10T09:06:24.586000+09:00,2026-08-10T00:06:24.586000+00:00,094623,2548.3,1,0,0,0,0,13364,499,13364,0,0,0,0,4655,-28608,10342,6,12676,0,129,0,0,0,0,0,0,0,0,0,31082107,2018,0.5,1045.26,3593.55,0,52.9,97.1,67.5,39.7,61.2,521.1,48.9,614.8,172.2,178.2,1087.3,361353,1461,12.93,89.8,1510,2.72,1.14,30.2,39,60,24.39,12172535,72420,75.52,3407.82,0,1200,400,720,240,4200,7500,8500,102,1.5,6000,0,0,0,0,0,70.88,30,66.26,65.4,54.9,0,0
2026-08-10T09:07:24.664000+09:00,2026-08-10T00:07:24.664000+00:00,094623,1731.3,1,0,0,0,0,13364,522,13364,0,0,0,0,4651,-28608,10326,6,4992,0,129,0,0,0,0,0,0,0,0,0,31082107,2018,0.47,779.14,2510.45,0,53,98,67.9,39.8,61.2,520.9,49.1,605.4,159.5,164,1067.8,361353,1461,12.76,90.2,1570,2.91,1.09,24.9,35.7,60,12.77,12172538,72420,67.37,3407.82,0,1200,400,720,240,4200,7500,8500,102,1.5,6000,0,0,0,0,0,66.26,30,63.24,61.48,54.9,0,0
2026-08-10T09:08:24.786000+09:00,2026-08-10T00:08:24.786000+00:00,094623,1769.2,1,0,0,0,0,13364,522,13364,0,0,0,0,4655,-26560,12374,6,4992,0,129,0,0,0,0,0,0,0,0,0,31082107,2018,0.52,845.06,2614.22,0,52.9,97.3,68.5,39.9,60.7,519.4,52.5,600.9,152.6,156.6,1046,361353,1461,12.77,90,1570,2.9,1.12,25.9,36.9,60,9.22,12172540,72420,63.21,3407.82,0,1200,400,720,240,4200,7500,8500,102,1.5,6000,0,0,0,0,0,68.84,30,60.91,61.66,54.9,0,0
2026-08-10T09:09:24.895000+09:00,2026-08-10T00:09:24.895000+00:00,094623,2270.0,1,0,0,0,0,13364,496,13364,0,0,0,0,4651,-28608,10326,6,4480,0,129,0,0,0,0,0,0,0,0,0,31082107,2018,0.55,980.56,3250.53,0,52.8,98.8,68.2,39.9,60.4,516.6,52.1,606.4,160.7,165.6,1086.4,361353,1461,12.7,90.8,1500,2.71,1.16,30,40.6,60,24.23,12172543,72420,71.22,3407.82,0,1200,400,720,240,4200,7500,8500,102,1.5,6000,0,0,0,0,0,73.11,30,69.4,69.89,54.9,0,0
2026-08-10T09:10:24.991000+09:00,2026-08-10T00:10:24.991000+00:00,094623,2271.2,1,0,0,0,0,13364,496,13364,0,0,0,0,4651,-28608,10326,6,4480,0,129,0,0,0,0,0,0,0,0,0,31082107,2018,0.45,913.42,3184.61,0,53.1,98,68,40,60.8,523.6,50.4,610.5,166.9,172.8,1056.2,361354,1462,12.65,88.6,1500,2.71,1.15,29.7,41.2,60,24.48,12172547,72420,78.45,3407.82,0,1200,400,720,240,4200,7500,8500,102,1.5,6000,0,0,0,0,0,72.74,30,69.25,62.28,54.9,0,0
2026-08-10T09:11:25.087000+09:00,2026-08-10T00:11:25.087000+00:00,094623,2398.1,1,0,0,0,0,13364,497,13364,0,0,0,0,4651,-28608,10326,6,4480,0,129,0,0,0,0,0,0,0,0,0,31082107,2018,0.5,1013.52,3411.66,0,53.1,97.4,67.8,40,61.1,523,50.1,612.2,168.2,174,1074.7,361354,1462,12.74,89,1500,2.72,1.16,30,40.2,60,24.57,12172551,72420,72.83,3407.82,0,1200,400,720,240,4200,7500,8500,102,1.5,6000,0,0,0,0,0,72.02,30,65.92,61.94,54.9,0,0
2026-08-10T09:12:25.174000+09:00,2026-08-10T00:12:25.174000+00:00,094623,2443.3,1,0,0,0,0,13364,497,13364,0,0,0,0,4651,-28608,10326,6,4480,0,129,0,0,0,0,0,0,0,0,0,31082107,2018,0.54,959.81,3403.12,0,53.3,99.3,67.8,40,61.3,524.1,49.5,613.8,169.7,175.6,1054.4,361354,1462,12.68,89.6,1500,2.71,1.15,29.8,39.9,60,24.55,12172555,72420,73.33,3407.83,0,1200,400,720,240,4200,7500,8500,102,1.5,6000,0,0,0,0,0,71.65,30,72.51,62.63,54.9,0,0
2026-08-10T09:13:25.283000+09:00,2026-08-10T00:13:25.283000+00:00,094623,2481.2,1,0,0,0,0,13364,496,13364,0,0,0,0,4651,-28608,18518,6,4480,528,129,0,0,0,0,0,0,0,0,0,31082107,2018,0.53,1070.89,3552.05,0,53.4,97.7,68,40.1,61.5,524.8,49.5,613.3,169.3,175.2,1091.7,361354,1462,12.68,90.5,1500,2.69,1.16,30.1,39.8,60,24.28,12172559,72420,73.43,3407.83,0,1200,400,720,240,4200,7500,8500,102,1.5,6000,0,0,0,0,0,72.03,30,68.4,65.42,54.9,0,0
2026-08-10T09:14:25.372000+09:00,2026-08-10T00:14:25.372000+00:00,094623,1705.7,1,0,0,0,0,13364,500,13364,0,0,0,0,4655,-28608,10326,6,4992,0,129,0,0,0,0,0,0,0,0,0,31082107,2018,0.47,618,2323.68,0,53.5,97.9,68.1,40.1,61.7,527.2,49.3,610.3,166.4,172,1092.3,361354,1462,12.3,91,1500,2.77,1.12,23.5,35.6,60,12.91,12172562,72420,75.77,3407.83,0,1200,400,720,240,4200,7500,8500,102,1.5,6000,0,0,0,0,0,65.14,30,61.05,61.01,55,0,0
2026-08-10T09:15:25.477000+09:00,2026-08-10T00:15:25.477000+00:00,094623,1308.9,1,0,0,0,0,13364,496,13364,0,0,0,0,4655,-28608,10326,518,4992,0,129,0,0,0,0,0,0,0,0,0,31082107,2018,0.5,469.07,1778.01,0,53.4,97.2,68.5,40.2,61.3,526.6,50.5,601.8,152.7,156.4,1042.1,361354,1462,12.65,90.4,1490,2.76,1.12,22.5,38.1,60,10.86,12172564,72420,64.1,3407.83,0,1200,400,720,240,4200,7500,8500,102,1.5,6000,0,0,0,0,0,66.01,30,57.61,59.27,54.9,0,0
2026-08-10T09:16:25.578000+09:00,2026-08-10T00:16:25.578000+00:00,094623,2017.3,1,0,0,0,0,13364,494,13364,0,0,0,0,4655,-26560,8278,6,4481,8,129,0,0,0,0,0,0,0,0,0,31082107,2018,0.49,887.78,2905.06,0,53.2,98.2,68.2,40.3,60.7,518.3,50.9,604.8,152.6,156.4,1070.9,361355,1463,12.61,91.7,1490,2.69,1.18,29,42.1,60,21.36,12172567,72420,64.36,3407.83,0,1200,400,720,240,4200,7500,8500,102,1.5,6000,0,0,0,0,0,72.27,30,66.53,71.53,54.9,0,0
2026-08-10T09:17:25.657000+09:00,2026-08-10T00:17:25.657000+00:00,094623,2272.4,1,0,0,0,0,13364,495,13364,0,0,0,0,4651,-28608,10326,6,4480,0,129,0,0,0,0,0,0,0,0,0,31082107,2018,0.46,914.64,3187.05,0,53.4,99.5,68,40.3,60.9,523.8,50.4,610.1,164.1,169.7,1067.6,361355,1463,12.76,88.4,1490,2.69,1.15,29.7,41.2,60,24.5,12172571,72420,78.7,3407.83,0,1200,400,720,240,4200,7500,8500,102,1.5,6000,0,0,0,0,0,73.25,30,73.58,62.63,55,0,0
2026-08-10T09:18:25.771000+09:00,2026-08-10T00:18:25.771000+00:00,094623,2531.2,1,0,0,0,0,13364,496,13364,0,0,0,0,4655,-28608,18518,6,4480,528,129,0,0,0,0,0,0,0,0,0,31082107,2018,0.47,1130.71,3661.92,0,53.3,96.7,67.9,40.3,61.2,521.4,49.5,612.4,169.5,175.3,1065.5,361355,1463,12.86,89,1500,2.71,1.16,30.3,39.1,60,24.42,12172575,72420,73.49,3407.83,0,1200,400,720,240,4200,7500,8500,102,1.5,6000,0,0,0,0,0,72.98,30,64.93,62.34,55,0,0
2026-08-10T09:19:25.867000+09:00,2026-08-10T00:19:25.867000+00:00,094623,1475.0,1,0,0,0,0,13364,491,13364,0,0,0,0,4651,-28608,10326,6,4992,0,129,0,0,0,0,0,0,0,0,0,31082107,2018,0.44,536.21,2011.17,0,53.3,98.2,67.9,40.2,61.5,524.8,51.2,606,162,167,1046.9,361355,1463,12.61,89.8,1480,2.74,1.11,22.8,36,60,11.04,12172578,72420,65.07,3407.83,0,1200,400,720,240,4200,7500,8500,102,1.5,6000,0,0,0,0,0,64.73,30,60.7,55.55,55,0,0
2026-08-10T09:20:25.942000+09:00,2026-08-10T00:20:25.942000+00:00,094623,1420.0,1,0,0,0,0,13364,490,13364,0,0,0,0,4655,-28608,10326,6,4992,0,129,0,0,0,0,0,0,0,0,0,31082107,2018,0.48,578.94,1998.96,0,53.1,97.3,68.2,40.3,61,520.5,50.3,602.6,154.1,158,1053.8,361355,1463,12.58,91.2,1480,2.72,1.11,23,36.2,60,11.26,12172580,72420,63.07,3407.83,0,1200,400,720,240,4200,7500,8500,102,1.5,6000,0,0,0,0,0,65.63,30,57.14,61.03,55,0,0
2026-08-10T09:21:26.058000+09:00,2026-08-10T00:21:26.058000+00:00,094623,2281.0,1,0,0,0,0,13364,497,13364,0,0,0,0,4655,-26560,12438,6,20896,72,129,0,0,0,0,0,0,0,0,0,31082107,2018,0.49,947.6,3228.55,0,52.9,98.6,68.2,40.3,60.7,514.8,50.1,607.6,159.9,165.1,1037.1,361355,1463,12.57,90.7,1500,2.7,1.16,29.9,40.6,60,23.23,12172583,72420,70.26,3407.84,0,1200,400,720,240,4200,7500,8500,102,1.5,6000,0,0,0,0,0,73.78,30,69.25,69.6,55,0,0
2026-08-10T09:22:26.155000+09:00,2026-08-10T00:22:26.155000+00:00,094623,2122.3,1,0,0,0,0,13364,495,13364,0,0,0,0,4651,-28608,10326,6,4480,0,129,0,0,0,0,0,0,0,0,0,31082107,2018,0.44,830.41,2952.67,0,53.1,98.5,68,40.3,60.9,525.4,50,609,164.6,170.2,1042.8,361356,1464,12.63,88.4,1490,2.69,1.16,29.3,42.3,60,24.48,12172587,72420,75.58,3407.84,0,1200,400,720,240,4200,7500,8500,102,1.5,6000,0,0,0,0,0,73.52,30,70.78,61.49,55,0,0
2026-08-10T09:23:26.222000+09:00,2026-08-10T00:23:26.222000+00:00,094623,2483.6,1,0,0,0,0,13364,495,13364,0,0,0,0,4655,-28608,18582,6,20864,528,129,0,0,0,0,0,0,0,0,0,31082107,2018,0.48,986.66,3470.26,0,53.1,96.9,67.6,40.3,61.1,523.2,50.3,613.5,166.9,172.6,1052.5,361356,1464,12.76,89.4,1490,2.7,1.15,30.3,40,60,24.3,12172591,72420,72.31,3407.84,0,1200,400,720,240,4200,7500,8500,102,1.5,6000,0,0,0,0,0,72.11,30,64.9,62.82,55,0,0
2026-08-10T09:24:26.322000+09:00,2026-08-10T00:24:26.322000+00:00,094623,2372.5,1,0,0,0,0,13364,501,13364,0,0,0,0,4655,-28608,10326,6,4992,0,129,0,0,0,0,0,0,0,0,0,31082107,2018,0.53,1052.58,3425.09,0,53.3,99.2,67.5,40.2,61.4,522.2,49.8,615.7,169.6,175.6,1078.6,361356,1464,12.61,89.8,1510,2.75,1.12,27.8,35.8,60,21.16,12172595,72420,73.02,3407.84,0,1200,400,720,240,4200,7500,8500,102,1.5,6000,0,0,0,0,0,68.73,30,69.6,61.11,55,0,0
2026-08-10T09:25:26.422000+09:00,2026-08-10T00:25:26.422000+00:00,094623,1926.6,1,0,0,0,0,13364,516,13364,0,0,0,0,4655,-28608,10342,6,13188,0,129,0,0,0,0,0,0,0,0,0,31082107,2018,0.47,896.33,2822.96,0,53.2,96.6,68.2,40.2,61.4,520.7,50.9,604.6,156.4,160.7,1048,361356,1464,12.68,91.3,1570,2.86,1.12,26,35.6,60,10.19,12172597,72420,65.47,3407.84,0,1200,400,720,240,4200,7500,8500,102,1.5,6000,0,0,0,0,0,66.44,30,58.04,62.14,55,0,0
2026-08-10T09:26:26.506000+09:00,2026-08-10T00:26:26.506000+00:00,094623,1420.0,1,0,0,0,0,13364,492,13364,0,0,0,0,4651,-28608,12374,6,4512,72,129,0,0,0,0,0,0,0,0,0,31082107,2018,0.41,539.87,1959.9,0,53.1,98.8,68.5,40.3,61,521.7,51.3,602.1,151.2,155.1,1053.6,361356,1464,12.61,90.9,1480,2.72,1.15,23.6,38.9,60,11.51,12172599,72420,65.63,3407.84,0,1200,400,720,240,4200,7500,8500,102,1.5,6000,0,0,0,0,0,67.14,30,62.93,62.43,55,0,0
2026-08-10T09:27:26.610000+09:00,2026-08-10T00:27:26.610000+00:00,094623,2364.0,1,0,0,0,0,13364,497,13364,0,0,0,0,4655,-26560,10326,6,4481,0,129,0,0,0,0,0,0,0,0,0,31082107,2018,0.5,1003.75,3367.72,0,53.2,98.7,67.9,40.3,60.8,517.6,51.1,610.6,163.1,168.6,1071.8,361356,1464,12.57,89.8,1500,2.71,1.14,29.8,39.6,60,23.87,12172602,72420,70.81,3407.84,0,1200,400,720,240,4200,7500,8500,102,1.5,6000,0,0,0,0,0,73.13,30,70.79,66.71,55,0,0
2026-08-10T09:28:26.709000+09:00,2026-08-10T00:28:26.709000+00:00,094623,2348.1,1,0,0,0,0,13364,495,13364,0,0,0,0,4651,-28608,18518,6,4480,528,129,0,0,0,0,0,0,0,0,0,31082107,2018,0.48,964.69,3312.78,0,53.3,98.2,67.7,40.3,61.2,522.9,50.1,613.1,166.5,172.3,1083.4,361357,1465,12.46,89.8,1500,2.7,1.15,29.8,40.4,60,24.34,12172607,72420,75.78,3407.84,0,1200,400,720,240,4200,7500,8500,102,1.5,6000,0,0,0,0,0,72.2,30,70.43,66.31,55,0,0
2026-08-10T09:29:26.813000+09:00,2026-08-10T00:29:26.813000+00:00,094623,2305.4,1,0,0,0,0,13364,498,13364,0,0,0,0,4651,-28608,10326,6,4480,0,129,0,0,0,0,0,0,0,0,0,31082107,2018,0.49,898.77,3204.14,0,53.4,97.2,67.4,40.3,61.4,526.8,49.5,608.3,166.9,172.3,1042.7,361357,1465,12.73,89.9,1500,2.7,1.16,29.6,41,60,24.51,12172611,72420,74.95,3407.85,0,1200,400,720,240,4200,7500,8500,102,1.5,6000,0,0,0,0,0,70.7,30,66.96,66.42,55.6,0,0
2026-08-10T09:30:26.906000+09:00,2026-08-10T00:30:26.906000+00:00,094623,2256.5,1,0,0,0,0,13364,500,13364,0,0,0,0,4651,-28608,10326,6,4992,0,129,0,0,0,0,0,0,0,0,0,31082107,2018,0.52,937.83,3194.37,0,53.5,97.9,67.3,40.2,61.6,524.1,49.4,614.9,169.9,175.8,1061.3,361357,1465,12.86,90.2,1510,2.72,1.11,27.1,36.2,60,20.42,12172615,72420,74.5,3407.85,0,1200,400,720,240,4200,7500,8500,102,1.5,6000,0,0,0,0,0,66.34,30,64.99,64.38,55.6,0,0
2026-08-10T09:31:26.999000+09:00,2026-08-10T00:31:26.999000+00:00,094623,1505.5,1,0,0,0,0,13364,518,13364,0,0,0,0,4651,-28608,12374,6,5024,72,129,0,0,0,0,0,0,0,0,0,31082107,2018,0.48,708.33,2213.81,0,53.4,97.2,68.5,40.2,61.4,520.7,49.5,604.5,156,160,1072.9,361357,1465,12.36,90.1,1560,2.9,1.05,22.8,33.6,60,15.15,12172617,72420,66.47,3407.85,0,1200,400,720,240,4200,7500,8500,102,1.5,6000,0,0,0,0,0,65.64,30,58.67,60.28,55.6,0,0
2026-08-10T09:32:27.084000+09:00,2026-08-10T00:32:27.084000+00:00,094623,1410.2,1,0,0,0,0,13364,492,13364,0,0,0,0,4651,-28608,10326,6,4480,0,129,0,0,0,0,0,0,0,0,0,31082107,2018,0.47,527.67,1937.92,0,53.2,98.3,68.8,40.2,60.9,523.5,50.4,599.4,150.4,153.9,1070.6,361357,1465,12.11,90.6,1480,2.72,1.17,24.3,40.7,60,12.7,12172619,72420,60.08,3407.85,0,1200,400,720,240,4200,7500,8500,102,1.5,6000,0,0,0,0,0,67.96,30,61.4,62.19,55.6,0,0
2026-08-10T09:33:27.183000+09:00,2026-08-10T00:33:27.183000+00:00,094623,2418.9,1,0,0,0,0,13364,496,13364,0,0,0,0,4651,-28608,18518,6,4480,528,129,0,0,0,0,0,0,0,0,0,31082107,2018,0.5,1160.01,3578.91,0,53.2,99.6,68.2,40.2,60.7,517.4,50.3,610.1,163.3,169,1065.7,361357,1465,12.71,89.4,1500,2.7,1.16,30.6,39.5,60,24.26,12172622,72420,78.49,3407.85,0,1200,400,720,240,4200,7500,8500,102,1.5,6000,0,0,0,0,0,73.68,30,73.06,66.65,55.6,0,0
2026-08-10T09:34:27.291000+09:00,2026-08-10T00:34:27.291000+00:00,094623,2298.1,1,0,0,0,0,13364,498,13364,0,0,0,0,4651,-28608,10326,6,4480,0,129,0,0,0,0,0,0,0,0,0,31082107,2018,0.42,918.3,3216.35,0,53.3,97,68,40.1,61.2,524.6,49.8,614.3,166.5,172.2,1049.3,361358,1466,12.91,88.7,1500,2.71,1.14,29.4,40.3,60,24.61,12172626,72420,75.75,3407.85,0,1200,400,720,240,4200,7500,8500,102,1.5,6000,0,0,0,0,0,73.21,30,66.77,62.38,55.6,0,0
2026-08-10T09:35:27.392000+09:00,2026-08-10T00:35:27.392000+00:00,094623,2503.1,1,0,0,0,0,13364,498,13364,0,0,0,0,4651,-28608,10326,518,4480,0,129,0,0,0,0,0,0,0,0,0,31082107,2018,0.52,984.22,3487.35,0,53.3,98,67.6,40.1,61.3,523.5,49.6,614.9,168.3,174,1053.1,361358,1466,12.36,89.7,1500,2.69,1.16,30.3,39.9,60,24.37,12172630,72420,71.65,3407.85,0,1200,400,720,240,4200,7500,8500,102,1.5,6000,0,0,0,0,0,71.78,30,68.15,64.18,55.6,0,0
2026-08-10T09:36:27.500000+09:00,2026-08-10T00:36:27.500000+00:00,094623,2389.6,1,0,0,0,0,13364,496,13364,0,0,0,0,4651,-28608,12374,518,4512,72,129,0,0,0,0,0,0,0,0,0,31082107,2018,0.53,910.98,3300.58,0,53.4,98.6,67.5,40,61.5,526.3,50.8,614.4,168.3,173.8,1073.3,361358,1466,12.68,90.6,1500,2.68,1.16,29.9,40.9,60,23.78,12172634,72420,75.29,3407.85,0,1200,400,720,240,4200,7500,8500,102,1.5,6000,0,0,0,0,0,70.62,30,71.28,66.97,55.6,0,0
2026-08-10T09:37:27.579000+09:00,2026-08-10T00:37:27.579000+00:00,094623,2633.8,1,0,0,0,0,13364,498,13364,0,0,0,0,4655,-28608,10326,6,4480,0,129,0,0,0,0,0,0,0,0,0,31082107,2018,0.51,1102.63,3736.38,0,53.5,97.5,67.6,40.1,61.7,523.3,50.2,617.8,169.7,175.3,1098.5,361358,1466,12.64,90.2,1510,2.69,1.16,30.7,39.1,60,24.55,12172639,72420,76.64,3407.86,0,1200,400,720,240,4200,7500,8500,102,1.5,6000,0,0,0,0,0,70.3,30,67.93,66.83,55.6,0,0
2026-08-10T09:38:27.683000+09:00,2026-08-10T00:38:27.683000+00:00,094623,1330.9,1,0,0,0,0,13364,505,13364,0,0,0,0,4655,-26560,18518,6,4992,16,129,0,0,0,0,0,0,0,0,0,31082107,2018,0.45,510.57,1841.49,0,53.5,97.7,68.3,40.1,61.7,524.6,50.5,607,157.6,161.7,1037.1,361358,1466,12.91,90,1510,2.81,1.04,21.4,34.4,60,11.19,12172641,72420,67.94,3407.86,0,1200,400,720,240,4200,7500,8500,102,1.5,6000,0,0,0,0,0,64.18,30,60.1,58.28,55.6,0,0
2026-08-10T09:39:27.781000+09:00,2026-08-10T00:39:27.781000+00:00,094623,1357.8,1,0,0,0,0,13364,513,13364,0,0,0,0,4651,-26560,10326,6,4992,0,129,0,0,0,0,0,0,0,0,0,31082107,2018,0.45,613.12,1970.88,0,53.3,97.8,68.8,40.2,61.1,520.8,50.2,601.4,150.2,153.7,1047.1,361358,1466,12.77,90.7,1540,2.88,1.04,21.8,34.2,60,12.39,12172643,72420,63.34,3407.86,0,1200,400,720,240,4200,7500,8500,102,1.5,6000,0,0,0,0,0,66.83,30,59.35,61.79,55.6,0,0
2026-08-10T09:40:27.888000+09:00,2026-08-10T00:40:27.888000+00:00,094623,2475.1,1,0,0,0,0,13364,495,13364,0,0,0,0,4651,-28608,10390,6,20864,0,129,0,0,0,0,0,0,0,0,0,31082107,2018,0.54,1098.97,3574.02,0,53.3,98.7,68.3,40.3,60.9,515.4,50,611.6,162.1,167.6,1084.7,361359,1467,12.52,90.3,1500,2.69,1.16,30.6,39.2,60,24.2,12172646,72420,70.69,3407.86,0,1200,400,720,240,4200,7500,8500,102,1.5,6000,0,0,0,0,0,73.83,30,70.26,68.68,55.6,0,0
2026-08-10T09:41:27.985000+09:00,2026-08-10T00:41:27.985000+00:00,094623,1639.8,1,0,0,0,0,13364,486,13364,0,0,0,0,4651,-28608,12374,6,5024,72,129,0,0,0,0,0,0,0,0,0,31082107,2018,0.4,528.89,2168.65,0,53.4,98,68.3,40.3,61.4,521.9,50,611.3,161.7,167,1060.6,361359,1467,12.63,89.3,1370,2.7,1.82,25.6,38.8,60,11.94,12172650,72420,75.27,3407.86,0,1200,400,720,240,4200,7500,8500,102,1.5,6000,0,0,0,0,0,66.55,30,62.07,57.47,55.6,0,0
2026-08-10T09:42:28.097000+09:00,2026-08-10T00:42:28.097000+00:00,094623,1267.4,1,0,0,0,0,13364,496,13364,0,0,0,0,4655,-28608,10342,6,4992,0,129,0,0,0,0,0,0,0,0,0,31082107,2018,0.46,409.25,1676.69,0,53,97.1,68.1,40.4,60.9,524.5,51.5,603.1,149.3,152.8,1050.9,361359,1467,12.65,90.2,1430,2.75,1.57,23.6,40.2,60,11.19,12172652,72420,58.96,3407.86,0,1200,400,720,240,4200,7500,8500,102,1.5,6000,0,0,0,0,0,66.06,30,57.42,59.23,55.6,0,0
2026-08-10T09:43:28.177000+09:00,2026-08-10T00:43:28.177000+00:00,094623,2168.6,1,0,0,0,0,13364,495,13364,0,0,0,0,4651,-28608,10326,6,4480,0,129,0,0,0,0,0,0,0,0,0,31082107,2018,0.48,1080.66,3249.31,0,53,98.1,67.7,40.5,60.4,515,50,605.9,151.3,155.5,1079,361359,1467,12.67,91.4,1500,2.69,1.19,29.9,41.2,60,22.31,12172654,72420,66.99,3407.86,0,1200,400,720,240,4200,7500,8500,102,1.5,6000,0,0,0,0,0,71.66,30,67.44,71.7,55.7,0,0
2026-08-10T09:44:28.297000+09:00,2026-08-10T00:44:28.297000+00:00,094623,2006.0,1,0,0,0,0,13364,502,13364,0,0,0,0,4651,-28608,10326,6,13188,0,129,0,0,0,0,0,0,0,0,0,31082107,2018,0.41,849.94,2855.92,0,53.1,99.3,67.9,40.4,60.9,521.3,49.4,613.4,165.5,171.8,1046.5,361359,1467,12.76,88,1510,2.76,1.09,25.9,35.3,60,17.79,12172658,72420,76.4,3407.86,0,1200,400,720,240,4200,7500,8500,102,1.5,6000,0,0,0,0,0,68.61,30,69.18,57.17,55.6,0,0
2026-08-10T09:45:28.393000+09:00,2026-08-10T00:45:28.393000+00:00,094623,1243.0,1,0,0,0,0,13364,491,13364,0,0,0,0,4651,-28608,10326,6,4992,0,129,0,0,0,0,0,0,0,0,0,31082107,2018,0.41,454.42,1697.44,0,52.7,96.2,67.9,40.4,60.7,524.2,50.4,600.8,149.9,153.6,1031.7,361359,1467,12.46,90.6,1480,2.72,1.09,22.1,37.8,60,11.14,12172660,72420,58.29,3407.86,0,1200,400,720,240,4200,7500,8500,102,1.5,6000,0,0,0,0,0,64.72,30,54.76,59.54,55.7,0,0
2026-08-10T09:46:28.479000+09:00,2026-08-10T00:46:28.479000+00:00,094623,1544.5,1,0,0,0,0,13364,493,13364,0,0,0,0,4655,-28608,12374,6,4512,8,129,0,0,0,0,0,0,0,0,0,31082107,2018,0.32,681.48,2226.02,0,52.7,98.9,67.7,40.5,60.2,519.2,52.8,601.8,146.2,149.8,1046.4,361360,1468,12.64,91,1490,2.71,1.2,25.7,40.8,60,14.27,12172662,72420,63.69,3407.87,0,1200,400,720,240,4200,7500,8500,102,1.5,6000,0,0,0,0,0,66.41,30,65.62,64.72,55.7,0,0
2026-08-10T09:47:28.611000+09:00,2026-08-10T00:47:28.611000+00:00,094623,2134.5,1,0,0,0,0,13364,496,13364,0,0,0,0,4651,-28608,10326,6,4480,0,129,0,0,0,0,2,0,0,0,0,31082107,2018,0.18,862.15,2996.61,0,52.8,100.1,68,40.5,60.3,520.1,51.9,610.1,160.4,166.1,1092.2,361360,1468,12.64,89.2,1500,2.7,1.13,29.3,41.3,60,24.46,12172666,72420,75.66,3407.87,0,1200,400,720,240,4200,7500,8500,102,1.5,6000,0,0,0,0,0,72.53,30,75,65.76,55.7,0,0
2026-08-10T09:48:28.690000+09:00,2026-08-10T00:48:28.690000+00:00,094623,2244.3,1,0,0,0,0,13364,498,13364,0,0,0,0,4651,-28608,10326,6,4480,0,129,0,0,0,0,2,0,0,0,0,31082107,2018,0.24,993.99,3238.32,0,53,96,68,40.5,60.7,522.2,50.4,610.8,163.3,169,1062.4,361360,1468,12.73,88.1,1510,2.69,1.16,29.7,40.5,60,24.48,12172670,72420,72.23,3407.87,0,1200,400,720,240,4200,7500,8500,102,1.5,6000,0,0,0,0,0,72.74,30,63.71,59.94,55.7,0,0
2026-08-10T09:49:28.783000+09:00,2026-08-10T00:49:28.783000+00:00,094623,2567.8,1,0,0,0,0,13364,495,13364,0,0,0,0,4655,-28608,10326,590,4480,8192,129,0,0,0,0,2,0,0,0,0,31082107,2018,0.33,1155.13,3722.95,0,53,99.1,67.4,40.6,61,519.1,52.9,614.1,168.5,174.4,1074.2,361360,1468,12.61,90.4,1490,2.66,1.15,30.8,39,60,23.41,12172674,72420,68.06,3407.87,0,1200,400,720,240,4200,7500,8500,102,1.5,6000,0,0,0,0,0,70.31,30,71.31,65.16,55.7,0,0
2026-08-10T09:50:28.886000+09:00,2026-08-10T00:50:28.886000+00:00,094623,1400.5,1,0,0,0,0,13364,514,13364,0,0,0,0,4651,-28608,10326,6,4992,0,129,0,0,0,0,2,0,0,0,0,31082107,2018,0.32,624.1,2024.6,0,53.1,96.6,68.1,40.6,61.2,520.8,51.7,606.7,156.7,161,1067.3,361360,1468,12.62,91.4,1530,2.86,1.03,21.8,33.2,60,12.24,12172677,72420,71.46,3407.87,0,1200,400,720,240,4200,7500,8500,102,1.5,6000,0,0,0,0,0,64.14,30,57.3,61.84,55.7,0,0
2026-08-10T09:51:28.984000+09:00,2026-08-10T00:51:28.984000+00:00,094623,1444.4,1,0,0,0,0,13364,517,13364,0,0,0,0,4651,-28608,10326,6,4992,528,129,0,0,0,0,2,0,0,0,0,31082107,2018,0.23,668.05,2112.49,0,52.9,98.3,68.7,40.6,60.8,516.6,53.4,604.3,150.6,154.4,1065.8,361360,1468,12.93,90.3,1550,2.89,1.04,22.6,33.5,60,13.58,12172679,72420,66.1,3407.87,0,1200,400,720,240,4200,7500,8500,102,1.5,6000,0,0,0,0,0,66.95,30,60.53,61.39,55.7,0,0
2026-08-10T09:52:29.055000+09:00,2026-08-10T00:52:29.055000+00:00,094623,2332.2,1,0,0,0,0,13364,496,13364,0,0,0,0,4651,-28608,10326,6,4480,0,129,0,0,0,0,2,0,0,0,0,31082107,2018,0.22,1031.83,3364.06,0,53,98.8,68.2,40.7,60.6,514.5,52.4,610.7,160.4,165.9,1043.3,361361,1469,12.42,89.4,1500,2.68,1.15,30.3,40,60,24.25,12172682,72420,66.57,3407.87,0,1200,400,720,240,4200,7500,8500,102,1.5,6000,0,0,0,0,0,73.66,30,71.22,65.29,55.7,0,0
2026-08-10T09:53:29.149000+09:00,2026-08-10T00:53:29.149000+00:00,094623,2200.4,1,0,0,0,0,13364,498,13364,0,0,0,0,4651,-28608,10326,6,4480,0,129,0,0,0,0,2,0,0,0,0,31082107,2018,0.28,889,3089.39,0,53.2,97.8,67.6,40.7,61,523.2,52.4,612.2,164.5,170.3,1052.7,361361,1469,12.47,89.5,1500,2.68,1.14,29.6,41.4,60,24.55,12172686,72420,72.69,3407.87,0,1200,400,720,240,4200,7500,8500,102,1.5,6000,0,0,0,0,0,71.87,30,69.08,64.87,55.8,0,0
2026-08-10T09:54:29.259000+09:00,2026-08-10T00:54:29.259000+00:00,094623,2373.7,1,0,0,0,0,13364,496,13364,0,0,0,0,4651,-28608,10326,6,4480,8,129,0,0,0,0,2,0,0,0,0,31082107,2018,0.26,985.44,3359.17,0,53.4,97.7,67.4,40.7,61.3,522.8,51.5,615,166.2,172.1,1046.8,361361,1469,12.76,91.1,1500,2.64,1.16,30,40.3,60,24.49,12172690,72420,74.47,3407.88,0,1200,400,720,240,4200,7500,8500,102,1.5,6000,0,0,0,0,0,70.35,30,67.92,70.23,55.7,0,0
2026-08-10T09:55:29.343000+09:00,2026-08-10T00:55:29.343000+00:00,094623,2428.7,1,0,0,0,0,13364,497,13364,0,0,0,0,4651,-28608,10326,6,4480,0,129,0,0,0,0,2,0,0,0,0,31082107,2018,0.23,908.54,3337.2,0,53.7,99.2,67.6,40.7,61.6,523.6,52,615.4,167.2,173,1052.4,361361,1469,12.69,89.4,1500,2.65,1.15,30.1,40.4,60,24.5,12172694,72420,77.72,3407.88,0,1200,400,720,240,4200,7500,8500,102,1.5,6000,0,0,0,0,0,70.17,30,73.29,65.57,55.8,0,0
2026-08-10T09:56:29.430000+09:00,2026-08-10T00:56:29.430000+00:00,094623,2583.7,1,0,0,0,0,13364,504,13364,0,0,0,0,4651,-28608,18518,590,4992,8720,129,0,0,0,0,2,0,0,0,0,31082107,2018,0.27,1151.46,3735.16,0,53.9,97.8,67.9,40.7,61.9,519.6,52.7,615.7,170.1,175.9,1071.2,361361,1469,12.52,89.1,1520,2.69,1.15,30,38.2,60,23.46,12172698,72420,74.79,3407.88,0,1200,400,720,240,4200,7500,8500,102,1.5,6000,0,0,0,0,0,70.01,30,69.35,62.5,55.8,0,0
2026-08-10T09:57:29.557000+09:00,2026-08-10T00:57:29.557000+00:00,094623,1407.8,1,0,0,0,0,13364,496,13364,0,0,0,0,4655,-28608,10326,518,4992,0,129,0,0,0,0,2,0,0,0,0,31082107,2018,0.37,569.17,1976.99,0,53.8,96.5,68.5,40.8,61.9,524.4,51.8,605.3,157.6,162,1046.8,361361,1469,12.79,89.9,1500,2.71,1.13,23.1,37,60,10.34,12172700,72420,59.22,3407.88,0,1200,400,720,240,4200,7500,8500,102,1.5,6000,0,0,0,0,0,64.65,30,56.68,56.28,55.8,0,0
2026-08-10T09:58:29.612000+09:00,2026-08-10T00:58:29.612000+00:00,094623,1367.5,1,0,0,0,0,13364,493,13364,0,0,0,0,4651,-28608,10326,6,4992,0,129,0,0,0,0,2,0,0,0,0,31082107,2018,0.28,592.36,1959.9,0,53.7,98.1,68.9,40.9,61.4,520.1,51.5,605,153,156.9,1083.2,361362,1470,12.73,93.2,1490,2.69,1.11,23.1,36.6,60,11.14,12172702,72420,65.53,3407.88,0,1200,400,720,240,4200,7500,8500,102,1.5,6000,0,0,0,0,0,66.97,30,59.97,69.25,55.8,0,0
2026-08-10T09:59:29.707000+09:00,2026-08-10T00:59:29.707000+00:00,094623,2204.0,1,0,0,0,0,13364,496,13364,0,0,0,0,4655,-26560,12438,6,20897,72,129,0,0,0,0,2,0,0,0,0,31082107,2018,0.18,957.37,3161.41,0,53.8,99.8,68.7,41,61.3,517.4,53.1,612.1,162.1,167.7,1067.1,361362,1470,12.74,88.5,1500,2.65,1.16,30,41.1,60,23.61,12172706,72420,76.69,3407.88,0,1200,400,720,240,4200,7500,8500,102,1.5,6000,0,0,0,0,0,75.73,30,75.42,63.54,55.8,0,0
2026-08-10T10:00:29.810000+09:00,2026-08-10T01:00:29.810000+00:00,094623,2229.7,1,0,0,0,0,13364,495,13364,0,0,0,0,4651,-28608,10326,6,4480,0,129,0,0,0,0,2,0,0,0,0,31082107,2018,0.27,878.02,3107.7,0,53.8,96.2,68,40.9,61.6,522.8,50.9,613.3,165.7,171.5,1048.3,361362,1470,12.8,88.5,1500,2.64,1.16,29.7,41.4,60,24.42,12172710,72420,70.52,3407.88,0,1200,400,720,240,4200,7500,8500,102,1.5,6000,0,0,0,0,0,74.21,30,64.2,60.89,55.8,0,0
2026-08-10T10:01:29.939000+09:00,2026-08-10T01:01:29.939000+00:00,094623,2243.1,1,0,0,0,0,13364,497,13364,0,0,0,0,4651,-28608,18534,6,12676,528,129,0,0,0,0,2,0,0,0,0,31082107,2018,0.34,890.22,3133.33,0,53.8,98.9,67.1,40.9,61.7,526.2,51.2,612,166,171.4,1071.1,361362,1470,12.73,90.5,1500,2.64,1.16,29.7,41.6,60,24.25,12172714,72420,71.57,3407.88,0,1200,400,720,240,4200,7500,8500,102,1.5,6000,0,0,0,0,0,70.86,30,71.5,65.96,55.8,0,0
2026-08-10T10:02:30.032000+09:00,2026-08-10T01:02:30.032000+00:00,094623,2464.1,1,0,0,0,0,13364,496,13364,0,0,0,0,4651,-28608,10326,6,4480,0,129,0,0,0,0,2,0,0,0,0,31082107,2018,0.26,1053.8,3517.87,0,53.9,98.8,67.3,40.9,61.8,523.6,50.7,613.5,168.4,174,1080,361362,1470,12.85,90.8,1490,2.62,1.16,30.3,40,60,24.48,12172718,72420,79.1,3407.89,0,1200,400,720,240,4200,7500,8500,102,1.5,6000,0,0,0,0,0,70.01,30,72.87,68.91,55.9,0,0
2026-08-10T10:03:30.123000+09:00,2026-08-10T01:03:30.123000+00:00,094623,2003.9,1,0,0,0,0,13364,494,13364,0,0,0,0,4655,-28608,10326,6,4992,0,129,0,0,0,0,2,0,0,0,0,31082107,2018,0.24,869.47,2873.32,0,54,97.4,68,40.9,62.1,523.2,50.5,604.6,162.8,168.2,1086.3,361362,1470,12.77,89.3,1580,2.77,1.11,26.3,35.8,60,10.53,12172721,72420,73.38,3407.89,0,1200,400,720,240,4200,7500,8500,102,1.5,6000,0,0,0,0,0,63.56,30,61.58,56.35,55.8,0,0
2026-08-10T10:04:30.259000+09:00,2026-08-10T01:04:30.259000+00:00,094623,1805.8,1,0,0,0,0,13364,465,13364,0,0,0,0,4651,-28608,12374,6,5024,72,129,0,0,0,0,2,0,0,0,0,31082107,2018,0.36,842.62,2648.4,0,53.7,96.5,68.8,41,61.7,520.8,50.8,603.1,153.8,157.8,1061.3,361363,1471,12.42,90.1,1480,2.5,1.24,26.8,37.1,60,10.71,12172723,72420,56.1,3407.89,0,1200,400,720,240,4200,7500,8500,102,1.5,6000,0,0,0,0,0,66.08,30,55.46,57.67,55.9,0,0
2026-08-10T10:05:30.347000+09:00,2026-08-10T01:05:30.347000+00:00,094623,2179.6,1,0,0,0,0,13364,495,13364,0,0,0,0,4655,-28608,10326,590,4480,8192,129,0,0,0,0,2,0,0,0,0,31082107,2018,0.25,1025.73,3205.36,0,53.6,98.7,68.6,41,61.3,514.3,53.8,605.3,156.6,161,1064.6,361363,1471,12.58,92,1500,2.63,1.18,30,40.7,60,21.95,12172726,72420,70.03,3407.89,0,1200,400,720,240,4200,7500,8500,102,1.5,6000,0,0,0,0,0,74.24,30,69.78,73.54,55.9,0,0
2026-08-10T10:06:30.423000+09:00,2026-08-10T01:06:30.423000+00:00,094623,2166.2,1,0,0,0,0,13364,496,13364,0,0,0,0,4651,-28608,18518,518,4480,528,129,0,0,0,0,2,0,0,0,0,31082107,2018,0.26,879.24,3045.44,0,53.9,98.1,68.5,41.1,61.6,522.8,52.4,613.6,165.9,171.9,1066.3,361363,1471,12.74,88.2,1500,2.64,1.13,29.4,41.5,60,23.66,12172730,72420,82.42,3407.89,0,1200,400,720,240,4200,7500,8500,102,1.5,6000,0,0,0,0,0,75.55,30,71.49,62.35,55.9,0,0
2026-08-10T10:07:30.502000+09:00,2026-08-10T01:07:30.502000+00:00,094623,2267.5,1,0,0,0,0,13364,498,13364,0,0,0,0,4651,-28608,10326,518,4480,0,129,0,0,0,0,0,0,0,0,0,31082107,2018,0.46,862.15,3129.67,0,53.7,96.9,68,41.1,61.8,525.3,51.1,618,165,170.5,1049.8,361363,1471,12.84,88.8,1500,2.63,1.15,29.7,41.5,60,23.99,12172734,72420,68.63,3407.89,0,1200,400,720,240,4200,7500,8500,102,1.5,6000,0,0,0,0,0,74.56,30,65.24,61.61,55.9,0,0
2026-08-10T10:08:30.601000+09:00,2026-08-10T01:08:30.601000+00:00,094623,2359.1,1,0,0,0,0,13364,496,13364,0,0,0,0,4651,-28608,10326,6,4480,0,129,0,0,0,0,0,0,0,0,0,31082107,2018,0.49,1008.64,3367.72,0,53.9,98.9,67.6,41.2,61.9,525.6,50.1,618.8,165.1,170.5,1046.2,361363,1471,12.7,89.7,1500,2.63,1.16,30,40.4,60,24.54,12172738,72420,72.73,3407.89,0,1200,400,720,240,4200,7500,8500,102,1.5,6000,0,0,0,0,0,72.88,30,72.43,63.13,55.9,0,0
2026-08-10T10:09:30.706000+09:00,2026-08-10T01:09:30.706000+00:00,094623,2490.9,1,0,0,0,0,13364,496,13364,0,0,0,0,4651,-28608,12374,6,4512,72,129,0,0,0,0,0,0,0,0,0,31082107,2018,0.5,1086.76,3577.68,0,53.9,97,67.6,41.1,62.1,524.7,51,616.9,168.3,174,1069.2,361363,1471,12.71,90.9,1500,2.61,1.15,30,39,60,24.15,12172742,72420,75.83,3407.89,0,1200,400,720,240,4200,7500,8500,102,1.5,6000,0,0,0,0,0,72.27,30,66.03,67.26,55.9,0,0
2026-08-10T10:10:30.801000+09:00,2026-08-10T01:10:30.801000+00:00,094623,2116.1,1,0,0,0,0,13364,502,13364,0,0,0,0,4651,-28608,10326,6,4992,0,129,0,0,0,0,0,0,0,0,0,31082107,2018,0.48,815.76,2931.91,0,53.9,98.6,67.7,41.1,62.4,527.5,50.3,617.4,168.5,174,1103.9,361364,1472,12.74,90,1510,2.68,1.1,26.3,35.9,60,19.36,12172746,72420,77.99,3407.89,0,1200,400,720,240,4200,7500,8500,102,1.5,6000,0,0,0,0,0,68.38,30,66.81,61.99,56,0,0
2026-08-10T10:11:30.897000+09:00,2026-08-10T01:11:30.897000+00:00,094623,1327.2,1,0,0,0,0,13364,504,13364,0,0,0,0,4651,-28608,18518,6,4992,528,129,0,0,0,0,0,0,0,0,0,31082107,2018,0.44,566.73,1893.98,0,53.9,97,68.3,41.2,62.1,522.8,51,605.9,154.7,158.4,1059.3,361364,1472,12.68,90.9,1500,2.72,1.05,21.7,34,60,12.46,12172748,72420,62.55,3407.9,0,1200,400,720,240,4200,7500,8500,102,1.5,6000,0,0,0,0,0,65.98,30,57.65,60.62,56,0,0
2026-08-10T10:12:30.994000+09:00,2026-08-10T01:12:30.994000+00:00,094623,1443.2,1,0,0,0,0,13364,493,13364,0,0,0,0,4651,-28608,10326,6,4480,0,129,0,0,0,0,0,0,0,0,0,31082107,2018,0.43,588.7,2031.92,0,53.8,98.6,68.4,41.3,61.6,522.5,50.4,603.1,149.8,153.2,1030.9,361364,1472,12.68,90.5,1490,2.64,1.18,25,40.8,60,13.46,12172750,72420,65.7,3407.9,0,1200,400,720,240,4200,7500,8500,102,1.5,6000,0,0,0,0,0,68.64,30,63.55,62.78,56,0,0
2026-08-10T10:13:31.078000+09:00,2026-08-10T01:13:31.078000+00:00,094623,2124.7,1,0,0,0,0,13364,496,13364,0,0,0,0,4651,-28608,10326,6,4480,0,129,0,0,0,0,0,0,0,0,0,31082107,2018,0.51,882.9,3007.6,0,53.8,99,68,41.3,61.4,523.2,51.6,612.6,160.8,165.9,1049.6,361364,1472,12.56,89.8,1490,2.62,1.15,29.8,42.5,60,24.41,12172754,72420,71.08,3407.9,0,1200,400,720,240,4200,7500,8500,102,1.5,6000,0,0,0,0,0,73.92,30,71.96,66.87,56,0,0
2026-08-10T10:14:31.188000+09:00,2026-08-10T01:14:31.188000+00:00,094623,2162.6,1,0,0,0,0,13364,496,13364,0,0,0,0,4651,-28608,12374,6,4512,72,129,0,0,0,0,0,0,0,0,0,31082107,2018,0.5,857.26,3019.81,0,53.8,97.8,67.9,41.3,61.6,528.1,51.7,613.6,162.5,167.6,1050.2,361364,1472,12.53,89.6,1500,2.62,1.17,29.8,42.8,60,24.17,12172758,72420,75.86,3407.9,0,1200,400,720,240,4200,7500,8500,102,1.5,6000,0,0,0,0,0,73.5,30,69.2,65.73,56,0,0
2026-08-10T10:15:31.274000+09:00,2026-08-10T01:15:31.274000+00:00,094623,2395.7,1,0,0,0,0,13364,497,13364,0,0,0,0,4651,-28608,10326,6,4480,0,129,0,0,0,0,0,0,0,0,0,31082107,2018,0.5,957.37,3353.07,0,53.9,97.3,67.7,41.4,61.8,524.4,50.7,616.4,165.8,171.3,1043.7,361364,1472,12.87,89.7,1500,2.63,1.15,29.9,40.1,60,24.56,12172762,72420,73.06,3407.9,0,1200,400,720,240,4200,7500,8500,102,1.5,6000,0,0,0,0,0,72.6,30,66.86,65.52,56,0,0
2026-08-10T10:16:31.388000+09:00,2026-08-10T01:16:31.388000+00:00,094623,2409.1,1,0,0,0,0,13364,497,13364,0,0,0,0,4655,-28608,2198,590,20864,8192,129,0,0,0,0,0,0,0,0,0,31082107,2018,0.54,965.91,3375.04,0,54.2,98.1,68,41.3,62.2,525.3,51.8,616.7,167.1,172.5,1049.1,361365,1473,12.09,89.9,1500,2.62,1.15,29.9,40.1,60,24.14,12172766,72420,73.39,3407.9,0,1200,400,720,240,4200,7500,8500,102,1.5,6000,0,0,0,0,0,73.36,30,68.83,65.9,56,0,0
2026-08-10T10:17:31.473000+09:00,2026-08-10T01:17:31.473000+00:00,094623,2393.3,1,0,0,0,0,13364,497,13364,0,0,0,0,4655,-28608,10326,6,4480,0,129,0,0,0,0,0,0,0,0,0,31082107,2018,0.55,892.67,3285.93,0,54.3,98.9,68.2,41.3,62.5,526,51.2,618.3,168.7,174.3,1071.8,361365,1473,12.21,90,1500,2.62,1.14,29.7,40.3,60,24.55,12172770,72420,75.37,3407.9,0,1200,400,720,240,4200,7500,8500,102,1.5,6000,0,0,0,0,0,74.08,30,72.07,66.04,56,0,0
2026-08-10T10:18:31.560000+09:00,2026-08-10T01:18:31.560000+00:00,094623,2288.3,1,0,0,0,0,13364,497,13364,0,0,0,0,4655,-28608,10390,6,20864,0,129,0,0,0,0,0,0,0,0,0,31082107,2018,0.55,834.07,3122.35,0,54.5,98.5,68.4,41.4,62.6,530,50.2,616.1,167.1,172.2,1045.2,361365,1473,12.77,90.5,1500,2.63,1.15,29.5,41.5,60,24.47,12172774,72420,74.15,3407.9,0,1200,400,720,240,4200,7500,8500,102,1.5,6000,0,0,0,0,0,75.14,30,72.02,67.84,56,0,0
2026-08-10T10:19:31.671000+09:00,2026-08-10T01:19:31.671000+00:00,094623,2405.5,1,0,0,0,0,13364,501,13364,0,0,0,0,4655,-28608,12374,518,5024,8,129,0,0,0,0,0,0,0,0,0,31082107,2018,0.54,942.72,3348.19,0,54.6,98.7,68.4,41.4,62.7,525,51.1,620.5,167.4,172.8,1075.9,361365,1473,12.91,90,1510,2.65,1.11,27.9,36.4,60,20.46,12172778,72420,77.15,3407.91,0,1200,400,720,240,4200,7500,8500,102,1.5,6000,0,0,0,0,0,73.51,30,71.16,64.63,56,0,0
2026-08-10T10:20:31.770000+09:00,2026-08-10T01:20:31.770000+00:00,094623,1905.9,1,0,0,0,0,13364,487,13364,0,0,0,0,4651,-28608,10342,6,13188,0,129,0,0,0,0,0,0,0,0,0,31082107,2018,0.49,914.64,2820.52,0,54.6,96.7,68.4,41.5,62.6,524.3,50.4,606.3,155.7,159.8,1063.9,361365,1473,12.84,90.3,1530,2.58,1.17,26.6,36.3,60,10.19,12172780,72420,67.54,3407.91,0,1200,400,720,240,4200,7500,8500,102,1.5,6000,0,0,0,0,0,68.24,30,59.12,59.75,56.1,0,0
2026-08-10T10:21:31.872000+09:00,2026-08-10T01:21:31.872000+00:00,094623,1434.7,1,0,0,0,0,13364,494,13364,0,0,0,0,4651,-28608,10326,6,4480,0,129,0,0,0,0,0,0,0,0,0,31082107,2018,0.52,627.77,2062.44,0,54.4,97.8,68,41.5,62.1,521.2,51.2,605,152.1,155.9,1052.6,361365,1473,12.73,92.1,1490,2.66,1.15,23.8,37.5,60,11.44,12172782,72420,61.58,3407.91,0,1200,400,720,240,4200,7500,8500,102,1.5,6000,0,0,0,0,0,67.89,30,61.38,66.98,56.1,0,0
2026-08-10T10:22:31.971000+09:00,2026-08-10T01:22:31.971000+00:00,094623,2085.6,1,0,0,0,0,13364,496,13364,0,0,0,0,4655,-28608,10326,6,4480,0,129,0,0,0,0,0,0,0,0,0,31082107,2018,0.49,832.85,2918.48,0,54.5,99.2,68.1,41.5,62.1,523.1,51.8,614,160.8,166,1049.9,361366,1474,12.74,89,1490,2.63,1.14,29.2,41.8,60,24.42,12172786,72420,78.33,3407.91,0,1200,400,720,240,4200,7500,8500,102,1.5,6000,0,0,0,0,0,75.71,30,73.91,66.52,56.1,0,0
2026-08-10T10:23:32.064000+09:00,2026-08-10T01:23:32.064000+00:00,094623,2237.0,1,0,0,0,0,13364,497,13364,0,0,0,0,4651,-28608,10326,6,4480,0,129,0,0,0,0,0,0,0,0,0,31082107,2018,0.47,856.04,3093.05,0,54.5,97.3,68,41.5,62.2,526.1,50.7,614.8,162,167.1,1045.2,361366,1474,12.51,88.7,1500,2.63,1.16,29.8,42.2,60,24.54,12172790,72420,75.1,3407.91,0,1200,400,720,240,4200,7500,8500,102,1.5,6000,0,0,0,0,0,75.74,30,68.95,63.69,56.1,0,0
2026-08-10T10:24:32.154000+09:00,2026-08-10T01:24:32.154000+00:00,094623,2313.9,1,0,0,0,0,13364,498,13364,0,0,0,0,4651,-28608,2134,6,4480,528,129,0,0,0,0,0,0,0,0,0,31082107,2018,0.51,910.98,3224.89,0,54.4,97.6,67.6,41.6,62.3,526.6,50.5,615.7,164.8,170.1,1057.7,361366,1474,12.73,89.2,1500,2.64,1.15,29.6,40.8,60,24.49,12172794,72420,74.17,3407.91,0,1200,400,720,240,4200,7500,8500,102,1.5,6000,0,0,0,0,0,74.3,30,68.55,63.68,56.2,0,0
2026-08-10T10:25:32.236000+09:00,2026-08-10T01:25:32.236000+00:00,094623,2161.3,1,0,0,0,0,13364,502,13364,0,0,0,0,4655,-26560,10326,6,4993,0,129,0,0,0,0,0,0,0,0,0,31082107,2018,0.53,823.08,2984.4,0,54.6,98.7,67.6,41.5,62.6,524.1,51.3,615.5,167.3,173.1,1086.4,361366,1474,12.46,89.8,1510,2.68,1.1,26.3,35.5,60,17.91,12172798,72420,72.8,3407.91,0,1200,400,720,240,4200,7500,8500,102,1.5,6000,0,0,0,0,0,69.63,30,68.03,60.65,56.1,0,0
2026-08-10T10:26:32.324000+09:00,2026-08-10T01:26:32.324000+00:00,094623,1301.6,1,0,0,0,0,13364,492,13364,0,0,0,0,4651,-28608,10326,6,4992,0,129,0,0,0,0,0,0,0,0,0,31082107,2018,0.47,503.25,1804.86,0,54.4,96.6,68.1,41.5,62.4,524.2,50.2,605.4,152.6,156.2,1075.4,361366,1474,12.71,91.4,1470,2.66,1.07,22,35.9,60,11.62,12172800,72420,62.9,3407.91,0,1200,400,720,240,4200,7500,8500,102,1.5,6000,0,0,0,0,0,66.79,30,57.27,62.02,56.2,0,0
2026-08-10T10:27:32.409000+09:00,2026-08-10T01:27:32.409000+00:00,094623,1509.1,1,0,0,0,0,13364,493,13364,0,0,0,0,4651,-28608,10326,518,4480,0,129,0,0,0,0,0,0,0,0,0,31082107,2018,0.45,637.53,2146.67,0,54.2,98.5,68.3,41.6,61.8,522.3,52.2,604.8,147.6,150.8,1050.1,361366,1474,12.45,90.7,1490,2.64,1.19,25.5,41.4,60,13.76,12172802,72420,66.21,3407.91,0,1200,400,720,240,4200,7500,8500,102,1.5,6000,0,0,0,0,0,69.9,30,64.09,64.29,56.2,0,0
2026-08-10T10:28:32.493000+09:00,2026-08-10T01:28:32.493000+00:00,094623,2234.6,1,0,0,0,0,13364,497,13364,0,0,0,0,4655,-28608,10326,6,4480,0,129,0,0,0,0,0,0,0,0,0,31082107,2018,0.52,914.64,3149.2,0,54.2,99.1,68,41.7,61.7,521.6,52.6,613.1,160.3,165.5,1048.1,361367,1475,12.79,89.6,1500,2.62,1.14,29.7,40.8,60,24.47,12172806,72420,72.38,3407.92,0,1200,400,720,240,4200,7500,8500,102,1.5,6000,0,0,0,0,0,75.1,30,72.72,67.17,56.2,0,0
2026-08-10T10:29:32.596000+09:00,2026-08-10T01:29:32.596000+00:00,094623,2283.4,1,0,0,0,0,13364,496,13364,0,0,0,0,4651,-28608,18518,6,4480,528,129,0,0,0,0,0,0,0,0,0,31082107,2018,0.5,981.78,3265.17,0,54.3,98.1,67.9,41.7,62,524.2,52.4,612.8,162.6,167.9,1096.3,361367,1475,12.8,89.4,1500,2.64,1.16,30,41,60,24.38,12172810,72420,76.54,3407.92,0,1200,400,720,240,4200,7500,8500,102,1.5,6000,0,0,0,0,0,74.7,30,70.92,65.74,56.2,0,0
2026-08-10T10:30:32.682000+09:00,2026-08-10T01:30:32.682000+00:00,094623,2422.6,1,0,0,0,0,13364,498,13364,0,0,0,0,4651,-28608,10326,6,4480,0,129,0,0,0,0,0,0,0,0,0,31082107,2018,0.5,1020.84,3443.4,0,54.3,97.5,67.8,41.6,62.3,523.8,51.1,614.7,166.5,172.1,1132.9,361367,1475,12.71,89.3,1500,2.64,1.14,29.9,39.5,60,24.62,12172814,72420,74.33,3407.92,0,1200,400,720,240,4200,7500,8500,102,1.5,6000,0,0,0,0,0,74.21,30,68.78,64.39,56.2,0,0
2026-08-10T10:31:32.796000+09:00,2026-08-10T01:31:32.796000+00:00,094623,2387.2,1,0,0,0,0,13364,498,13364,0,0,0,0,4651,-28608,10326,6,4480,0,129,0,0,0,0,0,0,0,0,0,31082107,2018,0.51,1023.29,3410.44,0,54.5,97.4,68,41.7,62.5,525.8,51.4,616.6,165.6,171,1079.9,361367,1475,12.71,89.5,1510,2.64,1.15,30,40.4,60,24.58,12172818,72420,75.09,3407.92,0,1200,400,720,240,4200,7500,8500,102,1.5,6000,0,0,0,0,0,74.67,30,67.73,64.15,56.2,0,0
2026-08-10T10:32:32.889000+09:00,2026-08-10T01:32:32.889000+00:00,094623,2461.6,1,0,0,0,0,13364,504,13364,0,0,0,0,4651,-28608,12374,6,5024,8,129,0,0,0,0,0,0,0,0,0,31082107,2018,0.53,998.87,3460.49,0,54.6,98.1,68.1,41.7,62.7,524.7,51.7,617,167.6,173.2,1084.8,361367,1475,12.73,89.8,1530,2.68,1.12,28.9,37.9,60,23.83,12172822,72420,75.12,3407.92,0,1200,400,720,240,4200,7500,8500,102,1.5,6000,0,0,0,0,0,74.23,30,68.5,63.79,56.2,0,0
2026-08-10T10:33:32.984000+09:00,2026-08-10T01:33:32.984000+00:00,094623,1288.2,1,0,0,0,0,13364,496,13364,0,0,0,0,4651,-26560,10326,518,4992,0,129,0,0,0,0,0,0,0,0,0,31082107,2018,0.51,458.08,1746.27,0,54.6,97.4,68.2,41.8,62.5,530.1,53.2,604.4,152.7,156.5,1053.3,361367,1475,12.68,90.1,1500,2.69,1.13,22.6,39,60,11.24,12172824,72420,65.14,3407.92,0,1200,400,720,240,4200,7500,8500,102,1.5,6000,0,0,0,0,0,67.48,30,59.23,57.48,56.2,0,0
2026-08-10T10:34:33.074000+09:00,2026-08-10T01:34:33.074000+00:00,094623,1315.0,1,0,0,0,0,13364,494,13364,0,0,0,0,4651,-28608,18518,6,4992,528,129,0,0,0,0,0,0,0,0,0,31082107,2018,0.52,511.79,1826.84,0,54.4,97.9,67.9,41.8,61.8,525.3,51.5,602.1,147.7,151,1064,361368,1476,12.8,92.5,1490,2.67,1.12,22.8,37.6,60,11.05,12172826,72420,59.97,3407.92,0,1200,400,720,240,4200,7500,8500,102,1.5,6000,0,0,0,0,0,66.69,30,59.69,66.24,56.3,0,0
2026-08-10T10:35:33.150000+09:00,2026-08-10T01:35:33.150000+00:00,094623,2481.2,1,0,0,0,0,13364,497,13364,0,0,0,0,4655,-28608,10390,590,20864,8192,129,0,0,0,0,0,0,0,0,0,31082107,2018,0.5,1064.79,3545.95,0,54.4,99.5,68,41.9,61.7,517.3,53.2,610.7,159.4,164.7,1041.5,361368,1476,12.47,89.3,1500,2.64,1.15,30.8,39.5,60,24.23,12172830,72420,77.43,3407.92,0,1200,400,720,240,4200,7500,8500,102,1.5,6000,0,0,0,0,0,74.98,30,73.58,67.08,56.3,0,0
2026-08-10T10:36:33.261000+09:00,2026-08-10T01:36:33.261000+00:00,094623,2411.6,1,0,0,0,0,13364,497,13364,0,0,0,0,4655,-26560,10326,6,4480,0,129,0,0,0,0,0,0,0,0,0,31082107,2018,0.45,1069.67,3481.25,0,54.3,97.5,68.2,41.8,62.2,521.1,53.2,616.1,166.1,171.9,1047.5,361368,1476,12.71,88.6,1500,2.63,1.13,30,39.3,60,23.75,12172834,72420,74.45,3407.93,0,1200,400,720,240,4200,7500,8500,102,1.5,6000,0,0,0,0,0,75.71,30,69.18,62.84,56.3,0,0
2026-08-10T10:37:33.365000+09:00,2026-08-10T01:37:33.365000+00:00,094623,2401.8,1,0,0,0,0,13364,495,13364,0,0,0,0,4655,-28608,12438,6,20896,72,129,0,0,0,0,0,0,0,0,0,31082107,2018,0.51,990.33,3392.13,0,54.4,97.6,68,41.8,62.5,524.1,52.6,614,167.4,173.2,1045.1,361368,1476,12.85,89.3,1490,2.62,1.15,30,39.8,60,24.31,12172838,72420,72.31,3407.93,0,1200,400,720,240,4200,7500,8500,102,1.5,6000,0,0,0,0,0,75.32,30,67.91,63.43,56.3,0,0
2026-08-10T10:38:33.463000+09:00,2026-08-10T01:38:33.463000+00:00,094623,2315.1,1,0,0,0,0,13364,497,13364,0,0,0,0,4651,-28608,10326,6,4480,0,129,0,0,0,0,0,0,0,0,0,31082107,2018,0.53,884.12,3199.25,0,54.5,99.2,67.8,41.8,62.6,527.7,51.6,612.9,166.5,172,1051.2,361368,1476,12.82,90.2,1500,2.63,1.14,29.6,40.9,60,24.53,12172842,72420,74.37,3407.93,0,1200,400,720,240,4200,7500,8500,102,1.5,6000,0,0,0,0,0,74.54,30,73.76,65.8,56.3,0,0
2026-08-10T10:39:33.565000+09:00,2026-08-10T01:39:33.565000+00:00,094623,2494.6,1,0,0,0,0,13364,497,13364,0,0,0,0,4651,-28608,18534,6,12676,528,129,0,0,0,0,0,0,0,0,0,31082107,2018,0.52,991.55,3486.13,0,54.6,97.7,67.7,41.8,62.7,525.4,51.9,614.6,167,172.4,1061.7,361368,1476,12.77,91,1500,2.63,1.15,30,39.6,60,24.39,12172846,72420,76.77,3407.93,0,1200,400,720,240,4200,7500,8500,102,1.5,6000,0,0,0,0,0,73.81,30,69.8,69.31,56.3,0,0
2026-08-10T10:40:33.663000+09:00,2026-08-10T01:40:33.663000+00:00,094623,2431.1,1,0,0,0,0,13364,497,13364,0,0,0,0,4651,-28608,10326,6,4480,0,129,0,0,0,0,0,0,0,0,0,31082107,2018,0.5,935.39,3366.5,0,54.9,97.5,67.8,41.8,62.9,527.4,51.4,613.9,166.9,172.4,1053.7,361369,1477,12.71,90.5,1500,2.63,1.15,29.9,40.5,60,24.43,12172850,72420,75.49,3407.93,0,1200,400,720,240,4200,7500,8500,102,1.5,6000,0,0,0,0,0,73.7,30,68.58,68.96,56.3,0,0
2026-08-10T10:41:33.754000+09:00,2026-08-10T01:41:33.754000+00:00,094623,2521.4,1,0,0,0,0,13364,497,13364,0,0,0,0,4651,-28608,10326,6,4480,0,129,0,0,0,0,0,0,0,0,0,31082107,2018,0.52,986.66,3508.1,0,55,98.3,68,41.8,63,526.5,50.9,615.2,168,173.6,1042.9,361369,1477,12.62,89.8,1500,2.61,1.15,30.3,40.1,60,24.51,12172854,72420,75.97,3407.93,0,1200,400,720,240,4200,7500,8500,102,1.5,6000,0,0,0,0,0,74.05,30,70.55,66.92,56.4,0,0
2026-08-10T10:42:33.859000+09:00,2026-08-10T01:42:33.859000+00:00,094623,1932.7,1,0,0,0,0,13364,501,13364,0,0,0,0,4651,-28608,12374,6,5024,72,129,0,0,0,0,0,0,0,0,0,31082107,2018,0.5,671.71,2604.45,0,55.2,99,68.1,41.8,63.2,528.8,51.1,613.8,166.9,172.2,1048.3,361369,1477,12.76,89.5,1510,2.68,1.11,24.9,36,60,16.02,12172858,72420,76.46,3407.93,0,1200,400,720,240,4200,7500,8500,102,1.5,6000,0,0,0,0,0,68.87,30,68.29,59.97,56.4,0,0
2026-08-10T10:43:33.945000+09:00,2026-08-10T01:43:33.945000+00:00,094623,1415.1,1,0,0,0,0,13364,499,13364,0,0,0,0,4651,-28608,10326,6,4992,0,129,0,0,0,0,0,0,0,0,0,31082107,2018,0.47,548.42,1963.56,0,54.9,96.4,68.6,41.9,62.8,525.8,53,606.7,153.5,157.2,1042.3,361369,1477,12.5,91.4,1500,2.68,1.14,23.2,37.5,60,11.36,12172860,72420,63.35,3407.93,0,1200,400,720,240,4200,7500,8500,102,1.5,6000,0,0,0,0,0,68.31,30,57.28,63.61,56.4,0,0
2026-08-10T10:44:34.045000+09:00,2026-08-10T01:44:34.045000+00:00,094623,1844.8,1,0,0,0,0,13364,495,13364,0,0,0,0,4651,-28608,18518,6,4480,528,129,0,0,0,0,0,0,0,0,0,31082107,2018,0.51,896.33,2741.17,0,54.7,98.6,68.5,41.9,62.4,515.2,59.8,605.8,153.3,157.2,1086.6,361369,1477,12.64,91,1490,2.63,1.19,27.2,39.1,60,16.46,12172862,72420,65.41,3407.94,0,1200,400,720,240,4200,7500,8500,102,1.5,6000,0,0,0,0,0,72.4,30,66.74,66.92,56.4,0,0
2026-08-10T10:45:34.150000+09:00,2026-08-10T01:45:34.150000+00:00,094623,2261.4,1,0,0,0,0,13364,498,13364,0,0,0,0,4655,-26560,10326,6,4480,0,129,0,0,0,0,0,0,0,0,0,31082107,2018,0.51,963.47,3224.89,0,54.6,99.3,68.2,41.9,62.5,523,56.3,614,164.1,169.6,1074.5,361369,1477,12.85,89.7,1510,2.63,1.14,29.6,40.3,60,24.53,12172866,72420,75.27,3407.94,0,1200,400,720,240,4200,7500,8500,102,1.5,6000,0,0,0,0,0,76.66,30,74.46,68.31,56.4,0,0
2026-08-10T10:46:34.233000+09:00,2026-08-10T01:46:34.233000+00:00,094623,2333.4,1,0,0,0,0,13364,495,13364,0,0,0,0,4651,-28608,10326,6,4480,0,129,0,0,0,0,0,0,0,0,0,31082107,2018,0.46,959.81,3293.25,0,54.7,97.4,68,41.9,62.6,525.4,55.2,611.6,164.5,169.8,1097.3,361370,1478,12.86,89.1,1500,2.62,1.15,30,41.1,60,24.47,12172870,72420,77.91,3407.94,0,1200,400,720,240,4200,7500,8500,102,1.5,6000,0,0,0,0,0,76.1,30,69.44,65.29,56.4,0,0
2026-08-10T10:47:34.336000+09:00,2026-08-10T01:47:34.336000+00:00,094623,1999.9,1,0,0,0,0,13364,501,13364,0,0,0,0,4655,-28608,12374,6,5024,72,129,0,0,0,0,0,0,0,0,0,31082107,2018,0.48,768.15,2768.03,0,54.8,97.9,67.5,42,62.8,523.7,53.8,611.8,167.9,173.6,1053,361370,1478,12.73,89.3,1510,2.7,1.1,25.1,34.7,60,15.47,12172874,72420,73.13,3407.94,0,1200,400,720,240,4200,7500,8500,102,1.5,6000,0,0,0,0,0,68.55,30,64.15,58.97,56.4,0,0
2026-08-10T10:48:34.439000+09:00,2026-08-10T01:48:34.439000+00:00,094623,1343.1,1,0,0,0,0,13364,498,13364,0,0,0,0,4651,-28608,10326,6,4992,0,129,0,0,0,0,0,0,0,0,0,31082107,2018,0.5,405.59,1748.71,0,54.6,97,68,42,62.7,522.6,55,606,154.9,158.9,1085.4,361370,1478,12.69,90.7,1500,2.67,0.97,23.3,38.6,60,11.43,12172876,72420,62.29,3407.94,0,1200,400,720,240,4200,7500,8500,102,1.5,6000,0,0,0,0,0,67.23,30,58.64,61.02,56.4,0,0
2026-08-10T10:49:34.537000+09:00,2026-08-10T01:49:34.537000+00:00,094623,1756.9,1,0,0,0,0,13364,494,13364,0,0,0,0,4655,-28608,18518,6,4480,0,129,0,0,0,0,0,0,0,0,0,31082107,2018,0.54,784.02,2540.97,0,54.5,98,68.3,42,62.2,517.1,56.1,607.9,151.5,155.4,1078.9,361370,1478,12.48,91.3,1490,2.63,1.21,27.1,40.6,60,17.04,12172878,72420,61.54,3407.94,0,1200,400,720,240,4200,7500,8500,102,1.5,6000,0,0,0,0,0,72.34,30,64.35,67.69,56.4,0,0
2026-08-10T10:50:34.629000+09:00,2026-08-10T01:50:34.629000+00:00,094623,2317.6,1,0,0,0,0,13364,498,13364,0,0,0,0,4651,-28608,10326,6,4480,0,129,0,0,0,0,0,0,0,0,0,31082107,2018,0.52,890.22,3207.8,0,54.6,99.6,68,42,62.3,520,54.3,613.6,163.8,169.4,1045.4,361370,1478,12.87,89.3,1510,2.64,1.14,30,40.8,60,24.52,12172882,72420,76.31,3407.94,0,1200,400,720,240,4200,7500,8500,102,1.5,6000,0,0,0,0,0,75.9,30,74.77,66.73,56.4,0,0
2026-08-10T10:51:34.720000+09:00,2026-08-10T01:51:34.720000+00:00,094623,2174.8,1,0,0,0,0,13364,496,13364,0,0,0,0,4655,-28608,10326,590,4480,8192,129,0,0,0,0,0,0,0,0,0,31082107,2018,0.46,880.46,3055.21,0,54.5,97.5,68,42,62.5,527.3,54.6,612.1,163.4,168.6,1026.8,361370,1478,12.74,89,1500,2.63,1.17,29.7,42.7,60,23.55,12172886,72420,80.78,3407.94,0,1200,400,720,240,4200,7500,8500,102,1.5,6000,0,0,0,0,0,75.89,30,69.31,64.36,56.4,0,0
2026-08-10T10:52:34.834000+09:00,2026-08-10T01:52:34.834000+00:00,094623,2470.2,1,0,0,0,0,13364,498,13364,0,0,0,0,4655,-26560,12374,6,4512,8,129,0,0,0,0,0,0,0,0,0,31082107,2018,0.5,1057.47,3527.63,0,54.5,97.3,67.6,42,62.5,524.1,55.6,613.4,165.2,170.6,1056.5,361371,1479,12.39,89.2,1500,2.64,1.16,30.2,40,60,23.83,12172890,72420,73.62,3407.95,0,1200,400,720,240,4200,7500,8500,102,1.5,6000,0,0,0,0,0,74.46,30,67.5,63.85,56.5,0,0
2026-08-10T10:53:34.974000+09:00,2026-08-10T01:53:34.974000+00:00,094623,2444.5,1,0,0,0,0,13365,497,13365,0,0,0,0,4655,-28608,10326,6,4480,0,129,0,0,0,0,0,0,0,0,0,31082107,2018,0.54,1045.26,3489.79,0,54.6,98.6,67.7,41.9,62.7,525.4,53.2,617,167.3,172.9,1053.8,361371,1479,12.74,89.8,1500,2.63,1.15,29.9,39.6,60,24.64,12172894,72420,74.13,3407.95,0,1200,400,720,240,4200,7500,8500,102,1.5,6000,0,0,0,0,0,74.13,30,71.45,64.79,56.5,0,0
2026-08-10T10:54:34.999000+09:00,2026-08-10T01:54:34.999000+00:00,094623,2412.8,1,0,0,0,0,13365,496,13365,0,0,0,0,4651,-28608,10390,6,20864,0,129,0,0,0,0,0,0,0,0,0,31082107,2018,0.55,886.56,3299.36,0,54.7,98.7,67.6,42,62.9,528.6,52.8,612.8,166.8,172.2,1045.4,361371,1479,12.64,90.6,1500,2.63,1.15,29.8,40.6,60,24.46,12172898,72420,75.05,3407.95,0,1200,400,720,240,4200,7500,8500,102,1.5,6000,0,0,0,0,0,73.38,30,72.9,67.22,56.5,0,0
2026-08-10T10:55:35.096000+09:00,2026-08-10T01:55:35.096000+00:00,094623,1800.9,1,0,0,0,0,13365,500,13365,0,0,0,0,4651,-28608,10326,6,4992,0,129,0,0,0,0,0,0,0,0,0,31082107,2018,0.48,614.34,2415.23,0,54.8,98.5,67.8,41.9,62.9,528.3,53.2,615.1,165.2,170.6,1036.8,361371,1479,12.84,91,1510,2.69,1.11,24,35.8,60,14.17,12172902,72420,75.77,3407.95,0,1200,400,720,240,4200,7500,8500,102,1.5,6000,0,0,0,0,0,66.89,30,66.54,62.88,56.5,0,0
2026-08-10T10:56:35.182000+09:00,2026-08-10T01:56:35.182000+00:00,094623,1450.5,1,0,0,0,0,13365,518,13365,0,0,0,0,4655,-28608,10326,590,21376,8192,129,0,0,0,0,0,0,0,0,0,31082107,2018,0.5,644.86,2095.4,0,54.7,96.4,68.4,42.1,62.5,522.2,55,606.8,151.9,155.5,1070.8,361371,1479,12.76,90.2,1560,2.82,1.05,22.6,34.1,60,13.15,12172904,72420,63.26,3407.95,0,1200,400,720,240,4200,7500,8500,102,1.5,6000,0,0,0,0,0,68.43,30,58.35,60.87,56.5,0,0
2026-08-10T10:57:35.299000+09:00,2026-08-10T01:57:35.299000+00:00,094623,1888.8,1,0,0,0,0,13365,494,13365,0,0,0,0,4651,-28608,18518,6,4480,528,129,0,0,0,0,0,0,0,0,0,31082107,2018,0.5,803.55,2692.34,0,54.6,98.4,68.4,42.2,62.1,517.8,53,610.3,151.4,155.4,1051.8,361371,1479,12.34,91.5,1490,2.62,1.2,28.2,41.6,60,19.24,12172906,72420,63.35,3407.95,0,1200,400,720,240,4200,7500,8500,102,1.5,6000,0,0,0,0,0,73.56,30,68.09,70.32,56.5,0,0
2026-08-10T10:58:35.384000+09:00,2026-08-10T01:58:35.384000+00:00,094623,2227.2,1,0,0,0,0,13365,496,13365,0,0,0,0,4651,-28608,10342,6,12676,0,129,0,0,0,0,0,0,0,0,0,31082107,2018,0.49,969.57,3196.81,0,54.7,99.6,68.2,42.2,62.2,523.5,52.1,613.6,162.6,168.2,1067.9,361372,1480,12.52,89,1500,2.63,1.15,29.6,41.1,60,24.46,12172910,72420,78.86,3407.95,0,1200,400,720,240,4200,7500,8500,102,1.5,6000,0,0,0,0,0,76.1,30,75.56,66.09,56.6,0,0
2026-08-10T10:59:35.462000+09:00,2026-08-10T01:59:35.462000+00:00,094623,2605.7,1,0,0,0,0,13365,495,13365,0,0,0,0,4651,-28608,10326,6,4480,0,129,0,0,0,0,0,0,0,0,0,31082107,2018,0.45,1157.57,3763.24,0,54.8,96.8,68,42.1,62.5,520.5,52.2,617.3,166,171.7,1077.4,361372,1480,12.58,88.9,1490,2.63,1.15,30.6,38.5,60,24.49,12172914,72420,74.27,3407.95,0,1200,400,720,240,4200,7500,8500,102,1.5,6000,0,0,0,0,0,75.71,30,67.34,64.06,56.6,0,0
2026-08-10T11:00:35.572000+09:00,2026-08-10T02:00:35.572000+00:00,094623,1362.7,1,0,0,0,0,13365,513,13365,0,0,0,0,4651,-28608,10326,6,4992,0,129,0,0,0,0,0,0,0,0,0,31082107,2018,0.47,541.09,1903.74,0,54.7,97.9,68,42.2,62.6,523.5,52.6,607.4,154.2,158.3,1055.8,361372,1480,12.85,89.8,1530,2.81,1.03,21.6,34,60,14.07,12172916,72420,64.03,3407.95,0,1200,400,720,240,4200,7500,8500,102,1.5,6000,0,0,0,0,0,67.89,30,62.08,57.8,56.5,0,0
2026-08-10T11:01:35.666000+09:00,2026-08-10T02:01:35.666000+00:00,094623,1351.7,1,0,0,0,0,13365,515,13365,0,0,0,0,4651,-28608,10326,6,4992,0,129,0,0,0,0,0,0,0,0,0,31082107,2018,0.48,642.41,1994.08,0,54.6,97,68,42.2,62,520.8,53.6,602.7,146.8,150.2,1070,361372,1480,12.24,91.4,1540,2.81,1.04,21.8,33.8,60,15.42,12172918,72420,62.65,3407.96,0,1200,400,720,240,4200,7500,8500,102,1.5,6000,0,0,0,0,0,67.97,30,57.95,64.2,56.6,0,0
2026-08-10T11:02:35.748000+09:00,2026-08-10T02:02:35.748000+00:00,094623,2401.8,1,0,0,0,0,13365,496,13365,0,0,0,0,4655,-28608,18518,6,4480,528,129,0,0,0,0,0,0,0,0,0,31082107,2018,0.51,1229.59,3631.4,0,54.5,99.2,67.9,42.2,61.8,517.5,53.1,609.7,157.1,162.2,1074.6,361372,1480,12.93,89.9,1500,2.63,1.17,30.5,39.2,60,24.18,12172921,72420,73.99,3407.96,0,1200,400,720,240,4200,7500,8500,102,1.5,6000,0,0,0,0,0,75.22,30,72.35,69.18,56.6,0,0
2026-08-10T11:03:35.837000+09:00,2026-08-10T02:03:35.837000+00:00,094623,2281.0,1,0,0,0,0,13365,496,13365,0,0,0,0,4655,-28608,10326,6,4480,0,129,0,0,0,0,0,0,0,0,0,31082107,2018,0.45,978.12,3259.07,0,54.7,98.2,68,42.2,62.3,523.7,53,614.5,163.8,169.6,1052.8,361372,1480,12.44,88.7,1490,2.63,1.14,29.6,40.2,60,24.53,12172926,72420,77.08,3407.96,0,1200,400,720,240,4200,7500,8500,102,1.5,6000,0,0,0,0,0,75.53,30,71.5,64.14,56.6,0,0
2026-08-10T11:04:35.929000+09:00,2026-08-10T02:04:35.929000+00:00,094623,2338.3,1,0,0,0,0,13365,498,13365,0,0,0,0,4651,-28608,10326,6,4480,0,129,0,0,0,0,0,0,0,0,0,31082107,2018,0.49,869.47,3207.8,0,54.7,97.2,68.1,42.2,62.5,526.4,53.2,616.4,162.2,167.4,1045.2,361373,1481,12.69,89.3,1510,2.65,1.16,29.7,41,60,24.58,12172930,72420,73.17,3407.96,0,1200,400,720,240,4200,7500,8500,102,1.5,6000,0,0,0,0,0,76.02,30,67.29,64.56,56.6,0,0
2026-08-10T11:05:36.034000+09:00,2026-08-10T02:05:36.034000+00:00,094623,2528.8,1,0,0,0,0,13365,496,13365,0,0,0,0,4651,-28608,12374,6,4512,8,129,0,0,0,0,0,0,0,0,0,31082107,2018,0.54,1001.31,3530.08,0,54.8,99.2,68.1,42.2,62.6,523.7,53,614.4,164.2,169.8,1043.2,361373,1481,12.44,89.5,1500,2.62,1.15,30.3,39.5,60,24.58,12172934,72420,73.85,3407.96,0,1200,400,720,240,4200,7500,8500,102,1.5,6000,0,0,0,0,0,76,30,73.69,64.23,56.6,0,0
2026-08-10T11:06:36.141000+09:00,2026-08-10T02:06:36.141000+00:00,094623,957.4,1,0,0,0,0,13365,498,13365,0,0,0,0,4651,-28608,10326,590,4992,8192,129,0,0,0,0,0,0,0,0,0,31082107,2018,0.45,0,957.37,0,54.9,97.4,68.1,42.2,62.7,526,55,608.7,156.3,160.7,1041.6,361373,1481,12.67,91,1500,2.68,1.14,23.2,36.4,60,11.19,12172937,72420,68.85,3407.96,0,1200,400,720,240,4200,7500,8500,102,1.5,6000,0,0,0,0,0,68.17,30,61.17,60.69,56.7,0,0
2026-08-10T11:07:36.215000+09:00,2026-08-10T02:07:36.215000+00:00,094623,1362.7,1,0,0,0,0,13365,499,13365,0,0,0,0,4651,-28608,18518,6,4992,528,129,0,0,0,0,0,0,0,0,0,31082107,2018,0.44,537.43,1900.08,0,54.5,97.7,68.2,42.2,62.3,522.9,54.5,603.6,149.8,153.8,1051.8,361373,1481,12.71,90.9,1500,2.69,1.13,23.1,37.4,60,11.22,12172938,72420,66.55,3407.96,0,1200,400,720,240,4200,7500,8500,102,1.5,6000,0,0,0,0,0,68.64,30,60.51,62.65,56.7,0,0
2026-08-10T11:08:36.324000+09:00,2026-08-10T02:08:36.324000+00:00,094623,2254.1,1,0,0,0,0,13365,496,13365,0,0,0,0,4651,-28608,10326,6,4480,0,129,0,0,0,0,0,0,0,0,0,31082107,2018,0.52,1046.48,3300.58,0,54.5,98.2,67.9,42.3,61.9,517.2,54.4,609.3,154.8,159.5,1072,361373,1481,12.67,90.7,1500,2.62,1.17,30.1,40.7,60,24.01,12172941,72420,67.67,3407.96,0,1200,400,720,240,4200,7500,8500,102,1.5,6000,0,0,0,0,0,75.65,30,70.06,70.94,56.7,0,0
2026-08-10T11:09:36.408000+09:00,2026-08-10T02:09:36.408000+00:00,094623,2267.5,1,0,0,0,0,13365,497,13365,0,0,0,0,4651,-28608,10326,590,4480,8192,129,0,0,0,0,0,0,0,0,0,31082107,2018,0.48,936.61,3204.14,0,54.7,98.7,67.9,42.3,62.3,524,54.7,611.7,161.5,166.9,1023.6,361373,1481,12.61,89.1,1500,2.64,1.14,29.6,40.8,60,24.25,12172945,72420,77.19,3407.97,0,1200,400,720,240,4200,7500,8500,102,1.5,6000,0,0,0,0,0,75.74,30,73.43,65.72,56.7,0,0
2026-08-10T11:10:36.507000+09:00,2026-08-10T02:10:36.507000+00:00,094623,2503.1,1,0,0,0,0,13365,498,13365,0,0,0,0,4651,-28608,12374,6,4512,72,129,0,0,0,0,0,0,0,0,0,31082107,2018,0.48,1045.26,3548.39,0,54.8,97.1,67.6,42.3,62.5,522,53.6,613.8,165,170.6,1077.3,361374,1482,12.27,89.3,1500,2.63,1.15,30.3,39.5,60,24.28,12172950,72420,73.04,3407.97,0,1200,400,720,240,4200,7500,8500,102,1.5,6000,0,0,0,0,0,74.51,30,67.66,65.02,56.7,0,0
2026-08-10T11:11:36.613000+09:00,2026-08-10T02:11:36.613000+00:00,094623,2376.2,1,0,0,0,0,13365,495,13365,0,0,0,0,4655,-28608,10326,590,4480,8192,129,0,0,0,0,0,0,0,0,0,31082107,2018,0.53,979.34,3355.51,0,54.9,98.7,67.7,42.3,62.8,526.9,55.5,614.7,165.1,170.5,1099.2,361374,1482,12.79,89.6,1490,2.62,1.16,29.9,40.5,60,23.62,12172954,72420,72.62,3407.97,0,1200,400,720,240,4200,7500,8500,102,1.5,6000,0,0,0,0,0,74.21,30,72.32,64.95,56.7,0,0
2026-08-10T11:12:36.714000+09:00,2026-08-10T02:12:36.714000+00:00,094623,1904.7,1,0,0,0,0,13365,501,13365,0,0,0,0,4655,-28608,18518,518,4992,528,129,0,0,0,0,0,0,0,0,0,31082107,2018,0.48,685.14,2589.8,0,55,98.4,67.9,42.3,63,525.5,53.3,614.6,165.6,171.2,1115.2,361374,1482,12.63,90.4,1510,2.69,1.11,24.4,34.7,60,12.95,12172957,72420,73.26,3407.97,0,1200,400,720,240,4200,7500,8500,102,1.5,6000,0,0,0,0,0,68,30,66.11,60.72,56.7,0,0
2026-08-10T11:13:36.816000+09:00,2026-08-10T02:13:36.816000+00:00,094623,1543.3,1,0,0,0,0,13365,520,13365,0,0,0,0,4655,-28608,10390,590,21376,8192,129,0,0,0,0,0,0,0,0,0,31082107,2018,0.53,685.14,2228.46,0,54.9,96.5,68.4,42.3,62.7,521.5,54.1,605.5,151.8,155.8,1059.5,361374,1482,12.75,90.5,1560,2.81,1.06,23.4,34.9,60,13.31,12172959,72420,60.5,3407.97,0,1200,400,720,240,4200,7500,8500,102,1.5,6000,0,0,0,0,0,70.02,30,59.41,61.56,56.7,0,0
2026-08-10T11:14:36.891000+09:00,2026-08-10T02:14:36.891000+00:00,094623,1883.9,1,0,0,0,0,13365,493,13365,0,0,0,0,4655,-28608,10326,6,4480,0,129,0,0,0,0,0,0,0,0,0,31082107,2018,0.51,847.5,2731.41,0,54.8,98.4,68.4,42.4,62.2,518,53.5,607.5,150,153.9,1065.2,361374,1482,12.64,91.9,1490,2.62,1.19,28.2,41.3,60,18.77,12172961,72420,65.48,3407.97,0,1200,400,720,240,4200,7500,8500,102,1.5,6000,0,0,0,0,0,74.05,30,67.47,71.74,56.8,0,0
2026-08-10T11:15:36.992000+09:00,2026-08-10T02:15:36.992000+00:00,094623,2235.8,1,0,0,0,0,13365,498,13365,0,0,0,0,4655,-28608,12390,6,12708,72,129,0,0,0,0,0,0,0,0,0,31082107,2018,0.48,926.85,3162.63,0,54.9,99.5,68.1,42.4,62.3,523.9,53.5,611,161.4,166.8,1071.2,361374,1482,12.82,88.9,1500,2.63,1.14,29.4,40.3,60,23.86,12172965,72420,77.52,3407.97,0,1200,400,720,240,4200,7500,8500,102,1.5,6000,0,0,0,0,0,76.51,30,75.31,65.82,56.7,0,0
2026-08-10T11:16:37.098000+09:00,2026-08-10T02:16:37.098000+00:00,094623,2259.0,1,0,0,0,0,13365,497,13365,0,0,0,0,4651,-28608,10326,6,4480,0,129,0,0,0,0,0,0,0,0,0,31082107,2018,0.46,937.83,3196.81,0,54.9,97.3,67.8,42.4,62.5,526.5,53.3,613.7,162.9,168.2,1040.5,361375,1483,12.79,89.2,1500,2.62,1.16,29.8,41.3,60,24.49,12172969,72420,75.09,3407.97,0,1200,400,720,240,4200,7500,8500,102,1.5,6000,0,0,0,0,0,75.65,30,69.19,65.18,56.8,0,0
2026-08-10T11:17:37.182000+09:00,2026-08-10T02:17:37.182000+00:00,094623,2261.4,1,0,0,0,0,13365,497,13365,0,0,0,0,4651,-28608,18518,6,4480,16,129,0,0,0,0,0,0,0,0,0,31082107,2018,0.5,856.04,3117.47,0,54.9,97.8,67.5,42.3,62.6,528.8,52.9,617.3,161.6,166.7,1020.1,361375,1483,12.64,89.6,1500,2.62,1.15,29.6,41.7,60,24.32,12172974,72420,75.31,3407.97,0,1200,400,720,240,4200,7500,8500,102,1.5,6000,0,0,0,0,0,74.18,30,69.48,65.41,56.8,0,0
2026-08-10T11:18:37.291000+09:00,2026-08-10T02:18:37.291000+00:00,094623,2373.7,1,0,0,0,0,13365,495,13365,0,0,0,0,4651,-28608,10326,6,4480,0,129,0,0,0,0,0,0,0,0,0,31082107,2018,0.53,869.47,3243.2,0,55.1,99.1,67.4,42.3,62.6,527.5,52.9,612.4,162.2,167.1,1049.6,361375,1483,12.39,89.8,1490,2.61,1.16,29.9,41.2,60,24.54,12172977,72420,74.53,3407.98,0,1200,400,720,240,4200,7500,8500,102,1.5,6000,0,0,0,0,0,73.1,30,74.18,65.43,56.8,0,0
2026-08-10T11:19:37.389000+09:00,2026-08-10T02:19:37.389000+00:00,094623,2456.7,1,0,0,0,0,13365,497,13365,0,0,0,0,4651,-28608,10326,6,4480,0,129,0,0,0,0,0,0,0,0,0,31082107,2018,0.5,1018.4,3475.14,0,55.3,97.9,67.5,42.4,62.9,526,52.4,615.9,165,170.2,1066.3,361375,1483,12.84,90,1500,2.67,1.15,29.9,40.3,60,24.54,12172982,72420,76.48,3407.98,0,1200,400,720,240,4200,7500,8500,102,1.5,6000,0,0,0,0,0,72.58,30,71.73,65.87,56.9,0,0
2026-08-10T11:20:37.479000+09:00,2026-08-10T02:20:37.479000+00:00,094623,2412.8,1,0,0,0,0,13365,501,13365,0,0,0,0,4655,-28608,12374,6,5024,72,129,0,0,0,0,0,0,0,0,0,31082107,2018,0.46,1028.17,3440.96,0,55.4,97.2,67.7,42.3,63.1,524.6,52.3,617,166.5,171.9,1059.9,361375,1483,12.82,90.3,1510,2.65,1.12,27.8,36.2,60,21.48,12172986,72420,75.93,3407.98,0,1200,400,720,240,4200,7500,8500,102,1.5,6000,0,0,0,0,0,70.26,30,66.52,64.76,56.8,0,0
2026-08-10T11:21:37.617000+09:00,2026-08-10T02:21:37.617000+00:00,094623,1811.9,1,0,0,0,0,13365,503,13365,0,0,0,0,4655,-28608,10326,6,4992,0,129,0,0,0,0,0,0,0,0,0,31082107,2018,0.48,882.9,2694.78,0,55,97.2,68.7,42.3,63,523.9,52.7,606.8,153.8,158,1042.5,361375,1483,12.73,91.2,1570,2.65,1.16,26,36.3,60,10.05,12172988,72420,63.62,3407.98,0,1200,400,720,240,4200,7500,8500,102,1.5,6000,0,0,0,0,0,67.88,30,60.21,62.48,56.9,0,0
2026-08-10T11:22:37.680000+09:00,2026-08-10T02:22:37.680000+00:00,094623,1384.6,1,0,0,0,0,13365,493,13365,0,0,0,0,4651,-28608,10326,6,4480,0,129,0,0,0,0,0,0,0,0,0,31082107,2018,0.5,526.44,1911.07,0,54.8,97.8,68.9,42.4,62.4,522.8,53.9,603.6,149.3,153.2,1058.5,361376,1484,12.41,90.8,1480,2.65,1.15,23.7,38.8,60,11.69,12172990,72420,64.79,3407.98,0,1200,400,720,240,4200,7500,8500,102,1.5,6000,0,0,0,0,0,70.28,30,61.06,63.26,56.9,0,0
2026-08-10T11:23:37.793000+09:00,2026-08-10T02:23:37.793000+00:00,094623,2293.2,1,0,0,0,0,13365,498,13365,0,0,0,0,4651,-28608,10326,6,4480,0,129,0,0,0,0,0,0,0,0,0,31082107,2018,0.54,1019.62,3312.78,0,54.8,99.5,68.4,42.5,62.3,519,53,611.9,161,166.4,1062.1,361376,1484,12.86,89.9,1500,2.63,1.14,29.9,39.9,60,24.48,12172993,72420,74.85,3407.98,0,1200,400,720,240,4200,7500,8500,102,1.5,6000,0,0,0,0,0,77.26,30,74.6,69.12,56.8,0,0
2026-08-10T11:24:37.874000+09:00,2026-08-10T02:24:37.874000+00:00,094623,2239.4,1,0,0,0,0,13365,497,13365,0,0,0,0,4651,-28608,10326,6,4480,0,129,0,0,0,0,0,0,0,0,0,31082107,2018,0.47,791.34,3030.79,0,55,97.7,68.1,42.5,62.6,527,52.7,615.5,161.2,166.5,1032.6,361376,1484,12.62,89.2,1500,2.62,1.15,29.6,42,60,24.54,12172997,72420,76.12,3407.98,0,1200,400,720,240,4200,7500,8500,102,1.5,6000,0,0,0,0,0,76.71,30,70.54,66.19,56.9,0,0
2026-08-10T11:25:37.976000+09:00,2026-08-10T02:25:37.976000+00:00,094623,2538.5,1,0,0,0,0,13365,497,13365,0,0,0,0,4651,-28608,12374,6,4480,0,129,0,0,0,0,0,0,0,0,0,31082107,2018,0.51,1118.5,3657.03,0,55,97.7,67.8,42.5,62.8,523.5,54.4,618.7,162.7,168.2,1036.4,361376,1484,12.7,89.5,1500,2.62,1.16,30.5,39.5,60,24.34,12173001,72420,72.69,3407.98,0,1200,400,720,240,4200,7500,8500,102,1.5,6000,0,0,0,0,0,75.7,30,69.48,66.17,56.9,0,0
2026-08-10T11:26:38.057000+09:00,2026-08-10T02:26:38.057000+00:00,094623,1433.5,1,0,0,0,0,13365,490,13365,0,0,0,0,4651,-28608,10326,6,4992,0,129,0,0,0,0,0,0,0,0,0,31082107,2018,0.46,542.31,1975.77,0,55.1,98,68,42.6,62.9,526.3,53.6,609.9,155.4,160,1040.4,361376,1484,12.63,90.2,1470,2.63,1.1,22.6,35.9,60,11.18,12173005,72420,70.02,3407.99,0,1200,400,720,240,4200,7500,8500,102,1.5,6000,0,0,0,0,0,67.83,30,62.77,59.6,56.9,0,0
2026-08-10T11:27:38.131000+09:00,2026-08-10T02:27:38.131000+00:00,094623,1277.2,1,0,0,0,0,13365,490,13365,0,0,0,0,4651,-28608,10326,518,4992,0,129,0,0,0,0,0,0,0,0,0,31082107,2018,0.53,508.13,1785.33,0,54.8,96.9,68.3,42.6,62.4,523.3,54.3,606.4,147.5,151.2,1033.2,361376,1484,12.42,91.1,1470,2.65,1.09,22.3,36.7,60,10.98,12173006,72420,59.95,3407.99,0,1200,400,720,240,4200,7500,8500,102,1.5,6000,0,0,0,0,0,68.95,30,57.86,62.76,57,0,0
2026-08-10T11:28:38.248000+09:00,2026-08-10T02:28:38.248000+00:00,094623,2196.7,1,0,0,0,0,13365,495,13365,0,0,0,0,4651,-28608,10326,6,4480,0,129,0,0,0,0,0,0,0,0,0,31082107,2018,0.51,898.77,3095.49,0,54.8,98.7,68.2,42.7,62,518,52.9,610.8,151.1,155.5,1027.5,361377,1485,12.7,90.5,1490,2.62,1.18,30,42,60,23.77,12173009,72420,70.89,3407.99,0,1200,400,720,240,4200,7500,8500,102,1.5,6000,0,0,0,0,0,76.66,30,70.89,71.36,57,0,0
2026-08-10T11:29:38.325000+09:00,2026-08-10T02:29:38.325000+00:00,094623,2472.6,1,0,0,0,0,13365,497,13365,0,0,0,0,4651,-28608,10326,6,4480,0,129,0,0,0,0,0,0,0,0,0,31082107,2018,0.46,1068.45,3541.06,0,55.1,98.8,68,42.7,62.5,519.4,53.3,615.4,162.6,168.2,1073.5,361377,1485,12.63,88.7,1500,2.6,1.15,30.4,39.5,60,24.45,12173013,72420,76.18,3407.99,0,1200,400,720,240,4200,7500,8500,102,1.5,6000,0,0,0,0,0,76.66,30,73.91,64.79,57,0,0
2026-08-10T11:30:38.422000+09:00,2026-08-10T02:30:38.422000+00:00,094623,2152.8,1,0,0,0,0,13365,501,13365,0,0,0,0,4651,-28608,18582,6,21376,528,129,0,0,0,0,0,0,0,0,0,31082107,2018,0.45,842.62,2995.39,0,55.2,97.1,67.8,42.7,62.9,523.3,54.5,616.1,165.1,171,1061,361377,1485,12.48,89.4,1510,2.67,1.11,26.8,36.4,60,19.68,12173017,72420,73.8,3407.99,0,1200,400,720,240,4200,7500,8500,102,1.5,6000,0,0,0,0,0,72.49,30,64.54,61.79,57,0,0
2026-08-10T11:31:38.531000+09:00,2026-08-10T02:31:38.531000+00:00,094623,1357.8,1,0,0,0,0,13365,514,13365,0,0,0,0,4655,-28608,10326,590,4992,8192,129,0,0,0,0,0,0,0,0,0,31082107,2018,0.48,602.13,1959.9,0,55.1,97.5,68,42.7,62.8,520.3,54.4,610.8,151.2,155.1,1043.7,361377,1485,12.8,90.9,1540,2.79,1.04,21.9,33.8,60,13.16,12173019,72420,60.76,3407.99,0,1200,400,720,240,4200,7500,8500,102,1.5,6000,0,0,0,0,0,68.58,30,61.08,61.84,57,0,0
2026-08-10T11:32:38.611000+09:00,2026-08-10T02:32:38.611000+00:00,094623,1443.2,1,0,0,0,0,13365,493,13365,0,0,0,0,4655,-28608,10390,6,20864,0,129,0,0,0,0,0,0,0,0,0,31082107,2018,0.42,547.2,1990.42,0,55,97.6,68.1,42.9,62.4,521.4,54.1,606.3,146.7,150.5,1036.2,361377,1485,12.76,90.8,1490,2.63,1.17,24.7,40.6,60,13.33,12173021,72420,64.86,3407.99,0,1200,400,720,240,4200,7500,8500,102,1.5,6000,0,0,0,0,0,70.19,30,61.18,64.76,57.1,0,0
2026-08-10T11:33:38.695000+09:00,2026-08-10T02:33:38.695000+00:00,094623,2259.0,1,0,0,0,0,13365,498,13365,0,0,0,0,4651,-28608,12374,518,4512,8,129,0,0,0,0,0,0,0,0,0,31082107,2018,0.53,1041.6,3300.58,0,55,99.4,67.9,42.8,62.2,519,53.9,614.8,157.9,163.2,1074,361377,1485,12.52,89.7,1510,2.61,1.15,30.1,40.8,60,23.88,12173025,72420,71.82,3407.99,0,1200,400,720,240,4200,7500,8500,102,1.5,6000,0,0,0,0,0,76.18,30,74.04,68.3,57.1,0,0
2026-08-10T11:34:38.796000+09:00,2026-08-10T02:34:38.796000+00:00,094623,2290.7,1,0,0,0,0,13365,498,13365,0,0,0,0,4655,-26560,10342,590,12676,8192,129,0,0,0,0,0,0,0,0,0,31082107,2018,0.49,932.95,3223.67,0,55.1,98.3,68.1,42.8,62.6,523.6,55.3,614.7,162.3,167.9,1073.1,361378,1486,12.57,89.4,1510,2.61,1.14,29.8,40.9,60,24.4,12173029,72420,74.54,3408,0,1200,400,720,240,4200,7500,8500,102,1.5,6000,0,0,0,0,0,76.81,30,72.35,66.68,57.1,0,0
2026-08-10T11:35:38.891000+09:00,2026-08-10T02:35:38.891000+00:00,094623,2263.9,1,0,0,0,0,13365,495,13365,0,0,0,0,4655,-28608,18518,6,4480,528,129,0,0,0,0,0,0,0,0,0,31082107,2018,0.5,932.95,3196.81,0,55.2,97.7,67.9,42.8,62.7,526,54.8,616,162.3,167.8,1057.7,361378,1486,12.76,89.7,1490,2.61,1.16,29.6,41.2,60,24.42,12173033,72420,74.2,3408,0,1200,400,720,240,4200,7500,8500,102,1.5,6000,0,0,0,0,0,75.91,30,70.3,66.7,57.1,0,0
2026-08-10T11:36:38.972000+09:00,2026-08-10T02:36:38.972000+00:00,094623,2320.0,1,0,0,0,0,13365,495,13365,0,0,0,0,4655,-28608,10326,6,4480,0,129,0,0,0,0,0,0,0,0,0,31082107,2018,0.5,986.66,3306.68,0,55.4,97.7,67.7,42.8,63,526.8,53.6,615.3,163.4,168.9,1032.6,361378,1486,12.81,89.8,1490,2.59,1.16,29.9,40.9,60,24.53,12173037,72420,73.59,3408,0,1200,400,720,240,4200,7500,8500,102,1.5,6000,0,0,0,0,0,75.02,30,69.82,66.6,57.1,0,0
2026-08-10T11:37:39.066000+09:00,2026-08-10T02:37:39.066000+00:00,094623,2648.4,1,0,0,0,0,13365,498,13365,0,0,0,0,4651,-28608,10326,6,4480,0,129,0,0,0,0,0,0,0,0,0,31082107,2018,0.52,1092.87,3741.26,0,55.5,98,67.9,42.8,63.1,523.1,53.5,619.1,164.6,170.1,1107.5,361378,1486,12.87,89.9,1500,2.61,1.16,30.9,39.3,60,24.45,12173041,72420,74.26,3408,0,1200,400,720,240,4200,7500,8500,102,1.5,6000,0,0,0,0,0,75.41,30,70.57,66.74,57.1,0,0
2026-08-10T11:38:39.161000+09:00,2026-08-10T02:38:39.161000+00:00,094623,1450.5,1,0,0,0,0,13365,517,13365,0,0,0,0,4651,-28608,12374,6,5024,72,129,0,0,0,0,0,0,0,0,0,31082107,2018,0.51,635.09,2085.63,0,55.4,97.7,68.3,42.8,63.2,522,54.1,611.5,155,159.4,1059.2,361378,1486,12.8,90.1,1550,2.79,1.03,22.2,33.5,60,16.14,12173044,72420,68.59,3408,0,1200,400,720,240,4200,7500,8500,102,1.5,6000,0,0,0,0,0,68.97,30,62.24,59.94,57.1,0,0
2026-08-10T11:39:39.231000+09:00,2026-08-10T02:39:39.231000+00:00,094623,1410.3,1,0,0,0,0,13365,518,13365,0,0,0,0,4651,-28608,10326,6,4992,0,129,0,0,0,0,0,0,0,0,0,31082107,2018,0.51,650.96,2061.22,0,55,97.1,68.3,42.8,62.6,519.7,55.1,603.8,147.7,151.4,1042.5,361378,1486,12.9,91.7,1550,2.8,1.05,22.6,34.4,60,15.69,12173046,72420,63.89,3408,0,1200,400,720,240,4200,7500,8500,102,1.5,6000,0,0,0,0,0,69.64,30,59.12,66.29,57.1,0,0
2026-08-10T11:40:39.327000+09:00,2026-08-10T02:40:39.327000+00:00,094623,2322.5,1,0,0,0,0,13365,496,13365,0,0,0,0,4651,-28608,18518,6,4480,528,129,0,0,0,0,0,0,0,0,0,31082107,2018,0.51,1074.56,3397.02,0,54.9,99.1,68.1,42.8,62.2,517.7,53.6,612.4,156.3,161.4,1085,361379,1487,12.67,89.7,1500,2.61,1.16,30.4,40.4,60,24.09,12173049,72420,73.43,3408,0,1200,400,720,240,4200,7500,8500,102,1.5,6000,0,0,0,0,0,76.67,30,72.77,69.19,57.1,0,0
2026-08-10T11:41:39.418000+09:00,2026-08-10T02:41:39.418000+00:00,094623,2285.8,1,0,0,0,0,13365,497,13365,0,0,0,0,4651,-28608,10326,6,4480,0,129,0,0,0,0,0,0,0,0,0,31082107,2018,0.47,973.23,3259.07,0,55,98.5,68,42.8,62.6,523.6,54.7,619.6,161.8,167.3,1078,361379,1487,12.75,88.8,1500,2.6,1.14,29.6,40.3,60,24.54,12173053,72420,76.13,3408,0,1200,400,720,240,4200,7500,8500,102,1.5,6000,0,0,0,0,0,76.55,30,72.89,65.21,57.1,0,0
2026-08-10T11:42:39.498000+09:00,2026-08-10T02:42:39.498000+00:00,094623,2482.4,1,0,0,0,0,13365,499,13365,0,0,0,0,4651,-28608,10326,518,4480,0,129,0,0,0,0,0,0,0,0,0,31082107,2018,0.48,1033.05,3515.43,0,55,97,67.9,42.7,62.8,522.8,54.1,617.6,164,169.6,1038,361379,1487,12.34,89.3,1510,2.6,1.15,30.4,40,60,23.51,12173057,72420,75.18,3408,0,1200,400,720,240,4200,7500,8500,102,1.5,6000,0,0,0,0,0,76.44,30,67.77,65.42,57.2,0,0
2026-08-10T11:43:39.604000+09:00,2026-08-10T02:43:39.604000+00:00,094623,2460.4,1,0,0,0,0,13365,497,13365,0,0,0,0,4655,-28608,12374,6,4512,72,129,0,0,0,0,0,0,0,0,0,31082107,2018,0.52,997.65,3458.05,0,55.1,98.5,68,42.7,63,525.4,53.7,615.7,164.2,169.7,1049,361379,1487,12.7,89.5,1500,2.6,1.15,30.2,40.2,60,24.14,12173061,72420,72.88,3408,0,1200,400,720,240,4200,7500,8500,102,1.5,6000,0,0,0,0,0,76.62,30,71.74,65.06,57.2,0,0
2026-08-10T11:44:39.710000+09:00,2026-08-10T02:44:39.710000+00:00,094623,2440.9,1,0,0,0,0,13365,496,13365,0,0,0,0,4651,-28608,10326,6,4480,0,129,0,0,0,0,0,0,0,0,0,31082107,2018,0.52,951.26,3392.13,0,55.2,98.8,68,42.7,63.2,526.3,54.3,616.5,165.5,171.1,1048.4,361379,1487,12.87,89.8,1500,2.59,1.15,29.8,40,60,24.55,12173065,72420,74.91,3408.01,0,1200,400,720,240,4200,7500,8500,102,1.5,6000,0,0,0,0,0,76.57,30,73.99,65.41,57.2,0,0
2026-08-10T11:45:39.816000+09:00,2026-08-10T02:45:39.816000+00:00,094623,1808.2,1,0,0,0,0,13365,498,13365,0,0,0,0,4655,-28608,18518,518,4992,528,129,0,0,0,0,0,0,0,0,0,31082107,2018,0.45,610.67,2418.9,0,55.3,98,68.1,42.7,63.4,524.8,65.1,618.7,162.5,167.7,1050.6,361379,1487,12.77,90.2,1500,2.64,1.13,23.9,35.2,60,12.08,12173069,72420,75,3408.01,0,1200,400,720,240,4200,7500,8500,102,1.5,6000,0,0,0,0,0,69.77,30,65.06,59.31,57.3,0,0
2026-08-10T11:46:39.896000+09:00,2026-08-10T02:46:39.896000+00:00,094623,1313.8,1,0,0,0,0,13365,491,13365,0,0,0,0,4651,-28608,10326,6,4992,0,129,0,0,0,0,0,0,0,0,0,31082107,2018,0.49,530.11,1843.93,0,55.1,96.6,68.1,42.8,63,524.2,57.7,609.4,150.6,154.5,1028.5,361380,1488,12.71,90.9,1480,2.61,1.11,22.6,36.9,60,11.19,12173071,72420,64.85,3408.01,0,1200,400,720,240,4200,7500,8500,102,1.5,6000,0,0,0,0,0,69.08,30,58.53,61.71,57.2,0,0
2026-08-10T11:47:39.992000+09:00,2026-08-10T02:47:39.992000+00:00,094623,1924.2,1,0,0,0,0,13365,495,13365,0,0,0,0,4651,-28608,10326,6,4480,0,129,0,0,0,0,0,0,0,0,0,31082107,2018,0.52,803.55,2727.74,0,54.9,98.2,68,42.9,62.4,517.5,58.7,609.5,149.7,153.9,1009.4,361380,1488,12.63,91.4,1490,2.64,1.18,28.8,42.3,60,21.16,12173073,72420,65.01,3408.01,0,1200,400,720,240,4200,7500,8500,102,1.5,6000,0,0,0,0,0,75.28,30,69.08,71.67,57.3,0,0
2026-08-10T11:48:40.066000+09:00,2026-08-10T02:48:40.066000+00:00,094623,2110.1,1,0,0,0,0,13365,497,13365,0,0,0,0,4651,-28608,12374,6,4512,72,129,0,0,0,0,0,0,0,0,0,31082107,2018,0.5,878.02,2988.07,0,55.1,99.2,68,42.8,62.5,525.6,56.9,619.2,158.4,163.8,1046,361380,1488,12.75,89.3,1500,2.61,1.15,29.4,41.9,60,24.3,12173077,72420,76.49,3408.01,0,1200,400,720,240,4200,7500,8500,102,1.5,6000,0,0,0,0,0,76.88,30,74.97,67.54,57.3,0,0
2026-08-10T11:49:40.171000+09:00,2026-08-10T02:49:40.171000+00:00,094623,2163.8,1,0,0,0,0,13365,497,13365,0,0,0,0,4651,-28608,10390,6,20864,0,129,0,0,0,0,0,0,0,0,0,31082107,2018,0.47,820.64,2984.4,0,55.1,97.5,67.9,42.8,62.6,529.5,56.2,614,159,164.4,1022.6,361380,1488,12.77,89.1,1500,2.59,1.16,29.6,42.8,60,24.45,12173081,72420,76.07,3408.01,0,1200,400,720,240,4200,7500,8500,102,1.5,6000,0,0,0,0,0,76.54,30,70.47,65.68,57.3,0,0
2026-08-10T11:50:40.271000+09:00,2026-08-10T02:50:40.271000+00:00,094623,2370.1,1,0,0,0,0,13365,497,13365,0,0,0,0,4651,-28608,10326,6,4480,0,129,0,0,0,0,0,0,0,0,0,31082107,2018,0.49,940.27,3310.34,0,55.2,97.6,67.8,42.8,62.7,527,55.3,616.3,161,166.3,1044.2,361380,1488,12.62,89.4,1500,2.6,1.16,30.1,41.1,60,24.31,12173085,72420,73.3,3408.01,0,1200,400,720,240,4200,7500,8500,102,1.5,6000,0,0,0,0,0,76.07,30,69.74,65.45,57.3,0,0
2026-08-10T11:51:40.381000+09:00,2026-08-10T02:51:40.381000+00:00,094623,2442.1,1,0,0,0,0,13365,498,13365,0,0,0,0,4655,-28608,10390,6,20864,0,129,0,0,0,0,0,0,0,0,0,31082107,2018,0.51,1026.95,3469.04,0,55.2,98.1,68,42.8,62.9,525.8,55.7,616.1,164.1,169.9,1045.8,361380,1488,12.75,89.8,1510,2.6,1.15,30,40,60,24.6,12173089,72420,74.07,3408.01,0,1200,400,720,240,4200,7500,8500,102,1.5,6000,0,0,0,0,0,76.59,30,71.16,66,57.3,0,0
2026-08-10T11:52:40.471000+09:00,2026-08-10T02:52:40.471000+00:00,094623,1893.7,1,0,0,0,0,13365,502,13365,0,0,0,0,4651,-28608,10326,6,4992,0,129,0,0,0,0,0,0,0,0,0,31082107,2018,0.48,659.5,2553.18,0,55.2,98.3,68.2,42.7,63.1,528.2,54.5,617.7,163.4,169.1,1074,361381,1489,12.76,89.9,1510,2.65,1.11,24.7,35.9,60,15.27,12173093,72420,76.21,3408.02,0,1200,400,720,240,4200,7500,8500,102,1.5,6000,0,0,0,0,0,71.3,30,66.18,60.14,57.4,0,0
2026-08-10T11:53:40.558000+09:00,2026-08-10T02:53:40.558000+00:00,094623,1682.5,1,0,0,0,0,13365,454,13365,0,0,0,0,4651,-28608,12390,6,13220,8,129,0,0,0,0,0,0,0,0,0,31082107,2018,0.5,632.65,2315.13,0,55,96.9,68.1,42.8,62.8,524.4,54.3,609.7,151.2,155.2,1077.4,361381,1489,12.7,90.7,1320,2.42,1.82,26.8,39.3,60,11.08,12173095,72420,64.69,3408.02,0,1200,400,720,240,4200,7500,8500,102,1.5,6000,0,0,0,0,0,68.37,30,58.39,60.27,57.3,0,0
2026-08-10T11:54:40.659000+09:00,2026-08-10T02:54:40.659000+00:00,094623,1851.0,1,0,0,0,0,13365,494,13365,0,0,0,0,4655,-26560,10326,14,4480,8192,129,0,0,0,0,0,0,0,0,0,31082107,2018,0.53,818.2,2669.15,0,54.8,98.2,67.9,42.8,62.3,516.9,55.2,610.7,149.2,153.2,1049.8,361381,1489,12.85,91.8,1490,2.58,1.2,27.6,40.6,60,17.19,12173097,72420,65.37,3408.02,0,1200,400,720,240,4200,7500,8500,102,1.5,6000,0,0,0,0,0,72.62,30,66.14,70.56,57.4,0,0
2026-08-10T11:55:40.795000+09:00,2026-08-10T02:55:40.795000+00:00,094623,2290.7,1,0,0,0,0,13365,498,13365,0,0,0,0,4651,-28608,10326,6,4480,0,129,0,0,0,0,0,0,0,0,0,31082107,2018,0.48,976.9,3267.62,0,54.9,99.4,68,42.8,62.5,521.8,55,614.4,161.3,167,1081.9,361381,1489,12.64,88.9,1510,2.67,1.15,29.9,40.8,60,24.52,12173101,72420,76.87,3408.02,0,1200,400,720,240,4200,7500,8500,102,1.5,6000,0,0,0,0,0,76.81,30,75.17,66.22,57.4,0,0
2026-08-10T11:56:40.910000+09:00,2026-08-10T02:56:40.910000+00:00,094623,2455.5,1,0,0,0,0,13365,498,13365,0,0,0,0,4651,-28608,10326,6,4480,0,129,0,0,0,0,0,0,0,0,0,31082107,2018,0.46,974.46,3429.98,0,54.9,96.9,68,42.7,62.8,522.1,54.7,616.8,164.3,170.1,1069.3,361381,1489,12.76,89.1,1500,2.66,1.15,30.1,39.9,60,24.56,12173105,72420,74.42,3408.02,0,1200,400,720,240,4200,7500,8500,102,1.5,6000,0,0,0,0,0,76.78,30,67.69,65.16,57.4,0,0
2026-08-10T11:57:40.980000+09:00,2026-08-10T02:57:40.980000+00:00,094623,2447.0,1,0,0,0,0,13365,495,13365,0,0,0,0,4651,-28608,10326,6,4480,0,129,0,0,0,0,0,0,0,0,0,31082107,2018,0.5,1000.09,3447.07,0,55,98,67.8,42.7,63,524.7,54,620.3,165.2,171,1086.1,361381,1489,12.93,89.2,1500,2.65,1.16,30.2,40.2,60,24.5,12173109,72420,74.25,3408.02,0,1200,400,720,240,4200,7500,8500,102,1.5,6000,0,0,0,0,0,75.86,30,69.98,64.12,57.4,0,0
2026-08-10T11:58:41.072000+09:00,2026-08-10T02:58:41.072000+00:00,094623,1874.1,1,0,0,0,0,13365,501,13365,0,0,0,0,4655,-28608,18518,6,4992,528,129,0,0,0,0,0,0,0,0,0,31082107,2018,0.48,670.49,2544.63,0,55.2,98.7,67.8,42.7,63.1,526.4,54.3,616,163.8,169.5,1109.4,361382,1490,12.28,89.9,1510,2.71,1.12,24.4,35.3,60,14.48,12173113,72420,74,3408.02,0,1200,400,720,240,4200,7500,8500,102,1.5,6000,0,0,0,0,0,69.36,30,66.44,59.22,57.5,0,0
2026-08-10T11:59:41.159000+09:00,2026-08-10T02:59:41.159000+00:00,094623,1708.1,1,0,0,0,0,13365,521,13365,0,0,0,0,4651,-28608,10326,6,4992,0,129,0,0,0,0,0,0,0,0,0,31082107,2018,0.51,837.73,2545.85,0,54.9,96.6,68.1,42.8,62.8,522.5,54.4,612.3,150.3,154.3,1054.6,361382,1490,12.51,90.9,1570,2.76,1.12,25.8,37,60,10.25,12173115,72420,63.31,3408.02,0,1200,400,720,240,4200,7500,8500,102,1.5,6000,0,0,0,0,0,71.81,30,60.9,64.76,57.4,0,0
2026-08-10T12:00:41.264000+09:00,2026-08-10T03:00:41.264000+00:00,094623,1780.1,1,0,0,0,0,13365,493,13365,0,0,0,0,4651,-28608,10326,518,4480,0,129,0,0,0,0,0,0,0,0,0,31082107,2018,0.51,773.03,2553.18,0,54.9,98.2,68.3,42.9,62.3,518.7,56.1,610.3,147.6,151.3,1040.9,361382,1490,12.38,91.6,1490,2.59,1.19,27.7,42.2,60,18.51,12173117,72420,63.13,3408.03,0,1200,400,720,240,4200,7500,8500,102,1.5,6000,0,0,0,0,0,74.21,30,66.6,70.1,57.4,0,0
2026-08-10T12:01:41.368000+09:00,2026-08-10T03:01:41.368000+00:00,094623,2206.5,1,0,0,0,0,13365,497,13365,0,0,0,0,4651,-28608,8278,518,4480,8,129,0,0,0,0,0,0,0,0,0,31082107,2018,0.49,875.58,3082.06,0,55.1,99.8,67.8,42.9,62.4,524.4,55.1,615.1,158.8,164.3,1055.7,361382,1490,12.77,89.2,1500,2.6,1.15,29.6,41.6,60,23.86,12173121,72420,77.66,3408.03,0,1200,400,720,240,4200,7500,8500,102,1.5,6000,0,0,0,0,0,76.09,30,76.02,66.9,57.5,0,0
2026-08-10T12:02:41.456000+09:00,2026-08-10T03:02:41.456000+00:00,094623,2471.4,1,0,0,0,0,13365,498,13365,0,0,0,0,4651,-28608,10326,6,4480,0,129,0,0,0,0,0,0,0,0,0,31082107,2018,0.45,1053.8,3525.19,0,55.2,97.2,67.6,42.9,62.7,522.7,54.5,616.7,162.3,168,1066.3,361382,1490,12.74,89,1500,2.6,1.16,30.5,40,60,24.54,12173125,72420,73.73,3408.03,0,1200,400,720,240,4200,7500,8500,102,1.5,6000,0,0,0,0,0,75.14,30,69.11,64.74,57.5,0,0
2026-08-10T12:03:41.538000+09:00,2026-08-10T03:03:41.538000+00:00,094623,2431.1,1,0,0,0,0,13365,495,13365,0,0,0,0,4651,-28608,18518,6,4480,528,129,0,0,0,0,0,0,0,0,0,31082107,2018,0.49,985.44,3416.55,0,55.1,97.9,67.5,42.9,62.9,524.7,53.4,618.4,165.2,171.2,1078.4,361382,1490,12.64,89.5,1490,2.58,1.15,29.8,39.8,60,24.37,12173129,72420,73.05,3408.03,0,1200,400,720,240,4200,7500,8500,102,1.5,6000,0,0,0,0,0,74.05,30,70.12,65.14,57.5,0,0
2026-08-10T12:04:41.631000+09:00,2026-08-10T03:04:41.631000+00:00,094623,2541.0,1,0,0,0,0,13365,496,13365,0,0,0,0,4651,-28608,10326,6,4480,0,129,0,0,0,0,0,0,0,0,0,31082107,2018,0.53,1009.86,3550.83,0,55.2,98.8,67.7,42.9,63.1,525.1,54.8,619.4,165.2,171,1081.6,361383,1491,12.74,89.7,1500,2.58,1.16,30.3,39.8,60,24.41,12173133,72420,73.8,3408.03,0,1200,400,720,240,4200,7500,8500,102,1.5,6000,0,0,0,0,0,74.15,30,73.44,65.16,57.5,0,0
2026-08-10T12:05:41.733000+09:00,2026-08-10T03:05:41.733000+00:00,094623,1431.0,1,0,0,0,0,13365,491,13365,0,0,0,0,4651,-28608,10326,6,4992,0,129,0,0,0,0,0,0,0,0,0,31082107,2018,0.45,484.94,1915.95,0,55.3,97.4,68.2,43,63.2,526.8,54.6,611.7,156.7,161.4,1034,361383,1491,12.68,90.7,1480,2.61,1.1,22.4,36.3,60,11.3,12173136,72420,72.68,3408.03,0,1200,400,720,240,4200,7500,8500,102,1.5,6000,0,0,0,0,0,67.39,30,62.1,60.19,57.5,0,0
2026-08-10T12:06:41.815000+09:00,2026-08-10T03:06:41.815000+00:00,094623,1326.0,1,0,0,0,0,13365,490,13365,0,0,0,0,4651,-28608,12374,518,5024,72,129,0,0,0,0,0,0,0,0,0,31082107,2018,0.44,521.56,1847.59,0,55.2,97.2,68.6,43.1,62.6,525,56.2,604.5,147.1,150.5,1042.2,361383,1491,12.59,91.2,1470,2.63,1.1,22.2,36.4,60,10.76,12173138,72420,64.88,3408.03,0,1200,400,720,240,4200,7500,8500,102,1.5,6000,0,0,0,0,0,69.28,30,59.46,63.7,57.6,0,0
2026-08-10T12:07:41.921000+09:00,2026-08-10T03:07:41.921000+00:00,094623,2388.4,1,0,0,0,0,13365,496,13365,0,0,0,0,4651,-28608,10326,6,4480,0,129,0,0,0,0,0,0,0,0,0,31082107,2018,0.51,1098.97,3487.35,0,55.1,98.3,68.2,43.1,62.2,515.3,54.9,613.2,153.5,158.1,1077.3,361383,1491,12.67,90.6,1500,2.58,1.16,30.3,39.6,60,23.77,12173141,72420,65.92,3408.03,0,1200,400,720,240,4200,7500,8500,102,1.5,6000,0,0,0,0,0,76.41,30,70.82,70.96,57.6,0,0
2026-08-10T12:08:42.032000+09:00,2026-08-10T03:08:42.032000+00:00,094623,2193.1,1,0,0,0,0,13365,495,13365,0,0,0,0,4651,-28608,18582,6,20864,528,129,0,0,0,0,0,0,0,0,0,31082107,2018,0.48,865.81,3058.87,0,55.2,98.9,68.2,43,62.7,526.2,54,614.6,159.9,165.3,1059.4,361383,1491,12.68,89.1,1490,2.59,1.14,29.2,41,60,24.37,12173145,72420,77.65,3408.03,0,1200,400,720,240,4200,7500,8500,102,1.5,6000,0,0,0,0,0,77.02,30,74.41,66.63,57.6,0,0
2026-08-10T12:09:42.116000+09:00,2026-08-10T03:09:42.116000+00:00,094623,2344.4,1,0,0,0,0,13365,497,13365,0,0,0,0,4651,-28608,10326,6,4480,0,129,0,0,0,0,0,0,0,0,0,31082107,2018,0.45,879.24,3223.67,0,55.3,97,68.1,43,62.8,526.6,54.9,615.7,161.2,166.4,1055.1,361383,1491,12.32,89.2,1500,2.59,1.16,29.9,41.2,60,24.44,12173149,72420,74.19,3408.04,0,1200,400,720,240,4200,7500,8500,102,1.5,6000,0,0,0,0,0,77.07,30,68.32,65.65,57.6,0,0
2026-08-10T12:10:42.230000+09:00,2026-08-10T03:10:42.230000+00:00,094623,2472.6,1,0,0,0,0,13365,496,13365,0,0,0,0,4655,-28608,10342,6,4480,0,129,0,0,0,0,0,0,0,0,0,31082107,2018,0.52,983,3455.61,0,55.4,98.4,67.9,43,63,525.8,54.8,617.8,163.7,169.3,1054.3,361384,1492,12.9,89.6,1500,2.58,1.16,30.2,40.2,60,24.31,12173153,72420,73.87,3408.04,0,1200,400,720,240,4200,7500,8500,102,1.5,6000,0,0,0,0,0,76.21,30,71.86,65.82,57.6,0,0
2026-08-10T12:11:42.338000+09:00,2026-08-10T03:11:42.338000+00:00,094623,1786.2,1,0,0,0,0,13365,500,13365,0,0,0,0,4651,-28608,12374,6,5024,72,129,0,0,0,0,0,0,0,0,0,31082107,2018,0.46,657.06,2443.31,0,55.5,98.8,67.8,42.9,63.2,528.2,54,613.1,162.6,167.9,1089.6,361384,1492,12.67,90.2,1500,2.64,1.12,24.2,35.8,60,14.17,12173157,72420,75.79,3408.04,0,1200,400,720,240,4200,7500,8500,102,1.5,6000,0,0,0,0,0,69.11,30,67.92,60.77,57.7,0,0
2026-08-10T12:12:42.406000+09:00,2026-08-10T03:12:42.406000+00:00,094623,1608.0,1,0,0,0,0,13365,520,13365,0,0,0,0,4651,-28608,10342,6,13188,0,129,0,0,0,0,0,0,0,0,0,31082107,2018,0.49,818.2,2426.22,0,55.2,96.4,68.3,43,62.9,519.8,55.5,607.8,150.8,154.8,1076.9,361384,1492,12.75,90.5,1560,2.77,1.07,23.9,34.1,60,15.14,12173159,72420,62.91,3408.04,0,1200,400,720,240,4200,7500,8500,102,1.5,6000,0,0,0,0,0,71.16,30,59.94,62.91,57.6,0,0
2026-08-10T12:13:42.495000+09:00,2026-08-10T03:13:42.495000+00:00,094623,1848.5,1,0,0,0,0,13365,493,13365,0,0,0,0,4651,-28608,18518,6,4480,528,129,0,0,0,0,0,0,0,0,0,31082107,2018,0.49,802.33,2650.84,0,55.1,98,68.3,43.1,62.4,519,54.2,605.7,148.4,152.2,1055.9,361384,1492,12.81,91.6,1490,2.58,1.21,28,41.9,60,19,12173161,72420,66.12,3408.04,0,1200,400,720,240,4200,7500,8500,102,1.5,6000,0,0,0,0,0,74.69,30,67.11,71.13,57.7,0,0
2026-08-10T12:14:42.600000+09:00,2026-08-10T03:14:42.600000+00:00,094623,2366.4,1,0,0,0,0,13365,498,13365,0,0,0,0,4651,-28608,10326,6,4480,0,129,0,0,0,0,0,0,0,0,0,31082107,2018,0.49,976.9,3343.3,0,55.3,99.8,68.1,43,62.5,521.3,54.2,615.4,160.9,166.5,1083.1,361384,1492,12.86,88.8,1510,2.6,1.13,29.7,39.7,60,24.56,12173165,72420,76.79,3408.04,0,1200,400,720,240,4200,7500,8500,102,1.5,6000,0,0,0,0,0,77.45,30,76.88,65.95,57.7,0,0
2026-08-10T12:15:42.691000+09:00,2026-08-10T03:15:42.691000+00:00,094623,2389.6,1,0,0,0,0,13365,498,13365,0,0,0,0,4651,-28608,10326,6,4480,0,129,0,0,0,0,0,0,0,0,0,31082107,2018,0.44,1006.2,3395.79,0,55.4,96.9,67.9,43.1,62.9,524.2,54.6,615.1,163.3,168.9,1060.5,361385,1493,12.65,89.2,1500,2.59,1.15,30.1,40.5,60,24.42,12173169,72420,72.78,3408.04,0,1200,400,720,240,4200,7500,8500,102,1.5,6000,0,0,0,0,0,76.89,30,68.58,65.4,57.7,0,0
2026-08-10T12:16:42.785000+09:00,2026-08-10T03:16:42.785000+00:00,094623,2326.1,1,0,0,0,0,13365,502,13365,0,0,0,0,4655,-28608,12374,6,5024,72,129,0,0,0,0,0,0,0,0,0,31082107,2018,0.51,952.48,3278.6,0,55.6,98.4,67.8,43.1,63.2,524.2,53.6,616.8,165.6,171.3,1065.8,361385,1493,12.86,89.6,1510,2.63,1.1,27.7,36.7,60,21.79,12173173,72420,71.69,3408.04,0,1200,400,720,240,4200,7500,8500,102,1.5,6000,0,0,0,0,0,74.64,30,70.51,63.96,57.7,0,0
2026-08-10T12:17:42.904000+09:00,2026-08-10T03:17:42.904000+00:00,094623,1539.7,1,0,0,0,0,13365,465,13365,0,0,0,0,4651,-28608,10326,6,4992,0,129,0,0,0,0,0,0,0,0,0,31082107,2018,0.46,534.99,2074.65,0,55.5,96.8,68.1,43.1,63,527.2,55,609.8,151.6,155.7,1027.1,361385,1493,12.75,91.4,1350,2.54,1.92,25.7,39.9,60,11.31,12173175,72420,63.45,3408.05,0,1200,400,720,240,4200,7500,8500,102,1.5,6000,0,0,0,0,0,68.62,30,59.02,62.79,57.7,0,0
2026-08-10T12:18:43.005000+09:00,2026-08-10T03:18:43.005000+00:00,094623,1401.7,1,0,0,0,0,13365,499,13365,0,0,0,0,4651,-28608,10326,6,4480,0,129,0,0,0,0,0,0,0,0,0,31082107,2018,0.42,564.29,1966,0,55.3,97.9,68.1,43.2,62.6,522.5,56.8,606.5,148.3,152.2,1038.3,361385,1493,12.42,90.8,1500,2.66,1.14,23.3,37.3,60,11.29,12173177,72420,67.05,3408.05,0,1200,400,720,240,4200,7500,8500,102,1.5,6000,0,0,0,0,0,69.38,30,61.27,63.82,57.7,0,0
2026-08-10T12:19:43.084000+09:00,2026-08-10T03:19:43.084000+00:00,094623,2256.5,1,0,0,0,0,13365,496,13365,0,0,0,0,4651,-28608,10326,6,4480,0,129,0,0,0,0,0,0,0,0,0,31082107,2018,0.51,981.78,3238.32,0,55.1,98.9,67.9,43.1,62.4,519.7,55.8,611.4,158.4,163.8,1046.3,361385,1493,12.46,89.5,1500,2.58,1.14,29.7,40.4,60,24.35,12173181,72420,71.27,3408.05,0,1200,400,720,240,4200,7500,8500,102,1.5,6000,0,0,0,0,0,76.69,30,73.01,67.71,57.8,0,0
2026-08-10T12:20:43.187000+09:00,2026-08-10T03:20:43.187000+00:00,094623,2306.6,1,0,0,0,0,13365,495,13365,0,0,0,0,4655,-28608,10326,6,4480,0,129,0,0,0,0,0,0,0,0,0,31082107,2018,0.49,958.59,3265.17,0,55.1,98.1,67.9,43.1,62.7,525.6,55.6,614.9,161.6,167,1057.6,361385,1493,12.63,89.7,1500,2.58,1.15,29.9,41.3,60,24.41,12173185,72420,74.61,3408.05,0,1200,400,720,240,4200,7500,8500,102,1.5,6000,0,0,0,0,0,76.56,30,71.72,67.73,57.8,0,0
2026-08-10T12:21:43.304000+09:00,2026-08-10T03:21:43.304000+00:00,094623,2353.0,1,0,0,0,0,13365,496,13365,0,0,0,0,4655,-28608,8278,6,4480,0,129,0,0,0,0,0,0,0,0,0,31082107,2018,0.49,880.46,3233.44,0,55.1,97.5,67.9,43.1,62.8,526.5,54.5,617.3,163.7,169.3,1018.9,361386,1494,12.52,90,1500,2.59,1.15,29.7,40.8,60,24.23,12173189,72420,74.54,3408.05,0,1200,400,720,240,4200,7500,8500,102,1.5,6000,0,0,0,0,0,76.47,30,69.65,68.55,57.8,0,0
2026-08-10T12:22:43.404000+09:00,2026-08-10T03:22:43.404000+00:00,094623,2351.8,1,0,0,0,0,13365,502,13365,0,0,0,0,4651,-28608,10326,6,4992,0,129,0,0,0,0,0,0,0,0,0,31082107,2018,0.49,995.21,3346.96,0,55.1,97.7,68,43,63,524.2,54,618.9,166.2,171.9,1074.6,361386,1494,12.9,90.5,1510,2.63,1.11,27.7,36.3,60,22.04,12173193,72420,76.28,3408.05,0,1200,400,720,240,4200,7500,8500,102,1.5,6000,0,0,0,0,0,74.43,30,67.34,68.29,57.8,0,0
2026-08-10T12:23:43.504000+09:00,2026-08-10T03:23:43.504000+00:00,094623,1792.3,1,0,0,0,0,13365,488,13365,0,0,0,0,4651,-28608,10326,518,4992,0,129,0,0,0,0,0,0,0,0,0,31082107,2018,0.47,829.19,2621.54,0,55.1,97.5,68.1,43,62.9,524.7,55,607.4,152.5,156.6,1072.7,361386,1494,12.71,90,1560,2.64,1.16,26.1,37.1,60,9.43,12173195,72420,67.12,3408.05,0,1200,400,720,240,4200,7500,8500,102,1.5,6000,0,0,0,0,0,69.07,30,60.8,60.85,57.8,0,0
2026-08-10T12:24:43.590000+09:00,2026-08-10T03:24:43.590000+00:00,094623,1417.6,1,0,0,0,0,13365,493,13365,0,0,0,0,4651,-28608,10326,6,4480,0,129,0,0,0,0,0,0,0,0,0,31082107,2018,0.5,565.51,1983.09,0,54.8,97.3,67.8,43.1,62.3,522.9,54.9,606.8,148.6,152.5,1061.8,361386,1494,12.57,91.1,1480,2.65,1.15,23.6,38,60,11.78,12173197,72420,61.33,3408.05,0,1200,400,720,240,4200,7500,8500,102,1.5,6000,0,0,0,0,0,68.68,30,59.3,65.24,57.8,0,0
2026-08-10T12:25:43.681000+09:00,2026-08-10T03:25:43.681000+00:00,094623,2328.6,1,0,0,0,0,13365,496,13365,0,0,0,0,4651,-28608,10326,6,4480,0,129,0,0,0,0,0,0,0,0,0,31082107,2018,0.53,993.99,3322.55,0,54.8,99.7,67.8,43,62.2,518.9,55.7,615.5,160.4,166.1,1053.5,361386,1494,12.57,89.4,1500,2.63,1.14,29.9,39.7,60,24.39,12173201,72420,74.2,3408.05,0,1200,400,720,240,4200,7500,8500,102,1.5,6000,0,0,0,0,0,75.97,30,74.72,68.72,57.9,0,0
2026-08-10T12:26:43.778000+09:00,2026-08-10T03:26:43.778000+00:00,094623,2302.9,1,0,0,0,0,13365,498,13365,0,0,0,0,4651,-28608,18518,6,4480,528,129,0,0,0,0,0,0,0,0,0,31082107,2018,0.46,868.25,3171.18,0,54.9,97.7,68.1,43,62.6,525.2,55.4,619.7,162.2,167.7,1044.6,361386,1494,12.55,88.8,1500,2.63,1.14,29.6,40.9,60,24.37,12173205,72420,76.77,3408.06,0,1200,400,720,240,4200,7500,8500,102,1.5,6000,0,0,0,0,0,76.98,30,70.33,65.28,57.9,0,0
2026-08-10T12:27:43.872000+09:00,2026-08-10T03:27:43.872000+00:00,094623,2396.9,1,0,0,0,0,13365,494,13365,0,0,0,0,4655,-26560,10390,6,20864,0,129,0,0,0,0,0,0,0,0,0,31082107,2018,0.5,910.98,3307.9,0,55,97.6,67.8,43,62.7,527,56.4,615.1,162.9,168.2,1072.3,361387,1495,12.62,89.5,1490,2.6,1.16,30.1,41,60,23.89,12173209,72420,71.84,3408.06,0,1200,400,720,240,4200,7500,8500,102,1.5,6000,0,0,0,0,0,75.79,30,68.72,65.82,57.9,0,0
2026-08-10T12:28:43.960000+09:00,2026-08-10T03:28:43.960000+00:00,094623,2244.3,1,0,0,0,0,13365,500,13365,0,0,0,0,4655,-28608,10326,6,4992,0,129,0,0,0,0,0,0,0,0,0,31082107,2018,0.52,849.94,3094.27,0,55.2,99.1,67.5,42.9,62.9,526.2,54.3,618.4,165.6,171.2,1135.7,361387,1495,12.63,89.7,1510,2.65,1.11,27.4,37.3,60,21.24,12173213,72420,74.8,3408.06,0,1200,400,720,240,4200,7500,8500,102,1.5,6000,0,0,0,0,0,71.68,30,71.42,63.25,57.9,0,0
2026-08-10T12:29:44.066000+09:00,2026-08-10T03:29:44.066000+00:00,094623,1681.3,1,0,0,0,0,13365,522,13365,0,0,0,0,4655,-28608,12390,6,13188,8,129,0,0,0,0,0,0,0,0,0,31082107,2018,0.47,749.84,2431.1,0,55.1,96.5,68.1,42.9,62.8,523.3,54.3,610.5,151.4,155.2,1035.5,361387,1495,12.82,91,1570,2.81,1.1,24.9,36.4,60,12.43,12173215,72420,66.3,3408.06,0,1200,400,720,240,4200,7500,8500,102,1.5,6000,0,0,0,0,0,70.97,30,61.4,65.31,57.9,0,0
2026-08-10T12:30:44.153000+09:00,2026-08-10T03:30:44.153000+00:00,094623,1428.6,1,0,0,0,0,13365,493,13365,0,0,0,0,4651,-28608,10326,6,4480,0,129,0,0,0,0,0,0,0,0,0,31082107,2018,0.44,570.39,1998.96,0,54.8,98.4,68.4,43,62.3,523.2,54.3,606.4,147.4,151.1,1075.4,361387,1495,12.73,91,1480,2.65,1.16,23.8,38.8,60,12.14,12173217,72420,62.28,3408.06,0,1200,400,720,240,4200,7500,8500,102,1.5,6000,0,0,0,0,0,69.77,30,63.22,64.06,57.9,0,0
2026-08-10T12:31:44.247000+09:00,2026-08-10T03:31:44.247000+00:00,094623,2400.6,1,0,0,0,0,13365,498,13365,0,0,0,0,4651,-28608,18518,6,4480,528,129,0,0,0,0,0,0,0,0,0,31082107,2018,0.51,1003.75,3404.34,0,54.9,99.2,68.1,43,62.2,519.1,56.5,612,159.8,165.1,1042.2,361387,1495,12.81,89.7,1510,2.64,1.15,30.1,39.7,60,24.31,12173220,72420,75.11,3408.06,0,1200,400,720,240,4200,7500,8500,102,1.5,6000,0,0,0,0,0,76.58,30,73.65,68.59,57.9,0,0
2026-08-10T12:32:44.336000+09:00,2026-08-10T03:32:44.336000+00:00,094623,2240.7,1,0,0,0,0,13365,497,13365,0,0,0,0,4655,-28608,10326,6,4480,0,129,0,0,0,0,0,0,0,0,0,31082107,2018,0.45,853.6,3094.27,0,55,98,68,43,62.6,526.9,56.5,616.2,161,166.5,1064.9,361387,1495,12.69,88.8,1500,2.63,1.15,29.5,41.5,60,24.44,12173224,72420,76.97,3408.06,0,1200,400,720,240,4200,7500,8500,102,1.5,6000,0,0,0,0,0,76.37,30,71.59,64.68,57.9,0,0
2026-08-10T12:33:44.451000+09:00,2026-08-10T03:33:44.451000+00:00,094623,2520.2,1,0,0,0,0,13365,497,13365,0,0,0,0,4655,-28608,10326,6,4480,0,129,0,0,0,0,0,0,0,0,0,31082107,2018,0.47,1191.75,3711.97,0,54.9,97.1,67.6,43,62.6,524.1,55.3,620.9,163.6,169.3,1108.5,361388,1496,12.62,89.4,1500,2.63,1.16,30.3,38.9,60,24.43,12173229,72420,72.65,3408.06,0,1200,400,720,240,4200,7500,8500,102,1.5,6000,0,0,0,0,0,74.88,30,67.6,65.16,57.9,0,0
2026-08-10T12:34:44.538000+09:00,2026-08-10T03:34:44.538000+00:00,094623,2034.1,1,0,0,0,0,13365,439,13365,0,0,0,0,4651,-28608,12374,6,5024,72,129,0,0,0,0,0,0,0,0,0,31082107,2018,0.44,784.02,2818.08,0,55,98.2,67.8,42.9,62.8,525.5,54.3,613.8,159,164,1046.4,361388,1496,12.93,89.9,1390,2.38,1.37,27.4,37,60,12.21,12173232,72420,70.53,3408.07,0,1200,400,720,240,4200,7500,8500,102,1.5,6000,0,0,0,0,0,66.19,30,62.1,57.39,58,0,0
2026-08-10T12:35:44.639000+09:00,2026-08-10T03:35:44.639000+00:00,094623,1649.5,1,0,0,0,0,13365,464,13365,0,0,0,0,4651,-28608,10326,6,4992,0,129,0,0,0,0,0,0,0,0,0,31082107,2018,0.48,576.49,2226.02,0,54.7,96.9,68.4,42.9,62.4,523.8,54.3,608,149.2,153.1,1055.7,361388,1496,12.35,92,1330,2.53,1.89,26.1,39.2,60,11.38,12173234,72420,62.42,3408.07,0,1200,400,720,240,4200,7500,8500,102,1.5,6000,0,0,0,0,0,68.17,30,57.07,65.12,58,0,0
2026-08-10T12:36:44.731000+09:00,2026-08-10T03:36:44.731000+00:00,094623,2223.6,1,0,0,0,0,13365,496,13365,0,0,0,0,4651,-28608,18518,6,4480,528,129,0,0,0,0,0,0,0,0,0,31082107,2018,0.48,962.25,3185.83,0,54.5,98.8,68.3,43,61.9,516.2,54.3,609.4,150.4,154.6,1069.5,361388,1496,12,90.2,1490,2.62,1.18,29.7,41.1,60,22.81,12173236,72420,68.02,3408.07,0,1200,400,720,240,4200,7500,8500,102,1.5,6000,0,0,0,0,0,76.13,30,70.57,68.96,58,0,0
2026-08-10T12:37:44.822000+09:00,2026-08-10T03:37:44.822000+00:00,094623,2587.3,1,0,0,0,0,13365,495,13365,0,0,0,0,4651,-28608,10326,6,4480,0,129,0,0,0,0,0,0,0,0,0,31082107,2018,0.51,1138.04,3725.39,0,54.5,99,67.9,42.9,62.2,519.7,54.3,618.2,162.5,168.3,1064.6,361388,1496,12.23,89.4,1500,2.63,1.16,30.6,38.5,60,24.51,12173240,72420,73.82,3408.07,0,1200,400,720,240,4200,7500,8500,102,1.5,6000,0,0,0,0,0,75.78,30,73.39,66.91,58,0,0
2026-08-10T12:38:44.925000+09:00,2026-08-10T03:38:44.925000+00:00,094623,1931.5,1,0,0,0,0,13365,454,13365,0,0,0,0,4651,-28608,10326,6,4992,0,129,0,0,0,0,0,0,0,0,0,31082107,2018,0.44,787.68,2719.2,0,54.6,97.1,67.9,43,62.4,522.8,55.5,611.9,154.5,159.2,1055.3,361388,1496,12.93,89.9,1450,2.44,1.29,27.2,37.2,60,10.95,12173243,72420,66.97,3408.07,0,1200,400,720,240,4200,7500,8500,102,1.5,6000,0,0,0,0,0,66.93,30,59.4,59.01,58,0,0
2026-08-10T12:39:45.030000+09:00,2026-08-10T03:39:45.030000+00:00,094623,1710.6,1,0,0,0,0,13365,441,13365,0,0,0,0,4651,-28608,12374,518,5024,72,129,0,0,0,0,0,0,0,0,0,31082107,2018,0.47,688.8,2399.36,0,54.4,97.6,67.8,43,62,520.9,56.4,605.2,148.2,152.2,1079.6,361389,1497,12.71,90.7,1330,2.42,1.67,27.1,39,60,10.34,12173245,72420,59.32,3408.07,0,1200,400,720,240,4200,7500,8500,102,1.5,6000,0,0,0,0,0,66.28,30,58.9,61.3,58,0,0
2026-08-10T12:40:45.109000+09:00,2026-08-10T03:40:45.109000+00:00,094623,2197.9,1,0,0,0,0,13365,497,13365,0,0,0,0,4651,-28608,10326,6,4480,0,129,0,0,0,0,0,0,0,0,0,31082107,2018,0.51,935.39,3133.33,0,54.5,98.4,67.9,43.1,61.8,517.2,55.3,609,154.5,159.6,1074.5,361389,1497,12.44,90.3,1500,2.65,1.16,30,41.3,60,24.09,12173248,72420,69.32,3408.07,0,1200,400,720,240,4200,7500,8500,102,1.5,6000,0,0,0,0,0,75.25,30,70.45,70.72,58.1,0,0
2026-08-10T12:41:45.186000+09:00,2026-08-10T03:41:45.186000+00:00,094623,2138.1,1,0,0,0,0,13365,497,13365,0,0,0,0,4655,-28608,18518,6,4480,528,129,0,0,0,0,0,0,0,0,0,31082107,2018,0.46,889,3027.13,0,54.7,98.5,68,43,62.1,525.7,56.3,614,159.7,165.2,1069,361389,1497,12.74,88.4,1500,2.65,1.14,29.3,41.5,60,24.49,12173252,72420,74.5,3408.07,0,1200,400,720,240,4200,7500,8500,102,1.5,6000,0,0,0,0,0,75.65,30,72.58,63.45,58.1,0,0
2026-08-10T12:42:45.278000+09:00,2026-08-10T03:42:45.278000+00:00,094623,2205.3,1,0,0,0,0,13365,496,13365,0,0,0,0,4651,-28608,10326,6,4480,0,129,0,0,0,0,0,0,0,0,0,31082107,2018,0.46,843.84,3049.1,0,54.7,96.8,67.6,43,62.2,527.8,55.3,617.3,160.5,165.8,1051.7,361389,1497,12.86,89.4,1500,2.61,1.16,29.6,41.9,60,24.49,12173256,72420,72.54,3408.08,0,1200,400,720,240,4200,7500,8500,102,1.5,6000,0,0,0,0,0,74.18,30,66.43,64.76,58.1,0,0
2026-08-10T12:43:45.374000+09:00,2026-08-10T03:43:45.374000+00:00,094623,2512.9,1,0,0,0,0,13365,497,13365,0,0,0,0,4651,-28608,10326,6,4480,0,129,0,0,0,0,0,0,0,0,0,31082107,2018,0.54,1086.76,3599.66,0,54.9,98.6,67.5,43,62.4,523.9,54.3,619.9,164.4,170.1,1085.7,361389,1497,12.76,90.2,1500,2.63,1.16,30.4,39.5,60,24.51,12173260,72420,71.33,3408.08,0,1200,400,720,240,4200,7500,8500,102,1.5,6000,0,0,0,0,0,73.15,30,71.32,66.86,58.1,0,0
2026-08-10T12:44:45.461000+09:00,2026-08-10T03:44:45.461000+00:00,094623,2476.3,1,0,0,0,0,13365,497,13365,0,0,0,0,4651,-28608,12310,518,4512,72,129,0,0,0,0,0,0,0,0,0,31082107,2018,0.53,1025.73,3502,0,55.1,98.6,67.7,42.9,62.7,527.1,57.3,616.8,165.2,170.8,1110.7,361389,1497,12.68,90.6,1500,2.62,1.16,30.2,40,60,23.5,12173264,72420,75.38,3408.08,0,1200,400,720,240,4200,7500,8500,102,1.5,6000,0,0,0,0,0,73.09,30,72.79,68.8,58.1,0,0
2026-08-10T12:45:45.567000+09:00,2026-08-10T03:45:45.567000+00:00,094623,2035.3,1,0,0,0,0,13365,441,13365,0,0,0,0,4651,-28608,10326,6,4992,0,129,0,0,0,0,0,0,0,0,0,31082107,2018,0.43,796.23,2831.51,0,55.3,97.7,68,42.9,63,525.3,56.3,612.7,160.8,165.8,1056.2,361390,1498,12.58,90.4,1420,2.41,1.32,27.2,36.9,60,12.21,12173268,72420,75.31,3408.08,0,1200,400,720,240,4200,7500,8500,102,1.5,6000,0,0,0,0,0,64.97,30,61.62,60.23,58.2,0,0
2026-08-10T12:46:45.659000+09:00,2026-08-10T03:46:45.659000+00:00,094623,1623.9,1,0,0,0,0,13365,459,13365,0,0,0,0,4655,-28608,10390,6,21376,0,129,0,0,0,0,0,0,0,0,0,31082107,2018,0.45,574.05,2197.94,0,55.1,96.8,68.9,43,62.5,526.2,56.8,605.2,148.6,152.2,1040,361390,1498,12.64,91,1330,2.5,1.86,26.3,40,60,11.27,12173270,72420,62.56,3408.08,0,1200,400,720,240,4200,7500,8500,102,1.5,6000,0,0,0,0,0,68.54,30,57.4,62.71,58.2,0,0
2026-08-10T12:47:45.741000+09:00,2026-08-10T03:47:45.741000+00:00,094623,2204.1,1,0,0,0,0,13365,496,13365,0,0,0,0,4651,-28608,10326,6,4480,0,129,0,0,0,0,0,0,0,0,0,31082107,2018,0.52,907.31,3111.36,0,55,98.4,68.6,43,62,515.7,56.4,608.9,151.7,155.8,1054.4,361390,1498,12.87,90.3,1500,2.62,1.18,29.6,41.1,60,22.71,12173272,72420,65.98,3408.08,0,1200,400,720,240,4200,7500,8500,102,1.5,6000,0,0,0,0,0,76.54,30,69.87,69.83,58.1,0,0
2026-08-10T12:48:45.835000+09:00,2026-08-10T03:48:45.835000+00:00,094623,2212.6,1,0,0,0,0,13365,497,13365,0,0,0,0,4651,-28608,10342,6,12676,0,129,0,0,0,0,0,0,0,0,0,31082107,2018,0.49,846.28,3058.87,0,55,99.3,68.2,43,62.3,525.4,55.7,613.6,160.4,165.6,1047.4,361390,1498,12.68,89.2,1500,2.62,1.15,29.6,41.9,60,24.35,12173276,72420,79.3,3408.08,0,1200,400,720,240,4200,7500,8500,102,1.5,6000,0,0,0,0,0,76.72,30,75.08,67.26,58.2,0,0
2026-08-10T12:49:45.929000+09:00,2026-08-10T03:49:45.929000+00:00,094623,2555.6,1,0,0,0,0,13365,499,13365,0,0,0,0,4651,-28608,8278,6,4480,0,129,0,0,0,0,0,0,0,0,0,31082107,2018,0.46,1105.08,3660.69,0,55,97,67.8,43,62.5,521.8,54.9,621.3,164.4,170,1072.6,361390,1498,12.74,89.1,1500,2.64,1.16,30.6,39.3,60,24.06,12173280,72420,75.46,3408.08,0,1200,400,720,240,4200,7500,8500,102,1.5,6000,0,0,0,0,0,75.54,30,68.12,65.32,58.2,0,0
2026-08-10T12:50:46.034000+09:00,2026-08-10T03:50:46.034000+00:00,094623,1792.4,1,0,0,0,0,13365,522,13365,0,0,0,0,4651,-28608,10326,518,4992,0,129,0,0,0,0,0,0,0,0,0,31082107,2018,0.48,825.53,2617.88,0,54.8,97.9,68,42.9,62.6,521.5,54.8,610.7,155.2,159.8,1065.5,361390,1498,12.88,89.8,1570,2.81,1.1,25.2,35.3,60,10.85,12173283,72420,68.12,3408.08,0,1200,400,720,240,4200,7500,8500,102,1.5,6000,0,0,0,0,0,70.59,30,65.05,61.45,58.2,0,0
2026-08-10T12:51:46.167000+09:00,2026-08-10T03:51:46.167000+00:00,094623,1830.2,1,0,0,0,0,13365,521,13365,0,0,0,0,4655,-28608,10326,6,4992,0,129,0,0,0,0,0,0,0,0,0,31082107,2018,0.49,909.76,2739.95,0,54.5,97,68.3,43,62.2,519.4,55,605.7,148.8,152.6,1039.7,361391,1499,12.92,91.4,1580,2.8,1.13,26.3,36.6,60,9.96,12173285,72420,60.03,3408.09,0,1200,400,720,240,4200,7500,8500,102,1.5,6000,0,0,0,0,0,72.2,30,61.29,67.2,58.2,0,0
2026-08-10T12:52:46.222000+09:00,2026-08-10T03:52:46.222000+00:00,094623,2387.2,1,0,0,0,0,13365,499,13365,0,0,0,0,4651,-28608,10326,6,4480,0,129,0,0,0,0,0,0,0,0,0,31082107,2018,0.5,1048.92,3436.08,0,54.3,98.9,68.1,42.9,61.9,515.5,56,612.7,157.9,162.8,1068.7,361391,1499,12.75,90.2,1510,2.64,1.16,30.4,40,60,24.16,12173288,72420,75.67,3408.09,0,1200,400,720,240,4200,7500,8500,102,1.5,6000,0,0,0,0,0,76.6,30,71.94,70.42,58.2,0,0
2026-08-10T12:53:46.325000+09:00,2026-08-10T03:53:46.325000+00:00,094623,2165.0,1,0,0,0,0,13365,496,13365,0,0,0,0,4655,-28608,10326,6,4480,0,129,0,0,0,0,0,0,0,0,0,31082107,2018,0.43,816.98,2981.96,0,54.4,98,68,42.9,62.2,526,54.9,614,161.4,166.8,1058.5,361391,1499,12.71,88.4,1500,2.64,1.15,29.4,42.1,60,24.51,12173292,72420,78.19,3408.09,0,1200,400,720,240,4200,7500,8500,102,1.5,6000,0,0,0,0,0,76.43,30,71.04,63.36,58.2,0,0
2026-08-10T12:54:46.410000+09:00,2026-08-10T03:54:46.410000+00:00,094623,2462.8,1,0,0,0,0,13365,497,13365,0,0,0,0,4651,-28608,18518,6,4480,528,129,0,0,0,0,0,0,0,0,0,31082107,2018,0.49,892.67,3355.51,0,54.4,97.2,67.4,42.8,62.3,524.3,55.3,615.5,163.8,169.3,1060,361391,1499,12.67,89.2,1500,2.64,1.14,29.9,40.1,60,24.41,12173296,72420,72.41,3408.09,0,1200,400,720,240,4200,7500,8500,102,1.5,6000,0,0,0,0,0,74.28,30,67.21,63.99,58.3,0,0
2026-08-10T12:55:46.550000+09:00,2026-08-10T03:55:46.550000+00:00,094623,2571.5,1,0,0,0,0,13365,495,13365,0,0,0,0,4651,-28608,10326,6,4480,0,129,0,0,0,0,0,0,0,0,0,31082107,2018,0.53,1103.85,3675.34,0,54.5,99.1,67.2,42.8,62.4,523.6,55.3,613.6,165.5,170.9,1046.4,361391,1499,12.74,89.9,1500,2.62,1.15,30.5,39.5,60,24.47,12173300,72420,72.67,3408.09,0,1200,400,720,240,4200,7500,8500,102,1.5,6000,0,0,0,0,0,72.55,30,73.28,65.4,58.3,0,0
2026-08-10T12:56:46.607000+09:00,2026-08-10T03:56:46.607000+00:00,094623,1815.5,1,0,0,0,0,13365,443,13365,0,0,0,0,4651,-28608,10326,6,4992,0,129,0,0,0,0,0,0,0,0,0,31082107,2018,0.44,737.63,2553.18,0,54.4,97,67.9,42.8,62.5,526.5,55.8,610.8,156.1,160.5,1030.4,361391,1499,12.74,90,1380,2.4,1.42,27,38.1,60,11.14,12173303,72420,69.71,3408.09,0,1200,400,720,240,4200,7500,8500,102,1.5,6000,0,0,0,0,0,64.89,30,58.77,57.09,58.3,0,0
2026-08-10T12:57:46.722000+09:00,2026-08-10T03:57:46.722000+00:00,094623,1648.3,1,0,0,0,0,13365,452,13365,0,0,0,0,4651,-28608,12374,6,4992,8,129,0,0,0,0,0,0,0,0,0,31082107,2018,0.44,582.6,2230.9,0,54.1,97.9,68.4,42.8,62,523,56.8,606.8,149.5,153.4,1044.3,361392,1500,12.63,91.1,1320,2.53,1.89,26.6,39.3,60,11.16,12173305,72420,61.18,3408.09,0,1200,400,720,240,4200,7500,8500,102,1.5,6000,0,0,0,0,0,66.64,30,59.72,62.05,58.3,0,0
2026-08-10T12:58:46.817000+09:00,2026-08-10T03:58:46.817000+00:00,094623,2250.4,1,0,0,0,0,13365,496,13365,0,0,0,0,4651,-28608,10326,6,4480,0,129,0,0,0,0,0,0,0,0,0,31082107,2018,0.52,1106.3,3356.73,0,54.2,98.4,68.3,42.9,61.7,516.9,55,612.8,156.9,161.9,1047.1,361392,1500,12.58,89.7,1490,2.63,1.16,30,40,60,24.14,12173308,72420,67.07,3408.09,0,1200,400,720,240,4200,7500,8500,102,1.5,6000,0,0,0,0,0,75.58,30,70.47,66.96,58.3,0,0
2026-08-10T12:59:46.879000+09:00,2026-08-10T03:59:46.879000+00:00,094623,2228.5,1,0,0,0,0,13365,498,13365,0,0,0,0,4651,-28608,18518,6,4480,528,129,0,0,0,0,0,0,0,0,0,31082107,2018,0.52,862.15,3090.61,0,54.4,98.6,68,42.9,62.1,525.8,55.5,613.7,162.4,168,1063.7,361392,1500,12.64,89.7,1500,2.65,1.13,29.3,40.8,60,24.55,12173312,72420,74.71,3408.1,0,1200,400,720,240,4200,7500,8500,102,1.5,6000,0,0,0,0,0,75.12,30,72.46,66.66,58.3,0,0
2026-08-10T13:00:46.992000+09:00,2026-08-10T04:00:46.992000+00:00,094623,2255.3,1,0,0,0,0,13365,497,13365,0,0,0,0,4655,-26560,10326,6,4480,0,129,0,0,0,0,0,0,0,0,0,31082107,2018,0.52,830.41,3085.73,0,54.5,97.7,67.8,42.9,62.3,527.8,55.6,613.6,162.5,167.7,1046.3,361392,1500,12.74,90.3,1500,2.64,1.16,29.7,42.2,60,23.72,12173316,72420,73.2,3408.1,0,1200,400,720,240,4200,7500,8500,102,1.5,6000,0,0,0,0,0,74.34,30,69.85,68.28,58.3,0,0
2026-08-10T13:01:47.083000+09:00,2026-08-10T04:01:47.083000+00:00,094623,2321.2,1,0,0,0,0,13365,494,13365,0,0,0,0,4651,-28608,10326,6,4480,0,129,0,0,0,0,0,0,0,0,0,31082107,2018,0.52,881.68,3202.92,0,54.8,97.8,67.8,42.9,62.4,528.6,54.4,618.7,162.6,167.8,1044.5,361392,1500,12.75,90.3,1490,2.62,1.16,29.9,41.8,60,24.39,12173320,72420,74.98,3408.1,0,1200,400,720,240,4200,7500,8500,102,1.5,6000,0,0,0,0,0,73.97,30,69.6,68.45,58.4,0,0
2026-08-10T13:02:47.161000+09:00,2026-08-10T04:02:47.161000+00:00,094623,2321.2,1,0,0,0,0,13365,502,13365,0,0,0,0,4655,-28608,12374,6,5024,72,129,0,0,0,0,0,0,0,0,0,31082107,2018,0.53,857.26,3178.5,0,55.1,98.4,68,42.9,62.7,525.2,55,615.3,166.3,172,1067.3,361392,1500,12.57,89.9,1510,2.67,1.1,27.5,36.8,60,21.17,12173324,72420,75.21,3408.1,0,1200,400,720,240,4200,7500,8500,102,1.5,6000,0,0,0,0,0,72.55,30,69.58,65.51,58.4,0,0
2026-08-10T13:03:47.253000+09:00,2026-08-10T04:03:47.253000+00:00,094623,1794.8,1,0,0,0,0,13365,444,13365,0,0,0,0,4655,-26560,10390,6,21376,0,129,0,0,0,0,0,0,0,0,0,31082107,2018,0.49,669.27,2464.06,0,55.1,97.1,68.4,43,62.6,527.7,56.6,605.2,151.9,155.7,1046.6,361393,1501,12.81,90.7,1400,2.38,1.39,26.9,39.1,60,11.27,12173326,72420,66.47,3408.1,0,1200,400,720,240,4200,7500,8500,102,1.5,6000,0,0,0,0,0,67.22,30,58.86,61.42,58.3,0,0
2026-08-10T13:04:47.348000+09:00,2026-08-10T04:04:47.348000+00:00,094623,1433.4,1,0,0,0,0,13365,494,13365,0,0,0,0,4651,-28608,18518,518,4480,528,129,0,0,0,0,0,0,0,0,0,31082107,2018,0.5,583.82,2017.27,0,54.9,98,68.3,43,62.1,522.8,56.4,605.2,148.7,152.3,1048.7,361393,1501,12.74,91.3,1490,2.61,1.15,23.5,37.8,60,10.55,12173328,72420,62.93,3408.1,0,1200,400,720,240,4200,7500,8500,102,1.5,6000,0,0,0,0,0,68.49,30,61.56,65.65,58.4,0,0
2026-08-10T13:05:47.424000+09:00,2026-08-10T04:05:47.424000+00:00,094623,2510.4,1,0,0,0,0,13365,498,13365,0,0,0,0,4651,-28608,10390,6,20864,0,129,0,0,0,0,0,0,0,0,0,31082107,2018,0.52,1122.17,3632.62,0,54.9,99.2,68.2,43,62.1,516.6,55.3,613.6,161.8,167.3,1073.2,361393,1501,12.84,89.2,1510,2.62,1.15,30.6,39,60,24.47,12173332,72420,77.24,3408.1,0,1200,400,720,240,4200,7500,8500,102,1.5,6000,0,0,0,0,0,76.21,30,73.91,68.26,58.4,0,0
2026-08-10T13:06:47.521000+09:00,2026-08-10T04:06:47.521000+00:00,094623,2488.5,1,0,0,0,0,13365,497,13365,0,0,0,0,4651,-28608,10326,6,4480,0,129,0,0,0,0,0,0,0,0,0,31082107,2018,0.48,1064.79,3553.27,0,55,98.1,68.3,43,62.7,521.3,55.3,620.9,165.6,171.5,1108.1,361393,1501,12.48,88.8,1500,2.59,1.14,30.1,39.1,60,24.59,12173336,72420,74.61,3408.1,0,1200,400,720,240,4200,7500,8500,102,1.5,6000,0,0,0,0,0,76.92,30,72.14,65.16,58.5,0,0
2026-08-10T13:07:47.609000+09:00,2026-08-10T04:07:47.609000+00:00,094623,1825.3,1,0,0,0,0,13365,502,13365,0,0,0,0,4651,-28608,12390,6,13220,72,129,0,0,0,0,0,0,0,0,0,31082107,2018,0.44,609.45,2434.77,0,55.1,97.4,68.3,42.9,63,526.6,54.2,620.9,164.5,170.2,1052.5,361393,1501,12.64,89.5,1510,2.66,1.09,24.2,35.7,60,14.57,12173340,72420,73.84,3408.1,0,1200,400,720,240,4200,7500,8500,102,1.5,6000,0,0,0,0,0,71.35,30,63.04,60.02,58.4,0,0
2026-08-10T13:08:47.698000+09:00,2026-08-10T04:08:47.698000+00:00,094623,1788.7,1,0,0,0,0,13365,446,13365,0,0,0,0,4651,-28608,10326,6,4992,0,129,0,0,0,0,0,0,0,0,0,31082107,2018,0.48,713.22,2501.91,0,55.1,97.3,68,43,62.6,525.5,54.3,607.2,148.7,152.6,1046.3,361393,1501,12.32,90.6,1430,2.38,1.35,27.1,39.5,60,10.72,12173342,72420,62.62,3408.11,0,1200,400,720,240,4200,7500,8500,102,1.5,6000,0,0,0,0,0,67.96,30,59.49,60.91,58.5,0,0
2026-08-10T13:09:47.817000+09:00,2026-08-10T04:09:47.817000+00:00,094623,1854.6,1,0,0,0,0,13365,493,13365,0,0,0,0,4651,-28608,18518,6,4480,16,129,0,0,0,0,0,0,0,0,0,31082107,2018,0.47,785.24,2639.85,0,54.8,98,67.9,43.1,62,517.7,53.8,608.4,147.3,150.9,1032.2,361394,1502,12.68,91.5,1490,2.59,1.2,27.4,40.4,60,17.83,12173344,72420,62.28,3408.11,0,1200,400,720,240,4200,7500,8500,102,1.5,6000,0,0,0,0,0,72.69,30,65.42,70.15,58.5,0,0
2026-08-10T13:10:47.889000+09:00,2026-08-10T04:10:47.889000+00:00,094623,2331.0,1,0,0,0,0,13365,498,13365,0,0,0,0,4651,-28608,10326,6,4480,0,129,0,0,0,0,0,0,0,0,0,31082107,2018,0.49,963.47,3294.47,0,54.9,99.7,67.9,43,62.2,520.7,52.9,612.7,161.4,167,1052.9,361394,1502,12.76,88.5,1500,2.6,1.13,29.6,39.7,60,24.6,12173348,72420,78.17,3408.11,0,1200,400,720,240,4200,7500,8500,102,1.5,6000,0,0,0,0,0,76.21,30,75.62,65.11,58.4,0,0
2026-08-10T13:11:47.993000+09:00,2026-08-10T04:11:47.993000+00:00,094623,2461.6,1,0,0,0,0,13365,497,13365,0,0,0,0,4651,-28608,10326,6,4480,0,129,0,0,0,0,0,0,0,0,0,31082107,2018,0.45,1011.08,3472.7,0,54.9,97.1,67.8,42.9,62.5,523.2,53.8,613.5,164.5,170.1,1040,361394,1502,12.7,89.1,1500,2.6,1.15,30.1,39.7,60,24.54,12173352,72420,73.4,3408.11,0,1200,400,720,240,4200,7500,8500,102,1.5,6000,0,0,0,0,0,75.78,30,68.41,65.01,58.5,0,0
2026-08-10T13:12:48.095000+09:00,2026-08-10T04:12:48.095000+00:00,094623,2520.2,1,0,0,0,0,13365,498,13365,0,0,0,0,4651,-28608,12374,6,4512,8,129,0,0,0,0,0,0,0,0,0,31082107,2018,0.5,1047.7,3567.92,0,55.1,97.6,67.7,42.9,62.8,523.3,53.2,615.2,166.3,172.1,1081.3,361394,1502,12.71,89.6,1500,2.6,1.15,30.1,39.3,60,24.35,12173356,72420,72.71,3408.11,0,1200,400,720,240,4200,7500,8500,102,1.5,6000,0,0,0,0,0,75.1,30,68.6,65.51,58.5,0,0
2026-08-10T13:13:48.175000+09:00,2026-08-10T04:13:48.175000+00:00,094623,2547.1,1,0,0,0,0,13365,498,13365,0,0,0,0,4655,-26560,10326,6,4480,0,129,0,0,0,0,0,0,0,0,0,31082107,2018,0.54,1048.92,3596,0,55.2,98.6,67.8,42.9,63.1,524.8,55.1,619.5,166.5,172.2,1081.8,361394,1502,12.73,90,1500,2.59,1.15,30.3,39.4,60,24.26,12173360,72420,74,3408.11,0,1200,400,720,240,4200,7500,8500,102,1.5,6000,0,0,0,0,0,75.09,30,71.98,66.51,58.5,0,0
2026-08-10T13:14:48.297000+09:00,2026-08-10T04:14:48.297000+00:00,094623,1165.8,1,0,0,0,0,13365,498,13365,0,0,0,0,4651,-28608,10326,6,4992,0,129,0,0,0,0,0,0,0,0,0,31082107,2018,0.45,209.05,1374.86,0,55.1,97.5,68.2,42.9,63,528.3,55,613.6,155.9,160.1,1064.9,361394,1502,12.58,91,1470,2.65,0.84,23.1,37.6,60,11.31,12173363,72420,71.99,3408.11,0,1200,400,720,240,4200,7500,8500,102,1.5,6000,0,0,0,0,0,68.19,30,61.48,62.18,58.5,0,0
2026-08-10T13:15:48.394000+09:00,2026-08-10T04:15:48.394000+00:00,094623,681.5,1,0,0,0,0,13365,497,13365,0,0,0,0,4651,-28608,10326,6,4992,0,129,0,0,0,0,0,0,0,0,0,31082107,2018,0.42,0,681.48,0,54.8,97.4,68.4,42.9,62.4,526,54.2,605.3,147,150.4,1075.7,361395,1503,12.69,91.1,1500,2.65,1.15,22.8,38.7,60,11.35,12173365,72420,64.13,3408.11,0,1200,400,720,240,4200,7500,8500,102,1.5,6000,0,0,0,0,0,69.35,30,59.42,63.96,58.5,0,0
2026-08-10T13:16:48.489000+09:00,2026-08-10T04:16:48.489000+00:00,094623,2385.9,1,0,0,0,0,13365,497,13365,0,0,0,0,4651,-28608,10326,6,4480,0,129,0,0,0,0,0,0,0,0,0,31082107,2018,0.52,1037.93,3423.87,0,54.6,98.5,68,42.9,61.9,516.8,53.3,608.1,154.2,158.9,1098.3,361395,1503,12.55,90.3,1500,2.6,1.16,30.4,40,60,24.04,12173367,72420,67.06,3408.12,0,1200,400,720,240,4200,7500,8500,102,1.5,6000,0,0,0,0,0,76.29,30,70.73,70.37,58.5,0,0
2026-08-10T13:17:48.589000+09:00,2026-08-10T04:17:48.589000+00:00,094623,2374.9,1,0,0,0,0,13365,496,13365,0,0,0,0,4651,-28608,10326,6,4480,528,129,0,0,0,0,0,0,0,0,0,31082107,2018,0.48,972.01,3346.96,0,54.8,98.5,67.9,42.8,62.3,523.3,52.9,613.6,162.3,168,1071.6,361395,1503,12.84,88.8,1500,2.6,1.14,30,40.3,60,24.17,12173371,72420,76.16,3408.12,0,1200,400,720,240,4200,7500,8500,102,1.5,6000,0,0,0,0,0,75.93,30,72.56,64.92,58.6,0,0
2026-08-10T13:18:48.675000+09:00,2026-08-10T04:18:48.675000+00:00,094623,2410.4,1,0,0,0,0,13365,496,13365,0,0,0,0,4651,-28608,10326,6,4480,0,129,0,0,0,0,0,0,0,0,0,31082107,2018,0.48,1006.2,3416.55,0,54.9,97,67.7,42.8,62.6,525.2,52.4,613.6,163,168.4,1063,361395,1503,12.88,89.3,1500,2.59,1.16,30.1,40.4,60,24.43,12173375,72420,73.53,3408.12,0,1200,400,720,240,4200,7500,8500,102,1.5,6000,0,0,0,0,0,75.08,30,67.13,65.16,58.6,0,0
2026-08-10T13:19:48.782000+09:00,2026-08-10T04:19:48.782000+00:00,094623,2106.4,1,0,0,0,0,13365,502,13365,0,0,0,0,4651,-28608,10326,6,4992,0,129,0,0,0,0,0,0,0,0,0,31082107,2018,0.5,893.89,3000.27,0,55,98.7,67.7,42.8,62.9,525.2,52.5,617.1,164.4,170.2,1062.4,361395,1503,12.91,89.4,1510,2.64,1.1,25.7,35,60,17.34,12173379,72420,72.75,3408.12,0,1200,400,720,240,4200,7500,8500,102,1.5,6000,0,0,0,0,0,69.97,30,67.33,59.91,58.6,0,0
2026-08-10T13:20:48.951000+09:00,2026-08-10T04:20:48.951000+00:00,094623,1409.0,1,0,0,0,0,13365,495,13365,0,0,0,0,4651,-28608,10326,6,4992,8,129,0,0,0,0,0,0,0,0,0,31082107,2018,0.5,536.21,1945.25,0,55,96.7,68.1,42.8,62.6,524.8,54.7,609.1,151.5,155.6,1018.5,361395,1503,12.16,90.2,1490,2.64,1.13,23.1,36.9,60,11.15,12173382,72420,61.9,3408.12,0,1200,400,720,240,4200,7500,8500,102,1.5,6000,0,0,0,0,0,67.67,30,57.71,58.64,58.6,0,0
2026-08-10T13:21:49.040000+09:00,2026-08-10T04:21:49.040000+00:00,094623,1667.8,1,0,0,0,0,13365,494,13365,0,0,0,0,4651,-28608,10326,6,4480,0,129,0,0,0,0,0,0,0,0,0,31082107,2018,0.47,755.94,2423.78,0,54.8,98.5,68.1,42.8,62.2,518.9,53,607.5,148.2,152,1027.3,361396,1504,12.74,92.3,1490,2.61,1.2,26.5,40.2,60,15.57,12173384,72420,63.52,3408.12,0,1200,400,720,240,4200,7500,8500,102,1.5,6000,0,0,0,0,0,70.71,30,64.96,69.93,58.6,0,0
2026-08-10T13:22:49.121000+09:00,2026-08-10T04:22:49.121000+00:00,094623,2277.3,1,0,0,0,0,13365,498,13365,0,0,0,0,4655,-28608,18582,6,20864,528,129,0,0,0,0,0,0,0,0,0,31082107,2018,0.48,939.05,3216.35,0,54.9,99.8,68.2,42.8,62.3,521.8,52.8,617.3,158.9,164.3,1044.3,361396,1504,12.76,88.8,1510,2.61,1.14,29.8,40.7,60,24.36,12173387,72420,76.83,3408.12,0,1200,400,720,240,4200,7500,8500,102,1.5,6000,0,0,0,0,0,76.36,30,75.48,65.55,58.6,0,0
2026-08-10T13:23:49.213000+09:00,2026-08-10T04:23:49.213000+00:00,094623,2313.9,1,0,0,0,0,13365,496,13365,0,0,0,0,4655,-28608,10326,6,4480,0,129,0,0,0,0,0,0,0,0,0,31082107,2018,0.44,957.37,3271.28,0,54.9,97.2,68.1,42.8,62.5,525.5,53.5,619.2,160.8,166.2,1047.8,361396,1504,12.68,89,1500,2.59,1.16,29.9,41.2,60,24.52,12173391,72420,73.74,3408.12,0,1200,400,720,240,4200,7500,8500,102,1.5,6000,0,0,0,0,0,76.37,30,68.51,64.29,58.6,0,0
2026-08-10T13:24:49.318000+09:00,2026-08-10T04:24:49.318000+00:00,094623,2371.3,1,0,0,0,0,13365,495,13365,0,0,0,0,4655,-28608,10262,6,20864,0,129,0,0,0,0,0,0,0,0,0,31082107,2018,0.49,986.66,3357.95,0,54.9,97.8,67.6,42.9,62.6,526.6,55,617.4,162.6,168,1048.1,361396,1504,12.26,89.5,1490,2.59,1.16,29.7,40.3,60,23.62,12173395,72420,74.02,3408.13,0,1200,400,720,240,4200,7500,8500,102,1.5,6000,0,0,0,0,0,74.57,30,69.04,64.7,58.6,0,0
2026-08-10T13:25:49.410000+09:00,2026-08-10T04:25:49.410000+00:00,094623,2002.3,1,0,0,0,0,13365,501,13365,0,0,0,0,4651,-28608,12374,6,5024,72,129,0,0,0,0,0,0,0,0,0,31082107,2018,0.5,680.26,2682.58,0,55,99.2,67.5,43,62.8,527.2,53.5,619,163.8,169.3,1058.6,361396,1504,12.75,89.9,1510,2.66,1.11,25.3,36.1,60,16.59,12173399,72420,75.28,3408.13,0,1200,400,720,240,4200,7500,8500,102,1.5,6000,0,0,0,0,0,68.59,30,68.98,60.49,58.6,0,0
2026-08-10T13:26:49.497000+09:00,2026-08-10T04:26:49.497000+00:00,094623,1372.4,1,0,0,0,0,13365,497,13365,0,0,0,0,4651,-28608,10342,6,13188,0,129,0,0,0,0,0,0,0,0,0,31082107,2018,0.46,519.12,1891.54,0,54.7,96.4,68.3,43.1,62.5,526,55.3,607.8,150.2,154,1036,361396,1504,12.82,91.3,1500,2.65,1.13,22.9,37.7,60,11.21,12173401,72420,63.63,3408.13,0,1200,400,720,240,4200,7500,8500,102,1.5,6000,0,0,0,0,0,67.95,30,57.31,62.56,58.7,0,0
2026-08-10T13:27:49.583000+09:00,2026-08-10T04:27:49.583000+00:00,094623,1735.0,1,0,0,0,0,13365,494,13365,0,0,0,0,4651,-28608,18518,6,4480,528,129,0,0,0,0,0,0,0,0,0,31082107,2018,0.42,658.28,2393.26,0,54.4,98.4,68.4,43.2,61.9,520.3,57.4,607,146.4,149.9,1039.9,361397,1505,12.62,90.6,1490,2.6,1.2,26.6,41.2,60,15.68,12173403,72420,66.99,3408.13,0,1200,400,720,240,4200,7500,8500,102,1.5,6000,0,0,0,0,0,71.95,30,65.32,65.43,58.7,0,0
2026-08-10T13:28:49.664000+09:00,2026-08-10T04:28:49.664000+00:00,094623,2514.1,1,0,0,0,0,13365,503,13365,0,0,0,0,4651,-28608,10326,6,4992,0,129,0,0,0,0,0,0,0,0,0,31082107,2018,0.53,1079.44,3593.55,0,54.5,99.1,68,43.3,62,517.2,56.1,617,160.9,166.6,1060.8,361397,1505,12.74,89.8,1520,2.63,1.14,29.9,38.3,60,24.26,12173407,72420,74.43,3408.13,0,1200,400,720,240,4200,7500,8500,102,1.5,6000,0,0,0,0,0,75.3,30,72.67,67.56,58.6,0,0
2026-08-10T13:29:49.783000+09:00,2026-08-10T04:29:49.783000+00:00,094623,1385.8,1,0,0,0,0,13365,493,13365,0,0,0,0,4651,-28608,10326,6,4992,0,129,0,0,0,0,0,0,0,0,0,31082107,2018,0.44,476.39,1862.24,0,54.6,96.7,68,43.4,62.2,524.7,54.9,604.8,149.6,153.6,1028.7,361397,1505,12.26,90,1490,2.63,1.12,22.8,37.9,60,11.12,12173410,72420,67.1,3408.13,0,1200,400,720,240,4200,7500,8500,102,1.5,6000,0,0,0,0,0,67.87,30,58.53,60.26,58.7,0,0
2026-08-10T13:30:49.874000+09:00,2026-08-10T04:30:49.874000+00:00,094623,1512.8,1,0,0,0,0,13365,492,13365,0,0,0,0,4655,-26560,12374,6,5024,72,129,0,0,0,0,0,0,0,0,0,31082107,2018,0.43,626.54,2139.35,0,54.4,98.5,67.8,43.6,61.8,519.2,58.9,603.5,146.7,150.4,1059.9,361397,1505,12.77,90.7,1490,2.63,1.12,23.3,35.6,60,10.56,12173412,72420,62.56,3408.13,0,1200,400,720,240,4200,7500,8500,102,1.5,6000,0,0,0,0,0,67.01,30,62.45,63.24,58.7,0,0
2026-08-10T13:31:49.964000+09:00,2026-08-10T04:31:49.964000+00:00,094623,2510.4,1,0,0,0,0,13365,497,13365,0,0,0,0,4651,-28608,10326,6,4480,0,129,0,0,0,0,0,0,0,0,0,31082107,2018,0.52,1142.92,3653.37,0,54.3,98.6,67.9,43.4,61.8,515,56.5,613,158.1,163.5,1061.5,361397,1505,12.65,89.5,1500,2.61,1.16,30.8,39.2,60,24.26,12173415,72420,73.68,3408.13,0,1200,400,720,240,4200,7500,8500,102,1.5,6000,0,0,0,0,0,75.04,30,71.68,68.4,58.7,0,0
2026-08-10T13:32:50.055000+09:00,2026-08-10T04:32:50.055000+00:00,094623,1783.8,1,0,0,0,0,13365,501,13365,0,0,0,0,4655,-28608,18518,6,4992,528,129,0,0,0,0,0,0,0,0,0,31082107,2018,0.43,669.27,2453.08,0,54.7,98.2,68.2,43.5,62.4,523.7,55.7,616.6,160.1,165.7,1095.2,361397,1505,12.64,88.6,1510,2.67,1.1,24.2,35.4,60,14.46,12173419,72420,74.91,3408.13,0,1200,400,720,240,4200,7500,8500,102,1.5,6000,0,0,0,0,0,69.68,30,65.44,57.53,58.7,0,0
2026-08-10T13:33:50.130000+09:00,2026-08-10T04:33:50.130000+00:00,094623,1744.8,1,0,0,0,0,13365,522,13365,0,0,0,0,4651,-28608,10326,518,4992,0,129,0,0,0,0,0,0,0,0,0,31082107,2018,0.49,804.77,2549.52,0,54.5,96.7,68,43.6,62.2,519.4,56.3,607.2,147.3,151.2,1040.1,361398,1506,12.75,91.2,1570,2.79,1.11,25.5,36.5,60,9.79,12173421,72420,58.51,3408.14,0,1200,400,720,240,4200,7500,8500,102,1.5,6000,0,0,0,0,0,70.8,30,61.01,66.49,58.7,0,0
2026-08-10T13:34:50.250000+09:00,2026-08-10T04:34:50.250000+00:00,094623,1874.1,1,0,0,0,0,13365,493,13365,0,0,0,0,4651,-28608,10326,6,4480,0,129,0,0,0,0,0,0,0,0,0,31082107,2018,0.5,881.68,2755.82,0,54.5,98.1,67.9,43.6,61.8,516.3,55,606.7,146.6,150.5,1068.5,361398,1506,12.71,90.7,1490,2.6,1.21,27.7,40.4,60,18.45,12173423,72420,64.62,3408.14,0,1200,400,720,240,4200,7500,8500,102,1.5,6000,0,0,0,0,0,71.94,30,66.29,68.12,58.8,0,0
2026-08-10T13:35:50.342000+09:00,2026-08-10T04:35:50.342000+00:00,094623,2389.6,1,0,0,0,0,13365,497,13365,0,0,0,0,4651,-28608,12374,6,4512,72,129,0,0,0,0,0,0,0,0,0,31082107,2018,0.5,1007.42,3397.02,0,54.8,99.4,68,43.4,62,519.8,56.4,616.4,159.5,165.2,1061.8,361398,1506,12.82,88.7,1500,2.61,1.15,30.1,39.9,60,24.24,12173427,72420,76.79,3408.14,0,1200,400,720,240,4200,7500,8500,102,1.5,6000,0,0,0,0,0,75.43,30,74.43,65.35,58.7,0,0
2026-08-10T13:36:50.427000+09:00,2026-08-10T04:36:50.427000+00:00,094623,2211.4,1,0,0,0,0,13365,496,13365,0,0,0,0,4651,-28608,10326,6,4480,0,129,0,0,0,0,0,0,0,0,0,31082107,2018,0.45,928.07,3139.44,0,54.8,97.1,68.1,43.3,62.4,526.1,57.3,616.5,160.5,165.9,1038.5,361398,1506,12.63,89.1,1500,2.6,1.16,29.7,42,60,24.32,12173431,72420,74.7,3408.14,0,1200,400,720,240,4200,7500,8500,102,1.5,6000,0,0,0,0,0,75.8,30,68.09,64.8,58.8,0,0
2026-08-10T13:37:50.559000+09:00,2026-08-10T04:37:50.559000+00:00,094623,2270.0,1,0,0,0,0,13365,495,13365,0,0,0,0,4651,-28608,10326,6,4480,0,129,0,0,0,0,0,0,0,0,0,31082107,2018,0.5,868.25,3138.22,0,54.8,97.4,68,43.3,62.5,528.3,55.8,618.7,160,165,1059.1,361398,1506,12.61,89.7,1490,2.59,1.15,29.5,41.3,60,24.34,12173435,72420,74.12,3408.14,0,1200,400,720,240,4200,7500,8500,102,1.5,6000,0,0,0,0,0,75.52,30,67.45,65.61,58.8,0,0
2026-08-10T13:38:50.672000+09:00,2026-08-10T04:38:50.672000+00:00,094623,2484.8,1,0,0,0,0,13365,495,13365,0,0,0,0,4655,-28608,10326,6,4480,0,129,0,0,0,0,0,0,0,0,0,31082107,2018,0.54,1012.3,3497.12,0,54.9,98.5,68.1,43.2,62.5,525.4,54.9,616.1,163.3,168.7,1054.1,361398,1506,12.58,90.1,1500,2.59,1.15,30,39.8,60,24.42,12173439,72420,72.75,3408.14,0,1200,400,720,240,4200,7500,8500,102,1.5,6000,0,0,0,0,0,75.91,30,70.78,66.7,58.8,0,0
2026-08-10T13:39:50.774000+09:00,2026-08-10T04:39:50.774000+00:00,094623,1636.1,1,0,0,0,0,13365,485,13365,0,0,0,0,4655,-28608,10326,6,4992,0,129,0,0,0,0,0,0,0,0,0,31082107,2018,0.44,483.72,2119.82,0,55.2,98.7,68.1,43.1,62.8,528.1,55.4,614.4,159.2,164,1068.9,361399,1507,12.74,90.7,1390,2.62,1.81,25.2,38.8,60,12.42,12173442,72420,74.28,3408.14,0,1200,400,720,240,4200,7500,8500,102,1.5,6000,0,0,0,0,0,68.31,30,65,61.29,58.8,0,0
2026-08-10T13:40:50.885000+09:00,2026-08-10T04:40:50.885000+00:00,094623,1339.5,1,0,0,0,0,13365,495,13365,0,0,0,0,4651,-28608,12374,6,5024,8,129,0,0,0,0,0,0,0,0,0,31082107,2018,0.45,423.9,1763.36,0,55,96.8,68.1,43.2,62.3,526,55.8,606.7,148.2,151.6,1054,361399,1507,12.59,91,1450,2.66,1.54,23.8,39.5,60,11,12173444,72420,63.29,3408.14,0,1200,400,720,240,4200,7500,8500,102,1.5,6000,0,0,0,0,0,68.25,30,57.84,63.17,58.9,0,0
2026-08-10T13:41:50.982000+09:00,2026-08-10T04:41:50.982000+00:00,094623,2184.5,1,0,0,0,0,13365,495,13365,0,0,0,0,4651,-28608,10390,518,20864,0,129,0,0,0,0,0,0,0,0,0,31082107,2018,0.52,1007.42,3191.93,0,54.8,98.3,68,43.1,61.9,516.3,57.9,610,150.5,154.3,1057.7,361399,1507,12.61,90.4,1500,2.59,1.19,29.8,41,60,21.94,12173447,72420,64.39,3408.15,0,1200,400,720,240,4200,7500,8500,102,1.5,6000,0,0,0,0,0,75.1,30,69.56,69.37,58.8,0,0
2026-08-10T13:42:51.059000+09:00,2026-08-10T04:42:51.059000+00:00,094623,2298.1,1,0,0,0,0,13365,497,13365,0,0,0,0,4655,-28608,10326,582,4480,0,129,0,0,0,0,0,0,0,0,0,31082107,2018,0.51,951.26,3249.31,0,54.9,99.1,68.1,43.1,62.2,523.1,56.1,617.6,161.4,166.8,1058.1,361399,1507,12.64,89.4,1500,2.6,1.14,29.8,40.7,60,24.4,12173451,72420,75.92,3408.15,0,1200,400,720,240,4200,7500,8500,102,1.5,6000,0,0,0,0,0,76.34,30,74.14,67.53,58.9,0,0
2026-08-10T13:43:51.163000+09:00,2026-08-10T04:43:51.163000+00:00,094623,2301.7,1,0,0,0,0,13365,496,13365,0,0,0,0,4655,-28608,10342,6,12676,0,129,0,0,0,0,0,0,0,0,0,31082107,2018,0.48,912.2,3213.9,0,54.8,97.6,68.1,43,62.4,526.7,55.5,613.3,162.4,167.6,1073.6,361399,1507,12.69,89.1,1500,2.59,1.17,30,41.5,60,24.3,12173455,72420,76.11,3408.15,0,1200,400,720,240,4200,7500,8500,102,1.5,6000,0,0,0,0,0,76.5,30,70.23,65.42,58.9,0,0
2026-08-10T13:44:51.336000+09:00,2026-08-10T04:44:51.336000+00:00,094623,2003.5,1,0,0,0,0,13365,501,13365,0,0,0,0,4651,-28608,10326,6,4992,0,129,0,0,0,0,0,0,0,0,0,31082107,2018,0.47,726.65,2730.19,0,54.8,97.4,67.8,43,62.6,525.8,56,615.9,163.5,168.9,1052.2,361399,1507,12.81,89.3,1510,2.7,1.1,25.5,36.1,60,17.69,12173459,72420,73.83,3408.15,0,1200,400,720,240,4200,7500,8500,102,1.5,6000,0,0,0,0,0,70.63,30,63.8,59.98,58.9,0,0
2026-08-10T13:45:51.426000+09:00,2026-08-10T04:45:51.426000+00:00,094623,1394.4,1,0,0,0,0,13365,495,13365,0,0,0,0,4651,-28608,18518,6,4992,528,129,0,0,0,0,0,0,0,0,0,31082107,2018,0.5,516.68,1911.07,0,54.7,97.3,68.1,43,62.3,525.2,56.1,608.6,149.8,153.5,1045.3,361400,1508,12.3,90.3,1490,2.69,1.13,22.9,37.8,60,10.85,12173461,72420,61.64,3408.15,0,1200,400,720,240,4200,7500,8500,102,1.5,6000,0,0,0,0,0,68.17,30,59.72,59.58,58.9,0,0
2026-08-10T13:46:51.508000+09:00,2026-08-10T04:46:51.508000+00:00,094623,1785.0,1,0,0,0,0,13365,494,13365,0,0,0,0,4655,-28608,10326,6,4480,0,129,0,0,0,0,0,0,0,0,0,31082107,2018,0.48,740.07,2525.1,0,54.5,97.8,68,43,61.8,518.8,56.4,605.9,146.4,150,1049.2,361400,1508,12.44,92.2,1490,2.65,1.2,26.5,39.9,60,16.06,12173463,72420,64.31,3408.15,0,1200,400,720,240,4200,7500,8500,102,1.5,6000,0,0,0,0,0,71.05,30,62.97,70.2,58.9,0,0
2026-08-10T13:47:51.586000+09:00,2026-08-10T04:47:51.586000+00:00,094623,2543.4,1,0,0,0,0,13365,498,13365,0,0,0,0,4651,-28608,10326,6,4480,0,129,0,0,0,0,0,0,0,0,0,31082107,2018,0.48,1062.35,3605.76,0,54.6,100,68,43,61.9,518.1,55.2,617.4,160.1,165.7,1050.1,361400,1508,12.45,88.7,1510,2.62,1.14,30.4,39,60,24.42,12173466,72420,78.79,3408.15,0,1200,400,720,240,4200,7500,8500,102,1.5,6000,0,0,0,0,0,76.06,30,76.07,65.72,58.9,0,0
2026-08-10T13:48:51.689000+09:00,2026-08-10T04:48:51.689000+00:00,094623,2549.5,1,0,0,0,0,13365,496,13365,0,0,0,0,4651,-28608,12374,6,4480,8,129,0,0,0,0,0,0,0,0,0,31082107,2018,0.43,1125.83,3675.34,0,54.6,96.7,68.1,42.9,62.3,521.3,56.6,615.8,162.9,168.6,1045.6,361400,1508,12.79,88.9,1500,2.59,1.16,30.7,39.4,60,24.23,12173471,72420,74.02,3408.15,0,1200,400,720,240,4200,7500,8500,102,1.5,6000,0,0,0,0,0,76.39,30,66.66,64.08,58.9,0,0
2026-08-10T13:49:51.779000+09:00,2026-08-10T04:49:51.779000+00:00,094623,1499.4,1,0,0,0,0,13365,496,13365,0,0,0,0,4651,-28608,10326,6,4992,0,129,0,0,0,0,0,0,0,0,0,31082107,2018,0.43,532.55,2031.92,0,54.5,98.3,67.9,42.9,62.4,525.2,55.8,613.9,155.6,160.2,1027.3,361400,1508,12.64,89.7,1500,2.65,1.12,22.9,36.6,60,11.17,12173473,72420,66.1,3408.16,0,1200,400,720,240,4200,7500,8500,102,1.5,6000,0,0,0,0,0,67.75,30,62.59,57.47,59,0,0
2026-08-10T13:50:51.889000+09:00,2026-08-10T04:50:51.889000+00:00,094623,1465.2,1,0,0,0,0,13365,494,13365,0,0,0,0,4651,-28608,18518,6,4992,528,129,0,0,0,0,0,0,0,0,0,31082107,2018,0.45,566.73,2031.92,0,54.4,97,68,43,61.9,521.9,55.7,607.2,147.8,151.5,1049.8,361400,1508,12.68,91.5,1490,2.64,1.13,23.1,36.6,60,10.95,12173475,72420,61.98,3408.16,0,1200,400,720,240,4200,7500,8500,102,1.5,6000,0,0,0,0,0,67.96,30,57.76,64.19,59,0,0
2026-08-10T13:51:51.962000+09:00,2026-08-10T04:51:51.962000+00:00,094623,2415.2,1,0,0,0,0,13365,497,13365,0,0,0,0,4651,-28608,10326,6,4480,0,129,0,0,0,0,0,0,0,0,0,31082107,2018,0.52,1009.86,3425.09,0,54.2,98.8,68,42.9,61.6,514.6,54.5,612.7,155.1,160.1,1078.4,361401,1509,12.86,90.6,1500,2.6,1.15,30.1,39.6,60,23.98,12173478,72420,68.54,3408.16,0,1200,400,720,240,4200,7500,8500,102,1.5,6000,0,0,0,0,0,75.84,30,71.23,70.93,59,0,0
2026-08-10T13:52:52.072000+09:00,2026-08-10T04:52:52.072000+00:00,094623,2400.6,1,0,0,0,0,13365,498,13365,0,0,0,0,4651,-28608,10326,6,4480,0,129,0,0,0,0,0,0,0,0,0,31082107,2018,0.48,968.35,3368.94,0,54.3,98.7,67.9,42.7,62,521.1,57.1,615.7,162,167.6,1096.4,361401,1509,12.61,88.9,1500,2.62,1.14,29.9,39.8,60,24.53,12173482,72420,77.17,3408.16,0,1200,400,720,240,4200,7500,8500,102,1.5,6000,0,0,0,0,0,75.62,30,72.96,65.42,59,0,0
2026-08-10T13:53:52.168000+09:00,2026-08-10T04:53:52.168000+00:00,094623,2482.4,1,0,0,0,0,13365,496,13365,0,0,0,0,4651,-28608,12374,518,4512,72,129,0,0,0,0,0,0,0,0,0,31082107,2018,0.47,1031.83,3514.21,0,54.2,96.9,67.8,42.6,62.2,522.8,56.9,617.9,163.1,168.6,1081.1,361401,1509,12.7,89.1,1500,2.6,1.16,30.2,39.7,60,23.74,12173486,72420,74.35,3408.16,0,1200,400,720,240,4200,7500,8500,102,1.5,6000,0,0,0,0,0,75.06,30,66.95,64.31,59,0,0
2026-08-10T13:54:52.287000+09:00,2026-08-10T04:54:52.287000+00:00,094623,2448.2,1,0,0,0,0,13365,497,13365,0,0,0,0,4651,-28608,10326,518,4480,0,129,0,0,0,0,0,0,0,0,0,31082107,2018,0.54,1001.31,3449.51,0,54.3,98.3,67.7,42.6,62.3,525.5,55.4,620.1,163.8,169.3,1060.3,361401,1509,12.57,89.8,1500,2.61,1.15,30,40.1,60,23.74,12173490,72420,71.59,3408.16,0,1200,400,720,240,4200,7500,8500,102,1.5,6000,0,0,0,0,0,74.44,30,70.3,65.63,59,0,0
2026-08-10T13:55:52.399000+09:00,2026-08-10T04:55:52.399000+00:00,094623,1868.0,1,0,0,0,0,13365,499,13365,0,0,0,0,4651,-28608,18518,6,4992,528,129,0,0,0,0,0,0,0,0,0,31082107,2018,0.47,654.62,2522.66,0,54.5,98.8,67.8,42.6,62.5,525.7,54.4,616.5,163.6,169.1,1091.9,361401,1509,12.81,90.4,1500,2.67,1.12,24.2,35,60,13.58,12173494,72420,74.69,3408.16,0,1200,400,720,240,4200,7500,8500,102,1.5,6000,0,0,0,0,0,67.48,30,66.36,60.73,59,0,0
2026-08-10T13:56:52.494000+09:00,2026-08-10T04:56:52.494000+00:00,094623,1328.5,1,0,0,0,0,13365,509,13365,0,0,0,0,4651,-28608,10326,518,4992,0,129,0,0,0,0,0,0,0,0,0,31082107,2018,0.5,509.35,1837.82,0,54.2,96.6,68.2,42.6,62.1,522.1,55.6,608.9,149.6,153.2,1052.9,361401,1509,12.71,90.2,1520,2.74,1.04,21.4,34.4,60,11.58,12173496,72420,63.98,3408.16,0,1200,400,720,240,4200,7500,8500,102,1.5,6000,0,0,0,0,0,67.64,30,57.55,59.87,59.1,0,0
2026-08-10T13:57:52.599000+09:00,2026-08-10T04:57:52.599000+00:00,094623,1977.9,1,0,0,0,0,13365,494,13365,0,0,0,0,4651,-28608,10326,6,4480,0,129,0,0,0,0,0,0,0,0,0,31082107,2018,0.52,819.42,2797.33,0,54.1,98.2,68.1,42.7,61.5,518.2,54.8,607.8,147.5,150.9,1077.6,361402,1510,12.17,91.6,1490,2.6,1.2,28.5,41.8,60,20.26,12173498,72420,63.05,3408.16,0,1200,400,720,240,4200,7500,8500,102,1.5,6000,0,0,0,0,0,73.03,30,66.95,71.11,59,0,0
2026-08-10T13:58:52.672000+09:00,2026-08-10T04:58:52.672000+00:00,094623,2460.4,1,0,0,0,0,13365,497,13365,0,0,0,0,4651,-28608,12374,6,4512,72,129,0,0,0,0,0,0,0,0,0,31082107,2018,0.49,976.9,3437.3,0,54.2,99.7,68.1,42.6,61.7,519.7,55.7,617.3,161.4,167,1052.2,361402,1510,12.39,88.6,1500,2.61,1.14,30,39.6,60,24.01,12173502,72420,78.8,3408.17,0,1200,400,720,240,4200,7500,8500,102,1.5,6000,0,0,0,0,0,75.44,30,75.33,64.89,59,0,0
2026-08-10T13:59:52.779000+09:00,2026-08-10T04:59:52.779000+00:00,094623,2301.7,1,0,0,0,0,13365,494,13365,0,0,0,0,4651,-28608,10326,6,4480,0,129,0,0,0,0,0,0,0,0,0,31082107,2018,0.45,939.05,3240.76,0,54.2,96.8,68.1,42.6,62,526.2,54,618.2,161.1,166.2,1051.8,361402,1510,12.73,89.1,1490,2.6,1.15,29.7,41.3,60,24.44,12173506,72420,75.58,3408.17,0,1200,400,720,240,4200,7500,8500,102,1.5,6000,0,0,0,0,0,75.59,30,66.74,64.45,59.1,0,0
2026-08-10T14:00:52.875000+09:00,2026-08-10T05:00:52.875000+00:00,094623,2573.9,1,0,0,0,0,13365,497,13365,0,0,0,0,4655,-28608,18582,6,20864,528,129,0,0,0,0,0,0,0,0,0,31082107,2018,0.53,1014.74,3588.67,0,54.3,98.5,67.6,42.6,62.1,524.4,52.8,617,164.3,169.9,1068.8,361402,1510,12.8,89.5,1500,2.61,1.15,30.2,39.2,60,24.36,12173510,72420,73.55,3408.17,0,1200,400,720,240,4200,7500,8500,102,1.5,6000,0,0,0,0,0,73.98,30,70.97,64.82,59.1,0,0
2026-08-10T14:01:52.971000+09:00,2026-08-10T05:01:52.971000+00:00,094623,1765.5,1,0,0,0,0,13365,521,13365,0,0,0,0,4651,-28608,10326,6,4992,0,129,0,0,0,0,0,0,0,0,0,31082107,2018,0.48,782.8,2548.3,0,54.3,97.4,67.9,42.6,62.2,521.8,53.2,610.2,154.5,159,1091.6,361402,1510,12.36,90.6,1570,2.79,1.08,24.5,34.7,60,16.11,12173513,72420,70.53,3408.17,0,1200,400,720,240,4200,7500,8500,102,1.5,6000,0,0,0,0,0,69.03,30,63.43,62.55,59.1,0,0
2026-08-10T14:02:53.077000+09:00,2026-08-10T05:02:53.077000+00:00,094623,1820.4,1,0,0,0,0,13365,522,13365,0,0,0,0,4651,-28608,10342,6,13188,0,129,0,0,0,0,0,0,0,0,0,31082107,2018,0.45,812.1,2632.53,0,54.1,97.8,68.3,42.7,61.7,521.1,53.4,606.2,147.2,150.8,1045.6,361402,1510,12.75,90.9,1570,2.78,1.11,25.6,36.4,60,14.32,12173515,72420,62.63,3408.17,0,1200,400,720,240,4200,7500,8500,102,1.5,6000,0,0,0,0,0,71.23,30,63.63,65.8,59.1,0,0
2026-08-10T14:03:53.169000+09:00,2026-08-10T05:03:53.169000+00:00,094623,2477.5,1,0,0,0,0,13365,498,13365,0,0,0,0,4651,-28608,12374,6,4512,72,129,0,0,0,0,0,0,0,0,0,31082107,2018,0.51,1097.75,3575.24,0,54.2,98.4,68.1,42.7,61.5,515,53.8,614.1,157.2,162.3,1069.9,361403,1511,12.88,90.2,1500,2.63,1.15,30.1,38.8,60,23.92,12173518,72420,71.76,3408.17,0,1200,400,720,240,4200,7500,8500,102,1.5,6000,0,0,0,0,0,75.46,30,70.46,69.52,59.1,0,0
2026-08-10T14:04:53.261000+09:00,2026-08-10T05:04:53.261000+00:00,094623,2337.1,1,0,0,0,0,13365,498,13365,0,0,0,0,4651,-28608,10326,6,4480,0,129,0,0,0,0,0,0,0,0,0,31082107,2018,0.46,925.63,3262.73,0,54.3,98.4,68,42.7,61.9,524.9,53.6,619.7,161.4,166.8,1077.4,361403,1511,12.46,88.8,1510,2.62,1.15,29.4,40.2,60,24.53,12173522,72420,76.71,3408.17,0,1200,400,720,240,4200,7500,8500,102,1.5,6000,0,0,0,0,0,75.4,30,72.17,64.38,59.2,0,0
2026-08-10T14:05:53.355000+09:00,2026-08-10T05:05:53.355000+00:00,094623,2416.5,1,0,0,0,0,13365,496,13365,0,0,0,0,4651,-28608,10326,6,4480,0,129,0,0,0,0,0,0,0,0,0,31082107,2018,0.47,957.37,3373.82,0,54.4,96.9,67.8,42.7,62.1,526,53.2,617,161.2,166.2,1093.7,361403,1511,12.63,89.3,1500,2.6,1.16,29.9,40.5,60,24.4,12173526,72420,73.02,3408.17,0,1200,400,720,240,4200,7500,8500,102,1.5,6000,0,0,0,0,0,74.68,30,66.66,64.33,59.1,0,0
2026-08-10T14:06:53.447000+09:00,2026-08-10T05:06:53.447000+00:00,094623,1689.8,1,0,0,0,0,13365,500,13365,0,0,0,0,4651,-28608,10326,518,4992,0,129,0,0,0,0,0,0,0,0,0,31082107,2018,0.46,566.73,2256.54,0,54.6,98.4,67.8,42.6,62.3,527.5,54,616.8,159.2,164.2,1049,361403,1511,12.82,89.7,1510,2.67,1.13,23.4,36.3,60,12.91,12173530,72420,72.75,3408.18,0,1200,400,720,240,4200,7500,8500,102,1.5,6000,0,0,0,0,0,67.19,30,63.54,57.44,59.1,0,0
2026-08-10T14:07:53.540000+09:00,2026-08-10T05:07:53.540000+00:00,094623,1453.0,1,0,0,0,0,13365,490,13365,0,0,0,0,4651,-28608,10326,6,4992,0,129,0,0,0,0,0,0,0,0,0,31082107,2018,0.51,545.98,1998.96,0,54.4,96.9,68.2,42.7,61.9,523.6,53.7,609.5,148.8,152.4,1073.4,361403,1511,12.73,91.6,1470,2.62,1.1,22.6,35.7,60,11.41,12173532,72420,60.44,3408.18,0,1200,400,720,240,4200,7500,8500,102,1.5,6000,0,0,0,0,0,67.45,30,57.33,62.91,59.1,0,0
2026-08-10T14:08:53.646000+09:00,2026-08-10T05:08:53.646000+00:00,094623,2241.9,1,0,0,0,0,13365,495,13365,0,0,0,0,4651,-28608,8278,6,4480,0,129,0,0,0,0,0,0,0,0,0,31082107,2018,0.51,942.72,3184.61,0,54.4,98.6,68.3,42.8,61.5,514.5,54,610.1,150.6,154.8,1073,361403,1511,12.51,90.9,1490,2.6,1.19,29.5,40.5,60,21.18,12173534,72420,65.45,3408.18,0,1200,400,720,240,4200,7500,8500,102,1.5,6000,0,0,0,0,0,74.45,30,68.65,69.54,59.1,0,0
2026-08-10T14:09:53.723000+09:00,2026-08-10T05:09:53.723000+00:00,094623,2389.6,1,0,0,0,0,13365,503,13365,0,0,0,0,4655,-28608,10326,518,4992,0,129,0,0,0,0,0,0,0,0,0,31082107,2018,0.48,936.61,3326.21,0,54.5,99.3,68.2,42.7,61.9,519.2,54.4,618.8,160.9,166.4,1072.8,361404,1512,12.69,89.1,1510,2.65,1.1,27.9,36.4,60,20.93,12173538,72420,76.92,3408.18,0,1200,400,720,240,4200,7500,8500,102,1.5,6000,0,0,0,0,0,74.12,30,72.04,63.85,59.1,0,0
2026-08-10T14:10:53.816000+09:00,2026-08-10T05:10:53.816000+00:00,094623,1870.5,1,0,0,0,0,13365,452,13365,0,0,0,0,4651,-28608,10326,6,4992,0,129,0,0,0,0,0,0,0,0,0,31082107,2018,0.43,757.16,2627.64,0,54.2,96.5,68.1,42.7,61.9,522.6,53.8,609.6,149.8,153.8,1061.2,361404,1512,12.76,90.6,1420,2.39,1.33,27,37.9,60,10.52,12173540,72420,62.12,3408.18,0,1200,400,720,240,4200,7500,8500,102,1.5,6000,0,0,0,0,0,67.33,30,56.62,60.32,59.2,0,0
2026-08-10T14:11:53.914000+09:00,2026-08-10T05:11:53.914000+00:00,094623,1413.9,1,0,0,0,0,13365,497,13365,0,0,0,0,4651,-28608,10326,6,4480,0,129,0,0,0,0,0,0,0,0,0,31082107,2018,0.44,513.02,1926.94,0,54,98.4,67.8,42.7,61.4,521.7,55.9,605.3,145.6,149.4,1041.5,361404,1512,12.34,90.4,1490,2.66,1.14,23.2,37.8,60,11.48,12173542,72420,66.41,3408.18,0,1200,400,720,240,4200,7500,8500,102,1.5,6000,0,0,0,0,0,67.23,30,62.31,62.04,59.2,0,0
2026-08-10T14:12:54.046000+09:00,2026-08-10T05:12:54.046000+00:00,094623,2510.5,1,0,0,0,0,13365,494,13365,0,0,0,0,4651,-28608,10326,518,4480,0,129,0,0,0,0,0,0,0,0,0,31082107,2018,0.51,1072.12,3582.57,0,54,98.9,67.8,42.8,61.3,517.4,54.9,614.4,156.1,161.3,1051.7,361404,1512,12.73,89.4,1500,2.6,1.16,30.6,39.6,60,24.16,12173546,72420,72.11,3408.18,0,1200,400,720,240,4200,7500,8500,102,1.5,6000,0,0,0,0,0,74.62,30,71.87,66.85,59.2,0,0
2026-08-10T14:13:54.085000+09:00,2026-08-10T05:13:54.085000+00:00,094623,1742.3,1,0,0,0,0,13365,498,13365,0,0,0,0,4651,-28608,18518,6,4992,528,129,0,0,0,0,0,0,0,0,0,31082107,2018,0.42,614.34,2356.64,0,54.1,98,67.9,42.7,61.8,523.7,55.9,612.3,157.7,163,1061.3,361404,1512,12.69,88.9,1500,2.68,1.12,24,36,60,13.44,12173549,72420,74.82,3408.18,0,1200,400,720,240,4200,7500,8500,102,1.5,6000,0,0,0,0,0,67.96,30,63.71,57.13,59.2,0,0
2026-08-10T14:14:54.192000+09:00,2026-08-10T05:14:54.192000+00:00,094623,1392.0,1,0,0,0,0,13365,510,13365,0,0,0,0,4651,-26560,10326,6,4992,0,129,0,0,0,0,0,0,0,0,0,31082107,2018,0.47,585.04,1976.99,0,53.8,96.8,67.8,42.7,61.4,518.9,56.7,607.8,146.6,150.2,1085.6,361404,1512,12.67,90.6,1520,2.76,1.03,21.6,33.4,60,14.18,12173551,72420,59.75,3408.18,0,1200,400,720,240,4200,7500,8500,102,1.5,6000,0,0,0,0,0,66.5,30,57.61,61.27,59.2,0,0
2026-08-10T14:15:54.270000+09:00,2026-08-10T05:15:54.270000+00:00,094623,1988.9,1,0,0,0,0,13365,493,13365,0,0,0,0,4651,-28608,10326,518,4480,0,129,0,0,0,0,0,0,0,0,0,31082107,2018,0.49,777.92,2766.81,0,53.7,98.3,67.9,42.7,61,516.6,56.3,609.2,145.6,149.3,1034.7,361405,1513,12.68,91.4,1490,2.6,1.19,28.5,41.7,60,19.93,12173553,72420,62.78,3408.19,0,1200,400,720,240,4200,7500,8500,102,1.5,6000,0,0,0,0,0,72.03,30,67.27,70.2,59.2,0,0
2026-08-10T14:16:54.369000+09:00,2026-08-10T05:16:54.369000+00:00,094623,2282.2,1,0,0,0,0,13365,496,13365,0,0,0,0,4655,-28608,12374,6,4480,8,129,0,0,0,0,0,0,0,0,0,31082107,2018,0.48,862.15,3144.32,0,53.9,99.6,67.9,42.7,61.2,522.7,55.6,616.1,156.2,161.4,1051.1,361405,1513,12.71,88.4,1500,2.6,1.15,29.6,41.2,60,24.45,12173557,72420,78.32,3408.19,0,1200,400,720,240,4200,7500,8500,102,1.5,6000,0,0,0,0,0,74.08,30,74.41,63.71,59.2,0,0
2026-08-10T14:17:54.454000+09:00,2026-08-10T05:17:54.454000+00:00,094623,2183.3,1,0,0,0,0,13365,494,13365,0,0,0,0,4655,-28608,10390,518,20864,0,129,0,0,0,0,0,0,0,0,0,31082107,2018,0.45,851.16,3034.46,0,54.1,96.7,67.8,42.7,61.4,528.1,55.1,615.7,157.1,162.3,1018.7,361405,1513,12.28,89.1,1490,2.61,1.16,29.4,42.5,60,23.93,12173561,72420,71.97,3408.19,0,1200,400,720,240,4200,7500,8500,102,1.5,6000,0,0,0,0,0,73.63,30,65.86,63.74,59.3,0,0
2026-08-10T14:18:54.550000+09:00,2026-08-10T05:18:54.550000+00:00,094623,2514.1,1,0,0,0,0,13365,503,13365,0,0,0,0,4655,-28608,18518,6,4992,528,129,0,0,0,0,0,0,0,0,0,31082107,2018,0.53,1127.05,3641.16,0,54.2,98.5,67.5,42.7,61.7,522.4,55.6,617,162,167.7,1065.8,361405,1513,12.71,89.5,1520,2.65,1.13,29.2,37.3,60,23.52,12173565,72420,71.32,3408.19,0,1200,400,720,240,4200,7500,8500,102,1.5,6000,0,0,0,0,0,71.23,30,69.18,62.99,59.3,0,0
2026-08-10T14:19:54.660000+09:00,2026-08-10T05:19:54.660000+00:00,094623,1439.6,1,0,0,0,0,13365,497,13365,0,0,0,0,4655,-28608,10390,518,21376,0,129,0,0,0,0,0,0,0,0,0,31082107,2018,0.46,503.25,1942.81,0,54.2,96.9,68.2,42.7,61.7,526.4,56.4,609.5,150.2,154.1,1049.4,361405,1513,12.79,90.9,1500,2.68,1.14,22.9,37.4,60,10.56,12173568,72420,63.67,3408.19,0,1200,400,720,240,4200,7500,8500,102,1.5,6000,0,0,0,0,0,65.91,30,58.21,60.12,59.3,0,0
2026-08-10T14:20:54.748000+09:00,2026-08-10T05:20:54.748000+00:00,094623,1487.2,1,0,0,0,0,13365,496,13365,0,0,0,0,4651,-28608,10326,518,4992,0,129,0,0,0,0,0,0,0,0,0,31082107,2018,0.43,608.23,2095.4,0,54.2,98.1,68.5,42.8,61.3,521.3,56.1,607.5,146.7,150.5,1045.3,361405,1513,12.34,91.2,1500,2.67,1.13,23.4,36.5,60,10.42,12173570,72420,63.79,3408.19,0,1200,400,720,240,4200,7500,8500,102,1.5,6000,0,0,0,0,0,67.37,30,60.11,63.03,59.3,0,0
2026-08-10T14:21:54.850000+09:00,2026-08-10T05:21:54.850000+00:00,094623,2420.1,1,0,0,0,0,13365,498,13365,0,0,0,0,4655,-28608,12390,6,12708,72,129,0,0,0,0,0,0,0,0,0,31082107,2018,0.52,1072.12,3492.23,0,54.4,99,68.2,42.8,61.3,517.7,54.9,616,157.7,163.2,1075.9,361406,1514,12.86,89.9,1500,2.63,1.15,30.2,39.7,60,24.11,12173573,72420,72.66,3408.19,0,1200,400,720,240,4200,7500,8500,102,1.5,6000,0,0,0,0,0,75.06,30,71.86,68.28,59.3,0,0
2026-08-10T14:22:54.988000+09:00,2026-08-10T05:22:54.988000+00:00,094623,2349.3,1,0,0,0,0,13365,497,13365,0,0,0,0,4651,-28608,10326,6,4480,0,129,0,0,0,0,0,0,0,0,0,31082107,2018,0.48,996.43,3345.74,0,54.6,98.3,68.1,42.7,61.8,523.8,54.9,617.6,161.8,167.6,1056,361406,1514,12.32,89,1500,2.62,1.15,29.7,40.3,60,24.54,12173577,72420,76.14,3408.19,0,1200,400,720,240,4200,7500,8500,102,1.5,6000,0,0,0,0,0,74.99,30,71.35,64.69,59.3,0,0
2026-08-10T14:23:55.073000+09:00,2026-08-10T05:23:55.073000+00:00,094623,2268.7,1,0,0,0,0,13365,501,13365,0,0,0,0,4651,-28608,18518,6,4992,528,129,0,0,0,0,0,0,0,0,0,31082107,2018,0.47,862.15,3130.89,0,54.6,97.1,68,42.7,62.1,523.7,55.3,619.9,164.4,170.3,1040.1,361406,1514,12.74,89.3,1510,2.67,1.11,26.8,35.5,60,19.56,12173581,72420,74.23,3408.19,0,1200,400,720,240,4200,7500,8500,102,1.5,6000,0,0,0,0,0,71.36,30,63.46,60.73,59.3,0,0
2026-08-10T14:24:55.146000+09:00,2026-08-10T05:24:55.146000+00:00,094623,1487.2,1,0,0,0,0,13365,513,13365,0,0,0,0,4655,-28608,10326,6,4992,0,129,0,0,0,0,0,0,0,0,0,31082107,2018,0.49,607.01,2094.18,0,54.5,97.6,68.2,42.7,61.9,521.1,55.1,607.9,150.6,154.6,1020.7,361406,1514,12.82,91.3,1540,2.79,1.04,22,33.2,60,13.92,12173583,72420,60.93,3408.2,0,1200,400,720,240,4200,7500,8500,102,1.5,6000,0,0,0,0,0,67.69,30,60.17,62.3,59.3,0,0
2026-08-10T14:25:55.239000+09:00,2026-08-10T05:25:55.239000+00:00,094623,1559.2,1,0,0,0,0,13365,494,13365,0,0,0,0,4651,-28608,10326,6,4480,0,129,0,0,0,0,0,0,0,0,0,31082107,2018,0.43,589.92,2149.11,0,54.3,98,68.3,42.7,61.5,520.7,54.5,605.7,147.9,151.8,1057.6,361406,1514,12.7,90.8,1490,2.64,1.17,24.7,39.1,60,13.14,12173585,72420,65.52,3408.2,0,1200,400,720,240,4200,7500,8500,102,1.5,6000,0,0,0,0,0,69.65,30,61.59,64.17,59.4,0,0
2026-08-10T14:26:55.327000+09:00,2026-08-10T05:26:55.327000+00:00,094623,2519.0,1,0,0,0,0,13365,496,13365,0,0,0,0,4651,-28608,12374,6,4512,72,129,0,0,0,0,0,0,0,0,0,31082107,2018,0.53,1053.8,3572.8,0,54.2,99.2,67.9,42.7,61.4,517.5,55.7,612.7,158.9,164.6,1072.8,361406,1514,12.73,89.7,1500,2.61,1.15,30.5,39.3,60,24.09,12173589,72420,72.14,3408.2,0,1200,400,720,240,4200,7500,8500,102,1.5,6000,0,0,0,0,0,75.14,30,72.54,67.78,59.3,0,0
2026-08-10T14:27:55.404000+09:00,2026-08-10T05:27:55.404000+00:00,094623,2412.8,1,0,0,0,0,13365,496,13365,0,0,0,0,4651,-28608,10326,6,4480,0,129,0,0,0,0,0,0,0,0,0,31082107,2018,0.49,979.34,3392.13,0,54.2,97.9,67.9,42.6,61.8,523.8,54.9,615.7,162.4,168,1047.3,361407,1515,12.74,89.4,1500,2.62,1.15,29.8,39.8,60,24.56,12173593,72420,75.35,3408.2,0,1200,400,720,240,4200,7500,8500,102,1.5,6000,0,0,0,0,0,74.99,30,69.84,66.23,59.4,0,0
2026-08-10T14:28:55.493000+09:00,2026-08-10T05:28:55.493000+00:00,094623,2483.6,1,0,0,0,0,13365,497,13365,0,0,0,0,4651,-28608,18518,6,4480,16,129,0,0,0,0,0,0,0,0,0,31082107,2018,0.49,1091.65,3575.24,0,54.3,97.1,67.9,42.6,62,524.5,55.8,614.8,163.8,169.4,1078.8,361407,1515,12.74,89.2,1500,2.61,1.15,29.9,39.2,60,24.48,12173597,72420,75.85,3408.2,0,1200,400,720,240,4200,7500,8500,102,1.5,6000,0,0,0,0,0,74.84,30,66.43,64.73,59.4,0,0
2026-08-10T14:29:55.612000+09:00,2026-08-10T05:29:55.612000+00:00,094623,1800.9,1,0,0,0,0,13365,500,13365,0,0,0,0,4655,-28608,10326,6,4992,0,129,0,0,0,0,0,0,0,0,0,31082107,2018,0.47,580.16,2381.05,0,54.4,98.3,67.8,42.5,62.2,529.8,56.3,615.4,162.7,168.3,1059.8,361407,1515,12.82,89.5,1510,2.67,1.11,24,35.9,60,14.53,12173601,72420,74.74,3408.2,0,1200,400,720,240,4200,7500,8500,102,1.5,6000,0,0,0,0,0,68,30,63.32,58.24,59.4,0,0
2026-08-10T14:30:55.701000+09:00,2026-08-10T05:30:55.701000+00:00,094623,1813.1,1,0,0,0,0,13365,519,13365,0,0,0,0,4651,-28608,10326,6,4992,0,129,0,0,0,0,0,0,0,0,0,31082107,2018,0.54,782.8,2595.9,0,54.1,96.9,68,42.6,61.7,524.8,56.6,604.1,148.3,152.1,1034.6,361407,1515,12.64,89.8,1570,2.77,1.12,25.8,37.1,60,10.47,12173603,72420,61.05,3408.2,0,1200,400,720,240,4200,7500,8500,102,1.5,6000,0,0,0,0,0,69.78,30,59.93,60.04,59.4,0,0
2026-08-10T14:31:55.796000+09:00,2026-08-10T05:31:55.796000+00:00,094623,1940.1,1,0,0,0,0,13365,493,13365,0,0,0,0,4651,-28608,12374,518,4512,72,129,0,0,0,0,0,0,0,0,0,31082107,2018,0.46,784.02,2724.08,0,53.9,98.5,68,42.6,61.2,518.9,56.4,603.7,147.2,151,1055.4,361407,1515,12.32,93,1490,2.6,1.2,27.7,40.9,60,17.59,12173605,72420,65.54,3408.2,0,1200,400,720,240,4200,7500,8500,102,1.5,6000,0,0,0,0,0,71.21,30,65.71,73.72,59.3,0,0
2026-08-10T14:32:55.895000+09:00,2026-08-10T05:32:55.895000+00:00,094623,2361.5,1,0,0,0,0,13365,497,13365,0,0,0,0,4655,-26560,10326,6,4481,0,129,0,0,0,0,0,0,0,0,0,31082107,2018,0.45,910.98,3272.5,0,54.2,99.7,68.1,42.6,61.4,523.1,57.9,617.7,159,164.5,1034.4,361407,1515,12.29,88.3,1500,2.6,1.14,29.7,40.5,60,24.54,12173609,72420,77.77,3408.21,0,1200,400,720,240,4200,7500,8500,102,1.5,6000,0,0,0,0,0,74.91,30,74.47,63.28,59.4,0,0
2026-08-10T14:33:55.994000+09:00,2026-08-10T05:33:55.994000+00:00,094623,2436.0,1,0,0,0,0,13365,496,13365,0,0,0,0,4655,-28608,10326,6,4480,0,129,0,0,0,0,0,0,0,0,0,31082107,2018,0.45,1034.27,3470.26,0,54.2,96.6,68,42.6,61.7,525.5,56.9,619.3,161.1,166.5,1050.4,361408,1516,12.64,89,1500,2.61,1.16,29.9,40,60,24.46,12173613,72420,71.64,3408.21,0,1200,400,720,240,4200,7500,8500,102,1.5,6000,0,0,0,0,0,74.73,30,64.92,63.06,59.4,0,0
2026-08-10T14:34:56.081000+09:00,2026-08-10T05:34:56.081000+00:00,094623,2516.6,1,0,0,0,0,13365,496,13365,0,0,0,0,4651,-28608,10326,6,4480,0,129,0,0,0,0,0,0,0,0,0,31082107,2018,0.54,935.39,3451.95,0,54.2,98.8,67.6,42.6,61.8,527.5,58.9,616.5,162.1,167.5,1043.9,361408,1516,12.56,89.8,1500,2.61,1.16,30,40,60,24.3,12173617,72420,72.83,3408.21,0,1200,400,720,240,4200,7500,8500,102,1.5,6000,0,0,0,0,0,73.03,30,70.9,64.59,59.4,0,0
2026-08-10T14:35:56.168000+09:00,2026-08-10T05:35:56.168000+00:00,094623,1455.4,1,0,0,0,0,13365,499,13365,0,0,0,0,4651,-28608,10326,6,4992,0,129,0,0,0,0,0,0,0,0,0,31082107,2018,0.45,504.47,1959.9,0,54.3,97.9,67.9,42.6,62,525.2,55.9,610.2,155.8,160.4,1028.3,361408,1516,12.63,91,1490,2.67,1.04,21.5,33.8,60,11.79,12173620,72420,71.19,3408.21,0,1200,400,720,240,4200,7500,8500,102,1.5,6000,0,0,0,0,0,65.45,30,61.57,60.85,59.4,0,0
2026-08-10T14:36:56.256000+09:00,2026-08-10T05:36:56.256000+00:00,094623,1373.6,1,0,0,0,0,13365,507,13365,0,0,0,0,4651,-28608,8342,6,21376,0,129,0,0,0,0,0,0,0,0,0,31082107,2018,0.43,544.75,1918.39,0,54.2,97.6,68.5,42.7,61.5,522,55.9,605.2,147.4,151.1,1046.2,361408,1516,12.77,91.2,1510,2.72,1.05,21.7,34.1,60,11.66,12173622,72420,62.79,3408.21,0,1200,400,720,240,4200,7500,8500,102,1.5,6000,0,0,0,0,0,67.71,30,59.4,63.31,59.4,0,0
2026-08-10T14:37:56.368000+09:00,2026-08-10T05:37:56.368000+00:00,094623,2356.6,1,0,0,0,0,13365,496,13365,0,0,0,0,4655,-28608,10326,6,4480,0,129,0,0,0,0,0,0,0,0,0,31082107,2018,0.51,1045.26,3401.9,0,54.2,98.2,68.3,42.7,61.3,514.4,57.7,611.3,153.4,158.2,1095.8,361408,1516,12.42,90.1,1500,2.6,1.15,29.9,39.3,60,23.64,12173625,72420,65.45,3408.21,0,1200,400,720,240,4200,7500,8500,102,1.5,6000,0,0,0,0,0,75.1,30,69.02,68.49,59.4,0,0
2026-08-10T14:38:56.471000+09:00,2026-08-10T05:38:56.471000+00:00,094623,2217.5,1,0,0,0,0,13365,496,13365,0,0,0,0,4655,-28608,10390,6,20864,0,129,0,0,0,0,0,0,0,0,0,31082107,2018,0.49,805.99,3023.47,0,54.4,98.8,67.9,42.7,61.6,527.5,55.8,616.1,158,163.3,1070.5,361408,1516,12.64,89.5,1490,2.59,1.15,29.2,41.6,60,24.31,12173629,72420,74.63,3408.21,0,1200,400,720,240,4200,7500,8500,102,1.5,6000,0,0,0,0,0,74.44,30,72.56,66.48,59.5,0,0
2026-08-10T14:39:56.565000+09:00,2026-08-10T05:39:56.565000+00:00,094623,2453.1,1,0,0,0,0,13365,498,13365,0,0,0,0,4651,-28608,10326,6,4480,8,129,0,0,0,0,0,0,0,0,0,31082107,2018,0.5,943.94,3397.02,0,54.5,97.6,67.7,42.7,61.8,525.8,56,617.8,160.8,166.3,1049.9,361409,1517,12.7,89.3,1500,2.61,1.16,30,40.4,60,24.43,12173633,72420,74.29,3408.21,0,1200,400,720,240,4200,7500,8500,102,1.5,6000,0,0,0,0,0,73.69,30,69.19,65.04,59.5,0,0
2026-08-10T14:40:56.638000+09:00,2026-08-10T05:40:56.638000+00:00,094623,2288.3,1,0,0,0,0,13365,500,13365,0,0,0,0,4655,-28608,10342,6,13188,0,129,0,0,0,0,0,0,0,0,0,31082107,2018,0.5,898.77,3187.05,0,54.7,97.6,67.8,42.7,62.1,526.8,55.3,621.5,164,169.8,1026.2,361409,1517,12.8,89.5,1510,2.64,1.11,27.2,36.6,60,20.27,12173637,72420,73.36,3408.21,0,1200,400,720,240,4200,7500,8500,102,1.5,6000,0,0,0,0,0,70.84,30,65.72,62.01,59.5,0,0
2026-08-10T14:41:56.733000+09:00,2026-08-10T05:41:56.733000+00:00,094623,1725.2,1,0,0,0,0,13365,521,13365,0,0,0,0,4651,-28608,18518,6,4992,528,129,0,0,0,0,0,0,0,0,0,31082107,2018,0.51,791.34,2516.56,0,54.7,97.4,68.2,42.7,62,522.5,55.6,611.6,150.8,155.2,1051.8,361409,1517,12.93,91.1,1570,2.79,1.09,24.7,35,60,15.65,12173639,72420,63.11,3408.22,0,1200,400,720,240,4200,7500,8500,102,1.5,6000,0,0,0,0,0,69.22,30,61.99,64.11,59.5,0,0
2026-08-10T14:42:56.812000+09:00,2026-08-10T05:42:56.812000+00:00,094623,1479.8,1,0,0,0,0,13365,492,13365,0,0,0,0,4651,-28608,10326,6,4480,0,129,0,0,0,0,0,0,0,0,0,31082107,2018,0.5,596.03,2075.87,0,54.6,97.9,68.4,42.7,61.6,522.5,54.4,608.9,148,151.9,1053.4,361409,1517,12.41,90.9,1480,2.62,1.16,24.2,38.3,60,12.34,12173641,72420,65.54,3408.22,0,1200,400,720,240,4200,7500,8500,102,1.5,6000,0,0,0,0,0,68.55,30,60.78,63.51,59.5,0,0
2026-08-10T14:43:56.898000+09:00,2026-08-10T05:43:56.898000+00:00,094623,2468.9,1,0,0,0,0,13365,494,13365,0,0,0,0,4655,-28608,10326,6,4480,0,129,0,0,0,0,0,0,0,0,0,31082107,2018,0.54,1105.08,3574.02,0,54.5,99.3,68.2,42.7,61.6,517.4,55.9,616.4,159.7,165.3,1088.8,361409,1517,12.77,89.8,1490,2.59,1.15,30.5,39.2,60,24.42,12173645,72420,75.67,3408.22,0,1200,400,720,240,4200,7500,8500,102,1.5,6000,0,0,0,0,0,75.54,30,72.96,68.3,59.5,0,0
2026-08-10T14:44:56.990000+09:00,2026-08-10T05:44:56.990000+00:00,094623,2411.6,1,0,0,0,0,13365,494,13365,0,0,0,0,4651,-28608,12374,6,4512,72,129,0,0,0,0,0,0,0,0,0,31082107,2018,0.49,1012.3,3423.87,0,54.6,98.3,68.2,42.6,62,524.3,54.9,616.9,162.7,168.3,1062.6,361409,1517,12.23,89.1,1490,2.59,1.15,29.9,39.7,60,24.51,12173649,72420,75.71,3408.22,0,1200,400,720,240,4200,7500,8500,102,1.5,6000,0,0,0,0,0,75.95,30,71.76,65.07,59.5,0,0
2026-08-10T14:45:57.078000+09:00,2026-08-10T05:45:57.078000+00:00,094623,2306.6,1,0,0,0,0,13365,497,13365,0,0,0,0,4651,-28608,10326,6,4480,0,129,0,0,0,0,0,0,0,0,0,31082107,2018,0.49,864.59,3171.18,0,54.6,97,68,42.6,62.2,528.3,54.3,615.3,161.5,166.9,1065.9,361410,1518,12.87,89.5,1500,2.6,1.15,29.5,41.2,60,24.54,12173653,72420,72.86,3408.22,0,1200,400,720,240,4200,7500,8500,102,1.5,6000,0,0,0,0,0,75.67,30,67.32,65.2,59.5,0,0
2026-08-10T14:46:57.166000+09:00,2026-08-10T05:46:57.166000+00:00,094623,2384.7,1,0,0,0,0,13365,495,13365,0,0,0,0,4651,-28608,18518,6,4480,528,129,0,0,0,0,0,0,0,0,0,31082107,2018,0.53,856.04,3240.76,0,54.9,98,67.8,42.6,62.3,528.9,54.2,615.5,161.9,167.1,1060.4,361410,1518,12.3,90.3,1490,2.6,1.14,29.4,40.4,60,24.48,12173657,72420,73.02,3408.22,0,1200,400,720,240,4200,7500,8500,102,1.5,6000,0,0,0,0,0,74.8,30,69.17,67.27,59.5,0,0
2026-08-10T14:47:57.282000+09:00,2026-08-10T05:47:57.282000+00:00,094623,1995.0,1,0,0,0,0,13365,501,13365,0,0,0,0,4651,-28608,10326,6,4992,0,129,0,0,0,0,0,0,0,0,0,31082107,2018,0.5,702.23,2697.23,0,55,99.1,67.7,42.6,62.5,528.7,54.7,618.6,162.5,167.8,1066.3,361410,1518,12.65,90.8,1510,2.65,1.11,24.9,35.5,60,15.71,12173661,72420,76.07,3408.22,0,1200,400,720,240,4200,7500,8500,102,1.5,6000,0,0,0,0,0,68.77,30,68.2,64.33,59.5,0,0
2026-08-10T14:48:57.378000+09:00,2026-08-10T05:48:57.378000+00:00,094623,1467.6,1,0,0,0,0,13365,498,13365,0,0,0,0,4651,-28608,10326,6,4992,0,129,0,0,0,0,0,0,0,0,0,31082107,2018,0.48,538.65,2006.29,0,54.9,96.6,68.3,42.7,62.2,525.2,55,606.3,150.6,154.6,1049.3,361410,1518,12.33,89.9,1500,2.64,1.14,23.1,36.9,60,11.32,12173663,72420,64.87,3408.22,0,1200,400,720,240,4200,7500,8500,102,1.5,6000,0,0,0,0,0,68.01,30,57.63,59.66,59.5,0,0
2026-08-10T14:49:57.468000+09:00,2026-08-10T05:49:57.468000+00:00,094623,1808.2,1,0,0,0,0,13365,494,13365,0,0,0,0,4651,-28608,12374,6,4512,72,129,0,0,0,0,0,0,0,0,0,31082107,2018,0.55,691.24,2499.47,0,54.8,98.3,68.2,42.7,61.8,519.6,55.2,603.1,147.2,150.9,1056.3,361410,1518,12.36,91.1,1490,2.61,1.19,26.7,40.4,60,16.54,12173665,72420,59.98,3408.23,0,1200,400,720,240,4200,7500,8500,102,1.5,6000,0,0,0,0,0,71.76,30,65.35,67.3,59.5,0,0
2026-08-10T14:50:57.584000+09:00,2026-08-10T05:50:57.584000+00:00,094623,2582.5,1,0,0,0,0,13365,497,13365,0,0,0,0,4651,-28608,10326,6,4992,0,129,0,0,0,0,0,0,0,0,0,31082107,2018,0.54,1179.54,3762.02,0,54.9,99.6,68.1,42.7,61.8,518.7,54.3,615.2,159.9,165.3,1078.8,361410,1518,12.48,89.3,1510,2.61,1.15,30.5,38.5,60,24.49,12173669,72420,75.14,3408.23,0,1200,400,720,240,4200,7500,8500,102,1.5,6000,0,0,0,0,0,75.97,30,74.63,66.95,59.6,0,0
2026-08-10T14:51:57.659000+09:00,2026-08-10T05:51:57.659000+00:00,094623,1362.7,1,0,0,0,0,13365,492,13365,0,0,0,0,4655,-26560,18518,6,4992,528,129,0,0,0,0,0,0,0,0,0,31082107,2018,0.43,449.54,1812.19,0,54.9,96.5,68.1,42.7,62,524.6,57.3,606.6,149.9,154.1,1083.9,361411,1519,12.39,89.8,1480,2.63,1.08,21.9,35.9,60,10.81,12173671,72420,67.2,3408.23,0,1200,400,720,240,4200,7500,8500,102,1.5,6000,0,0,0,0,0,68.25,30,58.06,59.46,59.6,0,0
2026-08-10T14:52:57.772000+09:00,2026-08-10T05:52:57.772000+00:00,094623,1368.8,1,0,0,0,0,13365,499,13365,0,0,0,0,4651,-26560,10326,6,4992,0,129,0,0,0,0,0,0,0,0,0,31082107,2018,0.44,515.46,1884.21,0,54.7,98,67.6,42.8,61.5,521.5,58.4,599.7,144.5,148.2,1056.3,361411,1519,12.12,90.8,1490,2.67,1.06,21.8,34.7,60,10.99,12173673,72420,61.8,3408.23,0,1200,400,720,240,4200,7500,8500,102,1.5,6000,0,0,0,0,0,66.59,30,60.83,63.2,59.6,0,0
2026-08-10T14:53:57.847000+09:00,2026-08-10T05:53:57.847000+00:00,094623,2598.3,1,0,0,0,0,13365,497,13365,0,0,0,0,4651,-28608,10326,518,4480,0,129,0,0,0,0,0,0,0,0,0,31082107,2018,0.52,1062.35,3660.69,0,54.7,98.6,67.7,42.8,61.4,514.8,60.2,609.4,156.5,161.8,1039.5,361411,1519,12.73,89.7,1500,2.61,1.15,30.8,39,60,23.85,12173676,72420,71.95,3408.23,0,1200,400,720,240,4200,7500,8500,102,1.5,6000,0,0,0,0,0,74.31,30,71.09,68.83,59.6,0,0
2026-08-10T14:54:57.989000+09:00,2026-08-10T05:54:57.989000+00:00,094623,1766.7,1,0,0,0,0,13365,522,13365,0,0,0,0,4655,-28608,12374,6,5024,72,129,0,0,0,0,0,0,0,0,0,31082107,2018,0.41,752.28,2519,0,54.7,97,68.1,42.8,61.7,519.9,57.2,606.6,150,154.4,1025.9,361411,1519,12.75,89.5,1570,2.81,1.1,25,36.2,60,10.01,12173679,72420,68.24,3408.23,0,1200,400,720,240,4200,7500,8500,102,1.5,6000,0,0,0,0,0,70.93,30,62.7,62.2,59.6,0,0
2026-08-10T14:55:58.089000+09:00,2026-08-10T05:55:58.089000+00:00,094623,1808.2,1,0,0,0,0,13365,522,13365,0,0,0,0,4655,-28608,10390,6,21376,0,129,0,0,0,0,0,0,0,0,0,31082107,2018,0.44,835.29,2643.51,0,54.5,97.9,67.8,42.8,61.4,518.9,56.3,604.4,144.1,148,1023.5,361411,1519,12.73,90.6,1570,2.8,1.12,25.6,36.5,60,11.08,12173681,72420,60.71,3408.23,0,1200,400,720,240,4200,7500,8500,102,1.5,6000,0,0,0,0,0,69.92,30,63.47,65.84,59.6,0,0
2026-08-10T14:56:58.164000+09:00,2026-08-10T05:56:58.164000+00:00,094623,2440.9,1,0,0,0,0,13365,498,13365,0,0,0,0,4651,-28608,18518,6,4480,0,129,0,0,0,0,0,0,0,0,0,31082107,2018,0.53,1055.02,3495.9,0,54.6,98.4,67.8,42.8,61.2,514.9,56.9,612.6,154.8,159.9,1050.3,361411,1519,12.73,89.8,1510,2.63,1.15,30.1,39.1,60,24.14,12173684,72420,67.02,3408.23,0,1200,400,720,240,4200,7500,8500,102,1.5,6000,0,0,0,0,0,74.24,30,70,68.51,59.6,0,0
2026-08-10T14:57:58.276000+09:00,2026-08-10T05:57:58.276000+00:00,094623,2378.6,1,0,0,0,0,13365,498,13365,0,0,0,0,4651,-28608,10342,6,12676,0,129,0,0,0,0,0,0,0,0,0,31082107,2018,0.5,904.87,3283.49,0,54.7,98.6,68.1,42.8,61.7,523.6,56,615.4,159.7,165.1,1047.3,361412,1520,12.75,89.2,1500,2.62,1.14,29.7,40.2,60,24.45,12173688,72420,75.53,3408.23,0,1200,400,720,240,4200,7500,8500,102,1.5,6000,0,0,0,0,0,75.14,30,72.04,65.85,59.6,0,0
2026-08-10T14:58:58.364000+09:00,2026-08-10T05:58:58.364000+00:00,094623,1937.6,1,0,0,0,0,13365,500,13365,0,0,0,0,4655,-28608,10326,6,4992,0,129,0,0,0,0,0,0,0,0,0,31082107,2018,0.46,742.51,2680.14,0,54.9,97.6,68.1,42.7,62,523.7,56.5,616.7,161.4,167.1,1084.9,361412,1520,12.11,89.3,1510,2.68,1.11,24.9,35.2,60,15.06,12173692,72420,74.36,3408.24,0,1200,400,720,240,4200,7500,8500,102,1.5,6000,0,0,0,0,0,69.22,30,62.95,58.84,59.6,0,0
2026-08-10T14:59:58.463000+09:00,2026-08-10T05:59:58.463000+00:00,094623,1807.0,1,0,0,0,0,13365,441,13365,0,0,0,0,4651,-28608,12374,6,5024,8,129,0,0,0,0,0,0,0,0,0,31082107,2018,0.5,691.24,2498.24,0,54.9,97.2,68.1,42.7,61.9,523,55.6,609.1,149.1,153.6,1028,361412,1520,12.29,90.7,1340,2.37,1.56,27.3,39,60,11.05,12173694,72420,58.47,3408.24,0,1200,400,720,240,4200,7500,8500,102,1.5,6000,0,0,0,0,0,66.3,30,57.9,59.76,59.6,0,0
2026-08-10T15:00:58.557000+09:00,2026-08-10T06:00:58.557000+00:00,094623,1860.7,1,0,0,0,0,13365,493,13365,0,0,0,0,4651,-28608,10326,6,4480,0,129,0,0,0,0,0,0,0,0,0,31082107,2018,0.46,762.05,2622.76,0,54.8,97.8,68.2,42.8,61.5,517.7,55.7,604.7,146,150,1035.9,361412,1520,12.69,91.5,1490,2.61,1.2,27.5,40.9,60,17.8,12173696,72420,64.54,3408.24,0,1200,400,720,240,4200,7500,8500,102,1.5,6000,0,0,0,0,0,72.22,30,63.89,69.17,59.6,0,0
2026-08-10T15:01:58.644000+09:00,2026-08-10T06:01:58.644000+00:00,094623,2555.6,1,0,0,0,0,13365,496,13365,0,0,0,0,4651,-28608,10326,6,4992,0,129,0,0,0,0,0,0,0,0,0,31082107,2018,0.51,1122.17,3677.79,0,54.8,99.9,68,42.7,61.6,517.8,56.5,614.4,160.3,166,1050.2,361412,1520,12.65,89.1,1500,2.6,1.15,30.5,38.6,60,24.27,12173700,72420,76.01,3408.24,0,1200,400,720,240,4200,7500,8500,102,1.5,6000,0,0,0,0,0,75.24,30,74.96,66.08,59.7,0,0
2026-08-10T15:02:58.746000+09:00,2026-08-10T06:02:58.746000+00:00,094623,1362.7,1,0,0,0,0,13365,492,13365,0,0,0,0,4651,-28608,10326,6,4992,0,129,0,0,0,0,0,0,0,0,0,31082107,2018,0.43,460.52,1823.18,0,54.9,96.5,68,42.7,61.8,523,55.7,606.4,149.9,154.1,1034.7,361412,1520,12.7,89.8,1480,2.64,1.08,22,36.3,60,11.44,12173702,72420,64.14,3408.24,0,1200,400,720,240,4200,7500,8500,102,1.5,6000,0,0,0,0,0,67.44,30,57.13,58.82,59.7,0,0
2026-08-10T15:03:58.843000+09:00,2026-08-10T06:03:58.843000+00:00,094623,1350.4,1,0,0,0,0,13365,495,13365,0,0,0,0,4651,-28608,10326,6,4992,0,129,0,0,0,0,0,0,0,0,0,31082107,2018,0.41,521.56,1872,0,54.6,98.4,67.8,42.8,61.3,520.9,56.3,603.9,144.2,147.9,1017.5,361413,1521,12.76,90.7,1480,2.67,1.07,21.8,35.3,60,11.71,12173704,72420,61.27,3408.24,0,1200,400,720,240,4200,7500,8500,102,1.5,6000,0,0,0,0,0,66.75,30,61.47,62.51,59.7,0,0
2026-08-10T15:04:58.929000+09:00,2026-08-10T06:04:58.929000+00:00,094623,2525.1,1,0,0,0,0,13365,498,13365,0,0,0,0,4651,-28608,8278,6,4480,0,129,0,0,0,0,0,0,0,0,0,31082107,2018,0.53,1106.3,3631.4,0,54.5,98.7,67.7,42.7,61.2,513.9,61.9,613.2,156.5,161.8,1078.4,361413,1521,12.58,89.6,1500,2.62,1.15,30.4,38.6,60,24.1,12173708,72420,71.36,3408.24,0,1200,400,720,240,4200,7500,8500,102,1.5,6000,0,0,0,0,0,74.14,30,70.92,67.61,59.7,0,0
2026-08-10T15:05:59.011000+09:00,2026-08-10T06:05:59.011000+00:00,094623,2431.1,1,0,0,0,0,13365,496,13365,0,0,0,0,4655,-28608,10326,6,4480,0,129,0,0,0,0,0,0,0,0,0,31082107,2018,0.49,1004.97,3436.08,0,54.5,98.2,68.1,42.6,61.7,521.7,57.6,619.2,161.7,167.4,1041.1,361413,1521,12.9,88.9,1500,2.62,1.15,29.9,39.5,60,24.48,12173712,72420,75.21,3408.24,0,1200,400,720,240,4200,7500,8500,102,1.5,6000,0,0,0,0,0,75.25,30,70.78,64.22,59.7,0,0
2026-08-10T15:06:59.109000+09:00,2026-08-10T06:06:59.109000+00:00,094623,2361.5,1,0,0,0,0,13365,500,13365,0,0,0,0,4651,-28608,10326,6,4992,0,129,0,0,0,0,0,0,0,0,0,31082107,2018,0.48,914.64,3276.16,0,54.6,97.1,68.2,42.6,62,522.9,58,616.9,163.9,169.6,1057.5,361413,1521,12.47,89.2,1510,2.64,1.12,27.8,36.5,60,21.36,12173716,72420,74.95,3408.24,0,1200,400,720,240,4200,7500,8500,102,1.5,6000,0,0,0,0,0,73.4,30,64.37,61.29,59.7,0,0
2026-08-10T15:07:59.205000+09:00,2026-08-10T06:07:59.205000+00:00,094623,1778.9,1,0,0,0,0,13365,500,13365,0,0,0,0,4651,-28608,10326,6,4992,8,129,0,0,0,0,0,0,0,0,0,31082107,2018,0.5,751.06,2529.98,0,54.6,97.7,68,42.6,61.9,524.5,57,605.2,149.5,153.6,1058.1,361413,1521,12.75,91.1,1560,2.63,1.16,25.7,37.4,60,10.18,12173718,72420,62.22,3408.25,0,1200,400,720,240,4200,7500,8500,102,1.5,6000,0,0,0,0,0,67.41,30,60.18,61.36,59.7,0,0
2026-08-10T15:08:59.293000+09:00,2026-08-10T06:08:59.293000+00:00,094623,1450.5,1,0,0,0,0,13365,493,13365,0,0,0,0,4651,-28608,10326,6,4480,0,129,0,0,0,0,0,0,0,0,0,31082107,2018,0.47,599.69,2050.23,0,54.4,97.4,67.9,42.7,61.3,521.7,57.1,602.8,145.3,149,1075.7,361413,1521,12.55,91.6,1480,2.65,1.15,23.5,37.9,60,11.56,12173720,72420,63.93,3408.25,0,1200,400,720,240,4200,7500,8500,102,1.5,6000,0,0,0,0,0,67.36,30,58.5,64.88,59.7,0,0
2026-08-10T15:09:59.389000+09:00,2026-08-10T06:09:59.389000+00:00,094623,2185.7,1,0,0,0,0,13365,498,13365,0,0,0,0,4651,-28608,18518,6,4480,528,129,0,0,0,0,0,0,0,0,0,31082107,2018,0.52,790.12,2975.86,0,54.6,99.3,67.9,42.6,61.3,523.2,56.5,608.6,155.8,161,1060.5,361414,1522,12.64,89.4,1500,2.63,1.13,29,41.1,60,24.34,12173723,72420,73.78,3408.25,0,1200,400,720,240,4200,7500,8500,102,1.5,6000,0,0,0,0,0,74.72,30,72.33,66.92,59.7,0,0
2026-08-10T15:10:59.467000+09:00,2026-08-10T06:10:59.467000+00:00,094623,2205.3,1,0,0,0,0,13365,495,13365,0,0,0,0,4651,-28608,10326,518,4480,0,129,0,0,0,0,0,0,0,0,0,31082107,2018,0.48,832.85,3038.12,0,54.7,98,67.9,42.7,61.5,527.7,59.3,608.4,156.2,161.2,1043.1,361414,1522,12.88,88.8,1490,2.61,1.17,29.6,42.4,60,23.75,12173727,72420,74.36,3408.25,0,1200,400,720,240,4200,7500,8500,102,1.5,6000,0,0,0,0,0,74.54,30,69.86,63.52,59.7,0,0
2026-08-10T15:11:59.566000+09:00,2026-08-10T06:11:59.566000+00:00,094623,2315.1,1,0,0,0,0,13365,501,13365,0,0,0,0,4651,-28608,10326,590,4992,8192,129,0,0,0,0,0,0,0,0,0,31082107,2018,0.49,972.01,3287.15,0,54.9,97.3,67.6,42.6,61.8,522.9,57.5,616.1,162.4,168.1,1070.4,361414,1522,12.73,89.4,1510,2.66,1.1,27,34.8,60,19.29,12173731,72420,71.4,3408.25,0,1200,400,720,240,4200,7500,8500,102,1.5,6000,0,0,0,0,0,70.09,30,63.82,61,59.7,0,0
2026-08-10T15:12:59.664000+09:00,2026-08-10T06:12:59.664000+00:00,094623,1566.5,1,0,0,0,0,13365,518,13365,0,0,0,0,4651,-28608,12374,518,5024,72,129,0,0,0,0,0,0,0,0,0,31082107,2018,0.5,697.35,2263.86,0,54.9,97.6,68.2,42.6,61.8,520.2,57.2,605.9,150.7,155,1096.3,361414,1522,12.64,91,1550,2.8,1.05,22.7,32.9,60,14.1,12173734,72420,62.25,3408.25,0,1200,400,720,240,4200,7500,8500,102,1.5,6000,0,0,0,0,0,67.61,30,60.44,61.74,59.7,0,0
2026-08-10T15:13:59.764000+09:00,2026-08-10T06:13:59.764000+00:00,094623,1569.0,1,0,0,0,0,13365,493,13365,0,0,0,0,4655,-28608,10326,6,4480,0,129,0,0,0,0,0,0,0,0,0,31082107,2018,0.44,654.62,2223.58,0,54.8,98,68.5,42.6,61.6,519.9,56.5,608.2,148.1,152.3,1049.5,361414,1522,12.28,90.8,1490,2.63,1.17,24.7,38.4,60,12.58,12173736,72420,65.92,3408.25,0,1200,400,720,240,4200,7500,8500,102,1.5,6000,0,0,0,0,0,69.38,30,61.02,63.71,59.7,0,0
2026-08-10T15:14:59.906000+09:00,2026-08-10T06:14:59.906000+00:00,094623,2290.7,1,0,0,0,0,13365,495,13365,0,0,0,0,4651,-28608,18582,6,20864,528,129,0,0,0,0,0,0,0,0,0,31082107,2018,0.54,893.89,3184.61,0,54.8,99.3,68.2,42.6,61.6,521.5,55.1,617.3,158.2,163.7,1060.3,361414,1522,12.67,89.8,1490,2.61,1.14,29.6,40.5,60,24.08,12173739,72420,71.04,3408.25,0,1200,400,720,240,4200,7500,8500,102,1.5,6000,0,0,0,0,0,75.75,30,72.58,67.85,59.7,0,0
2026-08-10T15:15:59.962000+09:00,2026-08-10T06:15:59.962000+00:00,094623,2454.3,1,0,0,0,0,13365,497,13365,0,0,0,0,4651,-28608,10326,6,4480,0,129,0,0,0,0,0,0,0,0,0,31082107,2018,0.5,1113.62,3567.92,0,54.9,98.3,68.1,42.6,61.9,522.9,56.6,616.7,161.8,167.4,1088.6,361415,1523,12.76,89.2,1500,2.61,1.17,30.4,40,60,24.19,12173743,72420,77.18,3408.25,0,1200,400,720,240,4200,7500,8500,102,1.5,6000,0,0,0,0,0,75.73,30,71.22,65.36,59.7,0,0
2026-08-10T15:17:00.055000+09:00,2026-08-10T06:17:00.055000+00:00,094623,1858.3,1,0,0,0,0,13365,522,13365,0,0,0,0,4655,-28608,10342,590,13188,8192,129,0,0,0,0,0,0,0,0,0,31082107,2018,0.46,776.7,2634.97,0,54.9,97.6,67.9,42.5,62.1,521.4,57.3,613.3,157.2,162.2,1061.6,361415,1523,12.74,89.6,1570,2.81,1.06,24.4,34.1,60,16.37,12173746,72420,71.51,3408.26,0,1200,400,720,240,4200,7500,8500,102,1.5,6000,0,0,0,0,0,70,30,63.94,60.24,59.8,0,0
2026-08-10T15:18:00.204000+09:00,2026-08-10T06:18:00.204000+00:00,094623,1870.5,1,0,0,0,0,13365,522,13365,0,0,0,0,4655,-28608,12374,6,5024,72,129,0,0,0,0,0,0,0,0,0,31082107,2018,0.55,906.09,2776.57,0,54.7,96.9,68,42.5,61.7,519.3,56,604.8,148.4,152.4,1049.4,361415,1523,12.75,90.9,1570,2.78,1.12,25.8,35.4,60,10.26,12173749,72420,58.4,3408.26,0,1200,400,720,240,4200,7500,8500,102,1.5,6000,0,0,0,0,0,70.47,30,60.5,64.27,59.8,0,0
2026-08-10T15:19:00.276000+09:00,2026-08-10T06:19:00.276000+00:00,094623,2392.0,1,0,0,0,0,13365,494,13365,0,0,0,0,4655,-28608,10326,6,4480,0,129,0,0,0,0,0,0,0,0,0,31082107,2018,0.51,1262.55,3654.59,0,54.7,98.5,68.1,42.6,61.5,512.7,56.5,610.2,154.2,159,1080.8,361415,1523,12.82,91,1490,2.6,1.19,30.6,39.1,60,23.06,12173751,72420,70.96,3408.26,0,1200,400,720,240,4200,7500,8500,102,1.5,6000,0,0,0,0,0,74.9,30,69.21,71.37,59.8,0,0
2026-08-10T15:20:00.375000+09:00,2026-08-10T06:20:00.375000+00:00,094623,1401.7,1,0,0,0,0,13365,493,13365,0,0,0,0,4651,-28608,18518,6,4992,528,129,0,0,0,0,0,0,0,0,0,31082107,2018,0.38,360.42,1762.14,0,54.9,98.5,68.2,42.5,61.9,523.6,56.3,607.9,155.6,160.6,1046.4,361415,1523,12.74,88.7,1500,2.65,1.05,23.2,38.7,60,12.21,12173754,72420,73.02,3408.26,0,1200,400,720,240,4200,7500,8500,102,1.5,6000,0,0,0,0,0,68.64,30,64.25,56.58,59.8,0,0
2026-08-10T15:21:00.454000+09:00,2026-08-10T06:21:00.454000+00:00,094623,1233.2,1,0,0,0,0,13365,498,13365,0,0,0,0,4651,-28608,10326,6,4992,0,129,0,0,0,0,0,0,0,0,0,31082107,2018,0.42,0,1233.25,0,54.7,96.7,67.7,42.6,61.4,524.3,57.1,598.5,144.6,148.2,1035.1,361415,1523,12.69,90.7,1490,2.68,1.14,22.8,38.1,60,11.34,12173756,72420,57.83,3408.26,0,1200,400,720,240,4200,7500,8500,102,1.5,6000,0,0,0,0,0,66.63,30,56.53,61.58,59.8,0,0
2026-08-10T15:22:00.548000+09:00,2026-08-10T06:22:00.548000+00:00,094623,2165.0,1,0,0,0,0,13365,496,13365,0,0,0,0,4651,-28608,10326,6,4480,0,129,0,0,0,0,0,0,0,0,0,31082107,2018,0.49,869.47,3034.46,0,54.6,98.3,67.7,42.7,61,515.5,56,604.2,146.9,151,1041.2,361416,1524,12.63,90,1500,2.61,1.18,29.5,41.7,60,22.43,12173759,72420,66.71,3408.26,0,1200,400,720,240,4200,7500,8500,102,1.5,6000,0,0,0,0,0,72.92,30,68.22,67.62,59.8,0,0
2026-08-10T15:23:00.625000+09:00,2026-08-10T06:23:00.625000+00:00,094623,2450.6,1,0,0,0,0,13365,497,13365,0,0,0,0,4655,-26560,12374,590,4512,8264,129,0,0,0,0,0,0,0,0,0,31082107,2018,0.5,985.44,3436.08,0,54.7,99.2,67.9,42.6,61.3,519.8,57.6,612.7,159.7,165.2,1050.6,361416,1524,12.77,88.9,1500,2.62,1.14,30,39.6,60,24.27,12173763,72420,72.86,3408.26,0,1200,400,720,240,4200,7500,8500,102,1.5,6000,0,0,0,0,0,74.22,30,73.1,64.73,59.8,0,0
2026-08-10T15:24:00.720000+09:00,2026-08-10T06:24:00.720000+00:00,094623,2313.9,1,0,0,0,0,13366,496,13366,0,0,0,0,4655,-28608,10326,518,4480,0,129,0,0,0,0,0,0,0,0,0,31082107,2018,0.48,924.41,3238.32,0,54.7,97.5,68.1,42.6,61.7,525,57.1,613.4,161.1,166.7,1058.5,361416,1524,12.68,88.9,1500,2.61,1.16,29.8,41.1,60,23.73,12173767,72420,75.94,3408.26,0,1200,400,720,240,4200,7500,8500,102,1.5,6000,0,0,0,0,0,74.89,30,68.38,62.99,59.8,0,0
2026-08-10T15:25:00.824000+09:00,2026-08-10T06:25:00.824000+00:00,094623,2086.9,1,0,0,0,0,13366,502,13366,0,0,0,0,4655,-28608,18518,6,4992,0,129,0,0,0,0,0,0,0,0,0,31082107,2018,0.49,918.3,3005.16,0,54.7,97.7,67.9,42.4,61.9,524.9,56.1,617.6,164,169.7,1131.6,361416,1524,12.87,89.5,1510,2.68,1.1,25.6,34.3,60,16.94,12173771,72420,73.85,3408.26,0,1200,400,720,240,4200,7500,8500,102,1.5,6000,0,0,0,0,0,69.51,30,63.13,58.97,59.7,0,0
2026-08-10T15:26:00.895000+09:00,2026-08-10T06:26:00.895000+00:00,094623,1429.8,1,0,0,0,0,13366,495,13366,0,0,0,0,4655,-28608,10326,6,4992,0,129,0,0,0,0,0,0,0,0,0,31082107,2018,0.52,534.99,1964.78,0,54.5,97.1,68.1,42.4,61.7,525.2,56.1,607.3,150.3,154.4,1063.8,361416,1524,12.85,90.7,1490,2.65,1.13,23,37.2,60,11.17,12173773,72420,62.84,3408.27,0,1200,400,720,240,4200,7500,8500,102,1.5,6000,0,0,0,0,0,66.77,30,57.74,59.44,59.8,0,0
2026-08-10T15:27:00.997000+09:00,2026-08-10T06:27:00.997000+00:00,094623,1753.3,1,0,0,0,0,13366,494,13366,0,0,0,0,4651,-28608,10326,6,4480,0,129,0,0,0,0,0,0,0,0,0,31082107,2018,0.45,705.89,2459.18,0,54.2,98.2,68.2,42.4,61.2,518.4,56.7,605.6,147.5,151.5,1032.1,361416,1524,12.84,91.8,1490,2.63,1.19,26.3,39.8,60,15.4,12173775,72420,67.05,3408.27,0,1200,400,720,240,4200,7500,8500,102,1.5,6000,0,0,0,0,0,70.38,30,62.93,68.6,59.8,0,0
2026-08-10T15:28:01.092000+09:00,2026-08-10T06:28:01.092000+00:00,094623,2453.1,1,0,0,0,0,13366,498,13366,0,0,0,0,4651,-28608,12374,6,4512,8,129,0,0,0,0,0,0,0,0,0,31082107,2018,0.48,986.66,3439.74,0,54.2,99.5,68,42.4,61.3,518.7,56.9,616.1,160,165.6,1091.4,361417,1525,12.73,88.9,1510,2.63,1.15,30.1,39.6,60,23.95,12173779,72420,75.37,3408.27,0,1200,400,720,240,4200,7500,8500,102,1.5,6000,0,0,0,0,0,75.01,30,73.31,64.82,59.8,0,0
2026-08-10T15:29:01.174000+09:00,2026-08-10T06:29:01.174000+00:00,094623,2393.3,1,0,0,0,0,13366,495,13366,0,0,0,0,4651,-28608,10326,6,4480,0,129,0,0,0,0,0,0,0,0,0,31082107,2018,0.46,940.27,3333.54,0,54.3,97.4,68,42.4,61.6,524.3,55.3,616.9,162.1,167.6,1083.4,361417,1525,12.46,88.9,1500,2.61,1.16,30,40.8,60,24.45,12173783,72420,73.8,3408.27,0,1200,400,720,240,4200,7500,8500,102,1.5,6000,0,0,0,0,0,75.01,30,67.76,62.87,59.8,0,0
2026-08-10T15:30:01.273000+09:00,2026-08-10T06:30:01.273000+00:00,094623,2613.0,1,0,0,0,0,13366,497,13366,0,0,0,0,4651,-28608,10326,6,4992,0,129,0,0,0,0,0,0,0,0,0,31082107,2018,0.52,1034.27,3647.27,0,54.3,97.7,67.5,42.3,61.8,522.8,57.4,614.2,164.5,170.3,1031.1,361417,1525,12.9,89.8,1510,2.61,1.15,30.4,39.2,60,24.23,12173787,72420,72.38,3408.27,0,1200,400,720,240,4200,7500,8500,102,1.5,6000,0,0,0,0,0,72.96,30,67.39,64.46,59.9,0,0
2026-08-10T15:31:01.378000+09:00,2026-08-10T06:31:01.378000+00:00,094623,1423.7,1,0,0,0,0,13366,491,13366,0,0,0,0,4651,-28608,10326,6,4992,0,129,0,0,0,0,0,0,0,0,0,31082107,2018,0.46,486.16,1909.85,0,54.4,97.5,67.9,42.4,61.8,524.5,56.4,609.1,153,157.3,1032.5,361417,1525,12.82,90.7,1470,2.64,1.09,22.3,36,60,11.25,12173789,72420,67.92,3408.27,0,1200,400,720,240,4200,7500,8500,102,1.5,6000,0,0,0,0,0,65.55,30,58.81,59.66,59.8,0,0
2026-08-10T15:32:01.466000+09:00,2026-08-10T06:32:01.466000+00:00,094623,1459.1,1,0,0,0,0,13366,495,13366,0,0,0,0,4651,-28608,10390,6,21376,0,129,0,0,0,0,0,0,0,0,0,31082107,2018,0.43,543.53,2002.62,0,54.1,98.1,68.3,42.4,61.4,519.9,60,607,148.4,152.2,1045.4,361417,1525,12.63,90.9,1480,2.66,1.07,22.3,34.4,60,11.43,12173791,72420,65.87,3408.27,0,1200,400,720,240,4200,7500,8500,102,1.5,6000,0,0,0,0,0,67.18,30,59.67,62,59.8,0,0
2026-08-10T15:33:01.579000+09:00,2026-08-10T06:33:01.579000+00:00,094623,2410.4,1,0,0,0,0,13366,497,13366,0,0,0,0,4655,-28608,18518,6,4480,528,129,0,0,0,0,0,0,0,0,0,31082107,2018,0.53,1003.75,3414.11,0,54,98.9,68.1,42.4,61.2,517.2,60.8,612.2,157.6,162.8,1067.2,361417,1525,12.63,89.6,1500,2.61,1.15,30,39.7,60,24.12,12173794,72420,69.68,3408.27,0,1200,400,720,240,4200,7500,8500,102,1.5,6000,0,0,0,0,0,74.88,30,70.83,66.55,59.8,0,0
2026-08-10T15:34:01.658000+09:00,2026-08-10T06:34:01.658000+00:00,094623,2460.4,1,0,0,0,0,13366,495,13366,0,0,0,0,4655,-28608,10390,6,20864,0,129,0,0,0,0,0,0,0,0,0,31082107,2018,0.5,934.17,3394.57,0,54.1,98.2,68,42.4,61.5,523.1,57.6,613.4,162.4,168,1044.9,361418,1526,12.85,89.6,1490,2.6,1.15,29.8,39.6,60,24.45,12173798,72420,76.23,3408.27,0,1200,400,720,240,4200,7500,8500,102,1.5,6000,0,0,0,0,0,74.62,30,69.98,65.95,59.9,0,0
2026-08-10T15:35:01.759000+09:00,2026-08-10T06:35:01.759000+00:00,094623,1744.7,1,0,0,0,0,13366,499,13366,0,0,0,0,4651,-28608,10326,6,4992,0,129,0,0,0,0,0,0,0,0,0,31082107,2018,0.45,598.47,2343.21,0,54.2,97.7,67.7,42.3,61.8,524.6,57.6,613.8,159.9,165.4,1079.4,361418,1526,12.74,89.8,1500,2.69,1.13,23.6,35.3,60,12.46,12173802,72420,74.75,3408.28,0,1200,400,720,240,4200,7500,8500,102,1.5,6000,0,0,0,0,0,66.27,30,60.76,58.9,59.9,0,0
2026-08-10T15:36:01.844000+09:00,2026-08-10T06:36:01.844000+00:00,094623,1420.0,1,0,0,0,0,13366,498,13366,0,0,0,0,4651,-28608,10342,6,13188,8,129,0,0,0,0,0,0,0,0,0,31082107,2018,0.47,522.78,1942.81,0,54,97,68,42.4,61.4,524.3,58.1,607.9,149,153,1068.8,361418,1526,12.65,91,1500,2.68,1.13,23,37.3,60,11.05,12173804,72420,62.16,3408.28,0,1200,400,720,240,4200,7500,8500,102,1.5,6000,0,0,0,0,0,66.36,30,57.19,62.43,59.9,0,0
2026-08-10T15:37:01.951000+09:00,2026-08-10T06:37:01.951000+00:00,094623,2257.8,1,0,0,0,0,13366,495,13366,0,0,0,0,4655,-28608,10326,590,4480,8192,129,0,0,0,0,0,0,0,0,0,31082107,2018,0.52,954.92,3212.68,0,54.1,98.4,68,42.4,61,514.8,57.5,608.2,150.2,154.2,1065.2,361418,1526,12.67,90.3,1490,2.62,1.18,29.7,40.4,60,21.93,12173806,72420,63.22,3408.28,0,1200,400,720,240,4200,7500,8500,102,1.5,6000,0,0,0,0,0,73.14,30,67.63,68.04,59.9,0,0
2026-08-10T15:38:02.048000+09:00,2026-08-10T06:38:02.048000+00:00,094623,2265.1,1,0,0,0,0,13366,495,13366,0,0,0,0,4651,-28608,18518,518,4480,528,129,0,0,0,0,0,0,0,0,0,31082107,2018,0.51,852.38,3117.47,0,54.4,99.1,67.8,42.4,61.3,525.7,57.5,612.4,159.3,164.8,1039.2,361418,1526,12.63,89.4,1490,2.61,1.14,29.6,42,60,23.66,12173810,72420,74.12,3408.28,0,1200,400,720,240,4200,7500,8500,102,1.5,6000,0,0,0,0,0,73.57,30,72.32,66.46,59.9,0,0
2026-08-10T15:39:02.151000+09:00,2026-08-10T06:39:02.151000+00:00,094623,2525.1,1,0,0,0,0,13366,496,13366,0,0,0,0,4651,-28608,10326,6,4480,0,129,0,0,0,0,0,0,0,0,0,31082107,2018,0.49,1006.2,3531.3,0,54.6,97.6,67.8,42.4,61.6,523.6,56.8,613.2,162.3,167.9,1116.1,361418,1526,12.38,89,1500,2.61,1.16,30.2,39.7,60,24.47,12173814,72420,73.17,3408.28,0,1200,400,720,240,4200,7500,8500,102,1.5,6000,0,0,0,0,0,73.45,30,68.3,64.07,59.9,0,0
2026-08-10T15:40:02.245000+09:00,2026-08-10T06:40:02.245000+00:00,094623,1454.2,1,0,0,0,0,13366,490,13366,0,0,0,0,4651,-28608,10326,6,4992,0,129,0,0,0,0,0,0,0,0,0,31082107,2018,0.47,486.16,1940.37,0,54.7,97.7,68,42.4,61.8,526.3,55.9,611.3,155.3,160,1025.5,361419,1527,12.68,89.7,1480,2.64,1.09,22.1,35.5,60,11.17,12173817,72420,65.21,3408.28,0,1200,400,720,240,4200,7500,8500,102,1.5,6000,0,0,0,0,0,65.67,30,59.81,57.05,60,0,0
2026-08-10T15:41:02.358000+09:00,2026-08-10T06:41:02.358000+00:00,094623,1407.8,1,0,0,0,0,13366,491,13366,0,0,0,0,4651,-28608,12374,6,5024,72,129,0,0,0,0,0,0,0,0,0,31082107,2018,0.53,511.79,1919.61,0,54.6,97.1,68.3,42.4,61.4,523.6,56.1,604.3,146.7,150.5,1021.3,361419,1527,12.58,91,1470,2.63,1.09,22.3,35.9,60,11.52,12173819,72420,58.71,3408.28,0,1200,400,720,240,4200,7500,8500,102,1.5,6000,0,0,0,0,0,66.87,30,56.97,61.46,59.9,0,0
2026-08-10T15:42:02.455000+09:00,2026-08-10T06:42:02.455000+00:00,094623,2493.4,1,0,0,0,0,13366,496,13366,0,0,0,0,4651,-28608,10326,6,4480,0,129,0,0,0,0,0,0,0,0,0,31082107,2018,0.52,1080.66,3574.02,0,54.6,98.7,68.2,42.5,61.1,514.2,55.1,608.8,154.5,159.3,1047.7,361419,1527,12.7,90.8,1500,2.61,1.16,30.5,39.2,60,23.68,12173822,72420,68.67,3408.28,0,1200,400,720,240,4200,7500,8500,102,1.5,6000,0,0,0,0,0,74.76,30,69.46,70.88,59.9,0,0
2026-08-10T15:43:02.557000+09:00,2026-08-10T06:43:02.557000+00:00,094623,1693.5,1,0,0,0,0,13366,520,13366,0,0,0,0,4655,-28608,18518,6,4992,528,129,0,0,0,0,0,0,0,0,0,31082107,2018,0.38,639.97,2333.44,0,54.8,98.2,68.2,42.4,61.5,519.5,55.6,608.6,153.9,158.9,1043.1,361419,1527,12.92,88.7,1560,2.82,1.04,23.3,34.1,60,16.2,12173825,72420,71.07,3408.29,0,1200,400,720,240,4200,7500,8500,102,1.5,6000,0,0,0,0,0,69.41,30,64.39,57.61,59.9,0,0
2026-08-10T15:44:02.660000+09:00,2026-08-10T06:44:02.660000+00:00,094623,1575.1,1,0,0,0,0,13366,520,13366,0,0,0,0,4651,-28608,10326,6,4992,0,129,0,0,0,0,0,0,0,0,0,31082107,2018,0.43,675.37,2250.43,0,54.5,97.1,67.8,42.5,61.2,520.3,55.7,602.5,144.5,148.2,1025.9,361419,1527,12.75,90.9,1560,2.81,1.07,23.6,35.3,60,16.46,12173827,72420,57.56,3408.29,0,1200,400,720,240,4200,7500,8500,102,1.5,6000,0,0,0,0,0,68.24,30,59.15,63.9,59.9,0,0
2026-08-10T15:45:02.764000+09:00,2026-08-10T06:45:02.764000+00:00,094623,2403.0,1,0,0,0,0,13366,497,13366,0,0,0,0,4655,-28608,10326,6,4480,0,129,0,0,0,0,0,0,0,0,0,31082107,2018,0.51,1025.73,3428.75,0,54.5,98.3,67.8,42.5,60.9,513.1,56.8,608.8,151.5,156.1,1054.6,361419,1527,12.69,89.9,1500,2.62,1.17,30.2,39.7,60,23.29,12173830,72420,65.04,3408.29,0,1200,400,720,240,4200,7500,8500,102,1.5,6000,0,0,0,0,0,73.37,30,68.63,67.44,60,0,0
2026-08-10T15:46:02.858000+09:00,2026-08-10T06:46:02.858000+00:00,094623,2403.0,1,0,0,0,0,13366,496,13366,0,0,0,0,4655,-28608,12374,590,4512,8264,129,0,0,0,0,0,0,0,0,0,31082107,2018,0.51,1018.4,3421.43,0,54.5,98.8,68,42.4,61.3,522.1,55.9,613.3,160.9,166.6,1068.1,361420,1528,12.8,89.3,1500,2.62,1.15,30.1,39.9,60,24.06,12173834,72420,72.67,3408.29,0,1200,400,720,240,4200,7500,8500,102,1.5,6000,0,0,0,0,0,74.26,30,71.75,65.53,59.9,0,0
2026-08-10T15:47:02.953000+09:00,2026-08-10T06:47:02.953000+00:00,094623,2531.2,1,0,0,0,0,13366,496,13366,0,0,0,0,4655,-28608,10326,6,4480,0,129,0,0,0,0,0,0,0,0,0,31082107,2018,0.51,1045.26,3576.46,0,54.6,97.6,68.1,42.3,61.7,522.7,55.7,614.4,163.7,169.3,1064,361420,1528,12.86,89.4,1500,2.6,1.15,30.3,39.2,60,24.43,12173838,72420,74.36,3408.29,0,1200,400,720,240,4200,7500,8500,102,1.5,6000,0,0,0,0,0,74.62,30,68.36,64.9,59.9,0,0
2026-08-10T15:48:03.047000+09:00,2026-08-10T06:48:03.047000+00:00,094623,1498.2,1,0,0,0,0,13366,490,13366,0,0,0,0,4655,-28608,18518,6,4992,528,129,0,0,0,0,0,0,0,0,0,31082107,2018,0.47,530.11,2028.26,0,54.7,97.8,68.2,42.4,61.9,525.3,56,612.6,156.2,161,1063.4,361420,1528,12.67,89.9,1480,2.63,1.09,22.4,35.2,60,11.41,12173841,72420,70.72,3408.29,0,1200,400,720,240,4200,7500,8500,102,1.5,6000,0,0,0,0,0,67.05,30,60.21,57.58,60,0,0
2026-08-10T15:49:03.125000+09:00,2026-08-10T06:49:03.125000+00:00,094623,1390.7,1,0,0,0,0,13366,491,13366,0,0,0,0,4651,-28608,10326,6,4992,0,129,0,0,0,0,0,0,0,0,0,31082107,2018,0.5,491.04,1881.77,0,54.6,97.3,68.1,42.4,61.5,522.8,57.1,606.5,148,151.9,1057,361420,1528,12.57,91.6,1480,2.64,1.09,22.5,36.3,60,11.15,12173843,72420,63.14,3408.29,0,1200,400,720,240,4200,7500,8500,102,1.5,6000,0,0,0,0,0,66.93,30,57.99,64.09,60,0,0
2026-08-10T15:50:03.243000+09:00,2026-08-10T06:50:03.243000+00:00,094623,2201.6,1,0,0,0,0,13366,496,13366,0,0,0,0,4651,-28608,10326,518,4480,0,129,0,0,0,0,0,0,0,0,0,31082107,2018,0.53,925.63,3127.23,0,54.6,98.6,67.9,42.4,61.1,518.4,57.5,607,151,155.6,1063.1,361420,1528,12.73,90.4,1500,2.61,1.17,29.7,41.7,60,23.6,12173846,72420,67.37,3408.29,0,1200,400,720,240,4200,7500,8500,102,1.5,6000,0,0,0,0,0,74.17,30,69.27,69.86,60,0,0
2026-08-10T15:51:03.337000+09:00,2026-08-10T06:51:03.337000+00:00,094623,2497.0,1,0,0,0,0,13366,496,13366,0,0,0,0,4655,-26560,12438,6,20896,72,129,0,0,0,0,0,0,0,0,0,31082107,2018,0.5,989.1,3486.13,0,54.8,98.9,67.9,42.4,61.4,521.2,56.6,613.1,161.4,167.1,1060.8,361420,1528,12.58,89.1,1500,2.61,1.15,30.1,39.7,60,24.28,12173850,72420,74.54,3408.29,0,1200,400,720,240,4200,7500,8500,102,1.5,6000,0,0,0,0,0,74.38,30,72.36,65.53,60,0,0
2026-08-10T15:52:03.441000+09:00,2026-08-10T06:52:03.441000+00:00,094623,2490.9,1,0,0,0,0,13366,498,13366,0,0,0,0,4655,-28608,10326,6,4480,0,129,0,0,0,0,0,0,0,0,0,31082107,2018,0.49,991.55,3482.47,0,54.9,97.6,68.2,42.3,61.9,523.5,56.3,613.8,163.9,169.7,1057.2,361421,1529,12.76,89,1500,2.62,1.15,29.9,39.5,60,24.55,12173854,72420,73.03,3408.3,0,1200,400,720,240,4200,7500,8500,102,1.5,6000,0,0,0,0,0,75.42,30,68.78,63.72,60,0,0
2026-08-10T15:53:03.545000+09:00,2026-08-10T06:53:03.545000+00:00,094623,1964.5,1,0,0,0,0,13366,442,13366,0,0,0,0,4651,-28608,18582,518,21376,0,129,0,0,0,0,0,0,0,0,0,31082107,2018,0.46,652.18,2616.66,0,55,97.8,68.2,42.3,62.1,525.4,56.4,612.3,159.3,164.6,1039.8,361421,1529,12.62,89.7,1320,2.41,1.69,27.2,37.8,60,11.26,12173857,72420,68.68,3408.3,0,1200,400,720,240,4200,7500,8500,102,1.5,6000,0,0,0,0,0,66.98,30,59.98,56,60,0,0
2026-08-10T15:54:03.626000+09:00,2026-08-10T06:54:03.626000+00:00,094623,1814.3,1,0,0,0,0,13366,455,13366,0,0,0,0,4651,-28608,10326,6,4992,0,129,0,0,0,0,0,0,0,0,0,31082107,2018,0.5,696.13,2510.45,0,54.8,97.3,68,42.4,61.7,521.9,56.4,608.3,150.2,154.5,1029.3,361421,1529,12.71,91,1310,2.48,1.89,26.9,38.1,60,11.33,12173859,72420,63.22,3408.3,0,1200,400,720,240,4200,7500,8500,102,1.5,6000,0,0,0,0,0,66.41,30,57.84,60.84,60,0,0
2026-08-10T15:55:03.721000+09:00,2026-08-10T06:55:03.721000+00:00,094623,2296.8,1,0,0,0,0,13366,495,13366,0,0,0,0,4655,-28608,10342,590,12676,8192,129,0,0,0,0,0,0,0,0,0,31082107,2018,0.56,1003.75,3300.58,0,54.7,98.1,68,42.3,61.5,514.6,58.4,609.6,153.9,158.6,1030.8,361421,1529,12.65,91,1490,2.6,1.17,29.8,39.9,60,22.07,12173861,72420,64.93,3408.3,0,1200,400,720,240,4200,7500,8500,102,1.5,6000,0,0,0,0,0,74.22,30,67.56,70.47,60,0,0
2026-08-10T15:56:03.816000+09:00,2026-08-10T06:56:03.816000+00:00,094623,2342.0,1,0,0,0,0,13366,497,13366,0,0,0,0,4651,-28608,12374,6,4512,8,129,0,0,0,0,0,0,0,0,0,31082107,2018,0.5,924.41,3266.4,0,54.9,99.2,68.1,42.3,61.7,523.2,55,615.5,161.8,167.3,1071.7,361421,1529,12.28,89,1500,2.62,1.14,29.6,40.2,60,24.27,12173865,72420,77.24,3408.3,0,1200,400,720,240,4200,7500,8500,102,1.5,6000,0,0,0,0,0,75.59,30,73.56,65.08,60,0,0
2026-08-10T15:57:03.913000+09:00,2026-08-10T06:57:03.913000+00:00,094623,2378.6,1,0,0,0,0,13366,499,13366,0,0,0,0,4651,-28608,10326,6,4480,0,129,0,0,0,0,0,0,0,0,0,31082107,2018,0.48,924.41,3303.02,0,55,97.1,68.1,42.2,62,525.9,56,615.9,163.1,168.7,1088.7,361421,1529,12.56,89.3,1510,2.63,1.14,29.4,40.1,60,24.56,12173869,72420,72.48,3408.3,0,1200,400,720,240,4200,7500,8500,102,1.5,6000,0,0,0,0,0,75.82,30,67.29,64.69,60,0,0
2026-08-10T15:58:04.005000+09:00,2026-08-10T06:58:04.005000+00:00,094623,2389.6,1,0,0,0,0,13366,495,13366,0,0,0,0,4651,-28608,10326,6,4480,0,129,0,0,0,0,0,0,0,0,0,31082107,2018,0.54,919.52,3309.12,0,55.2,98.1,67.9,42.3,62.1,527.9,58,619.8,161.9,167.1,1046.9,361422,1530,12.7,89.8,1500,2.6,1.16,29.8,40.9,60,24.44,12173874,72420,71.2,3408.3,0,1200,400,720,240,4200,7500,8500,102,1.5,6000,0,0,0,0,0,75.12,30,69.2,65.46,60,0,0
2026-08-10T15:59:04.093000+09:00,2026-08-10T06:59:04.093000+00:00,094623,1859.5,1,0,0,0,0,13366,501,13366,0,0,0,0,4655,-28608,10326,6,4992,0,129,0,0,0,0,0,0,0,0,0,31082107,2018,0.49,622.88,2482.38,0,55.3,99.2,68.1,42.2,62.3,529,56.8,616.1,161.9,167.2,1059.3,361422,1530,12.63,90,1510,2.67,1.11,24.1,35.5,60,14.54,12173877,72420,74.53,3408.3,0,1200,400,720,240,4200,7500,8500,102,1.5,6000,0,0,0,0,0,69.36,30,67.35,59.5,60,0,0
2026-08-10T16:00:04.189000+09:00,2026-08-10T07:00:04.189000+00:00,094623,1830.2,1,0,0,0,0,13366,522,13366,0,0,0,0,4655,-28608,10326,6,4992,0,129,0,0,0,0,0,0,0,0,0,31082107,2018,0.51,812.1,2642.29,0,55.1,96.5,68.1,42.3,62,522.1,58,605.2,149.1,153,1045.3,361422,1530,12.59,90.7,1570,2.79,1.11,25.4,36.2,60,10.67,12173879,72420,62.27,3408.3,0,1200,400,720,240,4200,7500,8500,102,1.5,6000,0,0,0,0,0,71.61,30,60.59,64.3,60,0,0
2026-08-10T16:01:04.273000+09:00,2026-08-10T07:01:04.273000+00:00,094623,2079.5,1,0,0,0,0,13366,494,13366,0,0,0,0,4651,-28608,18518,518,4480,528,129,0,0,0,0,0,0,0,0,0,31082107,2018,0.52,840.17,2919.71,0,54.9,98.3,67.9,42.2,61.6,516.4,58.5,606.2,150.2,154.4,1083.7,361422,1530,12.7,91.8,1490,2.6,1.18,28.1,39.7,60,18.1,12173881,72420,65.2,3408.31,0,1200,400,720,240,4200,7500,8500,102,1.5,6000,0,0,0,0,0,72.18,30,66.68,71.06,60,0,0
2026-08-10T16:02:04.362000+09:00,2026-08-10T07:02:04.362000+00:00,094623,2398.1,1,0,0,0,0,13366,496,13366,0,0,0,0,4651,-28608,10326,6,4480,0,129,0,0,0,0,0,0,0,0,0,31082107,2018,0.49,984.22,3382.37,0,55.1,99.3,68.1,42.2,61.7,523.2,55.5,612.8,160.2,165.7,1064,361422,1530,12.68,88.8,1490,2.6,1.16,29.9,40.2,60,24.48,12173885,72420,75.39,3408.31,0,1200,400,720,240,4200,7500,8500,102,1.5,6000,0,0,0,0,0,75.96,30,74.12,65.23,60,0,0
2026-08-10T16:03:04.460000+09:00,2026-08-10T07:03:04.460000+00:00,094623,2226.0,1,0,0,0,0,13366,502,13366,0,0,0,0,4651,-28608,10326,6,4992,0,129,0,0,0,0,0,0,0,0,0,31082107,2018,0.45,886.56,3112.58,0,55.1,97.5,68.1,42.2,62.1,525.2,54.9,616.2,163.8,169.5,1061.2,361422,1530,12.76,88.7,1510,2.66,1.11,26.5,35.6,60,18.85,12173889,72420,73.2,3408.31,0,1200,400,720,240,4200,7500,8500,102,1.5,6000,0,0,0,0,0,72.56,30,65.83,59.46,60.1,0,0
2026-08-10T16:04:04.539000+09:00,2026-08-10T07:04:04.539000+00:00,094623,1454.2,1,0,0,0,0,13366,508,13366,0,0,0,0,4651,-28608,10326,6,4992,8,129,0,0,0,0,0,0,0,0,0,31082107,2018,0.47,569.17,2023.38,0,54.9,96.9,67.8,42.2,61.9,521.7,61.3,605,151.3,155.4,1041.9,361423,1531,12.74,91,1510,2.72,1.04,21.7,33.3,60,11.68,12173891,72420,59.85,3408.31,0,1200,400,720,240,4200,7500,8500,102,1.5,6000,0,0,0,0,0,67.3,30,58.49,61.6,60,0,0
2026-08-10T16:05:04.619000+09:00,2026-08-10T07:05:04.619000+00:00,094623,1630.0,1,0,0,0,0,13366,493,13366,0,0,0,0,4651,-28608,10326,582,4480,0,129,0,0,0,0,0,0,0,0,0,31082107,2018,0.47,635.09,2265.08,0,54.9,98.2,68,42.2,61.5,520.6,61.6,605.8,147.7,151.7,1020,361423,1531,12.11,90.4,1490,2.62,1.18,25.2,39.7,60,14.01,12173893,72420,65.61,3408.31,0,1200,400,720,240,4200,7500,8500,102,1.5,6000,0,0,0,0,0,69.61,30,63.17,63.14,60.1,0,0
2026-08-10T16:06:04.712000+09:00,2026-08-10T07:06:04.712000+00:00,094623,2364.0,1,0,0,0,0,13366,497,13366,0,0,0,0,4651,-28608,18518,6,4480,528,129,0,0,0,0,0,0,0,0,0,31082107,2018,0.54,869.47,3233.44,0,54.8,98.9,67.8,42.2,61.5,521.4,58.3,611.6,159,164.4,1037.6,361423,1531,12.47,89.7,1500,2.61,1.14,29.6,40.5,60,24.32,12173897,72420,70.83,3408.31,0,1200,400,720,240,4200,7500,8500,102,1.5,6000,0,0,0,0,0,75.02,30,72.07,66.85,60,0,0
2026-08-10T16:07:04.826000+09:00,2026-08-10T07:07:04.826000+00:00,094623,2385.9,1,0,0,0,0,13366,496,13366,0,0,0,0,4651,-28608,10326,6,4480,0,129,0,0,0,0,0,0,0,0,0,31082107,2018,0.52,852.38,3238.32,0,54.8,98,67.8,42.2,61.7,525.8,57.6,614.1,161.1,166.5,1055.5,361423,1531,12.85,89.9,1500,2.6,1.16,29.8,41.2,60,24.48,12173901,72420,73.77,3408.31,0,1200,400,720,240,4200,7500,8500,102,1.5,6000,0,0,0,0,0,74.75,30,70.17,67.1,60.1,0,0
2026-08-10T16:08:04.913000+09:00,2026-08-10T07:08:04.913000+00:00,094623,2555.6,1,0,0,0,0,13366,503,13366,0,0,0,0,4655,-26560,10326,590,4992,8192,129,0,0,0,0,0,0,0,0,0,31082107,2018,0.52,1033.05,3588.67,0,54.8,97.7,67.8,42.1,61.9,522,56.9,615.4,164.8,170.4,1051.1,361423,1531,12.45,90.1,1520,2.7,1.13,28.5,36.3,60,22.43,12173905,72420,75.67,3408.31,0,1200,400,720,240,4200,7500,8500,102,1.5,6000,0,0,0,0,0,72.59,30,67.05,65.96,60.1,0,0
2026-08-10T16:09:05.002000+09:00,2026-08-10T07:09:05.002000+00:00,094623,1904.7,1,0,0,0,0,13366,452,13366,0,0,0,0,4651,-28608,12374,518,5024,72,129,0,0,0,0,0,0,0,0,0,31082107,2018,0.46,703.45,2608.11,0,54.8,97.4,68.2,42,62,522.6,57.7,608.2,154.8,159.4,1056.7,361423,1531,12.39,90.1,1320,2.43,1.65,27.4,37.7,60,11.04,12173908,72420,68.56,3408.32,0,1200,400,720,240,4200,7500,8500,102,1.5,6000,0,0,0,0,0,66.79,30,58.91,59.16,60.1,0,0
2026-08-10T16:10:05.110000+09:00,2026-08-10T07:10:05.110000+00:00,094623,1494.5,1,0,0,0,0,13366,498,13366,0,0,0,0,4655,-28608,10390,518,20864,0,129,0,0,0,0,0,0,0,0,0,31082107,2018,0.5,563.07,2057.56,0,54.4,97.6,68.2,42.1,61.6,521.7,57.2,603.5,149.4,153.5,1049.1,361424,1532,12.42,90.8,1490,2.71,1.14,23.2,36.5,60,10.61,12173910,72420,63.14,3408.32,0,1200,400,720,240,4200,7500,8500,102,1.5,6000,0,0,0,0,0,68.13,30,59.31,62.88,60.1,0,0
2026-08-10T16:11:05.201000+09:00,2026-08-10T07:11:05.201000+00:00,094623,2448.2,1,0,0,0,0,13366,496,13366,0,0,0,0,4651,-28608,18518,6,4480,528,129,0,0,0,0,0,0,0,0,0,31082107,2018,0.54,1046.48,3494.67,0,54.4,99.2,67.9,42.1,61.4,518.9,57.1,609.2,159.9,165.4,1036.9,361424,1532,12.41,89.7,1500,2.65,1.14,30.2,39.6,60,24.35,12173913,72420,72.09,3408.32,0,1200,400,720,240,4200,7500,8500,102,1.5,6000,0,0,0,0,0,75.23,30,72.33,68.34,60.1,0,0
2026-08-10T16:12:05.291000+09:00,2026-08-10T07:12:05.291000+00:00,094623,2069.5,1,0,0,0,0,13366,502,13366,0,0,0,0,4655,-26560,10342,6,13188,0,129,0,0,0,0,0,0,0,0,0,31082107,2018,0.46,763.27,2832.73,0,54.6,98,68,42,61.8,524.1,57,612.4,164.1,170.1,1087.4,361424,1532,12.71,88.8,1510,2.73,1.1,25.5,35.3,60,16.73,12173917,72420,76.8,3408.32,0,1200,400,720,240,4200,7500,8500,102,1.5,6000,0,0,0,0,0,70.95,30,65.74,59.61,60.1,0,0
2026-08-10T16:13:05.394000+09:00,2026-08-10T07:13:05.394000+00:00,094623,1481.1,1,0,0,0,0,13366,493,13366,0,0,0,0,4655,-28608,10326,6,4992,0,129,0,0,0,0,0,0,0,0,0,31082107,2018,0.5,521.56,2002.62,0,54.2,96.9,67.7,42,61.6,522.9,57.8,604.8,151.2,155.4,1054.8,361424,1532,12.57,89.7,1490,2.69,1.12,22.8,36.4,60,11.16,12173919,72420,62,3408.32,0,1200,400,720,240,4200,7500,8500,102,1.5,6000,0,0,0,0,0,66.4,30,57.81,57.87,60.1,0,0
2026-08-10T16:14:05.488000+09:00,2026-08-10T07:14:05.488000+00:00,094623,1774.0,1,0,0,0,0,13366,495,13366,0,0,0,0,4651,-28608,12374,6,4512,72,129,0,0,0,0,0,0,0,0,0,31082107,2018,0.54,644.86,2418.9,0,54.1,97.7,67.7,42.1,61.1,519.1,59.3,604.3,147.5,151.5,1031.1,361424,1532,12.74,91.6,1490,2.67,1.19,25.9,39.4,60,14.97,12173921,72420,62.26,3408.32,0,1200,400,720,240,4200,7500,8500,102,1.5,6000,0,0,0,0,0,68.83,30,61.93,67.7,60.1,0,0
2026-08-10T16:15:05.577000+09:00,2026-08-10T07:15:05.577000+00:00,094623,2403.0,1,0,0,0,0,13366,496,13366,0,0,0,0,4651,-28608,10326,6,4480,0,129,0,0,0,0,0,0,0,0,0,31082107,2018,0.5,965.91,3368.94,0,54.3,99.6,67.9,42,61.1,520.7,59,611.8,158.4,163.8,1037.7,361424,1532,12.73,88.8,1490,2.65,1.16,29.9,40.2,60,24.45,12173925,72420,75.58,3408.32,0,1200,400,720,240,4200,7500,8500,102,1.5,6000,0,0,0,0,0,74.38,30,73.6,65.08,60.1,0,0
2026-08-10T16:16:05.673000+09:00,2026-08-10T07:16:05.673000+00:00,094623,2445.8,1,0,0,0,0,13366,497,13366,0,0,0,0,4651,-28608,18518,6,4480,528,129,0,0,0,0,0,0,0,0,0,31082107,2018,0.46,1013.52,3459.27,0,54.3,97.1,68,42,61.5,524.1,58.6,614.3,161.9,167.5,1064.1,361425,1533,12.73,89,1500,2.65,1.15,29.7,39.8,60,24.44,12173929,72420,74.24,3408.32,0,1200,400,720,240,4200,7500,8500,102,1.5,6000,0,0,0,0,0,74.69,30,66.91,63.83,60.1,0,0
2026-08-10T16:17:05.783000+09:00,2026-08-10T07:17:05.783000+00:00,094623,2542.2,1,0,0,0,0,13366,497,13366,0,0,0,0,4651,-28608,10326,6,4480,0,129,0,0,0,0,0,0,0,0,0,31082107,2018,0.52,956.14,3498.34,0,54.2,98,67.7,41.9,61.7,525.1,57.2,615.3,162.6,168.1,1045.4,361425,1533,12.65,89.2,1500,2.66,1.16,30.1,40,60,24.45,12173933,72420,72.31,3408.32,0,1200,400,720,240,4200,7500,8500,102,1.5,6000,0,0,0,0,0,73.52,30,68.33,63.08,60.1,0,0
2026-08-10T16:18:05.859000+09:00,2026-08-10T07:18:05.859000+00:00,094623,1517.7,1,0,0,0,0,13366,491,13366,0,0,0,0,4651,-28608,10326,6,4992,0,129,0,0,0,0,0,0,0,0,0,31082107,2018,0.46,500.81,2018.49,0,54.3,98.2,67.8,41.9,61.7,526,57.5,609.8,156.6,161.2,1032.4,361425,1533,12.63,90.2,1480,2.68,1.07,22.1,34.9,60,11.57,12173936,72420,67.75,3408.33,0,1200,400,720,240,4200,7500,8500,102,1.5,6000,0,0,0,0,0,65.28,30,61.96,57.12,60.1,0,0
2026-08-10T16:19:05.968000+09:00,2026-08-10T07:19:05.968000+00:00,094623,1477.4,1,0,0,0,0,13366,495,13366,0,0,0,0,4651,-28608,12374,6,5024,72,129,0,0,0,0,0,0,0,0,0,31082107,2018,0.46,545.98,2023.38,0,54.2,97.4,68.2,42,61.3,521.1,58,604.5,148.8,152.8,1063.6,361425,1533,12.61,91.6,1480,2.7,1.08,22.3,34.5,60,11.42,12173938,72420,61.81,3408.33,0,1200,400,720,240,4200,7500,8500,102,1.5,6000,0,0,0,0,0,66.53,30,57.99,62.87,60.1,0,0
2026-08-10T16:20:06.060000+09:00,2026-08-10T07:20:06.060000+00:00,094623,2533.7,1,0,0,0,0,13366,497,13366,0,0,0,0,4655,-28608,10326,590,4480,8192,129,0,0,0,0,0,0,0,0,0,31082107,2018,0.51,1118.5,3652.15,0,54.2,98.4,68.2,41.9,61.1,513.4,60,613,155.7,160.7,1061.1,361425,1533,12.87,90.6,1500,2.66,1.16,30.5,38.9,60,23.43,12173941,72420,68.59,3408.33,0,1200,400,720,240,4200,7500,8500,102,1.5,6000,0,0,0,0,0,74.5,30,69.14,69.84,60.1,0,0
2026-08-10T16:21:06.211000+09:00,2026-08-10T07:21:06.211000+00:00,094623,1462.8,1,0,0,0,0,13366,491,13366,0,0,0,0,4651,-28608,10326,6,4992,0,129,0,0,0,0,0,0,0,0,0,31082107,2018,0.38,481.28,1944.03,0,54.4,98,68,41.9,61.4,522.8,57.3,607.2,154.4,159.1,1059.8,361425,1533,12.53,89.3,1480,2.68,1.09,22.3,35.7,60,11.19,12173944,72420,72.03,3408.33,0,1200,400,720,240,4200,7500,8500,102,1.5,6000,0,0,0,0,0,66.37,30,61.77,57.42,60.2,0,0
2026-08-10T16:22:06.253000+09:00,2026-08-10T07:22:06.253000+00:00,094623,1412.7,1,0,0,0,0,13366,491,13366,0,0,0,0,4655,-28608,10326,6,4992,0,129,0,0,0,0,0,0,0,0,0,31082107,2018,0.41,508.13,1920.83,0,54.2,97.2,67.8,42,61,521.8,61.5,598.8,145.6,149.1,1032.8,361426,1534,12.53,90.8,1470,2.69,1.09,22.1,35.6,60,11.18,12173946,72420,59.75,3408.33,0,1200,400,720,240,4200,7500,8500,102,1.5,6000,0,0,0,0,0,65.74,30,57.41,62.09,60.1,0,0
2026-08-10T16:23:06.349000+09:00,2026-08-10T07:23:06.349000+00:00,094623,2471.4,1,0,0,0,0,13366,496,13366,0,0,0,0,4651,-28608,10326,6,4480,0,129,0,0,0,0,0,0,0,0,0,31082107,2018,0.49,952.48,3423.87,0,54.2,98.4,67.7,42,60.7,513.6,59.5,605.5,152.9,157.5,1037.1,361426,1534,12.84,90,1500,2.66,1.16,30.1,39.7,60,23.74,12173948,72420,65.14,3408.33,0,1200,400,720,240,4200,7500,8500,102,1.5,6000,0,0,0,0,0,72.77,30,69.15,68.17,60.2,0,0
2026-08-10T16:24:06.468000+09:00,2026-08-10T07:24:06.468000+00:00,094623,2390.8,1,0,0,0,0,13366,496,13366,0,0,0,0,4651,-28608,12374,6,4512,8,129,0,0,0,0,0,0,0,0,0,31082107,2018,0.49,923.18,3314,0,54.2,98.8,68.1,41.9,61.2,523.3,57.5,612.1,161,166.5,1061.5,361426,1534,12.86,89.1,1500,2.66,1.15,29.7,40.4,60,24.1,12173952,72420,75.02,3408.33,0,1200,400,720,240,4200,7500,8500,102,1.5,6000,0,0,0,0,0,74.1,30,71.81,64.94,60.2,0,0
2026-08-10T16:25:06.586000+09:00,2026-08-10T07:25:06.586000+00:00,094623,2095.1,1,0,0,0,0,13366,502,13366,0,0,0,0,4655,-28608,10326,590,4992,8192,129,0,0,0,0,0,0,0,0,0,31082107,2018,0.46,740.07,2835.17,0,54.3,97.5,68,41.9,61.5,525.4,58.3,613.6,163.3,169,1064.3,361426,1534,12.77,88.9,1510,2.73,1.1,25.6,35.4,60,17.26,12173956,72420,73.48,3408.33,0,1200,400,720,240,4200,7500,8500,102,1.5,6000,0,0,0,0,0,69.08,30,63.26,58.1,60.1,0,0
2026-08-10T16:26:06.659000+09:00,2026-08-10T07:26:06.659000+00:00,094623,1573.8,1,0,0,0,0,13366,495,13366,0,0,0,0,4651,-28608,10326,6,4992,0,129,0,0,0,0,0,0,0,0,0,31082107,2018,0.48,544.75,2118.59,0,54.3,97.4,68,41.9,61.3,521.9,57.1,604.2,151.9,156,1073,361426,1534,12.45,90.8,1490,2.71,1.13,23.3,36.2,60,11.09,12173958,72420,59.83,3408.33,0,1200,400,720,240,4200,7500,8500,102,1.5,6000,0,0,0,0,0,65.74,30,58.79,59.99,60.1,0,0
2026-08-10T16:27:06.748000+09:00,2026-08-10T07:27:06.748000+00:00,094623,1871.7,1,0,0,0,0,13366,494,13366,0,0,0,0,4651,-28608,10326,6,4480,0,129,0,0,0,0,0,0,0,0,0,31082107,2018,0.52,693.69,2565.39,0,54.2,97.8,68.2,41.9,61,517.1,58.4,602.9,148.7,152.9,1049.5,361426,1534,12.9,91.2,1490,2.67,1.2,26.5,39.3,60,15.52,12173960,72420,65.54,3408.34,0,1200,400,720,240,4200,7500,8500,102,1.5,6000,0,0,0,0,0,69.47,30,62.29,65.85,60.1,0,0
2026-08-10T16:28:06.855000+09:00,2026-08-10T07:28:06.855000+00:00,094623,2543.4,1,0,0,0,0,13366,502,13366,0,0,0,0,4655,-26560,10326,6,4992,0,129,0,0,0,0,0,0,0,0,0,31082107,2018,0.53,1040.38,3583.79,0,54.3,99.5,68,41.9,61.1,517.7,57.3,613.7,161.2,166.6,1078.1,361427,1535,12.82,89.5,1520,2.72,1.13,29.6,38.2,60,24.16,12173964,72420,74.54,3408.34,0,1200,400,720,240,4200,7500,8500,102,1.5,6000,0,0,0,0,0,73.42,30,72.54,65.9,60.2,0,0
2026-08-10T16:29:06.937000+09:00,2026-08-10T07:29:06.937000+00:00,094623,1409.0,1,0,0,0,0,13366,496,13366,0,0,0,0,4651,-28608,10390,6,21376,528,129,0,0,0,0,0,0,0,0,0,31082107,2018,0.44,408.03,1817.07,0,54.3,96.5,68.1,41.9,61.2,525.6,57.2,604.4,149.7,153.8,1038.2,361427,1535,12.46,89.9,1490,2.73,1.12,22.3,37.6,60,11.09,12173967,72420,63.36,3408.34,0,1200,400,720,240,4200,7500,8500,102,1.5,6000,0,0,0,0,0,66.35,30,56.5,58.79,60.2,0,0
2026-08-10T16:30:07.042000+09:00,2026-08-10T07:30:07.042000+00:00,094623,1509.1,1,0,0,0,0,13366,490,13366,0,0,0,0,4651,-28608,10326,6,4992,0,129,0,0,0,0,0,0,0,0,0,31082107,2018,0.45,547.2,2056.34,0,54.1,98.4,67.8,41.9,60.7,521.1,59.4,599.5,145.7,149.5,1045.6,361427,1535,12.27,90.6,1480,2.69,1.12,22.9,35.9,60,11.11,12173969,72420,60.54,3408.34,0,1200,400,720,240,4200,7500,8500,102,1.5,6000,0,0,0,0,0,65.32,30,60.9,61.48,60.2,0,0
2026-08-10T16:31:07.141000+09:00,2026-08-10T07:31:07.141000+00:00,094623,2366.4,1,0,0,0,0,13366,502,13366,0,0,0,0,4651,-28608,10342,590,13188,8192,129,0,0,0,0,0,0,0,0,0,31082107,2018,0.52,885.34,3251.75,0,54.1,98.8,67.8,41.9,60.7,515.7,68.4,608.8,159.7,165.1,1064.4,361427,1535,12.69,89.6,1510,2.72,1.08,27.1,35,60,19.83,12173972,72420,70.25,3408.34,0,1200,400,720,240,4200,7500,8500,102,1.5,6000,0,0,0,0,0,70.33,30,68.07,64.42,60.2,0,0
2026-08-10T16:32:07.235000+09:00,2026-08-10T07:32:07.235000+00:00,094623,1636.1,1,0,0,0,0,13366,520,13366,0,0,0,0,4655,-28608,10326,6,4992,0,129,0,0,0,0,0,0,0,0,0,31082107,2018,0.43,709.55,2345.65,0,54.1,96.6,68.2,41.9,60.9,517.9,65.4,601.8,148.9,153.1,1023.8,361427,1535,12.81,89.5,1560,2.88,1.06,23.2,33.9,60,14.72,12173974,72420,63.67,3408.34,0,1200,400,720,240,4200,7500,8500,102,1.5,6000,0,0,0,0,0,67.95,30,58.54,59.55,60.2,0,0
2026-08-10T16:33:07.336000+09:00,2026-08-10T07:33:07.336000+00:00,094623,1538.4,1,0,0,0,0,13366,492,13366,0,0,0,0,4651,-28608,10326,6,4480,0,129,0,0,0,0,0,0,0,0,0,31082107,2018,0.43,533.77,2072.21,0,53.9,98.3,68,41.9,60.6,521.1,62.3,599.5,144.9,148.8,1051.8,361427,1535,12.61,90.7,1480,2.7,1.16,24.2,39.3,60,12.27,12173976,72420,59.84,3408.34,0,1200,400,720,240,4200,7500,8500,102,1.5,6000,0,0,0,0,0,66.86,30,61.45,62.92,60.2,0,0
2026-08-10T16:34:07.454000+09:00,2026-08-10T07:34:07.454000+00:00,094623,2374.9,1,0,0,0,0,13366,499,13366,0,0,0,0,4651,-28608,18518,518,4480,528,129,0,0,0,0,0,0,0,0,0,31082107,2018,0.52,920.74,3295.69,0,53.9,98.9,67.8,41.9,60.5,519.2,62.2,607.5,156.9,162,1032.5,361428,1536,12.64,89.6,1500,2.69,1.15,29.5,39.8,60,23.51,12173980,72420,70.83,3408.34,0,1200,400,720,240,4200,7500,8500,102,1.5,6000,0,0,0,0,0,73.08,30,71,66.87,60.2,0,0
2026-08-10T16:35:07.546000+09:00,2026-08-10T07:35:07.546000+00:00,094623,2392.0,1,0,0,0,0,13366,496,13366,0,0,0,0,4651,-28608,10326,6,4480,0,129,0,0,0,0,0,0,0,0,0,31082107,2018,0.49,913.42,3305.46,0,54,98.1,67.9,41.9,60.9,524.8,57.9,608.6,161.4,166.7,1026,361428,1536,12.17,89,1500,2.67,1.16,29.8,40.7,60,24.45,12173984,72420,75.75,3408.34,0,1200,400,720,240,4200,7500,8500,102,1.5,6000,0,0,0,0,0,73.06,30,69.7,63.88,60.2,0,0
2026-08-10T16:36:07.638000+09:00,2026-08-10T07:36:07.638000+00:00,094623,2373.7,1,0,0,0,0,13366,500,13366,0,0,0,0,4651,-28608,10326,6,4992,0,129,0,0,0,0,0,0,0,0,0,31082107,2018,0.49,906.09,3279.82,0,54.2,97.1,67.8,41.8,61.2,523.3,59,614.4,164.2,169.7,1089.4,361428,1536,12.84,89.1,1510,2.7,1.11,27.4,36.2,60,21.27,12173988,72420,72.97,3408.35,0,1200,400,720,240,4200,7500,8500,102,1.5,6000,0,0,0,0,0,69.86,30,63.23,60.08,60.2,0,0
2026-08-10T16:37:07.763000+09:00,2026-08-10T07:37:07.763000+00:00,094623,1693.5,1,0,0,0,0,13366,521,13366,0,0,0,0,4651,-28608,12374,6,5024,72,129,0,0,0,0,0,0,0,0,0,31082107,2018,0.52,681.48,2374.95,0,54.3,97.6,68.1,41.8,61.2,521.9,57.3,606.9,150.2,154.4,1038,361428,1536,12.74,91,1570,2.87,1.07,24,35.4,60,16.39,12173990,72420,59.69,3408.35,0,1200,400,720,240,4200,7500,8500,102,1.5,6000,0,0,0,0,0,67.62,30,61.23,62.44,60.2,0,0
2026-08-10T16:38:07.852000+09:00,2026-08-10T07:38:07.852000+00:00,094623,1662.9,1,0,0,0,0,13366,490,13366,0,0,0,0,4655,-28608,10326,6,4480,0,129,0,0,0,0,0,0,0,0,0,31082107,2018,0.47,679.04,2341.99,0,54.2,97.8,68.3,41.8,60.8,520.8,59.2,603.2,147.2,151.1,1078,361428,1536,12.62,91.3,1480,2.68,1.19,24.7,37.9,60,12.48,12173992,72420,63.67,3408.35,0,1200,400,720,240,4200,7500,8500,102,1.5,6000,0,0,0,0,0,67.13,30,59.36,63.64,60.2,0,0
2026-08-10T16:39:07.965000+09:00,2026-08-10T07:39:07.965000+00:00,094623,1957.2,1,0,0,0,0,13366,502,13366,0,0,0,0,4651,-28608,18518,518,4992,528,129,0,0,0,0,0,0,0,0,0,31082107,2018,0.5,718.1,2675.25,0,54.3,99.6,68,41.8,60.9,521.4,58.6,612.6,160.1,165.6,1057.4,361428,1536,12.74,89.7,1510,2.74,1.09,25,35.3,60,16.77,12173995,72420,74.13,3408.35,0,1200,400,720,240,4200,7500,8500,102,1.5,6000,0,0,0,0,0,68.84,30,68,62.03,60.3,0,0
2026-08-10T16:40:08.036000+09:00,2026-08-10T07:40:08.036000+00:00,094623,1435.9,1,0,0,0,0,13366,497,13366,0,0,0,0,4655,-28608,10326,6,4992,0,129,0,0,0,0,0,0,0,0,0,31082107,2018,0.41,480.06,1915.95,0,54.1,96.3,68,41.8,60.8,524.4,59.4,599.8,146.7,150.6,1029.6,361429,1537,12.81,90.3,1500,2.74,1.14,22.7,37.7,60,11.21,12173997,72420,62.33,3408.35,0,1200,400,720,240,4200,7500,8500,102,1.5,6000,0,0,0,0,0,65.82,30,55.18,60.24,60.3,0,0
2026-08-10T16:41:08.143000+09:00,2026-08-10T07:41:08.143000+00:00,094623,1869.3,1,0,0,0,0,13366,494,13366,0,0,0,0,4651,-28608,10326,6,4480,0,129,0,0,0,0,0,0,0,0,0,31082107,2018,0.45,725.42,2594.68,0,53.9,98.8,67.8,41.8,60.4,517.1,59.8,599.7,145.8,149.7,1029.2,361429,1537,12.75,90.5,1490,2.69,1.19,26.3,39.1,60,15.76,12173999,72420,61.59,3408.35,0,1200,400,720,240,4200,7500,8500,102,1.5,6000,0,0,0,0,0,68.13,30,65.07,64.79,60.2,0,0
2026-08-10T16:42:08.232000+09:00,2026-08-10T07:42:08.232000+00:00,094623,2420.1,1,0,0,0,0,13366,497,13366,0,0,0,0,4655,-28608,12374,6,4512,72,129,0,0,0,0,0,0,0,0,0,31082107,2018,0.52,974.46,3394.57,0,54,98.8,67.8,41.7,60.5,521.8,58.8,607.8,157.6,162.9,1069.1,361429,1537,12.36,89.4,1500,2.68,1.15,29.8,40.1,60,24.22,12174003,72420,70.6,3408.35,0,1200,400,720,240,4200,7500,8500,102,1.5,6000,0,0,0,0,0,72.71,30,70.8,66.16,60.3,0,0
2026-08-10T16:43:08.337000+09:00,2026-08-10T07:43:08.337000+00:00,094623,2587.4,1,0,0,0,0,13366,498,13366,0,0,0,0,4655,-28608,10326,518,4480,0,129,0,0,0,0,0,0,0,0,0,31082107,2018,0.51,1031.83,3619.19,0,54,98.1,68.1,41.6,60.8,522.8,57.1,611,162.5,168,1067.7,361429,1537,12.73,89.4,1500,2.68,1.15,30.1,39.2,60,23.7,12174007,72420,74.45,3408.35,0,1200,400,720,240,4200,7500,8500,102,1.5,6000,0,0,0,0,0,73.51,30,69.57,65.21,60.3,0,0
2026-08-10T16:44:08.452000+09:00,2026-08-10T07:44:08.452000+00:00,094623,1997.4,1,0,0,0,0,13366,503,13366,0,0,0,0,4655,-28608,18518,6,4992,528,129,0,0,0,0,0,0,0,0,0,31082107,2018,0.46,824.3,2821.74,0,54.1,97.4,68.1,41.6,61,523,57.1,607.2,153.2,157.9,1088.5,361429,1537,12.55,89.9,1570,2.73,1.14,26.1,35.7,60,9.95,12174010,72420,68.16,3408.35,0,1200,400,720,240,4200,7500,8500,102,1.5,6000,0,0,0,0,0,65.63,30,59.19,58.14,60.3,0,0
2026-08-10T16:45:08.532000+09:00,2026-08-10T07:45:08.532000+00:00,094623,2013.3,1,0,0,0,0,13366,469,13366,0,0,0,0,4651,-28608,10326,6,4992,0,129,0,0,0,0,0,0,0,0,0,31082107,2018,0.46,793.79,2807.09,0,54.1,97.8,68.2,41.7,60.7,521.8,58.6,602.3,147.3,151.5,1055.3,361429,1537,12.81,91.2,1440,2.47,1.3,27.2,37,60,10.95,12174012,72420,60.27,3408.36,0,1200,400,720,240,4200,7500,8500,102,1.5,6000,0,0,0,0,0,65.22,30,58.33,62.13,60.3,0,0
2026-08-10T16:46:08.622000+09:00,2026-08-10T07:46:08.622000+00:00,094623,2588.6,1,0,0,0,0,13366,496,13366,0,0,0,0,4655,-26560,10390,6,20864,0,129,0,0,0,0,0,0,0,0,0,31082107,2018,0.53,1037.93,3626.51,0,54.1,98.3,68,41.7,60.6,515.8,58.2,609.3,155.5,160.5,1057.2,361430,1538,12.41,90,1500,2.68,1.16,30.3,38.9,60,23.75,12174015,72420,68.3,3408.36,0,1200,400,720,240,4200,7500,8500,102,1.5,6000,0,0,0,0,0,73.5,30,68.9,67.83,60.3,0,0
2026-08-10T16:47:08.719000+09:00,2026-08-10T07:47:08.719000+00:00,094623,1595.8,1,0,0,0,0,13366,473,13366,0,0,0,0,4651,-28608,12374,6,5024,72,129,0,0,0,0,0,0,0,0,0,31082107,2018,0.41,477.61,2073.43,0,54.2,97.6,68.1,41.6,60.8,524,56.5,605.1,151.7,156.4,1036,361430,1538,12.71,89.5,1370,2.67,1.89,25.1,39.5,60,11.08,12174018,72420,68.3,3408.36,0,1200,400,720,240,4200,7500,8500,102,1.5,6000,0,0,0,0,0,65.51,30,59.67,57.36,60.3,0,0
2026-08-10T16:48:08.821000+09:00,2026-08-10T07:48:08.821000+00:00,094623,1420.0,1,0,0,0,0,13366,491,13366,0,0,0,0,4655,-28608,10390,590,21376,8192,129,0,0,0,0,0,0,0,0,0,31082107,2018,0.45,355.54,1775.57,0,53.9,97.6,67.9,41.6,60.5,522.9,62.6,602.8,145.3,149.4,1021.1,361430,1538,12.91,90.6,1500,2.71,1,23.2,38.6,60,11.15,12174020,72420,59.76,3408.36,0,1200,400,720,240,4200,7500,8500,102,1.5,6000,0,0,0,0,0,65.27,30,58.15,61.23,60.3,0,0
2026-08-10T16:49:08.910000+09:00,2026-08-10T07:49:08.910000+00:00,094623,2481.2,1,0,0,0,0,13366,497,13366,0,0,0,0,4651,-28608,18518,6,4480,16,129,0,0,0,0,0,0,0,0,0,31082107,2018,0.52,1002.53,3483.69,0,53.9,98.4,67.8,41.6,60.2,516.7,59.4,608.8,151.5,156.2,1063.1,361430,1538,12.42,90.3,1500,2.67,1.17,30.1,39.9,60,24.05,12174023,72420,67.21,3408.36,0,1200,400,720,240,4200,7500,8500,102,1.5,6000,0,0,0,0,0,72.72,30,68.85,69.28,60.3,0,0
2026-08-10T16:50:09.002000+09:00,2026-08-10T07:50:09.002000+00:00,094623,2213.8,1,0,0,0,0,13366,499,13366,0,0,0,0,4651,-28608,10342,6,13188,0,129,0,0,0,0,0,0,0,0,0,31082107,2018,0.41,0,2213.81,0,54,98.1,68,41.5,60.7,521.7,59.2,607.6,155.4,160.7,1073.3,361430,1538,12.68,88.7,1500,2.76,1.13,23.8,35.4,60,12.21,12174026,72420,72.96,3408.36,0,1200,400,720,240,4200,7500,8500,102,1.5,6000,0,0,0,0,0,65.93,30,62.11,56.03,60.2,0,0
2026-08-10T16:51:09.096000+09:00,2026-08-10T07:51:09.096000+00:00,094623,1533.5,1,0,0,0,0,13366,498,13366,0,0,0,0,4651,-28608,10326,6,4992,0,129,0,0,0,0,0,0,0,0,0,31082107,2018,0.44,550.86,2084.41,0,53.7,97.3,68,41.5,60.5,521.8,59.6,603.4,146.8,151,1054.2,361430,1538,12.63,91.2,1500,2.75,1.14,23.2,36.7,60,11.24,12174028,72420,57.5,3408.36,0,1200,400,720,240,4200,7500,8500,102,1.5,6000,0,0,0,0,0,65.36,30,57.58,62.79,60.3,0,0
2026-08-10T16:52:09.187000+09:00,2026-08-10T07:52:09.187000+00:00,094623,2437.2,1,0,0,0,0,13366,497,13366,0,0,0,0,4651,-28608,12374,518,4512,8,129,0,0,0,0,0,0,0,0,0,31082107,2018,0.51,1031.83,3469.04,0,53.7,98.2,68,41.5,60.2,512.6,60.6,604.1,150,154.5,1054.7,361431,1539,12.87,89.9,1500,2.7,1.17,29.6,39.2,60,21.61,12174030,72420,63.74,3408.36,0,1200,400,720,240,4200,7500,8500,102,1.5,6000,0,0,0,0,0,72.13,30,67.53,66.91,60.3,0,0
2026-08-10T16:53:09.291000+09:00,2026-08-10T07:53:09.291000+00:00,094623,1860.7,1,0,0,0,0,13366,501,13366,0,0,0,0,4651,-28608,10326,6,4992,0,129,0,0,0,0,0,0,0,0,0,31082107,2018,0.46,648.52,2509.23,0,53.7,99,68,41.5,60.5,523,58.7,609.3,157.6,163.2,1066.8,361431,1539,12.46,89.5,1510,2.76,1.11,24.1,35.3,60,14.73,12174034,72420,75.35,3408.36,0,1200,400,720,240,4200,7500,8500,102,1.5,6000,0,0,0,0,0,66.88,30,65.76,60.32,60.3,0,0
2026-08-10T16:54:09.385000+09:00,2026-08-10T07:54:09.385000+00:00,094623,1902.2,1,0,0,0,0,13366,522,13366,0,0,0,0,4651,-28608,10326,6,4992,0,129,0,0,0,0,0,0,0,0,0,31082107,2018,0.43,802.33,2704.55,0,53.6,96.4,68.1,41.5,60.3,520,58,599.3,145.7,150.1,1049.2,361431,1539,12.75,90.2,1570,2.88,1.12,25.8,36.4,60,10.41,12174036,72420,60.86,3408.37,0,1200,400,720,240,4200,7500,8500,102,1.5,6000,0,0,0,0,0,68.98,30,58.75,63.63,60.3,0,0
2026-08-10T16:55:09.480000+09:00,2026-08-10T07:55:09.480000+00:00,094623,1986.5,1,0,0,0,0,13366,493,13366,0,0,0,0,4651,-28608,10326,6,4480,0,129,0,0,0,0,0,0,0,0,0,31082107,2018,0.47,764.49,2750.94,0,53.6,98.4,67.8,41.6,60,516.5,58.2,601.8,144.6,148.6,1084.1,361431,1539,12.61,90.5,1490,2.68,1.2,27.7,40.8,60,18.91,12174038,72420,60.62,3408.37,0,1200,400,720,240,4200,7500,8500,102,1.5,6000,0,0,0,0,0,69.11,30,65.44,65.82,60.3,0,0
2026-08-10T16:56:09.571000+09:00,2026-08-10T07:56:09.571000+00:00,094623,1887.6,1,0,0,0,0,13366,502,13366,0,0,0,0,4655,-28608,10326,6,4992,0,129,0,0,0,0,0,0,0,0,0,31082107,2018,0.48,632.65,2520.22,0,53.8,99.6,67.8,41.5,60.2,522.3,57.4,609.2,156.8,162.6,1059.7,361431,1539,12.81,88.8,1510,2.78,1.09,24.3,35.4,60,15.48,12174042,72420,74.55,3408.37,0,1200,400,720,240,4200,7500,8500,102,1.5,6000,0,0,0,0,0,66.3,30,67.37,58.25,60.3,0,0
2026-08-10T16:57:09.654000+09:00,2026-08-10T07:57:09.654000+00:00,094623,1642.2,1,0,0,0,0,13366,461,13366,0,0,0,0,4651,-28608,12374,518,5024,8,129,0,0,0,0,0,0,0,0,0,31082107,2018,0.43,539.87,2182.07,0,53.6,96.1,68.1,41.5,60.2,522.6,58.8,601.2,145,149.1,1040.1,361431,1539,12.77,90.7,1340,2.65,1.94,25.9,39.6,60,10.41,12174044,72420,59.77,3408.37,0,1200,400,720,240,4200,7500,8500,102,1.5,6000,0,0,0,0,0,64.33,30,53.96,60.15,60.3,0,0
2026-08-10T16:58:09.775000+09:00,2026-08-10T07:58:09.775000+00:00,094623,2039.2,1,0,0,0,0,13366,493,13366,0,0,0,0,4655,-28608,10326,6,4480,0,129,0,0,0,0,0,0,0,0,0,31082107,2018,0.31,830.41,2869.66,0,53.5,98.5,68.1,41.5,59.8,514.2,57.4,600,145.7,149.9,1034.9,361432,1540,12.7,90.8,1490,2.69,1.21,27.5,39.4,60,17.36,12174046,72420,63.15,3408.37,0,1200,400,720,240,4200,7500,8500,102,1.5,6000,0,0,0,0,0,69.21,30,65.89,66.32,60.3,0,0
2026-08-10T16:59:09.858000+09:00,2026-08-10T07:59:09.858000+00:00,094623,1780.1,1,0,0,0,0,13366,500,13366,0,0,0,0,4651,-28608,10326,6,4992,0,129,0,0,0,0,2,0,0,0,0,31082107,2018,0.23,637.53,2417.68,0,53.7,100.1,68.1,41.5,60.2,520.6,56.5,609.4,156.4,162,1063.6,361432,1540,12.65,89,1510,2.77,1.12,23.9,35.3,60,13.81,12174049,72420,73.97,3408.37,0,1200,400,720,240,4200,7500,8500,102,1.5,6000,0,0,0,0,0,66.36,30,68.86,58.32,60.3,0,0
2026-08-10T17:00:09.959000+09:00,2026-08-10T08:00:09.959000+00:00,094623,1544.5,1,0,0,0,0,13366,517,13366,0,0,0,0,4655,-28608,10326,590,4992,8192,129,0,0,0,0,2,0,0,0,0,31082107,2018,0.33,607.01,2151.55,0,53.5,95.3,68.1,41.5,60.1,518.5,58,601.7,144.7,148.6,1038.4,361432,1540,12.79,90,1550,2.9,1.03,21.9,33,60,15.15,12174051,72420,58.95,3408.37,0,1200,400,720,240,4200,7500,8500,102,1.5,6000,0,0,0,0,0,65.54,30,52.55,59.17,60.3,0,0
2026-08-10T17:01:10.058000+09:00,2026-08-10T08:01:10.058000+00:00,094623,2106.4,1,0,0,0,0,13366,494,13366,0,0,0,0,4651,-28608,10326,6,4480,0,129,0,0,0,0,2,0,0,0,0,31082107,2018,0.25,831.63,2938.02,0,53.5,99,67.8,41.5,59.7,514.6,56.3,600,144.8,149,1050.2,361432,1540,12.76,91.1,1490,2.71,1.19,28.4,40.7,60,20,12174054,72420,63.42,3408.37,0,1200,400,720,240,4200,7500,8500,102,1.5,6000,0,0,0,0,0,69.57,30,67.43,69.51,60.3,0,0
2026-08-10T17:02:10.144000+09:00,2026-08-10T08:02:10.144000+00:00,094623,2392.1,1,0,0,0,0,13366,497,13366,0,0,0,0,4651,-28608,18518,6,4480,528,129,0,0,0,0,2,0,0,0,0,31082107,2018,0.19,890.22,3282.27,0,53.7,99,68,41.5,60,521.3,56.3,610.2,157.4,163,1058.5,361432,1540,12.73,88.7,1500,2.72,1.15,29.6,40.6,60,24.38,12174058,72420,77.34,3408.38,0,1200,400,720,240,4200,7500,8500,102,1.5,6000,0,0,0,0,0,72.58,30,72.43,64.49,60.3,0,0
2026-08-10T17:03:10.245000+09:00,2026-08-10T08:03:10.245000+00:00,094623,2470.2,1,0,0,0,0,13366,496,13366,0,0,0,0,4655,-28608,10326,518,4480,0,129,0,0,0,0,2,0,0,0,0,31082107,2018,0.27,908.54,3378.7,0,53.8,96.6,68.1,41.4,60.5,523.7,55.8,612.1,158.9,164.5,1030.6,361432,1540,12.71,88.4,1500,2.7,1.17,30,40.8,60,23.72,12174062,72420,70.71,3408.38,0,1200,400,720,240,4200,7500,8500,102,1.5,6000,0,0,0,0,0,73.02,30,63.7,60.85,60.3,0,0
2026-08-10T17:04:10.347000+09:00,2026-08-10T08:04:10.347000+00:00,094623,1921.8,1,0,0,0,0,13366,499,13366,0,0,0,0,4651,-28608,10326,6,4992,0,129,0,0,0,0,2,0,0,0,0,31082107,2018,0.35,652.18,2573.93,0,53.9,99.3,67.7,41.3,60.7,523.7,55.2,612.4,159.4,164.9,1061.2,361433,1541,12.8,90.2,1500,2.76,1.13,24.2,35,60,13.41,12174065,72420,68.99,3408.38,0,1200,400,720,240,4200,7500,8500,102,1.5,6000,0,0,0,0,0,64.69,30,64.97,58.21,60.3,0,0
2026-08-10T17:05:10.450000+09:00,2026-08-10T08:05:10.450000+00:00,094623,1540.9,1,0,0,0,0,13366,508,13366,0,0,0,0,4655,-28608,8342,590,21376,8200,129,0,0,0,0,2,0,0,0,0,31082107,2018,0.33,610.67,2151.55,0,54,96.5,68.3,41.4,60.6,517.7,58.4,606,149.7,154,1055.4,361433,1541,12.87,92.3,1510,2.77,1.03,21.9,32.6,60,14.19,12174067,72420,63.5,3408.38,0,1200,400,720,240,4200,7500,8500,102,1.5,6000,0,0,0,0,0,65.57,30,55.12,65.3,60.4,0,0
2026-08-10T17:06:10.546000+09:00,2026-08-10T08:06:10.546000+00:00,094623,2245.5,1,0,0,0,0,13366,492,13366,0,0,0,0,4655,-28608,10326,6,4480,0,129,0,0,0,0,2,0,0,0,0,31082107,2018,0.2,985.44,3230.99,0,53.8,99.8,68.6,41.4,60.3,512.4,56.6,606,150,154.5,1092.9,361433,1541,12.69,89.4,1490,2.63,1.2,29.2,40,60,20.25,12174069,72420,67.62,3408.38,0,1200,400,720,240,4200,7500,8500,102,1.5,6000,0,0,0,0,0,72.78,30,70.6,64,60.3,0,0
2026-08-10T17:07:10.648000+09:00,2026-08-10T08:07:10.648000+00:00,094623,1601.9,1,0,0,0,0,13366,499,13366,0,0,0,0,4655,-28608,18582,6,21376,528,129,0,0,0,0,2,0,0,0,0,31082107,2018,0.24,497.15,2099.06,0,53.9,97.6,68.1,41.3,60.6,522.5,56.6,608,155.4,160.8,1067.4,361433,1541,12.73,88.6,1500,2.71,1.12,23.1,36.6,60,12.41,12174073,72420,72.56,3408.38,0,1200,400,720,240,4200,7500,8500,102,1.5,6000,0,0,0,0,0,66.6,30,60.75,54.77,60.4,0,0
2026-08-10T17:08:10.745000+09:00,2026-08-10T08:08:10.745000+00:00,094623,1390.7,1,0,0,0,0,13366,497,13366,0,0,0,0,4651,-28608,10326,6,4992,0,129,0,0,0,0,2,0,0,0,0,31082107,2018,0.36,488.6,1879.33,0,53.6,96.8,67.8,41.3,60.2,524,57.9,603.7,143.9,147.8,1035.6,361433,1541,12.86,90.6,1500,2.7,1.13,22.6,37.9,60,11.26,12174075,72420,55.69,3408.38,0,1200,400,720,240,4200,7500,8500,102,1.5,6000,0,0,0,0,0,64.97,30,55.27,59.33,60.3,0,0
2026-08-10T17:09:10.831000+09:00,2026-08-10T08:09:10.831000+00:00,094623,2346.9,1,0,0,0,0,13366,494,13366,0,0,0,0,4655,-28608,10342,6,12676,0,129,0,0,0,0,2,0,0,0,0,31082107,2018,0.24,964.69,3311.56,0,53.5,98.8,67.8,41.4,59.7,513.7,56.2,605.4,147.5,151.7,1043.3,361433,1541,12.63,91.2,1490,2.63,1.2,29.7,40.3,60,22.03,12174077,72420,67.04,3408.38,0,1200,400,720,240,4200,7500,8500,102,1.5,6000,0,0,0,0,0,71.2,30,68,70.63,60.3,0,0
2026-08-10T17:10:10.923000+09:00,2026-08-10T08:10:10.923000+00:00,094623,2613.0,1,0,0,0,0,13366,497,13366,0,0,0,0,4651,-28608,12374,6,4512,72,129,0,0,0,0,2,0,0,0,0,31082107,2018,0.2,1091.65,3704.64,0,53.7,98.4,68.1,41.3,60.2,518.3,55.1,614.5,159.6,165.1,1084,361434,1542,12.63,88.1,1500,2.65,1.16,30.3,38.8,60,24.55,12174081,72420,78.75,3408.38,0,1200,400,720,240,4200,7500,8500,102,1.5,6000,0,0,0,0,0,73.37,30,70.79,61.61,60.4,0,0
2026-08-10T17:11:11.030000+09:00,2026-08-10T08:11:11.030000+00:00,094623,1630.0,1,0,0,0,0,13366,517,13366,0,0,0,0,4651,-28608,10326,6,4992,0,129,0,0,0,0,2,0,0,0,0,31082107,2018,0.34,664.39,2294.38,0,53.6,96.8,68,41.2,60.5,517.1,56.3,606.8,152.7,157.5,1056.8,361434,1542,12.68,89.2,1550,2.85,1.02,22.2,31.9,60,13.48,12174084,72420,58.12,3408.39,0,1200,400,720,240,4200,7500,8500,102,1.5,6000,0,0,0,0,0,65.46,30,56.39,54.64,60.3,0,0
2026-08-10T17:12:11.144000+09:00,2026-08-10T08:12:11.144000+00:00,094623,1608.0,1,0,0,0,0,13366,518,13366,0,0,0,0,4655,-26560,18518,14,4992,8720,129,0,0,0,0,0,0,0,0,0,31082107,2018,0.39,659.5,2267.52,0,53.3,98.1,67.9,41.2,60.1,516.9,57,603.9,146.1,150.1,1043.6,361434,1542,12.75,92.4,1560,2.84,1.04,22.6,33.1,60,16.5,12174086,72420,57.68,3408.39,0,1200,400,720,240,4200,7500,8500,102,1.5,6000,0,0,0,0,0,65.48,30,60.17,65.37,60.3,0,0
2026-08-10T17:13:11.223000+09:00,2026-08-10T08:13:11.223000+00:00,094623,2598.3,1,0,0,0,0,13366,501,13366,0,0,0,0,4651,-28608,10326,6,4992,0,129,0,0,0,0,2,0,0,0,0,31082107,2018,0.18,1058.69,3657.03,0,53.5,100.4,68.1,41.2,60,513.2,56,611.2,156.8,162.2,1064,361434,1542,12.55,89.4,1510,2.68,1.15,29.9,37.9,60,23.78,12174089,72420,77.43,3408.39,0,1200,400,720,240,4200,7500,8500,102,1.5,6000,0,0,0,0,0,72.76,30,74.9,66,60.4,0,0
2026-08-10T17:14:11.324000+09:00,2026-08-10T08:14:11.324000+00:00,094623,1428.6,1,0,0,0,0,13366,494,13366,0,0,0,0,4651,-28608,10326,6,4992,0,129,0,0,0,0,2,0,0,0,0,31082107,2018,0.23,466.63,1895.2,0,53.5,95.4,68.1,41.2,60.2,522.1,57.2,603.1,148.1,152.4,1030,361434,1542,12.36,88.6,1490,2.69,1.12,22.4,37,60,11.17,12174091,72420,60.89,3408.39,0,1200,400,720,240,4200,7500,8500,102,1.5,6000,0,0,0,0,0,65.55,30,52.71,53.78,60.4,0,0
2026-08-10T17:15:11.421000+09:00,2026-08-10T08:15:11.421000+00:00,094623,1432.2,1,0,0,0,0,13366,492,13366,0,0,0,0,4655,-28608,12374,6,5024,72,129,0,0,0,0,2,0,0,0,0,31082107,2018,0.35,532.55,1964.78,0,53.2,98.4,67.6,41.2,59.7,520.9,57.5,598.4,143.2,147,1020.9,361434,1542,12.67,91.2,1480,2.67,1.12,22.5,36.4,60,10.85,12174093,72420,56.05,3408.39,0,1200,400,720,240,4200,7500,8500,102,1.5,6000,0,0,0,0,0,63.64,30,59.5,61.36,60.4,0,0
2026-08-10T17:16:11.506000+09:00,2026-08-10T08:16:11.506000+00:00,094623,2427.4,1,0,0,0,0,13366,498,13366,0,0,0,0,4655,-28608,10326,6,4480,0,129,0,0,0,0,2,0,0,0,0,31082107,2018,0.22,918.3,3345.74,0,53.4,100.1,67.8,41.1,59.7,516.5,57.2,608.1,154.7,160,1033.9,361435,1543,12.57,89.7,1500,2.67,1.13,29.4,39.3,60,24.44,12174097,72420,76.21,3408.39,0,1200,400,720,240,4200,7500,8500,102,1.5,6000,0,0,0,0,0,71.67,30,73.85,67.01,60.3,0,0
2026-08-10T17:17:11.619000+09:00,2026-08-10T08:17:11.619000+00:00,094623,2490.9,1,0,0,0,0,13366,499,13366,0,0,0,0,4651,-28608,18518,6,4480,528,129,0,0,0,0,2,0,0,0,0,31082107,2018,0.35,1045.26,3536.18,0,53.6,95.8,68.2,41,60.2,521.6,56.3,609.6,159.5,164.8,1046.5,361435,1543,12.74,88.1,1510,2.66,1.16,29.9,39.5,60,24.46,12174101,72420,75.02,3408.39,0,1200,400,720,240,4200,7500,8500,102,1.5,6000,0,0,0,0,0,73.02,30,61.99,60.07,60.4,0,0
2026-08-10T17:18:11.692000+09:00,2026-08-10T08:18:11.692000+00:00,094623,1981.6,1,0,0,0,0,13366,476,13366,0,0,0,0,4651,-28608,10326,6,4992,0,129,0,0,0,0,0,0,0,0,0,31082107,2018,0.44,636.31,2617.88,0,53.5,98.4,67.7,41,60.4,523.2,56.7,610,157.1,162.3,1060.9,361435,1543,12.8,89.5,1320,2.51,1.87,27.1,37.4,60,12.33,12174104,72420,66.73,3408.39,0,1200,400,720,240,4200,7500,8500,102,1.5,6000,0,0,0,0,0,63.31,30,60.01,54.14,60.4,0,0
2026-08-10T17:19:11.788000+09:00,2026-08-10T08:19:11.788000+00:00,094623,1724.0,1,0,0,0,0,13366,457,13366,0,0,0,0,4651,-28608,10326,6,4992,0,129,0,0,0,0,0,0,0,0,0,31082107,2018,0.43,539.87,2263.86,0,53.4,97,68.3,41,60.2,521.2,57.9,603.6,149.1,153.3,1030.8,361435,1543,12.57,91.8,1340,2.59,1.92,26,38.5,60,11.32,12174106,72420,63.64,3408.39,0,1200,400,720,240,4200,7500,8500,102,1.5,6000,0,0,0,0,0,64.16,30,54.56,61.67,60.4,0,0
2026-08-10T17:20:11.878000+09:00,2026-08-10T08:20:11.878000+00:00,094623,2173.5,1,0,0,0,0,13366,496,13366,0,0,0,0,4651,-28608,12374,6,4512,72,129,0,0,0,0,0,0,0,0,0,31082107,2018,0.49,788.9,2962.43,0,53.4,98.9,68.4,41.1,59.8,516.6,58.9,604.4,148.3,152.6,1064.6,361435,1543,12.7,89.6,1500,2.64,1.17,29.1,41.8,60,22.48,12174108,72420,64.68,3408.4,0,1200,400,720,240,4200,7500,8500,102,1.5,6000,0,0,0,0,0,72.86,30,67.96,64.02,60.4,0,0
2026-08-10T17:21:11.971000+09:00,2026-08-10T08:21:11.971000+00:00,094623,2598.3,1,0,0,0,0,13366,495,13366,0,0,0,0,4651,-28608,10326,6,4480,0,129,0,0,0,0,0,0,0,0,0,31082107,2018,0.49,1046.48,3644.83,0,53.4,98.8,67.7,41,60,520.6,58.2,611.5,159.4,164.6,1092.6,361435,1543,12.23,89.7,1500,2.63,1.16,30.3,39.3,60,24.42,12174112,72420,72.61,3408.4,0,1200,400,720,240,4200,7500,8500,102,1.5,6000,0,0,0,0,0,71.68,30,70.03,64.49,60.4,0,0
2026-08-10T17:22:12.071000+09:00,2026-08-10T08:22:12.071000+00:00,094623,1974.2,1,0,0,0,0,13366,456,13366,0,0,0,0,4651,-28608,18518,518,4992,16,129,0,0,0,0,0,0,0,0,0,31082107,2018,0.42,791.34,2765.59,0,53.5,97.2,67.6,40.9,60.2,524.6,59.9,604.7,151.9,156.5,1043.6,361436,1544,12.96,90.5,1440,2.45,1.29,26.9,36.9,60,10.07,12174115,72420,65.8,3408.4,0,1200,400,720,240,4200,7500,8500,102,1.5,6000,0,0,0,0,0,62.05,30,56.69,58.3,60.4,0,0
2026-08-10T17:23:12.159000+09:00,2026-08-10T08:23:12.159000+00:00,094623,1898.6,1,0,0,0,0,13366,452,13366,0,0,0,0,4651,-26560,10326,6,4992,0,129,0,0,0,0,0,0,0,0,0,31082107,2018,0.44,718.1,2616.66,0,53.3,97.8,68.3,40.9,59.8,520.6,58.8,601.5,147.4,151.7,1055.5,361436,1544,12.67,90.5,1310,2.42,1.7,27.3,37.7,60,11.01,12174117,72420,62,3408.4,0,1200,400,720,240,4200,7500,8500,102,1.5,6000,0,0,0,0,0,63.95,30,57.28,58.79,60.3,0,0
2026-08-10T17:24:12.259000+09:00,2026-08-10T08:24:12.259000+00:00,094623,2492.1,1,0,0,0,0,13366,497,13366,0,0,0,0,4655,-28608,10390,6,20864,0,129,0,0,0,0,0,0,0,0,0,31082107,2018,0.53,1066.01,3558.15,0,53.3,98.4,68.1,41,59.7,515.8,57.6,607.5,155.7,160.7,1067.8,361436,1544,12.86,89.9,1500,2.65,1.16,30.1,39.3,60,24.19,12174120,72420,65.63,3408.4,0,1200,400,720,240,4200,7500,8500,102,1.5,6000,0,0,0,0,0,72.32,30,68.01,66.19,60.4,0,0
2026-08-10T17:25:12.370000+09:00,2026-08-10T08:25:12.370000+00:00,094623,2954.8,1,0,0,0,0,13366,498,13366,0,0,0,0,4651,-28608,12374,6,5024,8,129,0,0,0,0,0,0,0,0,0,31082107,2018,0.44,263.98,3218.79,0,53.5,98.1,68,40.9,60.1,522.9,55.8,609.4,156.7,161.8,1064.2,361436,1544,12.82,89.1,1500,2.72,1.14,23.5,35.9,60,12.21,12174124,72420,73.85,3408.4,0,1200,400,720,240,4200,7500,8500,102,1.5,6000,0,0,0,0,0,64.69,30,61.16,55.51,60.4,0,0
2026-08-10T17:26:12.500000+09:00,2026-08-10T08:26:12.500000+00:00,094623,1611.7,1,0,0,0,0,13366,498,13366,0,0,0,0,4651,-28608,10342,6,13188,0,129,0,0,0,0,0,0,0,0,0,31082107,2018,0.46,589.92,2201.6,0,53.3,97.3,68,40.9,59.9,520.2,55.8,604.7,149.9,154.3,1037.3,361436,1544,12.38,91.1,1500,2.71,1.14,23.4,35.7,60,11.11,12174126,72420,59.67,3408.4,0,1200,400,720,240,4200,7500,8500,102,1.5,6000,0,0,0,0,0,64.23,30,56.75,61.43,60.4,0,0
2026-08-10T17:27:12.589000+09:00,2026-08-10T08:27:12.589000+00:00,094623,2410.4,1,0,0,0,0,13366,494,13366,0,0,0,0,4651,-28608,10326,6,4480,0,129,0,0,0,0,0,0,0,0,0,31082107,2018,0.51,1085.54,3495.9,0,53.3,98.4,68.2,40.9,59.8,511.9,55.2,606.9,152.3,156.8,1037.5,361436,1544,12.79,89.8,1490,2.64,1.2,30,39.5,60,22.07,12174128,72420,66.22,3408.4,0,1200,400,720,240,4200,7500,8500,102,1.5,6000,0,0,0,0,0,71.76,30,67.15,65.28,60.4,0,0
2026-08-10T17:28:12.664000+09:00,2026-08-10T08:28:12.664000+00:00,094623,1802.1,1,0,0,0,0,13366,520,13366,0,0,0,0,4655,-28608,10326,6,4992,0,129,0,0,0,0,0,0,0,0,0,31082107,2018,0.45,805.99,2608.11,0,53.3,98.1,67.9,40.8,60.1,517.3,56,605.2,155.2,160.1,1051.8,361437,1545,12.34,89.4,1560,2.86,1.04,23.5,32.4,60,11.61,12174131,72420,71.3,3408.4,0,1200,400,720,240,4200,7500,8500,102,1.5,6000,0,0,0,0,0,66.04,30,62.29,58.42,60.4,0,0
2026-08-10T17:29:12.768000+09:00,2026-08-10T08:29:12.768000+00:00,094623,1664.2,1,0,0,0,0,13366,520,13366,0,0,0,0,4655,-28608,10326,6,4992,0,129,0,0,0,0,0,0,0,0,0,31082107,2018,0.49,657.06,2321.24,0,53.1,97,67.9,40.8,59.8,518.6,57,600,145.8,149.7,1036.4,361437,1545,12.81,89.8,1560,2.87,1.06,23.5,34.5,60,16.37,12174133,72420,61.02,3408.41,0,1200,400,720,240,4200,7500,8500,102,1.5,6000,0,0,0,0,0,66.2,30,57.58,59.73,60.4,0,0
2026-08-10T17:30:12.949000+09:00,2026-08-10T08:30:12.949000+00:00,094623,2375.0,1,0,0,0,0,13366,498,13366,0,0,0,0,4651,-28608,8278,6,4480,0,129,0,0,0,0,0,0,0,0,0,31082107,2018,0.56,926.85,3301.8,0,52.9,98.3,67.7,40.8,59.4,515.1,58.2,605.1,150.3,154.9,1060.1,361437,1545,12.79,91.3,1500,2.68,1.17,29.7,40.2,60,23,12174136,72420,60.82,3408.41,0,1200,400,720,240,4200,7500,8500,102,1.5,6000,0,0,0,0,0,70.77,30,66.81,70.34,60.4,0,0
2026-08-10T17:31:13.032000+09:00,2026-08-10T08:31:13.032000+00:00,094623,2259.0,1,0,0,0,0,13366,496,13366,0,0,0,0,4651,-28608,10326,6,4480,0,129,0,0,0,0,0,0,0,0,0,31082107,2018,0.48,837.73,3096.71,0,53.2,98.8,67.9,40.7,59.7,525.6,56.8,608.2,158.2,163.7,1053.7,361437,1545,12.58,88.4,1490,2.72,1.15,29.2,41.5,60,24.49,12174140,72420,78.14,3408.41,0,1200,400,720,240,4200,7500,8500,102,1.5,6000,0,0,0,0,0,71.69,30,70.41,61.59,60.4,0,0
2026-08-10T17:32:13.136000+09:00,2026-08-10T08:32:13.136000+00:00,094623,2406.7,1,0,0,0,0,13366,495,13366,0,0,0,0,4651,-28608,10326,6,4480,0,129,0,0,0,0,0,0,0,0,0,31082107,2018,0.51,918.3,3324.99,0,53.2,96.8,67.8,40.7,59.9,526.4,54.9,607.7,146,146.6,1042.9,361437,1545,12.58,89.3,1490,2.7,1.16,29.5,40.4,60,24.5,12174144,72420,71.14,3408.41,0,1200,400,720,240,4200,7500,8500,102,1.5,6000,0,0,0,0,0,71.31,30,63.34,62.42,60.3,0,0
2026-08-10T17:33:13.280000+09:00,2026-08-10T08:33:13.280000+00:00,094623,1946.2,1,0,0,0,0,13366,499,13366,0,0,0,0,4651,-28608,10326,6,4992,0,129,0,0,0,0,0,0,0,0,0,31082107,2018,0.51,621.66,2567.83,0,53.4,98.8,67.7,40.6,60.2,524.6,54.8,613.7,143.3,142.8,1073.6,361437,1545,12.85,89.8,1500,2.8,1.12,24.1,34.8,60,13.73,12174147,72420,72.02,3408.41,0,1200,400,720,240,4200,7500,8500,102,1.5,6000,0,0,0,0,0,63.8,30,62.25,56.5,60.3,0,0
2026-08-10T17:34:13.370000+09:00,2026-08-10T08:34:13.370000+00:00,094623,1494.5,1,0,0,0,0,13366,508,13366,0,0,0,0,4651,-28608,10326,518,4992,0,129,0,0,0,0,0,0,0,0,0,31082107,2018,0.51,554.52,2049.01,0,53.3,97.1,68.4,40.7,60.1,520.4,58.3,604.7,133.4,131.8,1058.5,361438,1546,12.59,91,1510,2.86,1.04,21.7,33,60,11.38,12174149,72420,60.54,3408.41,0,1200,400,720,240,4200,7500,8500,102,1.5,6000,0,0,0,0,0,64.94,30,55.8,60.06,60.4,0,0
2026-08-10T17:35:13.466000+09:00,2026-08-10T08:35:13.466000+00:00,094623,2116.2,1,0,0,0,0,13366,494,13366,0,0,0,0,4655,-28608,18518,6,4480,528,129,0,0,0,0,0,0,0,0,0,31082107,2018,0.54,780.36,2896.51,0,53.2,98.4,68.5,40.7,59.7,516.4,56.7,607.5,131.9,130.6,1076.4,361438,1546,12.56,91.2,1490,2.71,1.19,28.5,41.2,60,20.45,12174152,72420,64.92,3408.41,0,1200,400,720,240,4200,7500,8500,102,1.5,6000,0,0,0,0,0,71.55,30,65.57,67.77,60.4,0,0
2026-08-10T17:36:13.568000+09:00,2026-08-10T08:36:13.568000+00:00,094623,1881.5,1,0,0,0,0,13366,501,13366,0,0,0,0,4655,-28608,10326,590,4992,8192,129,0,0,0,0,0,0,0,0,0,31082107,2018,0.49,642.41,2523.88,0,53.4,99.6,68,40.7,59.9,524.8,57.2,615.3,139.9,139.6,1045.2,361438,1546,12.68,89.3,1510,2.79,1.1,24.5,36.2,60,16.02,12174155,72420,75.45,3408.41,0,1200,400,720,240,4200,7500,8500,102,1.5,6000,0,0,0,0,0,66.98,30,67.11,59.01,60.4,0,0
2026-08-10T17:37:13.675000+09:00,2026-08-10T08:37:13.675000+00:00,094623,1341.9,1,0,0,0,0,13366,498,13366,0,0,0,0,4651,-28608,10326,6,4992,0,129,0,0,0,0,0,0,0,0,0,31082107,2018,0.47,298.17,1640.06,0,53.3,96.2,67.9,40.7,59.7,524.2,56.1,603.8,130.9,129.7,1016.7,361438,1546,12.62,90.5,1470,2.74,0.79,23.5,38.9,60,11.34,12174157,72420,62.21,3408.41,0,1200,400,720,240,4200,7500,8500,102,1.5,6000,0,0,0,0,0,64.24,30,53.95,59.65,60.4,0,0
2026-08-10T17:38:13.781000+09:00,2026-08-10T08:38:13.781000+00:00,094623,1998.7,1,0,0,0,0,13366,493,13366,0,0,0,0,4655,-28608,12374,590,4480,8200,129,0,0,0,0,0,0,0,0,0,31082107,2018,0.33,826.75,2825.4,0,53.1,98.7,67.8,40.7,59.4,516.1,55.9,601.7,129.8,128.8,1033.5,361438,1546,12.75,91,1490,2.67,1.21,27.2,39.3,60,16.56,12174159,72420,64.24,3408.42,0,1200,400,720,240,4200,7500,8500,102,1.5,6000,0,0,0,0,0,67.55,30,65.6,66.12,60.4,0,0
2026-08-10T17:39:13.865000+09:00,2026-08-10T08:39:13.865000+00:00,094623,1793.6,1,0,0,0,0,13366,500,13366,0,0,0,0,4655,-26560,10326,6,4993,0,129,0,0,0,0,2,0,0,0,0,31082107,2018,0.24,603.35,2396.92,0,53.3,99.5,68,40.6,59.5,522,57,607.8,138.2,138,1045.4,361438,1546,12.68,89.1,1500,2.74,1.12,24,35.9,60,14.1,12174163,72420,74.39,3408.42,0,1200,400,720,240,4200,7500,8500,102,1.5,6000,0,0,0,0,0,65.5,30,66.19,58.03,60.4,0,0
2026-08-10T17:40:13.964000+09:00,2026-08-10T08:40:13.964000+00:00,094623,1705.7,1,0,0,0,0,13366,520,13366,0,0,0,0,4651,-28608,18518,6,4992,528,129,0,0,0,0,2,0,0,0,0,31082107,2018,0.33,683.92,2389.6,0,53.1,95.8,68.3,40.7,59.4,516.4,55.4,602.5,130.6,129.7,1045.2,361439,1547,12.44,89.5,1560,2.87,1.05,23.2,33.5,60,15.55,12174165,72420,57.96,3408.42,0,1200,400,720,240,4200,7500,8500,102,1.5,6000,0,0,0,0,0,66.99,30,54.65,58.52,60.4,0,0
2026-08-10T17:41:14.056000+09:00,2026-08-10T08:41:14.056000+00:00,094623,2191.8,1,0,0,0,0,13366,493,13366,0,0,0,0,4651,-28608,10326,6,4480,0,129,0,0,0,0,2,0,0,0,0,31082107,2018,0.32,864.59,3056.43,0,52.8,98.7,68,40.6,59.1,513,55.2,602.7,131.4,130.6,1043.6,361439,1547,12.88,92,1490,2.66,1.21,28.5,39.8,60,19.51,12174167,72420,60.78,3408.42,0,1200,400,720,240,4200,7500,8500,102,1.5,6000,0,0,0,0,0,69.78,30,65.81,70.48,60.4,0,0
2026-08-10T17:42:14.153000+09:00,2026-08-10T08:42:14.153000+00:00,094623,1764.3,1,0,0,0,0,13366,499,13366,0,0,0,0,4651,-28608,10326,6,4992,0,129,0,0,0,0,2,0,0,0,0,31082107,2018,0.19,604.57,2368.85,0,53.1,99.3,68,40.6,59.4,519.9,55.9,610.7,138.4,138.3,1053.3,361439,1547,12.7,88.4,1500,2.75,1.12,23.8,35.7,60,13.07,12174170,72420,79.54,3408.42,0,1200,400,720,240,4200,7500,8500,102,1.5,6000,0,0,0,0,0,65.5,30,65.89,55.62,60.4,0,0
2026-08-10T17:43:14.318000+09:00,2026-08-10T08:43:14.318000+00:00,094623,1418.8,1,0,0,0,0,13366,492,13366,0,0,0,0,4651,-28608,12438,6,21408,72,129,0,0,0,0,2,0,0,0,0,31082107,2018,0.32,476.39,1895.2,0,52.8,95.9,67.9,40.6,59.2,521.2,56.3,601.5,130.3,129.2,1053.5,361439,1547,12.63,89.7,1480,2.7,1.1,22.1,36.4,60,11.38,12174173,72420,54.07,3408.42,0,1200,400,720,240,4200,7500,8500,102,1.5,6000,0,0,0,0,0,64.19,30,52.14,56.66,60.3,0,0
2026-08-10T17:44:14.359000+09:00,2026-08-10T08:44:14.359000+00:00,094623,2317.6,1,0,0,0,0,13366,493,13366,0,0,0,0,4651,-28608,10326,6,4480,0,129,0,0,0,0,2,0,0,0,0,31082107,2018,0.32,913.42,3230.99,0,52.7,98.7,67.6,40.6,58.8,513.8,57.4,603.3,130.6,129.7,1032.3,361439,1547,12.35,92.2,1490,2.66,1.22,29.4,40.6,60,21.04,12174175,72420,61.12,3408.42,0,1200,400,720,240,4200,7500,8500,102,1.5,6000,0,0,0,0,0,69.26,30,66.75,71.71,60.4,0,0
2026-08-10T17:45:14.467000+09:00,2026-08-10T08:45:14.467000+00:00,094623,2218.7,1,0,0,0,0,13366,494,13366,0,0,0,0,4651,-28608,18534,6,13188,528,129,0,0,0,0,2,0,0,0,0,31082107,2018,0.21,863.37,3082.06,0,53,99.8,67.8,40.5,59.2,516.4,58.3,606.4,138.1,137.9,1034.3,361439,1547,12.75,88.3,1550,2.65,1.15,26.6,34.9,60,11.96,12174178,72420,79.81,3408.42,0,1200,400,720,240,4200,7500,8500,102,1.5,6000,0,0,0,0,0,63.38,30,66.6,54.15,60.3,0,0
2026-08-10T17:46:14.611000+09:00,2026-08-10T08:46:14.611000+00:00,094623,1992.6,1,0,0,0,0,13366,439,13366,0,0,0,0,4651,-28608,10326,6,4992,0,129,0,0,0,0,2,0,0,0,0,31082107,2018,0.32,742.51,2735.07,0,52.5,95.5,68.2,40.5,59.1,518.9,60.6,600.1,131.2,130.4,1042.7,361440,1548,12.69,89.7,1380,2.41,1.4,27.2,37.4,60,10.18,12174180,72420,51.82,3408.42,0,1200,400,720,240,4200,7500,8500,102,1.5,6000,0,0,0,0,0,63.63,30,50.04,55.41,60.4,0,0
2026-08-10T17:47:14.702000+09:00,2026-08-10T08:47:14.702000+00:00,094623,2472.6,1,0,0,0,0,13366,496,13366,0,0,0,0,4651,-28608,10326,6,4480,0,129,0,0,0,0,2,0,0,0,0,31082107,2018,0.3,1094.09,3566.7,0,52.4,98.9,67.8,40.6,58.8,510.6,58.4,603.6,134.8,134.2,1046.7,361440,1548,12.67,91.8,1500,2.67,1.18,30.3,39.3,60,23.01,12174182,72420,63.46,3408.43,0,1200,400,720,240,4200,7500,8500,102,1.5,6000,0,0,0,0,0,70.59,30,68.35,71.13,60.4,0,0
2026-08-10T17:48:14.797000+09:00,2026-08-10T08:48:14.797000+00:00,094623,1553.1,1,0,0,0,0,13366,498,13366,0,0,0,0,4651,-28608,12374,6,5024,72,129,0,0,0,0,2,0,0,0,0,31082107,2018,0.22,489.82,2042.91,0,52.8,98.3,68.1,40.5,59.2,522.8,58.1,605.3,138,137.5,1017.2,361440,1548,12.42,88.2,1500,2.75,1.13,23.1,37.6,60,12.53,12174186,72420,80.2,3408.43,0,1200,400,720,240,4200,7500,8500,102,1.5,6000,0,0,0,0,0,64.96,30,62.22,53.53,60.4,0,0
2026-08-10T17:49:14.894000+09:00,2026-08-10T08:49:14.894000+00:00,094623,1426.1,1,0,0,0,0,13366,497,13366,0,0,0,0,4651,-26560,10326,6,4992,0,129,0,0,0,0,2,0,0,0,0,31082107,2018,0.34,478.83,1904.96,0,52.5,96.4,67.9,40.5,58.8,523.7,59.8,597.3,129.4,128.4,1032.8,361440,1548,12.67,90,1500,2.73,1.13,22.5,37.5,60,10.85,12174188,72420,52.14,3408.43,0,1200,400,720,240,4200,7500,8500,102,1.5,6000,0,0,0,0,0,63.73,30,53.26,56.86,60.4,0,0
2026-08-10T17:50:14.988000+09:00,2026-08-10T08:50:14.988000+00:00,094623,2342.0,1,0,0,0,0,13366,495,13366,0,0,0,0,4651,-28608,18518,6,4480,528,129,0,0,0,0,2,0,0,0,0,31082107,2018,0.24,948.82,3290.81,0,52.4,98.6,67.5,40.5,58.4,513.1,58.7,601.4,131.4,130.7,1027.4,361440,1548,12.53,92.1,1490,2.73,1.2,29.7,40.4,60,21.7,12174190,72420,64.1,3408.43,0,1200,400,720,240,4200,7500,8500,102,1.5,6000,0,0,0,0,0,68.77,30,66.66,71.87,60.4,0,0
2026-08-10T17:51:15.069000+09:00,2026-08-10T08:51:15.069000+00:00,094623,1749.6,1,0,0,0,0,13366,500,13366,0,0,0,0,4651,-28608,10326,6,4992,0,129,0,0,0,0,2,0,0,0,0,31082107,2018,0.21,603.35,2352.98,0,52.7,98.3,67.9,40.4,58.9,520.2,56.9,605.7,139.3,139.2,1028.1,361440,1548,12.87,88.1,1500,2.8,1.13,23.6,35.6,60,12.92,12174194,72420,78.93,3408.43,0,1200,400,720,240,4200,7500,8500,102,1.5,6000,0,0,0,0,0,63.64,30,62.13,53.57,60.4,0,0
2026-08-10T17:52:15.160000+09:00,2026-08-10T08:52:15.160000+00:00,094623,1588.5,1,0,0,0,0,13366,490,13366,0,0,0,0,4651,-28608,10326,6,4992,0,129,0,0,0,0,2,0,0,0,0,31082107,2018,0.33,593.58,2182.07,0,52.4,96.5,68.2,40.4,58.8,517.1,59.9,602.2,133.7,133.1,1067.1,361441,1549,12.48,90.3,1470,2.74,1.11,23,34.9,60,11.24,12174196,72420,50.56,3408.43,0,1200,400,720,240,4200,7500,8500,102,1.5,6000,0,0,0,0,0,63.71,30,53.5,57.64,60.4,0,0
2026-08-10T17:53:15.251000+09:00,2026-08-10T08:53:15.251000+00:00,094623,2322.5,1,0,0,0,0,13366,494,13366,0,0,0,0,4651,-28608,12374,6,4512,72,129,0,0,0,0,2,0,0,0,0,31082107,2018,0.3,984.22,3306.68,0,52.4,99,68,40.4,58.6,510.8,57,603.5,135,134.5,1052.3,361441,1549,12.76,92.3,1490,2.72,1.19,29.6,40.1,60,20.95,12174198,72420,62.15,3408.43,0,1200,400,720,240,4200,7500,8500,102,1.5,6000,0,0,0,0,0,69.67,30,67.56,71.67,60.4,0,0
2026-08-10T17:54:15.336000+09:00,2026-08-10T08:54:15.336000+00:00,094623,1695.9,1,0,0,0,0,13366,499,13366,0,0,0,0,4651,-28608,10326,6,4992,0,129,0,0,0,0,2,0,0,0,0,31082107,2018,0.23,514.24,2210.15,0,52.7,98.3,68.1,40.3,59.1,519.5,57.1,607.6,139.3,139,1033.9,361441,1549,12.86,88.2,1500,2.8,1.13,23.5,36.2,60,12.71,12174201,72420,78.63,3408.43,0,1200,400,720,240,4200,7500,8500,102,1.5,6000,0,0,0,0,0,64.36,30,61.86,53.73,60.4,0,0
2026-08-10T17:55:15.446000+09:00,2026-08-10T08:55:15.446000+00:00,094623,1444.4,1,0,0,0,0,13366,496,13366,0,0,0,0,4651,-28608,18518,6,4992,16,129,0,0,0,0,2,0,0,0,0,31082107,2018,0.34,447.1,1891.54,0,52.4,96.9,68.1,40.3,58.8,521.6,56.7,598.2,131.1,130,999.1,361441,1549,12.87,90.6,1490,2.78,1.12,22.5,37.3,60,11.05,12174203,72420,53.29,3408.43,0,1200,400,720,240,4200,7500,8500,102,1.5,6000,0,0,0,0,0,63.89,30,54.97,58.66,60.4,0,0
2026-08-10T17:56:15.540000+09:00,2026-08-10T08:56:15.540000+00:00,094623,2227.2,1,0,0,0,0,13366,494,13366,0,0,0,0,4655,-28608,10326,518,4480,0,129,0,0,0,0,2,0,0,0,0,31082107,2018,0.31,827.97,3055.21,0,52.3,98.2,67.8,40.4,58.3,514.4,59.4,601.3,131.1,130.2,1031.6,361441,1549,12.9,92,1490,2.72,1.19,29.2,41.7,60,21.1,12174206,72420,63.92,3408.44,0,1200,400,720,240,4200,7500,8500,102,1.5,6000,0,0,0,0,0,69.37,30,65.19,71.03,60.4,0,0
2026-08-10T17:57:15.641000+09:00,2026-08-10T08:57:15.641000+00:00,094623,1902.2,1,0,0,0,0,13366,501,13366,0,0,0,0,4651,-28608,10326,6,4992,0,129,0,0,0,0,2,0,0,0,0,31082107,2018,0.22,729.09,2631.31,0,52.6,99,67.9,40.3,58.7,522,56.7,607.2,140.8,140.6,1044.6,361441,1549,12.4,88.1,1510,2.8,1.1,24.5,35.2,60,15.42,12174209,72420,79.44,3408.44,0,1200,400,720,240,4200,7500,8500,102,1.5,6000,0,0,0,0,0,64.97,30,65.51,54.76,60.4,0,0
2026-08-10T17:58:15.732000+09:00,2026-08-10T08:58:15.732000+00:00,094623,1831.4,1,0,0,0,0,13366,476,13366,0,0,0,0,4651,-28608,12374,6,5024,72,129,0,0,0,0,2,0,0,0,0,31082107,2018,0.35,600.91,2432.32,0,52.2,96.5,67.9,40.3,58.6,519.2,59.8,601.2,134.1,133.2,1062.4,361442,1550,12.28,89.8,1320,2.63,1.96,26.5,38.2,60,11.11,12174211,72420,51.38,3408.44,0,1200,400,720,240,4200,7500,8500,102,1.5,6000,0,0,0,0,0,62.35,30,53.44,55.18,60.3,0,0
2026-08-10T17:59:15.834000+09:00,2026-08-10T08:59:15.834000+00:00,094623,1981.6,1,0,0,0,0,13366,493,13366,0,0,0,0,4655,-28608,10326,518,4480,0,129,0,0,0,0,0,0,0,0,0,31082107,2018,0.35,808.43,2790,0,52.2,98.2,67.9,40.3,58.4,514.4,62.1,600.9,132.7,131.9,1090.8,361442,1550,12.74,92.8,1490,2.74,1.21,27.4,39.9,60,17.27,12174214,72420,59.02,3408.44,0,1200,400,720,240,4200,7500,8500,102,1.5,6000,0,0,0,0,0,66.72,30,62.92,70.08,60.4,0,0
2026-08-10T18:00:15.913000+09:00,2026-08-10T09:00:15.913000+00:00,094623,1759.4,1,0,0,0,0,13366,502,13366,0,0,0,0,4655,-26560,10390,518,21376,0,129,0,0,0,0,2,0,0,0,0,31082107,2018,0.23,534.99,2294.38,0,52.6,99.6,68,40.3,58.6,523.5,58.5,607.2,141.1,140.7,1052.4,361442,1550,12.77,88.4,1510,2.82,1.1,24.1,37,60,15.24,12174217,72420,82.01,3408.44,0,1200,400,720,240,4200,7500,8500,102,1.5,6000,0,0,0,0,0,64.97,30,66.99,56.11,60.4,0,0
2026-08-10T18:01:16.002000+09:00,2026-08-10T09:01:16.002000+00:00,094623,1702.0,1,0,0,0,0,13366,462,13366,0,0,0,0,4651,-28608,10326,6,4992,0,129,0,0,0,0,2,0,0,0,0,31082107,2018,0.32,558.18,2260.2,0,52.2,96.2,67.9,40.3,58.5,523.1,68.8,597.1,131.5,130.5,1054.4,361442,1550,12.71,89.5,1320,2.61,1.95,26.4,40.2,60,11.17,12174219,72420,50.34,3408.44,0,1200,400,720,240,4200,7500,8500,102,1.5,6000,0,0,0,0,0,62,30,52.38,54.16,60.4,0,0
2026-08-10T18:02:16.107000+09:00,2026-08-10T09:02:16.107000+00:00,094623,2040.2,1,0,0,0,0,13366,493,13366,0,0,0,0,4651,-28608,10390,6,20864,0,129,0,0,0,0,0,0,0,0,0,31082107,2018,0.37,755.94,2796.11,0,52.1,98.4,67.7,40.3,58.1,514.9,67.6,599.5,131.8,130.9,1047.4,361442,1550,12.68,92.5,1490,2.74,1.2,27.2,39.4,60,17.68,12174221,72420,57.85,3408.44,0,1200,400,720,240,4200,7500,8500,102,1.5,6000,0,0,0,0,0,65.81,30,63.12,68.79,60.4,0,0
2026-08-10T18:03:16.202000+09:00,2026-08-10T09:03:16.202000+00:00,094623,1844.8,1,0,0,0,0,13366,501,13366,0,0,0,0,4651,-28608,12374,6,5024,8,129,0,0,0,0,2,0,0,0,0,31082107,2018,0.23,619.22,2464.06,0,52.5,99.8,68,40.2,58.4,521.6,61.4,606.4,141.1,140.8,1051.5,361442,1550,12.63,88.4,1510,2.81,1.11,24.2,35.9,60,14.66,12174225,72420,82.04,3408.44,0,1200,400,720,240,4200,7500,8500,102,1.5,6000,0,0,0,0,0,64.2,30,66.93,55.68,60.3,0,0
2026-08-10T18:04:16.308000+09:00,2026-08-10T09:04:16.308000+00:00,094623,2017.0,1,0,0,0,0,13366,506,13366,0,0,0,0,4655,-28608,10342,6,13188,0,129,0,0,0,0,2,0,0,0,0,31082107,2018,0.3,834.07,2851.04,0,52.2,96.5,68.1,40.2,58.4,517.7,65.8,598.3,133.4,132.5,1037.9,361443,1551,12.53,89.7,1580,2.92,1.13,26.3,36.3,60,10.46,12174227,72420,51.65,3408.44,0,1200,400,720,240,4200,7500,8500,102,1.5,6000,0,0,0,0,0,66.1,30,57.03,58.78,60.4,0,0
2026-08-10T18:05:16.402000+09:00,2026-08-10T09:05:16.402000+00:00,094623,2073.4,1,0,0,0,0,13366,493,13366,0,0,0,0,4655,-28608,10326,6,4480,0,129,0,0,0,0,2,0,0,0,0,31082107,2018,0.34,816.98,2890.41,0,52.1,98,67.8,40.3,58.2,512.7,63.1,601.9,134.1,133.2,1032.2,361443,1551,12.7,91.8,1490,2.73,1.2,27.7,39.6,60,18.85,12174229,72420,62.41,3408.45,0,1200,400,720,240,4200,7500,8500,102,1.5,6000,0,0,0,0,0,66.52,30,62.8,67.58,60.4,0,0
2026-08-10T18:06:16.497000+09:00,2026-08-10T09:06:16.497000+00:00,094623,1838.7,1,0,0,0,0,13366,501,13366,0,0,0,0,4651,-28608,10326,6,4992,0,129,0,0,0,0,2,0,0,0,0,31082107,2018,0.24,701.01,2539.75,0,52.4,99.8,67.9,40.2,58.5,520.6,59.7,606.9,142.6,142.1,1063.2,361443,1551,12.69,88.5,1510,2.81,1.12,24.1,35.1,60,14.4,12174233,72420,80.77,3408.45,0,1200,400,720,240,4200,7500,8500,102,1.5,6000,0,0,0,0,0,63.67,30,66.74,55.59,60.3,0,0
2026-08-10T18:07:16.600000+09:00,2026-08-10T09:07:16.600000+00:00,094623,1898.6,1,0,0,0,0,13366,522,13366,0,0,0,0,4651,-28608,10326,6,4992,0,129,0,0,0,0,2,0,0,0,0,31082107,2018,0.31,869.47,2768.03,0,52.1,96.3,68.2,40.1,58.4,515.6,61.5,600.8,134.8,133.7,1043.7,361443,1551,12.76,90.3,1570,2.94,1.1,25.1,34.5,60,12.87,12174235,72420,53.81,3408.45,0,1200,400,720,240,4200,7500,8500,102,1.5,6000,0,0,0,0,0,66.39,30,56.56,60.92,60.4,0,0
2026-08-10T18:08:16.680000+09:00,2026-08-10T09:08:16.680000+00:00,094623,2053.9,1,0,0,0,0,13366,493,13366,0,0,0,0,4651,-28608,10326,6,4480,528,129,0,0,0,0,2,0,0,0,0,31082107,2018,0.32,840.17,2894.07,0,52,98,68.1,40.1,58.2,514.7,62.2,599,133.9,132.6,1052.2,361443,1551,12.85,91.1,1490,2.74,1.2,27.9,40.2,60,18.63,12174237,72420,61.89,3408.45,0,1200,400,720,240,4200,7500,8500,102,1.5,6000,0,0,0,0,0,67.85,30,62.91,65.74,60.4,0,0
2026-08-10T18:09:16.792000+09:00,2026-08-10T09:09:16.792000+00:00,094623,1803.3,1,0,0,0,0,13366,500,13366,0,0,0,0,4651,-28608,10326,6,4992,0,129,0,0,0,0,2,0,0,0,0,31082107,2018,0.26,593.58,2396.92,0,52.2,99.6,67.8,40,58.4,519.8,73.3,605.6,142.9,142.2,1072.6,361443,1551,12.75,89.2,1510,2.81,1.11,23.8,35.3,60,13.5,12174240,72420,77.49,3408.45,0,1200,400,720,240,4200,7500,8500,102,1.5,6000,0,0,0,0,0,63.15,30,65.64,57.04,60.4,0,0
2026-08-10T18:10:16.873000+09:00,2026-08-10T09:10:16.873000+00:00,094623,1385.8,1,0,0,0,0,13366,507,13366,0,0,0,0,4651,-28608,10326,6,4992,0,129,0,0,0,0,2,0,0,0,0,31082107,2018,0.3,476.39,1862.24,0,52,96.4,68.1,40.1,58.3,520.3,72.2,600.4,132.4,131.1,1020.9,361444,1552,12.77,89.7,1510,2.88,1.04,21.2,34.4,60,12.78,12174242,72420,55.33,3408.45,0,1200,400,720,240,4200,7500,8500,102,1.5,6000,0,0,0,0,0,63.01,30,53.38,56.23,60.4,0,0
2026-08-10T18:11:16.980000+09:00,2026-08-10T09:11:16.980000+00:00,094623,2221.1,1,0,0,0,0,13366,493,13366,0,0,0,0,4651,-28608,10326,6,4480,0,129,0,0,0,0,2,0,0,0,0,31082107,2018,0.34,852.38,3073.52,0,51.9,98.4,67.8,40.1,57.9,513.6,68.3,599.3,132.9,131.8,1047.2,361444,1552,12.82,91.5,1490,2.71,1.2,28.6,40.4,60,20.24,12174244,72420,58.26,3408.45,0,1200,400,720,240,4200,7500,8500,102,1.5,6000,0,0,0,0,0,67.61,30,64.66,67.63,60.4,0,0
2026-08-10T18:12:17.068000+09:00,2026-08-10T09:12:17.068000+00:00,094623,1897.3,1,0,0,0,0,13366,500,13366,0,0,0,0,4651,-28608,10326,6,4992,0,129,0,0,0,0,2,0,0,0,0,31082107,2018,0.26,691.24,2588.58,0,52.2,99.4,67.9,40,58.3,519.7,67,607.2,143.4,142.8,1044.6,361444,1552,12.82,88.8,1510,2.81,1.11,24.2,34.8,60,13.94,12174248,72420,79.25,3408.45,0,1200,400,720,240,4200,7500,8500,102,1.5,6000,0,0,0,0,0,63.23,30,65.16,55.97,60.4,0,0
2026-08-10T18:13:17.161000+09:00,2026-08-10T09:13:17.161000+00:00,094623,1778.9,1,0,0,0,0,13366,521,13366,0,0,0,0,4651,-28608,18518,6,4992,528,129,0,0,0,0,2,0,0,0,0,31082107,2018,0.33,698.57,2477.49,0,52,96.6,68.2,40,58.3,515.9,63.3,599.1,135.4,134.1,1042.2,361444,1552,12.88,90.1,1570,2.95,1.07,23.8,34,60,15.95,12174250,72420,53.79,3408.45,0,1200,400,720,240,4200,7500,8500,102,1.5,6000,0,0,0,0,0,64.96,30,56.17,58.96,60.3,0,0
2026-08-10T18:14:17.243000+09:00,2026-08-10T09:14:17.243000+00:00,094623,2133.2,1,0,0,0,0,13366,494,13366,0,0,0,0,4655,-28608,10326,6,4480,0,129,0,0,0,0,2,0,0,0,0,31082107,2018,0.3,809.66,2942.9,0,51.8,98.4,68.1,39.9,58,513.8,61.5,598.7,134.3,133.2,1044.9,361444,1552,12.69,91.6,1490,2.73,1.2,28.1,40.2,60,19.48,12174252,72420,62.88,3408.45,0,1200,400,720,240,4200,7500,8500,102,1.5,6000,0,0,0,0,0,67.72,30,63.84,67.98,60.4,0,0
2026-08-10T18:15:17.325000+09:00,2026-08-10T09:15:17.325000+00:00,094623,1789.9,1,0,0,0,0,13366,500,13366,0,0,0,0,4651,-28608,10326,6,4992,0,129,0,0,0,0,2,0,0,0,0,31082107,2018,0.24,556.96,2346.87,0,52,98.6,67.8,39.9,58.3,519,61.3,608.1,143,142.3,1055.2,361444,1552,12.81,88.7,1510,2.82,1.11,23.7,35.6,60,13.17,12174256,72420,77.51,3408.46,0,1200,400,720,240,4200,7500,8500,102,1.5,6000,0,0,0,0,0,62.54,30,62.36,55.22,60.3,0,0
2026-08-10T18:16:17.409000+09:00,2026-08-10T09:16:17.409000+00:00,094623,1451.8,1,0,0,0,0,13366,491,13366,0,0,0,0,4651,-28608,12374,518,5024,72,129,0,0,0,0,2,0,0,0,0,31082107,2018,0.32,510.57,1962.34,0,51.7,96.9,68,39.9,58.2,519.5,66.5,600.1,134.5,133.3,1029,361445,1553,12.67,90.5,1470,2.77,1.09,22.2,35.5,60,11.41,12174258,72420,54.24,3408.46,0,1200,400,720,240,4200,7500,8500,102,1.5,6000,0,0,0,0,0,62.09,30,54.19,58.23,60.4,0,0
2026-08-10T18:17:17.491000+09:00,2026-08-10T09:17:17.491000+00:00,094623,2234.6,1,0,0,0,0,13366,494,13366,0,0,0,0,4651,-28608,10326,518,4480,0,129,0,0,0,0,2,0,0,0,0,31082107,2018,0.28,859.71,3094.27,0,51.8,98.4,67.9,39.9,57.8,512.3,63.4,598.4,135.6,134.3,1044.6,361445,1553,12.48,91.8,1490,2.73,1.19,28.9,40.6,60,20.36,12174260,72420,63.01,3408.46,0,1200,400,720,240,4200,7500,8500,102,1.5,6000,0,0,0,0,0,68.02,30,65,69.95,60.4,0,0
2026-08-10T18:18:17.581000+09:00,2026-08-10T09:18:17.581000+00:00,094623,2459.2,1,0,0,0,0,13366,495,13366,0,0,0,0,4651,-28608,18518,6,4480,528,129,0,0,0,0,2,0,0,0,0,31082107,2018,0.27,928.07,3387.25,0,52.1,98.7,67.8,39.8,58.2,519.8,61.6,605.9,145,144.1,1064.8,361445,1553,12.56,88,1490,2.74,1.15,29.7,40,60,24.29,12174264,72420,79.88,3408.46,0,1200,400,720,240,4200,7500,8500,102,1.5,6000,0,0,0,0,0,69.43,30,69.61,59.87,60.4,0,0
2026-08-10T18:19:17.675000+09:00,2026-08-10T09:19:17.675000+00:00,094623,1915.6,1,0,0,0,0,13366,499,13366,0,0,0,0,4651,-28608,10390,518,21376,0,129,0,0,0,0,2,0,0,0,0,31082107,2018,0.33,655.84,2571.49,0,52,97.1,67.8,39.8,58.5,520.1,61.2,604.9,146.6,145.6,1081.1,361445,1553,12.26,89.1,1500,2.81,1.14,24.1,34.4,60,12.46,12174267,72420,67.21,3408.46,0,1200,400,720,240,4200,7500,8500,102,1.5,6000,0,0,0,0,0,62.01,30,56.05,53.18,60.4,0,0
2026-08-10T18:20:17.790000+09:00,2026-08-10T09:20:17.790000+00:00,094623,1551.9,1,0,0,0,0,13366,494,13366,0,0,0,0,4651,-28608,10326,6,4992,0,129,0,0,0,0,2,0,0,0,0,31082107,2018,0.38,614.34,2166.2,0,51.9,97.8,68.2,39.8,58.5,519.2,60.1,601.4,139.5,138.2,1045.6,361445,1553,12.84,90.7,1490,2.79,1.13,23.1,35.5,60,11.24,12174269,72420,61.15,3408.46,0,1200,400,720,240,4200,7500,8500,102,1.5,6000,0,0,0,0,0,62.34,30,57.8,57.52,60.4,0,0
2026-08-10T18:21:17.873000+09:00,2026-08-10T09:21:17.873000+00:00,094623,2366.4,1,0,0,0,0,13366,495,13366,0,0,0,0,4655,-28608,12438,518,20896,72,129,0,0,0,0,2,0,0,0,0,31082107,2018,0.29,912.2,3278.6,0,51.9,97.9,68.3,39.8,58.2,512.7,61.7,600.1,139.7,138.2,1057.9,361445,1553,12.61,92,1490,2.66,1.18,29.4,39.7,60,21.11,12174272,72420,64.6,3408.46,0,1200,400,720,240,4200,7500,8500,102,1.5,6000,0,0,0,0,0,69.69,30,63.54,70.89,60.4,0,0
2026-08-10T18:22:17.979000+09:00,2026-08-10T09:22:17.979000+00:00,094623,1890.0,1,0,0,0,0,13366,453,13366,0,0,0,0,4651,-28608,10326,6,4992,0,129,0,0,0,0,2,0,0,0,0,31082107,2018,0.26,555.74,2445.75,0,52.1,99.2,68.1,39.7,58.5,520.2,61.4,603.6,143.1,142,1072,361446,1554,12.24,87.9,1320,2.53,1.9,26.8,38.8,60,12.31,12174275,72420,72.03,3408.46,0,1200,400,720,240,4200,7500,8500,102,1.5,6000,0,0,0,0,0,62.4,30,62.77,50.78,60.3,0,0
2026-08-10T18:23:18.077000+09:00,2026-08-10T09:23:18.077000+00:00,094623,1341.9,1,0,0,0,0,13366,495,13366,0,0,0,0,4651,-28608,18534,6,13188,528,129,0,0,0,0,2,0,0,0,0,31082107,2018,0.36,347,1688.89,0,51.8,96.7,68,39.7,58.1,524,61.2,596,134.1,132.9,1026.9,361446,1554,12.59,90.5,1470,2.72,1.32,22.9,39.5,60,11.02,12174277,72420,51.09,3408.46,0,1200,400,720,240,4200,7500,8500,102,1.5,6000,0,0,0,0,0,62.46,30,53.74,57.5,60.3,0,0
2026-08-10T18:24:18.161000+09:00,2026-08-10T09:24:18.161000+00:00,094623,2416.4,1,0,0,0,0,13366,495,13366,0,0,0,0,4651,-28608,10326,6,4480,0,129,0,0,0,0,2,0,0,0,0,31082107,2018,0.29,909.76,3326.21,0,51.8,98.3,67.7,39.7,57.7,514.3,62.5,597.4,136.1,135.1,1025.7,361446,1554,12.7,92.3,1490,2.67,1.19,29.8,40.5,60,22.75,12174279,72420,63.29,3408.47,0,1200,400,720,240,4200,7500,8500,102,1.5,6000,0,0,0,0,0,68.36,30,65.24,72.08,60.4,0,0
2026-08-10T18:25:18.300000+09:00,2026-08-10T09:25:18.300000+00:00,094623,1931.5,1,0,0,0,0,13366,523,13366,0,0,0,0,4655,-28608,10326,6,4992,0,129,0,0,0,0,2,0,0,0,0,31082107,2018,0.24,703.45,2634.97,0,52.1,98.4,67.9,39.6,58.1,518.6,60.6,599.9,141.4,140.6,1011.6,361446,1554,12.94,88,1570,2.9,1.08,25,35.3,60,12.56,12174283,72420,77.17,3408.47,0,1200,400,720,240,4200,7500,8500,102,1.5,6000,0,0,0,0,0,65.29,30,64.57,55.3,60.4,0,0
2026-08-10T18:26:18.388000+09:00,2026-08-10T09:26:18.388000+00:00,094623,1853.4,1,0,0,0,0,13366,523,13366,0,0,0,0,4651,-28608,12374,6,5024,72,129,0,0,0,0,2,0,0,0,0,31082107,2018,0.36,801.11,2654.5,0,51.6,97.4,68.1,39.6,57.9,519.5,60.1,595.1,134.2,133.2,1044,361446,1554,12.59,90.9,1570,2.89,1.1,25.2,35.6,60,9.96,12174285,72420,51.16,3408.47,0,1200,400,720,240,4200,7500,8500,102,1.5,6000,0,0,0,0,0,65.48,30,59.06,62.18,60.3,0,0
2026-08-10T18:27:18.478000+09:00,2026-08-10T09:27:18.478000+00:00,094623,2572.7,1,0,0,0,0,13366,496,13366,0,0,0,0,4651,-28608,10326,518,4480,0,129,0,0,0,0,2,0,0,0,0,31082107,2018,0.25,1050.14,3622.85,0,51.7,98.5,67.9,39.6,57.6,511.5,63.2,602.2,139.3,138.2,1034.8,361446,1554,12.71,91.4,1500,2.67,1.17,30,38.5,60,22.38,12174287,72420,66.6,3408.47,0,1200,400,720,240,4200,7500,8500,102,1.5,6000,0,0,0,0,0,68.81,30,66.68,69.98,60.3,0,0
2026-08-10T18:28:18.582000+09:00,2026-08-10T09:28:18.582000+00:00,094623,1576.3,1,0,0,0,0,13366,494,13366,0,0,0,0,4651,-28608,18518,6,4992,528,129,0,0,0,0,2,0,0,0,0,31082107,2018,0.25,497.15,2073.43,0,51.8,97.7,68,39.6,58.1,520.8,59.7,605.2,141,140,1065.5,361447,1555,12.87,88.2,1490,2.73,1.13,22.8,36.1,60,11.09,12174290,72420,72,3408.47,0,1200,400,720,240,4200,7500,8500,102,1.5,6000,0,0,0,0,0,61.69,30,58.79,51.77,60.4,0,0
2026-08-10T18:29:18.674000+09:00,2026-08-10T09:29:18.674000+00:00,094623,1560.4,1,0,0,0,0,13366,493,13366,0,0,0,0,4651,-28608,10326,518,4992,0,129,0,0,0,0,2,0,0,0,0,31082107,2018,0.34,558.18,2118.59,0,51.5,97.3,68.1,39.7,57.8,519.9,60.3,600.9,135.9,134.8,1049.5,361447,1555,12.71,90.4,1490,2.72,1.13,22.9,35.7,60,10.96,12174292,72420,54.91,3408.47,0,1200,400,720,240,4200,7500,8500,102,1.5,6000,0,0,0,0,0,62.18,30,55.4,57.59,60.3,0,0
2026-08-10T18:30:18.755000+09:00,2026-08-10T09:30:18.755000+00:00,094623,2575.2,1,0,0,0,0,13366,496,13366,0,0,0,0,4651,-28608,10326,6,4480,0,129,0,0,0,0,2,0,0,0,0,31082107,2018,0.27,1048.92,3624.07,0,51.5,98.8,67.9,39.6,57.6,512.7,58.1,606.9,141.3,140.5,1040.5,361447,1555,12.59,91.1,1500,2.68,1.17,30.2,39.1,60,23.93,12174295,72420,66.81,3408.47,0,1200,400,720,240,4200,7500,8500,102,1.5,6000,0,0,0,0,0,69.22,30,67.89,69.29,60.3,0,0
2026-08-10T18:31:18.861000+09:00,2026-08-10T09:31:18.861000+00:00,094623,1627.6,1,0,0,0,0,13366,499,13366,0,0,0,0,4651,-28608,12374,518,5024,72,129,0,0,0,0,2,0,0,0,0,31082107,2018,0.27,542.31,2169.87,0,51.7,97,68,39.6,58,520.9,59.8,605.9,141.2,140.5,1040,361447,1555,12.84,88.3,1500,2.76,1.14,23.1,35.8,60,10.91,12174298,72420,71.25,3408.47,0,1200,400,720,240,4200,7500,8500,102,1.5,6000,0,0,0,0,0,61.69,30,56.41,51.84,60.3,0,0
2026-08-10T18:32:18.960000+09:00,2026-08-10T09:32:18.960000+00:00,094623,1572.6,1,0,0,0,0,13366,498,13366,0,0,0,0,4651,-28608,10326,518,4992,0,129,0,0,0,0,2,0,0,0,0,31082107,2018,0.36,555.74,2128.36,0,51.4,97.8,68.1,39.5,57.8,519.8,61.2,602.3,136.3,135.5,1038.1,361447,1555,12.77,90.4,1500,2.75,1.14,23.2,36.3,60,10.64,12174300,72420,55.51,3408.47,0,1200,400,720,240,4200,7500,8500,102,1.5,6000,0,0,0,0,0,62.05,30,56.89,57.63,60.3,0,0
2026-08-10T18:33:19.056000+09:00,2026-08-10T09:33:19.056000+00:00,094623,2569.1,1,0,0,0,0,13366,497,13366,0,0,0,0,4655,-28608,18518,6,4480,16,129,0,0,0,0,2,0,0,0,0,31082107,2018,0.26,1059.91,3628.96,0,51.5,99.1,68,39.5,57.7,512.3,59.1,608.5,143.4,142.6,1035.9,361447,1555,12.59,90.9,1500,2.69,1.16,30,38.6,60,24,12174303,72420,73.33,3408.48,0,1200,400,720,240,4200,7500,8500,102,1.5,6000,0,0,0,0,0,69.55,30,68.91,68.75,60.3,0,0
2026-08-10T18:34:19.146000+09:00,2026-08-10T09:34:19.146000+00:00,094623,1455.4,1,0,0,0,0,13366,497,13366,0,0,0,0,4651,-28608,10326,6,4992,0,129,0,0,0,0,2,0,0,0,0,31082107,2018,0.26,364.08,1819.51,0,51.7,96.6,68.1,39.4,58.1,522,57.7,602.1,141.2,140.4,1044.6,361448,1556,12.62,87.9,1490,2.73,0.93,23.3,38.3,60,11.42,12174305,72420,70,3408.48,0,1200,400,720,240,4200,7500,8500,102,1.5,6000,0,0,0,0,0,62.04,30,55.27,50.22,60.3,0,0
2026-08-10T18:35:19.280000+09:00,2026-08-10T09:35:19.280000+00:00,094623,1547.0,1,0,0,0,0,13366,499,13366,0,0,0,0,4655,-28608,10326,590,4992,8193,129,0,0,0,0,2,0,0,0,0,31082107,2018,0.39,583.82,2130.8,0,51.3,98.1,68,39.4,57.7,521.6,62.8,599.4,135.4,134.5,1047.8,361448,1556,12.69,90.6,1500,2.76,1.15,23.1,36.3,60,11.26,12174307,72420,51.2,3408.48,0,1200,400,720,240,4200,7500,8500,102,1.5,6000,0,0,0,0,0,61.86,30,57.67,57.59,60.3,0,0
2026-08-10T18:36:19.384000+09:00,2026-08-10T09:36:19.384000+00:00,094623,2725.3,1,0,0,0,0,13366,497,13366,0,0,0,0,4655,-28608,12374,590,5024,8200,129,0,0,0,0,2,0,0,0,0,31082107,2018,0.25,1085.54,3810.85,0,51.5,99.2,67.8,39.3,57.6,513.2,63.1,607.5,143.6,142.9,1076.5,361448,1556,12.91,90.9,1500,2.7,1.16,30.4,37.9,60,23.3,12174310,72420,75.69,3408.48,0,1200,400,720,240,4200,7500,8500,102,1.5,6000,0,0,0,0,0,68.74,30,69.01,68.87,60.3,0,0
2026-08-10T18:37:19.452000+09:00,2026-08-10T09:37:19.452000+00:00,094623,1566.5,1,0,0,0,0,13366,491,13366,0,0,0,0,4651,-28608,10326,518,4992,0,129,0,0,0,0,2,0,0,0,0,31082107,2018,0.26,543.53,2110.05,0,51.6,96.6,68.1,39.3,58,518.6,61.5,604,140.4,139.5,1047.7,361448,1556,12.44,88.3,1480,2.72,1.1,22.6,34.9,60,11.12,12174313,72420,66.58,3408.48,0,1200,400,720,240,4200,7500,8500,102,1.5,6000,0,0,0,0,0,61.81,30,55.44,51.46,60.3,0,0
2026-08-10T18:38:19.549000+09:00,2026-08-10T09:38:19.549000+00:00,094623,1481.1,1,0,0,0,0,13366,493,13366,0,0,0,0,4655,-28608,10390,6,21376,0,129,0,0,0,0,2,0,0,0,0,31082107,2018,0.37,520.34,2001.4,0,51.4,98.2,68.1,39.3,57.8,518.3,60,599.6,136.3,135.4,1035.4,361448,1556,12.59,90.7,1480,2.73,1.08,22.1,34.5,60,11.26,12174315,72420,52.04,3408.48,0,1200,400,720,240,4200,7500,8500,102,1.5,6000,0,0,0,0,0,61.96,30,57.94,58.28,60.3,0,0
2026-08-10T18:39:19.618000+09:00,2026-08-10T09:39:19.618000+00:00,094623,2495.8,1,0,0,0,0,13366,498,13366,0,0,0,0,4651,-28608,10326,590,4480,8192,129,0,0,0,0,2,0,0,0,0,31082107,2018,0.27,903.65,3399.46,0,51.6,99.3,67.9,39.2,57.6,516.2,59.1,608.3,143.5,142.7,1039.2,361448,1556,12.61,90.6,1510,2.71,1.14,29.8,39.8,60,24.19,12174318,72420,78.62,3408.48,0,1200,400,720,240,4200,7500,8500,102,1.5,6000,0,0,0,0,0,69.33,30,70.13,68.26,60.3,0,0
2026-08-10T18:40:19.716000+09:00,2026-08-10T09:40:19.716000+00:00,094623,2426.2,1,0,0,0,0,13366,496,13366,0,0,0,0,4655,-28608,10342,590,12672,8192,129,0,0,0,0,2,0,0,0,0,31082107,2018,0.28,836.51,3262.73,0,51.8,96.8,68,39.2,58.1,523.9,59.1,609.3,147.7,146.7,1055.5,361449,1557,12.73,87.9,1500,2.68,1.15,29.3,40.3,60,23.83,12174322,72420,73.9,3408.48,0,1200,400,720,240,4200,7500,8500,102,1.5,6000,0,0,0,0,0,69.56,30,63.78,57.99,60.3,0,0
2026-08-10T18:41:19.811000+09:00,2026-08-10T09:41:19.811000+00:00,094623,2073.1,1,0,0,0,0,13366,501,13366,0,0,0,0,4651,-28608,12374,6,5024,8,129,0,0,0,0,2,0,0,0,0,31082107,2018,0.34,727.87,2800.99,0,51.8,97.6,67.9,39.2,58.4,525.2,56.4,611.8,149.9,148.8,1036.7,361449,1557,12.88,89.7,1510,2.75,1.12,25.2,35.6,60,16.52,12174326,72420,66.67,3408.48,0,1200,400,720,240,4200,7500,8500,102,1.5,6000,0,0,0,0,0,64.1,30,58.95,56.28,60.3,0,0
2026-08-10T18:42:19.913000+09:00,2026-08-10T09:42:19.913000+00:00,094623,1620.2,1,0,0,0,0,13366,498,13366,0,0,0,0,4651,-28608,10342,6,13188,0,129,0,0,0,0,2,0,0,0,0,31082107,2018,0.37,549.64,2169.87,0,51.8,97.4,68,39.2,58.3,521.8,57.5,605,141.2,140,1050.2,361449,1557,12.41,90.2,1500,2.74,1.14,23.3,35.9,60,11.24,12174328,72420,62.65,3408.49,0,1200,400,720,240,4200,7500,8500,102,1.5,6000,0,0,0,0,0,61.51,30,55.86,55.33,60.3,0,0
2026-08-10T18:43:19.990000+09:00,2026-08-10T09:43:19.990000+00:00,094623,1909.5,1,0,0,0,0,13366,494,13366,0,0,0,0,4651,-28608,10326,6,4480,0,129,0,0,0,0,2,0,0,0,0,31082107,2018,0.31,709.55,2619.1,0,51.7,98.3,68.2,39.2,58,517.5,57.3,602.1,138,136.7,1045.2,361449,1557,12.57,92.6,1490,2.69,1.2,26.6,39.8,60,16.01,12174330,72420,64.08,3408.49,0,1200,400,720,240,4200,7500,8500,102,1.5,6000,0,0,0,0,0,65.63,30,60.87,68.44,60.3,0,0
2026-08-10T18:44:20.088000+09:00,2026-08-10T09:44:20.088000+00:00,094623,1943.7,1,0,0,0,0,13366,501,13366,0,0,0,0,4651,-28608,10326,6,4992,0,129,0,0,0,0,2,0,0,0,0,31082107,2018,0.25,677.82,2621.54,0,51.9,99.2,68.1,39.1,58.2,520.5,58.2,611.2,148.1,147.3,1074.2,361449,1557,12.86,88.4,1510,2.77,1.1,24.4,34.9,60,14.97,12174334,72420,79.92,3408.49,0,1200,400,720,240,4200,7500,8500,102,1.5,6000,0,0,0,0,0,64.38,30,64.5,54.93,60.3,0,0
2026-08-10T18:45:20.171000+09:00,2026-08-10T09:45:20.171000+00:00,094623,1926.6,1,0,0,0,0,13366,438,13366,0,0,0,0,4651,-28608,10326,6,4992,0,129,0,0,0,0,2,0,0,0,0,31082107,2018,0.34,699.79,2626.42,0,51.6,96.9,67.9,39.1,58.1,522,60.1,601.3,137.7,136.7,1054.9,361449,1557,12.34,90.2,1370,2.42,1.48,27.2,38.8,60,10.78,12174336,72420,52.01,3408.49,0,1200,400,720,240,4200,7500,8500,102,1.5,6000,0,0,0,0,0,60.79,30,53.33,55.2,60.3,0,0
2026-08-10T18:46:20.283000+09:00,2026-08-10T09:46:20.283000+00:00,094623,2039.2,1,0,0,0,0,13366,493,13366,0,0,0,0,4655,-28608,10326,6,4480,528,129,0,0,0,0,2,0,0,0,0,31082107,2018,0.32,853.6,2892.85,0,51.5,98.4,67.9,39.1,57.7,515.9,60.6,603.5,136.5,135.5,1072.5,361450,1558,12.64,92.4,1490,2.69,1.2,27.5,39.5,60,17.26,12174338,72420,64.14,3408.49,0,1200,400,720,240,4200,7500,8500,102,1.5,6000,0,0,0,0,0,65.9,30,62.87,69.16,60.3,0,0
2026-08-10T18:47:20.361000+09:00,2026-08-10T09:47:20.361000+00:00,094623,1809.5,1,0,0,0,0,13366,500,13366,0,0,0,0,4651,-28608,10326,6,4992,0,129,0,0,0,0,2,0,0,0,0,31082107,2018,0.25,624.1,2433.55,0,51.8,99,67.9,39,57.9,521,59.5,608.2,145.9,145.1,1079.8,361450,1558,12.71,88.4,1500,2.76,1.12,23.9,35.6,60,13.64,12174341,72420,78.16,3408.49,0,1200,400,720,240,4200,7500,8500,102,1.5,6000,0,0,0,0,0,62.58,30,63.35,54.45,60.3,0,0
2026-08-10T18:48:20.461000+09:00,2026-08-10T09:48:20.461000+00:00,094623,1514.0,1,0,0,0,0,13366,508,13366,0,0,0,0,4651,-28608,10326,6,4992,0,129,0,0,0,0,2,0,0,0,0,31082107,2018,0.32,561.85,2075.87,0,51.4,97.1,68,39,57.9,517.1,59.7,601.6,138.6,137.5,1096.7,361450,1558,12.75,90.3,1510,2.82,1.04,21.7,32.8,60,13.84,12174343,72420,52.25,3408.49,0,1200,400,720,240,4200,7500,8500,102,1.5,6000,0,0,0,0,0,61.81,30,55.23,57.29,60.2,0,0
2026-08-10T18:49:20.543000+09:00,2026-08-10T09:49:20.543000+00:00,094623,2151.6,1,0,0,0,0,13366,494,13366,0,0,0,0,4655,-28608,10326,6,4480,0,129,0,0,0,0,2,0,0,0,0,31082107,2018,0.31,842.62,2994.17,0,51.4,98,68.1,39.1,57.6,513.4,60.6,601.6,138.2,137.3,1055.1,361450,1558,12.74,91.5,1490,2.67,1.2,28.6,40.6,60,20.09,12174345,72420,65.64,3408.49,0,1200,400,720,240,4200,7500,8500,102,1.5,6000,0,0,0,0,0,67.97,30,63.54,68.23,60.2,0,0
2026-08-10T18:50:20.685000+09:00,2026-08-10T09:50:20.685000+00:00,094623,2521.4,1,0,0,0,0,13366,495,13366,0,0,0,0,4651,-28608,10326,6,4480,0,129,0,0,0,0,2,0,0,0,0,31082107,2018,0.27,989.1,3510.54,0,51.7,98.9,67.9,39,58,519,59.7,610.7,148.9,148.2,1064.7,361450,1558,12.65,88.5,1500,2.69,1.16,30,39.6,60,24.38,12174349,72420,79.52,3408.49,0,1200,400,720,240,4200,7500,8500,102,1.5,6000,0,0,0,0,0,69.49,30,70.2,61.15,60.2,0,0
2026-08-10T18:51:20.747000+09:00,2026-08-10T09:51:20.747000+00:00,094623,1493.3,1,0,0,0,0,13366,495,13366,0,0,0,0,4651,-28608,18518,590,4992,8720,129,0,0,0,0,2,0,0,0,0,31082107,2018,0.3,449.54,1942.81,0,51.6,97,67.8,39,58.2,523.3,63.4,603.8,144.3,143.3,1053.5,361450,1558,12.73,89,1480,2.74,1.05,21.6,34.5,60,11.35,12174353,72420,63.35,3408.5,0,1200,400,720,240,4200,7500,8500,102,1.5,6000,0,0,0,0,0,61,30,54.98,52.02,60.2,0,0
2026-08-10T18:52:20.836000+09:00,2026-08-10T09:52:20.836000+00:00,094623,1389.5,1,0,0,0,0,13366,499,13366,0,0,0,0,4651,-28608,10326,6,4992,0,129,0,0,0,0,0,0,0,0,0,31082107,2018,0.42,478.83,1868.34,0,51.4,97.4,67.9,39,57.8,522,59.6,598.4,136.6,135.6,1046.1,361451,1559,12.75,91.3,1490,2.77,1.06,21.4,34.6,60,11.75,12174355,72420,57.31,3408.5,0,1200,400,720,240,4200,7500,8500,102,1.5,6000,0,0,0,0,0,61.19,30,56.17,58.91,60.2,0,0
2026-08-10T18:53:20.918000+09:00,2026-08-10T09:53:20.918000+00:00,094623,2665.5,1,0,0,0,0,13366,498,13366,0,0,0,0,4651,-28608,10326,6,4480,0,129,0,0,0,0,2,0,0,0,0,31082107,2018,0.2,1067.23,3732.72,0,51.4,99.3,68,39,57.5,511.8,61.2,604.8,142.8,142.2,1079.4,361451,1559,12.34,90.8,1500,2.69,1.16,30.5,38.6,60,23.77,12174357,72420,74.72,3408.5,0,1200,400,720,240,4200,7500,8500,102,1.5,6000,0,0,0,0,0,68.91,30,68.72,68.89,60.2,0,0
2026-08-10T18:54:21.066000+09:00,2026-08-10T09:54:21.066000+00:00,094623,1920.5,1,0,0,0,0,13366,489,13366,0,0,0,0,4651,-28608,12374,6,5024,8,129,0,0,0,0,2,0,0,0,0,31082107,2018,0.25,753.5,2674.03,0,51.5,96.4,68.2,38.9,57.9,521.7,58.2,604.1,140,139.1,1029.3,361451,1559,12.68,87.8,1530,2.63,1.18,26.1,37,60,10.96,12174360,72420,65.29,3408.5,0,1200,400,720,240,4200,7500,8500,102,1.5,6000,0,0,0,0,0,61.37,30,53.77,49.39,60.2,0,0
2026-08-10T18:55:21.158000+09:00,2026-08-10T09:55:21.158000+00:00,094623,1960.8,1,0,0,0,0,13366,435,13366,0,0,0,0,4651,-28608,10326,6,4992,0,129,0,0,0,0,2,0,0,0,0,31082107,2018,0.39,782.8,2743.61,0,51.1,98.2,68,38.9,57.5,521.3,58.2,601.5,135,134.1,1024.7,361451,1559,12.69,90.7,1380,2.42,1.42,27.5,38,60,11.31,12174362,72420,50.37,3408.5,0,1200,400,720,240,4200,7500,8500,102,1.5,6000,0,0,0,0,0,60.48,30,56.57,56.53,60.2,0,0
2026-08-10T18:56:21.223000+09:00,2026-08-10T09:56:21.223000+00:00,094623,2600.8,1,0,0,0,0,13366,496,13366,0,0,0,0,4655,-26560,18518,590,4480,8720,129,0,0,0,0,2,0,0,0,0,31082107,2018,0.24,1191.75,3792.53,0,51.3,99.3,68,38.9,57.4,513.2,57.5,609.2,144.4,143.5,1047.2,361451,1559,12.86,91.2,1500,2.69,1.16,30.3,38.3,60,24.04,12174365,72420,76.17,3408.5,0,1200,400,720,240,4200,7500,8500,102,1.5,6000,0,0,0,0,0,69.23,30,69.28,69.71,60.1,0,0
2026-08-10T18:57:21.339000+09:00,2026-08-10T09:57:21.339000+00:00,094623,1676.4,1,0,0,0,0,13366,522,13366,0,0,0,0,4655,-28608,10390,6,21376,0,129,0,0,0,0,2,0,0,0,0,31082107,2018,0.26,630.21,2306.59,0,51.5,96.5,68.1,38.9,57.8,520.6,58.3,600.6,139.5,138.6,1022,361451,1559,12.92,88.3,1570,2.92,1.07,23.7,35.6,60,16.63,12174368,72420,65.45,3408.5,0,1200,400,720,240,4200,7500,8500,102,1.5,6000,0,0,0,0,0,64.5,30,57.43,54.17,60.2,0,0
2026-08-10T18:58:21.420000+09:00,2026-08-10T09:58:21.420000+00:00,094623,1709.3,1,0,0,0,0,13366,522,13366,0,0,0,0,4655,-28608,10326,6,4992,0,129,0,0,0,0,2,0,0,0,0,31082107,2018,0.36,715.66,2425,0,51.2,98,67.9,38.9,57.4,519.6,58.2,595.5,133.2,132.4,1037.6,361452,1560,12.75,90.5,1570,2.92,1.09,24.4,36.2,60,10.59,12174370,72420,53.15,3408.5,0,1200,400,720,240,4200,7500,8500,102,1.5,6000,0,0,0,0,0,63.9,30,59.85,60.15,60.2,0,0
2026-08-10T18:59:21.499000+09:00,2026-08-10T09:59:21.499000+00:00,094623,2483.6,1,0,0,0,0,13366,498,13366,0,0,0,0,4655,-28608,12390,6,12708,72,129,0,0,0,0,2,0,0,0,0,31082107,2018,0.26,970.79,3454.39,0,51.4,99.4,67.6,38.9,57.2,515.7,55.6,605.8,142.6,142.1,1033.1,361452,1560,12.73,90.6,1500,2.71,1.15,29.9,39.5,60,24.13,12174373,72420,70.02,3408.5,0,1200,400,720,240,4200,7500,8500,102,1.5,6000,0,0,0,0,0,67.79,30,69.65,67.79,60.2,0,0
2026-08-10T19:00:21.598000+09:00,2026-08-10T10:00:21.598000+00:00,094623,2309.0,1,0,0,0,0,13366,501,13366,0,0,0,0,4651,-28608,10326,6,4992,0,129,0,0,0,0,2,0,0,0,0,31082107,2018,0.26,885.34,3194.37,0,51.5,96.9,68,38.8,57.8,522.1,55.5,609.8,149.7,149,1080.4,361452,1560,12.8,87.7,1510,2.73,1.1,27.3,36.5,60,21.54,12174377,72420,74.97,3408.5,0,1200,400,720,240,4200,7500,8500,102,1.5,6000,0,0,0,0,0,66.59,30,61.54,54.9,60.1,0,0
2026-08-10T19:01:21.723000+09:00,2026-08-10T10:01:21.723000+00:00,094623,1971.8,1,0,0,0,0,13366,459,13366,0,0,0,0,4651,-28608,18518,6,4992,528,129,0,0,0,0,2,0,0,0,0,31082107,2018,0.38,820.64,2792.44,0,51.3,98.7,68.2,38.8,57.8,524.3,56.9,598.4,139.3,138.6,1048.3,361452,1560,12.93,90.2,1450,2.5,1.29,26.7,37.2,60,10.53,12174379,72420,51.6,3408.51,0,1200,400,720,240,4200,7500,8500,102,1.5,6000,0,0,0,0,0,61,30,59.12,54,60.1,0,0
2026-08-10T19:02:21.786000+09:00,2026-08-10T10:02:21.786000+00:00,094623,1590.9,1,0,0,0,0,13366,498,13366,0,0,0,0,4651,-26560,10326,6,4480,0,129,0,0,0,0,0,0,0,0,0,31082107,2018,0.41,569.17,2160.1,0,51.3,97.1,68.1,38.8,57.5,521,59.1,598.3,137.1,136.3,1049.7,361452,1560,12.75,93.1,1490,2.75,1.14,23.2,36.2,60,10.86,12174381,72420,59.53,3408.51,0,1200,400,720,240,4200,7500,8500,102,1.5,6000,0,0,0,0,0,61.85,30,55.47,65.46,60.1,0,0
2026-08-10T19:03:21.891000+09:00,2026-08-10T10:03:21.891000+00:00,094623,2445.8,1,0,0,0,0,13366,502,13366,0,0,0,0,4655,-28608,10326,582,4992,0,129,0,0,0,0,0,0,0,0,0,31082107,2018,0.36,920.74,3366.5,0,51.5,100,68.2,38.8,57.6,516.6,56.8,608.5,147.6,146.9,1029.5,361452,1560,12.76,88.5,1510,2.75,1.1,27.8,36.1,60,21.91,12174384,72420,83.08,3408.51,0,1200,400,720,240,4200,7500,8500,102,1.5,6000,0,0,0,0,0,68.18,30,70.19,60.37,60.1,0,0
2026-08-10T19:04:21.990000+09:00,2026-08-10T10:04:21.990000+00:00,094623,1963.3,1,0,0,0,0,13366,459,13366,0,0,0,0,4651,-28608,12374,6,5024,72,129,0,0,0,0,2,0,0,0,0,31082107,2018,0.28,721.76,2685.02,0,51.3,96.1,68,38.8,57.7,521.2,55.8,600.4,139.9,139.2,1019.3,361453,1561,12.94,88.5,1420,2.47,1.33,26.8,37.4,60,10.99,12174387,72420,55.22,3408.51,0,1200,400,720,240,4200,7500,8500,102,1.5,6000,0,0,0,0,0,61.07,30,52.61,50.16,60.1,0,0
2026-08-10T19:05:22.077000+09:00,2026-08-10T10:05:22.077000+00:00,094623,1565.3,1,0,0,0,0,13366,498,13366,0,0,0,0,4651,-28608,10326,6,4480,0,129,0,0,0,0,0,0,0,0,0,31082107,2018,0.4,567.95,2133.24,0,51.2,98.1,67.8,38.8,57.4,520.1,57.8,598.3,137.3,136.8,1018.6,361453,1561,12.84,91.6,1490,2.76,1.15,23.2,36.5,60,11.4,12174389,72420,54.98,3408.51,0,1200,400,720,240,4200,7500,8500,102,1.5,6000,0,0,0,0,0,61.25,30,57.98,60.62,60.1,0,0
2026-08-10T19:06:22.168000+09:00,2026-08-10T10:06:22.168000+00:00,094623,2487.3,1,0,0,0,0,13366,497,13366,0,0,0,0,4651,-28608,18518,6,4480,528,129,0,0,0,0,2,0,0,0,0,31082107,2018,0.33,969.57,3456.83,0,51.4,99.7,67.8,38.8,57.5,517.5,57.3,607.4,147.3,146.7,1059.1,361453,1561,12.73,89.2,1500,2.69,1.14,29.8,39.5,60,24.36,12174392,72420,81.73,3408.51,0,1200,400,720,240,4200,7500,8500,102,1.5,6000,0,0,0,0,0,68.58,30,71.09,63.79,60.1,0,0
2026-08-10T19:07:22.252000+09:00,2026-08-10T10:07:22.252000+00:00,094623,1959.6,1,0,0,0,0,13366,502,13366,0,0,0,0,4651,-28608,10326,6,4992,0,129,0,0,0,0,2,0,0,0,0,31082107,2018,0.27,659.5,2619.1,0,51.4,96.8,68,38.7,58,523.4,56.2,609.2,150.6,149.8,1103.3,361453,1561,12.64,87.9,1510,2.76,1.11,24.6,35.3,60,16.28,12174396,72420,71.5,3408.51,0,1200,400,720,240,4200,7500,8500,102,1.5,6000,0,0,0,0,0,63.36,30,57.71,51.07,60.1,0,0
2026-08-10T19:08:22.349000+09:00,2026-08-10T10:08:22.349000+00:00,094623,1432.2,1,0,0,0,0,13366,494,13366,0,0,0,0,4651,-28608,10326,6,4992,0,129,0,0,0,0,0,0,0,0,0,31082107,2018,0.4,416.58,1848.81,0,51.2,98.3,68,38.7,57.8,522.1,54.8,602.3,140.2,139.4,1057.7,361453,1561,12.79,89.9,1490,2.74,1.15,23.1,37.5,60,11.31,12174398,72420,52.5,3408.51,0,1200,400,720,240,4200,7500,8500,102,1.5,6000,0,0,0,0,0,61.06,30,58.85,53.53,60.1,0,0
2026-08-10T19:09:22.458000+09:00,2026-08-10T10:09:22.458000+00:00,094623,1988.9,1,0,0,0,0,13366,493,13366,0,0,0,0,4651,-28608,12374,6,4512,72,129,0,0,0,0,0,0,0,0,0,31082107,2018,0.34,835.29,2824.18,0,51.2,97.3,68.1,38.7,57.5,515,55,601.6,139.1,138.5,1070.1,361453,1561,12.65,93.9,1490,2.68,1.19,27.2,39.2,60,17.22,12174400,72420,62.39,3408.51,0,1200,400,720,240,4200,7500,8500,102,1.5,6000,0,0,0,0,0,65.36,30,58.93,71.96,60,0,0
2026-08-10T19:10:22.563000+09:00,2026-08-10T10:10:22.563000+00:00,094623,2454.3,1,0,0,0,0,13366,496,13366,0,0,0,0,4651,-28608,10326,6,4480,0,129,0,0,0,0,2,0,0,0,0,31082107,2018,0.29,915.86,3370.16,0,51.4,99.6,68.2,38.7,57.7,521.2,57.9,608,148.3,147.8,1068.6,361454,1562,12.58,87.9,1500,2.7,1.15,29.8,40.7,60,24.28,12174404,72420,83.47,3408.52,0,1200,400,720,240,4200,7500,8500,102,1.5,6000,0,0,0,0,0,69.85,30,71.61,59.2,60.1,0,0
2026-08-10T19:11:22.649000+09:00,2026-08-10T10:11:22.649000+00:00,094623,1835.1,1,0,0,0,0,13366,499,13366,0,0,0,0,4651,-28608,18518,6,4992,16,129,0,0,0,0,2,0,0,0,0,31082107,2018,0.31,564.29,2399.36,0,51.4,96.5,67.7,38.6,58.1,524.2,55,609.2,150.2,149.9,1061.6,361454,1562,12.74,88.5,1510,2.75,1.12,23.9,35.8,60,13.84,12174408,72420,65.68,3408.52,0,1200,400,720,240,4200,7500,8500,102,1.5,6000,0,0,0,0,0,61.71,30,54.38,50.81,60,0,0
2026-08-10T19:12:22.770000+09:00,2026-08-10T10:12:22.770000+00:00,094623,1699.6,1,0,0,0,0,13366,518,13366,0,0,0,0,4655,-26560,10326,6,4992,0,129,0,0,0,0,0,0,0,0,0,31082107,2018,0.4,635.09,2334.67,0,51.3,98.2,67.9,38.6,57.9,516.9,65.9,601.8,141.2,140.3,1066,361454,1562,12.79,91.1,1550,2.9,1.04,22.7,32.5,60,15.87,12174410,72420,55.58,3408.52,0,1200,400,720,240,4200,7500,8500,102,1.5,6000,0,0,0,0,0,61.48,30,59.18,58.18,60,0,0
2026-08-10T19:13:22.865000+09:00,2026-08-10T10:13:22.865000+00:00,094623,2230.9,1,0,0,0,0,13366,494,13366,0,0,0,0,4655,-28608,10326,6,4480,0,129,0,0,0,0,0,0,0,0,0,31082107,2018,0.3,897.55,3128.45,0,51.4,98.1,68.3,38.6,57.8,511.6,60.4,604.6,142,141.3,1040,361454,1562,12.55,92.1,1490,2.67,1.19,28.5,39.5,60,19.53,12174412,72420,68.41,3408.52,0,1200,400,720,240,4200,7500,8500,102,1.5,6000,0,0,0,0,0,67.57,30,62.42,69.77,60.1,0,0
2026-08-10T19:14:23.019000+09:00,2026-08-10T10:14:23.019000+00:00,094623,2495.8,1,0,0,0,0,13366,497,13366,0,0,0,0,4655,-26560,12438,590,4512,8200,129,0,0,0,0,0,0,0,0,0,31082107,2018,0.34,956.14,3451.95,0,51.4,99.2,68.1,38.6,58,520.7,59,609.2,150,149.2,1064.5,361454,1562,12.4,87.6,1500,2.7,1.16,29.9,40,60,24.21,12174416,72420,75.35,3408.52,0,1200,400,720,240,4200,7500,8500,102,1.5,6000,0,0,0,0,0,69.82,30,70,57.52,60.1,0,0
2026-08-10T19:15:23.050000+09:00,2026-08-10T10:15:23.050000+00:00,094623,1804.6,1,0,0,0,0,13366,520,13366,0,0,0,0,4651,-28608,10326,6,4992,0,129,0,0,0,0,0,0,0,0,0,31082107,2018,0.3,724.2,2528.76,0,51.4,97.2,67.9,38.6,58.3,518.7,56.8,605.5,146.7,146,1051.6,361454,1562,12.58,89.6,1560,2.91,1.03,23.2,32.6,60,16.77,12174419,72420,63.91,3408.52,0,1200,400,720,240,4200,7500,8500,102,1.5,6000,0,0,0,0,0,63.13,30,57.75,54.77,60,0,0
2026-08-10T19:16:23.157000+09:00,2026-08-10T10:16:23.157000+00:00,094623,1746.0,1,0,0,0,0,13366,521,13366,0,0,0,0,4651,-28608,10390,6,21376,0,129,0,0,0,0,0,0,0,0,0,31082107,2018,0.37,696.13,2442.09,0,51.2,97.1,68,38.6,57.9,519.2,56,598.6,139,138.2,1035.3,361455,1563,12.92,91.4,1570,2.89,1.07,23.8,34.4,60,16.18,12174421,72420,60.9,3408.52,0,1200,400,720,240,4200,7500,8500,102,1.5,6000,0,0,0,0,0,63.79,30,57.05,61.84,60,0,0
2026-08-10T19:17:23.245000+09:00,2026-08-10T10:17:23.245000+00:00,094623,2611.8,1,0,0,0,0,13366,496,13366,0,0,0,0,4655,-28608,10326,590,4480,8192,129,0,0,0,0,2,0,0,0,0,31082107,2018,0.22,1131.93,3743.71,0,51.1,99.3,68,38.6,57.5,512.6,64.5,604,142.5,141.7,1053.9,361455,1563,12.85,90.5,1500,2.69,1.18,30.4,38.8,60,22.63,12174424,72420,68.39,3408.52,0,1200,400,720,240,4200,7500,8500,102,1.5,6000,0,0,0,0,0,68.84,30,67.87,66.89,60,0,0
2026-08-10T19:18:23.350000+09:00,2026-08-10T10:18:23.350000+00:00,094623,1537.2,1,0,0,0,0,13366,496,13366,0,0,0,0,4651,-28608,10342,6,13188,0,129,0,0,0,0,2,0,0,0,0,31082107,2018,0.26,488.6,2025.82,0,51.3,97.1,68,38.5,57.9,522.5,57.1,604.5,143.3,142.6,1042.2,361455,1563,12.36,88.4,1490,2.75,1.12,22.5,36.2,60,11.11,12174427,72420,69.24,3408.52,0,1200,400,720,240,4200,7500,8500,102,1.5,6000,0,0,0,0,0,61.36,30,55.77,51.33,60,0,0
2026-08-10T19:19:23.435000+09:00,2026-08-10T10:19:23.435000+00:00,094623,1442.0,1,0,0,0,0,13366,496,13366,0,0,0,0,4651,-28608,12374,6,4992,8,129,0,0,0,0,2,0,0,0,0,31082107,2018,0.37,476.39,1918.39,0,50.9,98.3,67.9,38.5,57.5,523.6,58.2,596.2,135.9,135.1,1033.4,361455,1563,12.68,90.7,1490,2.75,1.13,22.5,37.4,60,10.89,12174429,72420,55.46,3408.53,0,1200,400,720,240,4200,7500,8500,102,1.5,6000,0,0,0,0,0,61.02,30,57.73,57.91,60,0,0
2026-08-10T19:20:23.519000+09:00,2026-08-10T10:20:23.519000+00:00,094623,2724.1,1,0,0,0,0,13366,495,13366,0,0,0,0,4651,-28608,10326,6,4480,0,129,0,0,0,0,2,0,0,0,0,31082107,2018,0.23,1239.36,3963.44,0,51,98.7,67.7,38.5,57.2,511.9,60,605.4,143.5,142.7,1050.4,361455,1563,12.79,91,1500,2.7,1.17,30.8,37.9,60,23.93,12174431,72420,70.18,3408.53,0,1200,400,720,240,4200,7500,8500,102,1.5,6000,0,0,0,0,0,67.9,30,66.92,68.87,60,0,0
2026-08-10T19:21:23.626000+09:00,2026-08-10T10:21:23.626000+00:00,094623,1693.5,1,0,0,0,0,13366,518,13366,0,0,0,0,4655,-28608,10326,6,4992,0,129,0,0,0,0,2,0,0,0,0,31082107,2018,0.27,718.1,2411.57,0,51,97.2,67.9,38.4,57.6,515.4,57.8,600.6,142.1,141.5,1079.1,361455,1563,12.81,88.2,1550,2.91,1.04,22.5,32.2,60,13.82,12174434,72420,66.24,3408.53,0,1200,400,720,240,4200,7500,8500,102,1.5,6000,0,0,0,0,0,61.17,30,57.62,51.71,60,0,0
2026-08-10T19:22:23.746000+09:00,2026-08-10T10:22:23.746000+00:00,094623,1697.1,1,0,0,0,0,13366,519,13366,0,0,0,0,4651,-28608,10326,6,4992,0,129,0,0,0,0,2,0,0,0,0,31082107,2018,0.37,679.04,2376.17,0,50.7,97.9,68.1,38.4,57.4,515.9,56.6,599.7,137.7,137,1049.4,361456,1564,12.81,90.5,1560,2.9,1.05,23.1,33.4,60,16.5,12174436,72420,55.78,3408.53,0,1200,400,720,240,4200,7500,8500,102,1.5,6000,0,0,0,0,0,62.58,30,58.2,58.72,60,0,0
2026-08-10T19:23:23.814000+09:00,2026-08-10T10:23:23.814000+00:00,094623,2519.0,1,0,0,0,0,13366,497,13366,0,0,0,0,4651,-28608,10326,6,4480,0,129,0,0,0,0,2,0,0,0,0,31082107,2018,0.27,1013.52,3532.52,0,50.9,98.9,67.9,38.4,57.3,515.1,56.3,606.5,144.7,144.4,1058.1,361456,1564,12.44,90.6,1500,2.7,1.16,30,39.6,60,24.22,12174439,72420,72.19,3408.53,0,1200,400,720,240,4200,7500,8500,102,1.5,6000,0,0,0,0,0,68.44,30,68.32,67.64,60,0,0
2026-08-10T19:24:23.920000+09:00,2026-08-10T10:24:23.920000+00:00,094623,1581.2,1,0,0,0,0,13366,514,13366,0,0,0,0,4651,-28608,10326,6,4992,0,129,0,0,0,0,2,0,0,0,0,31082107,2018,0.27,563.07,2144.23,0,51,96.9,68,38.4,57.7,518.7,55.7,602.5,144.4,144,1031,361456,1564,12.7,87.7,1530,2.89,1.02,21.6,32.5,60,13.94,12174442,72420,69.93,3408.53,0,1200,400,720,240,4200,7500,8500,102,1.5,6000,0,0,0,0,0,61.07,30,55.94,49.18,60,0,0
2026-08-10T19:25:24.019000+09:00,2026-08-10T10:25:24.019000+00:00,094623,1583.6,1,0,0,0,0,13366,516,13366,0,0,0,0,4655,-26560,10326,6,4992,0,129,0,0,0,0,0,0,0,0,0,31082107,2018,0.4,654.62,2238.23,0,50.7,97.5,68,38.4,57.4,517.3,56.9,598,138,137.5,1033.5,361456,1564,12.58,90.2,1540,2.89,1.04,22,32.4,60,14.65,12174444,72420,51.62,3408.53,0,1200,400,720,240,4200,7500,8500,102,1.5,6000,0,0,0,0,0,61.11,30,56.1,55.5,59.9,0,0
2026-08-10T19:26:24.096000+09:00,2026-08-10T10:26:24.096000+00:00,094623,2620.3,1,0,0,0,0,13366,496,13366,0,0,0,0,4651,-28608,10326,6,4480,0,129,0,0,0,0,0,0,0,0,0,31082107,2018,0.27,1081.88,3702.2,0,50.6,98.6,67.9,38.4,57.2,511.2,56.2,602.8,144.3,144.1,1051.6,361456,1564,12.69,92.3,1500,2.7,1.16,30.2,38.6,60,23.23,12174447,72420,74.08,3408.53,0,1200,400,720,240,4200,7500,8500,102,1.5,6000,0,0,0,0,0,67.84,30,66.38,72.06,59.9,0,0
2026-08-10T19:27:24.193000+09:00,2026-08-10T10:27:24.193000+00:00,094623,1661.7,1,0,0,0,0,13366,498,13366,0,0,0,0,4651,-28608,10326,6,4992,0,129,0,0,0,0,2,0,0,0,0,31082107,2018,0.24,581.38,2243.11,0,50.8,97.1,68.1,38.4,57.6,518.9,56.2,601.9,144.5,144.3,1065.8,361456,1564,12.7,87.7,1500,2.77,1.14,23.3,35.5,60,11.35,12174450,72420,70.89,3408.53,0,1200,400,720,240,4200,7500,8500,102,1.5,6000,0,0,0,0,0,60.94,30,56.42,49.34,59.9,0,0
2026-08-10T19:28:24.292000+09:00,2026-08-10T10:28:24.292000+00:00,094623,1534.8,1,0,0,0,0,13366,498,13366,0,0,0,0,4651,-26560,10326,6,4992,0,129,0,0,0,0,2,0,0,0,0,31082107,2018,0.38,538.65,2073.43,0,50.4,97.9,68.2,38.3,57.4,519.8,55.4,600,139.5,139,1044.7,361457,1565,12.62,90.6,1500,2.77,1.13,23.1,36.6,60,10.95,12174452,72420,49.81,3408.53,0,1200,400,720,240,4200,7500,8500,102,1.5,6000,0,0,0,0,0,61.4,30,56.74,56.6,59.9,0,0
2026-08-10T19:29:24.384000+09:00,2026-08-10T10:29:24.384000+00:00,094623,2650.8,1,0,0,0,0,13366,496,13366,0,0,0,0,4651,-28608,18518,6,4480,528,129,0,0,0,0,0,0,0,0,0,31082107,2018,0.26,1042.82,3693.65,0,50.6,98.4,68,38.3,57.1,512.6,54.8,605,144.9,144.6,1084.4,361457,1565,12.45,92.2,1500,2.7,1.16,30.4,38.8,60,23.93,12174455,72420,74.78,3408.54,0,1200,400,720,240,4200,7500,8500,102,1.5,6000,0,0,0,0,0,68.65,30,65.98,71.76,59.9,0,0
2026-08-10T19:30:24.468000+09:00,2026-08-10T10:30:24.468000+00:00,094623,1927.8,1,0,0,0,0,13366,521,13366,0,0,0,0,4651,-28608,10326,518,4992,0,129,0,0,0,0,2,0,0,0,0,31082107,2018,0.25,784.02,2711.87,0,50.9,97.4,67.9,38.3,57.5,518,57.6,600.4,142,141.7,1048.8,361457,1565,12.76,88.1,1570,2.9,1.11,25.4,35.8,60,9.93,12174457,72420,72.84,3408.54,0,1200,400,720,240,4200,7500,8500,102,1.5,6000,0,0,0,0,0,63.59,30,60.54,53.47,59.9,0,0
2026-08-10T19:31:24.570000+09:00,2026-08-10T10:31:24.570000+00:00,094623,1846.1,1,0,0,0,0,13366,497,13366,0,0,0,0,4651,-28608,10326,518,4992,0,129,0,0,0,0,2,0,0,0,0,31082107,2018,0.37,730.31,2576.37,0,50.5,97.7,67.9,38.3,57.2,522.3,58,596.6,134.7,134.4,1053.4,361457,1565,12.61,90.4,1570,2.76,1.16,25.7,37.5,60,10.18,12174459,72420,50.79,3408.54,0,1200,400,720,240,4200,7500,8500,102,1.5,6000,0,0,0,0,0,60.43,30,56.06,56.43,59.9,0,0
2026-08-10T19:32:24.679000+09:00,2026-08-10T10:32:24.679000+00:00,094623,2550.7,1,0,0,0,0,13366,498,13366,0,0,0,0,4655,-28608,12374,6,4480,8,129,0,0,0,0,2,0,0,0,0,31082107,2018,0.25,979.34,3530.08,0,50.7,98.5,67.7,38.3,56.8,515.1,57.5,603.8,142.9,142.7,1059,361457,1565,12.69,91.8,1500,2.72,1.16,30,39.5,60,24.24,12174462,72420,72.74,3408.54,0,1200,400,720,240,4200,7500,8500,102,1.5,6000,0,0,0,0,0,67.36,30,66.36,71.18,59.8,0,0
2026-08-10T19:33:24.768000+09:00,2026-08-10T10:33:24.768000+00:00,094623,1584.8,1,0,0,0,0,13366,495,13366,0,0,0,0,4655,-28608,10390,6,21376,0,129,0,0,0,0,2,0,0,0,0,31082107,2018,0.25,492.26,2077.09,0,51,97.4,67.9,38.3,57.4,521.5,57.1,602,143.4,143.2,1037.7,361457,1565,12.58,87.7,1490,2.76,1.12,22.8,36.2,60,11.24,12174465,72420,65.28,3408.54,0,1200,400,720,240,4200,7500,8500,102,1.5,6000,0,0,0,0,0,59.63,30,57.02,48.94,59.8,0,0
2026-08-10T19:34:24.868000+09:00,2026-08-10T10:34:24.868000+00:00,094623,1503.0,1,0,0,0,0,13366,493,13366,0,0,0,0,4651,-28608,18518,6,4992,528,129,0,0,0,0,2,0,0,0,0,31082107,2018,0.39,513.02,2016.05,0,50.6,97.8,68.2,38.3,57.2,521.5,55.6,598.6,137.1,136.9,1052.7,361458,1566,12.42,90.2,1490,2.74,1.13,22.8,36.6,60,11.14,12174467,72420,49.95,3408.54,0,1200,400,720,240,4200,7500,8500,102,1.5,6000,0,0,0,0,0,60.66,30,56.4,55.13,59.9,0,0
2026-08-10T19:35:24.964000+09:00,2026-08-10T10:35:24.964000+00:00,094623,2733.8,1,0,0,0,0,13366,495,13366,0,0,0,0,4651,-28608,10390,6,20864,0,129,0,0,0,0,0,0,0,0,0,31082107,2018,0.23,1125.83,3859.68,0,50.7,98.4,68,38.3,57,511,58.3,605,145.3,145.4,1062,361458,1566,12.71,92.4,1490,2.68,1.16,30.6,38,60,23.75,12174470,72420,69.58,3408.54,0,1200,400,720,240,4200,7500,8500,102,1.5,6000,0,0,0,0,0,67.84,30,66,72.19,59.8,0,0
2026-08-10T19:36:25.047000+09:00,2026-08-10T10:36:25.047000+00:00,094623,1434.7,1,0,0,0,0,13366,507,13366,0,0,0,0,4651,-28608,10326,6,4992,0,129,0,0,0,0,2,0,0,0,0,31082107,2018,0.25,483.72,1918.39,0,50.8,98.1,68.1,38.2,57.4,518.4,57.8,600.9,141.8,141.5,1025.9,361458,1566,12.87,87.7,1510,2.85,1.03,21.3,33.7,60,13.52,12174473,72420,64.37,3408.54,0,1200,400,720,240,4200,7500,8500,102,1.5,6000,0,0,0,0,0,60.67,30,59.96,49.42,59.8,0,0
2026-08-10T19:37:25.150000+09:00,2026-08-10T10:37:25.150000+00:00,094623,1578.7,1,0,0,0,0,13366,515,13366,0,0,0,0,4651,-28608,12390,590,13220,8264,129,0,0,0,0,2,0,0,0,0,31082107,2018,0.38,609.45,2188.18,0,50.5,97,68.1,38.3,57,516.3,59.7,596.5,137.3,136.9,1003.2,361458,1566,12.44,90.2,1540,2.9,1.03,22,32.7,60,14.23,12174475,72420,50.09,3408.54,0,1200,400,720,240,4200,7500,8500,102,1.5,6000,0,0,0,0,0,60.95,30,54.53,55.65,59.8,0,0
2026-08-10T19:38:25.248000+09:00,2026-08-10T10:38:25.248000+00:00,094623,2460.4,1,0,0,0,0,13366,503,13366,0,0,0,0,4655,-28608,10326,6,4992,0,129,0,0,0,0,2,0,0,0,0,31082107,2018,0.26,882.9,3343.3,0,50.7,99.1,67.9,38.2,57,514.5,57.2,606.6,147.9,148,1031.7,361458,1566,12.91,91.5,1520,2.77,1.1,28.1,36.4,60,22.95,12174478,72420,74.5,3408.55,0,1200,400,720,240,4200,7500,8500,102,1.5,6000,0,0,0,0,0,66.59,30,67.33,68.35,59.9,0,0
2026-08-10T19:39:25.442000+09:00,2026-08-10T10:39:25.442000+00:00,094623,1265.0,1,0,0,0,0,13366,495,13366,0,0,0,0,4651,-28608,18518,6,4992,528,129,0,0,0,0,2,0,0,0,0,31082107,2018,0.27,166.33,1431.32,0,50.8,96.8,68.2,38.2,57.2,523.1,58.1,598.3,139.5,139.1,996.9,361458,1566,12.59,88.7,1470,2.77,0.9,23,38.3,60,11.24,12174480,72420,63.76,3408.55,0,1200,400,720,240,4200,7500,8500,102,1.5,6000,0,0,0,0,0,60.83,30,55.52,51.84,59.8,0,0
2026-08-10T19:40:25.494000+09:00,2026-08-10T10:40:25.494000+00:00,094623,1625.1,1,0,0,0,0,13366,499,13366,0,0,0,0,4651,-28608,10326,6,4480,0,129,0,0,0,0,2,0,0,0,0,31082107,2018,0.34,585.04,2210.15,0,50.5,98.5,67.9,38.3,56.9,518.1,58.5,598.5,138,137.9,1015.3,361459,1567,12.88,91,1500,2.78,1.14,23.3,35.7,60,11.38,12174482,72420,56.53,3408.55,0,1200,400,720,240,4200,7500,8500,102,1.5,6000,0,0,0,0,0,60.11,30,58.81,58.93,59.8,0,0
2026-08-10T19:41:25.604000+09:00,2026-08-10T10:41:25.604000+00:00,094623,2420.1,1,0,0,0,0,13366,500,13366,0,0,0,0,4655,-28608,10326,6,4992,0,129,0,0,0,0,2,0,0,0,0,31082107,2018,0.3,1028.17,3448.29,0,50.8,99,67.8,38.2,57,514.9,57,607.2,149.8,149.8,1044.3,361459,1567,12.62,90,1510,2.75,1.11,27.5,35.4,60,20.82,12174486,72420,75.16,3408.55,0,1200,400,720,240,4200,7500,8500,102,1.5,6000,0,0,0,0,0,64.83,30,66.25,62.74,59.9,0,0
2026-08-10T19:42:25.677000+09:00,2026-08-10T10:42:25.677000+00:00,094623,1808.2,1,0,0,0,0,13366,521,13366,0,0,0,0,4655,-26560,12374,6,5025,72,129,0,0,0,0,2,0,0,0,0,31082107,2018,0.31,698.57,2506.79,0,50.7,96.4,68.1,38.1,57.3,516.4,56.8,599.8,141.1,140.9,1041.3,361459,1567,12.17,89.3,1570,2.92,1.07,24.1,34.7,60,12.22,12174488,72420,60.28,3408.55,0,1200,400,720,240,4200,7500,8500,102,1.5,6000,0,0,0,0,0,63.06,30,56.23,56.31,59.8,0,0
2026-08-10T19:43:25.780000+09:00,2026-08-10T10:43:25.780000+00:00,094623,1682.5,1,0,0,0,0,13366,491,13366,0,0,0,0,4651,-28608,10326,518,4480,0,129,0,0,0,0,2,0,0,0,0,31082107,2018,0.35,633.87,2316.35,0,50.6,98.3,68.1,38.1,57,518.4,57.3,597,138.5,138.4,1048.4,361459,1567,12.67,90.3,1480,2.72,1.18,24.4,37.4,60,11.41,12174490,72420,59.08,3408.55,0,1200,400,720,240,4200,7500,8500,102,1.5,6000,0,0,0,0,0,61.39,30,58.78,57.88,59.8,0,0
2026-08-10T19:44:25.887000+09:00,2026-08-10T10:44:25.887000+00:00,094623,2206.5,1,0,0,0,0,13366,501,13366,0,0,0,0,4655,-28608,18518,518,4992,528,129,0,0,0,0,2,0,0,0,0,31082107,2018,0.27,829.19,3035.68,0,50.8,99.5,67.9,38,57.1,518.3,57,606.8,150,150,1065.9,361459,1567,12.77,89.6,1510,2.77,1.11,26.4,35.8,60,18.42,12174493,72420,78.7,3408.55,0,1200,400,720,240,4200,7500,8500,102,1.5,6000,0,0,0,0,0,64.32,30,66.91,60.77,59.8,0,0
2026-08-10T19:45:25.980000+09:00,2026-08-10T10:45:25.980000+00:00,094623,1512.8,1,0,0,0,0,13366,509,13366,0,0,0,0,4655,-26560,10326,590,4992,8192,129,0,0,0,0,2,0,0,0,0,31082107,2018,0.29,576.49,2089.3,0,50.7,96.4,68,38.1,57.2,518.9,57.8,597.8,140.7,140.4,1056.9,361459,1567,12.86,89.4,1500,2.82,1.05,21.7,33.2,60,11.86,12174495,72420,56.64,3408.55,0,1200,400,720,240,4200,7500,8500,102,1.5,6000,0,0,0,0,0,60.19,30,52.96,53.81,59.7,0,0
2026-08-10T19:46:26.061000+09:00,2026-08-10T10:46:26.061000+00:00,094623,1782.6,1,0,0,0,0,13366,494,13366,0,0,0,0,4655,-28608,10326,6,4480,0,129,0,0,0,0,2,0,0,0,0,31082107,2018,0.35,644.86,2427.44,0,50.5,98,68,38.1,56.9,516.7,56.2,597.1,139.3,139.3,1060.6,361460,1568,12.29,91.2,1490,2.73,1.19,25.3,38.1,60,13.71,12174497,72420,62.12,3408.55,0,1200,400,720,240,4200,7500,8500,102,1.5,6000,0,0,0,0,0,61.88,30,58.97,61.81,59.8,0,0
2026-08-10T19:47:26.149000+09:00,2026-08-10T10:47:26.149000+00:00,094623,2109.7,1,0,0,0,0,13366,502,13366,0,0,0,0,4651,-28608,12374,6,5024,72,129,0,0,0,0,2,0,0,0,0,31082107,2018,0.25,733.97,2843.71,0,50.8,99.8,67.9,38,57.1,520,55.1,606.3,150.2,150.4,1077.7,361460,1568,12.71,88.8,1510,2.78,1.09,25.9,36.2,60,18.78,12174501,72420,79.45,3408.56,0,1200,400,720,240,4200,7500,8500,102,1.5,6000,0,0,0,0,0,64.09,30,67.89,58.46,59.8,0,0
2026-08-10T19:48:26.250000+09:00,2026-08-10T10:48:26.250000+00:00,094623,1429.8,1,0,0,0,0,13366,502,13366,0,0,0,0,4655,-28608,10326,6,4992,0,129,0,0,0,0,2,0,0,0,0,31082107,2018,0.29,491.04,1920.83,0,50.6,96.3,68.1,38.1,57.2,520.6,55.6,598.5,139.7,139.5,1031,361460,1568,12.42,89.2,1500,2.82,1.05,21.3,34.2,60,13.46,12174503,72420,54.14,3408.56,0,1200,400,720,240,4200,7500,8500,102,1.5,6000,0,0,0,0,0,60.45,30,52.41,52.86,59.7,0,0
2026-08-10T19:49:26.350000+09:00,2026-08-10T10:49:26.350000+00:00,094623,1774.0,1,0,0,0,0,13366,493,13366,0,0,0,0,4655,-28608,18518,6,4480,16,129,0,0,0,0,0,0,0,0,0,31082107,2018,0.38,707.11,2481.15,0,50.5,98.4,67.9,38.1,56.8,518.2,54.5,597,138.1,138.2,1053.7,361460,1568,12.55,91.8,1490,2.73,1.2,25.3,38.3,60,14.15,12174505,72420,57.77,3408.56,0,1200,400,720,240,4200,7500,8500,102,1.5,6000,0,0,0,0,0,61.66,30,59.95,63,59.7,0,0
2026-08-10T19:50:26.425000+09:00,2026-08-10T10:50:26.425000+00:00,094623,2007.2,1,0,0,0,0,13366,501,13366,0,0,0,0,4651,-28608,10326,6,4992,0,129,0,0,0,0,2,0,0,0,0,31082107,2018,0.25,672.93,2680.14,0,50.9,100.3,67.9,38,57,518.6,54.8,606.2,150.1,150.5,1062.2,361460,1568,12.79,88.5,1510,2.8,1.1,24.5,34.4,60,14.38,12174508,72420,84.28,3408.56,0,1200,400,720,240,4200,7500,8500,102,1.5,6000,0,0,0,0,0,61.32,30,66.74,54.99,59.7,0,0
2026-08-10T19:51:26.546000+09:00,2026-08-10T10:51:26.546000+00:00,094623,1960.8,1,0,0,0,0,13366,523,13366,0,0,0,0,4651,-28608,10326,518,4992,0,129,0,0,0,0,2,0,0,0,0,31082107,2018,0.29,809.66,2770.47,0,50.6,95.8,68.1,38,57.2,515.7,54.2,600.4,141,141.2,1038.1,361460,1568,12.76,89.5,1570,2.91,1.11,25.5,35.4,60,11.86,12174510,72420,54.35,3408.56,0,1200,400,720,240,4200,7500,8500,102,1.5,6000,0,0,0,0,0,63.76,30,55.21,57.45,59.7,0,0
2026-08-10T19:52:26.626000+09:00,2026-08-10T10:52:26.626000+00:00,094623,2009.6,1,0,0,0,0,13366,494,13366,0,0,0,0,4651,-28608,12438,6,20896,72,129,0,0,0,0,2,0,0,0,0,31082107,2018,0.34,696.13,2705.77,0,50.6,98.3,68.1,38,56.9,515.2,53.5,598,139.4,139.5,1054.8,361461,1569,12.7,91.3,1490,2.72,1.19,27.4,40.8,60,18.01,12174513,72420,61.55,3408.56,0,1200,400,720,240,4200,7500,8500,102,1.5,6000,0,0,0,0,0,65.19,30,63.06,65.1,59.6,0,0
2026-08-10T19:53:26.751000+09:00,2026-08-10T10:53:26.751000+00:00,094623,2010.9,1,0,0,0,0,13366,502,13366,0,0,0,0,4651,-28608,10326,6,4992,0,129,0,0,0,0,2,0,0,0,0,31082107,2018,0.24,620.44,2631.31,0,50.8,99.5,68,37.9,57.1,520.4,55.6,607.8,150.5,150.9,1055.7,361461,1569,12.76,88.6,1510,2.79,1.09,24.8,35.5,60,16.34,12174516,72420,80.82,3408.56,0,1200,400,720,240,4200,7500,8500,102,1.5,6000,0,0,0,0,0,62.69,30,65.62,55.55,59.7,0,0
2026-08-10T19:54:26.854000+09:00,2026-08-10T10:54:26.854000+00:00,094623,807.2,1,0,0,0,0,13366,498,13366,0,0,0,0,4655,-28608,10310,6,4992,0,129,0,0,0,0,2,0,0,0,0,31082107,2018,0.31,0,807.21,0,50.5,96.5,68.1,38,57.1,522.4,56.3,597.1,140.5,140.4,1027.8,361461,1569,12.8,89.9,1500,2.79,1.14,22.7,37.3,60,11.06,12174518,72420,51.07,3408.56,0,1200,400,720,240,4200,7500,8500,102,1.5,6000,0,0,0,0,0,60.51,30,53.08,54.92,59.7,0,0
2026-08-10T19:55:26.948000+09:00,2026-08-10T10:55:26.948000+00:00,094623,2077.1,1,0,0,0,0,13366,494,13366,0,0,0,0,4651,-28608,10326,6,4480,0,129,0,0,0,0,2,0,0,0,0,31082107,2018,0.33,797.45,2874.54,0,50.4,98.2,68,38,56.8,514,55.7,599.1,139.5,139.5,1047.2,361461,1569,12.62,92.1,1490,2.72,1.2,27.2,39.2,60,16.99,12174520,72420,59.14,3408.56,0,1200,400,720,240,4200,7500,8500,102,1.5,6000,0,0,0,0,0,63.92,30,61.32,66.11,59.6,0,0
2026-08-10T19:56:27.020000+09:00,2026-08-10T10:56:27.020000+00:00,094623,1835.1,1,0,0,0,0,13366,499,13366,0,0,0,0,4655,-26560,10342,6,13188,0,129,0,0,0,0,2,0,0,0,0,31082107,2018,0.26,661.95,2497.02,0,50.9,99.6,67.9,37.9,57.1,517.1,56.6,606.4,149.6,150,1039.6,361461,1569,12.87,88.2,1500,2.81,1.13,23.8,35,60,12.64,12174524,72420,81.35,3408.57,0,1200,400,720,240,4200,7500,8500,102,1.5,6000,0,0,0,0,0,60.6,30,64.11,52.75,59.6,0,0
2026-08-10T19:57:27.120000+09:00,2026-08-10T10:57:27.120000+00:00,094623,1694.7,1,0,0,0,0,13366,495,13366,0,0,0,0,4655,-28608,12374,6,5024,8,129,0,0,0,0,2,0,0,0,0,31082107,2018,0.31,613.12,2307.81,0,50.5,96.6,68.2,37.9,57.2,516.4,55.9,602,143.3,143.3,1042,361461,1569,12.87,89.7,1490,2.77,1.13,23.4,35,60,10.84,12174526,72420,50.43,3408.57,0,1200,400,720,240,4200,7500,8500,102,1.5,6000,0,0,0,0,0,60.92,30,53.29,54.18,59.6,0,0
2026-08-10T19:58:27.204000+09:00,2026-08-10T10:58:27.204000+00:00,094623,2431.1,1,0,0,0,0,13366,496,13366,0,0,0,0,4651,-28608,10326,6,4480,0,129,0,0,0,0,2,0,0,0,0,31082107,2018,0.31,923.18,3354.29,0,50.5,98,68.1,38,57,511,56.6,601.3,144.2,144.2,1028,361462,1570,12.73,92,1500,2.72,1.19,29.4,39.7,60,21.84,12174528,72420,66.01,3408.57,0,1200,400,720,240,4200,7500,8500,102,1.5,6000,0,0,0,0,0,67.58,30,63.91,69.48,59.6,0,0
2026-08-10T19:59:27.329000+09:00,2026-08-10T10:59:27.329000+00:00,094623,1993.8,1,0,0,0,0,13366,524,13366,0,0,0,0,4651,-28608,10326,6,4992,0,129,0,0,0,0,2,0,0,0,0,31082107,2018,0.25,718.1,2711.87,0,50.9,98.8,67.9,37.9,57.3,517.5,56.1,601.6,146.7,146.9,1082,361462,1570,12.77,88,1580,2.92,1.08,25.3,35.6,60,10.58,12174531,72420,79.12,3408.57,0,1200,400,720,240,4200,7500,8500,102,1.5,6000,0,0,0,0,0,64.39,30,65.52,54.76,59.6,0,0
2026-08-10T20:00:27.402000+09:00,2026-08-10T11:00:27.402000+00:00,094623,2122.3,1,0,0,0,0,13366,508,13366,0,0,0,0,4651,-28608,10326,6,4992,0,129,0,0,0,0,2,0,0,0,0,31082107,2018,0.35,884.12,3006.38,0,50.5,96.8,67.9,38,57.1,516.4,62,595.7,140.4,140.4,1064.8,361462,1570,12.7,90.8,1570,2.87,1.14,26.3,35.3,60,9.85,12174533,72420,51.77,3408.57,0,1200,400,720,240,4200,7500,8500,102,1.5,6000,0,0,0,0,0,60.46,30,53.7,58.25,59.6,0,0
2026-08-10T20:01:27.490000+09:00,2026-08-10T11:01:27.490000+00:00,094623,2439.6,1,0,0,0,0,13366,496,13366,0,0,0,0,4655,-28608,10326,6,4480,0,129,0,0,0,0,2,0,0,0,0,31082107,2018,0.26,885.34,3324.99,0,50.6,98.7,67.9,37.9,56.8,512.4,60.2,601.5,144.4,144.5,1072.3,361462,1570,12.62,91.8,1500,2.71,1.17,29.5,40.3,60,23.16,12174536,72420,65.7,3408.57,0,1200,400,720,240,4200,7500,8500,102,1.5,6000,0,0,0,0,0,67.34,30,66.63,70.36,59.5,0,0
2026-08-10T20:02:27.600000+09:00,2026-08-10T11:02:27.600000+00:00,094623,2346.9,1,0,0,0,0,13366,501,13366,0,0,0,0,4655,-28608,10326,6,4992,528,129,0,0,0,0,2,0,0,0,0,31082107,2018,0.25,827.97,3174.84,0,50.9,97.9,67.9,37.8,57.3,520.8,57.4,607.7,153.5,154,1078.9,361462,1570,12.77,87.5,1510,2.77,1.12,27,36.7,60,20.3,12174540,72420,79.19,3408.57,0,1200,400,720,240,4200,7500,8500,102,1.5,6000,0,0,0,0,0,65.16,30,63.65,54.12,59.5,0,0
2026-08-10T20:03:27.675000+09:00,2026-08-10T11:03:27.675000+00:00,094623,1958.4,1,0,0,0,0,13366,522,13366,0,0,0,0,4651,-28608,10326,518,4992,0,129,0,0,0,0,2,0,0,0,0,31082107,2018,0.37,857.26,2815.64,0,50.6,97.9,67.9,37.8,57.3,515.8,57,600.3,145.3,145.2,1064.9,361462,1570,12.76,89.7,1570,2.92,1.08,24.8,33.4,60,15.8,12174542,72420,51.29,3408.57,0,1200,400,720,240,4200,7500,8500,102,1.5,6000,0,0,0,0,0,62.63,30,59.95,55.61,59.5,0,0
2026-08-10T20:04:27.784000+09:00,2026-08-10T11:04:27.784000+00:00,094623,1630.0,1,0,0,0,0,13366,493,13366,0,0,0,0,4651,-28608,10326,6,4480,0,129,0,0,0,0,0,0,0,0,0,31082107,2018,0.43,569.17,2199.16,0,50.6,97.3,68,37.9,57.2,519.3,56.1,599.9,142.9,142.9,1056.8,361463,1571,12.55,92.6,1480,2.75,1.16,24.1,37.7,60,12.32,12174544,72420,59.8,3408.57,0,1200,400,720,240,4200,7500,8500,102,1.5,6000,0,0,0,0,0,60.9,30,56.21,63.25,59.5,0,0
2026-08-10T20:05:27.884000+09:00,2026-08-10T11:05:27.884000+00:00,094623,2422.6,1,0,0,0,0,13366,501,13366,0,0,0,0,4651,-28608,10326,6,4992,0,129,0,0,0,0,2,0,0,0,0,31082107,2018,0.25,934.17,3356.73,0,50.8,100.6,68.2,37.8,57.2,515.8,57.7,610,153.7,154,1093.1,361463,1571,12.85,88.6,1510,2.77,1.11,27.4,35.6,60,21.24,12174547,72420,86.08,3408.57,0,1200,400,720,240,4200,7500,8500,102,1.5,6000,0,0,0,0,0,66.22,30,70.64,58.86,59.5,0,0
2026-08-10T20:06:27.968000+09:00,2026-08-10T11:06:27.968000+00:00,094623,1840.0,1,0,0,0,0,13366,522,13366,0,0,0,0,4655,-28608,10326,6,4992,0,129,0,0,0,0,2,0,0,0,0,31082107,2018,0.28,746.18,2586.14,0,50.6,95.8,68.1,37.8,57.4,518.8,56.6,599.6,143.5,143.6,1045.2,361463,1571,12.92,88.8,1570,2.93,1.09,24.6,35.3,60,10.1,12174550,72420,56.51,3408.58,0,1200,400,720,240,4200,7500,8500,102,1.5,6000,0,0,0,0,0,63.71,30,54.18,53.7,59.5,0,0
2026-08-10T20:07:28.070000+09:00,2026-08-10T11:07:28.070000+00:00,094623,1598.3,1,0,0,0,0,13366,492,13366,0,0,0,0,4651,-28608,18518,6,4480,528,129,0,0,0,0,0,0,0,0,0,31082107,2018,0.44,539.87,2138.13,0,50.5,98.3,67.8,37.8,56.9,522.1,56.4,596.7,139.9,139.8,1053.3,361463,1571,12.41,91.9,1480,2.73,1.16,23.9,38.3,60,12.42,12174552,72420,52.69,3408.58,0,1200,400,720,240,4200,7500,8500,102,1.5,6000,0,0,0,0,0,60.74,30,58.34,60.58,59.5,0,0
2026-08-10T20:08:28.155000+09:00,2026-08-10T11:08:28.155000+00:00,094623,2418.9,1,0,0,0,0,13366,501,13366,0,0,0,0,4655,-28608,10326,590,4992,8192,129,0,0,0,0,2,0,0,0,0,31082107,2018,0.31,998.87,3417.77,0,50.8,100.1,67.8,37.8,57,516.9,57.1,607.6,152.5,152.9,1049.7,361463,1571,12.74,89.2,1510,2.77,1.12,27.5,35.7,60,19.56,12174555,72420,87.4,3408.58,0,1200,400,720,240,4200,7500,8500,102,1.5,6000,0,0,0,0,0,64.71,30,69.1,60.39,59.5,0,0
2026-08-10T20:09:28.248000+09:00,2026-08-10T11:09:28.248000+00:00,094623,1859.5,1,0,0,0,0,13366,522,13366,0,0,0,0,4655,-28608,10326,590,4992,8192,129,0,0,0,0,2,0,0,0,0,31082107,2018,0.25,718.1,2577.59,0,50.6,96.2,68.1,37.8,57.3,517.9,57.4,599.6,144.5,144.6,1034.7,361463,1571,12.76,88.6,1570,2.92,1.08,24.5,34.8,60,11.31,12174557,72420,59.31,3408.58,0,1200,400,720,240,4200,7500,8500,102,1.5,6000,0,0,0,0,0,62.9,30,55.28,53.21,59.5,0,0
2026-08-10T20:10:28.350000+09:00,2026-08-10T11:10:28.350000+00:00,094623,1653.2,1,0,0,0,0,13366,492,13366,0,0,0,0,4651,-28608,12374,6,4480,8,129,0,0,0,0,2,0,0,0,0,31082107,2018,0.38,561.85,2215.03,0,50.4,98.1,68.1,37.8,56.9,519.6,56.3,598.2,141.5,141.5,1055,361464,1572,12.59,91.2,1480,2.73,1.17,24.1,37.8,60,12.05,12174559,72420,56.56,3408.58,0,1200,400,720,240,4200,7500,8500,102,1.5,6000,0,0,0,0,0,61.3,30,57.82,59.2,59.5,0,0
2026-08-10T20:11:28.439000+09:00,2026-08-10T11:11:28.439000+00:00,094623,2168.6,1,0,0,0,0,13366,502,13366,0,0,0,0,4655,-28608,10390,590,21376,8192,129,0,0,0,0,0,0,0,0,0,31082107,2018,0.29,762.05,2930.69,0,50.7,99.7,67.9,37.8,57.1,517.4,56.1,607.3,153.4,154.1,1044,361464,1572,12.65,89.4,1510,2.81,1.1,25.5,34.7,60,16.94,12174563,72420,82.53,3408.58,0,1200,400,720,240,4200,7500,8500,102,1.5,6000,0,0,0,0,0,63.06,30,65.55,58.73,59.5,0,0
2026-08-10T20:12:28.528000+09:00,2026-08-10T11:12:28.528000+00:00,094623,1606.8,1,0,0,0,0,13366,496,13366,0,0,0,0,4655,-28608,18518,6,4992,528,129,0,0,0,0,2,0,0,0,0,31082107,2018,0.31,599.69,2206.49,0,50.5,96.5,68.1,37.8,57.2,519.4,56.1,601.1,144.5,144.4,1063.6,361464,1572,12.68,89.1,1500,2.78,1.14,23.2,35.9,60,11.06,12174565,72420,55.46,3408.58,0,1200,400,720,240,4200,7500,8500,102,1.5,6000,0,0,0,0,0,60.48,30,54.08,52.35,59.4,0,0
2026-08-10T20:13:28.630000+09:00,2026-08-10T11:13:28.630000+00:00,094623,1904.7,1,0,0,0,0,13366,494,13366,0,0,0,0,4655,-28608,10342,6,12676,0,129,0,0,0,0,2,0,0,0,0,31082107,2018,0.36,708.33,2612.99,0,50.3,98.3,68.2,37.7,57,515.4,54.9,600.1,142.2,142.2,1073,361464,1572,12.46,91.5,1490,2.73,1.2,26.4,39.2,60,15.96,12174567,72420,57.92,3408.58,0,1200,400,720,240,4200,7500,8500,102,1.5,6000,0,0,0,0,0,64.22,30,61.2,63.73,59.4,0,0
2026-08-10T20:14:28.715000+09:00,2026-08-10T11:14:28.715000+00:00,094623,1984.0,1,0,0,0,0,13366,502,13366,0,0,0,0,4651,-28608,10326,6,4992,0,129,0,0,0,0,2,0,0,0,0,31082107,2018,0.28,669.27,2653.28,0,50.7,100,68,37.6,57.2,519.6,54.2,608.2,151.1,151.3,1037.7,361464,1572,12.63,88.6,1510,2.81,1.1,24.6,35,60,15.55,12174570,72420,80.91,3408.58,0,1200,400,720,240,4200,7500,8500,102,1.5,6000,0,0,0,0,0,62.8,30,66.32,55.44,59.4,0,0
2026-08-10T20:15:28.821000+09:00,2026-08-10T11:15:28.821000+00:00,094623,1464.0,1,0,0,0,0,13366,486,13366,0,0,0,0,4651,-28608,12374,6,5024,72,129,0,0,0,0,2,0,0,0,0,31082107,2018,0.31,389.72,1853.69,0,50.5,96,68,37.7,57.2,522.8,55.8,597.4,140.7,140.7,1005.8,361464,1572,12.7,89.5,1410,2.74,1.66,24.1,39.8,60,11.36,12174573,72420,55,3408.59,0,1200,400,720,240,4200,7500,8500,102,1.5,6000,0,0,0,0,0,60.27,30,51.96,53.1,59.4,0,0
2026-08-10T20:16:28.920000+09:00,2026-08-10T11:16:28.920000+00:00,094623,1966.9,1,0,0,0,0,13366,494,13366,0,0,0,0,4651,-28608,10326,6,4480,0,129,0,0,0,0,0,0,0,0,0,31082107,2018,0.4,721.76,2688.68,0,50.4,98.3,67.8,37.7,56.7,516.5,56.8,596.6,138.2,138.4,1022.6,361465,1573,12.64,92.5,1490,2.72,1.2,26.9,39.9,60,17.38,12174575,72420,55.35,3408.59,0,1200,400,720,240,4200,7500,8500,102,1.5,6000,0,0,0,0,0,63.76,30,61.84,67.15,59.4,0,0
2026-08-10T20:17:29.009000+09:00,2026-08-10T11:17:29.009000+00:00,094623,1953.5,1,0,0,0,0,13366,501,13366,0,0,0,0,4651,-28608,18518,6,4992,528,129,0,0,0,0,2,0,0,0,0,31082107,2018,0.25,754.72,2708.21,0,50.8,100.3,67.8,37.7,57,519.9,55.7,606.2,150.3,150.9,1045.8,361465,1573,12.86,88.1,1510,2.8,1.11,24.3,34.4,60,14.47,12174578,72420,85.29,3408.59,0,1200,400,720,240,4200,7500,8500,102,1.5,6000,0,0,0,0,0,61.2,30,67.08,53.3,59.4,0,0
2026-08-10T20:18:29.108000+09:00,2026-08-10T11:18:29.108000+00:00,094623,1908.3,1,0,0,0,0,13366,522,13366,0,0,0,0,4651,-28608,10326,6,4992,0,129,0,0,0,0,2,0,0,0,0,31082107,2018,0.32,804.77,2713.1,0,50.4,96.1,68,37.7,57.1,518.3,55.7,595.3,141.3,141.5,1062.9,361465,1573,12.47,89.4,1570,2.93,1.11,25.2,35.3,60,10.34,12174580,72420,50.58,3408.59,0,1200,400,720,240,4200,7500,8500,102,1.5,6000,0,0,0,0,0,63.23,30,55.27,55.91,59.4,0,0
2026-08-10T20:19:29.207000+09:00,2026-08-10T11:19:29.207000+00:00,094623,2133.2,1,0,0,0,0,13366,493,13366,0,0,0,0,4651,-28608,10326,6,4480,0,129,0,0,0,0,0,0,0,0,0,31082107,2018,0.4,746.18,2879.42,0,50.4,98.1,68,37.7,56.8,514.9,55.8,596.3,141,141.2,1059.1,361465,1573,12.81,92.2,1490,2.71,1.2,27.8,39.9,60,18.47,12174582,72420,60.38,3408.59,0,1200,400,720,240,4200,7500,8500,102,1.5,6000,0,0,0,0,0,64.74,30,62.14,66.7,59.4,0,0
2026-08-10T20:20:29.300000+09:00,2026-08-10T11:20:29.300000+00:00,094623,1656.9,1,0,0,0,0,13366,500,13366,0,0,0,0,4651,-28608,12374,6,5024,72,129,0,0,0,0,2,0,0,0,0,31082107,2018,0.24,486.16,2143.01,0,50.8,100,68,37.7,57.1,523.9,57.1,603.6,148.2,148.7,1055.1,361465,1573,12.87,88.4,1510,2.81,1.12,23.4,37.2,60,13.12,12174586,72420,87.49,3408.59,0,1200,400,720,240,4200,7500,8500,102,1.5,6000,0,0,0,0,0,61.01,30,65.61,53.51,59.4,0,0
2026-08-10T20:21:29.396000+09:00,2026-08-10T11:21:29.396000+00:00,094623,1547.0,1,0,0,0,0,13366,514,13366,0,0,0,0,4651,-28608,10326,6,4992,0,129,0,0,0,0,2,0,0,0,0,31082107,2018,0.3,556.96,2103.95,0,50.4,96.4,68.1,37.7,56.9,517.7,56.1,595.1,139.9,140,1038.8,361465,1573,12.76,89.7,1530,2.89,1.04,21.8,33,60,12.37,12174588,72420,51.2,3408.59,0,1200,400,720,240,4200,7500,8500,102,1.5,6000,0,0,0,0,0,60.51,30,52.87,54.22,59.3,0,0
2026-08-10T20:22:29.493000+09:00,2026-08-10T11:22:29.493000+00:00,094623,2335.9,1,0,0,0,0,13366,493,13366,0,0,0,0,4655,-28608,18518,6,4480,528,129,0,0,0,0,2,0,0,0,0,31082107,2018,0.36,909.76,3245.64,0,50.4,98.2,67.9,37.7,56.7,510.4,64.4,600.2,143.8,144.2,1019.7,361466,1574,12.75,92.3,1490,2.71,1.19,29.1,39.3,60,19.87,12174590,72420,62.24,3408.59,0,1200,400,720,240,4200,7500,8500,102,1.5,6000,0,0,0,0,0,65.23,30,63.45,68.7,59.4,0,0
2026-08-10T20:23:29.635000+09:00,2026-08-10T11:23:29.635000+00:00,094623,1625.1,1,0,0,0,0,13366,494,13366,0,0,0,0,4655,-28608,10326,6,4992,0,129,0,0,0,0,2,0,0,0,0,31082107,2018,0.24,486.16,2111.27,0,50.8,99.2,68.1,37.5,57.3,518.7,60.1,604.7,150.2,150.9,1102.3,361466,1574,12.88,88.1,1480,2.78,1.24,23.6,35.9,60,12.51,12174593,72420,78.24,3408.59,0,1200,400,720,240,4200,7500,8500,102,1.5,6000,0,0,0,0,0,60.58,30,62.92,51.93,59.4,0,0
2026-08-10T20:24:29.705000+09:00,2026-08-10T11:24:29.705000+00:00,094623,1129.2,1,0,0,0,0,13366,498,13366,0,0,0,0,4651,-28608,10326,6,4992,0,129,0,0,0,0,2,0,0,0,0,31082107,2018,0.31,106.51,1235.69,0,50.3,96.7,68.2,37.5,57.1,521.7,57,599,141.4,141.6,1058.2,361466,1574,12.3,90,1490,2.79,1.11,23,36.9,60,11.34,12174595,72420,50.3,3408.6,0,1200,400,720,240,4200,7500,8500,102,1.5,6000,0,0,0,0,0,60.64,30,53.37,55.08,59.3,0,0
2026-08-10T20:25:29.802000+09:00,2026-08-10T11:25:29.802000+00:00,094623,2556.8,1,0,0,0,0,13366,497,13366,0,0,0,0,4651,-28608,12374,518,4512,72,129,0,0,0,0,2,0,0,0,0,31082107,2018,0.31,1020.84,3577.68,0,50.3,98,68,37.5,56.8,511.6,58,601.7,145,145.4,1101.4,361466,1574,12.34,92.4,1500,2.72,1.19,30.1,39.1,60,21.87,12174598,72420,62.97,3408.6,0,1200,400,720,240,4200,7500,8500,102,1.5,6000,0,0,0,0,0,67.14,30,64.02,70.75,59.3,0,0
2026-08-10T20:26:29.895000+09:00,2026-08-10T11:26:29.895000+00:00,094623,1515.2,1,0,0,0,0,13366,491,13366,0,0,0,0,4655,-28608,10326,590,4992,8192,129,0,0,0,0,2,0,0,0,0,31082107,2018,0.23,470.29,1985.53,0,50.6,99,68,37.5,57.2,521.3,58.5,601.2,146.8,147.1,1089.3,361466,1574,12.61,88.2,1480,2.75,1.1,22.3,36,60,10.91,12174601,72420,72.43,3408.6,0,1200,400,720,240,4200,7500,8500,102,1.5,6000,0,0,0,0,0,60,30,61.92,51.37,59.3,0,0
2026-08-10T20:27:29.981000+09:00,2026-08-10T11:27:29.981000+00:00,094623,1479.8,1,0,0,0,0,13366,491,13366,0,0,0,0,4651,-28608,18518,6,4992,528,129,0,0,0,0,2,0,0,0,0,31082107,2018,0.31,520.34,2000.18,0,50.2,96.9,68.2,37.5,56.8,520.6,56.8,594.5,139.6,139.8,1053.9,361466,1574,12.56,90.6,1480,2.75,1.1,22.3,35.6,60,11.27,12174603,72420,51.92,3408.6,0,1200,400,720,240,4200,7500,8500,102,1.5,6000,0,0,0,0,0,60.74,30,53.65,57.23,59.3,0,0
2026-08-10T20:28:30.086000+09:00,2026-08-10T11:28:30.086000+00:00,094623,2593.5,1,0,0,0,0,13366,496,13366,0,0,0,0,4655,-28608,10262,6,4480,0,129,0,0,0,0,2,0,0,0,0,31082107,2018,0.25,1108.74,3702.2,0,50.3,98.3,67.7,37.5,56.5,513.2,58.7,602.4,146.4,147.1,1060.3,361467,1575,12.74,92.1,1490,2.71,1.18,30.2,38.8,60,22.95,12174605,72420,63.78,3408.6,0,1200,400,720,240,4200,7500,8500,102,1.5,6000,0,0,0,0,0,66.92,30,65.52,71.13,59.3,0,0
2026-08-10T20:29:30.177000+09:00,2026-08-10T11:29:30.177000+00:00,094623,1477.4,1,0,0,0,0,13366,489,13366,0,0,0,0,4651,-28608,10326,6,4992,0,129,0,0,0,0,2,0,0,0,0,31082107,2018,0.24,404.37,1881.77,0,50.6,97.6,67.8,37.5,57,523.2,56.3,598.5,144.5,145.2,1030.6,361467,1575,12.58,88,1430,2.75,1.52,23.8,39.1,60,11.4,12174608,72420,71.03,3408.6,0,1200,400,720,240,4200,7500,8500,102,1.5,6000,0,0,0,0,0,59.13,30,57.74,50.43,59.3,0,0
2026-08-10T20:30:30.327000+09:00,2026-08-10T11:30:30.327000+00:00,094623,1499.4,1,0,0,0,0,13366,499,13366,0,0,0,0,4655,-28608,12438,6,21408,72,129,0,0,0,0,2,0,0,0,0,31082107,2018,0.34,354.32,1853.69,0,50.2,97.4,68,37.5,56.7,519.9,56.3,597.8,140.8,141.2,1056.4,361467,1575,12.39,90.4,1490,2.79,0.84,23.6,37.3,60,11.09,12174610,72420,53.74,3408.6,0,1200,400,720,240,4200,7500,8500,102,1.5,6000,0,0,0,0,0,59.69,30,54.96,57.01,59.3,0,0
2026-08-10T20:31:30.370000+09:00,2026-08-10T11:31:30.370000+00:00,094623,2675.3,1,0,0,0,0,13366,498,13366,0,0,0,0,4651,-28608,10326,6,4992,0,129,0,0,0,0,2,0,0,0,0,31082107,2018,0.27,1186.86,3862.12,0,50.3,98.9,67.9,37.5,56.6,511.5,54.9,604.4,150.2,151.1,1105.2,361467,1575,12.63,91,1500,2.73,1.16,30.4,38,60,24.08,12174613,72420,67,3408.6,0,1200,400,720,240,4200,7500,8500,102,1.5,6000,0,0,0,0,0,67.22,30,67.82,68.06,58.8,0,0
2026-08-10T20:32:30.469000+09:00,2026-08-10T11:32:30.469000+00:00,094623,1454.2,1,0,0,0,0,13367,493,13367,0,0,0,0,4655,-28608,18534,6,13188,16,129,0,0,0,0,2,0,0,0,0,31082107,2018,0.28,415.36,1869.56,0,50.4,96.6,68,37.4,57,520.8,55.3,600.1,144.5,144.9,1066,361467,1575,12.71,88.9,1480,2.76,1.07,21.7,35.3,60,11.17,12174616,72420,67.8,3408.6,0,1200,400,720,240,4200,7500,8500,102,1.5,6000,0,0,0,0,0,59.48,30,54.25,52.72,58.8,0,0
2026-08-10T20:33:30.561000+09:00,2026-08-10T11:33:30.561000+00:00,094623,1390.7,1,0,0,0,0,13367,494,13367,0,0,0,0,4655,-28608,10326,590,4992,8192,129,0,0,0,0,2,0,0,0,0,31082107,2018,0.36,480.06,1870.78,0,50.2,98.2,68,37.5,56.6,521.2,56,595.8,138.3,138.5,1060,361467,1575,12.2,90.2,1480,2.78,1.08,21.5,35.3,60,11.64,12174618,72420,56.34,3408.6,0,1200,400,720,240,4200,7500,8500,102,1.5,6000,0,0,0,0,0,59.53,30,57.12,56.23,58.8,0,0
2026-08-10T20:34:30.654000+09:00,2026-08-10T11:34:30.654000+00:00,094623,2624.0,1,0,0,0,0,13367,504,13367,0,0,0,0,4655,-28608,10326,6,4992,0,129,0,0,0,0,2,0,0,0,0,31082107,2018,0.26,1130.71,3754.69,0,50.3,99.4,67.8,37.4,56.4,513.6,54.4,605.4,150.1,151.1,1042,361468,1576,12.76,90.3,1520,2.78,1.14,29.4,37,60,23.05,12174621,72420,69.81,3408.61,0,1200,400,720,240,4200,7500,8500,102,1.5,6000,0,0,0,0,0,66.07,30,68.62,65.65,58.8,0,0
2026-08-10T20:35:30.750000+09:00,2026-08-10T11:35:30.750000+00:00,094623,1471.3,1,0,0,0,0,13367,496,13367,0,0,0,0,4651,-28608,12374,6,5024,8,129,0,0,0,0,2,0,0,0,0,31082107,2018,0.28,464.19,1935.48,0,50.4,96.2,67.9,37.4,56.8,522.1,57.5,599.5,143.7,144,1020.4,361468,1576,12.45,88.7,1500,2.78,1.12,22.6,37.2,60,11.05,12174623,72420,63.13,3408.61,0,1200,400,720,240,4200,7500,8500,102,1.5,6000,0,0,0,0,0,58.91,30,52.99,51.72,58.8,0,0
2026-08-10T20:36:30.859000+09:00,2026-08-10T11:36:30.859000+00:00,094623,1522.6,1,0,0,0,0,13367,494,13367,0,0,0,0,4655,-28608,10326,6,4992,0,129,0,0,0,0,2,0,0,0,0,31082107,2018,0.36,537.43,2060,0,50.2,98.2,67.9,37.4,56.5,520.9,56.6,596.6,139.6,140,1025.7,361468,1576,12.9,91.3,1490,2.77,1.14,23,36.7,60,11.2,12174625,72420,55.83,3408.61,0,1200,400,720,240,4200,7500,8500,102,1.5,6000,0,0,0,0,0,58.82,30,57.24,59.75,58.8,0,0
2026-08-10T20:37:30.947000+09:00,2026-08-10T11:37:30.947000+00:00,094623,2412.8,1,0,0,0,0,13367,504,13367,0,0,0,0,4651,-28608,10326,6,4992,0,129,0,0,0,0,2,0,0,0,0,31082107,2018,0.25,932.95,3345.74,0,50.3,99.8,68,37.4,56.5,515.4,54.8,607.1,151.2,152.2,1092.2,361468,1576,12.76,89.4,1520,2.79,1.1,27.9,36.7,60,22.41,12174629,72420,78.56,3408.61,0,1200,400,720,240,4200,7500,8500,102,1.5,6000,0,0,0,0,0,65.62,30,69.45,62.51,58.7,0,0
2026-08-10T20:38:31.134000+09:00,2026-08-10T11:38:31.134000+00:00,094623,1448.1,1,0,0,0,0,13367,497,13367,0,0,0,0,4651,-28608,10326,6,4992,0,129,0,0,0,0,2,0,0,0,0,31082107,2018,0.27,412.92,1861.02,0,50.2,95.9,68.1,37.4,56.7,522.5,54.9,598.6,143,143.6,1052.9,361468,1576,12.74,88.8,1440,2.79,1.53,23.6,38.8,60,11.34,12174631,72420,58.78,3408.61,0,1200,400,720,240,4200,7500,8500,102,1.5,6000,0,0,0,0,0,59.44,30,51.51,51.59,58.7,0,0
2026-08-10T20:39:31.186000+09:00,2026-08-10T11:39:31.186000+00:00,094623,1604.4,1,0,0,0,0,13367,499,13367,0,0,0,0,4655,-26560,10326,6,4480,0,129,0,0,0,0,0,0,0,0,0,31082107,2018,0.39,614.34,2218.7,0,50.1,98.5,68,37.4,56.4,519.4,54.3,597.2,140.5,141.2,1049.7,361468,1576,12.82,91.3,1500,2.8,1.15,23.3,36,60,11.31,12174633,72420,55.02,3408.61,0,1200,400,720,240,4200,7500,8500,102,1.5,6000,0,0,0,0,0,59.25,30,58.25,59.29,58.7,0,0
2026-08-10T20:40:31.284000+09:00,2026-08-10T11:40:31.284000+00:00,094623,2123.5,1,0,0,0,0,13367,502,13367,0,0,0,0,4655,-26560,12374,6,5025,8,129,0,0,0,0,2,0,0,0,0,31082107,2018,0.23,803.55,2927.03,0,50.3,100.4,68,37.3,56.6,516,53.5,607.7,152.9,154.2,1040.8,361469,1577,12.93,89.2,1510,2.81,1.1,25.6,34.7,60,17.35,12174636,72420,83.4,3408.61,0,1200,400,720,240,4200,7500,8500,102,1.5,6000,0,0,0,0,0,62.23,30,68.12,58.64,58.7,0,0
2026-08-10T20:41:31.398000+09:00,2026-08-10T11:41:31.398000+00:00,094623,1484.7,1,0,0,0,0,13367,495,13367,0,0,0,0,4651,-28608,10326,6,4992,0,129,0,0,0,0,2,0,0,0,0,31082107,2018,0.25,502.03,1986.75,0,50.2,95.8,68.2,37.3,56.8,519.8,53.9,601.8,143.4,143.9,1058.9,361469,1577,12.61,89.2,1490,2.78,1.12,22.8,36.8,60,11.16,12174638,72420,59.38,3408.61,0,1200,400,720,240,4200,7500,8500,102,1.5,6000,0,0,0,0,0,59.86,30,51.51,52.98,58.7,0,0
2026-08-10T20:42:31.494000+09:00,2026-08-10T11:42:31.494000+00:00,094623,1864.4,1,0,0,0,0,13367,494,13367,0,0,0,0,4651,-28608,10326,518,4480,0,129,0,0,0,0,2,0,0,0,0,31082107,2018,0.38,679.04,2543.41,0,50.1,98.4,68.1,37.3,56.5,515.7,54.1,597.9,140.7,141.1,1063.4,361469,1577,12.48,91.1,1490,2.74,1.19,26.2,39.6,60,14.99,12174640,72420,56.35,3408.61,0,1200,400,720,240,4200,7500,8500,102,1.5,6000,0,0,0,0,0,62.85,30,60.96,62.02,58.7,0,0
2026-08-10T20:43:31.582000+09:00,2026-08-10T11:43:31.582000+00:00,094623,1844.8,1,0,0,0,0,13367,502,13367,0,0,0,0,4651,-28608,10326,6,4992,0,129,0,0,0,0,2,0,0,0,0,31082107,2018,0.26,598.47,2443.31,0,50.4,99.9,67.9,37.3,56.7,521.5,53.6,604.6,151.2,152,1054.1,361469,1577,12.8,88.8,1510,2.83,1.11,24.3,36.2,60,15.21,12174644,72420,82.39,3408.62,0,1200,400,720,240,4200,7500,8500,102,1.5,6000,0,0,0,0,0,61.4,30,65.9,55.86,58.7,0,0
2026-08-10T20:44:31.654000+09:00,2026-08-10T11:44:31.654000+00:00,094623,1805.8,1,0,0,0,0,13367,455,13367,0,0,0,0,4655,-28608,10326,6,4992,0,129,0,0,0,0,2,0,0,0,0,31082107,2018,0.29,630.21,2435.99,0,50.2,96,68,37.3,56.6,520.5,55.9,598.4,142,142.5,1040.3,361469,1577,12.55,90,1300,2.56,1.96,27,39.4,60,11.27,12174646,72420,52.5,3408.62,0,1200,400,720,240,4200,7500,8500,102,1.5,6000,0,0,0,0,0,58.61,30,50.99,54.42,58.6,0,0
2026-08-10T20:45:31.768000+09:00,2026-08-10T11:45:31.768000+00:00,094623,2030.4,1,0,0,0,0,13367,495,13367,0,0,0,0,4651,-28608,18518,6,4480,528,129,0,0,0,0,2,0,0,0,0,31082107,2018,0.32,736.41,2766.81,0,50.2,98.6,68,37.3,56.5,512.8,54.2,601,142.9,143.4,1032.9,361469,1577,12.69,91.7,1490,2.74,1.18,27.1,39.3,60,17,12174648,72420,61.36,3408.62,0,1200,400,720,240,4200,7500,8500,102,1.5,6000,0,0,0,0,0,63.44,30,62.63,65.7,58.6,0,0
2026-08-10T20:46:31.860000+09:00,2026-08-10T11:46:31.860000+00:00,094623,2492.1,1,0,0,0,0,13367,495,13367,0,0,0,0,4655,-26560,10326,590,4480,8192,129,0,0,0,0,2,0,0,0,0,31082107,2018,0.32,920.74,3412.88,0,50.5,98.8,68,37.3,56.8,518.2,54.8,607.9,153.9,154.9,1051,361470,1578,12.71,88.3,1500,2.72,1.15,30,40.3,60,24.47,12174652,72420,79,3408.62,0,1200,400,720,240,4200,7500,8500,102,1.5,6000,0,0,0,0,0,67.44,30,68.61,59.81,58.7,0,0
2026-08-10T20:47:31.970000+09:00,2026-08-10T11:47:31.970000+00:00,094623,2328.6,1,0,0,0,0,13367,500,13367,0,0,0,0,4651,-28608,10390,6,21376,0,129,0,0,0,0,2,0,0,0,0,31082107,2018,0.31,823.08,3151.65,0,50.5,96.8,68,37.2,57.3,523.7,53.8,609.5,157.3,158.3,1038.2,361470,1578,12.73,88.8,1510,2.75,1.12,27.3,37.2,60,21.66,12174656,72420,67.88,3408.62,0,1200,400,720,240,4200,7500,8500,102,1.5,6000,0,0,0,0,0,65.25,30,59.71,55.93,58.6,0,0
2026-08-10T20:48:32.044000+09:00,2026-08-10T11:48:32.044000+00:00,094623,1999.0,1,0,0,0,0,13367,494,13367,0,0,0,0,4651,-28608,10326,6,4992,0,129,0,0,0,0,2,0,0,0,0,31082107,2018,0.38,939.05,2938.02,0,50.4,98.7,67.9,37.2,57.2,520.7,53.7,603,146.5,147.1,1050.2,361470,1578,12.88,90.6,1570,2.76,1.16,26.2,35.5,60,11.15,12174658,72420,57.24,3408.62,0,1200,400,720,240,4200,7500,8500,102,1.5,6000,0,0,0,0,0,59.14,30,59.06,55.43,58.6,0,0
2026-08-10T20:49:32.151000+09:00,2026-08-10T11:49:32.151000+00:00,094623,1619.0,1,0,0,0,0,13367,494,13367,0,0,0,0,4655,-28608,10390,6,20864,0,129,0,0,0,0,0,0,0,0,0,31082107,2018,0.34,580.16,2199.16,0,50.5,97.3,68.1,37.3,57,519.5,54.5,603,144.8,145.4,1058.3,361470,1578,12.24,92.7,1480,2.75,1.15,23.8,36.5,60,12.02,12174660,72420,62.34,3408.62,0,1200,400,720,240,4200,7500,8500,102,1.5,6000,0,0,0,0,0,60.14,30,54.98,64.41,58.6,0,0
2026-08-10T20:50:32.241000+09:00,2026-08-10T11:50:32.241000+00:00,094623,2516.6,1,0,0,0,0,13367,495,13367,0,0,0,0,4655,-28608,18518,6,4480,528,129,0,0,0,0,0,0,0,0,0,31082107,2018,0.36,1012.3,3528.85,0,50.5,99.6,68.2,37.3,57.1,517.3,54.3,609.5,154.3,155.5,1025.8,361470,1578,12.42,88.3,1500,2.72,1.15,29.9,39.3,60,24.31,12174664,72420,76.98,3408.62,0,1200,400,720,240,4200,7500,8500,102,1.5,6000,0,0,0,0,0,68.18,30,69.69,60.09,58.6,0,0
2026-08-10T20:51:32.344000+09:00,2026-08-10T11:51:32.344000+00:00,094623,2539.8,1,0,0,0,0,13367,496,13367,0,0,0,0,4655,-28608,10342,6,12676,0,129,0,0,0,0,0,0,0,0,0,31082107,2018,0.31,952.48,3492.23,0,50.6,97.2,68.2,37.2,57.5,522.9,53.2,608.1,158.1,159,1036.1,361470,1578,12.88,88.4,1500,2.72,1.15,29.6,39.4,60,24.42,12174668,72420,68.45,3408.63,0,1200,400,720,240,4200,7500,8500,102,1.5,6000,0,0,0,0,0,68.53,30,63.76,56.97,58.6,0,0
2026-08-10T20:52:32.421000+09:00,2026-08-10T11:52:32.421000+00:00,094623,1361.4,1,0,0,0,0,13367,498,13367,0,0,0,0,4655,-28608,10326,6,4992,0,129,0,0,0,0,0,0,0,0,0,31082107,2018,0.35,285.96,1647.39,0,50.6,98.5,67.9,37.1,57.6,525.4,54.7,601.1,150.5,151,1062.3,361471,1579,12.55,91.4,1460,2.8,0.79,23.6,36.7,60,11.36,12174671,72420,64.13,3408.63,0,1200,400,720,240,4200,7500,8500,102,1.5,6000,0,0,0,0,0,59.68,30,58.26,58.14,58.6,0,0
2026-08-10T20:53:32.535000+09:00,2026-08-10T11:53:32.535000+00:00,094623,1495.7,1,0,0,0,0,13367,499,13367,0,0,0,0,4651,-28608,12374,6,4992,8,129,0,0,0,0,0,0,0,0,0,31082107,2018,0.33,537.43,2033.14,0,50.6,97.3,68,37.2,57.2,522.8,53.5,597.3,145,145.3,1034.2,361471,1579,12.74,92.3,1500,2.8,1.14,22.9,36.7,60,11.35,12174673,72420,62.53,3408.63,0,1200,400,720,240,4200,7500,8500,102,1.5,6000,0,0,0,0,0,59.94,30,54.89,62.74,58.6,0,0
2026-08-10T20:54:32.683000+09:00,2026-08-10T11:54:32.683000+00:00,094623,2578.8,1,0,0,0,0,13367,498,13367,0,0,0,0,4651,-28608,10326,6,4480,0,129,0,0,0,0,2,0,0,0,0,31082107,2018,0.24,1085.54,3664.36,0,50.7,99.6,68,37.2,57.1,512.6,53.3,606,152.4,152.9,1042.9,361471,1579,12.52,89.4,1500,2.73,1.16,30.2,38.7,60,24.12,12174676,72420,69.7,3408.63,0,1200,400,720,240,4200,7500,8500,102,1.5,6000,0,0,0,0,0,67.78,30,69.93,63.91,58.6,0,0
2026-08-10T20:55:32.716000+09:00,2026-08-10T11:55:32.716000+00:00,094623,2057.6,1,0,0,0,0,13367,462,13367,0,0,0,0,4651,-28608,18518,6,4992,528,129,0,0,0,0,2,0,0,0,0,31082107,2018,0.27,838.95,2896.51,0,50.7,96.4,68,37.1,57.4,521.5,54.7,599.2,148.5,149,1046.3,361471,1579,12.88,89,1480,2.54,1.26,27.2,37.2,60,10.78,12174678,72420,63.69,3408.63,0,1200,400,720,240,4200,7500,8500,102,1.5,6000,0,0,0,0,0,59.35,30,52.42,52.19,58.5,0,0
2026-08-10T20:56:32.832000+09:00,2026-08-10T11:56:32.832000+00:00,094623,2004.8,1,0,0,0,0,13367,438,13367,0,0,0,0,4655,-26560,10326,6,4993,0,129,0,0,0,0,2,0,0,0,0,31082107,2018,0.35,703.45,2708.21,0,50.5,98.1,68.1,37.2,57.1,520.1,53.6,597.2,144,144.3,1038.2,361471,1579,12.34,90.7,1340,2.44,1.57,27.5,37.7,60,11.37,12174680,72420,56.4,3408.63,0,1200,400,720,240,4200,7500,8500,102,1.5,6000,0,0,0,0,0,59.27,30,55.79,57.1,58.6,0,0
2026-08-10T20:57:32.907000+09:00,2026-08-10T11:57:32.907000+00:00,094623,2637.4,1,0,0,0,0,13367,496,13367,0,0,0,0,4655,-28608,10326,590,4480,8192,129,0,0,0,0,2,0,0,0,0,31082107,2018,0.25,1059.91,3697.32,0,50.4,99,68,37.1,57,513.3,53.3,605.2,151.6,151.9,1053.2,361471,1579,12.71,90.4,1500,2.72,1.16,30.1,38.5,60,23.79,12174683,72420,73.25,3408.63,0,1200,400,720,240,4200,7500,8500,102,1.5,6000,0,0,0,0,0,67.97,30,68.07,66.93,58.5,0,0
2026-08-10T20:58:33.005000+09:00,2026-08-10T11:58:33.005000+00:00,094623,1831.4,1,0,0,0,0,13367,522,13367,0,0,0,0,4651,-28608,12374,6,5024,72,129,0,0,0,0,2,0,0,0,0,31082107,2018,0.28,720.54,2551.96,0,50.5,96.7,68.1,37.1,57.3,518.4,52.6,599.2,146.7,147.1,1024.8,361472,1580,12.73,88.9,1570,2.93,1.08,24.5,35.1,60,12.42,12174686,72420,65.4,3408.63,0,1200,400,720,240,4200,7500,8500,102,1.5,6000,0,0,0,0,0,63.22,30,57.36,55.64,58.5,0,0
2026-08-10T20:59:33.137000+09:00,2026-08-10T11:59:33.137000+00:00,094623,1843.6,1,0,0,0,0,13367,522,13367,0,0,0,0,4651,-28608,10326,6,4992,0,129,0,0,0,0,2,0,0,0,0,31082107,2018,0.36,754.72,2598.35,0,50.2,97.9,68.2,37.1,56.9,517.3,52.6,596,141.6,142,1022.7,361472,1580,12.9,90.6,1570,2.92,1.1,24.9,35.5,60,14.16,12174688,72420,56.1,3408.63,0,1200,400,720,240,4200,7500,8500,102,1.5,6000,0,0,0,0,0,64.05,30,59.47,60.86,58.5,0,0
2026-08-10T21:00:33.196000+09:00,2026-08-10T12:00:33.196000+00:00,094623,2633.7,1,0,0,0,0,13367,496,13367,0,0,0,0,4655,-26560,18518,6,4480,528,129,0,0,0,0,2,0,0,0,0,31082107,2018,0.23,1059.91,3693.65,0,50.3,99.1,67.9,37.2,56.7,513.8,57.2,604.4,150.1,150.9,1096.9,361472,1580,12.68,90.2,1500,2.72,1.17,30.4,39.2,60,23.7,12174691,72420,72.24,3408.64,0,1200,400,720,240,4200,7500,8500,102,1.5,6000,0,0,0,0,0,67.94,30,68.26,66.66,58.5,0,0
2026-08-10T21:01:33.306000+09:00,2026-08-10T12:01:33.306000+00:00,094623,2086.6,1,0,0,0,0,13367,462,13367,0,0,0,0,4651,-28608,10326,6,4992,0,129,0,0,0,0,2,0,0,0,0,31082107,2018,0.26,764.49,2851.04,0,50.4,96.6,67.8,37.1,57.2,519.4,53.7,600.6,148.8,149.5,1055.5,361472,1580,12.77,87.7,1460,2.53,1.28,27.1,37.1,60,11.33,12174694,72420,63.95,3408.64,0,1200,400,720,240,4200,7500,8500,102,1.5,6000,0,0,0,0,0,58.95,30,53.97,47.98,58.5,0,0
2026-08-10T21:02:33.412000+09:00,2026-08-10T12:02:33.412000+00:00,094623,1996.2,1,0,0,0,0,13367,434,13367,0,0,0,0,4655,-26560,10326,6,4992,0,129,0,0,0,0,0,0,0,0,0,31082107,2018,0.42,753.5,2749.72,0,50.1,97.9,67.9,37.1,57,517.9,54.8,598,144.2,144.7,1043,361472,1580,12.64,90,1320,2.44,1.64,27.6,37.7,60,11.42,12174696,72420,50.63,3408.64,0,1200,400,720,240,4200,7500,8500,102,1.5,6000,0,0,0,0,0,58.57,30,55.04,52.99,58.5,0,0
2026-08-10T21:03:33.508000+09:00,2026-08-10T12:03:33.508000+00:00,094623,2722.9,1,0,0,0,0,13367,498,13367,0,0,0,0,4655,-26560,12374,6,5024,72,129,0,0,0,0,2,0,0,0,0,31082107,2018,0.22,1155.13,3877.99,0,50.2,99.1,67.9,37.1,56.9,510.4,55.1,607.2,153.7,154.2,1048.9,361472,1580,12.73,92.3,1510,2.74,1.16,30.6,37.9,60,24.24,12174699,72420,72.61,3408.64,0,1200,400,720,240,4200,7500,8500,102,1.5,6000,0,0,0,0,0,67.21,30,68.23,71.94,58.5,0,0
2026-08-10T21:04:33.611000+09:00,2026-08-10T12:04:33.611000+00:00,094623,1433.5,1,0,0,0,0,13367,491,13367,0,0,0,0,4655,-26560,10326,6,4992,0,129,0,0,0,0,2,0,0,0,0,31082107,2018,0.21,453.2,1886.65,0,50.3,96.3,68.2,37.1,57.3,521.2,56.2,599.2,146.2,146.5,1025.9,361473,1581,12.63,87.9,1480,2.76,1.11,22.1,36.5,60,10.36,12174701,72420,64.76,3408.64,0,1200,400,720,240,4200,7500,8500,102,1.5,6000,0,0,0,0,0,60.41,30,53.84,49.37,58.5,0,0
2026-08-10T21:05:33.757000+09:00,2026-08-10T12:05:33.757000+00:00,094623,1476.2,1,0,0,0,0,13367,491,13367,0,0,0,0,4651,-28608,18518,6,4992,528,129,0,0,0,0,2,0,0,0,0,31082107,2018,0.4,530.11,2006.29,0,50,98,68.2,37.2,56.8,520.2,56.7,597,141.1,141.5,1028.1,361473,1581,12.28,90,1470,2.75,1.1,22.3,35.5,60,11.14,12174703,72420,50.13,3408.64,0,1200,400,720,240,4200,7500,8500,102,1.5,6000,0,0,0,0,0,60.79,30,56.5,54.28,58.5,0,0
2026-08-10T21:06:33.860000+09:00,2026-08-10T12:06:33.860000+00:00,094623,2637.4,1,0,0,0,0,13367,504,13367,0,0,0,0,4655,-28608,10390,590,21376,8192,129,0,0,0,0,2,0,0,0,0,31082107,2018,0.23,1055.02,3692.43,0,50.3,99.3,67.7,37.2,56.7,512.4,57.3,606.1,153.6,154.4,1082.7,361473,1581,12.71,91.3,1520,2.79,1.13,29.5,36.9,60,23.07,12174706,72420,75.93,3408.64,0,1200,400,720,240,4200,7500,8500,102,1.5,6000,0,0,0,0,0,66.17,30,68.2,68.16,58.4,0,0
2026-08-10T21:07:33.938000+09:00,2026-08-10T12:07:33.938000+00:00,094623,1515.2,1,0,0,0,0,13367,498,13367,0,0,0,0,4651,-28608,10326,6,4992,0,129,0,0,0,0,2,0,0,0,0,31082107,2018,0.25,552.08,2067.32,0,50.3,96.5,68,37.1,57.2,520.1,54.6,601.1,146.8,147.2,1062.4,361473,1581,12.77,88.3,1500,2.81,1.13,23,36.4,60,11.3,12174709,72420,67.08,3408.64,0,1200,400,720,240,4200,7500,8500,102,1.5,6000,0,0,0,0,0,59.8,30,54.49,50.38,58.4,0,0
2026-08-10T21:08:34.028000+09:00,2026-08-10T12:08:34.028000+00:00,094623,1468.9,1,0,0,0,0,13367,496,13367,0,0,0,0,4655,-28608,12374,6,21408,72,129,0,0,0,0,2,0,0,0,0,31082107,2018,0.37,508.13,1976.99,0,50,98.1,68,37.2,56.8,520.2,56,599.4,142.8,143.1,1031.4,361473,1581,12.88,90.8,1500,2.79,1.13,22.6,36.8,60,10.89,12174711,72420,53.26,3408.64,0,1200,400,720,240,4200,7500,8500,102,1.5,6000,0,0,0,0,0,59.74,30,57.21,57.29,58.4,0,0
2026-08-10T21:09:34.206000+09:00,2026-08-10T12:09:34.206000+00:00,094623,2271.2,1,0,0,0,0,13367,496,13367,0,0,0,0,4651,-28608,10326,6,4480,0,129,0,0,0,0,2,0,0,0,0,31082107,2018,0.26,867.03,3138.22,0,50.3,99.5,68,37.1,56.7,520.2,53.3,605.9,149.1,149.6,1038.1,361473,1581,12.73,90.1,1500,2.73,1.16,29.3,41.5,60,24.36,12174714,72420,80.18,3408.64,0,1200,400,720,240,4200,7500,8500,102,1.5,6000,0,0,0,0,0,67.71,30,69.85,65.74,58.5,0,0
2026-08-10T21:10:34.297000+09:00,2026-08-10T12:10:34.297000+00:00,094623,2655.7,1,0,0,0,0,13367,498,13367,0,0,0,0,4655,-28608,18534,6,13188,528,129,0,0,0,0,2,0,0,0,0,31082107,2018,0.26,1179.54,3835.26,0,50.4,96.4,67.8,37,57.1,519.4,54.1,608.4,157.2,158,1061.2,361474,1582,12.7,87.5,1510,2.73,1.17,30.3,38.6,60,24.18,12174718,72420,73.88,3408.65,0,1200,400,720,240,4200,7500,8500,102,1.5,6000,0,0,0,0,0,66.68,30,61.1,54.87,58.4,0,0
2026-08-10T21:11:34.397000+09:00,2026-08-10T12:11:34.397000+00:00,094623,1509.1,1,0,0,0,0,13367,490,13367,0,0,0,0,4651,-28608,10326,6,4992,0,129,0,0,0,0,2,0,0,0,0,31082107,2018,0.36,539.87,2049.01,0,50.3,98.4,67.9,37.1,57.3,522.2,55.1,602.3,149.3,149.7,1094.3,361474,1582,12.48,90.2,1480,2.73,1.11,22.7,36,60,11.19,12174721,72420,53.36,3408.65,0,1200,400,720,240,4200,7500,8500,102,1.5,6000,0,0,0,0,0,58.97,30,57.86,53.33,58.4,0,0
2026-08-10T21:12:34.536000+09:00,2026-08-10T12:12:34.536000+00:00,094623,1507.9,1,0,0,0,0,13367,491,13367,0,0,0,0,4651,-28608,10326,6,4992,0,129,0,0,0,0,0,0,0,0,0,31082107,2018,0.4,696.13,2204.05,0,50.4,96.9,68.2,37.1,57.1,517.9,53.4,599.8,145.8,146.1,1077.1,361474,1582,12.77,92.7,1470,2.74,1.09,22.5,34,60,11.28,12174723,72420,61.49,3408.65,0,1200,400,720,240,4200,7500,8500,102,1.5,6000,0,0,0,0,0,59.97,30,53.46,62.53,58.4,0,0
2026-08-10T21:13:34.578000+09:00,2026-08-10T12:13:34.578000+00:00,094623,2514.1,1,0,0,0,0,13367,496,13367,0,0,0,0,4655,-28608,12374,518,4512,72,129,0,0,0,0,2,0,0,0,0,31082107,2018,0.33,1019.62,3533.74,0,50.5,99.7,68.2,37.1,57.2,515.7,54.4,608.2,155.4,156,1064.6,361474,1582,12.55,89.4,1500,2.72,1.16,30,39.4,60,23.34,12174726,72420,78.93,3408.65,0,1200,400,720,240,4200,7500,8500,102,1.5,6000,0,0,0,0,0,68.3,30,69.89,63.99,58.4,0,0
2026-08-10T21:14:34.670000+09:00,2026-08-10T12:14:34.670000+00:00,094623,2467.7,1,0,0,0,0,13367,496,13367,0,0,0,0,4655,-28608,10326,590,4480,8192,129,0,0,0,0,2,0,0,0,0,31082107,2018,0.28,987.88,3455.61,0,50.6,97.4,68,37.1,57.7,522.8,53.4,611.3,159.9,160.5,1062.5,361474,1582,12.64,87.7,1500,2.72,1.15,29.5,39.6,60,24.48,12174730,72420,68.93,3408.65,0,1200,400,720,240,4200,7500,8500,102,1.5,6000,0,0,0,0,0,67.99,30,64.58,55.32,58.4,0,0
2026-08-10T21:15:34.776000+09:00,2026-08-10T12:15:34.776000+00:00,094623,1809.4,1,0,0,0,0,13367,500,13367,0,0,0,0,4655,-26560,18518,590,4992,8208,129,0,0,0,0,2,0,0,0,0,31082107,2018,0.34,544.75,2354.2,0,50.7,97.6,67.6,37,57.9,526,53.3,607.5,157.8,158.4,1091.8,361474,1582,12.81,91.1,1510,2.79,1.11,23.5,35.6,60,13.35,12174734,72420,66.04,3408.65,0,1200,400,720,240,4200,7500,8500,102,1.5,6000,0,0,0,0,0,59.73,30,56.49,57.89,58.3,0,0
2026-08-10T21:16:34.875000+09:00,2026-08-10T12:16:34.875000+00:00,094623,1459.1,1,0,0,0,0,13367,512,13367,0,0,0,0,4655,-28608,10326,6,4992,0,129,0,0,0,0,2,0,0,0,0,31082107,2018,0.35,489.82,1948.91,0,50.7,97.4,68,37.1,57.6,522.3,53,598,145.7,145.8,1055.8,361475,1583,12.74,91.1,1530,2.89,1.04,21.4,33.8,60,13.8,12174736,72420,62.77,3408.65,0,1200,400,720,240,4200,7500,8500,102,1.5,6000,0,0,0,0,0,59.6,30,55.25,58.42,58.4,0,0
2026-08-10T21:17:34.962000+09:00,2026-08-10T12:17:34.962000+00:00,094623,2252.9,1,0,0,0,0,13367,494,13367,0,0,0,0,4651,-28608,10326,6,4480,0,129,0,0,0,0,2,0,0,0,0,31082107,2018,0.29,863.37,3116.24,0,50.6,98.2,68.3,37.1,57.2,514.5,54.1,602,146,146.2,1036,361475,1583,12.42,90.5,1490,2.71,1.2,28.7,40,60,19.99,12174738,72420,66.67,3408.65,0,1200,400,720,240,4200,7500,8500,102,1.5,6000,0,0,0,0,0,66.28,30,62.5,64.8,58.3,0,0
2026-08-10T21:18:35.054000+09:00,2026-08-10T12:18:35.054000+00:00,094623,1820.4,1,0,0,0,0,13367,491,13367,0,0,0,0,4651,-28608,12374,6,5024,72,129,0,0,0,0,2,0,0,0,0,31082107,2018,0.27,532.55,2352.98,0,50.7,98.9,68,37,57.5,519.8,52.2,605,153.2,154.1,1044.9,361475,1583,12.32,88,1380,2.74,1.79,25.5,37.3,60,12.08,12174741,72420,71.36,3408.66,0,1200,400,720,240,4200,7500,8500,102,1.5,6000,0,0,0,0,0,60.34,30,61.13,50.24,58.3,0,0
2026-08-10T21:19:35.149000+09:00,2026-08-10T12:19:35.149000+00:00,094623,1548.2,1,0,0,0,0,13367,498,13367,0,0,0,0,4651,-28608,10326,518,4992,0,129,0,0,0,0,2,0,0,0,0,31082107,2018,0.37,471.51,2019.71,0,50.5,97.2,68,37,57.3,520.1,54.1,599.5,146.3,146.9,1055.9,361475,1583,12.8,91.1,1430,2.78,1.6,24,37.7,60,10.66,12174743,72420,52.08,3408.66,0,1200,400,720,240,4200,7500,8500,102,1.5,6000,0,0,0,0,0,59.99,30,54.42,57.96,58.3,0,0
2026-08-10T21:20:35.228000+09:00,2026-08-10T12:20:35.228000+00:00,094623,2527.5,1,0,0,0,0,13367,495,13367,0,0,0,0,4655,-28608,10326,6,4480,0,129,0,0,0,0,2,0,0,0,0,31082107,2018,0.26,1192.97,3720.51,0,50.4,98.6,68,37,57.1,510.3,52.3,604,150.4,150.9,1087.2,361475,1583,12.79,92.4,1500,2.7,1.18,30,38.2,60,22.61,12174746,72420,65.03,3408.66,0,1200,400,720,240,4200,7500,8500,102,1.5,6000,0,0,0,0,0,67.02,30,65.76,71.5,58.2,0,0
2026-08-10T21:21:35.321000+09:00,2026-08-10T12:21:35.321000+00:00,094623,1495.7,1,0,0,0,0,13367,491,13367,0,0,0,0,4651,-28608,10326,518,4992,0,129,0,0,0,0,2,0,0,0,0,31082107,2018,0.22,453.2,1948.91,0,50.6,97.3,68.1,37,57.5,521,55.7,604,151.5,152.3,1037.2,361475,1583,12.67,87.5,1480,2.75,1.09,22.1,35.5,60,11.1,12174749,72420,73.29,3408.66,0,1200,400,720,240,4200,7500,8500,102,1.5,6000,0,0,0,0,0,60.3,30,56.63,48.83,58.3,0,0
2026-08-10T21:22:35.401000+09:00,2026-08-10T12:22:35.401000+00:00,094623,1407.8,1,0,0,0,0,13367,491,13367,0,0,0,0,4651,-28608,10326,6,4992,0,129,0,0,0,0,2,0,0,0,0,31082107,2018,0.38,461.74,1869.56,0,50.2,97.9,68.2,37,57.2,521.3,53.7,596.3,143.3,143.7,1027.7,361476,1584,12.63,90.1,1480,2.75,1.09,21.9,36,60,11.32,12174751,72420,49.32,3408.66,0,1200,400,720,240,4200,7500,8500,102,1.5,6000,0,0,0,0,0,60.83,30,56.3,54.94,58.2,0,0
2026-08-10T21:23:35.508000+09:00,2026-08-10T12:23:35.508000+00:00,094623,2582.5,1,0,0,0,0,13367,497,13367,0,0,0,0,4655,-28608,12374,6,4512,8,129,0,0,0,0,0,0,0,0,0,31082107,2018,0.22,1172.22,3754.69,0,50.3,98,67.7,37,56.8,513.5,54.2,601.6,149.1,149.7,1058.9,361476,1584,12.47,92.4,1500,2.73,1.18,30.3,38.7,60,23.39,12174753,72420,72.34,3408.66,0,1200,400,720,240,4200,7500,8500,102,1.5,6000,0,0,0,0,0,66.9,30,64.44,71.97,58.2,0,0
2026-08-10T21:24:35.630000+09:00,2026-08-10T12:24:35.630000+00:00,094623,1528.7,1,0,0,0,0,13367,493,13367,0,0,0,0,4655,-28608,10326,6,4992,0,129,0,0,0,0,2,0,0,0,0,31082107,2018,0.23,491.04,2019.71,0,50.5,97.5,67.8,36.9,57.3,522.7,55,601.2,149.9,150.8,1044.9,361476,1584,12.67,88,1490,2.77,1.12,22.6,36.4,60,11.23,12174756,72420,77.43,3408.66,0,1200,400,720,240,4200,7500,8500,102,1.5,6000,0,0,0,0,0,59.11,30,57.42,49.99,58.2,0,0
2026-08-10T21:25:35.727000+09:00,2026-08-10T12:25:35.727000+00:00,094623,1467.6,1,0,0,0,0,13367,493,13367,0,0,0,0,4651,-28608,10390,6,21376,0,129,0,0,0,0,2,0,0,0,0,31082107,2018,0.37,481.28,1948.91,0,50.1,97.5,67.9,37,57,521.8,55.8,597.1,143.8,144.3,1022.7,361476,1584,12.69,90,1490,2.76,1.12,22.6,36.5,60,11.15,12174758,72420,49.42,3408.66,0,1200,400,720,240,4200,7500,8500,102,1.5,6000,0,0,0,0,0,59.26,30,55.06,54.55,58.2,0,0
2026-08-10T21:26:35.825000+09:00,2026-08-10T12:26:35.825000+00:00,094623,2368.8,1,0,0,0,0,13367,497,13367,0,0,0,0,4655,-28608,10326,6,4480,0,129,0,0,0,0,0,0,0,0,0,31082107,2018,0.24,993.99,3362.83,0,50.1,98.2,68,37,56.7,516.4,55.1,601.3,147.4,148.1,1031.1,361476,1584,12.41,92.8,1500,2.74,1.17,29.7,40.6,60,23.94,12174761,72420,69.11,3408.66,0,1200,400,720,240,4200,7500,8500,102,1.5,6000,0,0,0,0,0,67.26,30,65.19,73.3,58.2,0,0
2026-08-10T21:27:35.913000+09:00,2026-08-10T12:27:35.913000+00:00,094623,1831.4,1,0,0,0,0,13367,499,13367,0,0,0,0,4655,-28608,10342,6,13188,0,129,0,0,0,0,2,0,0,0,0,31082107,2018,0.21,586.26,2417.68,0,50.3,97.6,68,36.9,57.2,522.6,55.4,607.3,155.4,156.5,1049.8,361476,1584,12.88,87.1,1500,2.8,1.11,23.9,35.5,60,13.93,12174765,72420,80.96,3408.66,0,1200,400,720,240,4200,7500,8500,102,1.5,6000,0,0,0,0,0,60.98,30,59.07,48.63,58.2,0,0
2026-08-10T21:28:35.999000+09:00,2026-08-10T12:28:35.999000+00:00,094623,1637.3,1,0,0,0,0,13367,520,13367,0,0,0,0,4655,-28608,10326,6,4992,528,129,0,0,0,0,2,0,0,0,0,31082107,2018,0.39,639.97,2277.29,0,50,97.6,68.1,37,57,518.6,55.2,597,143.9,144.4,1061.6,361477,1585,12.94,89.3,1560,2.93,1.06,23.1,34.5,60,16.72,12174767,72420,46.32,3408.67,0,1200,400,720,240,4200,7500,8500,102,1.5,6000,0,0,0,0,0,61.76,30,57.61,53.04,58.2,0,0
2026-08-10T21:29:36.090000+09:00,2026-08-10T12:29:36.090000+00:00,094623,2168.6,1,0,0,0,0,13367,493,13367,0,0,0,0,4655,-28608,10326,6,4480,0,129,0,0,0,0,0,0,0,0,0,31082107,2018,0.43,920.74,3089.39,0,50,97.2,67.9,36.9,56.7,513.8,53.6,600.3,144.9,145.5,1082.7,361477,1585,12.67,93.1,1490,2.71,1.19,28.4,39.6,60,19.23,12174769,72420,59.58,3408.67,0,1200,400,720,240,4200,7500,8500,102,1.5,6000,0,0,0,0,0,64.51,30,59.16,69.1,58.2,0,0
2026-08-10T21:30:36.244000+09:00,2026-08-10T12:30:36.244000+00:00,094623,1791.1,1,0,0,0,0,13367,500,13367,0,0,0,0,4655,-26560,10326,590,4992,8192,129,0,0,0,0,2,0,0,0,0,31082107,2018,0.26,588.7,2379.83,0,50.4,100.3,68,36.9,57.1,521.5,53.3,606.7,154.7,155.8,1049.2,361477,1585,12.68,88.1,1510,2.81,1.11,24,36,60,14.06,12174773,72420,83.52,3408.67,0,1200,400,720,240,4200,7500,8500,102,1.5,6000,0,0,0,0,0,60.94,30,66.3,52.68,58.2,0,0
2026-08-10T21:31:36.302000+09:00,2026-08-10T12:31:36.302000+00:00,094623,1743.5,1,0,0,0,0,13367,521,13367,0,0,0,0,4651,-28608,10326,6,4992,0,129,0,0,0,0,2,0,0,0,0,31082107,2018,0.31,631.43,2374.95,0,50.1,96.5,68.2,36.9,57.1,517.9,52.4,596.9,144,144.4,1023.4,361477,1585,12.61,89.2,1570,2.94,1.07,23.8,35.4,60,17.03,12174775,72420,49.87,3408.67,0,1200,400,720,240,4200,7500,8500,102,1.5,6000,0,0,0,0,0,62.75,30,55.15,54.19,58.2,0,0
2026-08-10T21:32:36.389000+09:00,2026-08-10T12:32:36.389000+00:00,094623,2199.2,1,0,0,0,0,13367,493,13367,0,0,0,0,4651,-28608,10326,6,4480,0,129,0,0,0,0,0,0,0,0,0,31082107,2018,0.42,846.28,3045.44,0,50,97.8,67.8,37,56.7,514.3,52.7,597,143.9,144.5,1025.1,361477,1585,12.58,92,1490,2.71,1.21,28.3,39.8,60,19.36,12174777,72420,57.45,3408.67,0,1200,400,720,240,4200,7500,8500,102,1.5,6000,0,0,0,0,0,64.04,30,61.26,65.47,58.2,0,0
2026-08-10T21:33:36.478000+09:00,2026-08-10T12:33:36.478000+00:00,094623,1797.2,1,0,0,0,0,13367,500,13367,0,0,0,0,4651,-28608,18518,6,4992,528,129,0,0,0,0,2,0,0,0,0,31082107,2018,0.24,604.57,2401.81,0,50.4,100.7,67.8,36.9,57.1,518.1,52.7,606,154,155.1,1035.8,361477,1585,12.51,88.7,1500,2.82,1.12,23.6,35,60,12.49,12174780,72420,83.48,3408.67,0,1200,400,720,240,4200,7500,8500,102,1.5,6000,0,0,0,0,0,59.36,30,67.13,53.82,58.2,0,0
2026-08-10T21:34:36.577000+09:00,2026-08-10T12:34:36.577000+00:00,094623,1545.8,1,0,0,0,0,13367,496,13367,0,0,0,0,4651,-28608,10326,6,4992,0,129,0,0,0,0,2,0,0,0,0,31082107,2018,0.27,596.03,2141.79,0,50,95.7,68.3,36.9,57.1,518,52.5,603.2,146.9,147.4,1048.9,361478,1586,12.45,89.6,1490,2.79,1.14,23.2,35.9,60,11.18,12174782,72420,53.65,3408.67,0,1200,400,720,240,4200,7500,8500,102,1.5,6000,0,0,0,0,0,60.23,30,50.87,53.5,58.1,0,0
2026-08-10T21:35:36.677000+09:00,2026-08-10T12:35:36.677000+00:00,094623,2437.2,1,0,0,0,0,13367,497,13367,0,0,0,0,4651,-28608,10326,6,4480,0,129,0,0,0,0,2,0,0,0,0,31082107,2018,0.3,1033.05,3470.26,0,50,98.1,68.2,36.9,57,509,52.3,603.2,149.3,150.1,1069.9,361478,1586,12.36,92,1500,2.73,1.18,29.9,39.2,60,21.93,12174784,72420,60.89,3408.67,0,1200,400,720,240,4200,7500,8500,102,1.5,6000,0,0,0,0,0,67.24,30,64.42,69.05,58.1,0,0
2026-08-10T21:36:36.768000+09:00,2026-08-10T12:36:36.768000+00:00,094623,2382.3,1,0,0,0,0,13367,496,13367,0,0,0,0,4655,-28608,12374,6,4480,8,129,0,0,0,0,2,0,0,0,0,31082107,2018,0.29,853.6,3235.88,0,50.5,98.8,68,36.8,57.4,520.4,53.3,608.6,158.2,159.2,1070.5,361478,1586,12.86,88,1500,2.73,1.15,29.4,40.6,60,24.52,12174788,72420,81.94,3408.67,0,1200,400,720,240,4200,7500,8500,102,1.5,6000,0,0,0,0,0,67.95,30,69.04,58.48,58.1,0,0
2026-08-10T21:37:36.868000+09:00,2026-08-10T12:37:36.868000+00:00,094623,2322.5,1,0,0,0,0,13367,501,13367,0,0,0,0,4651,-28608,10326,6,4992,0,129,0,0,0,0,2,0,0,0,0,31082107,2018,0.31,928.07,3250.53,0,50.4,96.4,67.9,36.7,57.8,521.7,52.6,610.5,161.3,162.4,1057.1,361478,1586,12.57,88.8,1510,2.76,1.11,26.8,35.5,60,19.69,12174792,72420,67.89,3408.68,0,1200,400,720,240,4200,7500,8500,102,1.5,6000,0,0,0,0,0,64.58,30,57.55,54.86,58.1,0,0
2026-08-10T21:38:36.969000+09:00,2026-08-10T12:38:36.969000+00:00,094623,1625.1,1,0,0,0,0,13367,518,13367,0,0,0,0,4655,-28608,18518,6,4992,528,129,0,0,0,0,2,0,0,0,0,31082107,2018,0.38,664.39,2289.5,0,50.4,98.9,67.9,36.8,57.6,520.4,53.4,600.1,148.9,149.5,1048.8,361478,1586,12.71,90.5,1560,2.91,1.05,22.7,33.6,60,15.69,12174795,72420,56.7,3408.68,0,1200,400,720,240,4200,7500,8500,102,1.5,6000,0,0,0,0,0,60.34,30,60.86,56.07,58.1,0,0
2026-08-10T21:39:37.068000+09:00,2026-08-10T12:39:37.068000+00:00,094623,1675.2,1,0,0,0,0,13367,493,13367,0,0,0,0,4651,-28608,10326,6,4480,0,129,0,0,0,0,2,0,0,0,0,31082107,2018,0.35,638.75,2313.91,0,50.4,96.9,68,36.8,57.2,519.2,53.1,596.7,146.3,146.9,1070.3,361478,1586,12.58,92.7,1490,2.73,1.18,24.6,38,60,12.59,12174797,72420,62.79,3408.68,0,1200,400,720,240,4200,7500,8500,102,1.5,6000,0,0,0,0,0,60.72,30,54.34,65.06,58.1,0,0
2026-08-10T21:40:37.157000+09:00,2026-08-10T12:40:37.157000+00:00,094623,2165.0,1,0,0,0,0,13367,503,13367,0,0,0,0,4651,-28608,10326,6,4992,0,129,0,0,0,0,2,0,0,0,0,31082107,2018,0.26,818.2,2983.18,0,50.5,100.1,68.1,36.7,57.4,518,51.5,607.4,158.3,159.2,1068,361479,1587,12.35,88.2,1510,2.8,1.1,26,35.3,60,18.74,12174800,72420,81.24,3408.68,0,1200,400,720,240,4200,7500,8500,102,1.5,6000,0,0,0,0,0,63.95,30,67.99,56.06,58,0,0
2026-08-10T21:41:37.267000+09:00,2026-08-10T12:41:37.267000+00:00,094623,1368.8,1,0,0,0,0,13367,492,13367,0,0,0,0,4651,-28608,12374,6,5024,72,129,0,0,0,0,2,0,0,0,0,31082107,2018,0.29,476.39,1845.15,0,50.3,96.5,68.2,36.8,57.4,521.9,52.1,597.1,146.8,147.3,1035.6,361479,1587,12.68,89,1480,2.76,1.08,21.7,35.9,60,11.63,12174802,72420,47.67,3408.68,0,1200,400,720,240,4200,7500,8500,102,1.5,6000,0,0,0,0,0,60.39,30,52.48,51.08,58.1,0,0
2026-08-10T21:42:37.378000+09:00,2026-08-10T12:42:37.378000+00:00,094623,1739.9,1,0,0,0,0,13367,493,13367,0,0,0,0,4651,-28608,10326,518,4480,0,129,0,0,0,0,0,0,0,0,0,31082107,2018,0.42,632.65,2372.51,0,50.2,98.3,67.8,36.8,56.9,519,53.8,596.7,143.6,144.2,1060,361479,1587,12.64,91.7,1490,2.74,1.2,25.6,39.5,60,13.64,12174804,72420,57.99,3408.68,0,1200,400,720,240,4200,7500,8500,102,1.5,6000,0,0,0,0,0,61.52,30,59.87,62.02,58,0,0
2026-08-10T21:43:37.455000+09:00,2026-08-10T12:43:37.455000+00:00,094623,2503.1,1,0,0,0,0,13367,496,13367,0,0,0,0,4651,-28608,18518,6,4480,528,129,0,0,0,0,2,0,0,0,0,31082107,2018,0.27,987.88,3491.01,0,50.4,100.3,67.9,36.7,57.1,518.4,51.2,607.2,157.3,158.5,1044,361479,1587,12.73,88.9,1500,2.73,1.15,29.9,39.4,60,24.36,12174808,72420,88.24,3408.68,0,1200,400,720,240,4200,7500,8500,102,1.5,6000,0,0,0,0,0,67.35,30,72.83,62.11,58,0,0
2026-08-10T21:44:37.549000+09:00,2026-08-10T12:44:37.549000+00:00,094623,2009.6,1,0,0,0,0,13367,501,13367,0,0,0,0,4655,-28608,10390,6,21376,0,129,0,0,0,0,2,0,0,0,0,31082107,2018,0.26,677.82,2687.46,0,50.4,96,68.1,36.7,57.7,524.3,52.2,608.3,160.3,161.4,1052.9,361479,1587,12.92,88,1510,2.79,1.11,24.9,35.5,60,16.24,12174812,72420,68.35,3408.68,0,1200,400,720,240,4200,7500,8500,102,1.5,6000,0,0,0,0,0,62.77,30,54.41,50.79,58,0,0
2026-08-10T21:45:37.650000+09:00,2026-08-10T12:45:37.650000+00:00,094623,1534.8,1,0,0,0,0,13367,498,13367,0,0,0,0,4651,-28608,10326,6,4992,0,129,0,0,0,0,0,0,0,0,0,31082107,2018,0.41,605.79,2140.57,0,50.2,98.4,67.9,36.7,57.5,521.8,51.7,600.2,149.8,150.5,1062.4,361479,1587,12.73,90,1500,2.79,1.14,23.1,36,60,11.26,12174814,72420,52.15,3408.68,0,1200,400,720,240,4200,7500,8500,102,1.5,6000,0,0,0,0,0,59.43,30,58.71,52.72,58,0,0
2026-08-10T21:46:37.753000+09:00,2026-08-10T12:46:37.753000+00:00,094623,1942.5,1,0,0,0,0,13367,494,13367,0,0,0,0,4655,-28608,12390,6,12708,72,129,0,0,0,0,0,0,0,0,0,31082107,2018,0.38,720.54,2663.04,0,50.2,97.3,67.9,36.7,57.3,515.7,53.8,598.5,148.1,148.8,1059,361480,1588,12.62,94.1,1490,2.73,1.18,26.8,39.2,60,16.39,12174816,72420,63.33,3408.69,0,1200,400,720,240,4200,7500,8500,102,1.5,6000,0,0,0,0,0,62.89,30,57.57,71.35,58,0,0
2026-08-10T21:47:37.827000+09:00,2026-08-10T12:47:37.827000+00:00,094623,2412.8,1,0,0,0,0,13367,496,13367,0,0,0,0,4651,-28608,10326,6,4480,0,129,0,0,0,0,2,0,0,0,0,31082107,2018,0.29,853.6,3266.4,0,50.4,100.1,68.2,36.7,57.5,519.8,53,607.3,158.7,159.7,1046.2,361480,1588,12.81,87.7,1500,2.72,1.14,29.3,40.1,60,24.49,12174820,72420,81.55,3408.69,0,1200,400,720,240,4200,7500,8500,102,1.5,6000,0,0,0,0,0,68.26,30,71.98,57.91,58,0,0
2026-08-10T21:48:37.931000+09:00,2026-08-10T12:48:37.931000+00:00,094623,2577.6,1,0,0,0,0,13367,501,13367,0,0,0,0,4655,-28608,18518,590,4992,8720,129,0,0,0,0,2,0,0,0,0,31082107,2018,0.33,1029.39,3606.98,0,50.3,95.9,68,36.7,57.8,521.6,51.7,607.5,162.1,163,1049.8,361480,1588,12.88,88.7,1520,2.74,1.14,29.5,38.6,60,23.76,12174824,72420,66.11,3408.69,0,1200,400,720,240,4200,7500,8500,102,1.5,6000,0,0,0,0,0,67.73,30,58.64,57.1,58,0,0
2026-08-10T21:49:38.030000+09:00,2026-08-10T12:49:38.030000+00:00,094623,1445.7,1,0,0,0,0,13367,490,13367,0,0,0,0,4651,-28608,10326,6,4992,0,129,0,0,0,0,2,0,0,0,0,31082107,2018,0.38,586.26,2031.92,0,50.3,98.8,67.8,36.7,57.8,523.9,51.2,602.9,151.4,151.9,1049.5,361480,1588,12.63,90.6,1480,2.73,1.11,22.4,35.7,60,11.17,12174826,72420,61.3,3408.69,0,1200,400,720,240,4200,7500,8500,102,1.5,6000,0,0,0,0,0,59.01,30,59.08,54.97,58,0,0
2026-08-10T21:50:38.119000+09:00,2026-08-10T12:50:38.119000+00:00,094623,1466.4,1,0,0,0,0,13367,491,13367,0,0,0,0,4651,-28608,10326,6,4992,0,129,0,0,0,0,0,0,0,0,0,31082107,2018,0.33,541.09,2007.51,0,50.4,97.3,68.1,36.7,57.4,520.6,50.4,601.1,147.9,148.3,1047.1,361480,1588,12.42,93.2,1470,2.73,1.08,22.3,34.7,60,11.26,12174828,72420,62.51,3408.69,0,1200,400,720,240,4200,7500,8500,102,1.5,6000,0,0,0,0,0,59.85,30,53.9,65.13,57.9,0,0
2026-08-10T21:51:38.229000+09:00,2026-08-10T12:51:38.229000+00:00,094623,2497.0,1,0,0,0,0,13367,497,13367,0,0,0,0,4651,-28608,12374,6,4512,72,129,0,0,0,0,0,0,0,0,0,31082107,2018,0.35,1078.22,3575.24,0,50.4,99.5,68.2,36.7,57.4,515.5,50,608.3,156.8,157.5,1038.8,361480,1588,12.65,88.6,1500,2.71,1.15,30,39,60,24.03,12174832,72420,76.27,3408.69,0,1200,400,720,240,4200,7500,8500,102,1.5,6000,0,0,0,0,0,68.44,30,69.21,61.55,57.9,0,0
2026-08-10T21:52:38.321000+09:00,2026-08-10T12:52:38.321000+00:00,094623,1882.7,1,0,0,0,0,13367,522,13367,0,0,0,0,4651,-28608,10326,6,4992,0,129,0,0,0,0,2,0,0,0,0,31082107,2018,0.29,791.34,2674.03,0,50.5,97.3,67.9,36.6,57.8,519.9,50.3,602.3,153.4,154.1,1032.2,361481,1589,12.74,88.1,1570,2.94,1.07,24.4,34.5,60,14.73,12174835,72420,67.72,3408.69,0,1200,400,720,240,4200,7500,8500,102,1.5,6000,0,0,0,0,0,62.69,30,59.08,51.61,57.9,0,0
2026-08-10T21:53:38.425000+09:00,2026-08-10T12:53:38.425000+00:00,094623,1920.5,1,0,0,0,0,13367,522,13367,0,0,0,0,4655,-28608,18518,6,4992,528,129,0,0,0,0,0,0,0,0,0,31082107,2018,0.42,774.25,2694.78,0,50.3,97.4,67.9,36.6,57.5,519.7,50.4,599.1,145.9,146.3,1021.8,361481,1589,12.34,91.1,1570,2.92,1.11,25.4,35.6,60,9.99,12174837,72420,53.06,3408.69,0,1200,400,720,240,4200,7500,8500,102,1.5,6000,0,0,0,0,0,62.77,30,58.08,60.55,57.9,0,0
2026-08-10T21:54:38.516000+09:00,2026-08-10T12:54:38.516000+00:00,094623,2461.6,1,0,0,0,0,13367,496,13367,0,0,0,0,4651,-28608,10326,6,4480,0,129,0,0,0,0,2,0,0,0,0,31082107,2018,0.23,1033.05,3494.67,0,50.3,99,68,36.7,57.2,512.1,51.4,602.4,150.7,151.1,1040.3,361481,1589,12.23,91.9,1500,2.71,1.18,29.9,39.5,60,23.06,12174839,72420,74.85,3408.69,0,1200,400,720,240,4200,7500,8500,102,1.5,6000,0,0,0,0,0,66.96,30,66.94,70.8,57.9,0,0
2026-08-10T21:55:38.623000+09:00,2026-08-10T12:55:38.623000+00:00,094623,1783.8,1,0,0,0,0,13367,519,13367,0,0,0,0,4651,-28608,10326,518,4992,0,129,0,0,0,0,2,0,0,0,0,31082107,2018,0.24,744.96,2528.76,0,50.5,97.1,68.1,36.7,57.7,515.3,52.5,600.4,153.2,154,1060.2,361481,1589,12.76,87.6,1560,2.94,1.03,23,32,60,17.18,12174842,72420,66.36,3408.7,0,1200,400,720,240,4200,7500,8500,102,1.5,6000,0,0,0,0,0,61.48,30,57.32,50.06,57.9,0,0
2026-08-10T21:56:38.718000+09:00,2026-08-10T12:56:38.718000+00:00,094623,1680.0,1,0,0,0,0,13367,519,13367,0,0,0,0,4655,-28608,12374,6,5024,72,129,0,0,0,0,2,0,0,0,0,31082107,2018,0.39,685.14,2365.18,0,50.2,97.7,68.1,36.7,57.4,515.4,51.8,599.2,147.2,147.8,1070.4,361481,1589,12.7,89.6,1560,2.94,1.04,23.1,33,60,16.29,12174845,72420,50.17,3408.7,0,1200,400,720,240,4200,7500,8500,102,1.5,6000,0,0,0,0,0,61.77,30,57.37,54.29,57.9,0,0
2026-08-10T21:57:38.813000+09:00,2026-08-10T12:57:38.813000+00:00,094623,2335.9,1,0,0,0,0,13367,496,13367,0,0,0,0,4651,-28608,10326,6,4480,0,129,0,0,0,0,0,0,0,0,0,31082107,2018,0.27,923.18,3259.07,0,50.1,98,67.9,36.7,57.2,513.6,51.5,604.8,150.5,151.1,1061.2,361481,1589,12.21,93.7,1500,2.72,1.17,29.6,40.6,60,23.32,12174847,72420,66.67,3408.7,0,1200,400,720,240,4200,7500,8500,102,1.5,6000,0,0,0,0,0,67.07,30,64.23,74.82,57.8,0,0
2026-08-10T21:58:38.905000+09:00,2026-08-10T12:58:38.905000+00:00,094623,2541.0,1,0,0,0,0,13367,496,13367,0,0,0,0,4651,-28608,18518,6,4480,16,129,0,0,0,0,2,0,0,0,0,31082107,2018,0.26,1074.56,3615.53,0,50.5,98.5,68.1,36.6,57.7,519,51.8,609.1,159.2,160.2,1058.3,361482,1590,12.57,87.6,1500,2.73,1.16,30,39.4,60,24.42,12174851,72420,77.6,3408.7,0,1200,400,720,240,4200,7500,8500,102,1.5,6000,0,0,0,0,0,68.36,30,68.38,57,57.8,0,0
2026-08-10T21:59:39.007000+09:00,2026-08-10T12:59:39.007000+00:00,094623,1832.6,1,0,0,0,0,13367,522,13367,0,0,0,0,4655,-28608,10326,6,4992,0,129,0,0,0,0,2,0,0,0,0,31082107,2018,0.32,726.65,2559.28,0,50.4,97.1,67.8,36.5,58,521.9,52.6,600.2,153.4,154.3,1057.2,361482,1590,12.87,89,1570,2.93,1.05,24,34.4,60,12.13,12174854,72420,63.57,3408.7,0,1200,400,720,240,4200,7500,8500,102,1.5,6000,0,0,0,0,0,62.33,30,57.23,52.83,57.8,0,0
2026-08-10T22:00:39.105000+09:00,2026-08-10T13:00:39.105000+00:00,094623,1872.9,1,0,0,0,0,13367,522,13367,0,0,0,0,4651,-28608,10326,6,4992,0,129,0,0,0,0,0,0,0,0,0,31082107,2018,0.43,740.07,2612.99,0,50.3,97.6,67.9,36.6,57.5,520.2,51.4,596.8,144.6,145.1,1018.4,361482,1590,12.96,91.3,1570,2.91,1.11,25.2,35.8,60,10.09,12174856,72420,59.98,3408.7,0,1200,400,720,240,4200,7500,8500,102,1.5,6000,0,0,0,0,0,62.64,30,59.35,60.37,57.8,0,0
2026-08-10T22:01:39.201000+09:00,2026-08-10T13:01:39.201000+00:00,094623,2586.1,1,0,0,0,0,13367,496,13367,0,0,0,0,4655,-28608,12438,590,20896,8264,129,0,0,0,0,0,0,0,0,0,31082107,2018,0.33,996.43,3582.57,0,50.3,98,68.1,36.7,57.2,512.1,61.6,603.9,149.3,150,1050.2,361482,1590,12.75,92,1500,2.72,1.17,30.2,39.3,60,22.23,12174859,72420,73.87,3408.7,0,1200,400,720,240,4200,7500,8500,102,1.5,6000,0,0,0,0,0,67.38,30,63.44,71,57.8,0,0
2026-08-10T22:02:39.306000+09:00,2026-08-10T13:02:39.306000+00:00,094623,1571.4,1,0,0,0,0,13367,495,13367,0,0,0,0,4651,-28608,10326,6,4992,0,129,0,0,0,0,0,0,0,0,0,31082107,2018,0.27,506.91,2078.31,0,50.4,99.3,68.2,36.6,57.7,520.7,55.3,602.7,150.7,151.7,1043.2,361482,1590,12.71,87.5,1500,2.79,1.13,22.9,36.1,60,11.23,12174862,72420,62.53,3408.7,0,1200,400,720,240,4200,7500,8500,102,1.5,6000,0,0,0,0,0,60.5,30,62.52,48.06,57.8,0,0
2026-08-10T22:03:39.393000+09:00,2026-08-10T13:03:39.393000+00:00,094623,1498.2,1,0,0,0,0,13367,494,13367,0,0,0,0,4655,-28608,10390,6,21376,0,129,0,0,0,0,2,0,0,0,0,31082107,2018,0.36,545.98,2044.13,0,50.2,96.6,68.1,36.7,57.4,520.5,54.4,598.5,144.5,145,1028.7,361482,1590,11.64,90.8,1490,2.77,1.13,22.8,36.3,60,11.06,12174864,72420,52.37,3408.7,0,1200,400,720,240,4200,7500,8500,102,1.5,6000,0,0,0,0,0,60.48,30,52.85,56.71,57.8,0,0
2026-08-10T22:04:39.485000+09:00,2026-08-10T13:04:39.485000+00:00,094623,2667.9,1,0,0,0,0,13367,496,13367,0,0,0,0,4655,-28608,10326,6,4480,0,129,0,0,0,0,2,0,0,0,0,31082107,2018,0.23,1108.74,3776.67,0,50.2,98.6,67.9,36.6,57.2,511.1,53.5,608.1,150.4,151.1,1052.1,361483,1591,12.82,92.2,1500,2.73,1.17,30.4,38.4,60,23.91,12174867,72420,72.71,3408.71,0,1200,400,720,240,4200,7500,8500,102,1.5,6000,0,0,0,0,0,67.52,30,66.31,71.31,57.7,0,0
2026-08-10T22:05:39.576000+09:00,2026-08-10T13:05:39.576000+00:00,094623,1830.2,1,0,0,0,0,13367,522,13367,0,0,0,0,4655,-28608,10342,6,13188,0,129,0,0,0,0,2,0,0,0,0,31082107,2018,0.26,731.53,2561.72,0,50.4,98,68.1,36.6,57.6,516.7,53.6,601.1,147.2,148,1060.5,361483,1591,12.9,87.9,1570,2.94,1.07,24.3,34.8,60,10,12174869,72420,64.75,3408.71,0,1200,400,720,240,4200,7500,8500,102,1.5,6000,0,0,0,0,0,63.19,30,62,52.26,57.7,0,0
2026-08-10T22:06:39.693000+09:00,2026-08-10T13:06:39.693000+00:00,094623,1843.6,1,0,0,0,0,13367,523,13367,0,0,0,0,4651,-28608,12374,6,5024,8,129,0,0,0,0,2,0,0,0,0,31082107,2018,0.36,786.46,2630.08,0,50.1,97.5,68,36.6,57.2,515.4,52.6,599.5,142.4,143.2,1069.5,361483,1591,12.87,90.5,1570,2.94,1.09,25,35,60,15.33,12174871,72420,50.67,3408.71,0,1200,400,720,240,4200,7500,8500,102,1.5,6000,0,0,0,0,0,63.24,30,58.61,59.42,57.7,0,0
2026-08-10T22:07:39.782000+09:00,2026-08-10T13:07:39.782000+00:00,094623,2654.5,1,0,0,0,0,13367,496,13367,0,0,0,0,4655,-28608,10326,6,4480,0,129,0,0,0,0,2,0,0,0,0,31082107,2018,0.24,1122.17,3776.67,0,50.3,99,67.9,36.6,57.1,511.7,52,606,152,153,1070.7,361483,1591,12.8,91.3,1500,2.71,1.16,30.5,38.3,60,24.24,12174874,72420,74.77,3408.71,0,1200,400,720,240,4200,7500,8500,102,1.5,6000,0,0,0,0,0,67.71,30,68.16,69.22,57.7,0,0
2026-08-10T22:08:39.893000+09:00,2026-08-10T13:08:39.893000+00:00,094623,1462.8,1,0,0,0,0,13367,516,13367,0,0,0,0,4651,-28608,10326,6,4992,0,129,0,0,0,0,2,0,0,0,0,31082107,2018,0.25,519.12,1981.87,0,50.4,96.5,68.1,36.6,57.5,518.1,52,599.9,145.8,146.4,1034.7,361483,1591,12.87,88,1540,2.93,1.03,21.6,33.8,60,13.23,12174877,72420,64.89,3408.71,0,1200,400,720,240,4200,7500,8500,102,1.5,6000,0,0,0,0,0,60.64,30,54.76,49.92,57.7,0,0
2026-08-10T22:09:39.981000+09:00,2026-08-10T13:09:39.981000+00:00,094623,1637.3,1,0,0,0,0,13367,519,13367,0,0,0,0,4651,-28608,10326,6,4992,0,129,0,0,0,0,2,0,0,0,0,31082107,2018,0.38,712,2349.31,0,50.2,98.1,67.9,36.6,57.1,515.3,52.3,598.2,141.6,142.1,1038.8,361483,1591,12.79,90.4,1560,2.94,1.05,22.7,32.7,60,16.52,12174879,72420,53.43,3408.71,0,1200,400,720,240,4200,7500,8500,102,1.5,6000,0,0,0,0,0,61.07,30,58.31,57.18,57.7,0,0
2026-08-10T22:10:40.078000+09:00,2026-08-10T13:10:40.078000+00:00,094623,2531.2,1,0,0,0,0,13367,505,13367,0,0,0,0,4651,-28608,10326,6,4992,0,129,0,0,0,0,2,0,0,0,0,31082107,2018,0.25,1078.22,3609.42,0,50.5,99,67.8,36.6,57.1,511.6,53.2,607.6,153.1,154,1061.4,361484,1592,12.73,91.2,1520,2.8,1.11,28.6,36.1,60,23.09,12174882,72420,76.72,3408.71,0,1200,400,720,240,4200,7500,8500,102,1.5,6000,0,0,0,0,0,65.95,30,66.87,67.72,57.7,0,0
2026-08-10T22:11:40.176000+09:00,2026-08-10T13:11:40.176000+00:00,094623,719.3,1,0,0,0,0,13367,498,13367,0,0,0,0,4655,-28608,12374,6,5024,8,129,0,0,0,0,2,0,0,0,0,31082107,2018,0.26,0,719.32,0,50.5,97.1,68.1,36.6,57.4,521.2,56.9,599.7,145.4,146.1,1035.8,361484,1592,12.71,88.4,1490,2.81,1.23,22.8,37.2,60,11.09,12174884,72420,61,3408.71,0,1200,400,720,240,4200,7500,8500,102,1.5,6000,0,0,0,0,0,60.23,30,56.55,50.66,57.7,0,0
2026-08-10T22:12:40.250000+09:00,2026-08-10T13:12:40.250000+00:00,094623,1532.3,1,0,0,0,0,13367,498,13367,0,0,0,0,4651,-28608,10326,6,4480,0,129,0,0,0,0,2,0,0,0,0,31082107,2018,0.36,566.73,2099.06,0,50.3,97.6,68,36.6,57,519.4,56.5,595.5,141.5,142.1,1050,361484,1592,12.44,90.9,1500,2.81,1.14,23.1,36.3,60,11.36,12174886,72420,56.17,3408.71,0,1200,400,720,240,4200,7500,8500,102,1.5,6000,0,0,0,0,0,60.05,30,55.69,57.94,57.7,0,0
2026-08-10T22:13:40.364000+09:00,2026-08-10T13:13:40.364000+00:00,094623,2451.9,1,0,0,0,0,13367,503,13367,0,0,0,0,4651,-28608,10326,6,4992,0,129,0,0,0,0,2,0,0,0,0,31082107,2018,0.28,962.25,3414.11,0,50.7,99.6,67.8,36.5,57.1,514.9,52.9,608.5,153,154.1,1070.6,361484,1592,12.77,89.9,1520,2.79,1.11,28,36.2,60,22.48,12174890,72420,75.36,3408.72,0,1200,400,720,240,4200,7500,8500,102,1.5,6000,0,0,0,0,0,65.54,30,68.54,63.46,57.7,0,0
2026-08-10T22:14:40.462000+09:00,2026-08-10T13:14:40.462000+00:00,094623,1482.3,1,0,0,0,0,13367,498,13367,0,0,0,0,4651,-28608,10326,6,4992,0,129,0,0,0,0,2,0,0,0,0,31082107,2018,0.29,440.99,1923.28,0,50.7,96.3,68.1,36.5,57.5,520.7,52.9,602.4,145.2,145.9,1046.7,361484,1592,12.52,88.6,1430,2.8,1.61,24,38.6,60,11.34,12174892,72420,57.21,3408.72,0,1200,400,720,240,4200,7500,8500,102,1.5,6000,0,0,0,0,0,60.11,30,52.97,50.9,57.7,0,0
2026-08-10T22:15:40.549000+09:00,2026-08-10T13:15:40.549000+00:00,094623,1577.5,1,0,0,0,0,13367,499,13367,0,0,0,0,4651,-28608,10326,6,4480,0,129,0,0,0,0,2,0,0,0,0,31082107,2018,0.37,683.92,2261.42,0,50.7,98,68.1,36.6,57.2,517.6,52.3,603.2,143.6,144.3,1062.8,361484,1592,12.85,91.2,1500,2.8,1.15,23.4,35.5,60,11.34,12174894,72420,57.09,3408.72,0,1200,400,720,240,4200,7500,8500,102,1.5,6000,0,0,0,0,0,60.37,30,56.64,59.11,57.7,0,0
2026-08-10T22:16:40.655000+09:00,2026-08-10T13:16:40.655000+00:00,094623,2256.5,1,0,0,0,0,13367,501,13367,0,0,0,0,4655,-26560,10326,590,4992,8720,129,0,0,0,0,2,0,0,0,0,31082107,2018,0.3,920.74,3177.28,0,51.1,99.6,68,36.4,57.4,516.6,55.7,611.2,154.4,155.7,1107.2,361485,1593,12.42,89.4,1510,2.78,1.11,26.8,35.3,60,19.72,12174897,72420,79.82,3408.72,0,1200,400,720,240,4200,7500,8500,102,1.5,6000,0,0,0,0,0,64.94,30,67.07,60.55,57.7,0,0
2026-08-10T22:17:40.746000+09:00,2026-08-10T13:17:40.746000+00:00,094623,1475.0,1,0,0,0,0,13367,515,13367,0,0,0,0,4651,-28608,10326,6,4992,0,129,0,0,0,0,2,0,0,0,0,31082107,2018,0.3,558.18,2033.14,0,50.9,96.4,68.1,36.5,57.7,517.6,54.4,604.1,144.1,144.8,1051.7,361485,1593,12.77,89.1,1540,2.92,1.03,21.6,33.1,60,13.48,12174900,72420,57.14,3408.72,0,1200,400,720,240,4200,7500,8500,102,1.5,6000,0,0,0,0,0,60.75,30,53.7,52.65,57.6,0,0
2026-08-10T22:18:40.847000+09:00,2026-08-10T13:18:40.847000+00:00,094623,1603.1,1,0,0,0,0,13367,493,13367,0,0,0,0,4651,-26560,10326,6,4480,0,129,0,0,0,0,0,0,0,0,0,31082107,2018,0.4,531.33,2134.46,0,50.8,98.1,68.2,36.5,57.2,519.8,55.5,599.6,140.3,141.1,1027.7,361485,1593,12.7,91.6,1490,2.75,1.17,24.5,39.3,60,13.05,12174902,72420,55.91,3408.72,0,1200,400,720,240,4200,7500,8500,102,1.5,6000,0,0,0,0,0,62.61,30,58.53,61.98,57.6,0,0
2026-08-10T22:19:40.918000+09:00,2026-08-10T13:19:40.918000+00:00,094623,2379.8,1,0,0,0,0,13367,495,13367,0,0,0,0,4651,-28608,10326,6,4480,0,129,0,0,0,0,2,0,0,0,0,31082107,2018,0.28,941.5,3321.33,0,51.2,100.1,68.1,36.5,57.3,519.2,52.8,609.9,151,152.4,1085.3,361485,1593,12.87,88.6,1490,2.72,1.14,29.6,40,60,24.43,12174905,72420,82.38,3408.72,0,1200,400,720,240,4200,7500,8500,102,1.5,6000,0,0,0,0,0,68.85,30,72.18,61.57,57.6,0,0
2026-08-10T22:20:41.005000+09:00,2026-08-10T13:20:41.005000+00:00,094623,2515.3,1,0,0,0,0,13367,495,13367,0,0,0,0,4655,-28608,10390,6,20864,0,129,0,0,0,0,2,0,0,0,0,31082107,2018,0.29,975.68,3491.01,0,51.3,96.2,67.9,36.5,57.8,521.6,56,610.4,155.4,156.9,1066.9,361485,1593,12.5,88.2,1500,2.7,1.16,30,39.8,60,24.42,12174909,72420,70.21,3408.72,0,1200,400,720,240,4200,7500,8500,102,1.5,6000,0,0,0,0,0,68.28,30,60.99,57.32,57.6,0,0
2026-08-10T22:21:41.119000+09:00,2026-08-10T13:21:41.119000+00:00,094623,1598.2,1,0,0,0,0,13367,515,13367,0,0,0,0,4651,-28608,18518,6,4992,528,129,0,0,0,0,2,0,0,0,0,31082107,2018,0.32,563.07,2161.32,0,51.3,98.7,67.7,36.5,58.2,519.7,54.6,607.7,151.6,152.6,1024.5,361485,1593,12.74,90.2,1530,2.9,1.01,21.6,32,60,13.4,12174913,72420,64.19,3408.72,0,1200,400,720,240,4200,7500,8500,102,1.5,6000,0,0,0,0,0,59.69,30,59.4,54.54,57.6,0,0
2026-08-10T22:22:41.212000+09:00,2026-08-10T13:22:41.212000+00:00,094623,1448.1,1,0,0,0,0,13367,518,13367,0,0,0,0,4651,-28608,10390,6,21376,0,129,0,0,0,0,2,0,0,0,0,31082107,2018,0.38,504.47,1952.57,0,51.4,96.9,68.3,36.5,57.8,519.7,54.5,600.3,142.9,143.4,1031.3,361486,1594,12.69,91.5,1530,2.9,1.03,21.5,33.7,60,12.46,12174915,72420,59.84,3408.72,0,1200,400,720,240,4200,7500,8500,102,1.5,6000,0,0,0,0,0,61.38,30,54.06,59.38,57.6,0,0
2026-08-10T22:23:41.305000+09:00,2026-08-10T13:23:41.305000+00:00,094623,2398.1,1,0,0,0,0,13367,496,13367,0,0,0,0,4651,-28608,10326,6,4480,0,129,0,0,0,0,2,0,0,0,0,31082107,2018,0.28,978.12,3376.26,0,51.4,98.8,68.4,36.6,57.6,514.5,54.7,603.3,146.2,147,1044.9,361486,1594,12.77,91,1500,2.71,1.17,29.9,40.1,60,23.57,12174917,72420,72.84,3408.73,0,1200,400,720,240,4200,7500,8500,102,1.5,6000,0,0,0,0,0,69.51,30,66.32,68.51,57.5,0,0
2026-08-10T22:24:41.405000+09:00,2026-08-10T13:24:41.405000+00:00,094623,2566.6,1,0,0,0,0,13367,496,13367,0,0,0,0,4655,-28608,12390,6,13220,8,129,0,0,0,0,2,0,0,0,0,31082107,2018,0.28,1045.26,3611.87,0,51.6,98.6,68.1,36.5,58,520,52.4,612,155.8,157,1070.2,361486,1594,12.84,87.6,1500,2.71,1.16,29.9,38.8,60,24.39,12174921,72420,75.35,3408.73,0,1200,400,720,240,4200,7500,8500,102,1.5,6000,0,0,0,0,0,69.31,30,68.24,56.49,57.5,0,0
2026-08-10T22:25:41.504000+09:00,2026-08-10T13:25:41.504000+00:00,094623,1527.5,1,0,0,0,0,13367,491,13367,0,0,0,0,4651,-28608,10326,6,4992,0,129,0,0,0,0,2,0,0,0,0,31082107,2018,0.34,588.7,2116.15,0,51.5,97.5,67.9,36.5,58.2,519.8,53.3,603.1,148.6,149.3,1052,361486,1594,12.47,90.3,1470,2.74,1.08,22.4,34.2,60,11.33,12174924,72420,55.39,3408.73,0,1200,400,720,240,4200,7500,8500,102,1.5,6000,0,0,0,0,0,60.76,30,56.08,54.69,57.6,0,0
2026-08-10T22:26:41.638000+09:00,2026-08-10T13:26:41.638000+00:00,094623,1442.0,1,0,0,0,0,13367,496,13367,0,0,0,0,4655,-28608,18518,590,4992,8720,129,0,0,0,0,0,0,0,0,0,31082107,2018,0.36,589.92,2031.92,0,51.5,97.7,68.1,36.5,58,517.4,53.5,602.2,144.7,145.3,1040.7,361486,1594,12.67,92.4,1490,2.77,1.05,21.8,33.2,60,11.78,12174926,72420,63.24,3408.73,0,1200,400,720,240,4200,7500,8500,102,1.5,6000,0,0,0,0,0,61.38,30,56.45,63.39,57.5,0,0
2026-08-10T22:27:41.678000+09:00,2026-08-10T13:27:41.678000+00:00,094623,2522.7,1,0,0,0,0,13367,496,13367,0,0,0,0,4655,-28608,10326,6,4480,0,129,0,0,0,0,0,0,0,0,0,31082107,2018,0.32,1055.02,3577.68,0,51.6,99.2,68.2,36.5,57.9,514.5,53.8,608.6,153.1,154,1062,361486,1594,12.64,89,1500,2.7,1.15,30.1,38.8,60,24.4,12174929,72420,73.51,3408.73,0,1200,400,720,240,4200,7500,8500,102,1.5,6000,0,0,0,0,0,69.83,30,69.2,62.81,57.5,0,0
2026-08-10T22:28:41.793000+09:00,2026-08-10T13:28:41.793000+00:00,094623,2304.2,1,0,0,0,0,13367,498,13367,0,0,0,0,4651,-28608,10326,518,4480,0,129,0,0,0,0,0,0,0,0,0,31082107,2018,0.3,870.69,3174.84,0,51.7,97.9,68.2,36.5,58.4,524.6,53.6,611,156.9,158.1,1035.7,361487,1595,12.76,88.1,1500,2.71,1.14,29.1,40.4,60,24.61,12174933,72420,70.75,3408.73,0,1200,400,720,240,4200,7500,8500,102,1.5,6000,0,0,0,0,0,70.22,30,66.95,57.48,57.5,0,0
2026-08-10T22:29:41.907000+09:00,2026-08-10T13:29:41.907000+00:00,094623,2492.1,1,0,0,0,0,13367,497,13367,0,0,0,0,4651,-28608,12374,6,4512,72,129,0,0,0,0,0,0,0,0,0,31082107,2018,0.37,981.78,3473.92,0,51.8,96.8,67.8,36.5,58.6,524.7,52.3,611.3,156.3,157.1,1071.5,361487,1595,12.79,90.5,1500,2.69,1.16,29.9,40,60,24.29,12174937,72420,67.9,3408.73,0,1200,400,720,240,4200,7500,8500,102,1.5,6000,0,0,0,0,0,69,30,61.96,63.52,57.5,0,0
2026-08-10T22:30:41.990000+09:00,2026-08-10T13:30:41.990000+00:00,094623,1609.2,1,0,0,0,0,13367,514,13367,0,0,0,0,4651,-28608,10326,6,4992,0,129,0,0,0,0,0,0,0,0,0,31082107,2018,0.34,583.82,2193.06,0,52,98.8,67.7,36.4,58.7,521.3,51.4,604.9,152.5,153.3,1065.9,361487,1595,12.5,90.6,1530,2.87,1.01,21.6,31.9,60,12.26,12174940,72420,72.64,3408.73,0,1200,400,720,240,4200,7500,8500,102,1.5,6000,0,0,0,0,0,60.49,30,60.49,57.2,57.5,0,0
2026-08-10T22:31:42.089000+09:00,2026-08-10T13:31:42.089000+00:00,094623,1638.5,1,0,0,0,0,13367,517,13367,0,0,0,0,4651,-28608,18518,6,4992,528,129,0,0,0,0,0,0,0,0,0,31082107,2018,0.36,628.99,2267.52,0,51.9,97.1,68.3,36.5,58.4,518.2,53.6,599.6,145.2,145.5,1052.6,361487,1595,12.85,91.2,1550,2.88,1.04,22.3,32.4,60,15.14,12174942,72420,60.07,3408.74,0,1200,400,720,240,4200,7500,8500,102,1.5,6000,0,0,0,0,0,62.53,30,54.89,60.34,57.5,0,0
2026-08-10T22:32:42.175000+09:00,2026-08-10T13:32:42.175000+00:00,094623,2599.6,1,0,0,0,0,13367,496,13367,0,0,0,0,4651,-28608,10326,6,4480,0,129,0,0,0,0,2,0,0,0,0,31082107,2018,0.27,1085.54,3685.11,0,51.9,99.4,68.4,36.5,58.3,512.3,53.5,604.4,150,150.5,1058.6,361487,1595,12.61,89.9,1500,2.69,1.17,30.2,38.7,60,23.44,12174945,72420,66.47,3408.74,0,1200,400,720,240,4200,7500,8500,102,1.5,6000,0,0,0,0,0,70.47,30,69.27,65.38,57.4,0,0
2026-08-10T22:33:42.267000+09:00,2026-08-10T13:33:42.267000+00:00,094623,1525.0,1,0,0,0,0,13367,497,13367,0,0,0,0,4651,-28608,10326,6,4992,0,129,0,0,0,0,2,0,0,0,0,31082107,2018,0.25,469.07,1994.08,0,52,97.2,68.1,36.4,58.6,522.7,54.2,604.8,149.4,150.1,1039.3,361487,1595,12.44,89.3,1490,2.76,1.13,22.6,36.6,60,11.35,12174948,72420,69.8,3408.74,0,1200,400,720,240,4200,7500,8500,102,1.5,6000,0,0,0,0,0,62.36,30,56.96,55.04,57.5,0,0
2026-08-10T22:34:42.383000+09:00,2026-08-10T13:34:42.383000+00:00,094623,1542.1,1,0,0,0,0,13367,497,13367,0,0,0,0,4651,-28608,12374,6,5024,72,129,0,0,0,0,2,0,0,0,0,31082107,2018,0.36,559.4,2101.5,0,51.8,97.4,68.1,36.5,58.2,519.8,54.4,599.8,143.8,144.2,1044.7,361488,1596,12.92,90.1,1500,2.77,1.14,23.2,36.2,60,11.2,12174950,72420,56.23,3408.74,0,1200,400,720,240,4200,7500,8500,102,1.5,6000,0,0,0,0,0,62.51,30,55.24,57,57.4,0,0
2026-08-10T22:35:42.481000+09:00,2026-08-10T13:35:42.481000+00:00,094623,2570.3,1,0,0,0,0,13367,497,13367,0,0,0,0,4655,-26560,10326,590,4480,8192,129,0,0,0,0,2,0,0,0,0,31082107,2018,0.28,1094.09,3664.36,0,51.7,99.1,67.9,36.5,58,511.8,54.5,605.8,151.1,151.8,1100.6,361488,1596,12.56,91.1,1500,2.69,1.15,30,38.3,60,24.14,12174953,72420,69.42,3408.74,0,1200,400,720,240,4200,7500,8500,102,1.5,6000,0,0,0,0,0,69.59,30,68.89,69.55,57.4,0,0
2026-08-10T22:36:42.589000+09:00,2026-08-10T13:36:42.589000+00:00,094623,1485.9,1,0,0,0,0,13367,497,13367,0,0,0,0,4651,-26560,18518,6,4992,528,129,0,0,0,0,2,0,0,0,0,31082107,2018,0.25,480.06,1966,0,52,96.9,68.1,36.4,58.4,523,55.8,604,148.1,148.7,1069.1,361488,1596,12.69,88,1500,2.76,1.13,22.6,36.9,60,11.1,12174956,72420,67.8,3408.74,0,1200,400,720,240,4200,7500,8500,102,1.5,6000,0,0,0,0,0,62.45,30,56.37,50.72,57.4,0,0
2026-08-10T22:37:42.676000+09:00,2026-08-10T13:37:42.676000+00:00,094623,1528.7,1,0,0,0,0,13367,496,13367,0,0,0,0,4655,-28608,10326,6,4992,0,129,0,0,0,0,0,0,0,0,0,31082107,2018,0.4,520.34,2049.01,0,51.6,97.5,67.9,36.5,58,520.4,58.6,600,143.1,143.6,1051.2,361488,1596,12.65,90.9,1490,2.76,1.13,22.9,36.2,60,11.27,12174958,72420,51.1,3408.74,0,1200,400,720,240,4200,7500,8500,102,1.5,6000,0,0,0,0,0,61.93,30,55.39,58.16,57.4,0,0
2026-08-10T22:38:42.774000+09:00,2026-08-10T13:38:42.774000+00:00,094623,2555.6,1,0,0,0,0,13367,498,13367,0,0,0,0,4651,-28608,10326,6,4480,0,129,0,0,0,0,2,0,0,0,0,31082107,2018,0.23,997.65,3553.27,0,51.7,99.4,67.9,36.5,57.8,513.3,55.9,607.9,149.1,149.9,1037.2,361488,1596,12.44,90.8,1500,2.72,1.17,30.2,39.5,60,23.97,12174960,72420,79.99,3408.74,0,1200,400,720,240,4200,7500,8500,102,1.5,6000,0,0,0,0,0,69.46,30,69.91,69,57.4,0,0
2026-08-10T22:39:42.868000+09:00,2026-08-10T13:39:42.868000+00:00,094623,1510.4,1,0,0,0,0,13367,491,13367,0,0,0,0,4651,-28608,12438,6,21408,72,129,0,0,0,0,2,0,0,0,0,31082107,2018,0.22,478.83,1989.2,0,51.9,96.6,68,36.5,58.2,521.9,54.6,601.4,148.9,149.7,1034.6,361488,1596,12.65,87.6,1480,2.74,1.11,22.5,35.9,60,10.96,12174963,72420,71.18,3408.74,0,1200,400,720,240,4200,7500,8500,102,1.5,6000,0,0,0,0,0,61.87,30,55.33,49.27,57.4,0,0
2026-08-10T22:40:42.942000+09:00,2026-08-10T13:40:42.942000+00:00,094623,1525.0,1,0,0,0,0,13367,490,13367,0,0,0,0,4655,-28608,10326,6,4992,0,129,0,0,0,0,2,0,0,0,0,31082107,2018,0.39,524,2049.01,0,51.5,97.4,67.9,36.5,57.9,519.1,56.6,596.9,142.7,143.2,1063,361489,1597,12.61,89.9,1480,2.73,1.1,22.6,35.3,60,10.81,12174965,72420,52.53,3408.74,0,1200,400,720,240,4200,7500,8500,102,1.5,6000,0,0,0,0,0,61.49,30,55.26,54.53,57.3,0,0
2026-08-10T22:41:43.043000+09:00,2026-08-10T13:41:43.043000+00:00,094623,2473.8,1,0,0,0,0,13367,498,13367,0,0,0,0,4655,-28608,18534,6,12676,16,129,0,0,0,0,0,0,0,0,0,31082107,2018,0.23,968.35,3442.18,0,51.5,99,67.8,36.5,57.7,512.7,57.8,602.7,150,150.9,1086.6,361489,1597,12.41,92.4,1500,2.72,1.14,29.5,38.9,60,23.58,12174968,72420,75.3,3408.75,0,1200,400,720,240,4200,7500,8500,102,1.5,6000,0,0,0,0,0,68.71,30,68.37,72.96,57.3,0,0
2026-08-10T22:42:43.137000+09:00,2026-08-10T13:42:43.137000+00:00,094623,1804.6,1,0,0,0,0,13367,501,13367,0,0,0,0,4655,-26560,10326,6,4993,0,129,0,0,0,0,2,0,0,0,0,31082107,2018,0.21,643.63,2448.19,0,51.8,97.3,68.1,36.4,58.3,518.4,54.3,606.9,153.9,154.9,1081,361489,1597,12.48,87.5,1510,2.8,1.13,23.7,34.7,60,12.01,12174972,72420,77.55,3408.75,0,1200,400,720,240,4200,7500,8500,102,1.5,6000,0,0,0,0,0,62.61,30,58.34,49.83,57.4,0,0
2026-08-10T22:43:43.223000+09:00,2026-08-10T13:43:43.223000+00:00,094623,1512.8,1,0,0,0,0,13367,496,13367,0,0,0,0,4655,-28608,10326,590,4992,8192,129,0,0,0,0,2,0,0,0,0,31082107,2018,0.38,571.61,2084.41,0,51.4,97.3,68.1,36.4,58.1,519.4,55.4,601.1,146.1,146.7,1065.5,361489,1597,12.91,89.6,1490,2.75,1.13,23,35.8,60,10.65,12174974,72420,50.33,3408.75,0,1200,400,720,240,4200,7500,8500,102,1.5,6000,0,0,0,0,0,62.13,30,55.6,53.39,57.3,0,0
2026-08-10T22:44:43.327000+09:00,2026-08-10T13:44:43.327000+00:00,094623,2222.4,1,0,0,0,0,13367,496,13367,0,0,0,0,4655,-28608,12374,6,4512,72,129,0,0,0,0,0,0,0,0,0,31082107,2018,0.33,835.29,3057.65,0,51.5,98,67.9,36.5,57.7,514.1,54.8,602.4,145.3,146,1057.1,361489,1597,12.69,93.5,1490,2.69,1.19,29.2,41,60,21.81,12174976,72420,62.47,3408.75,0,1200,400,720,240,4200,7500,8500,102,1.5,6000,0,0,0,0,0,68.2,30,64.27,73.45,57.3,0,0
2026-08-10T22:45:43.420000+09:00,2026-08-10T13:45:43.420000+00:00,094623,2460.4,1,0,0,0,0,13367,496,13367,0,0,0,0,4655,-28608,10326,6,4480,0,129,0,0,0,0,2,0,0,0,0,31082107,2018,0.23,951.26,3411.66,0,51.8,99.2,68.1,36.4,58.2,519.8,55,609.4,156.8,157.9,1054.8,361489,1597,12.32,87.8,1500,2.7,1.15,29.5,39.4,60,24.5,12174980,72420,81.75,3408.75,0,1200,400,720,240,4200,7500,8500,102,1.5,6000,0,0,0,0,0,69.96,30,71.35,58.83,57.3,0,0
2026-08-10T22:46:43.521000+09:00,2026-08-10T13:46:43.521000+00:00,094623,2526.3,1,0,0,0,0,13367,496,13367,0,0,0,0,4651,-28608,10326,6,4480,0,129,0,0,0,0,2,0,0,0,0,31082107,2018,0.34,981.78,3508.1,0,51.7,96.1,67.9,36.3,58.5,522.1,52.5,610.4,158.6,159.6,1060.4,361490,1598,12.87,88.3,1500,2.69,1.16,29.8,39.5,60,24.4,12174984,72420,64.36,3408.75,0,1200,400,720,240,4200,7500,8500,102,1.5,6000,0,0,0,0,0,69.46,30,60.08,56.63,57.3,0,0
2026-08-10T22:47:43.611000+09:00,2026-08-10T13:47:43.611000+00:00,094623,1626.3,1,0,0,0,0,13367,497,13367,0,0,0,0,4651,-28608,10326,6,4992,0,129,0,0,0,0,2,0,0,0,0,31082107,2018,0.39,564.29,2190.62,0,51.9,98.8,67.7,36.3,58.6,524,54.1,603,152.7,153.4,1040,361490,1598,12.33,90.4,1500,2.75,1.14,23.2,35.9,60,11.32,12174987,72420,63.97,3408.75,0,1200,400,720,240,4200,7500,8500,102,1.5,6000,0,0,0,0,0,60.55,30,59.9,54.44,57.3,0,0
2026-08-10T22:48:43.705000+09:00,2026-08-10T13:48:43.705000+00:00,094623,1485.9,1,0,0,0,0,13367,496,13367,0,0,0,0,4651,-28608,10326,6,4992,0,129,0,0,0,0,0,0,0,0,0,31082107,2018,0.37,519.12,2005.07,0,51.8,97,68,36.4,58.3,522.6,54.1,598.9,145.8,146.4,1048,361490,1598,12.68,93.3,1500,2.74,1.13,22.8,36.6,60,11.26,12174989,72420,61.05,3408.75,0,1200,400,720,240,4200,7500,8500,102,1.5,6000,0,0,0,0,0,61.21,30,53.58,65.39,57.3,0,0
2026-08-10T22:49:43.814000+09:00,2026-08-10T13:49:43.814000+00:00,094623,2483.6,1,0,0,0,0,13367,498,13367,0,0,0,0,4655,-28608,12374,6,4512,8,129,0,0,0,0,2,0,0,0,0,31082107,2018,0.34,997.65,3481.25,0,51.8,99.5,68.3,36.3,58.1,515.5,53.9,604.4,150.9,151.7,1073.6,361490,1598,12.58,88.8,1500,2.7,1.16,29.7,39.3,60,23.79,12174992,72420,72.9,3408.75,0,1200,400,720,240,4200,7500,8500,102,1.5,6000,0,0,0,0,0,70.31,30,69.59,62.18,57.3,0,0
2026-08-10T22:50:43.950000+09:00,2026-08-10T13:50:43.950000+00:00,094623,2554.4,1,0,0,0,0,13367,496,13367,0,0,0,0,4651,-28608,10326,6,4480,0,129,0,0,0,0,2,0,0,0,0,31082107,2018,0.31,1011.08,3565.48,0,52,98,67.8,36.3,58.5,521.6,54.9,609.6,157.5,158.5,1089.1,361490,1598,12.8,88.1,1500,2.68,1.17,30.1,39.7,60,24.52,12174996,72420,67.8,3408.76,0,1200,400,720,240,4200,7500,8500,102,1.5,6000,0,0,0,0,0,69.05,30,66.8,56.92,57.3,0,0
2026-08-10T22:51:44+09:00,2026-08-10T13:51:44+00:00,094623,1634.9,1,0,0,0,0,13367,491,13367,0,0,0,0,4651,-28608,10326,6,4992,0,129,0,0,0,0,2,0,0,0,0,31082107,2018,0.33,558.18,2193.06,0,52,97.8,67.7,36.3,58.7,521.8,53.2,606.4,154.7,155.5,1079.2,361490,1598,12.71,91,1480,2.71,1.09,22.6,34.2,60,11.29,12174999,72420,63.36,3408.76,0,1200,400,720,240,4200,7500,8500,102,1.5,6000,0,0,0,0,0,60.22,30,57.1,56.92,57.2,0,0
2026-08-10T22:52:44.098000+09:00,2026-08-10T13:52:44.098000+00:00,094623,1507.9,1,0,0,0,0,13367,490,13367,0,0,0,0,4651,-28608,10326,6,4992,0,129,0,0,0,0,2,0,0,0,0,31082107,2018,0.34,556.96,2064.88,0,52,97.9,68.3,36.3,58.5,520.6,56.2,599.2,146.6,146.9,1084.9,361491,1599,12.63,91.1,1470,2.71,1.1,22.5,35,60,11.12,12175001,72420,63.06,3408.76,0,1200,400,720,240,4200,7500,8500,102,1.5,6000,0,0,0,0,0,62.08,30,57.49,58.95,57.2,0,0
2026-08-10T22:53:44.209000+09:00,2026-08-10T13:53:44.209000+00:00,094623,2488.5,1,0,0,0,0,13367,497,13367,0,0,0,0,4651,-28608,10326,6,4480,0,129,0,0,0,0,2,0,0,0,0,31082107,2018,0.25,969.57,3458.05,0,51.9,98.8,68.3,36.3,58.3,514.6,54.6,605.9,151.6,152.2,1053.8,361491,1599,12.69,90.6,1500,2.7,1.16,29.8,39.4,60,23.89,12175003,72420,69.52,3408.76,0,1200,400,720,240,4200,7500,8500,102,1.5,6000,0,0,0,0,0,70.32,30,68.08,67.37,57.2,0,0
2026-08-10T22:54:44.311000+09:00,2026-08-10T13:54:44.311000+00:00,094623,1809.4,1,0,0,0,0,13367,523,13367,0,0,0,0,4651,-28608,18518,6,4992,528,129,0,0,0,0,2,0,0,0,0,31082107,2018,0.25,694.91,2504.35,0,52.1,97.4,68.1,36.3,58.5,521.2,53.3,603.5,150.3,151.2,1029.8,361491,1599,12.84,88.3,1570,2.91,1.08,24.4,35.7,60,12.11,12175007,72420,72.64,3408.76,0,1200,400,720,240,4200,7500,8500,102,1.5,6000,0,0,0,0,0,65.56,30,61.09,54.8,57.2,0,0
2026-08-10T22:55:44.388000+09:00,2026-08-10T13:55:44.388000+00:00,094623,1931.5,1,0,0,0,0,13367,522,13367,0,0,0,0,4651,-28608,10326,6,4992,0,129,0,0,0,0,2,0,0,0,0,31082107,2018,0.39,901.21,2832.73,0,51.8,97,67.9,36.3,58.2,519.9,54,597.3,143.5,144,1041.8,361491,1599,12.82,89.9,1570,2.88,1.13,25.8,35.5,60,10.05,12175009,72420,53.31,3408.76,0,1200,400,720,240,4200,7500,8500,102,1.5,6000,0,0,0,0,0,65.09,30,57.65,58.5,57.2,0,0
2026-08-10T22:56:44.493000+09:00,2026-08-10T13:56:44.493000+00:00,094623,2444.5,1,0,0,0,0,13367,496,13367,0,0,0,0,4651,-28608,10326,518,4480,0,129,0,0,0,0,0,0,0,0,0,31082107,2018,0.25,913.42,3357.95,0,51.8,98.5,67.8,36.3,57.9,513,53.4,603.8,149.5,150,1081.8,361491,1599,12.36,92.5,1500,2.7,1.17,29.7,39.3,60,22.43,12175011,72420,64.42,3408.76,0,1200,400,720,240,4200,7500,8500,102,1.5,6000,0,0,0,0,0,68.47,30,66.42,72.71,57.2,0,0
2026-08-10T22:57:44.617000+09:00,2026-08-10T13:57:44.617000+00:00,094623,2377.4,1,0,0,0,0,13367,494,13367,0,0,0,0,4651,-26560,10326,518,4480,0,129,0,0,0,0,2,0,0,0,0,31082107,2018,0.22,851.16,3228.55,0,52.1,98.1,68.1,36.2,58.4,522.9,53.6,607.8,156.7,157.8,1069.5,361492,1600,12.7,87.6,1500,2.68,1.17,29.5,40.9,60,24.53,12175015,72420,77.22,3408.76,0,1200,400,720,240,4200,7500,8500,102,1.5,6000,0,0,0,0,0,69.94,30,68.07,57.83,57.2,0,0
2026-08-10T22:58:44.714000+09:00,2026-08-10T13:58:44.714000+00:00,094623,2555.6,1,0,0,0,0,13367,496,13367,0,0,0,0,4655,-28608,10390,590,20864,8192,129,0,0,0,0,2,0,0,0,0,31082107,2018,0.33,973.23,3528.85,0,52,96.9,68,36.2,58.7,523.8,52.5,609.4,159.4,160.5,1066.5,361492,1600,12.82,89.1,1500,2.69,1.16,29.8,39.7,60,24.5,12175019,72420,65.6,3408.76,0,1200,400,720,240,4200,7500,8500,102,1.5,6000,0,0,0,0,0,69.87,30,62.25,59.69,57.2,0,0
2026-08-10T22:59:44.822000+09:00,2026-08-10T13:59:44.822000+00:00,094623,2089.3,1,0,0,0,0,13367,454,13367,0,0,0,0,4655,-28608,18518,6,4992,528,129,0,0,0,0,2,0,0,0,0,31082107,2018,0.37,843.84,2933.13,0,52,98.7,67.9,36.2,58.7,524,53,603.9,150.7,151.5,1071.8,361492,1600,12.7,90.9,1440,2.46,1.29,27.3,36.7,60,10.83,12175022,72420,65.18,3408.77,0,1200,400,720,240,4200,7500,8500,102,1.5,6000,0,0,0,0,0,60.61,30,59.6,56.3,57.2,0,0
2026-08-10T23:00:44.907000+09:00,2026-08-10T14:00:44.907000+00:00,094623,1973.0,1,0,0,0,0,13367,447,13367,0,0,0,0,4655,-28608,10342,6,13188,0,129,0,0,0,0,0,0,0,0,0,31082107,2018,0.39,688.8,2661.82,0,52,97,68.1,36.2,58.4,520.9,52.6,601.3,146.1,146.9,1040.3,361492,1600,12.45,92,1310,2.44,1.69,27.4,37.7,60,11.21,12175024,72420,58.87,3408.77,0,1200,400,720,240,4200,7500,8500,102,1.5,6000,0,0,0,0,0,61.01,30,53.28,60.34,57.1,0,0
2026-08-10T23:01:45.012000+09:00,2026-08-10T14:01:45.012000+00:00,094623,2589.8,1,0,0,0,0,13367,497,13367,0,0,0,0,4651,-28608,10326,518,4480,0,129,0,0,0,0,2,0,0,0,0,31082107,2018,0.25,1144.14,3733.94,0,51.9,100.2,68.3,36.2,58.2,514.3,53.8,608.2,153.1,154.3,1058.6,361492,1600,12.15,89.8,1500,2.69,1.16,30.1,38.5,60,23.38,12175027,72420,76.16,3408.77,0,1200,400,720,240,4200,7500,8500,102,1.5,6000,0,0,0,0,0,70.71,30,72.06,65.7,57.1,0,0
2026-08-10T23:02:45.097000+09:00,2026-08-10T14:02:45.097000+00:00,094623,1958.4,1,0,0,0,0,13367,487,13367,0,0,0,0,4651,-28608,12374,518,5024,8,129,0,0,0,0,2,0,0,0,0,31082107,2018,0.26,743.74,2702.11,0,52.1,96.3,68,36.1,58.5,523.1,53,602.6,147.8,148.7,1021.5,361492,1600,12.91,88.2,1570,2.71,1.16,25.9,36.6,60,10.48,12175030,72420,58.45,3408.77,0,1200,400,720,240,4200,7500,8500,102,1.5,6000,0,0,0,0,0,62.14,30,53.67,50.49,57.1,0,0
2026-08-10T23:03:45.166000+09:00,2026-08-10T14:03:45.166000+00:00,094623,2013.6,1,0,0,0,0,13367,460,13367,0,0,0,0,4655,-28608,10326,6,4992,0,129,0,0,0,0,2,0,0,0,0,31082107,2018,0.39,849.94,2863.55,0,51.7,98,67.8,36.2,58.1,520.9,53.3,597.8,142.8,143.5,1039.6,361493,1601,12.85,91,1430,2.45,1.33,27.3,37.2,60,9.88,12175032,72420,52.72,3408.77,0,1200,400,720,240,4200,7500,8500,102,1.5,6000,0,0,0,0,0,60.96,30,56.58,57.98,57.1,0,0
2026-08-10T23:04:45.271000+09:00,2026-08-10T14:04:45.271000+00:00,094623,2580.0,1,0,0,0,0,13367,496,13367,0,0,0,0,4655,-28608,18518,6,4480,528,129,0,0,0,0,2,0,0,0,0,31082107,2018,0.25,997.65,3577.68,0,51.8,99.4,67.8,36.2,57.9,514.1,54.9,607.5,151.7,152.9,1072.1,361493,1601,12.74,91,1500,2.7,1.15,30,38.7,60,24.1,12175035,72420,76.74,3408.77,0,1200,400,720,240,4200,7500,8500,102,1.5,6000,0,0,0,0,0,68.96,30,69.92,69.57,57.1,0,0
2026-08-10T23:05:45.373000+09:00,2026-08-10T14:05:45.373000+00:00,094623,1561.6,1,0,0,0,0,13367,519,13367,0,0,0,0,4655,-26560,10326,590,4992,8192,129,0,0,0,0,2,0,0,0,0,31082107,2018,0.24,543.53,2105.17,0,51.9,96.3,68.1,36.2,58.2,520,53.8,599.1,145.6,146.2,1060.4,361493,1601,12.84,88,1560,2.9,1.04,22.3,34.5,60,16.99,12175038,72420,64.94,3408.77,0,1200,400,720,240,4200,7500,8500,102,1.5,6000,0,0,0,0,0,63.18,30,55.51,51.97,57.1,0,0
2026-08-10T23:06:45.451000+09:00,2026-08-10T14:06:45.451000+00:00,094623,1700.8,1,0,0,0,0,13367,520,13367,0,0,0,0,4651,-28608,10326,6,4992,0,129,0,0,0,0,2,0,0,0,0,31082107,2018,0.37,752.28,2453.08,0,51.6,97.6,67.9,36.2,57.8,517.7,54.5,597.6,141,141.4,1059.2,361493,1601,12.97,90.5,1570,2.9,1.07,23.6,34,60,16.17,12175040,72420,56.68,3408.77,0,1200,400,720,240,4200,7500,8500,102,1.5,6000,0,0,0,0,0,63.55,30,58.03,59.76,57.1,0,0
2026-08-10T23:07:45.543000+09:00,2026-08-10T14:07:45.543000+00:00,094623,2554.4,1,0,0,0,0,13367,498,13367,0,0,0,0,4651,-28608,12374,6,4512,72,129,0,0,0,0,2,0,0,0,0,31082107,2018,0.28,1023.29,3577.68,0,51.7,99.5,67.8,36.1,57.7,513.7,52.6,607.4,151.4,152.3,1083.2,361493,1601,12.67,90.3,1500,2.71,1.15,29.9,38.8,60,24.38,12175043,72420,75.9,3408.77,0,1200,400,720,240,4200,7500,8500,102,1.5,6000,0,0,0,0,0,68.86,30,70.36,67.39,57.1,0,0
2026-08-10T23:08:45.706000+09:00,2026-08-10T14:08:45.706000+00:00,094623,1766.7,1,0,0,0,0,13367,521,13367,0,0,0,0,4655,-28608,10326,6,4992,0,129,0,0,0,0,2,0,0,0,0,31082107,2018,0.25,698.57,2465.28,0,51.7,96.5,68.1,36.1,58.1,518.3,56.4,599.6,146.3,147,1042.3,361493,1601,12.41,88.5,1570,2.91,1.07,23.9,34.5,60,14.91,12175045,72420,63.97,3408.77,0,1200,400,720,240,4200,7500,8500,102,1.5,6000,0,0,0,0,0,64.12,30,57.04,54.37,57.1,0,0
2026-08-10T23:09:45.742000+09:00,2026-08-10T14:09:45.742000+00:00,094623,1930.3,1,0,0,0,0,13367,522,13367,0,0,0,0,4651,-28608,18518,6,4992,528,129,0,0,0,0,2,0,0,0,0,31082107,2018,0.37,798.67,2728.96,0,51.4,97.7,68.1,36.2,57.7,516.8,56.4,596.7,142.1,142.7,1047.7,361494,1602,12.74,90.8,1570,2.9,1.1,25.2,34.9,60,16.72,12175047,72420,56.7,3408.78,0,1200,400,720,240,4200,7500,8500,102,1.5,6000,0,0,0,0,0,64.89,30,59.39,61.59,57.1,0,0
2026-08-10T23:10:45.843000+09:00,2026-08-10T14:10:45.843000+00:00,094623,2650.8,1,0,0,0,0,13367,502,13367,0,0,0,0,4655,-28608,10326,6,4992,0,129,0,0,0,0,2,0,0,0,0,31082107,2018,0.25,1172.22,3823.05,0,51.5,99.9,67.9,36.2,57.6,511.1,58.4,607.7,153.4,154.5,1061.3,361494,1602,12.85,90.1,1520,2.74,1.14,29.6,36.6,60,23.63,12175050,72420,77.43,3408.78,0,1200,400,720,240,4200,7500,8500,102,1.5,6000,0,0,0,0,0,68.5,30,70.85,65.87,57.1,0,0
2026-08-10T23:11:45.925000+09:00,2026-08-10T14:11:45.925000+00:00,094623,1471.3,1,0,0,0,0,13367,497,13367,0,0,0,0,4651,-28608,10326,6,4992,0,129,0,0,0,0,2,0,0,0,0,31082107,2018,0.24,473.95,1945.25,0,51.5,96,68.1,36.1,57.9,522.4,58.3,599.3,145.8,146.5,1036.1,361494,1602,12.73,88.7,1500,2.76,1.13,22.5,37.1,60,11.3,12175053,72420,62.22,3408.78,0,1200,400,720,240,4200,7500,8500,102,1.5,6000,0,0,0,0,0,61.8,30,52.97,52.38,57.1,0,0
2026-08-10T23:12:46.029000+09:00,2026-08-10T14:12:46.029000+00:00,094623,1459.1,1,0,0,0,0,13367,494,13367,0,0,0,0,4651,-28608,12374,6,5024,72,129,0,0,0,0,2,0,0,0,0,31082107,2018,0.37,515.46,1974.55,0,51.3,98.3,67.9,36.2,57.5,521.1,54.8,597.5,141.5,142.1,1042.6,361494,1602,12.69,90.8,1490,2.75,1.13,22.7,36.6,60,11.19,12175055,72420,54.92,3408.78,0,1200,400,720,240,4200,7500,8500,102,1.5,6000,0,0,0,0,0,61.3,30,57.88,58.43,57,0,0
2026-08-10T23:13:46.118000+09:00,2026-08-10T14:13:46.118000+00:00,094623,2582.5,1,0,0,0,0,13367,504,13367,0,0,0,0,4651,-28608,10326,6,4992,0,129,0,0,0,0,2,0,0,0,0,31082107,2018,0.25,1046.48,3628.96,0,51.4,99.7,67.7,36.2,57.4,512,54.1,608.5,153.7,155,1076.6,361494,1602,12.69,90,1520,2.76,1.11,28.6,35.7,60,22.54,12175058,72420,82.12,3408.78,0,1200,400,720,240,4200,7500,8500,102,1.5,6000,0,0,0,0,0,66.66,30,69.29,64.58,57.1,0,0
2026-08-10T23:14:46.209000+09:00,2026-08-10T14:14:46.209000+00:00,094623,1844.9,1,0,0,0,0,13367,444,13367,0,0,0,0,4651,-28608,18518,6,4992,528,129,0,0,0,0,2,0,0,0,0,31082107,2018,0.26,607.01,2451.86,0,51.4,96.1,68.1,36.2,57.8,519.7,54.3,603.2,146,146.9,1048.1,361494,1602,12.77,88.9,1310,2.51,1.82,26.8,38.6,60,11.32,12175060,72420,60.1,3408.78,0,1200,400,720,240,4200,7500,8500,102,1.5,6000,0,0,0,0,0,60.56,30,52.28,51.82,57,0,0
2026-08-10T23:15:46.332000+09:00,2026-08-10T14:15:46.332000+00:00,094623,1625.1,1,0,0,0,0,13367,496,13367,0,0,0,0,4655,-28608,10390,590,20864,8192,129,0,0,0,0,2,0,0,0,0,31082107,2018,0.36,610.67,2235.79,0,51.3,98.4,68.1,36.2,57.5,517.6,55.5,598.4,144,145,1046.3,361495,1603,12.63,90.4,1490,2.76,1.15,23.7,36.2,60,11.12,12175063,72420,57.86,3408.78,0,1200,400,720,240,4200,7500,8500,102,1.5,6000,0,0,0,0,0,61.97,30,58.67,57.62,57,0,0
2026-08-10T23:16:46.408000+09:00,2026-08-10T14:16:46.408000+00:00,094623,1921.8,1,0,0,0,0,13367,504,13367,0,0,0,0,4651,-28608,10326,518,4992,0,129,0,0,0,0,2,0,0,0,0,31082107,2018,0.24,712,2633.75,0,51.5,99.9,67.9,36.1,57.7,517.9,54.4,608.2,154.7,156.3,1057.6,361495,1603,12.76,89.9,1520,2.81,1.08,24.4,34.6,60,15.38,12175066,72420,78.38,3408.78,0,1200,400,720,240,4200,7500,8500,102,1.5,6000,0,0,0,0,0,63.54,30,66.56,60.01,57,0,0
2026-08-10T23:17:46.505000+09:00,2026-08-10T14:17:46.505000+00:00,094623,1393.2,1,0,0,0,0,13367,497,13367,0,0,0,0,4651,-28608,12438,526,21408,8264,129,0,0,0,0,2,0,0,0,0,31082107,2018,0.26,361.64,1754.81,0,51.3,95.9,68,36.1,57.7,520.3,54.7,598.9,144.7,145.6,1033.4,361495,1603,12.75,89.7,1490,2.77,0.95,23,38.3,60,10.59,12175068,72420,55.97,3408.78,0,1200,400,720,240,4200,7500,8500,102,1.5,6000,0,0,0,0,0,61.36,30,52.16,55.54,56.9,0,0
2026-08-10T23:18:46.619000+09:00,2026-08-10T14:18:46.619000+00:00,094623,1887.6,1,0,0,0,0,13367,494,13367,0,0,0,0,4651,-28608,10326,6,4480,0,129,0,0,0,0,2,0,0,0,0,31082107,2018,0.35,722.98,2610.55,0,51.2,98.6,67.9,36.1,57.3,515,54.9,598,142.7,143.6,1041.4,361495,1603,12.86,90.7,1490,2.71,1.2,26.9,40,60,16.86,12175070,72420,58.17,3408.79,0,1200,400,720,240,4200,7500,8500,102,1.5,6000,0,0,0,0,0,64.87,30,62.9,62.61,57,0,0
2026-08-10T23:19:46.744000+09:00,2026-08-10T14:19:46.744000+00:00,094623,2124.7,1,0,0,0,0,13367,502,13367,0,0,0,0,4651,-28608,18534,6,13188,528,129,0,0,0,0,2,0,0,0,0,31082107,2018,0.27,774.25,2898.95,0,51.5,99.5,67.8,36.1,57.6,519.2,53.6,607.9,155.9,157.5,1037.3,361495,1603,12.88,89.2,1510,2.78,1.09,25.9,35.7,60,18.64,12175074,72420,78.39,3408.79,0,1200,400,720,240,4200,7500,8500,102,1.5,6000,0,0,0,0,0,64.54,30,67.19,59.41,57,0,0
2026-08-10T23:20:46.843000+09:00,2026-08-10T14:20:46.843000+00:00,094623,1431.0,1,0,0,0,0,13367,492,13367,0,0,0,0,4651,-28608,10326,6,4992,0,129,0,0,0,0,2,0,0,0,0,31082107,2018,0.3,515.46,1946.47,0,51.3,96.3,68,36,57.7,519.9,54.5,595.8,145.1,145.9,1048.8,361495,1603,12.73,89.6,1480,2.74,1.08,21.8,34.9,60,11.44,12175076,72420,55.23,3408.79,0,1200,400,720,240,4200,7500,8500,102,1.5,6000,0,0,0,0,0,61.01,30,52.95,54.6,57,0,0
2026-08-10T23:21:46.918000+09:00,2026-08-10T14:21:46.918000+00:00,094623,1815.5,1,0,0,0,0,13367,495,13367,0,0,0,0,4655,-28608,10326,6,4480,0,129,0,0,0,0,2,0,0,0,0,31082107,2018,0.39,676.59,2492.14,0,51.1,98.6,67.8,36,57.3,515.9,56.5,596.4,144.2,145.2,1067.9,361496,1604,12.65,91.1,1490,2.73,1.18,25.6,38.3,60,14.46,12175078,72420,56.14,3408.79,0,1200,400,720,240,4200,7500,8500,102,1.5,6000,0,0,0,0,0,62.5,30,61.05,61.43,57,0,0
2026-08-10T23:22:47.008000+09:00,2026-08-10T14:22:47.008000+00:00,094623,2465.3,1,0,0,0,0,13367,497,13367,0,0,0,0,4655,-28608,12374,6,4512,72,129,0,0,0,0,2,0,0,0,0,31082107,2018,0.28,981.78,3447.07,0,51.5,99.7,68,36,57.6,517.2,54.6,607.6,156.2,157.8,1058.2,361496,1604,12.85,89.1,1500,2.71,1.14,29.6,39.3,60,24.21,12175081,72420,79.79,3408.79,0,1200,400,720,240,4200,7500,8500,102,1.5,6000,0,0,0,0,0,68.68,30,71.53,63.01,56.9,0,0
2026-08-10T23:23:47.095000+09:00,2026-08-10T14:23:47.095000+00:00,094623,2515.3,1,0,0,0,0,13367,496,13367,0,0,0,0,4651,-28608,10326,6,4480,0,129,0,0,0,0,2,0,0,0,0,31082107,2018,0.28,932.95,3448.29,0,51.6,96.5,68.2,36,58.2,521.5,52,610.7,160.2,161.7,1057.1,361496,1604,12.92,88.2,1500,2.72,1.15,29.7,39.5,60,24.56,12175086,72420,70.37,3408.79,0,1200,400,720,240,4200,7500,8500,102,1.5,6000,0,0,0,0,0,69.46,30,62.3,57.35,56.9,0,0
2026-08-10T23:24:47.185000+09:00,2026-08-10T14:24:47.185000+00:00,094623,1683.7,1,0,0,0,0,13367,494,13367,0,0,0,0,4651,-28608,10326,6,4992,0,129,0,0,0,0,2,0,0,0,0,31082107,2018,0.33,653.4,2337.11,0,51.6,98.5,67.9,36,58.3,521.3,51.8,603.5,154.4,155.5,1097,361496,1604,12.67,90.4,1490,2.76,1.14,23.3,34.8,60,11.09,12175089,72420,61.39,3408.79,0,1200,400,720,240,4200,7500,8500,102,1.5,6000,0,0,0,0,0,60.62,30,58.87,54.94,57,0,0
2026-08-10T23:25:47.287000+09:00,2026-08-10T14:25:47.287000+00:00,094623,1526.2,1,0,0,0,0,13367,493,13367,0,0,0,0,4651,-28608,10326,6,4992,0,129,0,0,0,0,0,0,0,0,0,31082107,2018,0.38,577.71,2103.95,0,51.6,97.1,68.1,36,58,520.7,53.1,600.5,148.5,149.4,1068.8,361496,1604,12.58,91.4,1490,2.74,1.13,23,35.5,60,11.17,12175090,72420,59.12,3408.79,0,1200,400,720,240,4200,7500,8500,102,1.5,6000,0,0,0,0,0,61.22,30,54.87,58.66,57,0,0
2026-08-10T23:26:47.384000+09:00,2026-08-10T14:26:47.384000+00:00,094623,2307.8,1,0,0,0,0,13367,497,13367,0,0,0,0,4655,-28608,10326,6,4480,0,129,0,0,0,0,2,0,0,0,0,31082107,2018,0.24,896.33,3204.14,0,51.6,99.3,68.3,36,57.8,516.4,52.8,606.5,151.4,152.4,1043.3,361496,1604,12.85,90.9,1500,2.71,1.15,29.2,40.3,60,24.05,12175093,72420,73.01,3408.79,0,1200,400,720,240,4200,7500,8500,102,1.5,6000,0,0,0,0,0,69.87,30,68.53,68.27,56.9,0,0
2026-08-10T23:27:47.492000+09:00,2026-08-10T14:27:47.492000+00:00,094623,2371.3,1,0,0,0,0,13367,496,13367,0,0,0,0,4651,-28608,12374,6,4480,8,129,0,0,0,0,2,0,0,0,0,31082107,2018,0.24,876.8,3248.08,0,51.8,97.3,68,36,58.1,523.5,51.7,610,158.3,159.7,1043.9,361497,1605,12.7,87.7,1500,2.69,1.16,29.5,40.8,60,24.29,12175097,72420,74.56,3408.8,0,1200,400,720,240,4200,7500,8500,102,1.5,6000,0,0,0,0,0,69.54,30,65.05,56.84,56.9,0,0
2026-08-10T23:28:47.593000+09:00,2026-08-10T14:28:47.593000+00:00,094623,2619.1,1,0,0,0,0,13367,496,13367,0,0,0,0,4655,-28608,10326,590,4480,8192,129,0,0,0,0,2,0,0,0,0,31082107,2018,0.36,1018.4,3637.5,0,51.8,97.4,67.5,35.9,58.4,522.7,51.9,611.6,161,162.3,1042.9,361497,1605,12.71,89.4,1500,2.69,1.16,30.1,39.2,60,24.5,12175101,72420,67.05,3408.8,0,1200,400,720,240,4200,7500,8500,102,1.5,6000,0,0,0,0,0,67.7,30,63.18,59.75,56.9,0,0
2026-08-10T23:29:47.672000+09:00,2026-08-10T14:29:47.672000+00:00,094623,1909.5,1,0,0,0,0,13367,522,13367,0,0,0,0,4651,-28608,10326,6,4992,0,129,0,0,0,0,2,0,0,0,0,31082107,2018,0.39,812.1,2721.64,0,51.9,99,67.7,35.9,58.5,521.1,51.1,606.4,153.1,154.1,1058.9,361497,1605,12.44,90.4,1570,2.89,1.09,25,34.6,60,10.31,12175104,72420,65.42,3408.8,0,1200,400,720,240,4200,7500,8500,102,1.5,6000,0,0,0,0,0,62.72,30,64.59,58.41,56.9,0,0
2026-08-10T23:30:47.776000+09:00,2026-08-10T14:30:47.776000+00:00,094623,2028.3,1,0,0,0,0,13367,520,13367,0,0,0,0,4655,-28608,10326,518,4992,0,129,0,0,0,0,2,0,0,0,0,31082107,2018,0.35,935.39,2963.65,0,51.8,96.8,68.4,35.9,58.2,518.7,53.2,602.4,148.4,149.3,1043.5,361497,1605,12.81,92.8,1570,2.87,1.13,26.3,35.3,60,9.17,12175106,72420,59.76,3408.8,0,1200,400,720,240,4200,7500,8500,102,1.5,6000,0,0,0,0,0,64.89,30,56.51,67.47,56.9,0,0
2026-08-10T23:31:47.869000+09:00,2026-08-10T14:31:47.869000+00:00,094623,2707.0,1,0,0,0,0,13367,496,13367,0,0,0,0,4655,-28608,10326,6,4992,0,129,0,0,0,0,2,0,0,0,0,31082107,2018,0.27,1095.31,3802.3,0,51.8,100.1,68.6,36,58.1,513.4,51.3,610.3,157.7,158.9,1071.1,361497,1605,12.62,89,1500,2.69,1.16,30.7,38.3,60,24.25,12175109,72420,74.04,3408.8,0,1200,400,720,240,4200,7500,8500,102,1.5,6000,0,0,0,0,0,71,30,72.57,62.71,56.9,0,0
2026-08-10T23:32:47.960000+09:00,2026-08-10T14:32:47.960000+00:00,094623,1487.2,1,0,0,0,0,13367,494,13367,0,0,0,0,4655,-28608,18518,6,4992,528,129,0,0,0,0,2,0,0,0,0,31082107,2018,0.29,477.61,1964.78,0,51.8,96.4,68.1,36,58.5,519.3,52.7,602.8,151.8,152.7,1061,361497,1605,12.59,89.1,1480,2.75,1.06,21.7,34.2,60,11.44,12175112,72420,60.08,3408.8,0,1200,400,720,240,4200,7500,8500,102,1.5,6000,0,0,0,0,0,62.04,30,53.96,52.65,56.9,0,0
2026-08-10T23:33:48.063000+09:00,2026-08-10T14:33:48.063000+00:00,094623,1413.9,1,0,0,0,0,13367,496,13367,0,0,0,0,4651,-28608,10326,6,4992,0,129,0,0,0,0,2,0,0,0,0,31082107,2018,0.37,537.43,1951.35,0,51.6,97.6,68,36,58,519.9,52.5,598.4,145.3,145.8,1073.5,361498,1606,12.27,91.4,1490,2.79,1.07,21.7,34.1,60,11.69,12175114,72420,58.89,3408.8,0,1200,400,720,240,4200,7500,8500,102,1.5,6000,0,0,0,0,0,61.85,30,55.55,60.35,56.9,0,0
2026-08-10T23:34:48.159000+09:00,2026-08-10T14:34:48.159000+00:00,094623,2729.0,1,0,0,0,0,13367,497,13367,0,0,0,0,4655,-26560,10390,6,20864,0,129,0,0,0,0,2,0,0,0,0,31082107,2018,0.26,1048.92,3777.89,0,51.7,100.1,67.8,36,57.8,514.2,52.3,609,155.6,156.7,1098,361498,1606,12.74,89.6,1510,2.71,1.15,30.6,38.2,60,24.25,12175117,72420,78.28,3408.8,0,1200,400,720,240,4200,7500,8500,102,1.5,6000,0,0,0,0,0,69.09,30,72.28,65.27,56.8,0,0
2026-08-10T23:35:48.258000+09:00,2026-08-10T14:35:48.258000+00:00,094623,1428.6,1,0,0,0,0,13367,512,13367,0,0,0,0,4655,-26560,10326,6,4992,8,129,0,0,0,0,2,0,0,0,0,31082107,2018,0.25,430,1858.58,0,51.6,96,68.1,35.9,58.2,520.4,53.3,602.6,149.1,149.9,1047.6,361498,1606,12.9,88.7,1510,2.85,1.02,21.2,33.8,60,12.03,12175120,72420,63.67,3408.8,0,1200,400,720,240,4200,7500,8500,102,1.5,6000,0,0,0,0,0,62.26,30,53.47,52.41,56.8,0,0
2026-08-10T23:36:48.358000+09:00,2026-08-10T14:36:48.358000+00:00,094623,1367.5,1,0,0,0,0,13367,511,13367,0,0,0,0,4651,-26560,10390,6,21376,0,129,0,0,0,0,2,0,0,0,0,31082107,2018,0.4,477.61,1845.15,0,51.4,98.1,67.9,36.1,57.6,521.6,55,596.4,141.4,142,1044.4,361498,1606,12.69,91.2,1520,2.86,1.04,21.2,34.5,60,13.21,12175122,72420,53.98,3408.81,0,1200,400,720,240,4200,7500,8500,102,1.5,6000,0,0,0,0,0,61.68,30,57.25,59.66,56.8,0,0
2026-08-10T23:37:48.434000+09:00,2026-08-10T14:37:48.434000+00:00,094623,2670.4,1,0,0,0,0,13367,496,13367,0,0,0,0,4651,-28608,18518,6,4480,528,129,0,0,0,0,2,0,0,0,0,31082107,2018,0.23,1134.37,3804.74,0,51.6,100,67.7,36,57.4,513.6,52,607.8,153.2,154.5,1057.7,361498,1606,12.45,89.6,1490,2.69,1.16,30.3,38.1,60,24.26,12175125,72420,80.03,3408.81,0,1200,400,720,240,4200,7500,8500,102,1.5,6000,0,0,0,0,0,68.38,30,71.77,65.41,56.8,0,0
2026-08-10T23:38:48.518000+09:00,2026-08-10T14:38:48.518000+00:00,094623,1426.1,1,0,0,0,0,13367,505,13367,0,0,0,0,4651,-28608,10342,6,13188,0,129,0,0,0,0,2,0,0,0,0,31082107,2018,0.24,488.6,1914.73,0,51.5,96,68,36,57.9,519,52.6,602.2,148.9,149.8,1030,361498,1606,12.84,88.2,1500,2.82,1.04,21.4,33.8,60,11.51,12175127,72420,57.66,3408.81,0,1200,400,720,240,4200,7500,8500,102,1.5,6000,0,0,0,0,0,61.24,30,53.01,50.53,56.8,0,0
2026-08-10T23:39:48.614000+09:00,2026-08-10T14:39:48.614000+00:00,094623,1422.5,1,0,0,0,0,13367,514,13367,0,0,0,0,4651,-28608,10326,6,4992,0,129,0,0,0,0,0,0,0,0,0,31082107,2018,0.42,520.34,1942.81,0,51.3,98.4,68.1,36,57.6,518.9,55.7,600.2,143.2,144,1052.7,361499,1607,12.74,90.5,1530,2.87,1.03,21.4,33.7,60,12.14,12175129,72420,50.97,3408.81,0,1200,400,720,240,4200,7500,8500,102,1.5,6000,0,0,0,0,0,61.92,30,58.4,56.58,56.8,0,0
2026-08-10T23:40:48.722000+09:00,2026-08-10T14:40:48.722000+00:00,094623,2432.3,1,0,0,0,0,13367,498,13367,0,0,0,0,4651,-28608,12374,6,4512,72,129,0,0,0,0,2,0,0,0,0,31082107,2018,0.22,974.46,3406.78,0,51.5,99.5,67.9,36,57.4,516.6,53.7,607.7,152.4,153.9,1074.6,361499,1607,12.34,90.9,1500,2.72,1.14,29.5,39.2,60,24.38,12175132,72420,83.46,3408.81,0,1200,400,720,240,4200,7500,8500,102,1.5,6000,0,0,0,0,0,68.97,30,70.07,68.82,56.8,0,0
2026-08-10T23:41:48.803000+09:00,2026-08-10T14:41:48.803000+00:00,094623,2373.7,1,0,0,0,0,13367,500,13367,0,0,0,0,4651,-28608,10326,6,4992,0,129,0,0,0,0,2,0,0,0,0,31082107,2018,0.29,939.05,3312.78,0,51.7,96.2,68,35.9,58,520.1,54.7,613.5,160.1,161.8,1063.1,361499,1607,12.68,87.3,1510,2.74,1.12,27.5,36.2,60,20.82,12175136,72420,73.6,3408.81,0,1200,400,720,240,4200,7500,8500,102,1.5,6000,0,0,0,0,0,66.73,30,59.54,53.24,56.8,0,0
2026-08-10T23:42:48.901000+09:00,2026-08-10T14:42:48.901000+00:00,094623,1809.5,1,0,0,0,0,13367,522,13367,0,0,0,0,4651,-28608,18518,6,4992,528,129,0,0,0,0,0,0,0,0,0,31082107,2018,0.44,775.47,2584.92,0,51.4,98.8,67.9,35.9,58.1,519.1,53.3,602.7,149.4,150.6,1048.3,361499,1607,12.94,90.1,1570,2.9,1.08,24.5,34.7,60,9.9,12175139,72420,50.23,3408.81,0,1200,400,720,240,4200,7500,8500,102,1.5,6000,0,0,0,0,0,63.9,30,63.34,56.87,56.8,0,0
2026-08-10T23:43:48.992000+09:00,2026-08-10T14:43:48.992000+00:00,094623,1588.5,1,0,0,0,0,13367,492,13367,0,0,0,0,4651,-28608,10326,6,4480,0,129,0,0,0,0,0,0,0,0,0,31082107,2018,0.42,574.05,2162.54,0,51.5,96.6,68.1,35.9,57.7,521.3,53.3,599.6,144.4,145.2,1067.9,361499,1607,12.87,92.6,1480,2.73,1.17,23.8,37.8,60,11.63,12175141,72420,67.76,3408.81,0,1200,400,720,240,4200,7500,8500,102,1.5,6000,0,0,0,0,0,62.26,30,54.05,65.18,56.8,0,0
2026-08-10T23:44:49.089000+09:00,2026-08-10T14:44:49.089000+00:00,094623,2261.4,1,0,0,0,0,13367,502,13367,0,0,0,0,4651,-28608,10326,6,4992,0,129,0,0,0,0,0,0,0,0,0,31082107,2018,0.43,876.8,3138.22,0,51.5,100.2,67.9,35.9,57.8,517.7,53.2,610.9,157.5,159.1,1057.3,361499,1607,12.68,88.4,1510,2.77,1.1,26.1,34.3,60,17.94,12175144,72420,73.35,3408.81,0,1200,400,720,240,4200,7500,8500,102,1.5,6000,0,0,0,0,0,64.67,30,67.9,56,56.8,0,0
2026-08-10T23:45:49.184000+09:00,2026-08-10T14:45:49.184000+00:00,094623,1494.5,1,0,0,0,0,13367,491,13367,0,0,0,0,4651,-28608,12374,6,5024,72,129,0,0,0,0,0,0,0,0,0,31082107,2018,0.35,548.42,2042.91,0,51.4,96.2,68.1,35.9,57.9,519.7,53.5,602.3,148.3,149.3,1074,361500,1608,12.61,90.7,1480,2.74,1.09,22.3,35,60,11.3,12175146,72420,55.87,3408.82,0,1200,400,720,240,4200,7500,8500,102,1.5,6000,0,0,0,0,0,61.3,30,52.67,57.26,56.8,0,0
2026-08-10T23:46:49.290000+09:00,2026-08-10T14:46:49.290000+00:00,094623,1782.6,1,0,0,0,0,13367,494,13367,0,0,0,0,4651,-28608,10326,6,4480,0,129,0,0,0,0,0,0,0,0,0,31082107,2018,0.36,658.28,2440.87,0,51.4,98.1,68.1,35.9,57.5,517.9,53.4,601.7,144.8,145.8,1042.2,361500,1608,12.45,91.3,1490,2.72,1.19,25.6,39.1,60,14.58,12175148,72420,60.1,3408.82,0,1200,400,720,240,4200,7500,8500,102,1.5,6000,0,0,0,0,0,64,30,60.62,62.64,56.7,0,0
2026-08-10T23:47:49.384000+09:00,2026-08-10T14:47:49.384000+00:00,094623,2035.3,1,0,0,0,0,13367,502,13367,0,0,0,0,4651,-28608,18518,6,4992,528,129,0,0,0,0,2,0,0,0,0,31082107,2018,0.21,666.83,2702.11,0,51.6,100.3,67.9,35.9,57.7,520.1,52,609.9,156.6,158.2,1063.9,361500,1608,12.71,88.7,1510,2.77,1.09,25.3,35.9,60,17.61,12175152,72420,77.6,3408.82,0,1200,400,720,240,4200,7500,8500,102,1.5,6000,0,0,0,0,0,64.17,30,68.06,57.1,56.7,0,0
2026-08-10T23:48:49.463000+09:00,2026-08-10T14:48:49.463000+00:00,094623,1461.5,1,0,0,0,0,13367,495,13367,0,0,0,0,4655,-28608,10326,6,4992,0,129,0,0,0,0,2,0,0,0,0,31082107,2018,0.31,520.34,1981.87,0,51.5,95.6,67.9,35.9,57.7,521.8,53.8,598.8,146,146.8,1041.5,361500,1608,12.27,89.3,1490,2.75,1.13,22.7,36.9,60,11.2,12175154,72420,54.89,3408.82,0,1200,400,720,240,4200,7500,8500,102,1.5,6000,0,0,0,0,0,60.71,30,51.75,53.01,56.8,0,0
2026-08-10T23:49:49.553000+09:00,2026-08-10T14:49:49.553000+00:00,094623,1852.2,1,0,0,0,0,13367,494,13367,0,0,0,0,4651,-28608,10326,6,4480,0,129,0,0,0,0,0,0,0,0,0,31082107,2018,0.41,677.82,2529.98,0,51.3,98.5,67.8,35.9,57.4,516.4,53.3,600.1,144.7,145.6,1034.1,361500,1608,12.65,92.2,1490,2.71,1.19,26.2,39.1,60,15.23,12175156,72420,55.29,3408.82,0,1200,400,720,240,4200,7500,8500,102,1.5,6000,0,0,0,0,0,63.13,30,61.21,64.95,56.7,0,0
2026-08-10T23:50:49.660000+09:00,2026-08-10T14:50:49.660000+00:00,094623,2260.2,1,0,0,0,0,13367,501,13367,0,0,0,0,4651,-28608,12374,6,5024,72,129,0,0,0,0,2,0,0,0,0,31082107,2018,0.23,942.72,3202.92,0,51.5,100.2,68.1,35.9,57.6,518.7,53,608.8,157.9,159.7,1078.8,361500,1608,12.29,88.7,1510,2.76,1.11,27,36.2,60,20.12,12175160,72420,85.59,3408.82,0,1200,400,720,240,4200,7500,8500,102,1.5,6000,0,0,0,0,0,66.21,30,70.43,59.17,56.7,0,0
2026-08-10T23:51:49.748000+09:00,2026-08-10T14:51:49.748000+00:00,094623,1742.3,1,0,0,0,0,13367,521,13367,0,0,0,0,4655,-26560,10326,6,4993,0,129,0,0,0,0,2,0,0,0,0,31082107,2018,0.3,691.24,2433.55,0,51.2,96,68.2,35.9,57.8,518.7,53.7,598.6,147.1,148.2,1030.3,361501,1609,12.93,88.7,1570,2.91,1.07,23.6,34.1,60,16.27,12175162,72420,52.7,3408.82,0,1200,400,720,240,4200,7500,8500,102,1.5,6000,0,0,0,0,0,63.66,30,54.25,52.97,56.7,0,0
2026-08-10T23:52:49.849000+09:00,2026-08-10T14:52:49.849000+00:00,094623,1636.1,1,0,0,0,0,13367,492,13367,0,0,0,0,4651,-28608,18518,6,4480,528,129,0,0,0,0,0,0,0,0,0,31082107,2018,0.44,635.09,2271.19,0,50.9,98.3,67.9,35.9,57.3,519.5,51.7,597.8,145,146.1,1075.9,361501,1609,12.71,91.4,1480,2.72,1.17,24.3,37.6,60,12.26,12175164,72420,52.77,3408.82,0,1200,400,720,240,4200,7500,8500,102,1.5,6000,0,0,0,0,0,61.63,30,58.63,59.5,56.7,0,0
2026-08-10T23:53:49.927000+09:00,2026-08-10T14:53:49.927000+00:00,094623,2177.2,1,0,0,0,0,13367,501,13367,0,0,0,0,4651,-28608,10390,6,21376,0,129,0,0,0,0,2,0,0,0,0,31082107,2018,0.23,812.1,2989.29,0,51.3,100.4,67.9,35.9,57.5,517.9,51.7,609.3,157.8,159.4,1048.4,361501,1609,12.84,89.7,1510,2.77,1.1,26.2,35.2,60,19.04,12175167,72420,84.45,3408.82,0,1200,400,720,240,4200,7500,8500,102,1.5,6000,0,0,0,0,0,64.52,30,69.34,60.99,56.7,0,0
2026-08-10T23:54:50.051000+09:00,2026-08-10T14:54:50.051000+00:00,094623,1328.5,1,0,0,0,0,13367,496,13367,0,0,0,0,4651,-28608,10326,6,4992,0,129,0,0,0,0,2,0,0,0,0,31082107,2018,0.25,439.77,1768.24,0,51.1,95.8,68.3,35.9,57.6,521.3,50.7,598.4,146.1,147,1033.5,361501,1609,12.69,88.6,1480,2.75,1.06,21.4,36,60,11.51,12175170,72420,55.62,3408.82,0,1200,400,720,240,4200,7500,8500,102,1.5,6000,0,0,0,0,0,61.76,30,52.06,51.03,56.6,0,0
2026-08-10T23:55:50.135000+09:00,2026-08-10T14:55:50.135000+00:00,094623,1737.4,1,0,0,0,0,13367,494,13367,0,0,0,0,4655,-28608,12390,518,12708,72,129,0,0,0,0,0,0,0,0,0,31082107,2018,0.41,626.54,2363.96,0,50.9,98.2,67.9,35.9,57.1,518.5,52.1,595.4,143,143.9,1024.5,361501,1609,12.8,91,1490,2.72,1.19,25.4,39.2,60,13.04,12175172,72420,54.88,3408.83,0,1200,400,720,240,4200,7500,8500,102,1.5,6000,0,0,0,0,0,62.91,30,59.59,59.91,56.7,0,0
2026-08-10T23:56:50.226000+09:00,2026-08-10T14:56:50.226000+00:00,094623,1879.0,1,0,0,0,0,13367,501,13367,0,0,0,0,4651,-28608,10326,6,4992,0,129,0,0,0,0,2,0,0,0,0,31082107,2018,0.25,705.89,2584.92,0,51.4,100.6,67.7,35.9,57.4,519.8,49.3,608.8,157.1,158.9,1035.6,361501,1609,12.52,89.6,1510,2.79,1.09,24.6,35.6,60,16.02,12175175,72420,84.61,3408.83,0,1200,400,720,240,4200,7500,8500,102,1.5,6000,0,0,0,0,0,62.27,30,68.39,59.27,56.7,0,0
2026-08-10T23:57:50.334000+09:00,2026-08-10T14:57:50.334000+00:00,094623,1321.2,1,0,0,0,0,13367,500,13367,0,0,0,0,4651,-28608,2134,6,4992,0,129,0,0,0,0,2,0,0,0,0,31082107,2018,0.26,0,1321.15,0,51.2,95.7,68.1,35.9,57.4,524,49.8,597.6,144.1,145,1039.9,361502,1610,12.75,89.1,1500,2.8,1.14,22.3,37.5,60,11.32,12175177,72420,59.15,3408.83,0,1200,400,720,240,4200,7500,8500,102,1.5,6000,0,0,0,0,0,60.89,30,52.02,53.01,56.7,0,0
2026-08-10T23:58:50.416000+09:00,2026-08-10T14:58:50.416000+00:00,094623,1937.6,1,0,0,0,0,13367,494,13367,0,0,0,0,4651,-28608,10326,6,4480,0,129,0,0,0,0,2,0,0,0,0,31082107,2018,0.36,786.46,2724.08,0,51.1,98.3,67.9,35.9,57,515.4,49.9,597.8,143.8,144.8,1059.3,361502,1610,12.87,90.9,1490,2.7,1.2,26.8,39.1,60,17.36,12175179,72420,56.88,3408.83,0,1200,400,720,240,4200,7500,8500,102,1.5,6000,0,0,0,0,0,63.98,30,61.8,62.37,56.6,0,0
2026-08-10T23:59:50.498000+09:00,2026-08-10T14:59:50.498000+00:00,094623,1851.0,1,0,0,0,0,13367,499,13367,0,0,0,0,4651,-28608,10326,6,4992,0,129,0,0,0,0,2,0,0,0,0,31082107,2018,0.26,715.66,2566.61,0,51.4,100,67.8,35.8,57.5,519.1,50.1,607.5,157,158.9,1063.4,361502,1610,12.94,89,1510,2.78,1.11,24.1,34.3,60,13.91,12175183,72420,80.59,3408.83,0,1200,400,720,240,4200,7500,8500,102,1.5,6000,0,0,0,0,0,61.07,30,65.95,55.65,56.6,0,0
2026-08-11T00:00:50.616000+09:00,2026-08-10T15:00:50.616000+00:00,094623,1655.6,1,0,0,0,0,13367,520,13367,0,0,0,0,4651,-28608,12374,6,5024,8,129,0,0,0,0,2,0,0,0,0,31082107,2018,0.3,692.46,2348.09,0,51.2,96,68.2,35.9,57.5,516.2,49.8,596.7,146.2,147.3,1053.8,361502,1610,12.74,89.9,1560,2.91,1.06,23.5,34.2,60,15.88,12175185,72420,52.14,3408.83,0,1200,400,720,240,4200,7500,8500,102,1.5,6000,0,0,0,0,0,62.79,30,54.02,57.06,56.6,0,0
2026-08-11T00:01:50.676000+09:00,2026-08-10T15:01:50.676000+00:00,094623,1907.1,1,0,0,0,0,13367,493,13367,0,0,0,0,4651,-28608,10326,6,4480,0,129,0,0,0,0,2,0,0,0,0,31082107,2018,0.33,741.29,2648.4,0,51.1,98.1,68.2,35.9,57.2,516.1,50.6,597.3,144.3,145.2,1044.8,361502,1610,12.15,91.6,1490,2.69,1.19,27.5,41.3,60,19.5,12175187,72420,58.8,3408.83,0,1200,400,720,240,4200,7500,8500,102,1.5,6000,0,0,0,0,0,66.22,30,62.5,66.15,56.6,0,0
2026-08-11T00:02:50.777000+09:00,2026-08-10T15:02:50.777000+00:00,094623,2436.0,1,0,0,0,0,13367,497,13367,0,0,0,0,4651,-28608,10326,6,4480,0,129,0,0,0,0,2,0,0,0,0,31082107,2018,0.27,898.77,3334.76,0,51.4,99.8,67.9,35.8,57.3,519.4,49.3,606.4,156.6,158.4,1054.3,361502,1610,12.69,88.7,1500,2.71,1.16,29.9,40.4,60,24.43,12175191,72420,81.41,3408.83,0,1200,400,720,240,4200,7500,8500,102,1.5,6000,0,0,0,0,0,68.35,30,72.07,61.45,56.6,0,0
2026-08-11T00:03:50.874000+09:00,2026-08-10T15:03:50.874000+00:00,094623,1782.6,1,0,0,0,0,13367,500,13367,0,0,0,0,4651,-28608,10326,6,4992,0,129,0,0,0,0,2,0,0,0,0,31082107,2018,0.29,563.07,2345.65,0,51.4,96.5,67.8,35.7,57.9,522.4,49.8,606.6,159.2,161.1,1068.5,361503,1611,12.71,88.5,1510,2.77,1.12,23.6,35.4,60,13.41,12175194,72420,63.29,3408.83,0,1200,400,720,240,4200,7500,8500,102,1.5,6000,0,0,0,0,0,60.8,30,54.67,50.95,56.6,0,0
2026-08-11T00:04:50.970000+09:00,2026-08-10T15:04:50.970000+00:00,094623,1400.5,1,0,0,0,0,13367,494,13367,0,0,0,0,4651,-28608,10326,6,4992,0,129,0,0,0,0,0,0,0,0,0,31082107,2018,0.41,525.22,1925.72,0,51.3,98,68,35.8,57.7,520.5,51.2,597.8,147.9,148.8,1071.6,361503,1611,12.7,90.2,1470,2.75,1.06,21.8,34.8,60,11.52,12175196,72420,54.27,3408.84,0,1200,400,720,240,4200,7500,8500,102,1.5,6000,0,0,0,0,0,60.14,30,57.77,54.58,56.6,0,0
2026-08-11T00:05:51.074000+09:00,2026-08-10T15:05:51.074000+00:00,094623,2234.6,1,0,0,0,0,13367,494,13367,0,0,0,0,4655,-28608,8278,6,4480,0,129,0,0,0,0,0,0,0,0,0,31082107,2018,0.3,954.92,3189.49,0,51.3,97.7,68.1,35.8,57.4,512.7,49.9,598.4,149.2,150.1,1077.8,361503,1611,12.71,93.2,1490,2.69,1.2,29.1,39.7,60,20.68,12175199,72420,64.17,3408.84,0,1200,400,720,240,4200,7500,8500,102,1.5,6000,0,0,0,0,0,66.63,30,61.83,72.46,56.6,0,0
2026-08-11T00:06:51.145000+09:00,2026-08-10T15:06:51.145000+00:00,094623,1605.6,1,0,0,0,0,13367,500,13367,0,0,0,0,4655,-28608,10326,6,4992,0,129,0,0,0,0,2,0,0,0,0,31082107,2018,0.21,483.72,2089.3,0,51.6,98.6,68.3,35.8,57.9,522.6,51.4,604.9,156,157.5,1047,361503,1611,12.65,87.7,1510,2.78,1.12,23.3,37.2,60,12.94,12175202,72420,78.29,3408.84,0,1200,400,720,240,4200,7500,8500,102,1.5,6000,0,0,0,0,0,62.32,30,61.82,50.92,56.6,0,0
2026-08-11T00:07:51.233000+09:00,2026-08-10T15:07:51.233000+00:00,094623,1390.7,1,0,0,0,0,13367,490,13367,0,0,0,0,4651,-28608,10326,6,4992,0,129,0,0,0,0,2,0,0,0,0,31082107,2018,0.36,492.26,1882.99,0,51.3,97.2,68.1,35.9,57.6,521.3,51,596,145.5,146.3,1044.5,361503,1611,12.9,90,1480,2.72,1.09,22,36.1,60,11.24,12175204,72420,47.44,3408.84,0,1200,400,720,240,4200,7500,8500,102,1.5,6000,0,0,0,0,0,61.1,30,54.48,54.59,56.6,0,0
2026-08-11T00:08:51.332000+09:00,2026-08-10T15:08:51.332000+00:00,094623,2306.6,1,0,0,0,0,13367,494,13367,0,0,0,0,4651,-28608,10326,518,4480,0,129,0,0,0,0,0,0,0,0,0,31082107,2018,0.31,919.52,3226.11,0,51.3,97.7,67.7,35.9,57.2,513.3,57.3,598.6,146.6,147.5,1070,361503,1611,12.73,93.4,1490,2.69,1.21,29.3,40.3,60,21.16,12175206,72420,62.81,3408.84,0,1200,400,720,240,4200,7500,8500,102,1.5,6000,0,0,0,0,0,65.92,30,62.42,73.01,56.5,0,0
2026-08-11T00:09:51.415000+09:00,2026-08-10T15:09:51.415000+00:00,094623,1581.2,1,0,0,0,0,13367,497,13367,0,0,0,0,4655,-28608,10326,6,4992,0,129,0,0,0,0,2,0,0,0,0,31082107,2018,0.21,469.07,2050.23,0,51.6,99.4,68.1,35.8,57.7,519.9,52.9,603.1,154.6,156,1090,361504,1612,12.26,87.8,1450,2.77,1.43,23.9,37.4,60,12.38,12175210,72420,76.4,3408.84,0,1200,400,720,240,4200,7500,8500,102,1.5,6000,0,0,0,0,0,61.15,30,63.81,50.91,56.6,0,0
2026-08-11T00:10:51.490000+09:00,2026-08-10T15:10:51.490000+00:00,094623,1333.3,1,0,0,0,0,13367,497,13367,0,0,0,0,4651,-28608,18518,6,4992,528,129,0,0,0,0,2,0,0,0,0,31082107,2018,0.36,200.51,1533.86,0,51.2,96.8,68.3,35.8,57.6,521.4,52.7,597.2,146.4,147.4,1052.9,361504,1612,12.77,89.5,1470,2.77,0.86,23.2,36.9,60,11.08,12175212,72420,48.76,3408.84,0,1200,400,720,240,4200,7500,8500,102,1.5,6000,0,0,0,0,0,61.58,30,53.89,53.3,56.5,0,0
2026-08-11T00:11:51.626000+09:00,2026-08-10T15:11:51.626000+00:00,094623,2423.8,1,0,0,0,0,13367,494,13367,0,0,0,0,4655,-26560,10326,6,4480,0,129,0,0,0,0,0,0,0,0,0,31082107,2018,0.32,1036.71,3460.49,0,51.2,98,67.9,35.8,57.2,512.6,56.6,600.1,149.3,150.4,1056.8,361504,1612,12.32,93.6,1490,2.7,1.21,30.3,40,60,22.62,12175214,72420,60.25,3408.84,0,1200,400,720,240,4200,7500,8500,102,1.5,6000,0,0,0,0,0,67.36,30,64.1,74.06,56.5,0,0
2026-08-11T00:12:51.728000+09:00,2026-08-10T15:12:51.728000+00:00,094623,1915.6,1,0,0,0,0,13367,523,13367,0,0,0,0,4655,-26560,10390,590,21376,8192,129,0,0,0,0,2,0,0,0,0,31082107,2018,0.24,724.2,2639.85,0,51.6,99.7,68,35.7,57.8,515.3,54.3,602.4,155.2,157,1031.3,361504,1612,12.79,87.9,1570,2.93,1.05,24.6,34.1,60,12.36,12175217,72420,76.64,3408.84,0,1200,400,720,240,4200,7500,8500,102,1.5,6000,0,0,0,0,0,63.94,30,67.89,54.03,56.5,0,0
2026-08-11T00:13:51.799000+09:00,2026-08-10T15:13:51.799000+00:00,094623,1766.7,1,0,0,0,0,13367,517,13367,0,0,0,0,4655,-28608,8278,6,4992,8,129,0,0,0,0,2,0,0,0,0,31082107,2018,0.33,654.62,2421.34,0,51.1,96.3,68.2,35.7,57.6,520.8,53.7,594.4,144.6,145.6,1014.9,361504,1612,12.69,90.1,1580,2.89,1.11,25.3,37.7,60,10.17,12175219,72420,50.56,3408.85,0,1200,400,720,240,4200,7500,8500,102,1.5,6000,0,0,0,0,0,63.95,30,55.12,57.84,56.5,0,0
2026-08-11T00:14:51.890000+09:00,2026-08-10T15:14:51.890000+00:00,094623,2317.6,1,0,0,0,0,13367,497,13367,0,0,0,0,4651,-28608,10342,6,12676,0,129,0,0,0,0,2,0,0,0,0,31082107,2018,0.32,963.47,3281.04,0,51.1,97.9,67.8,35.8,57.1,514.2,52.1,596.8,148,149.2,1036.6,361504,1612,12.2,93,1500,2.7,1.19,29.7,40.6,60,23,12175222,72420,65.11,3408.85,0,1200,400,720,240,4200,7500,8500,102,1.5,6000,0,0,0,0,0,67.56,30,64.36,72.81,56.5,0,0
2026-08-11T00:15:51.965000+09:00,2026-08-10T15:15:51.965000+00:00,094623,1638.8,1,0,0,0,0,13367,499,13367,0,0,0,0,4651,-28608,18518,6,4992,528,129,0,0,0,0,2,0,0,0,0,31082107,2018,0.23,0,1638.84,0,51.5,99.2,67.8,35.7,57.7,517.3,51.1,603.1,157.1,158.9,1049.2,361505,1613,12.86,87.8,1500,2.78,1.13,23.6,34.6,60,12.42,12175225,72420,78.63,3408.85,0,1200,400,720,240,4200,7500,8500,102,1.5,6000,0,0,0,0,0,60.45,30,63.61,50.63,56.5,0,0
2026-08-11T00:16:52.076000+09:00,2026-08-10T15:16:52.076000+00:00,094623,1571.4,1,0,0,0,0,13367,498,13367,0,0,0,0,4655,-28608,10326,6,4992,0,129,0,0,0,0,2,0,0,0,0,31082107,2018,0.33,624.1,2195.5,0,51.1,96.8,68.2,35.8,57.7,518,52.2,597.5,149.5,150.8,1048.7,361505,1613,12.65,90.5,1500,2.78,1.14,23.2,35.8,60,11.37,12175227,72420,48.8,3408.85,0,1200,400,720,240,4200,7500,8500,102,1.5,6000,0,0,0,0,0,61.07,30,53.98,56.37,56.4,0,0
2026-08-11T00:17:52.163000+09:00,2026-08-10T15:17:52.163000+00:00,094623,2346.9,1,0,0,0,0,13367,496,13367,0,0,0,0,4651,-28608,10326,6,4480,0,129,0,0,0,0,2,0,0,0,0,31082107,2018,0.31,967.13,3314,0,51.2,97.9,68.1,35.8,57.4,511.1,49.9,598.1,151,152.4,1052.3,361505,1613,12.67,92.7,1490,2.71,1.18,29.4,39.6,60,22.51,12175230,72420,63.63,3408.85,0,1200,400,720,240,4200,7500,8500,102,1.5,6000,0,0,0,0,0,67.92,30,64.06,71.49,56.5,0,0
2026-08-11T00:18:52.266000+09:00,2026-08-10T15:18:52.266000+00:00,094623,1678.8,1,0,0,0,0,13367,499,13367,0,0,0,0,4651,-28608,12374,6,5024,72,129,0,0,0,0,2,0,0,0,0,31082107,2018,0.24,604.57,2283.39,0,51.5,99.1,68,35.7,57.9,519.4,49.3,604.7,157.2,159,1044.9,361505,1613,12.63,88,1500,2.79,1.12,23.5,35.7,60,12.76,12175233,72420,81.3,3408.85,0,1200,400,720,240,4200,7500,8500,102,1.5,6000,0,0,0,0,0,61.49,30,63.3,51.57,56.5,0,0
2026-08-11T00:19:52.414000+09:00,2026-08-10T15:19:52.414000+00:00,094623,1475.0,1,0,0,0,0,13367,495,13367,0,0,0,0,4651,-28608,10326,6,4992,0,129,0,0,0,0,2,0,0,0,0,31082107,2018,0.32,547.2,2022.16,0,51.2,96.9,68.1,35.8,57.7,520.1,50.1,600.3,147.8,149,1060.8,361505,1613,12.29,90.8,1490,2.76,1.12,22.8,36.3,60,11.14,12175235,72420,50.58,3408.85,0,1200,400,720,240,4200,7500,8500,102,1.5,6000,0,0,0,0,0,61.12,30,54.18,57.65,56.5,0,0
2026-08-11T00:20:52.452000+09:00,2026-08-10T15:20:52.452000+00:00,094623,2294.4,1,0,0,0,0,13367,495,13367,0,0,0,0,4651,-28608,18518,6,4480,528,129,0,0,0,0,2,0,0,0,0,31082107,2018,0.32,947.6,3241.98,0,51.1,98.1,68,35.8,57.3,512.3,49.8,603.3,149.5,150.4,1129.1,361505,1613,12.65,92.3,1500,2.71,1.19,29.4,40.1,60,21.98,12175237,72420,62.84,3408.85,0,1200,400,720,240,4200,7500,8500,102,1.5,6000,0,0,0,0,0,67.53,30,64.26,70.23,56.4,0,0
2026-08-11T00:21:52.546000+09:00,2026-08-10T15:21:52.546000+00:00,094623,2368.8,1,0,0,0,0,13367,495,13367,0,0,0,0,4651,-28608,10326,6,4480,0,129,0,0,0,0,2,0,0,0,0,31082107,2018,0.28,945.16,3314,0,51.5,98.8,68,35.7,57.8,520.6,50.6,608.7,160.3,161.8,1075.9,361506,1614,12.65,88,1490,2.7,1.14,29.2,39.7,60,24.47,12175241,72420,79.52,3408.85,0,1200,400,720,240,4200,7500,8500,102,1.5,6000,0,0,0,0,0,68.81,30,69.44,58.79,56.5,0,0
2026-08-11T00:22:52.638000+09:00,2026-08-10T15:22:52.638000+00:00,094623,2492.1,1,0,0,0,0,13367,495,13367,0,0,0,0,4651,-28608,10326,6,4480,0,129,0,0,0,0,2,0,0,0,0,31082107,2018,0.34,1023.29,3515.43,0,51.4,96.4,67.9,35.7,58.1,523.2,50.2,609.1,162.2,163.7,1093.9,361506,1614,12.77,88.9,1490,2.69,1.16,29.6,39.3,60,24.51,12175245,72420,66.54,3408.86,0,1200,400,720,240,4200,7500,8500,102,1.5,6000,0,0,0,0,0,68.57,30,60.52,58.6,56.4,0,0
2026-08-11T00:23:52.753000+09:00,2026-08-10T15:23:52.753000+00:00,094623,1590.9,1,0,0,0,0,13367,509,13367,0,0,0,0,4651,-28608,12374,6,5024,72,129,0,0,0,0,2,0,0,0,0,31082107,2018,0.37,571.61,2162.54,0,51.6,98.6,67.6,35.6,58.3,521.6,51.4,605,157.4,158.5,1056.1,361506,1614,12.79,90.5,1520,2.86,1.02,21.6,32,60,11.97,12175249,72420,66.58,3408.86,0,1200,400,720,240,4200,7500,8500,102,1.5,6000,0,0,0,0,0,59.45,30,59.11,55.21,56.4,0,0
2026-08-11T00:24:52.849000+09:00,2026-08-10T15:24:52.849000+00:00,094623,1633.7,1,0,0,0,0,13367,516,13367,0,0,0,0,4651,-28608,10326,590,4992,8192,129,0,0,0,0,2,0,0,0,0,31082107,2018,0.36,685.14,2318.8,0,51.5,97.9,68.1,35.7,58.1,515.4,53.4,598.6,151.8,152.9,1031.8,361506,1614,12.09,91,1550,2.9,1.03,22.3,31.6,60,12.7,12175251,72420,62.8,3408.86,0,1200,400,720,240,4200,7500,8500,102,1.5,6000,0,0,0,0,0,60.85,30,56.74,58.49,56.4,0,0
2026-08-11T00:25:52.928000+09:00,2026-08-10T15:25:52.928000+00:00,094623,2376.2,1,0,0,0,0,13367,496,13367,0,0,0,0,4651,-28608,18518,6,4480,528,129,0,0,0,0,2,0,0,0,0,31082107,2018,0.29,974.46,3350.63,0,51.4,98.8,68.4,35.7,57.9,513.2,51.4,602.5,155.5,156.8,1046.5,361506,1614,11.75,90.7,1490,2.7,1.16,29.5,39.5,60,23.44,12175253,72420,70.48,3408.86,0,1200,400,720,240,4200,7500,8500,102,1.5,6000,0,0,0,0,0,69.3,30,67.57,67.16,56.4,0,0
2026-08-11T00:26:53.042000+09:00,2026-08-10T15:26:53.042000+00:00,094623,2396.9,1,0,0,0,0,13367,497,13367,0,0,0,0,4651,-28608,10326,6,4480,0,129,0,0,0,0,2,0,0,0,0,31082107,2018,0.32,913.42,3310.34,0,51.7,98.3,68.1,35.7,58.3,522.2,51.5,611,162.3,163.9,1071,361506,1614,12.82,87.9,1500,2.7,1.13,29.2,39.7,60,24.52,12175257,72420,73.11,3408.86,0,1200,400,720,240,4200,7500,8500,102,1.5,6000,0,0,0,0,0,69.38,30,67.82,57.59,56.4,0,0
2026-08-11T00:27:53.126000+09:00,2026-08-10T15:27:53.126000+00:00,094623,2432.3,1,0,0,0,0,13367,496,13367,0,0,0,0,4651,-28608,10326,6,4480,0,129,0,0,0,0,2,0,0,0,0,31082107,2018,0.34,834.07,3266.4,0,51.7,97,67.8,35.6,58.5,526.4,51,610.7,162.5,163.9,1061,361507,1615,12.97,89.5,1500,2.69,1.16,29.4,40.6,60,24.47,12175261,72420,70.78,3408.86,0,1200,400,720,240,4200,7500,8500,102,1.5,6000,0,0,0,0,0,68.38,30,63.28,60.19,56.4,0,0
2026-08-11T00:28:53.232000+09:00,2026-08-10T15:28:53.232000+00:00,094623,2101.2,1,0,0,0,0,13367,501,13367,0,0,0,0,4651,-28608,12374,6,5024,72,129,0,0,0,0,0,0,0,0,0,31082107,2018,0.37,698.57,2799.77,0,51.8,98,67.5,35.6,58.7,525.3,49.8,612.2,164.8,166.4,1083,361507,1615,12.87,91,1510,2.75,1.1,25,34.9,60,15.93,12175265,72420,72.59,3408.86,0,1200,400,720,240,4200,7500,8500,102,1.5,6000,0,0,0,0,0,61.48,30,59.6,59.98,56.4,0,0
2026-08-11T00:29:53.322000+09:00,2026-08-10T15:29:53.322000+00:00,094623,1532.3,1,0,0,0,0,13367,498,13367,0,0,0,0,4651,-28608,10390,6,21376,0,129,0,0,0,0,0,0,0,0,0,31082107,2018,0.34,520.34,2052.67,0,51.8,97.4,68.2,35.6,58.6,523.2,50.1,603.3,153.4,154.4,1075.4,361507,1615,12.53,90.6,1500,2.76,1.14,23,36.6,60,11.32,12175267,72420,66.09,3408.86,0,1200,400,720,240,4200,7500,8500,102,1.5,6000,0,0,0,0,0,60.82,30,55.7,57.44,56.4,0,0
2026-08-11T00:30:53.405000+09:00,2026-08-10T15:30:53.405000+00:00,094623,1984.0,1,0,0,0,0,13367,492,13367,0,0,0,0,4651,-28608,18518,6,4480,16,129,0,0,0,0,0,0,0,0,0,31082107,2018,0.29,829.19,2813.2,0,51.7,98.4,68.5,35.6,58.2,515.4,49.9,602.1,151,152,1069,361507,1615,12.63,91.8,1480,2.69,1.2,27,38.9,60,16.59,12175269,72420,61.66,3408.86,0,1200,400,720,240,4200,7500,8500,102,1.5,6000,0,0,0,0,0,65.92,30,61.66,66.56,56.4,0,0
2026-08-11T00:31:53.490000+09:00,2026-08-10T15:31:53.490000+00:00,094623,1827.8,1,0,0,0,0,13367,499,13367,0,0,0,0,4651,-28608,10390,6,21376,0,129,0,0,0,0,2,0,0,0,0,31082107,2018,0.23,597.25,2425,0,51.9,99,68.2,35.6,58.5,520.9,50.7,609.5,161.6,163.5,1047.4,361507,1615,12.73,88.9,1500,2.76,1.11,23.9,35.2,60,14.19,12175273,72420,77.3,3408.87,0,1200,400,720,240,4200,7500,8500,102,1.5,6000,0,0,0,0,0,63.44,30,63.48,55.79,56.3,0,0
2026-08-11T00:32:53.593000+09:00,2026-08-10T15:32:53.593000+00:00,094623,1562.8,1,0,0,0,0,13367,520,13367,0,0,0,0,4651,-28608,10326,6,4992,0,129,0,0,0,0,2,0,0,0,0,31082107,2018,0.33,613.12,2175.97,0,51.6,96.4,68.2,35.6,58.3,519.5,51.8,598.1,148.3,149.1,1039.1,361507,1615,12.8,89.9,1560,2.9,1.05,23,35.2,60,17.2,12175275,72420,53.64,3408.87,0,1200,400,720,240,4200,7500,8500,102,1.5,6000,0,0,0,0,0,64.33,30,54.75,58,56.3,0,0
2026-08-11T00:33:53.674000+09:00,2026-08-10T15:33:53.674000+00:00,094623,2071.0,1,0,0,0,0,13367,494,13367,0,0,0,0,4651,-28608,12390,6,12708,8,129,0,0,0,0,2,0,0,0,0,31082107,2018,0.34,825.53,2896.51,0,51.5,98.7,67.9,35.6,57.8,515.6,52,598,147.9,148.8,1063.7,361508,1616,12.75,92.1,1490,2.68,1.21,28.1,40.3,60,18.98,12175277,72420,61.29,3408.87,0,1200,400,720,240,4200,7500,8500,102,1.5,6000,0,0,0,0,0,66.54,30,64.42,68.69,56.3,0,0
2026-08-11T00:34:53.752000+09:00,2026-08-10T15:34:53.752000+00:00,094623,1770.4,1,0,0,0,0,13367,499,13367,0,0,0,0,4651,-28608,10326,6,4992,0,129,0,0,0,0,2,0,0,0,0,31082107,2018,0.22,628.99,2399.36,0,51.7,99.5,67.9,35.6,58.1,521.5,50.2,607.5,159.4,161.1,1054,361508,1616,12.67,88.1,1500,2.77,1.11,23.9,35.8,60,14.1,12175280,72420,78.63,3408.87,0,1200,400,720,240,4200,7500,8500,102,1.5,6000,0,0,0,0,0,62.67,30,65.24,53.38,56.3,0,0
2026-08-11T00:35:53.852000+09:00,2026-08-10T15:35:53.852000+00:00,094623,1789.9,1,0,0,0,0,13367,522,13367,0,0,0,0,4651,-28608,10326,6,4992,0,129,0,0,0,0,2,0,0,0,0,31082107,2018,0.36,836.51,2626.42,0,51.3,96.4,68.1,35.6,58,516.6,51.1,598.7,149.2,150.2,1035.2,361508,1616,12.82,89.8,1570,2.91,1.09,24.6,34.3,60,16.89,12175282,72420,51.14,3408.87,0,1200,400,720,240,4200,7500,8500,102,1.5,6000,0,0,0,0,0,64.61,30,55.52,57.62,56.3,0,0
2026-08-11T00:36:53.933000+09:00,2026-08-10T15:36:53.933000+00:00,094623,1954.7,1,0,0,0,0,13367,493,13367,0,0,0,0,4651,-28608,10326,6,4480,0,129,0,0,0,0,0,0,0,0,0,31082107,2018,0.36,776.7,2731.41,0,51.2,98.3,67.9,35.7,57.7,515.4,51.7,597.9,148.5,149.6,1058.4,361508,1616,12.63,92.9,1490,2.69,1.18,27.5,40.9,60,19.15,12175285,72420,61.2,3408.87,0,1200,400,720,240,4200,7500,8500,102,1.5,6000,0,0,0,0,0,66.25,30,63.44,70.57,56.3,0,0
2026-08-11T00:37:54.037000+09:00,2026-08-10T15:37:54.037000+00:00,094623,2437.2,1,0,0,0,0,13367,497,13367,0,0,0,0,4651,-28608,10326,6,4480,0,129,0,0,0,0,2,0,0,0,0,31082107,2018,0.23,1014.74,3451.95,0,51.6,99.6,67.9,35.6,57.9,520.1,49.9,607.4,159.7,161.4,1061.8,361508,1616,12.63,88.1,1500,2.7,1.17,29.9,40,60,24.53,12175289,72420,82.65,3408.87,0,1200,400,720,240,4200,7500,8500,102,1.5,6000,0,0,0,0,0,69.07,30,71.99,60.01,56.3,0,0
2026-08-11T00:38:54.136000+09:00,2026-08-10T15:38:54.136000+00:00,094623,1807.0,1,0,0,0,0,13367,499,13367,0,0,0,0,4651,-28608,8278,6,4992,0,129,0,0,0,0,2,0,0,0,0,31082107,2018,0.27,696.13,2503.13,0,51.5,96.4,67.8,35.5,58.4,521.4,50.4,607.9,160.6,162.4,1056.3,361508,1616,12.76,88.5,1510,2.77,1.15,24.1,35.3,60,12.8,12175292,72420,62.69,3408.87,0,1200,400,720,240,4200,7500,8500,102,1.5,6000,0,0,0,0,0,61.38,30,54.06,50.82,56.3,0,0
2026-08-11T00:39:54.225000+09:00,2026-08-10T15:39:54.225000+00:00,094623,1449.3,1,0,0,0,0,13367,490,13367,0,0,0,0,4651,-28608,10326,6,4992,0,129,0,0,0,0,0,0,0,0,0,31082107,2018,0.42,527.67,1976.99,0,51.4,97.9,67.9,35.5,58.2,521.1,50.7,601,151.7,152.8,1037.3,361509,1617,12.67,90.9,1480,2.72,1.11,22.6,35.8,60,11.15,12175294,72420,56.75,3408.87,0,1200,400,720,240,4200,7500,8500,102,1.5,6000,0,0,0,0,0,60.52,30,57.52,56.65,56.2,0,0
2026-08-11T00:40:54.325000+09:00,2026-08-10T15:40:54.325000+00:00,094623,2260.2,1,0,0,0,0,13367,495,13367,0,0,0,0,4655,-28608,10326,6,4480,0,129,0,0,0,0,0,0,0,0,0,31082107,2018,0.24,979.34,3239.54,0,51.4,98,68.2,35.6,57.9,513,50.6,602.4,150.9,151.8,1056.4,361509,1617,12.84,92.6,1500,2.69,1.2,29.4,40.2,60,21.17,12175296,72420,69.37,3408.88,0,1200,400,720,240,4200,7500,8500,102,1.5,6000,0,0,0,0,0,67.95,30,63.31,71.84,56.3,0,0
2026-08-11T00:41:54.420000+09:00,2026-08-10T15:41:54.420000+00:00,094623,1583.6,1,0,0,0,0,13367,499,13367,0,0,0,0,4651,-28608,10326,6,4992,0,129,0,0,0,0,2,0,0,0,0,31082107,2018,0.2,484.94,2068.54,0,51.6,98,68.1,35.5,58.2,522.9,49.6,606.1,157.2,158.9,1058.6,361509,1617,12.8,87.6,1500,2.78,1.12,23.1,37.1,60,13.02,12175300,72420,76.43,3408.88,0,1200,400,720,240,4200,7500,8500,102,1.5,6000,0,0,0,0,0,62.35,30,60.03,50.57,56.3,0,0
2026-08-11T00:42:54.512000+09:00,2026-08-10T15:42:54.512000+00:00,094623,1417.6,1,0,0,0,0,13367,492,13367,0,0,0,0,4651,-28608,10326,6,4992,0,129,0,0,0,0,2,0,0,0,0,31082107,2018,0.37,498.37,1915.95,0,51.3,96.8,68,35.6,57.9,523,52.8,598.8,146.2,147,1064.5,361509,1617,12.62,89.2,1490,2.74,1.12,22.5,37.1,60,11.08,12175302,72420,49.06,3408.88,0,1200,400,720,240,4200,7500,8500,102,1.5,6000,0,0,0,0,0,61.25,30,53.13,52.24,56.2,0,0
2026-08-11T00:43:54.627000+09:00,2026-08-10T15:43:54.627000+00:00,094623,2304.1,1,0,0,0,0,13367,495,13367,0,0,0,0,4655,-26560,18518,590,4480,8720,129,0,0,0,0,0,0,0,0,0,31082107,2018,0.33,972.01,3276.16,0,51.2,98.4,67.7,35.6,57.5,512.7,51.6,601.9,149.2,150.5,1050.1,361509,1617,12.85,93.7,1490,2.7,1.2,29.4,40,60,20.96,12175304,72420,59.98,3408.88,0,1200,400,720,240,4200,7500,8500,102,1.5,6000,0,0,0,0,0,66.58,30,64.54,73.91,56.2,0,0
2026-08-11T00:44:54.694000+09:00,2026-08-10T15:44:54.694000+00:00,094623,1732.5,1,0,0,0,0,13367,501,13367,0,0,0,0,4651,-28608,10326,6,4992,0,129,0,0,0,0,2,0,0,0,0,31082107,2018,0.22,552.08,2284.62,0,51.6,99.3,68.1,35.5,58,519.6,50.9,606.1,157.6,159.5,1060.3,361509,1617,12.56,87.8,1510,2.79,1.12,23.6,35.9,60,12.78,12175307,72420,81.13,3408.88,0,1200,400,720,240,4200,7500,8500,102,1.5,6000,0,0,0,0,0,61.96,30,63.9,51.33,56.2,0,0
2026-08-11T00:45:54.791000+09:00,2026-08-10T15:45:54.791000+00:00,094623,1428.6,1,0,0,0,0,13367,491,13367,0,0,0,0,4651,-28608,10326,6,4992,0,129,0,0,0,0,2,0,0,0,0,31082107,2018,0.34,480.06,1908.63,0,51.2,96.6,68.2,35.6,57.9,520.9,51.2,597.8,147.9,149.1,1038.9,361510,1618,12.27,90.1,1480,2.73,1.11,22.3,36.5,60,11.21,12175310,72420,49.33,3408.88,0,1200,400,720,240,4200,7500,8500,102,1.5,6000,0,0,0,0,0,61.57,30,53.19,54.93,56.2,0,0
2026-08-11T00:46:54.892000+09:00,2026-08-10T15:46:54.892000+00:00,094623,2307.8,1,0,0,0,0,13367,495,13367,0,0,0,0,4651,-28608,8278,6,4480,8,129,0,0,0,0,0,0,0,0,0,31082107,2018,0.34,954.92,3262.73,0,51.2,98.2,67.9,35.6,57.5,512,51.9,602.2,149.4,150.9,1048.3,361510,1618,12.71,93.1,1490,2.69,1.2,29.5,40.1,60,21.46,12175312,72420,61.83,3408.88,0,1200,400,720,240,4200,7500,8500,102,1.5,6000,0,0,0,0,0,67.26,30,64.28,72.06,56.2,0,0
2026-08-11T00:47:54.976000+09:00,2026-08-10T15:47:54.976000+00:00,094623,2468.9,1,0,0,0,0,13367,497,13367,0,0,0,0,4651,-28608,10326,6,4480,0,129,0,0,0,0,2,0,0,0,0,31082107,2018,0.26,967.13,3436.08,0,51.6,99.4,68,35.5,58,518.5,50.4,610.3,162.3,164.5,1043.7,361510,1618,12.8,87.8,1500,2.71,1.15,29.8,39.7,60,24.57,12175316,72420,83.29,3408.88,0,1200,400,720,240,4200,7500,8500,102,1.5,6000,0,0,0,0,0,69.08,30,71.56,58.65,56.2,0,0
2026-08-11T00:48:55.072000+09:00,2026-08-10T15:48:55.072000+00:00,094623,2316.4,1,0,0,0,0,13367,502,13367,0,0,0,0,4655,-28608,18582,6,21376,528,129,0,0,0,0,2,0,0,0,0,31082107,2018,0.31,934.17,3250.53,0,51.5,96.1,68,35.5,58.5,520,53.7,611.6,165.4,167.6,1054,361510,1618,12.75,88.7,1510,2.76,1.12,26.5,34.7,60,18.59,12175320,72420,64.61,3408.88,0,1200,400,720,240,4200,7500,8500,102,1.5,6000,0,0,0,0,0,65.36,30,56.41,54,56.2,0,0
2026-08-11T00:49:55.157000+09:00,2026-08-10T15:49:55.157000+00:00,094623,1500.6,1,0,0,0,0,13367,500,13367,0,0,0,0,4651,-28608,10326,518,4992,0,129,0,0,0,0,0,0,0,0,0,31082107,2018,0.4,636.31,2136.91,0,51.5,98.7,68,35.5,58.5,517.5,51.8,604.9,154.7,155.9,1066.4,361510,1618,12.63,90.4,1490,2.78,1.05,21.8,32.5,60,10.91,12175322,72420,56.7,3408.89,0,1200,400,720,240,4200,7500,8500,102,1.5,6000,0,0,0,0,0,61.07,30,60.04,54.56,56.2,0,0
2026-08-11T00:50:55.255000+09:00,2026-08-10T15:50:55.255000+00:00,094623,1630.0,1,0,0,0,0,13367,494,13367,0,0,0,0,4655,-28608,10390,6,20864,0,129,0,0,0,0,0,0,0,0,0,31082107,2018,0.3,559.4,2189.4,0,51.4,97.2,68.3,35.5,58.2,518.2,51,601,149.7,151,1032.9,361510,1618,12.63,93.5,1490,2.73,1.17,24.9,39.5,60,14.07,12175324,72420,64.1,3408.89,0,1200,400,720,240,4200,7500,8500,102,1.5,6000,0,0,0,0,0,64.06,30,56.34,68.96,56.1,0,0
2026-08-11T00:51:55.336000+09:00,2026-08-10T15:51:55.336000+00:00,094623,2332.2,1,0,0,0,0,13367,497,13367,0,0,0,0,4651,-28608,12374,6,4512,72,129,0,0,0,0,2,0,0,0,0,31082107,2018,0.33,908.54,3240.76,0,51.5,99.5,68.1,35.5,58.1,520.1,50.8,609.9,158.3,160.3,1075.9,361511,1619,12.64,88.3,1500,2.7,1.16,29.6,41,60,24.5,12175328,72420,76.37,3408.89,0,1200,400,720,240,4200,7500,8500,102,1.5,6000,0,0,0,0,0,69.94,30,70.36,60.21,56.2,0,0
2026-08-11T00:52:55.424000+09:00,2026-08-10T15:52:55.424000+00:00,094623,2544.6,1,0,0,0,0,13367,496,13367,0,0,0,0,4651,-28608,10342,6,12676,0,129,0,0,0,0,2,0,0,0,0,31082107,2018,0.31,993.99,3538.62,0,51.5,97,67.6,35.5,58.4,522.4,51.8,611.2,163.2,165.1,1064.6,361511,1619,12.84,88.3,1500,2.7,1.16,29.9,39.4,60,24.55,12175332,72420,68.68,3408.89,0,1200,400,720,240,4200,7500,8500,102,1.5,6000,0,0,0,0,0,68.27,30,63.51,56.72,56.1,0,0
2026-08-11T00:53:55.531000+09:00,2026-08-10T15:53:55.531000+00:00,094623,1544.5,1,0,0,0,0,13367,497,13367,0,0,0,0,4651,-28608,18518,6,4992,528,129,0,0,0,0,2,0,0,0,0,31082107,2018,0.37,522.78,2067.32,0,51.6,98.2,67.5,35.4,58.6,525.4,50.3,605.6,156.1,157.6,1078.7,361511,1619,12.69,91.1,1500,2.74,1.14,22.9,36.6,60,11.21,12175335,72420,62.24,3408.89,0,1200,400,720,240,4200,7500,8500,102,1.5,6000,0,0,0,0,0,59.11,30,57.9,56.93,56.2,0,0
2026-08-11T00:54:55.631000+09:00,2026-08-10T15:54:55.631000+00:00,094623,1509.1,1,0,0,0,0,13367,495,13367,0,0,0,0,4655,-28608,10326,6,4992,0,129,0,0,0,0,2,0,0,0,0,31082107,2018,0.3,633.87,2143.01,0,51.5,97.4,68.2,35.5,58.3,520.7,53.4,599.7,150.5,151.7,1053.1,361511,1619,12.79,92.9,1490,2.74,1.14,23.2,35.7,60,11.21,12175337,72420,62.81,3408.89,0,1200,400,720,240,4200,7500,8500,102,1.5,6000,0,0,0,0,0,60.88,30,55.38,65.09,56.1,0,0
2026-08-11T00:55:55.731000+09:00,2026-08-10T15:55:55.731000+00:00,094623,2483.6,1,0,0,0,0,13367,497,13367,0,0,0,0,4651,-28608,10326,6,4480,0,129,0,0,0,0,2,0,0,0,0,31082107,2018,0.26,1086.76,3570.36,0,51.5,99.1,68.4,35.5,58.2,512.6,52,608,156.8,158.4,1060.2,361511,1619,12.81,88.3,1500,2.7,1.16,30.1,39.1,60,24.05,12175339,72420,69.4,3408.89,0,1200,400,720,240,4200,7500,8500,102,1.5,6000,0,0,0,0,0,69.86,30,69.05,59.87,56.1,0,0
2026-08-11T00:56:55.824000+09:00,2026-08-10T15:56:55.824000+00:00,094623,2536.1,1,0,0,0,0,13367,497,13367,0,0,0,0,4655,-26560,12374,6,4512,72,129,0,0,0,0,2,0,0,0,0,31082107,2018,0.32,993.99,3530.08,0,51.6,97.4,67.9,35.4,58.6,520.7,51.4,612.4,164.6,166.5,1073,361511,1619,12.87,88.4,1500,2.69,1.15,29.6,38.8,60,23.58,12175344,72420,69.82,3408.89,0,1200,400,720,240,4200,7500,8500,102,1.5,6000,0,0,0,0,0,68.9,30,64.88,57.47,56.1,0,0
2026-08-11T00:57:55.908000+09:00,2026-08-10T15:57:55.908000+00:00,094623,2389.6,1,0,0,0,0,13367,501,13367,0,0,0,0,4655,-26560,10326,6,4992,0,129,0,0,0,0,2,0,0,0,0,31082107,2018,0.37,942.72,3332.32,0,51.6,97.2,67.7,35.4,58.9,523.3,53.9,613.8,165.9,167.6,1071.5,361512,1620,12.62,90.8,1510,2.73,1.11,27.5,36.4,60,21.34,12175348,72420,69.9,3408.9,0,1200,400,720,240,4200,7500,8500,102,1.5,6000,0,0,0,0,0,65.84,30,60.67,62.01,56.1,0,0
2026-08-11T00:58:56.005000+09:00,2026-08-10T15:58:56.005000+00:00,094623,1954.7,1,0,0,0,0,13367,500,13367,0,0,0,0,4651,-28608,18518,6,4992,528,129,0,0,0,0,2,0,0,0,0,31082107,2018,0.35,875.58,2830.29,0,51.7,98.3,68,35.4,58.8,522,51.7,602.8,154.1,155.3,1050.7,361512,1620,12.76,90,1560,2.71,1.16,26,35.7,60,11.25,12175350,72420,66.39,3408.9,0,1200,400,720,240,4200,7500,8500,102,1.5,6000,0,0,0,0,0,60.59,30,58.49,54.75,56.1,0,0
2026-08-11T00:59:56.127000+09:00,2026-08-10T15:59:56.127000+00:00,094623,1494.5,1,0,0,0,0,13367,495,13367,0,0,0,0,4655,-28608,10326,6,4480,0,129,0,0,0,0,2,0,0,0,0,31082107,2018,0.36,556.96,2051.45,0,51.5,97.5,68.4,35.4,58.4,522.2,53.4,602,149.9,150.8,1044.6,361512,1620,12.71,92.4,1490,2.73,1.15,23.5,37.5,60,11.88,12175352,72420,59.58,3408.9,0,1200,400,720,240,4200,7500,8500,102,1.5,6000,0,0,0,0,0,62.5,30,55.55,63.84,56.1,0,0
2026-08-11T01:00:56.190000+09:00,2026-08-10T16:00:56.190000+00:00,094623,2311.5,1,0,0,0,0,13367,501,13367,0,0,0,0,4651,-28608,10326,582,4992,0,129,0,0,0,0,2,0,0,0,0,31082107,2018,0.24,908.54,3220.01,0,51.7,100.3,68.3,35.4,58.4,517.3,55.4,611.3,162.5,164.2,1087.4,361512,1620,12.71,88.6,1510,2.75,1.09,27.1,35.6,60,20.08,12175355,72420,81.44,3408.9,0,1200,400,720,240,4200,7500,8500,102,1.5,6000,0,0,0,0,0,67.6,30,70.5,59.1,56.1,0,0
2026-08-11T01:01:56.309000+09:00,2026-08-10T16:01:56.309000+00:00,094623,1703.2,1,0,0,0,0,13367,521,13367,0,0,0,0,4655,-28608,12374,6,5024,72,129,0,0,0,0,2,0,0,0,0,31082107,2018,0.3,696.13,2399.36,0,51.5,96.2,68.1,35.4,58.5,519.4,55.6,596.7,150.1,151.3,1057.8,361512,1620,12.77,89.1,1570,2.9,1.09,24.1,35.4,60,11.29,12175358,72420,55.3,3408.9,0,1200,400,720,240,4200,7500,8500,102,1.5,6000,0,0,0,0,0,64.62,30,55.18,55.17,56.1,0,0
2026-08-11T01:02:56.400000+09:00,2026-08-10T16:02:56.400000+00:00,094623,1554.3,1,0,0,0,0,13367,493,13367,0,0,0,0,4651,-28608,10326,6,4480,0,129,0,0,0,0,0,0,0,0,0,31082107,2018,0.4,639.97,2194.28,0,51.4,98.5,67.8,35.5,58,520.4,52.5,595.3,147.6,148.7,1047.8,361512,1620,12.73,91.9,1480,2.72,1.17,24,37.7,60,12.05,12175360,72420,57.79,3408.9,0,1200,400,720,240,4200,7500,8500,102,1.5,6000,0,0,0,0,0,61.9,30,59.46,62.27,56.1,0,0
2026-08-11T01:03:56.491000+09:00,2026-08-10T16:03:56.491000+00:00,094623,2459.2,1,0,0,0,0,13367,497,13367,0,0,0,0,4651,-28608,18518,6,4480,16,129,0,0,0,0,2,0,0,0,0,31082107,2018,0.24,993.99,3453.17,0,51.5,100,67.8,35.4,58.1,517.8,53.8,609.9,158.7,160.3,1059.9,361513,1621,12.77,89,1500,2.7,1.13,29.6,39,60,24.44,12175363,72420,83.82,3408.9,0,1200,400,720,240,4200,7500,8500,102,1.5,6000,0,0,0,0,0,68.64,30,72.44,63.19,56.1,0,0
2026-08-11T01:04:56.589000+09:00,2026-08-10T16:04:56.589000+00:00,094623,2498.2,1,0,0,0,0,13367,495,13367,0,0,0,0,4651,-28608,10326,6,4480,0,129,0,0,0,0,2,0,0,0,0,31082107,2018,0.28,1025.73,3523.97,0,51.5,96,68.1,35.4,58.6,522.2,51.2,612,161.3,162.8,1063.7,361513,1621,12.61,87.9,1500,2.68,1.16,29.9,39.6,60,24.47,12175367,72420,68.55,3408.9,0,1200,400,720,240,4200,7500,8500,102,1.5,6000,0,0,0,0,0,69.53,30,60.6,56.58,56,0,0
2026-08-11T01:05:56.664000+09:00,2026-08-10T16:05:56.664000+00:00,094623,1704.5,1,0,0,0,0,13367,518,13367,0,0,0,0,4651,-28608,10326,6,4992,0,129,0,0,0,0,2,0,0,0,0,31082107,2018,0.36,599.69,2304.15,0,51.5,98.8,67.8,35.4,58.8,520.6,51.5,606.2,156.5,157.8,1039.9,361513,1621,12.46,90.8,1560,2.89,1.01,22.4,32.5,60,16.51,12175370,72420,63.99,3408.9,0,1200,400,720,240,4200,7500,8500,102,1.5,6000,0,0,0,0,0,61.39,30,60.36,57.16,56,0,0
2026-08-11T01:06:56.767000+09:00,2026-08-10T16:06:56.767000+00:00,094623,1648.3,1,0,0,0,0,13367,520,13367,0,0,0,0,4651,-28608,12374,6,5024,72,129,0,0,0,0,2,0,0,0,0,31082107,2018,0.36,682.7,2331,0,51.6,97,68.2,35.4,58.5,518.4,51,600.2,148.1,149,1066,361513,1621,12.81,91.9,1560,2.9,1.06,23.2,33.9,60,16.12,12175372,72420,63.25,3408.9,0,1200,400,720,240,4200,7500,8500,102,1.5,6000,0,0,0,0,0,63.4,30,56.02,62.75,56,0,0
