timestamp_jst,timestamp_utc,deviceId,diff_pressure_Pa,unit_status1,1101,1102,1103,1104,1105,1106,1107,1108,1109,1110,1111,1112,1113,1114,1115,1116,1117,1118,1119,1150,1151,1152,1153,1154,1155,1156,1157,serial_number,1202,circulation_pressure_bar,gas_pressure_before_filter_Pa,gas_pressure_before_engine_Pa,1210,1212,1214,1216,1218,1220,1222,gasifier_top_temp_C,gas_temp_after_gasifier_C,gas_temp_before_filter_primary_C,gas_temp_before_filter_secondary_C,gasifier_throat_temp_C,1234,1236,1238,cooling_circ_temp_in_engine_C,engine,oil_pressure_bar,1246,1248,1250,1252,power_kW_IEM3255,produced_energy_EM1_Wh,1258,1260,1262,1264,throat_temp_high_limit_C,gasifier_top_temp_high_limit_C,gas_temp_after_gasifier_high_limit_C,gas_temp_before_filter_high_limit_C,filter_dp_high_limit_Pa,gas_pressure_before_filter_high_limit_Pa,gas_pressure_before_engine_high_limit_Pa,cooling_circ_temp_high_limit_C,oil_pressure_low_limit_bar,1284,1286,1288,1290,1292,1294,1296,1298,1300,1302,1304,1306,1308
2026-08-24T09:00:29.977000+09:00,2026-08-24T00:00:29.977000+00:00,094623,1739.9,1,0,0,0,0,13420,519,13420,0,0,0,0,4655,-28608,12374,6,4992,8,129,0,0,0,0,0,0,0,0,0,31082107,2018,0.33,703.45,2443.31,0,53.3,96.4,68,40.5,57.5,519.6,83.6,599.6,137.3,135.1,1019.3,364241,4349,12.51,89.5,1560,2.93,1.05,22.7,33.3,65,14.64,12220437,72610,63.08,3426.9,0,1200,400,720,240,4200,7500,8500,102,1.5,6000,0,0,0,0,0,65.76,30,57.85,58.11,57.7,0,0
2026-08-24T09:01:30.066000+09:00,2026-08-24T00:01:30.066000+00:00,094623,1865.6,1,0,0,0,0,13420,492,13420,0,0,0,0,4651,-28608,10326,6,4480,0,129,0,0,0,0,0,0,0,0,0,31082107,2018,0.4,681.48,2547.07,0,53.1,98.2,68,40.6,57.3,518.4,83.9,601.8,137.2,135.2,1012.2,364242,4350,12.7,90.8,1490,2.74,1.17,24.8,37.3,65,13.2,12220439,72610,57.07,3426.9,0,1200,400,720,240,4200,7500,8500,102,1.5,6000,0,0,0,0,0,65.76,30,61.84,62.21,57.7,0,0
2026-08-24T09:02:30.156000+09:00,2026-08-24T00:02:30.156000+00:00,094623,2127.1,1,0,0,0,0,13420,502,13420,0,0,0,0,4651,-28608,18518,6,4992,528,129,0,0,0,0,0,0,0,0,0,31082107,2018,0.32,813.32,2940.46,0,53.5,99.5,67.9,40.6,57.5,521.2,81.5,610.6,147.9,146.4,1020.5,364242,4350,12.7,89.3,1510,2.81,1.1,25,34.8,65,16.51,12220442,72610,78.17,3426.9,0,1200,400,720,240,4200,7500,8500,102,1.5,6000,0,0,0,0,0,66.93,30,68.65,60.26,57.7,0,0
2026-08-24T09:03:30.253000+09:00,2026-08-24T00:03:30.253000+00:00,094623,1601.9,1,0,0,0,0,13420,498,13420,0,0,0,0,4655,-28608,10326,6,4992,0,129,0,0,0,0,0,0,0,0,0,31082107,2018,0.34,577.71,2179.63,0,53.3,96.5,68.2,40.5,57.7,523.1,82.1,602.9,139.2,137.1,1000.2,364242,4350,12.64,89.7,1500,2.79,1.14,22.8,36.3,65,11.33,12220444,72610,58.02,3426.9,0,1200,400,720,240,4200,7500,8500,102,1.5,6000,0,0,0,0,0,65.2,30,56.48,57.41,58.2,0,0
2026-08-24T09:04:30.345000+09:00,2026-08-24T00:04:30.345000+00:00,094623,2132.0,1,0,0,0,0,13420,494,13420,0,0,0,0,4651,-28608,10326,6,4480,0,129,0,0,0,0,0,0,0,0,0,31082107,2018,0.42,858.49,2990.51,0,53.2,98.2,68.1,40.6,57.4,516.2,84.7,603.3,138.4,136.3,1017.5,364242,4350,12.62,90.8,1490,2.73,1.2,27,38.5,65,16.36,12220447,72610,58.81,3426.9,0,1200,400,720,240,4200,7500,8500,102,1.5,6000,0,0,0,0,0,68.72,30,64.08,64.51,58.2,0,0
2026-08-24T09:05:30.438000+09:00,2026-08-24T00:05:30.438000+00:00,094623,1857.1,1,0,0,0,0,13420,500,13420,0,0,0,0,4655,-26560,12374,6,5024,72,129,0,0,0,0,0,0,0,0,0,31082107,2018,0.34,648.52,2505.57,0,53.5,100.1,67.9,40.6,57.8,521.7,85.5,611.7,146.3,144.4,1038.5,364242,4350,12.68,89.3,1510,2.8,1.13,23.6,35.2,65,12.74,12220450,72610,77.89,3426.9,0,1200,400,720,240,4200,7500,8500,102,1.5,6000,0,0,0,0,0,65.36,30,68.64,58.22,58.2,0,0
2026-08-24T09:06:30.545000+09:00,2026-08-24T00:06:30.545000+00:00,094623,1619.0,1,0,0,0,0,13420,490,13420,0,0,0,0,4651,-28608,10326,6,4992,0,129,0,0,0,0,0,0,0,0,0,31082107,2018,0.34,668.05,2287.06,0,53.3,96.1,68.2,40.5,57.7,520.7,82.9,603.8,138.1,135.7,1042.5,364242,4350,12.59,90,1480,2.74,1.11,22.5,34.6,65,11.21,12220452,72610,57.99,3426.9,0,1200,400,720,240,4200,7500,8500,102,1.5,6000,0,0,0,0,0,65.53,30,55.41,58.45,58.2,0,0
2026-08-24T09:07:30.626000+09:00,2026-08-24T00:07:30.626000+00:00,094623,2449.4,1,0,0,0,0,13420,493,13420,0,0,0,0,4651,-28608,18582,6,20864,528,129,0,0,0,0,0,0,0,0,0,31082107,2018,0.4,1033.05,3482.47,0,53.2,98.3,67.9,40.5,57.5,515.7,80.1,603.5,138.6,136.5,1019.6,364243,4351,12.21,91.4,1490,2.71,1.2,29.5,40,65,21.53,12220454,72610,57.71,3426.9,0,1200,400,720,240,4200,7500,8500,102,1.5,6000,0,0,0,0,0,71.29,30,67.76,69.83,58.3,0,0
2026-08-24T09:08:30.737000+09:00,2026-08-24T00:08:30.737000+00:00,094623,2086.9,1,0,0,0,0,13420,524,13420,0,0,0,0,4651,-28608,10326,6,4992,0,129,0,0,0,0,0,0,0,0,0,31082107,2018,0.34,858.49,2945.34,0,53.6,99.3,68,40.5,57.8,521.3,83.6,604.6,140.7,138.6,1006.2,364243,4351,12.91,88.9,1580,2.91,1.09,25.2,35,65,11.27,12220457,72610,73.94,3426.91,0,1200,400,720,240,4200,7500,8500,102,1.5,6000,0,0,0,0,0,68.79,30,69.81,59.91,58.3,0,0
2026-08-24T09:09:30.814000+09:00,2026-08-24T00:09:30.814000+00:00,094623,2001.1,1,0,0,0,0,13420,522,13420,0,0,0,0,4651,-28608,10342,6,13188,0,129,0,0,0,0,0,0,0,0,0,31082107,2018,0.37,851.16,2852.26,0,53.3,96.6,68.2,40.5,57.7,521,85.6,602.5,134.6,132.5,1002.7,364243,4351,12.8,90.4,1570,2.91,1.12,25.2,35.7,65,9.72,12220459,72610,57.44,3426.91,0,1200,400,720,240,4200,7500,8500,102,1.5,6000,0,0,0,0,0,69.07,30,59.89,63.08,58.2,0,0
2026-08-24T09:10:30.900000+09:00,2026-08-24T00:10:30.900000+00:00,094623,2604.4,1,0,0,0,0,13420,496,13420,0,0,0,0,4655,-28608,12374,6,4512,72,129,0,0,0,0,0,0,0,0,0,31082107,2018,0.36,1128.27,3732.72,0,53.3,98.4,67.9,40.6,57.4,517.3,84.3,600.7,137.5,135.4,1022.2,364243,4351,12.7,91.5,1500,2.72,1.19,30.4,40.5,65,24.05,12220462,72610,63.71,3426.91,0,1200,400,720,240,4200,7500,8500,102,1.5,6000,0,0,0,0,0,73,30,69.68,72.28,58.2,0,0
2026-08-24T09:11:30.998000+09:00,2026-08-24T00:11:30.998000+00:00,094623,1761.8,1,0,0,0,0,13420,515,13420,0,0,0,0,4655,-28608,10326,590,4992,8192,129,0,0,0,0,0,0,0,0,0,31082107,2018,0.31,710.78,2472.61,0,53.6,98.6,67.9,40.6,57.8,519.9,84.1,606.3,141.4,139.4,991,364243,4351,12.67,88.6,1540,2.9,1.02,21.8,31.5,65,12.7,12220465,72610,73.54,3426.91,0,1200,400,720,240,4200,7500,8500,102,1.5,6000,0,0,0,0,0,64.86,30,64.49,55.15,58.2,0,0
2026-08-24T09:12:31.078000+09:00,2026-08-24T00:12:31.078000+00:00,094623,1814.3,1,0,0,0,0,13420,518,13420,0,0,0,0,4651,-28608,18518,518,4992,528,129,0,0,0,0,0,0,0,0,0,31082107,2018,0.38,775.47,2589.8,0,53.3,96.7,68.2,40.7,57.7,516.8,82.8,604.3,136.8,134.7,1008.6,364243,4351,12.87,89.9,1550,2.92,1.03,22.5,31.7,65,13.74,12220467,72610,56.34,3426.91,0,1200,400,720,240,4200,7500,8500,102,1.5,6000,0,0,0,0,0,66.24,30,57.23,58.55,58.3,0,0
2026-08-24T09:13:31.167000+09:00,2026-08-24T00:13:31.167000+00:00,094623,2821.8,1,0,0,0,0,13420,495,13420,0,0,0,0,4655,-28608,10326,518,4480,0,129,0,0,0,0,0,0,0,0,0,31082107,2018,0.37,1286.96,4108.71,0,53.3,98.7,68.1,40.7,57.6,514,89,611.1,139.7,137.6,1021.5,364244,4352,12.91,91.4,1490,2.71,1.17,31,38.6,65,24.41,12220470,72610,67.73,3426.91,0,1200,400,720,240,4200,7500,8500,102,1.5,6000,0,0,0,0,0,73.95,30,70.87,72.27,58.3,0,0
2026-08-24T09:14:31.251000+09:00,2026-08-24T00:14:31.251000+00:00,094623,1853.4,1,0,0,0,0,13420,465,13420,0,0,0,0,4651,-28608,10326,6,4992,0,129,0,0,0,0,0,0,0,0,0,31082107,2018,0.31,560.63,2414.01,0,53.6,97.9,68.2,40.7,58.1,523.7,84.3,609.5,137.3,135.2,1010.8,364244,4352,12.7,88.9,1320,2.61,1.92,26.4,39.5,65,11.26,12220473,72610,71.66,3426.91,0,1200,400,720,240,4200,7500,8500,102,1.5,6000,0,0,0,0,0,65.4,30,61.49,55.23,58.3,0,0
2026-08-24T09:15:31.358000+09:00,2026-08-24T00:15:31.358000+00:00,094623,1764.3,1,0,0,0,0,13420,463,13420,0,0,0,0,4651,-28608,12374,6,5024,72,129,0,0,0,0,0,0,0,0,0,31082107,2018,0.37,534.99,2299.26,0,53.4,97,68.1,40.8,57.8,523.5,84,606.3,133.1,130.9,1006.1,364244,4352,12.15,90.6,1330,2.66,1.99,26.2,40.2,65,11.1,12220475,72610,57.64,3426.91,0,1200,400,720,240,4200,7500,8500,102,1.5,6000,0,0,0,0,0,65.4,30,56.7,59.98,58.3,0,0
2026-08-24T09:16:31.445000+09:00,2026-08-24T00:16:31.445000+00:00,094623,2768.0,1,0,0,0,0,13420,503,13420,0,0,0,0,4655,-28608,10326,6,4992,0,129,0,0,0,0,0,0,0,0,0,31082107,2018,0.37,1109.96,3877.99,0,53.4,99.2,67.8,40.7,57.6,515.8,82.2,613.6,139.4,137.6,1027.8,364244,4352,12.84,90.3,1520,2.77,1.13,29.4,37.6,65,24.75,12220478,72610,68.69,3426.91,0,1200,400,720,240,4200,7500,8500,102,1.5,6000,0,0,0,0,0,72.37,30,71.51,68.71,58.3,0,0
2026-08-24T09:17:31.548000+09:00,2026-08-24T00:17:31.548000+00:00,094623,1728.9,1,0,0,0,0,13420,492,13420,0,0,0,0,4655,-28608,18518,6,4992,528,129,0,0,0,0,0,0,0,0,0,31082107,2018,0.33,627.77,2356.64,0,53.6,97.2,68.1,40.7,58,520.5,82.9,614.5,138.5,136.6,1014.4,364244,4352,12.74,89.3,1480,2.74,1.13,23.2,35.1,65,11.12,12220480,72610,62.93,3426.92,0,1200,400,720,240,4200,7500,8500,102,1.5,6000,0,0,0,0,0,65.67,30,59.81,56.94,58.4,0,0
2026-08-24T09:18:31.641000+09:00,2026-08-24T00:18:31.641000+00:00,094623,1682.5,1,0,0,0,0,13420,490,13420,0,0,0,0,4651,-28608,10326,6,4992,0,129,0,0,0,0,0,0,0,0,0,31082107,2018,0.38,596.03,2278.51,0,53.4,98,68.2,40.7,57.9,518.4,82.1,614.4,136.4,134.5,1016,364244,4352,12.71,90.4,1480,2.73,1.11,22.9,34.8,65,11.24,12220482,72610,57.74,3426.92,0,1200,400,720,240,4200,7500,8500,102,1.5,6000,0,0,0,0,0,66.2,30,60.48,60.13,58.4,0,0
2026-08-24T09:19:31.738000+09:00,2026-08-24T00:19:31.738000+00:00,094623,2516.6,1,0,0,0,0,13420,502,13420,0,0,0,0,4655,-26560,10326,590,4992,8192,129,0,0,0,0,0,0,0,0,0,31082107,2018,0.36,980.56,3497.12,0,53.6,99.2,68,40.8,58,517.9,81.3,619.3,145,143.7,1028.2,364245,4353,12.74,89.8,1510,2.78,1.1,26.9,35.1,65,20.23,12220486,72610,71.98,3426.92,0,1200,400,720,240,4200,7500,8500,102,1.5,6000,0,0,0,0,0,70.77,30,69.96,64.4,58.4,0,0
2026-08-24T09:20:31.830000+09:00,2026-08-24T00:20:31.830000+00:00,094623,1704.5,1,0,0,0,0,13420,518,13420,0,0,0,0,4651,-28608,12374,6,5024,72,129,0,0,0,0,0,0,0,0,0,31082107,2018,0.32,643.63,2348.09,0,53.6,96.5,68.2,40.8,58.2,518.8,81.3,614.2,137,135,1009.9,364245,4353,12.58,89.7,1560,2.92,1.04,22.2,33.2,65,16.49,12220488,72610,62.45,3426.92,0,1200,400,720,240,4200,7500,8500,102,1.5,6000,0,0,0,0,0,67.19,30,58.33,58.81,58.4,0,0
2026-08-24T09:21:31.920000+09:00,2026-08-24T00:21:31.920000+00:00,094623,1793.6,1,0,0,0,0,13420,493,13420,0,0,0,0,4655,-26560,10326,590,4480,8192,129,0,0,0,0,0,0,0,0,0,31082107,2018,0.39,669.27,2462.84,0,53.5,97.9,67.9,40.9,57.9,519.7,82.3,612.5,134.7,132.8,1017.7,364245,4353,12.75,90.4,1490,2.74,1.18,24.7,38,65,12.63,12220490,72610,57.47,3426.92,0,1200,400,720,240,4200,7500,8500,102,1.5,6000,0,0,0,0,0,67.23,30,61.59,61.73,58.4,0,0
2026-08-24T09:22:32.016000+09:00,2026-08-24T00:22:32.016000+00:00,094623,1971.8,1,0,0,0,0,13420,501,13420,0,0,0,0,4655,-26560,18518,6,4992,0,129,0,0,0,0,0,0,0,0,0,31082107,2018,0.35,627.77,2599.57,0,53.8,99.9,67.8,40.9,58,523.4,85.1,622.8,143.3,142,1020.2,364245,4353,12.71,89.4,1510,2.79,1.09,24.2,35.8,65,15.02,12220493,72610,75.79,3426.92,0,1200,400,720,240,4200,7500,8500,102,1.5,6000,0,0,0,0,0,67.54,30,69.53,60.63,58.4,0,0
2026-08-24T09:23:32.121000+09:00,2026-08-24T00:23:32.121000+00:00,094623,1752.1,1,0,0,0,0,13420,461,13420,0,0,0,0,4651,-28608,10326,6,4992,0,129,0,0,0,0,0,0,0,0,0,31082107,2018,0.33,539.87,2291.94,0,53.7,96.2,68.2,40.9,58,524.5,80.5,611.2,134.4,132.5,1007.4,364245,4353,12.69,89.9,1330,2.64,1.98,26.1,40.8,65,11.18,12220495,72610,61.45,3426.92,0,1200,400,720,240,4200,7500,8500,102,1.5,6000,0,0,0,0,0,65.97,30,56.18,58.28,58.4,0,0
2026-08-24T09:24:32.226000+09:00,2026-08-24T00:24:32.226000+00:00,094623,2197.9,1,0,0,0,0,13420,495,13420,0,0,0,0,4655,-28608,10262,6,4480,0,129,0,0,0,0,0,0,0,0,0,31082107,2018,0.38,895.11,3093.05,0,53.5,98.4,67.7,41,57.7,516.2,84,614.5,134.5,132.7,1028.8,364245,4353,12.56,91.3,1490,2.72,1.2,27.4,38.7,65,17.6,12220497,72610,59.11,3426.92,0,1200,400,720,240,4200,7500,8500,102,1.5,6000,0,0,0,0,0,69.04,30,66,67.74,58.4,0,0
2026-08-24T09:25:32.319000+09:00,2026-08-24T00:25:32.319000+00:00,094623,1852.2,1,0,0,0,0,13420,500,13420,0,0,0,0,4655,-28608,12374,6,5024,72,129,0,0,0,0,0,0,0,0,0,31082107,2018,0.31,639.97,2492.14,0,53.8,98.8,68,41,58.1,520.5,81.5,622.8,141.8,140.3,1039.3,364246,4354,12.93,88.8,1500,2.8,1.13,23.4,35.1,65,12.25,12220501,72610,75.06,3426.92,0,1200,400,720,240,4200,7500,8500,102,1.5,6000,0,0,0,0,0,66.21,30,65.3,56.99,58.4,0,0
2026-08-24T09:26:32.412000+09:00,2026-08-24T00:26:32.412000+00:00,094623,1660.5,1,0,0,0,0,13420,497,13420,0,0,0,0,4655,-28608,10390,6,21376,0,129,0,0,0,0,0,0,0,0,0,31082107,2018,0.36,607.01,2267.52,0,53.6,96.8,68.3,41.1,58,521.2,80.5,618.2,135.4,133.5,1018.2,364246,4354,12.64,90.1,1500,2.78,1.14,23.1,35.9,65,11.26,12220503,72610,58.19,3426.93,0,1200,400,720,240,4200,7500,8500,102,1.5,6000,0,0,0,0,0,66.83,30,57.24,59.25,58.4,0,0
2026-08-24T09:27:32.506000+09:00,2026-08-24T00:27:32.506000+00:00,094623,2648.4,1,0,0,0,0,13420,494,13420,0,0,0,0,4651,-28608,10326,6,4480,0,129,0,0,0,0,0,0,0,0,0,31082107,2018,0.37,1134.37,3782.77,0,53.5,98.4,68,41.1,57.8,512.7,79.6,613.3,138.2,136.5,1020.5,364246,4354,12.61,91.4,1490,2.7,1.19,30.3,39.4,65,22.25,12220505,72610,60.56,3426.93,0,1200,400,720,240,4200,7500,8500,102,1.5,6000,0,0,0,0,0,73.44,30,69.15,71.02,58.5,0,0
2026-08-24T09:28:32.608000+09:00,2026-08-24T00:28:32.608000+00:00,094623,1623.9,1,0,0,0,0,13420,492,13420,0,0,0,0,4651,-28608,10342,6,13188,0,129,0,0,0,0,0,0,0,0,0,31082107,2018,0.3,548.42,2172.31,0,53.8,98.2,68,41.1,58.2,520.9,78.9,614.3,140.9,139.2,1010.2,364246,4354,12.64,89,1470,2.76,1.07,21.8,33.9,65,11.85,12220508,72610,76.01,3426.93,0,1200,400,720,240,4200,7500,8500,102,1.5,6000,0,0,0,0,0,66.04,30,62.97,56.61,58.4,0,0
2026-08-24T09:29:32.712000+09:00,2026-08-24T00:29:32.712000+00:00,094623,1512.8,1,0,0,0,0,13420,498,13420,0,0,0,0,4651,-28608,10326,6,4992,0,129,0,0,0,0,0,0,0,0,0,31082107,2018,0.37,576.49,2089.3,0,53.5,97,67.8,41.1,58,520.1,78.8,607.2,135,133,1016.4,364246,4354,12.67,90,1490,2.78,1.06,21.5,33.6,65,12.64,12220510,72610,57.58,3426.93,0,1200,400,720,240,4200,7500,8500,102,1.5,6000,0,0,0,0,0,65.42,30,57.6,58.97,58.5,0,0
2026-08-24T09:30:32.824000+09:00,2026-08-24T00:30:32.824000+00:00,094623,2871.8,1,0,0,0,0,13420,495,13420,0,0,0,0,4651,-28608,12374,6,4480,8,129,0,0,0,0,0,0,0,0,0,31082107,2018,0.33,1302.83,4174.63,0,53.5,99,67.8,41.2,57.7,513.2,81,619.2,141.3,139.9,1036.4,364246,4354,12.73,90.8,1490,2.7,1.18,31.5,38.5,65,25.18,12220513,72610,62.76,3426.93,0,1200,400,720,240,4200,7500,8500,102,1.5,6000,0,0,0,0,0,73.71,30,72.28,71.33,58.5,0,0
2026-08-24T09:31:32.928000+09:00,2026-08-24T00:31:32.928000+00:00,094623,2073.4,1,0,0,0,0,13420,486,13420,0,0,0,0,4651,-28608,10326,6,4992,0,129,0,0,0,0,2,0,0,0,0,31082107,2018,0.3,801.11,2874.54,0,53.8,97.2,68.2,41.1,58.2,521.1,80.6,615.7,139.3,137.7,1001.5,364247,4355,12.75,88.8,1570,2.8,1.15,26,36.6,65,9.96,12220516,72610,67.11,3426.93,0,1200,400,720,240,4200,7500,8500,102,1.5,6000,0,0,0,0,0,65.97,30,59.77,55.45,58.5,0,0
2026-08-24T09:32:33.001000+09:00,2026-08-24T00:32:33.001000+00:00,094623,2139.4,1,0,0,0,0,13420,448,13420,0,0,0,0,4651,-28608,10326,6,4992,0,129,0,0,0,0,2,0,0,0,0,31082107,2018,0.37,881.68,3021.03,0,53.5,97.5,68.1,41.1,57.9,520.6,79.9,611.3,134.5,132.8,993.6,364247,4355,12.36,90.4,1450,2.52,1.32,27.4,37.4,65,11.32,12220518,72610,55.61,3426.93,0,1200,400,720,240,4200,7500,8500,102,1.5,6000,0,0,0,0,0,65.4,30,57.96,59.19,58.5,0,0
2026-08-24T09:33:33.103000+09:00,2026-08-24T00:33:33.103000+00:00,094623,2765.6,1,0,0,0,0,13420,499,13420,0,0,0,0,4655,-28608,10326,6,4992,0,129,0,0,0,0,0,0,0,0,0,31082107,2018,0.34,1162.45,3928.04,0,53.7,99.2,67.8,41.1,57.8,515.9,87.6,620.9,143,141.6,1043.5,364247,4355,12.5,90.3,1510,2.74,1.15,30.8,39.2,65,26.04,12220521,72610,67.66,3426.93,0,1200,400,720,240,4200,7500,8500,102,1.5,6000,0,0,0,0,0,73.84,30,73.4,69.71,58.5,0,0
2026-08-24T09:34:33.201000+09:00,2026-08-24T00:34:33.201000+00:00,094623,1620.2,1,0,0,0,0,13420,514,13420,0,0,0,0,4651,-28608,10326,6,4992,0,129,0,0,0,0,0,0,0,0,0,31082107,2018,0.3,642.41,2262.64,0,53.9,97.1,68.1,41.1,58.2,519.2,86.8,614.5,139.8,138,1027.3,364247,4355,12.91,89.1,1530,2.89,1.03,21.6,32.3,65,14.98,12220523,72610,65.08,3426.93,0,1200,400,720,240,4200,7500,8500,102,1.5,6000,0,0,0,0,0,66.16,30,59.95,56.63,58.5,0,0
2026-08-24T09:35:33.281000+09:00,2026-08-24T00:35:33.281000+00:00,094623,1743.5,1,0,0,0,0,13420,518,13420,0,0,0,0,4651,-28608,18518,6,4992,528,129,0,0,0,0,0,0,0,0,0,31082107,2018,0.39,749.84,2493.36,0,53.7,97.6,68.1,41,58,516.3,94.1,614.4,136.8,134.9,1011.3,364247,4355,12.79,90.1,1550,2.91,1.03,22.5,32,65,14.58,12220525,72610,55.23,3426.94,0,1200,400,720,240,4200,7500,8500,102,1.5,6000,0,0,0,0,0,66.81,30,59.87,59.53,58.5,0,0
2026-08-24T09:36:33.370000+09:00,2026-08-24T00:36:33.370000+00:00,094623,2715.5,1,0,0,0,0,13420,503,13420,0,0,0,0,4651,-28608,10326,582,4992,0,129,0,0,0,0,0,0,0,0,0,31082107,2018,0.34,1238.14,3953.67,0,53.9,99.7,68,41,58,515.2,92.1,623.4,146.2,144.8,1034.5,364247,4355,12.77,90.2,1520,2.77,1.13,29,36.1,65,22.55,12220529,72610,72.8,3426.94,0,1200,400,720,240,4200,7500,8500,102,1.5,6000,0,0,0,0,0,72.59,30,73.01,67.8,58.5,0,0
2026-08-24T09:37:33.478000+09:00,2026-08-24T00:37:33.478000+00:00,094623,1652.0,1,0,0,0,0,13420,498,13420,0,0,0,0,4651,-28608,10326,6,4992,0,129,0,0,0,0,0,0,0,0,0,31082107,2018,0.32,625.32,2277.29,0,53.9,96.5,68.3,41,58.5,521.1,82.8,616.1,141,139.1,1020.3,364248,4356,12.68,88.8,1500,2.79,1.14,23.1,35.7,65,11.35,12220531,72610,63.44,3426.94,0,1200,400,720,240,4200,7500,8500,102,1.5,6000,0,0,0,0,0,66.98,30,58.37,55.33,58.6,0,0
2026-08-24T09:38:33.568000+09:00,2026-08-24T00:38:33.568000+00:00,094623,1617.8,1,0,0,0,0,13420,497,13420,0,0,0,0,4651,-28608,8278,6,4992,8,129,0,0,0,0,0,0,0,0,0,31082107,2018,0.38,618,2235.79,0,53.6,97.6,68,41.1,58.2,521.1,83.7,613.6,137.3,135.5,1014.8,364248,4356,12.79,91.1,1500,2.77,1.14,23.1,35.7,65,11.29,12220533,72610,57.56,3426.94,0,1200,400,720,240,4200,7500,8500,102,1.5,6000,0,0,0,0,0,66.31,30,59.27,62.09,58.6,0,0
2026-08-24T09:39:33.691000+09:00,2026-08-24T00:39:33.691000+00:00,094623,2346.9,1,0,0,0,0,13420,500,13420,0,0,0,0,4655,-28608,10326,6,4992,0,129,0,0,0,0,0,0,0,0,0,31082107,2018,0.33,919.52,3266.4,0,53.8,99.6,67.9,41.1,58.1,519.7,84.2,625.2,147.5,146.2,1010.9,364248,4356,12.88,89.7,1510,2.76,1.09,26.8,35.8,65,20.78,12220536,72610,74.34,3426.94,0,1200,400,720,240,4200,7500,8500,102,1.5,6000,0,0,0,0,0,71.12,30,71.4,64.76,58.6,0,0
2026-08-24T09:40:33.768000+09:00,2026-08-24T00:40:33.768000+00:00,094623,1787.5,1,0,0,0,0,13420,522,13420,0,0,0,0,4655,-28608,18518,6,4992,528,129,0,0,0,0,2,0,0,0,0,31082107,2018,0.33,737.63,2525.1,0,53.8,96.3,68.1,41.1,58.3,521.3,82.8,611.9,137.4,135.3,989.6,364248,4356,12.77,89.3,1570,2.91,1.08,23.9,35.3,65,12.59,12220539,72610,62.27,3426.94,0,1200,400,720,240,4200,7500,8500,102,1.5,6000,0,0,0,0,0,69.36,30,59.58,59.49,58.6,0,0
2026-08-24T09:41:33.857000+09:00,2026-08-24T00:41:33.857000+00:00,094623,1697.1,1,0,0,0,0,13420,493,13420,0,0,0,0,4651,-28608,10326,6,4480,0,129,0,0,0,0,2,0,0,0,0,31082107,2018,0.38,618,2315.13,0,53.7,98,67.7,41.2,57.9,521.7,83.3,609.9,134.6,132.5,1017,364248,4356,12.68,91,1480,2.73,1.18,24.3,38.1,65,12.52,12220541,72610,58.27,3426.94,0,1200,400,720,240,4200,7500,8500,102,1.5,6000,0,0,0,0,0,66.26,30,61.09,63.05,58.6,0,0
2026-08-24T09:42:33.970000+09:00,2026-08-24T00:42:33.970000+00:00,094623,2201.6,1,0,0,0,0,13420,502,13420,0,0,0,0,4655,-28608,10326,6,4992,0,129,0,0,0,0,0,0,0,0,0,31082107,2018,0.32,912.2,3113.8,0,53.8,100,67.7,41.2,58.1,520.3,85.3,623.6,148,146.7,1040.8,364248,4356,12.87,89.3,1510,2.78,1.09,25.3,34.1,65,16.99,12220544,72610,76.06,3426.94,0,1200,400,720,240,4200,7500,8500,102,1.5,6000,0,0,0,0,0,67.72,30,70.34,61.11,58.6,0,0
2026-08-24T09:43:34.048000+09:00,2026-08-24T00:43:34.048000+00:00,094623,1575.1,1,0,0,0,0,13420,496,13420,0,0,0,0,4655,-28608,12438,6,21408,72,129,0,0,0,0,0,0,0,0,0,31082107,2018,0.32,598.47,2173.53,0,53.7,95.8,68.2,41.3,58.2,523.9,88,613.6,138.4,136.3,1011.8,364249,4357,12.62,89.7,1500,2.77,1.13,22.8,36.2,65,11.25,12220546,72610,62.2,3426.94,0,1200,400,720,240,4200,7500,8500,102,1.5,6000,0,0,0,0,0,66.06,30,54.85,57.81,58.6,0,0
2026-08-24T09:44:34.182000+09:00,2026-08-24T00:44:34.182000+00:00,094623,1936.4,1,0,0,0,0,13420,494,13420,0,0,0,0,4655,-28608,10326,6,4480,0,129,0,0,0,0,0,0,0,0,0,31082107,2018,0.38,792.57,2728.96,0,53.5,98.3,67.9,41.4,57.9,518.6,85,609.2,136,133.9,1023.2,364249,4357,12.64,90.8,1490,2.71,1.19,26.2,39,65,15.54,12220548,72610,57.94,3426.94,0,1200,400,720,240,4200,7500,8500,102,1.5,6000,0,0,0,0,0,68.37,30,63.83,64.55,58.6,0,0
2026-08-24T09:45:34.289000+09:00,2026-08-24T00:45:34.289000+00:00,094623,1901.0,1,0,0,0,0,13420,501,13420,0,0,0,0,4651,-28608,18582,6,21376,528,129,0,0,0,0,0,0,0,0,0,31082107,2018,0.31,724.2,2625.2,0,53.8,99.8,67.8,41.4,58.1,524.5,83.1,618.1,146.5,145.2,1036.3,364249,4357,12.75,89.2,1510,2.79,1.11,24,35.1,65,14.84,12220552,72610,76.74,3426.95,0,1200,400,720,240,4200,7500,8500,102,1.5,6000,0,0,0,0,0,66.56,30,68.53,59.27,58.6,0,0
2026-08-24T09:46:34.376000+09:00,2026-08-24T00:46:34.376000+00:00,094623,2025.8,1,0,0,0,0,13420,523,13420,0,0,0,0,4651,-28608,10326,6,4992,0,129,0,0,0,0,0,0,0,0,0,31082107,2018,0.35,884.12,2909.94,0,53.7,96.2,68,41.5,58.1,521.6,82.7,607.6,136.4,134.5,1041.9,364249,4357,12.97,89.9,1580,2.89,1.12,25.6,36.2,65,13.31,12220554,72610,59.05,3426.95,0,1200,400,720,240,4200,7500,8500,102,1.5,6000,0,0,0,0,0,68.93,30,59.02,62.01,58.7,0,0
2026-08-24T09:47:34.458000+09:00,2026-08-24T00:47:34.458000+00:00,094623,2128.4,1,0,0,0,0,13420,493,13420,0,0,0,0,4651,-28608,10342,6,12676,0,129,0,0,0,0,0,0,0,0,0,31082107,2018,0.41,840.17,2968.54,0,53.6,98.6,67.8,41.5,57.9,517.8,84.2,611.9,136.5,134.6,1051.4,364249,4357,12.73,91.6,1490,2.7,1.19,27.4,39.6,65,18.7,12220556,72610,57.36,3426.95,0,1200,400,720,240,4200,7500,8500,102,1.5,6000,0,0,0,0,0,69.22,30,66.29,68.7,58.7,0,0
2026-08-24T09:48:34.550000+09:00,2026-08-24T00:48:34.550000+00:00,094623,1802.1,1,0,0,0,0,13420,499,13420,0,0,0,0,4651,-28608,12374,6,5024,72,129,0,0,0,0,0,0,0,0,0,31082107,2018,0.31,636.31,2438.43,0,53.9,99.9,68,41.5,58.2,524.2,83.6,616.8,145.3,143.9,1031.8,364249,4357,12.75,88.6,1500,2.78,1.13,23.6,35.7,65,12.82,12220560,72610,77.5,3426.95,0,1200,400,720,240,4200,7500,8500,102,1.5,6000,0,0,0,0,0,65.88,30,68.34,56.42,58.7,0,0
2026-08-24T09:49:34.636000+09:00,2026-08-24T00:49:34.636000+00:00,094623,1567.7,1,0,0,0,0,13420,498,13420,0,0,0,0,4651,-28608,10326,518,4992,0,129,0,0,0,0,0,0,0,0,0,31082107,2018,0.36,594.81,2162.54,0,53.7,96.1,68.1,41.6,58.2,521.3,95.9,610,137.6,135.6,1012.7,364250,4358,12.59,89.9,1490,2.77,1.06,21.6,33.2,65,11.61,12220562,72610,57.43,3426.95,0,1200,400,720,240,4200,7500,8500,102,1.5,6000,0,0,0,0,0,65.42,30,54.98,57.97,58.7,0,0
2026-08-24T09:50:34.742000+09:00,2026-08-24T00:50:34.742000+00:00,094623,2365.2,1,0,0,0,0,13420,493,13420,0,0,0,0,4655,-28608,18518,6,4480,528,129,0,0,0,0,0,0,0,0,0,31082107,2018,0.36,1015.96,3381.15,0,53.6,98.8,67.9,41.5,58,514.8,85.4,612.3,139.2,137.3,1026.6,364250,4358,12.53,91.6,1490,2.7,1.2,28.9,39.7,65,20.56,12220564,72610,58.84,3426.95,0,1200,400,720,240,4200,7500,8500,102,1.5,6000,0,0,0,0,0,70.93,30,68.46,70.38,58.7,0,0
2026-08-24T09:51:34.811000+09:00,2026-08-24T00:51:34.811000+00:00,094623,1744.7,1,0,0,0,0,13420,485,13420,0,0,0,0,4651,-28608,10326,6,4992,0,129,0,0,0,0,0,0,0,0,0,31082107,2018,0.3,545.98,2290.72,0,54,98.6,68.1,41.6,58.3,524.8,85,614.5,144,142.3,1027.6,364250,4358,12.71,88.7,1380,2.73,1.81,25,38.8,65,12.39,12220567,72610,75.93,3426.95,0,1200,400,720,240,4200,7500,8500,102,1.5,6000,0,0,0,0,0,65.56,30,63.77,55.86,58.7,0,0
2026-08-24T09:52:34.902000+09:00,2026-08-24T00:52:34.902000+00:00,094623,1687.4,1,0,0,0,0,13420,500,13420,0,0,0,0,4651,-28608,10326,6,4992,0,129,0,0,0,0,0,0,0,0,0,31082107,2018,0.37,555.74,2243.11,0,53.7,97,68.1,41.6,58.2,521.4,87.6,611.5,138.4,136.6,1022.4,364250,4358,12.36,90.1,1430,2.76,1.65,24.3,37.1,65,11.38,12220569,72610,55.85,3426.95,0,1200,400,720,240,4200,7500,8500,102,1.5,6000,0,0,0,0,0,65.63,30,57.24,58.93,58.7,0,0
2026-08-24T09:53:35.064000+09:00,2026-08-24T00:53:35.064000+00:00,094623,2625.2,1,0,0,0,0,13420,496,13420,0,0,0,0,4651,-28608,12374,6,4512,72,129,0,0,0,0,0,0,0,0,0,31082107,2018,0.37,1111.18,3736.38,0,53.8,98.7,67.9,41.6,58.1,513.8,92.6,615,142,140.5,1021,364250,4358,12.59,91.4,1500,2.71,1.18,30.3,39.6,65,23.39,12220572,72610,60.15,3426.95,0,1200,400,720,240,4200,7500,8500,102,1.5,6000,0,0,0,0,0,72.68,30,70.15,71.65,58.7,0,0
2026-08-24T09:54:35.100000+09:00,2026-08-24T00:54:35.100000+00:00,094623,1550.6,1,0,0,0,0,13420,498,13420,0,0,0,0,4651,-28608,10326,6,4992,0,129,0,0,0,0,0,0,0,0,0,31082107,2018,0.31,548.42,2099.06,0,54.2,98,68.1,41.5,58.5,522.4,86.6,614.5,142.4,140.6,1022.3,364250,4358,12.8,88.8,1490,2.78,1.05,21.4,33.5,65,11.73,12220575,72610,71.33,3426.96,0,1200,400,720,240,4200,7500,8500,102,1.5,6000,0,0,0,0,0,65.49,30,62.11,55.75,58.8,0,0
2026-08-24T09:55:35.200000+09:00,2026-08-24T00:55:35.200000+00:00,094623,1630.0,1,0,0,0,0,13420,504,13420,0,0,0,0,4655,-28608,18518,6,4992,16,129,0,0,0,0,0,0,0,0,0,31082107,2018,0.38,644.86,2274.85,0,53.9,97.3,68.1,41.4,58.3,518.4,112.3,609.3,137.9,135.9,1017.7,364251,4359,12.84,89.9,1510,2.82,1.04,21.7,32.3,65,11.72,12220577,72610,56.85,3426.96,0,1200,400,720,240,4200,7500,8500,102,1.5,6000,0,0,0,0,0,65.78,30,58.25,58.54,58.7,0,0
2026-08-24T09:56:35.319000+09:00,2026-08-24T00:56:35.319000+00:00,094623,2587.4,1,0,0,0,0,13420,497,13420,0,0,0,0,4651,-28608,10326,6,4480,0,129,0,0,0,0,0,0,0,0,0,31082107,2018,0.37,1019.62,3606.98,0,53.9,98.8,68,41.5,58.2,516.1,97.2,614.5,142.6,141.1,1032.1,364251,4359,12.84,91,1500,2.7,1.16,30.3,40.7,65,25.07,12220579,72610,60.75,3426.96,0,1200,400,720,240,4200,7500,8500,102,1.5,6000,0,0,0,0,0,74.02,30,71.63,71.48,58.8,0,0
2026-08-24T09:57:35.415000+09:00,2026-08-24T00:57:35.415000+00:00,094623,1578.7,1,0,0,0,0,13420,489,13420,0,0,0,0,4651,-28608,10326,6,4992,0,129,0,0,0,0,0,0,0,0,0,31082107,2018,0.31,539.87,2118.59,0,54.3,97.6,68,41.4,58.5,524.3,94.8,611.3,142.4,140.7,1035,364251,4359,12.56,88.9,1470,2.72,1.1,22.2,35.4,65,11.18,12220583,72610,73.82,3426.96,0,1200,400,720,240,4200,7500,8500,102,1.5,6000,0,0,0,0,0,65.29,30,60.92,55.74,58.8,0,0
2026-08-24T09:58:35.520000+09:00,2026-08-24T00:58:35.520000+00:00,094623,1689.8,1,0,0,0,0,13420,492,13420,0,0,0,0,4651,-28608,12374,6,5024,8,129,0,0,0,0,0,0,0,0,0,31082107,2018,0.39,668.05,2357.86,0,54.1,97.4,67.9,41.5,58.3,519.1,93,609,138.8,136.9,1051.6,364251,4359,12.74,90.5,1470,2.73,1.09,22.5,33.5,65,10.77,12220585,72610,56.13,3426.96,0,1200,400,720,240,4200,7500,8500,102,1.5,6000,0,0,0,0,0,65.03,30,58.49,60.1,58.8,0,0
2026-08-24T09:59:35.631000+09:00,2026-08-24T00:59:35.631000+00:00,094623,2870.6,1,0,0,0,0,13420,497,13420,0,0,0,0,4651,-28608,10326,6,4992,0,129,0,0,0,0,0,0,0,0,0,31082107,2018,0.38,1233.25,4103.82,0,54.2,99.1,68.1,41.5,58.4,513,85.8,616.7,146.5,145,1034.6,364251,4359,12.77,90.7,1500,2.71,1.15,31,38.3,65,25.46,12220587,72610,66.15,3426.96,0,1200,400,720,240,4200,7500,8500,102,1.5,6000,0,0,0,0,0,74.38,30,73.02,71.18,58.8,0,0
2026-08-24T10:00:35.727000+09:00,2026-08-24T01:00:35.727000+00:00,094623,1706.9,1,0,0,0,0,13420,517,13420,0,0,0,0,4651,-28608,10326,518,4992,0,129,0,0,0,0,0,0,0,0,0,31082107,2018,0.33,726.65,2433.55,0,54.4,97.1,68.3,41.6,58.8,518.5,90.1,612.1,143,141,1017.7,364251,4359,12.62,89,1550,2.9,1.03,22.1,32.1,65,14.57,12220590,72610,69.5,3426.96,0,1200,400,720,240,4200,7500,8500,102,1.5,6000,0,0,0,0,0,66.92,30,59.9,56.71,58.8,0,0
2026-08-24T10:01:35.886000+09:00,2026-08-24T01:01:35.886000+00:00,094623,1688.6,1,0,0,0,0,13420,519,13420,0,0,0,0,4651,-28608,10326,6,4992,0,129,0,0,0,0,0,0,0,0,0,31082107,2018,0.4,759.61,2448.19,0,54.1,97.8,68.1,41.6,58.5,517.7,85,609.4,138.5,136.5,1023.9,364252,4360,12.74,90.4,1550,2.89,1.04,22.4,32.3,65,16.76,12220592,72610,58.04,3426.96,0,1200,400,720,240,4200,7500,8500,102,1.5,6000,0,0,0,0,0,67.43,30,61.04,61.43,58.8,0,0
2026-08-24T10:02:35.963000+09:00,2026-08-24T01:02:35.963000+00:00,094623,2610.5,1,0,0,0,0,13420,503,13420,0,0,0,0,4655,-28608,10390,518,21376,0,129,0,0,0,0,0,0,0,0,0,31082107,2018,0.36,1079.44,3689.99,0,54.2,99.2,67.9,41.6,58.4,518.3,94.4,617.3,146.6,145,1024.2,364252,4360,12.87,90.1,1520,2.75,1.11,28.8,37.1,65,23.78,12220595,72610,71.35,3426.96,0,1200,400,720,240,4200,7500,8500,102,1.5,6000,0,0,0,0,0,73,30,72.02,68.08,58.9,0,0
2026-08-24T10:03:36.061000+09:00,2026-08-24T01:03:36.061000+00:00,094623,1468.9,1,0,0,0,0,13420,495,13420,0,0,0,0,4651,-28608,10326,6,4992,0,129,0,0,0,0,0,0,0,0,0,31082107,2018,0.33,473.95,1942.81,0,54.3,96.7,68.2,41.7,58.7,526.1,85.8,608.2,138.9,136.8,997.6,364252,4360,12.77,89.6,1490,2.76,1.12,22.3,37.5,65,10.82,12220598,72610,62.23,3426.97,0,1200,400,720,240,4200,7500,8500,102,1.5,6000,0,0,0,0,0,66.51,30,58.39,57.85,58.9,0,0
2026-08-24T10:04:36.160000+09:00,2026-08-24T01:04:36.160000+00:00,094623,1561.6,1,0,0,0,0,13420,490,13420,0,0,0,0,4651,-28608,10390,6,21376,0,129,0,0,0,0,0,0,0,0,0,31082107,2018,0.38,552.08,2113.71,0,54.1,97.7,67.8,41.7,58.3,523.6,86.1,603.3,135.1,132.9,1001.1,364252,4360,12.29,91.1,1480,2.73,1.12,22.6,36.2,65,10.99,12220600,72610,58.59,3426.97,0,1200,400,720,240,4200,7500,8500,102,1.5,6000,0,0,0,0,0,65.3,30,59.28,62.57,58.9,0,0
2026-08-24T10:05:36.241000+09:00,2026-08-24T01:05:36.241000+00:00,094623,2449.4,1,0,0,0,0,13420,502,13420,0,0,0,0,4651,-28608,10326,6,4992,0,129,0,0,0,0,0,0,0,0,0,31082107,2018,0.36,1015.96,3465.38,0,54.3,99.5,67.8,41.7,58.3,521.3,85.8,616.4,146.1,144.7,1012.7,364252,4360,12.68,89.4,1510,2.75,1.1,27.6,36.7,65,22.31,12220603,72610,74.98,3426.97,0,1200,400,720,240,4200,7500,8500,102,1.5,6000,0,0,0,0,0,71.33,30,72.16,65.28,58.9,0,0
2026-08-24T10:06:36.342000+09:00,2026-08-24T01:06:36.342000+00:00,094623,1547.0,1,0,0,0,0,13420,495,13420,0,0,0,0,4655,-28608,10342,6,13188,0,129,0,0,0,0,0,0,0,0,0,31082107,2018,0.33,469.07,2016.05,0,54.2,96.5,68.1,41.7,58.6,523.5,91,608.6,140.5,138.7,1008.5,364252,4360,12.4,89.2,1490,2.76,1.26,23.2,36.8,65,11.42,12220605,72610,60.86,3426.97,0,1200,400,720,240,4200,7500,8500,102,1.5,6000,0,0,0,0,0,65.77,30,57.36,56.47,58.9,0,0
2026-08-24T10:07:36.428000+09:00,2026-08-24T01:07:36.428000+00:00,094623,1642.2,1,0,0,0,0,13420,498,13420,0,0,0,0,4651,-28608,10326,6,4480,0,129,0,0,0,0,0,0,0,0,0,31082107,2018,0.4,674.15,2316.35,0,54,98.1,68.1,41.8,58.5,520.7,85.9,606.2,139.1,137.3,994.8,364253,4361,12.39,91.2,1500,2.77,1.14,23.2,35.4,65,11.34,12220607,72610,57.27,3426.97,0,1200,400,720,240,4200,7500,8500,102,1.5,6000,0,0,0,0,0,65.92,30,60.66,62.87,58.9,0,0
2026-08-24T10:08:36.527000+09:00,2026-08-24T01:08:36.527000+00:00,094623,2354.2,1,0,0,0,0,13420,500,13420,0,0,0,0,4651,-28608,18518,518,4992,528,129,0,0,0,0,0,0,0,0,0,31082107,2018,0.35,984.22,3338.42,0,54.3,99.6,68.1,41.8,58.6,521.9,85,614.1,148.5,147.2,1032.6,364253,4361,12.45,89.2,1510,2.74,1.1,26.6,35.3,65,19.56,12220611,72610,76.05,3426.97,0,1200,400,720,240,4200,7500,8500,102,1.5,6000,0,0,0,0,0,70.92,30,71.23,62.93,58.9,0,0
2026-08-24T10:09:36.634000+09:00,2026-08-24T01:09:36.634000+00:00,094623,1733.8,1,0,0,0,0,13420,519,13420,0,0,0,0,4655,-28608,10326,6,4992,0,129,0,0,0,0,0,0,0,0,0,31082107,2018,0.34,766.93,2500.69,0,54.2,96.3,68.2,41.9,58.8,519.4,85.6,606.5,140.2,138.3,1040.8,364253,4361,12.77,89.5,1560,2.89,1.05,22.6,32.6,65,15.78,12220613,72610,59.1,3426.97,0,1200,400,720,240,4200,7500,8500,102,1.5,6000,0,0,0,0,0,67.84,30,57.97,58.63,58.9,0,0
2026-08-24T10:10:36.741000+09:00,2026-08-24T01:10:36.741000+00:00,094623,1761.8,1,0,0,0,0,13420,493,13420,0,0,0,0,4655,-28608,10326,6,4480,0,129,0,0,0,0,0,0,0,0,0,31082107,2018,0.4,704.67,2466.51,0,54.1,98.3,67.8,42,58.6,520.6,84.2,605.6,138.3,136.3,1031.4,364253,4361,12.34,91.2,1490,2.73,1.17,24.5,37.4,65,12.38,12220615,72610,59.72,3426.97,0,1200,400,720,240,4200,7500,8500,102,1.5,6000,0,0,0,0,0,66.59,30,62.65,64.16,58.9,0,0
2026-08-24T10:11:36.833000+09:00,2026-08-24T01:11:36.833000+00:00,094623,2117.4,1,0,0,0,0,13420,501,13420,0,0,0,0,4651,-28608,8278,6,4992,8,129,0,0,0,0,0,0,0,0,0,31082107,2018,0.35,810.88,2928.25,0,54.3,99.6,67.9,41.9,58.6,526.6,80.3,611.9,147.4,146,1034.9,364253,4361,12.75,88.9,1510,2.76,1.11,25.9,37.2,65,18.9,12220619,72610,74.25,3426.97,0,1200,400,720,240,4200,7500,8500,102,1.5,6000,0,0,0,0,0,69.98,30,70.9,61.56,59,0,0
2026-08-24T10:12:36.941000+09:00,2026-08-24T01:12:36.941000+00:00,094623,1571.4,1,0,0,0,0,13420,505,13420,0,0,0,0,4651,-28608,10326,6,4992,0,129,0,0,0,0,0,0,0,0,0,31082107,2018,0.34,626.54,2197.94,0,54.2,96.3,68,41.9,58.7,521.2,82.1,604.9,139.5,137.5,1019.7,364253,4361,12.76,89.7,1500,2.8,1.04,21.6,32.8,65,12.78,12220621,72610,59.52,3426.98,0,1200,400,720,240,4200,7500,8500,102,1.5,6000,0,0,0,0,0,65.8,30,56.77,57.89,59,0,0
2026-08-24T10:13:37.039000+09:00,2026-08-24T01:13:37.039000+00:00,094623,1825.3,1,0,0,0,0,13420,494,13420,0,0,0,0,4651,-28608,18518,6,4480,528,129,0,0,0,0,0,0,0,0,0,31082107,2018,0.4,703.45,2528.76,0,54.1,98.3,67.9,42,58.5,519.9,84.6,607.3,138.2,136.4,1017.5,364254,4362,12.48,91.2,1490,2.73,1.18,25,37.9,65,13.42,12220623,72610,59.86,3426.98,0,1200,400,720,240,4200,7500,8500,102,1.5,6000,0,0,0,0,0,67.23,30,63.42,64.93,58.9,0,0
2026-08-24T10:14:37.125000+09:00,2026-08-24T01:14:37.125000+00:00,094623,2080.5,1,0,0,0,0,13420,501,13420,0,0,0,0,4651,-28608,10326,6,4992,0,129,0,0,0,0,0,0,0,0,0,31082107,2018,0.35,757.16,2837.61,0,54.4,99.8,68,42,58.7,525,81.4,614.1,147.8,146.2,1026.3,364254,4362,12.26,89.1,1510,2.77,1.1,25.2,35.8,65,18.01,12220627,72610,75.19,3426.98,0,1200,400,720,240,4200,7500,8500,102,1.5,6000,0,0,0,0,0,68.91,30,70.67,61.06,59,0,0
2026-08-24T10:15:37.223000+09:00,2026-08-24T01:15:37.223000+00:00,094623,1550.7,1,0,0,0,0,13420,491,13420,0,0,0,0,4651,-28608,10326,6,4992,0,129,0,0,0,0,0,0,0,0,0,31082107,2018,0.34,554.52,2105.17,0,54.3,96.2,68.1,42,58.8,524.5,84.5,603.2,138.5,136.3,1032.5,364254,4362,12.39,89.7,1480,2.73,1.12,22.5,36.2,65,11.21,12220629,72610,59.62,3426.98,0,1200,400,720,240,4200,7500,8500,102,1.5,6000,0,0,0,0,0,65.81,30,56.34,57.78,59,0,0
2026-08-24T10:16:37.318000+09:00,2026-08-24T01:16:37.318000+00:00,094623,1998.7,1,0,0,0,0,13420,494,13420,0,0,0,0,4651,-28608,12374,6,4512,72,129,0,0,0,0,0,0,0,0,0,31082107,2018,0.39,813.32,2811.98,0,54.2,98.3,67.8,42.1,58.5,518.1,83.8,603.7,138.1,136,1020.9,364254,4362,12.75,91.6,1490,2.7,1.19,26.1,38.1,65,14.87,12220631,72610,57.58,3426.98,0,1200,400,720,240,4200,7500,8500,102,1.5,6000,0,0,0,0,0,67.42,30,63.99,66.83,59,0,0
2026-08-24T10:17:37.407000+09:00,2026-08-24T01:17:37.407000+00:00,094623,1833.9,1,0,0,0,0,13420,499,13420,0,0,0,0,4651,-28608,10326,6,4992,0,129,0,0,0,0,0,0,0,0,0,31082107,2018,0.32,675.37,2509.23,0,54.5,99.6,68.1,42,58.9,524.6,84.8,611.7,146.4,144.7,1028,364254,4362,12.71,88.8,1500,2.78,1.12,23.6,35.4,65,13.85,12220634,72610,76.25,3426.98,0,1200,400,720,240,4200,7500,8500,102,1.5,6000,0,0,0,0,0,66.89,30,68.07,57.98,59,0,0
2026-08-24T10:18:37.498000+09:00,2026-08-24T01:18:37.498000+00:00,094623,1686.1,1,0,0,0,0,13420,518,13420,0,0,0,0,4655,-28608,18518,6,4992,528,129,0,0,0,0,0,0,0,0,0,31082107,2018,0.34,764.49,2450.64,0,54.3,96.4,68.2,42,58.8,520.1,84.8,603,137.6,135.5,1033.1,364254,4362,12.45,89.3,1560,2.89,1.05,22.3,32.8,65,15.65,12220636,72610,58.52,3426.98,0,1200,400,720,240,4200,7500,8500,102,1.5,6000,0,0,0,0,0,67.12,30,57.33,57.65,59,0,0
2026-08-24T10:19:37.605000+09:00,2026-08-24T01:19:37.605000+00:00,094623,2230.9,1,0,0,0,0,13420,493,13420,0,0,0,0,4651,-28608,10326,6,4480,0,129,0,0,0,0,0,0,0,0,0,31082107,2018,0.42,899.99,3130.89,0,54.2,98.3,67.8,42,58.5,517.7,82.4,605.4,138.6,136.7,1002.1,364255,4363,12.73,91.6,1490,2.69,1.19,27.9,39.8,65,19.66,12220638,72610,58.73,3426.98,0,1200,400,720,240,4200,7500,8500,102,1.5,6000,0,0,0,0,0,70.36,30,66.61,69.55,59.1,0,0
2026-08-24T10:20:37.699000+09:00,2026-08-24T01:20:37.699000+00:00,094623,1965.7,1,0,0,0,0,13420,499,13420,0,0,0,0,4651,-28608,10326,6,4992,0,129,0,0,0,0,0,0,0,0,0,31082107,2018,0.32,803.55,2769.25,0,54.6,99.6,68,42.1,58.9,521.7,80.3,611.8,147.9,146.4,1030.5,364255,4363,12.88,88.7,1500,2.77,1.13,23.9,34.2,65,12.98,12220642,72610,74.77,3426.98,0,1200,400,720,240,4200,7500,8500,102,1.5,6000,0,0,0,0,0,66.21,30,67.83,56.78,59.1,0,0
2026-08-24T10:21:37.794000+09:00,2026-08-24T01:21:37.794000+00:00,094623,1655.6,1,0,0,0,0,13420,490,13420,0,0,0,0,4655,-28608,12438,6,21408,72,129,0,0,0,0,0,0,0,0,0,31082107,2018,0.36,677.82,2333.44,0,54.5,96.6,68.3,42.1,59,520.1,86.4,606.2,142.3,140.4,999.6,364255,4363,12.85,90.2,1470,2.72,1.11,22.6,33.8,65,10.99,12220644,72610,58.25,3426.98,0,1200,400,720,240,4200,7500,8500,102,1.5,6000,0,0,0,0,0,66.41,30,56.9,59.3,59,0,0
2026-08-24T10:22:37.874000+09:00,2026-08-24T01:22:37.874000+00:00,094623,2383.5,1,0,0,0,0,13420,492,13420,0,0,0,0,4651,-28608,10326,6,4480,0,129,0,0,0,0,0,0,0,0,0,31082107,2018,0.4,945.16,3328.65,0,54.3,98.3,68.1,42.1,58.9,515.9,83,608.7,142.1,140.1,1006.9,364255,4363,12.65,91.2,1490,2.69,1.19,29.2,40.3,65,21.07,12220646,72610,60.33,3426.99,0,1200,400,720,240,4200,7500,8500,102,1.5,6000,0,0,0,0,0,72.73,30,68.13,69.78,59.1,0,0
2026-08-24T10:23:38.020000+09:00,2026-08-24T01:23:38.020000+00:00,094623,2045.0,1,0,0,0,0,13420,444,13420,0,0,0,0,4651,-28608,18534,6,13188,528,129,0,0,0,0,0,0,0,0,0,31082107,2018,0.33,664.39,2709.43,0,54.6,99.2,68.2,42.1,59.1,524.7,80,611,144.6,142.9,1026.6,364255,4363,12.62,89,1310,2.52,1.83,27,38.2,65,11.86,12220649,72610,75.88,3426.99,0,1200,400,720,240,4200,7500,8500,102,1.5,6000,0,0,0,0,0,66.09,30,65.55,56.14,59.1,0,0
2026-08-24T10:24:38.133000+09:00,2026-08-24T01:24:38.133000+00:00,094623,1725.2,1,0,0,0,0,13420,501,13420,0,0,0,0,4651,-28608,10326,6,4992,0,129,0,0,0,0,0,0,0,0,0,31082107,2018,0.37,547.2,2272.41,0,54.3,96.7,68.1,42.1,58.9,521.3,83.5,603.8,139.3,137.3,1058.4,364255,4363,12.76,90.7,1440,2.77,1.62,24.2,36.6,65,11.17,12220651,72610,57.3,3426.99,0,1200,400,720,240,4200,7500,8500,102,1.5,6000,0,0,0,0,0,66.66,30,57.21,61.56,59.1,0,0
2026-08-24T10:25:38.216000+09:00,2026-08-24T01:25:38.216000+00:00,094623,2697.2,1,0,0,0,0,13420,495,13420,0,0,0,0,4655,-28608,10326,6,4480,0,129,0,0,0,0,0,0,0,0,0,31082107,2018,0.35,1189.31,3886.53,0,54.3,98.7,67.9,42.2,58.7,514.4,81.5,607.8,142.4,140.6,1039,364256,4364,12.8,90.8,1490,2.69,1.18,30.4,39.1,65,23.32,12220654,72610,62.49,3426.99,0,1200,400,720,240,4200,7500,8500,102,1.5,6000,0,0,0,0,0,73.57,30,71.24,70.74,59.1,0,0
2026-08-24T10:26:38.312000+09:00,2026-08-24T01:26:38.312000+00:00,094623,1739.9,1,0,0,0,0,13420,490,13420,0,0,0,0,4651,-28608,12374,6,5024,72,129,0,0,0,0,0,0,0,0,0,31082107,2018,0.32,679.04,2418.9,0,54.6,97.8,68.1,42.2,59.1,521.3,80.5,608.8,144.7,142.9,1056.4,364256,4364,12.36,89,1480,2.71,1.11,22.8,34,65,10.95,12220657,72610,71.41,3426.99,0,1200,400,720,240,4200,7500,8500,102,1.5,6000,0,0,0,0,0,66.33,30,61.8,56.97,59.1,0,0
2026-08-24T10:27:38.413000+09:00,2026-08-24T01:27:38.413000+00:00,094623,1642.2,1,0,0,0,0,13420,491,13420,0,0,0,0,4651,-28608,10326,6,4992,0,129,0,0,0,0,0,0,0,0,0,31082107,2018,0.38,622.88,2265.08,0,54.3,97.1,68,42.3,59,521.6,80.7,603.3,139.5,137.5,1031.4,364256,4364,12.63,90,1480,2.72,1.11,22.7,34.8,65,11.3,12220659,72610,56.76,3426.99,0,1200,400,720,240,4200,7500,8500,102,1.5,6000,0,0,0,0,0,66.1,30,58.06,59.24,59.1,0,0
2026-08-24T10:28:38.506000+09:00,2026-08-24T01:28:38.506000+00:00,094623,2874.2,1,0,0,0,0,13420,495,13420,0,0,0,0,4651,-28608,18518,6,4480,0,129,0,0,0,0,0,0,0,0,0,31082107,2018,0.37,1140.48,4014.71,0,54.3,98.6,67.9,42.3,58.8,516.3,81.5,608.5,142,140,1035.3,364256,4364,11.83,90.8,1500,2.69,1.17,31.2,39.4,65,25.48,12220662,72610,61.47,3426.99,0,1200,400,720,240,4200,7500,8500,102,1.5,6000,0,0,0,0,0,74.55,30,71.35,71.59,59.2,0,0
2026-08-24T10:29:38.615000+09:00,2026-08-24T01:29:38.615000+00:00,094623,2100.3,1,0,0,0,0,13420,521,13420,0,0,0,0,4651,-28608,10326,6,4992,0,129,0,0,0,0,0,0,0,0,0,31082107,2018,0.33,862.15,2962.43,0,54.5,97.7,68.2,42.3,59.2,521.2,80.4,603.4,140.9,138.8,1016,364256,4364,12.85,89.3,1570,2.85,1.11,25.7,35.4,65,10.4,12220665,72610,68.32,3426.99,0,1200,400,720,240,4200,7500,8500,102,1.5,6000,0,0,0,0,0,70.14,30,65.25,60.88,59.2,0,0
2026-08-24T10:30:38.751000+09:00,2026-08-24T01:30:38.751000+00:00,094623,2210.2,1,0,0,0,0,13420,493,13420,0,0,0,0,4651,-28608,10326,6,4992,0,129,0,0,0,0,0,0,0,0,0,31082107,2018,0.38,952.48,3162.63,0,54.3,97.5,68,42.4,58.9,519.9,86.1,599.2,137,135.2,1031.6,364256,4364,12.76,90.5,1570,2.73,1.17,26.5,36,65,9.97,12220667,72610,57.8,3426.99,0,1200,400,720,240,4200,7500,8500,102,1.5,6000,0,0,0,0,0,66.28,30,59.06,60.94,59.2,0,0
2026-08-24T10:31:38.845000+09:00,2026-08-24T01:31:38.845000+00:00,094623,2680.1,1,0,0,0,0,13420,503,13420,0,0,0,0,4655,-28608,12374,6,5024,72,129,0,0,0,0,0,0,0,0,0,31082107,2018,0.36,1025.73,3705.86,0,54.5,99.1,67.8,42.4,58.9,517,84.9,610.6,145.7,143.9,1027.7,364257,4365,12.74,90.1,1520,2.75,1.11,28.4,36.4,65,22.72,12220670,72610,71.14,3427,0,1200,400,720,240,4200,7500,8500,102,1.5,6000,0,0,0,0,0,72.34,30,71.58,67.93,59.2,0,0
2026-08-24T10:32:38.963000+09:00,2026-08-24T01:32:38.963000+00:00,094623,1651.0,1,0,0,0,0,13420,499,13420,0,0,0,0,4651,-28608,10326,518,4992,0,129,0,0,0,0,0,0,0,0,0,31082107,2018,0.32,0,1651.05,0,54.6,96.7,68.2,42.4,59.2,522.3,84.5,603.4,140.8,138.9,1015.3,364257,4365,12.77,89.6,1500,2.76,1.15,23,35.9,65,10.66,12220672,72610,64.41,3427,0,1200,400,720,240,4200,7500,8500,102,1.5,6000,0,0,0,0,0,66.69,30,58.36,58.57,59.2,0,0
2026-08-24T10:33:39.130000+09:00,2026-08-24T01:33:39.130000+00:00,094623,1688.6,1,0,0,0,0,13420,499,13420,0,0,0,0,4651,-28608,10326,6,4992,0,129,0,0,0,0,0,0,0,0,0,31082107,2018,0.39,585.04,2273.63,0,54.4,97.9,68.1,42.4,59,521,87.7,602.1,139.1,137.3,1012,364257,4365,12.64,90.9,1500,2.76,1.14,23.2,36,65,10.97,12220674,72610,57.69,3427,0,1200,400,720,240,4200,7500,8500,102,1.5,6000,0,0,0,0,0,66.66,30,60.24,62.39,59.2,0,0
2026-08-24T10:34:39.172000+09:00,2026-08-24T01:34:39.172000+00:00,094623,2306.6,1,0,0,0,0,13420,501,13420,0,0,0,0,4651,-28608,10326,518,4992,0,129,0,0,0,0,0,0,0,0,0,31082107,2018,0.34,809.66,3116.24,0,54.6,99.8,67.9,42.4,59.2,521.3,85.9,611.8,149.1,147.9,1045.6,364257,4365,12.65,89.5,1510,2.75,1.09,25.8,34.9,65,17.98,12220677,72610,74.16,3427,0,1200,400,720,240,4200,7500,8500,102,1.5,6000,0,0,0,0,0,69.89,30,70.97,63.17,59.2,0,0
2026-08-24T10:35:39.281000+09:00,2026-08-24T01:35:39.281000+00:00,094623,1505.5,1,0,0,0,0,13420,491,13420,0,0,0,0,4651,-28608,10326,518,4992,0,129,0,0,0,0,0,0,0,0,0,31082107,2018,0.35,482.5,1987.98,0,54.6,96,68.2,42.4,59.3,524.1,88.1,600.9,139.1,137,1024,364257,4365,12.55,89.5,1470,2.72,1.09,21.7,35.5,65,11.09,12220680,72610,64.34,3427,0,1200,400,720,240,4200,7500,8500,102,1.5,6000,0,0,0,0,0,66.88,30,55.84,57.91,59.3,0,0
2026-08-24T10:36:39.371000+09:00,2026-08-24T01:36:39.371000+00:00,094623,1778.9,1,0,0,0,0,13420,493,13420,0,0,0,0,4655,-26560,12374,6,4512,8,129,0,0,0,0,0,0,0,0,0,31082107,2018,0.39,599.69,2378.61,0,54.5,98.7,67.9,42.4,58.9,523,86.7,598.9,135.5,133.7,1016.3,364257,4365,12.57,90.8,1480,2.7,1.2,25.2,40,65,13.88,12220682,72610,58.55,3427,0,1200,400,720,240,4200,7500,8500,102,1.5,6000,0,0,0,0,0,68.33,30,64.98,64.41,59.2,0,0
2026-08-24T10:37:39.473000+09:00,2026-08-24T01:37:39.473000+00:00,094623,2165.0,1,0,0,0,0,13420,502,13420,0,0,0,0,4651,-28608,10326,6,4992,0,129,0,0,0,0,0,0,0,0,0,31082107,2018,0.33,754.72,2919.71,0,54.7,99.5,67.7,42.4,59,522.8,85.2,608.9,148.2,147.5,1082.4,364258,4366,12.61,89.2,1510,2.77,1.1,24.9,34.9,65,16.34,12220685,72610,74.54,3427,0,1200,400,720,240,4200,7500,8500,102,1.5,6000,0,0,0,0,0,67.52,30,68.99,60.49,59.2,0,0
2026-08-24T10:38:39.574000+09:00,2026-08-24T01:38:39.574000+00:00,094623,1551.9,1,0,0,0,0,13420,498,13420,0,0,0,0,4655,-28608,10326,6,4992,0,129,0,0,0,0,0,0,0,0,0,31082107,2018,0.37,333.57,1885.43,0,54.5,96.3,68.2,42.5,59.2,523.8,87.4,600.1,140,138.6,1028.8,364258,4366,12.58,89.9,1450,2.74,0.8,24.1,39.1,65,11.3,12220687,72610,58.07,3427,0,1200,400,720,240,4200,7500,8500,102,1.5,6000,0,0,0,0,0,66.59,30,56.6,58.91,59.3,0,0
2026-08-24T10:39:39.677000+09:00,2026-08-24T01:39:39.677000+00:00,094623,2260.2,1,0,0,0,0,13420,493,13420,0,0,0,0,4651,-28608,10326,518,4480,0,129,0,0,0,0,0,0,0,0,0,31082107,2018,0.39,913.42,3173.62,0,54.4,98.8,68,42.5,58.9,515,87.7,600.6,141,139.6,1028,364258,4366,12.22,91.2,1490,2.69,1.19,27.3,38,65,16.82,12220689,72610,59.58,3427,0,1200,400,720,240,4200,7500,8500,102,1.5,6000,0,0,0,0,0,69.91,30,66.87,67.25,59.3,0,0
2026-08-24T10:40:39.778000+09:00,2026-08-24T01:40:39.778000+00:00,094623,1940.1,1,0,0,0,0,13420,499,13420,0,0,0,0,4651,-28608,10390,6,21376,2,129,0,0,0,0,0,0,0,0,0,31082107,2018,0.29,627.77,2567.83,0,54.7,99.1,68.1,42.6,59.4,521,84.6,609.3,147,146,1034.7,364258,4366,12.23,89.3,1500,2.77,1.13,23.5,34.6,65,12.47,12220693,72610,76.45,3427,0,1200,400,720,240,4200,7500,8500,102,1.5,6000,0,0,0,0,0,66.95,30,66.41,59.02,59.3,0,0
2026-08-24T10:41:39.886000+09:00,2026-08-24T01:41:39.886000+00:00,094623,1617.8,1,0,0,0,0,13420,498,13420,0,0,0,0,4651,-28608,18518,518,4992,528,129,0,0,0,0,0,0,0,0,0,31082107,2018,0.34,588.7,2206.49,0,54.5,96.6,68.3,42.6,59.3,522.7,84,601.1,139.4,137.8,1026.8,364258,4366,12.73,90,1500,2.76,1.14,22.8,36.1,65,11.04,12220695,72610,57.62,3427.01,0,1200,400,720,240,4200,7500,8500,102,1.5,6000,0,0,0,0,0,67.38,30,56.88,59.74,59.3,0,0
2026-08-24T10:42:39.974000+09:00,2026-08-24T01:42:39.974000+00:00,094623,2696.0,1,0,0,0,0,13420,495,13420,0,0,0,0,4655,-28608,10342,6,12676,0,129,0,0,0,0,0,0,0,0,0,31082107,2018,0.39,1086.76,3782.77,0,54.6,98.5,67.9,42.6,59,514.4,82.4,603.4,141.9,140.5,1029.3,364258,4366,12.76,91.1,1500,2.69,1.19,30.2,39.4,65,22.91,12220697,72610,60.6,3427.01,0,1200,400,720,240,4200,7500,8500,102,1.5,6000,0,0,0,0,0,73.77,30,69.77,71.07,59.3,0,0
2026-08-24T10:43:40.078000+09:00,2026-08-24T01:43:40.078000+00:00,094623,1608.0,1,0,0,0,0,13420,492,13420,0,0,0,0,4651,-28608,10326,6,4992,0,129,0,0,0,0,0,0,0,0,0,31082107,2018,0.32,536.21,2144.23,0,54.9,98.5,68,42.6,59.4,522.1,86,604.9,144.6,143.3,1035.9,364259,4367,12.39,89.1,1470,2.73,1.07,21.9,34.2,65,11.67,12220700,72610,73.36,3427.01,0,1200,400,720,240,4200,7500,8500,102,1.5,6000,0,0,0,0,0,66.37,30,64.37,57.21,59.3,0,0
2026-08-24T10:44:40.184000+09:00,2026-08-24T01:44:40.184000+00:00,094623,1516.5,1,0,0,0,0,13420,495,13420,0,0,0,0,4651,-28608,12374,518,4992,8,129,0,0,0,0,0,0,0,0,0,31082107,2018,0.39,521.56,2038.03,0,54.7,96.8,68.1,42.7,59.2,522.3,92.8,598.4,137.6,136,1026,364259,4367,12.71,90,1480,2.74,1.07,21.5,34.1,65,11.04,12220702,72610,55.74,3427.01,0,1200,400,720,240,4200,7500,8500,102,1.5,6000,0,0,0,0,0,66.88,30,57.09,59.34,59.3,0,0
2026-08-24T10:45:40.286000+09:00,2026-08-24T01:45:40.286000+00:00,094623,2737.5,1,0,0,0,0,13420,495,13420,0,0,0,0,4651,-28608,10326,6,4480,0,129,0,0,0,0,0,0,0,0,0,31082107,2018,0.34,1120.94,3858.46,0,54.7,99,67.8,42.7,58.9,516.7,89.1,605.6,142.5,141,1033,364259,4367,12.82,90.8,1490,2.67,1.18,30.9,40.3,65,25.18,12220705,72610,65.71,3427.01,0,1200,400,720,240,4200,7500,8500,102,1.5,6000,0,0,0,0,0,74.58,30,72.95,71.79,59.4,0,0
2026-08-24T10:46:40.375000+09:00,2026-08-24T01:46:40.375000+00:00,094623,1693.5,1,0,0,0,0,13420,498,13420,0,0,0,0,4655,-26560,18518,6,4992,528,129,0,0,0,0,0,0,0,0,0,31082107,2018,0.33,593.58,2287.06,0,55,97.8,68.1,42.7,59.5,524,90.3,606.5,144.5,143.2,1020.1,364259,4367,12.84,89.1,1500,2.75,1.13,23,35.6,65,11.3,12220708,72610,69.85,3427.01,0,1200,400,720,240,4200,7500,8500,102,1.5,6000,0,0,0,0,0,66.71,30,62.74,57.25,59.4,0,0
2026-08-24T10:47:40.473000+09:00,2026-08-24T01:47:40.473000+00:00,094623,1608.0,1,0,0,0,0,13420,497,13420,0,0,0,0,4651,-28608,10326,6,4992,0,129,0,0,0,0,0,0,0,0,0,31082107,2018,0.4,627.77,2235.79,0,54.6,97.1,68.2,42.7,59.2,523.4,94.4,600.6,138.9,137.4,1017.1,364259,4367,12.24,90.5,1500,2.76,1.14,23,36.3,65,11.34,12220710,72610,57.78,3427.01,0,1200,400,720,240,4200,7500,8500,102,1.5,6000,0,0,0,0,0,67.25,30,58.2,60.92,59.4,0,0
2026-08-24T10:48:40.581000+09:00,2026-08-24T01:48:40.581000+00:00,094623,2798.5,1,0,0,0,0,13420,502,13420,0,0,0,0,4651,-28608,10326,6,4992,0,129,0,0,0,0,0,0,0,0,0,31082107,2018,0.33,1206.4,4004.94,0,54.7,99.3,68,42.7,59.2,517,88.5,607.5,146.5,145.4,1029.3,364259,4367,12.74,90.5,1520,2.7,1.16,30.5,38.6,65,25.7,12220713,72610,69.31,3427.01,0,1200,400,720,240,4200,7500,8500,102,1.5,6000,0,0,0,0,0,75.19,30,74.07,71.1,59.4,0,0
2026-08-24T10:49:40.694000+09:00,2026-08-24T01:49:40.694000+00:00,094623,1559.2,1,0,0,0,0,13420,507,13420,0,0,0,0,4651,-28608,12374,6,5024,72,129,0,0,0,0,2,0,0,0,0,31082107,2018,0.31,592.36,2151.55,0,55,96.6,68.2,42.8,59.4,522.4,84.9,603.5,141.7,140.1,1005.4,364260,4368,12.8,89.2,1510,2.82,1.04,21.4,33,65,13.8,12220715,72610,64.87,3427.01,0,1200,400,720,240,4200,7500,8500,102,1.5,6000,0,0,0,0,0,67.38,30,58.75,57.96,59.4,0,0
2026-08-24T10:50:40.792000+09:00,2026-08-24T01:50:40.792000+00:00,094623,1660.5,1,0,0,0,0,13420,515,13420,0,0,0,0,4651,-28608,10326,590,4992,8192,129,0,0,0,0,2,0,0,0,0,31082107,2018,0.38,716.88,2377.39,0,54.7,97.7,67.9,42.8,59.2,518.6,86.6,600.5,138.4,136.8,995.6,364260,4368,12.91,90.5,1540,2.85,1.03,21.8,32,65,14.52,12220717,72610,56.94,3427.01,0,1200,400,720,240,4200,7500,8500,102,1.5,6000,0,0,0,0,0,66.73,30,59.98,61.62,59.4,0,0
2026-08-24T10:51:40.888000+09:00,2026-08-24T01:51:40.888000+00:00,094623,2454.3,1,0,0,0,0,13420,502,13420,0,0,0,0,4655,-26560,18518,6,4992,528,129,0,0,0,0,2,0,0,0,0,31082107,2018,0.31,1020.84,3475.14,0,54.7,99.5,67.8,42.9,59.2,520,84.1,608.3,148.6,147.6,1021.5,364260,4368,12.84,89.7,1510,2.73,1.1,27.6,36.7,65,22.89,12220720,72610,78.07,3427.02,0,1200,400,720,240,4200,7500,8500,102,1.5,6000,0,0,0,0,0,72.43,30,72.65,66.81,59.4,0,0
2026-08-24T10:52:41.002000+09:00,2026-08-24T01:52:41.002000+00:00,094623,1549.4,1,0,0,0,0,13420,495,13420,0,0,0,0,4651,-28608,10326,6,4992,0,129,0,0,0,0,2,0,0,0,0,31082107,2018,0.32,442.21,1991.64,0,54.7,96.1,68.2,42.8,59.4,523.9,82.9,597.6,141.9,140.3,993.3,364260,4368,12.61,89.1,1490,2.75,1.25,23.1,36.8,65,11.38,12220723,72610,61.6,3427.02,0,1200,400,720,240,4200,7500,8500,102,1.5,6000,0,0,0,0,0,67.18,30,56.67,57.05,59.4,0,0
2026-08-24T10:53:41.105000+09:00,2026-08-24T01:53:41.105000+00:00,094623,1686.1,1,0,0,0,0,13420,499,13420,0,0,0,0,4655,-26560,10326,6,4480,0,129,0,0,0,0,0,0,0,0,0,31082107,2018,0.38,639.97,2326.12,0,54.6,98.6,67.9,42.9,59.2,521.6,83.9,598.6,140,138.5,1018.3,364260,4368,12.8,91.2,1500,2.76,1.15,23.3,35.7,65,10.69,12220725,72610,57.38,3427.02,0,1200,400,720,240,4200,7500,8500,102,1.5,6000,0,0,0,0,0,66.37,30,62.4,63.55,59.4,0,0
2026-08-24T10:54:41.192000+09:00,2026-08-24T01:54:41.192000+00:00,094623,2205.3,1,0,0,0,0,13420,502,13420,0,0,0,0,4655,-28608,12374,590,5024,8264,129,0,0,0,0,0,0,0,0,0,31082107,2018,0.3,910.98,3116.24,0,54.9,99.5,68,42.9,59.5,520.6,81.7,611.8,149.8,148.5,1054.9,364260,4368,12.41,89.3,1510,2.75,1.1,25.5,34.4,65,17.41,12220728,72610,73.45,3427.02,0,1200,400,720,240,4200,7500,8500,102,1.5,6000,0,0,0,0,0,70.06,30,70.13,62.38,59.4,0,0
2026-08-24T10:55:41.286000+09:00,2026-08-24T01:55:41.286000+00:00,094623,1583.6,1,0,0,0,0,13420,492,13420,0,0,0,0,4655,-28608,10326,6,4992,0,129,0,0,0,0,0,0,0,0,0,31082107,2018,0.33,564.29,2147.89,0,54.9,96.3,68.3,42.9,59.6,523.6,82.4,603.1,140.6,138.8,1017.1,364261,4369,12.8,89.6,1490,2.72,1.12,22.5,35.8,65,11.19,12220730,72610,58.87,3427.02,0,1200,400,720,240,4200,7500,8500,102,1.5,6000,0,0,0,0,0,67.56,30,56.83,58.47,59.5,0,0
2026-08-24T10:56:41.397000+09:00,2026-08-24T01:56:41.397000+00:00,094623,1981.6,1,0,0,0,0,13420,494,13420,0,0,0,0,4655,-28608,18518,6,4480,528,129,0,0,0,0,0,0,0,0,0,31082107,2018,0.39,747.4,2728.96,0,54.8,98.1,68,42.9,59.3,519,83.3,600.6,138.7,137,1015.2,364261,4369,12.57,91.1,1490,2.71,1.2,26.1,38.6,65,15.11,12220732,72610,57.19,3427.02,0,1200,400,720,240,4200,7500,8500,102,1.5,6000,0,0,0,0,0,69.58,30,63.55,66.17,59.5,0,0
2026-08-24T10:57:41.491000+09:00,2026-08-24T01:57:41.491000+00:00,094623,1905.9,1,0,0,0,0,13420,500,13420,0,0,0,0,4655,-28608,10390,590,21376,8192,129,0,0,0,0,0,0,0,0,0,31082107,2018,0.3,707.11,2612.99,0,55.1,99.8,68,43,59.6,524.6,83.2,609.2,147.8,146.7,1037.3,364261,4369,12.85,89.4,1500,2.76,1.12,24,35.2,65,13.52,12220736,72610,74.49,3427.02,0,1200,400,720,240,4200,7500,8500,102,1.5,6000,0,0,0,0,0,68.18,30,69.33,60.48,59.5,0,0
2026-08-24T10:58:41.595000+09:00,2026-08-24T01:58:41.595000+00:00,094623,1952.6,1,0,0,0,0,13420,521,13420,0,0,0,0,4655,-28608,10326,6,4992,0,129,0,0,0,0,0,0,0,0,0,31082107,2018,0.36,962.25,2914.82,0,54.9,96.4,68.2,43,59.6,518.3,81.6,602.2,140.2,138.5,1068.6,364261,4369,12.88,89.8,1570,2.87,1.08,24.3,33.3,65,17.01,12220738,72610,57.6,3427.02,0,1200,400,720,240,4200,7500,8500,102,1.5,6000,0,0,0,0,0,69.99,30,59.21,61.72,59.5,0,0
2026-08-24T10:59:41.695000+09:00,2026-08-24T01:59:41.695000+00:00,094623,2251.6,1,0,0,0,0,13420,494,13420,0,0,0,0,4651,-28608,12438,6,20896,72,129,0,0,0,0,0,0,0,0,0,31082107,2018,0.39,879.24,3130.89,0,54.8,98.7,68,43,59.4,516.9,85.4,605.2,140.9,139.4,1034.3,364261,4369,12.7,91.1,1490,2.68,1.18,27.7,39,65,18.41,12220740,72610,60.56,3427.02,0,1200,400,720,240,4200,7500,8500,102,1.5,6000,0,0,0,0,0,72.03,30,68.45,68.49,59.6,0,0
2026-08-24T11:00:41.794000+09:00,2026-08-24T02:00:41.794000+00:00,094623,1807.0,1,0,0,0,0,13420,500,13420,0,0,0,0,4651,-28608,10326,6,4992,0,129,0,0,0,0,0,0,0,0,0,31082107,2018,0.3,620.44,2427.44,0,55.2,99.3,68.1,43.1,59.7,524.9,94,608.2,146.8,145.6,1019.2,364261,4369,12.77,89.3,1510,2.75,1.13,23.3,35.8,65,13.01,12220743,72610,73.55,3427.03,0,1200,400,720,240,4200,7500,8500,102,1.5,6000,0,0,0,0,0,68.18,30,67.58,59.41,59.5,0,0
2026-08-24T11:01:41.899000+09:00,2026-08-24T02:01:41.899000+00:00,094623,1627.5,1,0,0,0,0,13420,491,13420,0,0,0,0,4651,-28608,18534,518,13188,16,129,0,0,0,0,0,0,0,0,0,31082107,2018,0.36,599.69,2227.24,0,55.1,96.5,68.1,43.2,59.6,523.6,90.3,602.8,139.1,137.4,1012.9,364262,4370,12.74,90,1480,2.7,1.11,22.5,35.3,65,10.84,12220745,72610,58.61,3427.03,0,1200,400,720,240,4200,7500,8500,102,1.5,6000,0,0,0,0,0,67.45,30,56.98,59.75,59.5,0,0
2026-08-24T11:02:42+09:00,2026-08-24T02:02:42+00:00,094623,2499.5,1,0,0,0,0,13420,491,13420,0,0,0,0,4655,-28608,10326,6,4480,0,129,0,0,0,0,0,0,0,0,0,31082107,2018,0.38,1122.17,3621.63,0,55,98.8,68,43.2,59.4,516.8,89,606.4,139.8,138.3,1044.8,364262,4370,12.55,90.7,1480,2.65,1.23,29.8,40.3,65,21.81,12220748,72610,62.17,3427.03,0,1200,400,720,240,4200,7500,8500,102,1.5,6000,0,0,0,0,0,73.82,30,70.65,69.41,59.6,0,0
2026-08-24T11:03:42.095000+09:00,2026-08-24T02:03:42.095000+00:00,094623,2061.2,1,0,0,0,0,13420,522,13420,0,0,0,0,4651,-28608,10326,6,4992,0,129,0,0,0,0,0,0,0,0,0,31082107,2018,0.33,873.13,2934.35,0,55.3,98.6,68,43.2,59.8,519.1,85.9,608.3,145.2,143.8,1021.6,364262,4370,12.84,89.2,1570,2.87,1.04,24.1,32.8,65,16.65,12220751,72610,72.56,3427.03,0,1200,400,720,240,4200,7500,8500,102,1.5,6000,0,0,0,0,0,69.69,30,67.76,60.75,59.6,0,0
2026-08-24T11:04:42.185000+09:00,2026-08-24T02:04:42.185000+00:00,094623,2028.3,1,0,0,0,0,13420,523,13420,0,0,0,0,4651,-28608,12374,518,5024,8,129,0,0,0,0,0,0,0,0,0,31082107,2018,0.4,902.43,2930.69,0,55.1,96.6,68.2,43.2,59.7,520.3,88.5,604.2,138.2,136.7,1038.5,364262,4370,12.93,89.9,1570,2.85,1.09,24.9,34.4,65,11.22,12220753,72610,57.79,3427.03,0,1200,400,720,240,4200,7500,8500,102,1.5,6000,0,0,0,0,0,71.26,30,60.55,62.97,59.6,0,0
2026-08-24T11:05:42.271000+09:00,2026-08-24T02:05:42.271000+00:00,094623,2774.1,1,0,0,0,0,13420,495,13420,0,0,0,0,4651,-28608,10326,6,4480,0,129,0,0,0,0,0,0,0,0,0,31082107,2018,0.34,1190.53,3964.66,0,55.1,99.1,67.9,43.2,59.6,515.5,83.3,609.2,142.9,141.7,1028.8,364262,4370,12.8,91,1490,2.67,1.17,30.6,39,65,24.45,12220756,72610,64.09,3427.03,0,1200,400,720,240,4200,7500,8500,102,1.5,6000,0,0,0,0,0,75.23,30,73.05,72.56,59.6,0,0
2026-08-24T11:06:42.366000+09:00,2026-08-24T02:06:42.366000+00:00,094623,2136.6,1,0,0,0,0,13420,498,13420,0,0,0,0,4655,-28608,10326,6,4992,0,129,0,0,0,0,0,0,0,0,0,31082107,2018,0.33,309.15,2445.75,0,55.4,97.6,68.2,43.2,60,519.8,89.2,607.6,145.4,144.2,1044,364262,4370,12.68,89.2,1500,2.73,1.14,23.5,33.6,65,11.34,12220758,72610,70.64,3427.03,0,1200,400,720,240,4200,7500,8500,102,1.5,6000,0,0,0,0,0,68,30,62.31,58.49,59.7,0,0
2026-08-24T11:07:42.458000+09:00,2026-08-24T02:07:42.458000+00:00,094623,1664.2,1,0,0,0,0,13420,498,13420,0,0,0,0,4651,-28608,10326,6,4992,0,129,0,0,0,0,0,0,0,0,0,31082107,2018,0.37,671.71,2335.89,0,55,96.9,68.4,43.2,60.1,521.1,88.2,608.9,141.2,139.7,1023.7,364263,4371,12.62,89.9,1500,2.76,1.14,23.1,35.1,65,11.28,12220760,72610,57.85,3427.03,0,1200,400,720,240,4200,7500,8500,102,1.5,6000,0,0,0,0,0,69.02,30,57.98,59.76,59.6,0,0
2026-08-24T11:08:42.556000+09:00,2026-08-24T02:08:42.556000+00:00,094623,2768.0,1,0,0,0,0,13420,497,13420,0,0,0,0,4651,-28608,10326,6,4992,0,129,0,0,0,0,0,0,0,0,0,31082107,2018,0.33,1151.46,3919.49,0,55,99,68,43.1,59.8,517.1,85.4,615.2,145.8,144.4,1017.8,364263,4371,12.85,90.6,1500,2.69,1.15,30.8,39.2,65,25.99,12220763,72610,67.66,3427.03,0,1200,400,720,240,4200,7500,8500,102,1.5,6000,0,0,0,0,0,77.01,30,73.61,71.92,59.6,0,0
2026-08-24T11:09:42.663000+09:00,2026-08-24T02:09:42.663000+00:00,094623,1726.4,1,0,0,0,0,13420,522,13420,0,0,0,0,4651,-28608,10326,6,4992,528,129,0,0,0,0,0,0,0,0,0,31082107,2018,0.32,654.62,2381.05,0,55.2,97.4,68.1,43.2,60,523.4,84.4,603.6,139.1,137.2,991,364263,4371,12.86,89.3,1570,2.87,1.06,23.3,35.5,65,16.77,12220766,72610,69.86,3427.04,0,1200,400,720,240,4200,7500,8500,102,1.5,6000,0,0,0,0,0,71.04,30,64.73,61.13,59.7,0,0
2026-08-24T11:10:42.808000+09:00,2026-08-24T02:10:42.808000+00:00,094623,1815.6,1,0,0,0,0,13420,523,13420,0,0,0,0,4651,-28608,10326,6,4992,0,129,0,0,0,0,0,0,0,0,0,31082107,2018,0.37,718.1,2533.65,0,55,97.1,67.7,43.3,59.5,523.1,91.2,600.9,133.2,131.4,999.7,364263,4371,12.85,90.3,1570,2.87,1.08,24.2,36.2,65,11.26,12220768,72610,57.75,3427.04,0,1200,400,720,240,4200,7500,8500,102,1.5,6000,0,0,0,0,0,70.57,30,61.93,64.69,59.6,0,0
2026-08-24T11:11:42.918000+09:00,2026-08-24T02:11:42.918000+00:00,094623,2735.1,1,0,0,0,0,13420,495,13420,0,0,0,0,4655,-28608,10326,6,4992,0,129,0,0,0,0,0,0,0,0,0,31082107,2018,0.35,1138.04,3873.1,0,55.1,99.1,67.4,43.4,59.3,521.1,93,609.9,141.7,140.5,1016.4,364263,4371,12.64,89.8,1490,2.65,1.17,31,40.2,65,26.2,12220771,72610,65.09,3427.04,0,1200,400,720,240,4200,7500,8500,102,1.5,6000,0,0,0,0,0,74.58,30,73.9,69.77,59.7,0,0
2026-08-24T11:12:43.018000+09:00,2026-08-24T02:12:43.018000+00:00,094623,1947.4,1,0,0,0,0,13420,522,13420,0,0,0,0,4651,-28608,10326,6,4992,8,129,0,0,0,0,0,0,0,0,0,31082107,2018,0.34,859.71,2807.09,0,55.3,97.1,68,43.4,59.7,520.2,98,606.7,140.5,139.2,1000,364263,4371,12.91,89.1,1570,2.86,1.07,24.1,33.9,65,11.17,12220774,72610,67.83,3427.04,0,1200,400,720,240,4200,7500,8500,102,1.5,6000,0,0,0,0,0,69.62,30,63.35,59.9,59.7,0,0
2026-08-24T11:13:43.123000+09:00,2026-08-24T02:13:43.123000+00:00,094623,2012.4,1,0,0,0,0,13420,523,13420,0,0,0,0,4651,-28608,10326,6,4992,0,129,0,0,0,0,0,0,0,0,0,31082107,2018,0.4,871.91,2884.3,0,55,97.6,68.1,43.4,59.6,519.4,99.9,601,136.9,135.3,1000.2,364264,4372,12.74,90.5,1570,2.85,1.08,25,35,65,9.93,12220776,72610,57.6,3427.04,0,1200,400,720,240,4200,7500,8500,102,1.5,6000,0,0,0,0,0,70.8,30,63.19,64.66,59.7,0,0
2026-08-24T11:14:43.215000+09:00,2026-08-24T02:14:43.215000+00:00,094623,2968.5,1,0,0,0,0,13420,502,13420,0,0,0,0,4655,-26560,18518,6,4992,528,129,0,0,0,0,0,0,0,0,0,31082107,2018,0.33,1345.56,4314.1,0,55.1,99.5,68,43.5,59.5,516.1,125.1,610,145.4,144.3,1044.9,364264,4372,12.79,90.1,1510,2.71,1.16,30.8,37.4,65,24.37,12220779,72610,74.79,3427.04,0,1200,400,720,240,4200,7500,8500,102,1.5,6000,0,0,0,0,0,75,30,74.5,69.71,59.7,0,0
2026-08-24T11:15:43.325000+09:00,2026-08-24T02:15:43.325000+00:00,094623,1642.2,1,0,0,0,0,13420,491,13420,0,0,0,0,4655,-28608,10326,6,4992,0,129,0,0,0,0,0,0,0,0,0,31082107,2018,0.32,578.94,2221.14,0,55.3,96.6,68.2,43.5,60,520.9,106.1,607.5,142.6,141.2,1008,364264,4372,12.29,89.1,1470,2.7,1.08,22.2,33.8,65,11.36,12220782,72610,64.96,3427.04,0,1200,400,720,240,4200,7500,8500,102,1.5,6000,0,0,0,0,0,67.73,30,59.11,57.34,59.8,0,0
2026-08-24T11:16:43.424000+09:00,2026-08-24T02:16:43.424000+00:00,094623,1611.7,1,0,0,0,0,13420,495,13420,0,0,0,0,4655,-28608,10390,6,21376,0,129,0,0,0,0,0,0,0,0,0,31082107,2018,0.4,602.13,2213.81,0,55.1,97.7,68.2,43.5,59.8,520.5,98.1,605.5,137.6,136,1018.7,364264,4372,12.42,90.4,1480,2.72,1.07,22,33.4,65,11.54,12220784,72610,56.92,3427.04,0,1200,400,720,240,4200,7500,8500,102,1.5,6000,0,0,0,0,0,68.19,30,60.35,60.98,59.7,0,0
2026-08-24T11:17:43.519000+09:00,2026-08-24T02:17:43.519000+00:00,094623,2471.4,1,0,0,0,0,13420,500,13420,0,0,0,0,4651,-28608,12374,6,5024,72,129,0,0,0,0,0,0,0,0,0,31082107,2018,0.33,1020.84,3492.23,0,55.3,99.7,67.9,43.5,59.8,519.5,92.7,612.1,148,147.1,1022.3,364264,4372,12.75,90,1510,2.72,1.1,27.2,35.6,65,21.07,12220787,72610,75.03,3427.04,0,1200,400,720,240,4200,7500,8500,102,1.5,6000,0,0,0,0,0,72.8,30,72.7,66.71,59.7,0,0
2026-08-24T11:18:43.597000+09:00,2026-08-24T02:18:43.597000+00:00,094623,1988.9,1,0,0,0,0,13420,523,13420,0,0,0,0,4655,-28608,10390,6,21376,0,129,0,0,0,0,0,0,0,0,0,31082107,2018,0.34,780.36,2769.25,0,55.4,96.3,68.1,43.4,60,521.7,94.5,602,138.7,137,989.5,364264,4372,12.44,89.6,1570,2.86,1.09,24.9,35.7,65,10.13,12220789,72610,67.14,3427.04,0,1200,400,720,240,4200,7500,8500,102,1.5,6000,0,0,0,0,0,71.32,30,61.86,62.38,59.8,0,0
2026-08-24T11:19:43.696000+09:00,2026-08-24T02:19:43.696000+00:00,094623,1730.1,1,0,0,0,0,13420,493,13420,0,0,0,0,4651,-28608,18518,6,4480,528,129,0,0,0,0,0,0,0,0,0,31082107,2018,0.39,665.61,2395.7,0,55.2,98.2,67.8,43.5,59.7,521.9,91.9,600.8,136.6,135,1040.8,364265,4373,12.7,90.7,1480,2.7,1.17,23.9,36.8,65,11.74,12220791,72610,56.67,3427.05,0,1200,400,720,240,4200,7500,8500,102,1.5,6000,0,0,0,0,0,67.81,30,62.85,63.3,59.8,0,0
2026-08-24T11:20:43.791000+09:00,2026-08-24T02:20:43.791000+00:00,094623,2224.8,1,0,0,0,0,13420,502,13420,0,0,0,0,4651,-28608,10342,6,13188,0,129,0,0,0,0,0,0,0,0,0,31082107,2018,0.32,847.5,3072.3,0,55.5,99.6,67.9,43.5,59.8,521.5,97.9,611.1,147.6,146.8,1034.7,364265,4373,12.67,89.5,1510,2.74,1.09,25,33.8,65,15.66,12220795,72610,74.1,3427.05,0,1200,400,720,240,4200,7500,8500,102,1.5,6000,0,0,0,0,0,69.56,30,70.14,62.39,59.8,0,0
2026-08-24T11:21:43.925000+09:00,2026-08-24T02:21:43.925000+00:00,094623,1532.6,1,0,0,0,0,13420,499,13420,0,0,0,0,4651,-28608,10326,6,4992,0,129,0,0,0,0,0,0,0,0,0,31082107,2018,0.33,0,1532.64,0,55.4,95.9,68.4,43.4,60,523.3,92.7,601.6,138.5,136.8,1035.7,364265,4373,12.36,89.7,1500,2.75,1.14,22.9,36.1,65,11.41,12220797,72610,59.77,3427.05,0,1200,400,720,240,4200,7500,8500,102,1.5,6000,0,0,0,0,0,68.85,30,56.28,59.64,59.8,0,0
2026-08-24T11:22:44.033000+09:00,2026-08-24T02:22:44.033000+00:00,094623,2128.4,1,0,0,0,0,13420,493,13420,0,0,0,0,4651,-28608,12374,6,4512,72,129,0,0,0,0,0,0,0,0,0,31082107,2018,0.4,873.13,3001.5,0,55.2,98.3,68,43.5,59.7,517.2,90.2,601.9,137.7,136.1,1020.7,364265,4373,12.58,90.8,1490,2.66,1.2,27,38.4,65,16.66,12220799,72610,59.46,3427.05,0,1200,400,720,240,4200,7500,8500,102,1.5,6000,0,0,0,0,0,71.59,30,66.2,66.77,59.8,0,0
2026-08-24T11:23:44.127000+09:00,2026-08-24T02:23:44.127000+00:00,094623,1780.1,1,0,0,0,0,13420,500,13420,0,0,0,0,4651,-28608,10326,6,4992,0,129,0,0,0,0,0,0,0,0,0,31082107,2018,0.32,597.25,2377.39,0,55.4,100.3,68,43.5,59.9,525.9,88.1,607.9,144.8,143.7,1043.8,364265,4373,12.73,89.4,1500,2.74,1.13,23.4,36.3,65,13.45,12220802,72610,75.3,3427.05,0,1200,400,720,240,4200,7500,8500,102,1.5,6000,0,0,0,0,0,68.74,30,70.91,60.29,59.9,0,0
2026-08-24T11:24:44.222000+09:00,2026-08-24T02:24:44.222000+00:00,094623,1609.2,1,0,0,0,0,13420,498,13420,0,0,0,0,4651,-28608,18518,6,4992,528,129,0,0,0,0,0,0,0,0,0,31082107,2018,0.35,604.57,2213.81,0,55.3,95.7,68.2,43.5,59.8,520.5,94,602.6,137.8,136,1057.2,364265,4373,12.69,89.7,1480,2.73,1.06,21.6,32.9,65,12.07,12220804,72610,59.51,3427.05,0,1200,400,720,240,4200,7500,8500,102,1.5,6000,0,0,0,0,0,68.45,30,55.67,59.49,59.9,0,0
2026-08-24T11:25:44.328000+09:00,2026-08-24T02:25:44.328000+00:00,094623,2410.3,1,0,0,0,0,13420,492,13420,0,0,0,0,4655,-28608,10326,590,4480,8192,129,0,0,0,0,0,0,0,0,0,31082107,2018,0.4,1040.38,3450.73,0,55.1,98.5,67.9,43.5,59.6,516.4,95.7,603.1,138.6,136.9,1056.5,364266,4374,12.77,91,1480,2.66,1.21,29,39.8,65,20.35,12220806,72610,59.53,3427.05,0,1200,400,720,240,4200,7500,8500,102,1.5,6000,0,0,0,0,0,73.54,30,69.2,69.74,59.9,0,0
2026-08-24T11:26:44.436000+09:00,2026-08-24T02:26:44.436000+00:00,094623,2240.7,1,0,0,0,0,13420,520,13420,0,0,0,0,4651,-28608,10326,6,4992,0,129,0,0,0,0,0,0,0,0,0,31082107,2018,0.32,932.95,3173.62,0,55.4,99.2,67.8,43.5,59.9,521.9,93.1,603.7,144.4,143.2,1033.1,364266,4374,12.7,89.3,1580,2.82,1.09,25.9,34.9,65,14.42,12220810,72610,73.95,3427.05,0,1200,400,720,240,4200,7500,8500,102,1.5,6000,0,0,0,0,0,70.44,30,70.63,62.45,59.9,0,0
2026-08-24T11:27:44.520000+09:00,2026-08-24T02:27:44.520000+00:00,094623,2144.2,1,0,0,0,0,13420,515,13420,0,0,0,0,4655,-28608,12374,6,5024,72,129,0,0,0,0,0,0,0,0,0,31082107,2018,0.37,868.25,3012.48,0,55.1,96.2,67.9,43.4,59.7,521,91.7,599.9,137.3,135.7,1012.1,364266,4374,12.69,90,1570,2.8,1.12,25.9,35.5,65,9.92,12220812,72610,57.45,3427.05,0,1200,400,720,240,4200,7500,8500,102,1.5,6000,0,0,0,0,0,67.96,30,57,61.11,59.9,0,0
2026-08-24T11:28:44.621000+09:00,2026-08-24T02:28:44.621000+00:00,094623,2764.4,1,0,0,0,0,13420,494,13420,0,0,0,0,4655,-28608,10326,6,4480,0,129,0,0,0,0,0,0,0,0,0,31082107,2018,0.36,1156.35,3920.71,0,55,98.8,67.8,43.4,59.5,515.6,89.8,603.5,140.7,139.4,1035,364266,4374,12.36,90.8,1490,2.67,1.19,30.6,39.3,65,24.18,12220814,72610,63.17,3427.06,0,1200,400,720,240,4200,7500,8500,102,1.5,6000,0,0,0,0,0,74.78,30,71.57,71.78,59.9,0,0
2026-08-24T11:29:44.711000+09:00,2026-08-24T02:29:44.711000+00:00,094623,1746.0,1,0,0,0,0,13420,494,13420,0,0,0,0,4651,-28608,18518,6,4992,16,129,0,0,0,0,0,0,0,0,0,31082107,2018,0.31,620.44,2366.4,0,55.3,97.9,68,43.4,59.9,522.9,86.4,607,143.7,142,1015.3,364266,4374,12.3,89,1490,2.72,1.13,23,35,65,11.09,12220817,72610,72.84,3427.06,0,1200,400,720,240,4200,7500,8500,102,1.5,6000,0,0,0,0,0,67.07,30,62.99,57.66,59.9,0,0
2026-08-24T11:30:44.806000+09:00,2026-08-24T02:30:44.806000+00:00,094623,1693.5,1,0,0,0,0,13420,491,13420,0,0,0,0,4655,-28608,10326,590,4992,8192,129,0,0,0,0,0,0,0,0,0,31082107,2018,0.37,712,2405.47,0,55,97.1,68.1,43.4,59.8,520.2,99.5,601.6,139.6,138,1024.2,364266,4374,12.85,90,1490,2.7,1.14,23.1,34.7,65,11.14,12220819,72610,56.04,3427.06,0,1200,400,720,240,4200,7500,8500,102,1.5,6000,0,0,0,0,0,67.49,30,58.26,59.99,59.9,0,0
2026-08-24T11:31:44.891000+09:00,2026-08-24T02:31:44.891000+00:00,094623,2661.8,1,0,0,0,0,13420,495,13420,0,0,0,0,4651,-28608,10326,590,4480,8192,129,0,0,0,0,0,0,0,0,0,31082107,2018,0.35,1105.08,3766.9,0,55,98.9,68,43.4,59.7,517.3,93.2,608.7,143.6,142.2,1008,364267,4375,12.62,90.6,1500,2.65,1.16,30.4,40,65,25.07,12220822,72610,67.52,3427.06,0,1200,400,720,240,4200,7500,8500,102,1.5,6000,0,0,0,0,0,76.05,30,72.96,71.68,59.9,0,0
2026-08-24T11:32:45+09:00,2026-08-24T02:32:45+00:00,094623,1958.4,1,0,0,0,0,13420,448,13420,0,0,0,0,4651,-28608,12374,6,5024,72,129,0,0,0,0,0,0,0,0,0,31082107,2018,0.33,683.92,2642.29,0,55.4,97.9,68,43.4,60,525.9,91.1,602,140.7,139.2,1015.9,364267,4375,12.63,88.9,1310,2.46,1.83,27.1,39,65,10.76,12220825,72610,71.19,3427.06,0,1200,400,720,240,4200,7500,8500,102,1.5,6000,0,0,0,0,0,66.47,30,62.6,56.14,59.9,0,0
2026-08-24T11:33:45.087000+09:00,2026-08-24T02:33:45.087000+00:00,094623,1996.2,1,0,0,0,0,13420,474,13420,0,0,0,0,4655,-28608,10326,6,4992,0,129,0,0,0,0,0,0,0,0,0,31082107,2018,0.38,692.46,2688.68,0,55.1,97.2,67.9,43.4,59.7,522,90,602.9,137.9,136.4,1025,364267,4375,12.59,90.5,1300,2.51,1.91,27,38.1,65,11.33,12220827,72610,56.86,3427.06,0,1200,400,720,240,4200,7500,8500,102,1.5,6000,0,0,0,0,0,66.54,30,58.4,60.92,60,0,0
2026-08-24T11:34:45.185000+09:00,2026-08-24T02:34:45.185000+00:00,094623,2774.1,1,0,0,0,0,13420,503,13420,0,0,0,0,4651,-28608,10326,6,4992,0,129,0,0,0,0,0,0,0,0,0,31082107,2018,0.33,1171,3945.13,0,55.1,99,68,43.5,59.6,517,86.6,610.9,145.1,143.9,1040.5,364267,4375,12.88,90.1,1520,2.7,1.14,29.4,37.2,65,24.35,12220830,72610,68.99,3427.06,0,1200,400,720,240,4200,7500,8500,102,1.5,6000,0,0,0,0,0,74.72,30,72.67,69.26,60,0,0
2026-08-24T11:35:45.280000+09:00,2026-08-24T02:35:45.280000+00:00,094623,1667.8,1,0,0,0,0,13420,490,13420,0,0,0,0,4655,-28608,10390,590,21376,8192,129,0,0,0,0,0,0,0,0,0,31082107,2018,0.32,614.34,2282.17,0,55.3,96.7,68.3,43.5,59.9,523.2,93.5,603.5,140.7,139.1,1006.9,364267,4375,12.59,89.3,1480,2.7,1.13,22.7,35.1,65,11.23,12220832,72610,65.08,3427.06,0,1200,400,720,240,4200,7500,8500,102,1.5,6000,0,0,0,0,0,68.03,30,59.17,58.14,60,0,0
2026-08-24T11:36:45.382000+09:00,2026-08-24T02:36:45.382000+00:00,094623,1704.5,1,0,0,0,0,13420,489,13420,0,0,0,0,4655,-28608,10326,590,4992,8192,129,0,0,0,0,0,0,0,0,0,31082107,2018,0.39,686.36,2390.82,0,55.1,97.9,68.2,43.5,59.7,519.9,98.7,604,138.5,136.9,1011.8,364267,4375,12.69,90.8,1470,2.69,1.11,22.7,33.9,65,11.44,12220834,72610,56.99,3427.06,0,1200,400,720,240,4200,7500,8500,102,1.5,6000,0,0,0,0,0,67.95,30,60.57,62.42,60,0,0
2026-08-24T11:37:45.481000+09:00,2026-08-24T02:37:45.481000+00:00,094623,2404.2,1,0,0,0,0,13420,502,13420,0,0,0,0,4655,-28608,12390,6,13220,8,129,0,0,0,0,0,0,0,0,0,31082107,2018,0.3,898.77,3303.02,0,55.3,99.8,68,43.5,59.9,521.1,90,611.2,146.2,145,1019.2,364268,4376,12.69,89.6,1510,2.73,1.1,26.1,34.6,65,18.89,12220838,72610,73.38,3427.07,0,1200,400,720,240,4200,7500,8500,102,1.5,6000,0,0,0,0,0,71.7,30,72.05,64.49,60,0,0
2026-08-24T11:38:45.588000+09:00,2026-08-24T02:38:45.588000+00:00,094623,1606.8,1,0,0,0,0,13420,497,13420,0,0,0,0,4651,-28608,10326,6,4992,0,129,0,0,0,0,0,0,0,0,0,31082107,2018,0.33,614.34,2221.14,0,55.4,96,68.2,43.6,60,521.2,89.3,605.7,138.8,137.1,1014.1,364268,4376,12.62,89.5,1480,2.72,1.07,21.8,33.3,65,11.75,12220840,72610,60.04,3427.07,0,1200,400,720,240,4200,7500,8500,102,1.5,6000,0,0,0,0,0,68.16,30,56.72,58.79,60,0,0
2026-08-24T11:39:45.688000+09:00,2026-08-24T02:39:45.688000+00:00,094623,1944.9,1,0,0,0,0,13420,493,13420,0,0,0,0,4651,-28608,10310,6,12676,0,129,0,0,0,0,0,0,0,0,0,31082107,2018,0.38,747.4,2692.34,0,55.3,98.7,67.8,43.6,59.8,519.1,93.9,606,137.6,136,1008.1,364268,4376,12.67,90.4,1490,2.68,1.19,25.5,37.8,65,14.05,12220842,72610,57.21,3427.07,0,1200,400,720,240,4200,7500,8500,102,1.5,6000,0,0,0,0,0,69.13,30,65.62,63.55,60,0,0
2026-08-24T11:40:45.828000+09:00,2026-08-24T02:40:45.828000+00:00,094623,2085.6,1,0,0,0,0,13420,500,13420,0,0,0,0,4651,-28608,10326,6,4992,0,129,0,0,0,0,0,0,0,0,0,31082107,2018,0.31,786.46,2872.1,0,55.6,99.4,68,43.6,60,521.3,99.9,611.1,146.2,144.9,1050.6,364268,4376,12.4,89.8,1500,2.73,1.11,24.2,33.8,65,14.27,12220845,72610,73.82,3427.07,0,1200,400,720,240,4200,7500,8500,102,1.5,6000,0,0,0,0,0,69.14,30,68.57,61.92,60,0,0
2026-08-24T11:41:45.914000+09:00,2026-08-24T02:41:45.914000+00:00,094623,1977.9,1,0,0,0,0,13420,521,13420,0,0,0,0,4655,-28608,10326,582,4992,0,129,0,0,0,0,0,0,0,0,0,31082107,2018,0.36,820.64,2798.55,0,55.5,96.4,68.2,43.6,60.1,519.3,108.5,601.1,137.8,136,1007.2,364268,4376,12.74,89.9,1570,2.86,1.08,24.1,33.9,65,14.15,12220847,72610,59.91,3427.07,0,1200,400,720,240,4200,7500,8500,102,1.5,6000,0,0,0,0,0,70.98,30,60.11,62.71,60,0,0
2026-08-24T11:42:46.019000+09:00,2026-08-24T02:42:46.019000+00:00,094623,2141.8,1,0,0,0,0,13420,494,13420,0,0,0,0,4651,-28608,18518,6,4480,528,129,0,0,0,0,0,0,0,0,0,31082107,2018,0.39,845.06,2986.85,0,55.4,98.2,68,43.7,59.8,520,97.8,603,135.5,133.7,1018.2,364268,4376,12.5,91.2,1490,2.67,1.19,27.4,40.4,65,18.68,12220849,72610,59.05,3427.07,0,1200,400,720,240,4200,7500,8500,102,1.5,6000,0,0,0,0,0,72.89,30,66.64,69.62,60.1,0,0
2026-08-24T11:43:46.111000+09:00,2026-08-24T02:43:46.111000+00:00,094623,1952.3,1,0,0,0,0,13420,499,13420,0,0,0,0,4651,-28608,10326,6,4992,0,129,0,0,0,0,0,0,0,0,0,31082107,2018,0.3,650.96,2603.23,0,55.7,100.1,68,43.8,60,524.3,93.8,613.3,144.3,143.3,1034,364269,4377,12.68,89.2,1500,2.74,1.13,23.6,34.9,65,13,12220853,72610,76.54,3427.07,0,1200,400,720,240,4200,7500,8500,102,1.5,6000,0,0,0,0,0,68.67,30,70.51,59.87,60.1,0,0
2026-08-24T11:44:46.212000+09:00,2026-08-24T02:44:46.212000+00:00,094623,1619.0,1,0,0,0,0,13420,491,13420,0,0,0,0,4651,-28608,10326,6,4992,0,129,0,0,0,0,0,0,0,0,0,31082107,2018,0.39,558.18,2177.19,0,55.4,96,68.2,43.8,60,522.7,95.6,607.3,137.1,135.6,1024.9,364269,4377,12.65,90.2,1470,2.69,1.09,22.1,34.7,65,11.31,12220855,72610,56.44,3427.07,0,1200,400,720,240,4200,7500,8500,102,1.5,6000,0,0,0,0,0,68.43,30,55.98,60.92,60.1,0,0
2026-08-24T11:45:46.315000+09:00,2026-08-24T02:45:46.315000+00:00,094623,2631.3,1,0,0,0,0,13420,492,13420,0,0,0,0,4651,-28608,12374,6,4480,8,129,0,0,0,0,0,0,0,0,0,31082107,2018,0.34,1123.39,3754.69,0,55.3,99.2,67.9,43.8,59.8,514.4,91.4,612.1,139.5,138.3,1038.6,364269,4377,12.52,91.1,1490,2.65,1.21,29.8,39.1,65,21.33,12220857,72610,64.22,3427.07,0,1200,400,720,240,4200,7500,8500,102,1.5,6000,0,0,0,0,0,74.19,30,72.01,71.65,60.1,0,0
2026-08-24T11:46:46.397000+09:00,2026-08-24T02:46:46.397000+00:00,094623,1754.5,1,0,0,0,0,13420,493,13420,0,0,0,0,4651,-28608,10326,6,4992,0,129,0,0,0,0,2,0,0,0,0,31082107,2018,0.3,639.97,2394.48,0,55.6,97.7,68.3,43.7,60.2,519.7,88.7,611.4,143,141.8,1019,364269,4377,12.64,89.1,1470,2.7,1.07,22.2,32.8,65,11.52,12220860,72610,72.6,3427.08,0,1200,400,720,240,4200,7500,8500,102,1.5,6000,0,0,0,0,0,68.98,30,62.65,58.75,60.1,0,0
2026-08-24T11:47:46.507000+09:00,2026-08-24T02:47:46.507000+00:00,094623,1697.1,1,0,0,0,0,13420,499,13420,0,0,0,0,4651,-28608,18518,6,4992,528,129,0,0,0,0,2,0,0,0,0,31082107,2018,0.36,652.18,2349.31,0,55.2,97,68.2,43.8,60.1,516.7,89.3,606.5,139.6,138.2,1024.6,364269,4377,12.76,89.7,1490,2.73,1.05,21.9,32.3,65,11.5,12220862,72610,59.19,3427.08,0,1200,400,720,240,4200,7500,8500,102,1.5,6000,0,0,0,0,0,69.19,30,58.62,59.88,60.1,0,0
2026-08-24T11:48:46.589000+09:00,2026-08-24T02:48:46.589000+00:00,094623,2902.3,1,0,0,0,0,13420,495,13420,0,0,0,0,4651,-28608,10326,6,4480,0,129,0,0,0,0,0,0,0,0,0,31082107,2018,0.35,1192.97,4095.28,0,55.2,98.9,67.9,43.8,59.9,514.3,94.1,612.7,143.2,142.1,1025.3,364269,4377,12.55,90.4,1500,2.67,1.16,31.2,39,65,25.39,12220865,72610,64.21,3427.08,0,1200,400,720,240,4200,7500,8500,102,1.5,6000,0,0,0,0,0,76.9,30,73.32,71.29,60.2,0,0
2026-08-24T11:49:46.694000+09:00,2026-08-24T02:49:46.694000+00:00,094623,1964.5,1,0,0,0,0,13420,521,13420,0,0,0,0,4651,-28608,10326,6,4992,0,129,0,0,0,0,0,0,0,0,0,31082107,2018,0.33,792.57,2757.04,0,55.5,97.3,68,43.8,60.2,519.8,94.6,607.1,140.7,139.3,1017.4,364270,4378,12.73,89.5,1570,2.86,1.07,23.8,33.6,65,16.58,12220868,72610,68.61,3427.08,0,1200,400,720,240,4200,7500,8500,102,1.5,6000,0,0,0,0,0,70.71,30,63.76,61.65,60.2,0,0
2026-08-24T11:50:46.836000+09:00,2026-08-24T02:50:46.836000+00:00,094623,2128.4,1,0,0,0,0,13420,523,13420,0,0,0,0,4651,-28608,12374,6,5024,72,129,0,0,0,0,0,0,0,0,0,31082107,2018,0.39,930.51,3058.87,0,55.3,97.4,67.8,43.8,60,517.9,96,604.8,137.3,136,1051,364270,4378,12.75,90.3,1570,2.84,1.11,25.2,34,65,16.5,12220870,72610,57.61,3427.08,0,1200,400,720,240,4200,7500,8500,102,1.5,6000,0,0,0,0,0,71.14,30,62.88,64.94,60.1,0,0
2026-08-24T11:51:46.947000+09:00,2026-08-24T02:51:46.947000+00:00,094623,2764.4,1,0,0,0,0,13420,502,13420,0,0,0,0,4655,-28608,10326,6,4992,0,129,0,0,0,0,0,0,0,0,0,31082107,2018,0.34,1241.8,4006.16,0,55.4,99.4,67.7,43.8,59.9,516.5,110.5,612.1,146.9,146.2,1047.7,364270,4378,12.91,89.9,1510,2.71,1.13,28.3,35,65,22.22,12220873,72610,71.28,3427.08,0,1200,400,720,240,4200,7500,8500,102,1.5,6000,0,0,0,0,0,73.33,30,72.53,67.79,60.1,0,0
2026-08-24T11:52:47.041000+09:00,2026-08-24T02:52:47.041000+00:00,094623,1959.6,1,0,0,0,0,13420,444,13420,0,0,0,0,4655,-26560,18518,6,4992,528,129,0,0,0,0,0,0,0,0,0,31082107,2018,0.34,652.18,2611.77,0,55.5,96.3,68.1,43.8,60.3,523.3,103.7,608.8,141.1,139.7,1009.5,364270,4378,12.44,89.4,1310,2.54,1.9,26.5,38.1,65,10.68,12220875,72610,63.36,3427.08,0,1200,400,720,240,4200,7500,8500,102,1.5,6000,0,0,0,0,0,67.36,30,57.16,58.03,60.2,0,0
2026-08-24T11:53:47.135000+09:00,2026-08-24T02:53:47.135000+00:00,094623,1704.5,1,0,0,0,0,13420,497,13420,0,0,0,0,4651,-28608,10326,6,4480,0,129,0,0,0,0,0,0,0,0,0,31082107,2018,0.39,604.57,2309.03,0,55.3,98.3,68.1,43.9,60,522.2,96.5,605.4,137.6,136.2,1011.3,364270,4378,12.41,90.4,1490,2.73,1.15,23.3,36.1,65,11.37,12220877,72610,58.22,3427.08,0,1200,400,720,240,4200,7500,8500,102,1.5,6000,0,0,0,0,0,68.78,30,62.29,62.09,60.2,0,0
2026-08-24T11:54:47.228000+09:00,2026-08-24T02:54:47.228000+00:00,094623,2406.7,1,0,0,0,0,13420,502,13420,0,0,0,0,4655,-26560,10390,6,21377,0,129,0,0,0,0,0,0,0,0,0,31082107,2018,0.32,881.68,3288.37,0,55.5,99.7,67.9,43.9,60.1,519.7,97.1,616.1,148.9,148.1,1034.6,364270,4378,12.7,89.7,1520,2.73,1.08,25.3,33,65,17.13,12220880,72610,71.31,3427.08,0,1200,400,720,240,4200,7500,8500,102,1.5,6000,0,0,0,0,0,70.9,30,70.72,63.6,60.2,0,0
2026-08-24T11:55:47.389000+09:00,2026-08-24T02:55:47.389000+00:00,094623,1649.5,1,0,0,0,0,13420,497,13420,0,0,0,0,4651,-28608,12374,6,5024,72,129,0,0,0,0,0,0,0,0,0,31082107,2018,0.34,598.47,2247.99,0,55.5,96.2,68.2,44,60.2,524,91.5,607,139.4,137.8,1014.2,364271,4379,12.93,89.7,1500,2.73,1.14,22.7,35.9,65,10.98,12220883,72610,60.17,3427.08,0,1200,400,720,240,4200,7500,8500,102,1.5,6000,0,0,0,0,0,68.86,30,57.17,59.76,60.2,0,0
2026-08-24T11:56:47.425000+09:00,2026-08-24T02:56:47.425000+00:00,094623,2140.6,1,0,0,0,0,13420,494,13420,0,0,0,0,4655,-28608,10342,518,12676,0,129,0,0,0,0,0,0,0,0,0,31082107,2018,0.39,769.37,2909.94,0,55.4,98.5,67.9,44,60,518.8,102.5,606.9,137.4,135.9,1019.3,364271,4379,12.74,90.8,1490,2.68,1.19,26.3,38,65,15.87,12220885,72610,59.15,3427.09,0,1200,400,720,240,4200,7500,8500,102,1.5,6000,0,0,0,0,0,71.32,30,65.99,66.59,60.2,0,0
2026-08-24T11:57:47.522000+09:00,2026-08-24T02:57:47.522000+00:00,094623,1841.2,1,0,0,0,0,13420,500,13420,0,0,0,0,4651,-28608,18518,6,4992,528,129,0,0,0,0,0,0,0,0,0,31082107,2018,0.3,575.27,2416.46,0,55.6,99.7,68,44,60.1,525.9,96.6,614.7,144.5,143.6,1021.7,364271,4379,12.69,89.6,1510,2.73,1.13,23.4,35.9,65,13.16,12220888,72610,75.75,3427.09,0,1200,400,720,240,4200,7500,8500,102,1.5,6000,0,0,0,0,0,69.07,30,69.23,61.28,60.3,0,0
2026-08-24T11:58:47.634000+09:00,2026-08-24T02:58:47.634000+00:00,094623,1554.3,1,0,0,0,0,13420,496,13420,0,0,0,0,4651,-28608,10326,6,4992,0,129,0,0,0,0,0,0,0,0,0,31082107,2018,0.36,547.2,2101.5,0,55.4,96.3,68,44.1,60,522.8,92.9,602,136.6,134.9,1004.5,364271,4379,12.44,89.7,1480,2.71,1.07,21.7,34.1,65,11.72,12220890,72610,58.53,3427.09,0,1200,400,720,240,4200,7500,8500,102,1.5,6000,0,0,0,0,0,68.09,30,56.74,59.72,60.3,0,0
2026-08-24T11:59:47.719000+09:00,2026-08-24T02:59:47.719000+00:00,094623,2477.5,1,0,0,0,0,13420,492,13420,0,0,0,0,4651,-28608,10326,6,4480,0,129,0,0,0,0,0,0,0,0,0,31082107,2018,0.37,956.14,3433.64,0,55.3,98.6,67.9,44.1,59.6,515.6,92.2,607.8,138.5,137,1026.9,364271,4379,12.91,91.2,1490,2.65,1.21,29.1,39.7,65,20.68,12220892,72610,61,3427.09,0,1200,400,720,240,4200,7500,8500,102,1.5,6000,0,0,0,0,0,73.8,30,69.46,71.13,60.2,0,0
2026-08-24T12:00:47.835000+09:00,2026-08-24T03:00:47.835000+00:00,094623,1923.0,1,0,0,0,0,13420,521,13420,0,0,0,0,4651,-28608,12374,6,5024,72,129,0,0,0,0,0,0,0,0,0,31082107,2018,0.31,721.76,2644.73,0,55.6,99.5,68.1,44.1,60.1,520.9,91.5,610.2,141.9,140.5,1004.7,364271,4379,12.8,88.9,1570,2.86,1.04,23.5,33.9,65,16.67,12220895,72610,74.67,3427.09,0,1200,400,720,240,4200,7500,8500,102,1.5,6000,0,0,0,0,0,70.7,30,70.77,60.61,60.3,0,0
2026-08-24T12:01:47.931000+09:00,2026-08-24T03:01:47.931000+00:00,094623,2095.4,1,0,0,0,0,13420,522,13420,0,0,0,0,4651,-28608,10326,6,4992,0,129,0,0,0,0,0,0,0,0,0,31082107,2018,0.4,934.17,3029.57,0,55.4,96.4,67.9,44.1,59.9,518,93.7,606,137,135.7,1027,364272,4380,12.67,90,1570,2.84,1.09,24.9,33.6,65,11.61,12220897,72610,58.19,3427.09,0,1200,400,720,240,4200,7500,8500,102,1.5,6000,0,0,0,0,0,70.5,30,60.1,63.34,60.3,0,0
2026-08-24T12:02:48.041000+09:00,2026-08-24T03:02:48.041000+00:00,094623,3063.8,1,0,0,0,0,13420,496,13420,0,0,0,0,4651,-28608,18518,6,4480,0,129,0,0,0,0,0,0,0,0,0,31082107,2018,0.35,1343.12,4406.87,0,55.4,99.3,67.8,44.1,59.8,512.1,94.7,613.2,144.5,143.3,1030.1,364272,4380,12.73,90.6,1500,2.66,1.16,31.4,37.3,65,24.54,12220900,72610,62.79,3427.09,0,1200,400,720,240,4200,7500,8500,102,1.5,6000,0,0,0,0,0,75.29,30,74.34,71.66,60.3,0,0
2026-08-24T12:03:48.144000+09:00,2026-08-24T03:03:48.144000+00:00,094623,1818.0,1,0,0,0,0,13420,517,13420,0,0,0,0,4651,-28608,10326,6,4992,0,129,0,0,0,0,0,0,0,0,0,31082107,2018,0.33,720.54,2538.53,0,55.7,97,68.3,44.1,60.3,517.3,94.6,611.7,142.4,141,1011.5,364272,4380,12.92,89.3,1550,2.85,1.03,22.3,31.9,65,16.75,12220903,72610,66.97,3427.09,0,1200,400,720,240,4200,7500,8500,102,1.5,6000,0,0,0,0,0,69.17,30,60.85,59.73,60.3,0,0
2026-08-24T12:04:48.244000+09:00,2026-08-24T03:04:48.244000+00:00,094623,1847.3,1,0,0,0,0,13420,520,13420,0,0,0,0,4651,-28608,10326,6,4992,0,129,0,0,0,0,0,0,0,0,0,31082107,2018,0.38,847.5,2694.78,0,55.5,97.7,68.1,44.1,60.2,516.7,92.1,608.5,138,136.5,1024.2,364272,4380,12.8,89.8,1560,2.85,1.06,23.2,32.5,65,15.74,12220905,72610,58.73,3427.09,0,1200,400,720,240,4200,7500,8500,102,1.5,6000,0,0,0,0,0,70.23,30,62.58,62.09,60.4,0,0
2026-08-24T12:05:48.336000+09:00,2026-08-24T03:05:48.336000+00:00,094623,2615.4,1,0,0,0,0,13420,503,13420,0,0,0,0,4651,-28608,12374,6,5024,8,129,0,0,0,0,0,0,0,0,0,31082107,2018,0.36,1023.29,3638.72,0,55.7,99.3,67.9,44.2,60.1,517.9,96.4,617.6,146.8,145.9,1031.3,364272,4380,12.74,89.9,1520,2.72,1.1,27.8,35.6,65,22.65,12220908,72610,68.23,3427.1,0,1200,400,720,240,4200,7500,8500,102,1.5,6000,0,0,0,0,0,74.2,30,72.53,67.58,60.3,0,0
2026-08-24T12:06:48.427000+09:00,2026-08-24T03:06:48.427000+00:00,094623,1485.9,1,0,0,0,0,13420,497,13420,0,0,0,0,4651,-28608,10326,6,4992,0,129,0,0,0,0,0,0,0,0,0,31082107,2018,0.35,383.62,1869.56,0,55.9,96.5,68.1,44.4,60.3,525.2,97.3,609.2,139.5,138,1023.3,364272,4380,12.77,89.7,1500,2.7,1.05,22.6,37.7,65,11.35,12220910,72610,64.71,3427.1,0,1200,400,720,240,4200,7500,8500,102,1.5,6000,0,0,0,0,0,68.42,30,59.29,59.94,60.4,0,0
2026-08-24T12:07:48.563000+09:00,2026-08-24T03:07:48.563000+00:00,094623,1698.4,1,0,0,0,0,13420,500,13420,0,0,0,0,4651,-28608,10326,6,4480,0,129,0,0,0,0,0,0,0,0,0,31082107,2018,0.39,610.67,2309.03,0,55.7,98.3,68,44.4,60.1,523.2,97.9,606.1,135.9,134.4,994.7,364273,4381,12.61,90.7,1510,2.74,1.15,23.2,36.1,65,11.3,12220912,72610,58.46,3427.1,0,1200,400,720,240,4200,7500,8500,102,1.5,6000,0,0,0,0,0,68.44,30,62.56,63.28,60.4,0,0
2026-08-24T12:08:48.651000+09:00,2026-08-24T03:08:48.651000+00:00,094623,2263.9,1,0,0,0,0,13420,501,13420,0,0,0,0,4651,-28608,10326,6,4992,0,129,0,0,0,0,0,0,0,0,0,31082107,2018,0.32,881.68,3145.54,0,55.9,99.5,68,44.4,60.2,522.5,91.2,617.1,147.1,146.2,1017.7,364273,4381,12.84,89.8,1510,2.72,1.1,25.5,34.6,65,17.78,12220916,72610,72.1,3427.1,0,1200,400,720,240,4200,7500,8500,102,1.5,6000,0,0,0,0,0,71.69,30,71.05,64.64,60.4,0,0
2026-08-24T12:09:48.745000+09:00,2026-08-24T03:09:48.745000+00:00,094623,1703.2,1,0,0,0,0,13420,491,13420,0,0,0,0,4651,-28608,10326,6,4992,0,129,0,0,0,0,0,0,0,0,0,31082107,2018,0.35,632.65,2335.89,0,55.9,96.5,68,44.4,60.4,522,96.1,610.3,140,138.5,1002.7,364273,4381,12.67,89.9,1480,2.68,1.13,23,35,65,10.96,12220918,72610,61.65,3427.1,0,1200,400,720,240,4200,7500,8500,102,1.5,6000,0,0,0,0,0,68.29,30,58.24,60.73,60.4,0,0
2026-08-24T12:10:48.853000+09:00,2026-08-24T03:10:48.853000+00:00,094623,1949.8,1,0,0,0,0,13420,494,13420,0,0,0,0,4651,-28608,10326,590,4480,8720,129,0,0,0,0,0,0,0,0,0,31082107,2018,0.38,766.93,2716.76,0,55.7,98.1,68,44.5,60.2,518.7,97.6,609.7,138.1,136.6,1000.6,364273,4381,12.33,91.5,1490,2.68,1.18,25.9,38.4,65,14.83,12220920,72610,58.21,3427.1,0,1200,400,720,240,4200,7500,8500,102,1.5,6000,0,0,0,0,0,71.26,30,64.57,68.82,60.5,0,0
2026-08-24T12:11:48.936000+09:00,2026-08-24T03:11:48.936000+00:00,094623,1971.8,1,0,0,0,0,13420,500,13420,0,0,0,0,4655,-28608,10390,590,21376,8192,129,0,0,0,0,0,0,0,0,0,31082107,2018,0.31,668.05,2639.85,0,56.1,99.9,68,44.4,60.4,525.4,93.8,615.5,146.4,145.4,1018.6,364273,4381,12.36,89.2,1500,2.72,1.12,24.1,35.2,65,14.72,12220923,72610,74.01,3427.1,0,1200,400,720,240,4200,7500,8500,102,1.5,6000,0,0,0,0,0,70.3,30,70.87,61.51,60.4,0,0
2026-08-24T12:12:49.030000+09:00,2026-08-24T03:12:49.030000+00:00,094623,2080.8,1,0,0,0,0,13420,522,13420,0,0,0,0,4651,-28608,10326,6,4992,0,129,0,0,0,0,0,0,0,0,0,31082107,2018,0.35,917.08,2997.83,0,55.9,96.1,68.1,44.4,60.4,520.4,89.3,606.8,137.7,136.2,1024.8,364273,4381,12.75,89.8,1570,2.84,1.12,25.5,35.4,65,12.4,12220925,72610,58.75,3427.1,0,1200,400,720,240,4200,7500,8500,102,1.5,6000,0,0,0,0,0,72.8,30,60.34,64.29,60.5,0,0
2026-08-24T12:13:49.126000+09:00,2026-08-24T03:13:49.126000+00:00,094623,2371.3,1,0,0,0,0,13420,493,13420,0,0,0,0,4651,-28608,10390,6,20864,8,129,0,0,0,0,0,0,0,0,0,31082107,2018,0.39,931.73,3303.02,0,55.8,98.8,67.8,44.5,60.2,515.5,99.4,605.3,139.2,137.8,1032.3,364274,4382,12.51,90.7,1490,2.67,1.2,28,38.5,65,18.74,12220927,72610,61.48,3427.1,0,1200,400,720,240,4200,7500,8500,102,1.5,6000,0,0,0,0,0,72.97,30,69.32,68.57,60.5,0,0
2026-08-24T12:14:49.229000+09:00,2026-08-24T03:14:49.229000+00:00,094623,1966.9,1,0,0,0,0,13421,445,13421,0,0,0,0,4651,-28608,10326,6,4992,0,129,0,0,0,0,0,0,0,0,0,31082107,2018,0.3,594.81,2561.72,0,55.9,99.2,68,44.5,60.5,525.2,92.7,609.2,142.2,141,1009.6,364274,4382,12.63,89.4,1320,2.52,1.85,26.6,38.8,65,12.28,12220931,72610,74.23,3427.1,0,1200,400,720,240,4200,7500,8500,102,1.5,6000,0,0,0,0,0,68.02,30,66.72,59.37,60.5,0,0
2026-08-24T12:15:49.322000+09:00,2026-08-24T03:15:49.322000+00:00,094623,1500.6,1,0,0,0,0,13421,497,13421,0,0,0,0,4651,-28608,18534,6,13188,528,129,0,0,0,0,0,0,0,0,0,31082107,2018,0.38,437.33,1937.92,0,55.6,96.4,67.9,44.5,60.1,525.7,93.6,600.4,134.8,133.1,1025.2,364274,4382,12.3,90.2,1450,2.71,1.44,23.3,38.6,65,11.17,12220933,72610,59.52,3427.11,0,1200,400,720,240,4200,7500,8500,102,1.5,6000,0,0,0,0,0,68.41,30,57.06,61.7,60.5,0,0
2026-08-24T12:16:49.411000+09:00,2026-08-24T03:16:49.411000+00:00,094623,2807.1,1,0,0,0,0,13421,495,13421,0,0,0,0,4651,-28608,10326,6,4480,0,129,0,0,0,0,0,0,0,0,0,31082107,2018,0.34,1202.73,4009.83,0,55.4,99.2,67.7,44.5,59.8,514.3,96.2,606.7,138.9,137.3,1032.8,364274,4382,12.42,90.7,1490,2.65,1.19,30.7,38.9,65,23.08,12220935,72610,62.78,3427.11,0,1200,400,720,240,4200,7500,8500,102,1.5,6000,0,0,0,0,0,75.18,30,73.35,72.04,60.6,0,0
2026-08-24T12:17:49.523000+09:00,2026-08-24T03:17:49.523000+00:00,094623,1781.4,1,0,0,0,0,13421,496,13421,0,0,0,0,4651,-28608,10326,6,4992,0,129,0,0,0,0,0,0,0,0,0,31082107,2018,0.32,644.86,2426.22,0,55.8,97.4,68.1,44.5,60.3,521.9,95.8,609.7,143,141.9,1006,364274,4382,12.82,88.9,1500,2.72,1.13,23.1,34.8,65,11.17,12220938,72610,68.57,3427.11,0,1200,400,720,240,4200,7500,8500,102,1.5,6000,0,0,0,0,0,68.41,30,61.62,58.21,60.5,0,0
2026-08-24T12:18:49.621000+09:00,2026-08-24T03:18:49.621000+00:00,094623,1637.3,1,0,0,0,0,13421,496,13421,0,0,0,0,4651,-28608,12374,6,5024,72,129,0,0,0,0,0,0,0,0,0,31082107,2018,0.38,543.53,2180.85,0,55.5,97.4,68,44.6,60.3,522.9,96.7,604,137.1,135.5,1016.7,364274,4382,12.57,89.7,1500,2.71,1.13,22.9,36.4,65,11.25,12220940,72610,57.37,3427.11,0,1200,400,720,240,4200,7500,8500,102,1.5,6000,0,0,0,0,0,68.22,30,59.66,59.45,60.6,0,0
2026-08-24T12:19:49.727000+09:00,2026-08-24T03:19:49.727000+00:00,094623,2978.0,1,0,0,0,0,13421,498,13421,0,0,0,0,4651,-28608,10326,6,4992,0,129,0,0,0,0,0,0,0,0,0,31082107,2018,0.35,1207.62,4185.61,0,55.5,98.7,67.8,44.6,60,515.9,95.4,609.8,143.6,142.5,1051.1,364275,4383,12.57,90.7,1510,2.66,1.17,31.3,38.7,65,25.65,12220943,72610,65.86,3427.11,0,1200,400,720,240,4200,7500,8500,102,1.5,6000,0,0,0,0,0,75.92,30,72.23,72.14,60.6,0,0
2026-08-24T12:20:49.828000+09:00,2026-08-24T03:20:49.828000+00:00,094623,1671.5,1,0,0,0,0,13421,514,13421,0,0,0,0,4651,-28608,18518,6,4992,528,129,0,0,0,0,0,0,0,0,0,31082107,2018,0.34,639.97,2311.47,0,55.8,98,68.1,44.6,60.4,519.8,93.2,605.8,140.8,139.4,1021.6,364275,4383,12.44,89.3,1530,2.82,1.03,21.6,32,65,15.2,12220946,72610,66.83,3427.11,0,1200,400,720,240,4200,7500,8500,102,1.5,6000,0,0,0,0,0,68.39,30,64.49,59,60.6,0,0
2026-08-24T12:21:49.924000+09:00,2026-08-24T03:21:49.924000+00:00,094623,1750.8,1,0,0,0,0,13421,518,13421,0,0,0,0,4655,-28608,10326,6,4992,0,129,0,0,0,0,0,0,0,0,0,31082107,2018,0.39,708.33,2459.18,0,55.6,96.9,68.1,44.5,60.2,518.8,98.6,603.4,136.8,135.3,1006.7,364275,4383,12.91,90.3,1550,2.85,1.04,22.2,32.2,65,16.69,12220948,72610,57.12,3427.11,0,1200,400,720,240,4200,7500,8500,102,1.5,6000,0,0,0,0,0,69.08,30,58.97,62.17,60.6,0,0
2026-08-24T12:22:50.046000+09:00,2026-08-24T03:22:50.046000+00:00,094623,2549.5,1,0,0,0,0,13421,501,13421,0,0,0,0,4655,-28608,10326,6,4992,0,129,0,0,0,0,0,0,0,0,0,31082107,2018,0.31,991.55,3541.06,0,55.8,99.5,67.9,44.5,60.2,519.5,95.9,612,145.4,144.3,1021.1,364275,4383,12.8,89.9,1510,2.7,1.1,27.4,35.8,65,21.64,12220951,72610,69.19,3427.11,0,1200,400,720,240,4200,7500,8500,102,1.5,6000,0,0,0,0,0,73.53,30,72.64,67.32,60.6,0,0
2026-08-24T12:23:50.143000+09:00,2026-08-24T03:23:50.143000+00:00,094623,2106.4,1,0,0,0,0,13421,484,13421,0,0,0,0,4651,-28608,12374,6,5024,72,129,0,0,0,0,2,0,0,0,0,31082107,2018,0.35,882.9,2989.29,0,55.9,96.2,68.2,44.5,60.4,523.9,95.3,603.3,137.9,136.5,1001.2,364275,4383,12.76,89.3,1550,2.65,1.18,26,36.1,65,10.95,12220953,72610,64.78,3427.11,0,1200,400,720,240,4200,7500,8500,102,1.5,6000,0,0,0,0,0,68.57,30,57.75,58.7,60.6,0,0
2026-08-24T12:24:50.272000+09:00,2026-08-24T03:24:50.272000+00:00,094623,1739.9,1,0,0,0,0,13421,495,13421,0,0,0,0,4655,-28608,10326,6,4480,0,129,0,0,0,0,2,0,0,0,0,31082107,2018,0.38,605.79,2345.65,0,55.6,98.6,67.9,44.5,60.1,521.9,103.3,605.2,136.2,134.8,1019.1,364275,4383,12.74,90.2,1490,2.69,1.16,23.5,36.1,65,11.45,12220955,72610,57.1,3427.12,0,1200,400,720,240,4200,7500,8500,102,1.5,6000,0,0,0,0,0,68.43,30,63.92,61.85,60.6,0,0
2026-08-24T12:25:50.361000+09:00,2026-08-24T03:25:50.361000+00:00,094623,2273.6,1,0,0,0,0,13421,502,13421,0,0,0,0,4655,-28608,18518,6,4992,528,129,0,0,0,0,0,0,0,0,0,31082107,2018,0.32,835.29,3108.92,0,55.8,99.7,67.9,44.5,60.3,522,95.6,612.2,147.3,146.6,1023.1,364276,4384,12.88,89.6,1510,2.74,1.1,25.2,34.1,65,16.83,12220958,72610,69.93,3427.12,0,1200,400,720,240,4200,7500,8500,102,1.5,6000,0,0,0,0,0,70.66,30,70.76,63.14,60.6,0,0
2026-08-24T12:26:50.455000+09:00,2026-08-24T03:26:50.455000+00:00,094623,1743.5,1,0,0,0,0,13421,497,13421,0,0,0,0,4655,-28608,10326,590,4992,8192,129,0,0,0,0,0,0,0,0,0,31082107,2018,0.35,687.58,2431.1,0,55.8,95.9,68.3,44.6,60.4,521.6,91.4,606.2,140,138.6,1011.7,364276,4384,12.26,89.8,1500,2.71,1.15,23.4,35.3,65,11.2,12220961,72610,62.32,3427.12,0,1200,400,720,240,4200,7500,8500,102,1.5,6000,0,0,0,0,0,69.11,30,56.96,60.05,60.6,0,0
2026-08-24T12:27:50.551000+09:00,2026-08-24T03:27:50.551000+00:00,094623,2071.0,1,0,0,0,0,13421,494,13421,0,0,0,0,4651,-28608,10326,6,4480,0,129,0,0,0,0,0,0,0,0,0,31082107,2018,0.38,819.42,2890.41,0,55.6,98.7,68.1,44.6,60.3,516.4,89.6,607.1,139.2,137.8,997.4,364276,4384,12.71,91,1490,2.67,1.19,26.5,38.2,65,16.36,12220963,72610,59.23,3427.12,0,1200,400,720,240,4200,7500,8500,102,1.5,6000,0,0,0,0,0,71.86,30,67.29,67.61,60.7,0,0
2026-08-24T12:28:50.652000+09:00,2026-08-24T03:28:50.652000+00:00,094623,1861.9,1,0,0,0,0,13421,500,13421,0,0,0,0,4651,-28608,12374,518,5024,72,129,0,0,0,0,0,0,0,0,0,31082107,2018,0.32,625.32,2487.26,0,55.9,98.9,68,44.5,60.5,523.6,99.9,613.1,146.9,146,1006.3,364276,4384,12.8,89.6,1510,2.73,1.12,23.6,35.4,65,12.97,12220966,72610,74.5,3427.12,0,1200,400,720,240,4200,7500,8500,102,1.5,6000,0,0,0,0,0,69.27,30,67.36,61.48,60.7,0,0
2026-08-24T12:29:50.759000+09:00,2026-08-24T03:29:50.759000+00:00,094623,1547.0,1,0,0,0,0,13421,508,13421,0,0,0,0,4651,-28608,10326,6,4992,0,129,0,0,0,0,0,0,0,0,0,31082107,2018,0.36,598.47,2145.45,0,55.8,96.3,68.3,44.6,60.4,521.2,96.7,603.3,137.1,135.5,998,364276,4384,12.86,89.6,1510,2.77,1.03,21.2,33,65,12.65,12220968,72610,58.75,3427.12,0,1200,400,720,240,4200,7500,8500,102,1.5,6000,0,0,0,0,0,69.49,30,57.1,59.89,60.7,0,0
2026-08-24T12:30:50.863000+09:00,2026-08-24T03:30:50.863000+00:00,094623,2282.2,1,0,0,0,0,13421,493,13421,0,0,0,0,4655,-28608,18582,518,20864,16,129,0,0,0,0,0,0,0,0,0,31082107,2018,0.39,870.69,3152.87,0,55.7,98.6,67.9,44.6,60.1,519.2,100.7,604.7,135.8,134.2,1009.1,364276,4384,12.63,91.2,1490,2.65,1.21,28.3,40.7,65,19.39,12220970,72610,58.94,3427.12,0,1200,400,720,240,4200,7500,8500,102,1.5,6000,0,0,0,0,0,74.02,30,69.09,71.05,60.7,0,0
2026-08-24T12:31:50.951000+09:00,2026-08-24T03:31:50.951000+00:00,094623,1916.9,1,0,0,0,0,13421,500,13421,0,0,0,0,4655,-28608,10326,6,4992,0,129,0,0,0,0,0,0,0,0,0,31082107,2018,0.33,679.04,2595.9,0,56.1,99.6,67.9,44.6,60.4,522.7,98.8,611.9,144.2,143.3,1008.4,364277,4385,12.64,89.2,1500,2.73,1.13,23.6,35.1,65,12.71,12220974,72610,73.3,3427.12,0,1200,400,720,240,4200,7500,8500,102,1.5,6000,0,0,0,0,0,68.48,30,69.08,59.88,60.7,0,0
2026-08-24T12:32:51.045000+09:00,2026-08-24T03:32:51.045000+00:00,094623,1663.0,1,0,0,0,0,13421,497,13421,0,0,0,0,4651,-28608,10390,6,21376,0,129,0,0,0,0,0,0,0,0,0,31082107,2018,0.38,588.7,2251.66,0,55.9,96.3,68.3,44.7,60.5,522.8,96.2,605.5,138.5,137.1,995.7,364277,4385,12.71,89.9,1500,2.71,1.14,23,36,65,11.34,12220976,72610,57.74,3427.13,0,1200,400,720,240,4200,7500,8500,102,1.5,6000,0,0,0,0,0,69.2,30,57.06,60.41,60.7,0,0
2026-08-24T12:33:51.149000+09:00,2026-08-24T03:33:51.149000+00:00,094623,2606.9,1,0,0,0,0,13421,494,13421,0,0,0,0,4651,-28608,12374,6,4512,8,129,0,0,0,0,0,0,0,0,0,31082107,2018,0.36,1105.08,3711.97,0,55.8,98.6,68,44.7,60.3,515.2,96.3,609,139.9,138.3,998,364277,4385,12.82,91.2,1490,2.64,1.2,30.1,39.8,65,22.64,12220978,72610,60.72,3427.13,0,1200,400,720,240,4200,7500,8500,102,1.5,6000,0,0,0,0,0,75.84,30,71.3,72.56,60.7,0,0
2026-08-24T12:34:51.253000+09:00,2026-08-24T03:34:51.253000+00:00,094623,1666.6,1,0,0,0,0,13421,501,13421,0,0,0,0,4651,-28608,10342,6,13188,0,129,0,0,0,0,0,0,0,0,0,31082107,2018,0.32,588.7,2255.32,0,56.2,99.5,68.1,44.6,60.7,520.7,89.4,614,143,141.8,1010.3,364277,4385,12.61,89.3,1490,2.73,1.04,21.5,32.4,65,11.68,12220981,72610,70.26,3427.13,0,1200,400,720,240,4200,7500,8500,102,1.5,6000,0,0,0,0,0,68.95,30,68.94,59.68,60.7,0,0
2026-08-24T12:35:51.365000+09:00,2026-08-24T03:35:51.365000+00:00,094623,1649.5,1,0,0,0,0,13421,507,13421,0,0,0,0,4655,-26560,10326,6,4992,0,129,0,0,0,0,0,0,0,0,0,31082107,2018,0.37,669.27,2318.8,0,56,96.5,68.3,44.7,60.6,518.4,97.4,608.3,138,136.5,1022.1,364277,4385,12.71,90.1,1510,2.76,1.04,21.7,32,65,11.53,12220983,72610,58.49,3427.13,0,1200,400,720,240,4200,7500,8500,102,1.5,6000,0,0,0,0,0,70.05,30,58.29,61.6,60.7,0,0
2026-08-24T12:36:51.467000+09:00,2026-08-24T03:36:51.467000+00:00,094623,2898.6,1,0,0,0,0,13421,496,13421,0,0,0,0,4651,-28608,10326,590,4480,8192,129,0,0,0,0,0,0,0,0,0,31082107,2018,0.37,1250.34,4148.99,0,56,98.6,68,44.7,60.4,514.4,93.1,613.1,143.2,142.2,1032,364277,4385,12.74,90.5,1500,2.65,1.16,31.1,38.5,65,24.71,12220986,72610,60.16,3427.13,0,1200,400,720,240,4200,7500,8500,102,1.5,6000,0,0,0,0,0,77.66,30,73.07,71.82,60.8,0,0
2026-08-24T12:37:51.564000+09:00,2026-08-24T03:37:51.564000+00:00,094623,2139.3,1,0,0,0,0,13421,519,13421,0,0,0,0,4655,-28608,10326,6,4992,0,129,0,0,0,0,0,0,0,0,0,31082107,2018,0.34,873.13,3012.48,0,56.3,98.1,68.2,44.7,60.8,522.5,92.1,607.9,140,138.6,1001.4,364278,4386,12.51,89.5,1580,2.79,1.13,26,36.1,65,11.65,12220989,72610,70.55,3427.13,0,1200,400,720,240,4200,7500,8500,102,1.5,6000,0,0,0,0,0,72.92,30,68.09,63.02,60.8,0,0
2026-08-24T12:38:51.661000+09:00,2026-08-24T03:38:51.661000+00:00,094623,2234.6,1,0,0,0,0,13421,510,13421,0,0,0,0,4651,-28608,8278,6,4992,0,129,0,0,0,0,0,0,0,0,0,31082107,2018,0.39,1061.13,3295.69,0,56.1,97.3,68,44.7,60.6,519.6,90,604.7,136.5,135.2,1023.6,364278,4386,12.79,90.4,1570,2.74,1.15,26.5,34.9,65,9.81,12220991,72610,58.39,3427.13,0,1200,400,720,240,4200,7500,8500,102,1.5,6000,0,0,0,0,0,69.62,30,60.49,62.62,60.8,0,0
2026-08-24T12:39:51.751000+09:00,2026-08-24T03:39:51.751000+00:00,094623,2600.8,1,0,0,0,0,13421,502,13421,0,0,0,0,4651,-28608,10326,6,4992,0,129,0,0,0,0,0,0,0,0,0,31082107,2018,0.34,1092.87,3693.65,0,56.1,99.2,67.9,44.7,60.5,518.8,89.6,614.8,145.3,144.3,1031.6,364278,4386,12.68,90,1510,2.71,1.1,28.1,36,65,23.22,12220994,72610,68.18,3427.13,0,1200,400,720,240,4200,7500,8500,102,1.5,6000,0,0,0,0,0,75.53,30,73.46,68.89,60.8,0,0
2026-08-24T12:40:51.858000+09:00,2026-08-24T03:40:51.858000+00:00,094623,2202.8,1,0,0,0,0,13421,499,13421,0,0,0,0,4651,-28608,10326,6,4992,0,129,0,0,0,0,0,0,0,0,0,31082107,2018,0.35,0,2202.83,0,56.2,96.2,68.2,44.7,60.7,524.7,88.6,604.8,138.9,137.3,1005,364278,4386,12.65,89.4,1500,2.73,1.13,22.6,36.2,65,11.36,12220996,72610,66.85,3427.13,0,1200,400,720,240,4200,7500,8500,102,1.5,6000,0,0,0,0,0,69.9,30,58.23,59.81,60.8,0,0
2026-08-24T12:41:51.955000+09:00,2026-08-24T03:41:51.955000+00:00,094623,1564.1,1,0,0,0,0,13421,497,13421,0,0,0,0,4651,-28608,10326,6,4992,0,129,0,0,0,0,0,0,0,0,0,31082107,2018,0.4,556.96,2121.04,0,55.9,98.2,67.8,44.8,60.4,523.7,91.6,602.7,134.7,133.2,1003.6,364278,4386,12.82,90.7,1490,2.72,1.14,22.7,36.6,65,11.33,12220998,72610,58.45,3427.14,0,1200,400,720,240,4200,7500,8500,102,1.5,6000,0,0,0,0,0,68.72,30,62.29,63.51,60.8,0,0
2026-08-24T12:42:52.057000+09:00,2026-08-24T03:42:52.057000+00:00,094623,2346.9,1,0,0,0,0,13421,501,13421,0,0,0,0,4655,-28608,10326,6,4992,0,129,0,0,0,0,0,0,0,0,0,31082107,2018,0.31,930.51,3277.38,0,56.2,99.5,67.9,44.8,60.4,523.3,94.7,612.5,144.5,143.6,1031.9,364278,4386,12.86,89.7,1510,2.71,1.12,26.9,36.6,65,20.11,12221002,72610,71.84,3427.14,0,1200,400,720,240,4200,7500,8500,102,1.5,6000,0,0,0,0,0,74.06,30,72.94,66.79,60.8,0,0
2026-08-24T12:43:52.170000+09:00,2026-08-24T03:43:52.170000+00:00,094623,1836.3,1,0,0,0,0,13421,520,13421,0,0,0,0,4651,-28608,18518,6,4992,528,129,0,0,0,0,0,0,0,0,0,31082107,2018,0.36,770.59,2606.89,0,56.2,96.3,68,44.8,60.6,520.5,106.5,604.1,137.5,136,1001.2,364279,4387,12.52,89.6,1560,2.84,1.06,23.5,33.8,65,15.81,12221004,72610,62.43,3427.14,0,1200,400,720,240,4200,7500,8500,102,1.5,6000,0,0,0,0,0,70.74,30,59.67,61.64,60.9,0,0
2026-08-24T12:44:52.266000+09:00,2026-08-24T03:44:52.266000+00:00,094623,1777.7,1,0,0,0,0,13421,492,13421,0,0,0,0,4655,-28608,10326,6,4480,0,129,0,0,0,0,0,0,0,0,0,31082107,2018,0.39,666.83,2444.53,0,56,98.7,67.9,44.8,60.4,520.8,98.5,604.8,136.4,135.2,1010.6,364279,4387,12.15,90.8,1480,2.66,1.17,24.3,37.3,65,11.68,12221006,72610,58.76,3427.14,0,1200,400,720,240,4200,7500,8500,102,1.5,6000,0,0,0,0,0,69.7,30,65.07,64.71,60.9,0,0
2026-08-24T12:45:52.362000+09:00,2026-08-24T03:45:52.362000+00:00,094623,2152.8,1,0,0,0,0,13421,502,13421,0,0,0,0,4651,-28608,10326,6,4992,0,129,0,0,0,0,0,0,0,0,0,31082107,2018,0.3,805.99,2958.77,0,56.2,99.6,68.1,44.8,60.5,523.3,93.3,613.3,145.5,144.6,1014.5,364279,4387,12.86,89.7,1510,2.73,1.1,25.1,35,65,16.94,12221009,72610,73.82,3427.14,0,1200,400,720,240,4200,7500,8500,102,1.5,6000,0,0,0,0,0,72.07,30,71.15,64.24,60.9,0,0
2026-08-24T12:46:52.469000+09:00,2026-08-24T03:46:52.469000+00:00,094623,1671.5,1,0,0,0,0,13421,499,13421,0,0,0,0,4651,-28608,12374,6,5024,8,129,0,0,0,0,0,0,0,0,0,31082107,2018,0.34,647.3,2318.8,0,56.2,96.1,68.1,44.8,60.7,521.3,89.9,606.4,139.1,137.6,1011.2,364279,4387,12.75,89.8,1500,2.71,1.14,23.1,35.4,65,11.08,12221011,72610,61.41,3427.14,0,1200,400,720,240,4200,7500,8500,102,1.5,6000,0,0,0,0,0,69.42,30,57.57,60.82,60.9,0,0
2026-08-24T12:47:52.575000+09:00,2026-08-24T03:47:52.575000+00:00,094623,2047.8,1,0,0,0,0,13421,493,13421,0,0,0,0,4651,-28608,10326,6,4480,0,129,0,0,0,0,0,0,0,0,0,31082107,2018,0.38,815.76,2863.55,0,56.1,98.4,67.9,44.9,60.5,517.2,87.2,606.2,137.4,136,1008.1,364279,4387,12.55,90.7,1490,2.66,1.19,26.5,38.8,65,16,12221013,72610,59.31,3427.14,0,1200,400,720,240,4200,7500,8500,102,1.5,6000,0,0,0,0,0,72.08,30,66.76,66.82,60.9,0,0
2026-08-24T12:48:52.668000+09:00,2026-08-24T03:48:52.668000+00:00,094623,1971.8,1,0,0,0,0,13421,501,13421,0,0,0,0,4651,-28608,18518,6,4992,528,129,0,0,0,0,0,0,0,0,0,31082107,2018,0.3,698.57,2670.37,0,56.3,100.4,68,44.9,60.8,520.9,93.4,615,147.3,146.5,1019.9,364279,4387,12.38,89.5,1510,2.73,1.11,23.8,34.4,65,13.29,12221017,72610,73.02,3427.14,0,1200,400,720,240,4200,7500,8500,102,1.5,6000,0,0,0,0,0,70.21,30,72.21,61.57,61,0,0
2026-08-24T12:49:52.776000+09:00,2026-08-24T03:49:52.776000+00:00,094623,1600.7,1,0,0,0,0,13421,504,13421,0,0,0,0,4651,-28608,10390,6,21376,0,129,0,0,0,0,0,0,0,0,0,31082107,2018,0.37,608.23,2208.93,0,56.2,95.5,68.1,44.9,60.8,519.9,97.2,604.7,137.8,136.1,1007.7,364280,4388,12.26,90.1,1500,2.74,1.03,21.4,32.6,65,11.94,12221019,72610,61.06,3427.14,0,1200,400,720,240,4200,7500,8500,102,1.5,6000,0,0,0,0,0,69.85,30,56.28,61.78,60.9,0,0
2026-08-24T12:50:52.866000+09:00,2026-08-24T03:50:52.866000+00:00,094623,2432.3,1,0,0,0,0,13421,492,13421,0,0,0,0,4651,-28608,10326,6,4480,0,129,0,0,0,0,0,0,0,0,0,31082107,2018,0.37,1022.06,3454.39,0,56.1,98.7,67.8,44.8,60.5,515.7,92.5,606.2,137.7,136.2,1022.6,364280,4388,12.87,91.1,1490,2.63,1.21,28.9,39.5,65,20.45,12221021,72610,60.64,3427.14,0,1200,400,720,240,4200,7500,8500,102,1.5,6000,0,0,0,0,0,74.69,30,70.46,71.27,60.9,0,0
2026-08-24T12:51:52.979000+09:00,2026-08-24T03:51:52.979000+00:00,094623,2140.6,1,0,0,0,0,13421,522,13421,0,0,0,0,4655,-28608,12310,6,21408,72,129,0,0,0,0,0,0,0,0,0,31082107,2018,0.32,884.12,3024.69,0,56.3,98.7,68.1,44.9,60.9,518.3,95.5,611.6,143.1,142.1,1022.2,364280,4388,12.26,89.2,1570,2.84,1.06,24.5,32.8,65,13.7,12221024,72610,73.29,3427.15,0,1200,400,720,240,4200,7500,8500,102,1.5,6000,0,0,0,0,0,72.7,30,69.63,62.84,61,0,0
2026-08-24T12:52:53.079000+09:00,2026-08-24T03:52:53.079000+00:00,094623,2128.4,1,0,0,0,0,13421,522,13421,0,0,0,0,4655,-28608,10326,6,4992,0,129,0,0,0,0,0,0,0,0,0,31082107,2018,0.38,975.68,3104.04,0,56.2,96.7,68,44.8,60.8,518.1,95.4,606.3,137.4,135.9,1038.6,364280,4388,12.3,89.7,1570,2.82,1.12,25.6,34.6,65,10.27,12221026,72610,58.62,3427.15,0,1200,400,720,240,4200,7500,8500,102,1.5,6000,0,0,0,0,0,72.9,30,62.03,63.91,61,0,0
2026-08-24T12:53:53.179000+09:00,2026-08-24T03:53:53.179000+00:00,094623,2731.4,1,0,0,0,0,13421,495,13421,0,0,0,0,4651,-28608,18534,6,12676,528,129,0,0,0,0,0,0,0,0,0,31082107,2018,0.36,1163.67,3895.08,0,56.1,98.7,67.9,44.9,60.6,515,90.9,611.5,141.3,139.8,1049.1,364280,4388,12.71,90.8,1490,2.64,1.17,30.7,39.4,65,24.45,12221029,72610,60.67,3427.15,0,1200,400,720,240,4200,7500,8500,102,1.5,6000,0,0,0,0,0,77.19,30,72.66,72.77,61,0,0
2026-08-24T12:54:53.328000+09:00,2026-08-24T03:54:53.328000+00:00,094623,1593.4,1,0,0,0,0,13421,498,13421,0,0,0,0,4651,-28608,10326,6,4992,0,129,0,0,0,0,0,0,0,0,0,31082107,2018,0.34,525.22,2118.59,0,56.4,98.1,68.1,44.8,60.8,526.5,87.7,607.6,138.9,137.5,1010.2,364280,4388,12.79,89.2,1500,2.71,1.13,22.5,36.7,65,11.36,12221032,72610,71.27,3427.15,0,1200,400,720,240,4200,7500,8500,102,1.5,6000,0,0,0,0,0,69.63,30,64.91,59.42,61,0,0
2026-08-24T12:55:53.429000+09:00,2026-08-24T03:55:53.429000+00:00,094623,1699.6,1,0,0,0,0,13421,496,13421,0,0,0,0,4651,-28608,10326,6,4992,0,129,0,0,0,0,0,0,0,0,0,31082107,2018,0.38,609.45,2309.03,0,56.2,97,67.9,44.8,60.6,522.1,98.9,604.4,135.8,134.2,1010,364281,4389,12.85,90.2,1490,2.7,1.15,23.2,35.5,65,11.27,12221034,72610,58.14,3427.15,0,1200,400,720,240,4200,7500,8500,102,1.5,6000,0,0,0,0,0,69.05,30,59.19,62.09,61,0,0
2026-08-24T12:56:53.516000+09:00,2026-08-24T03:56:53.516000+00:00,094623,2928.0,1,0,0,0,0,13421,502,13421,0,0,0,0,4651,-28608,12374,6,5024,72,129,0,0,0,0,0,0,0,0,0,31082107,2018,0.36,1247.9,4175.85,0,56.1,98.9,67.9,44.8,60.5,515,98.9,612.1,143.5,142.5,1052.6,364281,4389,12.73,90.2,1520,2.68,1.16,30.7,37.8,65,25.08,12221037,72610,67.5,3427.15,0,1200,400,720,240,4200,7500,8500,102,1.5,6000,0,0,0,0,0,77.09,30,74,71.28,61,0,0
2026-08-24T12:57:53.616000+09:00,2026-08-24T03:57:53.616000+00:00,094623,1575.1,1,0,0,0,0,13421,498,13421,0,0,0,0,4651,-28608,10326,6,4992,0,129,0,0,0,0,0,0,0,0,0,31082107,2018,0.32,543.53,2118.59,0,56.3,96.9,68.2,44.8,60.9,522.1,91.5,604.4,139.8,138.5,1017.2,364281,4389,12.35,89.4,1480,2.7,1.06,21.4,33.4,65,11.82,12221039,72610,68.74,3427.15,0,1200,400,720,240,4200,7500,8500,102,1.5,6000,0,0,0,0,0,69.74,30,60.7,59.93,61,0,0
2026-08-24T12:58:53.712000+09:00,2026-08-24T03:58:53.712000+00:00,094623,1638.5,1,0,0,0,0,13421,500,13421,0,0,0,0,4651,-28608,18518,6,4992,16,129,0,0,0,0,0,0,0,0,0,31082107,2018,0.39,627.77,2266.3,0,56.1,97.4,67.9,44.8,60.5,519.3,93.3,604.2,136.1,134.8,1029.4,364281,4389,12.63,90.3,1490,2.73,1.05,21.7,32.6,65,12.81,12221041,72610,57.2,3427.15,0,1200,400,720,240,4200,7500,8500,102,1.5,6000,0,0,0,0,0,69.11,30,60.04,62.42,61.1,0,0
2026-08-24T12:59:53.796000+09:00,2026-08-24T03:59:53.796000+00:00,094623,2572.7,1,0,0,0,0,13421,500,13421,0,0,0,0,4655,-28608,10326,6,4992,0,129,0,0,0,0,0,0,0,0,0,31082107,2018,0.32,1047.7,3620.41,0,56.2,99.7,67.9,44.8,60.5,519.4,96.3,614,145.6,144.8,1056.9,364281,4389,12.88,89.8,1510,2.7,1.11,27.5,35.4,65,21.52,12221044,72610,69.92,3427.15,0,1200,400,720,240,4200,7500,8500,102,1.5,6000,0,0,0,0,0,74.5,30,73.4,67.49,61,0,0
2026-08-24T13:00:53.906000+09:00,2026-08-24T04:00:53.906000+00:00,094623,2100.3,1,0,0,0,0,13421,521,13421,0,0,0,0,4651,-28608,10326,6,4992,0,129,0,0,0,0,0,0,0,0,0,31082107,2018,0.35,893.89,2994.17,0,56.3,96.4,68.1,44.8,60.8,519.8,104.8,606.6,139.3,138.1,1013.3,364281,4389,12.74,89.6,1570,2.81,1.11,25.5,35,65,14.74,12221047,72610,65.72,3427.16,0,1200,400,720,240,4200,7500,8500,102,1.5,6000,0,0,0,0,0,72.88,30,62.95,63.59,61.1,0,0
2026-08-24T13:01:54.045000+09:00,2026-08-24T04:01:54.045000+00:00,094623,1700.8,1,0,0,0,0,13421,492,13421,0,0,0,0,4651,-28608,12374,6,4512,72,129,0,0,0,0,0,0,0,0,0,31082107,2018,0.39,633.87,2334.67,0,56,97.9,67.9,44.9,60.6,522.1,99.2,604.8,136.3,135.1,1048.7,364282,4390,12.55,90.5,1480,2.67,1.16,23.7,36.9,65,11.57,12221049,72610,59,3427.16,0,1200,400,720,240,4200,7500,8500,102,1.5,6000,0,0,0,0,0,69.62,30,62.34,63.54,61.1,0,0
2026-08-24T13:02:54.087000+09:00,2026-08-24T04:02:54.087000+00:00,094623,2217.5,1,0,0,0,0,13421,501,13421,0,0,0,0,4651,-28608,10326,6,4992,0,129,0,0,0,0,0,0,0,0,0,31082107,2018,0.3,775.47,2992.95,0,56.2,99.8,68,44.9,60.7,522,97.3,615.3,145.5,144.6,1030.3,364282,4390,12.71,89.6,1510,2.72,1.1,25,34.4,65,16.6,12221052,72610,74.7,3427.16,0,1200,400,720,240,4200,7500,8500,102,1.5,6000,0,0,0,0,0,71.98,30,71.68,63.95,61.1,0,0
2026-08-24T13:03:54.191000+09:00,2026-08-24T04:03:54.191000+00:00,094623,1637.3,1,0,0,0,0,13421,498,13421,0,0,0,0,4651,-28608,10326,6,4992,0,129,0,0,0,0,0,0,0,0,0,31082107,2018,0.35,548.42,2185.74,0,56.1,95.9,68.2,44.9,60.7,523.2,98.6,605.1,137.4,136,1029,364282,4390,12.82,89.8,1500,2.72,1.14,22.9,36.2,65,11.21,12221054,72610,62.29,3427.16,0,1200,400,720,240,4200,7500,8500,102,1.5,6000,0,0,0,0,0,69.94,30,57.13,60.8,61.1,0,0
2026-08-24T13:04:54.307000+09:00,2026-08-24T04:04:54.307000+00:00,094623,2030.4,1,0,0,0,0,13421,494,13421,0,0,0,0,4655,-28608,10326,6,4480,0,129,0,0,0,0,0,0,0,0,0,31082107,2018,0.4,744.96,2775.35,0,56.1,98.8,67.8,44.9,60.4,519.1,95,603.4,134.8,133.3,1015.2,364282,4390,12.58,90.8,1490,2.65,1.19,26.4,39.3,65,16.3,12221056,72610,58.52,3427.16,0,1200,400,720,240,4200,7500,8500,102,1.5,6000,0,0,0,0,0,72.1,30,68.16,67.6,61.2,0,0
2026-08-24T13:05:54.400000+09:00,2026-08-24T04:05:54.400000+00:00,094623,1958.4,1,0,0,0,0,13421,499,13421,0,0,0,0,4651,-28608,10326,6,4992,0,129,0,0,0,0,0,0,0,0,0,31082107,2018,0.32,683.92,2642.29,0,56.3,99.6,67.9,44.8,60.6,525.7,91.3,607,143.6,142.9,1024.3,364282,4390,12.61,89.4,1500,2.71,1.12,24.1,35.5,65,14.15,12221060,72610,74.39,3427.16,0,1200,400,720,240,4200,7500,8500,102,1.5,6000,0,0,0,0,0,70.2,30,70.19,61.86,61.1,0,0
2026-08-24T13:06:54.496000+09:00,2026-08-24T04:06:54.496000+00:00,094623,2136.9,1,0,0,0,0,13421,522,13421,0,0,0,0,4655,-28608,12374,6,4992,0,129,0,0,0,0,0,0,0,0,0,31082107,2018,0.36,952.48,3089.39,0,56.1,96.2,68,44.8,60.6,517.1,106,601.1,137.5,136.3,1032.8,364282,4390,12.82,89.9,1570,2.82,1.09,25.1,33.4,65,15.91,12221062,72610,59.08,3427.16,0,1200,400,720,240,4200,7500,8500,102,1.5,6000,0,0,0,0,0,71.98,30,60.61,64.12,61.1,0,0
2026-08-24T13:07:54.578000+09:00,2026-08-24T04:07:54.578000+00:00,094623,2254.1,1,0,0,0,0,13421,493,13421,0,0,0,0,4651,-28608,10326,6,4480,0,129,0,0,0,0,0,0,0,0,0,31082107,2018,0.4,981.78,3235.88,0,56,98.5,68,44.8,60.5,514.7,94.6,601.6,138.3,137.2,1033,364283,4391,12.59,90.6,1490,2.65,1.2,27.9,38.7,65,19.01,12221064,72610,60.2,3427.16,0,1200,400,720,240,4200,7500,8500,102,1.5,6000,0,0,0,0,0,73.73,30,68.81,68.29,61.2,0,0
2026-08-24T13:08:54.677000+09:00,2026-08-24T04:08:54.677000+00:00,094623,1877.8,1,0,0,0,0,13421,500,13421,0,0,0,0,4655,-26560,10390,6,21377,0,129,0,0,0,0,0,0,0,0,0,31082107,2018,0.31,607.01,2484.82,0,56.2,100.2,68.1,44.8,60.8,522,95.9,606.7,144.8,143.9,1002,364283,4391,12.71,89.3,1500,2.72,1.12,23.4,34.8,65,12.25,12221067,72610,73.57,3427.16,0,1200,400,720,240,4200,7500,8500,102,1.5,6000,0,0,0,0,0,69.86,30,71.49,60.28,61.2,0,0
2026-08-24T13:09:54.819000+09:00,2026-08-24T04:09:54.819000+00:00,094623,1560.4,1,0,0,0,0,13421,498,13421,0,0,0,0,4651,-28608,10326,6,4992,0,129,0,0,0,0,0,0,0,0,0,31082107,2018,0.37,503.25,2063.66,0,56.1,95.8,68,44.8,60.7,524.7,96.2,600,135.5,134,1022.7,364283,4391,12.63,90.3,1500,2.71,1.13,22.5,36.9,65,11.26,12221069,72610,59.2,3427.17,0,1200,400,720,240,4200,7500,8500,102,1.5,6000,0,0,0,0,0,69.14,30,56.6,62.07,61.2,0,0
2026-08-24T13:10:54.866000+09:00,2026-08-24T04:10:54.866000+00:00,094623,2555.6,1,0,0,0,0,13421,493,13421,0,0,0,0,4651,-28608,10342,6,12676,0,129,0,0,0,0,0,0,0,0,0,31082107,2018,0.34,1080.66,3636.28,0,56.1,98.4,67.8,44.8,60.3,516.2,94.2,602.1,137.1,135.8,1034.9,364283,4391,12.7,90.8,1490,2.63,1.21,30.1,40.4,65,22.48,12221072,72610,64.35,3427.17,0,1200,400,720,240,4200,7500,8500,102,1.5,6000,0,0,0,0,0,75.5,30,70.58,72.29,61.2,0,0
2026-08-24T13:11:54.955000+09:00,2026-08-24T04:11:54.955000+00:00,094623,1783.8,1,0,0,0,0,13421,518,13421,0,0,0,0,4651,-28608,18518,6,4992,528,129,0,0,0,0,0,0,0,0,0,31082107,2018,0.32,703.45,2487.26,0,56.5,99.3,68,44.9,60.7,519.1,89.5,604.2,141.3,140.1,1012.4,364283,4391,12.8,88.6,1550,2.82,1.01,22,31.8,65,16.75,12221075,72610,72.43,3427.17,0,1200,400,720,240,4200,7500,8500,102,1.5,6000,0,0,0,0,0,69.39,30,69.29,58.36,61.2,0,0
2026-08-24T13:12:55.052000+09:00,2026-08-24T04:12:55.052000+00:00,094623,1769.2,1,0,0,0,0,13421,519,13421,0,0,0,0,4651,-28608,10326,6,4992,0,129,0,0,0,0,0,0,0,0,0,31082107,2018,0.39,727.87,2497.02,0,56.3,96.4,68.1,44.9,60.7,518.4,91.6,599.1,135.9,134.5,981.3,364283,4391,12.46,89.8,1560,2.84,1.05,22.7,32.7,65,14.03,12221077,72610,57.14,3427.17,0,1200,400,720,240,4200,7500,8500,102,1.5,6000,0,0,0,0,0,70.47,30,59.1,61.68,61.2,0,0
2026-08-24T13:13:55.141000+09:00,2026-08-24T04:13:55.141000+00:00,094623,2753.4,1,0,0,0,0,13421,495,13421,0,0,0,0,4651,-28608,10326,6,4480,0,129,0,0,0,0,0,0,0,0,0,31082107,2018,0.37,1089.21,3842.59,0,56.2,98.7,68,44.9,60.5,515.7,88.8,603.6,140,138.9,1009,364284,4392,12.75,91.1,1490,2.64,1.18,30.9,39.9,65,24.94,12221080,72610,61.6,3427.17,0,1200,400,720,240,4200,7500,8500,102,1.5,6000,0,0,0,0,0,77.27,30,72.68,73.84,61.3,0,0
2026-08-24T13:14:55.233000+09:00,2026-08-24T04:14:55.233000+00:00,094623,1780.1,1,0,0,0,0,13421,498,13421,0,0,0,0,4651,-28608,12374,6,5024,72,129,0,0,0,0,0,0,0,0,0,31082107,2018,0.33,628.99,2409.13,0,56.6,98.5,68.2,45,60.9,522.4,95.8,605.2,141.8,140.8,1043.1,364284,4392,12.23,89.1,1500,2.7,1.15,23.3,35.2,65,11.29,12221083,72610,68.3,3427.17,0,1200,400,720,240,4200,7500,8500,102,1.5,6000,0,0,0,0,0,69.64,30,66.26,59,61.3,0,0
2026-08-24T13:15:55.325000+09:00,2026-08-24T04:15:55.325000+00:00,094623,1699.6,1,0,0,0,0,13421,497,13421,0,0,0,0,4655,-28608,10326,6,4992,0,129,0,0,0,0,0,0,0,0,0,31082107,2018,0.37,669.27,2368.85,0,56.3,96.6,68.1,45,60.8,519.5,105.1,602.8,138.9,137.8,1044.1,364284,4392,12.69,90.5,1500,2.71,1.13,23.4,35.3,65,11.22,12221085,72610,58.18,3427.17,0,1200,400,720,240,4200,7500,8500,102,1.5,6000,0,0,0,0,0,69.6,30,58.4,62.88,61.3,0,0
2026-08-24T13:16:55.420000+09:00,2026-08-24T04:16:55.420000+00:00,094623,2761.9,1,0,0,0,0,13421,494,13421,0,0,0,0,4655,-28608,18518,6,4992,528,129,0,0,0,0,0,0,0,0,0,31082107,2018,0.36,1149.02,3910.95,0,56.3,99,68.1,45,60.7,516.6,101,606.9,144,143.2,1029.8,364284,4392,12.91,90.3,1500,2.64,1.16,30.9,39.6,65,24.94,12221087,72610,65.33,3427.17,0,1200,400,720,240,4200,7500,8500,102,1.5,6000,0,0,0,0,0,78.53,30,74.55,71.81,61.3,0,0
2026-08-24T13:17:55.560000+09:00,2026-08-24T04:17:55.560000+00:00,094623,1693.5,1,0,0,0,0,13421,519,13421,0,0,0,0,4651,-28608,10326,6,4992,0,129,0,0,0,0,0,0,0,0,0,31082107,2018,0.36,679.04,2372.51,0,56.6,97.3,68.1,45,61,521.2,92.3,602.8,139.6,138.2,1012,364284,4392,12.56,89.4,1560,2.82,1.05,22.6,33.8,65,16.97,12221090,72610,69.06,3427.17,0,1200,400,720,240,4200,7500,8500,102,1.5,6000,0,0,0,0,0,71.17,30,63.67,61.08,61.3,0,0
2026-08-24T13:18:55.664000+09:00,2026-08-24T04:18:55.664000+00:00,094623,1894.9,1,0,0,0,0,13421,521,13421,0,0,0,0,4655,-28608,10326,6,4992,0,129,0,0,0,0,0,0,0,0,0,31082107,2018,0.4,856.04,2750.94,0,56.2,97.6,67.9,44.9,60.7,517.3,98.9,601.4,136.6,135.3,1010.7,364284,4392,12.76,90.5,1570,2.82,1.07,23.9,33.1,65,16.43,12221092,72610,57.63,3427.17,0,1200,400,720,240,4200,7500,8500,102,1.5,6000,0,0,0,0,0,71.48,30,63.2,65.2,61.3,0,0
2026-08-24T13:19:55.766000+09:00,2026-08-24T04:19:55.766000+00:00,094623,2608.1,1,0,0,0,0,13421,503,13421,0,0,0,0,4651,-28608,12374,6,5024,72,129,0,0,0,0,0,0,0,0,0,31082107,2018,0.33,1053.8,3661.92,0,56.3,99.1,67.9,45,60.6,519,92,607.9,144.4,143.5,998.5,364285,4393,12.47,89.8,1520,2.69,1.12,29.1,38.1,65,24.52,12221095,72610,70.85,3427.18,0,1200,400,720,240,4200,7500,8500,102,1.5,6000,0,0,0,0,0,76.88,30,74.48,69.97,61.4,0,0
2026-08-24T13:20:55.855000+09:00,2026-08-24T04:20:55.855000+00:00,094623,1545.8,1,0,0,0,0,13421,491,13421,0,0,0,0,4655,-26560,10326,6,4992,0,129,0,0,0,0,0,0,0,0,0,31082107,2018,0.34,549.64,2095.4,0,56.4,96.5,68.1,45,60.8,524.5,96.3,601.6,138.6,137.1,995.7,364285,4393,12.59,89.3,1480,2.66,1.11,22.3,35.8,65,10.49,12221098,72610,66.23,3427.18,0,1200,400,720,240,4200,7500,8500,102,1.5,6000,0,0,0,0,0,69.66,30,59.45,59.41,61.3,0,0
2026-08-24T13:21:55.980000+09:00,2026-08-24T04:21:55.980000+00:00,094623,1634.9,1,0,0,0,0,13421,490,13421,0,0,0,0,4655,-28608,18518,6,4992,528,129,0,0,0,0,0,0,0,0,0,31082107,2018,0.37,627.77,2262.64,0,56.2,98.1,67.7,45,60.6,520.8,94.8,598.6,136,134.5,1002.8,364285,4393,12.59,90.9,1470,2.67,1.1,22.4,34.2,65,11.29,12221100,72610,57.97,3427.18,0,1200,400,720,240,4200,7500,8500,102,1.5,6000,0,0,0,0,0,68.25,30,62.54,64.33,61.4,0,0
2026-08-24T13:22:56.071000+09:00,2026-08-24T04:22:56.071000+00:00,094623,2503.1,1,0,0,0,0,13421,501,13421,0,0,0,0,4655,-28608,10326,590,4992,8192,129,0,0,0,0,0,0,0,0,0,31082107,2018,0.33,1042.82,3545.95,0,56.3,99.8,67.9,45,60.7,518.4,90.6,609.9,146.5,145.7,1035.3,364285,4393,12.74,89.5,1510,2.7,1.11,26.9,34.5,65,19.16,12221103,72610,69.45,3427.18,0,1200,400,720,240,4200,7500,8500,102,1.5,6000,0,0,0,0,0,73.23,30,73.01,65.6,61.3,0,0
2026-08-24T13:23:56.197000+09:00,2026-08-24T04:23:56.197000+00:00,094623,1698.4,1,0,0,0,0,13421,513,13421,0,0,0,0,4651,-28608,10326,518,4992,0,129,0,0,0,0,0,0,0,0,0,31082107,2018,0.35,685.14,2383.5,0,56.2,96.1,68.2,45,60.9,518.1,91.1,603.9,140.1,138.6,1019.5,364285,4393,12.86,89.5,1530,2.81,1.03,21.8,31.8,65,13.46,12221105,72610,64.72,3427.18,0,1200,400,720,240,4200,7500,8500,102,1.5,6000,0,0,0,0,0,69.97,30,58.82,60.1,61.4,0,0
2026-08-24T13:24:56.308000+09:00,2026-08-24T04:24:56.308000+00:00,094623,1886.3,1,0,0,0,0,13421,493,13421,0,0,0,0,4655,-28608,12374,6,4512,72,129,0,0,0,0,0,0,0,0,0,31082107,2018,0.39,722.98,2609.33,0,56.1,98.5,67.9,45,60.7,517.8,98.6,602.5,138.6,137.3,1025.3,364285,4393,12.56,90.5,1490,2.68,1.18,25.2,37.5,65,13.43,12221107,72610,58.24,3427.18,0,1200,400,720,240,4200,7500,8500,102,1.5,6000,0,0,0,0,0,70.59,30,65.66,64.64,61.4,0,0
2026-08-24T13:25:56.405000+09:00,2026-08-24T04:25:56.405000+00:00,094623,1998.7,1,0,0,0,0,13421,501,13421,0,0,0,0,4655,-28608,10326,518,4992,0,129,0,0,0,0,0,0,0,0,0,31082107,2018,0.33,698.57,2697.23,0,56.4,99.9,68,45,60.9,523.7,99.4,610.2,146.8,146,1024.9,364286,4394,12.16,89.5,1510,2.72,1.1,24.2,35.1,65,14.51,12221111,72610,72.05,3427.18,0,1200,400,720,240,4200,7500,8500,102,1.5,6000,0,0,0,0,0,71.13,30,71.49,62.58,61.4,0,0
2026-08-24T13:26:56.505000+09:00,2026-08-24T04:26:56.505000+00:00,094623,2006.0,1,0,0,0,0,13421,437,13421,0,0,0,0,4655,-28608,18518,6,4992,16,129,0,0,0,0,0,0,0,0,0,31082107,2018,0.37,691.24,2697.23,0,56.3,95.8,68.1,44.9,60.8,523.8,97.1,602.2,137.2,135.7,1000.5,364286,4394,12.79,90,1330,2.41,1.61,27.3,39.1,65,11.29,12221113,72610,62.94,3427.18,0,1200,400,720,240,4200,7500,8500,102,1.5,6000,0,0,0,0,0,68.41,30,56.13,60.28,61.4,0,0
2026-08-24T13:27:56.587000+09:00,2026-08-24T04:27:56.587000+00:00,094623,2217.5,1,0,0,0,0,13421,493,13421,0,0,0,0,4655,-28608,10390,6,20864,0,129,0,0,0,0,0,0,0,0,0,31082107,2018,0.37,869.47,3086.95,0,56.1,98.5,67.8,44.9,60.5,516.3,95.3,602.9,137.1,135.7,1023.8,364286,4394,12.87,91,1490,2.65,1.19,27.5,38.9,65,17.76,12221115,72610,60.81,3427.18,0,1200,400,720,240,4200,7500,8500,102,1.5,6000,0,0,0,0,0,72.64,30,67.9,69.21,61.4,0,0
2026-08-24T13:28:56.683000+09:00,2026-08-24T04:28:56.683000+00:00,094623,1807.0,1,0,0,0,0,13421,499,13421,0,0,0,0,4651,-28608,10326,6,4992,0,129,0,0,0,0,0,0,0,0,0,31082107,2018,0.33,592.36,2399.36,0,56.4,99,68.1,44.9,60.8,523,92.2,608.8,144.5,143.6,1005.8,364286,4394,12.23,89,1500,2.72,1.13,23.2,35.5,65,12.69,12221118,72610,71.37,3427.19,0,1200,400,720,240,4200,7500,8500,102,1.5,6000,0,0,0,0,0,69.95,30,67.7,59.69,61.4,0,0
2026-08-24T13:29:56.770000+09:00,2026-08-24T04:29:56.770000+00:00,094623,1589.7,1,0,0,0,0,13421,498,13421,0,0,0,0,4651,-28608,12390,6,13220,72,129,0,0,0,0,0,0,0,0,0,31082107,2018,0.4,558.18,2147.89,0,56.3,96.3,68.2,45,60.7,524.2,181.6,600.9,136.4,134.9,1001.8,364286,4394,12.61,90,1500,2.71,1.14,22.8,36.7,65,10.9,12221120,72610,58.42,3427.19,0,1200,400,720,240,4200,7500,8500,102,1.5,6000,0,0,0,0,0,69.93,30,57.27,61.12,61.4,0,0
2026-08-24T13:30:56.856000+09:00,2026-08-24T04:30:56.856000+00:00,094623,2682.6,1,0,0,0,0,13421,494,13421,0,0,0,0,4651,-28608,10326,6,4480,0,129,0,0,0,0,0,0,0,0,0,31082107,2018,0.37,1045.26,3727.84,0,56.2,99.3,67.9,45.1,60.5,514.2,180.6,607.5,139,137.6,1010.8,364286,4394,12.88,90.9,1490,2.64,1.18,30.3,39.8,65,23.13,12221122,72610,62.7,3427.19,0,1200,400,720,240,4200,7500,8500,102,1.5,6000,0,0,0,0,0,76.32,30,73.5,72.44,61.5,0,0
2026-08-24T13:31:56.961000+09:00,2026-08-24T04:31:56.961000+00:00,094623,1638.5,1,0,0,0,0,13421,490,13421,0,0,0,0,4651,-28608,10326,6,4992,0,129,0,0,0,0,0,0,0,0,0,31082107,2018,0.33,564.29,2202.83,0,56.6,97.6,68.2,45.1,60.9,523,141.4,609.7,142,140.9,1008.5,364287,4395,12.65,89.4,1470,2.67,1.09,22.2,34.7,65,11.16,12221126,72610,70.65,3427.19,0,1200,400,720,240,4200,7500,8500,102,1.5,6000,0,0,0,0,0,69.79,30,62.84,60.14,61.5,0,0
2026-08-24T13:32:57.035000+09:00,2026-08-24T04:32:57.035000+00:00,094623,1609.2,1,0,0,0,0,13421,492,13421,0,0,0,0,4655,-26560,10326,6,4992,0,129,0,0,0,0,0,0,0,0,0,31082107,2018,0.4,641.19,2250.43,0,56.4,97.3,67.9,45,60.7,519.9,122.7,605.3,137.3,135.9,1021,364287,4395,12.57,90.3,1470,2.67,1.09,22.2,33.7,65,11.05,12221128,72610,56.69,3427.19,0,1200,400,720,240,4200,7500,8500,102,1.5,6000,0,0,0,0,0,69.07,30,59.98,62.5,61.5,0,0
2026-08-24T13:33:57.160000+09:00,2026-08-24T04:33:57.160000+00:00,094623,2796.1,1,0,0,0,0,13421,496,13421,0,0,0,0,4655,-28608,10326,6,4480,0,129,0,0,0,0,0,0,0,0,0,31082107,2018,0.36,1195.41,3991.52,0,56.4,99,67.9,45,60.6,515.8,114.4,611.4,143.1,141.7,1019.3,364287,4395,12.63,90.4,1500,2.66,1.17,31,39.3,65,24.82,12221130,72610,62,3427.19,0,1200,400,720,240,4200,7500,8500,102,1.5,6000,0,0,0,0,0,77.63,30,74.49,72.38,61.5,0,0
2026-08-24T13:34:57.242000+09:00,2026-08-24T04:34:57.242000+00:00,094623,2229.7,1,0,0,0,0,13421,461,13421,0,0,0,0,4651,-28608,12374,6,4992,0,129,0,0,0,0,0,0,0,0,0,31082107,2018,0.34,886.56,3116.24,0,56.7,97.3,68.2,45,61,521.8,104.1,608.4,141.7,140.6,1020.7,364287,4395,12.93,89.6,1470,2.49,1.26,27,36.2,65,11.06,12221133,72610,69.8,3427.19,0,1200,400,720,240,4200,7500,8500,102,1.5,6000,0,0,0,0,0,69.36,30,61.61,60.46,61.5,0,0
2026-08-24T13:35:57.338000+09:00,2026-08-24T04:35:57.338000+00:00,094623,2138.1,1,0,0,0,0,13421,440,13421,0,0,0,0,4651,-28608,10326,6,4992,0,129,0,0,0,0,0,0,0,0,0,31082107,2018,0.4,752.28,2890.41,0,56.4,97.2,68.1,45.1,60.9,520.2,101.4,606.2,138.1,136.8,1024.3,364287,4395,12.77,89.9,1330,2.4,1.61,27.6,37.3,65,10.21,12221135,72610,58.34,3427.19,0,1200,400,720,240,4200,7500,8500,102,1.5,6000,0,0,0,0,0,68.95,30,58.88,60.42,61.5,0,0
2026-08-24T13:36:57.423000+09:00,2026-08-24T04:36:57.423000+00:00,094623,2715.5,1,0,0,0,0,13421,503,13421,0,0,0,0,4651,-28608,10326,6,4992,0,129,0,0,0,0,0,0,0,0,0,31082107,2018,0.36,1067.23,3782.77,0,56.5,99.2,68.1,45,60.8,517.9,100.6,612.8,145,144.1,1037.5,364287,4395,12.8,90.2,1520,2.69,1.13,29.4,38.2,65,24.72,12221138,72610,65.26,3427.19,0,1200,400,720,240,4200,7500,8500,102,1.5,6000,0,0,0,0,0,78.05,30,74.5,70.9,61.5,0,0
2026-08-24T13:37:57.565000+09:00,2026-08-24T04:37:57.565000+00:00,094623,1536.0,1,0,0,0,0,13421,490,13421,0,0,0,0,4651,-28608,10326,6,4992,0,129,0,0,0,0,0,0,0,0,0,31082107,2018,0.37,527.67,2063.66,0,56.7,96.7,68,45,61,525.1,99.5,605.8,139.2,137.8,1053.8,364288,4396,12.46,90.1,1480,2.68,1.11,22.1,35.7,65,11.22,12221141,72610,70.69,3427.2,0,1200,400,720,240,4200,7500,8500,102,1.5,6000,0,0,0,0,0,69.77,30,60.4,62.31,61.5,0,0
2026-08-24T13:38:57.665000+09:00,2026-08-24T04:38:57.665000+00:00,094623,1683.7,1,0,0,0,0,13421,491,13421,0,0,0,0,4651,-28608,10326,6,4992,0,129,0,0,0,0,0,0,0,0,0,31082107,2018,0.38,633.87,2317.58,0,56.5,98.1,67.8,45.3,60.7,519.4,104.1,604.8,137,135.7,1025.1,364288,4396,12.65,90.9,1470,2.67,1.08,22.4,33.6,65,11.44,12221143,72610,57.93,3427.2,0,1200,400,720,240,4200,7500,8500,102,1.5,6000,0,0,0,0,0,69.02,30,62.61,65.12,61.5,0,0
2026-08-24T13:39:57.770000+09:00,2026-08-24T04:39:57.770000+00:00,094623,2367.6,1,0,0,0,0,13421,502,13421,0,0,0,0,4651,-28608,18518,590,4992,8720,129,0,0,0,0,0,0,0,0,0,31082107,2018,0.3,918.3,3285.93,0,56.6,99.5,68,45.5,60.9,521.4,106.2,614.3,147.1,146.5,1034,364288,4396,12.73,89.5,1510,2.7,1.1,26.4,35.2,65,19.37,12221146,72610,71.29,3427.2,0,1200,400,720,240,4200,7500,8500,102,1.5,6000,0,0,0,0,0,74.3,30,73.13,66.49,61.6,0,0
2026-08-24T13:40:57.861000+09:00,2026-08-24T04:40:57.861000+00:00,094623,1713.0,1,0,0,0,0,13421,517,13421,0,0,0,0,4655,-28608,10326,6,4992,0,129,0,0,0,0,0,0,0,0,0,31082107,2018,0.35,698.57,2411.57,0,56.6,96.3,68.1,45.5,61.1,520.9,101.1,605.7,138.9,137.5,1015.9,364288,4396,12.59,89.4,1550,2.82,1.04,22.2,32.5,65,14.3,12221148,72610,63.32,3427.2,0,1200,400,720,240,4200,7500,8500,102,1.5,6000,0,0,0,0,0,70.47,30,59.24,60.93,61.6,0,0
2026-08-24T13:41:57.958000+09:00,2026-08-24T04:41:57.958000+00:00,094623,1848.5,1,0,0,0,0,13421,493,13421,0,0,0,0,4651,-28608,10326,518,4480,0,129,0,0,0,0,0,0,0,0,0,31082107,2018,0.41,710.78,2559.28,0,56.4,98.5,67.8,45.6,60.9,521.2,100.1,605.9,137.3,135.9,1008.4,364288,4396,12.67,90.3,1490,2.67,1.18,24.7,37.2,65,12.98,12221150,72610,58.65,3427.2,0,1200,400,720,240,4200,7500,8500,102,1.5,6000,0,0,0,0,0,70.32,30,65.38,64.3,61.6,0,0
2026-08-24T13:42:58.040000+09:00,2026-08-24T04:42:58.040000+00:00,094623,2068.6,1,0,0,0,0,13421,501,13421,0,0,0,0,4655,-28608,8278,6,4992,8,129,0,0,0,0,0,0,0,0,0,31082107,2018,0.32,818.2,2886.75,0,56.7,99.8,68.1,45.8,61.1,522.8,94.8,612.5,147.3,146.3,1030.8,364288,4396,12.7,89.6,1510,2.72,1.11,24.3,34.1,65,14.65,12221153,72610,72.47,3427.2,0,1200,400,720,240,4200,7500,8500,102,1.5,6000,0,0,0,0,0,71.54,30,71.13,63.2,61.6,0,0
2026-08-24T13:43:58.151000+09:00,2026-08-24T04:43:58.151000+00:00,094623,2204.0,1,0,0,0,0,13421,516,13421,0,0,0,0,4651,-28608,10326,6,4992,0,129,0,0,0,0,0,0,0,0,0,31082107,2018,0.37,1008.64,3212.68,0,56.6,96.1,68.2,45.7,61.3,519.5,95.3,606.1,140.2,138.9,1031.3,364289,4397,12.86,90,1580,2.78,1.11,26.2,34.8,65,10.53,12221156,72610,62.39,3427.2,0,1200,400,720,240,4200,7500,8500,102,1.5,6000,0,0,0,0,0,71.8,30,59.48,63.46,61.7,0,0
2026-08-24T13:44:58.246000+09:00,2026-08-24T04:44:58.246000+00:00,094623,2208.9,1,0,0,0,0,13421,493,13421,0,0,0,0,4655,-28608,18582,6,20864,528,129,0,0,0,0,0,0,0,0,0,31082107,2018,0.38,932.95,3141.88,0,56.4,98.5,67.9,45.7,61.1,517.2,98.8,606.3,139.7,138.4,1019.6,364289,4397,12.75,90.9,1490,2.64,1.21,27.8,38.9,65,18.12,12221158,72610,59.81,3427.2,0,1200,400,720,240,4200,7500,8500,102,1.5,6000,0,0,0,0,0,74.13,30,68.61,70.05,61.7,0,0
2026-08-24T13:45:58.349000+09:00,2026-08-24T04:45:58.349000+00:00,094623,1781.4,1,0,0,0,0,13421,500,13421,0,0,0,0,4651,-28608,10326,6,4992,0,129,0,0,0,0,0,0,0,0,0,31082107,2018,0.33,593.58,2374.95,0,56.6,98.9,68.2,45.8,61.3,525,97.6,611.5,145.6,144.6,1024.5,364289,4397,12.58,89,1510,2.72,1.13,23.2,35.6,65,12.78,12221161,72610,73.42,3427.2,0,1200,400,720,240,4200,7500,8500,102,1.5,6000,0,0,0,0,0,71.08,30,67.71,60.37,61.7,0,0
2026-08-24T13:46:58.438000+09:00,2026-08-24T04:46:58.438000+00:00,094623,1571.4,1,0,0,0,0,13421,494,13421,0,0,0,0,4655,-28608,10390,6,21376,0,129,0,0,0,0,0,0,0,0,0,31082107,2018,0.39,539.87,2111.27,0,56.3,96.5,68.1,45.8,61.1,525.5,104.6,603.9,137.5,135.9,996.4,364289,4397,12.47,90.1,1490,2.68,1.13,22.5,36.2,65,11.07,12221163,72610,58.93,3427.2,0,1200,400,720,240,4200,7500,8500,102,1.5,6000,0,0,0,0,0,70.25,30,58.06,61.97,61.7,0,0
2026-08-24T13:47:58.524000+09:00,2026-08-24T04:47:58.524000+00:00,094623,2383.5,1,0,0,0,0,13421,493,13421,0,0,0,0,4651,-28608,12374,6,4512,72,129,0,0,0,0,0,0,0,0,0,31082107,2018,0.36,945.16,3328.65,0,56.2,98.8,67.7,45.9,60.8,519.9,99.4,604.6,137.1,135.7,1003.8,364289,4397,12.56,91.1,1490,2.63,1.2,29.2,41,65,22.13,12221165,72610,60.96,3427.21,0,1200,400,720,240,4200,7500,8500,102,1.5,6000,0,0,0,0,0,75.62,30,71.71,73.04,61.7,0,0
2026-08-24T13:48:58.640000+09:00,2026-08-24T04:48:58.640000+00:00,094623,1615.3,1,0,0,0,0,13421,499,13421,0,0,0,0,4655,-28608,10342,6,13188,0,129,0,0,0,0,0,0,0,0,0,31082107,2018,0.33,227.36,1842.71,0,56.6,98.8,67.9,45.9,61.1,525.2,99.3,610.3,143.3,142.1,1020.9,364289,4397,12.27,89,1470,2.71,0.82,23.6,35.4,65,12.29,12221169,72610,74.39,3427.21,0,1200,400,720,240,4200,7500,8500,102,1.5,6000,0,0,0,0,0,69.73,30,67.48,60.06,61.7,0,0
2026-08-24T13:49:58.739000+09:00,2026-08-24T04:49:58.739000+00:00,094623,1626.3,1,0,0,0,0,13421,498,13421,0,0,0,0,4655,-26560,18518,590,4992,8720,129,0,0,0,0,0,0,0,0,0,31082107,2018,0.38,572.83,2199.16,0,56.3,96.5,68,45.9,61,524.6,98.7,604.7,137.5,136.1,1020.1,364290,4398,12.69,90.2,1500,2.7,1.14,23,36.5,65,11.26,12221171,72610,58.31,3427.21,0,1200,400,720,240,4200,7500,8500,102,1.5,6000,0,0,0,0,0,69.54,30,58.02,62.47,61.7,0,0
2026-08-24T13:50:58.838000+09:00,2026-08-24T04:50:58.838000+00:00,094623,2760.7,1,0,0,0,0,13421,496,13421,0,0,0,0,4651,-28608,10326,6,4480,0,129,0,0,0,0,0,0,0,0,0,31082107,2018,0.35,1127.05,3887.75,0,56.3,99.1,67.9,45.8,60.8,514.3,97.4,607.1,141.7,140.5,1045.6,364290,4398,12.7,90.5,1490,2.64,1.19,30.5,38.9,65,23.08,12221173,72610,62.24,3427.21,0,1200,400,720,240,4200,7500,8500,102,1.5,6000,0,0,0,0,0,76.67,30,73.64,71.94,61.7,0,0
2026-08-24T13:51:58.977000+09:00,2026-08-24T04:51:58.977000+00:00,094623,1711.8,1,0,0,0,0,13421,496,13421,0,0,0,0,4651,-28608,10326,6,4992,0,129,0,0,0,0,0,0,0,0,0,31082107,2018,0.32,586.26,2298.04,0,56.6,97.5,68.2,45.7,61.3,523.8,94.5,606.3,143.5,142.3,1007.6,364290,4398,12.74,89.6,1490,2.7,1.14,23,35.6,65,11.23,12221176,72610,73.63,3427.21,0,1200,400,720,240,4200,7500,8500,102,1.5,6000,0,0,0,0,0,70.02,30,62.77,61.36,61.7,0,0
2026-08-24T13:52:59.165000+09:00,2026-08-24T04:52:59.165000+00:00,094623,1698.4,1,0,0,0,0,13421,493,13421,0,0,0,0,4651,-28608,12374,6,5024,72,129,0,0,0,0,0,0,0,0,0,31082107,2018,0.37,605.79,2304.15,0,56.2,97.1,67.9,45.6,61.1,521.7,102.4,602.6,139.6,138.4,1029.8,364290,4398,12.75,89.9,1490,2.68,1.13,23.1,35.3,65,10.96,12221178,72610,58.65,3427.21,0,1200,400,720,240,4200,7500,8500,102,1.5,6000,0,0,0,0,0,69.23,30,59.74,61.59,61.8,0,0
2026-08-24T13:53:59.223000+09:00,2026-08-24T04:53:59.223000+00:00,094623,2879.1,1,0,0,0,0,13421,500,13421,0,0,0,0,4651,-28608,10326,6,4992,0,129,0,0,0,0,0,0,0,0,0,31082107,2018,0.37,1186.86,4065.98,0,56.2,98.9,67.9,45.6,60.9,516,95.8,609.9,145.7,144.8,1055.6,364290,4398,12.88,90.3,1510,2.67,1.16,30.8,38.8,65,25.56,12221181,72610,64.65,3427.21,0,1200,400,720,240,4200,7500,8500,102,1.5,6000,0,0,0,0,0,77.58,30,73.44,71.86,61.8,0,0
2026-08-24T13:54:59.319000+09:00,2026-08-24T04:54:59.319000+00:00,094623,1710.6,1,0,0,0,0,13421,506,13421,0,0,0,0,4655,-28608,18518,6,4992,528,129,0,0,0,0,0,0,0,0,0,31082107,2018,0.34,644.86,2355.42,0,56.5,97.7,68.1,45.6,61.2,519.3,97.9,605.8,144,142.9,1052.2,364290,4398,12.52,89.2,1510,2.75,1.04,21.8,31.9,65,12.02,12221184,72610,70.41,3427.21,0,1200,400,720,240,4200,7500,8500,102,1.5,6000,0,0,0,0,0,69.82,30,63.9,59.61,61.8,0,0
2026-08-24T13:55:59.414000+09:00,2026-08-24T04:55:59.414000+00:00,094623,1703.2,1,0,0,0,0,13421,512,13421,0,0,0,0,4651,-28608,10326,6,4992,0,129,0,0,0,0,0,0,0,0,0,31082107,2018,0.4,649.74,2352.98,0,56.3,97.4,67.9,45.5,61.1,518.8,95.3,602.9,140.5,139.1,1023.4,364291,4399,12.74,90.2,1530,2.78,1.02,21.8,32,65,13.32,12221186,72610,58.38,3427.21,0,1200,400,720,240,4200,7500,8500,102,1.5,6000,0,0,0,0,0,69.27,30,60.83,62.4,61.8,0,0
2026-08-24T13:56:59.501000+09:00,2026-08-24T04:56:59.501000+00:00,094623,2608.1,1,0,0,0,0,13421,502,13421,0,0,0,0,4655,-28608,10326,6,4992,0,129,0,0,0,0,0,0,0,0,0,31082107,2018,0.32,1124.61,3732.72,0,56.4,99.4,67.9,45.5,61.1,518.5,93.1,611.6,148.7,147.9,1018.9,364291,4399,12.93,90.1,1510,2.68,1.1,27.5,34.7,65,21.45,12221189,72610,70.85,3427.22,0,1200,400,720,240,4200,7500,8500,102,1.5,6000,0,0,0,0,0,74.64,30,73.29,68.5,61.8,0,0
2026-08-24T13:57:59.592000+09:00,2026-08-24T04:57:59.592000+00:00,094623,2133.2,1,0,0,0,0,13421,518,13421,0,0,0,0,4655,-26560,12374,6,5024,72,129,0,0,0,0,0,0,0,0,0,31082107,2018,0.36,858.49,2991.73,0,56.5,96.4,68.3,45.4,61.3,522.3,95.7,605.5,140.7,139.6,1008.9,364291,4399,12.34,89.4,1580,2.78,1.11,25.9,35.7,65,9.84,12221191,72610,66.57,3427.22,0,1200,400,720,240,4200,7500,8500,102,1.5,6000,0,0,0,0,0,72.91,30,61.81,62.71,61.8,0,0
2026-08-24T13:58:59.690000+09:00,2026-08-24T04:58:59.690000+00:00,094623,1764.3,1,0,0,0,0,13421,493,13421,0,0,0,0,4651,-28608,10326,6,4480,0,129,0,0,0,0,0,0,0,0,0,31082107,2018,0.39,649.74,2414.01,0,56.2,98.2,67.9,45.4,61,521.4,96.1,604.4,138.8,137.5,1015.8,364291,4399,12.67,90.7,1480,2.69,1.16,23.8,36.4,65,11.41,12221193,72610,57.9,3427.22,0,1200,400,720,240,4200,7500,8500,102,1.5,6000,0,0,0,0,0,69.76,30,63.44,64.48,61.8,0,0
2026-08-24T13:59:59.786000+09:00,2026-08-24T04:59:59.786000+00:00,094623,2190.6,1,0,0,0,0,13421,502,13421,0,0,0,0,4651,-28608,10326,6,4992,0,129,0,0,0,0,0,0,0,0,0,31082107,2018,0.3,785.24,2975.86,0,56.4,99.8,68,45.3,61.1,522.4,97.4,614,148.6,147.9,1033.9,364291,4399,12.71,89.7,1510,2.72,1.11,24.8,34.1,65,15.64,12221196,72610,73.32,3427.22,0,1200,400,720,240,4200,7500,8500,102,1.5,6000,0,0,0,0,0,71.84,30,71.45,64.06,61.8,0,0
2026-08-24T14:00:59.881000+09:00,2026-08-24T05:00:59.881000+00:00,094623,1499.4,1,0,0,0,0,13421,486,13421,0,0,0,0,4651,-28608,10326,6,4992,0,129,0,0,0,0,0,0,0,0,0,31082107,2018,0.36,410.47,1909.85,0,56.5,96,68.3,45.4,61.2,523.8,95.5,605.2,140.3,138.9,1023.5,364291,4399,12.92,89.7,1490,2.67,1.18,23,37.8,65,11.4,12221199,72610,61.16,3427.22,0,1200,400,720,240,4200,7500,8500,102,1.5,6000,0,0,0,0,0,70.44,30,57.59,61.02,61.8,0,0
2026-08-24T14:02:00.017000+09:00,2026-08-24T05:02:00.017000+00:00,094623,2143.0,1,0,0,0,0,13421,493,13421,0,0,0,0,4655,-26560,10326,6,4480,0,129,0,0,0,0,0,0,0,0,0,31082107,2018,0.39,810.88,2953.89,0,56.3,98.5,67.8,45.5,60.9,519,104.5,604.7,139,137.5,1022.2,364292,4400,12.68,90.9,1490,2.65,1.19,26.9,39,65,17.01,12221201,72610,58.24,3427.22,0,1200,400,720,240,4200,7500,8500,102,1.5,6000,0,0,0,0,0,73.02,30,67.7,68.93,62.4,0,0
2026-08-24T14:03:00.114000+09:00,2026-08-24T05:03:00.114000+00:00,094623,1899.8,1,0,0,0,0,13421,500,13421,0,0,0,0,4651,-28608,12374,6,5024,8,129,0,0,0,0,0,0,0,0,0,31082107,2018,0.32,633.87,2533.65,0,56.6,100,67.9,45.4,61.1,524,97.9,614.5,148,147.1,1017.5,364292,4400,12.68,89.4,1500,2.71,1.13,23.5,34.8,65,12.67,12221204,72610,73.28,3427.22,0,1200,400,720,240,4200,7500,8500,102,1.5,6000,0,0,0,0,0,70.18,30,71.15,61.77,62.4,0,0
2026-08-24T14:04:00.207000+09:00,2026-08-24T05:04:00.207000+00:00,094623,1658.1,1,0,0,0,0,13421,490,13421,0,0,0,0,4655,-28608,10390,6,21376,0,129,0,0,0,0,0,0,0,0,0,31082107,2018,0.37,585.04,2243.11,0,56.5,96,68.2,45.5,61.1,523.5,94.4,606,140.7,139.2,1030.3,364292,4400,12.51,90.1,1480,2.65,1.12,22.6,34.8,65,11.36,12221206,72610,59.61,3427.22,0,1200,400,720,240,4200,7500,8500,102,1.5,6000,0,0,0,0,0,70.27,30,57.15,62.25,62.4,0,0
2026-08-24T14:05:00.300000+09:00,2026-08-24T05:05:00.300000+00:00,094623,2530.0,1,0,0,0,0,13421,492,13421,0,0,0,0,4651,-28608,10326,6,4480,0,129,0,0,0,0,0,0,0,0,0,31082107,2018,0.39,1018.4,3548.39,0,56.4,98.8,67.9,45.5,60.9,516,91.4,606.1,142.4,141.2,1020.9,364292,4400,12.79,90.6,1490,2.62,1.2,29.7,39.8,65,22.05,12221208,72610,58.44,3427.22,0,1200,400,720,240,4200,7500,8500,102,1.5,6000,0,0,0,0,0,76.19,30,71.89,70.9,62.4,0,0
2026-08-24T14:06:00.422000+09:00,2026-08-24T05:06:00.422000+00:00,094623,1902.2,1,0,0,0,0,13421,520,13421,0,0,0,0,4655,-28608,10390,6,21376,0,129,0,0,0,0,0,0,0,0,0,31082107,2018,0.34,701.01,2603.23,0,56.8,98.7,68.1,45.5,61.3,520.3,92.6,606.8,146.6,145.7,1017.4,364292,4400,12.88,89.3,1560,2.81,1.02,22.8,32,65,15.31,12221212,72610,72.81,3427.23,0,1200,400,720,240,4200,7500,8500,102,1.5,6000,0,0,0,0,0,71.7,30,68.46,61.86,62.5,0,0
2026-08-24T14:07:00.517000+09:00,2026-08-24T05:07:00.517000+00:00,094623,1829.0,1,0,0,0,0,13421,520,13421,0,0,0,0,4651,-28608,10326,6,4992,0,129,0,0,0,0,0,0,0,0,0,31082107,2018,0.4,730.31,2559.28,0,56.5,96.8,68,45.4,61.2,520.8,92.1,602.3,138.5,136.8,1027.3,364292,4400,12.41,90.1,1560,2.81,1.06,23.3,33.8,65,16.18,12221214,72610,59.44,3427.23,0,1200,400,720,240,4200,7500,8500,102,1.5,6000,0,0,0,0,0,71.81,30,61.06,64.18,62.5,0,0
2026-08-24T14:08:00.633000+09:00,2026-08-24T05:08:00.633000+00:00,094623,2823.0,1,0,0,0,0,13421,494,13421,0,0,0,0,4651,-28608,2150,6,12676,528,129,0,0,0,0,0,0,0,0,0,31082107,2018,0.34,1117.28,3940.24,0,56.5,98.9,67.9,45.5,60.9,516.7,93.2,608.3,142.9,141.7,1026.1,364293,4401,12.63,90.5,1490,2.63,1.18,31,39.3,65,24.58,12221216,72610,64.42,3427.23,0,1200,400,720,240,4200,7500,8500,102,1.5,6000,0,0,0,0,0,77.64,30,73.7,72.78,62.5,0,0
2026-08-24T14:09:00.711000+09:00,2026-08-24T05:09:00.711000+00:00,094623,1478.6,1,0,0,0,0,13421,483,13421,0,0,0,0,4651,-28608,10326,6,4992,0,129,0,0,0,0,0,0,0,0,0,31082107,2018,0.33,397.04,1875.67,0,56.8,97.8,68.2,45.4,61.3,526.1,91.9,606.4,143.1,141.7,995.9,364293,4401,12.8,88.9,1490,2.64,1.06,23,38.2,65,11.44,12221219,72610,71.15,3427.23,0,1200,400,720,240,4200,7500,8500,102,1.5,6000,0,0,0,0,0,70.15,30,64.07,58.63,62.5,0,0
2026-08-24T14:10:00.823000+09:00,2026-08-24T05:10:00.823000+00:00,094623,1575.1,1,0,0,0,0,13421,490,13421,0,0,0,0,4651,-28608,10326,6,4992,0,129,0,0,0,0,0,0,0,0,0,31082107,2018,0.4,438.55,2013.61,0,56.6,97.3,67.9,45.4,61,523.6,102.7,602.5,139,137.5,993.8,364293,4401,12.52,90.6,1490,2.68,0.97,23.5,37.7,65,11.34,12221221,72610,57.43,3427.23,0,1200,400,720,240,4200,7500,8500,102,1.5,6000,0,0,0,0,0,69.57,30,60.44,63.71,62.5,0,0
2026-08-24T14:11:00.927000+09:00,2026-08-24T05:11:00.927000+00:00,094623,2785.1,1,0,0,0,0,13421,502,13421,0,0,0,0,4651,-28608,8278,6,4992,8,129,0,0,0,0,0,0,0,0,0,31082107,2018,0.33,1164.89,3950.01,0,56.6,99.3,67.9,45.3,60.9,518.2,95,612.5,147.4,146.5,1026.7,364293,4401,12.74,90,1520,2.68,1.15,30.2,38.6,65,25.35,12221224,72610,67.52,3427.23,0,1200,400,720,240,4200,7500,8500,102,1.5,6000,0,0,0,0,0,77.67,30,75.77,71.5,62.5,0,0
2026-08-24T14:12:01.025000+09:00,2026-08-24T05:12:01.025000+00:00,094623,1614.1,1,0,0,0,0,13421,496,13421,0,0,0,0,4651,-28608,10326,6,4992,0,129,0,0,0,0,0,0,0,0,0,31082107,2018,0.35,597.25,2211.37,0,56.7,96.4,68.2,45.3,61.3,522.9,96.9,605.4,143.8,142.5,1016.2,364293,4401,12.27,89.3,1480,2.7,1.06,21.6,33,65,11.7,12221227,72610,65.06,3427.23,0,1200,400,720,240,4200,7500,8500,102,1.5,6000,0,0,0,0,0,70.25,30,59.64,60.15,62.5,0,0
2026-08-24T14:13:01.166000+09:00,2026-08-24T05:13:01.166000+00:00,094623,1630.0,1,0,0,0,0,13421,506,13421,0,0,0,0,4651,-28608,18518,6,4992,528,129,0,0,0,0,0,0,0,0,0,31082107,2018,0.38,635.09,2265.08,0,56.4,98.2,68,45.4,61.1,519.7,98.8,605.7,140.7,139.3,1028.5,364293,4401,12.52,90.3,1500,2.74,1.04,21.6,32.1,65,11.84,12221229,72610,58.89,3427.23,0,1200,400,720,240,4200,7500,8500,102,1.5,6000,0,0,0,0,0,69.98,30,63.22,63.05,62.5,0,0
2026-08-24T14:14:01.218000+09:00,2026-08-24T05:14:01.218000+00:00,094623,2675.2,1,0,0,0,0,13421,502,13421,0,0,0,0,4651,-28608,10326,518,4992,0,129,0,0,0,0,0,0,0,0,0,31082107,2018,0.33,1106.3,3781.55,0,56.6,99.4,68,45.4,61.1,519.8,105.9,613.3,150.1,149.6,1043.5,364294,4402,12.9,89.6,1510,2.68,1.12,28.2,35.4,65,22.26,12221232,72610,70.36,3427.23,0,1200,400,720,240,4200,7500,8500,102,1.5,6000,0,0,0,0,0,76.18,30,74.18,68.07,62.5,0,0
2026-08-24T14:15:01.319000+09:00,2026-08-24T05:15:01.319000+00:00,094623,1885.1,1,0,0,0,0,13421,455,13421,0,0,0,0,4651,-28608,10326,6,4992,0,129,0,0,0,0,0,0,0,0,0,31082107,2018,0.35,608.23,2493.36,0,56.8,96.4,68.2,45.3,61.4,524.2,101.5,606.9,144.1,142.7,1023,364294,4402,12.23,89.6,1340,2.57,1.94,26.1,38.1,65,11.39,12221234,72610,63.85,3427.24,0,1200,400,720,240,4200,7500,8500,102,1.5,6000,0,0,0,0,0,69.76,30,58.75,60.01,62.6,0,0
2026-08-24T14:16:01.458000+09:00,2026-08-24T05:16:01.458000+00:00,094623,1698.4,1,0,0,0,0,13421,499,13421,0,0,0,0,4651,-28608,12374,6,4512,72,129,0,0,0,0,0,0,0,0,0,31082107,2018,0.39,639.97,2338.33,0,56.6,97.8,67.9,45.4,61.2,522.6,111.2,608.6,140.2,138.8,1026.1,364294,4402,12.62,90.4,1500,2.69,1.15,23.2,35.4,65,11.38,12221236,72610,59.23,3427.24,0,1200,400,720,240,4200,7500,8500,102,1.5,6000,0,0,0,0,0,69.9,30,62.04,63.27,62.6,0,0
2026-08-24T14:17:01.536000+09:00,2026-08-24T05:17:01.536000+00:00,094623,2316.3,1,0,0,0,0,13421,502,13421,0,0,0,0,4651,-28608,10326,518,4992,0,129,0,0,0,0,0,0,0,0,0,31082107,2018,0.31,893.89,3210.24,0,56.6,100.2,68,45.4,61.3,521.6,115.3,618.7,150,149.4,1066.6,364294,4402,12.8,89.5,1510,2.71,1.09,25.4,33.8,65,16.76,12221239,72610,73.45,3427.24,0,1200,400,720,240,4200,7500,8500,102,1.5,6000,0,0,0,0,0,73.12,30,73.53,64.49,62.6,0,0
2026-08-24T14:18:01.635000+09:00,2026-08-24T05:18:01.635000+00:00,094623,1587.3,1,0,0,0,0,13421,497,13421,0,0,0,0,4651,-28608,18518,6,4992,528,129,0,0,0,0,0,0,0,0,0,31082107,2018,0.36,561.85,2149.11,0,56.6,95.8,68.3,45.3,61.4,524.8,107.3,608.8,140.9,139.3,1006.7,364294,4402,12.87,89.9,1500,2.69,1.14,22.7,36.1,65,11.22,12221242,72610,61.94,3427.24,0,1200,400,720,240,4200,7500,8500,102,1.5,6000,0,0,0,0,0,71.21,30,57.47,61.61,62.6,0,0
2026-08-24T14:19:01.726000+09:00,2026-08-24T05:19:01.726000+00:00,094623,1982.8,1,0,0,0,0,13421,494,13421,0,0,0,0,4655,-28608,10326,6,4480,0,129,0,0,0,0,0,0,0,0,0,31082107,2018,0.39,759.61,2742.39,0,56.5,98.7,67.9,45.4,61,520.8,115.1,609.5,137.6,136.1,1016.1,364294,4402,12.76,91,1490,2.64,1.19,26,38.9,65,16.06,12221244,72610,58.75,3427.24,0,1200,400,720,240,4200,7500,8500,102,1.5,6000,0,0,0,0,0,73.2,30,67.92,68.67,62.6,0,0
2026-08-24T14:20:01.826000+09:00,2026-08-24T05:20:01.826000+00:00,094623,1903.4,1,0,0,0,0,13421,500,13421,0,0,0,0,4651,-28608,10326,6,4992,0,129,0,0,0,0,0,0,0,0,0,31082107,2018,0.33,627.77,2531.2,0,56.8,99.4,67.9,45.4,61.2,527.7,104.1,612.6,145.4,144.7,1038.3,364295,4403,12.23,89.6,1510,2.71,1.11,23.6,35.5,65,14.21,12221247,72610,72.54,3427.24,0,1200,400,720,240,4200,7500,8500,102,1.5,6000,0,0,0,0,0,71.42,30,70.21,63.27,62.6,0,0
2026-08-24T14:21:01.934000+09:00,2026-08-24T05:21:01.934000+00:00,094623,1929.1,1,0,0,0,0,13421,521,13421,0,0,0,0,4651,-28608,12374,6,5024,72,129,0,0,0,0,0,0,0,0,0,31082107,2018,0.39,785.24,2714.32,0,56.7,96.2,68,45.3,61.1,522.3,161.3,608.9,137.5,136.1,1022.6,364295,4403,12.82,89.9,1570,2.83,1.07,24,34.4,65,16.97,12221249,72610,60.09,3427.24,0,1200,400,720,240,4200,7500,8500,102,1.5,6000,0,0,0,0,0,72.71,30,60.65,64.49,62.7,0,0
2026-08-24T14:22:02.041000+09:00,2026-08-24T05:22:02.041000+00:00,094623,2373.7,1,0,0,0,0,13421,494,13421,0,0,0,0,4651,-28608,10326,6,4480,0,129,0,0,0,0,0,0,0,0,0,31082107,2018,0.41,943.94,3317.67,0,56.5,98.7,67.9,45.3,60.9,516,134.6,608.9,140.4,139,1032.7,364295,4403,12.76,91.2,1490,2.64,1.19,28.2,38.9,65,18.66,12221251,72610,62.07,3427.24,0,1200,400,720,240,4200,7500,8500,102,1.5,6000,0,0,0,0,0,74.77,30,70.19,71.5,62.7,0,0
2026-08-24T14:23:02.147000+09:00,2026-08-24T05:23:02.147000+00:00,094623,2331.0,1,0,0,0,0,13421,439,13421,0,0,0,0,4651,-28608,18582,6,21376,528,129,0,0,0,0,0,0,0,0,0,31082107,2018,0.32,787.68,3118.69,0,56.8,99.8,68.2,45.3,61.3,520.9,113.4,611.7,148.7,148,1042.4,364295,4403,12.86,89.2,1320,2.41,1.6,27.7,35.9,65,11.07,12221255,72610,72.84,3427.24,0,1200,400,720,240,4200,7500,8500,102,1.5,6000,0,0,0,0,0,69.98,30,69.81,59.62,62.6,0,0
2026-08-24T14:24:02.295000+09:00,2026-08-24T05:24:02.295000+00:00,094623,2021.8,1,0,0,0,0,13421,475,13421,0,0,0,0,4651,-28608,10326,6,4992,0,129,0,0,0,0,0,0,0,0,0,31082107,2018,0.37,732.75,2754.6,0,56.7,96.1,68.2,45.2,61.3,521.5,104.7,606.9,141.9,140.5,1048.9,364295,4403,12.67,90.3,1320,2.47,1.81,27,37,65,11.39,12221257,72610,59.78,3427.24,0,1200,400,720,240,4200,7500,8500,102,1.5,6000,0,0,0,0,0,70.29,30,57.24,62.38,62.7,0,0
2026-08-24T14:25:02.360000+09:00,2026-08-24T05:25:02.360000+00:00,094623,2864.5,1,0,0,0,0,13421,494,13421,0,0,0,0,4655,-28608,10342,6,12676,0,129,0,0,0,0,0,0,0,0,0,31082107,2018,0.36,1219.82,4084.29,0,56.6,99,68,45.3,61.1,513.4,120.1,610.4,145.6,144.5,1048,364295,4403,12.11,90.4,1490,2.63,1.18,31,38.2,65,23.49,12221259,72610,62,3427.25,0,1200,400,720,240,4200,7500,8500,102,1.5,6000,0,0,0,0,0,78.25,30,74.17,71.85,62.7,0,0
2026-08-24T14:26:02.458000+09:00,2026-08-24T05:26:02.458000+00:00,094623,1628.8,1,0,0,0,0,13421,498,13421,0,0,0,0,4651,-28608,12374,6,5024,72,129,0,0,0,0,0,0,0,0,0,31082107,2018,0.35,519.12,2147.89,0,57,97.7,68.3,45.3,61.5,525.4,107.4,612.2,142.5,141.2,1011.9,364296,4404,12.85,89.7,1500,2.72,1.13,22.7,36.3,65,11.1,12221262,72610,69.54,3427.25,0,1200,400,720,240,4200,7500,8500,102,1.5,6000,0,0,0,0,0,71.53,30,64.33,61.9,62.7,0,0
2026-08-24T14:27:02.549000+09:00,2026-08-24T05:27:02.549000+00:00,094623,1711.8,1,0,0,0,0,13421,498,13421,0,0,0,0,4651,-26560,10326,6,4992,0,129,0,0,0,0,0,0,0,0,0,31082107,2018,0.38,636.31,2348.09,0,56.7,97.2,67.9,45.3,61.2,523,198,607.9,138,136.4,1012,364296,4404,12.65,90.6,1500,2.7,1.16,23.3,35.9,65,10.55,12221264,72610,59.4,3427.25,0,1200,400,720,240,4200,7500,8500,102,1.5,6000,0,0,0,0,0,70.58,30,60.67,64.54,62.7,0,0
2026-08-24T14:28:02.669000+09:00,2026-08-24T05:28:02.669000+00:00,094623,2830.3,1,0,0,0,0,13421,499,13421,0,0,0,0,4651,-28608,18518,6,4992,0,129,0,0,0,0,0,0,0,0,0,31082107,2018,0.33,1168.55,3998.84,0,56.7,99,67.9,45.3,61.1,518,140.6,615.9,144.5,143.6,1039.8,364296,4404,12.24,90,1510,2.66,1.16,30.7,39.2,65,25.65,12221267,72610,65.46,3427.25,0,1200,400,720,240,4200,7500,8500,102,1.5,6000,0,0,0,0,0,78.87,30,75.33,72.24,62.7,0,0
2026-08-24T14:29:02.764000+09:00,2026-08-24T05:29:02.764000+00:00,094623,1620.2,1,0,0,0,0,13421,510,13421,0,0,0,0,4651,-28608,10326,6,4992,0,129,0,0,0,0,0,0,0,0,0,31082107,2018,0.36,618,2238.23,0,57,96.7,68,45.3,61.3,522.3,124.7,610.4,141.4,140,1009.5,364296,4404,12.55,89.3,1530,2.78,1.03,21.6,32.5,65,12.21,12221270,72610,64.42,3427.25,0,1200,400,720,240,4200,7500,8500,102,1.5,6000,0,0,0,0,0,70.75,30,61.48,60.67,62.8,0,0
2026-08-24T14:30:02.856000+09:00,2026-08-24T05:30:02.856000+00:00,094623,1736.2,1,0,0,0,0,13421,514,13421,0,0,0,0,4651,-28608,10326,6,4992,0,129,0,0,0,0,0,0,0,0,0,31082107,2018,0.4,709.55,2445.75,0,56.7,97.9,67.9,45.3,61.1,518.5,133.6,608.4,137.9,136.4,1029.1,364296,4404,12.84,90.7,1540,2.79,1.03,22,31.6,65,13.73,12221272,72610,58.85,3427.25,0,1200,400,720,240,4200,7500,8500,102,1.5,6000,0,0,0,0,0,70.58,30,62.92,65.05,62.8,0,0
2026-08-24T14:31:02.959000+09:00,2026-08-24T05:31:02.959000+00:00,094623,2528.8,1,0,0,0,0,13421,501,13421,0,0,0,0,4651,-28608,12374,6,5024,8,129,0,0,0,0,0,0,0,0,0,31082107,2018,0.33,995.21,3523.97,0,56.8,99.5,68,45.3,61.1,521.3,121.9,612.8,146.5,145.6,1040.9,364296,4404,12.84,89.7,1510,2.69,1.11,27.7,36.4,65,21.96,12221275,72610,70.6,3427.25,0,1200,400,720,240,4200,7500,8500,102,1.5,6000,0,0,0,0,0,76.61,30,74.68,68.98,62.8,0,0
2026-08-24T14:32:03.065000+09:00,2026-08-24T05:32:03.065000+00:00,094623,1832.6,1,0,0,0,0,13421,476,13421,0,0,0,0,4651,-28608,10326,6,4992,0,129,0,0,0,0,0,0,0,0,0,31082107,2018,0.35,585.04,2417.68,0,56.9,96.3,68.1,45.3,61.4,523,130.8,603.4,141.4,140.1,1032.1,364297,4405,12.69,89.4,1360,2.64,1.89,25.5,37.7,65,11.41,12221277,72610,62.74,3427.25,0,1200,400,720,240,4200,7500,8500,102,1.5,6000,0,0,0,0,0,70.53,30,59.18,60.55,62.8,0,0
2026-08-24T14:33:03.167000+09:00,2026-08-24T05:33:03.167000+00:00,094623,1748.4,1,0,0,0,0,13421,499,13421,0,0,0,0,4651,-28608,10326,518,4480,0,129,0,0,0,0,0,0,0,0,0,31082107,2018,0.4,650.96,2399.36,0,56.7,98.4,67.9,45.3,61.2,520.9,119.4,602,140,138.8,1022,364297,4405,12.67,90.3,1500,2.72,1.15,23.4,35.1,65,10.98,12221279,72610,57.86,3427.25,0,1200,400,720,240,4200,7500,8500,102,1.5,6000,0,0,0,0,0,70.33,30,64.23,63.41,62.8,0,0
2026-08-24T14:34:03.269000+09:00,2026-08-24T05:34:03.269000+00:00,094623,2191.8,1,0,0,0,0,13421,501,13421,0,0,0,0,4651,-28608,10326,6,4992,0,129,0,0,0,0,0,0,0,0,0,31082107,2018,0.33,769.37,2961.21,0,57,99.5,68,45.3,61.4,523.6,111.9,610.4,148.8,147.8,1029.2,364297,4405,12.68,89.8,1510,2.69,1.09,25.5,35.3,65,17.33,12221282,72610,71.22,3427.25,0,1200,400,720,240,4200,7500,8500,102,1.5,6000,0,0,0,0,0,74,30,72.32,65.94,62.8,0,0
2026-08-24T14:35:03.355000+09:00,2026-08-24T05:35:03.355000+00:00,094623,1523.8,1,0,0,0,0,13421,494,13421,0,0,0,0,4651,-28608,10326,6,4992,0,129,0,0,0,0,0,0,0,0,0,31082107,2018,0.36,504.47,2028.26,0,57,96.2,68.2,45.3,61.4,526.6,111.1,599.8,138.6,136.8,1009.2,364297,4405,12.44,89.8,1490,2.69,1.13,22.3,36.7,65,11.18,12221285,72610,63.18,3427.26,0,1200,400,720,240,4200,7500,8500,102,1.5,6000,0,0,0,0,0,71.27,30,58.84,61.84,62.8,0,0
2026-08-24T14:36:03.461000+09:00,2026-08-24T05:36:03.461000+00:00,094623,2058.5,1,0,0,0,0,13421,494,13421,0,0,0,0,4651,-28608,18518,6,4480,528,129,0,0,0,0,0,0,0,0,0,31082107,2018,0.4,747.4,2805.87,0,56.8,98.6,67.8,45.4,61.1,519.7,153.7,599,137.6,136.2,1011.5,364297,4405,12.57,90.4,1490,2.66,1.19,26.2,38.2,65,14.67,12221287,72610,59.4,3427.26,0,1200,400,720,240,4200,7500,8500,102,1.5,6000,0,0,0,0,0,72.8,30,67.47,66.44,62.8,0,0
2026-08-24T14:37:03.554000+09:00,2026-08-24T05:37:03.554000+00:00,094623,1871.7,1,0,0,0,0,13421,501,13421,0,0,0,0,4651,-28608,10326,6,4992,0,129,0,0,0,0,0,0,0,0,0,31082107,2018,0.32,624.1,2495.8,0,57,99.7,68,45.4,61.3,525.9,126.5,606.6,145.8,144.9,1013.9,364297,4405,12.75,89.6,1510,2.71,1.12,23.6,35.2,65,13.68,12221290,72610,73.83,3427.26,0,1200,400,720,240,4200,7500,8500,102,1.5,6000,0,0,0,0,0,71.67,30,70.94,62.96,62.8,0,0
2026-08-24T14:38:03.651000+09:00,2026-08-24T05:38:03.651000+00:00,094623,1639.8,1,0,0,0,0,13421,510,13421,0,0,0,0,4651,-28608,10326,6,4992,0,129,0,0,0,0,0,0,0,0,0,31082107,2018,0.38,609.45,2249.21,0,56.8,96.2,68.1,45.4,61.2,521.7,127.9,599.3,138.4,136.7,1016.5,364298,4406,12.63,89.7,1520,2.78,1.04,21.6,32.6,65,13.58,12221292,72610,61.42,3427.26,0,1200,400,720,240,4200,7500,8500,102,1.5,6000,0,0,0,0,0,71.21,30,58.51,61.58,62.9,0,0
2026-08-24T14:39:03.745000+09:00,2026-08-24T05:39:03.745000+00:00,094623,2473.8,1,0,0,0,0,13421,492,13421,0,0,0,0,4651,-28608,10326,6,4480,0,129,0,0,0,0,0,0,0,0,0,31082107,2018,0.41,1047.7,3521.53,0,56.7,98.8,67.8,45.4,61,516.1,124.2,600,140.4,139.2,1018.3,364298,4406,12.46,90.8,1480,2.62,1.22,29.1,39,65,19.88,12221294,72610,60.19,3427.26,0,1200,400,720,240,4200,7500,8500,102,1.5,6000,0,0,0,0,0,75.55,30,70.99,70.7,62.9,0,0
2026-08-24T14:40:03.860000+09:00,2026-08-24T05:40:03.860000+00:00,094623,1985.2,1,0,0,0,0,13421,520,13421,0,0,0,0,4655,-26560,10326,6,4992,0,129,0,0,0,0,0,0,0,0,0,31082107,2018,0.34,802.33,2787.56,0,57.1,98.8,68.1,45.4,61.5,518.1,119.5,603.5,145.7,144.5,1022.2,364298,4406,12.74,89.7,1560,2.82,1.02,23.2,31.5,65,16.27,12221298,72610,71.02,3427.26,0,1200,400,720,240,4200,7500,8500,102,1.5,6000,0,0,0,0,0,72.5,30,69.24,63.71,62.9,0,0
2026-08-24T14:41:03.949000+09:00,2026-08-24T05:41:03.949000+00:00,094623,1827.8,1,0,0,0,0,13421,521,13421,0,0,0,0,4651,-28608,18518,6,4992,528,129,0,0,0,0,0,0,0,0,0,31082107,2018,0.37,808.43,2636.19,0,56.8,96.6,68.2,45.4,61.5,519.8,112.3,599.1,138.9,137.4,1026.3,364298,4406,12.36,89.8,1570,2.81,1.06,23.6,33.6,65,15.63,12221299,72610,59.52,3427.26,0,1200,400,720,240,4200,7500,8500,102,1.5,6000,0,0,0,0,0,73.61,30,61.37,64,62.9,0,0
2026-08-24T14:42:04.078000+09:00,2026-08-24T05:42:04.078000+00:00,094623,2870.6,1,0,0,0,0,13421,495,13421,0,0,0,0,4655,-28608,10390,6,20864,0,129,0,0,0,0,0,0,0,0,0,31082107,2018,0.38,1202.73,4073.31,0,56.6,98.5,67.9,45.5,61.1,515,124.5,604.3,143.6,142.5,1024.1,364298,4406,12.35,90.5,1490,2.64,1.17,31,38.4,65,24.6,12221302,72610,59.84,3427.26,0,1200,400,720,240,4200,7500,8500,102,1.5,6000,0,0,0,0,0,78.57,30,72.83,72.29,62.9,0,0
2026-08-24T14:43:04.189000+09:00,2026-08-24T05:43:04.189000+00:00,094623,1564.1,1,0,0,0,0,13421,492,13421,0,0,0,0,4651,-28608,10326,6,4992,0,129,0,0,0,0,0,0,0,0,0,31082107,2018,0.35,482.5,2046.57,0,56.9,98.5,68.2,45.4,61.5,524.8,112.8,607,141.8,140.6,1010.5,364298,4406,12.68,89.7,1450,2.68,1.41,23.5,37.6,65,11.39,12221305,72610,71.06,3427.26,0,1200,400,720,240,4200,7500,8500,102,1.5,6000,0,0,0,0,0,71.26,30,66.71,61.58,62.9,0,0
2026-08-24T14:44:04.283000+09:00,2026-08-24T05:44:04.283000+00:00,094623,1440.8,1,0,0,0,0,13421,499,13421,0,0,0,0,4651,-28608,12390,6,13220,72,129,0,0,0,0,0,0,0,0,0,31082107,2018,0.39,259.1,1699.88,0,56.6,96.6,67.9,45.4,61.2,525.3,117,604.1,136.7,135.2,993.2,364299,4407,12.88,90.5,1470,2.7,0.77,23.3,36.5,65,11.21,12221307,72610,59.74,3427.27,0,1200,400,720,240,4200,7500,8500,102,1.5,6000,0,0,0,0,0,70.55,30,58.73,63.98,62.9,0,0
2026-08-24T14:45:04.390000+09:00,2026-08-24T05:45:04.390000+00:00,094623,2733.8,1,0,0,0,0,13421,497,13421,0,0,0,0,4651,-28608,10326,6,4992,0,129,0,0,0,0,0,0,0,0,0,31082107,2018,0.34,1109.96,3843.81,0,56.6,99.4,67.8,45.4,60.9,520.9,108.8,614.1,143,142.1,1022,364299,4407,12.65,89.9,1510,2.65,1.15,30.6,39.7,65,25.96,12221310,72610,65.2,3427.27,0,1200,400,720,240,4200,7500,8500,102,1.5,6000,0,0,0,0,0,78.77,30,76.44,72.07,62.9,0,0
2026-08-24T14:46:04.485000+09:00,2026-08-24T05:46:04.485000+00:00,094623,1771.6,1,0,0,0,0,13421,518,13421,0,0,0,0,4651,-28608,18518,6,4992,528,129,0,0,0,0,0,0,0,0,0,31082107,2018,0.36,732.75,2504.35,0,56.8,96.8,67.9,45.3,61.2,522.6,110,609,140.3,139,1005.4,364299,4407,12.69,89,1560,2.82,1.04,22.6,32.6,65,14.98,12221313,72610,66.28,3427.27,0,1200,400,720,240,4200,7500,8500,102,1.5,6000,0,0,0,0,0,71.05,30,62.14,60.66,62.9,0,0
2026-08-24T14:47:04.574000+09:00,2026-08-24T05:47:04.574000+00:00,094623,1907.1,1,0,0,0,0,13421,520,13421,0,0,0,0,4651,-28608,10326,6,4992,0,129,0,0,0,0,0,0,0,0,0,31082107,2018,0.43,852.38,2759.48,0,56.5,97.5,67.8,45.3,61,519.5,104.1,607.5,137.3,135.9,1014.5,364299,4407,12.77,90.4,1570,2.82,1.06,23.8,33,65,16.8,12221315,72610,56.48,3427.27,0,1200,400,720,240,4200,7500,8500,102,1.5,6000,0,0,0,0,0,71.94,30,63.45,65.76,63,0,0
2026-08-24T14:48:04.674000+09:00,2026-08-24T05:48:04.674000+00:00,094623,2866.9,1,0,0,0,0,13421,504,13421,0,0,0,0,4655,-28608,10326,590,4992,8192,129,0,0,0,0,0,0,0,0,0,31082107,2018,0.33,1184.42,4051.33,0,56.7,99.6,68,45.4,61,516.7,110.3,616.2,146.3,145.2,1054,364299,4407,12.93,89.9,1520,2.69,1.12,28.6,34.4,65,22.29,12221318,72610,68.27,3427.27,0,1200,400,720,240,4200,7500,8500,102,1.5,6000,0,0,0,0,0,76.07,30,74.34,68.99,63,0,0
2026-08-24T14:49:04.755000+09:00,2026-08-24T05:49:04.755000+00:00,094623,2004.8,1,0,0,0,0,13421,449,13421,0,0,0,0,4651,-28608,12374,6,5024,72,129,0,0,0,0,0,0,0,0,0,31082107,2018,0.33,737.63,2742.39,0,56.8,96.3,68.4,45.4,61.5,523.8,107.8,612.1,140.7,139.3,1027.6,364299,4407,12.81,89.6,1320,2.44,1.7,26.9,37.2,65,11.44,12221320,72610,65.5,3427.27,0,1200,400,720,240,4200,7500,8500,102,1.5,6000,0,0,0,0,0,70.58,30,58.62,60.08,63,0,0
2026-08-24T14:50:04.859000+09:00,2026-08-24T05:50:04.859000+00:00,094623,1659.3,1,0,0,0,0,13421,497,13421,0,0,0,0,4651,-28608,10326,6,4480,0,129,0,0,0,0,0,0,0,0,0,31082107,2018,0.39,591.14,2250.43,0,56.6,97.9,68,45.4,61.2,523.2,111.6,610.9,137.7,136.4,1039.2,364300,4408,12.71,90.8,1490,2.69,1.15,23.2,36,65,11.61,12221322,72610,57.69,3427.27,0,1200,400,720,240,4200,7500,8500,102,1.5,6000,0,0,0,0,0,70.8,30,62.46,64.88,63,0,0
2026-08-24T14:51:04.944000+09:00,2026-08-24T05:51:04.944000+00:00,094623,2252.9,1,0,0,0,0,13421,501,13421,0,0,0,0,4651,-28608,18518,6,4992,528,129,0,0,0,0,0,0,0,0,0,31082107,2018,0.3,780.36,3033.23,0,57,100.2,68,45.4,61.2,525.4,102.8,618.7,146.3,145.6,1039.1,364300,4408,12.86,89.7,1510,2.7,1.11,26.1,36.5,65,18.61,12221326,72610,73.07,3427.27,0,1200,400,720,240,4200,7500,8500,102,1.5,6000,0,0,0,0,0,74.73,30,74.72,66.58,63,0,0
2026-08-24T14:52:05.038000+09:00,2026-08-24T05:52:05.038000+00:00,094623,1597.0,1,0,0,0,0,13421,501,13421,0,0,0,0,4651,-28608,10326,6,4992,0,129,0,0,0,0,0,0,0,0,0,31082107,2018,0.36,607.01,2204.05,0,57,96,68.1,45.4,61.3,522.4,116,609.5,138.9,137.5,1021,364300,4408,12.77,89.6,1490,2.73,1.05,21.6,32.9,65,12.1,12221328,72610,63.65,3427.27,0,1200,400,720,240,4200,7500,8500,102,1.5,6000,0,0,0,0,0,70.92,30,58.67,61.06,63,0,0
2026-08-24T14:53:05.131000+09:00,2026-08-24T05:53:05.131000+00:00,094623,1955.9,1,0,0,0,0,13421,494,13421,0,0,0,0,4651,-28608,10326,6,4480,0,129,0,0,0,0,0,0,0,0,0,31082107,2018,0.39,749.84,2705.77,0,56.8,98.5,67.8,45.4,61.2,519.3,115.9,609.8,139.3,138,1024.9,364300,4408,12.64,91,1490,2.66,1.18,25.5,37.3,65,13.7,12221330,72610,58.3,3427.27,0,1200,400,720,240,4200,7500,8500,102,1.5,6000,0,0,0,0,0,71.79,30,66.41,67.54,63,0,0
2026-08-24T14:54:05.232000+09:00,2026-08-24T05:54:05.232000+00:00,094623,1998.7,1,0,0,0,0,13421,500,13421,0,0,0,0,4651,-28608,12374,518,5024,72,129,0,0,0,0,0,0,0,0,0,31082107,2018,0.3,702.23,2700.89,0,57.1,100.3,68.2,45.5,61.4,525.1,111,619.1,147.6,147,1022.1,364300,4408,12.36,89.4,1510,2.69,1.11,24.2,34.9,65,14.31,12221333,72610,71.92,3427.28,0,1200,400,720,240,4200,7500,8500,102,1.5,6000,0,0,0,0,0,72.92,30,73.33,63.29,63.1,0,0
2026-08-24T14:55:05.343000+09:00,2026-08-24T05:55:05.343000+00:00,094623,2107.6,1,0,0,0,0,13421,476,13421,0,0,0,0,4651,-28608,10326,6,4992,0,129,0,0,0,0,0,0,0,0,0,31082107,2018,0.37,912.2,3019.81,0,57.1,95.7,68.2,45.4,61.4,523.6,107.2,608.8,138,136.6,1005.8,364300,4408,12.47,89.8,1570,2.77,1.13,25.9,35.9,65,10.03,12221335,72610,63.65,3427.28,0,1200,400,720,240,4200,7500,8500,102,1.5,6000,0,0,0,0,0,73.62,30,60.22,63.71,63.1,0,0
2026-08-24T14:56:05.442000+09:00,2026-08-24T05:56:05.442000+00:00,094623,2227.2,1,0,0,0,0,13421,493,13421,0,0,0,0,4655,-28608,10326,6,4480,0,129,0,0,0,0,0,0,0,0,0,31082107,2018,0.39,903.65,3130.89,0,56.9,98.7,67.8,45.4,61.1,519.1,104.3,609.4,138,136.8,1006.3,364301,4409,12.71,91.2,1490,2.63,1.2,27.8,39.3,65,18.26,12221337,72610,57.63,3427.28,0,1200,400,720,240,4200,7500,8500,102,1.5,6000,0,0,0,0,0,74.65,30,69.76,70.78,63.1,0,0
2026-08-24T14:57:05.542000+09:00,2026-08-24T05:57:05.542000+00:00,094623,1796.0,1,0,0,0,0,13421,499,13421,0,0,0,0,4655,-26560,10326,6,4992,0,129,0,0,0,0,0,0,0,0,0,31082107,2018,0.33,588.7,2384.72,0,57.2,99.4,68.1,45.5,61.4,526.1,102.9,613.6,145.1,144.3,1010.9,364301,4409,12.87,89.5,1500,2.71,1.13,23.5,36,65,12.64,12221341,72610,74.51,3427.28,0,1200,400,720,240,4200,7500,8500,102,1.5,6000,0,0,0,0,0,71.68,30,69.98,62.46,63.1,0,0
2026-08-24T14:58:05.627000+09:00,2026-08-24T05:58:05.627000+00:00,094623,1514.0,1,0,0,0,0,13421,491,13421,0,0,0,0,4655,-28608,10326,6,4992,0,129,0,0,0,0,0,0,0,0,0,31082107,2018,0.37,537.43,2051.45,0,57,96.3,68.2,45.5,61.3,525.8,107.3,603.9,136.6,135.1,1000.5,364301,4409,12.65,89.9,1480,2.67,1.12,22.3,36.5,65,11.16,12221343,72610,58.77,3427.28,0,1200,400,720,240,4200,7500,8500,102,1.5,6000,0,0,0,0,0,71.45,30,58.56,62.18,63.1,0,0
2026-08-24T14:59:05.750000+09:00,2026-08-24T05:59:05.750000+00:00,094623,2531.2,1,0,0,0,0,13421,493,13421,0,0,0,0,4655,-26560,12438,6,20896,8,129,0,0,0,0,0,0,0,0,0,31082107,2018,0.41,1023.29,3554.49,0,56.9,98.5,67.8,45.6,61,517.1,106.4,609.7,138.9,137.7,1022.1,364301,4409,12.41,90.2,1490,2.62,1.2,29.7,39.9,65,21.04,12221345,72610,61.76,3427.28,0,1200,400,720,240,4200,7500,8500,102,1.5,6000,0,0,0,0,0,76.91,30,71.6,70.27,63.1,0,0
2026-08-24T15:00:05.846000+09:00,2026-08-24T06:00:05.846000+00:00,094623,1813.1,1,0,0,0,0,13421,518,13421,0,0,0,0,4651,-28608,10326,6,4992,0,129,0,0,0,0,0,0,0,0,0,31082107,2018,0.35,718.1,2531.2,0,57.1,99.5,68,45.5,61.4,520.7,101.4,611.8,143.8,142.9,1005.4,364301,4409,12.81,89.5,1560,2.8,1.02,22.3,31.7,65,16.91,12221348,72610,71.22,3427.28,0,1200,400,720,240,4200,7500,8500,102,1.5,6000,0,0,0,0,0,71.34,30,70.49,62.02,63.1,0,0
2026-08-24T15:01:05.948000+09:00,2026-08-24T06:01:05.948000+00:00,094623,1767.9,1,0,0,0,0,13421,518,13421,0,0,0,0,4655,-26560,10390,14,21376,8192,129,0,0,0,0,0,0,0,0,0,31082107,2018,0.4,707.11,2475.05,0,56.8,96.3,68.1,45.5,61.2,519.7,103.1,608.1,133.9,133.6,1020.5,364301,4409,12.79,90.1,1550,2.82,1.04,22.4,32.3,65,13.66,12221350,72610,59.34,3427.28,0,1200,400,720,240,4200,7500,8500,102,1.5,6000,0,0,0,0,0,72.06,30,59.5,63.75,63.2,0,0
2026-08-24T15:02:06.045000+09:00,2026-08-24T06:02:06.045000+00:00,094623,2653.3,1,0,0,0,0,13421,495,13421,0,0,0,0,4651,-28608,10326,6,4480,0,129,0,0,0,0,0,0,0,0,0,31082107,2018,0.36,1030.61,3683.89,0,56.8,99.1,68.1,45.5,61,517.7,96.6,613.3,139.6,142.5,1047.8,364302,4410,12.64,90.1,1500,2.63,1.17,30.4,40.2,65,24.95,12221353,72610,61.35,3427.28,0,1200,400,720,240,4200,7500,8500,102,1.5,6000,0,0,0,0,0,79.65,30,75.33,72.06,63.2,0,0
2026-08-24T15:03:06.137000+09:00,2026-08-24T06:03:06.137000+00:00,094623,1639.8,1,0,0,0,0,13421,490,13421,0,0,0,0,4651,-28608,10342,6,13188,0,129,0,0,0,0,0,0,0,0,0,31082107,2018,0.34,556.96,2196.72,0,57.1,97.5,68,45.5,61.3,525.7,107.2,611.9,140.8,144,1073.7,364302,4410,12.59,89.7,1480,2.65,1.12,22.7,35.6,65,11.08,12221356,72610,72.1,3427.29,0,1200,400,720,240,4200,7500,8500,102,1.5,6000,0,0,0,0,0,70.93,30,63.5,62.15,63.2,0,0
2026-08-24T15:04:06.263000+09:00,2026-08-24T06:04:06.263000+00:00,094623,1633.7,1,0,0,0,0,13421,489,13421,0,0,0,0,4655,-28608,2134,6,4992,528,129,0,0,0,0,0,0,0,0,0,31082107,2018,0.39,618,2251.66,0,56.8,97.4,67.8,45.6,61.2,522.1,124.1,609.1,137.6,140.5,1031.6,364302,4410,12.18,90,1470,2.65,1.11,22.7,34.7,65,11.04,12221358,72610,58.13,3427.29,0,1200,400,720,240,4200,7500,8500,102,1.5,6000,0,0,0,0,0,70.22,30,61.45,62.48,63.2,0,0
2026-08-24T15:05:06.351000+09:00,2026-08-24T06:05:06.351000+00:00,094623,2774.1,1,0,0,0,0,13421,495,13421,0,0,0,0,4651,-28608,10326,6,4480,0,129,0,0,0,0,0,0,0,0,0,31082107,2018,0.36,1155.13,3929.26,0,56.8,98.5,67.9,45.5,61.1,517.6,117.2,617.2,144.1,148.1,1039.9,364302,4410,12.65,90.2,1500,2.63,1.16,30.9,39.3,65,25.48,12221361,72610,66.56,3427.29,0,1200,400,720,240,4200,7500,8500,102,1.5,6000,0,0,0,0,0,79.05,30,74,72.28,63.2,0,0
2026-08-24T15:06:06.462000+09:00,2026-08-24T06:06:06.462000+00:00,094623,2011.2,1,0,0,0,0,13421,522,13421,0,0,0,0,4651,-28608,10326,6,4992,0,129,0,0,0,0,0,0,0,0,0,31082107,2018,0.36,946.38,2957.55,0,57.1,98.1,68.2,45.6,61.4,520.8,106.5,612.2,141.5,145.3,1029.8,364302,4410,12.71,89.6,1570,2.82,1.09,24.9,34.1,65,12.67,12221363,72610,68.97,3427.29,0,1200,400,720,240,4200,7500,8500,102,1.5,6000,0,0,0,0,0,74.39,30,69.18,64.29,63.2,0,0
2026-08-24T15:07:06.577000+09:00,2026-08-24T06:07:06.577000+00:00,094623,2162.5,1,0,0,0,0,13421,520,13421,0,0,0,0,4651,-28608,10326,518,4992,8,129,0,0,0,0,0,0,0,0,0,31082107,2018,0.39,1017.18,3179.72,0,56.8,96.9,67.8,45.6,61.2,521,121.5,609.4,138.2,141.7,1030.7,364302,4410,12.74,90.9,1580,2.8,1.12,26.1,34.8,65,9.81,12221365,72610,58.44,3427.29,0,1200,400,720,240,4200,7500,8500,102,1.5,6000,0,0,0,0,0,73.57,30,63.57,68.67,63.2,0,0
2026-08-24T15:08:06.678000+09:00,2026-08-24T06:08:06.678000+00:00,094623,2631.3,1,0,0,0,0,13421,504,13421,0,0,0,0,4651,-28608,10326,6,4992,0,129,0,0,0,0,0,0,0,0,0,31082107,2018,0.34,1056.25,3687.55,0,57,99.5,68,45.6,61.1,519.4,112.5,617.3,147.2,151.7,1023.1,364303,4411,12.28,89.7,1520,2.68,1.12,28.8,37.2,65,24.03,12221368,72610,68.02,3427.29,0,1200,400,720,240,4200,7500,8500,102,1.5,6000,0,0,0,0,0,78.07,30,75.87,70.29,63.2,0,0
2026-08-24T15:09:06.790000+09:00,2026-08-24T06:09:06.790000+00:00,094623,1637.3,1,0,0,0,0,13421,494,13421,0,0,0,0,4651,-28608,18518,6,4992,528,129,0,0,0,0,0,0,0,0,0,31082107,2018,0.35,585.04,2222.36,0,57.2,96.5,68.2,45.6,61.4,524.9,110.8,608.5,141.8,145.5,1048.9,364303,4411,12.51,89.3,1490,2.68,1.13,22.9,35.8,65,11.1,12221371,72610,69.09,3427.29,0,1200,400,720,240,4200,7500,8500,102,1.5,6000,0,0,0,0,0,71.43,30,60.93,60.63,63.3,0,0
2026-08-24T15:10:06.870000+09:00,2026-08-24T06:10:06.870000+00:00,094623,1620.2,1,0,0,0,0,13421,495,13421,0,0,0,0,4651,-28608,10326,6,4992,0,129,0,0,0,0,0,0,0,0,0,31082107,2018,0.4,592.36,2212.59,0,56.9,98.3,67.9,45.5,61.1,522.7,106.9,608.1,139,142.5,1035.1,364303,4411,12.64,90.8,1490,2.69,1.12,22.9,35.6,65,11.17,12221373,72610,58.67,3427.29,0,1200,400,720,240,4200,7500,8500,102,1.5,6000,0,0,0,0,0,70.6,30,64.11,65.23,63.2,0,0
2026-08-24T15:11:06.965000+09:00,2026-08-24T06:11:06.965000+00:00,094623,2478.7,1,0,0,0,0,13421,500,13421,0,0,0,0,4651,-28608,10326,6,4992,0,129,0,0,0,0,0,0,0,0,0,31082107,2018,0.32,1045.26,3523.97,0,57.1,99.4,68,45.5,61.1,521.1,104,617,149,154.1,1031.9,364303,4411,12.63,89.9,1510,2.68,1.11,27.2,35.3,65,20.63,12221376,72610,71.32,3427.29,0,1200,400,720,240,4200,7500,8500,102,1.5,6000,0,0,0,0,0,76.12,30,74.14,68.65,63.3,0,0
2026-08-24T15:12:07.063000+09:00,2026-08-24T06:12:07.063000+00:00,094623,1840.0,1,0,0,0,0,13421,522,13421,0,0,0,0,4651,-28608,12374,518,5024,72,129,0,0,0,0,0,0,0,0,0,31082107,2018,0.37,786.46,2626.42,0,57.1,96.3,68.2,45.6,61.4,521.3,110.6,610.2,140.7,144.4,1070.8,364303,4411,12.28,89.8,1570,2.82,1.06,23.8,34.1,65,13.87,12221379,72610,63.2,3427.3,0,1200,400,720,240,4200,7500,8500,102,1.5,6000,0,0,0,0,0,74.42,30,62.56,65.1,63.3,0,0
2026-08-24T15:13:07.153000+09:00,2026-08-24T06:13:07.153000+00:00,094623,1689.8,1,0,0,0,0,13421,492,13421,0,0,0,0,4655,-28608,10326,590,4480,8192,129,0,0,0,0,0,0,0,0,0,31082107,2018,0.38,659.5,2349.31,0,56.9,98.1,67.9,45.6,61.1,523.4,108,609.1,138.3,141.8,1043.9,364303,4411,12.73,90.6,1480,2.66,1.18,24.2,37.8,65,11.85,12221381,72610,59.67,3427.3,0,1200,400,720,240,4200,7500,8500,102,1.5,6000,0,0,0,0,0,71.86,30,64.57,65.91,63.3,0,0
2026-08-24T15:14:07.245000+09:00,2026-08-24T06:14:07.245000+00:00,094623,2205.3,1,0,0,0,0,13421,501,13421,0,0,0,0,4651,-28608,18518,6,4992,528,129,0,0,0,0,0,0,0,0,0,31082107,2018,0.3,823.08,3028.35,0,57.1,100.3,68,45.6,61.1,525.2,101.7,617.2,148.6,153.5,1018.8,364304,4412,12.23,89.3,1510,2.7,1.11,25.8,35.6,65,17.54,12221384,72610,71.8,3427.3,0,1200,400,720,240,4200,7500,8500,102,1.5,6000,0,0,0,0,0,74.76,30,74.95,65.11,63.3,0,0
2026-08-24T15:15:07.343000+09:00,2026-08-24T06:15:07.343000+00:00,094623,1542.1,1,0,0,0,0,13421,490,13421,0,0,0,0,4651,-28608,10326,6,4992,0,129,0,0,0,0,0,0,0,0,0,31082107,2018,0.37,582.6,2124.7,0,57,95.8,68.1,45.6,61.2,524,99.5,607.7,140.6,144.2,1021.8,364304,4412,12.55,90,1480,2.65,1.11,22.5,35.6,65,11.18,12221386,72610,63.72,3427.3,0,1200,400,720,240,4200,7500,8500,102,1.5,6000,0,0,0,0,0,71.3,30,58.66,62.53,63.3,0,0
2026-08-24T15:16:07.442000+09:00,2026-08-24T06:16:07.442000+00:00,094623,1898.6,1,0,0,0,0,13421,494,13421,0,0,0,0,4655,-28608,10326,6,4480,0,129,0,0,0,0,0,0,0,0,0,31082107,2018,0.4,737.63,2636.19,0,56.8,98.4,67.8,45.6,60.9,520,100.4,607.8,139,142.4,1037.7,364304,4412,12.8,90.9,1490,2.65,1.2,25.8,38.5,65,14.8,12221388,72610,58.56,3427.3,0,1200,400,720,240,4200,7500,8500,102,1.5,6000,0,0,0,0,0,72.95,30,67.09,68.39,63.3,0,0
2026-08-24T15:17:07.528000+09:00,2026-08-24T06:17:07.528000+00:00,094623,1937.6,1,0,0,0,0,13421,501,13421,0,0,0,0,4651,-28608,12374,6,5024,72,129,0,0,0,0,0,0,0,0,0,31082107,2018,0.34,701.01,2638.63,0,57.1,99.8,68.1,45.6,61.1,525.7,95.3,617,149.5,154.6,1031.7,364304,4412,12.79,89.3,1510,2.71,1.11,24.2,35.3,65,14.97,12221392,72610,74.2,3427.3,0,1200,400,720,240,4200,7500,8500,102,1.5,6000,0,0,0,0,0,73.13,30,72.37,63.19,63.4,0,0
2026-08-24T15:18:07.627000+09:00,2026-08-24T06:18:07.627000+00:00,094623,2191.8,1,0,0,0,0,13421,492,13421,0,0,0,0,4651,-28608,10390,590,21376,8192,129,0,0,0,0,0,0,0,0,0,31082107,2018,0.37,953.7,3145.54,0,56.9,96.1,68,45.5,61.1,521.3,114.3,607.9,141.2,145.1,1020.7,364304,4412,12.45,89.8,1560,2.64,1.16,26.5,35.1,65,10.6,12221394,72610,60.39,3427.3,0,1200,400,720,240,4200,7500,8500,102,1.5,6000,0,0,0,0,0,71.13,30,58.61,61.9,63.4,0,0
2026-08-24T15:19:07.728000+09:00,2026-08-24T06:19:07.728000+00:00,094623,2112.5,1,0,0,0,0,13421,493,13421,0,0,0,0,4651,-28608,18518,6,4480,528,129,0,0,0,0,0,0,0,0,0,31082107,2018,0.4,901.21,3013.7,0,56.7,98.6,67.9,45.5,60.9,518,106.5,607.4,141.1,144.9,1010,364304,4412,12.61,90.8,1490,2.64,1.2,27.5,39.5,65,17.76,12221396,72610,61.49,3427.3,0,1200,400,720,240,4200,7500,8500,102,1.5,6000,0,0,0,0,0,75.09,30,69.81,69.81,63.4,0,0
2026-08-24T15:20:07.857000+09:00,2026-08-24T06:20:07.857000+00:00,094623,1876.6,1,0,0,0,0,13421,500,13421,0,0,0,0,4655,-28608,10390,6,21376,0,129,0,0,0,0,0,0,0,0,0,31082107,2018,0.32,652.18,2528.76,0,56.9,99.9,68.1,45.4,61.2,522.9,105.5,613.7,151.6,157,1021.7,364305,4413,12.5,89.3,1500,2.7,1.12,23.6,34.5,65,13,12221399,72610,72.77,3427.3,0,1200,400,720,240,4200,7500,8500,102,1.5,6000,0,0,0,0,0,72.09,30,71.83,61.87,63.4,0,0
2026-08-24T15:21:07.957000+09:00,2026-08-24T06:21:07.957000+00:00,094623,1517.7,1,0,0,0,0,13421,491,13421,0,0,0,0,4651,-28608,10326,6,4992,0,129,0,0,0,0,0,0,0,0,0,31082107,2018,0.37,576.49,2094.18,0,56.7,95.9,68.1,45.4,61.1,523.9,100,606.2,141.7,145.2,1035,364305,4413,12.62,89.8,1480,2.66,1.11,22.4,35.7,65,11.27,12221401,72610,61.8,3427.31,0,1200,400,720,240,4200,7500,8500,102,1.5,6000,0,0,0,0,0,71.37,30,57.73,61.59,63.4,0,0
2026-08-24T15:22:08.065000+09:00,2026-08-24T06:22:08.065000+00:00,094623,2445.8,1,0,0,0,0,13421,493,13421,0,0,0,0,4651,-28608,12390,6,12708,72,129,0,0,0,0,0,0,0,0,0,31082107,2018,0.39,1068.45,3514.21,0,56.5,98.5,67.7,45.4,60.8,516.4,100.2,609.1,143.2,147.1,1045.9,364305,4413,12.93,91.2,1490,2.62,1.21,29.6,39.6,65,21.02,12221404,72610,60.7,3427.31,0,1200,400,720,240,4200,7500,8500,102,1.5,6000,0,0,0,0,0,76.56,30,71.22,72.9,63.4,0,0
2026-08-24T15:23:08.162000+09:00,2026-08-24T06:23:08.162000+00:00,094623,2112.5,1,0,0,0,0,13421,523,13421,0,0,0,0,4651,-28608,10326,6,4992,0,129,0,0,0,0,0,0,0,0,0,31082107,2018,0.33,935.39,3047.88,0,56.7,100.1,68,45.4,61.1,520.1,95.2,609.5,147.9,152.9,1035.9,364305,4413,12.76,89.3,1580,2.8,1.08,25.5,34.2,65,10.85,12221407,72610,71.23,3427.31,0,1200,400,720,240,4200,7500,8500,102,1.5,6000,0,0,0,0,0,74.47,30,75.44,64.33,63.4,0,0
2026-08-24T15:24:08.265000+09:00,2026-08-24T06:24:08.265000+00:00,094623,2125.9,1,0,0,0,0,13421,503,13421,0,0,0,0,4651,-28608,18518,6,4992,0,129,0,0,0,0,0,0,0,0,0,31082107,2018,0.39,1050.14,3176.06,0,56.5,96,67.9,45.4,61,520.2,113.5,603.6,141.7,145.4,1015.6,364305,4413,12.77,89.9,1570,2.73,1.13,26.1,34.4,65,9.94,12221409,72610,60.16,3427.31,0,1200,400,720,240,4200,7500,8500,102,1.5,6000,0,0,0,0,0,70.52,30,58.09,61.62,63.4,0,0
2026-08-24T15:25:08.357000+09:00,2026-08-24T06:25:08.357000+00:00,094623,2508.0,1,0,0,0,0,13421,496,13421,0,0,0,0,4651,-28608,10326,6,4480,0,129,0,0,0,0,0,0,0,0,0,31082107,2018,0.38,1095.31,3603.32,0,56.4,98.8,67.8,45.4,60.7,517.1,104.6,607.1,144.5,148.7,1044,364305,4413,12.7,91,1500,2.64,1.18,30.2,40.3,65,24.18,12221411,72610,60.91,3427.31,0,1200,400,720,240,4200,7500,8500,102,1.5,6000,0,0,0,0,0,77.77,30,73.67,73.84,63.5,0,0
2026-08-24T15:26:08.460000+09:00,2026-08-24T06:26:08.460000+00:00,094623,1874.1,1,0,0,0,0,13421,521,13421,0,0,0,0,4651,-28608,10326,6,4992,0,129,0,0,0,0,0,0,0,0,0,31082107,2018,0.33,762.05,2636.19,0,56.7,98.2,68,45.3,61,522.3,99.2,609.1,147.2,152,1036.8,364306,4414,12.8,89.3,1570,2.8,1.04,23.7,33.7,65,17.28,12221415,72610,72.34,3427.31,0,1200,400,720,240,4200,7500,8500,102,1.5,6000,0,0,0,0,0,72.57,30,68.24,62.81,63.5,0,0
2026-08-24T15:27:08.546000+09:00,2026-08-24T06:27:08.546000+00:00,094623,1894.9,1,0,0,0,0,13421,522,13421,0,0,0,0,4655,-26560,12374,6,5025,8,129,0,0,0,0,0,0,0,0,0,31082107,2018,0.39,917.08,2811.98,0,56.4,96.8,67.9,45.3,60.8,521.9,119.5,601.6,139.8,143,1006,364306,4414,12.74,90,1570,2.81,1.11,24.9,35.1,65,14,12221417,72610,59.27,3427.31,0,1200,400,720,240,4200,7500,8500,102,1.5,6000,0,0,0,0,0,73.01,30,62.52,65.04,63.5,0,0
2026-08-24T15:28:08.648000+09:00,2026-08-24T06:28:08.648000+00:00,094623,2622.8,1,0,0,0,0,13421,495,13421,0,0,0,0,4651,-28608,10326,6,4480,0,129,0,0,0,0,0,0,0,0,0,31082107,2018,0.36,1160.01,3782.77,0,56.3,99.1,67.7,45.2,60.5,515.8,105.6,608,145.7,149.7,1014.5,364306,4414,12.27,90.7,1500,2.63,1.17,30.6,39.6,65,24.53,12221419,72610,62.52,3427.31,0,1200,400,720,240,4200,7500,8500,102,1.5,6000,0,0,0,0,0,77.12,30,74.75,73.16,63.5,0,0
2026-08-24T15:29:08.761000+09:00,2026-08-24T06:29:08.761000+00:00,094623,1594.6,1,0,0,0,0,13421,490,13421,0,0,0,0,4651,-28608,10326,6,4992,0,129,0,0,0,0,0,0,0,0,0,31082107,2018,0.34,581.38,2175.97,0,56.6,97.5,68.2,45.2,60.9,522.9,100.5,611.6,147.7,152.1,1022.1,364306,4414,12.64,89.1,1470,2.67,1.09,22.2,34.5,65,11.27,12221422,72610,70.93,3427.31,0,1200,400,720,240,4200,7500,8500,102,1.5,6000,0,0,0,0,0,70.21,30,63.23,59.43,63.5,0,0
2026-08-24T15:30:08.864000+09:00,2026-08-24T06:30:08.864000+00:00,094623,1517.7,1,0,0,0,0,13421,491,13421,0,0,0,0,4651,-28608,10326,6,4992,0,129,0,0,0,0,0,0,0,0,0,31082107,2018,0.4,571.61,2089.3,0,56.3,97.2,67.9,45.2,60.7,523,99.5,606.3,141.3,144.8,1012.5,364306,4414,12.75,90,1470,2.67,1.08,22.1,34.5,65,11.59,12221424,72610,57.39,3427.31,0,1200,400,720,240,4200,7500,8500,102,1.5,6000,0,0,0,0,0,69.5,30,60.15,61.56,63.5,0,0
2026-08-24T15:31:08.955000+09:00,2026-08-24T06:31:08.955000+00:00,094623,2715.5,1,0,0,0,0,13421,496,13421,0,0,0,0,4651,-28608,10326,6,4480,0,129,0,0,0,0,0,0,0,0,0,31082107,2018,0.35,1168.55,3884.09,0,56.4,98.9,67.8,45.3,60.5,517.3,98.3,612.8,147.2,151.4,995.3,364306,4414,12.74,90.4,1500,2.63,1.17,31,39.7,65,25.22,12221427,72610,64.89,3427.32,0,1200,400,720,240,4200,7500,8500,102,1.5,6000,0,0,0,0,0,77.72,30,74.68,72.82,63.5,0,0
2026-08-24T15:32:09.064000+09:00,2026-08-24T06:32:09.064000+00:00,094623,1359.0,1,0,0,0,0,13421,498,13421,0,0,0,0,4651,-28608,18518,6,4992,528,129,0,0,0,0,0,0,0,0,0,31082107,2018,0.34,265.21,1624.19,0,56.7,97.3,68.1,45.3,60.9,526.5,94.1,609,146.1,150.3,989.1,364307,4415,12.61,89.4,1450,2.7,0.77,23.6,38.2,65,11.05,12221430,72610,70.73,3427.32,0,1200,400,720,240,4200,7500,8500,102,1.5,6000,0,0,0,0,0,69.96,30,62.84,60.38,63.5,0,0
2026-08-24T15:33:09.158000+09:00,2026-08-24T06:33:09.158000+00:00,094623,1638.5,1,0,0,0,0,13421,499,13421,0,0,0,0,4651,-28608,10326,6,4992,0,129,0,0,0,0,0,0,0,0,0,31082107,2018,0.4,657.06,2295.6,0,56.3,97.3,67.8,45.3,60.6,522,104.9,608.5,142.1,145.8,1005.7,364307,4415,12.55,90.3,1500,2.7,1.16,23.4,35.9,65,11.35,12221432,72610,58.27,3427.32,0,1200,400,720,240,4200,7500,8500,102,1.5,6000,0,0,0,0,0,69.08,30,60.51,62.88,63.5,0,0
2026-08-24T15:34:09.258000+09:00,2026-08-24T06:34:09.258000+00:00,094623,2711.9,1,0,0,0,0,13421,496,13421,0,0,0,0,4651,-28608,10326,6,4480,0,129,0,0,0,0,0,0,0,0,0,31082107,2018,0.34,1177.1,3888.97,0,56.4,99.1,68.1,45.3,60.5,517,100.6,614.7,150,154.7,1014.1,364307,4415,12.21,90.1,1500,2.62,1.15,31,39.5,65,25.9,12221435,72610,65.6,3427.32,0,1200,400,720,240,4200,7500,8500,102,1.5,6000,0,0,0,0,0,78.68,30,75.76,72.06,63.5,0,0
2026-08-24T15:35:09.372000+09:00,2026-08-24T06:35:09.372000+00:00,094623,1837.5,1,0,0,0,0,13421,523,13421,0,0,0,0,4655,-28608,10326,590,4992,8200,129,0,0,0,0,0,0,0,0,0,31082107,2018,0.36,786.46,2623.98,0,56.7,97,68.2,45.3,60.8,524.7,103.6,608.4,143.8,147.7,997.1,364307,4415,12.94,89.5,1570,2.81,1.1,24.9,36.5,65,12.04,12221438,72610,70.27,3427.32,0,1200,400,720,240,4200,7500,8500,102,1.5,6000,0,0,0,0,0,73.99,30,65.58,64.38,63.5,0,0
2026-08-24T15:36:09.463000+09:00,2026-08-24T06:36:09.463000+00:00,094623,1967.2,1,0,0,0,0,13421,523,13421,0,0,0,0,4651,-28608,10326,6,4992,0,129,0,0,0,0,0,0,0,0,0,31082107,2018,0.41,952.48,2919.71,0,56.4,97.8,67.8,45.3,60.5,521.9,99,603.7,139.4,142.8,1035.3,364307,4415,12.67,90.4,1580,2.8,1.12,25.7,35.8,65,10.24,12221440,72610,58.72,3427.32,0,1200,400,720,240,4200,7500,8500,102,1.5,6000,0,0,0,0,0,72.75,30,65.73,66.98,63.6,0,0
2026-08-24T15:37:09.563000+09:00,2026-08-24T06:37:09.563000+00:00,094623,2736.3,1,0,0,0,0,13421,503,13421,0,0,0,0,4655,-26560,18582,6,21377,528,129,0,0,0,0,0,0,0,0,0,31082107,2018,0.31,1195.41,3931.7,0,56.6,99.4,67.9,45.3,60.5,517.8,100.3,614,150.6,155.4,1034.5,364307,4415,12.74,89.8,1520,2.69,1.12,29.3,36,65,23.96,12221443,72610,70.23,3427.32,0,1200,400,720,240,4200,7500,8500,102,1.5,6000,0,0,0,0,0,76.48,30,75.38,69.87,63.6,0,0
2026-08-24T15:38:09.659000+09:00,2026-08-24T06:38:09.659000+00:00,094623,1560.4,1,0,0,0,0,13421,494,13421,0,0,0,0,4651,-28608,10326,6,4992,0,129,0,0,0,0,0,0,0,0,0,31082107,2018,0.36,605.79,2166.2,0,56.6,96.4,68.3,45.3,60.9,524.3,97,608.6,144.8,148.8,1003,364308,4416,12.85,89.3,1490,2.68,1.13,22.9,36,65,11.17,12221445,72610,66.88,3427.32,0,1200,400,720,240,4200,7500,8500,102,1.5,6000,0,0,0,0,0,70.45,30,59.4,59.77,63.6,0,0
2026-08-24T15:39:09.823000+09:00,2026-08-24T06:39:09.823000+00:00,094623,1655.6,1,0,0,0,0,13421,491,13421,0,0,0,0,4655,-28608,10342,6,13188,0,129,0,0,0,0,0,0,0,0,0,31082107,2018,0.39,675.37,2331,0,56.3,98.3,68,45.4,60.6,520.6,108.4,605.6,142.8,146.7,1014.1,364308,4416,12.74,90.8,1480,2.66,1.13,23.2,35,65,11.09,12221447,72610,59.95,3427.32,0,1200,400,720,240,4200,7500,8500,102,1.5,6000,0,0,0,0,0,69.7,30,63.44,64.22,63.6,0,0
2026-08-24T15:40:09.866000+09:00,2026-08-24T06:40:09.866000+00:00,094623,2344.4,1,0,0,0,0,13421,501,13421,0,0,0,0,4655,-28608,12374,6,5024,72,129,0,0,0,0,0,0,0,0,0,31082107,2018,0.31,954.92,3299.36,0,56.4,99.2,68.1,45.3,60.7,522,105.6,613,153.1,158.5,1027.5,364308,4416,12.91,89.8,1510,2.68,1.1,27.3,36.6,65,21.22,12221450,72610,73.32,3427.33,0,1200,400,720,240,4200,7500,8500,102,1.5,6000,0,0,0,0,0,75.66,30,73.26,67.84,63.6,0,0
2026-08-24T15:41:09.979000+09:00,2026-08-24T06:41:09.979000+00:00,094623,2022.2,1,0,0,0,0,13421,519,13421,0,0,0,0,4655,-28608,10342,6,13188,0,129,0,0,0,0,0,0,0,0,0,31082107,2018,0.36,965.91,2988.07,0,56.3,96.4,68.1,45.3,60.8,521.6,110.1,603.3,144.3,148.2,1009.2,364308,4416,12.61,89.5,1570,2.8,1.12,25.7,35.4,65,9.26,12221453,72610,64.86,3427.33,0,1200,400,720,240,4200,7500,8500,102,1.5,6000,0,0,0,0,0,73.12,30,62.06,63.14,63.6,0,0
2026-08-24T15:42:10.072000+09:00,2026-08-24T06:42:10.072000+00:00,094623,1715.4,1,0,0,0,0,13421,493,13421,0,0,0,0,4651,-28608,18518,6,4480,528,129,0,0,0,0,0,0,0,0,0,31082107,2018,0.39,625.32,2340.77,0,56,98.5,67.7,45.3,60.5,521.3,101.2,603.7,143,146.7,1033.8,364308,4416,12.67,90.8,1480,2.67,1.16,23.8,36.7,65,11.69,12221455,72610,57.94,3427.33,0,1200,400,720,240,4200,7500,8500,102,1.5,6000,0,0,0,0,0,69.53,30,64.62,64.7,63.6,0,0
2026-08-24T15:43:10.177000+09:00,2026-08-24T06:43:10.177000+00:00,094623,2299.3,1,0,0,0,0,13421,502,13421,0,0,0,0,4651,-28608,10326,6,4992,0,129,0,0,0,0,0,0,0,0,0,31082107,2018,0.29,928.07,3227.33,0,56.2,99.8,67.9,45.3,60.6,520.5,103,614.6,153.8,159.1,1058.4,364308,4416,12.86,89.3,1510,2.7,1.1,25.8,34.2,65,17.71,12221458,72610,75.32,3427.33,0,1200,400,720,240,4200,7500,8500,102,1.5,6000,0,0,0,0,0,72.72,30,72.76,63.82,63.6,0,0
2026-08-24T15:44:10.276000+09:00,2026-08-24T06:44:10.276000+00:00,094623,1570.2,1,0,0,0,0,13421,493,13421,0,0,0,0,4651,-28608,10326,6,4992,0,129,0,0,0,0,0,0,0,0,0,31082107,2018,0.38,603.35,2173.53,0,56.1,95.7,68.2,45.3,60.8,521.9,99.2,607.6,145.3,149.2,1029.8,364309,4417,12.7,90.1,1490,2.67,1.12,22.8,35.7,65,11.25,12221460,72610,59.53,3427.33,0,1200,400,720,240,4200,7500,8500,102,1.5,6000,0,0,0,0,0,70.19,30,57.18,61.5,63.7,0,0
2026-08-24T15:45:10.378000+09:00,2026-08-24T06:45:10.378000+00:00,094623,1868.0,1,0,0,0,0,13421,494,13421,0,0,0,0,4655,-28608,12374,6,4512,72,129,0,0,0,0,0,0,0,0,0,31082107,2018,0.39,797.45,2665.49,0,55.9,98.4,67.9,45.4,60.5,518.9,105.3,605.3,142.2,145.9,1027.3,364309,4417,12.62,91.3,1490,2.66,1.2,26.1,39.2,65,15.27,12221462,72610,59.57,3427.33,0,1200,400,720,240,4200,7500,8500,102,1.5,6000,0,0,0,0,0,72.16,30,66.29,68.71,63.7,0,0
2026-08-24T15:46:10.502000+09:00,2026-08-24T06:46:10.502000+00:00,094623,1800.9,1,0,0,0,0,13421,499,13421,0,0,0,0,4655,-28608,10326,518,4992,0,129,0,0,0,0,0,0,0,0,0,31082107,2018,0.31,683.92,2484.82,0,56.3,99.8,68,45.3,60.7,526,101.9,613.1,152,157.3,1054.8,364309,4417,12.93,89.1,1500,2.71,1.12,23.9,36,65,14.48,12221466,72610,75.52,3427.33,0,1200,400,720,240,4200,7500,8500,102,1.5,6000,0,0,0,0,0,71.27,30,71.28,61.41,63.7,0,0
2026-08-24T15:47:10.585000+09:00,2026-08-24T06:47:10.585000+00:00,094623,1919.3,1,0,0,0,0,13421,519,13421,0,0,0,0,4651,-28608,18518,6,4992,528,129,0,0,0,0,0,0,0,0,0,31082107,2018,0.38,813.32,2732.63,0,56.1,96,67.9,45.3,60.6,524.4,99,601.2,140.1,143.5,1011.9,364309,4417,12.74,89.8,1570,2.8,1.11,25.4,36.6,65,10.2,12221468,72610,59.07,3427.33,0,1200,400,720,240,4200,7500,8500,102,1.5,6000,0,0,0,0,0,72.34,30,60.12,63.85,63.7,0,0
2026-08-24T15:48:10.683000+09:00,2026-08-24T06:48:10.683000+00:00,094623,2086.9,1,0,0,0,0,13421,494,13421,0,0,0,0,4651,-28608,10326,6,4480,0,129,0,0,0,0,0,0,0,0,0,31082107,2018,0.37,841.39,2928.25,0,55.9,98.9,67.7,45.3,60.2,518.9,101.1,602.8,140.6,143.8,1004.2,364309,4417,12.64,91.3,1490,2.64,1.19,27.4,40,65,18.15,12221470,72610,60.57,3427.33,0,1200,400,720,240,4200,7500,8500,102,1.5,6000,0,0,0,0,0,72.71,30,69.65,70.48,63.7,0,0
2026-08-24T15:49:10.790000+09:00,2026-08-24T06:49:10.790000+00:00,094623,1902.2,1,0,0,0,0,13421,501,13421,0,0,0,0,4655,-28608,10326,6,4992,0,129,0,0,0,0,0,0,0,0,0,31082107,2018,0.32,736.41,2638.63,0,56.2,99.9,68,45.3,60.5,527.8,120.3,611.2,150.9,156.1,1030.4,364309,4417,12.46,88.9,1510,2.71,1.12,24.2,35.6,65,15.27,12221474,72610,75.73,3427.34,0,1200,400,720,240,4200,7500,8500,102,1.5,6000,0,0,0,0,0,70.84,30,71.89,60.84,63.7,0,0
2026-08-24T15:50:10.881000+09:00,2026-08-24T06:50:10.881000+00:00,094623,2125.9,1,0,0,0,0,13421,435,13421,0,0,0,0,4651,-28608,12374,6,5024,72,129,0,0,0,0,0,0,0,0,0,31082107,2018,0.39,885.34,3011.26,0,56,96,68.1,45.3,60.5,522.8,114.8,604.6,143,146.7,1039.2,364310,4418,12.88,89.8,1430,2.44,1.32,27.4,37.1,65,10.26,12221476,72610,58.52,3427.34,0,1200,400,720,240,4200,7500,8500,102,1.5,6000,0,0,0,0,0,68.23,30,56.2,59.34,63.7,0,0
2026-08-24T15:51:11.019000+09:00,2026-08-24T06:51:11.019000+00:00,094623,2154.0,1,0,0,0,0,13421,493,13421,0,0,0,0,4655,-28608,10326,6,4480,0,129,0,0,0,0,0,0,0,0,0,31082107,2018,0.38,895.11,3049.1,0,55.9,98.8,67.9,45.3,60.3,517.5,110.7,604.4,142.9,146.6,1035,364310,4418,12.65,91.6,1490,2.64,1.21,27.6,39.2,65,17.94,12221478,72610,60.91,3427.34,0,1200,400,720,240,4200,7500,8500,102,1.5,6000,0,0,0,0,0,73,30,69.34,71.1,63.7,0,0
2026-08-24T15:52:11.111000+09:00,2026-08-24T06:52:11.111000+00:00,094623,1815.5,1,0,0,0,0,13421,500,13421,0,0,0,0,4651,-28608,2134,6,4992,0,129,0,0,0,0,0,0,0,0,0,31082107,2018,0.3,668.05,2483.6,0,56.3,99.5,68.1,45.2,60.6,525,105.8,611.1,151.1,156.1,1007.4,364310,4418,12.65,89.1,1500,2.71,1.13,23.6,35.3,65,13.11,12221481,72610,74.54,3427.34,0,1200,400,720,240,4200,7500,8500,102,1.5,6000,0,0,0,0,0,70.09,30,69.7,60.52,63.8,0,0
2026-08-24T15:53:11.209000+09:00,2026-08-24T06:53:11.209000+00:00,094623,1537.2,1,0,0,0,0,13421,491,13421,0,0,0,0,4651,-28608,10326,6,4992,0,129,0,0,0,0,0,0,0,0,0,31082107,2018,0.36,614.34,2151.55,0,56.1,96.2,68.1,45.2,60.5,522,98.9,605.1,142.8,146.3,1020.1,364310,4418,12.87,89.8,1470,2.68,1.09,22.1,34.4,65,11.46,12221483,72610,59,3427.34,0,1200,400,720,240,4200,7500,8500,102,1.5,6000,0,0,0,0,0,69.29,30,57.41,60.5,63.7,0,0
2026-08-24T15:54:11.306000+09:00,2026-08-24T06:54:11.306000+00:00,094623,2378.6,1,0,0,0,0,13421,493,13421,0,0,0,0,4655,-28608,10326,6,4480,0,129,0,0,0,0,0,0,0,0,0,31082107,2018,0.4,1006.2,3384.81,0,55.9,98.4,67.8,45.1,60.3,515.7,103.9,607.7,144.3,148.4,1017.3,364310,4418,12.34,91.2,1490,2.64,1.2,29.3,39.9,65,20.97,12221486,72610,58.78,3427.34,0,1200,400,720,240,4200,7500,8500,102,1.5,6000,0,0,0,0,0,74.65,30,69.4,71.57,63.7,0,0
2026-08-24T15:55:11.394000+09:00,2026-08-24T06:55:11.394000+00:00,094623,1562.9,1,0,0,0,0,13421,494,13421,0,0,0,0,4651,-28608,12374,6,5024,8,129,0,0,0,0,0,0,0,0,0,31082107,2018,0.32,375.07,1937.92,0,56.2,99.9,68.1,45.1,60.5,526.5,97.6,607.4,148.2,152.9,1007.2,364310,4418,12.87,89.3,1490,2.68,0.94,23.5,38.8,65,12.21,12221489,72610,73.53,3427.34,0,1200,400,720,240,4200,7500,8500,102,1.5,6000,0,0,0,0,0,69.68,30,70.36,60.08,63.8,0,0
2026-08-24T15:56:11.487000+09:00,2026-08-24T06:56:11.487000+00:00,094623,1521.3,1,0,0,0,0,13421,497,13421,0,0,0,0,4655,-28608,10390,6,21376,0,129,0,0,0,0,0,0,0,0,0,31082107,2018,0.38,328.68,1850.03,0,55.8,96.2,68,45.1,60.3,524.8,98.5,604.3,141,144.5,1011.6,364311,4419,12.39,90.1,1480,2.7,0.84,23.4,37.7,65,11.35,12221491,72610,60.51,3427.34,0,1200,400,720,240,4200,7500,8500,102,1.5,6000,0,0,0,0,0,69.1,30,57.24,61.41,63.8,0,0
2026-08-24T15:57:11.592000+09:00,2026-08-24T06:57:11.592000+00:00,094623,2550.7,1,0,0,0,0,13421,495,13421,0,0,0,0,4651,-28608,10326,6,4480,0,129,0,0,0,0,0,0,0,0,0,31082107,2018,0.35,1118.5,3669.24,0,55.7,98.7,67.8,45.1,60,516.1,94.1,607.7,144.7,148.8,1028.9,364311,4419,12.77,90.9,1490,2.63,1.19,30.3,40.1,65,23.54,12221494,72610,63.53,3427.34,0,1200,400,720,240,4200,7500,8500,102,1.5,6000,0,0,0,0,0,75.86,30,72.41,72.39,63.8,0,0
2026-08-24T15:58:11.692000+09:00,2026-08-24T06:58:11.692000+00:00,094623,1907.1,1,0,0,0,0,13421,519,13421,0,0,0,0,4655,-28608,10342,6,13188,0,129,0,0,0,0,0,0,0,0,0,31082107,2018,0.32,870.69,2777.79,0,55.9,98.6,68.1,45.1,60.4,518.7,110.6,610.8,149.2,154,1035.6,364311,4419,12.76,89,1560,2.83,1.03,23.2,31.7,65,17.05,12221497,72610,71.68,3427.35,0,1200,400,720,240,4200,7500,8500,102,1.5,6000,0,0,0,0,0,70.45,30,67.73,60.06,63.8,0,0
2026-08-24T15:59:11.787000+09:00,2026-08-24T06:59:11.787000+00:00,094623,1869.3,1,0,0,0,0,13421,520,13421,0,0,0,0,4651,-28608,10326,6,4992,0,129,0,0,0,0,0,0,0,0,0,31082107,2018,0.39,881.68,2750.94,0,55.7,97,68.1,45.1,60.4,517.1,103.7,606.6,144.1,148.1,1039.2,364311,4419,12.76,89.7,1560,2.82,1.05,23.6,32.7,65,15.52,12221499,72610,57.77,3427.35,0,1200,400,720,240,4200,7500,8500,102,1.5,6000,0,0,0,0,0,71.21,30,61.52,61.96,63.9,0,0
2026-08-24T16:00:11.884000+09:00,2026-08-24T07:00:11.884000+00:00,094623,2694.8,1,0,0,0,0,13421,495,13421,0,0,0,0,4655,-28608,10326,590,4480,8720,129,0,0,0,0,0,0,0,0,0,31082107,2018,0.36,1213.72,3908.51,0,55.6,98.5,67.9,45,60.1,515.6,103.5,610.8,148.2,152.8,1045.3,364311,4419,12.21,90.8,1500,2.64,1.17,30.7,39.1,65,24.29,12221501,72610,63.6,3427.35,0,1200,400,720,240,4200,7500,8500,102,1.5,6000,0,0,0,0,0,76.81,30,72.29,72.57,63.8,0,0
2026-08-24T16:01:11.986000+09:00,2026-08-24T07:01:11.986000+00:00,094623,1570.2,1,0,0,0,0,13421,496,13421,0,0,0,0,4651,-28608,10326,6,4992,0,129,0,0,0,0,0,0,0,0,0,31082107,2018,0.32,574.05,2144.23,0,55.7,98,68.1,44.9,60.4,525.8,99.6,610.1,147.1,151.5,1019.1,364311,4419,12.84,89,1500,2.71,1.13,22.7,36.4,65,11.26,12221504,72610,72.93,3427.35,0,1200,400,720,240,4200,7500,8500,102,1.5,6000,0,0,0,0,0,69.08,30,64.49,58.34,63.8,0,0
2026-08-24T16:02:12.085000+09:00,2026-08-24T07:02:12.085000+00:00,094623,1616.6,1,0,0,0,0,13421,493,13421,0,0,0,0,4651,-28608,10326,518,4992,0,129,0,0,0,0,0,0,0,0,0,31082107,2018,0.4,625.32,2241.89,0,55.3,96.8,67.9,44.9,60,523.1,105.8,603.3,141.9,145.4,1018.2,364312,4420,12.8,90.4,1490,2.68,1.13,23,35.8,65,10.79,12221506,72610,57.64,3427.35,0,1200,400,720,240,4200,7500,8500,102,1.5,6000,0,0,0,0,0,68.55,30,58.36,61.88,63.9,0,0
2026-08-24T16:03:12.200000+09:00,2026-08-24T07:03:12.200000+00:00,094623,2613.0,1,0,0,0,0,13421,496,13421,0,0,0,0,4651,-28608,10326,6,4480,8,129,0,0,0,0,0,0,0,0,0,31082107,2018,0.34,1098.97,3711.97,0,55.4,99.1,67.7,44.9,59.8,518.5,97.6,608.2,147.9,152.7,1035.5,364312,4420,12.76,90.2,1500,2.65,1.16,30.5,40.1,65,25.6,12221509,72610,63.9,3427.35,0,1200,400,720,240,4200,7500,8500,102,1.5,6000,0,0,0,0,0,76.48,30,74.71,71.62,63.8,0,0
2026-08-24T16:04:12.292000+09:00,2026-08-24T07:04:12.292000+00:00,094623,1614.1,1,0,0,0,0,13421,498,13421,0,0,0,0,4651,-28608,10326,6,4992,0,129,0,0,0,0,0,0,0,0,0,31082107,2018,0.33,615.56,2229.68,0,55.7,97.2,67.9,44.8,60.2,525.8,94.8,601.9,147.2,151.6,1012.9,364312,4420,12.15,89.1,1500,2.72,1.14,22.9,36.1,65,11.39,12221512,72610,68.82,3427.35,0,1200,400,720,240,4200,7500,8500,102,1.5,6000,0,0,0,0,0,68.03,30,61.69,58.31,63.9,0,0
2026-08-24T16:05:12.407000+09:00,2026-08-24T07:05:12.407000+00:00,094623,1612.9,1,0,0,0,0,13421,497,13421,0,0,0,0,4651,-28608,18518,6,4992,528,129,0,0,0,0,0,0,0,0,0,31082107,2018,0.41,625.32,2238.23,0,55.4,97.4,67.7,44.9,60,524.3,98,600.3,142.1,145.8,1021.1,364312,4420,12.59,90.5,1500,2.7,1.14,23.1,36.1,65,11.15,12221514,72610,58.15,3427.35,0,1200,400,720,240,4200,7500,8500,102,1.5,6000,0,0,0,0,0,67.18,30,60.01,62.14,63.9,0,0
2026-08-24T16:06:12.503000+09:00,2026-08-24T07:06:12.503000+00:00,094623,2780.2,1,0,0,0,0,13421,495,13421,0,0,0,0,4651,-28608,10326,6,4480,0,129,0,0,0,0,0,0,0,0,0,31082107,2018,0.33,1297.95,4078.19,0,55.4,99,68,44.8,59.8,517.6,97.5,609.6,149.8,154.6,1015.4,364312,4420,12.81,90.1,1490,2.64,1.16,31.1,38.7,65,25.78,12221517,72610,65.86,3427.35,0,1200,400,720,240,4200,7500,8500,102,1.5,6000,0,0,0,0,0,76.64,30,74.44,71.35,63.9,0,0
2026-08-24T16:07:12.587000+09:00,2026-08-24T07:07:12.587000+00:00,094623,1891.2,1,0,0,0,0,13421,523,13421,0,0,0,0,4651,-28608,10326,518,4992,0,129,0,0,0,0,0,0,0,0,0,31082107,2018,0.34,808.43,2699.67,0,55.7,96.7,68.3,44.8,60.1,522.5,98.4,604.6,145.3,149.5,1040.2,364313,4421,12.74,89.1,1570,2.83,1.09,24.5,35.2,65,16.05,12221520,72610,67.27,3427.36,0,1200,400,720,240,4200,7500,8500,102,1.5,6000,0,0,0,0,0,72.12,30,63.03,61.56,63.9,0,0
2026-08-24T16:08:12.689000+09:00,2026-08-24T07:08:12.689000+00:00,094623,1983.1,1,0,0,0,0,13421,522,13421,0,0,0,0,4655,-28608,12374,6,5024,72,129,0,0,0,0,0,0,0,0,0,31082107,2018,0.4,928.07,2911.16,0,55.3,98.3,67.9,44.8,59.8,521.2,101.6,600.8,140.4,143.9,1011.1,364313,4421,12.71,90.1,1580,2.82,1.11,25.6,36.1,65,12.18,12221522,72610,58.05,3427.36,0,1200,400,720,240,4200,7500,8500,102,1.5,6000,0,0,0,0,0,71.53,30,66.26,64.45,63.9,0,0
2026-08-24T16:09:12.772000+09:00,2026-08-24T07:09:12.772000+00:00,094623,2681.4,1,0,0,0,0,13421,498,13421,0,0,0,0,4651,-28608,10326,6,4992,0,129,0,0,0,0,0,0,0,0,0,31082107,2018,0.34,1114.84,3796.2,0,55.4,98.8,67.8,44.8,59.6,520.1,96.4,608.8,148.8,153.5,1012.7,364313,4421,12.68,90.1,1510,2.68,1.16,30.5,39.7,65,25.86,12221525,72610,70.5,3427.36,0,1200,400,720,240,4200,7500,8500,102,1.5,6000,0,0,0,0,0,76.09,30,73.49,70.71,63.9,0,0
2026-08-24T16:10:12.861000+09:00,2026-08-24T07:10:12.861000+00:00,094623,1632.4,1,0,0,0,0,13421,517,13421,0,0,0,0,4651,-28608,18518,6,4992,528,129,0,0,0,0,0,0,0,0,0,31082107,2018,0.34,702.23,2334.67,0,55.6,96.9,68,44.8,59.9,522.4,97.3,602.9,144,147.9,999.3,364313,4421,12.85,89.1,1550,2.82,1.04,22,32.8,65,15.19,12221528,72610,70.25,3427.36,0,1200,400,720,240,4200,7500,8500,102,1.5,6000,0,0,0,0,0,68.14,30,60.93,58.07,63.9,0,0
2026-08-24T16:11:12.965000+09:00,2026-08-24T07:11:12.965000+00:00,094623,1804.6,1,0,0,0,0,13421,519,13421,0,0,0,0,4651,-28608,10326,6,4992,0,129,0,0,0,0,0,0,0,0,0,31082107,2018,0.41,770.59,2575.15,0,55.4,97.4,67.8,44.7,59.8,516.2,111.2,603.3,143.3,147.1,999.8,364313,4421,12.77,90.7,1560,2.84,1.03,22.8,31.9,65,16.86,12221530,72610,58.94,3427.36,0,1200,400,720,240,4200,7500,8500,102,1.5,6000,0,0,0,0,0,68.21,30,60.95,63.83,63.9,0,0
2026-08-24T16:12:13.093000+09:00,2026-08-24T07:12:13.093000+00:00,094623,2536.1,1,0,0,0,0,13421,503,13421,0,0,0,0,4651,-28608,10326,6,4992,0,129,0,0,0,0,0,0,0,0,0,31082107,2018,0.34,1036.71,3572.8,0,55.6,99.4,68.1,44.6,59.8,519.2,103.3,610.2,152.7,157.8,1018.1,364313,4421,12.65,90,1520,2.7,1.11,28.5,37.4,65,24.11,12221533,72610,72.68,3427.36,0,1200,400,720,240,4200,7500,8500,102,1.5,6000,0,0,0,0,0,75.14,30,74.3,68.78,64,0,0
2026-08-24T16:13:13.195000+09:00,2026-08-24T07:13:13.195000+00:00,094623,1603.1,1,0,0,0,0,13421,495,13421,0,0,0,0,4655,-26560,12438,6,21408,72,129,0,0,0,0,0,0,0,0,0,31082107,2018,0.33,624.1,2227.24,0,55.7,96.7,68.2,44.6,60.1,524.7,106,604.5,145.5,149.5,1039.2,364314,4422,12.68,89.4,1490,2.7,1.14,23,36.2,65,10.66,12221535,72610,67,3427.36,0,1200,400,720,240,4200,7500,8500,102,1.5,6000,0,0,0,0,0,68.38,30,59.22,58.87,63.9,0,0
2026-08-24T16:14:13.289000+09:00,2026-08-24T07:14:13.289000+00:00,094623,1634.9,1,0,0,0,0,13421,493,13421,0,0,0,0,4651,-28608,10326,6,4992,0,129,0,0,0,0,0,0,0,0,0,31082107,2018,0.41,652.18,2287.06,0,55.4,97.9,67.9,44.6,59.9,521.3,98.3,603.6,144.1,148.1,1035.4,364314,4422,12.75,90.6,1490,2.7,1.13,23.1,35.4,65,11.19,12221537,72610,58.43,3427.36,0,1200,400,720,240,4200,7500,8500,102,1.5,6000,0,0,0,0,0,67.51,30,61.28,61.95,63.9,0,0
2026-08-24T16:15:13.392000+09:00,2026-08-24T07:15:13.392000+00:00,094623,2401.8,1,0,0,0,0,13421,501,13421,0,0,0,0,4655,-28608,18582,6,21376,528,129,0,0,0,0,0,0,0,0,0,31082107,2018,0.32,956.14,3357.95,0,55.5,99.9,68,44.6,60,519.8,99.6,611.5,156.1,161.9,1026.1,364314,4422,12.88,89.9,1510,2.71,1.1,26.6,34.7,65,19.12,12221540,72610,73.44,3427.36,0,1200,400,720,240,4200,7500,8500,102,1.5,6000,0,0,0,0,0,72.23,30,72.85,65.51,64,0,0
2026-08-24T16:16:13.502000+09:00,2026-08-24T07:16:13.502000+00:00,094623,1507.9,1,0,0,0,0,13421,501,13421,0,0,0,0,4651,-28608,10326,6,4992,0,129,0,0,0,0,0,0,0,0,0,31082107,2018,0.34,589.92,2097.84,0,55.6,96,68.4,44.5,60.2,521.3,96.9,601.1,145.6,149.6,1015.3,364314,4422,12.65,89.8,1500,2.75,1.05,21.5,33.4,65,12.09,12221543,72610,61.99,3427.36,0,1200,400,720,240,4200,7500,8500,102,1.5,6000,0,0,0,0,0,69.37,30,56.96,60.03,64,0,0
2026-08-24T16:17:13.606000+09:00,2026-08-24T07:17:13.606000+00:00,094623,1861.9,1,0,0,0,0,13421,493,13421,0,0,0,0,4651,-28608,10342,6,12676,0,129,0,0,0,0,0,0,0,0,0,31082107,2018,0.39,718.1,2580.03,0,55.3,99,67.9,44.5,59.8,519.4,102.7,599.2,143.8,147.6,1033.5,364314,4422,12.68,90.6,1490,2.67,1.18,25.3,37.9,65,13.56,12221545,72610,59.97,3427.37,0,1200,400,720,240,4200,7500,8500,102,1.5,6000,0,0,0,0,0,69.9,30,66.6,64.64,64,0,0
2026-08-24T16:18:13.712000+09:00,2026-08-24T07:18:13.712000+00:00,094623,1946.2,1,0,0,0,0,13421,501,13421,0,0,0,0,4651,-28608,12374,6,5024,72,129,0,0,0,0,0,0,0,0,0,31082107,2018,0.32,749.84,2696,0,55.5,99,67.9,44.4,60,525.2,94.6,609.3,154.1,159.5,1026.9,364314,4422,12.81,89.7,1510,2.73,1.11,24.6,35.8,65,16.18,12221548,72610,73.84,3427.37,0,1200,400,720,240,4200,7500,8500,102,1.5,6000,0,0,0,0,0,70.29,30,68.77,63.17,64,0,0
2026-08-24T16:19:13.799000+09:00,2026-08-24T07:19:13.799000+00:00,094623,936.3,1,0,0,0,0,13421,499,13421,0,0,0,0,4651,-28608,10326,6,4992,0,129,0,0,0,0,0,0,0,0,0,31082107,2018,0.36,23.5,959.81,0,55.3,96.5,68.1,44.5,60,523.1,98.7,604,145.4,149.3,1006.5,364315,4423,12.9,89.6,1500,2.72,1.03,23,36,65,11.28,12221550,72610,59.8,3427.37,0,1200,400,720,240,4200,7500,8500,102,1.5,6000,0,0,0,0,0,68.5,30,58.09,59.71,64,0,0
2026-08-24T16:20:13.923000+09:00,2026-08-24T07:20:13.923000+00:00,094623,2002.3,1,0,0,0,0,13421,493,13421,0,0,0,0,4655,-28608,18518,6,4480,16,129,0,0,0,0,0,0,0,0,0,31082107,2018,0.4,825.53,2827.84,0,55.2,98.2,67.9,44.5,59.7,518.4,99.5,603,143.3,147.1,998.5,364315,4423,12.74,90.9,1490,2.67,1.2,26.8,39.5,65,17.15,12221552,72610,59.5,3427.37,0,1200,400,720,240,4200,7500,8500,102,1.5,6000,0,0,0,0,0,71.39,30,65.62,67.39,64,0,0
2026-08-24T16:21:14.022000+09:00,2026-08-24T07:21:14.022000+00:00,094623,1931.5,1,0,0,0,0,13421,500,13421,0,0,0,0,4651,-28608,10326,6,4992,0,129,0,0,0,0,0,0,0,0,0,31082107,2018,0.31,676.59,2608.11,0,55.4,100,67.9,44.4,59.8,525.3,95.3,610.6,153.5,158.7,1028.3,364315,4423,12.76,89,1510,2.73,1.12,24.1,35.5,65,14.51,12221556,72610,77.46,3427.37,0,1200,400,720,240,4200,7500,8500,102,1.5,6000,0,0,0,0,0,69.11,30,70.85,59.96,64,0,0
2026-08-24T16:22:14.116000+09:00,2026-08-24T07:22:14.116000+00:00,094623,1952.3,1,0,0,0,0,13421,522,13421,0,0,0,0,4651,-28608,10326,6,4992,0,129,0,0,0,0,0,0,0,0,0,31082107,2018,0.39,869.47,2821.74,0,55.2,96.1,68,44.3,59.8,519.6,93.3,603.7,144.5,148.4,1041.6,364315,4423,12.91,89.7,1570,2.82,1.09,24.9,34.6,65,10.83,12221558,72610,58.29,3427.37,0,1200,400,720,240,4200,7500,8500,102,1.5,6000,0,0,0,0,0,71,30,59.61,62.4,64,0,0
2026-08-24T16:23:14.222000+09:00,2026-08-24T07:23:14.222000+00:00,094623,2176.0,1,0,0,0,0,13421,493,13421,0,0,0,0,4655,-28608,12374,6,4512,8,129,0,0,0,0,0,0,0,0,0,31082107,2018,0.39,919.52,3095.49,0,55,98.8,67.8,44.3,59.6,517.2,95.6,605.3,144.6,148.4,1059.9,364315,4423,12.67,91.7,1490,2.66,1.19,27.9,39.5,65,18.32,12221560,72610,62.23,3427.37,0,1200,400,720,240,4200,7500,8500,102,1.5,6000,0,0,0,0,0,71.96,30,69.2,70.97,64,0,0
2026-08-24T16:24:14.321000+09:00,2026-08-24T07:24:14.321000+00:00,094623,1766.7,1,0,0,0,0,13421,500,13421,0,0,0,0,4651,-28608,10326,518,4992,0,129,0,0,0,0,2,0,0,0,0,31082107,2018,0.31,618,2384.72,0,55.3,99.4,68,44.3,59.8,525.1,94.5,610.6,151.5,156.6,1006.8,364315,4423,12.77,88.8,1510,2.73,1.12,23.5,35.9,65,12.66,12221564,72610,76.24,3427.37,0,1200,400,720,240,4200,7500,8500,102,1.5,6000,0,0,0,0,0,68.5,30,68.93,58.48,64.1,0,0
2026-08-24T16:25:14.417000+09:00,2026-08-24T07:25:14.417000+00:00,094623,1539.7,1,0,0,0,0,13421,495,13421,0,0,0,0,4651,-28608,10326,6,4992,0,129,0,0,0,0,2,0,0,0,0,31082107,2018,0.38,554.52,2094.18,0,55,96.3,68,44.2,59.7,523.3,93.6,605.6,142.6,146.1,995.1,364316,4424,12.51,90.1,1470,2.69,1.07,21.9,34.9,65,11.57,12221566,72610,56.68,3427.38,0,1200,400,720,240,4200,7500,8500,102,1.5,6000,0,0,0,0,0,67.62,30,56.9,60.12,64,0,0
2026-08-24T16:26:14.505000+09:00,2026-08-24T07:26:14.505000+00:00,094623,2390.8,1,0,0,0,0,13421,492,13421,0,0,0,0,4655,-26560,10326,6,4480,0,129,0,0,0,0,0,0,0,0,0,31082107,2018,0.37,947.6,3338.42,0,54.9,98.8,67.8,44.2,59.3,516.9,98.4,607.5,143.8,147.6,1019.8,364316,4424,12.77,91.4,1490,2.65,1.2,29.3,40.6,65,20.48,12221568,72610,63.06,3427.38,0,1200,400,720,240,4200,7500,8500,102,1.5,6000,0,0,0,0,0,73.14,30,70.58,71.61,64,0,0
2026-08-24T16:27:14.600000+09:00,2026-08-24T07:27:14.600000+00:00,094623,1887.6,1,0,0,0,0,13421,459,13421,0,0,0,0,4651,-28608,10326,6,4992,0,129,0,0,0,0,0,0,0,0,0,31082107,2018,0.3,607.01,2494.58,0,55.3,98.9,68,44.2,59.7,525.6,92,611.2,149,154.1,1038,364316,4424,12.74,88.9,1340,2.59,1.91,26.3,38.8,65,12.23,12221571,72610,76.71,3427.38,0,1200,400,720,240,4200,7500,8500,102,1.5,6000,0,0,0,0,0,66.99,30,66.02,57.39,64.1,0,0
2026-08-24T16:28:14.690000+09:00,2026-08-24T07:28:14.690000+00:00,094623,1478.6,1,0,0,0,0,13421,495,13421,0,0,0,0,4655,-26560,10326,6,4992,528,129,0,0,0,0,0,0,0,0,0,31082107,2018,0.39,449.54,1928.16,0,55,96.7,68,44.2,59.5,524.9,102.1,605.2,141.8,145.5,1015,364316,4424,12.74,90.1,1490,2.71,1.17,22.9,37.3,65,10.51,12221573,72610,56.34,3427.38,0,1200,400,720,240,4200,7500,8500,102,1.5,6000,0,0,0,0,0,67.39,30,57.71,60.23,64,0,0
2026-08-24T16:29:14.780000+09:00,2026-08-24T07:29:14.780000+00:00,094623,2611.8,1,0,0,0,0,13421,495,13421,0,0,0,0,4651,-28608,10326,6,4480,0,129,0,0,0,0,0,0,0,0,0,31082107,2018,0.35,1160.01,3771.78,0,54.9,99.2,67.9,44.2,59.3,515.2,94.4,609.8,146.4,150.7,1021.3,364316,4424,12.69,91.1,1490,2.65,1.18,30.3,39.5,65,23.6,12221576,72610,63.98,3427.38,0,1200,400,720,240,4200,7500,8500,102,1.5,6000,0,0,0,0,0,74.54,30,73.36,72.62,64.1,0,0
2026-08-24T16:30:14.883000+09:00,2026-08-24T07:30:14.883000+00:00,094623,1675.2,1,0,0,0,0,13421,503,13421,0,0,0,0,4651,-28608,10326,6,4992,0,129,0,0,0,0,2,0,0,0,0,31082107,2018,0.32,650.96,2326.12,0,55.2,97.4,68.1,44.2,59.7,520.1,96.4,611.3,150.4,155.3,1027.3,364316,4424,12.65,88.8,1500,2.77,1.02,21.6,31.9,65,13.43,12221579,72610,71.29,3427.38,0,1200,400,720,240,4200,7500,8500,102,1.5,6000,0,0,0,0,0,67.56,30,61.85,57.31,64.1,0,0
2026-08-24T16:31:14.989000+09:00,2026-08-24T07:31:14.989000+00:00,094623,1595.8,1,0,0,0,0,13421,511,13421,0,0,0,0,4651,-28608,10326,6,4992,0,129,0,0,0,0,2,0,0,0,0,31082107,2018,0.38,669.27,2265.08,0,54.9,97.6,68.1,44.2,59.6,519.5,93.5,606.7,143.5,147.3,1018.8,364317,4425,12.39,89.8,1520,2.81,1.04,21.6,32.3,65,14.38,12221581,72610,57.4,3427.38,0,1200,400,720,240,4200,7500,8500,102,1.5,6000,0,0,0,0,0,67.89,30,60.66,59.56,64.1,0,0
2026-08-24T16:32:15.078000+09:00,2026-08-24T07:32:15.078000+00:00,094623,2865.7,1,0,0,0,0,13421,494,13421,0,0,0,0,4655,-26560,10390,518,20864,0,129,0,0,0,0,0,0,0,0,0,31082107,2018,0.36,1317.48,4183.17,0,55,98.7,67.9,44.2,59.4,514.5,97.1,612.1,149.6,154.5,1051.3,364317,4425,12.61,90.8,1490,2.65,1.17,31.4,38.4,65,25.19,12221584,72610,62.8,3427.38,0,1200,400,720,240,4200,7500,8500,102,1.5,6000,0,0,0,0,0,75.5,30,72.43,72.08,64.1,0,0
2026-08-24T16:33:15.177000+09:00,2026-08-24T07:33:15.177000+00:00,094623,2160.1,1,0,0,0,0,13421,449,13421,0,0,0,0,4651,-28608,18518,6,4992,528,129,0,0,0,0,0,0,0,0,0,31082107,2018,0.33,846.28,3006.38,0,55.3,97.9,68.2,44.1,59.8,522.4,91.7,609,148,152.6,1044.8,364317,4425,12.73,89,1480,2.53,1.26,26.7,36.5,65,10.98,12221586,72610,67.89,3427.38,0,1200,400,720,240,4200,7500,8500,102,1.5,6000,0,0,0,0,0,67.25,30,63.11,56.6,64.1,0,0
2026-08-24T16:34:15.280000+09:00,2026-08-24T07:34:15.280000+00:00,094623,2130.8,1,0,0,0,0,13421,436,13421,0,0,0,0,4655,-28608,10390,6,21376,0,129,0,0,0,0,0,0,0,0,0,31082107,2018,0.4,813.32,2944.12,0,54.9,97.5,68,44,59.5,520.9,107,605,143.8,147.7,1028.3,364317,4425,12.65,90.4,1340,2.41,1.57,27.6,36.9,65,11.3,12221588,72610,56.82,3427.39,0,1200,400,720,240,4200,7500,8500,102,1.5,6000,0,0,0,0,0,66.63,30,59.07,60.3,64.1,0,0
2026-08-24T16:35:15.376000+09:00,2026-08-24T07:35:15.376000+00:00,094623,2724.1,1,0,0,0,0,13421,503,13421,0,0,0,0,4651,-28608,10326,6,4992,0,129,0,0,0,0,0,0,0,0,0,31082107,2018,0.31,1313.82,4037.9,0,55,99.1,67.8,44,59.4,516.5,102.5,611.9,152.6,157.8,1058.1,364317,4425,12.7,90.1,1520,2.7,1.14,29.6,37.1,65,24.55,12221591,72610,68.39,3427.39,0,1200,400,720,240,4200,7500,8500,102,1.5,6000,0,0,0,0,0,74.44,30,73.56,69.43,64.1,0,0
2026-08-24T16:36:15.479000+09:00,2026-08-24T07:36:15.479000+00:00,094623,1622.7,1,0,0,0,0,13421,492,13421,0,0,0,0,4651,-28608,8294,6,13188,8,129,0,0,0,0,0,0,0,0,0,31082107,2018,0.32,603.35,2226.02,0,55,96.3,68.2,44,59.7,524,98.9,605.4,146.4,150.8,1030.4,364317,4425,12.79,89.3,1490,2.69,1.12,22.7,35.3,65,11.06,12221594,72610,64.5,3427.39,0,1200,400,720,240,4200,7500,8500,102,1.5,6000,0,0,0,0,0,67.99,30,57.95,58.28,64.1,0,0
2026-08-24T16:37:15.588000+09:00,2026-08-24T07:37:15.588000+00:00,094623,1615.3,1,0,0,0,0,13421,490,13421,0,0,0,0,4651,-28608,10326,6,4992,0,129,0,0,0,0,0,0,0,0,0,31082107,2018,0.4,622.88,2238.23,0,54.8,98,67.9,44,59.3,522.1,98.2,603.5,142.7,146.6,1038.3,364318,4426,12.52,90.4,1480,2.68,1.11,22.7,35.1,65,11.29,12221596,72610,57.61,3427.39,0,1200,400,720,240,4200,7500,8500,102,1.5,6000,0,0,0,0,0,67.09,30,61.38,61.17,64.1,0,0
2026-08-24T16:38:15.685000+09:00,2026-08-24T07:38:15.685000+00:00,094623,2431.1,1,0,0,0,0,13421,501,13421,0,0,0,0,4651,-28608,18518,6,4992,528,129,0,0,0,0,0,0,0,0,0,31082107,2018,0.32,984.22,3415.33,0,55,99.7,67.8,43.9,59.3,521.2,96.8,613.4,152.6,158,1020.5,364318,4426,12.63,89.9,1510,2.71,1.11,27,35.4,65,20.08,12221599,72610,70.95,3427.39,0,1200,400,720,240,4200,7500,8500,102,1.5,6000,0,0,0,0,0,71.73,30,72.33,66.15,64.1,0,0
2026-08-24T16:39:15.786000+09:00,2026-08-24T07:39:15.786000+00:00,094623,1767.9,1,0,0,0,0,13421,520,13421,0,0,0,0,4651,-28608,10326,6,4992,0,129,0,0,0,0,0,0,0,0,0,31082107,2018,0.34,731.53,2499.47,0,55,96.2,68.1,43.8,59.6,520.2,96.7,607.6,143.5,147.5,1001.6,364318,4426,12.79,89,1560,2.84,1.06,23.4,34.1,65,16.23,12221601,72610,65.91,3427.39,0,1200,400,720,240,4200,7500,8500,102,1.5,6000,0,0,0,0,0,69.3,30,59.83,58.72,64.1,0,0
2026-08-24T16:40:15.882000+09:00,2026-08-24T07:40:15.882000+00:00,094623,1681.3,1,0,0,0,0,13421,492,13421,0,0,0,0,4655,-28608,10326,582,4480,0,129,0,0,0,0,0,0,0,0,0,31082107,2018,0.4,691.24,2372.51,0,54.7,98.2,67.9,43.8,59.2,522.2,101.1,607.4,140.9,144.6,1029,364318,4426,12.81,90.8,1480,2.69,1.18,24.3,37.7,65,12.66,12221603,72610,58.4,3427.39,0,1200,400,720,240,4200,7500,8500,102,1.5,6000,0,0,0,0,0,67.95,30,62.84,63.38,64.2,0,0
2026-08-24T16:41:15.970000+09:00,2026-08-24T07:41:15.970000+00:00,094623,2157.7,1,0,0,0,0,13421,502,13421,0,0,0,0,4651,-28608,12374,6,5024,72,129,0,0,0,0,0,0,0,0,0,31082107,2018,0.3,777.92,2935.58,0,55,99.6,67.9,43.8,59.3,524.8,94.8,618.6,151.5,156.8,1034.7,364318,4426,12.87,89.6,1510,2.73,1.1,25.6,36,65,18.04,12221607,72610,74.36,3427.39,0,1200,400,720,240,4200,7500,8500,102,1.5,6000,0,0,0,0,0,70.61,30,71.38,63.82,64.1,0,0
2026-08-24T16:42:16.069000+09:00,2026-08-24T07:42:16.069000+00:00,094623,1521.3,1,0,0,0,0,13421,491,13421,0,0,0,0,4651,-28608,10326,6,4992,0,129,0,0,0,0,0,0,0,0,0,31082107,2018,0.34,550.86,2072.21,0,54.9,96,68.2,43.9,59.4,524.2,99.1,610.2,142.4,146.3,1004.6,364318,4426,12.47,89.7,1480,2.69,1.1,22.2,35.6,65,11.28,12221609,72610,62.56,3427.39,0,1200,400,720,240,4200,7500,8500,102,1.5,6000,0,0,0,0,0,67.75,30,56.01,59.04,64.2,0,0
2026-08-24T16:43:16.162000+09:00,2026-08-24T07:43:16.162000+00:00,094623,1890.0,1,0,0,0,0,13421,494,13421,0,0,0,0,4655,-28608,18518,6,4480,528,129,0,0,0,0,0,0,0,0,0,31082107,2018,0.39,796.23,2686.24,0,54.7,98.7,67.9,43.8,59.1,519.8,104.7,608,140.7,144.6,1030.2,364319,4427,12.63,90.7,1490,2.69,1.21,25.7,38.3,65,14.19,12221611,72610,60.15,3427.4,0,1200,400,720,240,4200,7500,8500,102,1.5,6000,0,0,0,0,0,69.44,30,66.02,64.76,64.2,0,0
2026-08-24T16:44:16.254000+09:00,2026-08-24T07:44:16.254000+00:00,094623,2060.9,1,0,0,0,0,13421,501,13421,0,0,0,0,4651,-28608,10326,6,4992,0,129,0,0,0,0,0,0,0,0,0,31082107,2018,0.32,754.72,2815.64,0,55,99.4,67.9,43.7,59.4,523,96.9,617.1,151.7,157,1034.8,364319,4427,12.86,89.4,1510,2.74,1.1,24.3,34,65,14.87,12221614,72610,75.75,3427.4,0,1200,400,720,240,4200,7500,8500,102,1.5,6000,0,0,0,0,0,68.5,30,68.66,60.71,64.2,0,0
2026-08-24T16:45:16.360000+09:00,2026-08-24T07:45:16.360000+00:00,094623,1990.4,1,0,0,0,0,13421,523,13421,0,0,0,0,4655,-28608,10326,590,4992,8192,129,0,0,0,0,0,0,0,0,0,31082107,2018,0.36,876.8,2867.21,0,54.8,96.5,68.2,43.6,59.5,520.8,95.4,607.3,142.5,146.7,1014.8,364319,4427,12.93,89.9,1570,2.85,1.1,25.4,35.8,65,15.26,12221616,72610,61.45,3427.4,0,1200,400,720,240,4200,7500,8500,102,1.5,6000,0,0,0,0,0,71.5,30,61.12,63.3,64.2,0,0
2026-08-24T16:46:16.457000+09:00,2026-08-24T07:46:16.457000+00:00,094623,2189.4,1,0,0,0,0,13421,493,13421,0,0,0,0,4651,-28608,12374,6,4512,72,129,0,0,0,0,0,0,0,0,0,31082107,2018,0.42,984.22,3173.62,0,54.7,98.2,67.8,43.6,59.1,517.3,90.5,609,142.2,146.3,1027.5,364319,4427,12.64,91.2,1490,2.67,1.2,27.8,39.2,65,18.21,12221619,72610,58.95,3427.4,0,1200,400,720,240,4200,7500,8500,102,1.5,6000,0,0,0,0,0,71.21,30,66.41,68.55,64.1,0,0
2026-08-24T16:47:16.561000+09:00,2026-08-24T07:47:16.561000+00:00,094623,1857.0,1,0,0,0,0,13421,499,13421,0,0,0,0,4651,-28608,10326,6,4992,0,129,0,0,0,0,0,0,0,0,0,31082107,2018,0.32,637.53,2494.58,0,55,99.9,68,43.6,59.4,523.2,93.4,615.4,150.3,155.6,1038.1,364319,4427,12.71,89.2,1500,2.74,1.12,23.5,34.7,65,12.85,12221622,72610,74.83,3427.4,0,1200,400,720,240,4200,7500,8500,102,1.5,6000,0,0,0,0,0,67.66,30,69.39,59.04,64.2,0,0
2026-08-24T16:48:16.687000+09:00,2026-08-24T07:48:16.687000+00:00,094623,1539.7,1,0,0,0,0,13421,494,13421,0,0,0,0,4655,-28608,18518,6,4992,528,129,0,0,0,0,0,0,0,0,0,31082107,2018,0.37,543.53,2083.19,0,54.7,96,68.2,43.6,59.4,524,92.8,608.3,142.1,146.2,995.2,364319,4427,12.73,90,1490,2.72,1.12,22.6,36.5,65,11.07,12221624,72610,58.7,3427.4,0,1200,400,720,240,4200,7500,8500,102,1.5,6000,0,0,0,0,0,67.78,30,55.7,59.83,64.2,0,0
2026-08-24T16:49:16.786000+09:00,2026-08-24T07:49:16.786000+00:00,094623,2287.1,1,0,0,0,0,13421,492,13421,0,0,0,0,4655,-28608,10326,6,4480,0,129,0,0,0,0,0,0,0,0,0,31082107,2018,0.38,919.52,3206.58,0,54.4,98.8,67.9,43.6,58.9,520.1,90.6,608.8,141.2,145.3,1003.8,364320,4428,12.75,91.5,1490,2.65,1.21,29.2,41.8,65,21.84,12221626,72610,60.16,3427.4,0,1200,400,720,240,4200,7500,8500,102,1.5,6000,0,0,0,0,0,73.75,30,70.75,71.82,64.2,0,0
2026-08-24T16:50:16.890000+09:00,2026-08-24T07:50:16.890000+00:00,094623,1960.8,1,0,0,0,0,13421,501,13421,0,0,0,0,4651,-28608,10326,6,4992,0,129,0,0,0,0,0,0,0,0,0,31082107,2018,0.31,688.8,2649.62,0,54.8,98.8,67.9,43.5,59.2,521.6,88.1,616.2,149.6,154.7,1011.6,364320,4428,12.71,88.9,1510,2.74,1.14,23.8,34.5,65,12.76,12221630,72610,75,3427.4,0,1200,400,720,240,4200,7500,8500,102,1.5,6000,0,0,0,0,0,67.5,30,66.35,58,64.2,0,0
2026-08-24T16:51:16.984000+09:00,2026-08-24T07:51:16.984000+00:00,094623,1623.9,1,0,0,0,0,13421,494,13421,0,0,0,0,4651,-28608,12438,6,21408,72,129,0,0,0,0,0,0,0,0,0,31082107,2018,0.38,602.13,2226.02,0,54.4,96.8,68.2,43.5,59.2,522.8,88.6,610.4,143.2,147.3,1025.9,364320,4428,12.68,90,1490,2.72,1.13,22.9,35.7,65,10.83,12221632,72610,57.84,3427.4,0,1200,400,720,240,4200,7500,8500,102,1.5,6000,0,0,0,0,0,67.75,30,57.97,59.52,64.2,0,0
2026-08-24T16:52:17.095000+09:00,2026-08-24T07:52:17.095000+00:00,094623,2617.9,1,0,0,0,0,13421,493,13421,0,0,0,0,4655,-28608,10326,6,4480,0,129,0,0,0,0,0,0,0,0,0,31082107,2018,0.36,1130.71,3748.59,0,54.2,98.2,67.8,43.4,58.9,514.3,90.9,612.3,145.4,150,1019.8,364320,4428,12.76,91.3,1490,2.66,1.2,30.2,39.4,65,22.48,12221634,72610,63.59,3427.4,0,1200,400,720,240,4200,7500,8500,102,1.5,6000,0,0,0,0,0,73.57,30,68.91,71.94,64.2,0,0
2026-08-24T16:53:17.192000+09:00,2026-08-24T07:53:17.192000+00:00,094623,1719.1,1,0,0,0,0,13421,505,13421,0,0,0,0,4655,-28608,18582,6,21376,0,129,0,0,0,0,0,0,0,0,0,31082107,2018,0.31,624.1,2343.21,0,54.6,98.8,68,43.3,59.3,518.7,89.8,615.7,150.4,155.6,1024.5,364320,4428,12.67,88.7,1510,2.79,1.01,21.6,31.5,65,11.83,12221637,72610,75.14,3427.41,0,1200,400,720,240,4200,7500,8500,102,1.5,6000,0,0,0,0,0,67.02,30,65.83,56.67,64.2,0,0
2026-08-24T16:54:17.263000+09:00,2026-08-24T07:54:17.263000+00:00,094623,1606.8,1,0,0,0,0,13421,512,13421,0,0,0,0,4655,-28608,10326,6,4992,0,129,0,0,0,0,0,0,0,0,0,31082107,2018,0.38,699.79,2306.59,0,54.4,96.7,68.1,43.3,59.2,517.8,90.2,610.1,143.6,147.8,1016,364320,4428,12.75,90.1,1530,2.83,1.03,21.6,32,65,14.7,12221639,72610,56.05,3427.41,0,1200,400,720,240,4200,7500,8500,102,1.5,6000,0,0,0,0,0,67.6,30,57.5,60.04,64.2,0,0
2026-08-24T16:55:17.361000+09:00,2026-08-24T07:55:17.361000+00:00,094623,2738.7,1,0,0,0,0,13421,496,13421,0,0,0,0,4655,-28608,10342,6,12676,0,129,0,0,0,0,0,0,0,0,0,31082107,2018,0.37,1235.69,3974.43,0,54.3,98.4,67.8,43.3,58.9,515.7,87.6,616.1,147.7,152.3,1012.1,364321,4429,12.7,91.1,1500,2.66,1.17,30.9,39.1,65,24.85,12221642,72610,66.98,3427.41,0,1200,400,720,240,4200,7500,8500,102,1.5,6000,0,0,0,0,0,74.99,30,71.08,72.3,64.2,0,0
2026-08-24T16:56:17.465000+09:00,2026-08-24T07:56:17.465000+00:00,094623,1660.5,1,0,0,0,0,13421,497,13421,0,0,0,0,4651,-28608,12374,6,5024,8,129,0,0,0,0,0,0,0,0,0,31082107,2018,0.32,614.34,2274.85,0,54.7,98.4,68,43.3,59.2,523.9,87.3,613.7,147.9,152.7,1026.9,364321,4429,12.33,89,1500,2.74,1.13,22.9,35.5,65,10.92,12221645,72610,73.5,3427.41,0,1200,400,720,240,4200,7500,8500,102,1.5,6000,0,0,0,0,0,66.91,30,64.39,57.07,64.2,0,0
2026-08-24T16:57:17.555000+09:00,2026-08-24T07:57:17.555000+00:00,094623,1593.4,1,0,0,0,0,13421,497,13421,0,0,0,0,4651,-28608,10326,6,4992,0,129,0,0,0,0,0,0,0,0,0,31082107,2018,0.39,576.49,2169.87,0,54.3,96.9,68.1,43.3,59,523.3,92.9,611.6,142.6,146.6,1006.2,364321,4429,12.76,90.1,1500,2.74,1.13,22.9,36.1,65,11.29,12221647,72610,57.96,3427.41,0,1200,400,720,240,4200,7500,8500,102,1.5,6000,0,0,0,0,0,67.41,30,57.83,59.84,64.2,0,0
2026-08-24T16:58:17.648000+09:00,2026-08-24T07:58:17.648000+00:00,094623,2575.2,1,0,0,0,0,13421,496,13421,0,0,0,0,4651,-28608,10326,6,4480,0,129,0,0,0,0,0,0,0,0,0,31082107,2018,0.35,1046.48,3621.63,0,54.5,98.8,67.9,43.2,58.8,519.7,91.7,614,147.6,152.4,1005.3,364321,4429,12.74,90.8,1500,2.67,1.16,30.3,40.7,65,25.74,12221650,72610,66.94,3427.41,0,1200,400,720,240,4200,7500,8500,102,1.5,6000,0,0,0,0,0,75.59,30,72.12,72.2,64.2,0,0
2026-08-24T16:59:17.787000+09:00,2026-08-24T07:59:17.787000+00:00,094623,1466.4,1,0,0,0,0,13421,493,13421,0,0,0,0,4651,-28608,10326,6,4992,0,129,0,0,0,0,0,0,0,0,0,31082107,2018,0.33,503.25,1969.66,0,54.8,97.9,68,43.2,59.1,527.3,88.6,611.5,146,150.4,1007.7,364321,4429,12.55,88.5,1470,2.69,1.07,21.4,35.1,65,11.65,12221653,72610,75.04,3427.41,0,1200,400,720,240,4200,7500,8500,102,1.5,6000,0,0,0,0,0,66.74,30,62.96,55.05,64.2,0,0
2026-08-24T17:00:17.883000+09:00,2026-08-24T08:00:17.883000+00:00,094623,1565.3,1,0,0,0,0,13421,498,13421,0,0,0,0,4651,-28608,10326,6,4992,0,129,0,0,0,0,0,0,0,0,0,31082107,2018,0.41,650.96,2216.25,0,54.5,97.3,67.8,43.2,58.8,521.4,92,610.4,141.6,145.4,1006.3,364321,4429,12.39,90.8,1490,2.72,1.06,21.7,33,65,11.76,12221655,72610,56.42,3427.41,0,1200,400,720,240,4200,7500,8500,102,1.5,6000,0,0,0,0,0,66.1,30,58.67,61.81,64.2,0,0
2026-08-24T17:01:17.968000+09:00,2026-08-24T08:01:17.968000+00:00,094623,2730.2,1,0,0,0,0,13421,495,13421,0,0,0,0,4651,-28608,12374,6,4512,8,129,0,0,0,0,0,0,0,0,0,31082107,2018,0.33,1156.35,3886.53,0,54.5,98.9,67.9,43.1,58.7,516,86.9,615.6,149.4,154.5,1018.4,364322,4430,12.74,90.5,1500,2.67,1.16,31,39.5,65,24.8,12221658,72610,69.27,3427.41,0,1200,400,720,240,4200,7500,8500,102,1.5,6000,0,0,0,0,0,74.7,30,73.16,71.52,64.2,0,0
2026-08-24T17:02:18.088000+09:00,2026-08-24T08:02:18.088000+00:00,094623,1554.3,1,0,0,0,0,13421,490,13421,0,0,0,0,4655,-28608,10326,590,4992,8192,129,0,0,0,0,2,0,0,0,0,31082107,2018,0.33,487.38,2041.69,0,54.7,97.4,68.2,43.1,59.1,524.3,90.9,613.4,148.2,153.1,1050.3,364322,4430,12.62,89.2,1440,2.71,1.49,23.8,38.2,65,11.4,12221661,72610,66.29,3427.42,0,1200,400,720,240,4200,7500,8500,102,1.5,6000,0,0,0,0,0,67.04,30,61.36,57.75,64.2,0,0
2026-08-24T17:03:18.202000+09:00,2026-08-24T08:03:18.202000+00:00,094623,1477.4,1,0,0,0,0,13421,497,13421,0,0,0,0,4651,-28608,10326,6,4992,0,129,0,0,0,0,0,0,0,0,0,31082107,2018,0.4,334.79,1812.19,0,54.4,97.6,68.1,43.1,58.8,522.7,88.6,610.7,143.5,147.6,1048.4,364322,4430,12.27,90.1,1470,2.74,0.8,23.7,38,65,11.36,12221663,72610,56.87,3427.42,0,1200,400,720,240,4200,7500,8500,102,1.5,6000,0,0,0,0,0,67.03,30,59.79,59.8,64.2,0,0
2026-08-24T17:04:18.294000+09:00,2026-08-24T08:04:18.294000+00:00,094623,2797.3,1,0,0,0,0,13421,503,13421,0,0,0,0,4651,-28608,10326,6,4992,0,129,0,0,0,0,0,0,0,0,0,31082107,2018,0.32,1272.32,4069.64,0,54.5,99.1,68,43.1,58.8,514.6,91.2,616.8,151.7,157.1,1034.4,364322,4430,12.42,90.1,1520,2.71,1.15,30.1,37.2,65,24.43,12221666,72610,71.77,3427.42,0,1200,400,720,240,4200,7500,8500,102,1.5,6000,0,0,0,0,0,74.5,30,73.08,69.08,64.2,0,0
2026-08-24T17:05:18.390000+09:00,2026-08-24T08:05:18.390000+00:00,094623,1599.5,1,0,0,0,0,13421,491,13421,0,0,0,0,4655,-28608,10326,6,4992,0,129,0,0,0,0,0,0,0,0,0,31082107,2018,0.3,589.92,2189.4,0,54.7,96.8,68.2,43,59.2,521.5,91.8,610.3,147.7,152.4,1015.3,364322,4430,12.35,89.4,1480,2.71,1.12,22.7,35.3,65,11.13,12221668,72610,66.81,3427.42,0,1200,400,720,240,4200,7500,8500,102,1.5,6000,0,0,0,0,0,67.42,30,59.23,58.3,64.2,0,0
2026-08-24T17:06:18.500000+09:00,2026-08-24T08:06:18.500000+00:00,094623,1600.7,1,0,0,0,0,13421,490,13421,0,0,0,0,4655,-26560,18518,6,4992,528,129,0,0,0,0,0,0,0,0,0,31082107,2018,0.39,591.14,2191.84,0,54.4,97.7,67.9,42.9,58.9,519.6,92.3,607,142.7,146.7,1015.3,364322,4430,12.8,90.3,1480,2.7,1.1,22.4,34.6,65,10.54,12221670,72610,56.48,3427.42,0,1200,400,720,240,4200,7500,8500,102,1.5,6000,0,0,0,0,0,66.63,30,59.87,60.69,63.7,0,0
2026-08-24T17:07:18.602000+09:00,2026-08-24T08:07:18.602000+00:00,094623,2578.8,1,0,0,0,0,13421,502,13421,0,0,0,0,4651,-28608,10326,6,4992,0,129,0,0,0,0,0,0,0,0,0,31082107,2018,0.34,1003.75,3582.57,0,54.6,99.5,67.8,42.9,58.9,517.8,87.9,615.6,151.6,156.9,1077.5,364323,4431,12.75,89.8,1510,2.72,1.1,27.6,35.3,65,21.07,12221673,72610,72.91,3427.42,0,1200,400,720,240,4200,7500,8500,102,1.5,6000,0,0,0,0,0,72.07,30,72.13,66.11,63.7,0,0
2026-08-24T17:08:18.696000+09:00,2026-08-24T08:08:18.696000+00:00,094623,2139.3,1,0,0,0,0,13421,480,13421,0,0,0,0,4655,-28608,10326,6,4992,0,129,0,0,0,0,0,0,0,0,0,31082107,2018,0.33,842.62,2981.96,0,54.7,96.3,68.2,42.9,59.2,522.3,90.5,604.1,144.2,148.5,1015.8,364323,4431,12.8,89.5,1540,2.65,1.18,26.4,36.4,65,10.28,12221676,72610,64.77,3427.42,0,1200,400,720,240,4200,7500,8500,102,1.5,6000,0,0,0,0,0,67.19,30,57.54,58.06,63.7,0,0
2026-08-24T17:09:18.796000+09:00,2026-08-24T08:09:18.796000+00:00,094623,1771.6,1,0,0,0,0,13421,495,13421,0,0,0,0,4651,-28608,8278,6,4480,8,129,0,0,0,0,0,0,0,0,0,31082107,2018,0.4,683.92,2455.52,0,54.4,98.6,68,42.8,58.9,518.7,89.2,603.3,143.5,147.8,1035.4,364323,4431,12.73,90.6,1490,2.73,1.16,23.8,35.5,65,11.51,12221678,72610,58.5,3427.42,0,1200,400,720,240,4200,7500,8500,102,1.5,6000,0,0,0,0,0,67.43,30,63.26,62.17,63.7,0,0
2026-08-24T17:10:18.902000+09:00,2026-08-24T08:10:18.902000+00:00,094623,2152.8,1,0,0,0,0,13421,501,13421,0,0,0,0,4655,-28608,10390,6,21376,0,129,0,0,0,0,0,0,0,0,0,31082107,2018,0.32,792.57,2945.34,0,54.7,99.3,68,42.8,59.1,519.6,89.9,613.8,154.4,160.3,1024,364323,4431,12.63,89.4,1510,2.75,1.1,24.9,34.3,65,15.71,12221681,72610,72.55,3427.42,0,1200,400,720,240,4200,7500,8500,102,1.5,6000,0,0,0,0,0,69.3,30,68.98,61.23,63.7,0,0
2026-08-24T17:11:19.014000+09:00,2026-08-24T08:11:19.014000+00:00,094623,1489.6,1,0,0,0,0,13421,488,13421,0,0,0,0,4651,-28608,18518,6,4992,528,129,0,0,0,0,0,0,0,0,0,31082107,2018,0.36,440.99,1930.6,0,54.5,96.4,68.2,42.8,59.2,520.9,90.8,604,145.2,149.5,1010.3,364323,4431,12.57,89.8,1480,2.71,1.18,23.1,37.4,65,11.25,12221683,72610,59.76,3427.43,0,1200,400,720,240,4200,7500,8500,102,1.5,6000,0,0,0,0,0,67.67,30,57.01,59.03,63.7,0,0
2026-08-24T17:12:19.110000+09:00,2026-08-24T08:12:19.110000+00:00,094623,2058.5,1,0,0,0,0,13421,494,13421,0,0,0,0,4655,-28608,10342,6,12676,0,129,0,0,0,0,0,0,0,0,0,31082107,2018,0.41,759.61,2818.08,0,54.1,98.6,67.8,42.7,58.8,516.3,89.4,604,143.5,147.5,1008.7,364323,4431,12.62,91.2,1490,2.69,1.19,26.9,39.5,65,16.99,12221685,72610,61.3,3427.43,0,1200,400,720,240,4200,7500,8500,102,1.5,6000,0,0,0,0,0,70.59,30,66.98,67.71,63.7,0,0
2026-08-24T17:13:19.209000+09:00,2026-08-24T08:13:19.209000+00:00,094623,1852.2,1,0,0,0,0,13421,499,13421,0,0,0,0,4651,-28608,10326,6,4992,0,129,0,0,0,0,0,0,0,0,0,31082107,2018,0.3,622.88,2475.05,0,54.3,99.8,67.9,42.6,58.9,524.2,85,610,152.5,158.2,1035.7,364324,4432,12.85,88.7,1500,2.76,1.12,23.8,36,65,14.09,12221689,72610,77.72,3427.43,0,1200,400,720,240,4200,7500,8500,102,1.5,6000,0,0,0,0,0,68,30,69.56,58.07,63.7,0,0
2026-08-24T17:14:19.316000+09:00,2026-08-24T08:14:19.316000+00:00,094623,1934.0,1,0,0,0,0,13421,521,13421,0,0,0,0,4655,-28608,12374,6,5024,72,129,0,0,0,0,0,0,0,0,0,31082107,2018,0.38,780.36,2714.32,0,54,96,68,42.4,58.8,516.6,87,602.6,144.6,148.9,1018.9,364324,4432,12.96,89.8,1560,2.87,1.05,23.6,32.6,65,12.61,12221691,72610,56.42,3427.43,0,1200,400,720,240,4200,7500,8500,102,1.5,6000,0,0,0,0,0,69.07,30,57.95,60.63,63.7,0,0
2026-08-24T17:15:19.419000+09:00,2026-08-24T08:15:19.419000+00:00,094623,2278.5,1,0,0,0,0,13421,494,13421,0,0,0,0,4651,-28608,10326,6,4480,0,129,0,0,0,0,0,0,0,0,0,31082107,2018,0.39,847.5,3126.01,0,53.8,98.9,67.8,42.3,58.5,515,85.5,603.9,145.7,150.1,1032.2,364324,4432,12.84,91.8,1490,2.69,1.2,28.1,39.7,65,19.59,12221693,72610,59.56,3427.43,0,1200,400,720,240,4200,7500,8500,102,1.5,6000,0,0,0,0,0,71.29,30,69.09,70.54,63.7,0,0
2026-08-24T17:16:19.534000+09:00,2026-08-24T08:16:19.534000+00:00,094623,1932.7,1,0,0,0,0,13421,499,13421,0,0,0,0,4651,-28608,18518,6,4992,528,129,0,0,0,0,2,0,0,0,0,31082107,2018,0.28,730.31,2663.04,0,54.2,98.4,67.9,42.2,58.8,519.4,88.8,610.5,154,159.6,1029.3,364324,4432,12.7,88.7,1500,2.75,1.14,23.8,34.4,65,12.42,12221696,72610,75.77,3427.43,0,1200,400,720,240,4200,7500,8500,102,1.5,6000,0,0,0,0,0,66.71,30,64.6,56.84,63.7,0,0
2026-08-24T17:17:19.638000+09:00,2026-08-24T08:17:19.638000+00:00,094623,1653.2,1,0,0,0,0,13421,498,13421,0,0,0,0,4655,-28608,10326,590,4992,8192,129,0,0,0,0,2,0,0,0,0,31082107,2018,0.37,622.88,2276.07,0,53.9,96.7,68,42,58.7,520.4,93.5,603.1,146.6,151,1031.3,364324,4432,12.82,90,1500,2.75,1.14,23.1,35.7,65,11.23,12221698,72610,58.01,3427.43,0,1200,400,720,240,4200,7500,8500,102,1.5,6000,0,0,0,0,0,66.37,30,57.07,58.88,63.7,0,0
2026-08-24T17:18:19.736000+09:00,2026-08-24T08:18:19.736000+00:00,094623,2545.9,1,0,0,0,0,13421,494,13421,0,0,0,0,4651,-28608,10326,518,4480,0,129,0,0,0,0,0,0,0,0,0,31082107,2018,0.36,975.68,3521.53,0,53.8,98.6,67.8,41.9,58.4,514.3,90.8,604.5,148.1,152.7,1031.6,364324,4432,12.77,91,1490,2.68,1.18,29.9,40.2,65,22.31,12221701,72610,63.08,3427.43,0,1200,400,720,240,4200,7500,8500,102,1.5,6000,0,0,0,0,0,72.85,30,70.48,70.34,63.7,0,0
2026-08-24T17:19:19.838000+09:00,2026-08-24T08:19:19.838000+00:00,094623,1648.3,1,0,0,0,0,13421,516,13421,0,0,0,0,4651,-28608,12374,6,5024,72,129,0,0,0,0,0,0,0,0,0,31082107,2018,0.31,570.39,2218.7,0,53.9,98,67.9,41.7,58.6,520.5,87.3,604.1,149.1,153.8,1026.1,364325,4433,12.77,88.9,1540,2.87,1.02,21.5,32.8,65,15.15,12221704,72610,75.79,3427.43,0,1200,400,720,240,4200,7500,8500,102,1.5,6000,0,0,0,0,0,65.84,30,62.79,56.65,63.7,0,0
2026-08-24T17:20:19.936000+09:00,2026-08-24T08:20:19.936000+00:00,094623,1805.8,1,0,0,0,0,13421,518,13421,0,0,0,0,4651,-28608,10326,6,4992,0,129,0,0,0,0,0,0,0,0,0,31082107,2018,0.39,727.87,2533.65,0,53.1,97.1,68,41.6,58.3,516.2,86.9,600.6,144.7,148.7,1024.2,364325,4433,12.45,90,1550,2.88,1.03,22.4,31.7,65,16.47,12221706,72610,58.1,3427.44,0,1200,400,720,240,4200,7500,8500,102,1.5,6000,0,0,0,0,0,66.66,30,58.57,59.86,63.7,0,0
2026-08-24T17:21:20.063000+09:00,2026-08-24T08:21:20.063000+00:00,094623,2918.2,1,0,0,0,0,13421,494,13421,0,0,0,0,4651,-28608,18518,6,4480,528,129,0,0,0,0,0,0,0,0,0,31082107,2018,0.34,1191.75,4109.93,0,53,98.8,67.9,41.4,58,512.5,86.4,607.6,150.7,155.3,1027.9,364325,4433,12.2,90.7,1490,2.68,1.19,31.5,39.1,65,24.83,12221709,72610,66.14,3427.44,0,1200,400,720,240,4200,7500,8500,102,1.5,6000,0,0,0,0,0,73.85,30,72.14,70.95,63.7,0,0
2026-08-24T17:22:20.197000+09:00,2026-08-24T08:22:20.197000+00:00,094623,2278.5,1,0,0,0,0,13421,465,13421,0,0,0,0,4655,-28608,10326,6,4992,0,129,0,0,0,0,2,0,0,0,0,31082107,2018,0.29,923.18,3201.7,0,53.1,97.1,68.1,41.3,58.3,519,88.7,605.8,151,156.3,1033,364325,4433,12.96,88.8,1510,2.6,1.2,27,35.5,65,10.59,12221711,72610,70.92,3427.44,0,1200,400,720,240,4200,7500,8500,102,1.5,6000,0,0,0,0,0,65.45,30,59.13,55.21,63.7,0,0
2026-08-24T17:23:20.284000+09:00,2026-08-24T08:23:20.284000+00:00,094623,2172.3,1,0,0,0,0,13421,436,13421,0,0,0,0,4651,-28608,10326,6,4992,0,129,0,0,0,0,2,0,0,0,0,31082107,2018,0.37,781.58,2953.89,0,52.6,97.2,67.9,41.1,58.1,519,88.3,603.8,146.9,151.5,1028.1,364325,4433,12.59,90,1350,2.44,1.5,27.6,37.3,65,11.31,12221713,72610,58.51,3427.44,0,1200,400,720,240,4200,7500,8500,102,1.5,6000,0,0,0,0,0,64.41,30,56.69,57.49,63.7,0,0
2026-08-24T17:24:20.373000+09:00,2026-08-24T08:24:20.373000+00:00,094623,2804.6,1,0,0,0,0,13421,503,13421,0,0,0,0,4651,-28608,12374,6,5024,72,129,0,0,0,0,0,0,0,0,0,31082107,2018,0.31,1106.3,3910.95,0,52.5,99.1,67.6,41,57.8,516,89.4,609.7,154.3,159.6,1036.9,364325,4433,12.71,90.5,1520,2.75,1.15,30,38.2,65,24.8,12221716,72610,65.12,3427.44,0,1200,400,720,240,4200,7500,8500,102,1.5,6000,0,0,0,0,0,72.13,30,71.89,69.55,63.7,0,0
2026-08-24T17:25:20.469000+09:00,2026-08-24T08:25:20.469000+00:00,094623,1641.0,1,0,0,0,0,13421,490,13421,0,0,0,0,4651,-28608,10326,6,4992,0,129,0,0,0,0,2,0,0,0,0,31082107,2018,0.29,533.77,2174.75,0,52.6,96.7,67.8,40.9,57.9,521,90.6,605.4,149.6,154.1,1012.8,364326,4434,12.73,88.8,1470,2.74,1.08,22,34.1,65,11.65,12221719,72610,67.87,3427.44,0,1200,400,720,240,4200,7500,8500,102,1.5,6000,0,0,0,0,0,64.08,30,57.89,54.88,63.7,0,0
2026-08-24T17:26:20.569000+09:00,2026-08-24T08:26:20.569000+00:00,094623,1595.8,1,0,0,0,0,13421,496,13421,0,0,0,0,4651,-28608,18518,518,4992,16,129,0,0,0,0,2,0,0,0,0,31082107,2018,0.38,543.53,2139.35,0,52.1,97.5,67.8,40.8,57.6,519.2,89.1,603.5,145.3,149.2,1010.4,364326,4434,12.73,90.7,1490,2.78,1.05,21.6,33.4,65,11.37,12221721,72610,59.27,3427.44,0,1200,400,720,240,4200,7500,8500,102,1.5,6000,0,0,0,0,0,64.04,30,58.11,60.34,63.6,0,0
2026-08-24T17:27:20.661000+09:00,2026-08-24T08:27:20.661000+00:00,094623,2694.8,1,0,0,0,0,13421,502,13421,0,0,0,0,4655,-28608,10326,6,4992,0,129,0,0,0,0,0,0,0,0,0,31082107,2018,0.27,1011.08,3705.86,0,52,99.4,67.7,40.6,57.3,518.8,87,610.7,154.3,159.6,1042,364326,4434,12.71,89.7,1520,2.76,1.12,28.3,36.3,65,22.76,12221724,72610,78.38,3427.44,0,1200,400,720,240,4200,7500,8500,102,1.5,6000,0,0,0,0,0,69.95,30,71.28,65.66,63.7,0,0
2026-08-24T17:28:20.756000+09:00,2026-08-24T08:28:20.756000+00:00,094623,1393.2,1,0,0,0,0,13421,497,13421,0,0,0,0,4655,-28608,10326,590,4992,8192,129,0,0,0,0,2,0,0,0,0,31082107,2018,0.33,204.17,1597.34,0,51.9,96.1,67.9,40.3,57.4,523.3,84.8,604.3,147.9,152.2,1025.3,364326,4434,12.56,89.2,1470,2.79,0.86,23,36.7,65,11.35,12221727,72610,63.74,3427.44,0,1200,400,720,240,4200,7500,8500,102,1.5,6000,0,0,0,0,0,63.65,30,55.51,55.65,63.6,0,0
2026-08-24T17:29:20.857000+09:00,2026-08-24T08:29:20.857000+00:00,094623,1652.0,1,0,0,0,0,13421,499,13421,0,0,0,0,4655,-28608,12438,6,21408,72,129,0,0,0,0,0,0,0,0,0,31082107,2018,0.4,575.27,2227.24,0,51.5,98.9,67.9,40.2,57.1,521.2,82.8,603,145.8,150,1027.2,364326,4434,12.55,90.9,1500,2.8,1.13,23,35.6,65,11.04,12221729,72610,55.98,3427.45,0,1200,400,720,240,4200,7500,8500,102,1.5,6000,0,0,0,0,0,63.56,30,61.9,60.55,63.6,0,0
2026-08-24T17:30:20.959000+09:00,2026-08-24T08:30:20.959000+00:00,094623,2378.6,1,0,0,0,0,13421,500,13421,0,0,0,0,4651,-28608,10326,6,4992,0,129,0,0,0,0,0,0,0,0,0,31082107,2018,0.27,950.04,3328.65,0,51.8,99.1,67.9,40.1,57,522,84,612.4,154.8,160.1,1034,364326,4434,12.74,89.5,1510,2.76,1.11,26.8,36,65,20.43,12221732,72610,79.89,3427.45,0,1200,400,720,240,4200,7500,8500,102,1.5,6000,0,0,0,0,0,68.47,30,69.17,63.27,63.6,0,0
2026-08-24T17:31:21.052000+09:00,2026-08-24T08:31:21.052000+00:00,094623,1859.5,1,0,0,0,0,13421,521,13421,0,0,0,0,4655,-28608,10342,6,13188,0,129,0,0,0,0,2,0,0,0,0,31082107,2018,0.32,698.57,2558.06,0,51.8,96.1,67.9,40,57.1,520.2,83.7,604,146.5,150.7,1013.1,364327,4435,12.61,89,1570,2.92,1.05,23.4,33.7,65,10.73,12221734,72610,60.4,3427.45,0,1200,400,720,240,4200,7500,8500,102,1.5,6000,0,0,0,0,0,65.37,30,57.26,56.71,63.6,0,0
2026-08-24T17:32:21.158000+09:00,2026-08-24T08:32:21.158000+00:00,094623,1798.5,1,0,0,0,0,13421,493,13421,0,0,0,0,4651,-28608,10326,6,4480,0,129,0,0,0,0,0,0,0,0,0,31082107,2018,0.4,622.88,2421.34,0,51.7,98.2,67.8,40,56.8,521.3,85.6,602.6,144,148,1000.3,364327,4435,12.63,91.3,1480,2.73,1.18,24.3,37.5,65,12.86,12221736,72610,57.92,3427.45,0,1200,400,720,240,4200,7500,8500,102,1.5,6000,0,0,0,0,0,63.87,30,60.67,62.82,63.6,0,0
2026-08-24T17:33:21.259000+09:00,2026-08-24T08:33:21.259000+00:00,094623,2111.3,1,0,0,0,0,13421,502,13421,0,0,0,0,4651,-28608,10326,6,4992,0,129,0,0,0,0,0,0,0,0,0,31082107,2018,0.31,749.84,2861.11,0,52,99.7,67.8,40,56.9,522.4,83.5,612,155,160.6,1037.7,364327,4435,12.75,89,1510,2.81,1.09,24.5,34.4,65,15.71,12221740,72610,79.42,3427.45,0,1200,400,720,240,4200,7500,8500,102,1.5,6000,0,0,0,0,0,64.87,30,67.88,58.57,63.6,0,0
2026-08-24T17:34:21.354000+09:00,2026-08-24T08:34:21.354000+00:00,094623,1547.0,1,0,0,0,0,13421,492,13421,0,0,0,0,4651,-28608,12374,518,4992,0,129,0,0,0,0,2,0,0,0,0,31082107,2018,0.33,371.41,1918.39,0,51.9,96.2,68.1,40,57,522.4,101.5,604,146,150.2,1036.2,364327,4435,12.85,89.6,1470,2.78,0.86,23.6,37.9,65,10.48,12221742,72610,56.85,3427.45,0,1200,400,720,240,4200,7500,8500,102,1.5,6000,0,0,0,0,0,63.07,30,54.47,56.14,63.6,0,0
2026-08-24T17:35:21.452000+09:00,2026-08-24T08:35:21.452000+00:00,094623,2069.8,1,0,0,0,0,13421,494,13421,0,0,0,0,4651,-28608,10326,6,4480,0,129,0,0,0,0,0,0,0,0,0,31082107,2018,0.41,816.98,2886.75,0,51.8,98.8,68.1,39.9,56.8,517.2,95.7,602.9,145.1,149.3,1019,364327,4435,12.73,91.1,1490,2.72,1.21,26.8,39.1,65,16.73,12221744,72610,59.99,3427.45,0,1200,400,720,240,4200,7500,8500,102,1.5,6000,0,0,0,0,0,67.21,30,65.26,65.27,63.6,0,0
2026-08-24T17:36:21.559000+09:00,2026-08-24T08:36:21.559000+00:00,094623,1835.1,1,0,0,0,0,13421,499,13421,0,0,0,0,4651,-28608,10326,6,4992,0,129,0,0,0,0,0,0,0,0,0,31082107,2018,0.3,588.7,2423.78,0,52,99.6,67.9,39.9,57,524,86.9,610.5,153.8,159.4,1045.2,364327,4435,12.7,88.8,1500,2.8,1.12,23.5,35.6,65,13.41,12221747,72610,81.36,3427.45,0,1200,400,720,240,4200,7500,8500,102,1.5,6000,0,0,0,0,0,63.9,30,66.71,56.18,63.6,0,0
2026-08-24T17:37:21.667000+09:00,2026-08-24T08:37:21.667000+00:00,094623,1534.8,1,0,0,0,0,13421,500,13421,0,0,0,0,4651,-28608,10326,6,4992,0,129,0,0,0,0,0,0,0,0,0,31082107,2018,0.36,556.96,2091.74,0,51.6,96.2,68.1,39.8,56.8,521.5,87.5,601.2,143.8,147.6,1066,364328,4436,12.52,90,1490,2.81,1.05,21.3,33.5,65,11.7,12221749,72610,56.46,3427.45,0,1200,400,720,240,4200,7500,8500,102,1.5,6000,0,0,0,0,0,63.48,30,54.29,57.6,63.6,0,0
2026-08-24T17:38:21.758000+09:00,2026-08-24T08:38:21.758000+00:00,094623,2296.8,1,0,0,0,0,13421,493,13421,0,0,0,0,4651,-28608,10326,6,4480,0,129,0,0,0,0,0,0,0,0,0,31082107,2018,0.4,879.24,3176.06,0,51.5,98.7,68,39.9,56.4,517.6,89.3,604.7,144.4,148.3,1023.4,364328,4436,11.83,91.5,1490,2.72,1.19,28.6,40.7,65,20.73,12221752,72610,60.4,3427.45,0,1200,400,720,240,4200,7500,8500,102,1.5,6000,0,0,0,0,0,69.29,30,67.13,68.97,63.6,0,0
2026-08-24T17:39:21.867000+09:00,2026-08-24T08:39:21.867000+00:00,094623,1921.8,1,0,0,0,0,13421,500,13421,0,0,0,0,4651,-28608,10326,6,4992,528,129,0,0,0,0,0,0,0,0,0,31082107,2018,0.3,641.19,2562.94,0,51.6,99.6,67.8,39.7,56.7,521.8,87.2,613.1,153.8,159.2,1039.5,364328,4436,12.85,88.5,1500,2.81,1.12,23.5,34.5,65,12.55,12221755,72610,79.65,3427.46,0,1200,400,720,240,4200,7500,8500,102,1.5,6000,0,0,0,0,0,63.21,30,66.49,54.61,63.5,0,0
2026-08-24T17:40:21.956000+09:00,2026-08-24T08:40:21.956000+00:00,094623,1592.1,1,0,0,0,0,13421,494,13421,0,0,0,0,4651,-28608,10326,6,4992,0,129,0,0,0,0,0,0,0,0,0,31082107,2018,0.38,553.3,2145.45,0,51,96.2,68.1,39.7,56.6,523.2,90.2,604.5,144.8,149,1014,364328,4436,12.77,89.8,1490,2.78,1.13,22.7,36.2,65,11.17,12221757,72610,55.2,3427.46,0,1200,400,720,240,4200,7500,8500,102,1.5,6000,0,0,0,0,0,63.31,30,54.17,56.37,63.5,0,0
2026-08-24T17:41:22.062000+09:00,2026-08-24T08:41:22.062000+00:00,094623,2561.7,1,0,0,0,0,13421,493,13421,0,0,0,0,4651,-28608,10326,6,4480,0,129,0,0,0,0,0,0,0,0,0,31082107,2018,0.37,1072.12,3633.84,0,51,98.7,68,39.7,56.2,514.7,86.6,609.4,147.2,151.7,1011.3,364328,4436,12.76,92.5,1490,2.71,1.22,29.9,39.6,65,21.83,12221759,72610,63.15,3427.46,0,1200,400,720,240,4200,7500,8500,102,1.5,6000,0,0,0,0,0,70.02,30,67.89,73.01,63.5,0,0
2026-08-24T17:42:22.181000+09:00,2026-08-24T08:42:22.181000+00:00,094623,1695.9,1,0,0,0,0,13421,510,13421,0,0,0,0,4655,-28608,10326,6,4992,0,129,0,0,0,0,2,0,0,0,0,31082107,2018,0.28,596.03,2291.94,0,51.1,98.7,67.9,39.7,56.6,519.1,90.2,609.2,152.1,157.4,1018.4,364328,4436,12.73,87.8,1520,2.89,1.01,21.5,31.7,65,12.56,12221763,72610,76.61,3427.46,0,1200,400,720,240,4200,7500,8500,102,1.5,6000,0,0,0,0,0,62.86,30,63.4,51.65,63.5,0,0
2026-08-24T17:43:22.279000+09:00,2026-08-24T08:43:22.279000+00:00,094623,1606.8,1,0,0,0,0,13421,516,13421,0,0,0,0,4651,-28608,10326,6,4992,0,129,0,0,0,0,2,0,0,0,0,31082107,2018,0.39,582.6,2189.4,0,50.8,96.7,68,39.6,56.3,519.4,88.6,605.6,143.7,147.6,1014.3,364329,4437,12.91,90.3,1540,2.92,1.03,21.6,32.8,65,13.33,12221765,72610,53.15,3427.46,0,1200,400,720,240,4200,7500,8500,102,1.5,6000,0,0,0,0,0,63.24,30,55.35,57.94,63.5,0,0
2026-08-24T17:44:22.396000+09:00,2026-08-24T08:44:22.396000+00:00,094623,2683.8,1,0,0,0,0,13421,495,13421,0,0,0,0,4655,-28608,18518,6,4480,528,129,0,0,0,0,0,0,0,0,0,31082107,2018,0.34,1106.3,3790.09,0,51,98.3,67.9,39.5,55.9,517.4,91.6,609.2,146.4,150.9,1030.5,364329,4437,12.81,91.6,1490,2.74,1.18,30.7,40.1,65,23.83,12221767,72610,66.28,3427.46,0,1200,400,720,240,4200,7500,8500,102,1.5,6000,0,0,0,0,0,70.93,30,68.42,71.62,63.5,0,0
2026-08-24T17:45:22.536000+09:00,2026-08-24T08:45:22.536000+00:00,094623,1693.5,1,0,0,0,0,13421,490,13421,0,0,0,0,4651,-28608,10326,6,4992,0,129,0,0,0,0,0,0,0,0,0,31082107,2018,0.31,637.53,2331,0,51.4,98.5,67.6,39.4,56.4,522.1,87.5,606.7,150.8,156,1060.3,364329,4437,12.65,88.3,1470,2.77,1.1,22.4,34,65,11.45,12221770,72610,70.23,3427.46,0,1200,400,720,240,4200,7500,8500,102,1.5,6000,0,0,0,0,0,61.04,30,62.58,52.02,63.5,0,0
2026-08-24T17:46:22.632000+09:00,2026-08-24T08:46:22.632000+00:00,094623,1652.0,1,0,0,0,0,13421,490,13421,0,0,0,0,4651,-28608,10390,518,21376,0,129,0,0,0,0,0,0,0,0,0,31082107,2018,0.39,599.69,2251.66,0,51.1,96.7,67.9,39.4,56.3,522,98.4,603.6,145.1,149.4,1043,364329,4437,12.77,90.3,1470,2.75,1.1,22.4,34.5,65,10.99,12221772,72610,55.04,3427.46,0,1200,400,720,240,4200,7500,8500,102,1.5,6000,0,0,0,0,0,61.56,30,54.89,57.39,63.5,0,0
2026-08-24T17:47:22.736000+09:00,2026-08-24T08:47:22.736000+00:00,094623,2769.2,1,0,0,0,0,13422,495,13422,0,0,0,0,4655,-28608,8278,590,4480,8200,129,0,0,0,0,0,0,0,0,0,31082107,2018,0.34,1244.24,4013.49,0,51.3,98.6,68,39.4,56.1,516.2,92.6,609.6,151.2,156.3,1056.1,364329,4437,12.82,91.2,1500,2.74,1.17,31.1,39.1,65,24.9,12221775,72610,69.07,3427.46,0,1200,400,720,240,4200,7500,8500,102,1.5,6000,0,0,0,0,0,70.55,30,69.65,70.74,63.5,0,0
2026-08-24T17:48:22.864000+09:00,2026-08-24T08:48:22.864000+00:00,094623,1962.0,1,0,0,0,0,13422,441,13422,0,0,0,0,4651,-28608,10390,6,21376,0,129,0,0,0,0,0,0,0,0,0,31082107,2018,0.32,626.54,2588.58,0,51.5,97.6,68.2,39.3,56.5,524.7,88,611.5,148.3,153,1027,364329,4437,12.7,88.6,1320,2.54,1.76,26.8,38.3,65,11.28,12221778,72610,68.92,3427.47,0,1200,400,720,240,4200,7500,8500,102,1.5,6000,0,0,0,0,0,61.77,30,58.95,52.21,63.5,0,0
2026-08-24T17:49:22.950000+09:00,2026-08-24T08:49:22.950000+00:00,094623,1609.2,1,0,0,0,0,13422,490,13422,0,0,0,0,4651,-28608,18518,6,4992,528,129,0,0,0,0,0,0,0,0,0,31082107,2018,0.38,480.06,2089.3,0,51.2,97.4,68.2,39.4,56.2,524.2,91,604.6,142.4,146.2,1025.4,364330,4438,12.61,90.6,1410,2.76,1.69,24.4,38.9,65,11.27,12221780,72610,56.2,3427.47,0,1200,400,720,240,4200,7500,8500,102,1.5,6000,0,0,0,0,0,62.9,30,57.02,58.79,63.5,0,0
2026-08-24T17:50:23.051000+09:00,2026-08-24T08:50:23.051000+00:00,094623,2902.3,1,0,0,0,0,13422,500,13422,0,0,0,0,4651,-28608,10342,6,13188,0,129,0,0,0,0,0,0,0,0,0,31082107,2018,0.35,1136.81,4039.12,0,51.4,99,68,39.4,56,517.3,90.5,611.9,151.2,156.3,1047.7,364330,4438,12.69,90.3,1510,2.76,1.16,30.8,38.6,65,25.61,12221783,72610,70.03,3427.47,0,1200,400,720,240,4200,7500,8500,102,1.5,6000,0,0,0,0,0,71.21,30,71.06,68.66,63.5,0,0
2026-08-24T17:51:23.140000+09:00,2026-08-24T08:51:23.140000+00:00,094623,1644.6,1,0,0,0,0,13422,509,13422,0,0,0,0,4651,-28608,10326,6,4992,0,129,0,0,0,0,0,0,0,0,0,31082107,2018,0.34,736.41,2381.05,0,51.3,96.9,67.9,39.3,56.4,518.7,86.5,608.6,148.5,153.3,1025.1,364330,4438,12.7,88.5,1510,2.87,1.04,21.7,31.5,65,14.55,12221786,72610,63.73,3427.47,0,1200,400,720,240,4200,7500,8500,102,1.5,6000,0,0,0,0,0,62.24,30,57.6,52.62,63.4,0,0
2026-08-24T17:52:23.262000+09:00,2026-08-24T08:52:23.262000+00:00,094623,1611.7,1,0,0,0,0,13422,515,13422,0,0,0,0,4651,-28608,12374,518,5024,72,129,0,0,0,0,0,0,0,0,0,31082107,2018,0.4,699.79,2311.47,0,51.1,97.9,68.1,39.2,56.2,519.3,87.6,607.7,144.5,148.7,1011.1,364330,4438,12.75,90.5,1540,2.93,1.02,21.6,31.7,65,11.55,12221787,72610,56.97,3427.47,0,1200,400,720,240,4200,7500,8500,102,1.5,6000,0,0,0,0,0,62.95,30,58.88,58.57,63.5,0,0
2026-08-24T17:53:23.350000+09:00,2026-08-24T08:53:23.350000+00:00,094623,2636.2,1,0,0,0,0,13422,503,13422,0,0,0,0,4651,-28608,10326,518,4992,0,129,0,0,0,0,0,0,0,0,0,31082107,2018,0.35,1004.97,3641.16,0,51.1,99.1,68,39.2,56,520.2,84.2,614,152.7,158.2,1007.8,364330,4438,12.74,90,1520,2.79,1.13,29.3,38.9,65,24.96,12221791,72610,73.08,3427.47,0,1200,400,720,240,4200,7500,8500,102,1.5,6000,0,0,0,0,0,70.88,30,71.2,67.19,63.4,0,0
2026-08-24T17:54:23.443000+09:00,2026-08-24T08:54:23.443000+00:00,094623,1481.1,1,0,0,0,0,13422,498,13422,0,0,0,0,4651,-28608,18518,6,4992,528,129,0,0,0,0,0,0,0,0,0,31082107,2018,0.32,524,2005.07,0,51,96.5,67.9,39.1,56.1,524.8,84.2,605.4,145.2,149.4,991.7,364330,4438,12.65,88.8,1480,2.81,1.07,21.2,34.1,65,11.64,12221793,72610,63.41,3427.47,0,1200,400,720,240,4200,7500,8500,102,1.5,6000,0,0,0,0,0,62.04,30,55.96,53.1,63.4,0,0
2026-08-24T17:55:23.556000+09:00,2026-08-24T08:55:23.556000+00:00,094623,1682.5,1,0,0,0,0,13422,506,13422,0,0,0,0,4651,-28608,10326,6,4992,0,129,0,0,0,0,0,0,0,0,0,31082107,2018,0.39,668.05,2350.54,0,50.8,98.2,67.9,39.2,55.7,517.5,104.8,607,144.1,148,997.1,364331,4439,12.75,90.9,1510,2.88,1.03,21.8,31.8,65,12.11,12221795,72610,60.44,3427.47,0,1200,400,720,240,4200,7500,8500,102,1.5,6000,0,0,0,0,0,62.01,30,59.45,59.99,63.4,0,0
2026-08-24T17:56:23.652000+09:00,2026-08-24T08:56:23.652000+00:00,094623,2663.1,1,0,0,0,0,13422,504,13422,0,0,0,0,4651,-28608,10326,6,4992,0,129,0,0,0,0,0,0,0,0,0,31082107,2018,0.35,1183.2,3846.25,0,50.7,99.2,67.9,39.1,55.8,516,102,618.9,155.3,161,1024.2,364331,4439,12.76,89.4,1520,2.82,1.1,27.8,34.5,65,21.59,12221799,72610,74.35,3427.47,0,1200,400,720,240,4200,7500,8500,102,1.5,6000,0,0,0,0,0,67.85,30,69.37,63.11,63.4,0,0
2026-08-24T17:57:23.755000+09:00,2026-08-24T08:57:23.755000+00:00,094623,2045.0,1,0,0,0,0,13422,450,13422,0,0,0,0,4651,-28608,12374,6,5024,72,129,0,0,0,0,0,0,0,0,0,31082107,2018,0.34,732.75,2777.79,0,50.7,96.2,68.2,39,56,524.1,97.4,607.6,145.4,150.2,992.2,364331,4439,12.71,89.1,1400,2.52,1.37,26.7,37.7,65,10.16,12221801,72610,59.16,3427.48,0,1200,400,720,240,4200,7500,8500,102,1.5,6000,0,0,0,0,0,61.94,30,54.08,53.11,63.4,0,0
2026-08-24T17:58:23.839000+09:00,2026-08-24T08:58:23.839000+00:00,094623,1643.4,1,0,0,0,0,13422,496,13422,0,0,0,0,4651,-28608,10326,6,4480,0,129,0,0,0,0,0,0,0,0,0,31082107,2018,0.39,587.48,2230.9,0,50.5,98.3,68,39,55.6,522.8,92.3,606.6,142.2,146.1,1005.5,364331,4439,12.59,91.1,1490,2.81,1.15,23.2,36.6,65,11.53,12221803,72610,61.48,3427.48,0,1200,400,720,240,4200,7500,8500,102,1.5,6000,0,0,0,0,0,62.53,30,59.99,60.62,63.4,0,0
2026-08-24T17:59:24.012000+09:00,2026-08-24T08:59:24.012000+00:00,094623,2283.4,1,0,0,0,0,13422,501,13422,0,0,0,0,4651,-28608,18518,6,4992,528,129,0,0,0,0,0,0,0,0,0,31082107,2018,0.32,881.68,3165.07,0,50.7,99.6,67.7,39,55.5,522.7,91.3,615.5,154.1,159.8,1036,364331,4439,12.82,89.1,1510,2.81,1.11,26.2,35.8,65,18.85,12221806,72610,77.91,3427.48,0,1200,400,720,240,4200,7500,8500,102,1.5,6000,0,0,0,0,0,65.6,30,68.9,60.23,63.4,0,0
2026-08-24T18:00:24.068000+09:00,2026-08-24T09:00:24.068000+00:00,094623,1612.9,1,0,0,0,0,13422,507,13422,0,0,0,0,4651,-28608,10326,6,4992,0,129,0,0,0,0,0,0,0,0,0,31082107,2018,0.33,659.5,2272.41,0,50.7,96,67.9,38.9,55.7,519.5,88.2,607.1,146.3,150.7,1022.2,364331,4439,12.77,89.5,1510,2.88,1.04,21.6,32.3,65,11.75,12221809,72610,57.05,3427.48,0,1200,400,720,240,4200,7500,8500,102,1.5,6000,0,0,0,0,0,61.58,30,54.08,54.95,63.4,0,0
2026-08-24T18:01:24.164000+09:00,2026-08-24T09:01:24.164000+00:00,094623,1944.9,1,0,0,0,0,13422,493,13422,0,0,0,0,4651,-28608,10326,6,4480,0,129,0,0,0,0,0,0,0,0,0,31082107,2018,0.4,737.63,2682.58,0,50.7,98.5,68,38.9,55.6,518.1,96.3,605.9,145.6,150.1,1031.5,364332,4440,12.51,91.3,1490,2.78,1.19,25.5,37.4,65,14.01,12221811,72610,59.85,3427.48,0,1200,400,720,240,4200,7500,8500,102,1.5,6000,0,0,0,0,0,63.56,30,62.24,63.06,63.3,0,0
2026-08-24T18:02:24.261000+09:00,2026-08-24T09:02:24.261000+00:00,094623,2057.2,1,0,0,0,0,13422,501,13422,0,0,0,0,4651,-28608,12374,518,5024,72,129,0,0,0,0,0,0,0,0,0,31082107,2018,0.33,795.01,2852.26,0,51,99.5,67.9,38.8,55.9,522.6,93,611.8,156.4,162.3,1028.6,364332,4440,12.67,88.8,1510,2.85,1.11,24.5,34.4,65,15.52,12221814,72610,77.22,3427.48,0,1200,400,720,240,4200,7500,8500,102,1.5,6000,0,0,0,0,0,63.5,30,66.63,56.76,63.3,0,0
2026-08-24T18:03:24.372000+09:00,2026-08-24T09:03:24.372000+00:00,094623,2023.1,1,0,0,0,0,13422,441,13422,0,0,0,0,4651,-28608,10326,518,4992,0,129,0,0,0,0,0,0,0,0,0,31082107,2018,0.34,703.45,2726.52,0,50.8,96.4,68,38.7,56,522,88.7,604.2,146.9,151.3,1025.4,364332,4440,12.69,89.9,1310,2.55,1.79,27,37.4,65,10.8,12221816,72610,57.8,3427.48,0,1200,400,720,240,4200,7500,8500,102,1.5,6000,0,0,0,0,0,60.54,30,53.66,55.29,63.4,0,0
2026-08-24T18:04:24.459000+09:00,2026-08-24T09:04:24.459000+00:00,094623,2122.3,1,0,0,0,0,13422,494,13422,0,0,0,0,4651,-28608,18518,6,4480,528,129,0,0,0,0,0,0,0,0,0,31082107,2018,0.41,846.28,2968.54,0,50.9,98.3,68.1,38.7,55.6,516.6,85.5,604.5,145.7,149.9,1010.9,364332,4440,12.88,91.3,1490,2.77,1.2,27,38.9,65,17.2,12221818,72610,58.86,3427.48,0,1200,400,720,240,4200,7500,8500,102,1.5,6000,0,0,0,0,0,66.06,30,63.82,65.41,63.3,0,0
2026-08-24T18:05:24.554000+09:00,2026-08-24T09:05:24.554000+00:00,094623,1747.2,1,0,0,0,0,13422,499,13422,0,0,0,0,4651,-28608,10390,6,21376,0,129,0,0,0,0,0,0,0,0,0,31082107,2018,0.32,578.94,2326.12,0,51.4,99.5,67.9,38.6,56,525.1,85.4,614,153.9,159.5,1014.8,364332,4440,12.9,88.7,1500,2.84,1.13,23.2,36,65,13.12,12221822,72610,78.64,3427.48,0,1200,400,720,240,4200,7500,8500,102,1.5,6000,0,0,0,0,0,62.34,30,65.63,55.14,63.4,0,0
2026-08-24T18:06:24.667000+09:00,2026-08-24T09:06:24.667000+00:00,094623,1529.9,1,0,0,0,0,13422,490,13422,0,0,0,0,4651,-28608,10326,6,4992,0,129,0,0,0,0,0,0,0,0,0,31082107,2018,0.36,538.65,2068.54,0,51.1,96.6,68,38.6,55.8,523.1,92.9,605.7,143.6,147.5,1027.7,364332,4440,12.77,90.3,1470,2.79,1.1,21.8,34.9,65,11.45,12221824,72610,55.2,3427.49,0,1200,400,720,240,4200,7500,8500,102,1.5,6000,0,0,0,0,0,61.67,30,54.93,57.65,63.4,0,0
2026-08-24T18:07:24.768000+09:00,2026-08-24T09:07:24.768000+00:00,094623,2310.2,1,0,0,0,0,13422,494,13422,0,0,0,0,4655,-28608,12438,6,20896,72,129,0,0,0,0,0,0,0,0,0,31082107,2018,0.42,859.71,3169.96,0,50.9,98.4,67.9,38.6,55.5,517.5,89.3,607.5,144.6,148.7,1020.2,364333,4441,12.62,91.7,1490,2.76,1.19,28.5,40.4,65,20.65,12221826,72610,60.12,3427.49,0,1200,400,720,240,4200,7500,8500,102,1.5,6000,0,0,0,0,0,67.75,30,66.52,69.03,63.3,0,0
2026-08-24T18:08:24.868000+09:00,2026-08-24T09:08:24.868000+00:00,094623,1671.5,1,0,0,0,0,13422,500,13422,0,0,0,0,4655,-28608,10326,6,4992,0,129,0,0,0,0,0,0,0,0,0,31082107,2018,0.31,534.99,2206.49,0,51.1,99.1,67.8,38.6,55.7,527.9,84.6,614,150.7,155.9,1003.2,364333,4441,12.84,88.2,1510,2.84,1.13,23.1,37.2,65,13.06,12221829,72610,79.07,3427.49,0,1200,400,720,240,4200,7500,8500,102,1.5,6000,0,0,0,0,0,61.78,30,64.62,53.27,63.2,0,0
2026-08-24T18:09:24.981000+09:00,2026-08-24T09:09:24.981000+00:00,094623,1566.5,1,0,0,0,0,13422,490,13422,0,0,0,0,4651,-28608,18534,6,13188,528,129,0,0,0,0,0,0,0,0,0,31082107,2018,0.38,576.49,2143.01,0,50.6,96.9,68.1,38.6,55.5,523.6,86.4,605.7,142.6,146.2,1015.1,364333,4441,12.63,90.4,1470,2.79,1.1,22.1,34.8,65,11.22,12221832,72610,54.33,3427.49,0,1200,400,720,240,4200,7500,8500,102,1.5,6000,0,0,0,0,0,61.67,30,55.62,57.51,63.2,0,0
2026-08-24T18:10:25.096000+09:00,2026-08-24T09:10:25.096000+00:00,094623,2548.3,1,0,0,0,0,13422,492,13422,0,0,0,0,4651,-28608,10326,6,4480,0,129,0,0,0,0,0,0,0,0,0,31082107,2018,0.41,1122.17,3670.46,0,50.5,98.1,68.2,38.6,55.2,513.4,85.9,606.3,147.3,151.7,1027.8,364333,4441,12.74,92,1490,2.75,1.21,29.6,38.9,65,20.94,12221834,72610,62.4,3427.49,0,1200,400,720,240,4200,7500,8500,102,1.5,6000,0,0,0,0,0,68.55,30,65.54,70.08,63.2,0,0
2026-08-24T18:11:25.189000+09:00,2026-08-24T09:11:25.189000+00:00,094623,1736.2,1,0,0,0,0,13422,516,13422,0,0,0,0,4651,-28608,10326,6,4992,0,129,0,0,0,0,0,0,0,0,0,31082107,2018,0.33,777.92,2514.11,0,50.6,99.4,68,38.6,55.8,518,85,606.7,152.6,157.8,1025.9,364333,4441,12.57,88.1,1540,2.96,1.01,21.7,30.9,65,12.94,12221837,72610,77.18,3427.49,0,1200,400,720,240,4200,7500,8500,102,1.5,6000,0,0,0,0,0,62.16,30,65.48,52.16,63.2,0,0
2026-08-24T18:12:25.280000+09:00,2026-08-24T09:12:25.280000+00:00,094623,1720.3,1,0,0,0,0,13422,518,13422,0,0,0,0,4651,-28608,12374,6,5024,72,129,0,0,0,0,0,0,0,0,0,31082107,2018,0.37,762.05,2482.38,0,50.1,96.5,68.1,38.5,55.5,518,84.1,606.9,145.1,149.1,1034.2,364333,4441,12.76,90.3,1550,2.97,1.04,22.3,31.9,65,15.57,12221839,72610,55.7,3427.49,0,1200,400,720,240,4200,7500,8500,102,1.5,6000,0,0,0,0,0,62.99,30,55.36,58.24,63.2,0,0
2026-08-24T18:13:25.361000+09:00,2026-08-24T09:13:25.361000+00:00,094623,2565.4,1,0,0,0,0,13422,495,13422,0,0,0,0,4651,-28608,10326,6,4480,0,129,0,0,0,0,0,0,0,0,0,31082107,2018,0.39,1083.1,3648.49,0,49.9,98.3,67.9,38.4,55.2,517.3,85.4,610.9,149.2,153.6,1033.8,364334,4442,12.69,91.7,1490,2.75,1.17,30.1,40.1,65,24.87,12221842,72610,67.84,3427.49,0,1200,400,720,240,4200,7500,8500,102,1.5,6000,0,0,0,0,0,69.97,30,68.28,71.21,63.2,0,0
2026-08-24T18:14:25.463000+09:00,2026-08-24T09:14:25.463000+00:00,094623,1561.6,1,0,0,0,0,13422,511,13422,0,0,0,0,4651,-28608,18518,6,4992,16,129,0,0,0,0,0,0,0,0,0,31082107,2018,0.31,549.64,2111.27,0,50.1,98.6,67.8,38.3,55.4,522.6,96.4,608.7,148.9,153.7,1017.8,364334,4442,12.82,88.1,1520,2.94,1.02,21.2,33,65,13.62,12221845,72610,73.13,3427.49,0,1200,400,720,240,4200,7500,8500,102,1.5,6000,0,0,0,0,0,61.24,30,62.65,51.49,63.2,0,0
2026-08-24T18:15:25.569000+09:00,2026-08-24T09:15:25.569000+00:00,094623,1647.1,1,0,0,0,0,13422,516,13422,0,0,0,0,4655,-28608,10326,590,4992,8192,129,0,0,0,0,0,0,0,0,0,31082107,2018,0.38,693.69,2340.77,0,49.7,97,67.8,38.3,55,519.8,110.2,603.7,142.7,146.5,998.5,364334,4442,12.82,90.4,1550,2.96,1.04,21.8,32.5,65,14.7,12221847,72610,54.7,3427.5,0,1200,400,720,240,4200,7500,8500,102,1.5,6000,0,0,0,0,0,61.12,30,55.98,57.81,63.1,0,0
2026-08-24T18:16:25.653000+09:00,2026-08-24T09:16:25.653000+00:00,094623,2703.3,1,0,0,0,0,13422,495,13422,0,0,0,0,4655,-28608,10326,6,4480,0,129,0,0,0,0,0,0,0,0,0,31082107,2018,0.31,1124.61,3827.94,0,49.8,98.6,67.9,38.3,54.9,515.3,99,610.2,149.1,153.8,1002,364334,4442,12.85,91,1490,2.76,1.17,30.9,40.1,65,24.81,12221849,72610,69.11,3427.5,0,1200,400,720,240,4200,7500,8500,102,1.5,6000,0,0,0,0,0,69.27,30,69.11,69.6,63.1,0,0
2026-08-24T18:17:25.766000+09:00,2026-08-24T09:17:25.766000+00:00,094623,1725.2,1,0,0,0,0,13422,495,13422,0,0,0,0,4651,-28608,12374,6,5024,8,129,0,0,0,0,0,0,0,0,0,31082107,2018,0.31,669.27,2394.48,0,50,97.4,67.8,38.2,55.2,523,91.1,613.2,150.2,155.1,1015.7,364334,4442,12.12,88.1,1490,2.82,1.14,23.1,35.3,65,10.98,12221853,72610,74.66,3427.5,0,1200,400,720,240,4200,7500,8500,102,1.5,6000,0,0,0,0,0,60.13,30,58.4,50.68,63.1,0,0
2026-08-24T18:18:25.868000+09:00,2026-08-24T09:18:25.868000+00:00,094623,1695.9,1,0,0,0,0,13422,494,13422,0,0,0,0,4651,-28608,10326,6,4992,0,129,0,0,0,0,0,0,0,0,0,31082107,2018,0.39,697.35,2393.26,0,49.6,97.9,68,38.2,55.1,519.3,94.9,608.4,147.4,151.8,1039.7,364334,4442,12.88,91,1490,2.81,1.13,23.1,34.5,65,11.17,12221855,72610,54.73,3427.5,0,1200,400,720,240,4200,7500,8500,102,1.5,6000,0,0,0,0,0,60.56,30,58.13,59,63.1,0,0
2026-08-24T18:19:25.956000+09:00,2026-08-24T09:19:25.956000+00:00,094623,2772.9,1,0,0,0,0,13422,496,13422,0,0,0,0,4651,-28608,10326,6,4480,0,129,0,0,0,0,0,0,0,0,0,31082107,2018,0.33,1252.78,4025.7,0,49.8,98.5,68.1,38.2,55.1,514.8,98.9,611.8,153.8,159,1041.7,364335,4443,12.77,91.2,1500,2.78,1.16,31.1,38.9,65,25.51,12221857,72610,68.59,3427.5,0,1200,400,720,240,4200,7500,8500,102,1.5,6000,0,0,0,0,0,69.9,30,69.19,70.43,63.1,0,0
2026-08-24T18:20:26.069000+09:00,2026-08-24T09:20:26.069000+00:00,094623,2111.3,1,0,0,0,0,13422,472,13422,0,0,0,0,4655,-26560,10326,6,4993,0,129,0,0,0,0,0,0,0,0,0,31082107,2018,0.33,854.82,2966.09,0,50.2,97.2,68,38.2,55.5,523.5,93.6,607.6,148.9,153.7,1017.1,364335,4443,12.73,88.3,1540,2.73,1.18,26.2,36.4,65,11.07,12221860,72610,65.24,3427.5,0,1200,400,720,240,4200,7500,8500,102,1.5,6000,0,0,0,0,0,60.35,30,57.37,50.91,63,0,0
2026-08-24T18:21:26.170000+09:00,2026-08-24T09:21:26.170000+00:00,094623,2008.4,1,0,0,0,0,13422,434,13422,0,0,0,0,4655,-28608,10326,582,4992,0,129,0,0,0,0,0,0,0,0,0,31082107,2018,0.38,796.23,2804.65,0,50.2,97.4,68.1,38.3,55.1,524.3,93,601.6,141.8,145.5,1020.2,364335,4443,12.17,90.5,1370,2.5,1.48,27.3,38.5,65,11.28,12221862,72610,56.32,3427.5,0,1200,400,720,240,4200,7500,8500,102,1.5,6000,0,0,0,0,0,60.04,30,55.3,56.79,63,0,0
2026-08-24T18:22:26.266000+09:00,2026-08-24T09:22:26.266000+00:00,094623,2820.5,1,0,0,0,0,13422,500,13422,0,0,0,0,4651,-28608,12374,6,5024,8,129,0,0,0,0,0,0,0,0,0,31082107,2018,0.38,1206.4,4026.92,0,50.6,98.9,67.7,38.2,55,517.3,88.8,611.6,150.8,155.4,1020.8,364335,4443,12.86,90.5,1510,2.81,1.16,30.7,38.8,65,25.48,12221865,72610,69.07,3427.5,0,1200,400,720,240,4200,7500,8500,102,1.5,6000,0,0,0,0,0,68.27,30,69.91,68.18,63,0,0
2026-08-24T18:23:26.356000+09:00,2026-08-24T09:23:26.356000+00:00,094623,1622.7,1,0,0,0,0,13422,511,13422,0,0,0,0,4651,-28608,10326,6,4992,0,129,0,0,0,0,0,0,0,0,0,31082107,2018,0.35,655.84,2278.51,0,50.9,97,67.9,38.1,55.5,520.4,93.7,606.7,148,152.6,1031.9,364335,4443,12.85,88.5,1530,2.95,1.03,21.6,32.4,65,12.86,12221868,72610,60.81,3427.5,0,1200,400,720,240,4200,7500,8500,102,1.5,6000,0,0,0,0,0,60.13,30,57.12,51.85,63,0,0
2026-08-24T18:24:26.481000+09:00,2026-08-24T09:24:26.481000+00:00,094623,1749.6,1,0,0,0,0,13422,517,13422,0,0,0,0,4651,-28608,10390,6,21376,0,129,0,0,0,0,0,0,0,0,0,31082107,2018,0.4,683.92,2433.55,0,50.7,98.3,68.1,38.1,55.4,517.1,93,604.8,145.9,150.1,1014.7,364335,4443,12.77,90.7,1550,3,1.03,22.1,31.6,65,14.09,12221870,72610,56.21,3427.5,0,1200,400,720,240,4200,7500,8500,102,1.5,6000,0,0,0,0,0,60.91,30,59.65,58.85,63,0,0
2026-08-24T18:25:26.575000+09:00,2026-08-24T09:25:26.575000+00:00,094623,2602.0,1,0,0,0,0,13422,503,13422,0,0,0,0,4655,-28608,10326,6,4992,0,129,0,0,0,0,0,0,0,0,0,31082107,2018,0.37,1084.32,3686.33,0,50.9,99,68.2,38.1,55.4,518.8,89.6,613.3,154.5,160,1012.5,364336,4444,12.44,89.9,1520,2.84,1.12,28.9,38,65,24.57,12221873,72610,70.62,3427.5,0,1200,400,720,240,4200,7500,8500,102,1.5,6000,0,0,0,0,0,68.95,30,69.99,65.26,63,0,0
2026-08-24T18:26:26.672000+09:00,2026-08-24T09:26:26.672000+00:00,094623,1694.7,1,0,0,0,0,13422,489,13422,0,0,0,0,4655,-28608,10342,6,13188,0,129,0,0,0,0,0,0,0,0,0,31082107,2018,0.34,620.44,2315.13,0,51,96.8,68.2,38.1,55.7,521.9,87.3,605.8,149.8,154.4,1004.7,364336,4444,12.67,89.4,1470,2.8,1.11,22.7,34.2,65,11.04,12221876,72610,60.84,3427.51,0,1200,400,720,240,4200,7500,8500,102,1.5,6000,0,0,0,0,0,61.37,30,56.26,54.57,63,0,0
2026-08-24T18:27:26.780000+09:00,2026-08-24T09:27:26.780000+00:00,094623,1603.1,1,0,0,0,0,13422,490,13422,0,0,0,0,4651,-28608,8278,6,4992,0,129,0,0,0,0,0,0,0,0,0,31082107,2018,0.4,613.12,2216.25,0,50.9,98.2,68.4,38.1,55.6,519.8,87,603.4,147.2,151.2,1045.4,364336,4444,12.86,90.6,1480,2.8,1.1,22.6,34.6,65,11,12221878,72610,59.04,3427.51,0,1200,400,720,240,4200,7500,8500,102,1.5,6000,0,0,0,0,0,62.38,30,59.33,58.4,62.9,0,0
2026-08-24T18:28:26.866000+09:00,2026-08-24T09:28:26.866000+00:00,094623,2549.5,1,0,0,0,0,13422,502,13422,0,0,0,0,4651,-28608,10326,6,4992,0,129,0,0,0,0,0,0,0,0,0,31082107,2018,0.37,1062.35,3611.87,0,51.1,99.2,68.1,38.1,55.6,517.8,92.4,611.6,158.4,163.9,1037.5,364336,4444,12.73,89.9,1510,2.84,1.1,27.4,34.9,65,21.18,12221881,72610,72.3,3427.51,0,1200,400,720,240,4200,7500,8500,102,1.5,6000,0,0,0,0,0,67.79,30,68.9,63.7,62.9,0,0
2026-08-24T18:29:26.966000+09:00,2026-08-24T09:29:26.966000+00:00,094623,2117.4,1,0,0,0,0,13422,498,13422,0,0,0,0,4651,-28608,10326,6,4992,0,129,0,0,0,0,0,0,0,0,0,31082107,2018,0.33,915.86,3033.23,0,51.2,96.6,68.1,38,56,521.6,89.1,602.5,149,153.5,1023.8,364336,4444,12.3,89.5,1540,2.74,1.18,26.1,35.8,65,10.2,12221883,72610,62.65,3427.51,0,1200,400,720,240,4200,7500,8500,102,1.5,6000,0,0,0,0,0,62.15,30,56.1,55.42,62.9,0,0
2026-08-24T18:30:27.057000+09:00,2026-08-24T09:30:27.057000+00:00,094623,1641.0,1,0,0,0,0,13422,495,13422,0,0,0,0,4651,-28608,10326,6,4480,0,129,0,0,0,0,0,0,0,0,0,31082107,2018,0.39,572.83,2213.81,0,51.1,98,68,38,55.6,523.2,89.1,599.6,144.6,148.3,1007.7,364336,4444,12.59,90.5,1490,2.82,1.15,23.3,37,65,11.78,12221885,72610,57.41,3427.51,0,1200,400,720,240,4200,7500,8500,102,1.5,6000,0,0,0,0,0,62.39,30,59.2,58.86,62.9,0,0
2026-08-24T18:31:27.158000+09:00,2026-08-24T09:31:27.158000+00:00,094623,2342.0,1,0,0,0,0,13422,502,13422,0,0,0,0,4651,-28608,10326,6,4992,0,129,0,0,0,0,0,0,0,0,0,31082107,2018,0.35,885.34,3227.33,0,51.4,99.6,67.8,38,55.7,520.9,88.4,609.8,157.7,163.3,1061.7,364337,4445,12.76,89.3,1510,2.84,1.09,26,34.9,65,19.12,12221889,72610,75.13,3427.51,0,1200,400,720,240,4200,7500,8500,102,1.5,6000,0,0,0,0,0,65.49,30,68.79,60.39,62.9,0,0
2026-08-24T18:32:27.237000+09:00,2026-08-24T09:32:27.237000+00:00,094623,1603.1,1,0,0,0,0,13422,494,13422,0,0,0,0,4651,-28608,18518,6,4992,528,129,0,0,0,0,0,0,0,0,0,31082107,2018,0.33,607.01,2210.15,0,51.3,96.2,68,37.9,55.9,521.3,88.1,600.4,148,152.3,1040.2,364337,4445,12.71,89.6,1480,2.83,1.07,21.8,33.5,65,11.56,12221891,72610,60.16,3427.51,0,1200,400,720,240,4200,7500,8500,102,1.5,6000,0,0,0,0,0,61.65,30,54.61,55.15,62.9,0,0
2026-08-24T18:33:27.340000+09:00,2026-08-24T09:33:27.340000+00:00,094623,1921.8,1,0,0,0,0,13422,493,13422,0,0,0,0,4651,-28608,10326,6,4480,0,129,0,0,0,0,0,0,0,0,0,31082107,2018,0.41,741.29,2663.04,0,51.2,98.5,68.1,37.9,55.7,518.5,89.8,601.6,147.5,151.6,1033.6,364337,4445,12.59,90.8,1490,2.79,1.18,25.4,37.5,65,13.92,12221893,72610,60.88,3427.51,0,1200,400,720,240,4200,7500,8500,102,1.5,6000,0,0,0,0,0,64,30,62.6,61.31,62.8,0,0
2026-08-24T18:34:27.433000+09:00,2026-08-24T09:34:27.433000+00:00,094623,2113.7,1,0,0,0,0,13422,502,13422,0,0,0,0,4651,-28608,10326,6,4992,0,129,0,0,0,0,0,0,0,0,0,31082107,2018,0.34,744.96,2858.67,0,51.4,99.7,67.9,38,56,522.6,99.1,612.4,158.9,164.7,1032.2,364337,4445,12.8,89.2,1510,2.86,1.1,24.5,34.3,65,15.22,12221896,72610,78.4,3427.51,0,1200,400,720,240,4200,7500,8500,102,1.5,6000,0,0,0,0,0,63.56,30,67.32,57.7,62.8,0,0
2026-08-24T18:35:27.544000+09:00,2026-08-24T09:35:27.544000+00:00,094623,1968.1,1,0,0,0,0,13422,436,13422,0,0,0,0,4651,-28608,10326,6,4992,0,129,0,0,0,0,0,0,0,0,0,31082107,2018,0.33,627.77,2595.9,0,51.2,96.1,68.1,38,56,523.3,96.8,602.1,148,152.5,1023.4,364337,4445,12.76,90,1300,2.55,1.79,27,38.8,65,10.92,12221898,72610,60.25,3427.52,0,1200,400,720,240,4200,7500,8500,102,1.5,6000,0,0,0,0,0,61,30,53.55,55.71,62.8,0,0
2026-08-24T18:36:27.628000+09:00,2026-08-24T09:36:27.628000+00:00,094623,2063.3,1,0,0,0,0,13422,494,13422,0,0,0,0,4651,-28608,10326,6,4480,0,129,0,0,0,0,0,0,0,0,0,31082107,2018,0.41,792.57,2855.92,0,51.1,98.4,68.1,38,55.6,518.5,94.4,603.2,145.6,149.6,996,364337,4445,12.41,91.2,1490,2.77,1.19,26.8,39.5,65,17.83,12221901,72610,59.16,3427.52,0,1200,400,720,240,4200,7500,8500,102,1.5,6000,0,0,0,0,0,66.53,30,64.57,64.98,62.8,0,0
2026-08-24T18:37:27.726000+09:00,2026-08-24T09:37:27.726000+00:00,094623,1854.6,1,0,0,0,0,13422,500,13422,0,0,0,0,4651,-28608,18518,6,4992,528,129,0,0,0,0,0,0,0,0,0,31082107,2018,0.32,621.66,2476.27,0,51.4,99.7,67.7,37.9,55.9,524.7,96.2,611.3,155.3,160.8,1015,364338,4446,12.65,88.5,1510,2.85,1.12,23.6,35.8,65,13.62,12221904,72610,79.57,3427.52,0,1200,400,720,240,4200,7500,8500,102,1.5,6000,0,0,0,0,0,62.35,30,66.84,54.64,62.8,0,0
2026-08-24T18:38:27.831000+09:00,2026-08-24T09:38:27.831000+00:00,094623,1581.2,1,0,0,0,0,13422,518,13422,0,0,0,0,4651,-28608,10326,518,4992,0,129,0,0,0,0,0,0,0,0,0,31082107,2018,0.37,600.91,2182.07,0,51.2,96.3,68.1,38,55.7,521.4,96.6,601.5,144.1,147.9,1008.1,364338,4446,12.77,90.4,1550,2.98,1.03,21.7,33.7,65,16.2,12221906,72610,54.69,3427.52,0,1200,400,720,240,4200,7500,8500,102,1.5,6000,0,0,0,0,0,63.15,30,55.5,58.4,62.8,0,0
2026-08-24T18:39:27.934000+09:00,2026-08-24T09:39:27.934000+00:00,094623,2310.2,1,0,0,0,0,13422,493,13422,0,0,0,0,4655,-28608,10326,526,4480,8192,129,0,0,0,0,0,0,0,0,0,31082107,2018,0.4,961.03,3271.28,0,51.1,98.5,68,37.9,55.3,516.8,91.8,603.3,145.2,149.1,1021.5,364338,4446,12.39,91.8,1490,2.76,1.21,28.3,39.6,65,19.48,12221908,72610,59.84,3427.52,0,1200,400,720,240,4200,7500,8500,102,1.5,6000,0,0,0,0,0,67.68,30,65.94,68.63,62.8,0,0
2026-08-24T18:40:28.033000+09:00,2026-08-24T09:40:28.033000+00:00,094623,1840.0,1,0,0,0,0,13422,491,13422,0,0,0,0,4655,-28608,8278,6,4992,8,129,0,0,0,0,0,0,0,0,0,31082107,2018,0.31,569.17,2409.13,0,51.4,99.4,67.8,37.9,55.8,521.7,89.3,611.8,154.4,159.9,1011.9,364338,4446,12.76,88.1,1390,2.8,1.78,25,37.3,65,12.49,12221912,72610,76.03,3427.52,0,1200,400,720,240,4200,7500,8500,102,1.5,6000,0,0,0,0,0,61.77,30,65.29,52.42,62.7,0,0
2026-08-24T18:41:28.130000+09:00,2026-08-24T09:41:28.130000+00:00,094623,1529.9,1,0,0,0,0,13422,496,13422,0,0,0,0,4655,-26560,10326,14,4992,8192,129,0,0,0,0,0,0,0,0,0,31082107,2018,0.38,321.36,1851.25,0,51.1,96.6,68.2,37.8,55.7,524.4,89.9,603.4,144.9,148.8,1017.5,364338,4446,12.64,90.3,1490,2.82,0.94,22.8,38,65,11.38,12221914,72610,53.81,3427.52,0,1200,400,720,240,4200,7500,8500,102,1.5,6000,0,0,0,0,0,62.65,30,55.05,57.09,62.7,0,0
2026-08-24T18:42:28.230000+09:00,2026-08-24T09:42:28.230000+00:00,094623,2669.2,1,0,0,0,0,13422,495,13422,0,0,0,0,4651,-28608,18518,6,4480,528,129,0,0,0,0,0,0,0,0,0,31082107,2018,0.38,1077,3746.15,0,51.1,98.4,68,37.9,55.3,515.8,87.9,594.2,147.7,151.7,1045.3,364338,4446,12.73,92.3,1490,2.76,1.2,30.4,39.9,65,23.37,12221916,72610,60.89,3427.52,0,1200,400,720,240,4200,7500,8500,102,1.5,6000,0,0,0,0,0,69.97,30,68.09,72.27,62.7,0,0
2026-08-24T18:43:28.392000+09:00,2026-08-24T09:43:28.392000+00:00,094623,1757.0,1,0,0,0,0,13422,498,13422,0,0,0,0,4655,-28608,10390,6,21376,0,129,0,0,0,0,0,0,0,0,0,31082107,2018,0.31,672.93,2429.88,0,51.4,98.7,67.8,37.8,55.9,518.8,91.4,601.9,154.1,159.2,1026.3,364339,4447,12.81,88.3,1480,2.84,1.05,21.9,31.5,65,11.4,12221919,72610,75.85,3427.52,0,1200,400,720,240,4200,7500,8500,102,1.5,6000,0,0,0,0,0,61.47,30,63.1,52.51,62.7,0,0
2026-08-24T18:44:28.440000+09:00,2026-08-24T09:44:28.440000+00:00,094623,1589.7,1,0,0,0,0,13422,504,13422,0,0,0,0,4651,-28608,10326,6,4992,0,129,0,0,0,0,0,0,0,0,0,31082107,2018,0.37,638.75,2228.46,0,50.8,97.3,68.2,37.8,55.8,518,90.3,600.8,148.1,152.4,1019.5,364339,4447,12.74,90.7,1490,2.88,1.05,21.6,32.6,65,11.86,12221921,72610,55.76,3427.53,0,1200,400,720,240,4200,7500,8500,102,1.5,6000,0,0,0,0,0,62.81,30,57.33,58.76,62.7,0,0
2026-08-24T18:45:28.534000+09:00,2026-08-24T09:45:28.534000+00:00,094623,2722.9,1,0,0,0,0,13422,496,13422,0,0,0,0,4655,-28608,12390,6,12708,72,129,0,0,0,0,0,0,0,0,0,31082107,2018,0.35,1106.3,3829.16,0,50.4,98.1,68.1,37.7,55.5,514.8,86.7,609.9,153.7,158.8,1014.4,364339,4447,12.74,91.1,1500,2.76,1.16,30.5,39.2,65,25.12,12221924,72610,64.61,3427.53,0,1200,400,720,240,4200,7500,8500,102,1.5,6000,0,0,0,0,0,71.44,30,68.39,70.02,62.7,0,0
2026-08-24T18:46:28.648000+09:00,2026-08-24T09:46:28.648000+00:00,094623,1587.3,1,0,0,0,0,13422,491,13422,0,0,0,0,4651,-28608,10326,6,4992,0,129,0,0,0,0,0,0,0,0,0,31082107,2018,0.31,459.3,2046.57,0,50.4,98.1,68,37.7,55.6,525,86.1,607.2,149.7,154.4,1003.4,364339,4447,12.45,88.6,1400,2.79,1.7,24.5,39.3,65,11.41,12221927,72610,72.46,3427.53,0,1200,400,720,240,4200,7500,8500,102,1.5,6000,0,0,0,0,0,62.35,30,61.29,52.7,62.6,0,0
2026-08-24T18:47:28.761000+09:00,2026-08-24T09:47:28.761000+00:00,094623,1609.2,1,0,0,0,0,13422,496,13422,0,0,0,0,4651,-28608,18518,6,4992,528,129,0,0,0,0,0,0,0,0,0,31082107,2018,0.37,480.06,2089.3,0,50,97.1,67.9,37.7,55.1,522.3,93.8,602.6,144.8,148.6,1007.2,364339,4447,12.75,89.9,1440,2.84,1.55,23.9,37.8,65,11.09,12221929,72610,57.69,3427.53,0,1200,400,720,240,4200,7500,8500,102,1.5,6000,0,0,0,0,0,62.17,30,56.14,56.14,62.6,0,0
2026-08-24T18:48:28.868000+09:00,2026-08-24T09:48:28.868000+00:00,094623,2667.9,1,0,0,0,0,13422,499,13422,0,0,0,0,4651,-28608,10326,6,4992,0,129,0,0,0,0,0,0,0,0,0,31082107,2018,0.34,1072.12,3740.04,0,50,98.5,67.7,37.7,54.9,518.2,90,612.4,153.3,158.3,1049,364339,4447,12.81,91.1,1510,2.8,1.15,30.2,39.6,65,26.06,12221932,72610,73.27,3427.53,0,1200,400,720,240,4200,7500,8500,102,1.5,6000,0,0,0,0,0,70.09,30,69.51,70.42,62.6,0,0
2026-08-24T18:49:28.962000+09:00,2026-08-24T09:49:28.962000+00:00,094623,1623.9,1,0,0,0,0,13422,518,13422,0,0,0,0,4655,-28608,10326,6,4992,0,129,0,0,0,0,0,0,0,0,0,31082107,2018,0.31,638.75,2262.64,0,50.2,97.3,67.7,37.6,55.1,523.9,92.8,604.4,145.7,149.7,1021.7,364340,4448,12.8,88.2,1560,3,1.05,22.1,34.2,65,15.03,12221935,72610,67.08,3427.53,0,1200,400,720,240,4200,7500,8500,102,1.5,6000,0,0,0,0,0,61.77,30,59.45,51.95,62.6,0,0
2026-08-24T18:50:29.054000+09:00,2026-08-24T09:50:29.054000+00:00,094623,1868.0,1,0,0,0,0,13422,521,13422,0,0,0,0,4651,-28608,12374,6,5024,72,129,0,0,0,0,0,0,0,0,0,31082107,2018,0.41,812.1,2680.14,0,49.9,97.9,67.5,37.6,54.7,519.4,89.6,601.1,142.4,145.8,1014.1,364340,4448,12.39,90.8,1570,2.99,1.07,23.6,33.5,65,17.46,12221937,72610,56.48,3427.53,0,1200,400,720,240,4200,7500,8500,102,1.5,6000,0,0,0,0,0,61.96,30,60.51,60.63,62.6,0,0
2026-08-24T18:51:29.173000+09:00,2026-08-24T09:51:29.173000+00:00,094623,2744.8,1,0,0,0,0,13422,504,13422,0,0,0,0,4651,-28608,10326,518,4992,0,129,0,0,0,0,0,0,0,0,0,31082107,2018,0.34,1225.93,3970.76,0,50,99,67.7,37.5,54.7,515.2,86.6,610,156.1,161.4,1041,364340,4448,12.71,90.2,1520,2.85,1.11,28.6,35.1,65,22.95,12221940,72610,76.16,3427.53,0,1200,400,720,240,4200,7500,8500,102,1.5,6000,0,0,0,0,0,66.24,30,68.86,65.53,62.5,0,0
2026-08-24T18:52:29.264000+09:00,2026-08-24T09:52:29.264000+00:00,094623,1520.1,1,0,0,0,0,13422,495,13422,0,0,0,0,4651,-28608,18518,6,4992,528,129,0,0,0,0,0,0,0,0,0,31082107,2018,0.31,416.58,1936.7,0,50.1,96.3,68.1,37.5,55.2,522.8,86.7,606.4,149,153.4,1060.1,364340,4448,12.9,88.5,1500,2.83,1.1,22.8,37,65,11.3,12221942,72610,57.2,3427.53,0,1200,400,720,240,4200,7500,8500,102,1.5,6000,0,0,0,0,0,60.69,30,55.14,51.41,62.6,0,0
2026-08-24T18:53:29.355000+09:00,2026-08-24T09:53:29.355000+00:00,094623,1694.7,1,0,0,0,0,13422,498,13422,0,0,0,0,4651,-28608,10326,6,4480,0,129,0,0,0,0,0,0,0,0,0,31082107,2018,0.38,703.45,2398.14,0,49.9,98.3,68.2,37.6,54.9,521.3,89.5,606.1,145.5,149.4,1096.2,364340,4448,12.44,91.2,1500,2.86,1.15,23.2,35.2,65,11.39,12221944,72610,56.8,3427.54,0,1200,400,720,240,4200,7500,8500,102,1.5,6000,0,0,0,0,0,61.17,30,59.36,59.81,62.5,0,0
2026-08-24T18:54:29.459000+09:00,2026-08-24T09:54:29.459000+00:00,094623,2227.2,1,0,0,0,0,13422,502,13422,0,0,0,0,4651,-28608,10326,6,4992,0,129,0,0,0,0,0,0,0,0,0,31082107,2018,0.34,837.73,3064.97,0,50.1,99.4,68,37.5,55,523.8,92.9,612.2,155.6,161.1,1024.1,364340,4448,12.27,89.3,1510,2.86,1.1,25.8,35.9,65,18.77,12221948,72610,78.6,3427.54,0,1200,400,720,240,4200,7500,8500,102,1.5,6000,0,0,0,0,0,65.01,30,67.64,59.84,62.5,0,0
2026-08-24T18:55:29.555000+09:00,2026-08-24T09:55:29.555000+00:00,094623,1509.1,1,0,0,0,0,13422,498,13422,0,0,0,0,4655,-28608,12374,6,5024,72,129,0,0,0,0,0,0,0,0,0,31082107,2018,0.34,547.2,2056.34,0,49.9,96.2,67.9,37.5,55,523.1,91.3,598.5,144.6,148.3,1011.4,364341,4449,12.73,89.6,1490,2.86,1.06,21.2,33.8,65,11.41,12221950,72610,58.12,3427.54,0,1200,400,720,240,4200,7500,8500,102,1.5,6000,0,0,0,0,0,60.49,30,54.08,54.51,62.5,0,0
2026-08-24T18:56:29.644000+09:00,2026-08-24T09:56:29.644000+00:00,094623,1836.3,1,0,0,0,0,13422,494,13422,0,0,0,0,4651,-28608,10326,6,4480,0,129,0,0,0,0,0,0,0,0,0,31082107,2018,0.4,679.04,2515.33,0,49.7,98.5,67.8,37.6,54.5,521.5,89.2,598.1,142.6,146.4,1022.6,364341,4449,12.86,91.1,1490,2.82,1.19,25,38.4,65,14.24,12221952,72610,60.1,3427.54,0,1200,400,720,240,4200,7500,8500,102,1.5,6000,0,0,0,0,0,61.96,30,61.87,61.9,62.5,0,0
2026-08-24T18:57:29.740000+09:00,2026-08-24T09:57:29.740000+00:00,094623,2127.1,1,0,0,0,0,13422,502,13422,0,0,0,0,4655,-28608,18518,6,4992,528,129,0,0,0,0,0,0,0,0,0,31082107,2018,0.31,809.66,2936.8,0,49.9,99.5,67.8,37.6,54.8,522.5,89.4,608.6,155.8,161.5,1033.1,364341,4449,12.69,88.7,1510,2.88,1.11,24.7,34.2,65,16,12221955,72610,79.97,3427.54,0,1200,400,720,240,4200,7500,8500,102,1.5,6000,0,0,0,0,0,61.99,30,66.16,56.1,62.4,0,0
2026-08-24T18:58:29.857000+09:00,2026-08-24T09:58:29.857000+00:00,094623,1611.7,1,0,0,0,0,13422,492,13422,0,0,0,0,4655,-28608,10326,590,4992,8192,129,0,0,0,0,0,0,0,0,0,31082107,2018,0.34,461.74,2073.43,0,49.7,96.1,68.2,37.6,54.9,523.6,91.7,602.5,146,150.1,1020.3,364341,4449,12.55,89.8,1420,2.82,1.61,23.9,38.3,65,11.38,12221957,72610,56.3,3427.54,0,1200,400,720,240,4200,7500,8500,102,1.5,6000,0,0,0,0,0,60.77,30,53.26,54.87,62.4,0,0
2026-08-24T18:59:29.945000+09:00,2026-08-24T09:59:29.945000+00:00,094623,2133.2,1,0,0,0,0,13422,494,13422,0,0,0,0,4651,-28608,10326,6,4480,0,129,0,0,0,0,0,0,0,0,0,31082107,2018,0.38,843.84,2977.08,0,49.7,98.6,68.2,37.6,54.6,517.8,85.9,603,144.2,148.1,1039,364341,4449,12.75,91.4,1490,2.79,1.21,26.8,38.7,65,16.84,12221959,72610,63.2,3427.54,0,1200,400,720,240,4200,7500,8500,102,1.5,6000,0,0,0,0,0,65.08,30,64.1,65.01,62.4,0,0
2026-08-24T19:00:30.051000+09:00,2026-08-24T10:00:30.051000+00:00,094623,1923.0,1,0,0,0,0,13422,500,13422,0,0,0,0,4655,-26560,12438,14,21408,8264,129,0,0,0,0,0,0,0,0,0,31082107,2018,0.32,632.65,2555.62,0,50,99.4,67.8,37.5,54.9,522.5,89.1,609.1,154.5,160.1,1032.4,364341,4449,12.82,88.5,1500,2.88,1.12,23.5,34.6,65,12.84,12221963,72610,79.12,3427.54,0,1200,400,720,240,4200,7500,8500,102,1.5,6000,0,0,0,0,0,60.89,30,64.84,53.6,62.4,0,0
2026-08-24T19:01:30.151000+09:00,2026-08-24T10:01:30.151000+00:00,094623,1565.3,1,0,0,0,0,13422,491,13422,0,0,0,0,4651,-28608,10326,6,4992,0,129,0,0,0,0,0,0,0,0,0,31082107,2018,0.36,524,2089.3,0,49.9,96.5,68,37.5,54.8,521.6,88.3,602.3,145,148.9,1034.9,364342,4450,12.92,90.7,1470,2.81,1.08,21.9,34.7,65,11.41,12221965,72610,54.71,3427.54,0,1200,400,720,240,4200,7500,8500,102,1.5,6000,0,0,0,0,0,60.26,30,54.02,57.69,62.4,0,0
2026-08-24T19:02:30.286000+09:00,2026-08-24T10:02:30.286000+00:00,094623,2361.5,1,0,0,0,0,13422,492,13422,0,0,0,0,4655,-28608,18582,6,20864,528,129,0,0,0,0,0,0,0,0,0,31082107,2018,0.38,890.22,3251.75,0,49.9,98.5,68,37.5,54.5,517,88.6,601.1,145,149,1040.3,364342,4450,12.5,91.9,1490,2.77,1.2,28.8,40.6,65,21.14,12221967,72610,63.03,3427.54,0,1200,400,720,240,4200,7500,8500,102,1.5,6000,0,0,0,0,0,66.85,30,66.24,69.52,62.4,0,0
2026-08-24T19:03:30.364000+09:00,2026-08-24T10:03:30.364000+00:00,094623,1572.6,1,0,0,0,0,13422,499,13422,0,0,0,0,4651,-28608,10326,6,4992,0,129,0,0,0,0,0,0,0,0,0,31082107,2018,0.31,229.8,1802.42,0,50.2,98.7,67.9,37.5,54.9,522.6,85.3,603.4,152.4,157.6,1031.4,364342,4450,12.59,88,1470,2.87,0.84,23.3,35.8,65,12.47,12221970,72610,78.13,3427.55,0,1200,400,720,240,4200,7500,8500,102,1.5,6000,0,0,0,0,0,60.54,30,62.5,51.56,62.4,0,0
2026-08-24T19:04:30.455000+09:00,2026-08-24T10:04:30.455000+00:00,094623,1675.2,1,0,0,0,0,13422,498,13422,0,0,0,0,4651,-28608,10342,6,13188,0,129,0,0,0,0,0,0,0,0,0,31082107,2018,0.38,609.45,2284.62,0,49.9,97.3,68,37.5,54.8,521.9,89.7,599,145.5,149.3,1027.7,364342,4450,12.87,90.9,1500,2.85,1.14,23,35.7,65,11.17,12221972,72610,53.99,3427.55,0,1200,400,720,240,4200,7500,8500,102,1.5,6000,0,0,0,0,0,60.23,30,56.42,58.66,62.3,0,0
2026-08-24T19:05:30.551000+09:00,2026-08-24T10:05:30.551000+00:00,094623,2630.1,1,0,0,0,0,13422,493,13422,0,0,0,0,4655,-28608,12374,6,4512,72,129,0,0,0,0,0,0,0,0,0,31082107,2018,0.38,1124.61,3754.69,0,50,98.2,68.2,37.5,54.6,513.1,85.6,606.6,149.4,153.7,1026.5,364342,4450,12.79,91.6,1490,2.78,1.19,30.3,39.8,65,22.7,12221975,72610,62.78,3427.55,0,1200,400,720,240,4200,7500,8500,102,1.5,6000,0,0,0,0,0,68.29,30,66.64,69.58,62.3,0,0
2026-08-24T19:06:30.665000+09:00,2026-08-24T10:06:30.665000+00:00,094623,1559.2,1,0,0,0,0,13422,497,13422,0,0,0,0,4651,-28608,10326,6,4992,0,129,0,0,0,0,0,0,0,0,0,31082107,2018,0.31,543.53,2102.73,0,50.3,98.8,68,37.5,55,523.1,85,604.2,149.8,154.4,1018.1,364342,4450,12.24,88,1480,2.85,1.05,21.4,33.6,65,12.75,12221978,72610,68.16,3427.55,0,1200,400,720,240,4200,7500,8500,102,1.5,6000,0,0,0,0,0,60.44,30,62.79,50.74,62.3,0,0
2026-08-24T19:07:30.759000+09:00,2026-08-24T10:07:30.759000+00:00,094623,1619.0,1,0,0,0,0,13422,498,13422,0,0,0,0,4651,-28608,18518,6,4992,528,129,0,0,0,0,0,0,0,0,0,31082107,2018,0.39,627.77,2246.77,0,50.1,97.2,68,37.4,54.8,519.5,84.1,600.8,145,148.8,1019.5,364343,4451,12.74,90.5,1480,2.86,1.06,21.7,32.8,65,11.54,12221980,72610,53.47,3427.55,0,1200,400,720,240,4200,7500,8500,102,1.5,6000,0,0,0,0,0,60.45,30,56.22,57.6,62.3,0,0
2026-08-24T19:08:30.860000+09:00,2026-08-24T10:08:30.860000+00:00,094623,2926.7,1,0,0,0,0,13422,496,13422,0,0,0,0,4651,-28608,10326,6,4480,0,129,0,0,0,0,0,0,0,0,0,31082107,2018,0.35,1286.96,4213.69,0,50.2,98.5,68,37.5,54.7,512.5,89.4,606.1,153.4,158.4,1029.7,364343,4451,12.73,91.3,1500,2.79,1.17,31.3,38.2,65,25.34,12221983,72610,65.28,3427.55,0,1200,400,720,240,4200,7500,8500,102,1.5,6000,0,0,0,0,0,69.1,30,69.09,70.35,62.2,0,0
2026-08-24T19:09:30.958000+09:00,2026-08-24T10:09:30.958000+00:00,094623,2082.0,1,0,0,0,0,13422,523,13422,0,0,0,0,4651,-26560,10326,6,4992,0,129,0,0,0,0,0,0,0,0,0,31082107,2018,0.33,904.87,2986.85,0,50.5,97.8,68.1,37.4,55.2,519.4,85.7,601.3,149.3,154.1,1016,364343,4451,12.55,88.6,1580,3,1.11,25.6,35.6,65,10.68,12221986,72610,63.49,3427.55,0,1200,400,720,240,4200,7500,8500,102,1.5,6000,0,0,0,0,0,64.7,30,63.97,56.17,62.2,0,0
2026-08-24T19:10:31.041000+09:00,2026-08-24T10:10:31.041000+00:00,094623,2196.7,1,0,0,0,0,13422,515,13422,0,0,0,0,4655,-28608,12374,6,5024,72,129,0,0,0,0,0,0,0,0,0,31082107,2018,0.38,948.82,3145.54,0,50.4,97.4,68.1,37.5,55,518.9,81.2,599.7,144.4,148.4,1048.3,364343,4451,12.79,90.2,1570,2.92,1.14,26.3,35.3,65,9.6,12221988,72610,55.11,3427.55,0,1200,400,720,240,4200,7500,8500,102,1.5,6000,0,0,0,0,0,62.08,30,57.93,58.09,62.2,0,0
2026-08-24T19:11:31.151000+09:00,2026-08-24T10:11:31.151000+00:00,094623,2748.5,1,0,0,0,0,13422,503,13422,0,0,0,0,4655,-28608,10326,582,4992,0,129,0,0,0,0,0,0,0,0,0,31082107,2018,0.37,1173.44,3921.93,0,50.4,99,68,37.4,55,514.7,80.9,609.1,155.5,160.7,1066.8,364343,4451,12.74,90.5,1520,2.85,1.13,29.2,36.7,65,24.24,12221991,72610,69.29,3427.55,0,1200,400,720,240,4200,7500,8500,102,1.5,6000,0,0,0,0,0,68.02,30,69.38,66.64,62.2,0,0
2026-08-24T19:12:31.252000+09:00,2026-08-24T10:12:31.252000+00:00,094623,1567.7,1,0,0,0,0,13422,495,13422,0,0,0,0,4651,-28608,18518,6,4992,528,129,0,0,0,0,0,0,0,0,0,31082107,2018,0.35,585.04,2152.78,0,50.6,96.9,68.3,37.4,55.3,523.8,82.3,601.2,147.6,151.7,1022.2,364343,4451,12.69,89.2,1490,2.85,1.13,22.5,36.2,65,11.1,12221993,72610,63.83,3427.56,0,1200,400,720,240,4200,7500,8500,102,1.5,6000,0,0,0,0,0,61.62,30,57.16,53.82,62.2,0,0
2026-08-24T19:13:31.358000+09:00,2026-08-24T10:13:31.358000+00:00,094623,1594.6,1,0,0,0,0,13422,495,13422,0,0,0,0,4651,-28608,10326,6,4992,0,129,0,0,0,0,0,0,0,0,0,31082107,2018,0.4,624.1,2218.7,0,50.4,98.1,68.2,37.4,54.9,523,81.6,597.6,142.8,146.3,1032.8,364344,4452,12.7,90.7,1490,2.84,1.13,22.6,35.8,65,11.23,12221995,72610,56.8,3427.56,0,1200,400,720,240,4200,7500,8500,102,1.5,6000,0,0,0,0,0,61.69,30,59.06,58.52,62.2,0,0
2026-08-24T19:14:31.460000+09:00,2026-08-24T10:14:31.460000+00:00,094623,2486.0,1,0,0,0,0,13422,501,13422,0,0,0,0,4651,-28608,10326,6,4992,0,129,0,0,0,0,0,0,0,0,0,31082107,2018,0.34,956.14,3442.18,0,50.7,99.1,67.9,37.3,54.9,519.8,84.4,609.6,155.3,160.6,1051.8,364344,4452,12.73,89.9,1510,2.85,1.11,26.9,35.2,65,19.8,12221998,72610,77.12,3427.56,0,1200,400,720,240,4200,7500,8500,102,1.5,6000,0,0,0,0,0,65.98,30,67.93,63.13,62.1,0,0
2026-08-24T19:15:31.556000+09:00,2026-08-24T10:15:31.556000+00:00,094623,1750.9,1,0,0,0,0,13422,519,13422,0,0,0,0,4651,-26560,12374,6,5024,72,129,0,0,0,0,0,0,0,0,0,31082107,2018,0.35,724.2,2475.05,0,50.6,96.5,68.1,37.3,55.2,519.4,88.6,601.7,146,149.9,1017.8,364344,4452,12.74,89.1,1560,2.99,1.05,22.8,33.5,65,15.76,12222001,72610,60.85,3427.56,0,1200,400,720,240,4200,7500,8500,102,1.5,6000,0,0,0,0,0,62.93,30,57.56,55.07,62.1,0,0
2026-08-24T19:16:31.679000+09:00,2026-08-24T10:16:31.679000+00:00,094623,1743.5,1,0,0,0,0,13422,492,13422,0,0,0,0,4651,-28608,10326,6,4480,0,129,0,0,0,0,0,0,0,0,0,31082107,2018,0.38,680.26,2423.78,0,50.5,98.2,68.1,37.3,54.9,521,84.2,600.6,143.4,147.3,1023.6,364344,4452,12.67,90.9,1480,2.81,1.18,24.2,37.6,65,12.61,12222003,72610,61.35,3427.56,0,1200,400,720,240,4200,7500,8500,102,1.5,6000,0,0,0,0,0,62.81,30,60.68,60.72,62.1,0,0
2026-08-24T19:17:31.773000+09:00,2026-08-24T10:17:31.773000+00:00,094623,2138.1,1,0,0,0,0,13422,502,13422,0,0,0,0,4651,-28608,18518,6,4992,16,129,0,0,0,0,0,0,0,0,0,31082107,2018,0.33,787.68,2925.81,0,50.7,99.4,67.9,37.3,55.1,523.7,78.6,608.1,155,160.2,1028.3,364344,4452,12.77,89.3,1510,2.87,1.1,25.1,35.4,65,17.5,12222006,72610,75.29,3427.56,0,1200,400,720,240,4200,7500,8500,102,1.5,6000,0,0,0,0,0,64.29,30,67.25,59.16,62.1,0,0
2026-08-24T19:18:31.883000+09:00,2026-08-24T10:18:31.883000+00:00,094623,1653.2,1,0,0,0,0,13422,493,13422,0,0,0,0,4655,-26560,10326,6,4993,0,129,0,0,0,0,0,0,0,0,0,31082107,2018,0.33,668.05,2321.24,0,50.7,96.1,68,37.3,55.2,521.2,92.4,602.9,146.6,150.6,1007.2,364344,4452,12.27,89.8,1490,2.83,1.14,23.1,35.4,65,11.11,12222008,72610,59.19,3427.56,0,1200,400,720,240,4200,7500,8500,102,1.5,6000,0,0,0,0,0,61.15,30,54.35,55.71,62.1,0,0
2026-08-24T19:19:31.979000+09:00,2026-08-24T10:19:31.979000+00:00,094623,1910.8,1,0,0,0,0,13422,494,13422,0,0,0,0,4651,-28608,10390,6,20864,0,129,0,0,0,0,0,0,0,0,0,31082107,2018,0.4,732.75,2643.51,0,50.6,98.3,68.1,37.3,55,518.4,92.1,602,144.4,148.4,1018.2,364345,4453,12.52,90.9,1490,2.8,1.18,25.8,39.2,65,15.14,12222010,72610,60.44,3427.56,0,1200,400,720,240,4200,7500,8500,102,1.5,6000,0,0,0,0,0,64.6,30,62.84,62.83,62,0,0
2026-08-24T19:20:32.084000+09:00,2026-08-24T10:20:32.084000+00:00,094623,2097.8,1,0,0,0,0,13422,501,13422,0,0,0,0,4651,-28608,12374,6,5024,72,129,0,0,0,0,0,0,0,0,0,31082107,2018,0.32,815.76,2913.6,0,50.9,99.3,67.8,37.2,55.2,525.3,83.6,607.3,155,160.3,1053.3,364345,4453,12.68,88.9,1510,2.87,1.12,25,35.3,65,16.89,12222014,72610,79.28,3427.56,0,1200,400,720,240,4200,7500,8500,102,1.5,6000,0,0,0,0,0,63.62,30,66.8,57.28,62,0,0
2026-08-24T19:21:32.192000+09:00,2026-08-24T10:21:32.192000+00:00,094623,1662.9,1,0,0,0,0,13422,496,13422,0,0,0,0,4655,-28608,10390,6,21376,0,129,0,0,0,0,0,0,0,0,0,31082107,2018,0.36,614.34,2277.29,0,50.8,96.6,67.9,37.1,55.2,523.4,87.1,601.7,147,151,1009.7,364345,4453,12.81,90.1,1490,2.85,1.14,22.9,35.3,65,11.19,12222016,72610,55.82,3427.57,0,1200,400,720,240,4200,7500,8500,102,1.5,6000,0,0,0,0,0,60.7,30,55.1,56.67,62,0,0
2026-08-24T19:22:32.285000+09:00,2026-08-24T10:22:32.285000+00:00,094623,2019.4,1,0,0,0,0,13422,494,13422,0,0,0,0,4651,-26560,18518,6,4480,16,129,0,0,0,0,0,0,0,0,0,31082107,2018,0.41,796.23,2815.64,0,50.7,98.2,68.1,37.1,55,518,85,600,145,148.9,1017.3,364345,4453,12.7,91.5,1490,2.81,1.17,26.1,38.5,65,15.24,12222018,72610,59.28,3427.57,0,1200,400,720,240,4200,7500,8500,102,1.5,6000,0,0,0,0,0,64.6,30,62.81,64.7,62,0,0
2026-08-24T19:23:32.376000+09:00,2026-08-24T10:23:32.376000+00:00,094623,1968.1,1,0,0,0,0,13422,500,13422,0,0,0,0,4655,-28608,10342,6,13188,0,129,0,0,0,0,0,0,0,0,0,31082107,2018,0.31,776.7,2744.83,0,51,99.8,68,37.2,55.3,524.1,82.2,608.1,154.9,160.1,1013,364345,4453,12.73,88.5,1510,2.86,1.12,24,34.6,65,14.22,12222022,72610,79.97,3427.57,0,1200,400,720,240,4200,7500,8500,102,1.5,6000,0,0,0,0,0,62.77,30,67.11,55.09,62,0,0
2026-08-24T19:24:32.461000+09:00,2026-08-24T10:24:32.461000+00:00,094623,1992.9,1,0,0,0,0,13422,522,13422,0,0,0,0,4651,-28608,10326,6,4992,0,129,0,0,0,0,0,0,0,0,0,31082107,2018,0.36,942.72,2935.58,0,50.8,96.2,68.1,37.2,55.3,518.4,83.9,601.2,145.8,149.8,1011.6,364345,4453,12.41,89.9,1570,2.99,1.09,24.5,33.5,65,13.65,12222024,72610,54.44,3427.57,0,1200,400,720,240,4200,7500,8500,102,1.5,6000,0,0,0,0,0,64.34,30,56.82,58.4,62,0,0
2026-08-24T19:25:32.551000+09:00,2026-08-24T10:25:32.551000+00:00,094623,2270.0,1,0,0,0,0,13422,493,13422,0,0,0,0,4651,-28608,12374,6,4512,72,129,0,0,0,0,0,0,0,0,0,31082107,2018,0.41,969.57,3239.54,0,50.7,98.3,68.1,37.2,55.1,515.4,83,602.8,147.4,151.3,1011.1,364346,4454,12.81,91.5,1490,2.79,1.2,27.8,38.5,65,18.46,12222026,72610,60.3,3427.57,0,1200,400,720,240,4200,7500,8500,102,1.5,6000,0,0,0,0,0,66.7,30,64.97,66.29,62,0,0
2026-08-24T19:26:32.659000+09:00,2026-08-24T10:26:32.659000+00:00,094623,1852.2,1,0,0,0,0,13422,500,13422,0,0,0,0,4651,-28608,10326,6,4992,0,129,0,0,0,0,0,0,0,0,0,31082107,2018,0.32,630.21,2482.38,0,51.1,99.7,68,37.1,55.4,522.6,96.3,608.7,153.2,158.3,1032.4,364346,4454,12.94,88.4,1510,2.89,1.13,23.4,35.3,65,12.02,12222029,72610,77.94,3427.57,0,1200,400,720,240,4200,7500,8500,102,1.5,6000,0,0,0,0,0,62.22,30,66.25,53.68,62,0,0
2026-08-24T19:27:32.763000+09:00,2026-08-24T10:27:32.763000+00:00,094623,1540.9,1,0,0,0,0,13422,496,13422,0,0,0,0,4651,-28608,18518,518,4992,16,129,0,0,0,0,0,0,0,0,0,31082107,2018,0.36,515.46,2056.34,0,50.8,96.3,68.1,37.2,55.3,524.9,89.1,600.3,142.7,146.3,992.9,364346,4454,12.63,89.7,1490,2.86,1.13,22.3,36.5,65,10.8,12222031,72610,54.53,3427.57,0,1200,400,720,240,4200,7500,8500,102,1.5,6000,0,0,0,0,0,61.95,30,54.37,55.37,61.9,0,0
2026-08-24T19:28:32.853000+09:00,2026-08-24T10:28:32.853000+00:00,094623,2379.8,1,0,0,0,0,13422,492,13422,0,0,0,0,4655,-28608,10326,6,4480,0,129,0,0,0,0,0,0,0,0,0,31082107,2018,0.4,997.65,3377.48,0,50.8,98.1,67.8,37.2,54.8,519.1,87.1,599.6,142.6,146.2,999.8,364346,4454,12.63,92.2,1490,2.76,1.21,29.4,41.5,65,22.02,12222034,72610,58.57,3427.57,0,1200,400,720,240,4200,7500,8500,102,1.5,6000,0,0,0,0,0,68.13,30,66.25,71.02,61.9,0,0
2026-08-24T19:29:32.947000+09:00,2026-08-24T10:29:32.947000+00:00,094623,2104.9,1,0,0,0,0,13422,457,13422,0,0,0,0,4651,-28608,10326,6,4992,0,129,0,0,0,0,0,0,0,0,0,31082107,2018,0.32,669.27,2774.13,0,51.1,100.1,67.8,37.2,55.1,522.8,81.9,605.4,150.9,156,1005.4,364346,4454,12.81,88,1310,2.62,1.85,27,37.8,65,12.38,12222037,72610,76.1,3427.57,0,1200,400,720,240,4200,7500,8500,102,1.5,6000,0,0,0,0,0,60.18,30,66.69,51.02,61.8,0,0
2026-08-24T19:30:33.046000+09:00,2026-08-24T10:30:33.046000+00:00,094623,1583.6,1,0,0,0,0,13422,498,13422,0,0,0,0,4651,-28608,12374,6,5024,8,129,0,0,0,0,0,0,0,0,0,31082107,2018,0.39,473.95,2057.56,0,50.8,96,68.1,37.2,55.1,523.4,82.8,599.1,143.6,147.3,1011.8,364346,4454,12.71,90.5,1460,2.85,1.42,23.5,37.5,65,11.01,12222039,72610,52.93,3427.57,0,1200,400,720,240,4200,7500,8500,102,1.5,6000,0,0,0,0,0,61.48,30,53.66,57.22,61.8,0,0
2026-08-24T19:31:33.140000+09:00,2026-08-24T10:31:33.140000+00:00,094623,2774.1,1,0,0,0,0,13422,496,13422,0,0,0,0,4655,-28608,10326,6,4480,0,129,0,0,0,0,0,0,0,0,0,31082107,2018,0.34,1238.14,4012.27,0,50.6,98.5,68,37.1,54.9,512.9,81.5,605.4,149,153.2,1027.1,364347,4455,12.52,92.2,1500,2.78,1.18,30.4,38.5,65,23.31,12222041,72610,62.22,3427.58,0,1200,400,720,240,4200,7500,8500,102,1.5,6000,0,0,0,0,0,68.86,30,68.34,71.86,61.8,0,0
2026-08-24T19:32:33.224000+09:00,2026-08-24T10:32:33.224000+00:00,094623,1737.4,1,0,0,0,0,13422,496,13422,0,0,0,0,4651,-28608,10326,6,4992,0,129,0,0,0,0,0,0,0,0,0,31082107,2018,0.3,613.12,2350.54,0,50.9,98.2,68.2,36.9,55.4,521.1,77.4,607.6,151.1,155.8,1014.8,364347,4455,12.65,88.2,1490,2.84,1.13,23,35,65,11.19,12222044,72610,71.39,3427.58,0,1200,400,720,240,4200,7500,8500,102,1.5,6000,0,0,0,0,0,61.86,30,61.35,51.51,61.8,0,0
2026-08-24T19:33:33.356000+09:00,2026-08-24T10:33:33.356000+00:00,094623,1698.4,1,0,0,0,0,13422,495,13422,0,0,0,0,4655,-28608,10326,6,4992,0,129,0,0,0,0,0,0,0,0,0,31082107,2018,0.38,654.62,2352.98,0,50.6,97.1,68.2,36.9,55.2,520.2,85.6,604,145.5,149.6,1022.1,364347,4455,12.82,90.9,1490,2.84,1.14,23.1,35.3,65,11.19,12222046,72610,55.04,3427.58,0,1200,400,720,240,4200,7500,8500,102,1.5,6000,0,0,0,0,0,62.21,30,56.22,58.87,61.8,0,0
2026-08-24T19:34:33.467000+09:00,2026-08-24T10:34:33.467000+00:00,094623,2807.1,1,0,0,0,0,13422,496,13422,0,0,0,0,4655,-26560,10326,6,4992,0,129,0,0,0,0,0,0,0,0,0,31082107,2018,0.36,1180.76,3987.85,0,50.7,98.8,68.1,36.9,55,514.6,80,607.9,152.4,157.2,1025.4,364347,4455,12.47,90.5,1500,2.77,1.16,30.8,39.2,65,24.9,12222049,72610,71.45,3427.58,0,1200,400,720,240,4200,7500,8500,102,1.5,6000,0,0,0,0,0,70.95,30,70.24,68.27,61.8,0,0
2026-08-24T19:35:33.571000+09:00,2026-08-24T10:35:33.571000+00:00,094623,1722.8,1,0,0,0,0,13422,518,13422,0,0,0,0,4651,-28608,12374,6,5024,8,129,0,0,0,0,0,0,0,0,0,31082107,2018,0.33,701.01,2423.78,0,50.9,97.1,67.8,36.9,55.3,519.7,80.6,603.3,147.5,151.7,1038.5,364347,4455,12.79,88.7,1550,3,1.04,22,32.5,65,15.76,12222052,72610,67.92,3427.58,0,1200,400,720,240,4200,7500,8500,102,1.5,6000,0,0,0,0,0,61.97,30,58.28,53.41,61.7,0,0
2026-08-24T19:36:33.697000+09:00,2026-08-24T10:36:33.697000+00:00,094623,1897.3,1,0,0,0,0,13422,520,13422,0,0,0,0,4651,-28608,10326,590,4992,8192,129,0,0,0,0,0,0,0,0,0,31082107,2018,0.39,813.32,2710.65,0,50.6,98.1,67.9,36.9,55,517.5,85.6,600.6,143,146.7,1027.7,364347,4455,12.77,90.4,1560,2.99,1.05,23.2,32.5,65,14.77,12222054,72610,55.31,3427.58,0,1200,400,720,240,4200,7500,8500,102,1.5,6000,0,0,0,0,0,62.92,30,60.55,59.19,61.7,0,0
2026-08-24T19:37:33.781000+09:00,2026-08-24T10:37:33.781000+00:00,094623,2669.1,1,0,0,0,0,13422,502,13422,0,0,0,0,4651,-28608,10326,6,4992,0,129,0,0,0,0,0,0,0,0,0,31082107,2018,0.36,1106.3,3775.44,0,50.8,98.8,67.8,36.9,55,516.4,78.9,610.8,153.6,158.4,1033.6,364348,4456,12.74,90.3,1510,2.84,1.11,27.8,35,65,21.93,12222057,72610,72.49,3427.58,0,1200,400,720,240,4200,7500,8500,102,1.5,6000,0,0,0,0,0,67.03,30,67.67,65.01,61.7,0,0
2026-08-24T19:38:33.875000+09:00,2026-08-24T10:38:33.875000+00:00,094623,2140.6,1,0,0,0,0,13422,445,13422,0,0,0,0,4655,-28608,10390,518,21376,0,129,0,0,0,0,0,0,0,0,0,31082107,2018,0.35,749.84,2890.41,0,50.9,97.2,68.1,36.9,55.3,521.7,90,605.4,146.4,150.6,1005.2,364348,4456,12.68,89.4,1330,2.52,1.6,27.3,37.3,65,10.71,12222059,72610,61.19,3427.58,0,1200,400,720,240,4200,7500,8500,102,1.5,6000,0,0,0,0,0,60.62,30,57.57,53.61,61.7,0,0
2026-08-24T19:39:33.986000+09:00,2026-08-24T10:39:33.986000+00:00,094623,1703.2,1,0,0,0,0,13422,498,13422,0,0,0,0,4651,-28608,10326,6,4480,0,129,0,0,0,0,0,0,0,0,0,31082107,2018,0.38,610.67,2313.91,0,50.7,97.8,68.3,36.9,55.1,520,84.9,603.5,143.9,147.8,1024.5,364348,4456,12.63,90.2,1490,2.85,1.14,23,35.5,65,11.4,12222061,72610,58.34,3427.58,0,1200,400,720,240,4200,7500,8500,102,1.5,6000,0,0,0,0,0,62.69,30,58.46,57.37,61.6,0,0
2026-08-24T19:40:34.099000+09:00,2026-08-24T10:40:34.099000+00:00,094623,2162.5,1,0,0,0,0,13422,502,13422,0,0,0,0,4655,-28608,12390,6,13188,0,129,0,0,0,0,0,0,0,0,0,31082107,2018,0.36,766.93,2929.47,0,50.9,99.4,68,36.9,55.2,521.9,80.6,612.3,153.7,159.1,1000.6,364348,4456,12.75,89.8,1510,2.88,1.1,25,35.1,65,16.58,12222065,72610,76.71,3427.59,0,1200,400,720,240,4200,7500,8500,102,1.5,6000,0,0,0,0,0,64.92,30,66.93,60.28,61.6,0,0
2026-08-24T19:41:34.185000+09:00,2026-08-24T10:41:34.185000+00:00,094623,1638.5,1,0,0,0,0,13422,495,13422,0,0,0,0,4651,-28608,10326,6,4992,0,129,0,0,0,0,0,0,0,0,0,31082107,2018,0.33,577.71,2216.25,0,50.9,96.3,68.1,36.9,55.2,521.7,78.1,606.6,144.4,148.3,1002.9,364348,4456,12.69,89.8,1490,2.84,1.14,22.8,35.8,65,11.26,12222067,72610,59.53,3427.59,0,1200,400,720,240,4200,7500,8500,102,1.5,6000,0,0,0,0,0,62.07,30,54.82,55.97,61.6,0,0
2026-08-24T19:42:34.302000+09:00,2026-08-24T10:42:34.302000+00:00,094623,2085.6,1,0,0,0,0,13422,495,13422,0,0,0,0,4655,-28608,10326,6,4480,0,129,0,0,0,0,0,0,0,0,0,31082107,2018,0.41,786.46,2872.1,0,50.7,98.3,68.1,36.9,55,516.5,95.6,606.4,143.6,147.5,1008.8,364348,4456,12.69,90.7,1490,2.81,1.18,26.4,38.4,65,16.28,12222069,72610,58.14,3427.59,0,1200,400,720,240,4200,7500,8500,102,1.5,6000,0,0,0,0,0,65.48,30,63.13,62.12,61.6,0,0
2026-08-24T19:43:34.400000+09:00,2026-08-24T10:43:34.400000+00:00,094623,1886.3,1,0,0,0,0,13422,499,13422,0,0,0,0,4651,-28608,10326,6,4992,0,129,0,0,0,0,0,0,0,0,0,31082107,2018,0.33,622.88,2509.23,0,51,99.5,67.9,36.8,55.2,522.1,88.3,613.7,151.8,156.8,1034,364349,4457,12.74,89.2,1500,2.88,1.13,23.6,35.4,65,13.22,12222072,72610,78.97,3427.59,0,1200,400,720,240,4200,7500,8500,102,1.5,6000,0,0,0,0,0,62.71,30,65.52,56.41,61.5,0,0
2026-08-24T19:44:34.545000+09:00,2026-08-24T10:44:34.545000+00:00,094623,1511.6,1,0,0,0,0,13422,501,13422,0,0,0,0,4655,-26560,10326,6,4992,0,129,0,0,0,0,0,0,0,0,0,31082107,2018,0.34,508.13,2019.71,0,50.7,96.3,68.1,36.9,55.1,521.6,93.4,605.6,141.6,144.9,1011,364349,4457,12.23,89.8,1490,2.88,1.05,21.2,34.2,65,10.95,12222074,72610,58.15,3427.59,0,1200,400,720,240,4200,7500,8500,102,1.5,6000,0,0,0,0,0,62.33,30,54.31,56.21,61.5,0,0
2026-08-24T19:45:34.643000+09:00,2026-08-24T10:45:34.643000+00:00,094623,2293.2,1,0,0,0,0,13422,493,13422,0,0,0,0,4651,-28608,10326,6,4480,528,129,0,0,0,0,0,0,0,0,0,31082107,2018,0.41,852.38,3145.54,0,50.6,98.1,67.8,36.9,54.7,517.5,85,606.3,141.7,145.3,1047.3,364349,4457,12.75,91.4,1490,2.78,1.19,28.2,40.7,65,20.16,12222077,72610,60.24,3427.59,0,1200,400,720,240,4200,7500,8500,102,1.5,6000,0,0,0,0,0,67.31,30,65.26,67.3,61.5,0,0
2026-08-24T19:46:34.730000+09:00,2026-08-24T10:46:34.730000+00:00,094623,1921.8,1,0,0,0,0,13422,499,13422,0,0,0,0,4651,-28608,10326,6,4992,0,129,0,0,0,0,0,0,0,0,0,31082107,2018,0.32,616.78,2538.53,0,50.9,99.7,67.8,36.9,55,522.7,83.2,612.5,150.6,155.5,1029.3,364349,4457,12.75,88.4,1510,2.87,1.13,23.6,35.3,65,12.81,12222080,72610,78.58,3427.59,0,1200,400,720,240,4200,7500,8500,102,1.5,6000,0,0,0,0,0,61.71,30,66.16,53.43,61.5,0,0
2026-08-24T19:47:34.835000+09:00,2026-08-24T10:47:34.835000+00:00,094623,1748.4,1,0,0,0,0,13422,492,13422,0,0,0,0,4651,-28608,10326,6,4992,0,129,0,0,0,0,0,0,0,0,0,31082107,2018,0.36,696.13,2444.53,0,50.6,96.6,68.1,36.9,55,520,80.8,605.6,144.8,148.6,1041.2,364349,4457,12.34,90.4,1490,2.83,1.14,23.2,34.8,65,11.18,12222082,72610,54.27,3427.59,0,1200,400,720,240,4200,7500,8500,102,1.5,6000,0,0,0,0,0,61.74,30,55.21,57.13,61.5,0,0
2026-08-24T19:48:34.922000+09:00,2026-08-24T10:48:34.922000+00:00,094623,2685.0,1,0,0,0,0,13422,493,13422,0,0,0,0,4655,-28608,10326,6,4480,0,129,0,0,0,0,0,0,0,0,0,31082107,2018,0.39,1164.89,3849.91,0,50.6,98.2,68.1,36.9,54.9,512.2,82.6,608.9,147.7,152.2,1040.6,364349,4457,12.73,92,1490,2.76,1.2,30,38.8,65,21.87,12222084,72610,60.27,3427.59,0,1200,400,720,240,4200,7500,8500,102,1.5,6000,0,0,0,0,0,69.04,30,66.97,70.01,61.4,0,0
2026-08-24T19:49:35.023000+09:00,2026-08-24T10:49:35.023000+00:00,094623,1710.6,1,0,0,0,0,13422,490,13422,0,0,0,0,4651,-28608,10326,518,4992,0,129,0,0,0,0,0,0,0,0,0,31082107,2018,0.31,605.79,2316.35,0,51,99.5,68,36.9,55.3,520.1,85.8,610.2,150.9,155.5,1033.4,364350,4458,12.4,88.4,1470,2.82,1.1,22.4,34.2,65,11.26,12222087,72610,74.78,3427.6,0,1200,400,720,240,4200,7500,8500,102,1.5,6000,0,0,0,0,0,61.61,30,65.41,52.33,61.4,0,0
2026-08-24T19:50:35.132000+09:00,2026-08-24T10:50:35.132000+00:00,094623,1654.4,1,0,0,0,0,13422,490,13422,0,0,0,0,4651,-28608,18518,6,4992,528,129,0,0,0,0,0,0,0,0,0,31082107,2018,0.35,613.12,2267.52,0,50.8,96.6,68.2,36.9,55.2,518.6,84.7,606.1,144.2,148,1034.7,364350,4458,12.85,90.9,1470,2.82,1.1,22.3,33.9,65,11.12,12222089,72610,54.8,3427.6,0,1200,400,720,240,4200,7500,8500,102,1.5,6000,0,0,0,0,0,62.41,30,55.18,59.05,61.4,0,0
2026-08-24T19:51:35.230000+09:00,2026-08-24T10:51:35.230000+00:00,094623,2711.9,1,0,0,0,0,13422,497,13422,0,0,0,0,4651,-28608,10326,6,4480,0,129,0,0,0,0,0,0,0,0,0,31082107,2018,0.36,1051.36,3763.24,0,50.8,98.3,68,36.9,54.9,515.9,88.4,612.2,149,153.2,1022.4,364350,4458,12.86,91,1500,2.79,1.16,30.3,40.1,65,25.44,12222092,72610,65.77,3427.6,0,1200,400,720,240,4200,7500,8500,102,1.5,6000,0,0,0,0,0,70.73,30,69.1,69.4,61.4,0,0
2026-08-24T19:52:35.324000+09:00,2026-08-24T10:52:35.324000+00:00,094623,1774.0,1,0,0,0,0,13422,467,13422,0,0,0,0,4651,-28608,10326,6,4992,0,129,0,0,0,0,0,0,0,0,0,31082107,2018,0.33,533.77,2307.81,0,51.1,97.9,67.8,36.9,55.1,525,84.2,606.9,146.3,150.3,1010,364350,4458,12.62,88.9,1340,2.74,1.91,25.5,39.2,65,11.4,12222095,72610,66.15,3427.6,0,1200,400,720,240,4200,7500,8500,102,1.5,6000,0,0,0,0,0,60.61,30,59.91,52.9,61.3,0,0
2026-08-24T19:53:35.416000+09:00,2026-08-24T10:53:35.416000+00:00,094623,1537.2,1,0,0,0,0,13422,488,13422,0,0,0,0,4651,-28608,10326,518,4992,0,129,0,0,0,0,0,0,0,0,0,31082107,2018,0.39,417.8,1955.02,0,50.8,97.6,67.9,36.9,54.9,522.7,87,604.7,142.1,145.6,1018.3,364350,4458,12.85,89.9,1490,2.83,1.12,22.8,37.3,65,11.17,12222097,72610,56.54,3427.6,0,1200,400,720,240,4200,7500,8500,102,1.5,6000,0,0,0,0,0,61.12,30,57.68,55.95,61.3,0,0
2026-08-24T19:54:35.539000+09:00,2026-08-24T10:54:35.539000+00:00,094623,2917.0,1,0,0,0,0,13422,503,13422,0,0,0,0,4651,-28608,10326,590,4992,8192,129,0,0,0,0,0,0,0,0,0,31082107,2018,0.33,1361.43,4278.39,0,50.8,98.5,68,36.8,54.8,513.1,83.3,611.9,152.6,157.4,1032.5,364350,4458,12.69,91,1520,2.83,1.16,30.2,36.8,65,24.23,12222100,72610,70.2,3427.6,0,1200,400,720,240,4200,7500,8500,102,1.5,6000,0,0,0,0,0,69.2,30,68.55,68.61,61.3,0,0
2026-08-24T19:55:35.648000+09:00,2026-08-24T10:55:35.648000+00:00,094623,1617.8,1,0,0,0,0,13422,492,13422,0,0,0,0,4651,-28608,18518,6,4992,528,129,0,0,0,0,0,0,0,0,0,31082107,2018,0.32,581.38,2199.16,0,51,97.6,68.1,36.8,55.3,521.5,80.9,608.4,148.1,152.3,1013.5,364351,4459,12.69,88.9,1480,2.82,1.11,22.4,35.1,65,10.99,12222103,72610,65.51,3427.6,0,1200,400,720,240,4200,7500,8500,102,1.5,6000,0,0,0,0,0,61.63,30,60.06,53.19,61.3,0,0
2026-08-24T19:56:35.746000+09:00,2026-08-24T10:56:35.746000+00:00,094623,1605.6,1,0,0,0,0,13422,491,13422,0,0,0,0,4655,-26560,10326,6,4992,0,129,0,0,0,0,0,0,0,0,0,31082107,2018,0.38,600.91,2206.49,0,50.7,97.5,68.2,36.8,55,520.3,104.2,602.5,143,146.7,1019.2,364351,4459,12.61,90.1,1480,2.82,1.1,22.3,34.8,65,10.62,12222105,72610,56.33,3427.6,0,1200,400,720,240,4200,7500,8500,102,1.5,6000,0,0,0,0,0,62.31,30,57.39,56.42,61.3,0,0
2026-08-24T19:57:35.845000+09:00,2026-08-24T10:57:35.845000+00:00,094623,2406.7,1,0,0,0,0,13422,501,13422,0,0,0,0,4655,-26560,10390,6,21376,0,129,0,0,0,0,0,0,0,0,0,31082107,2018,0.34,917.08,3323.77,0,50.8,99,67.8,36.8,54.9,520.5,89.3,609.2,153.6,158.9,1036.1,364351,4459,12.71,90.3,1510,2.85,1.09,26.6,35.5,65,20.39,12222108,72610,76.78,3427.6,0,1200,400,720,240,4200,7500,8500,102,1.5,6000,0,0,0,0,0,66.28,30,67.48,63.81,61.3,0,0
2026-08-24T19:58:35.947000+09:00,2026-08-24T10:58:35.947000+00:00,094623,1750.8,1,0,0,0,0,13422,521,13422,0,0,0,0,4651,-28608,10326,6,4992,8,129,0,0,0,0,0,0,0,0,0,31082107,2018,0.33,704.67,2455.52,0,50.8,96.3,68,36.7,55.1,520.8,88,600.9,142,145.6,1014.7,364351,4459,12.96,89,1560,3.01,1.06,23.1,34.5,65,17.04,12222110,72610,62.25,3427.61,0,1200,400,720,240,4200,7500,8500,102,1.5,6000,0,0,0,0,0,63.75,30,57.29,55.32,60.8,0,0
2026-08-24T19:59:36.032000+09:00,2026-08-24T10:59:36.032000+00:00,094623,1843.6,1,0,0,0,0,13422,493,13422,0,0,0,0,4651,-28608,10342,6,12676,0,129,0,0,0,0,0,0,0,0,0,31082107,2018,0.4,677.82,2521.44,0,50.5,98.4,67.8,36.8,54.7,519.4,82.5,603,141.2,144.7,1031.5,364351,4459,12.81,90.8,1490,2.82,1.17,24.4,36.9,65,12.33,12222112,72610,58.08,3427.61,0,1200,400,720,240,4200,7500,8500,102,1.5,6000,0,0,0,0,0,61.89,30,60.83,59.51,60.7,0,0
2026-08-24T20:00:36.153000+09:00,2026-08-24T11:00:36.153000+00:00,094623,2030.4,1,0,0,0,0,13422,501,13422,0,0,0,0,4651,-28608,18518,6,4992,528,129,0,0,0,0,0,0,0,0,0,31082107,2018,0.33,726.65,2757.04,0,50.7,99.7,67.9,36.7,54.9,522,80.5,611.5,153.1,158.4,1052.4,364351,4459,12.76,89.4,1510,2.88,1.1,24.2,34.9,65,15.76,12222115,72610,78.3,3427.61,0,1200,400,720,240,4200,7500,8500,102,1.5,6000,0,0,0,0,0,63.07,30,66.81,58.37,60.7,0,0
2026-08-24T20:01:36.246000+09:00,2026-08-24T11:01:36.246000+00:00,094623,1870.5,1,0,0,0,0,13422,489,13422,0,0,0,0,4651,-28608,10326,6,4992,0,129,0,0,0,0,0,0,0,0,0,31082107,2018,0.34,621.66,2492.14,0,50.5,96.2,68.1,36.8,55,520.5,84.8,603.6,144,148,1046.1,364352,4460,12.03,89.5,1350,2.77,1.93,25.9,38.2,65,11.35,12222118,72610,57.55,3427.61,0,1200,400,720,240,4200,7500,8500,102,1.5,6000,0,0,0,0,0,61.3,30,54.52,54.17,60.7,0,0
2026-08-24T20:02:36.339000+09:00,2026-08-24T11:02:36.339000+00:00,094623,2165.0,1,0,0,0,0,13422,494,13422,0,0,0,0,4655,-28608,10326,6,4480,0,129,0,0,0,0,0,0,0,0,0,31082107,2018,0.4,851.16,3016.14,0,50.4,98.1,68,36.7,54.7,514.9,84.7,602.3,144,148,1022.6,364352,4460,12.12,90.8,1490,2.81,1.18,27,38.6,65,17.76,12222120,72610,61.8,3427.61,0,1200,400,720,240,4200,7500,8500,102,1.5,6000,0,0,0,0,0,65.38,30,63.35,62.96,60.7,0,0
2026-08-24T20:03:36.440000+09:00,2026-08-24T11:03:36.440000+00:00,094623,1913.2,1,0,0,0,0,13422,499,13422,0,0,0,0,4651,-28608,8278,6,4992,8,129,0,0,0,0,0,0,0,0,0,31082107,2018,0.34,652.18,2565.39,0,50.7,99.8,67.9,36.7,55,521.8,80,609.4,150.9,155.7,1019.9,364352,4460,12.69,88.8,1500,2.88,1.13,23.6,35.2,65,13.22,12222123,72610,77.5,3427.61,0,1200,400,720,240,4200,7500,8500,102,1.5,6000,0,0,0,0,0,61.87,30,66.19,54.49,60.7,0,0
2026-08-24T20:04:36.542000+09:00,2026-08-24T11:04:36.542000+00:00,094623,1643.4,1,0,0,0,0,13422,494,13422,0,0,0,0,4651,-28608,10326,6,4992,0,129,0,0,0,0,0,0,0,0,0,31082107,2018,0.35,580.16,2223.58,0,50.5,96.2,68.1,36.7,54.9,518.1,84.1,603.6,143.8,147.5,1034.6,364352,4460,12.63,90.4,1480,2.83,1.08,21.9,33.7,65,11.67,12222125,72610,57.96,3427.61,0,1200,400,720,240,4200,7500,8500,102,1.5,6000,0,0,0,0,0,61.5,30,54.26,57.09,60.6,0,0
2026-08-24T20:05:36.658000+09:00,2026-08-24T11:05:36.658000+00:00,094623,2364.0,1,0,0,0,0,13422,493,13422,0,0,0,0,4655,-28608,18518,518,4480,528,129,0,0,0,0,0,0,0,0,0,31082107,2018,0.41,951.26,3315.23,0,50.4,98.3,68.1,36.7,54.7,514.5,82.5,604.1,144.2,148,1023.6,364352,4460,12.68,91.7,1490,2.78,1.2,28.8,40.3,65,20.03,12222127,72610,60.18,3427.61,0,1200,400,720,240,4200,7500,8500,102,1.5,6000,0,0,0,0,0,68.01,30,66.11,68.01,60.6,0,0
2026-08-24T20:06:36.763000+09:00,2026-08-24T11:06:36.763000+00:00,094623,2333.5,1,0,0,0,0,13422,435,13422,0,0,0,0,4651,-28608,10326,6,4992,0,129,0,0,0,0,0,0,0,0,0,31082107,2018,0.32,841.39,3174.84,0,50.8,99.6,67.9,36.7,55,519.2,78.4,604.7,150.7,155.7,1019.5,364352,4460,12.68,88.4,1360,2.51,1.48,27.9,36.7,65,12.27,12222131,72610,74.21,3427.61,0,1200,400,720,240,4200,7500,8500,102,1.5,6000,0,0,0,0,0,60.46,30,64.73,51.79,60.6,0,0
2026-08-24T20:07:36.859000+09:00,2026-08-24T11:07:36.859000+00:00,094623,2144.2,1,0,0,0,0,13422,438,13422,0,0,0,0,4651,-28608,10326,6,4992,0,129,0,0,0,0,0,0,0,0,0,31082107,2018,0.36,798.67,2942.9,0,50.6,96.3,68,36.7,55,519.3,78.4,601.4,144.3,148.2,1047.6,364353,4461,12.63,90.6,1320,2.51,1.63,27.4,37.3,65,11.38,12222133,72610,54.07,3427.61,0,1200,400,720,240,4200,7500,8500,102,1.5,6000,0,0,0,0,0,60.29,30,53.2,56.55,60.6,0,0
2026-08-24T20:08:36.957000+09:00,2026-08-24T11:08:36.957000+00:00,094623,2699.7,1,0,0,0,0,13422,496,13422,0,0,0,0,4651,-28608,12374,6,4480,8,129,0,0,0,0,0,0,0,0,0,31082107,2018,0.39,1101.41,3801.08,0,50.6,98.4,68,36.7,54.8,513.3,85.9,605,147.1,151.3,1040.9,364353,4461,12.73,91.8,1500,2.79,1.18,30.2,39.4,65,23.91,12222135,72610,61.08,3427.62,0,1200,400,720,240,4200,7500,8500,102,1.5,6000,0,0,0,0,0,69.25,30,68.22,70.29,60.5,0,0
2026-08-24T20:09:37.049000+09:00,2026-08-24T11:09:37.049000+00:00,094623,1631.2,1,0,0,0,0,13422,492,13422,0,0,0,0,4651,-28608,10326,6,4992,0,129,0,0,0,0,0,0,0,0,0,31082107,2018,0.32,541.09,2172.31,0,50.9,98.4,67.9,36.7,55.1,524.1,80.8,604,147.2,151.4,1014.7,364353,4461,12.67,88.5,1490,2.84,1.12,22.2,35.5,65,11.17,12222138,72610,71.28,3427.62,0,1200,400,720,240,4200,7500,8500,102,1.5,6000,0,0,0,0,0,60.93,30,61.62,52.35,60.5,0,0
2026-08-24T20:10:37.149000+09:00,2026-08-24T11:10:37.149000+00:00,094623,1710.6,1,0,0,0,0,13422,490,13422,0,0,0,0,4651,-28608,18518,6,4992,528,129,0,0,0,0,0,0,0,0,0,31082107,2018,0.37,624.1,2334.67,0,50.6,97.4,68,36.7,54.8,519.9,83.8,601.2,142.4,146,1039.6,364353,4461,12.65,90.4,1480,2.82,1.12,22.7,34.6,65,11.09,12222140,72610,55.35,3427.62,0,1200,400,720,240,4200,7500,8500,102,1.5,6000,0,0,0,0,0,61.22,30,56.93,57.55,60.5,0,0
2026-08-24T20:11:37.265000+09:00,2026-08-24T11:11:37.265000+00:00,094623,2904.8,1,0,0,0,0,13422,497,13422,0,0,0,0,4655,-28608,10326,6,4992,0,129,0,0,0,0,0,0,0,0,0,31082107,2018,0.37,1261.33,4166.08,0,50.7,98.5,68,36.7,54.7,514,87,609.5,149.8,154.4,1052.4,364353,4461,12.9,91.2,1500,2.8,1.16,31,38.6,65,25.54,12222143,72610,64.25,3427.62,0,1200,400,720,240,4200,7500,8500,102,1.5,6000,0,0,0,0,0,70.11,30,69.54,70.17,60.5,0,0
2026-08-24T20:12:37.352000+09:00,2026-08-24T11:12:37.352000+00:00,094623,1915.7,1,0,0,0,0,13422,519,13422,0,0,0,0,4655,-28608,10326,6,4992,0,129,0,0,0,0,0,0,0,0,0,31082107,2018,0.34,790.12,2705.77,0,50.9,97.6,68.1,36.7,55.1,516.7,95.1,608.5,147.7,152.1,1030.2,364353,4461,12.75,88.8,1560,3,1.04,23,31.9,65,15.62,12222146,72610,67.33,3427.62,0,1200,400,720,240,4200,7500,8500,102,1.5,6000,0,0,0,0,0,62.92,30,60.85,54.35,60.4,0,0
2026-08-24T20:13:37.459000+09:00,2026-08-24T11:13:37.459000+00:00,094623,1940.1,1,0,0,0,0,13422,521,13422,0,0,0,0,4651,-28608,12374,6,5024,8,129,0,0,0,0,0,0,0,0,0,31082107,2018,0.39,873.13,2813.2,0,50.6,97.4,68.2,36.6,55,516.4,85.8,604.7,142.9,146.8,1013.6,364354,4462,12.48,90,1570,2.99,1.06,23.7,33,65,16.74,12222148,72610,57.54,3427.62,0,1200,400,720,240,4200,7500,8500,102,1.5,6000,0,0,0,0,0,64.34,30,59.27,58.41,60.4,0,0
2026-08-24T20:14:37.561000+09:00,2026-08-24T11:14:37.561000+00:00,094623,2665.5,1,0,0,0,0,13422,503,13422,0,0,0,0,4651,-28608,10390,6,4992,0,129,0,0,0,0,0,0,0,0,0,31082107,2018,0.36,1107.52,3773,0,50.8,99,68,36.7,54.8,516.7,83.8,612.4,151.5,156.4,1010.2,364354,4462,12.42,90.8,1520,2.85,1.12,28.3,36.1,65,22.88,12222151,72610,70.73,3427.62,0,1200,400,720,240,4200,7500,8500,102,1.5,6000,0,0,0,0,0,68.65,30,68.91,67.25,60.4,0,0
2026-08-24T20:15:37.659000+09:00,2026-08-24T11:15:37.659000+00:00,094623,1746.0,1,0,0,0,0,13422,498,13422,0,0,0,0,4651,-28608,18518,6,4992,528,129,0,0,0,0,0,0,0,0,0,31082107,2018,0.33,625.32,2371.29,0,50.9,97.2,68,36.6,55.1,519.4,81.3,608.6,147.1,151.3,1003.8,364354,4462,12.76,89,1500,2.86,1.14,23.2,35.2,65,11.22,12222153,72610,63.56,3427.62,0,1200,400,720,240,4200,7500,8500,102,1.5,6000,0,0,0,0,0,61.7,30,58.47,53.45,60.4,0,0
2026-08-24T20:16:37.760000+09:00,2026-08-24T11:16:37.760000+00:00,094623,1677.6,1,0,0,0,0,13422,496,13422,0,0,0,0,4651,-28608,10390,6,21376,0,129,0,0,0,0,0,0,0,0,0,31082107,2018,0.38,581.38,2258.98,0,50.7,98,68.1,36.6,55,518.9,94.2,606,144.1,148.1,995.7,364354,4462,12.71,90.4,1490,2.85,1.13,23,35.7,65,11.32,12222155,72610,58.94,3427.63,0,1200,400,720,240,4200,7500,8500,102,1.5,6000,0,0,0,0,0,62.08,30,59.05,57.46,60.3,0,0
2026-08-24T20:17:37.866000+09:00,2026-08-24T11:17:37.866000+00:00,094623,2436.0,1,0,0,0,0,13422,502,13422,0,0,0,0,4651,-28608,10326,6,4992,0,129,0,0,0,0,0,0,0,0,0,31082107,2018,0.36,974.46,3410.44,0,50.9,99,67.9,36.6,54.9,519.8,89.4,614.4,153.8,159.3,1009.5,364354,4462,12.75,90.2,1510,2.86,1.11,27,36.2,65,21.66,12222159,72610,79.66,3427.63,0,1200,400,720,240,4200,7500,8500,102,1.5,6000,0,0,0,0,0,67.26,30,68.39,64.06,60.3,0,0
2026-08-24T20:18:37.960000+09:00,2026-08-24T11:18:37.960000+00:00,094623,2187.0,1,0,0,0,0,13422,518,13422,0,0,0,0,4651,-28608,12390,6,13220,72,129,0,0,0,0,0,0,0,0,0,31082107,2018,0.34,1013.52,3200.48,0,50.8,96.7,67.9,36.7,55.1,520,91.2,603.8,145.2,149.3,1002,364354,4462,12.69,89.4,1580,2.95,1.13,26,35.3,65,12.28,12222161,72610,60.86,3427.63,0,1200,400,720,240,4200,7500,8500,102,1.5,6000,0,0,0,0,0,64.2,30,58.98,57.32,60.3,0,0
2026-08-24T20:19:38.047000+09:00,2026-08-24T11:19:38.047000+00:00,094623,1735.0,1,0,0,0,0,13422,495,13422,0,0,0,0,4651,-28608,10326,6,4480,0,129,0,0,0,0,0,0,0,0,0,31082107,2018,0.39,618,2352.98,0,50.6,98.2,67.9,36.6,54.9,519.2,86.9,603.1,143.5,147.6,1026.5,364355,4463,12.87,90.9,1490,2.83,1.15,23.6,36.4,65,12.15,12222163,72610,58.72,3427.63,0,1200,400,720,240,4200,7500,8500,102,1.5,6000,0,0,0,0,0,61.81,30,60.3,60.21,60.3,0,0
2026-08-24T20:20:38.149000+09:00,2026-08-24T11:20:38.149000+00:00,094623,2338.3,1,0,0,0,0,13422,502,13422,0,0,0,0,4651,-28608,18518,6,4992,528,129,0,0,0,0,0,0,0,0,0,31082107,2018,0.33,924.41,3262.73,0,50.9,99.4,67.9,36.7,55,518.5,110.8,613.3,155,160.5,1027.3,364355,4463,12.61,89.1,1510,2.87,1.1,25.6,34.1,65,17.5,12222167,72610,79.15,3427.63,0,1200,400,720,240,4200,7500,8500,102,1.5,6000,0,0,0,0,0,64.46,30,67.44,58.88,60.3,0,0
2026-08-24T20:21:38.243000+09:00,2026-08-24T11:21:38.243000+00:00,094623,1626.3,1,0,0,0,0,13422,493,13422,0,0,0,0,4651,-28608,10326,6,4992,0,129,0,0,0,0,0,0,0,0,0,31082107,2018,0.34,565.51,2191.84,0,50.8,96.4,68.2,36.7,55.2,520.9,95.7,603.7,145.6,149.7,1025.3,364355,4463,12.73,89.8,1490,2.84,1.12,22.5,35.5,65,11.19,12222169,72610,57.14,3427.63,0,1200,400,720,240,4200,7500,8500,102,1.5,6000,0,0,0,0,0,62.04,30,54.9,55.62,60.2,0,0
2026-08-24T20:22:38.341000+09:00,2026-08-24T11:22:38.341000+00:00,094623,2064.9,1,0,0,0,0,13422,494,13422,0,0,0,0,4651,-28608,10326,6,4480,0,129,0,0,0,0,0,0,0,0,0,31082107,2018,0.43,852.38,2917.26,0,50.6,98.3,68.1,36.6,54.8,515.9,101.4,602.9,143.7,147.5,1023.6,364355,4463,12.63,90.5,1490,2.8,1.19,26,37.5,65,15.37,12222171,72610,59.94,3427.63,0,1200,400,720,240,4200,7500,8500,102,1.5,6000,0,0,0,0,0,64.69,30,62.56,60.78,60.2,0,0
2026-08-24T20:23:38.434000+09:00,2026-08-24T11:23:38.434000+00:00,094623,1970.6,1,0,0,0,0,13422,500,13422,0,0,0,0,4651,-28608,12374,6,5024,72,129,0,0,0,0,0,0,0,0,0,31082107,2018,0.32,694.91,2665.49,0,50.8,99.6,67.9,36.6,55,520.7,93.7,612,153.9,159.6,1021.4,364355,4463,12.91,89.1,1510,2.88,1.12,23.7,34.6,65,13.4,12222174,72610,79.09,3427.63,0,1200,400,720,240,4200,7500,8500,102,1.5,6000,0,0,0,0,0,62.48,30,65.9,56.36,60.2,0,0
2026-08-24T20:24:38.530000+09:00,2026-08-24T11:24:38.530000+00:00,094623,1672.7,1,0,0,0,0,13422,502,13422,0,0,0,0,4651,-28608,10326,6,4992,0,129,0,0,0,0,0,0,0,0,0,31082107,2018,0.33,648.52,2321.24,0,50.6,96.3,68,36.6,55,517.2,87.9,605.3,145.8,149.8,1010.4,364355,4463,12.56,89.9,1490,2.9,1.05,21.6,32.1,65,11.71,12222176,72610,55.65,3427.63,0,1200,400,720,240,4200,7500,8500,102,1.5,6000,0,0,0,0,0,61.68,30,54.46,56.24,60.2,0,0
2026-08-24T20:25:38.645000+09:00,2026-08-24T11:25:38.645000+00:00,094623,2448.2,1,0,0,0,0,13422,493,13422,0,0,0,0,4651,-28608,18518,6,4480,528,129,0,0,0,0,0,0,0,0,0,31082107,2018,0.4,989.1,3437.3,0,50.6,98.3,68,36.6,54.8,513,87.4,607.7,146.8,151.1,1023.7,364356,4464,12.63,91.4,1490,2.77,1.2,28.8,39.4,65,20.76,12222178,72610,61.05,3427.63,0,1200,400,720,240,4200,7500,8500,102,1.5,6000,0,0,0,0,0,67.61,30,65.95,67.22,60.2,0,0
2026-08-24T20:26:38.738000+09:00,2026-08-24T11:26:38.738000+00:00,094623,2256.5,1,0,0,0,0,13422,500,13422,0,0,0,0,4651,-28608,10326,6,4992,0,129,0,0,0,0,0,0,0,0,0,31082107,2018,0.31,875.58,3132.11,0,50.8,99.3,67.9,36.6,55.1,520.8,85.1,608.4,150.5,155.6,1007.3,364356,4464,12.77,88.6,1560,2.79,1.16,26.2,35.5,65,10.45,12222182,72610,77.55,3427.64,0,1200,400,720,240,4200,7500,8500,102,1.5,6000,0,0,0,0,0,61.48,30,64.63,53.35,60.2,0,0
2026-08-24T20:27:38.840000+09:00,2026-08-24T11:27:38.840000+00:00,094623,2201.6,1,0,0,0,0,13422,438,13422,0,0,0,0,4655,-26560,10326,6,4992,0,129,0,0,0,0,0,0,0,0,0,31082107,2018,0.37,848.72,3050.32,0,50.6,96.7,68,36.6,54.9,520.8,97.6,602.2,143,146.9,1006.6,364356,4464,12.38,90.2,1390,2.52,1.39,27.3,36.8,65,11.36,12222184,72610,54.03,3427.64,0,1200,400,720,240,4200,7500,8500,102,1.5,6000,0,0,0,0,0,60.57,30,54.26,55.94,60.2,0,0
2026-08-24T20:28:38.925000+09:00,2026-08-24T11:28:38.925000+00:00,094623,2681.4,1,0,0,0,0,13422,496,13422,0,0,0,0,4651,-28608,12374,6,4512,72,129,0,0,0,0,0,0,0,0,0,31082107,2018,0.36,1112.4,3793.76,0,50.6,98.2,67.9,36.6,54.7,513.6,88.3,606.9,147.8,152.2,1004.2,364356,4464,12.75,91.8,1500,2.79,1.18,30.2,39.6,65,23.81,12222186,72610,60.3,3427.64,0,1200,400,720,240,4200,7500,8500,102,1.5,6000,0,0,0,0,0,69.19,30,67.82,70.66,60.1,0,0
2026-08-24T20:29:39.036000+09:00,2026-08-24T11:29:39.036000+00:00,094623,1702.0,1,0,0,0,0,13422,490,13422,0,0,0,0,4651,-28608,10326,6,4992,0,129,0,0,0,0,0,0,0,0,0,31082107,2018,0.31,605.79,2307.81,0,50.9,98.4,67.9,36.6,55,521,89.9,608.4,150,154.7,1026.3,364356,4464,12.63,88.3,1480,2.81,1.1,22.4,34.3,65,11.18,12222189,72610,72.47,3427.64,0,1200,400,720,240,4200,7500,8500,102,1.5,6000,0,0,0,0,0,60.91,30,61.67,51.66,60.1,0,0
2026-08-24T20:30:39.128000+09:00,2026-08-24T11:30:39.128000+00:00,094623,1606.8,1,0,0,0,0,13422,490,13422,0,0,0,0,4651,-28608,18518,6,4992,528,129,0,0,0,0,0,0,0,0,0,31082107,2018,0.38,597.25,2204.05,0,50.5,97.2,68.1,36.6,54.9,520.6,87.3,602.8,143.8,147.7,1024.6,364356,4464,12.69,90.9,1470,2.82,1.1,22.2,34.4,65,11.08,12222191,72610,55.04,3427.64,0,1200,400,720,240,4200,7500,8500,102,1.5,6000,0,0,0,0,0,61.48,30,56.5,58.56,60.1,0,0
2026-08-24T20:31:39.246000+09:00,2026-08-24T11:31:39.246000+00:00,094623,2801.0,1,0,0,0,0,13422,496,13422,0,0,0,0,4655,-28608,10326,6,4480,0,129,0,0,0,0,0,0,0,0,0,31082107,2018,0.35,1164.89,3965.88,0,50.6,98.4,68,36.6,54.6,514.7,87.4,606.2,149.2,153.8,1026.1,364357,4465,12.77,91.6,1490,2.79,1.16,30.7,39.2,65,25.41,12222194,72610,66.89,3427.64,0,1200,400,720,240,4200,7500,8500,102,1.5,6000,0,0,0,0,0,70.05,30,68.73,71.2,60.1,0,0
2026-08-24T20:32:39.363000+09:00,2026-08-24T11:32:39.363000+00:00,094623,2046.6,1,0,0,0,0,13422,523,13422,0,0,0,0,4655,-28608,10326,6,4992,0,129,0,0,0,0,0,0,0,0,0,31082107,2018,0.33,890.22,2936.8,0,50.8,98.1,67.9,36.6,54.9,518.6,85.9,603.2,146.8,151.4,1009.5,364357,4465,12.76,88.6,1570,2.99,1.1,25,34.8,65,10.83,12222197,72610,67.68,3427.64,0,1200,400,720,240,4200,7500,8500,102,1.5,6000,0,0,0,0,0,64.44,30,64.66,55.87,60.1,0,0
2026-08-24T20:33:39.457000+09:00,2026-08-24T11:33:39.457000+00:00,094623,2124.7,1,0,0,0,0,13422,523,13422,0,0,0,0,4651,-28608,12438,518,21408,72,129,0,0,0,0,0,0,0,0,0,31082107,2018,0.37,906.09,3030.79,0,50.5,97.7,68.1,36.6,54.8,517.1,88,599.1,143.3,147.2,1004.3,364357,4465,12.94,90.4,1570,2.98,1.11,25.6,35,65,9.61,12222199,72610,55.28,3427.64,0,1200,400,720,240,4200,7500,8500,102,1.5,6000,0,0,0,0,0,65.3,30,61.7,61.31,60,0,0
2026-08-24T20:34:39.563000+09:00,2026-08-24T11:34:39.563000+00:00,094623,2743.6,1,0,0,0,0,13422,502,13422,0,0,0,0,4651,-28608,10326,6,4992,0,129,0,0,0,0,0,0,0,0,0,31082107,2018,0.36,1127.05,3870.66,0,50.6,98.6,68,36.6,54.7,516,84.5,609.2,153,158.1,1039.7,364357,4465,12.71,90.3,1520,2.84,1.14,29.5,38.3,65,24.76,12222202,72610,71.15,3427.64,0,1200,400,720,240,4200,7500,8500,102,1.5,6000,0,0,0,0,0,69.44,30,69.1,66.66,60,0,0
2026-08-24T20:35:39.669000+09:00,2026-08-24T11:35:39.669000+00:00,094623,1666.6,1,0,0,0,0,13422,491,13422,0,0,0,0,4655,-28608,18582,6,21376,528,129,0,0,0,0,0,0,0,0,0,31082107,2018,0.34,614.34,2280.95,0,50.7,97.2,67.9,36.6,54.9,520,84.4,603,148.1,152.3,1025.1,364357,4465,12.67,89.2,1470,2.83,1.08,22.1,33.8,65,11.28,12222204,72610,66.45,3427.65,0,1200,400,720,240,4200,7500,8500,102,1.5,6000,0,0,0,0,0,60.85,30,58.27,53.8,60,0,0
2026-08-24T20:36:39.766000+09:00,2026-08-24T11:36:39.766000+00:00,094623,1615.4,1,0,0,0,0,13422,496,13422,0,0,0,0,4651,-28608,10326,6,4992,0,129,0,0,0,0,0,0,0,0,0,31082107,2018,0.39,607.01,2222.36,0,50.5,98.1,68.1,36.5,54.7,517.6,83.5,599.9,144.8,148.5,1036.9,364357,4465,12.45,90.5,1480,2.85,1.06,21.7,32.9,65,11.58,12222206,72610,56.23,3427.65,0,1200,400,720,240,4200,7500,8500,102,1.5,6000,0,0,0,0,0,61.51,30,59.29,57.8,60,0,0
2026-08-24T20:37:39.865000+09:00,2026-08-24T11:37:39.865000+00:00,094623,2576.4,1,0,0,0,0,13422,501,13422,0,0,0,0,4651,-28608,10342,590,13188,8192,129,0,0,0,0,0,0,0,0,0,31082107,2018,0.33,1020.84,3597.22,0,50.7,99.3,68,36.5,54.8,516.2,90.5,612.1,155.4,160.6,1022.9,364358,4466,12.51,90,1510,2.85,1.1,27.1,34.8,65,20.06,12222210,72610,77.37,3427.65,0,1200,400,720,240,4200,7500,8500,102,1.5,6000,0,0,0,0,0,66.52,30,68.57,63.18,60,0,0
2026-08-24T20:38:39.966000+09:00,2026-08-24T11:38:39.966000+00:00,094623,1846.1,1,0,0,0,0,13422,520,13422,0,0,0,0,4651,-28608,12374,6,5024,72,129,0,0,0,0,0,0,0,0,0,31082107,2018,0.33,733.97,2580.03,0,50.7,96.4,68.1,36.5,55,517.5,86,601.3,145.4,149.4,1034.9,364358,4466,12.85,89.3,1560,3.01,1.06,23.3,33.6,65,16.93,12222212,72610,59.41,3427.65,0,1200,400,720,240,4200,7500,8500,102,1.5,6000,0,0,0,0,0,63.8,30,57.62,56.18,60,0,0
2026-08-24T20:39:40.070000+09:00,2026-08-24T11:39:40.070000+00:00,094623,1800.9,1,0,0,0,0,13422,492,13422,0,0,0,0,4651,-28608,10326,6,4480,0,129,0,0,0,0,0,0,0,0,0,31082107,2018,0.38,639.97,2440.87,0,50.5,98.3,68,36.5,54.7,519.6,83.8,598.3,142.8,146.5,1017.7,364358,4466,12.57,90.7,1480,2.81,1.18,24.3,37.5,65,12,12222214,72610,58.52,3427.65,0,1200,400,720,240,4200,7500,8500,102,1.5,6000,0,0,0,0,0,62.59,30,60.74,59.84,60,0,0
2026-08-24T20:40:40.170000+09:00,2026-08-24T11:40:40.170000+00:00,094623,2224.8,1,0,0,0,0,13422,502,13422,0,0,0,0,4651,-28608,18518,6,4992,528,129,0,0,0,0,0,0,0,0,0,31082107,2018,0.35,840.17,3064.97,0,50.8,99.6,67.8,36.5,54.8,519,90.1,608,154.8,160.4,1040.3,364358,4466,12.75,89.3,1510,2.88,1.1,24.9,33.9,65,15.67,12222217,72610,75.26,3427.65,0,1200,400,720,240,4200,7500,8500,102,1.5,6000,0,0,0,0,0,63.32,30,67,58.13,59.9,0,0
2026-08-24T20:41:40.272000+09:00,2026-08-24T11:41:40.272000+00:00,094623,1166.1,1,0,0,0,0,13422,498,13422,0,0,0,0,4651,-28608,10326,6,4992,0,129,0,0,0,0,0,0,0,0,0,31082107,2018,0.33,0,1166.11,0,50.6,96.2,68.1,36.5,54.9,520.7,88.8,598.9,145.6,149.6,1015,364358,4466,12.73,89.9,1500,2.88,1.14,22.8,35.6,65,11.4,12222219,72610,57.96,3427.65,0,1200,400,720,240,4200,7500,8500,102,1.5,6000,0,0,0,0,0,61.71,30,54.59,56.06,59.9,0,0
2026-08-24T20:42:40.374000+09:00,2026-08-24T11:42:40.374000+00:00,094623,2121.0,1,0,0,0,0,13422,494,13422,0,0,0,0,4655,-26560,10326,590,4480,8192,129,0,0,0,0,0,0,0,0,0,31082107,2018,0.41,807.21,2928.25,0,50.5,98.4,68.1,36.5,54.6,516.8,95.6,600.1,143.3,147.1,1027.7,364358,4466,12.73,91,1490,2.81,1.19,26.6,38.9,65,17.15,12222221,72610,58.81,3427.65,0,1200,400,720,240,4200,7500,8500,102,1.5,6000,0,0,0,0,0,65.46,30,63.81,63.24,59.9,0,0
2026-08-24T20:43:40.475000+09:00,2026-08-24T11:43:40.475000+00:00,094623,2099.1,1,0,0,0,0,13422,499,13422,0,0,0,0,4655,-28608,12374,590,5024,8264,129,0,0,0,0,0,0,0,0,0,31082107,2018,0.31,769.37,2868.43,0,50.8,99.7,67.8,36.5,54.9,518,90.3,607.5,155.1,160.8,1035.9,364359,4467,12.39,88.7,1500,2.87,1.13,24.1,34,65,12.71,12222225,72610,80.43,3427.65,0,1200,400,720,240,4200,7500,8500,102,1.5,6000,0,0,0,0,0,61.7,30,66.11,54.64,59.9,0,0
2026-08-24T20:44:40.576000+09:00,2026-08-24T11:44:40.576000+00:00,094623,1688.6,1,0,0,0,0,13422,490,13422,0,0,0,0,4655,-28608,10326,6,4992,0,129,0,0,0,0,0,0,0,0,0,31082107,2018,0.34,600.91,2289.5,0,50.6,96.2,68.2,36.4,55,517.8,97.3,603.1,147.8,152,1037.1,364359,4467,12.63,90,1470,2.82,1.1,22.4,34.1,65,11.52,12222227,72610,56.79,3427.66,0,1200,400,720,240,4200,7500,8500,102,1.5,6000,0,0,0,0,0,61.94,30,54.17,56.19,59.9,0,0
2026-08-24T20:45:40.683000+09:00,2026-08-24T11:45:40.683000+00:00,094623,2451.9,1,0,0,0,0,13422,492,13422,0,0,0,0,4651,-28608,18518,518,4480,528,129,0,0,0,0,0,0,0,0,0,31082107,2018,0.41,1013.52,3465.38,0,50.5,98.2,68.2,36.4,54.7,513.5,93.6,602.3,147.2,151.3,1028.9,364359,4467,12.73,91,1480,2.78,1.19,29.1,39.9,65,20.72,12222229,72610,61.39,3427.66,0,1200,400,720,240,4200,7500,8500,102,1.5,6000,0,0,0,0,0,68.87,30,66.43,66.44,59.8,0,0
2026-08-24T20:46:40.792000+09:00,2026-08-24T11:46:40.792000+00:00,094623,2140.6,1,0,0,0,0,13422,524,13422,0,0,0,0,4651,-28608,10326,6,4992,0,129,0,0,0,0,0,0,0,0,0,31082107,2018,0.33,865.81,3006.38,0,50.7,98.8,67.7,36.4,55,518.8,86.8,607,150.9,155.8,1035.4,364359,4467,12.76,88.9,1580,3,1.09,25.2,34.9,65,12.27,12222232,72610,77.79,3427.66,0,1200,400,720,240,4200,7500,8500,102,1.5,6000,0,0,0,0,0,64.82,30,66.79,58,59.8,0,0
2026-08-24T20:47:40.885000+09:00,2026-08-24T11:47:40.885000+00:00,094623,2133.2,1,0,0,0,0,13422,509,13422,0,0,0,0,4651,-28608,10326,6,4992,0,129,0,0,0,0,0,0,0,0,0,31082107,2018,0.35,859.71,2992.95,0,50.4,97,67.9,36.5,54.7,519.1,88.7,601.4,142.9,146.7,1031.7,364359,4467,12.9,90.4,1580,2.97,1.12,25.8,36.1,65,10.08,12222234,72610,56.2,3427.66,0,1200,400,720,240,4200,7500,8500,102,1.5,6000,0,0,0,0,0,61.44,30,56.25,58.16,59.8,0,0
2026-08-24T20:48:40.983000+09:00,2026-08-24T11:48:40.983000+00:00,094623,2851.0,1,0,0,0,0,13422,494,13422,0,0,0,0,4655,-28608,12374,6,4512,72,129,0,0,0,0,0,0,0,0,0,31082107,2018,0.38,1249.12,4100.16,0,50.4,98.5,67.9,36.5,54.5,512.3,96.2,603.2,148.6,152.6,1018.1,364359,4467,12.67,91.4,1490,2.79,1.18,30.8,39,65,24.23,12222237,72610,61.77,3427.66,0,1200,400,720,240,4200,7500,8500,102,1.5,6000,0,0,0,0,0,69.14,30,68.49,69.66,59.7,0,0
2026-08-24T20:49:41.096000+09:00,2026-08-24T11:49:41.096000+00:00,094623,976.6,1,0,0,0,0,13422,499,13422,0,0,0,0,4651,-28608,10326,6,4992,0,129,0,0,0,0,0,0,0,0,0,31082107,2018,0.32,28.38,1004.97,0,50.6,98.3,67.9,36.5,54.9,520.7,86.6,607.2,151,156,1010.4,364360,4468,12.67,88.6,1500,2.88,1.07,23,35.1,65,11.39,12222240,72610,66.16,3427.66,0,1200,400,720,240,4200,7500,8500,102,1.5,6000,0,0,0,0,0,60.75,30,61.4,52.69,59.8,0,0
2026-08-24T20:50:41.223000+09:00,2026-08-24T11:50:41.223000+00:00,094623,1692.3,1,0,0,0,0,13422,498,13422,0,0,0,0,4651,-28608,18518,6,4992,528,129,0,0,0,0,0,0,0,0,0,31082107,2018,0.38,609.45,2301.71,0,50.3,97.3,68.1,36.4,54.7,520.7,86,603.1,145.2,149.2,1024.5,364360,4468,12.74,89.9,1500,2.88,1.14,23,35.8,65,11.2,12222242,72610,55.8,3427.66,0,1200,400,720,240,4200,7500,8500,102,1.5,6000,0,0,0,0,0,61.38,30,56.69,55.89,59.7,0,0
2026-08-24T20:51:41.309000+09:00,2026-08-24T11:51:41.309000+00:00,094623,2810.8,1,0,0,0,0,13422,502,13422,0,0,0,0,4651,-28608,10326,518,4992,0,129,0,0,0,0,0,0,0,0,0,31082107,2018,0.35,1194.19,4004.94,0,50.3,98.6,68,36.5,54.6,513.2,82.3,610.9,153.7,159,1041.6,364360,4468,12.9,91.4,1510,2.84,1.15,29.9,37.8,65,24.33,12222245,72610,69.78,3427.66,0,1200,400,720,240,4200,7500,8500,102,1.5,6000,0,0,0,0,0,68.82,30,68.59,69.7,59.7,0,0
2026-08-24T20:52:41.396000+09:00,2026-08-24T11:52:41.396000+00:00,094623,1650.8,1,0,0,0,0,13422,490,13422,0,0,0,0,4655,-28608,10390,6,21376,0,129,0,0,0,0,0,0,0,0,0,31082107,2018,0.32,574.05,2224.8,0,50.5,97.3,68.1,36.5,54.9,520,85.6,603.6,148.9,153.4,1014.7,364360,4468,12.74,88.8,1480,2.83,1.1,22.3,34.6,65,11.34,12222247,72610,63.34,3427.66,0,1200,400,720,240,4200,7500,8500,102,1.5,6000,0,0,0,0,0,61.3,30,58.14,52.78,59.7,0,0
2026-08-24T20:53:41.500000+09:00,2026-08-24T11:53:41.500000+00:00,094623,1621.4,1,0,0,0,0,13422,491,13422,0,0,0,0,4655,-28608,12374,6,5024,72,129,0,0,0,0,0,0,0,0,0,31082107,2018,0.38,564.29,2185.74,0,50.3,98.2,68.1,36.5,54.7,518.6,83.5,601.8,145,149,1004,364360,4468,12.63,90.4,1470,2.84,1.09,22.1,34.4,65,10.99,12222249,72610,56.52,3427.66,0,1200,400,720,240,4200,7500,8500,102,1.5,6000,0,0,0,0,0,61.53,30,59.21,57.54,59.7,0,0
2026-08-24T20:54:41.599000+09:00,2026-08-24T11:54:41.599000+00:00,094623,2586.1,1,0,0,0,0,13422,501,13422,0,0,0,0,4651,-28608,10390,590,21376,8192,129,0,0,0,0,0,0,0,0,0,31082107,2018,0.34,950.04,3536.18,0,50.5,99.1,67.9,36.5,54.6,518.7,85,608,152.9,158.2,1030,364360,4468,12.64,90,1510,2.86,1.11,27.7,36.5,65,22.3,12222253,72610,75.18,3427.67,0,1200,400,720,240,4200,7500,8500,102,1.5,6000,0,0,0,0,0,67.57,30,69.08,64.39,59.7,0,0
2026-08-24T20:55:41.696000+09:00,2026-08-24T11:55:41.696000+00:00,094623,1594.6,1,0,0,0,0,13422,498,13422,0,0,0,0,4651,-28608,18518,6,4992,528,129,0,0,0,0,0,0,0,0,0,31082107,2018,0.33,294.5,1889.1,0,50.6,96.7,67.9,36.5,54.9,521.3,81,605.1,146.6,150.8,1020.1,364361,4469,12.79,89.2,1480,2.88,0.83,23.4,36.9,65,11.26,12222255,72610,61.44,3427.67,0,1200,400,720,240,4200,7500,8500,102,1.5,6000,0,0,0,0,0,60.76,30,56.72,53.58,59.7,0,0
2026-08-24T20:56:41.814000+09:00,2026-08-24T11:56:41.814000+00:00,094623,1713.0,1,0,0,0,0,13422,498,13422,0,0,0,0,4651,-28608,10342,6,13188,0,129,0,0,0,0,0,0,0,0,0,31082107,2018,0.39,567.95,2280.95,0,50.3,98.4,68,36.5,54.6,519.8,96,604.7,144.8,148.9,1008.5,364361,4469,12.41,90.7,1500,2.87,1.14,23.1,35.8,65,11.27,12222257,72610,58.05,3427.67,0,1200,400,720,240,4200,7500,8500,102,1.5,6000,0,0,0,0,0,61.04,30,60.05,58.51,59.6,0,0
2026-08-24T20:57:41.914000+09:00,2026-08-24T11:57:41.914000+00:00,094623,2293.2,1,0,0,0,0,13422,501,13422,0,0,0,0,4651,-28608,10326,6,4992,0,129,0,0,0,0,0,0,0,0,0,31082107,2018,0.34,849.94,3143.1,0,50.6,99.1,68,36.5,54.8,519.9,88.7,612.4,155,160.8,1021.1,364361,4469,12.28,89.5,1510,2.87,1.11,26,35.9,65,19.01,12222260,72610,75.45,3427.67,0,1200,400,720,240,4200,7500,8500,102,1.5,6000,0,0,0,0,0,65.17,30,67.24,60.64,59.7,0,0
2026-08-24T20:58:42.044000+09:00,2026-08-24T11:58:42.044000+00:00,094623,1655.6,1,0,0,0,0,13422,499,13422,0,0,0,0,4655,-28608,12374,6,5024,72,129,0,0,0,0,0,0,0,0,0,31082107,2018,0.32,602.13,2257.76,0,50.5,96.4,68.1,36.5,54.8,517.5,90.4,605,146.9,151.1,1013.6,364361,4469,12.8,89.6,1490,2.89,1.06,21.5,32.7,65,11.27,12222263,72610,59.34,3427.67,0,1200,400,720,240,4200,7500,8500,102,1.5,6000,0,0,0,0,0,61.35,30,55.34,54.93,59.6,0,0
2026-08-24T20:59:42.137000+09:00,2026-08-24T11:59:42.137000+00:00,094623,1996.2,1,0,0,0,0,13422,494,13422,0,0,0,0,4651,-28608,10326,6,4480,0,129,0,0,0,0,0,0,0,0,0,31082107,2018,0.4,742.51,2738.73,0,50.3,98.3,68.1,36.4,54.6,515.6,85.2,605.4,145.9,150,1015.2,364361,4469,12.86,90.3,1490,2.81,1.18,25.5,37.6,65,14.31,12222265,72610,58.63,3427.67,0,1200,400,720,240,4200,7500,8500,102,1.5,6000,0,0,0,0,0,63.59,30,62.12,59.39,59.7,0,0
2026-08-24T21:00:42.233000+09:00,2026-08-24T12:00:42.233000+00:00,094623,2113.7,1,0,0,0,0,13422,500,13422,0,0,0,0,4655,-28608,18518,6,4992,528,129,0,0,0,0,0,0,0,0,0,31082107,2018,0.32,798.67,2912.38,0,50.6,99.5,67.9,36.5,54.9,518.6,84.5,616.2,157,162.8,1065.3,364361,4469,12.24,89.3,1510,2.88,1.12,24.3,34,65,13.81,12222268,72610,78.72,3427.67,0,1200,400,720,240,4200,7500,8500,102,1.5,6000,0,0,0,0,0,62.33,30,66.03,56.97,59.6,0,0
2026-08-24T21:01:42.351000+09:00,2026-08-24T12:01:42.351000+00:00,094623,1924.2,1,0,0,0,0,13422,521,13422,0,0,0,0,4651,-28608,10326,6,4992,0,129,0,0,0,0,0,0,0,0,0,31082107,2018,0.33,835.29,2759.48,0,50.4,96.3,68.2,36.4,55,515.3,82.6,606.4,146.9,150.9,1031.9,364362,4470,12.46,89.8,1570,3.02,1.07,23.7,33.3,65,17.09,12222270,72610,56.78,3427.67,0,1200,400,720,240,4200,7500,8500,102,1.5,6000,0,0,0,0,0,64.12,30,56.83,57.77,59.6,0,0
2026-08-24T21:02:42.440000+09:00,2026-08-24T12:02:42.440000+00:00,094623,2355.4,1,0,0,0,0,13422,493,13422,0,0,0,0,4655,-28608,10326,6,4480,0,129,0,0,0,0,0,0,0,0,0,31082107,2018,0.39,980.56,3335.98,0,50.3,98.3,68,36.4,54.7,512.6,87.3,608.9,147.8,152,1033.6,364362,4470,12.58,91.3,1490,2.78,1.2,28.2,38.9,65,19.1,12222272,72610,58.86,3427.67,0,1200,400,720,240,4200,7500,8500,102,1.5,6000,0,0,0,0,0,66.77,30,65.38,65.74,59.5,0,0
2026-08-24T21:03:42.546000+09:00,2026-08-24T12:03:42.546000+00:00,094623,2001.1,1,0,0,0,0,13422,460,13422,0,0,0,0,4655,-26560,12374,6,5024,72,129,0,0,0,0,0,0,0,0,0,31082107,2018,0.3,593.58,2594.68,0,50.6,99.3,67.9,36.4,54.9,522.1,92,604.8,151.8,156.7,1005.2,364362,4470,12.82,88.6,1300,2.62,1.86,27,39.3,65,12.14,12222275,72610,75.05,3427.68,0,1200,400,720,240,4200,7500,8500,102,1.5,6000,0,0,0,0,0,60.86,30,64.19,52.95,59.6,0,0
2026-08-24T21:04:42.675000+09:00,2026-08-24T12:04:42.675000+00:00,094623,1559.2,1,0,0,0,0,13422,495,13422,0,0,0,0,4651,-28608,10326,6,4992,0,129,0,0,0,0,0,0,0,0,0,31082107,2018,0.35,443.43,2002.62,0,50.4,96.5,68.1,36.5,54.7,521.6,85.1,598.3,143.1,146.7,1008,364362,4470,12.1,90.4,1440,2.87,1.48,23.6,38.1,65,11.31,12222277,72610,56.52,3427.68,0,1200,400,720,240,4200,7500,8500,102,1.5,6000,0,0,0,0,0,61.76,30,54.65,57.66,59.5,0,0
2026-08-24T21:05:42.728000+09:00,2026-08-24T12:05:42.728000+00:00,094623,2772.9,1,0,0,0,0,13422,495,13422,0,0,0,0,4651,-28608,18518,6,4480,528,129,0,0,0,0,0,0,0,0,0,31082107,2018,0.39,1197.85,3970.76,0,50.3,98.3,67.8,36.5,54.4,510.8,86.2,604,148.4,152.7,1032.5,364362,4470,12.68,91.6,1500,2.79,1.18,30.7,39.1,65,23.49,12222280,72610,59.54,3427.68,0,1200,400,720,240,4200,7500,8500,102,1.5,6000,0,0,0,0,0,68.45,30,67.78,69.54,59.5,0,0
2026-08-24T21:06:42.843000+09:00,2026-08-24T12:06:42.843000+00:00,094623,1715.4,1,0,0,0,0,13422,495,13422,0,0,0,0,4651,-28608,10326,518,4992,0,129,0,0,0,0,0,0,0,0,0,31082107,2018,0.3,556.96,2272.41,0,50.6,98.3,68,36.5,54.9,520.6,85.6,609.1,149.4,154,1017.3,364362,4470,12.57,88.4,1490,2.86,1.13,22.8,35.5,65,11.07,12222283,72610,72.07,3427.68,0,1200,400,720,240,4200,7500,8500,102,1.5,6000,0,0,0,0,0,61.08,30,61.37,52.2,59.4,0,0
2026-08-24T21:07:42.953000+09:00,2026-08-24T12:07:42.953000+00:00,094623,1641.0,1,0,0,0,0,13422,496,13422,0,0,0,0,4655,-26560,10326,590,4992,8192,129,0,0,0,0,0,0,0,0,0,31082107,2018,0.36,560.63,2201.6,0,50.3,97.3,68.1,36.5,54.6,521.5,86.8,603,142.3,145.8,1028.6,364363,4471,12.76,90.5,1490,2.86,1.14,22.7,36.7,65,11.16,12222285,72610,55.63,3427.68,0,1200,400,720,240,4200,7500,8500,102,1.5,6000,0,0,0,0,0,61.55,30,56.64,57.82,59.5,0,0
2026-08-24T21:08:43.040000+09:00,2026-08-24T12:08:43.040000+00:00,094623,2940.1,1,0,0,0,0,13422,497,13422,0,0,0,0,4651,-28608,12374,518,5024,72,129,0,0,0,0,0,0,0,0,0,31082107,2018,0.35,1225.93,4166.08,0,50.3,98.5,67.8,36.5,54.4,513,86.3,610,149.9,154.6,1046.8,364363,4471,12.73,91.5,1510,2.79,1.17,31.1,38.7,65,24.77,12222288,72610,63.96,3427.68,0,1200,400,720,240,4200,7500,8500,102,1.5,6000,0,0,0,0,0,69.17,30,69.05,70.55,59.4,0,0
2026-08-24T21:09:43.152000+09:00,2026-08-24T12:09:43.152000+00:00,094623,1688.6,1,0,0,0,0,13422,515,13422,0,0,0,0,4655,-28608,10326,6,4992,0,129,0,0,0,0,0,0,0,0,0,31082107,2018,0.32,641.19,2329.78,0,50.6,97.6,68,36.5,54.8,517.1,81.2,604.2,147.2,151.5,1016.3,364363,4471,12.77,88.7,1540,2.99,1.03,21.6,32.2,65,14.58,12222290,72610,66.5,3427.68,0,1200,400,720,240,4200,7500,8500,102,1.5,6000,0,0,0,0,0,61.33,30,59.55,53.04,59.4,0,0
2026-08-24T21:10:43.263000+09:00,2026-08-24T12:10:43.263000+00:00,094623,1928.2,1,0,0,0,0,13422,519,13422,0,0,0,0,4655,-28608,18518,6,4992,528,129,0,0,0,0,0,0,0,0,0,31082107,2018,0.39,948.82,2876.98,0,50.3,98.1,68.1,36.5,54.7,512.6,93,601.8,144.9,148.9,1034,364363,4471,12.75,89.8,1560,3.01,1.05,23.2,31.4,65,14.93,12222292,72610,55.5,3427.68,0,1200,400,720,240,4200,7500,8500,102,1.5,6000,0,0,0,0,0,62.71,30,60.3,56.71,59.4,0,0
2026-08-24T21:11:43.359000+09:00,2026-08-24T12:11:43.359000+00:00,094623,2538.5,1,0,0,0,0,13422,500,13422,0,0,0,0,4655,-28608,10390,518,21376,0,129,0,0,0,0,0,0,0,0,0,31082107,2018,0.35,954.92,3493.45,0,50.3,98.9,67.9,36.4,54.8,515.5,91.8,609.8,156.1,161.7,1026,364363,4471,12.7,91,1510,2.85,1.09,26.7,34.5,65,19.86,12222296,72610,69.54,3427.68,0,1200,400,720,240,4200,7500,8500,102,1.5,6000,0,0,0,0,0,65.97,30,67.04,65.37,59.4,0,0
2026-08-24T21:12:43.468000+09:00,2026-08-24T12:12:43.468000+00:00,094623,1813.1,1,0,0,0,0,13422,520,13422,0,0,0,0,4651,-28608,10326,6,4992,0,129,0,0,0,0,0,0,0,0,0,31082107,2018,0.33,727.87,2540.97,0,50.5,96.7,68.1,36.4,54.9,516.5,84.1,601.6,145.4,149.3,1001.6,364363,4471,12.36,89.4,1560,3.02,1.06,23,33.5,65,16.64,12222298,72610,62.15,3427.69,0,1200,400,720,240,4200,7500,8500,102,1.5,6000,0,0,0,0,0,63.41,30,58.12,56.28,59.4,0,0
2026-08-24T21:13:43.576000+09:00,2026-08-24T12:13:43.576000+00:00,094623,1814.3,1,0,0,0,0,13422,492,13422,0,0,0,0,4651,-28608,12390,6,12708,72,129,0,0,0,0,0,0,0,0,0,31082107,2018,0.38,643.63,2457.96,0,50.3,98.3,68,36.4,54.6,517.6,161.9,601.4,144,148.1,1001.6,364364,4472,12.56,90.3,1480,2.81,1.16,24.4,37.3,65,12.14,12222300,72610,59.14,3427.69,0,1200,400,720,240,4200,7500,8500,102,1.5,6000,0,0,0,0,0,62.49,30,60.88,58.57,59.4,0,0
2026-08-24T21:14:43.671000+09:00,2026-08-24T12:14:43.671000+00:00,094623,2073.1,1,0,0,0,0,13422,500,13422,0,0,0,0,4651,-28608,10326,6,4992,0,129,0,0,0,0,0,0,0,0,0,31082107,2018,0.35,731.53,2804.65,0,50.5,99.4,67.9,36.3,54.6,523.4,116,609.9,153.6,159.2,1059.3,364364,4472,12.74,89.3,1510,2.87,1.11,25.3,37.1,65,18.35,12222303,72610,77.11,3427.69,0,1200,400,720,240,4200,7500,8500,102,1.5,6000,0,0,0,0,0,64.63,30,67.54,59.05,59.4,0,0
2026-08-24T21:15:43.772000+09:00,2026-08-24T12:15:43.772000+00:00,094623,1543.3,1,0,0,0,0,13422,490,13422,0,0,0,0,4655,-28608,18518,6,4992,528,129,0,0,0,0,0,0,0,0,0,31082107,2018,0.33,550.86,2094.18,0,50.4,96.3,67.9,36.4,54.6,522,101.4,600.8,142.8,146.4,1013.8,364364,4472,12.62,89.8,1480,2.82,1.1,22.1,35.7,65,11.09,12222306,72610,58.13,3427.69,0,1200,400,720,240,4200,7500,8500,102,1.5,6000,0,0,0,0,0,60.62,30,54.46,55.23,59.4,0,0
2026-08-24T21:16:43.867000+09:00,2026-08-24T12:16:43.867000+00:00,094623,2019.4,1,0,0,0,0,13422,494,13422,0,0,0,0,4651,-28608,10326,6,4480,0,129,0,0,0,0,0,0,0,0,0,31082107,2018,0.41,831.63,2851.04,0,50.3,98.4,67.8,36.4,54.3,515.9,96.9,600.9,143,146.6,1051.4,364364,4472,12.45,91.2,1490,2.82,1.19,25.9,38,65,15.24,12222308,72610,58.1,3427.69,0,1200,400,720,240,4200,7500,8500,102,1.5,6000,0,0,0,0,0,62.57,30,62.23,62.39,59.4,0,0
2026-08-24T21:17:43.987000+09:00,2026-08-24T12:17:43.987000+00:00,094623,2043.8,1,0,0,0,0,13422,498,13422,0,0,0,0,4655,-28608,10326,6,4992,0,129,0,0,0,0,0,0,0,0,0,31082107,2018,0.3,714.44,2758.26,0,50.6,99.4,67.9,36.4,54.7,519,94.5,611.3,155.2,160.8,1031.1,364364,4472,12.26,88.7,1500,2.87,1.12,24,34.3,65,13.54,12222311,72610,78.97,3427.69,0,1200,400,720,240,4200,7500,8500,102,1.5,6000,0,0,0,0,0,61.35,30,65.31,54.92,59.4,0,0
2026-08-24T21:18:44.092000+09:00,2026-08-24T12:18:44.092000+00:00,094623,1678.8,1,0,0,0,0,13422,510,13422,0,0,0,0,4651,-28608,12374,6,5024,72,129,0,0,0,0,0,0,0,0,0,31082107,2018,0.34,659.5,2338.33,0,50.4,96.7,68.3,36.3,54.8,516,90.4,605.4,145.6,149.6,1006.7,364364,4472,12.79,90,1520,2.97,1.04,21.5,32,65,13.48,12222313,72610,55.04,3427.69,0,1200,400,720,240,4200,7500,8500,102,1.5,6000,0,0,0,0,0,61.87,30,55.46,56.26,59.3,0,0
2026-08-24T21:19:44.215000+09:00,2026-08-24T12:19:44.215000+00:00,094623,2508.0,1,0,0,0,0,13422,493,13422,0,0,0,0,4651,-28608,10326,6,4480,0,129,0,0,0,0,0,0,0,0,0,31082107,2018,0.39,1018.4,3526.41,0,50.3,98.4,68.2,36.3,54.6,511.3,93.3,608.3,147.3,151.8,1002.5,364365,4473,12.76,91.5,1490,2.79,1.21,29,39,65,20.07,12222315,72610,60.35,3427.69,0,1200,400,720,240,4200,7500,8500,102,1.5,6000,0,0,0,0,0,67.58,30,65.86,67.27,59.3,0,0
2026-08-24T21:20:44.321000+09:00,2026-08-24T12:20:44.321000+00:00,094623,1935.2,1,0,0,0,0,13422,521,13422,0,0,0,0,4655,-28608,18518,6,4992,528,129,0,0,0,0,0,0,0,0,0,31082107,2018,0.31,776.7,2711.87,0,50.6,98.6,68,36.3,54.9,517,89.4,607,149.2,154.1,1015.4,364365,4473,12.97,88.4,1570,3.04,1.04,23.3,33.3,65,16.17,12222318,72610,74.46,3427.69,0,1200,400,720,240,4200,7500,8500,102,1.5,6000,0,0,0,0,0,63.66,30,64.41,54.88,59.3,0,0
2026-08-24T21:21:44.415000+09:00,2026-08-24T12:21:44.415000+00:00,094623,2042.9,1,0,0,0,0,13422,521,13422,0,0,0,0,4651,-28608,10326,6,4992,0,129,0,0,0,0,0,0,0,0,0,31082107,2018,0.36,845.06,2887.97,0,50.3,97.4,68,36.3,54.6,515.7,84.2,603.9,143.2,147.1,1035.8,364365,4473,12.81,90.3,1570,3,1.09,24.5,33.9,65,11.11,12222320,72610,55.42,3427.7,0,1200,400,720,240,4200,7500,8500,102,1.5,6000,0,0,0,0,0,63.83,30,59.45,59.81,59.3,0,0
2026-08-24T21:22:44.504000+09:00,2026-08-24T12:22:44.504000+00:00,094623,2954.8,1,0,0,0,0,13422,495,13422,0,0,0,0,4651,-28608,10326,6,4480,0,129,0,0,0,0,0,0,0,0,0,31082107,2018,0.37,1330.91,4285.71,0,50.3,98.2,67.9,36.3,54.5,509.4,82.9,610.4,150.6,155.6,1026.3,364365,4473,12.79,91.7,1490,2.79,1.18,31.3,38.1,65,24.62,12222323,72610,61.06,3427.7,0,1200,400,720,240,4200,7500,8500,102,1.5,6000,0,0,0,0,0,69.22,30,67.87,70.72,59.3,0,0
2026-08-24T21:23:44.600000+09:00,2026-08-24T12:23:44.600000+00:00,094623,2010.9,1,0,0,0,0,13422,522,13422,0,0,0,0,4655,-28608,12374,518,5024,72,129,0,0,0,0,0,0,0,0,0,31082107,2018,0.31,821.86,2832.73,0,50.6,98.7,68.1,36.3,54.9,517.4,91.3,607.2,148,152.7,1014.8,364365,4473,12.88,88.8,1570,3.01,1.09,24.6,34.6,65,10.96,12222326,72610,70.34,3427.7,0,1200,400,720,240,4200,7500,8500,102,1.5,6000,0,0,0,0,0,64.46,30,66.09,56.39,59.3,0,0
2026-08-24T21:24:44.727000+09:00,2026-08-24T12:24:44.727000+00:00,094623,2102.7,1,0,0,0,0,13422,523,13422,0,0,0,0,4651,-28608,10326,6,4992,0,129,0,0,0,0,0,0,0,0,0,31082107,2018,0.36,860.93,2963.65,0,50.3,97,68.2,36.2,54.6,518,84.9,601.6,141.8,145.9,1037.7,364365,4473,12.88,90,1580,3,1.12,25.8,36.3,65,10,12222328,72610,56.07,3427.7,0,1200,400,720,240,4200,7500,8500,102,1.5,6000,0,0,0,0,0,66.04,30,59.94,60.55,59.2,0,0
2026-08-24T21:25:44.826000+09:00,2026-08-24T12:25:44.826000+00:00,094623,2893.8,1,0,0,0,0,13422,503,13422,0,0,0,0,4655,-26560,18518,590,4992,8720,129,0,0,0,0,0,0,0,0,0,31082107,2018,0.36,1219.82,4113.59,0,50.3,98.9,67.9,36.2,54.4,512.6,97,612.2,153,158.5,1035.7,364366,4474,12.55,91.1,1520,2.86,1.13,29.2,35.8,65,23.37,12222331,72610,66.55,3427.7,0,1200,400,720,240,4200,7500,8500,102,1.5,6000,0,0,0,0,0,68.18,30,68.68,67.72,59.2,0,0
2026-08-24T21:26:44.906000+09:00,2026-08-24T12:26:44.906000+00:00,094623,1682.5,1,0,0,0,0,13422,496,13422,0,0,0,0,4651,-28608,10326,590,4992,8192,129,0,0,0,0,0,0,0,0,0,31082107,2018,0.31,574.05,2256.54,0,50.4,97,68.1,36.2,54.8,520.2,91.5,608,148.2,153,1017.6,364366,4474,12.7,89.3,1500,2.88,1.13,22.8,35.7,65,10.64,12222333,72610,66.21,3427.7,0,1200,400,720,240,4200,7500,8500,102,1.5,6000,0,0,0,0,0,61.53,30,57.53,54.59,59.2,0,0
2026-08-24T21:27:45.005000+09:00,2026-08-24T12:27:45.005000+00:00,094623,1648.3,1,0,0,0,0,13422,496,13422,0,0,0,0,4655,-28608,10326,6,4992,0,129,0,0,0,0,0,0,0,0,0,31082107,2018,0.37,598.47,2246.77,0,50.2,97.8,68.2,36.2,54.5,519.9,91.2,603.5,142.4,146.4,1024.3,364366,4474,12.92,90,1490,2.86,1.14,22.9,36,65,11.16,12222335,72610,57.63,3427.7,0,1200,400,720,240,4200,7500,8500,102,1.5,6000,0,0,0,0,0,62.09,30,57.94,56.48,59.2,0,0
2026-08-24T21:28:45.091000+09:00,2026-08-24T12:28:45.091000+00:00,094623,2436.0,1,0,0,0,0,13422,501,13422,0,0,0,0,4655,-26560,12374,6,5025,72,129,0,0,0,0,0,0,0,0,0,31082107,2018,0.34,867.03,3303.02,0,50.4,99.4,67.9,36.2,54.5,517.2,86.6,611.3,151.2,156.3,1061.5,364366,4474,12.59,89.9,1510,2.88,1.11,26.1,34.6,65,18.31,12222339,72610,76.69,3427.7,0,1200,400,720,240,4200,7500,8500,102,1.5,6000,0,0,0,0,0,65.2,30,67.42,61.16,59.2,0,0
2026-08-24T21:29:45.187000+09:00,2026-08-24T12:29:45.187000+00:00,094623,1631.2,1,0,0,0,0,13422,491,13422,0,0,0,0,4655,-26560,10326,6,4992,0,129,0,0,0,0,0,0,0,0,0,31082107,2018,0.33,556.96,2188.18,0,50.4,96.3,68,36.2,54.8,518.5,85.8,603.6,144.7,148.8,1032.9,364366,4474,12.69,89.8,1480,2.85,1.09,22,34.4,65,10.62,12222341,72610,62.15,3427.7,0,1200,400,720,240,4200,7500,8500,102,1.5,6000,0,0,0,0,0,61.4,30,54.89,55.67,59.1,0,0
2026-08-24T21:30:45.288000+09:00,2026-08-24T12:30:45.288000+00:00,094623,1968.1,1,0,0,0,0,13422,493,13422,0,0,0,0,4655,-28608,18582,6,20864,528,129,0,0,0,0,0,0,0,0,0,31082107,2018,0.38,688.8,2656.94,0,50.2,98.5,68,36.2,54.5,515.9,80.9,605.9,142.4,146.5,1036.5,364366,4474,12.64,90.2,1490,2.82,1.18,25.5,38.4,65,14.52,12222343,72610,58.8,3427.7,0,1200,400,720,240,4200,7500,8500,102,1.5,6000,0,0,0,0,0,63.79,30,62.65,59.48,59.1,0,0
2026-08-24T21:31:45.391000+09:00,2026-08-24T12:31:45.391000+00:00,094623,2017.0,1,0,0,0,0,13422,499,13422,0,0,0,0,4655,-28608,10326,6,4992,0,129,0,0,0,0,0,0,0,0,0,31082107,2018,0.34,725.42,2742.39,0,50.5,99.2,67.9,36.2,54.7,519.9,85.4,612.4,150.9,156.1,1059.2,364367,4475,12.42,89.4,1500,2.9,1.12,24,34.7,65,13.91,12222346,72610,76.9,3427.71,0,1200,400,720,240,4200,7500,8500,102,1.5,6000,0,0,0,0,0,62.4,30,64.73,56.91,59.1,0,0
2026-08-24T21:32:45.489000+09:00,2026-08-24T12:32:45.489000+00:00,094623,1791.1,1,0,0,0,0,13422,518,13422,0,0,0,0,4655,-28608,10342,6,13188,0,129,0,0,0,0,0,0,0,0,0,31082107,2018,0.34,657.06,2448.19,0,50.3,96.6,68.1,36.2,54.7,516,83.8,605.6,143.2,147.2,1017.4,364367,4475,12.92,90.2,1560,3.02,1.04,22.4,32.9,65,16.77,12222348,72610,59.62,3427.71,0,1200,400,720,240,4200,7500,8500,102,1.5,6000,0,0,0,0,0,62.69,30,56.15,58.11,59.1,0,0
2026-08-24T21:33:45.591000+09:00,2026-08-24T12:33:45.591000+00:00,094623,2289.5,1,0,0,0,0,13422,494,13422,0,0,0,0,4655,-28608,12374,6,4512,72,129,0,0,0,0,0,0,0,0,0,31082107,2018,0.4,845.06,3134.56,0,50.2,98.3,68.1,36.3,54.4,514.6,83.6,604.9,142.3,146.2,1008.7,364367,4475,12.69,90.8,1490,2.8,1.2,28.1,40.6,65,19.47,12222350,72610,58.29,3427.71,0,1200,400,720,240,4200,7500,8500,102,1.5,6000,0,0,0,0,0,67.2,30,65.15,64.41,59.1,0,0
2026-08-24T21:34:45.696000+09:00,2026-08-24T12:34:45.696000+00:00,094623,2056.0,1,0,0,0,0,13422,499,13422,0,0,0,0,4655,-28608,10326,6,4992,0,129,0,0,0,0,0,0,0,0,0,31082107,2018,0.31,669.27,2725.3,0,50.5,99.7,67.8,36.2,54.7,517.3,86.5,612.2,152.9,158.5,1052.1,364367,4475,12.73,89,1510,2.9,1.13,23.9,34.3,65,12.57,12222354,72610,77.8,3427.71,0,1200,400,720,240,4200,7500,8500,102,1.5,6000,0,0,0,0,0,61.53,30,66.12,55.05,59,0,0
2026-08-24T21:35:45.861000+09:00,2026-08-24T12:35:45.861000+00:00,094623,1695.9,1,0,0,0,0,13422,494,13422,0,0,0,0,4651,-28608,18518,6,4992,16,129,0,0,0,0,0,0,0,0,0,31082107,2018,0.35,593.58,2289.5,0,50.3,96.4,68.2,36.2,54.7,518.4,82.5,606.4,145.3,149.7,1037.7,364367,4475,12.62,90.2,1490,2.85,1.14,23.1,35.8,65,11.12,12222356,72610,55,3427.71,0,1200,400,720,240,4200,7500,8500,102,1.5,6000,0,0,0,0,0,61.93,30,54.62,56.85,59,0,0
2026-08-24T21:36:45.953000+09:00,2026-08-24T12:36:45.953000+00:00,094623,2714.3,1,0,0,0,0,13422,494,13422,0,0,0,0,4655,-28608,10326,518,4480,0,129,0,0,0,0,0,0,0,0,0,31082107,2018,0.37,1172.22,3886.53,0,50.3,98.5,68.1,36.2,54.5,508.9,84.6,609.2,147.7,152.6,1048.4,364367,4475,12.74,91.7,1490,2.79,1.2,30.4,39.1,65,21.42,12222358,72610,60.2,3427.71,0,1200,400,720,240,4200,7500,8500,102,1.5,6000,0,0,0,0,0,69.03,30,67.71,69.14,59,0,0
2026-08-24T21:37:46.053000+09:00,2026-08-24T12:37:46.053000+00:00,094623,1686.2,1,0,0,0,0,13422,491,13422,0,0,0,0,4655,-28608,10326,6,4992,0,129,0,0,0,0,0,0,0,0,0,31082107,2018,0.29,569.17,2255.32,0,50.6,98.1,68.1,36.1,54.9,518.1,83,614.7,150.4,155.4,1028.8,364368,4476,12.65,88.5,1480,2.84,1.11,22.5,34.8,65,11.17,12222361,72610,76.87,3427.71,0,1200,400,720,240,4200,7500,8500,102,1.5,6000,0,0,0,0,0,61.86,30,60.85,52.55,59,0,0
2026-08-24T21:38:46.180000+09:00,2026-08-24T12:38:46.180000+00:00,094623,1571.4,1,0,0,0,0,13422,490,13422,0,0,0,0,4651,-28608,12374,518,5024,72,129,0,0,0,0,0,0,0,0,0,31082107,2018,0.37,522.78,2094.18,0,50.3,97.2,68.1,36.1,54.7,519,85,606.7,142.8,146.7,1014.5,364368,4476,12.3,89.7,1480,2.83,1.1,22.2,35.7,65,10.67,12222363,72610,55.43,3427.71,0,1200,400,720,240,4200,7500,8500,102,1.5,6000,0,0,0,0,0,62.12,30,56.34,55.1,59,0,0
2026-08-24T21:39:46.264000+09:00,2026-08-24T12:39:46.264000+00:00,094623,2868.1,1,0,0,0,0,13422,495,13422,0,0,0,0,4655,-28608,10326,6,4480,0,129,0,0,0,0,0,0,0,0,0,31082107,2018,0.31,1271.1,4139.23,0,50.3,98.8,67.8,36.1,54.4,512.3,82.9,615,149.3,153.8,1022.9,364368,4476,12.7,92,1490,2.78,1.18,31.4,39.6,65,25.56,12222366,72610,62.91,3427.71,0,1200,400,720,240,4200,7500,8500,102,1.5,6000,0,0,0,0,0,69.9,30,70.06,72.57,59,0,0
2026-08-24T21:40:46.361000+09:00,2026-08-24T12:40:46.361000+00:00,094623,2304.1,1,0,0,0,0,13422,519,13422,0,0,0,0,4651,-28608,18518,6,4992,16,129,0,0,0,0,2,0,0,0,0,31082107,2018,0.31,959.81,3263.95,0,50.7,97.6,68,36.2,54.9,515.4,82.9,612,150.6,155.3,1012.8,364368,4476,12.55,88.2,1580,2.96,1.13,26.8,36,65,9.88,12222369,72610,69.21,3427.72,0,1200,400,720,240,4200,7500,8500,102,1.5,6000,0,0,0,0,0,64.6,30,62.76,54.31,58.9,0,0
2026-08-24T21:41:46.465000+09:00,2026-08-24T12:41:46.465000+00:00,094623,2309.0,1,0,0,0,0,13422,474,13422,0,0,0,0,4651,-28608,10326,6,4992,0,129,0,0,0,0,2,0,0,0,0,31082107,2018,0.39,967.13,3276.16,0,50.3,97.7,68.2,36.2,54.8,515.2,88.1,612.7,146.8,151.2,1039.2,364368,4476,12.97,90.1,1510,2.68,1.22,27.6,36.5,65,10.98,12222371,72610,53.6,3427.72,0,1200,400,720,240,4200,7500,8500,102,1.5,6000,0,0,0,0,0,62.02,30,57.61,55.66,58.9,0,0
2026-08-24T21:42:46.568000+09:00,2026-08-24T12:42:46.568000+00:00,094623,2631.3,1,0,0,0,0,13422,504,13422,0,0,0,0,4651,-28608,10326,6,4992,0,129,0,0,0,0,0,0,0,0,0,31082107,2018,0.34,1051.36,3682.67,0,50.5,98.8,68.1,36.2,54.7,513.9,86.8,614.1,155.2,161,1033.9,364368,4476,12.55,91.2,1520,2.88,1.12,28.5,37.1,65,24.32,12222374,72610,73.86,3427.72,0,1200,400,720,240,4200,7500,8500,102,1.5,6000,0,0,0,0,0,69.57,30,69.1,68.61,58.9,0,0
2026-08-24T21:43:46.672000+09:00,2026-08-24T12:43:46.672000+00:00,094623,1680.0,1,0,0,0,0,13422,493,13422,0,0,0,0,4651,-28608,12374,6,5024,72,129,0,0,0,0,0,0,0,0,0,31082107,2018,0.29,635.09,2315.13,0,50.6,96.7,67.9,36.2,54.9,519,90,610.1,148.8,153.3,1019,364369,4477,12.12,88.7,1490,2.86,1.15,23.2,35.8,65,10.82,12222376,72610,65.66,3427.72,0,1200,400,720,240,4200,7500,8500,102,1.5,6000,0,0,0,0,0,61.61,30,56.48,52.4,58.9,0,0
2026-08-24T21:44:46.772000+09:00,2026-08-24T12:44:46.772000+00:00,094623,1612.9,1,0,0,0,0,13422,492,13422,0,0,0,0,4651,-28608,10326,6,4992,0,129,0,0,0,0,0,0,0,0,0,31082107,2018,0.38,627.77,2240.67,0,50.3,98.2,68,36.1,54.7,518.4,84.7,608,145.4,149.5,1023.2,364369,4477,12.82,90.6,1480,2.84,1.12,22.7,35.3,65,11.18,12222378,72610,57.18,3427.72,0,1200,400,720,240,4200,7500,8500,102,1.5,6000,0,0,0,0,0,61.77,30,59.43,57.97,58.9,0,0
2026-08-24T21:45:46.864000+09:00,2026-08-24T12:45:46.864000+00:00,094623,2432.3,1,0,0,0,0,13422,500,13422,0,0,0,0,4651,-28608,18518,6,4992,16,129,0,0,0,0,0,0,0,0,0,31082107,2018,0.34,946.38,3378.7,0,50.5,99.2,67.9,36.1,54.6,518.3,90.7,616.2,154.3,159.7,1009.5,364369,4477,12.62,90.2,1510,2.86,1.11,27.4,36.8,65,21.47,12222382,72610,74.63,3427.72,0,1200,400,720,240,4200,7500,8500,102,1.5,6000,0,0,0,0,0,67.36,30,68.91,64.2,58.9,0,0
2026-08-24T21:46:46.990000+09:00,2026-08-24T12:46:46.990000+00:00,094623,2059.7,1,0,0,0,0,13422,437,13422,0,0,0,0,4651,-28608,10326,6,4992,0,129,0,0,0,0,0,0,0,0,0,31082107,2018,0.32,741.29,2800.99,0,50.5,96.3,68,36.1,54.7,522,84.5,606.1,144.8,148.9,1005.8,364369,4477,12.85,89.4,1390,2.55,1.39,27.2,38.9,65,11.16,12222384,72610,60.26,3427.72,0,1200,400,720,240,4200,7500,8500,102,1.5,6000,0,0,0,0,0,60.67,30,53.9,53.49,58.9,0,0
2026-08-24T21:47:47.084000+09:00,2026-08-24T12:47:47.084000+00:00,094623,1739.9,1,0,0,0,0,13422,495,13422,0,0,0,0,4655,-28608,10390,6,20864,0,129,0,0,0,0,0,0,0,0,0,31082107,2018,0.37,620.44,2360.3,0,50.3,98.4,67.9,36.2,54.4,518.6,84.2,606.1,143.3,147.3,1033.3,364369,4477,12.84,90.7,1490,2.87,1.16,23.7,36.3,65,11.37,12222386,72610,57.82,3427.72,0,1200,400,720,240,4200,7500,8500,102,1.5,6000,0,0,0,0,0,61.73,30,60.31,59.02,58.8,0,0
2026-08-24T21:48:47.221000+09:00,2026-08-24T12:48:47.221000+00:00,094623,2212.6,1,0,0,0,0,13422,502,13422,0,0,0,0,4651,-28608,12374,6,5024,72,129,0,0,0,0,0,0,0,0,0,31082107,2018,0.33,854.82,3067.42,0,50.5,99.5,67.8,36.1,54.6,517.8,81.5,617.2,156.3,162.5,1076.5,364369,4477,12.48,89.3,1510,2.89,1.1,25.2,34.5,65,16.81,12222389,72610,76.86,3427.72,0,1200,400,720,240,4200,7500,8500,102,1.5,6000,0,0,0,0,0,63.73,30,67.08,58.69,58.9,0,0
2026-08-24T21:49:47.323000+09:00,2026-08-24T12:49:47.323000+00:00,094623,1675.2,1,0,0,0,0,13422,496,13422,0,0,0,0,4651,-28608,10390,6,21376,0,129,0,0,0,0,0,0,0,0,0,31082107,2018,0.31,615.56,2290.72,0,50.4,96.3,68.1,36.1,54.7,518.7,85.7,608.4,147.1,151.7,1027.8,364370,4478,12.79,89.8,1500,2.87,1.14,23,36.2,65,11.16,12222391,72610,57.8,3427.73,0,1200,400,720,240,4200,7500,8500,102,1.5,6000,0,0,0,0,0,61.59,30,54.57,55.55,58.8,0,0
2026-08-24T21:50:47.404000+09:00,2026-08-24T12:50:47.404000+00:00,094623,2068.5,1,0,0,0,0,13422,494,13422,0,0,0,0,4651,-28608,18518,6,4480,16,129,0,0,0,0,0,0,0,0,0,31082107,2018,0.4,796.23,2864.77,0,50.2,98.3,68.1,36.1,54.5,513.4,84.5,607.2,145.4,149.8,1021,364370,4478,12.73,90.3,1490,2.81,1.19,26.6,38.9,65,16.15,12222394,72610,59.14,3427.73,0,1200,400,720,240,4200,7500,8500,102,1.5,6000,0,0,0,0,0,65,30,63.19,60.62,58.8,0,0
2026-08-24T21:51:47.497000+09:00,2026-08-24T12:51:47.497000+00:00,094623,1981.6,1,0,0,0,0,13422,500,13422,0,0,0,0,4651,-28608,10342,6,13188,0,129,0,0,0,0,0,0,0,0,0,31082107,2018,0.33,737.63,2719.2,0,50.4,99.3,67.9,36.1,54.8,517.8,84.3,613.7,156.1,162.2,1032.7,364370,4478,12.73,89.4,1510,2.89,1.11,24.1,34.4,65,13.37,12222397,72610,78.73,3427.73,0,1200,400,720,240,4200,7500,8500,102,1.5,6000,0,0,0,0,0,62.39,30,64.94,56.57,58.8,0,0
2026-08-24T21:52:47.601000+09:00,2026-08-24T12:52:47.601000+00:00,094623,1592.1,1,0,0,0,0,13422,514,13422,0,0,0,0,4651,-28608,10326,6,4992,0,129,0,0,0,0,0,0,0,0,0,31082107,2018,0.34,607.01,2199.16,0,50.3,96.6,68,36.1,54.8,516.4,80.9,605.5,145.1,149.2,1031,364370,4478,12.94,90.1,1530,2.99,1.04,21.4,32.6,65,13.31,12222399,72610,58.18,3427.73,0,1200,400,720,240,4200,7500,8500,102,1.5,6000,0,0,0,0,0,61.76,30,55.3,56.89,58.8,0,0
2026-08-24T21:53:47.710000+09:00,2026-08-24T12:53:47.710000+00:00,094623,2289.5,1,0,0,0,0,13422,493,13422,0,0,0,0,4655,-28608,12374,6,4512,72,129,0,0,0,0,0,0,0,0,0,31082107,2018,0.41,928.07,3217.57,0,50.2,98.2,67.8,36.1,54.4,513.6,84.7,603.4,145,149.3,1047.1,364370,4478,12.69,91.5,1490,2.8,1.2,28.5,40.7,65,19.8,12222401,72610,59.1,3427.73,0,1200,400,720,240,4200,7500,8500,102,1.5,6000,0,0,0,0,0,66.59,30,65.09,67.05,58.8,0,0
2026-08-24T21:54:47.796000+09:00,2026-08-24T12:54:47.796000+00:00,094623,1815.5,1,0,0,0,0,13422,499,13422,0,0,0,0,4651,-28608,10326,6,4992,0,129,0,0,0,0,0,0,0,0,0,31082107,2018,0.32,576.49,2392.04,0,50.5,99.7,67.8,36,54.7,519.9,84.2,613.5,153.5,159.2,1026,364370,4478,12.67,88.5,1500,2.87,1.13,23.4,35.9,65,12.75,12222405,72610,77.85,3427.73,0,1200,400,720,240,4200,7500,8500,102,1.5,6000,0,0,0,0,0,61.23,30,65.99,53.42,58.7,0,0
2026-08-24T21:55:47.901000+09:00,2026-08-24T12:55:47.901000+00:00,094623,1545.8,1,0,0,0,0,13422,495,13422,0,0,0,0,4651,-28608,18518,6,4992,16,129,0,0,0,0,0,0,0,0,0,31082107,2018,0.36,526.44,2072.21,0,50.3,96.4,68.1,36,54.6,520.7,83.7,605.4,143.7,147.7,995.6,364371,4479,12.67,90.6,1490,2.88,1.12,22.6,36.9,65,11.08,12222407,72610,54.08,3427.73,0,1200,400,720,240,4200,7500,8500,102,1.5,6000,0,0,0,0,0,61.38,30,54.3,57.59,58.7,0,0
2026-08-24T21:56:47.993000+09:00,2026-08-24T12:56:47.993000+00:00,094623,2489.7,1,0,0,0,0,13422,493,13422,0,0,0,0,4651,-28608,10326,6,4480,0,129,0,0,0,0,0,0,0,0,0,31082107,2018,0.39,989.1,3478.8,0,50.2,98.5,68,36,54.2,513.1,82.4,602.3,144.5,148.6,1010.8,364371,4479,12.56,92.1,1490,2.78,1.21,29.9,41.2,65,21.71,12222409,72610,62.19,3427.73,0,1200,400,720,240,4200,7500,8500,102,1.5,6000,0,0,0,0,0,68.22,30,67.4,70.4,58.7,0,0
2026-08-24T21:57:48.165000+09:00,2026-08-24T12:57:48.165000+00:00,094623,2108.8,1,0,0,0,0,13422,523,13422,0,0,0,0,4651,-28608,10326,6,4992,0,129,0,0,0,0,0,0,0,0,0,31082107,2018,0.3,865.81,2974.64,0,50.5,98.6,67.8,36,54.5,516.8,81.2,609.3,150.4,155.7,1001.2,364371,4479,12.77,87.9,1570,3.03,1.09,25.2,34.7,65,14.41,12222412,72610,78.87,3427.73,0,1200,400,720,240,4200,7500,8500,102,1.5,6000,0,0,0,0,0,64.11,30,65.89,54.4,58.7,0,0
2026-08-24T21:58:48.257000+09:00,2026-08-24T12:58:48.257000+00:00,094623,2166.2,1,0,0,0,0,13422,522,13422,0,0,0,0,4655,-26560,12374,6,5024,72,129,0,0,0,0,0,0,0,0,0,31082107,2018,0.38,986.66,3152.87,0,50.2,97,68,36,54.4,515.6,83.1,600,144.3,148.6,1016.8,364371,4479,12.61,90.4,1570,3,1.14,26.4,35.8,65,9.83,12222414,72610,53.82,3427.73,0,1200,400,720,240,4200,7500,8500,102,1.5,6000,0,0,0,0,0,64.45,30,59.31,60.55,58.7,0,0
2026-08-24T21:59:48.377000+09:00,2026-08-24T12:59:48.377000+00:00,094623,2891.3,1,0,0,0,0,13422,494,13422,0,0,0,0,4655,-28608,10326,6,4480,0,129,0,0,0,0,0,0,0,0,0,31082107,2018,0.33,1134.37,4025.7,0,50.1,98.7,68.1,36,54.3,508,79.5,604.6,150.2,155.3,1061.3,364371,4479,12.69,91.9,1490,2.79,1.17,31.2,38.9,65,24.18,12222417,72610,62.79,3427.74,0,1200,400,720,240,4200,7500,8500,102,1.5,6000,0,0,0,0,0,69.27,30,69.16,71.06,58.7,0,0
2026-08-24T22:00:48.472000+09:00,2026-08-24T13:00:48.472000+00:00,094623,2190.6,1,0,0,0,0,13422,457,13422,0,0,0,0,4655,-28608,10326,590,4992,8192,129,0,0,0,0,0,0,0,0,0,31082107,2018,0.31,785.24,2975.86,0,50.4,97.4,68.2,36,54.8,517.4,83.5,602,149.8,154.8,1023.9,364371,4479,12.62,88.5,1450,2.6,1.29,27.4,37.8,65,9.24,12222420,72610,66.3,3427.74,0,1200,400,720,240,4200,7500,8500,102,1.5,6000,0,0,0,0,0,61.1,30,57.75,51.39,58.6,0,0
2026-08-24T22:01:48.558000+09:00,2026-08-24T13:01:48.558000+00:00,094623,2246.8,1,0,0,0,0,13422,441,13422,0,0,0,0,4651,-28608,10326,6,4992,0,129,0,0,0,0,0,0,0,0,0,31082107,2018,0.38,809.66,3056.43,0,50.1,98.2,68.1,36,54.5,516.1,79.8,598.5,145.1,149.5,1019.6,364372,4480,12.84,90.7,1400,2.52,1.36,28.3,38.5,65,11.33,12222422,72610,54.98,3427.74,0,1200,400,720,240,4200,7500,8500,102,1.5,6000,0,0,0,0,0,60.48,30,58.12,57.1,58.7,0,0
2026-08-24T22:02:48.661000+09:00,2026-08-24T13:02:48.661000+00:00,094623,2797.3,1,0,0,0,0,13422,503,13422,0,0,0,0,4651,-28608,10326,518,4992,0,129,0,0,0,0,0,0,0,0,0,31082107,2018,0.34,1095.31,3892.64,0,50.3,98.7,67.9,36,54.5,509,85.2,610.2,156.4,162.1,1038.4,364372,4480,12.76,90.7,1520,2.86,1.12,28.8,35.8,65,22.42,12222425,72610,67.79,3427.74,0,1200,400,720,240,4200,7500,8500,102,1.5,6000,0,0,0,0,0,67.48,30,67.47,66.05,58.6,0,0
2026-08-24T22:03:48.772000+09:00,2026-08-24T13:03:48.772000+00:00,094623,1588.5,1,0,0,0,0,13422,498,13422,0,0,0,0,4655,-26560,12374,6,5024,8,129,0,0,0,0,0,0,0,0,0,31082107,2018,0.32,444.65,2033.14,0,50.3,97.3,68.1,36,54.8,518,84.7,605.2,149.2,154,1016.4,364372,4480,12.09,89.5,1450,2.89,1.41,23.6,37.8,65,10.41,12222427,72610,64.18,3427.74,0,1200,400,720,240,4200,7500,8500,102,1.5,6000,0,0,0,0,0,61.64,30,58.89,55.01,58.6,0,0
2026-08-24T22:04:48.856000+09:00,2026-08-24T13:04:48.856000+00:00,094623,1671.5,1,0,0,0,0,13422,497,13422,0,0,0,0,4651,-28608,10326,6,4480,0,129,0,0,0,0,0,0,0,0,0,31082107,2018,0.38,554.52,2226.02,0,50.2,97.8,68.1,36,54.5,517.4,80.3,601.3,145.2,149.5,1022,364372,4480,12.44,90,1500,2.89,1.14,23,36.1,65,11.29,12222429,72610,57.66,3427.74,0,1200,400,720,240,4200,7500,8500,102,1.5,6000,0,0,0,0,0,61.73,30,58.16,56.19,58.6,0,0
2026-08-24T22:05:48.965000+09:00,2026-08-24T13:05:48.965000+00:00,094623,2282.2,1,0,0,0,0,13422,502,13422,0,0,0,0,4651,-28608,10326,6,4992,0,129,0,0,0,0,0,0,0,0,0,31082107,2018,0.33,792.57,3074.74,0,50.4,99.2,67.8,35.9,54.6,518,84.4,611.8,156.7,162.9,1054.8,364372,4480,12.7,89.9,1510,2.9,1.1,25.7,35.5,65,18.34,12222432,72610,76.16,3427.74,0,1200,400,720,240,4200,7500,8500,102,1.5,6000,0,0,0,0,0,64.69,30,67.03,61.27,58.6,0,0
2026-08-24T22:06:49.069000+09:00,2026-08-24T13:06:49.069000+00:00,094623,1622.7,1,0,0,0,0,13422,491,13422,0,0,0,0,4655,-28608,10390,6,21376,0,129,0,0,0,0,0,0,0,0,0,31082107,2018,0.31,525.22,2147.89,0,50.3,96.3,67.9,36,54.7,518.1,90.3,603,146.6,150.8,1027.7,364372,4480,12.59,89.7,1470,2.85,1.09,22.1,34.7,65,11.56,12222435,72610,59.05,3427.74,0,1200,400,720,240,4200,7500,8500,102,1.5,6000,0,0,0,0,0,60.68,30,54.67,55.09,58.6,0,0
2026-08-24T22:07:49.174000+09:00,2026-08-24T13:07:49.174000+00:00,094623,1986.4,1,0,0,0,0,13422,494,13422,0,0,0,0,4651,-28608,10326,6,4480,0,129,0,0,0,0,0,0,0,0,0,31082107,2018,0.38,665.61,2652.06,0,50.2,98.6,68,36,54.4,514.3,85.9,600.9,145.7,149.9,1039.5,364373,4481,12.58,90.3,1490,2.83,1.18,25.8,38.6,65,14.44,12222437,72610,60.78,3427.74,0,1200,400,720,240,4200,7500,8500,102,1.5,6000,0,0,0,0,0,63.33,30,63.21,59.66,58.6,0,0
2026-08-24T22:08:49.324000+09:00,2026-08-24T13:08:49.324000+00:00,094623,2095.1,1,0,0,0,0,13422,501,13422,0,0,0,0,4655,-28608,12438,6,21408,8,129,0,0,0,0,0,0,0,0,0,31082107,2018,0.34,665.61,2760.7,0,50.3,99.6,67.9,36,54.6,518.9,83.4,611.7,157.2,163.3,1039.5,364373,4481,12.68,89.4,1510,2.91,1.11,24.4,35,65,14.31,12222440,72610,74.92,3427.75,0,1200,400,720,240,4200,7500,8500,102,1.5,6000,0,0,0,0,0,62.46,30,66.39,57.09,58.6,0,0
2026-08-24T22:09:49.377000+09:00,2026-08-24T13:09:49.377000+00:00,094623,2239.5,1,0,0,0,0,13422,519,13422,0,0,0,0,4651,-28608,10326,6,4992,0,129,0,0,0,0,0,0,0,0,0,31082107,2018,0.33,904.87,3144.32,0,50.2,96.2,68.1,36,54.7,513.2,84.9,605,149.4,154.3,1014.3,364373,4481,12.85,90.1,1580,3,1.14,26.8,36.4,65,9.83,12222442,72610,59.76,3427.75,0,1200,400,720,240,4200,7500,8500,102,1.5,6000,0,0,0,0,0,64.48,30,58.05,59.76,58.6,0,0
2026-08-24T22:10:49.477000+09:00,2026-08-24T13:10:49.477000+00:00,094623,2265.1,1,0,0,0,0,13422,494,13422,0,0,0,0,4655,-28608,10342,6,12676,0,129,0,0,0,0,0,0,0,0,0,31082107,2018,0.4,836.51,3101.6,0,50.1,98.4,68.2,36,54.5,510.9,88.1,604.1,149,153.6,1032.7,364373,4481,12.85,90.7,1490,2.82,1.2,28,39.8,65,18.06,12222444,72610,57.86,3427.75,0,1200,400,720,240,4200,7500,8500,102,1.5,6000,0,0,0,0,0,66.48,30,64.96,63.07,58.5,0,0
2026-08-24T22:11:49.593000+09:00,2026-08-24T13:11:49.593000+00:00,094623,1760.6,1,0,0,0,0,13422,497,13422,0,0,0,0,4651,-28608,10326,6,4992,0,129,0,0,0,0,0,0,0,0,0,31082107,2018,0.31,340.89,2101.5,0,50.4,99.4,68,35.8,54.9,515.9,87.6,610.4,157.7,163.9,1019.8,364373,4481,12.47,88.5,1490,2.9,0.87,23.9,36.1,65,12.44,12222448,72610,78.47,3427.75,0,1200,400,720,240,4200,7500,8500,102,1.5,6000,0,0,0,0,0,61.89,30,65.19,53.15,58.5,0,0
2026-08-24T22:12:49.682000+09:00,2026-08-24T13:12:49.682000+00:00,094623,1648.3,1,0,0,0,0,13422,497,13422,0,0,0,0,4655,-28608,10326,6,4992,0,129,0,0,0,0,0,0,0,0,0,31082107,2018,0.37,541.09,2189.4,0,50.1,96.4,68.1,35.9,54.8,518.8,99.1,602.8,147.6,151.9,1007.4,364373,4481,12.7,90.7,1500,2.9,1.14,23,36.5,65,11.26,12222450,72610,53.62,3427.75,0,1200,400,720,240,4200,7500,8500,102,1.5,6000,0,0,0,0,0,61.86,30,54.54,57.62,58.6,0,0
2026-08-24T22:13:49.797000+09:00,2026-08-24T13:13:49.797000+00:00,094623,2628.9,1,0,0,0,0,13422,494,13422,0,0,0,0,4651,-28608,12374,6,4480,0,129,0,0,0,0,0,0,0,0,0,31082107,2018,0.38,1017.18,3646.05,0,50,98.3,67.8,35.9,54.4,510.8,90.6,605.7,149.8,154.3,1069.9,364374,4482,12.61,91.9,1490,2.8,1.2,30.4,40.9,65,22.71,12222452,72610,63.16,3427.75,0,1200,400,720,240,4200,7500,8500,102,1.5,6000,0,0,0,0,0,68.33,30,67.45,70.09,58.5,0,0
2026-08-24T22:14:49.877000+09:00,2026-08-24T13:14:49.877000+00:00,094623,1739.9,1,0,0,0,0,13422,511,13422,0,0,0,0,4651,-28608,10326,6,4992,0,129,0,0,0,0,0,0,0,0,0,31082107,2018,0.3,659.5,2399.36,0,50.3,99,67.8,35.9,54.7,515,84.8,606.5,153.5,158.7,1021.4,364374,4482,12.8,88.2,1530,3,1.02,21.6,31.7,65,13.59,12222455,72610,71.39,3427.75,0,1200,400,720,240,4200,7500,8500,102,1.5,6000,0,0,0,0,0,60.82,30,63.96,51.5,58.5,0,0
2026-08-24T22:15:49.969000+09:00,2026-08-24T13:15:49.969000+00:00,094623,1714.2,1,0,0,0,0,13422,517,13422,0,0,0,0,4651,-28608,10326,6,4992,0,129,0,0,0,0,0,0,0,0,0,31082107,2018,0.37,676.59,2390.82,0,50,96.9,67.9,35.9,54.6,514.7,82.2,602.1,147.2,151.4,1035.5,364374,4482,12.76,90.3,1540,3.01,1.03,21.8,32,65,16.12,12222457,72610,53.76,3427.75,0,1200,400,720,240,4200,7500,8500,102,1.5,6000,0,0,0,0,0,61.03,30,55.93,57.08,58.5,0,0
2026-08-24T22:16:50.059000+09:00,2026-08-24T13:16:50.059000+00:00,094623,2986.5,1,0,0,0,0,13422,495,13422,0,0,0,0,4655,-28608,10326,6,4480,0,129,0,0,0,0,0,0,0,0,0,31082107,2018,0.33,1271.1,4257.64,0,50,98.4,67.9,35.9,54.3,509.5,84.6,612,154.6,159.8,1039.7,364374,4482,12.7,91.4,1500,2.81,1.17,31.5,38.6,65,25.06,12222460,72610,63.36,3427.75,0,1200,400,720,240,4200,7500,8500,102,1.5,6000,0,0,0,0,0,69.07,30,68.9,69.99,58.5,0,0
2026-08-24T22:17:50.151000+09:00,2026-08-24T13:17:50.151000+00:00,094623,1954.7,1,0,0,0,0,13422,520,13422,0,0,0,0,4655,-28608,10326,6,4992,0,129,0,0,0,0,0,0,0,0,0,31082107,2018,0.32,819.42,2774.13,0,50.2,97.5,68,35.9,54.8,512.9,86.6,609.4,153.4,158.5,1029.5,364374,4482,12.87,88.8,1570,3.03,1.07,23.8,33.1,65,16.89,12222463,72610,68.64,3427.75,0,1200,400,720,240,4200,7500,8500,102,1.5,6000,0,0,0,0,0,62.85,30,60.88,54.81,58.5,0,0
2026-08-24T22:18:50.240000+09:00,2026-08-24T13:18:50.240000+00:00,094623,1943.7,1,0,0,0,0,13422,522,13422,0,0,0,0,4651,-28608,8278,6,4992,0,129,0,0,0,0,0,0,0,0,0,31082107,2018,0.38,821.86,2765.59,0,50,98.2,68.2,35.9,54.7,513.2,82.7,605.5,147.6,151.8,1025.5,364374,4482,12.77,90.3,1570,3.02,1.09,24.6,34.6,65,10.06,12222465,72610,55.6,3427.76,0,1200,400,720,240,4200,7500,8500,102,1.5,6000,0,0,0,0,0,64.38,30,62.1,59.8,58.5,0,0
2026-08-24T22:19:50.346000+09:00,2026-08-24T13:19:50.346000+00:00,094623,2653.3,1,0,0,0,0,13422,504,13422,0,0,0,0,4651,-28608,10326,6,4992,0,129,0,0,0,0,0,0,0,0,0,31082107,2018,0.33,1008.64,3661.92,0,50.1,98.7,68.1,35.9,54.5,513.8,84.1,615.5,156.7,162.6,1030,364375,4483,12.59,90.7,1520,2.88,1.13,29.1,38.2,65,25.05,12222468,72610,69.38,3427.76,0,1200,400,720,240,4200,7500,8500,102,1.5,6000,0,0,0,0,0,69.31,30,68.98,67.19,58.4,0,0
2026-08-24T22:20:50.444000+09:00,2026-08-24T13:20:50.444000+00:00,094623,1549.4,1,0,0,0,0,13422,492,13422,0,0,0,0,4655,-28608,10326,6,4992,0,129,0,0,0,0,0,0,0,0,0,31082107,2018,0.32,517.9,2067.32,0,50.2,97.1,68,35.9,54.7,520.2,83.1,608.1,149.2,153.6,1016.1,364375,4483,12.64,89.5,1480,2.85,1.1,22.2,35.9,65,11.19,12222470,72610,65.03,3427.76,0,1200,400,720,240,4200,7500,8500,102,1.5,6000,0,0,0,0,0,61.09,30,58.03,54.73,58.5,0,0
2026-08-24T22:21:50.587000+09:00,2026-08-24T13:21:50.587000+00:00,094623,1626.3,1,0,0,0,0,13422,491,13422,0,0,0,0,4651,-28608,10326,6,4992,0,129,0,0,0,0,0,0,0,0,0,31082107,2018,0.37,560.63,2186.96,0,50,98,68,35.9,54.3,517.9,81.8,605.8,145.4,149.2,1025.2,364375,4483,12.91,90.3,1480,2.84,1.1,22.3,34.9,65,11.34,12222472,72610,56.38,3427.76,0,1200,400,720,240,4200,7500,8500,102,1.5,6000,0,0,0,0,0,61.13,30,58.63,57.09,58.4,0,0
2026-08-24T22:22:50.684000+09:00,2026-08-24T13:22:50.684000+00:00,094623,2434.8,1,0,0,0,0,13422,501,13422,0,0,0,0,4651,-28608,10326,6,4992,0,129,0,0,0,0,0,0,0,0,0,31082107,2018,0.34,869.47,3304.24,0,50.2,99.1,67.9,35.9,54.3,516.7,81.9,617.4,158.3,164.2,1014.5,364375,4483,12.77,90.1,1510,2.87,1.1,26.8,35.9,65,20.73,12222476,72610,77.29,3427.76,0,1200,400,720,240,4200,7500,8500,102,1.5,6000,0,0,0,0,0,65.96,30,67.87,63.56,58.4,0,0
2026-08-24T22:23:50.796000+09:00,2026-08-24T13:23:50.796000+00:00,094623,1851.0,1,0,0,0,0,13422,522,13422,0,0,0,0,4655,-28608,10326,6,4992,528,129,0,0,0,0,0,0,0,0,0,31082107,2018,0.33,790.12,2641.07,0,50.2,96.5,68,35.9,54.6,518.2,82.4,607.3,146.8,151,1017.4,364375,4483,12.79,89,1570,3.03,1.09,24,35.1,65,11.98,12222478,72610,60.41,3427.76,0,1200,400,720,240,4200,7500,8500,102,1.5,6000,0,0,0,0,0,63.66,30,58.45,55.75,58.4,0,0
2026-08-24T22:24:50.889000+09:00,2026-08-24T13:24:50.889000+00:00,094623,1792.4,1,0,0,0,0,13422,492,13422,0,0,0,0,4655,-28608,10326,6,4480,0,129,0,0,0,0,0,0,0,0,0,31082107,2018,0.4,624.1,2416.46,0,50,98.5,67.9,35.9,54.2,518.2,83.5,607.4,145.2,149.1,1015.2,364375,4483,12.69,90.8,1480,2.82,1.17,24.2,37.4,65,12.12,12222480,72610,56.97,3427.76,0,1200,400,720,240,4200,7500,8500,102,1.5,6000,0,0,0,0,0,61.69,30,61.23,59.39,58.3,0,0
2026-08-24T22:25:50.988000+09:00,2026-08-24T13:25:50.988000+00:00,094623,2122.2,1,0,0,0,0,13422,501,13422,0,0,0,0,4655,-28608,10390,6,21376,0,129,0,0,0,0,0,0,0,0,0,31082107,2018,0.3,759.61,2881.86,0,50.3,99.7,67.9,35.9,54.5,518.6,82.7,616.4,158.1,164.1,1036.3,364376,4484,12.09,89.3,1510,2.91,1.1,24.5,34.4,65,15.65,12222483,72610,80.23,3427.76,0,1200,400,720,240,4200,7500,8500,102,1.5,6000,0,0,0,0,0,62.64,30,67.01,57.78,58.4,0,0
2026-08-24T22:26:51.098000+09:00,2026-08-24T13:26:51.098000+00:00,094623,2135.7,1,0,0,0,0,13422,433,13422,0,0,0,0,4651,-28608,10326,6,4992,0,129,0,0,0,0,0,0,0,0,0,31082107,2018,0.33,799.89,2935.58,0,50.1,96,68.2,35.9,54.6,517.5,82.1,608.4,148.3,152.7,1029.3,364376,4484,12.1,89.6,1340,2.5,1.5,27.7,38.3,65,11.29,12222485,72610,57.17,3427.76,0,1200,400,720,240,4200,7500,8500,102,1.5,6000,0,0,0,0,0,60.44,30,52.89,53.29,58.4,0,0
2026-08-24T22:27:51.198000+09:00,2026-08-24T13:27:51.198000+00:00,094623,2233.3,1,0,0,0,0,13422,495,13422,0,0,0,0,4655,-28608,10342,6,4480,0,129,0,0,0,0,0,0,0,0,0,31082107,2018,0.38,876.8,3110.14,0,50,98.3,68.2,35.8,54.4,512.3,94,607.8,148,152.4,1009.5,364376,4484,12.53,91.3,1490,2.82,1.19,27.4,38.7,65,17.46,12222487,72610,60.57,3427.76,0,1200,400,720,240,4200,7500,8500,102,1.5,6000,0,0,0,0,0,66.14,30,63.99,64.69,58.3,0,0
2026-08-24T22:28:51.366000+09:00,2026-08-24T13:28:51.366000+00:00,094623,1819.2,1,0,0,0,0,13422,500,13422,0,0,0,0,4651,-28608,10326,6,4992,528,129,0,0,0,0,0,0,0,0,0,31082107,2018,0.3,615.56,2434.77,0,50.3,99.7,67.9,35.8,54.7,519.4,94.3,616.1,154.6,160.1,1029.9,364376,4484,12.74,88.5,1500,2.91,1.13,23.2,35.3,65,12.35,12222491,72610,78.78,3427.77,0,1200,400,720,240,4200,7500,8500,102,1.5,6000,0,0,0,0,0,61.72,30,66.03,53.4,58.3,0,0
2026-08-24T22:29:51.465000+09:00,2026-08-24T13:29:51.465000+00:00,094623,1652.0,1,0,0,0,0,13422,495,13422,0,0,0,0,4651,-28608,10326,6,4996,0,129,0,0,0,0,0,0,0,0,0,31082107,2018,0.35,639.97,2291.94,0,50,96.2,68,35.9,54.5,519.1,89.7,611.1,146.4,150.5,1019.9,364376,4484,12.77,90.4,1490,2.87,1.14,23,35.6,65,11.19,12222493,72610,53.69,3427.77,0,1200,400,720,240,4200,7500,8500,102,1.5,6000,0,0,0,0,0,61.34,30,53.79,56.96,58.3,0,0
2026-08-24T22:30:51.530000+09:00,2026-08-24T13:30:51.530000+00:00,094623,2449.4,1,0,0,0,0,13422,493,13422,0,0,0,0,4651,-28608,10326,6,4480,0,129,0,0,0,0,0,0,0,0,0,31082107,2018,0.38,961.03,3410.44,0,50,98.5,67.9,35.8,54.3,512.3,92,610.7,148.8,153.4,1017.9,364376,4484,12.76,92.3,1490,2.79,1.19,29.7,40.8,65,22.48,12222495,72610,58.58,3427.77,0,1200,400,720,240,4200,7500,8500,102,1.5,6000,0,0,0,0,0,68.22,30,67.39,70.86,58.3,0,0
2026-08-24T22:31:51.630000+09:00,2026-08-24T13:31:51.630000+00:00,094623,2238.2,1,0,0,0,0,13422,485,13422,0,0,0,0,4651,-28608,10326,6,4992,0,129,0,0,0,0,0,0,0,0,0,31082107,2018,0.3,880.46,3118.69,0,50.3,99,67.9,35.8,54.6,520.9,99.8,606.3,151.5,156.6,1013.9,364377,4485,12.24,88.1,1530,2.75,1.19,26.7,36.7,65,10.66,12222498,72610,79.64,3427.77,0,1200,400,720,240,4200,7500,8500,102,1.5,6000,0,0,0,0,0,60.89,30,63.4,51.26,58.3,0,0
2026-08-24T22:32:51.728000+09:00,2026-08-24T13:32:51.728000+00:00,094623,2026.7,1,0,0,0,0,13422,436,13422,0,0,0,0,4655,-28608,10326,6,4992,0,129,0,0,0,0,0,0,0,0,0,31082107,2018,0.38,701.01,2727.74,0,50.1,97.1,67.9,35.8,54.4,520.7,103.6,607.1,144.1,148.3,1020.8,364377,4485,12.63,90.3,1360,2.52,1.45,27.3,38.9,65,11.05,12222500,72610,52.07,3427.77,0,1200,400,720,240,4200,7500,8500,102,1.5,6000,0,0,0,0,0,59.75,30,55.09,55.6,58.3,0,0
2026-08-24T22:33:51.832000+09:00,2026-08-24T13:33:51.832000+00:00,094623,2483.6,1,0,0,0,0,13422,494,13422,0,0,0,0,4651,-28608,10326,6,4480,528,129,0,0,0,0,0,0,0,0,0,31082107,2018,0.38,993.99,3477.58,0,50,97.8,67.9,35.8,54,515.5,91.6,610.5,146,149.9,1050,364377,4485,12.38,92.4,1490,2.79,1.2,30,41.7,65,23.81,12222503,72610,61.58,3427.77,0,1200,400,720,240,4200,7500,8500,102,1.5,6000,0,0,0,0,0,68.39,30,66.09,72.33,58.2,0,0
2026-08-24T22:34:51.971000+09:00,2026-08-24T13:34:51.971000+00:00,094623,2140.6,1,0,0,0,0,13422,524,13422,0,0,0,0,4651,-28608,10326,6,4992,0,129,0,0,0,0,2,0,0,0,0,31082107,2018,0.3,849.94,2990.51,0,50.4,99.1,67.9,35.8,54.4,518.4,85.3,609.6,150.3,155.1,1027.5,364377,4485,12.57,87.7,1580,3.03,1.1,25.5,35.5,65,10.41,12222506,72610,76.82,3427.77,0,1200,400,720,240,4200,7500,8500,102,1.5,6000,0,0,0,0,0,64.29,30,67.97,53.83,58.2,0,0
2026-08-24T22:35:52.126000+09:00,2026-08-24T13:35:52.126000+00:00,094623,2187.0,1,0,0,0,0,13422,523,13422,0,0,0,0,4655,-28608,10326,6,4992,0,129,0,0,0,0,0,0,0,0,0,31082107,2018,0.4,1000.09,3187.05,0,50.1,97,68,35.8,54.4,515.2,84.7,606,146,150,1027.1,364377,4485,12.74,90.4,1570,3.01,1.13,26.1,35,65,14.3,12222508,72610,50.34,3427.77,0,1200,400,720,240,4200,7500,8500,102,1.5,6000,0,0,0,0,0,64.02,30,59.47,59.7,58.2,0,0
2026-08-24T22:36:52.216000+09:00,2026-08-24T13:36:52.216000+00:00,094623,2750.9,1,0,0,0,0,13422,494,13422,0,0,0,0,4655,-28608,10326,6,4480,0,129,0,0,0,0,0,0,0,0,0,31082107,2018,0.35,1145.36,3896.3,0,50.1,98.2,68.2,35.8,54.3,510.4,83.6,611.9,151.7,156.4,1038.9,364377,4485,12.7,92.5,1490,2.8,1.18,30.8,39.6,65,24.55,12222511,72610,64.92,3427.77,0,1200,400,720,240,4200,7500,8500,102,1.5,6000,0,0,0,0,0,69.46,30,67.89,73.01,58.2,0,0
2026-08-24T22:37:52.310000+09:00,2026-08-24T13:37:52.310000+00:00,094623,1694.7,1,0,0,0,0,13422,495,13422,0,0,0,0,4651,-28608,10326,6,4992,0,129,0,0,0,0,0,0,0,0,0,31082107,2018,0.29,599.69,2294.38,0,50.4,98.5,68.1,35.8,54.7,519.4,81,608.5,153.1,158.1,1020.9,364378,4486,12.71,87.9,1490,2.87,1.13,22.9,35.5,65,11.23,12222514,72610,72.16,3427.78,0,1200,400,720,240,4200,7500,8500,102,1.5,6000,0,0,0,0,0,61.18,30,62.47,50.21,58.2,0,0
2026-08-24T22:38:52.429000+09:00,2026-08-24T13:38:52.429000+00:00,094623,1617.8,1,0,0,0,0,13422,493,13422,0,0,0,0,4651,-28608,2134,6,4992,528,129,0,0,0,0,0,0,0,0,0,31082107,2018,0.37,576.49,2194.28,0,50,97.1,68.1,35.9,54.5,518.7,87,605.4,146.3,150.3,1030,364378,4486,12.77,91,1490,2.86,1.12,22.8,35.9,65,10.93,12222516,72610,52.4,3427.78,0,1200,400,720,240,4200,7500,8500,102,1.5,6000,0,0,0,0,0,61.33,30,56.25,58.53,58.2,0,0
2026-08-24T22:39:52.533000+09:00,2026-08-24T13:39:52.533000+00:00,094623,2862.0,1,0,0,0,0,13422,494,13422,0,0,0,0,4655,-28608,10326,518,4480,0,129,0,0,0,0,0,0,0,0,0,31082107,2018,0.36,1172.22,4034.24,0,50.2,98.3,68,36,54.3,512.2,83.8,611.4,153.2,157.6,1059.1,364378,4486,12.8,91.2,1500,2.79,1.16,31.2,39.3,65,25.44,12222519,72610,65.15,3427.78,0,1200,400,720,240,4200,7500,8500,102,1.5,6000,0,0,0,0,0,69.82,30,68.9,69.79,58.2,0,0
2026-08-24T22:40:52.637000+09:00,2026-08-24T13:40:52.637000+00:00,094623,1943.7,1,0,0,0,0,13422,522,13422,0,0,0,0,4651,-28608,10326,6,4992,0,129,0,0,0,0,0,0,0,0,0,31082107,2018,0.33,886.56,2830.29,0,50.3,97.8,68,36,54.7,517.6,80.7,607,149.1,153.4,1027.2,364378,4486,12.33,88.7,1570,3.02,1.09,24.4,34.4,65,15.33,12222521,72610,65.81,3427.78,0,1200,400,720,240,4200,7500,8500,102,1.5,6000,0,0,0,0,0,63.73,30,62.89,54.86,58.1,0,0
2026-08-24T22:41:52.738000+09:00,2026-08-24T13:41:52.738000+00:00,094623,2173.5,1,0,0,0,0,13422,523,13422,0,0,0,0,4651,-28608,10326,6,4992,0,129,0,0,0,0,0,0,0,0,0,31082107,2018,0.39,1106.3,3279.82,0,50.1,97.9,68,36,54.4,513.9,78.6,608.1,146.5,150.5,1035.8,364378,4486,12.56,90.2,1570,3.01,1.12,25.9,34.2,65,11.38,12222523,72610,55.1,3427.78,0,1200,400,720,240,4200,7500,8500,102,1.5,6000,0,0,0,0,0,64.56,30,62.07,59.84,58.1,0,0
2026-08-24T22:42:52.832000+09:00,2026-08-24T13:42:52.832000+00:00,094623,2581.2,1,0,0,0,0,13422,502,13422,0,0,0,0,4655,-28608,10326,518,4992,0,129,0,0,0,0,0,0,0,0,0,31082107,2018,0.31,1008.64,3589.89,0,50.2,98.7,68,35.9,54.5,514.7,79.2,618.5,156.7,162.1,1050.6,364378,4486,12.92,91,1510,2.87,1.1,27.6,35.4,65,21.45,12222527,72610,73.03,3427.78,0,1200,400,720,240,4200,7500,8500,102,1.5,6000,0,0,0,0,0,67.35,30,67.88,66.92,58.1,0,0
2026-08-24T22:43:52.949000+09:00,2026-08-24T13:43:52.949000+00:00,094623,1656.9,1,0,0,0,0,13422,472,13422,0,0,0,0,4651,-28608,2134,6,4992,528,129,0,0,0,0,0,0,0,0,0,31082107,2018,0.31,471.51,2128.36,0,50.3,96.7,68.1,35.9,54.7,521.5,78.9,606.2,147.3,151.6,1024.7,364379,4487,12.67,89,1380,2.83,1.75,24.8,39,65,11.18,12222529,72610,62.79,3427.78,0,1200,400,720,240,4200,7500,8500,102,1.5,6000,0,0,0,0,0,60.98,30,56.11,52.76,58.1,0,0
2026-08-24T22:44:53.043000+09:00,2026-08-24T13:44:53.043000+00:00,094623,1562.9,1,0,0,0,0,13422,498,13422,0,0,0,0,4655,-28608,10390,590,20864,8192,129,0,0,0,0,0,0,0,0,0,31082107,2018,0.38,522.78,2085.63,0,50,98.2,68,36,54.2,521.1,86.2,603.5,142.7,146.2,1014.1,364379,4487,12.65,90.5,1500,2.89,1.14,22.6,37,65,10.76,12222531,72610,56.74,3427.78,0,1200,400,720,240,4200,7500,8500,102,1.5,6000,0,0,0,0,0,61.31,30,59.35,57.72,58.1,0,0
2026-08-24T22:45:53.176000+09:00,2026-08-24T13:45:53.176000+00:00,094623,2321.2,1,0,0,0,0,13422,501,13422,0,0,0,0,4655,-28608,10326,6,4992,0,129,0,0,0,0,0,0,0,0,0,31082107,2018,0.33,835.29,3156.53,0,50.3,99.2,67.8,36,54.2,520.5,78.9,611,154.7,160.1,1025.9,364379,4487,12.93,89.7,1510,2.87,1.11,26.8,37.3,65,20.59,12222534,72610,74.85,3427.78,0,1200,400,720,240,4200,7500,8500,102,1.5,6000,0,0,0,0,0,65.88,30,68.34,62.25,58.1,0,0
2026-08-24T22:46:53.288000+09:00,2026-08-24T13:46:53.288000+00:00,094623,1914.4,1,0,0,0,0,13422,523,13422,0,0,0,0,4655,-28608,10342,590,13188,8192,129,0,0,0,0,0,0,0,0,0,31082107,2018,0.34,803.55,2717.98,0,50.2,96.4,67.8,36,54.4,519.5,81.2,603.1,144.4,148.1,1012.6,364379,4487,12.94,89.2,1570,3.02,1.11,24.8,36,65,14.6,12222537,72610,58.59,3427.79,0,1200,400,720,240,4200,7500,8500,102,1.5,6000,0,0,0,0,0,63.55,30,58.86,56.65,58.1,0,0
2026-08-24T22:47:53.320000+09:00,2026-08-24T13:47:53.320000+00:00,094623,1686.2,1,0,0,0,0,13422,493,13422,0,0,0,0,4651,-28608,10326,6,4480,0,129,0,0,0,0,0,0,0,0,0,31082107,2018,0.39,652.18,2338.33,0,50,98.4,67.9,35.9,54.1,519.6,77.4,604.8,142.4,145.9,1023,364379,4487,12.47,91.3,1480,2.84,1.17,23.9,37.6,65,12.29,12222539,72610,59.89,3427.79,0,1200,400,720,240,4200,7500,8500,102,1.5,6000,0,0,0,0,0,61.2,30,60.7,61.08,58.1,0,0
2026-08-24T22:48:53.419000+09:00,2026-08-24T13:48:53.419000+00:00,094623,2337.1,1,0,0,0,0,13422,502,13422,0,0,0,0,4651,-28608,18518,6,4992,528,129,0,0,0,0,0,0,0,0,0,31082107,2018,0.32,950.04,3287.15,0,50.3,99.8,67.9,36,54.3,515.9,86.3,615,158.1,164,1070.3,364379,4487,12.75,88.6,1510,2.9,1.1,25.5,33.5,65,16.78,12222542,72610,80.46,3427.79,0,1200,400,720,240,4200,7500,8500,102,1.5,6000,0,0,0,0,0,63.14,30,68.07,56.86,58.1,0,0
2026-08-24T22:49:53.541000+09:00,2026-08-24T13:49:53.541000+00:00,094623,1626.3,1,0,0,0,0,13422,496,13422,0,0,0,0,4651,-28608,10326,6,4992,0,129,0,0,0,0,0,0,0,0,0,31082107,2018,0.33,586.26,2212.59,0,50.1,96,68.2,36,54.6,518.9,81.6,606,147.9,152.3,1025.4,364380,4488,12.55,89.1,1490,2.87,1.13,22.8,35.8,65,11.21,12222544,72610,55.01,3427.79,0,1200,400,720,240,4200,7500,8500,102,1.5,6000,0,0,0,0,0,61.21,30,54.15,52.53,58,0,0
2026-08-24T22:50:53.631000+09:00,2026-08-24T13:50:53.631000+00:00,094623,2132.0,1,0,0,0,0,13422,494,13422,0,0,0,0,4651,-28608,10326,6,4480,0,129,0,0,0,0,0,0,0,0,0,31082107,2018,0.4,824.3,2956.33,0,50,98.3,68.1,35.9,54.3,513.3,82.5,606.8,146.2,150.4,1026.1,364380,4488,12.46,91.4,1490,2.82,1.18,26.7,38.3,65,16.66,12222546,72610,62.37,3427.79,0,1200,400,720,240,4200,7500,8500,102,1.5,6000,0,0,0,0,0,64.55,30,63.19,63.69,58,0,0
2026-08-24T22:51:53.730000+09:00,2026-08-24T13:51:53.730000+00:00,094623,1869.3,1,0,0,0,0,13422,499,13422,0,0,0,0,4651,-28608,10326,6,4992,0,129,0,0,0,0,0,0,0,0,0,31082107,2018,0.31,753.5,2622.76,0,50.3,99.7,68,35.9,54.6,519.4,79.7,612.4,154.9,160.3,1034.7,364380,4488,12.82,88.4,1510,2.89,1.13,23.6,35,65,13.06,12222550,72610,82.15,3427.79,0,1200,400,720,240,4200,7500,8500,102,1.5,6000,0,0,0,0,0,61.93,30,66.11,53.58,58,0,0
2026-08-24T22:52:53.843000+09:00,2026-08-24T13:52:53.843000+00:00,094623,1569.0,1,0,0,0,0,13422,497,13422,0,0,0,0,4651,-28608,10326,6,4992,0,129,0,0,0,0,0,0,0,0,0,31082107,2018,0.35,608.23,2177.19,0,50,96.2,68.1,35.9,54.5,517.6,82.1,605.7,146.3,150.4,1038.6,364380,4488,12.63,90.3,1480,2.9,1.06,21.4,32.9,65,11.54,12222552,72610,55.65,3427.79,0,1200,400,720,240,4200,7500,8500,102,1.5,6000,0,0,0,0,0,61.36,30,53.92,56.28,58,0,0
2026-08-24T22:53:53.931000+09:00,2026-08-24T13:53:53.931000+00:00,094623,2381.0,1,0,0,0,0,13422,493,13422,0,0,0,0,4655,-28608,2134,6,4480,528,129,0,0,0,0,0,0,0,0,0,31082107,2018,0.38,958.59,3339.64,0,50,98.4,68,35.9,54.2,512.6,81.4,607,147.3,151.7,1028.6,364380,4488,12.63,92,1490,2.79,1.2,29,40.1,65,20.49,12222554,72610,61.2,3427.79,0,1200,400,720,240,4200,7500,8500,102,1.5,6000,0,0,0,0,0,67.26,30,66.15,68.92,58,0,0
2026-08-24T22:54:54.030000+09:00,2026-08-24T13:54:54.030000+00:00,094623,1600.7,1,0,0,0,0,13422,495,13422,0,0,0,0,4651,-28608,10326,6,4992,0,129,0,0,0,0,0,0,0,0,0,31082107,2018,0.3,459.3,2060,0,50.3,98.9,67.8,35.9,54.5,521.7,79.7,608.5,152.5,157.8,1018.5,364380,4488,12.8,88.1,1480,2.87,1.26,23.3,37.3,65,12.43,12222557,72610,74.76,3427.79,0,1200,400,720,240,4200,7500,8500,102,1.5,6000,0,0,0,0,0,60.94,30,63.46,52.01,58,0,0
2026-08-24T22:55:54.125000+09:00,2026-08-24T13:55:54.125000+00:00,094623,1588.5,1,0,0,0,0,13422,495,13422,0,0,0,0,4651,-28608,10326,6,4992,0,129,0,0,0,0,0,0,0,0,0,31082107,2018,0.36,449.54,2038.03,0,50,97.1,67.9,35.9,54.3,519.5,82.3,606.1,145.8,149.7,1009.3,364381,4489,12.8,91.1,1510,2.87,1.11,23,36.4,65,11.38,12222559,72610,52.74,3427.79,0,1200,400,720,240,4200,7500,8500,102,1.5,6000,0,0,0,0,0,60.51,30,56.02,59.05,58,0,0
2026-08-24T22:56:54.232000+09:00,2026-08-24T13:56:54.232000+00:00,094623,2775.3,1,0,0,0,0,13422,494,13422,0,0,0,0,4655,-28608,10326,6,4480,0,129,0,0,0,0,0,0,0,0,0,31082107,2018,0.36,1189.31,3964.66,0,50,98.1,67.9,35.9,54.2,509.3,89.5,607.2,151.1,155.6,1025.8,364381,4489,12.67,91.4,1490,2.79,1.18,30.7,38.9,65,23.55,12222562,72610,64.09,3427.8,0,1200,400,720,240,4200,7500,8500,102,1.5,6000,0,0,0,0,0,68.04,30,66.83,68.98,57.9,0,0
2026-08-24T22:57:54.337000+09:00,2026-08-24T13:57:54.337000+00:00,094623,1711.8,1,0,0,0,0,13422,495,13422,0,0,0,0,4655,-26560,10326,590,4992,8192,129,0,0,0,0,0,0,0,0,0,31082107,2018,0.32,578.94,2290.72,0,50.2,99.1,68.1,35.8,54.7,519.2,84,608.2,153,158,1028.2,364381,4489,12.91,88.5,1490,2.88,1.13,22.8,35.3,65,11.28,12222565,72610,69.39,3427.8,0,1200,400,720,240,4200,7500,8500,102,1.5,6000,0,0,0,0,0,60.84,30,63.92,52.05,58,0,0
2026-08-24T22:58:54.436000+09:00,2026-08-24T13:58:54.436000+00:00,094623,1598.2,1,0,0,0,0,13422,494,13422,0,0,0,0,4651,-28608,18518,6,4992,528,129,0,0,0,0,0,0,0,0,0,31082107,2018,0.37,585.04,2183.29,0,50,96.8,68.3,35.9,54.5,520.4,82.6,603.3,144.6,148.4,1012.4,364381,4489,12.62,90.2,1490,2.86,1.13,22.7,36.3,65,11.08,12222567,72610,57.53,3427.8,0,1200,400,720,240,4200,7500,8500,102,1.5,6000,0,0,0,0,0,61.81,30,55.39,56.69,58,0,0
2026-08-24T22:59:54.546000+09:00,2026-08-24T13:59:54.546000+00:00,094623,2887.7,1,0,0,0,0,13422,496,13422,0,0,0,0,4651,-28608,10326,6,4480,0,129,0,0,0,0,0,0,0,0,0,31082107,2018,0.35,1151.46,4039.12,0,50,98.3,68,35.8,54.1,513.7,81.8,611.2,151,155.7,1049.5,364381,4489,12.71,91.4,1500,2.81,1.16,31,39.2,65,25.59,12222570,72610,65.32,3427.8,0,1200,400,720,240,4200,7500,8500,102,1.5,6000,0,0,0,0,0,70.07,30,68.59,70.55,57.9,0,0
2026-08-24T23:00:54.649000+09:00,2026-08-24T14:00:54.649000+00:00,094623,1819.2,1,0,0,0,0,13422,520,13422,0,0,0,0,4651,-28608,10326,6,4992,0,129,0,0,0,0,0,0,0,0,0,31082107,2018,0.32,705.89,2525.1,0,50.2,97.8,67.9,35.9,54.5,516.7,83.8,607.3,147.9,152.4,1027.4,364381,4489,12.92,88.8,1560,3.04,1.06,23.2,34,65,17.38,12222572,72610,66.66,3427.8,0,1200,400,720,240,4200,7500,8500,102,1.5,6000,0,0,0,0,0,62.49,30,61.78,54.61,57.9,0,0
2026-08-24T23:01:54.795000+09:00,2026-08-24T14:01:54.795000+00:00,094623,1973.0,1,0,0,0,0,13422,523,13422,0,0,0,0,4655,-28608,10390,6,4992,0,129,0,0,0,0,0,0,0,0,0,31082107,2018,0.39,786.46,2759.48,0,50,97.8,68,35.9,54.2,515,101.3,602,143.6,147.5,1009.4,364382,4490,12.81,90,1570,3.03,1.08,24.4,34.4,65,13.86,12222574,72610,58.39,3427.8,0,1200,400,720,240,4200,7500,8500,102,1.5,6000,0,0,0,0,0,64.09,30,61.28,59.46,57.9,0,0
2026-08-24T23:02:54.890000+09:00,2026-08-24T14:02:54.890000+00:00,094623,2711.9,1,0,0,0,0,13422,503,13422,0,0,0,0,4651,-28608,10326,6,4992,0,129,0,0,0,0,0,0,0,0,0,31082107,2018,0.35,1079.44,3791.31,0,50.1,98.8,67.9,36,54.1,515.5,85.7,609,153,158.1,1029.3,364382,4490,12.38,90.7,1520,2.86,1.15,29.7,39,65,25.2,12222577,72610,65.43,3427.8,0,1200,400,720,240,4200,7500,8500,102,1.5,6000,0,0,0,0,0,68.78,30,69.67,67.98,57.9,0,0
2026-08-24T23:03:54.983000+09:00,2026-08-24T14:03:54.983000+00:00,094623,1637.3,1,0,0,0,0,13422,496,13422,0,0,0,0,4651,-28608,18582,6,21376,528,129,0,0,0,0,0,0,0,0,0,31082107,2018,0.33,576.49,2213.81,0,50.2,97.2,67.9,35.9,54.4,518.3,83.5,604.9,148,152.1,1017.9,364382,4490,12.71,89,1480,2.87,1.06,21.8,33.5,65,11.39,12222580,72610,65.04,3427.8,0,1200,400,720,240,4200,7500,8500,102,1.5,6000,0,0,0,0,0,60.25,30,58.12,53.33,57.9,0,0
2026-08-24T23:04:55.113000+09:00,2026-08-24T14:04:55.113000+00:00,094623,1654.4,1,0,0,0,0,13422,506,13422,0,0,0,0,4655,-28608,10326,6,4992,0,129,0,0,0,0,0,0,0,0,0,31082107,2018,0.38,647.3,2301.71,0,50,98.2,68.1,35.9,54.2,515.3,88.8,604.3,145.4,149.3,1010.8,364382,4490,12.7,90.1,1510,2.93,1.04,21.7,32.1,65,11.82,12222582,72610,55.98,3427.8,0,1200,400,720,240,4200,7500,8500,102,1.5,6000,0,0,0,0,0,61.04,30,59.52,56.71,57.9,0,0
2026-08-24T23:05:55.170000+09:00,2026-08-24T14:05:55.170000+00:00,094623,2468.9,1,0,0,0,0,13422,501,13422,0,0,0,0,4651,-28608,10342,590,13188,8192,129,0,0,0,0,0,0,0,0,0,31082107,2018,0.37,918.3,3387.25,0,50,98.8,68.1,35.9,54.3,516.9,84.7,615,155.6,161.1,1015.3,364382,4490,12.9,90.6,1510,2.87,1.09,27,36,65,20.96,12222585,72610,74.19,3427.81,0,1200,400,720,240,4200,7500,8500,102,1.5,6000,0,0,0,0,0,66.71,30,67.32,64.74,57.9,0,0
2026-08-24T23:06:55.267000+09:00,2026-08-24T14:06:55.267000+00:00,094623,2097.8,1,0,0,0,0,13422,519,13422,0,0,0,0,4655,-28608,10326,6,4992,8,129,0,0,0,0,0,0,0,0,0,31082107,2018,0.33,837.73,2935.58,0,50.1,96.7,68.2,35.8,54.4,520.4,86.6,599.9,145,149.1,1019.7,364382,4490,12.29,89.7,1570,2.94,1.15,26.1,36.8,65,11.13,12222588,72610,63.55,3427.81,0,1200,400,720,240,4200,7500,8500,102,1.5,6000,0,0,0,0,0,64.61,30,58.82,58.52,57.9,0,0
2026-08-24T23:07:55.357000+09:00,2026-08-24T14:07:55.357000+00:00,094623,1724.0,1,0,0,0,0,13422,495,13422,0,0,0,0,4651,-28608,10326,6,4480,0,129,0,0,0,0,0,0,0,0,0,31082107,2018,0.38,647.3,2371.29,0,50,98.3,68,35.8,54.2,517.8,84.2,602.7,144.6,148.8,1009.5,364383,4491,12.55,90.4,1490,2.86,1.16,23.7,36.2,65,11.42,12222590,72610,58.92,3427.81,0,1200,400,720,240,4200,7500,8500,102,1.5,6000,0,0,0,0,0,61.6,30,60.13,58.23,57.9,0,0
2026-08-24T23:08:55.469000+09:00,2026-08-24T14:08:55.469000+00:00,094623,2340.8,1,0,0,0,0,13422,501,13422,0,0,0,0,4655,-28608,18518,6,4992,528,129,0,0,0,0,0,0,0,0,0,31082107,2018,0.35,914.64,3255.41,0,50.1,99.4,67.8,35.8,54.3,516.9,88.5,616.5,157.9,164,1044.3,364383,4491,12.36,89.6,1510,2.89,1.11,25.7,34.2,65,16.85,12222593,72610,77.13,3427.81,0,1200,400,720,240,4200,7500,8500,102,1.5,6000,0,0,0,0,0,63.64,30,66.99,59.65,57.9,0,0
2026-08-24T23:09:55.572000+09:00,2026-08-24T14:09:55.572000+00:00,094623,1582.4,1,0,0,0,0,13422,494,13422,0,0,0,0,4655,-28608,10326,6,4992,0,129,0,0,0,0,0,0,0,0,0,31082107,2018,0.32,553.3,2135.69,0,50.1,96.2,68.2,35.8,54.5,520.5,80.4,607.7,146.9,151.1,1023.5,364383,4491,12.73,89.7,1490,2.87,1.12,22.5,36,65,11.2,12222595,72610,62.4,3427.81,0,1200,400,720,240,4200,7500,8500,102,1.5,6000,0,0,0,0,0,61.51,30,54.39,55.51,57.8,0,0
2026-08-24T23:10:55.677000+09:00,2026-08-24T14:10:55.677000+00:00,094623,1930.3,1,0,0,0,0,13422,494,13422,0,0,0,0,4651,-28608,10326,6,4480,0,129,0,0,0,0,0,0,0,0,0,31082107,2018,0.4,760.83,2691.12,0,49.9,98.3,68,35.8,54.2,516.3,80.8,602.1,143.3,147,1028.6,364383,4491,12.22,90.8,1490,2.83,1.19,26,39.1,65,15.48,12222597,72610,57.19,3427.81,0,1200,400,720,240,4200,7500,8500,102,1.5,6000,0,0,0,0,0,64.14,30,62.66,61.77,57.8,0,0
2026-08-24T23:11:55.766000+09:00,2026-08-24T14:11:55.766000+00:00,094623,2088.1,1,0,0,0,0,13422,501,13422,0,0,0,0,4651,-28608,8278,6,4992,8,129,0,0,0,0,0,0,0,0,0,31082107,2018,0.31,793.79,2881.86,0,50.2,100,67.7,35.8,54.4,520.1,78.9,610.2,156.6,162.4,1014.6,364383,4491,12.5,88.7,1510,2.89,1.12,24.5,34.4,65,14.91,12222601,72610,79.56,3427.81,0,1200,400,720,240,4200,7500,8500,102,1.5,6000,0,0,0,0,0,61.92,30,67.73,55.6,57.8,0,0
2026-08-24T23:12:55.865000+09:00,2026-08-24T14:12:55.865000+00:00,094623,2261.4,1,0,0,0,0,13422,471,13422,0,0,0,0,4651,-28608,10326,6,4992,0,129,0,0,0,0,0,0,0,0,0,31082107,2018,0.35,929.29,3190.71,0,50,95.8,68.1,35.7,54.5,517.1,81,607,148.4,152.9,998.3,364383,4491,12.75,90.1,1480,2.64,1.25,27.3,36.3,65,9.99,12222603,72610,53.96,3427.81,0,1200,400,720,240,4200,7500,8500,102,1.5,6000,0,0,0,0,0,60.65,30,52.99,55.29,57.8,0,0
2026-08-24T23:13:55.972000+09:00,2026-08-24T14:13:55.972000+00:00,094623,2116.2,1,0,0,0,0,13422,494,13422,0,0,0,0,4651,-28608,18518,6,4480,528,129,0,0,0,0,0,0,0,0,0,31082107,2018,0.41,801.11,2917.26,0,49.9,98.6,68.2,35.8,54.3,515,83.1,603.2,145.5,149.4,1013.2,364384,4492,12.5,91.9,1490,2.81,1.19,27,39.6,65,18.1,12222605,72610,57.63,3427.81,0,1200,400,720,240,4200,7500,8500,102,1.5,6000,0,0,0,0,0,65.97,30,64.91,66.42,57.8,0,0
2026-08-24T23:14:56.071000+09:00,2026-08-24T14:14:56.071000+00:00,094623,1937.6,1,0,0,0,0,13422,500,13422,0,0,0,0,4651,-28608,10326,6,4992,0,129,0,0,0,0,0,0,0,0,0,31082107,2018,0.29,652.18,2589.8,0,50.3,99.7,68,35.8,54.5,520.4,84.4,610.2,154.9,160.4,1035.8,364384,4492,12.38,88.1,1510,2.9,1.12,23.7,34.9,65,13.44,12222609,72610,81.52,3427.82,0,1200,400,720,240,4200,7500,8500,102,1.5,6000,0,0,0,0,0,62.3,30,66.4,52.91,57.8,0,0
2026-08-24T23:15:56.175000+09:00,2026-08-24T14:15:56.175000+00:00,094623,1642.2,1,0,0,0,0,13422,509,13422,0,0,0,0,4651,-28608,10326,6,4992,0,129,0,0,0,0,2,0,0,0,0,31082107,2018,0.36,596.03,2238.23,0,50,96.4,68,35.8,54.5,516.4,79.4,602.6,146.1,150,1024.2,364384,4492,12.7,90,1510,2.95,1.04,21.5,32.4,65,12.23,12222611,72610,51.49,3427.82,0,1200,400,720,240,4200,7500,8500,102,1.5,6000,0,0,0,0,0,61.37,30,54.57,55.36,57.8,0,0
2026-08-24T23:16:56.276000+09:00,2026-08-24T14:16:56.276000+00:00,094623,2381.0,1,0,0,0,0,13422,492,13422,0,0,0,0,4651,-28608,8278,6,4480,8,129,0,0,0,0,0,0,0,0,0,31082107,2018,0.37,913.42,3294.47,0,50,98.2,67.9,35.8,54.2,512.9,81.4,605.8,146.4,150.3,1036,364384,4492,12.65,92.3,1490,2.78,1.2,28.8,40.3,65,19.94,12222613,72610,59.62,3427.82,0,1200,400,720,240,4200,7500,8500,102,1.5,6000,0,0,0,0,0,66.62,30,65.3,69.26,57.7,0,0
2026-08-24T23:17:56.366000+09:00,2026-08-24T14:17:56.366000+00:00,094623,2207.7,1,0,0,0,0,13422,437,13422,0,0,0,0,4651,-28608,10326,6,4992,0,129,0,0,0,0,0,0,0,0,0,31082107,2018,0.29,752.28,2959.99,0,50.3,99.4,68,35.8,54.5,519.3,76.8,609.3,152.2,157.3,1031.2,364384,4492,12.86,87.9,1340,2.53,1.55,27.7,38,65,12.39,12222616,72610,79.8,3427.82,0,1200,400,720,240,4200,7500,8500,102,1.5,6000,0,0,0,0,0,60.22,30,63.88,49.96,57.8,0,0
2026-08-24T23:18:56.468000+09:00,2026-08-24T14:18:56.468000+00:00,094623,1805.8,1,0,0,0,0,13422,488,13422,0,0,0,0,4651,-28608,18518,518,4992,528,129,0,0,0,0,0,0,0,0,0,31082107,2018,0.36,559.4,2365.18,0,50,96.5,68.1,35.9,54.4,519.9,82.1,605.8,144.7,148.7,1016.3,364384,4492,12.85,90.9,1350,2.78,1.81,25.5,38.4,65,10.8,12222618,72610,52.89,3427.82,0,1200,400,720,240,4200,7500,8500,102,1.5,6000,0,0,0,0,0,61.14,30,54.39,57.72,57.8,0,0
2026-08-24T23:19:56.619000+09:00,2026-08-24T14:19:56.619000+00:00,094623,2615.4,1,0,0,0,0,13422,495,13422,0,0,0,0,4651,-28608,10326,6,4480,0,129,0,0,0,0,0,0,0,0,0,31082107,2018,0.34,1097.75,3713.19,0,50.1,98.2,68,35.9,54.1,513.2,82.6,606.7,147,151.2,1025.4,364385,4493,12.74,91.5,1490,2.79,1.19,30.3,40.5,65,23.34,12222620,72610,65.8,3427.82,0,1200,400,720,240,4200,7500,8500,102,1.5,6000,0,0,0,0,0,68.82,30,67.39,69.59,57.8,0,0
2026-08-24T23:20:56.677000+09:00,2026-08-24T14:20:56.677000+00:00,094623,1680.0,1,0,0,0,0,13422,509,13422,0,0,0,0,4655,-28608,10390,518,21376,0,129,0,0,0,0,0,0,0,0,0,31082107,2018,0.32,566.73,2246.77,0,50.3,98.3,67.9,35.8,54.5,517.7,89.5,610.7,151.2,156.2,1009.7,364385,4493,12.69,88,1510,2.96,1.03,21.3,32,65,11.54,12222624,72610,74.99,3427.82,0,1200,400,720,240,4200,7500,8500,102,1.5,6000,0,0,0,0,0,60.85,30,61.52,50.47,57.7,0,0
2026-08-24T23:21:56.779000+09:00,2026-08-24T14:21:56.779000+00:00,094623,1594.6,1,0,0,0,0,13422,513,13422,0,0,0,0,4655,-28608,12374,6,5024,72,129,0,0,0,0,0,0,0,0,0,31082107,2018,0.39,598.47,2193.06,0,50,97,68.1,35.8,54.4,517.5,82.6,606.7,143.8,147.5,1033.8,364385,4493,12.71,90.3,1530,2.99,1.03,21.5,33,65,12.69,12222626,72610,54.37,3427.82,0,1200,400,720,240,4200,7500,8500,102,1.5,6000,0,0,0,0,0,61.58,30,55.93,56.65,57.8,0,0
2026-08-24T23:22:56.955000+09:00,2026-08-24T14:22:56.955000+00:00,094623,2663.1,1,0,0,0,0,13423,495,13423,0,0,0,0,4655,-28608,10390,6,20864,0,129,0,0,0,0,0,0,0,0,0,31082107,2018,0.33,1083.1,3746.15,0,50.1,98.8,68.1,35.8,54.1,513.1,79.5,613.9,149.2,153.9,1039.1,364385,4493,12.77,91.6,1490,2.79,1.17,30.4,40,65,24.89,12222628,72610,70.31,3427.82,0,1200,400,720,240,4200,7500,8500,102,1.5,6000,0,0,0,0,0,69.99,30,69.87,71.04,57.7,0,0
2026-08-24T23:23:57.028000+09:00,2026-08-24T14:23:57.028000+00:00,094623,1609.2,1,0,0,0,0,13423,495,13423,0,0,0,0,4651,-28608,18518,6,4992,528,129,0,0,0,0,0,0,0,0,0,31082107,2018,0.31,539.87,2149.11,0,50.4,97.5,68,35.8,54.5,521.9,78.6,609.9,149,153.7,1022.7,364385,4493,12.58,87.9,1490,2.87,1.12,22.5,36,65,11.1,12222631,72610,66.68,3427.83,0,1200,400,720,240,4200,7500,8500,102,1.5,6000,0,0,0,0,0,61.22,30,58.96,49.89,57.7,0,0
2026-08-24T23:24:57.133000+09:00,2026-08-24T14:24:57.133000+00:00,094623,1579.9,1,0,0,0,0,13423,493,13423,0,0,0,0,4651,-28608,10342,6,13188,0,129,0,0,0,0,0,0,0,0,0,31082107,2018,0.41,580.16,2160.1,0,50.1,97.6,67.9,35.9,54.2,521,78.8,604.2,142.9,146.6,1013.4,364385,4493,12.67,90.5,1490,2.84,1.12,22.6,36.2,65,11.16,12222633,72610,51.89,3427.83,0,1200,400,720,240,4200,7500,8500,102,1.5,6000,0,0,0,0,0,60.85,30,57.37,56.68,57.7,0,0
2026-08-24T23:25:57.232000+09:00,2026-08-24T14:25:57.232000+00:00,094623,2925.8,1,0,0,0,0,13423,501,13423,0,0,0,0,4655,-28608,10326,6,4992,0,129,0,0,0,0,0,0,0,0,0,31082107,2018,0.32,1426.13,4351.94,0,50.2,98.8,67.9,35.9,54.1,511.2,80.9,614.7,152.4,157.5,1039.1,364386,4494,12.55,91.6,1520,2.85,1.16,30.9,37.5,65,25.24,12222636,72610,73.78,3427.83,0,1200,400,720,240,4200,7500,8500,102,1.5,6000,0,0,0,0,0,69.07,30,69.67,71.25,57.7,0,0
2026-08-24T23:26:57.331000+09:00,2026-08-24T14:26:57.331000+00:00,094623,1588.5,1,0,0,0,0,13423,503,13423,0,0,0,0,4651,-28608,12374,6,5024,72,129,0,0,0,0,0,0,0,0,0,31082107,2018,0.32,603.35,2191.84,0,50.3,97.5,68.1,35.8,54.5,518.5,78.7,609.3,148.6,153,1020.8,364386,4494,12.84,87.5,1500,2.91,1.05,21.4,32.7,65,11.43,12222639,72610,63.27,3427.83,0,1200,400,720,240,4200,7500,8500,102,1.5,6000,0,0,0,0,0,61.36,30,59.48,48.54,57.6,0,0
2026-08-24T23:27:57.435000+09:00,2026-08-24T14:27:57.435000+00:00,094623,1636.1,1,0,0,0,0,13423,512,13423,0,0,0,0,4651,-28608,10326,6,4992,0,129,0,0,0,0,0,0,0,0,0,31082107,2018,0.42,636.31,2272.41,0,50,97.8,68,35.9,54.3,516.6,78.7,604.8,144.5,148.4,1039.9,364386,4494,12.7,90.6,1530,2.97,1.04,21.6,32.2,65,13.79,12222641,72610,51.34,3427.83,0,1200,400,720,240,4200,7500,8500,102,1.5,6000,0,0,0,0,0,61.29,30,58.37,57.07,57.7,0,0
2026-08-24T23:28:57.519000+09:00,2026-08-24T14:28:57.519000+00:00,094623,2527.5,1,0,0,0,0,13423,501,13423,0,0,0,0,4651,-28608,18518,6,4992,528,129,0,0,0,0,0,0,0,0,0,31082107,2018,0.32,957.37,3484.91,0,50.2,98.9,67.9,35.9,54.3,515.3,76.4,611,156.2,161.8,1044.7,364386,4494,12.68,91.1,1510,2.85,1.1,27.5,35.9,65,22.04,12222644,72610,75.43,3427.83,0,1200,400,720,240,4200,7500,8500,102,1.5,6000,0,0,0,0,0,66.69,30,67.9,67.34,57.7,0,0
2026-08-24T23:29:57.613000+09:00,2026-08-24T14:29:57.613000+00:00,094623,2021.8,1,0,0,0,0,13423,441,13423,0,0,0,0,4651,-28608,10326,6,4992,0,129,0,0,0,0,2,0,0,0,0,31082107,2018,0.3,747.4,2769.25,0,50.3,96.6,68.1,35.8,54.5,520.9,78.2,603.5,146.5,150.7,1028.7,364386,4494,12.64,88.4,1360,2.54,1.5,27,38.2,65,11.32,12222646,72610,61.11,3427.83,0,1200,400,720,240,4200,7500,8500,102,1.5,6000,0,0,0,0,0,60.29,30,55.11,50.18,57.6,0,0
2026-08-24T23:30:57.713000+09:00,2026-08-24T14:30:57.713000+00:00,094623,1676.4,1,0,0,0,0,13423,495,13423,0,0,0,0,4651,-28608,10326,518,4480,0,129,0,0,0,0,2,0,0,0,0,31082107,2018,0.38,649.74,2326.12,0,50,98.5,67.9,35.8,54.2,519,84.1,604.6,144.4,148.4,1021.6,364386,4494,12.8,91.1,1490,2.85,1.15,23.5,36,65,11.61,12222648,72610,57.32,3427.83,0,1200,400,720,240,4200,7500,8500,102,1.5,6000,0,0,0,0,0,61.09,30,60.55,59.63,57.7,0,0
2026-08-24T23:31:57.892000+09:00,2026-08-24T14:31:57.892000+00:00,094623,2168.6,1,0,0,0,0,13423,501,13423,0,0,0,0,4655,-26560,12374,6,5024,72,129,0,0,0,0,0,0,0,0,0,31082107,2018,0.34,779.14,2947.78,0,50.3,99.2,67.9,35.8,54.4,520.7,80,616.7,155.5,161.1,1040.4,364387,4495,12.77,89.4,1510,2.87,1.09,25.4,35.6,65,18.01,12222652,72610,75.7,3427.83,0,1200,400,720,240,4200,7500,8500,102,1.5,6000,0,0,0,0,0,64.37,30,66.74,59.32,57.7,0,0
2026-08-24T23:32:57.928000+09:00,2026-08-24T14:32:57.928000+00:00,094623,1521.3,1,0,0,0,0,13423,490,13423,0,0,0,0,4651,-28608,10326,6,4992,0,129,0,0,0,0,0,0,0,0,0,31082107,2018,0.34,554.52,2075.87,0,50.1,96.1,68,35.8,54.4,521.5,79.9,604.1,144.3,148,1020.1,364387,4495,12.64,89.8,1480,2.82,1.09,22,35.5,65,11.34,12222654,72610,58.12,3427.83,0,1200,400,720,240,4200,7500,8500,102,1.5,6000,0,0,0,0,0,60.76,30,53.99,54.96,57.6,0,0
2026-08-24T23:33:58.032000+09:00,2026-08-24T14:33:58.032000+00:00,094623,1918.1,1,0,0,0,0,13423,494,13423,0,0,0,0,4651,-28608,18518,6,4480,528,129,0,0,0,0,0,0,0,0,0,31082107,2018,0.39,703.45,2621.54,0,50,98.6,67.9,35.8,54,517.7,80.9,603.3,142.5,146.2,1002.7,364387,4495,12.63,91.1,1490,2.83,1.19,25.5,38.5,65,14.68,12222656,72610,60.62,3427.84,0,1200,400,720,240,4200,7500,8500,102,1.5,6000,0,0,0,0,0,62.93,30,62.93,61.93,57.6,0,0
2026-08-24T23:34:58.133000+09:00,2026-08-24T14:34:58.133000+00:00,094623,2046.3,1,0,0,0,0,13423,500,13423,0,0,0,0,4651,-28608,10326,518,4992,0,129,0,0,0,0,0,0,0,0,0,31082107,2018,0.33,721.76,2768.03,0,50.3,99.3,67.8,35.7,54.3,521.9,82.2,612.8,154.8,160.6,1018.7,364387,4495,12.81,88.5,1510,2.87,1.11,24.5,35.3,65,15.26,12222660,72610,78.14,3427.84,0,1200,400,720,240,4200,7500,8500,102,1.5,6000,0,0,0,0,0,62.09,30,65.62,55.02,57.6,0,0
2026-08-24T23:35:58.249000+09:00,2026-08-24T14:35:58.249000+00:00,094623,2045.0,1,0,0,0,0,13423,435,13423,0,0,0,0,4651,-28608,10326,6,4992,0,129,0,0,0,0,0,0,0,0,0,31082107,2018,0.36,724.2,2769.25,0,50.1,96.2,68.1,35.7,54.3,521,80.6,606.4,144.8,149,1030.9,364387,4495,12.51,89.9,1340,2.51,1.53,27.7,39.1,65,11.37,12222662,72610,55.65,3427.84,0,1200,400,720,240,4200,7500,8500,102,1.5,6000,0,0,0,0,0,59.84,30,52.82,53.74,57.5,0,0
2026-08-24T23:36:58.357000+09:00,2026-08-24T14:36:58.357000+00:00,094623,2129.6,1,0,0,0,0,13423,494,13423,0,0,0,0,4651,-28608,12374,6,4512,72,129,0,0,0,0,0,0,0,0,0,31082107,2018,0.41,840.17,2969.76,0,50,98.3,68.1,35.7,54.1,514.9,86.7,606.2,144.3,148.2,1032.5,364387,4495,12.44,91.6,1490,2.81,1.2,27.3,39.4,65,17.51,12222664,72610,61.85,3427.84,0,1200,400,720,240,4200,7500,8500,102,1.5,6000,0,0,0,0,0,65.31,30,63.87,65.18,57.6,0,0
2026-08-24T23:37:58.461000+09:00,2026-08-24T14:37:58.461000+00:00,094623,1865.6,1,0,0,0,0,13423,499,13423,0,0,0,0,4655,-28608,10326,6,4992,0,129,0,0,0,0,0,0,0,0,0,31082107,2018,0.3,642.41,2508.01,0,50.3,99.4,67.9,35.7,54.4,520.2,80.4,611.9,154,159.4,1045,364388,4496,12.63,88.3,1500,2.9,1.13,23.6,35.3,65,12.9,12222667,72610,80.1,3427.84,0,1200,400,720,240,4200,7500,8500,102,1.5,6000,0,0,0,0,0,61.2,30,64.84,52.67,57.6,0,0
2026-08-24T23:38:58.563000+09:00,2026-08-24T14:38:58.563000+00:00,094623,1558.0,1,0,0,0,0,13423,490,13423,0,0,0,0,4651,-28608,18518,6,4992,528,129,0,0,0,0,0,0,0,0,0,31082107,2018,0.36,532.55,2090.52,0,50,96.6,68.1,35.6,54.4,519.8,77.6,608,145.4,149.4,1018.4,364388,4496,12.69,90,1480,2.85,1.1,22.3,35.5,65,11.13,12222669,72610,52.91,3427.84,0,1200,400,720,240,4200,7500,8500,102,1.5,6000,0,0,0,0,0,60.95,30,54.55,54.81,57.6,0,0
2026-08-24T23:39:58.664000+09:00,2026-08-24T14:39:58.664000+00:00,094623,2387.2,1,0,0,0,0,13423,492,13423,0,0,0,0,4651,-28608,10390,6,20864,0,129,0,0,0,0,0,0,0,0,0,31082107,2018,0.38,924.41,3311.56,0,50,97.8,68.1,35.6,54,514.5,77.7,608.7,145.6,149.7,1023.4,364388,4496,12.53,92.1,1490,2.79,1.21,29.3,40.9,65,21.61,12222672,72610,62.12,3427.84,0,1200,400,720,240,4200,7500,8500,102,1.5,6000,0,0,0,0,0,67.61,30,64.48,68.82,57.5,0,0
2026-08-24T23:40:58.774000+09:00,2026-08-24T14:40:58.774000+00:00,094623,2075.6,1,0,0,0,0,13423,447,13423,0,0,0,0,4651,-28608,10326,6,4992,0,129,0,0,0,0,0,0,0,0,0,31082107,2018,0.29,666.83,2742.39,0,50.3,99.7,67.8,35.6,54.4,518.8,76.2,616.5,154,159.5,1024.3,364388,4496,12.4,88,1310,2.7,1.9,27.1,37.9,65,12.37,12222675,72610,78.3,3427.84,0,1200,400,720,240,4200,7500,8500,102,1.5,6000,0,0,0,0,0,59.66,30,64.9,50.19,57.5,0,0
2026-08-24T23:41:58.870000+09:00,2026-08-24T14:41:58.870000+00:00,094623,1592.2,1,0,0,0,0,13423,497,13423,0,0,0,0,4655,-28608,12438,6,21408,72,129,0,0,0,0,0,0,0,0,0,31082107,2018,0.36,455.64,2047.79,0,50,96.5,68,35.6,54.4,519.4,76.6,609.4,146.9,151.2,1010.4,364388,4496,12.3,90.6,1490,2.89,1.26,23.3,36.5,65,11.19,12222677,72610,54.44,3427.84,0,1200,400,720,240,4200,7500,8500,102,1.5,6000,0,0,0,0,0,60.77,30,54.51,56.97,57.5,0,0
2026-08-24T23:42:58.963000+09:00,2026-08-24T14:42:58.963000+00:00,094623,2641.1,1,0,0,0,0,13423,495,13423,0,0,0,0,4651,-28608,10326,6,4480,0,129,0,0,0,0,0,0,0,0,0,31082107,2018,0.39,1145.36,3786.43,0,50,98.1,68.1,35.6,54.1,511.9,75.3,613.6,149.5,153.8,1040.1,364388,4496,12.84,92.1,1490,2.8,1.19,30.4,39.9,65,23.15,12222679,72610,63.47,3427.85,0,1200,400,720,240,4200,7500,8500,102,1.5,6000,0,0,0,0,0,68.63,30,66.81,70.73,57.5,0,0
2026-08-24T23:43:59.081000+09:00,2026-08-24T14:43:59.081000+00:00,094623,1639.8,1,0,0,0,0,13423,504,13423,0,0,0,0,4651,-28608,18534,6,13188,528,129,0,0,0,0,0,0,0,0,0,31082107,2018,0.31,597.25,2237.01,0,50.3,99.4,67.9,35.5,54.5,518.2,75,612.6,152.3,157.2,1023.8,364389,4497,12.84,87.9,1510,2.95,1.03,21.4,32.2,65,11.58,12222683,72610,72.14,3427.85,0,1200,400,720,240,4200,7500,8500,102,1.5,6000,0,0,0,0,0,60.49,30,64.82,50.2,57.5,0,0
2026-08-24T23:44:59.185000+09:00,2026-08-24T14:44:59.185000+00:00,094623,1598.2,1,0,0,0,0,13423,515,13423,0,0,0,0,4655,-28608,10326,518,4992,0,129,0,0,0,0,0,0,0,0,0,31082107,2018,0.38,618,2216.25,0,49.9,96.6,68.1,35.6,54.3,517.1,80.4,607,145,148.9,1019.8,364389,4497,12.76,90.3,1530,3.01,1.04,21.6,32.8,65,13.09,12222685,72610,54.82,3427.85,0,1200,400,720,240,4200,7500,8500,102,1.5,6000,0,0,0,0,0,61.25,30,55.14,56.56,57.5,0,0
2026-08-24T23:45:59.281000+09:00,2026-08-24T14:45:59.281000+00:00,094623,2677.7,1,0,0,0,0,13423,496,13423,0,0,0,0,4651,-28608,10326,6,4480,0,129,0,0,0,0,0,0,0,0,0,31082107,2018,0.36,1128.27,3805.96,0,49.9,98.2,68,35.5,54.1,514,74,610.3,150.3,155.1,1014.6,364389,4497,12.71,92,1500,2.8,1.17,30.6,39.8,65,25.08,12222687,72610,62.19,3427.85,0,1200,400,720,240,4200,7500,8500,102,1.5,6000,0,0,0,0,0,69.39,30,68.18,71.69,57.4,0,0
2026-08-24T23:46:59.403000+09:00,2026-08-24T14:46:59.403000+00:00,094623,1650.8,1,0,0,0,0,13423,495,13423,0,0,0,0,4651,-28608,12374,6,5024,72,129,0,0,0,0,0,0,0,0,0,31082107,2018,0.31,635.09,2285.84,0,50.1,98.1,67.9,35.5,54.4,521.8,74.2,609.2,149.5,153.9,1035.3,364389,4497,12.8,87.9,1490,2.87,1.13,22.8,35.6,65,10.95,12222690,72610,69.33,3427.85,0,1200,400,720,240,4200,7500,8500,102,1.5,6000,0,0,0,0,0,60.35,30,60.61,49.8,57.4,0,0
2026-08-24T23:47:59.493000+09:00,2026-08-24T14:47:59.493000+00:00,094623,1697.1,1,0,0,0,0,13423,492,13423,0,0,0,0,4655,-28608,10326,6,4992,0,129,0,0,0,0,0,0,0,0,0,31082107,2018,0.38,721.76,2418.9,0,49.8,97.5,68,35.6,54.2,519.3,82.1,607.5,146.2,150.2,1040.4,364389,4497,12.82,91,1490,2.84,1.13,23.1,34.7,65,11.14,12222692,72610,52.44,3427.85,0,1200,400,720,240,4200,7500,8500,102,1.5,6000,0,0,0,0,0,60.63,30,56.92,58.27,57.4,0,0
2026-08-24T23:48:59.595000+09:00,2026-08-24T14:48:59.595000+00:00,094623,2791.2,1,0,0,0,0,13423,496,13423,0,0,0,0,4651,-28608,18518,590,4992,8720,129,0,0,0,0,0,0,0,0,0,31082107,2018,0.35,1130.71,3921.93,0,50,98.4,68.1,35.6,54.1,513.4,82.1,612.7,152.9,158.2,1035.1,364389,4497,12.68,90.9,1490,2.81,1.15,30.7,39.2,65,25.45,12222695,72610,64.92,3427.85,0,1200,400,720,240,4200,7500,8500,102,1.5,6000,0,0,0,0,0,69.82,30,68.76,68.78,57.5,0,0
2026-08-24T23:49:59.698000+09:00,2026-08-24T14:49:59.698000+00:00,094623,1769.2,1,0,0,0,0,13423,521,13423,0,0,0,0,4655,-28608,10326,6,4992,0,129,0,0,0,0,0,0,0,0,0,31082107,2018,0.33,694.91,2464.06,0,50.2,97.7,68,35.6,54.5,518.7,80.9,607.6,147.7,152,1016.7,364390,4498,12.92,88.6,1560,3.03,1.06,22.9,33.6,65,17.26,12222698,72610,64.56,3427.85,0,1200,400,720,240,4200,7500,8500,102,1.5,6000,0,0,0,0,0,62.42,30,60.96,53.12,57.4,0,0
2026-08-24T23:50:59.792000+09:00,2026-08-24T14:50:59.792000+00:00,094623,1879.0,1,0,0,0,0,13423,522,13423,0,0,0,0,4651,-28608,10326,6,4992,0,129,0,0,0,0,0,0,0,0,0,31082107,2018,0.39,762.05,2641.07,0,50,97.8,67.9,35.5,54.2,517.3,80.9,606,142.7,146.4,1063.1,364390,4498,12.91,90.6,1570,3.02,1.07,23.9,34.3,65,15.41,12222700,72610,57.22,3427.85,0,1200,400,720,240,4200,7500,8500,102,1.5,6000,0,0,0,0,0,63.15,30,60.47,59.98,57.4,0,0
2026-08-24T23:51:59.883000+09:00,2026-08-24T14:51:59.883000+00:00,094623,2818.1,1,0,0,0,0,13423,503,13423,0,0,0,0,4651,-28608,12374,518,5024,72,129,0,0,0,0,0,0,0,0,0,31082107,2018,0.34,1175.88,3993.96,0,50.1,98.8,67.8,35.6,54.1,513.6,85.4,616.6,154.3,159.6,1049.3,364390,4498,12.84,90.3,1520,2.86,1.14,29.5,36.6,65,23.52,12222703,72610,75.7,3427.86,0,1200,400,720,240,4200,7500,8500,102,1.5,6000,0,0,0,0,0,67.35,30,68.67,65.71,57.4,0,0
2026-08-24T23:52:59.977000+09:00,2026-08-24T14:52:59.977000+00:00,094623,1605.6,1,0,0,0,0,13423,495,13423,0,0,0,0,4651,-26560,10326,6,4992,0,129,0,0,0,0,0,0,0,0,0,31082107,2018,0.32,533.77,2139.35,0,50.2,96.7,68.1,35.5,54.5,521.4,81.6,614.1,148.4,152.7,1028.9,364390,4498,12.81,88.4,1490,2.87,1.12,22.6,36,65,11.2,12222705,72610,64.36,3427.86,0,1200,400,720,240,4200,7500,8500,102,1.5,6000,0,0,0,0,0,60.71,30,56.24,50.41,57.4,0,0
2026-08-24T23:54:00.119000+09:00,2026-08-24T14:54:00.119000+00:00,094623,1510.4,1,0,0,0,0,13423,493,13423,0,0,0,0,4651,-28608,18518,6,4992,528,129,0,0,0,0,0,0,0,0,0,31082107,2018,0.39,525.22,2035.58,0,50,98.1,68.2,35.6,54.2,522.4,79,608.8,142.6,146.2,1022.1,364390,4498,12.58,91,1490,2.85,1.12,22.4,36.6,65,11.09,12222707,72610,57.77,3427.86,0,1200,400,720,240,4200,7500,8500,102,1.5,6000,0,0,0,0,0,61.29,30,58.6,58.26,57.4,0,0
2026-08-24T23:55:00.178000+09:00,2026-08-24T14:55:00.178000+00:00,094623,2720.4,1,0,0,0,0,13423,503,13423,0,0,0,0,4651,-28608,10326,6,4992,0,129,0,0,0,0,0,0,0,0,0,31082107,2018,0.33,1130.71,3851.13,0,50.2,99.2,67.9,35.6,54,516,78.1,616.3,153.5,158.8,1040.3,364390,4498,12.79,89.6,1520,2.87,1.13,29,36.7,65,23.42,12222711,72610,79.36,3427.86,0,1200,400,720,240,4200,7500,8500,102,1.5,6000,0,0,0,0,0,67.58,30,69.73,63.45,57.4,0,0
2026-08-24T23:56:00.275000+09:00,2026-08-24T14:56:00.275000+00:00,094623,1595.8,1,0,0,0,0,13423,496,13423,0,0,0,0,4655,-28608,10326,6,4992,0,129,0,0,0,0,0,0,0,0,0,31082107,2018,0.34,580.16,2175.97,0,50.2,96.5,68,35.6,54.4,522.2,78.8,610.7,147.8,152.2,1011.1,364391,4499,12.41,88.7,1490,2.88,1.14,22.8,36.3,65,11.19,12222713,72610,56.78,3427.86,0,1200,400,720,240,4200,7500,8500,102,1.5,6000,0,0,0,0,0,60.62,30,55.23,50.95,57.3,0,0
2026-08-24T23:57:00.376000+09:00,2026-08-24T14:57:00.376000+00:00,094623,1627.6,1,0,0,0,0,13423,495,13423,0,0,0,0,4655,-28608,12374,6,5024,72,129,0,0,0,0,0,0,0,0,0,31082107,2018,0.41,630.21,2257.76,0,50.1,98.1,68.1,35.6,54.2,519.8,80.3,608.8,144.9,149,1006.2,364391,4499,12.74,91.4,1490,2.87,1.14,23,35.7,65,10.94,12222715,72610,56.81,3427.86,0,1200,400,720,240,4200,7500,8500,102,1.5,6000,0,0,0,0,0,60.93,30,58.7,59.25,57.3,0,0
2026-08-24T23:58:00.477000+09:00,2026-08-24T14:58:00.477000+00:00,094623,2337.1,1,0,0,0,0,13423,502,13423,0,0,0,0,4651,-28608,10326,518,4992,0,129,0,0,0,0,0,0,0,0,0,31082107,2018,0.33,932.95,3270.06,0,50.4,99.5,68.1,35.6,54.3,519.7,76.8,616.5,156.1,162,1056.9,364391,4499,12.76,89.4,1510,2.88,1.1,26.6,36.1,65,19.85,12222719,72610,80.21,3427.86,0,1200,400,720,240,4200,7500,8500,102,1.5,6000,0,0,0,0,0,66.37,30,68.85,61.11,57.4,0,0
2026-08-24T23:59:00.565000+09:00,2026-08-24T14:59:00.565000+00:00,094623,1863.2,1,0,0,0,0,13423,521,13423,0,0,0,0,4651,-28608,18582,6,21376,528,129,0,0,0,0,2,0,0,0,0,31082107,2018,0.32,791.34,2654.5,0,50.4,96.2,68,35.6,54.5,519.2,76.6,605.1,145.1,149.1,1014.1,364391,4499,12.73,88.8,1570,3.01,1.08,23.9,34.5,65,16.56,12222721,72610,53.02,3427.86,0,1200,400,720,240,4200,7500,8500,102,1.5,6000,0,0,0,0,0,63.46,30,56.92,53.93,57.3,0,0
2026-08-25T00:00:00.661000+09:00,2026-08-24T15:00:00.661000+00:00,094623,1774.0,1,0,0,0,0,13423,492,13423,0,0,0,0,4651,-28608,10326,6,4480,0,129,0,0,0,0,0,0,0,0,0,31082107,2018,0.4,726.65,2500.69,0,50.3,98.5,67.9,35.6,54.2,518.6,77,607.5,144.8,148.7,1032.8,364391,4499,12.48,91.6,1480,2.82,1.17,24.3,36.5,65,12.21,12222723,72610,55.96,3427.86,0,1200,400,720,240,4200,7500,8500,102,1.5,6000,0,0,0,0,0,61.41,30,60.89,61.38,57.3,0,0
2026-08-25T00:01:00.764000+09:00,2026-08-24T15:01:00.764000+00:00,094623,2124.7,1,0,0,0,0,13423,501,13423,0,0,0,0,4655,-28608,10342,6,13188,0,129,0,0,0,0,0,0,0,0,0,31082107,2018,0.34,776.7,2901.39,0,50.7,99.2,68,35.6,54.5,521.5,75.7,616.4,157.7,163.5,1027.8,364391,4499,12.74,88.6,1510,2.88,1.09,25.1,35,65,17.53,12222726,72610,79.98,3427.86,0,1200,400,720,240,4200,7500,8500,102,1.5,6000,0,0,0,0,0,63.88,30,66.21,56.44,57.3,0,0
2026-08-25T00:02:00.847000+09:00,2026-08-24T15:02:00.847000+00:00,094623,1580.0,1,0,0,0,0,13423,494,13423,0,0,0,0,4655,-28608,12374,6,5024,72,129,0,0,0,0,0,0,0,0,0,31082107,2018,0.34,588.7,2168.65,0,50.6,96.6,68.1,35.7,54.6,521.8,74.3,608.8,146.5,150.5,1015.6,364392,4500,12.61,89.6,1490,2.85,1.13,22.8,36.2,65,10.81,12222729,72610,53.13,3427.87,0,1200,400,720,240,4200,7500,8500,102,1.5,6000,0,0,0,0,0,61.03,30,55.01,53.69,57.3,0,0
2026-08-25T00:03:00.942000+09:00,2026-08-24T15:03:00.942000+00:00,094623,2021.9,1,0,0,0,0,13423,494,13423,0,0,0,0,4651,-28608,10326,6,4480,0,129,0,0,0,0,0,0,0,0,0,31082107,2018,0.38,824.3,2846.16,0,50.7,98.3,68.1,35.7,54.4,515.7,74.4,608.5,146,150,1009.9,364392,4500,12.61,91.2,1490,2.81,1.19,26.3,38.2,65,15.21,12222731,72610,65.36,3427.87,0,1200,400,720,240,4200,7500,8500,102,1.5,6000,0,0,0,0,0,64.14,30,62.49,63.06,57.3,0,0
2026-08-25T00:04:01.044000+09:00,2026-08-24T15:04:01.044000+00:00,094623,1923.0,1,0,0,0,0,13423,500,13423,0,0,0,0,4651,-28608,18518,6,4992,528,129,0,0,0,0,0,0,0,0,0,31082107,2018,0.34,697.35,2620.32,0,51,99.7,68,35.7,54.8,521.3,75.2,616.8,157.3,163,1023.2,364392,4500,12.47,88.6,1510,2.9,1.11,23.9,35,65,14.31,12222734,72610,76.17,3427.87,0,1200,400,720,240,4200,7500,8500,102,1.5,6000,0,0,0,0,0,62.7,30,66.53,54.61,57.3,0,0
2026-08-25T00:05:01.132000+09:00,2026-08-24T15:05:01.132000+00:00,094623,1984.3,1,0,0,0,0,13423,523,13423,0,0,0,0,4651,-28608,10326,6,4992,0,129,0,0,0,0,0,0,0,0,0,31082107,2018,0.36,889,2873.32,0,50.9,96.2,68.2,35.7,54.8,517.8,81,604.8,145.7,149.6,1003.5,364392,4500,12.94,90.2,1570,3,1.11,25.2,35.3,65,11.4,12222736,72610,56.13,3427.87,0,1200,400,720,240,4200,7500,8500,102,1.5,6000,0,0,0,0,0,65.04,30,57.42,59.48,57.3,0,0
2026-08-25T00:06:01.246000+09:00,2026-08-24T15:06:01.246000+00:00,094623,2211.4,1,0,0,0,0,13423,493,13423,0,0,0,0,4651,-28608,10326,6,4480,0,129,0,0,0,0,0,0,0,0,0,31082107,2018,0.41,901.21,3112.58,0,51,98.1,68.2,35.7,54.5,514.3,77,605.5,146.3,150.3,1012.3,364392,4500,12.75,91.4,1490,2.8,1.19,27.9,39.8,65,18.71,12222738,72610,61.1,3427.87,0,1200,400,720,240,4200,7500,8500,102,1.5,6000,0,0,0,0,0,67.05,30,64.27,65.58,57.3,0,0
2026-08-25T00:07:01.342000+09:00,2026-08-24T15:07:01.342000+00:00,094623,1870.5,1,0,0,0,0,13423,500,13423,0,0,0,0,4651,-28608,12374,6,5024,72,129,0,0,0,0,0,0,0,0,0,31082107,2018,0.33,671.71,2542.19,0,51.3,100,67.9,35.7,55,519.9,74.9,610.9,155,160.3,1019.5,364392,4500,12.92,88.5,1510,2.9,1.12,23.4,34.7,65,12.66,12222742,72610,79.31,3427.87,0,1200,400,720,240,4200,7500,8500,102,1.5,6000,0,0,0,0,0,62.05,30,67.13,53.61,57.3,0,0
2026-08-25T00:08:01.448000+09:00,2026-08-24T15:08:01.448000+00:00,094623,1615.3,1,0,0,0,0,13423,490,13423,0,0,0,0,4651,-28608,10326,6,4992,0,129,0,0,0,0,0,0,0,0,0,31082107,2018,0.35,610.67,2226.02,0,51.1,96.1,68.2,35.7,54.9,519,78.4,604.4,146.4,150.3,1037.3,364393,4501,12.61,90.2,1480,2.83,1.12,22.7,35.2,65,11.26,12222744,72610,55.85,3427.87,0,1200,400,720,240,4200,7500,8500,102,1.5,6000,0,0,0,0,0,62.2,30,53.99,56.36,57.3,0,0
2026-08-25T00:09:01.555000+09:00,2026-08-24T15:09:01.555000+00:00,094623,2464.1,1,0,0,0,0,13423,492,13423,0,0,0,0,4651,-28608,18518,590,4480,8208,129,0,0,0,0,0,0,0,0,0,31082107,2018,0.39,1062.35,3526.41,0,51.1,98.4,68.1,35.6,54.7,512.3,83,607.2,148.6,152.9,1042.5,364393,4501,12.8,91.5,1480,2.78,1.2,29.6,40,65,21.5,12222746,72610,60.05,3427.87,0,1200,400,720,240,4200,7500,8500,102,1.5,6000,0,0,0,0,0,68.8,30,67.21,67.97,57.3,0,0
2026-08-25T00:10:01.642000+09:00,2026-08-24T15:10:01.642000+00:00,094623,2034.4,1,0,0,0,0,13423,523,13423,0,0,0,0,4655,-28608,10326,6,4992,0,129,0,0,0,0,0,0,0,0,0,31082107,2018,0.33,902.43,2936.8,0,51.5,99.3,68,35.6,55.1,518,80.2,608.7,151.4,156.3,1028,364393,4501,12.79,88.4,1570,3.01,1.08,24.8,34.4,65,10.7,12222749,72610,71.53,3427.88,0,1200,400,720,240,4200,7500,8500,102,1.5,6000,0,0,0,0,0,65.41,30,68.3,55.84,57.2,0,0
2026-08-25T00:11:01.737000+09:00,2026-08-24T15:11:01.737000+00:00,094623,1957.2,1,0,0,0,0,13423,523,13423,0,0,0,0,4651,-28608,10326,6,4992,0,129,0,0,0,0,0,0,0,0,0,31082107,2018,0.37,882.9,2840.05,0,51.2,96.7,68.1,35.6,54.9,518.2,79.4,604.4,143.9,147.8,1032.4,364393,4501,12.88,90.2,1570,3,1.11,25,35,65,10.78,12222751,72610,55.13,3427.88,0,1200,400,720,240,4200,7500,8500,102,1.5,6000,0,0,0,0,0,65.71,30,58.97,60.2,57.2,0,0
2026-08-25T00:12:01.848000+09:00,2026-08-24T15:12:01.848000+00:00,094623,2739.9,1,0,0,0,0,13423,494,13423,0,0,0,0,4651,-28608,12374,6,4512,72,129,0,0,0,0,0,0,0,0,0,31082107,2018,0.4,1212.5,3952.45,0,51.2,98.2,67.9,35.7,54.6,511.1,81.4,610.9,150.6,155.4,1007.5,364393,4501,12.85,91.8,1490,2.78,1.17,30.9,39,65,24.11,12222754,72610,61.01,3427.88,0,1200,400,720,240,4200,7500,8500,102,1.5,6000,0,0,0,0,0,69.83,30,68.19,70.69,57.2,0,0
2026-08-25T00:13:01.933000+09:00,2026-08-24T15:13:01.933000+00:00,094623,1645.9,1,0,0,0,0,13423,496,13423,0,0,0,0,4651,-28608,10326,6,4992,0,129,0,0,0,0,0,0,0,0,0,31082107,2018,0.32,620.44,2266.3,0,51.5,98.5,68.1,35.6,55.1,521.6,78.2,609,150.9,155.4,998.5,364393,4501,12.71,88.6,1500,2.86,1.13,22.9,35.8,65,11.24,12222757,72610,69.41,3427.88,0,1200,400,720,240,4200,7500,8500,102,1.5,6000,0,0,0,0,0,62.23,30,62.54,52.76,57.2,0,0
2026-08-25T00:14:02.035000+09:00,2026-08-24T15:14:02.035000+00:00,094623,1643.4,1,0,0,0,0,13423,495,13423,0,0,0,0,4655,-28608,2134,6,4992,0,129,0,0,0,0,0,0,0,0,0,31082107,2018,0.37,630.21,2273.63,0,51.2,97.3,68.2,35.7,54.9,520.3,83.9,605,145.2,149,1017.4,364394,4502,12.64,90.2,1490,2.86,1.14,23,35.6,65,11.1,12222759,72610,55.23,3427.88,0,1200,400,720,240,4200,7500,8500,102,1.5,6000,0,0,0,0,0,62.84,30,57.25,57.09,57.2,0,0
2026-08-25T00:15:02.126000+09:00,2026-08-24T15:15:02.126000+00:00,094623,2674.0,1,0,0,0,0,13423,496,13423,0,0,0,0,4651,-28608,10326,6,4480,0,129,0,0,0,0,0,0,0,0,0,31082107,2018,0.37,1181.98,3856.01,0,51.2,98.4,68,35.7,54.7,514.9,79.6,612.6,152,156.9,1041.6,364394,4502,12.71,91.3,1500,2.8,1.16,30.6,39.6,65,25.63,12222762,72610,63.67,3427.88,0,1200,400,720,240,4200,7500,8500,102,1.5,6000,0,0,0,0,0,71.35,30,69.53,70.6,57.2,0,0
2026-08-25T00:16:02.230000+09:00,2026-08-24T15:16:02.230000+00:00,094623,2189.4,1,0,0,0,0,13423,456,13423,0,0,0,0,4651,-28608,10326,6,4992,0,129,0,0,0,0,0,0,0,0,0,31082107,2018,0.32,841.39,3030.79,0,51.5,97.6,68,35.7,55.1,521.3,76.2,607.4,149.4,153.9,1004.5,364394,4502,12.77,88.7,1470,2.62,1.27,27,36.9,65,11.35,12222765,72610,66.04,3427.88,0,1200,400,720,240,4200,7500,8500,102,1.5,6000,0,0,0,0,0,61.74,30,59.07,52.3,57.2,0,0
2026-08-25T00:17:02.319000+09:00,2026-08-24T15:17:02.319000+00:00,094623,2212.6,1,0,0,0,0,13423,451,13423,0,0,0,0,4651,-28608,12374,6,5024,8,129,0,0,0,0,0,0,0,0,0,31082107,2018,0.39,898.77,3111.36,0,51.3,97.7,68,35.7,54.9,519.4,78.6,604.2,145.1,149,1028.4,364394,4502,12.91,90.3,1430,2.53,1.33,27.8,37.4,65,10.17,12222767,72610,56.35,3427.88,0,1200,400,720,240,4200,7500,8500,102,1.5,6000,0,0,0,0,0,61.62,30,57.61,56.61,57.2,0,0
2026-08-25T00:18:02.478000+09:00,2026-08-24T15:18:02.478000+00:00,094623,2846.2,1,0,0,0,0,13423,504,13423,0,0,0,0,4655,-26560,10390,6,21376,0,129,0,0,0,0,0,0,0,0,0,31082107,2018,0.38,1201.51,4047.67,0,51.4,98.7,67.9,35.7,54.8,513.6,79.8,613.4,154.5,159.3,1030.4,364394,4502,12.36,91.1,1530,2.84,1.14,30.4,38,65,24.7,12222770,72610,68.02,3427.88,0,1200,400,720,240,4200,7500,8500,102,1.5,6000,0,0,0,0,0,70.42,30,70.2,69.65,57.2,0,0
2026-08-25T00:19:02.585000+09:00,2026-08-24T15:19:02.585000+00:00,094623,1534.8,1,0,0,0,0,13423,498,13423,0,0,0,0,4655,-28608,10326,6,4992,0,129,0,0,0,0,0,0,0,0,0,31082107,2018,0.33,554.52,2089.3,0,51.6,96.8,68.1,35.6,55.2,520.4,76.2,606.4,147.7,151.8,1032.5,364394,4502,12.7,88.9,1490,2.88,1.06,21.3,33.5,65,12.12,12222772,72610,66.83,3427.88,0,1200,400,720,240,4200,7500,8500,102,1.5,6000,0,0,0,0,0,62.46,30,57.02,53.49,57.2,0,0
2026-08-25T00:20:02.675000+09:00,2026-08-24T15:20:02.675000+00:00,094623,1638.5,1,0,0,0,0,13423,509,13423,0,0,0,0,4651,-28608,10342,6,13188,0,129,0,0,0,0,0,0,0,0,0,31082107,2018,0.38,633.87,2272.41,0,51.4,98.4,68.1,35.6,54.9,516.7,79.4,604.5,144.5,148.3,1017.4,364395,4503,12.33,90.3,1510,2.93,1.04,21.7,32.3,65,13.27,12222774,72610,56.51,3427.89,0,1200,400,720,240,4200,7500,8500,102,1.5,6000,0,0,0,0,0,62.78,30,60.53,57.84,57.1,0,0
2026-08-25T00:21:02.787000+09:00,2026-08-24T15:21:02.787000+00:00,094623,2533.6,1,0,0,0,0,13423,502,13423,0,0,0,0,4655,-28608,10326,6,4992,0,129,0,0,0,0,0,0,0,0,0,31082107,2018,0.37,1039.16,3572.8,0,51.5,99,67.9,35.6,54.9,516.7,77.6,614.1,156.3,161.9,1014.8,364395,4503,12.55,90.2,1510,2.84,1.1,27.7,36.2,65,21.96,12222777,72610,68.82,3427.89,0,1200,400,720,240,4200,7500,8500,102,1.5,6000,0,0,0,0,0,68.41,30,68.99,64.94,57.1,0,0
2026-08-25T00:22:02.892000+09:00,2026-08-24T15:22:02.892000+00:00,094623,1703.2,1,0,0,0,0,13423,500,13423,0,0,0,0,4651,-28608,12374,6,5024,8,129,0,0,0,0,0,0,0,0,0,31082107,2018,0.33,558.18,2261.42,0,51.7,97,68,35.6,55.2,520.6,74.3,606.4,148.5,152.9,1005.4,364395,4503,12.61,89.5,1420,2.86,1.68,24.3,37.2,65,11.1,12222780,72610,63.86,3427.89,0,1200,400,720,240,4200,7500,8500,102,1.5,6000,0,0,0,0,0,62.38,30,58.33,55.53,57.1,0,0
2026-08-25T00:23:02.974000+09:00,2026-08-24T15:23:02.974000+00:00,094623,1693.5,1,0,0,0,0,13423,498,13423,0,0,0,0,4651,-28608,10326,6,4480,0,129,0,0,0,0,0,0,0,0,0,31082107,2018,0.37,654.62,2348.09,0,51.5,98.1,68.1,35.6,55,518.3,77.2,605.5,146.7,150.9,1028.3,364395,4503,12.63,90.3,1500,2.86,1.15,23.2,35.3,65,11.33,12222782,72610,57.3,3427.89,0,1200,400,720,240,4200,7500,8500,102,1.5,6000,0,0,0,0,0,62.77,30,59.85,58,57.1,0,0
2026-08-25T00:24:03.066000+09:00,2026-08-24T15:24:03.066000+00:00,094623,2215.0,1,0,0,0,0,13423,502,13423,0,0,0,0,4651,-28608,10326,6,4992,0,129,0,0,0,0,0,0,0,0,0,31082107,2018,0.35,867.03,3082.06,0,51.7,99,68,35.6,55.2,519,73.8,614,158.1,164.1,1051.5,364395,4503,12.79,89.6,1510,2.86,1.1,25.7,35,65,18.29,12222785,72610,76.24,3427.89,0,1200,400,720,240,4200,7500,8500,102,1.5,6000,0,0,0,0,0,66.41,30,67.22,60.87,57.1,0,0
2026-08-25T00:25:03.237000+09:00,2026-08-24T15:25:03.237000+00:00,094623,1565.3,1,0,0,0,0,13423,490,13423,0,0,0,0,4651,-28608,10326,6,4992,0,129,0,0,0,0,0,0,0,0,0,31082107,2018,0.35,554.52,2119.82,0,51.7,96.6,68.2,35.6,55.3,519.9,76.3,605.4,147.3,151.4,1007.4,364395,4503,12.35,89.7,1480,2.82,1.09,22.1,35.1,65,11.42,12222787,72610,58.33,3427.89,0,1200,400,720,240,4200,7500,8500,102,1.5,6000,0,0,0,0,0,63.13,30,56.08,55.77,57.1,0,0
2026-08-25T00:26:03.322000+09:00,2026-08-24T15:26:03.322000+00:00,094623,1940.1,1,0,0,0,0,13423,493,13423,0,0,0,0,4651,-28608,10326,6,4480,0,129,0,0,0,0,0,0,0,0,0,31082107,2018,0.41,733.97,2674.03,0,51.5,98.1,68,35.6,55,516.1,82.6,604.3,145.5,149.4,1021.3,364396,4504,12.26,90.4,1490,2.8,1.18,25.6,38.4,65,14.93,12222789,72610,59.23,3427.89,0,1200,400,720,240,4200,7500,8500,102,1.5,6000,0,0,0,0,0,65.16,30,61.97,60.52,57.1,0,0
2026-08-25T00:27:03.419000+09:00,2026-08-24T15:27:03.419000+00:00,094623,1908.3,1,0,0,0,0,13423,501,13423,0,0,0,0,4655,-26560,12374,590,4992,8192,129,0,0,0,0,0,0,0,0,0,31082107,2018,0.31,649.74,2558.06,0,51.8,99.5,67.9,35.6,55.2,522.5,80,611.3,155.1,160.7,1028,364396,4504,12.21,89.3,1510,2.87,1.11,23.9,35.7,65,14.49,12222793,72610,79.53,3427.89,0,1200,400,720,240,4200,7500,8500,102,1.5,6000,0,0,0,0,0,64.17,30,66.62,57.78,57.1,0,0
2026-08-25T00:28:03.541000+09:00,2026-08-24T15:28:03.541000+00:00,094623,2146.7,1,0,0,0,0,13423,504,13423,0,0,0,0,4655,-26560,10326,6,4992,0,129,0,0,0,0,0,0,0,0,0,31082107,2018,0.34,892.67,3039.34,0,51.7,96.4,68.1,35.6,55.1,521.3,82,602.1,144.6,148.5,1026.8,364396,4504,12.79,89.8,1570,2.82,1.18,26.4,36.8,65,9.28,12222795,72610,56.27,3427.89,0,1200,400,720,240,4200,7500,8500,102,1.5,6000,0,0,0,0,0,63.01,30,55.29,56.28,57.1,0,0
2026-08-25T00:29:03.599000+09:00,2026-08-24T15:29:03.599000+00:00,094623,2229.7,1,0,0,0,0,13423,493,13423,0,0,0,0,4651,-28608,10326,6,4480,0,129,0,0,0,0,0,0,0,0,0,31082107,2018,0.4,908.54,3138.22,0,51.5,98.1,67.9,35.7,54.8,514.2,77,605.1,145.7,149.6,1016.8,364396,4504,12.75,91,1490,2.79,1.2,27.5,39,65,18.13,12222797,72610,58.22,3427.9,0,1200,400,720,240,4200,7500,8500,102,1.5,6000,0,0,0,0,0,66.65,30,64.04,64.49,57.1,0,0
2026-08-25T00:30:03.705000+09:00,2026-08-24T15:30:03.705000+00:00,094623,1896.1,1,0,0,0,0,13423,499,13423,0,0,0,0,4651,-28608,10326,6,4992,0,129,0,0,0,0,0,0,0,0,0,31082107,2018,0.31,693.69,2589.8,0,51.9,99.9,68,35.7,55.2,518.1,75.2,612.8,156.1,161.9,1008,364396,4504,12.91,88.9,1500,2.86,1.13,23.5,34.6,65,12.75,12222800,72610,76.18,3427.9,0,1200,400,720,240,4200,7500,8500,102,1.5,6000,0,0,0,0,0,63.01,30,67.13,55.34,57.1,0,0
2026-08-25T00:31:03.837000+09:00,2026-08-24T15:31:03.837000+00:00,094623,1605.6,1,0,0,0,0,13423,498,13423,0,0,0,0,4651,-28608,10326,6,4992,0,129,0,0,0,0,0,0,0,0,0,31082107,2018,0.33,552.08,2157.66,0,51.7,96.3,68.2,35.7,55.2,520.9,78,603.2,146.4,150.8,1009,364396,4504,12.67,89.7,1500,2.86,1.13,22.6,36,65,11.31,12222802,72610,55.39,3427.9,0,1200,400,720,240,4200,7500,8500,102,1.5,6000,0,0,0,0,0,63.16,30,55.05,55.65,57.1,0,0
2026-08-25T00:32:03.941000+09:00,2026-08-24T15:32:03.941000+00:00,094623,2556.8,1,0,0,0,0,13423,493,13423,0,0,0,0,4651,-28608,12374,6,4480,0,129,0,0,0,0,0,0,0,0,0,31082107,2018,0.4,1036.71,3593.55,0,51.6,98.3,67.9,35.8,54.9,513.3,75.4,604.7,148.4,152.7,1003,364397,4505,12.69,91.4,1490,2.77,1.2,30,40.5,65,22.8,12222805,72610,57.81,3427.9,0,1200,400,720,240,4200,7500,8500,102,1.5,6000,0,0,0,0,0,69.64,30,67.6,68.57,57.1,0,0
2026-08-25T00:33:04.034000+09:00,2026-08-24T15:33:04.034000+00:00,094623,1852.2,1,0,0,0,0,13423,518,13423,0,0,0,0,4651,-28608,10326,6,4992,0,129,0,0,0,0,0,0,0,0,0,31082107,2018,0.32,715.66,2567.83,0,51.9,99.1,67.8,35.7,55.3,515.2,76.5,609.4,153.7,158.8,1048.1,364397,4505,12.63,88.8,1550,3,1.01,22.3,31.4,65,16.41,12222808,72610,75.77,3427.9,0,1200,400,720,240,4200,7500,8500,102,1.5,6000,0,0,0,0,0,62.62,30,65.08,54.89,57.1,0,0
2026-08-25T00:34:04.158000+09:00,2026-08-24T15:34:04.158000+00:00,094623,1775.3,1,0,0,0,0,13423,519,13423,0,0,0,0,4651,-28608,10326,6,4992,0,129,0,0,0,0,0,0,0,0,0,31082107,2018,0.37,733.97,2509.23,0,51.7,97,68.2,35.7,55.2,515.2,77.3,604.3,146.9,151.1,1031.9,364397,4505,12.86,89.8,1560,2.99,1.04,22.7,32.7,65,16.57,12222810,72610,54.17,3427.9,0,1200,400,720,240,4200,7500,8500,102,1.5,6000,0,0,0,0,0,64.39,30,58.02,57.48,57.1,0,0
2026-08-25T00:35:04.267000+09:00,2026-08-24T15:35:04.267000+00:00,094623,2763.2,1,0,0,0,0,13423,495,13423,0,0,0,0,4651,-28608,10390,6,20864,0,129,0,0,0,0,0,0,0,0,0,31082107,2018,0.39,1120.94,3884.09,0,51.7,98.2,68,35.6,55,512.5,75.3,606.7,152.4,157.3,1033.7,364397,4505,12.64,91.9,1500,2.77,1.17,30.8,39.6,65,24.84,12222813,72610,62.34,3427.9,0,1200,400,720,240,4200,7500,8500,102,1.5,6000,0,0,0,0,0,70.97,30,68.54,71.6,57,0,0
2026-08-25T00:36:04.358000+09:00,2026-08-24T15:36:04.358000+00:00,094623,1659.3,1,0,0,0,0,13423,497,13423,0,0,0,0,4651,-28608,10326,6,4992,0,129,0,0,0,0,0,0,0,0,0,31082107,2018,0.31,578.94,2238.23,0,52,98.8,67.9,35.6,55.4,521.9,73.7,605.7,152.2,157.2,1015.2,364397,4505,12.7,88.7,1500,2.85,1.14,22.9,36,65,11.32,12222816,72610,72.79,3427.9,0,1200,400,720,240,4200,7500,8500,102,1.5,6000,0,0,0,0,0,62.17,30,63.84,53.36,57,0,0
2026-08-25T00:37:04.447000+09:00,2026-08-24T15:37:04.447000+00:00,094623,1667.8,1,0,0,0,0,13423,497,13423,0,0,0,0,4651,-28608,10390,6,21376,528,129,0,0,0,0,0,0,0,0,0,31082107,2018,0.37,626.54,2294.38,0,51.7,96.9,68.1,35.7,55.1,520.2,73.1,601.1,146.6,150.6,1018.5,364397,4505,12.9,90.3,1500,2.85,1.15,23.1,35.9,65,11.05,12222818,72610,55.65,3427.9,0,1200,400,720,240,4200,7500,8500,102,1.5,6000,0,0,0,0,0,62.85,30,56.31,57.63,57,0,0
2026-08-25T00:38:04.571000+09:00,2026-08-24T15:38:04.571000+00:00,094623,2960.0,1,0,0,0,0,13423,502,13423,0,0,0,0,4651,-28608,10326,6,4992,0,129,0,0,0,0,0,0,0,0,0,31082107,2018,0.37,1369.98,4329.97,0,51.7,98.6,67.9,35.6,55,511.7,76.7,609.6,156.8,162.2,1044.4,364398,4506,12.59,91.2,1520,2.82,1.16,31.1,37.6,65,25.34,12222821,72610,65.77,3427.9,0,1200,400,720,240,4200,7500,8500,102,1.5,6000,0,0,0,0,0,70.58,30,69.88,69.83,57,0,0
2026-08-25T00:39:04.665000+09:00,2026-08-24T15:39:04.665000+00:00,094623,1626.3,1,0,0,0,0,13423,499,13423,0,0,0,0,4655,-28608,10342,6,13188,0,129,0,0,0,0,0,0,0,0,0,31082107,2018,0.32,603.35,2229.68,0,51.9,97.2,68,35.5,55.5,518,77.7,606.8,153,157.8,1025,364398,4506,12.65,89,1490,2.88,1.04,21.5,32.4,65,11.69,12222823,72610,67.64,3427.91,0,1200,400,720,240,4200,7500,8500,102,1.5,6000,0,0,0,0,0,62.32,30,58.46,53.86,57,0,0
2026-08-25T00:40:04.759000+09:00,2026-08-24T15:40:04.759000+00:00,094623,1617.8,1,0,0,0,0,13423,513,13423,0,0,0,0,4655,-28608,10326,590,4992,8192,129,0,0,0,0,0,0,0,0,0,31082107,2018,0.39,652.18,2269.97,0,51.6,97.5,68,35.5,55.2,516.2,77,603,147.4,151.5,1011.2,364398,4506,12.71,90,1520,2.94,1.03,21.4,32,65,12.52,12222825,72610,57.76,3427.91,0,1200,400,720,240,4200,7500,8500,102,1.5,6000,0,0,0,0,0,62.69,30,57.88,56.83,57,0,0
2026-08-25T00:41:04.863000+09:00,2026-08-24T15:41:04.863000+00:00,094623,2577.6,1,0,0,0,0,13423,502,13423,0,0,0,0,4651,-28608,10326,6,4992,0,129,0,0,0,0,0,0,0,0,0,31082107,2018,0.34,1109.96,3687.55,0,51.6,99.2,67.9,35.5,55.1,516.7,73.9,614.6,158.4,164.2,1014.4,364398,4506,12.92,90.2,1510,2.84,1.11,28,35.9,65,22.57,12222828,72610,74.36,3427.91,0,1200,400,720,240,4200,7500,8500,102,1.5,6000,0,0,0,0,0,68.69,30,69.83,65.47,57,0,0
2026-08-25T00:42:04.962000+09:00,2026-08-24T15:42:04.962000+00:00,094623,1203.7,1,0,0,0,0,13423,498,13423,0,0,0,0,4651,-28608,10326,6,4992,528,129,0,0,0,0,0,0,0,0,0,31082107,2018,0.31,200.51,1404.16,0,51.7,96.4,68.1,35.5,55.3,522.9,74,607.1,149,153.4,1017.9,364398,4506,12.65,88.9,1470,2.86,0.93,22.7,37.1,65,11.25,12222831,72610,60.66,3427.91,0,1200,400,720,240,4200,7500,8500,102,1.5,6000,0,0,0,0,0,62.7,30,55.73,53.3,57,0,0
2026-08-25T00:43:05.050000+09:00,2026-08-24T15:43:05.050000+00:00,094623,1565.3,1,0,0,0,0,13423,498,13423,0,0,0,0,4651,-28608,10326,6,4992,0,129,0,0,0,0,0,0,0,0,0,31082107,2018,0.39,563.07,2128.36,0,51.4,98,68,35.5,54.9,522.4,76.5,602.3,144.3,148,1021.5,364398,4506,12.74,90.4,1500,2.87,1.14,22.7,36.5,65,11.39,12222833,72610,57.61,3427.91,0,1200,400,720,240,4200,7500,8500,102,1.5,6000,0,0,0,0,0,62.54,30,58.81,57.61,57,0,0
2026-08-25T00:44:05.147000+09:00,2026-08-24T15:44:05.147000+00:00,094623,2458.0,1,0,0,0,0,13423,501,13423,0,0,0,0,4655,-26560,10326,518,4992,0,129,0,0,0,0,0,0,0,0,0,31082107,2018,0.33,972.01,3429.98,0,51.6,99.6,67.8,35.5,54.9,517.6,87.3,611.6,159.2,165.1,1046.9,364399,4507,12.71,89.8,1510,2.85,1.1,26.7,35,65,19.73,12222836,72610,77.32,3427.91,0,1200,400,720,240,4200,7500,8500,102,1.5,6000,0,0,0,0,0,66.53,30,69.23,62.4,57,0,0
2026-08-25T00:45:05.250000+09:00,2026-08-24T15:45:05.250000+00:00,094623,1665.4,1,0,0,0,0,13423,518,13423,0,0,0,0,4651,-28608,10326,6,4992,0,129,0,0,0,0,0,0,0,0,0,31082107,2018,0.32,648.52,2313.91,0,51.7,96.2,68,35.5,55.2,518.4,81.7,601.3,148.2,152.3,1015.7,364399,4507,12.53,89.2,1560,2.98,1.04,22,33.1,65,14.6,12222838,72610,59.34,3427.91,0,1200,400,720,240,4200,7500,8500,102,1.5,6000,0,0,0,0,0,62.99,30,55.81,54.73,57,0,0
2026-08-25T00:46:05.356000+09:00,2026-08-24T15:46:05.356000+00:00,094623,1771.6,1,0,0,0,0,13423,494,13423,0,0,0,0,4651,-28608,10326,6,4480,0,129,0,0,0,0,0,0,0,0,0,31082107,2018,0.41,636.31,2407.91,0,51.5,98.2,68,35.4,54.9,520.3,79.2,601.4,145.1,148.9,1036.9,364399,4507,12.75,90.7,1490,2.81,1.18,24.6,38.4,65,12.81,12222840,72610,57.82,3427.91,0,1200,400,720,240,4200,7500,8500,102,1.5,6000,0,0,0,0,0,63.8,30,61.07,59.92,56.9,0,0
2026-08-25T00:47:05.445000+09:00,2026-08-24T15:47:05.445000+00:00,094623,2190.6,1,0,0,0,0,13423,502,13423,0,0,0,0,4655,-26560,10326,6,4992,528,129,0,0,0,0,0,0,0,0,0,31082107,2018,0.33,870.69,3061.31,0,51.7,99.5,67.8,35.4,55.1,519.6,85.9,614.8,159.9,165.9,1023.9,364399,4507,12.53,89.4,1510,2.88,1.11,25.1,34.2,65,15.34,12222844,72610,78.29,3427.91,0,1200,400,720,240,4200,7500,8500,102,1.5,6000,0,0,0,0,0,64.09,30,67.08,58.8,56.9,0,0
2026-08-25T00:48:05.547000+09:00,2026-08-24T15:48:05.547000+00:00,094623,1642.2,1,0,0,0,0,13423,499,13423,0,0,0,0,4651,-28608,10326,6,4992,0,129,0,0,0,0,0,0,0,0,0,31082107,2018,0.33,610.67,2252.88,0,51.5,96.2,68.2,35.4,55.3,520.4,80.5,605.8,150.2,154.6,993.6,364399,4507,12.67,89.7,1500,2.87,1.13,22.9,35.7,65,11.37,12222846,72610,56.41,3427.92,0,1200,400,720,240,4200,7500,8500,102,1.5,6000,0,0,0,0,0,62.62,30,54.54,55.23,56.9,0,0
2026-08-25T00:49:05.671000+09:00,2026-08-24T15:49:05.671000+00:00,094623,2034.1,1,0,0,0,0,13423,494,13423,0,0,0,0,4651,-28608,10326,6,4480,0,129,0,0,0,0,0,0,0,0,0,31082107,2018,0.4,818.2,2852.26,0,51.4,98.2,68.2,35.4,55,516.2,76.6,603.1,147.3,151.3,994.4,364399,4507,12.61,90.9,1490,2.78,1.19,26.5,38.7,65,16.49,12222848,72610,61.43,3427.92,0,1200,400,720,240,4200,7500,8500,102,1.5,6000,0,0,0,0,0,66.46,30,63.36,63.09,56.9,0,0
2026-08-25T00:50:05.768000+09:00,2026-08-24T15:50:05.768000+00:00,094623,1952.3,1,0,0,0,0,13423,499,13423,0,0,0,0,4651,-28608,10326,518,4992,0,129,0,0,0,0,0,0,0,0,0,31082107,2018,0.31,705.89,2658.16,0,51.7,99.7,67.9,35.4,55.3,520.5,79.8,610.7,157.9,163.3,1025.3,364400,4508,11.81,89,1500,2.86,1.11,23.8,34.7,65,13.31,12222852,72610,78.11,3427.92,0,1200,400,720,240,4200,7500,8500,102,1.5,6000,0,0,0,0,0,63.34,30,66.69,56.06,56.9,0,0
2026-08-25T00:51:05.871000+09:00,2026-08-24T15:51:05.871000+00:00,094623,1702.0,1,0,0,0,0,13423,517,13423,0,0,0,0,4655,-28608,10326,6,4992,0,129,0,0,0,0,0,0,0,0,0,31082107,2018,0.35,686.36,2388.38,0,51.4,96.5,68.2,35.4,55.2,517.6,76.9,601.9,146.7,150.5,1007.5,364400,4508,12.12,90,1550,2.98,1.04,21.8,32.2,65,15.84,12222854,72610,55.57,3427.92,0,1200,400,720,240,4200,7500,8500,102,1.5,6000,0,0,0,0,0,63.33,30,55.39,56.72,56.9,0,0
